Mon Nov 10 05:45:36 PM EST 2025: Running rsem quantification
Mon Nov 10 05:45:36 PM EST 2025: ulimit set to 65536
2025-11-10 17:45:37,866 | INFO | __main__: Running RSEM command rsem-calculate-expression --bam --estimate-rspd --calc-ci --seed 42 -p 44 --no-bam-output --ci-memory 128000 --forward-prob 0 --paired-end results/align/ER100012/ER100012_anno.bam results/rsem_index/rsem results/rsem_quant/ER100012
rsem-parse-alignments results/rsem_index/rsem results/rsem_quant/ER100012.temp/ER100012 results/rsem_quant/ER100012.stat/ER100012 results/align/ER100012/ER100012_anno.bam 3 -tag XM
Parsed 1000000 entries
Parsed 2000000 entries
Parsed 3000000 entries
Parsed 4000000 entries
Parsed 5000000 entries
Parsed 6000000 entries
Parsed 7000000 entries
Parsed 8000000 entries
Parsed 9000000 entries
Parsed 10000000 entries
Parsed 11000000 entries
Parsed 12000000 entries
Parsed 13000000 entries
Parsed 14000000 entries
Parsed 15000000 entries
Parsed 16000000 entries
Parsed 17000000 entries
Parsed 18000000 entries
Parsed 19000000 entries
Parsed 20000000 entries
Parsed 21000000 entries
Parsed 22000000 entries
Parsed 23000000 entries
Parsed 24000000 entries
Parsed 25000000 entries
Parsed 26000000 entries
Parsed 27000000 entries
Parsed 28000000 entries
Parsed 29000000 entries
Parsed 30000000 entries
Parsed 31000000 entries
Parsed 32000000 entries
Parsed 33000000 entries
Parsed 34000000 entries
Parsed 35000000 entries
Parsed 36000000 entries
Parsed 37000000 entries
Parsed 38000000 entries
Parsed 39000000 entries
Parsed 40000000 entries
Parsed 41000000 entries
Parsed 42000000 entries
Parsed 43000000 entries
Parsed 44000000 entries
Parsed 45000000 entries
Parsed 46000000 entries
Parsed 47000000 entries
Parsed 48000000 entries
Parsed 49000000 entries
Parsed 50000000 entries
Parsed 51000000 entries
Parsed 52000000 entries
Parsed 53000000 entries
Parsed 54000000 entries
Parsed 55000000 entries
Parsed 56000000 entries
Parsed 57000000 entries
Parsed 58000000 entries
Parsed 59000000 entries
Parsed 60000000 entries
Parsed 61000000 entries
Parsed 62000000 entries
Parsed 63000000 entries
Parsed 64000000 entries
Parsed 65000000 entries
Parsed 66000000 entries
Parsed 67000000 entries
Parsed 68000000 entries
Parsed 69000000 entries
Parsed 70000000 entries
Parsed 71000000 entries
Parsed 72000000 entries
Parsed 73000000 entries
Parsed 74000000 entries
Parsed 75000000 entries
Parsed 76000000 entries
Parsed 77000000 entries
Parsed 78000000 entries
Parsed 79000000 entries
Parsed 80000000 entries
Parsed 81000000 entries
Parsed 82000000 entries
Parsed 83000000 entries
Parsed 84000000 entries
Parsed 85000000 entries
Parsed 86000000 entries
Parsed 87000000 entries
Parsed 88000000 entries
Parsed 89000000 entries
Parsed 90000000 entries
Parsed 91000000 entries
Parsed 92000000 entries
Parsed 93000000 entries
Parsed 94000000 entries
Parsed 95000000 entries
Parsed 96000000 entries
Parsed 97000000 entries
Parsed 98000000 entries
Parsed 99000000 entries
Parsed 100000000 entries
Parsed 101000000 entries
Parsed 102000000 entries
Done!

rsem-build-read-index 32 1 0 results/rsem_quant/ER100012.temp/ER100012_alignable_1.fq results/rsem_quant/ER100012.temp/ER100012_alignable_2.fq
FIN 1000000
FIN 2000000
FIN 3000000
FIN 4000000
FIN 5000000
FIN 6000000
FIN 7000000
FIN 8000000
FIN 9000000
FIN 10000000
FIN 11000000
Build Index results/rsem_quant/ER100012.temp/ER100012_alignable_1.fq is Done!
FIN 1000000
FIN 2000000
FIN 3000000
FIN 4000000
FIN 5000000
FIN 6000000
FIN 7000000
FIN 8000000
FIN 9000000
FIN 10000000
FIN 11000000
Build Index results/rsem_quant/ER100012.temp/ER100012_alignable_2.fq is Done!

rsem-run-em results/rsem_index/rsem 3 results/rsem_quant/ER100012 results/rsem_quant/ER100012.temp/ER100012 results/rsem_quant/ER100012.stat/ER100012 -p 44 --gibbs-out
Refs.loadRefs finished!
Thread 0 : N = 266701, NHit = 2319713
Thread 1 : N = 265432, NHit = 2319711
DAT 11000000 reads left
Thread 2 : N = 265960, NHit = 2319721
Thread 3 : N = 267239, NHit = 2319710
Thread 4 : N = 267374, NHit = 2319724
Thread 5 : N = 266112, NHit = 2319744
DAT 10000000 reads left
Thread 6 : N = 265430, NHit = 2319717
Thread 7 : N = 267078, NHit = 2319711
Thread 8 : N = 265122, NHit = 2319716
Thread 9 : N = 266475, NHit = 2319710
DAT 9000000 reads left
Thread 10 : N = 266947, NHit = 2319707
Thread 11 : N = 266267, NHit = 2319708
Thread 12 : N = 266200, NHit = 2319711
DAT 8000000 reads left
Thread 13 : N = 265633, NHit = 2319707
Thread 14 : N = 265660, NHit = 2319707
Thread 15 : N = 265945, NHit = 2319753
Thread 16 : N = 267062, NHit = 2319710
DAT 7000000 reads left
Thread 17 : N = 265286, NHit = 2319708
Thread 18 : N = 266774, NHit = 2319707
Thread 19 : N = 266979, NHit = 2319709
Thread 20 : N = 266596, NHit = 2319710
DAT 6000000 reads left
Thread 21 : N = 267179, NHit = 2319709
Thread 22 : N = 265637, NHit = 2319707
Thread 23 : N = 265368, NHit = 2319709
Thread 24 : N = 266800, NHit = 2319708
DAT 5000000 reads left
Thread 25 : N = 264970, NHit = 2319729
Thread 26 : N = 264555, NHit = 2319750
Thread 27 : N = 266021, NHit = 2319707
DAT 4000000 reads left
Thread 28 : N = 265979, NHit = 2319718
Thread 29 : N = 266784, NHit = 2319717
Thread 30 : N = 265709, NHit = 2319710
Thread 31 : N = 265026, NHit = 2319855
DAT 3000000 reads left
Thread 32 : N = 266032, NHit = 2319720
Thread 33 : N = 264532, NHit = 2319715
Thread 34 : N = 266877, NHit = 2319720
Thread 35 : N = 265772, NHit = 2319708
DAT 2000000 reads left
Thread 36 : N = 265223, NHit = 2319711
Thread 37 : N = 265643, NHit = 2319726
Thread 38 : N = 265598, NHit = 2319716
Thread 39 : N = 265025, NHit = 2319708
DAT 1000000 reads left
Thread 40 : N = 266124, NHit = 2319726
Thread 41 : N = 266927, NHit = 2319707
Thread 42 : N = 265932, NHit = 2319721
Thread 43 : N = 265275, NHit = 2319228
EM_init finished!
estimateFromReads, N0 finished.
1000000 READS PROCESSED
2000000 READS PROCESSED
3000000 READS PROCESSED
4000000 READS PROCESSED
5000000 READS PROCESSED
6000000 READS PROCESSED
7000000 READS PROCESSED
8000000 READS PROCESSED
9000000 READS PROCESSED
10000000 READS PROCESSED
11000000 READS PROCESSED
estimateFromReads, N1 finished.
ROUND = 1, SUM = 12249288.9999999, bChange = 10543.5, totNum = 279931
ROUND = 2, SUM = 12249289.0000001, bChange = 1.14336, totNum = 148064
ROUND = 3, SUM = 12249289, bChange = 0.96412, totNum = 143030
ROUND = 4, SUM = 12249288.9999999, bChange = 0.887762, totNum = 139141
ROUND = 5, SUM = 12249289, bChange = 0.761778, totNum = 135408
ROUND = 6, SUM = 12249288.9999999, bChange = 0.721781, totNum = 131730
ROUND = 7, SUM = 12249288.9999999, bChange = 0.66818, totNum = 128388
ROUND = 8, SUM = 12249288.9999999, bChange = 0.617525, totNum = 125106
ROUND = 9, SUM = 12249289, bChange = 0.587921, totNum = 122050
ROUND = 10, SUM = 12249289, bChange = 0.591531, totNum = 119113
ROUND = 11, SUM = 12249288.9999999, bChange = 0.556029, totNum = 116202
ROUND = 12, SUM = 12249289.0000001, bChange = 0.485743, totNum = 113214
ROUND = 13, SUM = 12249289, bChange = 0.492657, totNum = 110423
ROUND = 14, SUM = 12249289, bChange = 0.443473, totNum = 107797
ROUND = 15, SUM = 12249289, bChange = 0.446579, totNum = 105230
ROUND = 16, SUM = 12249288.9999999, bChange = 0.440129, totNum = 103083
ROUND = 17, SUM = 12249288.9999997, bChange = 0.35976, totNum = 100723
ROUND = 18, SUM = 12249288.9999999, bChange = 0.359708, totNum = 98511
ROUND = 19, SUM = 12249288.9999999, bChange = 0.35586, totNum = 96341
ROUND = 20, SUM = 12249288.9999999, bChange = 0.357972, totNum = 94271
ROUND = 21, SUM = 12249288.9999999, bChange = 0.316309, totNum = 92324
ROUND = 22, SUM = 12249288.9999999, bChange = 0.317033, totNum = 90470
ROUND = 23, SUM = 12249288.9999999, bChange = 0.31768, totNum = 88704
ROUND = 24, SUM = 12249288.9999999, bChange = 0.318258, totNum = 86970
ROUND = 25, SUM = 12249289.0000001, bChange = 0.300433, totNum = 85260
ROUND = 26, SUM = 12249288.9999999, bChange = 0.280756, totNum = 83593
ROUND = 27, SUM = 12249288.9999999, bChange = 0.281811, totNum = 82004
ROUND = 28, SUM = 12249288.9999997, bChange = 0.236695, totNum = 80435
ROUND = 29, SUM = 12249288.9999997, bChange = 0.242053, totNum = 78940
ROUND = 30, SUM = 12249288.9999998, bChange = 0.247158, totNum = 77526
ROUND = 31, SUM = 12249288.9999999, bChange = 0.252008, totNum = 76142
ROUND = 32, SUM = 12249289, bChange = 0.222266, totNum = 74777
ROUND = 33, SUM = 12249288.9999999, bChange = 0.226236, totNum = 73386
ROUND = 34, SUM = 12249289, bChange = 0.22998, totNum = 72035
ROUND = 35, SUM = 12249288.9999999, bChange = 0.209738, totNum = 70781
ROUND = 36, SUM = 12249288.9999999, bChange = 0.204766, totNum = 69590
ROUND = 37, SUM = 12249288.9999999, bChange = 0.205819, totNum = 68377
ROUND = 38, SUM = 12249288.9999998, bChange = 0.206785, totNum = 67204
ROUND = 39, SUM = 12249288.9999999, bChange = 0.207669, totNum = 65973
ROUND = 40, SUM = 12249288.9999998, bChange = 0.208476, totNum = 64810
ROUND = 41, SUM = 12249288.9999998, bChange = 0.209212, totNum = 63629
ROUND = 42, SUM = 12249288.9999998, bChange = 0.209881, totNum = 62550
ROUND = 43, SUM = 12249288.9999999, bChange = 0.182821, totNum = 61557
ROUND = 44, SUM = 12249288.9999999, bChange = 0.183105, totNum = 60522
ROUND = 45, SUM = 12249288.9999999, bChange = 0.183695, totNum = 59561
ROUND = 46, SUM = 12249288.9999998, bChange = 0.184243, totNum = 58562
ROUND = 47, SUM = 12249288.9999999, bChange = 0.162057, totNum = 57584
ROUND = 48, SUM = 12249288.9999998, bChange = 0.154687, totNum = 56681
ROUND = 49, SUM = 12249288.9999999, bChange = 0.153007, totNum = 55739
ROUND = 50, SUM = 12249288.9999999, bChange = 0.153453, totNum = 54857
ROUND = 51, SUM = 12249288.9999999, bChange = 0.153877, totNum = 53939
ROUND = 52, SUM = 12249288.9999999, bChange = 0.154281, totNum = 53039
ROUND = 53, SUM = 12249288.9999999, bChange = 0.154669, totNum = 52203
ROUND = 54, SUM = 12249288.9999999, bChange = 0.155041, totNum = 51381
ROUND = 55, SUM = 12249288.9999999, bChange = 0.155399, totNum = 50501
ROUND = 56, SUM = 12249288.9999998, bChange = 0.155746, totNum = 49739
ROUND = 57, SUM = 12249288.9999998, bChange = 0.137494, totNum = 48906
ROUND = 58, SUM = 12249288.9999998, bChange = 0.137652, totNum = 48072
ROUND = 59, SUM = 12249288.9999999, bChange = 0.137797, totNum = 47338
ROUND = 60, SUM = 12249288.9999999, bChange = 0.137929, totNum = 46584
ROUND = 61, SUM = 12249288.9999998, bChange = 0.12927, totNum = 45875
ROUND = 62, SUM = 12249289, bChange = 0.129661, totNum = 45147
ROUND = 63, SUM = 12249288.9999998, bChange = 0.130041, totNum = 44478
ROUND = 64, SUM = 12249288.9999998, bChange = 0.205345, totNum = 43774
ROUND = 65, SUM = 12249288.9999999, bChange = 0.174741, totNum = 43097
ROUND = 66, SUM = 12249288.9999998, bChange = 0.145906, totNum = 42437
ROUND = 67, SUM = 12249288.9999999, bChange = 0.120097, totNum = 41784
ROUND = 68, SUM = 12249288.9999998, bChange = 0.116183, totNum = 41153
ROUND = 69, SUM = 12249288.9999999, bChange = 0.116446, totNum = 40539
ROUND = 70, SUM = 12249288.9999998, bChange = 0.116698, totNum = 39921
ROUND = 71, SUM = 12249288.9999998, bChange = 0.11694, totNum = 39300
ROUND = 72, SUM = 12249288.9999997, bChange = 0.117172, totNum = 38711
ROUND = 73, SUM = 12249288.9999997, bChange = 0.117395, totNum = 38160
ROUND = 74, SUM = 12249288.9999998, bChange = 0.117609, totNum = 37575
ROUND = 75, SUM = 12249288.9999997, bChange = 0.117815, totNum = 36986
ROUND = 76, SUM = 12249288.9999999, bChange = 0.102481, totNum = 36451
ROUND = 77, SUM = 12249288.9999999, bChange = 0.101939, totNum = 35872
ROUND = 78, SUM = 12249288.9999999, bChange = 0.10203, totNum = 35341
ROUND = 79, SUM = 12249288.9999998, bChange = 0.102116, totNum = 34839
ROUND = 80, SUM = 12249288.9999997, bChange = 0.101807, totNum = 34356
ROUND = 81, SUM = 12249288.9999998, bChange = 0.102006, totNum = 33879
ROUND = 82, SUM = 12249288.9999998, bChange = 0.102196, totNum = 33385
ROUND = 83, SUM = 12249288.9999997, bChange = 0.102377, totNum = 32904
ROUND = 84, SUM = 12249288.9999998, bChange = 0.201512, totNum = 32442
ROUND = 85, SUM = 12249288.9999998, bChange = 0.186879, totNum = 31988
ROUND = 86, SUM = 12249288.9999997, bChange = 0.171065, totNum = 31537
ROUND = 87, SUM = 12249288.9999998, bChange = 0.154869, totNum = 31114
ROUND = 88, SUM = 12249288.9999998, bChange = 0.138969, totNum = 30652
ROUND = 89, SUM = 12249288.9999997, bChange = 0.12387, totNum = 30262
ROUND = 90, SUM = 12249288.9999997, bChange = 0.109893, totNum = 29839
ROUND = 91, SUM = 12249288.9999998, bChange = 0.100855, totNum = 29458
ROUND = 92, SUM = 12249288.9999998, bChange = 0.100826, totNum = 29047
ROUND = 93, SUM = 12249288.9999997, bChange = 0.104366, totNum = 28643
ROUND = 94, SUM = 12249288.9999998, bChange = 0.107149, totNum = 28256
ROUND = 95, SUM = 12249288.9999998, bChange = 0.100739, totNum = 27922
ROUND = 96, SUM = 12249288.9999997, bChange = 0.082639, totNum = 27562
ROUND = 97, SUM = 12249288.9999998, bChange = 0.0828232, totNum = 27227
ROUND = 98, SUM = 12249288.9999999, bChange = 0.0830002, totNum = 26869
ROUND = 99, SUM = 12249288.9999998, bChange = 0.0831704, totNum = 26502
ROUND = 100, SUM = 12249288.9999998, bChange = 0.0763627, totNum = 26147
ROUND = 101, SUM = 12249288.9999999, bChange = 0.0763904, totNum = 25803
ROUND = 102, SUM = 12249288.9999999, bChange = 0.0764169, totNum = 25449
ROUND = 103, SUM = 12249288.9999997, bChange = 0.0764423, totNum = 25101
ROUND = 104, SUM = 12249288.9999997, bChange = 0.0764668, totNum = 24797
ROUND = 105, SUM = 12249288.9999998, bChange = 0.0764902, totNum = 24462
ROUND = 106, SUM = 12249288.9999998, bChange = 0.0765127, totNum = 24170
ROUND = 107, SUM = 12249288.9999998, bChange = 0.0765344, totNum = 23859
ROUND = 108, SUM = 12249288.9999998, bChange = 0.0739026, totNum = 23582
ROUND = 109, SUM = 12249288.9999998, bChange = 0.0739581, totNum = 23289
ROUND = 110, SUM = 12249288.9999998, bChange = 0.074011, totNum = 23000
ROUND = 111, SUM = 12249288.9999997, bChange = 0.0693531, totNum = 22672
ROUND = 112, SUM = 12249288.9999997, bChange = 0.0693642, totNum = 22403
ROUND = 113, SUM = 12249288.9999998, bChange = 0.0693749, totNum = 22129
ROUND = 114, SUM = 12249288.9999998, bChange = 0.0693852, totNum = 21885
ROUND = 115, SUM = 12249288.9999997, bChange = 0.0693951, totNum = 21634
ROUND = 116, SUM = 12249288.9999999, bChange = 0.0694047, totNum = 21377
ROUND = 117, SUM = 12249288.9999998, bChange = 0.069414, totNum = 21115
ROUND = 118, SUM = 12249288.9999998, bChange = 0.0694229, totNum = 20878
ROUND = 119, SUM = 12249288.9999998, bChange = 0.0694316, totNum = 20624
ROUND = 120, SUM = 12249288.9999998, bChange = 0.0694399, totNum = 20398
ROUND = 121, SUM = 12249288.9999998, bChange = 0.0694479, totNum = 20130
ROUND = 122, SUM = 12249288.9999999, bChange = 0.0694557, totNum = 19863
ROUND = 123, SUM = 12249288.9999998, bChange = 0.0694632, totNum = 19637
ROUND = 124, SUM = 12249288.9999997, bChange = 0.0694704, totNum = 19395
ROUND = 125, SUM = 12249288.9999998, bChange = 0.0694774, totNum = 19197
ROUND = 126, SUM = 12249288.9999998, bChange = 0.0694842, totNum = 18966
ROUND = 127, SUM = 12249288.9999998, bChange = 0.0694907, totNum = 18743
ROUND = 128, SUM = 12249288.9999998, bChange = 0.0674728, totNum = 18517
ROUND = 129, SUM = 12249288.9999998, bChange = 0.0674934, totNum = 18314
ROUND = 130, SUM = 12249288.9999999, bChange = 0.067513, totNum = 18090
ROUND = 131, SUM = 12249288.9999999, bChange = 0.0675317, totNum = 17864
ROUND = 132, SUM = 12249288.9999998, bChange = 0.0675495, totNum = 17666
ROUND = 133, SUM = 12249288.9999999, bChange = 0.0675665, totNum = 17497
ROUND = 134, SUM = 12249288.9999999, bChange = 0.0675827, totNum = 17303
ROUND = 135, SUM = 12249288.9999997, bChange = 0.0675981, totNum = 17106
ROUND = 136, SUM = 12249288.9999998, bChange = 0.0676129, totNum = 16919
ROUND = 137, SUM = 12249288.9999998, bChange = 0.0628051, totNum = 16707
ROUND = 138, SUM = 12249288.9999998, bChange = 0.0628189, totNum = 16554
ROUND = 139, SUM = 12249288.9999998, bChange = 0.062832, totNum = 16385
ROUND = 140, SUM = 12249288.9999998, bChange = 0.0628446, totNum = 16201
ROUND = 141, SUM = 12249288.9999998, bChange = 0.0628565, totNum = 16051
ROUND = 142, SUM = 12249288.9999997, bChange = 0.062868, totNum = 15888
ROUND = 143, SUM = 12249288.9999997, bChange = 0.0628789, totNum = 15723
ROUND = 144, SUM = 12249288.9999998, bChange = 0.0628893, totNum = 15558
ROUND = 145, SUM = 12249288.9999997, bChange = 0.0628992, totNum = 15388
ROUND = 146, SUM = 12249288.9999997, bChange = 0.0629087, totNum = 15218
ROUND = 147, SUM = 12249288.9999999, bChange = 0.0567696, totNum = 15043
ROUND = 148, SUM = 12249288.9999997, bChange = 0.055207, totNum = 14883
ROUND = 149, SUM = 12249288.9999998, bChange = 0.0552138, totNum = 14731
ROUND = 150, SUM = 12249288.9999997, bChange = 0.0552203, totNum = 14573
ROUND = 151, SUM = 12249288.9999998, bChange = 0.0552265, totNum = 14424
ROUND = 152, SUM = 12249288.9999997, bChange = 0.0552326, totNum = 14284
ROUND = 153, SUM = 12249288.9999998, bChange = 0.0552384, totNum = 14129
ROUND = 154, SUM = 12249288.9999997, bChange = 0.0552441, totNum = 13981
ROUND = 155, SUM = 12249288.9999997, bChange = 0.0552495, totNum = 13840
ROUND = 156, SUM = 12249288.9999998, bChange = 0.0552548, totNum = 13684
ROUND = 157, SUM = 12249288.9999997, bChange = 0.0552599, totNum = 13553
ROUND = 158, SUM = 12249288.9999998, bChange = 0.0552648, totNum = 13435
ROUND = 159, SUM = 12249288.9999997, bChange = 0.0552695, totNum = 13288
ROUND = 160, SUM = 12249288.9999999, bChange = 0.0552741, totNum = 13137
ROUND = 161, SUM = 12249288.9999997, bChange = 0.0516779, totNum = 13016
ROUND = 162, SUM = 12249288.9999998, bChange = 0.0516827, totNum = 12902
ROUND = 163, SUM = 12249288.9999999, bChange = 0.0516873, totNum = 12778
ROUND = 164, SUM = 12249288.9999999, bChange = 0.0516917, totNum = 12664
ROUND = 165, SUM = 12249288.9999998, bChange = 0.0516959, totNum = 12541
ROUND = 166, SUM = 12249288.9999997, bChange = 0.0516999, totNum = 12394
ROUND = 167, SUM = 12249288.9999997, bChange = 0.0517038, totNum = 12264
ROUND = 168, SUM = 12249288.9999998, bChange = 0.0517075, totNum = 12154
ROUND = 169, SUM = 12249288.9999999, bChange = 0.0517111, totNum = 12039
ROUND = 170, SUM = 12249288.9999998, bChange = 0.0517145, totNum = 11898
ROUND = 171, SUM = 12249288.9999997, bChange = 0.0517178, totNum = 11786
ROUND = 172, SUM = 12249288.9999997, bChange = 0.051721, totNum = 11676
ROUND = 173, SUM = 12249288.9999997, bChange = 0.051724, totNum = 11571
ROUND = 174, SUM = 12249288.9999999, bChange = 0.0517269, totNum = 11466
ROUND = 175, SUM = 12249288.9999998, bChange = 0.0517297, totNum = 11358
ROUND = 176, SUM = 12249288.9999997, bChange = 0.0517324, totNum = 11253
ROUND = 177, SUM = 12249288.9999998, bChange = 0.051735, totNum = 11159
ROUND = 178, SUM = 12249288.9999998, bChange = 0.0517375, totNum = 11061
ROUND = 179, SUM = 12249288.9999997, bChange = 0.0517399, totNum = 10952
ROUND = 180, SUM = 12249288.9999998, bChange = 0.0429974, totNum = 10857
ROUND = 181, SUM = 12249288.9999998, bChange = 0.0429855, totNum = 10770
ROUND = 182, SUM = 12249288.9999998, bChange = 0.0429738, totNum = 10675
ROUND = 183, SUM = 12249288.9999998, bChange = 0.0429622, totNum = 10578
ROUND = 184, SUM = 12249288.9999998, bChange = 0.0429509, totNum = 10497
ROUND = 185, SUM = 12249288.9999998, bChange = 0.0429397, totNum = 10400
ROUND = 186, SUM = 12249288.9999998, bChange = 0.0429286, totNum = 10319
ROUND = 187, SUM = 12249288.9999998, bChange = 0.0429177, totNum = 10221
ROUND = 188, SUM = 12249288.9999998, bChange = 0.042907, totNum = 10142
ROUND = 189, SUM = 12249288.9999997, bChange = 0.0428964, totNum = 10069
ROUND = 190, SUM = 12249288.9999997, bChange = 0.042886, totNum = 9995
ROUND = 191, SUM = 12249288.9999998, bChange = 0.0428757, totNum = 9913
ROUND = 192, SUM = 12249288.9999999, bChange = 0.0398636, totNum = 9818
ROUND = 193, SUM = 12249288.9999997, bChange = 0.0398886, totNum = 9748
ROUND = 194, SUM = 12249288.9999998, bChange = 0.0399132, totNum = 9669
ROUND = 195, SUM = 12249288.9999998, bChange = 0.0399374, totNum = 9582
ROUND = 196, SUM = 12249288.9999997, bChange = 0.0399613, totNum = 9517
ROUND = 197, SUM = 12249288.9999996, bChange = 0.0399848, totNum = 9459
ROUND = 198, SUM = 12249288.9999998, bChange = 0.040008, totNum = 9356
ROUND = 199, SUM = 12249288.9999997, bChange = 0.0400308, totNum = 9276
ROUND = 200, SUM = 12249288.9999998, bChange = 0.0400532, totNum = 9202
ROUND = 201, SUM = 12249288.9999999, bChange = 0.0400754, totNum = 9125
ROUND = 202, SUM = 12249288.9999997, bChange = 0.0431146, totNum = 9056
ROUND = 203, SUM = 12249288.9999998, bChange = 0.041885, totNum = 8990
ROUND = 204, SUM = 12249288.9999998, bChange = 0.0406683, totNum = 8919
ROUND = 205, SUM = 12249288.9999998, bChange = 0.0401606, totNum = 8842
ROUND = 206, SUM = 12249288.9999997, bChange = 0.0401811, totNum = 8770
ROUND = 207, SUM = 12249288.9999997, bChange = 0.0372605, totNum = 8700
ROUND = 208, SUM = 12249288.9999998, bChange = 0.0372622, totNum = 8633
ROUND = 209, SUM = 12249288.9999998, bChange = 0.0372639, totNum = 8571
ROUND = 210, SUM = 12249288.9999998, bChange = 0.0372655, totNum = 8502
ROUND = 211, SUM = 12249288.9999998, bChange = 0.0372671, totNum = 8425
ROUND = 212, SUM = 12249288.9999997, bChange = 0.0372687, totNum = 8356
ROUND = 213, SUM = 12249288.9999999, bChange = 0.0372702, totNum = 8289
ROUND = 214, SUM = 12249288.9999998, bChange = 0.0372716, totNum = 8233
ROUND = 215, SUM = 12249288.9999998, bChange = 0.0372731, totNum = 8174
ROUND = 216, SUM = 12249288.9999999, bChange = 0.0372744, totNum = 8108
ROUND = 217, SUM = 12249288.9999998, bChange = 0.0372758, totNum = 8045
ROUND = 218, SUM = 12249288.9999999, bChange = 0.0372771, totNum = 7985
ROUND = 219, SUM = 12249288.9999997, bChange = 0.0372784, totNum = 7928
ROUND = 220, SUM = 12249288.9999998, bChange = 0.0372797, totNum = 7861
ROUND = 221, SUM = 12249288.9999999, bChange = 0.0372809, totNum = 7806
ROUND = 222, SUM = 12249288.9999998, bChange = 0.0372821, totNum = 7741
ROUND = 223, SUM = 12249288.9999998, bChange = 0.0372833, totNum = 7665
ROUND = 224, SUM = 12249288.9999998, bChange = 0.0372844, totNum = 7610
ROUND = 225, SUM = 12249288.9999997, bChange = 0.0372855, totNum = 7557
ROUND = 226, SUM = 12249288.9999998, bChange = 0.0346512, totNum = 7501
ROUND = 227, SUM = 12249288.9999998, bChange = 0.0346581, totNum = 7449
ROUND = 228, SUM = 12249288.9999997, bChange = 0.0346648, totNum = 7397
ROUND = 229, SUM = 12249288.9999997, bChange = 0.0346713, totNum = 7359
ROUND = 230, SUM = 12249288.9999999, bChange = 0.0338419, totNum = 7296
ROUND = 231, SUM = 12249288.9999998, bChange = 0.0338418, totNum = 7244
ROUND = 232, SUM = 12249288.9999997, bChange = 0.0338418, totNum = 7197
ROUND = 233, SUM = 12249288.9999998, bChange = 0.0338417, totNum = 7150
ROUND = 234, SUM = 12249288.9999998, bChange = 0.0338416, totNum = 7100
ROUND = 235, SUM = 12249288.9999999, bChange = 0.0338416, totNum = 7056
ROUND = 236, SUM = 12249288.9999998, bChange = 0.0338415, totNum = 7013
ROUND = 237, SUM = 12249288.9999998, bChange = 0.0338415, totNum = 6937
ROUND = 238, SUM = 12249288.9999998, bChange = 0.0338414, totNum = 6892
ROUND = 239, SUM = 12249288.9999998, bChange = 0.0338414, totNum = 6846
ROUND = 240, SUM = 12249288.9999997, bChange = 0.0338413, totNum = 6794
ROUND = 241, SUM = 12249288.9999997, bChange = 0.0338413, totNum = 6746
ROUND = 242, SUM = 12249288.9999997, bChange = 0.0338412, totNum = 6700
ROUND = 243, SUM = 12249288.9999998, bChange = 0.0338412, totNum = 6652
ROUND = 244, SUM = 12249288.9999997, bChange = 0.0338411, totNum = 6596
ROUND = 245, SUM = 12249288.9999998, bChange = 0.0338411, totNum = 6552
ROUND = 246, SUM = 12249288.9999998, bChange = 0.033841, totNum = 6511
ROUND = 247, SUM = 12249288.9999998, bChange = 0.033841, totNum = 6458
ROUND = 248, SUM = 12249288.9999998, bChange = 0.033841, totNum = 6410
ROUND = 249, SUM = 12249288.9999998, bChange = 0.0338409, totNum = 6362
ROUND = 250, SUM = 12249288.9999997, bChange = 0.0338409, totNum = 6315
ROUND = 251, SUM = 12249288.9999998, bChange = 0.0338409, totNum = 6267
ROUND = 252, SUM = 12249288.9999998, bChange = 0.0338408, totNum = 6231
ROUND = 253, SUM = 12249288.9999998, bChange = 0.0338408, totNum = 6190
ROUND = 254, SUM = 12249288.9999997, bChange = 0.0338408, totNum = 6147
ROUND = 255, SUM = 12249288.9999999, bChange = 0.0338407, totNum = 6108
ROUND = 256, SUM = 12249288.9999997, bChange = 0.0338407, totNum = 6070
ROUND = 257, SUM = 12249288.9999998, bChange = 0.0338407, totNum = 6012
ROUND = 258, SUM = 12249288.9999997, bChange = 0.0338406, totNum = 5973
ROUND = 259, SUM = 12249288.9999998, bChange = 0.0338406, totNum = 5931
ROUND = 260, SUM = 12249288.9999998, bChange = 0.0338406, totNum = 5892
ROUND = 261, SUM = 12249288.9999998, bChange = 0.0338406, totNum = 5855
ROUND = 262, SUM = 12249288.9999998, bChange = 0.0338405, totNum = 5830
ROUND = 263, SUM = 12249288.9999998, bChange = 0.0338405, totNum = 5796
ROUND = 264, SUM = 12249288.9999998, bChange = 0.0338405, totNum = 5764
ROUND = 265, SUM = 12249288.9999998, bChange = 0.0338405, totNum = 5730
ROUND = 266, SUM = 12249288.9999998, bChange = 0.0338404, totNum = 5692
ROUND = 267, SUM = 12249288.9999998, bChange = 0.0338404, totNum = 5659
ROUND = 268, SUM = 12249288.9999998, bChange = 0.0338404, totNum = 5616
ROUND = 269, SUM = 12249288.9999998, bChange = 0.0338404, totNum = 5581
ROUND = 270, SUM = 12249288.9999998, bChange = 0.0289193, totNum = 5539
ROUND = 271, SUM = 12249288.9999998, bChange = 0.0289196, totNum = 5501
ROUND = 272, SUM = 12249288.9999998, bChange = 0.0289198, totNum = 5473
ROUND = 273, SUM = 12249288.9999998, bChange = 0.02892, totNum = 5436
ROUND = 274, SUM = 12249288.9999998, bChange = 0.0289202, totNum = 5395
ROUND = 275, SUM = 12249288.9999998, bChange = 0.0289204, totNum = 5360
ROUND = 276, SUM = 12249288.9999997, bChange = 0.0289206, totNum = 5322
ROUND = 277, SUM = 12249288.9999997, bChange = 0.0289208, totNum = 5284
ROUND = 278, SUM = 12249288.9999998, bChange = 0.028921, totNum = 5244
ROUND = 279, SUM = 12249288.9999998, bChange = 0.0289212, totNum = 5203
ROUND = 280, SUM = 12249288.9999998, bChange = 0.0289213, totNum = 5167
ROUND = 281, SUM = 12249288.9999998, bChange = 0.0289215, totNum = 5129
ROUND = 282, SUM = 12249288.9999997, bChange = 0.0289217, totNum = 5089
ROUND = 283, SUM = 12249288.9999998, bChange = 0.0289218, totNum = 5052
ROUND = 284, SUM = 12249288.9999999, bChange = 0.028922, totNum = 5018
ROUND = 285, SUM = 12249288.9999998, bChange = 0.0289221, totNum = 4984
ROUND = 286, SUM = 12249288.9999998, bChange = 0.0289223, totNum = 4960
ROUND = 287, SUM = 12249288.9999999, bChange = 0.0289224, totNum = 4924
ROUND = 288, SUM = 12249288.9999998, bChange = 0.0289226, totNum = 4902
ROUND = 289, SUM = 12249288.9999999, bChange = 0.0289227, totNum = 4869
ROUND = 290, SUM = 12249288.9999999, bChange = 0.0289228, totNum = 4840
ROUND = 291, SUM = 12249288.9999998, bChange = 0.028923, totNum = 4818
ROUND = 292, SUM = 12249288.9999998, bChange = 0.0289231, totNum = 4788
ROUND = 293, SUM = 12249288.9999999, bChange = 0.0249577, totNum = 4766
ROUND = 294, SUM = 12249288.9999999, bChange = 0.0249578, totNum = 4738
ROUND = 295, SUM = 12249288.9999998, bChange = 0.0249579, totNum = 4714
ROUND = 296, SUM = 12249288.9999999, bChange = 0.024958, totNum = 4680
ROUND = 297, SUM = 12249288.9999998, bChange = 0.0249581, totNum = 4652
ROUND = 298, SUM = 12249288.9999999, bChange = 0.0249582, totNum = 4617
ROUND = 299, SUM = 12249288.9999999, bChange = 0.0249583, totNum = 4586
ROUND = 300, SUM = 12249288.9999998, bChange = 0.0249584, totNum = 4567
ROUND = 301, SUM = 12249288.9999998, bChange = 0.0249585, totNum = 4550
ROUND = 302, SUM = 12249288.9999998, bChange = 0.0249586, totNum = 4523
ROUND = 303, SUM = 12249288.9999998, bChange = 0.0249587, totNum = 4501
ROUND = 304, SUM = 12249288.9999999, bChange = 0.0249589, totNum = 4470
ROUND = 305, SUM = 12249288.9999998, bChange = 0.024959, totNum = 4453
ROUND = 306, SUM = 12249288.9999998, bChange = 0.0249591, totNum = 4430
ROUND = 307, SUM = 12249288.9999999, bChange = 0.0249592, totNum = 4409
ROUND = 308, SUM = 12249288.9999999, bChange = 0.0249593, totNum = 4386
ROUND = 309, SUM = 12249288.9999999, bChange = 0.0249595, totNum = 4374
ROUND = 310, SUM = 12249288.9999998, bChange = 0.0249596, totNum = 4347
ROUND = 311, SUM = 12249288.9999999, bChange = 0.0249597, totNum = 4321
ROUND = 312, SUM = 12249288.9999998, bChange = 0.0249598, totNum = 4301
ROUND = 313, SUM = 12249288.9999999, bChange = 0.02496, totNum = 4277
ROUND = 314, SUM = 12249288.9999998, bChange = 0.0249601, totNum = 4247
ROUND = 315, SUM = 12249288.9999999, bChange = 0.0249602, totNum = 4211
ROUND = 316, SUM = 12249288.9999998, bChange = 0.0249604, totNum = 4185
ROUND = 317, SUM = 12249288.9999998, bChange = 0.0249605, totNum = 4166
ROUND = 318, SUM = 12249288.9999998, bChange = 0.0249606, totNum = 4141
ROUND = 319, SUM = 12249288.9999997, bChange = 0.0249608, totNum = 4119
ROUND = 320, SUM = 12249288.9999997, bChange = 0.0249609, totNum = 4089
ROUND = 321, SUM = 12249288.9999998, bChange = 0.024961, totNum = 4072
ROUND = 322, SUM = 12249288.9999999, bChange = 0.0249612, totNum = 4050
ROUND = 323, SUM = 12249288.9999998, bChange = 0.0249613, totNum = 4028
ROUND = 324, SUM = 12249288.9999998, bChange = 0.0249615, totNum = 4012
ROUND = 325, SUM = 12249288.9999998, bChange = 0.0249616, totNum = 3993
ROUND = 326, SUM = 12249288.9999997, bChange = 0.0237237, totNum = 3975
ROUND = 327, SUM = 12249288.9999998, bChange = 0.0237249, totNum = 3955
ROUND = 328, SUM = 12249288.9999998, bChange = 0.0237262, totNum = 3934
ROUND = 329, SUM = 12249288.9999997, bChange = 0.0237274, totNum = 3915
ROUND = 330, SUM = 12249288.9999998, bChange = 0.0237287, totNum = 3892
ROUND = 331, SUM = 12249288.9999998, bChange = 0.0237299, totNum = 3867
ROUND = 332, SUM = 12249288.9999998, bChange = 0.0237311, totNum = 3857
ROUND = 333, SUM = 12249288.9999998, bChange = 0.0237323, totNum = 3841
ROUND = 334, SUM = 12249288.9999998, bChange = 0.0237335, totNum = 3827
ROUND = 335, SUM = 12249288.9999999, bChange = 0.0237346, totNum = 3808
ROUND = 336, SUM = 12249288.9999999, bChange = 0.0237358, totNum = 3791
ROUND = 337, SUM = 12249288.9999998, bChange = 0.023737, totNum = 3763
ROUND = 338, SUM = 12249288.9999997, bChange = 0.0237381, totNum = 3750
ROUND = 339, SUM = 12249288.9999999, bChange = 0.0237392, totNum = 3729
ROUND = 340, SUM = 12249288.9999999, bChange = 0.0237403, totNum = 3713
ROUND = 341, SUM = 12249288.9999998, bChange = 0.0237414, totNum = 3696
ROUND = 342, SUM = 12249288.9999998, bChange = 0.0237425, totNum = 3681
ROUND = 343, SUM = 12249288.9999998, bChange = 0.0237436, totNum = 3663
ROUND = 344, SUM = 12249288.9999998, bChange = 0.0237447, totNum = 3646
ROUND = 345, SUM = 12249288.9999998, bChange = 0.0237458, totNum = 3633
ROUND = 346, SUM = 12249288.9999998, bChange = 0.0237468, totNum = 3620
ROUND = 347, SUM = 12249288.9999999, bChange = 0.0237479, totNum = 3606
ROUND = 348, SUM = 12249288.9999999, bChange = 0.0237489, totNum = 3587
ROUND = 349, SUM = 12249288.9999999, bChange = 0.0237499, totNum = 3573
ROUND = 350, SUM = 12249288.9999998, bChange = 0.0237509, totNum = 3555
ROUND = 351, SUM = 12249288.9999999, bChange = 0.0237519, totNum = 3537
ROUND = 352, SUM = 12249288.9999998, bChange = 0.0237529, totNum = 3521
ROUND = 353, SUM = 12249288.9999998, bChange = 0.0237539, totNum = 3509
ROUND = 354, SUM = 12249288.9999999, bChange = 0.0237549, totNum = 3488
ROUND = 355, SUM = 12249288.9999999, bChange = 0.0206128, totNum = 3468
ROUND = 356, SUM = 12249288.9999998, bChange = 0.0206149, totNum = 3452
ROUND = 357, SUM = 12249288.9999998, bChange = 0.020617, totNum = 3438
ROUND = 358, SUM = 12249288.9999999, bChange = 0.020619, totNum = 3427
ROUND = 359, SUM = 12249288.9999998, bChange = 0.0206211, totNum = 3407
ROUND = 360, SUM = 12249288.9999999, bChange = 0.0206232, totNum = 3388
ROUND = 361, SUM = 12249288.9999998, bChange = 0.0206252, totNum = 3378
ROUND = 362, SUM = 12249288.9999999, bChange = 0.0206272, totNum = 3361
ROUND = 363, SUM = 12249288.9999997, bChange = 0.0206292, totNum = 3345
ROUND = 364, SUM = 12249288.9999998, bChange = 0.0206312, totNum = 3328
ROUND = 365, SUM = 12249288.9999998, bChange = 0.0206331, totNum = 3318
ROUND = 366, SUM = 12249288.9999998, bChange = 0.0206351, totNum = 3304
ROUND = 367, SUM = 12249288.9999998, bChange = 0.0200517, totNum = 3291
ROUND = 368, SUM = 12249288.9999998, bChange = 0.0200517, totNum = 3277
ROUND = 369, SUM = 12249288.9999998, bChange = 0.0200517, totNum = 3262
ROUND = 370, SUM = 12249288.9999998, bChange = 0.0183793, totNum = 3246
ROUND = 371, SUM = 12249288.9999998, bChange = 0.0183795, totNum = 3232
ROUND = 372, SUM = 12249288.9999999, bChange = 0.017326, totNum = 3222
ROUND = 373, SUM = 12249288.9999998, bChange = 0.0173271, totNum = 3209
ROUND = 374, SUM = 12249288.9999998, bChange = 0.0173282, totNum = 3199
ROUND = 375, SUM = 12249288.9999999, bChange = 0.0173292, totNum = 3181
ROUND = 376, SUM = 12249288.9999999, bChange = 0.0173303, totNum = 3166
ROUND = 377, SUM = 12249288.9999999, bChange = 0.0173313, totNum = 3151
ROUND = 378, SUM = 12249288.9999999, bChange = 0.0173323, totNum = 3134
ROUND = 379, SUM = 12249288.9999998, bChange = 0.0173333, totNum = 3123
ROUND = 380, SUM = 12249288.9999999, bChange = 0.0173343, totNum = 3108
ROUND = 381, SUM = 12249288.9999998, bChange = 0.0173352, totNum = 3098
ROUND = 382, SUM = 12249288.9999999, bChange = 0.0173362, totNum = 3090
ROUND = 383, SUM = 12249288.9999999, bChange = 0.0173371, totNum = 3079
ROUND = 384, SUM = 12249288.9999998, bChange = 0.017338, totNum = 3066
ROUND = 385, SUM = 12249288.9999999, bChange = 0.0173389, totNum = 3046
ROUND = 386, SUM = 12249288.9999998, bChange = 0.0173398, totNum = 3033
ROUND = 387, SUM = 12249288.9999999, bChange = 0.0173406, totNum = 3020
ROUND = 388, SUM = 12249288.9999999, bChange = 0.0173415, totNum = 3009
ROUND = 389, SUM = 12249288.9999998, bChange = 0.0173423, totNum = 2990
ROUND = 390, SUM = 12249288.9999999, bChange = 0.0173431, totNum = 2976
ROUND = 391, SUM = 12249288.9999998, bChange = 0.0173439, totNum = 2969
ROUND = 392, SUM = 12249288.9999999, bChange = 0.0173447, totNum = 2964
ROUND = 393, SUM = 12249288.9999999, bChange = 0.0173455, totNum = 2949
ROUND = 394, SUM = 12249288.9999999, bChange = 0.0172822, totNum = 2935
ROUND = 395, SUM = 12249288.9999998, bChange = 0.017282, totNum = 2926
ROUND = 396, SUM = 12249288.9999998, bChange = 0.0172818, totNum = 2918
ROUND = 397, SUM = 12249288.9999999, bChange = 0.0172816, totNum = 2909
ROUND = 398, SUM = 12249288.9999999, bChange = 0.0172814, totNum = 2894
ROUND = 399, SUM = 12249288.9999999, bChange = 0.0172813, totNum = 2880
ROUND = 400, SUM = 12249288.9999998, bChange = 0.0172811, totNum = 2874
ROUND = 401, SUM = 12249288.9999999, bChange = 0.0172809, totNum = 2859
ROUND = 402, SUM = 12249288.9999998, bChange = 0.0163026, totNum = 2850
ROUND = 403, SUM = 12249288.9999999, bChange = 0.0163059, totNum = 2838
ROUND = 404, SUM = 12249288.9999998, bChange = 0.0163092, totNum = 2827
ROUND = 405, SUM = 12249288.9999999, bChange = 0.0163124, totNum = 2818
ROUND = 406, SUM = 12249288.9999999, bChange = 0.0163157, totNum = 2809
ROUND = 407, SUM = 12249288.9999998, bChange = 0.0163189, totNum = 2797
ROUND = 408, SUM = 12249288.9999999, bChange = 0.0163221, totNum = 2784
ROUND = 409, SUM = 12249288.9999999, bChange = 0.0163253, totNum = 2777
ROUND = 410, SUM = 12249288.9999999, bChange = 0.0163285, totNum = 2763
ROUND = 411, SUM = 12249288.9999998, bChange = 0.0163316, totNum = 2755
ROUND = 412, SUM = 12249288.9999999, bChange = 0.0163348, totNum = 2747
ROUND = 413, SUM = 12249288.9999999, bChange = 0.0163379, totNum = 2737
ROUND = 414, SUM = 12249288.9999998, bChange = 0.016341, totNum = 2724
ROUND = 415, SUM = 12249288.9999999, bChange = 0.0163441, totNum = 2712
ROUND = 416, SUM = 12249288.9999998, bChange = 0.0163472, totNum = 2700
ROUND = 417, SUM = 12249288.9999999, bChange = 0.0163502, totNum = 2687
ROUND = 418, SUM = 12249288.9999998, bChange = 0.0163533, totNum = 2679
ROUND = 419, SUM = 12249288.9999998, bChange = 0.0163563, totNum = 2676
ROUND = 420, SUM = 12249288.9999998, bChange = 0.0163593, totNum = 2668
ROUND = 421, SUM = 12249288.9999998, bChange = 0.0163623, totNum = 2656
ROUND = 422, SUM = 12249288.9999998, bChange = 0.0163652, totNum = 2647
ROUND = 423, SUM = 12249288.9999998, bChange = 0.0163682, totNum = 2641
ROUND = 424, SUM = 12249288.9999999, bChange = 0.0163711, totNum = 2632
ROUND = 425, SUM = 12249288.9999998, bChange = 0.0163741, totNum = 2622
ROUND = 426, SUM = 12249288.9999998, bChange = 0.016377, totNum = 2609
ROUND = 427, SUM = 12249288.9999999, bChange = 0.0163799, totNum = 2601
ROUND = 428, SUM = 12249288.9999999, bChange = 0.0163827, totNum = 2592
ROUND = 429, SUM = 12249288.9999999, bChange = 0.0163856, totNum = 2584
ROUND = 430, SUM = 12249288.9999998, bChange = 0.0163884, totNum = 2573
ROUND = 431, SUM = 12249288.9999998, bChange = 0.0163912, totNum = 2567
ROUND = 432, SUM = 12249288.9999999, bChange = 0.016394, totNum = 2555
ROUND = 433, SUM = 12249288.9999999, bChange = 0.0163968, totNum = 2550
ROUND = 434, SUM = 12249288.9999999, bChange = 0.0163996, totNum = 2542
ROUND = 435, SUM = 12249288.9999999, bChange = 0.0164024, totNum = 2531
ROUND = 436, SUM = 12249288.9999999, bChange = 0.0164051, totNum = 2516
ROUND = 437, SUM = 12249288.9999998, bChange = 0.0164078, totNum = 2507
ROUND = 438, SUM = 12249288.9999998, bChange = 0.0164106, totNum = 2498
ROUND = 439, SUM = 12249288.9999999, bChange = 0.0164133, totNum = 2491
ROUND = 440, SUM = 12249288.9999998, bChange = 0.0164159, totNum = 2485
ROUND = 441, SUM = 12249288.9999999, bChange = 0.0164186, totNum = 2473
ROUND = 442, SUM = 12249288.9999998, bChange = 0.0164213, totNum = 2459
ROUND = 443, SUM = 12249288.9999999, bChange = 0.0164239, totNum = 2454
ROUND = 444, SUM = 12249289, bChange = 0.0164265, totNum = 2446
ROUND = 445, SUM = 12249288.9999998, bChange = 0.0164291, totNum = 2435
ROUND = 446, SUM = 12249288.9999999, bChange = 0.0164317, totNum = 2422
ROUND = 447, SUM = 12249288.9999999, bChange = 0.0164343, totNum = 2416
ROUND = 448, SUM = 12249288.9999999, bChange = 0.014187, totNum = 2405
ROUND = 449, SUM = 12249288.9999999, bChange = 0.0141861, totNum = 2396
ROUND = 450, SUM = 12249288.9999999, bChange = 0.0141852, totNum = 2391
ROUND = 451, SUM = 12249288.9999999, bChange = 0.0141844, totNum = 2376
ROUND = 452, SUM = 12249288.9999999, bChange = 0.0141974, totNum = 2366
ROUND = 453, SUM = 12249288.9999999, bChange = 0.014218, totNum = 2361
ROUND = 454, SUM = 12249289, bChange = 0.0142384, totNum = 2355
ROUND = 455, SUM = 12249289, bChange = 0.0142587, totNum = 2344
ROUND = 456, SUM = 12249288.9999999, bChange = 0.0142787, totNum = 2332
ROUND = 457, SUM = 12249288.9999998, bChange = 0.0142986, totNum = 2320
ROUND = 458, SUM = 12249288.9999999, bChange = 0.0143183, totNum = 2313
ROUND = 459, SUM = 12249288.9999998, bChange = 0.0143378, totNum = 2305
ROUND = 460, SUM = 12249288.9999998, bChange = 0.0143571, totNum = 2303
ROUND = 461, SUM = 12249288.9999999, bChange = 0.0143763, totNum = 2292
ROUND = 462, SUM = 12249288.9999998, bChange = 0.0143953, totNum = 2282
ROUND = 463, SUM = 12249288.9999998, bChange = 0.0144142, totNum = 2266
ROUND = 464, SUM = 12249288.9999998, bChange = 0.0144329, totNum = 2261
ROUND = 465, SUM = 12249288.9999999, bChange = 0.0141725, totNum = 2253
ROUND = 466, SUM = 12249288.9999999, bChange = 0.0141717, totNum = 2245
ROUND = 467, SUM = 12249288.9999999, bChange = 0.0141709, totNum = 2232
ROUND = 468, SUM = 12249288.9999999, bChange = 0.0141701, totNum = 2225
ROUND = 469, SUM = 12249288.9999998, bChange = 0.0141693, totNum = 2220
ROUND = 470, SUM = 12249288.9999999, bChange = 0.0141685, totNum = 2218
ROUND = 471, SUM = 12249288.9999999, bChange = 0.0141677, totNum = 2206
ROUND = 472, SUM = 12249288.9999999, bChange = 0.0141669, totNum = 2197
ROUND = 473, SUM = 12249288.9999998, bChange = 0.0141661, totNum = 2187
ROUND = 474, SUM = 12249288.9999998, bChange = 0.0141653, totNum = 2181
ROUND = 475, SUM = 12249288.9999998, bChange = 0.0141645, totNum = 2176
ROUND = 476, SUM = 12249289, bChange = 0.0141637, totNum = 2165
ROUND = 477, SUM = 12249288.9999999, bChange = 0.0141629, totNum = 2159
ROUND = 478, SUM = 12249288.9999999, bChange = 0.0141621, totNum = 2153
ROUND = 479, SUM = 12249288.9999999, bChange = 0.0141613, totNum = 2142
ROUND = 480, SUM = 12249288.9999999, bChange = 0.0141605, totNum = 2134
ROUND = 481, SUM = 12249288.9999999, bChange = 0.0141598, totNum = 2125
ROUND = 482, SUM = 12249288.9999999, bChange = 0.014159, totNum = 2120
ROUND = 483, SUM = 12249288.9999999, bChange = 0.0141582, totNum = 2113
ROUND = 484, SUM = 12249288.9999999, bChange = 0.0141574, totNum = 2105
ROUND = 485, SUM = 12249288.9999999, bChange = 0.0141567, totNum = 2095
ROUND = 486, SUM = 12249288.9999999, bChange = 0.0141559, totNum = 2087
ROUND = 487, SUM = 12249288.9999999, bChange = 0.0141551, totNum = 2079
ROUND = 488, SUM = 12249288.9999999, bChange = 0.0141544, totNum = 2075
ROUND = 489, SUM = 12249288.9999998, bChange = 0.0141536, totNum = 2071
ROUND = 490, SUM = 12249288.9999999, bChange = 0.0141529, totNum = 2067
ROUND = 491, SUM = 12249288.9999999, bChange = 0.0141521, totNum = 2060
ROUND = 492, SUM = 12249288.9999998, bChange = 0.0141514, totNum = 2048
ROUND = 493, SUM = 12249288.9999999, bChange = 0.0141506, totNum = 2041
ROUND = 494, SUM = 12249288.9999999, bChange = 0.0141499, totNum = 2039
ROUND = 495, SUM = 12249288.9999999, bChange = 0.0141492, totNum = 2029
ROUND = 496, SUM = 12249288.9999999, bChange = 0.0136656, totNum = 2021
ROUND = 497, SUM = 12249288.9999999, bChange = 0.0136658, totNum = 2019
ROUND = 498, SUM = 12249288.9999999, bChange = 0.013666, totNum = 2012
ROUND = 499, SUM = 12249288.9999999, bChange = 0.0136662, totNum = 2004
ROUND = 500, SUM = 12249288.9999999, bChange = 0.0136664, totNum = 1992
ROUND = 501, SUM = 12249288.9999998, bChange = 0.0136665, totNum = 1983
ROUND = 502, SUM = 12249288.9999999, bChange = 0.0136667, totNum = 1979
ROUND = 503, SUM = 12249288.9999999, bChange = 0.0136669, totNum = 1979
ROUND = 504, SUM = 12249288.9999999, bChange = 0.0136671, totNum = 1976
ROUND = 505, SUM = 12249289, bChange = 0.0136672, totNum = 1968
ROUND = 506, SUM = 12249288.9999999, bChange = 0.0136674, totNum = 1960
ROUND = 507, SUM = 12249289, bChange = 0.0136676, totNum = 1953
ROUND = 508, SUM = 12249288.9999999, bChange = 0.0136677, totNum = 1946
ROUND = 509, SUM = 12249288.9999998, bChange = 0.0136679, totNum = 1943
ROUND = 510, SUM = 12249288.9999999, bChange = 0.0136681, totNum = 1936
ROUND = 511, SUM = 12249288.9999999, bChange = 0.0136682, totNum = 1931
ROUND = 512, SUM = 12249288.9999999, bChange = 0.0136684, totNum = 1926
ROUND = 513, SUM = 12249288.9999999, bChange = 0.0136685, totNum = 1920
ROUND = 514, SUM = 12249288.9999999, bChange = 0.0136687, totNum = 1917
ROUND = 515, SUM = 12249288.9999999, bChange = 0.0136688, totNum = 1906
ROUND = 516, SUM = 12249288.9999999, bChange = 0.013669, totNum = 1898
ROUND = 517, SUM = 12249288.9999999, bChange = 0.0136691, totNum = 1892
ROUND = 518, SUM = 12249288.9999999, bChange = 0.0136692, totNum = 1886
ROUND = 519, SUM = 12249288.9999999, bChange = 0.0136694, totNum = 1880
ROUND = 520, SUM = 12249288.9999999, bChange = 0.0136695, totNum = 1875
ROUND = 521, SUM = 12249288.9999999, bChange = 0.0136697, totNum = 1869
ROUND = 522, SUM = 12249288.9999999, bChange = 0.0136698, totNum = 1863
ROUND = 523, SUM = 12249288.9999999, bChange = 0.0136699, totNum = 1858
ROUND = 524, SUM = 12249288.9999999, bChange = 0.01367, totNum = 1850
ROUND = 525, SUM = 12249288.9999999, bChange = 0.0136702, totNum = 1841
ROUND = 526, SUM = 12249288.9999999, bChange = 0.0136703, totNum = 1836
ROUND = 527, SUM = 12249288.9999999, bChange = 0.0136704, totNum = 1832
ROUND = 528, SUM = 12249288.9999999, bChange = 0.0136706, totNum = 1828
ROUND = 529, SUM = 12249288.9999999, bChange = 0.0136707, totNum = 1825
ROUND = 530, SUM = 12249288.9999998, bChange = 0.0136708, totNum = 1818
ROUND = 531, SUM = 12249288.9999999, bChange = 0.0136709, totNum = 1811
ROUND = 532, SUM = 12249288.9999999, bChange = 0.013671, totNum = 1808
ROUND = 533, SUM = 12249288.9999998, bChange = 0.0136711, totNum = 1803
ROUND = 534, SUM = 12249288.9999999, bChange = 0.0136713, totNum = 1802
ROUND = 535, SUM = 12249288.9999999, bChange = 0.0136714, totNum = 1798
ROUND = 536, SUM = 12249289, bChange = 0.0136715, totNum = 1793
ROUND = 537, SUM = 12249288.9999999, bChange = 0.0136716, totNum = 1787
ROUND = 538, SUM = 12249288.9999999, bChange = 0.0136717, totNum = 1778
ROUND = 539, SUM = 12249288.9999999, bChange = 0.0136718, totNum = 1770
ROUND = 540, SUM = 12249288.9999999, bChange = 0.0136719, totNum = 1766
ROUND = 541, SUM = 12249289, bChange = 0.013672, totNum = 1759
ROUND = 542, SUM = 12249288.9999999, bChange = 0.0136721, totNum = 1752
ROUND = 543, SUM = 12249289, bChange = 0.0136722, totNum = 1747
ROUND = 544, SUM = 12249288.9999999, bChange = 0.0136723, totNum = 1746
ROUND = 545, SUM = 12249288.9999999, bChange = 0.0136724, totNum = 1740
ROUND = 546, SUM = 12249288.9999999, bChange = 0.0136725, totNum = 1734
ROUND = 547, SUM = 12249288.9999999, bChange = 0.0136726, totNum = 1727
ROUND = 548, SUM = 12249288.9999999, bChange = 0.0136727, totNum = 1724
ROUND = 549, SUM = 12249288.9999999, bChange = 0.0136728, totNum = 1720
ROUND = 550, SUM = 12249288.9999999, bChange = 0.0136729, totNum = 1712
ROUND = 551, SUM = 12249288.9999999, bChange = 0.013673, totNum = 1711
ROUND = 552, SUM = 12249288.9999998, bChange = 0.0136731, totNum = 1710
ROUND = 553, SUM = 12249288.9999999, bChange = 0.0136731, totNum = 1704
ROUND = 554, SUM = 12249289, bChange = 0.0136732, totNum = 1699
ROUND = 555, SUM = 12249288.9999999, bChange = 0.0136733, totNum = 1693
ROUND = 556, SUM = 12249288.9999999, bChange = 0.0136734, totNum = 1685
ROUND = 557, SUM = 12249288.9999999, bChange = 0.0136735, totNum = 1681
ROUND = 558, SUM = 12249288.9999999, bChange = 0.0136736, totNum = 1675
ROUND = 559, SUM = 12249288.9999998, bChange = 0.0136736, totNum = 1669
ROUND = 560, SUM = 12249288.9999999, bChange = 0.0136737, totNum = 1663
ROUND = 561, SUM = 12249289, bChange = 0.0136738, totNum = 1653
ROUND = 562, SUM = 12249288.9999999, bChange = 0.0136739, totNum = 1650
ROUND = 563, SUM = 12249288.9999999, bChange = 0.013674, totNum = 1646
ROUND = 564, SUM = 12249289, bChange = 0.013674, totNum = 1641
ROUND = 565, SUM = 12249288.9999999, bChange = 0.0136741, totNum = 1637
ROUND = 566, SUM = 12249288.9999999, bChange = 0.0136742, totNum = 1632
ROUND = 567, SUM = 12249288.9999999, bChange = 0.0136743, totNum = 1629
ROUND = 568, SUM = 12249288.9999999, bChange = 0.0136743, totNum = 1623
ROUND = 569, SUM = 12249288.9999999, bChange = 0.0136744, totNum = 1618
ROUND = 570, SUM = 12249288.9999999, bChange = 0.0136745, totNum = 1615
ROUND = 571, SUM = 12249289, bChange = 0.0136745, totNum = 1610
ROUND = 572, SUM = 12249289, bChange = 0.0136746, totNum = 1609
ROUND = 573, SUM = 12249289, bChange = 0.0128096, totNum = 1604
ROUND = 574, SUM = 12249289, bChange = 0.0128096, totNum = 1598
ROUND = 575, SUM = 12249288.9999999, bChange = 0.0128096, totNum = 1593
ROUND = 576, SUM = 12249288.9999999, bChange = 0.0128096, totNum = 1588
ROUND = 577, SUM = 12249289, bChange = 0.0128096, totNum = 1580
ROUND = 578, SUM = 12249288.9999999, bChange = 0.0128096, totNum = 1576
ROUND = 579, SUM = 12249289, bChange = 0.0128096, totNum = 1568
ROUND = 580, SUM = 12249288.9999999, bChange = 0.0128096, totNum = 1563
ROUND = 581, SUM = 12249288.9999999, bChange = 0.0128096, totNum = 1559
ROUND = 582, SUM = 12249288.9999999, bChange = 0.0128096, totNum = 1555
ROUND = 583, SUM = 12249288.9999999, bChange = 0.0128096, totNum = 1553
ROUND = 584, SUM = 12249289, bChange = 0.0128096, totNum = 1549
ROUND = 585, SUM = 12249288.9999999, bChange = 0.0123633, totNum = 1541
ROUND = 586, SUM = 12249289, bChange = 0.0123633, totNum = 1536
ROUND = 587, SUM = 12249289, bChange = 0.0123633, totNum = 1532
ROUND = 588, SUM = 12249289, bChange = 0.0123633, totNum = 1530
ROUND = 589, SUM = 12249288.9999999, bChange = 0.0123634, totNum = 1526
ROUND = 590, SUM = 12249288.9999999, bChange = 0.0123634, totNum = 1522
ROUND = 591, SUM = 12249288.9999999, bChange = 0.0123634, totNum = 1517
ROUND = 592, SUM = 12249288.9999999, bChange = 0.0123634, totNum = 1516
ROUND = 593, SUM = 12249288.9999998, bChange = 0.0123634, totNum = 1513
ROUND = 594, SUM = 12249288.9999999, bChange = 0.0123635, totNum = 1510
ROUND = 595, SUM = 12249288.9999999, bChange = 0.0110653, totNum = 1508
ROUND = 596, SUM = 12249288.9999999, bChange = 0.0110653, totNum = 1500
ROUND = 597, SUM = 12249288.9999998, bChange = 0.0110654, totNum = 1495
ROUND = 598, SUM = 12249289, bChange = 0.0110655, totNum = 1492
ROUND = 599, SUM = 12249288.9999998, bChange = 0.0110655, totNum = 1487
ROUND = 600, SUM = 12249288.9999999, bChange = 0.0110656, totNum = 1486
ROUND = 601, SUM = 12249288.9999999, bChange = 0.0110657, totNum = 1480
ROUND = 602, SUM = 12249288.9999998, bChange = 0.0110657, totNum = 1481
ROUND = 603, SUM = 12249288.9999999, bChange = 0.0110658, totNum = 1478
ROUND = 604, SUM = 12249288.9999999, bChange = 0.0110658, totNum = 1469
ROUND = 605, SUM = 12249288.9999999, bChange = 0.0110659, totNum = 1463
ROUND = 606, SUM = 12249288.9999999, bChange = 0.011066, totNum = 1461
ROUND = 607, SUM = 12249288.9999999, bChange = 0.011066, totNum = 1455
ROUND = 608, SUM = 12249289, bChange = 0.0110661, totNum = 1449
ROUND = 609, SUM = 12249288.9999999, bChange = 0.0110661, totNum = 1446
ROUND = 610, SUM = 12249288.9999999, bChange = 0.0110662, totNum = 1443
ROUND = 611, SUM = 12249288.9999999, bChange = 0.0110663, totNum = 1432
ROUND = 612, SUM = 12249289, bChange = 0.0110663, totNum = 1428
ROUND = 613, SUM = 12249288.9999999, bChange = 0.0110664, totNum = 1425
ROUND = 614, SUM = 12249288.9999999, bChange = 0.0110664, totNum = 1424
ROUND = 615, SUM = 12249288.9999999, bChange = 0.0110665, totNum = 1419
ROUND = 616, SUM = 12249288.9999999, bChange = 0.0110665, totNum = 1418
ROUND = 617, SUM = 12249288.9999999, bChange = 0.0110666, totNum = 1415
ROUND = 618, SUM = 12249289, bChange = 0.0110667, totNum = 1412
ROUND = 619, SUM = 12249289, bChange = 0.0110667, totNum = 1408
ROUND = 620, SUM = 12249288.9999999, bChange = 0.0110668, totNum = 1404
ROUND = 621, SUM = 12249288.9999999, bChange = 0.0110668, totNum = 1397
ROUND = 622, SUM = 12249288.9999999, bChange = 0.0110669, totNum = 1391
ROUND = 623, SUM = 12249288.9999999, bChange = 0.0110669, totNum = 1385
ROUND = 624, SUM = 12249288.9999999, bChange = 0.011067, totNum = 1381
ROUND = 625, SUM = 12249289, bChange = 0.011067, totNum = 1380
ROUND = 626, SUM = 12249288.9999999, bChange = 0.0110671, totNum = 1376
ROUND = 627, SUM = 12249288.9999999, bChange = 0.0110671, totNum = 1369
ROUND = 628, SUM = 12249288.9999999, bChange = 0.0110672, totNum = 1366
ROUND = 629, SUM = 12249288.9999999, bChange = 0.0110672, totNum = 1363
ROUND = 630, SUM = 12249288.9999999, bChange = 0.0110673, totNum = 1358
ROUND = 631, SUM = 12249288.9999999, bChange = 0.0110673, totNum = 1351
ROUND = 632, SUM = 12249288.9999999, bChange = 0.0110673, totNum = 1346
ROUND = 633, SUM = 12249289, bChange = 0.0110674, totNum = 1344
ROUND = 634, SUM = 12249288.9999999, bChange = 0.0110674, totNum = 1340
ROUND = 635, SUM = 12249289, bChange = 0.0110675, totNum = 1335
ROUND = 636, SUM = 12249288.9999999, bChange = 0.0110675, totNum = 1332
ROUND = 637, SUM = 12249288.9999999, bChange = 0.0110676, totNum = 1329
ROUND = 638, SUM = 12249288.9999999, bChange = 0.0110676, totNum = 1326
ROUND = 639, SUM = 12249288.9999999, bChange = 0.0110677, totNum = 1324
ROUND = 640, SUM = 12249288.9999999, bChange = 0.0110677, totNum = 1321
ROUND = 641, SUM = 12249288.9999999, bChange = 0.0110677, totNum = 1315
ROUND = 642, SUM = 12249289, bChange = 0.0110678, totNum = 1311
ROUND = 643, SUM = 12249288.9999999, bChange = 0.0110678, totNum = 1308
ROUND = 644, SUM = 12249288.9999999, bChange = 0.0110679, totNum = 1300
ROUND = 645, SUM = 12249289, bChange = 0.0110679, totNum = 1297
ROUND = 646, SUM = 12249289, bChange = 0.0110679, totNum = 1295
ROUND = 647, SUM = 12249289, bChange = 0.011068, totNum = 1295
ROUND = 648, SUM = 12249288.9999999, bChange = 0.011068, totNum = 1292
ROUND = 649, SUM = 12249289, bChange = 0.0110681, totNum = 1289
ROUND = 650, SUM = 12249288.9999999, bChange = 0.0110681, totNum = 1286
ROUND = 651, SUM = 12249289, bChange = 0.0110681, totNum = 1283
ROUND = 652, SUM = 12249288.9999999, bChange = 0.0110682, totNum = 1281
ROUND = 653, SUM = 12249288.9999999, bChange = 0.0110682, totNum = 1275
ROUND = 654, SUM = 12249288.9999999, bChange = 0.0110683, totNum = 1273
ROUND = 655, SUM = 12249288.9999999, bChange = 0.0110683, totNum = 1271
ROUND = 656, SUM = 12249288.9999999, bChange = 0.0110683, totNum = 1265
ROUND = 657, SUM = 12249288.9999999, bChange = 0.0110684, totNum = 1261
ROUND = 658, SUM = 12249288.9999999, bChange = 0.0110684, totNum = 1257
ROUND = 659, SUM = 12249289, bChange = 0.0110684, totNum = 1252
ROUND = 660, SUM = 12249289, bChange = 0.0110685, totNum = 1251
ROUND = 661, SUM = 12249289, bChange = 0.0110685, totNum = 1247
ROUND = 662, SUM = 12249288.9999999, bChange = 0.0110685, totNum = 1244
ROUND = 663, SUM = 12249289, bChange = 0.0110686, totNum = 1239
ROUND = 664, SUM = 12249289, bChange = 0.0103729, totNum = 1233
ROUND = 665, SUM = 12249288.9999999, bChange = 0.0103732, totNum = 1232
ROUND = 666, SUM = 12249289, bChange = 0.0103734, totNum = 1230
ROUND = 667, SUM = 12249289, bChange = 0.0103737, totNum = 1228
ROUND = 668, SUM = 12249288.9999999, bChange = 0.010374, totNum = 1225
ROUND = 669, SUM = 12249289, bChange = 0.0103743, totNum = 1223
ROUND = 670, SUM = 12249288.9999999, bChange = 0.0103745, totNum = 1223
ROUND = 671, SUM = 12249289, bChange = 0.0103748, totNum = 1221
ROUND = 672, SUM = 12249289, bChange = 0.0103751, totNum = 1215
ROUND = 673, SUM = 12249289, bChange = 0.0103753, totNum = 1213
ROUND = 674, SUM = 12249288.9999999, bChange = 0.0103756, totNum = 1209
ROUND = 675, SUM = 12249289, bChange = 0.0103759, totNum = 1206
ROUND = 676, SUM = 12249288.9999999, bChange = 0.0103761, totNum = 1203
ROUND = 677, SUM = 12249288.9999999, bChange = 0.0103764, totNum = 1200
ROUND = 678, SUM = 12249289, bChange = 0.0103766, totNum = 1197
ROUND = 679, SUM = 12249289, bChange = 0.0103769, totNum = 1194
ROUND = 680, SUM = 12249288.9999999, bChange = 0.0103771, totNum = 1193
ROUND = 681, SUM = 12249288.9999999, bChange = 0.0103774, totNum = 1192
ROUND = 682, SUM = 12249288.9999999, bChange = 0.0103776, totNum = 1188
ROUND = 683, SUM = 12249288.9999999, bChange = 0.0103779, totNum = 1186
ROUND = 684, SUM = 12249288.9999999, bChange = 0.0103781, totNum = 1181
ROUND = 685, SUM = 12249288.9999999, bChange = 0.0103784, totNum = 1175
ROUND = 686, SUM = 12249289, bChange = 0.0103786, totNum = 1171
ROUND = 687, SUM = 12249288.9999999, bChange = 0.0103788, totNum = 1168
ROUND = 688, SUM = 12249289.0000001, bChange = 0.0103791, totNum = 1166
ROUND = 689, SUM = 12249288.9999999, bChange = 0.0103793, totNum = 1161
ROUND = 690, SUM = 12249289, bChange = 0.0103795, totNum = 1158
ROUND = 691, SUM = 12249289, bChange = 0.0103798, totNum = 1157
ROUND = 692, SUM = 12249288.9999999, bChange = 0.01038, totNum = 1154
ROUND = 693, SUM = 12249288.9999999, bChange = 0.0103802, totNum = 1152
ROUND = 694, SUM = 12249289, bChange = 0.0103805, totNum = 1150
ROUND = 695, SUM = 12249288.9999999, bChange = 0.0103807, totNum = 1146
ROUND = 696, SUM = 12249288.9999999, bChange = 0.0103809, totNum = 1145
ROUND = 697, SUM = 12249288.9999999, bChange = 0.0103811, totNum = 1144
ROUND = 698, SUM = 12249288.9999999, bChange = 0.0103813, totNum = 1141
ROUND = 699, SUM = 12249288.9999999, bChange = 0.0103816, totNum = 1138
ROUND = 700, SUM = 12249288.9999999, bChange = 0.0103818, totNum = 1132
ROUND = 701, SUM = 12249289, bChange = 0.010382, totNum = 1128
ROUND = 702, SUM = 12249289, bChange = 0.0103822, totNum = 1125
ROUND = 703, SUM = 12249289, bChange = 0.0103824, totNum = 1124
ROUND = 704, SUM = 12249288.9999999, bChange = 0.0103826, totNum = 1121
ROUND = 705, SUM = 12249289, bChange = 0.0103828, totNum = 1118
ROUND = 706, SUM = 12249288.9999999, bChange = 0.010383, totNum = 1117
ROUND = 707, SUM = 12249288.9999998, bChange = 0.0103833, totNum = 1112
ROUND = 708, SUM = 12249288.9999999, bChange = 0.0103835, totNum = 1109
ROUND = 709, SUM = 12249289, bChange = 0.0103837, totNum = 1108
ROUND = 710, SUM = 12249288.9999999, bChange = 0.0103839, totNum = 1105
ROUND = 711, SUM = 12249288.9999999, bChange = 0.0103841, totNum = 1100
ROUND = 712, SUM = 12249289, bChange = 0.0103843, totNum = 1098
ROUND = 713, SUM = 12249289, bChange = 0.0103845, totNum = 1095
ROUND = 714, SUM = 12249288.9999999, bChange = 0.0103847, totNum = 1092
ROUND = 715, SUM = 12249288.9999999, bChange = 0.0103848, totNum = 1090
ROUND = 716, SUM = 12249289, bChange = 0.010385, totNum = 1088
ROUND = 717, SUM = 12249289, bChange = 0.0103852, totNum = 1086
ROUND = 718, SUM = 12249289, bChange = 0.0103854, totNum = 1084
ROUND = 719, SUM = 12249288.9999999, bChange = 0.0103856, totNum = 1083
ROUND = 720, SUM = 12249289, bChange = 0.0103858, totNum = 1079
ROUND = 721, SUM = 12249288.9999999, bChange = 0.010386, totNum = 1074
ROUND = 722, SUM = 12249288.9999999, bChange = 0.0103862, totNum = 1074
ROUND = 723, SUM = 12249289, bChange = 0.0103863, totNum = 1068
ROUND = 724, SUM = 12249289, bChange = 0.0103865, totNum = 1068
ROUND = 725, SUM = 12249288.9999999, bChange = 0.0103867, totNum = 1066
ROUND = 726, SUM = 12249289, bChange = 0.0103869, totNum = 1063
ROUND = 727, SUM = 12249288.9999999, bChange = 0.0103871, totNum = 1061
ROUND = 728, SUM = 12249288.9999999, bChange = 0.0103872, totNum = 1056
ROUND = 729, SUM = 12249289.0000001, bChange = 0.0103874, totNum = 1055
ROUND = 730, SUM = 12249289, bChange = 0.0103876, totNum = 1055
ROUND = 731, SUM = 12249289, bChange = 0.0103878, totNum = 1055
ROUND = 732, SUM = 12249288.9999999, bChange = 0.0103879, totNum = 1049
ROUND = 733, SUM = 12249288.9999999, bChange = 0.0103881, totNum = 1045
ROUND = 734, SUM = 12249289, bChange = 0.0103883, totNum = 1035
ROUND = 735, SUM = 12249288.9999999, bChange = 0.0103884, totNum = 1033
ROUND = 736, SUM = 12249288.9999999, bChange = 0.0103886, totNum = 1032
ROUND = 737, SUM = 12249288.9999999, bChange = 0.0103888, totNum = 1028
ROUND = 738, SUM = 12249288.9999999, bChange = 0.0103889, totNum = 1022
ROUND = 739, SUM = 12249289, bChange = 0.0103891, totNum = 1020
ROUND = 740, SUM = 12249288.9999999, bChange = 0.0103893, totNum = 1017
ROUND = 741, SUM = 12249288.9999999, bChange = 0.0103894, totNum = 1014
ROUND = 742, SUM = 12249288.9999999, bChange = 0.0103896, totNum = 1008
ROUND = 743, SUM = 12249289, bChange = 0.0103897, totNum = 1005
ROUND = 744, SUM = 12249289, bChange = 0.0103899, totNum = 1004
ROUND = 745, SUM = 12249289, bChange = 0.01039, totNum = 1001
ROUND = 746, SUM = 12249288.9999999, bChange = 0.0103902, totNum = 999
ROUND = 747, SUM = 12249288.9999999, bChange = 0.0103904, totNum = 998
ROUND = 748, SUM = 12249288.9999999, bChange = 0.0103905, totNum = 994
ROUND = 749, SUM = 12249288.9999999, bChange = 0.0103907, totNum = 992
ROUND = 750, SUM = 12249289, bChange = 0.0103908, totNum = 990
ROUND = 751, SUM = 12249288.9999999, bChange = 0.010391, totNum = 989
ROUND = 752, SUM = 12249288.9999999, bChange = 0.0103911, totNum = 985
ROUND = 753, SUM = 12249289, bChange = 0.0103912, totNum = 983
ROUND = 754, SUM = 12249289, bChange = 0.0103914, totNum = 981
ROUND = 755, SUM = 12249288.9999999, bChange = 0.0103915, totNum = 977
ROUND = 756, SUM = 12249289, bChange = 0.0103917, totNum = 973
ROUND = 757, SUM = 12249288.9999999, bChange = 0.0103918, totNum = 970
ROUND = 758, SUM = 12249289, bChange = 0.010392, totNum = 969
ROUND = 759, SUM = 12249288.9999999, bChange = 0.0103921, totNum = 965
ROUND = 760, SUM = 12249288.9999999, bChange = 0.0103922, totNum = 964
ROUND = 761, SUM = 12249288.9999999, bChange = 0.0103924, totNum = 963
ROUND = 762, SUM = 12249289, bChange = 0.0103925, totNum = 962
ROUND = 763, SUM = 12249288.9999999, bChange = 0.0103927, totNum = 959
ROUND = 764, SUM = 12249288.9999999, bChange = 0.0103928, totNum = 955
ROUND = 765, SUM = 12249288.9999999, bChange = 0.0103929, totNum = 954
ROUND = 766, SUM = 12249289, bChange = 0.0103931, totNum = 952
ROUND = 767, SUM = 12249288.9999999, bChange = 0.0103932, totNum = 952
ROUND = 768, SUM = 12249289, bChange = 0.0103933, totNum = 951
ROUND = 769, SUM = 12249289, bChange = 0.0103935, totNum = 950
ROUND = 770, SUM = 12249289, bChange = 0.0103936, totNum = 947
ROUND = 771, SUM = 12249288.9999999, bChange = 0.0103937, totNum = 943
ROUND = 772, SUM = 12249288.9999999, bChange = 0.00853274, totNum = 939
ROUND = 773, SUM = 12249288.9999999, bChange = 0.00853274, totNum = 939
ROUND = 774, SUM = 12249289, bChange = 0.00853275, totNum = 935
ROUND = 775, SUM = 12249288.9999999, bChange = 0.00853275, totNum = 933
ROUND = 776, SUM = 12249289, bChange = 0.00853275, totNum = 932
ROUND = 777, SUM = 12249289, bChange = 0.00853276, totNum = 928
ROUND = 778, SUM = 12249288.9999999, bChange = 0.00853276, totNum = 926
ROUND = 779, SUM = 12249289, bChange = 0.00853276, totNum = 924
ROUND = 780, SUM = 12249289, bChange = 0.00853277, totNum = 921
ROUND = 781, SUM = 12249289, bChange = 0.00853277, totNum = 917
ROUND = 782, SUM = 12249289, bChange = 0.00853277, totNum = 917
ROUND = 783, SUM = 12249289, bChange = 0.00853277, totNum = 915
ROUND = 784, SUM = 12249288.9999999, bChange = 0.00853278, totNum = 914
ROUND = 785, SUM = 12249288.9999999, bChange = 0.00853278, totNum = 913
ROUND = 786, SUM = 12249288.9999999, bChange = 0.00853278, totNum = 912
ROUND = 787, SUM = 12249289, bChange = 0.00853279, totNum = 907
ROUND = 788, SUM = 12249288.9999999, bChange = 0.00853279, totNum = 904
ROUND = 789, SUM = 12249288.9999999, bChange = 0.00853279, totNum = 903
ROUND = 790, SUM = 12249288.9999999, bChange = 0.0085328, totNum = 903
ROUND = 791, SUM = 12249288.9999999, bChange = 0.0085328, totNum = 902
ROUND = 792, SUM = 12249288.9999999, bChange = 0.0085328, totNum = 901
ROUND = 793, SUM = 12249289, bChange = 0.0085328, totNum = 899
ROUND = 794, SUM = 12249289, bChange = 0.00853281, totNum = 897
ROUND = 795, SUM = 12249288.9999999, bChange = 0.00853281, totNum = 895
ROUND = 796, SUM = 12249288.9999999, bChange = 0.00853281, totNum = 894
ROUND = 797, SUM = 12249288.9999999, bChange = 0.00853282, totNum = 890
ROUND = 798, SUM = 12249288.9999999, bChange = 0.00853282, totNum = 889
ROUND = 799, SUM = 12249288.9999999, bChange = 0.00853282, totNum = 887
ROUND = 800, SUM = 12249288.9999999, bChange = 0.00853282, totNum = 885
ROUND = 801, SUM = 12249288.9999999, bChange = 0.00853283, totNum = 883
ROUND = 802, SUM = 12249288.9999999, bChange = 0.00853283, totNum = 882
ROUND = 803, SUM = 12249288.9999999, bChange = 0.00853283, totNum = 881
ROUND = 804, SUM = 12249288.9999999, bChange = 0.00853283, totNum = 878
ROUND = 805, SUM = 12249288.9999999, bChange = 0.00853284, totNum = 877
ROUND = 806, SUM = 12249288.9999999, bChange = 0.00853284, totNum = 876
ROUND = 807, SUM = 12249288.9999999, bChange = 0.00853284, totNum = 873
ROUND = 808, SUM = 12249289, bChange = 0.00853284, totNum = 870
ROUND = 809, SUM = 12249289, bChange = 0.00853285, totNum = 867
ROUND = 810, SUM = 12249289, bChange = 0.00853285, totNum = 867
ROUND = 811, SUM = 12249288.9999999, bChange = 0.00853285, totNum = 864
ROUND = 812, SUM = 12249289, bChange = 0.00853285, totNum = 863
ROUND = 813, SUM = 12249289, bChange = 0.00824619, totNum = 861
ROUND = 814, SUM = 12249289, bChange = 0.00824616, totNum = 858
ROUND = 815, SUM = 12249289, bChange = 0.00824614, totNum = 857
ROUND = 816, SUM = 12249289, bChange = 0.00824611, totNum = 850
ROUND = 817, SUM = 12249288.9999999, bChange = 0.00824608, totNum = 844
ROUND = 818, SUM = 12249289, bChange = 0.00824606, totNum = 842
ROUND = 819, SUM = 12249289, bChange = 0.00824603, totNum = 841
ROUND = 820, SUM = 12249288.9999999, bChange = 0.008246, totNum = 840
ROUND = 821, SUM = 12249289, bChange = 0.00824598, totNum = 838
ROUND = 822, SUM = 12249289, bChange = 0.00824595, totNum = 833
ROUND = 823, SUM = 12249288.9999999, bChange = 0.00824593, totNum = 833
ROUND = 824, SUM = 12249289, bChange = 0.0082459, totNum = 833
ROUND = 825, SUM = 12249289, bChange = 0.00824588, totNum = 830
ROUND = 826, SUM = 12249288.9999999, bChange = 0.00824585, totNum = 830
ROUND = 827, SUM = 12249288.9999999, bChange = 0.00824583, totNum = 827
ROUND = 828, SUM = 12249288.9999999, bChange = 0.0082458, totNum = 827
ROUND = 829, SUM = 12249288.9999999, bChange = 0.00824578, totNum = 823
ROUND = 830, SUM = 12249288.9999999, bChange = 0.00824575, totNum = 819
ROUND = 831, SUM = 12249288.9999999, bChange = 0.00824573, totNum = 818
ROUND = 832, SUM = 12249288.9999999, bChange = 0.00824571, totNum = 819
ROUND = 833, SUM = 12249288.9999999, bChange = 0.00824568, totNum = 817
ROUND = 834, SUM = 12249289, bChange = 0.00824566, totNum = 817
ROUND = 835, SUM = 12249288.9999999, bChange = 0.00824564, totNum = 814
ROUND = 836, SUM = 12249288.9999999, bChange = 0.00824561, totNum = 812
ROUND = 837, SUM = 12249288.9999999, bChange = 0.00824559, totNum = 810
ROUND = 838, SUM = 12249288.9999998, bChange = 0.00824557, totNum = 807
ROUND = 839, SUM = 12249289, bChange = 0.00824555, totNum = 803
ROUND = 840, SUM = 12249288.9999999, bChange = 0.00824553, totNum = 803
ROUND = 841, SUM = 12249288.9999999, bChange = 0.0082455, totNum = 802
ROUND = 842, SUM = 12249288.9999999, bChange = 0.00824548, totNum = 800
ROUND = 843, SUM = 12249288.9999999, bChange = 0.00824546, totNum = 800
ROUND = 844, SUM = 12249288.9999999, bChange = 0.00824544, totNum = 800
ROUND = 845, SUM = 12249288.9999999, bChange = 0.00824542, totNum = 795
ROUND = 846, SUM = 12249288.9999999, bChange = 0.0082454, totNum = 795
ROUND = 847, SUM = 12249289, bChange = 0.00824538, totNum = 793
ROUND = 848, SUM = 12249289, bChange = 0.00824536, totNum = 792
ROUND = 849, SUM = 12249289, bChange = 0.00824534, totNum = 790
ROUND = 850, SUM = 12249288.9999999, bChange = 0.00824532, totNum = 790
ROUND = 851, SUM = 12249288.9999999, bChange = 0.0082453, totNum = 788
ROUND = 852, SUM = 12249289, bChange = 0.00824528, totNum = 786
ROUND = 853, SUM = 12249288.9999999, bChange = 0.00824526, totNum = 784
ROUND = 854, SUM = 12249288.9999999, bChange = 0.00824524, totNum = 782
ROUND = 855, SUM = 12249288.9999999, bChange = 0.00824522, totNum = 781
ROUND = 856, SUM = 12249289, bChange = 0.0082452, totNum = 780
ROUND = 857, SUM = 12249289, bChange = 0.00824518, totNum = 776
ROUND = 858, SUM = 12249288.9999999, bChange = 0.00824516, totNum = 775
ROUND = 859, SUM = 12249289, bChange = 0.00824514, totNum = 775
ROUND = 860, SUM = 12249288.9999999, bChange = 0.00824512, totNum = 775
ROUND = 861, SUM = 12249289, bChange = 0.0082451, totNum = 770
ROUND = 862, SUM = 12249288.9999999, bChange = 0.00824509, totNum = 766
ROUND = 863, SUM = 12249289, bChange = 0.00824507, totNum = 762
ROUND = 864, SUM = 12249288.9999999, bChange = 0.00824505, totNum = 761
ROUND = 865, SUM = 12249288.9999999, bChange = 0.00824503, totNum = 759
ROUND = 866, SUM = 12249288.9999999, bChange = 0.00824502, totNum = 758
ROUND = 867, SUM = 12249288.9999999, bChange = 0.008245, totNum = 756
ROUND = 868, SUM = 12249288.9999999, bChange = 0.00824498, totNum = 754
ROUND = 869, SUM = 12249288.9999999, bChange = 0.00824496, totNum = 754
ROUND = 870, SUM = 12249288.9999999, bChange = 0.00824495, totNum = 750
ROUND = 871, SUM = 12249288.9999999, bChange = 0.00824493, totNum = 749
ROUND = 872, SUM = 12249288.9999999, bChange = 0.00824491, totNum = 747
ROUND = 873, SUM = 12249288.9999999, bChange = 0.0082449, totNum = 746
ROUND = 874, SUM = 12249289, bChange = 0.00824488, totNum = 742
ROUND = 875, SUM = 12249288.9999999, bChange = 0.00824486, totNum = 739
ROUND = 876, SUM = 12249289, bChange = 0.00824485, totNum = 739
ROUND = 877, SUM = 12249288.9999999, bChange = 0.00824483, totNum = 734
ROUND = 878, SUM = 12249288.9999999, bChange = 0.00824482, totNum = 732
ROUND = 879, SUM = 12249289, bChange = 0.0082448, totNum = 731
ROUND = 880, SUM = 12249289, bChange = 0.00824478, totNum = 730
ROUND = 881, SUM = 12249289, bChange = 0.00824477, totNum = 728
ROUND = 882, SUM = 12249288.9999999, bChange = 0.00824475, totNum = 726
ROUND = 883, SUM = 12249289, bChange = 0.00824474, totNum = 723
ROUND = 884, SUM = 12249289, bChange = 0.00824472, totNum = 722
ROUND = 885, SUM = 12249288.9999999, bChange = 0.00824471, totNum = 720
ROUND = 886, SUM = 12249289, bChange = 0.00824469, totNum = 717
ROUND = 887, SUM = 12249288.9999999, bChange = 0.00824468, totNum = 715
ROUND = 888, SUM = 12249288.9999999, bChange = 0.00824466, totNum = 712
ROUND = 889, SUM = 12249288.9999999, bChange = 0.00824465, totNum = 710
ROUND = 890, SUM = 12249289, bChange = 0.00824464, totNum = 706
ROUND = 891, SUM = 12249289, bChange = 0.00824462, totNum = 707
ROUND = 892, SUM = 12249288.9999999, bChange = 0.00824461, totNum = 707
ROUND = 893, SUM = 12249289, bChange = 0.00824459, totNum = 706
ROUND = 894, SUM = 12249288.9999999, bChange = 0.00824458, totNum = 702
ROUND = 895, SUM = 12249289, bChange = 0.00824457, totNum = 697
ROUND = 896, SUM = 12249289, bChange = 0.00824455, totNum = 695
ROUND = 897, SUM = 12249288.9999999, bChange = 0.00824454, totNum = 695
ROUND = 898, SUM = 12249289, bChange = 0.00824453, totNum = 696
ROUND = 899, SUM = 12249288.9999999, bChange = 0.00824451, totNum = 695
ROUND = 900, SUM = 12249288.9999999, bChange = 0.0082445, totNum = 693
ROUND = 901, SUM = 12249288.9999999, bChange = 0.00824449, totNum = 690
ROUND = 902, SUM = 12249289, bChange = 0.00824447, totNum = 688
ROUND = 903, SUM = 12249288.9999999, bChange = 0.00824446, totNum = 687
ROUND = 904, SUM = 12249288.9999999, bChange = 0.00824445, totNum = 686
ROUND = 905, SUM = 12249288.9999999, bChange = 0.00824444, totNum = 686
ROUND = 906, SUM = 12249288.9999999, bChange = 0.00824442, totNum = 684
ROUND = 907, SUM = 12249289, bChange = 0.00824441, totNum = 683
ROUND = 908, SUM = 12249288.9999999, bChange = 0.0082444, totNum = 680
ROUND = 909, SUM = 12249288.9999999, bChange = 0.00824439, totNum = 677
ROUND = 910, SUM = 12249288.9999999, bChange = 0.00824438, totNum = 675
ROUND = 911, SUM = 12249289, bChange = 0.00824436, totNum = 669
ROUND = 912, SUM = 12249289, bChange = 0.00824435, totNum = 667
ROUND = 913, SUM = 12249289, bChange = 0.00824434, totNum = 666
ROUND = 914, SUM = 12249289, bChange = 0.00824433, totNum = 666
ROUND = 915, SUM = 12249289, bChange = 0.00824432, totNum = 663
ROUND = 916, SUM = 12249289, bChange = 0.00824431, totNum = 663
ROUND = 917, SUM = 12249289, bChange = 0.00824429, totNum = 660
ROUND = 918, SUM = 12249288.9999999, bChange = 0.00824428, totNum = 657
ROUND = 919, SUM = 12249289, bChange = 0.00824427, totNum = 655
ROUND = 920, SUM = 12249288.9999999, bChange = 0.00824426, totNum = 655
ROUND = 921, SUM = 12249289, bChange = 0.00824425, totNum = 654
ROUND = 922, SUM = 12249288.9999999, bChange = 0.00824424, totNum = 651
ROUND = 923, SUM = 12249288.9999999, bChange = 0.00824423, totNum = 649
ROUND = 924, SUM = 12249289, bChange = 0.00824422, totNum = 648
ROUND = 925, SUM = 12249289, bChange = 0.00824421, totNum = 648
ROUND = 926, SUM = 12249289, bChange = 0.0082442, totNum = 647
ROUND = 927, SUM = 12249288.9999999, bChange = 0.00824419, totNum = 647
ROUND = 928, SUM = 12249288.9999999, bChange = 0.00824418, totNum = 646
ROUND = 929, SUM = 12249288.9999999, bChange = 0.00824417, totNum = 643
ROUND = 930, SUM = 12249288.9999999, bChange = 0.00824416, totNum = 643
ROUND = 931, SUM = 12249289, bChange = 0.00824415, totNum = 642
ROUND = 932, SUM = 12249289, bChange = 0.00824414, totNum = 640
ROUND = 933, SUM = 12249288.9999999, bChange = 0.00824413, totNum = 639
ROUND = 934, SUM = 12249289, bChange = 0.00824412, totNum = 638
ROUND = 935, SUM = 12249288.9999999, bChange = 0.00824411, totNum = 638
ROUND = 936, SUM = 12249289, bChange = 0.0082441, totNum = 636
ROUND = 937, SUM = 12249288.9999999, bChange = 0.00824409, totNum = 635
ROUND = 938, SUM = 12249288.9999999, bChange = 0.00824408, totNum = 635
ROUND = 939, SUM = 12249288.9999999, bChange = 0.00824407, totNum = 635
ROUND = 940, SUM = 12249289, bChange = 0.00824406, totNum = 633
ROUND = 941, SUM = 12249288.9999999, bChange = 0.00824405, totNum = 630
ROUND = 942, SUM = 12249289, bChange = 0.00824404, totNum = 628
ROUND = 943, SUM = 12249288.9999999, bChange = 0.00824403, totNum = 627
ROUND = 944, SUM = 12249288.9999999, bChange = 0.00824402, totNum = 626
ROUND = 945, SUM = 12249289, bChange = 0.00824401, totNum = 626
ROUND = 946, SUM = 12249289, bChange = 0.00806203, totNum = 626
ROUND = 947, SUM = 12249288.9999999, bChange = 0.00806203, totNum = 625
ROUND = 948, SUM = 12249288.9999999, bChange = 0.00806203, totNum = 624
ROUND = 949, SUM = 12249288.9999999, bChange = 0.00806203, totNum = 624
ROUND = 950, SUM = 12249288.9999999, bChange = 0.00806203, totNum = 622
ROUND = 951, SUM = 12249289, bChange = 0.00806203, totNum = 623
ROUND = 952, SUM = 12249289, bChange = 0.00806203, totNum = 623
ROUND = 953, SUM = 12249289, bChange = 0.00806203, totNum = 620
ROUND = 954, SUM = 12249288.9999999, bChange = 0.00806203, totNum = 618
ROUND = 955, SUM = 12249288.9999999, bChange = 0.00806203, totNum = 617
ROUND = 956, SUM = 12249288.9999999, bChange = 0.00806203, totNum = 615
ROUND = 957, SUM = 12249288.9999999, bChange = 0.00806203, totNum = 613
ROUND = 958, SUM = 12249289, bChange = 0.00806203, totNum = 611
ROUND = 959, SUM = 12249289, bChange = 0.00806203, totNum = 611
ROUND = 960, SUM = 12249288.9999999, bChange = 0.00806203, totNum = 609
ROUND = 961, SUM = 12249288.9999999, bChange = 0.00806203, totNum = 606
ROUND = 962, SUM = 12249288.9999999, bChange = 0.00806203, totNum = 605
ROUND = 963, SUM = 12249289, bChange = 0.00806203, totNum = 603
ROUND = 964, SUM = 12249288.9999999, bChange = 0.00806203, totNum = 600
ROUND = 965, SUM = 12249289, bChange = 0.00806203, totNum = 599
ROUND = 966, SUM = 12249288.9999999, bChange = 0.00806203, totNum = 595
ROUND = 967, SUM = 12249288.9999999, bChange = 0.00806203, totNum = 595
ROUND = 968, SUM = 12249289, bChange = 0.00806203, totNum = 593
ROUND = 969, SUM = 12249289, bChange = 0.00806203, totNum = 592
ROUND = 970, SUM = 12249289, bChange = 0.00806203, totNum = 589
ROUND = 971, SUM = 12249288.9999999, bChange = 0.00806203, totNum = 586
ROUND = 972, SUM = 12249289, bChange = 0.00806203, totNum = 585
ROUND = 973, SUM = 12249288.9999999, bChange = 0.00806203, totNum = 582
ROUND = 974, SUM = 12249288.9999999, bChange = 0.00806203, totNum = 581
ROUND = 975, SUM = 12249288.9999999, bChange = 0.00806203, totNum = 582
ROUND = 976, SUM = 12249288.9999999, bChange = 0.00806203, totNum = 581
ROUND = 977, SUM = 12249289, bChange = 0.00806203, totNum = 580
ROUND = 978, SUM = 12249288.9999999, bChange = 0.00806203, totNum = 580
ROUND = 979, SUM = 12249288.9999999, bChange = 0.00806203, totNum = 579
ROUND = 980, SUM = 12249289, bChange = 0.00806203, totNum = 577
ROUND = 981, SUM = 12249288.9999999, bChange = 0.00806203, totNum = 575
ROUND = 982, SUM = 12249288.9999999, bChange = 0.00806203, totNum = 573
ROUND = 983, SUM = 12249288.9999999, bChange = 0.00806204, totNum = 572
ROUND = 984, SUM = 12249289, bChange = 0.00806204, totNum = 569
ROUND = 985, SUM = 12249288.9999999, bChange = 0.00806204, totNum = 567
ROUND = 986, SUM = 12249288.9999999, bChange = 0.00806204, totNum = 567
ROUND = 987, SUM = 12249288.9999999, bChange = 0.00806204, totNum = 566
ROUND = 988, SUM = 12249289, bChange = 0.00806204, totNum = 564
ROUND = 989, SUM = 12249289, bChange = 0.00806204, totNum = 562
ROUND = 990, SUM = 12249288.9999999, bChange = 0.00806204, totNum = 561
ROUND = 991, SUM = 12249289, bChange = 0.00806204, totNum = 561
ROUND = 992, SUM = 12249288.9999999, bChange = 0.00806204, totNum = 561
ROUND = 993, SUM = 12249289, bChange = 0.00806204, totNum = 560
ROUND = 994, SUM = 12249289, bChange = 0.00806204, totNum = 557
ROUND = 995, SUM = 12249288.9999999, bChange = 0.00806204, totNum = 557
ROUND = 996, SUM = 12249289, bChange = 0.00806204, totNum = 556
ROUND = 997, SUM = 12249289, bChange = 0.00806204, totNum = 554
ROUND = 998, SUM = 12249289, bChange = 0.00806204, totNum = 552
ROUND = 999, SUM = 12249289, bChange = 0.00806204, totNum = 552
ROUND = 1000, SUM = 12249289, bChange = 0.00806204, totNum = 549
ROUND = 1001, SUM = 12249288.9999999, bChange = 0.00806204, totNum = 547
ROUND = 1002, SUM = 12249289, bChange = 0.00806204, totNum = 547
ROUND = 1003, SUM = 12249288.9999999, bChange = 0.00806204, totNum = 544
ROUND = 1004, SUM = 12249289, bChange = 0.00806204, totNum = 540
ROUND = 1005, SUM = 12249288.9999999, bChange = 0.00806204, totNum = 539
ROUND = 1006, SUM = 12249289, bChange = 0.00806204, totNum = 538
ROUND = 1007, SUM = 12249289, bChange = 0.00806204, totNum = 538
ROUND = 1008, SUM = 12249289, bChange = 0.00806204, totNum = 534
ROUND = 1009, SUM = 12249289, bChange = 0.00806204, totNum = 532
ROUND = 1010, SUM = 12249289, bChange = 0.00806204, totNum = 531
ROUND = 1011, SUM = 12249288.9999999, bChange = 0.00806204, totNum = 530
ROUND = 1012, SUM = 12249289, bChange = 0.00806204, totNum = 529
ROUND = 1013, SUM = 12249289, bChange = 0.00806204, totNum = 528
ROUND = 1014, SUM = 12249289, bChange = 0.00806204, totNum = 527
ROUND = 1015, SUM = 12249289, bChange = 0.00806204, totNum = 526
ROUND = 1016, SUM = 12249289, bChange = 0.00806204, totNum = 525
ROUND = 1017, SUM = 12249288.9999999, bChange = 0.00806204, totNum = 525
ROUND = 1018, SUM = 12249289, bChange = 0.00806204, totNum = 525
ROUND = 1019, SUM = 12249289, bChange = 0.00806204, totNum = 524
ROUND = 1020, SUM = 12249289, bChange = 0.00599671, totNum = 523
ROUND = 1021, SUM = 12249289, bChange = 0.00599663, totNum = 520
ROUND = 1022, SUM = 12249289, bChange = 0.00599655, totNum = 519
ROUND = 1023, SUM = 12249288.9999999, bChange = 0.00599647, totNum = 519
ROUND = 1024, SUM = 12249289, bChange = 0.0059964, totNum = 519
ROUND = 1025, SUM = 12249288.9999999, bChange = 0.00599632, totNum = 519
ROUND = 1026, SUM = 12249289, bChange = 0.00599624, totNum = 519
ROUND = 1027, SUM = 12249289, bChange = 0.00599616, totNum = 517
ROUND = 1028, SUM = 12249288.9999999, bChange = 0.00599609, totNum = 517
ROUND = 1029, SUM = 12249289, bChange = 0.00599601, totNum = 514
ROUND = 1030, SUM = 12249289, bChange = 0.00599593, totNum = 513
ROUND = 1031, SUM = 12249289, bChange = 0.00599586, totNum = 512
ROUND = 1032, SUM = 12249288.9999999, bChange = 0.00599578, totNum = 512
ROUND = 1033, SUM = 12249288.9999999, bChange = 0.00599571, totNum = 510
ROUND = 1034, SUM = 12249289, bChange = 0.00599564, totNum = 509
ROUND = 1035, SUM = 12249288.9999999, bChange = 0.00599556, totNum = 508
ROUND = 1036, SUM = 12249288.9999999, bChange = 0.00599549, totNum = 507
ROUND = 1037, SUM = 12249288.9999999, bChange = 0.00599542, totNum = 507
ROUND = 1038, SUM = 12249288.9999999, bChange = 0.00599535, totNum = 505
ROUND = 1039, SUM = 12249288.9999999, bChange = 0.00599527, totNum = 503
ROUND = 1040, SUM = 12249288.9999999, bChange = 0.0059952, totNum = 502
ROUND = 1041, SUM = 12249288.9999999, bChange = 0.00599513, totNum = 502
ROUND = 1042, SUM = 12249289, bChange = 0.00599506, totNum = 500
ROUND = 1043, SUM = 12249289, bChange = 0.00599499, totNum = 496
ROUND = 1044, SUM = 12249289, bChange = 0.00599492, totNum = 495
ROUND = 1045, SUM = 12249288.9999999, bChange = 0.00599485, totNum = 494
ROUND = 1046, SUM = 12249288.9999999, bChange = 0.00599478, totNum = 492
ROUND = 1047, SUM = 12249288.9999999, bChange = 0.00599471, totNum = 491
ROUND = 1048, SUM = 12249288.9999999, bChange = 0.00599465, totNum = 491
ROUND = 1049, SUM = 12249288.9999999, bChange = 0.00599458, totNum = 491
ROUND = 1050, SUM = 12249289, bChange = 0.00599451, totNum = 490
ROUND = 1051, SUM = 12249288.9999999, bChange = 0.00599445, totNum = 489
ROUND = 1052, SUM = 12249288.9999999, bChange = 0.00599438, totNum = 488
ROUND = 1053, SUM = 12249288.9999999, bChange = 0.00599431, totNum = 486
ROUND = 1054, SUM = 12249289, bChange = 0.00599425, totNum = 484
ROUND = 1055, SUM = 12249289, bChange = 0.00599418, totNum = 484
ROUND = 1056, SUM = 12249288.9999999, bChange = 0.00599412, totNum = 479
ROUND = 1057, SUM = 12249289, bChange = 0.00599405, totNum = 478
ROUND = 1058, SUM = 12249288.9999999, bChange = 0.00599399, totNum = 477
ROUND = 1059, SUM = 12249289, bChange = 0.00599393, totNum = 475
ROUND = 1060, SUM = 12249288.9999999, bChange = 0.00599386, totNum = 475
ROUND = 1061, SUM = 12249289, bChange = 0.0059938, totNum = 475
ROUND = 1062, SUM = 12249289, bChange = 0.00599374, totNum = 475
ROUND = 1063, SUM = 12249288.9999999, bChange = 0.00599367, totNum = 473
ROUND = 1064, SUM = 12249288.9999999, bChange = 0.00599361, totNum = 472
ROUND = 1065, SUM = 12249288.9999999, bChange = 0.00599355, totNum = 471
ROUND = 1066, SUM = 12249288.9999999, bChange = 0.00599349, totNum = 471
ROUND = 1067, SUM = 12249288.9999999, bChange = 0.00599343, totNum = 471
ROUND = 1068, SUM = 12249288.9999999, bChange = 0.00599337, totNum = 472
ROUND = 1069, SUM = 12249289, bChange = 0.00599331, totNum = 472
ROUND = 1070, SUM = 12249289, bChange = 0.00599325, totNum = 471
ROUND = 1071, SUM = 12249288.9999999, bChange = 0.00599319, totNum = 470
ROUND = 1072, SUM = 12249289, bChange = 0.00599313, totNum = 469
ROUND = 1073, SUM = 12249289, bChange = 0.00599307, totNum = 468
ROUND = 1074, SUM = 12249288.9999999, bChange = 0.00599302, totNum = 467
ROUND = 1075, SUM = 12249289, bChange = 0.00599296, totNum = 467
ROUND = 1076, SUM = 12249289, bChange = 0.0059929, totNum = 465
ROUND = 1077, SUM = 12249288.9999999, bChange = 0.00599284, totNum = 465
ROUND = 1078, SUM = 12249288.9999999, bChange = 0.00599279, totNum = 464
ROUND = 1079, SUM = 12249289, bChange = 0.00599273, totNum = 463
ROUND = 1080, SUM = 12249289, bChange = 0.00599267, totNum = 462
ROUND = 1081, SUM = 12249289, bChange = 0.00599262, totNum = 462
ROUND = 1082, SUM = 12249288.9999999, bChange = 0.00599256, totNum = 462
ROUND = 1083, SUM = 12249288.9999999, bChange = 0.00599251, totNum = 461
ROUND = 1084, SUM = 12249288.9999999, bChange = 0.00599245, totNum = 460
ROUND = 1085, SUM = 12249288.9999999, bChange = 0.0059924, totNum = 460
ROUND = 1086, SUM = 12249288.9999999, bChange = 0.00599235, totNum = 459
ROUND = 1087, SUM = 12249289, bChange = 0.00599229, totNum = 458
ROUND = 1088, SUM = 12249289, bChange = 0.00599224, totNum = 457
ROUND = 1089, SUM = 12249289, bChange = 0.00599218, totNum = 456
ROUND = 1090, SUM = 12249288.9999999, bChange = 0.00569809, totNum = 455
ROUND = 1091, SUM = 12249288.9999999, bChange = 0.00569804, totNum = 452
ROUND = 1092, SUM = 12249289, bChange = 0.005698, totNum = 451
ROUND = 1093, SUM = 12249288.9999999, bChange = 0.00569796, totNum = 451
ROUND = 1094, SUM = 12249289, bChange = 0.00569792, totNum = 451
ROUND = 1095, SUM = 12249288.9999999, bChange = 0.00569787, totNum = 451
ROUND = 1096, SUM = 12249289, bChange = 0.00569783, totNum = 449
ROUND = 1097, SUM = 12249288.9999999, bChange = 0.00569779, totNum = 448
ROUND = 1098, SUM = 12249288.9999999, bChange = 0.00569775, totNum = 448
ROUND = 1099, SUM = 12249289, bChange = 0.00569771, totNum = 448
ROUND = 1100, SUM = 12249289, bChange = 0.00569767, totNum = 446
ROUND = 1101, SUM = 12249288.9999999, bChange = 0.00569763, totNum = 444
ROUND = 1102, SUM = 12249288.9999999, bChange = 0.00569759, totNum = 444
ROUND = 1103, SUM = 12249288.9999999, bChange = 0.00569755, totNum = 443
ROUND = 1104, SUM = 12249289, bChange = 0.00569751, totNum = 442
ROUND = 1105, SUM = 12249288.9999999, bChange = 0.00569747, totNum = 441
ROUND = 1106, SUM = 12249289, bChange = 0.00569743, totNum = 440
ROUND = 1107, SUM = 12249289, bChange = 0.00569739, totNum = 438
ROUND = 1108, SUM = 12249289, bChange = 0.00569735, totNum = 438
ROUND = 1109, SUM = 12249289, bChange = 0.00569731, totNum = 438
ROUND = 1110, SUM = 12249289, bChange = 0.00569727, totNum = 438
ROUND = 1111, SUM = 12249289, bChange = 0.00569724, totNum = 437
ROUND = 1112, SUM = 12249289, bChange = 0.0056972, totNum = 437
ROUND = 1113, SUM = 12249289, bChange = 0.00569716, totNum = 437
ROUND = 1114, SUM = 12249289, bChange = 0.00569712, totNum = 436
ROUND = 1115, SUM = 12249289, bChange = 0.00569708, totNum = 435
ROUND = 1116, SUM = 12249289, bChange = 0.00569705, totNum = 434
ROUND = 1117, SUM = 12249288.9999999, bChange = 0.00569701, totNum = 434
ROUND = 1118, SUM = 12249288.9999999, bChange = 0.00569697, totNum = 433
ROUND = 1119, SUM = 12249289, bChange = 0.00569694, totNum = 431
ROUND = 1120, SUM = 12249289, bChange = 0.0056969, totNum = 431
ROUND = 1121, SUM = 12249288.9999999, bChange = 0.00569686, totNum = 431
ROUND = 1122, SUM = 12249288.9999999, bChange = 0.00569683, totNum = 431
ROUND = 1123, SUM = 12249289, bChange = 0.00569679, totNum = 430
ROUND = 1124, SUM = 12249289, bChange = 0.00569676, totNum = 430
ROUND = 1125, SUM = 12249288.9999999, bChange = 0.00569672, totNum = 429
ROUND = 1126, SUM = 12249288.9999999, bChange = 0.00569669, totNum = 429
ROUND = 1127, SUM = 12249289, bChange = 0.00569665, totNum = 429
ROUND = 1128, SUM = 12249289, bChange = 0.00569662, totNum = 428
ROUND = 1129, SUM = 12249289, bChange = 0.00569658, totNum = 428
ROUND = 1130, SUM = 12249289, bChange = 0.00569655, totNum = 428
ROUND = 1131, SUM = 12249288.9999999, bChange = 0.00569651, totNum = 427
ROUND = 1132, SUM = 12249289, bChange = 0.00569648, totNum = 426
ROUND = 1133, SUM = 12249288.9999999, bChange = 0.00569645, totNum = 426
ROUND = 1134, SUM = 12249289, bChange = 0.00569641, totNum = 426
ROUND = 1135, SUM = 12249289, bChange = 0.00569638, totNum = 425
ROUND = 1136, SUM = 12249289, bChange = 0.00569634, totNum = 423
ROUND = 1137, SUM = 12249289, bChange = 0.00569631, totNum = 422
ROUND = 1138, SUM = 12249288.9999999, bChange = 0.00569628, totNum = 422
ROUND = 1139, SUM = 12249289, bChange = 0.00569625, totNum = 419
ROUND = 1140, SUM = 12249289, bChange = 0.00569621, totNum = 419
ROUND = 1141, SUM = 12249288.9999999, bChange = 0.00569618, totNum = 419
ROUND = 1142, SUM = 12249289, bChange = 0.00569615, totNum = 418
ROUND = 1143, SUM = 12249289, bChange = 0.00569612, totNum = 418
ROUND = 1144, SUM = 12249289, bChange = 0.00569609, totNum = 417
ROUND = 1145, SUM = 12249288.9999999, bChange = 0.00569605, totNum = 417
ROUND = 1146, SUM = 12249289, bChange = 0.00569602, totNum = 417
ROUND = 1147, SUM = 12249289, bChange = 0.00569599, totNum = 417
ROUND = 1148, SUM = 12249289, bChange = 0.00569596, totNum = 416
ROUND = 1149, SUM = 12249289, bChange = 0.00569593, totNum = 415
ROUND = 1150, SUM = 12249289, bChange = 0.0056959, totNum = 415
ROUND = 1151, SUM = 12249289, bChange = 0.00569587, totNum = 412
ROUND = 1152, SUM = 12249289, bChange = 0.00569584, totNum = 411
ROUND = 1153, SUM = 12249289, bChange = 0.00569581, totNum = 410
ROUND = 1154, SUM = 12249288.9999999, bChange = 0.00569578, totNum = 409
ROUND = 1155, SUM = 12249289, bChange = 0.00569575, totNum = 408
ROUND = 1156, SUM = 12249289, bChange = 0.00569572, totNum = 408
ROUND = 1157, SUM = 12249289, bChange = 0.00569569, totNum = 406
ROUND = 1158, SUM = 12249289, bChange = 0.00569566, totNum = 405
ROUND = 1159, SUM = 12249289, bChange = 0.00569563, totNum = 404
ROUND = 1160, SUM = 12249288.9999999, bChange = 0.0056956, totNum = 403
ROUND = 1161, SUM = 12249289, bChange = 0.00569557, totNum = 403
ROUND = 1162, SUM = 12249288.9999999, bChange = 0.00569554, totNum = 401
ROUND = 1163, SUM = 12249288.9999999, bChange = 0.00569551, totNum = 401
ROUND = 1164, SUM = 12249289, bChange = 0.00569548, totNum = 400
ROUND = 1165, SUM = 12249289, bChange = 0.00569546, totNum = 399
ROUND = 1166, SUM = 12249289, bChange = 0.00569543, totNum = 399
ROUND = 1167, SUM = 12249289, bChange = 0.0056954, totNum = 397
ROUND = 1168, SUM = 12249289, bChange = 0.00569537, totNum = 397
ROUND = 1169, SUM = 12249289, bChange = 0.00569535, totNum = 397
ROUND = 1170, SUM = 12249289, bChange = 0.00569532, totNum = 396
ROUND = 1171, SUM = 12249289, bChange = 0.00495808, totNum = 395
ROUND = 1172, SUM = 12249289, bChange = 0.00495938, totNum = 394
ROUND = 1173, SUM = 12249289, bChange = 0.00496067, totNum = 392
ROUND = 1174, SUM = 12249288.9999999, bChange = 0.00496196, totNum = 391
ROUND = 1175, SUM = 12249289, bChange = 0.00496325, totNum = 391
ROUND = 1176, SUM = 12249289, bChange = 0.00496453, totNum = 390
ROUND = 1177, SUM = 12249288.9999999, bChange = 0.00496582, totNum = 390
ROUND = 1178, SUM = 12249289, bChange = 0.00496709, totNum = 389
ROUND = 1179, SUM = 12249289, bChange = 0.00496837, totNum = 389
ROUND = 1180, SUM = 12249289, bChange = 0.00496964, totNum = 387
ROUND = 1181, SUM = 12249289, bChange = 0.00497091, totNum = 386
ROUND = 1182, SUM = 12249288.9999999, bChange = 0.00497217, totNum = 385
ROUND = 1183, SUM = 12249289, bChange = 0.00497343, totNum = 382
ROUND = 1184, SUM = 12249289, bChange = 0.00497469, totNum = 381
ROUND = 1185, SUM = 12249289, bChange = 0.00497594, totNum = 381
ROUND = 1186, SUM = 12249289, bChange = 0.00497719, totNum = 381
ROUND = 1187, SUM = 12249289, bChange = 0.00497844, totNum = 380
ROUND = 1188, SUM = 12249289, bChange = 0.00497968, totNum = 380
ROUND = 1189, SUM = 12249289, bChange = 0.00498092, totNum = 379
ROUND = 1190, SUM = 12249288.9999999, bChange = 0.00498216, totNum = 377
ROUND = 1191, SUM = 12249289, bChange = 0.00498339, totNum = 377
ROUND = 1192, SUM = 12249288.9999999, bChange = 0.00498463, totNum = 376
ROUND = 1193, SUM = 12249288.9999999, bChange = 0.00498585, totNum = 376
ROUND = 1194, SUM = 12249288.9999999, bChange = 0.00498708, totNum = 376
ROUND = 1195, SUM = 12249289, bChange = 0.0049883, totNum = 376
ROUND = 1196, SUM = 12249288.9999999, bChange = 0.00498951, totNum = 374
ROUND = 1197, SUM = 12249289, bChange = 0.00499073, totNum = 373
ROUND = 1198, SUM = 12249288.9999999, bChange = 0.00499194, totNum = 372
ROUND = 1199, SUM = 12249288.9999999, bChange = 0.00499315, totNum = 370
ROUND = 1200, SUM = 12249289, bChange = 0.00499435, totNum = 370
ROUND = 1201, SUM = 12249289, bChange = 0.00499555, totNum = 370
ROUND = 1202, SUM = 12249289, bChange = 0.00499675, totNum = 369
ROUND = 1203, SUM = 12249289, bChange = 0.00499794, totNum = 367
ROUND = 1204, SUM = 12249288.9999999, bChange = 0.00499913, totNum = 367
ROUND = 1205, SUM = 12249288.9999999, bChange = 0.00500032, totNum = 367
ROUND = 1206, SUM = 12249289, bChange = 0.00500151, totNum = 367
ROUND = 1207, SUM = 12249288.9999999, bChange = 0.00500269, totNum = 367
ROUND = 1208, SUM = 12249289, bChange = 0.00500387, totNum = 366
ROUND = 1209, SUM = 12249289, bChange = 0.00500504, totNum = 365
ROUND = 1210, SUM = 12249288.9999999, bChange = 0.00500621, totNum = 364
ROUND = 1211, SUM = 12249288.9999999, bChange = 0.00500738, totNum = 364
ROUND = 1212, SUM = 12249289, bChange = 0.00500855, totNum = 365
ROUND = 1213, SUM = 12249289, bChange = 0.00500971, totNum = 365
ROUND = 1214, SUM = 12249288.9999999, bChange = 0.00501087, totNum = 364
ROUND = 1215, SUM = 12249289, bChange = 0.00501202, totNum = 363
ROUND = 1216, SUM = 12249289, bChange = 0.00501317, totNum = 363
ROUND = 1217, SUM = 12249289, bChange = 0.00501432, totNum = 363
ROUND = 1218, SUM = 12249289, bChange = 0.00501547, totNum = 362
ROUND = 1219, SUM = 12249289, bChange = 0.00501661, totNum = 362
ROUND = 1220, SUM = 12249288.9999999, bChange = 0.00501775, totNum = 362
ROUND = 1221, SUM = 12249289, bChange = 0.00501889, totNum = 359
ROUND = 1222, SUM = 12249288.9999999, bChange = 0.00502002, totNum = 359
ROUND = 1223, SUM = 12249289, bChange = 0.00502115, totNum = 359
ROUND = 1224, SUM = 12249288.9999999, bChange = 0.00502228, totNum = 358
ROUND = 1225, SUM = 12249288.9999999, bChange = 0.0050234, totNum = 357
ROUND = 1226, SUM = 12249288.9999999, bChange = 0.00502452, totNum = 357
ROUND = 1227, SUM = 12249288.9999999, bChange = 0.00502564, totNum = 355
ROUND = 1228, SUM = 12249289, bChange = 0.00502675, totNum = 354
ROUND = 1229, SUM = 12249289, bChange = 0.00502787, totNum = 353
ROUND = 1230, SUM = 12249289, bChange = 0.00502897, totNum = 352
ROUND = 1231, SUM = 12249289, bChange = 0.00503008, totNum = 352
ROUND = 1232, SUM = 12249289, bChange = 0.00503118, totNum = 350
ROUND = 1233, SUM = 12249288.9999999, bChange = 0.00503228, totNum = 349
ROUND = 1234, SUM = 12249288.9999999, bChange = 0.00503338, totNum = 349
ROUND = 1235, SUM = 12249289, bChange = 0.00503447, totNum = 349
ROUND = 1236, SUM = 12249289, bChange = 0.00503556, totNum = 349
ROUND = 1237, SUM = 12249288.9999999, bChange = 0.00503664, totNum = 349
ROUND = 1238, SUM = 12249289, bChange = 0.00503773, totNum = 349
ROUND = 1239, SUM = 12249288.9999999, bChange = 0.00503881, totNum = 349
ROUND = 1240, SUM = 12249288.9999999, bChange = 0.00503989, totNum = 348
ROUND = 1241, SUM = 12249289, bChange = 0.00504096, totNum = 348
ROUND = 1242, SUM = 12249288.9999999, bChange = 0.00504203, totNum = 348
ROUND = 1243, SUM = 12249288.9999999, bChange = 0.0050431, totNum = 347
ROUND = 1244, SUM = 12249289, bChange = 0.00504416, totNum = 346
ROUND = 1245, SUM = 12249288.9999999, bChange = 0.00504523, totNum = 345
ROUND = 1246, SUM = 12249288.9999999, bChange = 0.00504629, totNum = 345
ROUND = 1247, SUM = 12249289, bChange = 0.00504734, totNum = 345
ROUND = 1248, SUM = 12249288.9999999, bChange = 0.0050484, totNum = 345
ROUND = 1249, SUM = 12249289, bChange = 0.00504945, totNum = 344
ROUND = 1250, SUM = 12249289, bChange = 0.00505049, totNum = 343
ROUND = 1251, SUM = 12249289, bChange = 0.00505154, totNum = 341
ROUND = 1252, SUM = 12249289, bChange = 0.00505258, totNum = 338
ROUND = 1253, SUM = 12249288.9999999, bChange = 0.00488359, totNum = 337
ROUND = 1254, SUM = 12249289, bChange = 0.00488364, totNum = 335
ROUND = 1255, SUM = 12249289, bChange = 0.00488369, totNum = 334
ROUND = 1256, SUM = 12249289, bChange = 0.00488374, totNum = 334
ROUND = 1257, SUM = 12249289, bChange = 0.00488378, totNum = 333
ROUND = 1258, SUM = 12249288.9999999, bChange = 0.00488383, totNum = 331
ROUND = 1259, SUM = 12249289, bChange = 0.00488388, totNum = 331
ROUND = 1260, SUM = 12249289, bChange = 0.00488393, totNum = 330
ROUND = 1261, SUM = 12249289, bChange = 0.00488398, totNum = 329
ROUND = 1262, SUM = 12249288.9999999, bChange = 0.00488402, totNum = 328
ROUND = 1263, SUM = 12249289, bChange = 0.00488407, totNum = 328
ROUND = 1264, SUM = 12249289, bChange = 0.00488412, totNum = 328
ROUND = 1265, SUM = 12249289, bChange = 0.00488416, totNum = 327
ROUND = 1266, SUM = 12249289, bChange = 0.00488421, totNum = 325
ROUND = 1267, SUM = 12249289, bChange = 0.00488426, totNum = 324
ROUND = 1268, SUM = 12249288.9999999, bChange = 0.0048843, totNum = 321
ROUND = 1269, SUM = 12249289, bChange = 0.00488435, totNum = 321
ROUND = 1270, SUM = 12249289, bChange = 0.00488439, totNum = 321
ROUND = 1271, SUM = 12249289, bChange = 0.00488444, totNum = 320
ROUND = 1272, SUM = 12249289, bChange = 0.00488448, totNum = 319
ROUND = 1273, SUM = 12249289, bChange = 0.00488453, totNum = 317
ROUND = 1274, SUM = 12249289, bChange = 0.00488457, totNum = 316
ROUND = 1275, SUM = 12249289, bChange = 0.00488462, totNum = 315
ROUND = 1276, SUM = 12249289, bChange = 0.00488466, totNum = 315
ROUND = 1277, SUM = 12249288.9999999, bChange = 0.0048847, totNum = 313
ROUND = 1278, SUM = 12249289, bChange = 0.00488475, totNum = 313
ROUND = 1279, SUM = 12249289, bChange = 0.00488479, totNum = 313
ROUND = 1280, SUM = 12249288.9999999, bChange = 0.00488483, totNum = 312
ROUND = 1281, SUM = 12249289, bChange = 0.00488488, totNum = 312
ROUND = 1282, SUM = 12249289, bChange = 0.00488492, totNum = 311
ROUND = 1283, SUM = 12249289, bChange = 0.00488496, totNum = 311
ROUND = 1284, SUM = 12249289, bChange = 0.004885, totNum = 310
ROUND = 1285, SUM = 12249289, bChange = 0.00488505, totNum = 310
ROUND = 1286, SUM = 12249289, bChange = 0.00488509, totNum = 309
ROUND = 1287, SUM = 12249288.9999999, bChange = 0.00488513, totNum = 309
ROUND = 1288, SUM = 12249288.9999999, bChange = 0.00488517, totNum = 309
ROUND = 1289, SUM = 12249289, bChange = 0.00488521, totNum = 308
ROUND = 1290, SUM = 12249289, bChange = 0.00488525, totNum = 308
ROUND = 1291, SUM = 12249288.9999999, bChange = 0.0048853, totNum = 308
ROUND = 1292, SUM = 12249289, bChange = 0.00488534, totNum = 307
ROUND = 1293, SUM = 12249289, bChange = 0.00488538, totNum = 306
ROUND = 1294, SUM = 12249289, bChange = 0.00488542, totNum = 306
ROUND = 1295, SUM = 12249288.9999999, bChange = 0.00488546, totNum = 306
ROUND = 1296, SUM = 12249289, bChange = 0.0048855, totNum = 303
ROUND = 1297, SUM = 12249289, bChange = 0.00488554, totNum = 302
ROUND = 1298, SUM = 12249288.9999999, bChange = 0.00488558, totNum = 302
ROUND = 1299, SUM = 12249289, bChange = 0.00488562, totNum = 298
ROUND = 1300, SUM = 12249289, bChange = 0.00488566, totNum = 298
ROUND = 1301, SUM = 12249289, bChange = 0.00488569, totNum = 297
ROUND = 1302, SUM = 12249289, bChange = 0.00488573, totNum = 297
ROUND = 1303, SUM = 12249288.9999999, bChange = 0.00488577, totNum = 295
ROUND = 1304, SUM = 12249289, bChange = 0.00488581, totNum = 294
ROUND = 1305, SUM = 12249289, bChange = 0.00488585, totNum = 294
ROUND = 1306, SUM = 12249289, bChange = 0.00488589, totNum = 294
ROUND = 1307, SUM = 12249288.9999999, bChange = 0.00488592, totNum = 293
ROUND = 1308, SUM = 12249289, bChange = 0.00488596, totNum = 293
ROUND = 1309, SUM = 12249288.9999999, bChange = 0.004886, totNum = 293
ROUND = 1310, SUM = 12249289, bChange = 0.00488604, totNum = 293
ROUND = 1311, SUM = 12249289, bChange = 0.00488607, totNum = 293
ROUND = 1312, SUM = 12249289, bChange = 0.00488611, totNum = 293
ROUND = 1313, SUM = 12249288.9999999, bChange = 0.00488615, totNum = 293
ROUND = 1314, SUM = 12249288.9999999, bChange = 0.00488618, totNum = 293
ROUND = 1315, SUM = 12249289, bChange = 0.00488622, totNum = 292
ROUND = 1316, SUM = 12249288.9999999, bChange = 0.00488626, totNum = 292
ROUND = 1317, SUM = 12249289, bChange = 0.00488629, totNum = 292
ROUND = 1318, SUM = 12249288.9999999, bChange = 0.00488633, totNum = 292
ROUND = 1319, SUM = 12249289, bChange = 0.00488636, totNum = 292
ROUND = 1320, SUM = 12249288.9999999, bChange = 0.0048864, totNum = 291
ROUND = 1321, SUM = 12249288.9999999, bChange = 0.00488644, totNum = 290
ROUND = 1322, SUM = 12249289, bChange = 0.00488647, totNum = 290
ROUND = 1323, SUM = 12249288.9999999, bChange = 0.00488651, totNum = 290
ROUND = 1324, SUM = 12249289, bChange = 0.00488654, totNum = 289
ROUND = 1325, SUM = 12249289, bChange = 0.00488658, totNum = 288
ROUND = 1326, SUM = 12249289, bChange = 0.00488661, totNum = 288
ROUND = 1327, SUM = 12249289, bChange = 0.00488664, totNum = 288
ROUND = 1328, SUM = 12249288.9999999, bChange = 0.00488668, totNum = 288
ROUND = 1329, SUM = 12249289, bChange = 0.00488671, totNum = 288
ROUND = 1330, SUM = 12249289, bChange = 0.00488675, totNum = 288
ROUND = 1331, SUM = 12249289, bChange = 0.00488678, totNum = 288
ROUND = 1332, SUM = 12249289, bChange = 0.00488681, totNum = 288
ROUND = 1333, SUM = 12249289, bChange = 0.00488685, totNum = 288
ROUND = 1334, SUM = 12249289, bChange = 0.00488688, totNum = 288
ROUND = 1335, SUM = 12249289, bChange = 0.00488691, totNum = 287
ROUND = 1336, SUM = 12249289, bChange = 0.00488695, totNum = 286
ROUND = 1337, SUM = 12249289, bChange = 0.00488698, totNum = 286
ROUND = 1338, SUM = 12249289, bChange = 0.00488701, totNum = 285
ROUND = 1339, SUM = 12249289, bChange = 0.00488704, totNum = 285
ROUND = 1340, SUM = 12249289, bChange = 0.00488708, totNum = 285
ROUND = 1341, SUM = 12249289, bChange = 0.00488711, totNum = 285
ROUND = 1342, SUM = 12249289, bChange = 0.00488714, totNum = 284
ROUND = 1343, SUM = 12249289, bChange = 0.00488717, totNum = 286
ROUND = 1344, SUM = 12249289, bChange = 0.0048872, totNum = 284
ROUND = 1345, SUM = 12249289, bChange = 0.00488723, totNum = 284
ROUND = 1346, SUM = 12249289, bChange = 0.00488727, totNum = 281
ROUND = 1347, SUM = 12249289, bChange = 0.0048873, totNum = 281
ROUND = 1348, SUM = 12249289, bChange = 0.00488733, totNum = 280
ROUND = 1349, SUM = 12249289, bChange = 0.00488736, totNum = 280
ROUND = 1350, SUM = 12249289, bChange = 0.00488739, totNum = 280
ROUND = 1351, SUM = 12249289, bChange = 0.00488742, totNum = 280
ROUND = 1352, SUM = 12249289, bChange = 0.00488745, totNum = 280
ROUND = 1353, SUM = 12249289, bChange = 0.00488748, totNum = 279
ROUND = 1354, SUM = 12249289, bChange = 0.00488751, totNum = 278
ROUND = 1355, SUM = 12249289, bChange = 0.00488754, totNum = 278
ROUND = 1356, SUM = 12249289, bChange = 0.00488757, totNum = 276
ROUND = 1357, SUM = 12249289, bChange = 0.0048876, totNum = 276
ROUND = 1358, SUM = 12249289, bChange = 0.00488763, totNum = 276
ROUND = 1359, SUM = 12249289, bChange = 0.00488766, totNum = 276
ROUND = 1360, SUM = 12249288.9999999, bChange = 0.00488769, totNum = 276
ROUND = 1361, SUM = 12249289, bChange = 0.00488772, totNum = 276
ROUND = 1362, SUM = 12249289, bChange = 0.00488775, totNum = 276
ROUND = 1363, SUM = 12249289, bChange = 0.00488777, totNum = 276
ROUND = 1364, SUM = 12249289, bChange = 0.0048878, totNum = 276
ROUND = 1365, SUM = 12249289, bChange = 0.00488783, totNum = 276
ROUND = 1366, SUM = 12249289, bChange = 0.00488786, totNum = 275
ROUND = 1367, SUM = 12249289, bChange = 0.00488789, totNum = 273
ROUND = 1368, SUM = 12249289, bChange = 0.00488792, totNum = 271
ROUND = 1369, SUM = 12249288.9999999, bChange = 0.00488794, totNum = 270
ROUND = 1370, SUM = 12249289, bChange = 0.00488797, totNum = 270
ROUND = 1371, SUM = 12249289, bChange = 0.004888, totNum = 270
ROUND = 1372, SUM = 12249289, bChange = 0.00488803, totNum = 270
ROUND = 1373, SUM = 12249289, bChange = 0.00488806, totNum = 270
ROUND = 1374, SUM = 12249289, bChange = 0.00488808, totNum = 269
ROUND = 1375, SUM = 12249289, bChange = 0.00488811, totNum = 267
ROUND = 1376, SUM = 12249289, bChange = 0.00488814, totNum = 267
ROUND = 1377, SUM = 12249289, bChange = 0.00488816, totNum = 266
ROUND = 1378, SUM = 12249289, bChange = 0.00488819, totNum = 266
ROUND = 1379, SUM = 12249289, bChange = 0.00488822, totNum = 265
ROUND = 1380, SUM = 12249289, bChange = 0.00488824, totNum = 265
ROUND = 1381, SUM = 12249289, bChange = 0.00488827, totNum = 265
ROUND = 1382, SUM = 12249289, bChange = 0.0048883, totNum = 265
ROUND = 1383, SUM = 12249289, bChange = 0.00488832, totNum = 265
ROUND = 1384, SUM = 12249289, bChange = 0.00488835, totNum = 264
ROUND = 1385, SUM = 12249289, bChange = 0.00488837, totNum = 264
ROUND = 1386, SUM = 12249289, bChange = 0.0048884, totNum = 265
ROUND = 1387, SUM = 12249288.9999999, bChange = 0.00488843, totNum = 265
ROUND = 1388, SUM = 12249289, bChange = 0.00488845, totNum = 264
ROUND = 1389, SUM = 12249289.0000001, bChange = 0.00488848, totNum = 264
ROUND = 1390, SUM = 12249289, bChange = 0.0048885, totNum = 264
ROUND = 1391, SUM = 12249289, bChange = 0.00488853, totNum = 264
ROUND = 1392, SUM = 12249289, bChange = 0.00488855, totNum = 263
ROUND = 1393, SUM = 12249289, bChange = 0.00488858, totNum = 262
ROUND = 1394, SUM = 12249289, bChange = 0.00415881, totNum = 261
ROUND = 1395, SUM = 12249289, bChange = 0.00415878, totNum = 261
ROUND = 1396, SUM = 12249288.9999999, bChange = 0.00415874, totNum = 261
ROUND = 1397, SUM = 12249288.9999999, bChange = 0.00415871, totNum = 261
ROUND = 1398, SUM = 12249288.9999999, bChange = 0.00415867, totNum = 261
ROUND = 1399, SUM = 12249289, bChange = 0.00415864, totNum = 261
ROUND = 1400, SUM = 12249289, bChange = 0.0041586, totNum = 261
ROUND = 1401, SUM = 12249289, bChange = 0.00415857, totNum = 261
ROUND = 1402, SUM = 12249289, bChange = 0.00415853, totNum = 260
ROUND = 1403, SUM = 12249288.9999999, bChange = 0.0041585, totNum = 260
ROUND = 1404, SUM = 12249289, bChange = 0.00415846, totNum = 260
ROUND = 1405, SUM = 12249288.9999999, bChange = 0.00415843, totNum = 259
ROUND = 1406, SUM = 12249289, bChange = 0.00415839, totNum = 259
ROUND = 1407, SUM = 12249289, bChange = 0.00415836, totNum = 257
ROUND = 1408, SUM = 12249289.0000001, bChange = 0.00415833, totNum = 255
ROUND = 1409, SUM = 12249289, bChange = 0.00415829, totNum = 255
ROUND = 1410, SUM = 12249289, bChange = 0.00415826, totNum = 254
ROUND = 1411, SUM = 12249289, bChange = 0.00415822, totNum = 254
ROUND = 1412, SUM = 12249289, bChange = 0.00415819, totNum = 254
ROUND = 1413, SUM = 12249289, bChange = 0.00415816, totNum = 252
ROUND = 1414, SUM = 12249289, bChange = 0.00415813, totNum = 252
ROUND = 1415, SUM = 12249289, bChange = 0.00415809, totNum = 251
ROUND = 1416, SUM = 12249289, bChange = 0.00415806, totNum = 251
ROUND = 1417, SUM = 12249289, bChange = 0.00415803, totNum = 251
ROUND = 1418, SUM = 12249289, bChange = 0.00415799, totNum = 250
ROUND = 1419, SUM = 12249289, bChange = 0.00415796, totNum = 250
ROUND = 1420, SUM = 12249289, bChange = 0.00415793, totNum = 249
ROUND = 1421, SUM = 12249289, bChange = 0.0041579, totNum = 249
ROUND = 1422, SUM = 12249288.9999999, bChange = 0.00415786, totNum = 249
ROUND = 1423, SUM = 12249289, bChange = 0.00415783, totNum = 248
ROUND = 1424, SUM = 12249289, bChange = 0.0041578, totNum = 248
ROUND = 1425, SUM = 12249289, bChange = 0.00415777, totNum = 247
ROUND = 1426, SUM = 12249289, bChange = 0.00415774, totNum = 247
ROUND = 1427, SUM = 12249289, bChange = 0.00415771, totNum = 246
ROUND = 1428, SUM = 12249289, bChange = 0.00415768, totNum = 246
ROUND = 1429, SUM = 12249288.9999999, bChange = 0.00415764, totNum = 246
ROUND = 1430, SUM = 12249289, bChange = 0.00415761, totNum = 246
ROUND = 1431, SUM = 12249289, bChange = 0.00415758, totNum = 245
ROUND = 1432, SUM = 12249288.9999999, bChange = 0.00415755, totNum = 245
ROUND = 1433, SUM = 12249289, bChange = 0.00415752, totNum = 245
ROUND = 1434, SUM = 12249289, bChange = 0.00415749, totNum = 244
ROUND = 1435, SUM = 12249289, bChange = 0.00415746, totNum = 242
ROUND = 1436, SUM = 12249289, bChange = 0.00415743, totNum = 242
ROUND = 1437, SUM = 12249289, bChange = 0.00398594, totNum = 239
ROUND = 1438, SUM = 12249288.9999999, bChange = 0.00398767, totNum = 239
ROUND = 1439, SUM = 12249288.9999999, bChange = 0.0039894, totNum = 238
ROUND = 1440, SUM = 12249288.9999999, bChange = 0.00399113, totNum = 237
ROUND = 1441, SUM = 12249289, bChange = 0.00399285, totNum = 237
ROUND = 1442, SUM = 12249289, bChange = 0.00399457, totNum = 236
ROUND = 1443, SUM = 12249289, bChange = 0.00399629, totNum = 236
ROUND = 1444, SUM = 12249288.9999999, bChange = 0.003998, totNum = 236
ROUND = 1445, SUM = 12249289, bChange = 0.00399971, totNum = 237
ROUND = 1446, SUM = 12249289, bChange = 0.00400142, totNum = 237
ROUND = 1447, SUM = 12249289, bChange = 0.00400313, totNum = 236
ROUND = 1448, SUM = 12249289, bChange = 0.00400483, totNum = 236
ROUND = 1449, SUM = 12249288.9999999, bChange = 0.00400653, totNum = 236
ROUND = 1450, SUM = 12249289, bChange = 0.00400822, totNum = 235
ROUND = 1451, SUM = 12249289, bChange = 0.00400992, totNum = 235
ROUND = 1452, SUM = 12249288.9999999, bChange = 0.00401161, totNum = 235
ROUND = 1453, SUM = 12249289, bChange = 0.00401329, totNum = 235
ROUND = 1454, SUM = 12249289, bChange = 0.00401498, totNum = 234
ROUND = 1455, SUM = 12249289, bChange = 0.00401666, totNum = 232
ROUND = 1456, SUM = 12249289, bChange = 0.00401833, totNum = 232
ROUND = 1457, SUM = 12249289, bChange = 0.00402001, totNum = 231
ROUND = 1458, SUM = 12249289, bChange = 0.00402168, totNum = 230
ROUND = 1459, SUM = 12249289, bChange = 0.00402335, totNum = 231
ROUND = 1460, SUM = 12249289, bChange = 0.00402501, totNum = 230
ROUND = 1461, SUM = 12249289, bChange = 0.00402667, totNum = 230
ROUND = 1462, SUM = 12249289, bChange = 0.00402833, totNum = 230
ROUND = 1463, SUM = 12249289, bChange = 0.00402999, totNum = 230
ROUND = 1464, SUM = 12249289, bChange = 0.00403164, totNum = 230
ROUND = 1465, SUM = 12249289, bChange = 0.00403329, totNum = 229
ROUND = 1466, SUM = 12249289, bChange = 0.00403494, totNum = 229
ROUND = 1467, SUM = 12249288.9999999, bChange = 0.00403658, totNum = 228
ROUND = 1468, SUM = 12249288.9999999, bChange = 0.00403822, totNum = 227
ROUND = 1469, SUM = 12249289, bChange = 0.00403986, totNum = 226
ROUND = 1470, SUM = 12249288.9999999, bChange = 0.00404149, totNum = 225
ROUND = 1471, SUM = 12249289, bChange = 0.00404312, totNum = 224
ROUND = 1472, SUM = 12249289, bChange = 0.00404475, totNum = 224
ROUND = 1473, SUM = 12249289, bChange = 0.00404637, totNum = 223
ROUND = 1474, SUM = 12249289, bChange = 0.004048, totNum = 223
ROUND = 1475, SUM = 12249289, bChange = 0.00404962, totNum = 223
ROUND = 1476, SUM = 12249289, bChange = 0.00405123, totNum = 222
ROUND = 1477, SUM = 12249288.9999999, bChange = 0.00405284, totNum = 222
ROUND = 1478, SUM = 12249289, bChange = 0.00405445, totNum = 222
ROUND = 1479, SUM = 12249288.9999999, bChange = 0.00405606, totNum = 221
ROUND = 1480, SUM = 12249288.9999999, bChange = 0.00405766, totNum = 220
ROUND = 1481, SUM = 12249289, bChange = 0.00405927, totNum = 220
ROUND = 1482, SUM = 12249289, bChange = 0.00406086, totNum = 220
ROUND = 1483, SUM = 12249288.9999999, bChange = 0.00406246, totNum = 220
ROUND = 1484, SUM = 12249289, bChange = 0.00406405, totNum = 220
ROUND = 1485, SUM = 12249289, bChange = 0.00406564, totNum = 220
ROUND = 1486, SUM = 12249289, bChange = 0.00406722, totNum = 220
ROUND = 1487, SUM = 12249289, bChange = 0.00406881, totNum = 220
ROUND = 1488, SUM = 12249289, bChange = 0.00407039, totNum = 220
ROUND = 1489, SUM = 12249288.9999999, bChange = 0.00407196, totNum = 220
ROUND = 1490, SUM = 12249289, bChange = 0.00407354, totNum = 220
ROUND = 1491, SUM = 12249289, bChange = 0.00407511, totNum = 220
ROUND = 1492, SUM = 12249288.9999999, bChange = 0.00407668, totNum = 220
ROUND = 1493, SUM = 12249289, bChange = 0.00407824, totNum = 220
ROUND = 1494, SUM = 12249289, bChange = 0.0040798, totNum = 220
ROUND = 1495, SUM = 12249289, bChange = 0.00408136, totNum = 220
ROUND = 1496, SUM = 12249289, bChange = 0.00408292, totNum = 219
ROUND = 1497, SUM = 12249288.9999999, bChange = 0.00408447, totNum = 219
ROUND = 1498, SUM = 12249289, bChange = 0.00408602, totNum = 219
ROUND = 1499, SUM = 12249288.9999999, bChange = 0.00408757, totNum = 219
ROUND = 1500, SUM = 12249289, bChange = 0.00408911, totNum = 219
ROUND = 1501, SUM = 12249289, bChange = 0.00409066, totNum = 219
ROUND = 1502, SUM = 12249289, bChange = 0.00409219, totNum = 218
ROUND = 1503, SUM = 12249288.9999999, bChange = 0.00409373, totNum = 217
ROUND = 1504, SUM = 12249289, bChange = 0.00409526, totNum = 216
ROUND = 1505, SUM = 12249289, bChange = 0.00409679, totNum = 216
ROUND = 1506, SUM = 12249289, bChange = 0.00409832, totNum = 216
ROUND = 1507, SUM = 12249289, bChange = 0.00409984, totNum = 216
ROUND = 1508, SUM = 12249289, bChange = 0.00410136, totNum = 216
ROUND = 1509, SUM = 12249289, bChange = 0.00410288, totNum = 216
ROUND = 1510, SUM = 12249289, bChange = 0.0041044, totNum = 215
ROUND = 1511, SUM = 12249289, bChange = 0.00410591, totNum = 215
ROUND = 1512, SUM = 12249288.9999999, bChange = 0.00410742, totNum = 215
ROUND = 1513, SUM = 12249289, bChange = 0.00410893, totNum = 215
ROUND = 1514, SUM = 12249289, bChange = 0.00411043, totNum = 214
ROUND = 1515, SUM = 12249289, bChange = 0.00411193, totNum = 214
ROUND = 1516, SUM = 12249289, bChange = 0.00411343, totNum = 213
ROUND = 1517, SUM = 12249289, bChange = 0.00411492, totNum = 213
ROUND = 1518, SUM = 12249289, bChange = 0.00411642, totNum = 211
ROUND = 1519, SUM = 12249289, bChange = 0.0041179, totNum = 211
ROUND = 1520, SUM = 12249289, bChange = 0.00411939, totNum = 211
ROUND = 1521, SUM = 12249289, bChange = 0.00412087, totNum = 211
ROUND = 1522, SUM = 12249289, bChange = 0.00412235, totNum = 210
ROUND = 1523, SUM = 12249289, bChange = 0.00412383, totNum = 210
ROUND = 1524, SUM = 12249289, bChange = 0.00412531, totNum = 209
ROUND = 1525, SUM = 12249289, bChange = 0.00412678, totNum = 208
ROUND = 1526, SUM = 12249289, bChange = 0.00412825, totNum = 208
ROUND = 1527, SUM = 12249289, bChange = 0.00412971, totNum = 208
ROUND = 1528, SUM = 12249289, bChange = 0.00413118, totNum = 208
ROUND = 1529, SUM = 12249289, bChange = 0.00413264, totNum = 208
ROUND = 1530, SUM = 12249289, bChange = 0.0041341, totNum = 207
ROUND = 1531, SUM = 12249289, bChange = 0.00413555, totNum = 207
ROUND = 1532, SUM = 12249289, bChange = 0.004137, totNum = 206
ROUND = 1533, SUM = 12249289, bChange = 0.00413845, totNum = 205
ROUND = 1534, SUM = 12249289, bChange = 0.0041399, totNum = 204
ROUND = 1535, SUM = 12249289, bChange = 0.00414134, totNum = 204
ROUND = 1536, SUM = 12249288.9999999, bChange = 0.00414278, totNum = 204
ROUND = 1537, SUM = 12249289, bChange = 0.00414422, totNum = 204
ROUND = 1538, SUM = 12249289, bChange = 0.00414566, totNum = 204
ROUND = 1539, SUM = 12249289, bChange = 0.00414709, totNum = 204
ROUND = 1540, SUM = 12249289, bChange = 0.00414852, totNum = 204
ROUND = 1541, SUM = 12249289, bChange = 0.00414994, totNum = 204
ROUND = 1542, SUM = 12249289, bChange = 0.00415137, totNum = 204
ROUND = 1543, SUM = 12249289, bChange = 0.00415279, totNum = 204
ROUND = 1544, SUM = 12249288.9999999, bChange = 0.00415421, totNum = 204
ROUND = 1545, SUM = 12249289, bChange = 0.00415562, totNum = 203
ROUND = 1546, SUM = 12249289, bChange = 0.00415704, totNum = 203
ROUND = 1547, SUM = 12249289, bChange = 0.00415845, totNum = 201
ROUND = 1548, SUM = 12249289, bChange = 0.00415985, totNum = 200
ROUND = 1549, SUM = 12249289.0000001, bChange = 0.00416126, totNum = 200
ROUND = 1550, SUM = 12249289, bChange = 0.00416266, totNum = 199
ROUND = 1551, SUM = 12249289, bChange = 0.00416406, totNum = 199
ROUND = 1552, SUM = 12249289, bChange = 0.00416545, totNum = 199
ROUND = 1553, SUM = 12249289, bChange = 0.00416685, totNum = 200
ROUND = 1554, SUM = 12249289, bChange = 0.00416824, totNum = 199
ROUND = 1555, SUM = 12249289, bChange = 0.00416963, totNum = 199
ROUND = 1556, SUM = 12249289, bChange = 0.00417101, totNum = 198
ROUND = 1557, SUM = 12249289, bChange = 0.00417239, totNum = 197
ROUND = 1558, SUM = 12249289, bChange = 0.00417377, totNum = 197
ROUND = 1559, SUM = 12249289, bChange = 0.00417515, totNum = 197
ROUND = 1560, SUM = 12249289, bChange = 0.00417652, totNum = 197
ROUND = 1561, SUM = 12249288.9999999, bChange = 0.00417789, totNum = 197
ROUND = 1562, SUM = 12249289, bChange = 0.00417926, totNum = 196
ROUND = 1563, SUM = 12249288.9999999, bChange = 0.00418063, totNum = 196
ROUND = 1564, SUM = 12249289, bChange = 0.00418199, totNum = 196
ROUND = 1565, SUM = 12249289, bChange = 0.00418335, totNum = 195
ROUND = 1566, SUM = 12249289, bChange = 0.00418471, totNum = 195
ROUND = 1567, SUM = 12249288.9999999, bChange = 0.00418606, totNum = 195
ROUND = 1568, SUM = 12249289, bChange = 0.00418742, totNum = 195
ROUND = 1569, SUM = 12249289, bChange = 0.00418876, totNum = 193
ROUND = 1570, SUM = 12249289, bChange = 0.00419011, totNum = 193
ROUND = 1571, SUM = 12249288.9999999, bChange = 0.00419146, totNum = 193
ROUND = 1572, SUM = 12249289, bChange = 0.0041928, totNum = 193
ROUND = 1573, SUM = 12249289, bChange = 0.00419414, totNum = 193
ROUND = 1574, SUM = 12249288.9999999, bChange = 0.00419547, totNum = 192
ROUND = 1575, SUM = 12249289, bChange = 0.0041968, totNum = 192
ROUND = 1576, SUM = 12249289, bChange = 0.00419813, totNum = 192
ROUND = 1577, SUM = 12249289, bChange = 0.00419946, totNum = 192
ROUND = 1578, SUM = 12249289, bChange = 0.00420079, totNum = 192
ROUND = 1579, SUM = 12249289, bChange = 0.00420211, totNum = 191
ROUND = 1580, SUM = 12249288.9999999, bChange = 0.00420343, totNum = 191
ROUND = 1581, SUM = 12249288.9999999, bChange = 0.00420475, totNum = 191
ROUND = 1582, SUM = 12249288.9999999, bChange = 0.00420606, totNum = 191
ROUND = 1583, SUM = 12249289, bChange = 0.00420737, totNum = 188
ROUND = 1584, SUM = 12249289, bChange = 0.00420868, totNum = 188
ROUND = 1585, SUM = 12249288.9999999, bChange = 0.00420999, totNum = 188
ROUND = 1586, SUM = 12249288.9999999, bChange = 0.00421129, totNum = 188
ROUND = 1587, SUM = 12249289, bChange = 0.00421259, totNum = 188
ROUND = 1588, SUM = 12249289, bChange = 0.00421389, totNum = 187
ROUND = 1589, SUM = 12249289, bChange = 0.00421519, totNum = 187
ROUND = 1590, SUM = 12249289, bChange = 0.00421648, totNum = 186
ROUND = 1591, SUM = 12249289, bChange = 0.00421777, totNum = 185
ROUND = 1592, SUM = 12249289, bChange = 0.00421906, totNum = 184
ROUND = 1593, SUM = 12249289, bChange = 0.00422034, totNum = 184
ROUND = 1594, SUM = 12249289, bChange = 0.00422162, totNum = 184
ROUND = 1595, SUM = 12249288.9999999, bChange = 0.0042229, totNum = 184
ROUND = 1596, SUM = 12249288.9999999, bChange = 0.00422418, totNum = 184
ROUND = 1597, SUM = 12249288.9999999, bChange = 0.00422546, totNum = 181
ROUND = 1598, SUM = 12249289, bChange = 0.00422673, totNum = 181
ROUND = 1599, SUM = 12249289, bChange = 0.004228, totNum = 181
ROUND = 1600, SUM = 12249289, bChange = 0.00422926, totNum = 180
ROUND = 1601, SUM = 12249288.9999999, bChange = 0.00423053, totNum = 180
ROUND = 1602, SUM = 12249289, bChange = 0.00423179, totNum = 179
ROUND = 1603, SUM = 12249289, bChange = 0.00423305, totNum = 178
ROUND = 1604, SUM = 12249289, bChange = 0.0042343, totNum = 178
ROUND = 1605, SUM = 12249289, bChange = 0.00423556, totNum = 179
ROUND = 1606, SUM = 12249289, bChange = 0.00423681, totNum = 179
ROUND = 1607, SUM = 12249289, bChange = 0.00423806, totNum = 178
ROUND = 1608, SUM = 12249289, bChange = 0.0042393, totNum = 178
ROUND = 1609, SUM = 12249288.9999999, bChange = 0.00424055, totNum = 178
ROUND = 1610, SUM = 12249289, bChange = 0.00424179, totNum = 178
ROUND = 1611, SUM = 12249289, bChange = 0.00424302, totNum = 179
ROUND = 1612, SUM = 12249289, bChange = 0.00424426, totNum = 179
ROUND = 1613, SUM = 12249289, bChange = 0.00424549, totNum = 178
ROUND = 1614, SUM = 12249289, bChange = 0.00424672, totNum = 178
ROUND = 1615, SUM = 12249289, bChange = 0.00424795, totNum = 177
ROUND = 1616, SUM = 12249289, bChange = 0.00424918, totNum = 177
ROUND = 1617, SUM = 12249289, bChange = 0.0042504, totNum = 177
ROUND = 1618, SUM = 12249289, bChange = 0.00425162, totNum = 177
ROUND = 1619, SUM = 12249289, bChange = 0.00425283, totNum = 177
ROUND = 1620, SUM = 12249289, bChange = 0.00425405, totNum = 177
ROUND = 1621, SUM = 12249289, bChange = 0.00425526, totNum = 177
ROUND = 1622, SUM = 12249288.9999999, bChange = 0.00425647, totNum = 176
ROUND = 1623, SUM = 12249289, bChange = 0.00425768, totNum = 176
ROUND = 1624, SUM = 12249289, bChange = 0.00425888, totNum = 175
ROUND = 1625, SUM = 12249289, bChange = 0.00426009, totNum = 175
ROUND = 1626, SUM = 12249289, bChange = 0.00426128, totNum = 175
ROUND = 1627, SUM = 12249289, bChange = 0.00426248, totNum = 175
ROUND = 1628, SUM = 12249289, bChange = 0.00426368, totNum = 175
ROUND = 1629, SUM = 12249289, bChange = 0.00426487, totNum = 175
ROUND = 1630, SUM = 12249289, bChange = 0.00426606, totNum = 174
ROUND = 1631, SUM = 12249288.9999999, bChange = 0.00426724, totNum = 174
ROUND = 1632, SUM = 12249289, bChange = 0.00426843, totNum = 173
ROUND = 1633, SUM = 12249288.9999999, bChange = 0.00426961, totNum = 173
ROUND = 1634, SUM = 12249289, bChange = 0.00427079, totNum = 173
ROUND = 1635, SUM = 12249289, bChange = 0.00427197, totNum = 173
ROUND = 1636, SUM = 12249288.9999999, bChange = 0.00427314, totNum = 172
ROUND = 1637, SUM = 12249289, bChange = 0.00427431, totNum = 171
ROUND = 1638, SUM = 12249288.9999999, bChange = 0.00427548, totNum = 171
ROUND = 1639, SUM = 12249289, bChange = 0.00427665, totNum = 171
ROUND = 1640, SUM = 12249289, bChange = 0.00427781, totNum = 171
ROUND = 1641, SUM = 12249289, bChange = 0.00427897, totNum = 170
ROUND = 1642, SUM = 12249289, bChange = 0.00428013, totNum = 169
ROUND = 1643, SUM = 12249288.9999999, bChange = 0.00428129, totNum = 169
ROUND = 1644, SUM = 12249289, bChange = 0.00428244, totNum = 169
ROUND = 1645, SUM = 12249289, bChange = 0.00428359, totNum = 169
ROUND = 1646, SUM = 12249289, bChange = 0.00428474, totNum = 169
ROUND = 1647, SUM = 12249288.9999999, bChange = 0.00428589, totNum = 169
ROUND = 1648, SUM = 12249289, bChange = 0.00428703, totNum = 168
ROUND = 1649, SUM = 12249288.9999999, bChange = 0.00428818, totNum = 168
ROUND = 1650, SUM = 12249289, bChange = 0.00428932, totNum = 168
ROUND = 1651, SUM = 12249288.9999999, bChange = 0.00429045, totNum = 168
ROUND = 1652, SUM = 12249289, bChange = 0.00429159, totNum = 168
ROUND = 1653, SUM = 12249289, bChange = 0.00429272, totNum = 168
ROUND = 1654, SUM = 12249288.9999999, bChange = 0.00429385, totNum = 168
ROUND = 1655, SUM = 12249289, bChange = 0.00429498, totNum = 168
ROUND = 1656, SUM = 12249289, bChange = 0.0042961, totNum = 168
ROUND = 1657, SUM = 12249288.9999999, bChange = 0.00429722, totNum = 166
ROUND = 1658, SUM = 12249289, bChange = 0.00429834, totNum = 166
ROUND = 1659, SUM = 12249289, bChange = 0.00429946, totNum = 166
ROUND = 1660, SUM = 12249289, bChange = 0.00430057, totNum = 166
ROUND = 1661, SUM = 12249289, bChange = 0.00430169, totNum = 166
ROUND = 1662, SUM = 12249289, bChange = 0.0043028, totNum = 165
ROUND = 1663, SUM = 12249288.9999999, bChange = 0.0043039, totNum = 164
ROUND = 1664, SUM = 12249289, bChange = 0.00430501, totNum = 164
ROUND = 1665, SUM = 12249289, bChange = 0.00430611, totNum = 164
ROUND = 1666, SUM = 12249288.9999999, bChange = 0.00430721, totNum = 164
ROUND = 1667, SUM = 12249289, bChange = 0.00430831, totNum = 164
ROUND = 1668, SUM = 12249288.9999999, bChange = 0.0043094, totNum = 164
ROUND = 1669, SUM = 12249289, bChange = 0.0043105, totNum = 164
ROUND = 1670, SUM = 12249288.9999999, bChange = 0.00431159, totNum = 163
ROUND = 1671, SUM = 12249288.9999999, bChange = 0.00431268, totNum = 163
ROUND = 1672, SUM = 12249288.9999999, bChange = 0.00431376, totNum = 162
ROUND = 1673, SUM = 12249289.0000001, bChange = 0.00431484, totNum = 162
ROUND = 1674, SUM = 12249289, bChange = 0.00431592, totNum = 162
ROUND = 1675, SUM = 12249289, bChange = 0.004317, totNum = 162
ROUND = 1676, SUM = 12249289, bChange = 0.00431808, totNum = 161
ROUND = 1677, SUM = 12249288.9999999, bChange = 0.00431915, totNum = 161
ROUND = 1678, SUM = 12249288.9999999, bChange = 0.00432022, totNum = 161
ROUND = 1679, SUM = 12249289, bChange = 0.00432129, totNum = 161
ROUND = 1680, SUM = 12249289, bChange = 0.00432236, totNum = 160
ROUND = 1681, SUM = 12249289, bChange = 0.00432342, totNum = 160
ROUND = 1682, SUM = 12249288.9999999, bChange = 0.00432449, totNum = 160
ROUND = 1683, SUM = 12249288.9999999, bChange = 0.00432555, totNum = 160
ROUND = 1684, SUM = 12249289, bChange = 0.0043266, totNum = 159
ROUND = 1685, SUM = 12249289, bChange = 0.00432766, totNum = 159
ROUND = 1686, SUM = 12249289, bChange = 0.00432871, totNum = 159
ROUND = 1687, SUM = 12249289, bChange = 0.00418589, totNum = 158
ROUND = 1688, SUM = 12249289, bChange = 0.0041891, totNum = 157
ROUND = 1689, SUM = 12249289, bChange = 0.0041923, totNum = 157
ROUND = 1690, SUM = 12249289, bChange = 0.0041955, totNum = 157
ROUND = 1691, SUM = 12249289, bChange = 0.00419871, totNum = 157
ROUND = 1692, SUM = 12249288.9999999, bChange = 0.00420191, totNum = 157
ROUND = 1693, SUM = 12249289, bChange = 0.00420511, totNum = 157
ROUND = 1694, SUM = 12249288.9999999, bChange = 0.0042083, totNum = 157
ROUND = 1695, SUM = 12249289, bChange = 0.0042115, totNum = 157
ROUND = 1696, SUM = 12249289, bChange = 0.0042147, totNum = 157
ROUND = 1697, SUM = 12249289, bChange = 0.00421789, totNum = 157
ROUND = 1698, SUM = 12249289, bChange = 0.00422108, totNum = 157
ROUND = 1699, SUM = 12249289, bChange = 0.00422428, totNum = 156
ROUND = 1700, SUM = 12249288.9999999, bChange = 0.00422747, totNum = 156
ROUND = 1701, SUM = 12249289, bChange = 0.00423065, totNum = 154
ROUND = 1702, SUM = 12249289, bChange = 0.00423384, totNum = 153
ROUND = 1703, SUM = 12249289, bChange = 0.00423703, totNum = 153
ROUND = 1704, SUM = 12249289, bChange = 0.00424021, totNum = 153
ROUND = 1705, SUM = 12249289, bChange = 0.0042434, totNum = 153
ROUND = 1706, SUM = 12249289, bChange = 0.00424658, totNum = 153
ROUND = 1707, SUM = 12249288.9999999, bChange = 0.00424976, totNum = 153
ROUND = 1708, SUM = 12249288.9999999, bChange = 0.00425294, totNum = 153
ROUND = 1709, SUM = 12249289, bChange = 0.00425612, totNum = 153
ROUND = 1710, SUM = 12249288.9999999, bChange = 0.00361716, totNum = 152
ROUND = 1711, SUM = 12249288.9999999, bChange = 0.00361769, totNum = 152
ROUND = 1712, SUM = 12249289, bChange = 0.00361822, totNum = 151
ROUND = 1713, SUM = 12249289, bChange = 0.00361876, totNum = 151
ROUND = 1714, SUM = 12249289, bChange = 0.00361929, totNum = 151
ROUND = 1715, SUM = 12249289, bChange = 0.00361982, totNum = 151
ROUND = 1716, SUM = 12249289, bChange = 0.00362035, totNum = 150
ROUND = 1717, SUM = 12249288.9999999, bChange = 0.00362087, totNum = 150
ROUND = 1718, SUM = 12249288.9999999, bChange = 0.0036214, totNum = 150
ROUND = 1719, SUM = 12249288.9999999, bChange = 0.00362193, totNum = 149
ROUND = 1720, SUM = 12249289, bChange = 0.00362245, totNum = 149
ROUND = 1721, SUM = 12249289, bChange = 0.00362298, totNum = 149
ROUND = 1722, SUM = 12249288.9999999, bChange = 0.0036235, totNum = 149
ROUND = 1723, SUM = 12249289, bChange = 0.00362402, totNum = 149
ROUND = 1724, SUM = 12249288.9999999, bChange = 0.00362454, totNum = 149
ROUND = 1725, SUM = 12249288.9999999, bChange = 0.00362506, totNum = 149
ROUND = 1726, SUM = 12249288.9999999, bChange = 0.00362558, totNum = 149
ROUND = 1727, SUM = 12249289, bChange = 0.0036261, totNum = 149
ROUND = 1728, SUM = 12249289, bChange = 0.00362661, totNum = 149
ROUND = 1729, SUM = 12249289, bChange = 0.00362713, totNum = 149
ROUND = 1730, SUM = 12249289, bChange = 0.00362764, totNum = 149
ROUND = 1731, SUM = 12249288.9999999, bChange = 0.00362816, totNum = 149
ROUND = 1732, SUM = 12249289, bChange = 0.00362867, totNum = 149
ROUND = 1733, SUM = 12249289, bChange = 0.00362918, totNum = 149
ROUND = 1734, SUM = 12249289, bChange = 0.00362969, totNum = 149
ROUND = 1735, SUM = 12249289, bChange = 0.0036302, totNum = 149
ROUND = 1736, SUM = 12249289, bChange = 0.00363071, totNum = 148
ROUND = 1737, SUM = 12249289, bChange = 0.00363121, totNum = 148
ROUND = 1738, SUM = 12249289, bChange = 0.00363172, totNum = 148
ROUND = 1739, SUM = 12249289, bChange = 0.00363222, totNum = 148
ROUND = 1740, SUM = 12249289, bChange = 0.00363273, totNum = 148
ROUND = 1741, SUM = 12249289, bChange = 0.00363323, totNum = 147
ROUND = 1742, SUM = 12249288.9999999, bChange = 0.00363373, totNum = 146
ROUND = 1743, SUM = 12249288.9999999, bChange = 0.00363423, totNum = 145
ROUND = 1744, SUM = 12249289, bChange = 0.00363473, totNum = 145
ROUND = 1745, SUM = 12249289, bChange = 0.00363523, totNum = 144
ROUND = 1746, SUM = 12249289, bChange = 0.00363573, totNum = 144
ROUND = 1747, SUM = 12249289, bChange = 0.00363623, totNum = 144
ROUND = 1748, SUM = 12249289, bChange = 0.00363672, totNum = 144
ROUND = 1749, SUM = 12249289, bChange = 0.00363722, totNum = 144
ROUND = 1750, SUM = 12249289, bChange = 0.00363771, totNum = 144
ROUND = 1751, SUM = 12249289, bChange = 0.00363821, totNum = 144
ROUND = 1752, SUM = 12249289, bChange = 0.0036387, totNum = 144
ROUND = 1753, SUM = 12249289, bChange = 0.00363919, totNum = 144
ROUND = 1754, SUM = 12249289, bChange = 0.00363968, totNum = 144
ROUND = 1755, SUM = 12249289, bChange = 0.00364017, totNum = 144
ROUND = 1756, SUM = 12249289, bChange = 0.00364066, totNum = 144
ROUND = 1757, SUM = 12249289, bChange = 0.00364114, totNum = 144
ROUND = 1758, SUM = 12249289, bChange = 0.00364163, totNum = 144
ROUND = 1759, SUM = 12249289, bChange = 0.00364211, totNum = 144
ROUND = 1760, SUM = 12249289, bChange = 0.0036426, totNum = 143
ROUND = 1761, SUM = 12249288.9999999, bChange = 0.00364308, totNum = 142
ROUND = 1762, SUM = 12249288.9999999, bChange = 0.00364356, totNum = 141
ROUND = 1763, SUM = 12249289, bChange = 0.00364404, totNum = 141
ROUND = 1764, SUM = 12249289, bChange = 0.00364452, totNum = 139
ROUND = 1765, SUM = 12249289, bChange = 0.003645, totNum = 139
ROUND = 1766, SUM = 12249289, bChange = 0.00364548, totNum = 139
ROUND = 1767, SUM = 12249289, bChange = 0.00364596, totNum = 139
ROUND = 1768, SUM = 12249289, bChange = 0.00364644, totNum = 139
ROUND = 1769, SUM = 12249289, bChange = 0.00364691, totNum = 139
ROUND = 1770, SUM = 12249289, bChange = 0.00364739, totNum = 138
ROUND = 1771, SUM = 12249289, bChange = 0.00364786, totNum = 138
ROUND = 1772, SUM = 12249289, bChange = 0.00364833, totNum = 138
ROUND = 1773, SUM = 12249289, bChange = 0.0036488, totNum = 138
ROUND = 1774, SUM = 12249289, bChange = 0.00364927, totNum = 138
ROUND = 1775, SUM = 12249289, bChange = 0.00364974, totNum = 138
ROUND = 1776, SUM = 12249289, bChange = 0.00365021, totNum = 138
ROUND = 1777, SUM = 12249289, bChange = 0.00365068, totNum = 138
ROUND = 1778, SUM = 12249289, bChange = 0.00365115, totNum = 138
ROUND = 1779, SUM = 12249289, bChange = 0.00365161, totNum = 139
ROUND = 1780, SUM = 12249289, bChange = 0.00365208, totNum = 139
ROUND = 1781, SUM = 12249288.9999999, bChange = 0.00365254, totNum = 139
ROUND = 1782, SUM = 12249289, bChange = 0.00365301, totNum = 139
ROUND = 1783, SUM = 12249289, bChange = 0.00365347, totNum = 139
ROUND = 1784, SUM = 12249288.9999999, bChange = 0.00365393, totNum = 139
ROUND = 1785, SUM = 12249289, bChange = 0.00365439, totNum = 139
ROUND = 1786, SUM = 12249289, bChange = 0.00365485, totNum = 139
ROUND = 1787, SUM = 12249289, bChange = 0.00365531, totNum = 139
ROUND = 1788, SUM = 12249288.9999999, bChange = 0.00365577, totNum = 139
ROUND = 1789, SUM = 12249289, bChange = 0.00365622, totNum = 139
ROUND = 1790, SUM = 12249289, bChange = 0.00365668, totNum = 139
ROUND = 1791, SUM = 12249289, bChange = 0.00365713, totNum = 139
ROUND = 1792, SUM = 12249289, bChange = 0.00365759, totNum = 139
ROUND = 1793, SUM = 12249289, bChange = 0.00365804, totNum = 139
ROUND = 1794, SUM = 12249289, bChange = 0.00365849, totNum = 139
ROUND = 1795, SUM = 12249289, bChange = 0.00365894, totNum = 139
ROUND = 1796, SUM = 12249288.9999999, bChange = 0.00365939, totNum = 139
ROUND = 1797, SUM = 12249289, bChange = 0.00365984, totNum = 139
ROUND = 1798, SUM = 12249289, bChange = 0.00366029, totNum = 138
ROUND = 1799, SUM = 12249289, bChange = 0.00366074, totNum = 137
ROUND = 1800, SUM = 12249289, bChange = 0.00366119, totNum = 137
ROUND = 1801, SUM = 12249289, bChange = 0.00366163, totNum = 136
ROUND = 1802, SUM = 12249289, bChange = 0.00366208, totNum = 136
ROUND = 1803, SUM = 12249289, bChange = 0.00366252, totNum = 136
ROUND = 1804, SUM = 12249289, bChange = 0.00366296, totNum = 136
ROUND = 1805, SUM = 12249289, bChange = 0.00366341, totNum = 136
ROUND = 1806, SUM = 12249289, bChange = 0.00366385, totNum = 135
ROUND = 1807, SUM = 12249289, bChange = 0.00366429, totNum = 135
ROUND = 1808, SUM = 12249289, bChange = 0.00366473, totNum = 134
ROUND = 1809, SUM = 12249289, bChange = 0.00366517, totNum = 134
ROUND = 1810, SUM = 12249289, bChange = 0.00366561, totNum = 134
ROUND = 1811, SUM = 12249289, bChange = 0.00366604, totNum = 134
ROUND = 1812, SUM = 12249289, bChange = 0.00366648, totNum = 134
ROUND = 1813, SUM = 12249289, bChange = 0.00366691, totNum = 134
ROUND = 1814, SUM = 12249289, bChange = 0.00366735, totNum = 134
ROUND = 1815, SUM = 12249289, bChange = 0.00366778, totNum = 134
ROUND = 1816, SUM = 12249289, bChange = 0.00366821, totNum = 134
ROUND = 1817, SUM = 12249289, bChange = 0.00366865, totNum = 134
ROUND = 1818, SUM = 12249288.9999999, bChange = 0.00366908, totNum = 134
ROUND = 1819, SUM = 12249289, bChange = 0.00366951, totNum = 134
ROUND = 1820, SUM = 12249288.9999999, bChange = 0.00366994, totNum = 134
ROUND = 1821, SUM = 12249289, bChange = 0.00367037, totNum = 134
ROUND = 1822, SUM = 12249289, bChange = 0.00367079, totNum = 134
ROUND = 1823, SUM = 12249289, bChange = 0.00367122, totNum = 134
ROUND = 1824, SUM = 12249289, bChange = 0.00367165, totNum = 134
ROUND = 1825, SUM = 12249288.9999999, bChange = 0.00367207, totNum = 133
ROUND = 1826, SUM = 12249289, bChange = 0.0036725, totNum = 133
ROUND = 1827, SUM = 12249288.9999999, bChange = 0.00367292, totNum = 133
ROUND = 1828, SUM = 12249289, bChange = 0.00367334, totNum = 133
ROUND = 1829, SUM = 12249289, bChange = 0.00367376, totNum = 133
ROUND = 1830, SUM = 12249289, bChange = 0.00367418, totNum = 133
ROUND = 1831, SUM = 12249289, bChange = 0.0036746, totNum = 133
ROUND = 1832, SUM = 12249289, bChange = 0.00367502, totNum = 132
ROUND = 1833, SUM = 12249288.9999999, bChange = 0.00367544, totNum = 132
ROUND = 1834, SUM = 12249289, bChange = 0.00367586, totNum = 132
ROUND = 1835, SUM = 12249289, bChange = 0.00367628, totNum = 132
ROUND = 1836, SUM = 12249289, bChange = 0.00367669, totNum = 131
ROUND = 1837, SUM = 12249289, bChange = 0.00367711, totNum = 131
ROUND = 1838, SUM = 12249288.9999999, bChange = 0.00367752, totNum = 131
ROUND = 1839, SUM = 12249289, bChange = 0.00367793, totNum = 131
ROUND = 1840, SUM = 12249289, bChange = 0.00367835, totNum = 131
ROUND = 1841, SUM = 12249289, bChange = 0.00367876, totNum = 131
ROUND = 1842, SUM = 12249289, bChange = 0.00367917, totNum = 131
ROUND = 1843, SUM = 12249289, bChange = 0.00367958, totNum = 130
ROUND = 1844, SUM = 12249289, bChange = 0.00367999, totNum = 130
ROUND = 1845, SUM = 12249289, bChange = 0.0036804, totNum = 130
ROUND = 1846, SUM = 12249289, bChange = 0.0036808, totNum = 130
ROUND = 1847, SUM = 12249288.9999999, bChange = 0.00368121, totNum = 130
ROUND = 1848, SUM = 12249289, bChange = 0.00368162, totNum = 130
ROUND = 1849, SUM = 12249289, bChange = 0.00368202, totNum = 130
ROUND = 1850, SUM = 12249289, bChange = 0.00368243, totNum = 130
ROUND = 1851, SUM = 12249289, bChange = 0.00368283, totNum = 129
ROUND = 1852, SUM = 12249289, bChange = 0.00368323, totNum = 129
ROUND = 1853, SUM = 12249288.9999999, bChange = 0.00368364, totNum = 129
ROUND = 1854, SUM = 12249289, bChange = 0.00368404, totNum = 129
ROUND = 1855, SUM = 12249289, bChange = 0.00368444, totNum = 129
ROUND = 1856, SUM = 12249288.9999999, bChange = 0.00368484, totNum = 129
ROUND = 1857, SUM = 12249289, bChange = 0.00368524, totNum = 128
ROUND = 1858, SUM = 12249288.9999999, bChange = 0.00368564, totNum = 128
ROUND = 1859, SUM = 12249289, bChange = 0.00368603, totNum = 128
ROUND = 1860, SUM = 12249289, bChange = 0.00368643, totNum = 128
ROUND = 1861, SUM = 12249289, bChange = 0.00368682, totNum = 128
ROUND = 1862, SUM = 12249289, bChange = 0.00368722, totNum = 128
ROUND = 1863, SUM = 12249289, bChange = 0.00368761, totNum = 128
ROUND = 1864, SUM = 12249289, bChange = 0.00368801, totNum = 128
ROUND = 1865, SUM = 12249288.9999999, bChange = 0.0036884, totNum = 128
ROUND = 1866, SUM = 12249289, bChange = 0.00368879, totNum = 127
ROUND = 1867, SUM = 12249289, bChange = 0.00368918, totNum = 126
ROUND = 1868, SUM = 12249289, bChange = 0.00368957, totNum = 126
ROUND = 1869, SUM = 12249289, bChange = 0.00368996, totNum = 126
ROUND = 1870, SUM = 12249289, bChange = 0.00369035, totNum = 126
ROUND = 1871, SUM = 12249289, bChange = 0.00369074, totNum = 126
ROUND = 1872, SUM = 12249289, bChange = 0.00369113, totNum = 126
ROUND = 1873, SUM = 12249289, bChange = 0.00369151, totNum = 125
ROUND = 1874, SUM = 12249289, bChange = 0.0036919, totNum = 125
ROUND = 1875, SUM = 12249289, bChange = 0.00369229, totNum = 124
ROUND = 1876, SUM = 12249289, bChange = 0.00369267, totNum = 123
ROUND = 1877, SUM = 12249289, bChange = 0.00369305, totNum = 123
ROUND = 1878, SUM = 12249289, bChange = 0.00369344, totNum = 123
ROUND = 1879, SUM = 12249289, bChange = 0.00369382, totNum = 123
ROUND = 1880, SUM = 12249289, bChange = 0.0036942, totNum = 123
ROUND = 1881, SUM = 12249289, bChange = 0.00369458, totNum = 123
ROUND = 1882, SUM = 12249289, bChange = 0.00369496, totNum = 123
ROUND = 1883, SUM = 12249289, bChange = 0.00369534, totNum = 123
ROUND = 1884, SUM = 12249289, bChange = 0.00369572, totNum = 123
ROUND = 1885, SUM = 12249289, bChange = 0.00369609, totNum = 123
ROUND = 1886, SUM = 12249288.9999999, bChange = 0.00369647, totNum = 122
ROUND = 1887, SUM = 12249289, bChange = 0.00369685, totNum = 122
ROUND = 1888, SUM = 12249288.9999999, bChange = 0.00369722, totNum = 122
ROUND = 1889, SUM = 12249289, bChange = 0.0036976, totNum = 122
ROUND = 1890, SUM = 12249289, bChange = 0.00369797, totNum = 122
ROUND = 1891, SUM = 12249288.9999999, bChange = 0.00369834, totNum = 122
ROUND = 1892, SUM = 12249289, bChange = 0.00369872, totNum = 122
ROUND = 1893, SUM = 12249289, bChange = 0.00369909, totNum = 122
ROUND = 1894, SUM = 12249289, bChange = 0.00369946, totNum = 122
ROUND = 1895, SUM = 12249289, bChange = 0.00369983, totNum = 120
ROUND = 1896, SUM = 12249289.0000001, bChange = 0.0037002, totNum = 120
ROUND = 1897, SUM = 12249289, bChange = 0.00370057, totNum = 119
ROUND = 1898, SUM = 12249289, bChange = 0.00370094, totNum = 119
ROUND = 1899, SUM = 12249289, bChange = 0.0037013, totNum = 119
ROUND = 1900, SUM = 12249289, bChange = 0.00370167, totNum = 119
ROUND = 1901, SUM = 12249288.9999999, bChange = 0.00370204, totNum = 119
ROUND = 1902, SUM = 12249289, bChange = 0.0037024, totNum = 119
ROUND = 1903, SUM = 12249289, bChange = 0.00370277, totNum = 119
ROUND = 1904, SUM = 12249289, bChange = 0.00370313, totNum = 119
ROUND = 1905, SUM = 12249289, bChange = 0.00370349, totNum = 119
ROUND = 1906, SUM = 12249289, bChange = 0.00370386, totNum = 119
ROUND = 1907, SUM = 12249289, bChange = 0.00370422, totNum = 118
ROUND = 1908, SUM = 12249289, bChange = 0.00370458, totNum = 116
ROUND = 1909, SUM = 12249289, bChange = 0.0034491, totNum = 115
ROUND = 1910, SUM = 12249289, bChange = 0.00344908, totNum = 113
ROUND = 1911, SUM = 12249289, bChange = 0.00344907, totNum = 112
ROUND = 1912, SUM = 12249289, bChange = 0.00344905, totNum = 112
ROUND = 1913, SUM = 12249289, bChange = 0.00344904, totNum = 112
ROUND = 1914, SUM = 12249289, bChange = 0.00344902, totNum = 112
ROUND = 1915, SUM = 12249289, bChange = 0.00344901, totNum = 112
ROUND = 1916, SUM = 12249289, bChange = 0.003449, totNum = 112
ROUND = 1917, SUM = 12249289, bChange = 0.00344898, totNum = 112
ROUND = 1918, SUM = 12249289, bChange = 0.00344897, totNum = 112
ROUND = 1919, SUM = 12249289, bChange = 0.00344895, totNum = 112
ROUND = 1920, SUM = 12249289, bChange = 0.00344894, totNum = 112
ROUND = 1921, SUM = 12249289, bChange = 0.00344892, totNum = 112
ROUND = 1922, SUM = 12249289, bChange = 0.00344891, totNum = 112
ROUND = 1923, SUM = 12249289, bChange = 0.00344889, totNum = 111
ROUND = 1924, SUM = 12249289, bChange = 0.00344888, totNum = 110
ROUND = 1925, SUM = 12249289, bChange = 0.00344887, totNum = 110
ROUND = 1926, SUM = 12249289, bChange = 0.00344885, totNum = 110
ROUND = 1927, SUM = 12249289, bChange = 0.00344884, totNum = 110
ROUND = 1928, SUM = 12249289, bChange = 0.00344882, totNum = 110
ROUND = 1929, SUM = 12249289, bChange = 0.00344881, totNum = 109
ROUND = 1930, SUM = 12249289, bChange = 0.0034488, totNum = 109
ROUND = 1931, SUM = 12249289, bChange = 0.00344878, totNum = 109
ROUND = 1932, SUM = 12249289, bChange = 0.00344877, totNum = 108
ROUND = 1933, SUM = 12249289, bChange = 0.00344875, totNum = 108
ROUND = 1934, SUM = 12249289, bChange = 0.00344874, totNum = 108
ROUND = 1935, SUM = 12249289, bChange = 0.00344873, totNum = 108
ROUND = 1936, SUM = 12249289, bChange = 0.00344871, totNum = 108
ROUND = 1937, SUM = 12249289, bChange = 0.0034487, totNum = 108
ROUND = 1938, SUM = 12249289, bChange = 0.00344869, totNum = 108
ROUND = 1939, SUM = 12249289, bChange = 0.00344867, totNum = 107
ROUND = 1940, SUM = 12249289, bChange = 0.00344866, totNum = 107
ROUND = 1941, SUM = 12249289, bChange = 0.00344865, totNum = 107
ROUND = 1942, SUM = 12249289, bChange = 0.00344863, totNum = 107
ROUND = 1943, SUM = 12249289, bChange = 0.00344862, totNum = 107
ROUND = 1944, SUM = 12249289, bChange = 0.00344861, totNum = 106
ROUND = 1945, SUM = 12249289, bChange = 0.00344859, totNum = 106
ROUND = 1946, SUM = 12249289, bChange = 0.00344858, totNum = 106
ROUND = 1947, SUM = 12249288.9999999, bChange = 0.00344857, totNum = 106
ROUND = 1948, SUM = 12249289, bChange = 0.00344855, totNum = 105
ROUND = 1949, SUM = 12249289, bChange = 0.00344854, totNum = 104
ROUND = 1950, SUM = 12249288.9999999, bChange = 0.00344853, totNum = 104
ROUND = 1951, SUM = 12249289, bChange = 0.00344852, totNum = 104
ROUND = 1952, SUM = 12249288.9999999, bChange = 0.0034485, totNum = 104
ROUND = 1953, SUM = 12249289, bChange = 0.00344849, totNum = 104
ROUND = 1954, SUM = 12249289, bChange = 0.00344848, totNum = 104
ROUND = 1955, SUM = 12249289, bChange = 0.00344846, totNum = 104
ROUND = 1956, SUM = 12249288.9999999, bChange = 0.00344845, totNum = 104
ROUND = 1957, SUM = 12249289, bChange = 0.00344844, totNum = 104
ROUND = 1958, SUM = 12249289, bChange = 0.00344843, totNum = 104
ROUND = 1959, SUM = 12249289, bChange = 0.00344841, totNum = 104
ROUND = 1960, SUM = 12249288.9999999, bChange = 0.0034484, totNum = 104
ROUND = 1961, SUM = 12249289, bChange = 0.00344839, totNum = 104
ROUND = 1962, SUM = 12249289, bChange = 0.00344838, totNum = 104
ROUND = 1963, SUM = 12249289, bChange = 0.00344836, totNum = 102
ROUND = 1964, SUM = 12249289, bChange = 0.00344835, totNum = 101
ROUND = 1965, SUM = 12249289, bChange = 0.00344834, totNum = 101
ROUND = 1966, SUM = 12249289, bChange = 0.00344833, totNum = 101
ROUND = 1967, SUM = 12249289, bChange = 0.00344831, totNum = 101
ROUND = 1968, SUM = 12249289, bChange = 0.0034483, totNum = 101
ROUND = 1969, SUM = 12249289, bChange = 0.00344829, totNum = 101
ROUND = 1970, SUM = 12249289, bChange = 0.00344828, totNum = 101
ROUND = 1971, SUM = 12249289, bChange = 0.00344827, totNum = 101
ROUND = 1972, SUM = 12249289, bChange = 0.00344825, totNum = 101
ROUND = 1973, SUM = 12249289, bChange = 0.00344824, totNum = 100
ROUND = 1974, SUM = 12249289, bChange = 0.00344823, totNum = 100
ROUND = 1975, SUM = 12249289, bChange = 0.00344822, totNum = 100
ROUND = 1976, SUM = 12249289, bChange = 0.00344821, totNum = 100
ROUND = 1977, SUM = 12249289, bChange = 0.00344819, totNum = 99
ROUND = 1978, SUM = 12249289, bChange = 0.00344818, totNum = 99
ROUND = 1979, SUM = 12249289, bChange = 0.00344817, totNum = 98
ROUND = 1980, SUM = 12249289, bChange = 0.00344816, totNum = 97
ROUND = 1981, SUM = 12249289, bChange = 0.00344815, totNum = 96
ROUND = 1982, SUM = 12249289, bChange = 0.00344814, totNum = 96
ROUND = 1983, SUM = 12249289, bChange = 0.00344812, totNum = 96
ROUND = 1984, SUM = 12249289, bChange = 0.00344811, totNum = 96
ROUND = 1985, SUM = 12249289, bChange = 0.0034481, totNum = 95
ROUND = 1986, SUM = 12249289, bChange = 0.00344809, totNum = 95
ROUND = 1987, SUM = 12249289, bChange = 0.00344808, totNum = 95
ROUND = 1988, SUM = 12249289, bChange = 0.00344807, totNum = 95
ROUND = 1989, SUM = 12249289, bChange = 0.00344806, totNum = 95
ROUND = 1990, SUM = 12249289, bChange = 0.00344804, totNum = 95
ROUND = 1991, SUM = 12249289, bChange = 0.00344803, totNum = 94
ROUND = 1992, SUM = 12249289, bChange = 0.00344802, totNum = 94
ROUND = 1993, SUM = 12249289, bChange = 0.00344801, totNum = 94
ROUND = 1994, SUM = 12249289, bChange = 0.003448, totNum = 94
ROUND = 1995, SUM = 12249289, bChange = 0.00344799, totNum = 94
ROUND = 1996, SUM = 12249289, bChange = 0.00344798, totNum = 94
ROUND = 1997, SUM = 12249289, bChange = 0.00344797, totNum = 94
ROUND = 1998, SUM = 12249288.9999999, bChange = 0.00344796, totNum = 94
ROUND = 1999, SUM = 12249289, bChange = 0.00344795, totNum = 94
ROUND = 2000, SUM = 12249289, bChange = 0.00344793, totNum = 93
ROUND = 2001, SUM = 12249289, bChange = 0.00344792, totNum = 93
ROUND = 2002, SUM = 12249289, bChange = 0.00344791, totNum = 93
ROUND = 2003, SUM = 12249289, bChange = 0.0034479, totNum = 92
ROUND = 2004, SUM = 12249289, bChange = 0.00344789, totNum = 92
ROUND = 2005, SUM = 12249289, bChange = 0.00344788, totNum = 92
ROUND = 2006, SUM = 12249288.9999999, bChange = 0.00344787, totNum = 91
ROUND = 2007, SUM = 12249289, bChange = 0.00344786, totNum = 91
ROUND = 2008, SUM = 12249289, bChange = 0.00344785, totNum = 90
ROUND = 2009, SUM = 12249289, bChange = 0.00344784, totNum = 90
ROUND = 2010, SUM = 12249289, bChange = 0.00344783, totNum = 90
ROUND = 2011, SUM = 12249289, bChange = 0.00344782, totNum = 90
ROUND = 2012, SUM = 12249289, bChange = 0.00344781, totNum = 90
ROUND = 2013, SUM = 12249288.9999999, bChange = 0.0034478, totNum = 90
ROUND = 2014, SUM = 12249289, bChange = 0.00344779, totNum = 90
ROUND = 2015, SUM = 12249289, bChange = 0.00344778, totNum = 90
ROUND = 2016, SUM = 12249289, bChange = 0.00344776, totNum = 90
ROUND = 2017, SUM = 12249288.9999999, bChange = 0.00344775, totNum = 90
ROUND = 2018, SUM = 12249289, bChange = 0.00344774, totNum = 90
ROUND = 2019, SUM = 12249289, bChange = 0.00344773, totNum = 90
ROUND = 2020, SUM = 12249289, bChange = 0.00344772, totNum = 90
ROUND = 2021, SUM = 12249289, bChange = 0.00344771, totNum = 90
ROUND = 2022, SUM = 12249288.9999999, bChange = 0.0034477, totNum = 90
ROUND = 2023, SUM = 12249289, bChange = 0.00344769, totNum = 90
ROUND = 2024, SUM = 12249289, bChange = 0.00344768, totNum = 90
ROUND = 2025, SUM = 12249289, bChange = 0.00344767, totNum = 90
ROUND = 2026, SUM = 12249289, bChange = 0.00344766, totNum = 90
ROUND = 2027, SUM = 12249288.9999999, bChange = 0.00344765, totNum = 88
ROUND = 2028, SUM = 12249288.9999999, bChange = 0.00344764, totNum = 88
ROUND = 2029, SUM = 12249289, bChange = 0.00344763, totNum = 87
ROUND = 2030, SUM = 12249289, bChange = 0.00344762, totNum = 87
ROUND = 2031, SUM = 12249289, bChange = 0.00344761, totNum = 87
ROUND = 2032, SUM = 12249289, bChange = 0.0034476, totNum = 87
ROUND = 2033, SUM = 12249289, bChange = 0.00344759, totNum = 87
ROUND = 2034, SUM = 12249289, bChange = 0.00344758, totNum = 87
ROUND = 2035, SUM = 12249289, bChange = 0.00344758, totNum = 87
ROUND = 2036, SUM = 12249289, bChange = 0.00344757, totNum = 87
ROUND = 2037, SUM = 12249289, bChange = 0.00344756, totNum = 87
ROUND = 2038, SUM = 12249289, bChange = 0.00344755, totNum = 87
ROUND = 2039, SUM = 12249289, bChange = 0.00344754, totNum = 87
ROUND = 2040, SUM = 12249289, bChange = 0.00344753, totNum = 87
ROUND = 2041, SUM = 12249289, bChange = 0.00344752, totNum = 87
ROUND = 2042, SUM = 12249289, bChange = 0.00344751, totNum = 87
ROUND = 2043, SUM = 12249289, bChange = 0.0034475, totNum = 86
ROUND = 2044, SUM = 12249289, bChange = 0.00344749, totNum = 86
ROUND = 2045, SUM = 12249289, bChange = 0.00344748, totNum = 86
ROUND = 2046, SUM = 12249289, bChange = 0.00344747, totNum = 86
ROUND = 2047, SUM = 12249289, bChange = 0.00344746, totNum = 86
ROUND = 2048, SUM = 12249289, bChange = 0.00344745, totNum = 84
ROUND = 2049, SUM = 12249289, bChange = 0.00344744, totNum = 84
ROUND = 2050, SUM = 12249289, bChange = 0.00344743, totNum = 83
ROUND = 2051, SUM = 12249289, bChange = 0.00344743, totNum = 82
ROUND = 2052, SUM = 12249289, bChange = 0.00344742, totNum = 81
ROUND = 2053, SUM = 12249289, bChange = 0.00344741, totNum = 81
ROUND = 2054, SUM = 12249289, bChange = 0.0034474, totNum = 81
ROUND = 2055, SUM = 12249289, bChange = 0.00344739, totNum = 80
ROUND = 2056, SUM = 12249289, bChange = 0.00344738, totNum = 79
ROUND = 2057, SUM = 12249289, bChange = 0.00344737, totNum = 79
ROUND = 2058, SUM = 12249289, bChange = 0.00344736, totNum = 79
ROUND = 2059, SUM = 12249289, bChange = 0.00344735, totNum = 79
ROUND = 2060, SUM = 12249289, bChange = 0.00344734, totNum = 79
ROUND = 2061, SUM = 12249289, bChange = 0.00344734, totNum = 79
ROUND = 2062, SUM = 12249289, bChange = 0.00344733, totNum = 79
ROUND = 2063, SUM = 12249289, bChange = 0.00344732, totNum = 79
ROUND = 2064, SUM = 12249289, bChange = 0.00344731, totNum = 79
ROUND = 2065, SUM = 12249289, bChange = 0.0034473, totNum = 79
ROUND = 2066, SUM = 12249288.9999999, bChange = 0.00344729, totNum = 79
ROUND = 2067, SUM = 12249288.9999999, bChange = 0.00344728, totNum = 79
ROUND = 2068, SUM = 12249289, bChange = 0.00344727, totNum = 79
ROUND = 2069, SUM = 12249289, bChange = 0.00344727, totNum = 79
ROUND = 2070, SUM = 12249288.9999999, bChange = 0.00344726, totNum = 79
ROUND = 2071, SUM = 12249289, bChange = 0.00344725, totNum = 79
ROUND = 2072, SUM = 12249289, bChange = 0.00344724, totNum = 78
ROUND = 2073, SUM = 12249288.9999999, bChange = 0.00344723, totNum = 78
ROUND = 2074, SUM = 12249289, bChange = 0.00344722, totNum = 78
ROUND = 2075, SUM = 12249289, bChange = 0.00344721, totNum = 78
ROUND = 2076, SUM = 12249289, bChange = 0.00344721, totNum = 78
ROUND = 2077, SUM = 12249289, bChange = 0.0034472, totNum = 78
ROUND = 2078, SUM = 12249289, bChange = 0.00344719, totNum = 78
ROUND = 2079, SUM = 12249289, bChange = 0.00344718, totNum = 78
ROUND = 2080, SUM = 12249289, bChange = 0.00344717, totNum = 78
ROUND = 2081, SUM = 12249289, bChange = 0.00344716, totNum = 78
ROUND = 2082, SUM = 12249289, bChange = 0.00344716, totNum = 78
ROUND = 2083, SUM = 12249289, bChange = 0.00344715, totNum = 78
ROUND = 2084, SUM = 12249289, bChange = 0.00344714, totNum = 78
ROUND = 2085, SUM = 12249289, bChange = 0.00344713, totNum = 78
ROUND = 2086, SUM = 12249289, bChange = 0.00344712, totNum = 78
ROUND = 2087, SUM = 12249289, bChange = 0.00344712, totNum = 78
ROUND = 2088, SUM = 12249289, bChange = 0.00344711, totNum = 78
ROUND = 2089, SUM = 12249289, bChange = 0.0034471, totNum = 78
ROUND = 2090, SUM = 12249288.9999999, bChange = 0.00344709, totNum = 78
ROUND = 2091, SUM = 12249289, bChange = 0.00344708, totNum = 78
ROUND = 2092, SUM = 12249289, bChange = 0.00344708, totNum = 78
ROUND = 2093, SUM = 12249289, bChange = 0.00344707, totNum = 78
ROUND = 2094, SUM = 12249289, bChange = 0.00344706, totNum = 78
ROUND = 2095, SUM = 12249289, bChange = 0.00344705, totNum = 78
ROUND = 2096, SUM = 12249289, bChange = 0.00344704, totNum = 77
ROUND = 2097, SUM = 12249289, bChange = 0.00344704, totNum = 76
ROUND = 2098, SUM = 12249289, bChange = 0.00344703, totNum = 76
ROUND = 2099, SUM = 12249288.9999999, bChange = 0.00344702, totNum = 76
ROUND = 2100, SUM = 12249289, bChange = 0.00344701, totNum = 76
ROUND = 2101, SUM = 12249289, bChange = 0.00344701, totNum = 76
ROUND = 2102, SUM = 12249289, bChange = 0.003447, totNum = 76
ROUND = 2103, SUM = 12249289, bChange = 0.00344699, totNum = 75
ROUND = 2104, SUM = 12249289, bChange = 0.00344698, totNum = 75
ROUND = 2105, SUM = 12249289, bChange = 0.00344698, totNum = 74
ROUND = 2106, SUM = 12249289, bChange = 0.00344697, totNum = 74
ROUND = 2107, SUM = 12249289, bChange = 0.00344696, totNum = 74
ROUND = 2108, SUM = 12249289, bChange = 0.00344695, totNum = 74
ROUND = 2109, SUM = 12249289, bChange = 0.00344695, totNum = 74
ROUND = 2110, SUM = 12249289, bChange = 0.00344694, totNum = 74
ROUND = 2111, SUM = 12249289, bChange = 0.00344693, totNum = 74
ROUND = 2112, SUM = 12249289, bChange = 0.00344692, totNum = 74
ROUND = 2113, SUM = 12249289, bChange = 0.00344692, totNum = 74
ROUND = 2114, SUM = 12249289, bChange = 0.00344691, totNum = 74
ROUND = 2115, SUM = 12249289, bChange = 0.0034469, totNum = 74
ROUND = 2116, SUM = 12249288.9999999, bChange = 0.00344689, totNum = 74
ROUND = 2117, SUM = 12249289, bChange = 0.00344689, totNum = 74
ROUND = 2118, SUM = 12249289, bChange = 0.00344688, totNum = 74
ROUND = 2119, SUM = 12249289, bChange = 0.00344687, totNum = 73
ROUND = 2120, SUM = 12249289, bChange = 0.00344686, totNum = 72
ROUND = 2121, SUM = 12249288.9999999, bChange = 0.00344686, totNum = 72
ROUND = 2122, SUM = 12249289, bChange = 0.00344685, totNum = 72
ROUND = 2123, SUM = 12249288.9999999, bChange = 0.00344684, totNum = 72
ROUND = 2124, SUM = 12249289, bChange = 0.00344684, totNum = 72
ROUND = 2125, SUM = 12249289, bChange = 0.00344683, totNum = 72
ROUND = 2126, SUM = 12249289, bChange = 0.00344682, totNum = 72
ROUND = 2127, SUM = 12249289, bChange = 0.00344681, totNum = 72
ROUND = 2128, SUM = 12249289, bChange = 0.00344681, totNum = 72
ROUND = 2129, SUM = 12249289, bChange = 0.0034468, totNum = 72
ROUND = 2130, SUM = 12249289, bChange = 0.00344679, totNum = 72
ROUND = 2131, SUM = 12249289, bChange = 0.00344679, totNum = 71
ROUND = 2132, SUM = 12249288.9999999, bChange = 0.00344678, totNum = 71
ROUND = 2133, SUM = 12249289, bChange = 0.00344677, totNum = 71
ROUND = 2134, SUM = 12249289, bChange = 0.00344677, totNum = 71
ROUND = 2135, SUM = 12249288.9999999, bChange = 0.00344676, totNum = 71
ROUND = 2136, SUM = 12249289, bChange = 0.00344675, totNum = 70
ROUND = 2137, SUM = 12249288.9999999, bChange = 0.00344675, totNum = 70
ROUND = 2138, SUM = 12249289, bChange = 0.00344674, totNum = 70
ROUND = 2139, SUM = 12249289, bChange = 0.00344673, totNum = 69
ROUND = 2140, SUM = 12249289, bChange = 0.00344673, totNum = 69
ROUND = 2141, SUM = 12249289, bChange = 0.00344672, totNum = 69
ROUND = 2142, SUM = 12249289, bChange = 0.00344671, totNum = 69
ROUND = 2143, SUM = 12249289, bChange = 0.00344671, totNum = 68
ROUND = 2144, SUM = 12249289, bChange = 0.0034467, totNum = 68
ROUND = 2145, SUM = 12249289, bChange = 0.00344669, totNum = 68
ROUND = 2146, SUM = 12249289, bChange = 0.00344669, totNum = 68
ROUND = 2147, SUM = 12249289, bChange = 0.00344668, totNum = 68
ROUND = 2148, SUM = 12249289, bChange = 0.00344667, totNum = 68
ROUND = 2149, SUM = 12249288.9999999, bChange = 0.00344667, totNum = 68
ROUND = 2150, SUM = 12249289, bChange = 0.00344666, totNum = 68
ROUND = 2151, SUM = 12249289, bChange = 0.00268831, totNum = 67
ROUND = 2152, SUM = 12249289, bChange = 0.00268833, totNum = 67
ROUND = 2153, SUM = 12249288.9999999, bChange = 0.00268836, totNum = 67
ROUND = 2154, SUM = 12249289, bChange = 0.00268838, totNum = 67
ROUND = 2155, SUM = 12249289, bChange = 0.0026884, totNum = 66
ROUND = 2156, SUM = 12249289, bChange = 0.00268842, totNum = 66
ROUND = 2157, SUM = 12249289, bChange = 0.00268844, totNum = 65
ROUND = 2158, SUM = 12249289, bChange = 0.00268846, totNum = 65
ROUND = 2159, SUM = 12249289, bChange = 0.00268848, totNum = 65
ROUND = 2160, SUM = 12249289, bChange = 0.0026885, totNum = 65
ROUND = 2161, SUM = 12249289, bChange = 0.00268853, totNum = 65
ROUND = 2162, SUM = 12249289, bChange = 0.00268855, totNum = 65
ROUND = 2163, SUM = 12249288.9999999, bChange = 0.00268857, totNum = 65
ROUND = 2164, SUM = 12249289, bChange = 0.00268859, totNum = 65
ROUND = 2165, SUM = 12249288.9999999, bChange = 0.00268861, totNum = 65
ROUND = 2166, SUM = 12249289, bChange = 0.00268863, totNum = 64
ROUND = 2167, SUM = 12249289, bChange = 0.00268865, totNum = 64
ROUND = 2168, SUM = 12249289, bChange = 0.00268867, totNum = 64
ROUND = 2169, SUM = 12249289, bChange = 0.00268869, totNum = 64
ROUND = 2170, SUM = 12249289, bChange = 0.00268871, totNum = 64
ROUND = 2171, SUM = 12249289, bChange = 0.00268873, totNum = 64
ROUND = 2172, SUM = 12249289, bChange = 0.00268875, totNum = 64
ROUND = 2173, SUM = 12249289, bChange = 0.00268877, totNum = 64
ROUND = 2174, SUM = 12249289, bChange = 0.0026888, totNum = 63
ROUND = 2175, SUM = 12249289, bChange = 0.00268882, totNum = 63
ROUND = 2176, SUM = 12249289, bChange = 0.00268884, totNum = 63
ROUND = 2177, SUM = 12249289, bChange = 0.00268886, totNum = 63
ROUND = 2178, SUM = 12249289, bChange = 0.00268888, totNum = 62
ROUND = 2179, SUM = 12249289, bChange = 0.0026889, totNum = 62
ROUND = 2180, SUM = 12249289, bChange = 0.00268892, totNum = 62
ROUND = 2181, SUM = 12249289, bChange = 0.00268894, totNum = 62
ROUND = 2182, SUM = 12249289, bChange = 0.00268896, totNum = 62
ROUND = 2183, SUM = 12249289, bChange = 0.00268898, totNum = 62
ROUND = 2184, SUM = 12249289, bChange = 0.002689, totNum = 62
ROUND = 2185, SUM = 12249289, bChange = 0.00268902, totNum = 62
ROUND = 2186, SUM = 12249289, bChange = 0.00268904, totNum = 62
ROUND = 2187, SUM = 12249288.9999999, bChange = 0.00268906, totNum = 62
ROUND = 2188, SUM = 12249289, bChange = 0.00268907, totNum = 62
ROUND = 2189, SUM = 12249289, bChange = 0.00268909, totNum = 62
ROUND = 2190, SUM = 12249289, bChange = 0.00268911, totNum = 62
ROUND = 2191, SUM = 12249289, bChange = 0.00268913, totNum = 62
ROUND = 2192, SUM = 12249289, bChange = 0.00268915, totNum = 62
ROUND = 2193, SUM = 12249289, bChange = 0.00268917, totNum = 62
ROUND = 2194, SUM = 12249289, bChange = 0.00268919, totNum = 62
ROUND = 2195, SUM = 12249289, bChange = 0.00268921, totNum = 62
ROUND = 2196, SUM = 12249288.9999999, bChange = 0.00268923, totNum = 62
ROUND = 2197, SUM = 12249289, bChange = 0.00268925, totNum = 62
ROUND = 2198, SUM = 12249289, bChange = 0.00268927, totNum = 61
ROUND = 2199, SUM = 12249289, bChange = 0.00268929, totNum = 61
ROUND = 2200, SUM = 12249289, bChange = 0.00268931, totNum = 61
ROUND = 2201, SUM = 12249289, bChange = 0.00268933, totNum = 61
ROUND = 2202, SUM = 12249289, bChange = 0.00268934, totNum = 61
ROUND = 2203, SUM = 12249289, bChange = 0.00268936, totNum = 61
ROUND = 2204, SUM = 12249289, bChange = 0.00268938, totNum = 61
ROUND = 2205, SUM = 12249289, bChange = 0.0026894, totNum = 61
ROUND = 2206, SUM = 12249289, bChange = 0.00268942, totNum = 61
ROUND = 2207, SUM = 12249289, bChange = 0.00268944, totNum = 61
ROUND = 2208, SUM = 12249289, bChange = 0.00268946, totNum = 61
ROUND = 2209, SUM = 12249289, bChange = 0.00268947, totNum = 61
ROUND = 2210, SUM = 12249289, bChange = 0.00268949, totNum = 60
ROUND = 2211, SUM = 12249289, bChange = 0.00268951, totNum = 60
ROUND = 2212, SUM = 12249289, bChange = 0.00268953, totNum = 59
ROUND = 2213, SUM = 12249288.9999999, bChange = 0.00268955, totNum = 59
ROUND = 2214, SUM = 12249289, bChange = 0.00268957, totNum = 58
ROUND = 2215, SUM = 12249289, bChange = 0.00268959, totNum = 57
ROUND = 2216, SUM = 12249289, bChange = 0.0026896, totNum = 57
ROUND = 2217, SUM = 12249289, bChange = 0.00268962, totNum = 57
ROUND = 2218, SUM = 12249289, bChange = 0.00268964, totNum = 57
ROUND = 2219, SUM = 12249289, bChange = 0.00268966, totNum = 57
ROUND = 2220, SUM = 12249289, bChange = 0.00268968, totNum = 57
ROUND = 2221, SUM = 12249289, bChange = 0.00268969, totNum = 56
ROUND = 2222, SUM = 12249289, bChange = 0.00268971, totNum = 56
ROUND = 2223, SUM = 12249289, bChange = 0.00268973, totNum = 56
ROUND = 2224, SUM = 12249289, bChange = 0.00268975, totNum = 56
ROUND = 2225, SUM = 12249289, bChange = 0.00268976, totNum = 56
ROUND = 2226, SUM = 12249289, bChange = 0.00268978, totNum = 56
ROUND = 2227, SUM = 12249288.9999999, bChange = 0.0026898, totNum = 56
ROUND = 2228, SUM = 12249289, bChange = 0.00268982, totNum = 56
ROUND = 2229, SUM = 12249289, bChange = 0.00268984, totNum = 56
ROUND = 2230, SUM = 12249289, bChange = 0.00268985, totNum = 56
ROUND = 2231, SUM = 12249289, bChange = 0.00268987, totNum = 56
ROUND = 2232, SUM = 12249289, bChange = 0.00268989, totNum = 55
ROUND = 2233, SUM = 12249289, bChange = 0.00268991, totNum = 55
ROUND = 2234, SUM = 12249289, bChange = 0.00268992, totNum = 56
ROUND = 2235, SUM = 12249289, bChange = 0.00268994, totNum = 56
ROUND = 2236, SUM = 12249289, bChange = 0.00268996, totNum = 56
ROUND = 2237, SUM = 12249289, bChange = 0.00268997, totNum = 56
ROUND = 2238, SUM = 12249289, bChange = 0.00268999, totNum = 56
ROUND = 2239, SUM = 12249289, bChange = 0.00269001, totNum = 56
ROUND = 2240, SUM = 12249289, bChange = 0.00269003, totNum = 56
ROUND = 2241, SUM = 12249289, bChange = 0.00269004, totNum = 56
ROUND = 2242, SUM = 12249289, bChange = 0.00269006, totNum = 56
ROUND = 2243, SUM = 12249289, bChange = 0.00269008, totNum = 56
ROUND = 2244, SUM = 12249289, bChange = 0.00269009, totNum = 56
ROUND = 2245, SUM = 12249289, bChange = 0.00269011, totNum = 56
ROUND = 2246, SUM = 12249289, bChange = 0.00269013, totNum = 56
ROUND = 2247, SUM = 12249289, bChange = 0.00269014, totNum = 56
ROUND = 2248, SUM = 12249289, bChange = 0.00269016, totNum = 56
ROUND = 2249, SUM = 12249289, bChange = 0.00269018, totNum = 56
ROUND = 2250, SUM = 12249289, bChange = 0.00269019, totNum = 56
ROUND = 2251, SUM = 12249289, bChange = 0.00269021, totNum = 56
ROUND = 2252, SUM = 12249289, bChange = 0.00269023, totNum = 56
ROUND = 2253, SUM = 12249289, bChange = 0.00269024, totNum = 56
ROUND = 2254, SUM = 12249289, bChange = 0.00269026, totNum = 56
ROUND = 2255, SUM = 12249289, bChange = 0.00269028, totNum = 55
ROUND = 2256, SUM = 12249289, bChange = 0.00269029, totNum = 55
ROUND = 2257, SUM = 12249289, bChange = 0.00269031, totNum = 55
ROUND = 2258, SUM = 12249289, bChange = 0.00269033, totNum = 55
ROUND = 2259, SUM = 12249289, bChange = 0.00237021, totNum = 54
ROUND = 2260, SUM = 12249289, bChange = 0.00237023, totNum = 54
ROUND = 2261, SUM = 12249289, bChange = 0.00237025, totNum = 54
ROUND = 2262, SUM = 12249289, bChange = 0.00237027, totNum = 54
ROUND = 2263, SUM = 12249289, bChange = 0.00237029, totNum = 54
ROUND = 2264, SUM = 12249289, bChange = 0.00237031, totNum = 54
ROUND = 2265, SUM = 12249289, bChange = 0.00237033, totNum = 54
ROUND = 2266, SUM = 12249289, bChange = 0.00237035, totNum = 54
ROUND = 2267, SUM = 12249289, bChange = 0.00237038, totNum = 54
ROUND = 2268, SUM = 12249289, bChange = 0.0023704, totNum = 53
ROUND = 2269, SUM = 12249289, bChange = 0.00237042, totNum = 53
ROUND = 2270, SUM = 12249289, bChange = 0.00237044, totNum = 53
ROUND = 2271, SUM = 12249289, bChange = 0.00237046, totNum = 53
ROUND = 2272, SUM = 12249289, bChange = 0.00237048, totNum = 53
ROUND = 2273, SUM = 12249289, bChange = 0.0023705, totNum = 53
ROUND = 2274, SUM = 12249289.0000001, bChange = 0.00237052, totNum = 53
ROUND = 2275, SUM = 12249289, bChange = 0.00237054, totNum = 53
ROUND = 2276, SUM = 12249289, bChange = 0.00237056, totNum = 53
ROUND = 2277, SUM = 12249289, bChange = 0.00237058, totNum = 53
ROUND = 2278, SUM = 12249289, bChange = 0.0023706, totNum = 53
ROUND = 2279, SUM = 12249289, bChange = 0.00237062, totNum = 53
ROUND = 2280, SUM = 12249289, bChange = 0.00237064, totNum = 53
ROUND = 2281, SUM = 12249289, bChange = 0.00237066, totNum = 53
ROUND = 2282, SUM = 12249289, bChange = 0.00237068, totNum = 53
ROUND = 2283, SUM = 12249289, bChange = 0.0023707, totNum = 53
ROUND = 2284, SUM = 12249289, bChange = 0.00237072, totNum = 53
ROUND = 2285, SUM = 12249289, bChange = 0.00237074, totNum = 53
ROUND = 2286, SUM = 12249289, bChange = 0.00237076, totNum = 52
ROUND = 2287, SUM = 12249289, bChange = 0.00237078, totNum = 52
ROUND = 2288, SUM = 12249289, bChange = 0.0023708, totNum = 52
ROUND = 2289, SUM = 12249289, bChange = 0.00237082, totNum = 52
ROUND = 2290, SUM = 12249289, bChange = 0.00237084, totNum = 52
ROUND = 2291, SUM = 12249289, bChange = 0.00237086, totNum = 52
ROUND = 2292, SUM = 12249289, bChange = 0.00237088, totNum = 51
ROUND = 2293, SUM = 12249289, bChange = 0.0023709, totNum = 50
ROUND = 2294, SUM = 12249289, bChange = 0.00237092, totNum = 50
ROUND = 2295, SUM = 12249289, bChange = 0.00237094, totNum = 50
ROUND = 2296, SUM = 12249289, bChange = 0.00237096, totNum = 50
ROUND = 2297, SUM = 12249289, bChange = 0.00237098, totNum = 50
ROUND = 2298, SUM = 12249289, bChange = 0.002371, totNum = 50
ROUND = 2299, SUM = 12249288.9999999, bChange = 0.00237102, totNum = 50
ROUND = 2300, SUM = 12249289, bChange = 0.00237104, totNum = 50
ROUND = 2301, SUM = 12249289, bChange = 0.00237106, totNum = 50
ROUND = 2302, SUM = 12249289, bChange = 0.00237108, totNum = 50
ROUND = 2303, SUM = 12249289, bChange = 0.0023711, totNum = 50
ROUND = 2304, SUM = 12249289, bChange = 0.00237111, totNum = 49
ROUND = 2305, SUM = 12249289, bChange = 0.00237113, totNum = 49
ROUND = 2306, SUM = 12249289, bChange = 0.00237115, totNum = 49
ROUND = 2307, SUM = 12249289, bChange = 0.00237117, totNum = 49
ROUND = 2308, SUM = 12249289, bChange = 0.00237119, totNum = 49
ROUND = 2309, SUM = 12249289, bChange = 0.00237121, totNum = 49
ROUND = 2310, SUM = 12249289, bChange = 0.00237123, totNum = 49
ROUND = 2311, SUM = 12249289.0000001, bChange = 0.00237125, totNum = 49
ROUND = 2312, SUM = 12249289, bChange = 0.00237127, totNum = 49
ROUND = 2313, SUM = 12249289, bChange = 0.00237128, totNum = 49
ROUND = 2314, SUM = 12249289, bChange = 0.0023713, totNum = 49
ROUND = 2315, SUM = 12249289, bChange = 0.00237132, totNum = 49
ROUND = 2316, SUM = 12249288.9999999, bChange = 0.00237134, totNum = 49
ROUND = 2317, SUM = 12249289, bChange = 0.00237136, totNum = 49
ROUND = 2318, SUM = 12249289, bChange = 0.00237138, totNum = 49
ROUND = 2319, SUM = 12249289, bChange = 0.0023714, totNum = 50
ROUND = 2320, SUM = 12249289, bChange = 0.00237141, totNum = 50
ROUND = 2321, SUM = 12249289, bChange = 0.00237143, totNum = 50
ROUND = 2322, SUM = 12249289, bChange = 0.00237145, totNum = 50
ROUND = 2323, SUM = 12249289, bChange = 0.00237147, totNum = 50
ROUND = 2324, SUM = 12249289, bChange = 0.00237149, totNum = 50
ROUND = 2325, SUM = 12249289, bChange = 0.00237151, totNum = 50
ROUND = 2326, SUM = 12249289, bChange = 0.00237152, totNum = 50
ROUND = 2327, SUM = 12249289, bChange = 0.00237154, totNum = 50
ROUND = 2328, SUM = 12249289, bChange = 0.00237156, totNum = 50
ROUND = 2329, SUM = 12249289, bChange = 0.00237158, totNum = 50
ROUND = 2330, SUM = 12249289, bChange = 0.0023716, totNum = 50
ROUND = 2331, SUM = 12249289, bChange = 0.00237161, totNum = 49
ROUND = 2332, SUM = 12249289, bChange = 0.00237163, totNum = 49
ROUND = 2333, SUM = 12249289, bChange = 0.00237165, totNum = 49
ROUND = 2334, SUM = 12249289, bChange = 0.00237167, totNum = 49
ROUND = 2335, SUM = 12249289, bChange = 0.00237169, totNum = 49
ROUND = 2336, SUM = 12249288.9999999, bChange = 0.0023717, totNum = 49
ROUND = 2337, SUM = 12249289, bChange = 0.00237172, totNum = 48
ROUND = 2338, SUM = 12249289, bChange = 0.00237174, totNum = 48
ROUND = 2339, SUM = 12249288.9999999, bChange = 0.00237176, totNum = 48
ROUND = 2340, SUM = 12249289, bChange = 0.00237177, totNum = 48
ROUND = 2341, SUM = 12249289, bChange = 0.00237179, totNum = 48
ROUND = 2342, SUM = 12249289, bChange = 0.00237181, totNum = 48
ROUND = 2343, SUM = 12249289, bChange = 0.00237183, totNum = 48
ROUND = 2344, SUM = 12249289, bChange = 0.00237184, totNum = 48
ROUND = 2345, SUM = 12249289, bChange = 0.00237186, totNum = 48
ROUND = 2346, SUM = 12249289, bChange = 0.00237188, totNum = 48
ROUND = 2347, SUM = 12249289, bChange = 0.0023719, totNum = 48
ROUND = 2348, SUM = 12249289, bChange = 0.00237191, totNum = 48
ROUND = 2349, SUM = 12249289, bChange = 0.00237193, totNum = 48
ROUND = 2350, SUM = 12249289, bChange = 0.00237195, totNum = 48
ROUND = 2351, SUM = 12249289, bChange = 0.00237196, totNum = 48
ROUND = 2352, SUM = 12249289, bChange = 0.00237198, totNum = 48
ROUND = 2353, SUM = 12249289, bChange = 0.002372, totNum = 48
ROUND = 2354, SUM = 12249289, bChange = 0.00237202, totNum = 48
ROUND = 2355, SUM = 12249289, bChange = 0.00237203, totNum = 48
ROUND = 2356, SUM = 12249289, bChange = 0.00237205, totNum = 48
ROUND = 2357, SUM = 12249289, bChange = 0.00237207, totNum = 48
ROUND = 2358, SUM = 12249289, bChange = 0.00237208, totNum = 48
ROUND = 2359, SUM = 12249289, bChange = 0.0023721, totNum = 48
ROUND = 2360, SUM = 12249289, bChange = 0.00237212, totNum = 48
ROUND = 2361, SUM = 12249289, bChange = 0.00237213, totNum = 48
ROUND = 2362, SUM = 12249289, bChange = 0.00237215, totNum = 48
ROUND = 2363, SUM = 12249289, bChange = 0.00237217, totNum = 48
ROUND = 2364, SUM = 12249289, bChange = 0.00237218, totNum = 48
ROUND = 2365, SUM = 12249289, bChange = 0.0023722, totNum = 48
ROUND = 2366, SUM = 12249289, bChange = 0.00237222, totNum = 48
ROUND = 2367, SUM = 12249289, bChange = 0.00237223, totNum = 48
ROUND = 2368, SUM = 12249289, bChange = 0.00237225, totNum = 48
ROUND = 2369, SUM = 12249289, bChange = 0.00237227, totNum = 48
ROUND = 2370, SUM = 12249289, bChange = 0.00237228, totNum = 48
ROUND = 2371, SUM = 12249289, bChange = 0.0023723, totNum = 48
ROUND = 2372, SUM = 12249289, bChange = 0.00237231, totNum = 48
ROUND = 2373, SUM = 12249289, bChange = 0.00237233, totNum = 48
ROUND = 2374, SUM = 12249289, bChange = 0.00237235, totNum = 48
ROUND = 2375, SUM = 12249289, bChange = 0.00237236, totNum = 48
ROUND = 2376, SUM = 12249289, bChange = 0.00237238, totNum = 48
ROUND = 2377, SUM = 12249289, bChange = 0.0023724, totNum = 48
ROUND = 2378, SUM = 12249289, bChange = 0.00237241, totNum = 48
ROUND = 2379, SUM = 12249289, bChange = 0.00237243, totNum = 48
ROUND = 2380, SUM = 12249289, bChange = 0.00237244, totNum = 48
ROUND = 2381, SUM = 12249289, bChange = 0.00237246, totNum = 48
ROUND = 2382, SUM = 12249289, bChange = 0.00237248, totNum = 48
ROUND = 2383, SUM = 12249289, bChange = 0.00237249, totNum = 48
ROUND = 2384, SUM = 12249289, bChange = 0.00237251, totNum = 48
ROUND = 2385, SUM = 12249289, bChange = 0.00237252, totNum = 48
ROUND = 2386, SUM = 12249289, bChange = 0.00237254, totNum = 48
ROUND = 2387, SUM = 12249289, bChange = 0.00237255, totNum = 48
ROUND = 2388, SUM = 12249289, bChange = 0.00237257, totNum = 48
ROUND = 2389, SUM = 12249289, bChange = 0.00237259, totNum = 48
ROUND = 2390, SUM = 12249289, bChange = 0.0023726, totNum = 48
ROUND = 2391, SUM = 12249289, bChange = 0.00237262, totNum = 48
ROUND = 2392, SUM = 12249288.9999999, bChange = 0.00237263, totNum = 48
ROUND = 2393, SUM = 12249289, bChange = 0.00237265, totNum = 48
ROUND = 2394, SUM = 12249289, bChange = 0.00237266, totNum = 48
ROUND = 2395, SUM = 12249289, bChange = 0.00237268, totNum = 48
ROUND = 2396, SUM = 12249289, bChange = 0.00237269, totNum = 48
ROUND = 2397, SUM = 12249289, bChange = 0.00237271, totNum = 48
ROUND = 2398, SUM = 12249289, bChange = 0.00237272, totNum = 48
ROUND = 2399, SUM = 12249289, bChange = 0.00237274, totNum = 48
ROUND = 2400, SUM = 12249289, bChange = 0.00237276, totNum = 48
ROUND = 2401, SUM = 12249289, bChange = 0.00237277, totNum = 48
ROUND = 2402, SUM = 12249289, bChange = 0.00237279, totNum = 48
ROUND = 2403, SUM = 12249289, bChange = 0.0023728, totNum = 48
ROUND = 2404, SUM = 12249289, bChange = 0.00237282, totNum = 48
ROUND = 2405, SUM = 12249289, bChange = 0.00237283, totNum = 48
ROUND = 2406, SUM = 12249289, bChange = 0.00237285, totNum = 48
ROUND = 2407, SUM = 12249289, bChange = 0.00237286, totNum = 48
ROUND = 2408, SUM = 12249289, bChange = 0.00237288, totNum = 48
ROUND = 2409, SUM = 12249289, bChange = 0.00237289, totNum = 48
ROUND = 2410, SUM = 12249289, bChange = 0.00237291, totNum = 48
ROUND = 2411, SUM = 12249289, bChange = 0.00237292, totNum = 48
ROUND = 2412, SUM = 12249289.0000001, bChange = 0.00237294, totNum = 48
ROUND = 2413, SUM = 12249289, bChange = 0.00237295, totNum = 47
ROUND = 2414, SUM = 12249289, bChange = 0.00237296, totNum = 47
ROUND = 2415, SUM = 12249289, bChange = 0.00237298, totNum = 47
ROUND = 2416, SUM = 12249289, bChange = 0.00237299, totNum = 47
ROUND = 2417, SUM = 12249289, bChange = 0.00237301, totNum = 47
ROUND = 2418, SUM = 12249289, bChange = 0.00237302, totNum = 47
ROUND = 2419, SUM = 12249289, bChange = 0.00237304, totNum = 47
ROUND = 2420, SUM = 12249289, bChange = 0.00237305, totNum = 47
ROUND = 2421, SUM = 12249289, bChange = 0.00237307, totNum = 47
ROUND = 2422, SUM = 12249289, bChange = 0.00237308, totNum = 47
ROUND = 2423, SUM = 12249289, bChange = 0.0023731, totNum = 47
ROUND = 2424, SUM = 12249289, bChange = 0.00237311, totNum = 47
ROUND = 2425, SUM = 12249288.9999999, bChange = 0.00237312, totNum = 47
ROUND = 2426, SUM = 12249288.9999999, bChange = 0.00237314, totNum = 47
ROUND = 2427, SUM = 12249289, bChange = 0.00237315, totNum = 47
ROUND = 2428, SUM = 12249289, bChange = 0.00237317, totNum = 47
ROUND = 2429, SUM = 12249289, bChange = 0.00237318, totNum = 47
ROUND = 2430, SUM = 12249289, bChange = 0.0023732, totNum = 47
ROUND = 2431, SUM = 12249289, bChange = 0.00237321, totNum = 47
ROUND = 2432, SUM = 12249289, bChange = 0.00237322, totNum = 47
ROUND = 2433, SUM = 12249289, bChange = 0.00237324, totNum = 47
ROUND = 2434, SUM = 12249289, bChange = 0.00237325, totNum = 47
ROUND = 2435, SUM = 12249289, bChange = 0.00237327, totNum = 47
ROUND = 2436, SUM = 12249289, bChange = 0.00237328, totNum = 47
ROUND = 2437, SUM = 12249289, bChange = 0.00237329, totNum = 47
ROUND = 2438, SUM = 12249289, bChange = 0.00237331, totNum = 47
ROUND = 2439, SUM = 12249289, bChange = 0.00237332, totNum = 47
ROUND = 2440, SUM = 12249289, bChange = 0.00237334, totNum = 47
ROUND = 2441, SUM = 12249288.9999999, bChange = 0.00237335, totNum = 47
ROUND = 2442, SUM = 12249289, bChange = 0.00237336, totNum = 47
ROUND = 2443, SUM = 12249289, bChange = 0.00237338, totNum = 47
ROUND = 2444, SUM = 12249289, bChange = 0.00237339, totNum = 47
ROUND = 2445, SUM = 12249289, bChange = 0.0023734, totNum = 46
ROUND = 2446, SUM = 12249289, bChange = 0.00237342, totNum = 46
ROUND = 2447, SUM = 12249289, bChange = 0.00237343, totNum = 46
ROUND = 2448, SUM = 12249289, bChange = 0.00237345, totNum = 46
ROUND = 2449, SUM = 12249289, bChange = 0.00237346, totNum = 46
ROUND = 2450, SUM = 12249289, bChange = 0.00237347, totNum = 46
ROUND = 2451, SUM = 12249289, bChange = 0.00237349, totNum = 46
ROUND = 2452, SUM = 12249289, bChange = 0.0023735, totNum = 46
ROUND = 2453, SUM = 12249289, bChange = 0.00237351, totNum = 46
ROUND = 2454, SUM = 12249289, bChange = 0.00237353, totNum = 45
ROUND = 2455, SUM = 12249289, bChange = 0.00237354, totNum = 45
ROUND = 2456, SUM = 12249289, bChange = 0.00237355, totNum = 45
ROUND = 2457, SUM = 12249289, bChange = 0.00237357, totNum = 45
ROUND = 2458, SUM = 12249289, bChange = 0.00237358, totNum = 45
ROUND = 2459, SUM = 12249289, bChange = 0.00237359, totNum = 45
ROUND = 2460, SUM = 12249289, bChange = 0.00237361, totNum = 45
ROUND = 2461, SUM = 12249289, bChange = 0.00237362, totNum = 45
ROUND = 2462, SUM = 12249288.9999999, bChange = 0.00237363, totNum = 45
ROUND = 2463, SUM = 12249289, bChange = 0.00237365, totNum = 45
ROUND = 2464, SUM = 12249289, bChange = 0.00237366, totNum = 45
ROUND = 2465, SUM = 12249289, bChange = 0.00237367, totNum = 45
ROUND = 2466, SUM = 12249289, bChange = 0.00237369, totNum = 44
ROUND = 2467, SUM = 12249289, bChange = 0.0023737, totNum = 44
ROUND = 2468, SUM = 12249289, bChange = 0.00237371, totNum = 44
ROUND = 2469, SUM = 12249289, bChange = 0.00237372, totNum = 44
ROUND = 2470, SUM = 12249289, bChange = 0.00237374, totNum = 44
ROUND = 2471, SUM = 12249289, bChange = 0.00237375, totNum = 44
ROUND = 2472, SUM = 12249289, bChange = 0.00237376, totNum = 44
ROUND = 2473, SUM = 12249289, bChange = 0.00237378, totNum = 44
ROUND = 2474, SUM = 12249289, bChange = 0.00237379, totNum = 44
ROUND = 2475, SUM = 12249289, bChange = 0.0023738, totNum = 44
ROUND = 2476, SUM = 12249289, bChange = 0.00237381, totNum = 44
ROUND = 2477, SUM = 12249288.9999999, bChange = 0.00237383, totNum = 44
ROUND = 2478, SUM = 12249289, bChange = 0.00237384, totNum = 44
ROUND = 2479, SUM = 12249289, bChange = 0.00237385, totNum = 44
ROUND = 2480, SUM = 12249289, bChange = 0.00237386, totNum = 44
ROUND = 2481, SUM = 12249289, bChange = 0.00237388, totNum = 44
ROUND = 2482, SUM = 12249289, bChange = 0.00237389, totNum = 43
ROUND = 2483, SUM = 12249288.9999999, bChange = 0.0023739, totNum = 43
ROUND = 2484, SUM = 12249289, bChange = 0.00237391, totNum = 43
ROUND = 2485, SUM = 12249289, bChange = 0.00237393, totNum = 44
ROUND = 2486, SUM = 12249289, bChange = 0.00237394, totNum = 44
ROUND = 2487, SUM = 12249289, bChange = 0.00237395, totNum = 44
ROUND = 2488, SUM = 12249289, bChange = 0.00237396, totNum = 44
ROUND = 2489, SUM = 12249289, bChange = 0.00237398, totNum = 44
ROUND = 2490, SUM = 12249289, bChange = 0.00237399, totNum = 44
ROUND = 2491, SUM = 12249289, bChange = 0.002374, totNum = 44
ROUND = 2492, SUM = 12249289, bChange = 0.00237401, totNum = 44
ROUND = 2493, SUM = 12249289, bChange = 0.00237403, totNum = 44
ROUND = 2494, SUM = 12249289, bChange = 0.00237404, totNum = 44
ROUND = 2495, SUM = 12249289, bChange = 0.00237405, totNum = 44
ROUND = 2496, SUM = 12249289, bChange = 0.00237406, totNum = 44
ROUND = 2497, SUM = 12249289, bChange = 0.00237407, totNum = 44
ROUND = 2498, SUM = 12249289, bChange = 0.00237409, totNum = 44
ROUND = 2499, SUM = 12249289, bChange = 0.0023741, totNum = 44
ROUND = 2500, SUM = 12249288.9999999, bChange = 0.00237411, totNum = 44
ROUND = 2501, SUM = 12249289, bChange = 0.00237412, totNum = 44
ROUND = 2502, SUM = 12249289, bChange = 0.00237413, totNum = 44
ROUND = 2503, SUM = 12249289, bChange = 0.00237415, totNum = 44
ROUND = 2504, SUM = 12249289.0000001, bChange = 0.00237416, totNum = 44
ROUND = 2505, SUM = 12249289, bChange = 0.00237417, totNum = 44
ROUND = 2506, SUM = 12249289, bChange = 0.00237418, totNum = 44
ROUND = 2507, SUM = 12249288.9999999, bChange = 0.00237419, totNum = 44
ROUND = 2508, SUM = 12249289, bChange = 0.00237421, totNum = 44
ROUND = 2509, SUM = 12249289, bChange = 0.00237422, totNum = 44
ROUND = 2510, SUM = 12249289, bChange = 0.00237423, totNum = 44
ROUND = 2511, SUM = 12249289, bChange = 0.00237424, totNum = 44
ROUND = 2512, SUM = 12249289, bChange = 0.00237425, totNum = 44
ROUND = 2513, SUM = 12249289, bChange = 0.00237426, totNum = 44
ROUND = 2514, SUM = 12249289, bChange = 0.00237428, totNum = 44
ROUND = 2515, SUM = 12249289, bChange = 0.00237429, totNum = 44
ROUND = 2516, SUM = 12249289, bChange = 0.0023743, totNum = 44
ROUND = 2517, SUM = 12249289, bChange = 0.00237431, totNum = 44
ROUND = 2518, SUM = 12249289, bChange = 0.00237432, totNum = 44
ROUND = 2519, SUM = 12249289, bChange = 0.00237433, totNum = 44
ROUND = 2520, SUM = 12249289, bChange = 0.00237434, totNum = 44
ROUND = 2521, SUM = 12249289, bChange = 0.00237436, totNum = 44
ROUND = 2522, SUM = 12249289, bChange = 0.00237437, totNum = 44
ROUND = 2523, SUM = 12249289, bChange = 0.00237438, totNum = 44
ROUND = 2524, SUM = 12249289, bChange = 0.00237439, totNum = 44
ROUND = 2525, SUM = 12249289, bChange = 0.0023744, totNum = 44
ROUND = 2526, SUM = 12249289, bChange = 0.00237441, totNum = 44
ROUND = 2527, SUM = 12249289, bChange = 0.00237442, totNum = 44
ROUND = 2528, SUM = 12249289, bChange = 0.00237444, totNum = 44
ROUND = 2529, SUM = 12249289, bChange = 0.00237445, totNum = 44
ROUND = 2530, SUM = 12249289, bChange = 0.00237446, totNum = 44
ROUND = 2531, SUM = 12249289, bChange = 0.00237447, totNum = 44
ROUND = 2532, SUM = 12249289, bChange = 0.00237448, totNum = 44
ROUND = 2533, SUM = 12249289, bChange = 0.00237449, totNum = 44
ROUND = 2534, SUM = 12249289, bChange = 0.0023745, totNum = 44
ROUND = 2535, SUM = 12249289, bChange = 0.00237451, totNum = 44
ROUND = 2536, SUM = 12249289, bChange = 0.00237452, totNum = 44
ROUND = 2537, SUM = 12249289, bChange = 0.00237454, totNum = 44
ROUND = 2538, SUM = 12249289, bChange = 0.00237455, totNum = 44
ROUND = 2539, SUM = 12249289, bChange = 0.00237456, totNum = 44
ROUND = 2540, SUM = 12249289, bChange = 0.00237457, totNum = 43
ROUND = 2541, SUM = 12249289, bChange = 0.00237458, totNum = 43
ROUND = 2542, SUM = 12249289, bChange = 0.00237459, totNum = 43
ROUND = 2543, SUM = 12249289, bChange = 0.0023746, totNum = 43
ROUND = 2544, SUM = 12249289, bChange = 0.00237461, totNum = 43
ROUND = 2545, SUM = 12249289, bChange = 0.00237462, totNum = 43
ROUND = 2546, SUM = 12249289, bChange = 0.00237463, totNum = 43
ROUND = 2547, SUM = 12249289, bChange = 0.00237464, totNum = 43
ROUND = 2548, SUM = 12249289.0000001, bChange = 0.00237466, totNum = 43
ROUND = 2549, SUM = 12249289, bChange = 0.00237467, totNum = 43
ROUND = 2550, SUM = 12249289, bChange = 0.00237468, totNum = 43
ROUND = 2551, SUM = 12249289, bChange = 0.00237469, totNum = 43
ROUND = 2552, SUM = 12249289, bChange = 0.0023747, totNum = 43
ROUND = 2553, SUM = 12249289, bChange = 0.00237471, totNum = 43
ROUND = 2554, SUM = 12249289, bChange = 0.00237472, totNum = 43
ROUND = 2555, SUM = 12249289, bChange = 0.00237473, totNum = 43
ROUND = 2556, SUM = 12249289, bChange = 0.00237474, totNum = 43
ROUND = 2557, SUM = 12249289, bChange = 0.00237475, totNum = 43
ROUND = 2558, SUM = 12249289, bChange = 0.00237476, totNum = 43
ROUND = 2559, SUM = 12249289, bChange = 0.00237477, totNum = 43
ROUND = 2560, SUM = 12249289, bChange = 0.00237478, totNum = 43
ROUND = 2561, SUM = 12249289, bChange = 0.00237479, totNum = 43
ROUND = 2562, SUM = 12249289, bChange = 0.0023748, totNum = 43
ROUND = 2563, SUM = 12249289, bChange = 0.00237481, totNum = 43
ROUND = 2564, SUM = 12249289, bChange = 0.00237482, totNum = 43
ROUND = 2565, SUM = 12249289, bChange = 0.00237483, totNum = 43
ROUND = 2566, SUM = 12249289, bChange = 0.00237484, totNum = 43
ROUND = 2567, SUM = 12249289, bChange = 0.00237485, totNum = 43
ROUND = 2568, SUM = 12249289, bChange = 0.00237486, totNum = 43
ROUND = 2569, SUM = 12249289, bChange = 0.00237487, totNum = 43
ROUND = 2570, SUM = 12249289, bChange = 0.00237488, totNum = 43
ROUND = 2571, SUM = 12249289, bChange = 0.00237489, totNum = 43
ROUND = 2572, SUM = 12249289, bChange = 0.0023749, totNum = 43
ROUND = 2573, SUM = 12249289, bChange = 0.00237492, totNum = 42
ROUND = 2574, SUM = 12249289, bChange = 0.00237493, totNum = 42
ROUND = 2575, SUM = 12249289, bChange = 0.00237494, totNum = 42
ROUND = 2576, SUM = 12249289, bChange = 0.00237495, totNum = 42
ROUND = 2577, SUM = 12249289, bChange = 0.00237496, totNum = 41
ROUND = 2578, SUM = 12249289, bChange = 0.00237497, totNum = 41
ROUND = 2579, SUM = 12249289, bChange = 0.00237498, totNum = 41
ROUND = 2580, SUM = 12249289, bChange = 0.00237499, totNum = 41
ROUND = 2581, SUM = 12249289.0000001, bChange = 0.002375, totNum = 41
ROUND = 2582, SUM = 12249289.0000001, bChange = 0.00237501, totNum = 41
ROUND = 2583, SUM = 12249289, bChange = 0.00237501, totNum = 41
ROUND = 2584, SUM = 12249289, bChange = 0.00237502, totNum = 41
ROUND = 2585, SUM = 12249289, bChange = 0.00237503, totNum = 41
ROUND = 2586, SUM = 12249289, bChange = 0.00237504, totNum = 41
ROUND = 2587, SUM = 12249289, bChange = 0.00237505, totNum = 41
ROUND = 2588, SUM = 12249289, bChange = 0.00237506, totNum = 41
ROUND = 2589, SUM = 12249289, bChange = 0.00237507, totNum = 41
ROUND = 2590, SUM = 12249289, bChange = 0.00237508, totNum = 41
ROUND = 2591, SUM = 12249289, bChange = 0.00237509, totNum = 41
ROUND = 2592, SUM = 12249289, bChange = 0.0023751, totNum = 41
ROUND = 2593, SUM = 12249289, bChange = 0.00237511, totNum = 41
ROUND = 2594, SUM = 12249289, bChange = 0.00237512, totNum = 41
ROUND = 2595, SUM = 12249288.9999999, bChange = 0.00237513, totNum = 41
ROUND = 2596, SUM = 12249289, bChange = 0.00237514, totNum = 41
ROUND = 2597, SUM = 12249289, bChange = 0.00237515, totNum = 41
ROUND = 2598, SUM = 12249289, bChange = 0.00237516, totNum = 41
ROUND = 2599, SUM = 12249289, bChange = 0.00237517, totNum = 41
ROUND = 2600, SUM = 12249289, bChange = 0.00237518, totNum = 41
ROUND = 2601, SUM = 12249289, bChange = 0.00237519, totNum = 41
ROUND = 2602, SUM = 12249289, bChange = 0.0023752, totNum = 41
ROUND = 2603, SUM = 12249289, bChange = 0.00237521, totNum = 41
ROUND = 2604, SUM = 12249289, bChange = 0.00237522, totNum = 41
ROUND = 2605, SUM = 12249289, bChange = 0.00237523, totNum = 41
ROUND = 2606, SUM = 12249289, bChange = 0.00237524, totNum = 41
ROUND = 2607, SUM = 12249289, bChange = 0.00237524, totNum = 41
ROUND = 2608, SUM = 12249289, bChange = 0.00237525, totNum = 41
ROUND = 2609, SUM = 12249289, bChange = 0.00237526, totNum = 41
ROUND = 2610, SUM = 12249289, bChange = 0.00237527, totNum = 41
ROUND = 2611, SUM = 12249289, bChange = 0.00237528, totNum = 41
ROUND = 2612, SUM = 12249289, bChange = 0.00237529, totNum = 41
ROUND = 2613, SUM = 12249289, bChange = 0.0023753, totNum = 41
ROUND = 2614, SUM = 12249289, bChange = 0.00237531, totNum = 41
ROUND = 2615, SUM = 12249289, bChange = 0.00237532, totNum = 41
ROUND = 2616, SUM = 12249289, bChange = 0.00237533, totNum = 41
ROUND = 2617, SUM = 12249289, bChange = 0.00237534, totNum = 41
ROUND = 2618, SUM = 12249289, bChange = 0.00237535, totNum = 41
ROUND = 2619, SUM = 12249289, bChange = 0.00237536, totNum = 41
ROUND = 2620, SUM = 12249289, bChange = 0.00237536, totNum = 41
ROUND = 2621, SUM = 12249289, bChange = 0.00237537, totNum = 41
ROUND = 2622, SUM = 12249289, bChange = 0.00237538, totNum = 41
ROUND = 2623, SUM = 12249289, bChange = 0.00237539, totNum = 41
ROUND = 2624, SUM = 12249289, bChange = 0.0023754, totNum = 41
ROUND = 2625, SUM = 12249288.9999999, bChange = 0.00237541, totNum = 41
ROUND = 2626, SUM = 12249289, bChange = 0.00237542, totNum = 41
ROUND = 2627, SUM = 12249289, bChange = 0.00237543, totNum = 41
ROUND = 2628, SUM = 12249289, bChange = 0.00237544, totNum = 41
ROUND = 2629, SUM = 12249289, bChange = 0.00237544, totNum = 41
ROUND = 2630, SUM = 12249289, bChange = 0.00237545, totNum = 41
ROUND = 2631, SUM = 12249289, bChange = 0.00237546, totNum = 41
ROUND = 2632, SUM = 12249289, bChange = 0.00237547, totNum = 41
ROUND = 2633, SUM = 12249289, bChange = 0.00237548, totNum = 41
ROUND = 2634, SUM = 12249289, bChange = 0.00237549, totNum = 41
ROUND = 2635, SUM = 12249289, bChange = 0.0023755, totNum = 41
ROUND = 2636, SUM = 12249289, bChange = 0.00237551, totNum = 41
ROUND = 2637, SUM = 12249289, bChange = 0.00237551, totNum = 41
ROUND = 2638, SUM = 12249289, bChange = 0.00237552, totNum = 41
ROUND = 2639, SUM = 12249289, bChange = 0.00237553, totNum = 41
ROUND = 2640, SUM = 12249289, bChange = 0.00237554, totNum = 41
ROUND = 2641, SUM = 12249289, bChange = 0.00237555, totNum = 41
ROUND = 2642, SUM = 12249289, bChange = 0.00237556, totNum = 41
ROUND = 2643, SUM = 12249289, bChange = 0.00237557, totNum = 41
ROUND = 2644, SUM = 12249289, bChange = 0.00206458, totNum = 40
ROUND = 2645, SUM = 12249289, bChange = 0.00206457, totNum = 40
ROUND = 2646, SUM = 12249289, bChange = 0.00206457, totNum = 40
ROUND = 2647, SUM = 12249289, bChange = 0.00206456, totNum = 40
ROUND = 2648, SUM = 12249289, bChange = 0.00206456, totNum = 40
ROUND = 2649, SUM = 12249289, bChange = 0.00206455, totNum = 40
ROUND = 2650, SUM = 12249289, bChange = 0.00206455, totNum = 40
ROUND = 2651, SUM = 12249289, bChange = 0.00206454, totNum = 40
ROUND = 2652, SUM = 12249289, bChange = 0.00206454, totNum = 40
ROUND = 2653, SUM = 12249288.9999999, bChange = 0.00206453, totNum = 40
ROUND = 2654, SUM = 12249289, bChange = 0.00206453, totNum = 40
ROUND = 2655, SUM = 12249289, bChange = 0.00206452, totNum = 40
ROUND = 2656, SUM = 12249289, bChange = 0.00206452, totNum = 40
ROUND = 2657, SUM = 12249289, bChange = 0.00206452, totNum = 40
ROUND = 2658, SUM = 12249289, bChange = 0.00206451, totNum = 40
ROUND = 2659, SUM = 12249289, bChange = 0.00206451, totNum = 40
ROUND = 2660, SUM = 12249289, bChange = 0.0020645, totNum = 40
ROUND = 2661, SUM = 12249289, bChange = 0.0020645, totNum = 40
ROUND = 2662, SUM = 12249289, bChange = 0.00206449, totNum = 40
ROUND = 2663, SUM = 12249288.9999999, bChange = 0.00206449, totNum = 40
ROUND = 2664, SUM = 12249289, bChange = 0.00206448, totNum = 39
ROUND = 2665, SUM = 12249289, bChange = 0.00206448, totNum = 38
ROUND = 2666, SUM = 12249289, bChange = 0.00206447, totNum = 38
ROUND = 2667, SUM = 12249288.9999999, bChange = 0.00206447, totNum = 38
ROUND = 2668, SUM = 12249289, bChange = 0.00206446, totNum = 38
ROUND = 2669, SUM = 12249289, bChange = 0.00206446, totNum = 38
ROUND = 2670, SUM = 12249289.0000001, bChange = 0.00206446, totNum = 38
ROUND = 2671, SUM = 12249289, bChange = 0.00206445, totNum = 38
ROUND = 2672, SUM = 12249289, bChange = 0.00206445, totNum = 38
ROUND = 2673, SUM = 12249289, bChange = 0.00206444, totNum = 38
ROUND = 2674, SUM = 12249289, bChange = 0.00206444, totNum = 38
ROUND = 2675, SUM = 12249289, bChange = 0.00206443, totNum = 38
ROUND = 2676, SUM = 12249289, bChange = 0.00206443, totNum = 38
ROUND = 2677, SUM = 12249289, bChange = 0.00206442, totNum = 38
ROUND = 2678, SUM = 12249289, bChange = 0.00206442, totNum = 38
ROUND = 2679, SUM = 12249289, bChange = 0.00206442, totNum = 37
ROUND = 2680, SUM = 12249289, bChange = 0.00206441, totNum = 37
ROUND = 2681, SUM = 12249289, bChange = 0.00206441, totNum = 37
ROUND = 2682, SUM = 12249288.9999999, bChange = 0.0020644, totNum = 37
ROUND = 2683, SUM = 12249289, bChange = 0.0020644, totNum = 37
ROUND = 2684, SUM = 12249289, bChange = 0.00206439, totNum = 37
ROUND = 2685, SUM = 12249289, bChange = 0.00206439, totNum = 37
ROUND = 2686, SUM = 12249289, bChange = 0.00206438, totNum = 37
ROUND = 2687, SUM = 12249289, bChange = 0.00206438, totNum = 37
ROUND = 2688, SUM = 12249289.0000001, bChange = 0.00206438, totNum = 37
ROUND = 2689, SUM = 12249289, bChange = 0.00206437, totNum = 37
ROUND = 2690, SUM = 12249289, bChange = 0.00206437, totNum = 37
ROUND = 2691, SUM = 12249289, bChange = 0.00206436, totNum = 37
ROUND = 2692, SUM = 12249289, bChange = 0.00206436, totNum = 37
ROUND = 2693, SUM = 12249289, bChange = 0.00206435, totNum = 37
ROUND = 2694, SUM = 12249289, bChange = 0.00206435, totNum = 37
ROUND = 2695, SUM = 12249289, bChange = 0.00206435, totNum = 37
ROUND = 2696, SUM = 12249289, bChange = 0.00206434, totNum = 37
ROUND = 2697, SUM = 12249289, bChange = 0.00206434, totNum = 37
ROUND = 2698, SUM = 12249289, bChange = 0.00206433, totNum = 36
ROUND = 2699, SUM = 12249289, bChange = 0.00206433, totNum = 36
ROUND = 2700, SUM = 12249289, bChange = 0.00206432, totNum = 36
ROUND = 2701, SUM = 12249289, bChange = 0.00206432, totNum = 36
ROUND = 2702, SUM = 12249289, bChange = 0.00206432, totNum = 36
ROUND = 2703, SUM = 12249289, bChange = 0.00206431, totNum = 36
ROUND = 2704, SUM = 12249289, bChange = 0.00206431, totNum = 36
ROUND = 2705, SUM = 12249289, bChange = 0.0020643, totNum = 36
ROUND = 2706, SUM = 12249289, bChange = 0.0020643, totNum = 36
ROUND = 2707, SUM = 12249289, bChange = 0.00206429, totNum = 36
ROUND = 2708, SUM = 12249289, bChange = 0.00206429, totNum = 36
ROUND = 2709, SUM = 12249289, bChange = 0.00206429, totNum = 36
ROUND = 2710, SUM = 12249289, bChange = 0.00206428, totNum = 36
ROUND = 2711, SUM = 12249289, bChange = 0.00206428, totNum = 36
ROUND = 2712, SUM = 12249289, bChange = 0.00206427, totNum = 36
ROUND = 2713, SUM = 12249289, bChange = 0.00206427, totNum = 36
ROUND = 2714, SUM = 12249289, bChange = 0.00206427, totNum = 36
ROUND = 2715, SUM = 12249289, bChange = 0.00206426, totNum = 36
ROUND = 2716, SUM = 12249289, bChange = 0.00206426, totNum = 36
ROUND = 2717, SUM = 12249289, bChange = 0.00206425, totNum = 36
ROUND = 2718, SUM = 12249289, bChange = 0.00206425, totNum = 36
ROUND = 2719, SUM = 12249289, bChange = 0.00206425, totNum = 36
ROUND = 2720, SUM = 12249289, bChange = 0.00206424, totNum = 36
ROUND = 2721, SUM = 12249289, bChange = 0.00206424, totNum = 36
ROUND = 2722, SUM = 12249289, bChange = 0.00206423, totNum = 36
ROUND = 2723, SUM = 12249288.9999999, bChange = 0.00206423, totNum = 36
ROUND = 2724, SUM = 12249289, bChange = 0.00206422, totNum = 36
ROUND = 2725, SUM = 12249289, bChange = 0.00206422, totNum = 36
ROUND = 2726, SUM = 12249289, bChange = 0.00206422, totNum = 36
ROUND = 2727, SUM = 12249289, bChange = 0.00206421, totNum = 36
ROUND = 2728, SUM = 12249289, bChange = 0.00206421, totNum = 36
ROUND = 2729, SUM = 12249289, bChange = 0.0020642, totNum = 36
ROUND = 2730, SUM = 12249289, bChange = 0.0020642, totNum = 36
ROUND = 2731, SUM = 12249289, bChange = 0.0020642, totNum = 36
ROUND = 2732, SUM = 12249289, bChange = 0.00206419, totNum = 36
ROUND = 2733, SUM = 12249289, bChange = 0.00206419, totNum = 36
ROUND = 2734, SUM = 12249289, bChange = 0.00206418, totNum = 36
ROUND = 2735, SUM = 12249289, bChange = 0.00206418, totNum = 36
ROUND = 2736, SUM = 12249289, bChange = 0.00206418, totNum = 36
ROUND = 2737, SUM = 12249289, bChange = 0.00206417, totNum = 36
ROUND = 2738, SUM = 12249289, bChange = 0.00206417, totNum = 36
ROUND = 2739, SUM = 12249289, bChange = 0.00206417, totNum = 36
ROUND = 2740, SUM = 12249289, bChange = 0.00206416, totNum = 36
ROUND = 2741, SUM = 12249289, bChange = 0.00206416, totNum = 36
ROUND = 2742, SUM = 12249289, bChange = 0.00206415, totNum = 36
ROUND = 2743, SUM = 12249289, bChange = 0.00206415, totNum = 36
ROUND = 2744, SUM = 12249289, bChange = 0.00206415, totNum = 36
ROUND = 2745, SUM = 12249289, bChange = 0.00206414, totNum = 36
ROUND = 2746, SUM = 12249289, bChange = 0.00206414, totNum = 36
ROUND = 2747, SUM = 12249289, bChange = 0.00206413, totNum = 36
ROUND = 2748, SUM = 12249289, bChange = 0.00206413, totNum = 36
ROUND = 2749, SUM = 12249289, bChange = 0.00206413, totNum = 36
ROUND = 2750, SUM = 12249289, bChange = 0.00206412, totNum = 36
ROUND = 2751, SUM = 12249289, bChange = 0.00206412, totNum = 36
ROUND = 2752, SUM = 12249289, bChange = 0.00206412, totNum = 36
ROUND = 2753, SUM = 12249289, bChange = 0.00206411, totNum = 36
ROUND = 2754, SUM = 12249289, bChange = 0.00206411, totNum = 36
ROUND = 2755, SUM = 12249289, bChange = 0.0020641, totNum = 36
ROUND = 2756, SUM = 12249289, bChange = 0.0020641, totNum = 36
ROUND = 2757, SUM = 12249289, bChange = 0.0020641, totNum = 36
ROUND = 2758, SUM = 12249289, bChange = 0.00206409, totNum = 36
ROUND = 2759, SUM = 12249289, bChange = 0.00206409, totNum = 36
ROUND = 2760, SUM = 12249289, bChange = 0.00206408, totNum = 36
ROUND = 2761, SUM = 12249289, bChange = 0.00206408, totNum = 36
ROUND = 2762, SUM = 12249289, bChange = 0.00206408, totNum = 36
ROUND = 2763, SUM = 12249289, bChange = 0.00206407, totNum = 36
ROUND = 2764, SUM = 12249289, bChange = 0.00206407, totNum = 36
ROUND = 2765, SUM = 12249289, bChange = 0.00206407, totNum = 36
ROUND = 2766, SUM = 12249289, bChange = 0.00206406, totNum = 36
ROUND = 2767, SUM = 12249289, bChange = 0.00206406, totNum = 36
ROUND = 2768, SUM = 12249289, bChange = 0.00206406, totNum = 36
ROUND = 2769, SUM = 12249289, bChange = 0.00206405, totNum = 36
ROUND = 2770, SUM = 12249288.9999999, bChange = 0.00206405, totNum = 36
ROUND = 2771, SUM = 12249289, bChange = 0.00206404, totNum = 36
ROUND = 2772, SUM = 12249289, bChange = 0.00206404, totNum = 36
ROUND = 2773, SUM = 12249289, bChange = 0.00206404, totNum = 36
ROUND = 2774, SUM = 12249289, bChange = 0.00206403, totNum = 36
ROUND = 2775, SUM = 12249289, bChange = 0.00206403, totNum = 35
ROUND = 2776, SUM = 12249289, bChange = 0.00206403, totNum = 35
ROUND = 2777, SUM = 12249289, bChange = 0.00206402, totNum = 35
ROUND = 2778, SUM = 12249289, bChange = 0.00206402, totNum = 35
ROUND = 2779, SUM = 12249289, bChange = 0.00206401, totNum = 35
ROUND = 2780, SUM = 12249289, bChange = 0.00206401, totNum = 35
ROUND = 2781, SUM = 12249289, bChange = 0.00206401, totNum = 34
ROUND = 2782, SUM = 12249289, bChange = 0.002064, totNum = 34
ROUND = 2783, SUM = 12249289, bChange = 0.002064, totNum = 34
ROUND = 2784, SUM = 12249289, bChange = 0.002064, totNum = 34
ROUND = 2785, SUM = 12249289, bChange = 0.00206399, totNum = 34
ROUND = 2786, SUM = 12249289, bChange = 0.00206399, totNum = 34
ROUND = 2787, SUM = 12249289, bChange = 0.00206399, totNum = 34
ROUND = 2788, SUM = 12249289, bChange = 0.00206398, totNum = 34
ROUND = 2789, SUM = 12249289, bChange = 0.00206398, totNum = 34
ROUND = 2790, SUM = 12249289, bChange = 0.00206398, totNum = 34
ROUND = 2791, SUM = 12249289, bChange = 0.00206397, totNum = 34
ROUND = 2792, SUM = 12249289, bChange = 0.00206397, totNum = 34
ROUND = 2793, SUM = 12249289, bChange = 0.00206397, totNum = 34
ROUND = 2794, SUM = 12249289, bChange = 0.00206396, totNum = 34
ROUND = 2795, SUM = 12249289, bChange = 0.00206396, totNum = 34
ROUND = 2796, SUM = 12249289, bChange = 0.00206395, totNum = 34
ROUND = 2797, SUM = 12249289, bChange = 0.00206395, totNum = 34
ROUND = 2798, SUM = 12249289, bChange = 0.00206395, totNum = 34
ROUND = 2799, SUM = 12249289, bChange = 0.00206394, totNum = 34
ROUND = 2800, SUM = 12249289, bChange = 0.00206394, totNum = 34
ROUND = 2801, SUM = 12249289, bChange = 0.00206394, totNum = 34
ROUND = 2802, SUM = 12249289, bChange = 0.00206393, totNum = 34
ROUND = 2803, SUM = 12249289, bChange = 0.00206393, totNum = 34
ROUND = 2804, SUM = 12249289, bChange = 0.00206393, totNum = 34
ROUND = 2805, SUM = 12249289.0000001, bChange = 0.00206392, totNum = 34
ROUND = 2806, SUM = 12249289, bChange = 0.00206392, totNum = 34
ROUND = 2807, SUM = 12249289, bChange = 0.00206392, totNum = 34
ROUND = 2808, SUM = 12249289, bChange = 0.00206391, totNum = 34
ROUND = 2809, SUM = 12249289, bChange = 0.00206391, totNum = 34
ROUND = 2810, SUM = 12249289, bChange = 0.00206391, totNum = 34
ROUND = 2811, SUM = 12249289, bChange = 0.0020639, totNum = 34
ROUND = 2812, SUM = 12249289, bChange = 0.0020639, totNum = 34
ROUND = 2813, SUM = 12249289, bChange = 0.0020639, totNum = 33
ROUND = 2814, SUM = 12249289, bChange = 0.00206389, totNum = 33
ROUND = 2815, SUM = 12249289, bChange = 0.00206389, totNum = 33
ROUND = 2816, SUM = 12249289, bChange = 0.00206389, totNum = 33
ROUND = 2817, SUM = 12249289, bChange = 0.00206388, totNum = 33
ROUND = 2818, SUM = 12249289, bChange = 0.00206388, totNum = 33
ROUND = 2819, SUM = 12249289, bChange = 0.00206388, totNum = 33
ROUND = 2820, SUM = 12249289, bChange = 0.00206387, totNum = 33
ROUND = 2821, SUM = 12249289, bChange = 0.00206387, totNum = 33
ROUND = 2822, SUM = 12249289, bChange = 0.00206387, totNum = 33
ROUND = 2823, SUM = 12249289, bChange = 0.00206386, totNum = 33
ROUND = 2824, SUM = 12249289, bChange = 0.00206386, totNum = 33
ROUND = 2825, SUM = 12249289, bChange = 0.00206386, totNum = 33
ROUND = 2826, SUM = 12249289, bChange = 0.00206385, totNum = 33
ROUND = 2827, SUM = 12249289, bChange = 0.00206385, totNum = 33
ROUND = 2828, SUM = 12249289, bChange = 0.00206385, totNum = 33
ROUND = 2829, SUM = 12249289, bChange = 0.00206384, totNum = 33
ROUND = 2830, SUM = 12249289, bChange = 0.00206384, totNum = 33
ROUND = 2831, SUM = 12249289, bChange = 0.00206384, totNum = 33
ROUND = 2832, SUM = 12249289, bChange = 0.00206383, totNum = 33
ROUND = 2833, SUM = 12249289, bChange = 0.00206383, totNum = 33
ROUND = 2834, SUM = 12249289, bChange = 0.00206383, totNum = 33
ROUND = 2835, SUM = 12249289, bChange = 0.00206382, totNum = 33
ROUND = 2836, SUM = 12249289, bChange = 0.00206382, totNum = 32
ROUND = 2837, SUM = 12249289, bChange = 0.00206382, totNum = 32
ROUND = 2838, SUM = 12249289, bChange = 0.00206381, totNum = 32
ROUND = 2839, SUM = 12249289, bChange = 0.00206381, totNum = 32
ROUND = 2840, SUM = 12249289, bChange = 0.00206381, totNum = 32
ROUND = 2841, SUM = 12249289, bChange = 0.00206381, totNum = 31
ROUND = 2842, SUM = 12249289, bChange = 0.0020638, totNum = 31
ROUND = 2843, SUM = 12249289, bChange = 0.0020638, totNum = 31
ROUND = 2844, SUM = 12249289, bChange = 0.0020638, totNum = 31
ROUND = 2845, SUM = 12249289, bChange = 0.00206379, totNum = 31
ROUND = 2846, SUM = 12249289, bChange = 0.00206379, totNum = 31
ROUND = 2847, SUM = 12249289, bChange = 0.00206379, totNum = 31
ROUND = 2848, SUM = 12249289, bChange = 0.00206378, totNum = 31
ROUND = 2849, SUM = 12249289, bChange = 0.00206378, totNum = 31
ROUND = 2850, SUM = 12249289, bChange = 0.00206378, totNum = 30
ROUND = 2851, SUM = 12249289, bChange = 0.00206377, totNum = 30
ROUND = 2852, SUM = 12249289, bChange = 0.00206377, totNum = 30
ROUND = 2853, SUM = 12249289, bChange = 0.00206377, totNum = 30
ROUND = 2854, SUM = 12249289, bChange = 0.00206376, totNum = 30
ROUND = 2855, SUM = 12249289, bChange = 0.00206376, totNum = 30
ROUND = 2856, SUM = 12249289, bChange = 0.00206376, totNum = 30
ROUND = 2857, SUM = 12249289, bChange = 0.00206376, totNum = 29
ROUND = 2858, SUM = 12249289, bChange = 0.00206375, totNum = 29
ROUND = 2859, SUM = 12249289, bChange = 0.00206375, totNum = 29
ROUND = 2860, SUM = 12249289.0000001, bChange = 0.00206375, totNum = 29
ROUND = 2861, SUM = 12249289, bChange = 0.00206374, totNum = 29
ROUND = 2862, SUM = 12249289, bChange = 0.00206374, totNum = 29
ROUND = 2863, SUM = 12249289, bChange = 0.00206374, totNum = 29
ROUND = 2864, SUM = 12249289.0000001, bChange = 0.00206373, totNum = 29
ROUND = 2865, SUM = 12249289, bChange = 0.00206373, totNum = 28
ROUND = 2866, SUM = 12249289, bChange = 0.00206373, totNum = 28
ROUND = 2867, SUM = 12249289, bChange = 0.00206372, totNum = 28
ROUND = 2868, SUM = 12249289, bChange = 0.00206372, totNum = 28
ROUND = 2869, SUM = 12249289, bChange = 0.00206372, totNum = 28
ROUND = 2870, SUM = 12249289, bChange = 0.00206372, totNum = 28
ROUND = 2871, SUM = 12249289, bChange = 0.00206371, totNum = 28
ROUND = 2872, SUM = 12249289, bChange = 0.00206371, totNum = 28
ROUND = 2873, SUM = 12249289, bChange = 0.00206371, totNum = 28
ROUND = 2874, SUM = 12249289, bChange = 0.0020637, totNum = 28
ROUND = 2875, SUM = 12249289, bChange = 0.0020637, totNum = 27
ROUND = 2876, SUM = 12249289, bChange = 0.0020637, totNum = 27
ROUND = 2877, SUM = 12249289, bChange = 0.0020637, totNum = 27
ROUND = 2878, SUM = 12249289, bChange = 0.00206369, totNum = 27
ROUND = 2879, SUM = 12249289, bChange = 0.00206369, totNum = 27
ROUND = 2880, SUM = 12249289, bChange = 0.00206369, totNum = 27
ROUND = 2881, SUM = 12249289, bChange = 0.00206368, totNum = 27
ROUND = 2882, SUM = 12249289, bChange = 0.00206368, totNum = 27
ROUND = 2883, SUM = 12249289, bChange = 0.00206368, totNum = 27
ROUND = 2884, SUM = 12249289, bChange = 0.00206367, totNum = 27
ROUND = 2885, SUM = 12249289, bChange = 0.00206367, totNum = 27
ROUND = 2886, SUM = 12249289, bChange = 0.00206367, totNum = 27
ROUND = 2887, SUM = 12249289, bChange = 0.00206367, totNum = 27
ROUND = 2888, SUM = 12249289, bChange = 0.00206366, totNum = 27
ROUND = 2889, SUM = 12249289, bChange = 0.00206366, totNum = 27
ROUND = 2890, SUM = 12249289, bChange = 0.00206366, totNum = 27
ROUND = 2891, SUM = 12249289, bChange = 0.00206365, totNum = 27
ROUND = 2892, SUM = 12249289, bChange = 0.00206365, totNum = 27
ROUND = 2893, SUM = 12249289, bChange = 0.00206365, totNum = 27
ROUND = 2894, SUM = 12249289, bChange = 0.00206365, totNum = 27
ROUND = 2895, SUM = 12249289, bChange = 0.00206364, totNum = 27
ROUND = 2896, SUM = 12249289, bChange = 0.00206364, totNum = 27
ROUND = 2897, SUM = 12249289, bChange = 0.00206364, totNum = 26
ROUND = 2898, SUM = 12249289, bChange = 0.00206363, totNum = 26
ROUND = 2899, SUM = 12249289, bChange = 0.00206363, totNum = 26
ROUND = 2900, SUM = 12249289, bChange = 0.00206363, totNum = 26
ROUND = 2901, SUM = 12249289, bChange = 0.00206363, totNum = 26
ROUND = 2902, SUM = 12249289, bChange = 0.00206362, totNum = 26
ROUND = 2903, SUM = 12249288.9999999, bChange = 0.00206362, totNum = 26
ROUND = 2904, SUM = 12249289, bChange = 0.00206362, totNum = 26
ROUND = 2905, SUM = 12249289, bChange = 0.00206361, totNum = 26
ROUND = 2906, SUM = 12249289, bChange = 0.00206361, totNum = 26
ROUND = 2907, SUM = 12249289, bChange = 0.00206361, totNum = 26
ROUND = 2908, SUM = 12249289, bChange = 0.00206361, totNum = 26
ROUND = 2909, SUM = 12249288.9999999, bChange = 0.0020636, totNum = 26
ROUND = 2910, SUM = 12249289, bChange = 0.0020636, totNum = 26
ROUND = 2911, SUM = 12249289, bChange = 0.0020636, totNum = 26
ROUND = 2912, SUM = 12249289, bChange = 0.0020636, totNum = 26
ROUND = 2913, SUM = 12249289, bChange = 0.00206359, totNum = 26
ROUND = 2914, SUM = 12249289, bChange = 0.00206359, totNum = 26
ROUND = 2915, SUM = 12249289, bChange = 0.00206359, totNum = 26
ROUND = 2916, SUM = 12249289, bChange = 0.00206358, totNum = 26
ROUND = 2917, SUM = 12249289, bChange = 0.00206358, totNum = 26
ROUND = 2918, SUM = 12249289, bChange = 0.00206358, totNum = 25
ROUND = 2919, SUM = 12249289, bChange = 0.00206358, totNum = 25
ROUND = 2920, SUM = 12249289, bChange = 0.00206357, totNum = 25
ROUND = 2921, SUM = 12249289, bChange = 0.00206357, totNum = 25
ROUND = 2922, SUM = 12249289, bChange = 0.00206357, totNum = 25
ROUND = 2923, SUM = 12249289, bChange = 0.00206357, totNum = 25
ROUND = 2924, SUM = 12249289, bChange = 0.00206356, totNum = 25
ROUND = 2925, SUM = 12249289, bChange = 0.00206356, totNum = 25
ROUND = 2926, SUM = 12249289, bChange = 0.00206356, totNum = 25
ROUND = 2927, SUM = 12249289, bChange = 0.00206356, totNum = 25
ROUND = 2928, SUM = 12249289, bChange = 0.00206355, totNum = 25
ROUND = 2929, SUM = 12249289, bChange = 0.00206355, totNum = 25
ROUND = 2930, SUM = 12249289, bChange = 0.00206355, totNum = 25
ROUND = 2931, SUM = 12249289, bChange = 0.00206354, totNum = 25
ROUND = 2932, SUM = 12249289, bChange = 0.00206354, totNum = 25
ROUND = 2933, SUM = 12249289, bChange = 0.00206354, totNum = 25
ROUND = 2934, SUM = 12249289, bChange = 0.00206354, totNum = 25
ROUND = 2935, SUM = 12249289, bChange = 0.00206353, totNum = 25
ROUND = 2936, SUM = 12249289, bChange = 0.00206353, totNum = 25
ROUND = 2937, SUM = 12249289, bChange = 0.00206353, totNum = 25
ROUND = 2938, SUM = 12249289, bChange = 0.00206353, totNum = 25
ROUND = 2939, SUM = 12249289, bChange = 0.00206352, totNum = 25
ROUND = 2940, SUM = 12249289, bChange = 0.00206352, totNum = 25
ROUND = 2941, SUM = 12249288.9999999, bChange = 0.00206352, totNum = 25
ROUND = 2942, SUM = 12249289, bChange = 0.00206352, totNum = 25
ROUND = 2943, SUM = 12249289, bChange = 0.00206351, totNum = 25
ROUND = 2944, SUM = 12249289, bChange = 0.00206351, totNum = 25
ROUND = 2945, SUM = 12249289, bChange = 0.00206351, totNum = 25
ROUND = 2946, SUM = 12249288.9999999, bChange = 0.00206351, totNum = 25
ROUND = 2947, SUM = 12249289, bChange = 0.0020635, totNum = 25
ROUND = 2948, SUM = 12249289, bChange = 0.0020635, totNum = 25
ROUND = 2949, SUM = 12249289, bChange = 0.0020635, totNum = 25
ROUND = 2950, SUM = 12249289, bChange = 0.0020635, totNum = 25
ROUND = 2951, SUM = 12249289, bChange = 0.00206349, totNum = 25
ROUND = 2952, SUM = 12249289, bChange = 0.00206349, totNum = 25
ROUND = 2953, SUM = 12249289, bChange = 0.00206349, totNum = 25
ROUND = 2954, SUM = 12249289, bChange = 0.00206349, totNum = 24
ROUND = 2955, SUM = 12249289, bChange = 0.00206348, totNum = 24
ROUND = 2956, SUM = 12249289, bChange = 0.00206348, totNum = 24
ROUND = 2957, SUM = 12249289, bChange = 0.00206348, totNum = 24
ROUND = 2958, SUM = 12249289, bChange = 0.00206348, totNum = 24
ROUND = 2959, SUM = 12249289, bChange = 0.00206347, totNum = 24
ROUND = 2960, SUM = 12249289, bChange = 0.00206347, totNum = 24
ROUND = 2961, SUM = 12249289, bChange = 0.00206347, totNum = 24
ROUND = 2962, SUM = 12249289, bChange = 0.00206347, totNum = 23
ROUND = 2963, SUM = 12249289, bChange = 0.00206346, totNum = 23
ROUND = 2964, SUM = 12249289, bChange = 0.00206346, totNum = 23
ROUND = 2965, SUM = 12249289, bChange = 0.00206346, totNum = 23
ROUND = 2966, SUM = 12249289, bChange = 0.00206346, totNum = 23
ROUND = 2967, SUM = 12249289, bChange = 0.00206345, totNum = 23
ROUND = 2968, SUM = 12249289, bChange = 0.00206345, totNum = 23
ROUND = 2969, SUM = 12249289, bChange = 0.00206345, totNum = 23
ROUND = 2970, SUM = 12249289, bChange = 0.00206345, totNum = 23
ROUND = 2971, SUM = 12249289, bChange = 0.00206344, totNum = 22
ROUND = 2972, SUM = 12249289, bChange = 0.00206344, totNum = 22
ROUND = 2973, SUM = 12249289, bChange = 0.00206344, totNum = 22
ROUND = 2974, SUM = 12249289, bChange = 0.00206344, totNum = 22
ROUND = 2975, SUM = 12249289, bChange = 0.00206343, totNum = 22
ROUND = 2976, SUM = 12249289, bChange = 0.00206343, totNum = 22
ROUND = 2977, SUM = 12249289, bChange = 0.00206343, totNum = 22
ROUND = 2978, SUM = 12249289, bChange = 0.00206343, totNum = 22
ROUND = 2979, SUM = 12249289, bChange = 0.00206342, totNum = 22
ROUND = 2980, SUM = 12249289, bChange = 0.00206342, totNum = 22
ROUND = 2981, SUM = 12249289, bChange = 0.00206342, totNum = 22
ROUND = 2982, SUM = 12249289, bChange = 0.00206342, totNum = 22
ROUND = 2983, SUM = 12249289, bChange = 0.00206341, totNum = 22
ROUND = 2984, SUM = 12249289, bChange = 0.00206341, totNum = 22
ROUND = 2985, SUM = 12249289, bChange = 0.00206341, totNum = 22
ROUND = 2986, SUM = 12249289, bChange = 0.00206341, totNum = 22
ROUND = 2987, SUM = 12249289, bChange = 0.00206341, totNum = 22
ROUND = 2988, SUM = 12249289, bChange = 0.0020634, totNum = 22
ROUND = 2989, SUM = 12249289, bChange = 0.0020634, totNum = 22
ROUND = 2990, SUM = 12249289, bChange = 0.0020634, totNum = 22
ROUND = 2991, SUM = 12249289, bChange = 0.0020634, totNum = 22
ROUND = 2992, SUM = 12249289, bChange = 0.00206339, totNum = 22
ROUND = 2993, SUM = 12249289, bChange = 0.00206339, totNum = 22
ROUND = 2994, SUM = 12249289, bChange = 0.00206339, totNum = 22
ROUND = 2995, SUM = 12249289.0000001, bChange = 0.00206339, totNum = 22
ROUND = 2996, SUM = 12249289, bChange = 0.00206338, totNum = 22
ROUND = 2997, SUM = 12249289, bChange = 0.00206338, totNum = 22
ROUND = 2998, SUM = 12249289, bChange = 0.00206338, totNum = 22
ROUND = 2999, SUM = 12249289, bChange = 0.00206338, totNum = 22
ROUND = 3000, SUM = 12249289, bChange = 0.00206338, totNum = 22
ROUND = 3001, SUM = 12249289, bChange = 0.00206337, totNum = 22
ROUND = 3002, SUM = 12249289, bChange = 0.00206337, totNum = 22
ROUND = 3003, SUM = 12249289, bChange = 0.00206337, totNum = 22
ROUND = 3004, SUM = 12249289, bChange = 0.00206337, totNum = 22
ROUND = 3005, SUM = 12249289, bChange = 0.00206336, totNum = 22
ROUND = 3006, SUM = 12249289, bChange = 0.00206336, totNum = 22
ROUND = 3007, SUM = 12249289, bChange = 0.00206336, totNum = 22
ROUND = 3008, SUM = 12249289, bChange = 0.00206336, totNum = 22
ROUND = 3009, SUM = 12249289, bChange = 0.00206335, totNum = 22
ROUND = 3010, SUM = 12249289, bChange = 0.00206335, totNum = 22
ROUND = 3011, SUM = 12249289, bChange = 0.00206335, totNum = 22
ROUND = 3012, SUM = 12249289, bChange = 0.00206335, totNum = 22
ROUND = 3013, SUM = 12249289, bChange = 0.00206335, totNum = 22
ROUND = 3014, SUM = 12249289, bChange = 0.00206334, totNum = 22
ROUND = 3015, SUM = 12249289, bChange = 0.00206334, totNum = 22
ROUND = 3016, SUM = 12249289, bChange = 0.00206334, totNum = 22
ROUND = 3017, SUM = 12249289, bChange = 0.00206334, totNum = 22
ROUND = 3018, SUM = 12249289, bChange = 0.00206333, totNum = 22
ROUND = 3019, SUM = 12249289, bChange = 0.00206333, totNum = 22
ROUND = 3020, SUM = 12249289, bChange = 0.00206333, totNum = 22
ROUND = 3021, SUM = 12249289, bChange = 0.00206333, totNum = 22
ROUND = 3022, SUM = 12249289, bChange = 0.00206333, totNum = 22
ROUND = 3023, SUM = 12249289.0000001, bChange = 0.00206332, totNum = 21
ROUND = 3024, SUM = 12249289, bChange = 0.00206332, totNum = 21
ROUND = 3025, SUM = 12249289, bChange = 0.00206332, totNum = 21
ROUND = 3026, SUM = 12249289, bChange = 0.00206332, totNum = 21
ROUND = 3027, SUM = 12249289, bChange = 0.00206332, totNum = 21
ROUND = 3028, SUM = 12249289, bChange = 0.00206331, totNum = 21
ROUND = 3029, SUM = 12249289.0000001, bChange = 0.00206331, totNum = 21
ROUND = 3030, SUM = 12249289, bChange = 0.00206331, totNum = 21
ROUND = 3031, SUM = 12249289, bChange = 0.00206331, totNum = 21
ROUND = 3032, SUM = 12249289, bChange = 0.0020633, totNum = 21
ROUND = 3033, SUM = 12249289, bChange = 0.0020633, totNum = 21
ROUND = 3034, SUM = 12249289, bChange = 0.0020633, totNum = 21
ROUND = 3035, SUM = 12249289, bChange = 0.0020633, totNum = 21
ROUND = 3036, SUM = 12249289, bChange = 0.0020633, totNum = 21
ROUND = 3037, SUM = 12249289, bChange = 0.00206329, totNum = 21
ROUND = 3038, SUM = 12249289, bChange = 0.00206329, totNum = 21
ROUND = 3039, SUM = 12249289, bChange = 0.00206329, totNum = 21
ROUND = 3040, SUM = 12249289, bChange = 0.00206329, totNum = 21
ROUND = 3041, SUM = 12249289, bChange = 0.00206329, totNum = 21
ROUND = 3042, SUM = 12249289, bChange = 0.00206328, totNum = 21
ROUND = 3043, SUM = 12249289, bChange = 0.00206328, totNum = 21
ROUND = 3044, SUM = 12249289, bChange = 0.00206328, totNum = 21
ROUND = 3045, SUM = 12249289, bChange = 0.00206328, totNum = 21
ROUND = 3046, SUM = 12249289, bChange = 0.00206328, totNum = 21
ROUND = 3047, SUM = 12249289, bChange = 0.00206327, totNum = 21
ROUND = 3048, SUM = 12249289, bChange = 0.00206327, totNum = 21
ROUND = 3049, SUM = 12249289, bChange = 0.00206327, totNum = 21
ROUND = 3050, SUM = 12249289, bChange = 0.00206327, totNum = 21
ROUND = 3051, SUM = 12249289, bChange = 0.00206326, totNum = 21
ROUND = 3052, SUM = 12249289, bChange = 0.00206326, totNum = 21
ROUND = 3053, SUM = 12249289, bChange = 0.00206326, totNum = 21
ROUND = 3054, SUM = 12249289, bChange = 0.00206326, totNum = 21
ROUND = 3055, SUM = 12249289, bChange = 0.00206326, totNum = 21
ROUND = 3056, SUM = 12249289, bChange = 0.00206325, totNum = 21
ROUND = 3057, SUM = 12249289, bChange = 0.00206325, totNum = 21
ROUND = 3058, SUM = 12249289, bChange = 0.00206325, totNum = 21
ROUND = 3059, SUM = 12249289, bChange = 0.00206325, totNum = 21
ROUND = 3060, SUM = 12249289, bChange = 0.00206325, totNum = 21
ROUND = 3061, SUM = 12249289, bChange = 0.00206324, totNum = 21
ROUND = 3062, SUM = 12249289, bChange = 0.00206324, totNum = 21
ROUND = 3063, SUM = 12249289, bChange = 0.00206324, totNum = 21
ROUND = 3064, SUM = 12249289, bChange = 0.00206324, totNum = 21
ROUND = 3065, SUM = 12249289, bChange = 0.00206324, totNum = 21
ROUND = 3066, SUM = 12249289, bChange = 0.00206323, totNum = 21
ROUND = 3067, SUM = 12249288.9999999, bChange = 0.00206323, totNum = 21
ROUND = 3068, SUM = 12249289, bChange = 0.00206323, totNum = 21
ROUND = 3069, SUM = 12249289, bChange = 0.00206323, totNum = 21
ROUND = 3070, SUM = 12249289, bChange = 0.00206323, totNum = 21
ROUND = 3071, SUM = 12249289, bChange = 0.00206322, totNum = 21
ROUND = 3072, SUM = 12249289, bChange = 0.00206322, totNum = 21
ROUND = 3073, SUM = 12249289, bChange = 0.00206322, totNum = 21
ROUND = 3074, SUM = 12249289, bChange = 0.00206322, totNum = 21
ROUND = 3075, SUM = 12249289, bChange = 0.00206322, totNum = 21
ROUND = 3076, SUM = 12249289, bChange = 0.00206321, totNum = 21
ROUND = 3077, SUM = 12249289, bChange = 0.00160343, totNum = 20
ROUND = 3078, SUM = 12249289, bChange = 0.00160343, totNum = 20
ROUND = 3079, SUM = 12249289, bChange = 0.00160343, totNum = 20
ROUND = 3080, SUM = 12249289, bChange = 0.00160344, totNum = 20
ROUND = 3081, SUM = 12249289, bChange = 0.00160344, totNum = 20
ROUND = 3082, SUM = 12249289, bChange = 0.00160345, totNum = 20
ROUND = 3083, SUM = 12249289, bChange = 0.00160345, totNum = 20
ROUND = 3084, SUM = 12249289, bChange = 0.00160345, totNum = 20
ROUND = 3085, SUM = 12249289, bChange = 0.00160346, totNum = 20
ROUND = 3086, SUM = 12249289, bChange = 0.00160346, totNum = 20
ROUND = 3087, SUM = 12249289, bChange = 0.00160346, totNum = 20
ROUND = 3088, SUM = 12249289, bChange = 0.00160347, totNum = 20
ROUND = 3089, SUM = 12249289, bChange = 0.00160347, totNum = 20
ROUND = 3090, SUM = 12249289, bChange = 0.00160348, totNum = 20
ROUND = 3091, SUM = 12249289, bChange = 0.00160348, totNum = 20
ROUND = 3092, SUM = 12249289, bChange = 0.00160348, totNum = 20
ROUND = 3093, SUM = 12249289, bChange = 0.00160349, totNum = 20
ROUND = 3094, SUM = 12249289, bChange = 0.00160349, totNum = 19
ROUND = 3095, SUM = 12249289.0000001, bChange = 0.00160349, totNum = 19
ROUND = 3096, SUM = 12249289, bChange = 0.0016035, totNum = 19
ROUND = 3097, SUM = 12249289.0000001, bChange = 0.0016035, totNum = 18
ROUND = 3098, SUM = 12249289, bChange = 0.00160351, totNum = 18
ROUND = 3099, SUM = 12249289, bChange = 0.00160351, totNum = 18
ROUND = 3100, SUM = 12249289, bChange = 0.00160351, totNum = 18
ROUND = 3101, SUM = 12249289, bChange = 0.00160352, totNum = 18
ROUND = 3102, SUM = 12249289, bChange = 0.00160352, totNum = 18
ROUND = 3103, SUM = 12249289, bChange = 0.00160352, totNum = 18
ROUND = 3104, SUM = 12249289, bChange = 0.00160353, totNum = 18
ROUND = 3105, SUM = 12249289, bChange = 0.00160353, totNum = 18
ROUND = 3106, SUM = 12249289, bChange = 0.00160354, totNum = 18
ROUND = 3107, SUM = 12249289, bChange = 0.00160354, totNum = 17
ROUND = 3108, SUM = 12249289, bChange = 0.00160354, totNum = 17
ROUND = 3109, SUM = 12249289, bChange = 0.00160355, totNum = 17
ROUND = 3110, SUM = 12249289, bChange = 0.00160355, totNum = 17
ROUND = 3111, SUM = 12249289, bChange = 0.00160355, totNum = 17
ROUND = 3112, SUM = 12249289, bChange = 0.00160356, totNum = 17
ROUND = 3113, SUM = 12249289, bChange = 0.00160356, totNum = 17
ROUND = 3114, SUM = 12249289, bChange = 0.00160357, totNum = 17
ROUND = 3115, SUM = 12249289, bChange = 0.00160357, totNum = 17
ROUND = 3116, SUM = 12249289, bChange = 0.00160357, totNum = 17
ROUND = 3117, SUM = 12249289, bChange = 0.00160358, totNum = 17
ROUND = 3118, SUM = 12249289, bChange = 0.00160358, totNum = 17
ROUND = 3119, SUM = 12249289, bChange = 0.00160358, totNum = 17
ROUND = 3120, SUM = 12249289, bChange = 0.00160359, totNum = 17
ROUND = 3121, SUM = 12249289, bChange = 0.00160359, totNum = 17
ROUND = 3122, SUM = 12249289, bChange = 0.00160359, totNum = 17
ROUND = 3123, SUM = 12249289, bChange = 0.0016036, totNum = 17
ROUND = 3124, SUM = 12249289.0000001, bChange = 0.0016036, totNum = 17
ROUND = 3125, SUM = 12249289, bChange = 0.00160361, totNum = 17
ROUND = 3126, SUM = 12249289, bChange = 0.00160361, totNum = 17
ROUND = 3127, SUM = 12249289, bChange = 0.00160361, totNum = 17
ROUND = 3128, SUM = 12249289, bChange = 0.00160362, totNum = 17
ROUND = 3129, SUM = 12249289, bChange = 0.00160362, totNum = 17
ROUND = 3130, SUM = 12249289, bChange = 0.00160362, totNum = 17
ROUND = 3131, SUM = 12249289, bChange = 0.00160363, totNum = 17
ROUND = 3132, SUM = 12249289, bChange = 0.00160363, totNum = 17
ROUND = 3133, SUM = 12249289, bChange = 0.00160363, totNum = 17
ROUND = 3134, SUM = 12249289, bChange = 0.00160364, totNum = 17
ROUND = 3135, SUM = 12249289, bChange = 0.00160364, totNum = 17
ROUND = 3136, SUM = 12249289.0000001, bChange = 0.00160365, totNum = 17
ROUND = 3137, SUM = 12249289.0000001, bChange = 0.00160365, totNum = 17
ROUND = 3138, SUM = 12249289, bChange = 0.00160365, totNum = 17
ROUND = 3139, SUM = 12249289, bChange = 0.00160366, totNum = 17
ROUND = 3140, SUM = 12249289, bChange = 0.00160366, totNum = 17
ROUND = 3141, SUM = 12249289, bChange = 0.00160366, totNum = 17
ROUND = 3142, SUM = 12249289, bChange = 0.00160367, totNum = 17
ROUND = 3143, SUM = 12249289, bChange = 0.00160367, totNum = 17
ROUND = 3144, SUM = 12249289, bChange = 0.00160367, totNum = 17
ROUND = 3145, SUM = 12249289, bChange = 0.00160368, totNum = 17
ROUND = 3146, SUM = 12249289, bChange = 0.00160368, totNum = 17
ROUND = 3147, SUM = 12249289, bChange = 0.00160368, totNum = 17
ROUND = 3148, SUM = 12249289, bChange = 0.00160369, totNum = 17
ROUND = 3149, SUM = 12249289, bChange = 0.00160369, totNum = 17
ROUND = 3150, SUM = 12249289, bChange = 0.00160369, totNum = 17
ROUND = 3151, SUM = 12249289, bChange = 0.0016037, totNum = 16
ROUND = 3152, SUM = 12249289, bChange = 0.0016037, totNum = 16
ROUND = 3153, SUM = 12249289, bChange = 0.0016037, totNum = 16
ROUND = 3154, SUM = 12249289, bChange = 0.00160371, totNum = 16
ROUND = 3155, SUM = 12249289, bChange = 0.00160371, totNum = 16
ROUND = 3156, SUM = 12249289, bChange = 0.00160371, totNum = 16
ROUND = 3157, SUM = 12249289, bChange = 0.00160372, totNum = 16
ROUND = 3158, SUM = 12249289, bChange = 0.00160372, totNum = 16
ROUND = 3159, SUM = 12249289, bChange = 0.00160372, totNum = 16
ROUND = 3160, SUM = 12249289, bChange = 0.00160373, totNum = 16
ROUND = 3161, SUM = 12249289, bChange = 0.00160373, totNum = 16
ROUND = 3162, SUM = 12249289, bChange = 0.00160374, totNum = 16
ROUND = 3163, SUM = 12249289, bChange = 0.00160374, totNum = 16
ROUND = 3164, SUM = 12249289, bChange = 0.00160374, totNum = 16
ROUND = 3165, SUM = 12249289, bChange = 0.00160375, totNum = 16
ROUND = 3166, SUM = 12249289, bChange = 0.00160375, totNum = 16
ROUND = 3167, SUM = 12249289, bChange = 0.00160375, totNum = 16
ROUND = 3168, SUM = 12249289, bChange = 0.00160376, totNum = 16
ROUND = 3169, SUM = 12249289, bChange = 0.00160376, totNum = 16
ROUND = 3170, SUM = 12249289, bChange = 0.00160376, totNum = 16
ROUND = 3171, SUM = 12249289, bChange = 0.00160377, totNum = 16
ROUND = 3172, SUM = 12249289, bChange = 0.00160377, totNum = 16
ROUND = 3173, SUM = 12249289, bChange = 0.00160377, totNum = 16
ROUND = 3174, SUM = 12249289, bChange = 0.00160378, totNum = 16
ROUND = 3175, SUM = 12249289, bChange = 0.00160378, totNum = 16
ROUND = 3176, SUM = 12249289, bChange = 0.00160378, totNum = 16
ROUND = 3177, SUM = 12249289, bChange = 0.00160379, totNum = 16
ROUND = 3178, SUM = 12249289, bChange = 0.00160379, totNum = 16
ROUND = 3179, SUM = 12249289, bChange = 0.00160379, totNum = 16
ROUND = 3180, SUM = 12249289, bChange = 0.0016038, totNum = 16
ROUND = 3181, SUM = 12249289, bChange = 0.0016038, totNum = 16
ROUND = 3182, SUM = 12249289, bChange = 0.0016038, totNum = 16
ROUND = 3183, SUM = 12249289, bChange = 0.00160381, totNum = 16
ROUND = 3184, SUM = 12249289, bChange = 0.00160381, totNum = 16
ROUND = 3185, SUM = 12249289, bChange = 0.00160381, totNum = 16
ROUND = 3186, SUM = 12249289, bChange = 0.00160381, totNum = 16
ROUND = 3187, SUM = 12249289, bChange = 0.00160382, totNum = 16
ROUND = 3188, SUM = 12249289, bChange = 0.00160382, totNum = 16
ROUND = 3189, SUM = 12249289, bChange = 0.00160382, totNum = 16
ROUND = 3190, SUM = 12249289, bChange = 0.00160383, totNum = 16
ROUND = 3191, SUM = 12249289, bChange = 0.00160383, totNum = 16
ROUND = 3192, SUM = 12249289, bChange = 0.00160383, totNum = 16
ROUND = 3193, SUM = 12249289, bChange = 0.00160384, totNum = 16
ROUND = 3194, SUM = 12249289, bChange = 0.00160384, totNum = 16
ROUND = 3195, SUM = 12249289, bChange = 0.00160384, totNum = 16
ROUND = 3196, SUM = 12249289, bChange = 0.00160385, totNum = 16
ROUND = 3197, SUM = 12249289, bChange = 0.00160385, totNum = 16
ROUND = 3198, SUM = 12249289, bChange = 0.00160385, totNum = 16
ROUND = 3199, SUM = 12249289, bChange = 0.00160386, totNum = 16
ROUND = 3200, SUM = 12249289, bChange = 0.00160386, totNum = 16
ROUND = 3201, SUM = 12249289, bChange = 0.00160386, totNum = 16
ROUND = 3202, SUM = 12249289, bChange = 0.00160387, totNum = 16
ROUND = 3203, SUM = 12249289, bChange = 0.00160387, totNum = 16
ROUND = 3204, SUM = 12249289, bChange = 0.00160387, totNum = 16
ROUND = 3205, SUM = 12249289, bChange = 0.00160388, totNum = 16
ROUND = 3206, SUM = 12249289, bChange = 0.00160388, totNum = 16
ROUND = 3207, SUM = 12249289, bChange = 0.00160388, totNum = 16
ROUND = 3208, SUM = 12249289, bChange = 0.00160389, totNum = 16
ROUND = 3209, SUM = 12249289, bChange = 0.00160389, totNum = 16
ROUND = 3210, SUM = 12249289, bChange = 0.00160389, totNum = 16
ROUND = 3211, SUM = 12249289, bChange = 0.00160389, totNum = 16
ROUND = 3212, SUM = 12249289, bChange = 0.0016039, totNum = 16
ROUND = 3213, SUM = 12249289, bChange = 0.0016039, totNum = 16
ROUND = 3214, SUM = 12249289, bChange = 0.0016039, totNum = 16
ROUND = 3215, SUM = 12249289, bChange = 0.00160391, totNum = 16
ROUND = 3216, SUM = 12249289, bChange = 0.00160391, totNum = 16
ROUND = 3217, SUM = 12249289, bChange = 0.00160391, totNum = 16
ROUND = 3218, SUM = 12249289, bChange = 0.00160392, totNum = 16
ROUND = 3219, SUM = 12249289, bChange = 0.00160392, totNum = 16
ROUND = 3220, SUM = 12249289, bChange = 0.00160392, totNum = 16
ROUND = 3221, SUM = 12249289, bChange = 0.00160393, totNum = 16
ROUND = 3222, SUM = 12249289, bChange = 0.00160393, totNum = 16
ROUND = 3223, SUM = 12249289, bChange = 0.00160393, totNum = 16
ROUND = 3224, SUM = 12249289, bChange = 0.00160393, totNum = 16
ROUND = 3225, SUM = 12249289, bChange = 0.00160394, totNum = 16
ROUND = 3226, SUM = 12249289, bChange = 0.00160394, totNum = 16
ROUND = 3227, SUM = 12249289, bChange = 0.00160394, totNum = 16
ROUND = 3228, SUM = 12249289, bChange = 0.00160395, totNum = 16
ROUND = 3229, SUM = 12249289, bChange = 0.00160395, totNum = 16
ROUND = 3230, SUM = 12249289, bChange = 0.00160395, totNum = 16
ROUND = 3231, SUM = 12249289, bChange = 0.00160396, totNum = 16
ROUND = 3232, SUM = 12249289, bChange = 0.00160396, totNum = 16
ROUND = 3233, SUM = 12249289, bChange = 0.00160396, totNum = 16
ROUND = 3234, SUM = 12249289, bChange = 0.00160397, totNum = 16
ROUND = 3235, SUM = 12249289, bChange = 0.00160397, totNum = 16
ROUND = 3236, SUM = 12249289, bChange = 0.00160397, totNum = 16
ROUND = 3237, SUM = 12249289, bChange = 0.00160397, totNum = 16
ROUND = 3238, SUM = 12249289, bChange = 0.00160398, totNum = 16
ROUND = 3239, SUM = 12249289, bChange = 0.00160398, totNum = 16
ROUND = 3240, SUM = 12249289, bChange = 0.00160398, totNum = 16
ROUND = 3241, SUM = 12249289, bChange = 0.00160399, totNum = 16
ROUND = 3242, SUM = 12249289, bChange = 0.00160399, totNum = 16
ROUND = 3243, SUM = 12249289, bChange = 0.00160399, totNum = 16
ROUND = 3244, SUM = 12249289, bChange = 0.00160428, totNum = 16
ROUND = 3245, SUM = 12249289, bChange = 0.0016046, totNum = 16
ROUND = 3246, SUM = 12249289, bChange = 0.00160491, totNum = 16
ROUND = 3247, SUM = 12249289, bChange = 0.00160523, totNum = 16
ROUND = 3248, SUM = 12249289, bChange = 0.00160555, totNum = 16
ROUND = 3249, SUM = 12249289, bChange = 0.00160587, totNum = 16
ROUND = 3250, SUM = 12249289, bChange = 0.00160618, totNum = 16
ROUND = 3251, SUM = 12249289, bChange = 0.0016065, totNum = 16
ROUND = 3252, SUM = 12249289, bChange = 0.00160682, totNum = 16
ROUND = 3253, SUM = 12249289, bChange = 0.00160714, totNum = 16
ROUND = 3254, SUM = 12249289, bChange = 0.00160745, totNum = 16
ROUND = 3255, SUM = 12249289, bChange = 0.00160777, totNum = 16
ROUND = 3256, SUM = 12249289, bChange = 0.00160809, totNum = 16
ROUND = 3257, SUM = 12249289, bChange = 0.0016084, totNum = 16
ROUND = 3258, SUM = 12249289, bChange = 0.00160872, totNum = 16
ROUND = 3259, SUM = 12249289, bChange = 0.00160904, totNum = 16
ROUND = 3260, SUM = 12249289, bChange = 0.00160935, totNum = 16
ROUND = 3261, SUM = 12249289, bChange = 0.00160967, totNum = 16
ROUND = 3262, SUM = 12249289, bChange = 0.00160999, totNum = 16
ROUND = 3263, SUM = 12249289, bChange = 0.0016103, totNum = 17
ROUND = 3264, SUM = 12249289, bChange = 0.00161062, totNum = 17
ROUND = 3265, SUM = 12249289, bChange = 0.00161093, totNum = 17
ROUND = 3266, SUM = 12249289, bChange = 0.00161125, totNum = 17
ROUND = 3267, SUM = 12249289, bChange = 0.00161156, totNum = 17
ROUND = 3268, SUM = 12249289, bChange = 0.00161188, totNum = 17
ROUND = 3269, SUM = 12249289, bChange = 0.00161219, totNum = 17
ROUND = 3270, SUM = 12249289, bChange = 0.00161251, totNum = 17
ROUND = 3271, SUM = 12249289, bChange = 0.00161282, totNum = 17
ROUND = 3272, SUM = 12249289, bChange = 0.00161314, totNum = 17
ROUND = 3273, SUM = 12249289, bChange = 0.00161345, totNum = 17
ROUND = 3274, SUM = 12249289, bChange = 0.00161377, totNum = 17
ROUND = 3275, SUM = 12249289, bChange = 0.00161408, totNum = 17
ROUND = 3276, SUM = 12249289, bChange = 0.0016144, totNum = 17
ROUND = 3277, SUM = 12249289.0000001, bChange = 0.00161471, totNum = 17
ROUND = 3278, SUM = 12249289.0000001, bChange = 0.00161502, totNum = 17
ROUND = 3279, SUM = 12249289, bChange = 0.00161534, totNum = 17
ROUND = 3280, SUM = 12249289, bChange = 0.00161565, totNum = 17
ROUND = 3281, SUM = 12249289, bChange = 0.00161596, totNum = 17
ROUND = 3282, SUM = 12249289, bChange = 0.00161628, totNum = 17
ROUND = 3283, SUM = 12249289, bChange = 0.00161659, totNum = 17
ROUND = 3284, SUM = 12249289, bChange = 0.0016169, totNum = 17
ROUND = 3285, SUM = 12249289, bChange = 0.00161722, totNum = 17
ROUND = 3286, SUM = 12249289, bChange = 0.00161753, totNum = 17
ROUND = 3287, SUM = 12249289, bChange = 0.00161784, totNum = 17
ROUND = 3288, SUM = 12249289, bChange = 0.00161815, totNum = 17
ROUND = 3289, SUM = 12249289, bChange = 0.00161847, totNum = 17
ROUND = 3290, SUM = 12249289, bChange = 0.00161878, totNum = 17
ROUND = 3291, SUM = 12249289, bChange = 0.00161909, totNum = 17
ROUND = 3292, SUM = 12249289, bChange = 0.0016194, totNum = 17
ROUND = 3293, SUM = 12249289, bChange = 0.00161971, totNum = 17
ROUND = 3294, SUM = 12249289, bChange = 0.00162003, totNum = 17
ROUND = 3295, SUM = 12249289, bChange = 0.00162034, totNum = 17
ROUND = 3296, SUM = 12249289, bChange = 0.00162065, totNum = 17
ROUND = 3297, SUM = 12249289.0000001, bChange = 0.00162096, totNum = 17
ROUND = 3298, SUM = 12249289, bChange = 0.00162127, totNum = 17
ROUND = 3299, SUM = 12249289, bChange = 0.00162158, totNum = 17
ROUND = 3300, SUM = 12249289, bChange = 0.00162189, totNum = 17
ROUND = 3301, SUM = 12249289, bChange = 0.0016222, totNum = 17
ROUND = 3302, SUM = 12249289, bChange = 0.00162251, totNum = 17
ROUND = 3303, SUM = 12249289, bChange = 0.00162282, totNum = 17
ROUND = 3304, SUM = 12249289, bChange = 0.00162313, totNum = 17
ROUND = 3305, SUM = 12249289, bChange = 0.00162344, totNum = 16
ROUND = 3306, SUM = 12249289, bChange = 0.00162375, totNum = 16
ROUND = 3307, SUM = 12249289, bChange = 0.00162406, totNum = 16
ROUND = 3308, SUM = 12249289, bChange = 0.00162437, totNum = 16
ROUND = 3309, SUM = 12249289, bChange = 0.00162468, totNum = 16
ROUND = 3310, SUM = 12249289, bChange = 0.00162499, totNum = 16
ROUND = 3311, SUM = 12249289, bChange = 0.0016253, totNum = 16
ROUND = 3312, SUM = 12249289, bChange = 0.00162561, totNum = 16
ROUND = 3313, SUM = 12249289, bChange = 0.00162592, totNum = 16
ROUND = 3314, SUM = 12249289, bChange = 0.00162623, totNum = 16
ROUND = 3315, SUM = 12249289, bChange = 0.00162654, totNum = 16
ROUND = 3316, SUM = 12249289, bChange = 0.00162685, totNum = 16
ROUND = 3317, SUM = 12249289, bChange = 0.00162715, totNum = 16
ROUND = 3318, SUM = 12249289, bChange = 0.00162746, totNum = 16
ROUND = 3319, SUM = 12249289, bChange = 0.00162777, totNum = 16
ROUND = 3320, SUM = 12249289, bChange = 0.00162808, totNum = 16
ROUND = 3321, SUM = 12249289, bChange = 0.00162839, totNum = 16
ROUND = 3322, SUM = 12249289, bChange = 0.00162869, totNum = 16
ROUND = 3323, SUM = 12249289, bChange = 0.001629, totNum = 16
ROUND = 3324, SUM = 12249289, bChange = 0.00162931, totNum = 16
ROUND = 3325, SUM = 12249289, bChange = 0.00162962, totNum = 16
ROUND = 3326, SUM = 12249289, bChange = 0.00162992, totNum = 16
ROUND = 3327, SUM = 12249289, bChange = 0.00163023, totNum = 16
ROUND = 3328, SUM = 12249289, bChange = 0.00163054, totNum = 16
ROUND = 3329, SUM = 12249289, bChange = 0.00163084, totNum = 16
ROUND = 3330, SUM = 12249289, bChange = 0.00163115, totNum = 16
ROUND = 3331, SUM = 12249289, bChange = 0.00163146, totNum = 16
ROUND = 3332, SUM = 12249289, bChange = 0.00163176, totNum = 16
ROUND = 3333, SUM = 12249289, bChange = 0.00163207, totNum = 16
ROUND = 3334, SUM = 12249289, bChange = 0.00163237, totNum = 16
ROUND = 3335, SUM = 12249289, bChange = 0.00163268, totNum = 16
ROUND = 3336, SUM = 12249289, bChange = 0.00163298, totNum = 16
ROUND = 3337, SUM = 12249289, bChange = 0.00163329, totNum = 16
ROUND = 3338, SUM = 12249289, bChange = 0.0016336, totNum = 16
ROUND = 3339, SUM = 12249289, bChange = 0.0016339, totNum = 16
ROUND = 3340, SUM = 12249289, bChange = 0.00163421, totNum = 16
ROUND = 3341, SUM = 12249289, bChange = 0.00163451, totNum = 16
ROUND = 3342, SUM = 12249289, bChange = 0.00163481, totNum = 16
ROUND = 3343, SUM = 12249289, bChange = 0.00163512, totNum = 16
ROUND = 3344, SUM = 12249289, bChange = 0.00163542, totNum = 16
ROUND = 3345, SUM = 12249289, bChange = 0.00163573, totNum = 16
ROUND = 3346, SUM = 12249289, bChange = 0.00163603, totNum = 16
ROUND = 3347, SUM = 12249289, bChange = 0.00163634, totNum = 16
ROUND = 3348, SUM = 12249289, bChange = 0.00163664, totNum = 16
ROUND = 3349, SUM = 12249289, bChange = 0.00163694, totNum = 16
ROUND = 3350, SUM = 12249289, bChange = 0.00163725, totNum = 16
ROUND = 3351, SUM = 12249289, bChange = 0.00163755, totNum = 16
ROUND = 3352, SUM = 12249289, bChange = 0.00163785, totNum = 16
ROUND = 3353, SUM = 12249289, bChange = 0.00163816, totNum = 16
ROUND = 3354, SUM = 12249289.0000001, bChange = 0.00163846, totNum = 16
ROUND = 3355, SUM = 12249289, bChange = 0.00163876, totNum = 16
ROUND = 3356, SUM = 12249289, bChange = 0.00163906, totNum = 16
ROUND = 3357, SUM = 12249289, bChange = 0.00163937, totNum = 16
ROUND = 3358, SUM = 12249289, bChange = 0.00163967, totNum = 16
ROUND = 3359, SUM = 12249289.0000001, bChange = 0.00163997, totNum = 16
ROUND = 3360, SUM = 12249289, bChange = 0.00164027, totNum = 16
ROUND = 3361, SUM = 12249289, bChange = 0.00164058, totNum = 16
ROUND = 3362, SUM = 12249289.0000001, bChange = 0.00164088, totNum = 17
ROUND = 3363, SUM = 12249289.0000001, bChange = 0.00164118, totNum = 17
ROUND = 3364, SUM = 12249289, bChange = 0.00164148, totNum = 17
ROUND = 3365, SUM = 12249289, bChange = 0.00164178, totNum = 16
ROUND = 3366, SUM = 12249289, bChange = 0.00164208, totNum = 16
ROUND = 3367, SUM = 12249289, bChange = 0.00164238, totNum = 16
ROUND = 3368, SUM = 12249289, bChange = 0.00164268, totNum = 16
ROUND = 3369, SUM = 12249289, bChange = 0.00164298, totNum = 16
ROUND = 3370, SUM = 12249289, bChange = 0.00164329, totNum = 16
ROUND = 3371, SUM = 12249289, bChange = 0.00164359, totNum = 16
ROUND = 3372, SUM = 12249289, bChange = 0.00164389, totNum = 16
ROUND = 3373, SUM = 12249289, bChange = 0.00164419, totNum = 16
ROUND = 3374, SUM = 12249289, bChange = 0.00164449, totNum = 16
ROUND = 3375, SUM = 12249289, bChange = 0.00164479, totNum = 16
ROUND = 3376, SUM = 12249289.0000001, bChange = 0.00164508, totNum = 16
ROUND = 3377, SUM = 12249289, bChange = 0.00164538, totNum = 16
ROUND = 3378, SUM = 12249289, bChange = 0.00164568, totNum = 16
ROUND = 3379, SUM = 12249289, bChange = 0.00164598, totNum = 16
ROUND = 3380, SUM = 12249289, bChange = 0.00164628, totNum = 15
ROUND = 3381, SUM = 12249289, bChange = 0.00164658, totNum = 15
ROUND = 3382, SUM = 12249289, bChange = 0.00164688, totNum = 15
ROUND = 3383, SUM = 12249289, bChange = 0.00164718, totNum = 15
ROUND = 3384, SUM = 12249289, bChange = 0.00164748, totNum = 15
ROUND = 3385, SUM = 12249289, bChange = 0.00164777, totNum = 15
ROUND = 3386, SUM = 12249289, bChange = 0.00164807, totNum = 15
ROUND = 3387, SUM = 12249289, bChange = 0.00164837, totNum = 15
ROUND = 3388, SUM = 12249289, bChange = 0.00164867, totNum = 15
ROUND = 3389, SUM = 12249289, bChange = 0.00164897, totNum = 15
ROUND = 3390, SUM = 12249289, bChange = 0.00164926, totNum = 15
ROUND = 3391, SUM = 12249289, bChange = 0.00164956, totNum = 14
ROUND = 3392, SUM = 12249289, bChange = 0.00164986, totNum = 14
ROUND = 3393, SUM = 12249289, bChange = 0.00165015, totNum = 14
ROUND = 3394, SUM = 12249289, bChange = 0.00165045, totNum = 14
ROUND = 3395, SUM = 12249289, bChange = 0.00165075, totNum = 14
ROUND = 3396, SUM = 12249289, bChange = 0.00165104, totNum = 14
ROUND = 3397, SUM = 12249289, bChange = 0.00165134, totNum = 14
ROUND = 3398, SUM = 12249289, bChange = 0.00165164, totNum = 13
ROUND = 3399, SUM = 12249289, bChange = 0.00165193, totNum = 13
ROUND = 3400, SUM = 12249289, bChange = 0.00165223, totNum = 13
ROUND = 3401, SUM = 12249289, bChange = 0.00165252, totNum = 13
ROUND = 3402, SUM = 12249289, bChange = 0.00165282, totNum = 13
ROUND = 3403, SUM = 12249289, bChange = 0.00165312, totNum = 13
ROUND = 3404, SUM = 12249289, bChange = 0.00165341, totNum = 13
ROUND = 3405, SUM = 12249289, bChange = 0.00165371, totNum = 13
ROUND = 3406, SUM = 12249289, bChange = 0.001654, totNum = 13
ROUND = 3407, SUM = 12249289, bChange = 0.0016543, totNum = 13
ROUND = 3408, SUM = 12249289, bChange = 0.00165459, totNum = 13
ROUND = 3409, SUM = 12249289, bChange = 0.00165488, totNum = 13
ROUND = 3410, SUM = 12249289, bChange = 0.00165518, totNum = 13
ROUND = 3411, SUM = 12249289, bChange = 0.00165547, totNum = 13
ROUND = 3412, SUM = 12249289, bChange = 0.00165577, totNum = 13
ROUND = 3413, SUM = 12249289, bChange = 0.00165606, totNum = 13
ROUND = 3414, SUM = 12249289, bChange = 0.00165635, totNum = 13
ROUND = 3415, SUM = 12249289, bChange = 0.00165665, totNum = 13
ROUND = 3416, SUM = 12249289, bChange = 0.00165694, totNum = 13
ROUND = 3417, SUM = 12249289, bChange = 0.00165724, totNum = 13
ROUND = 3418, SUM = 12249289, bChange = 0.00165753, totNum = 13
ROUND = 3419, SUM = 12249289, bChange = 0.00165782, totNum = 13
ROUND = 3420, SUM = 12249289, bChange = 0.00165811, totNum = 13
ROUND = 3421, SUM = 12249289, bChange = 0.00165841, totNum = 13
ROUND = 3422, SUM = 12249289, bChange = 0.0016587, totNum = 13
ROUND = 3423, SUM = 12249289, bChange = 0.00165899, totNum = 13
ROUND = 3424, SUM = 12249289, bChange = 0.00165928, totNum = 13
ROUND = 3425, SUM = 12249289, bChange = 0.00165958, totNum = 13
ROUND = 3426, SUM = 12249289, bChange = 0.00165987, totNum = 13
ROUND = 3427, SUM = 12249289, bChange = 0.00166016, totNum = 13
ROUND = 3428, SUM = 12249289, bChange = 0.00166045, totNum = 13
ROUND = 3429, SUM = 12249289, bChange = 0.00166074, totNum = 13
ROUND = 3430, SUM = 12249289, bChange = 0.00166103, totNum = 13
ROUND = 3431, SUM = 12249289, bChange = 0.00166132, totNum = 13
ROUND = 3432, SUM = 12249289, bChange = 0.00166161, totNum = 13
ROUND = 3433, SUM = 12249289, bChange = 0.00166191, totNum = 13
ROUND = 3434, SUM = 12249289, bChange = 0.0016622, totNum = 13
ROUND = 3435, SUM = 12249289, bChange = 0.00166249, totNum = 13
ROUND = 3436, SUM = 12249289, bChange = 0.00166278, totNum = 13
ROUND = 3437, SUM = 12249289, bChange = 0.00166307, totNum = 13
ROUND = 3438, SUM = 12249289, bChange = 0.00166336, totNum = 13
ROUND = 3439, SUM = 12249289, bChange = 0.00166365, totNum = 12
ROUND = 3440, SUM = 12249289, bChange = 0.00166394, totNum = 12
ROUND = 3441, SUM = 12249289, bChange = 0.00166423, totNum = 12
ROUND = 3442, SUM = 12249289, bChange = 0.00166451, totNum = 12
ROUND = 3443, SUM = 12249289, bChange = 0.0016648, totNum = 12
ROUND = 3444, SUM = 12249289, bChange = 0.00166509, totNum = 12
ROUND = 3445, SUM = 12249289, bChange = 0.00166538, totNum = 12
ROUND = 3446, SUM = 12249289, bChange = 0.00166567, totNum = 12
ROUND = 3447, SUM = 12249289, bChange = 0.00166596, totNum = 12
ROUND = 3448, SUM = 12249289, bChange = 0.00166625, totNum = 12
ROUND = 3449, SUM = 12249289, bChange = 0.00166654, totNum = 12
ROUND = 3450, SUM = 12249289, bChange = 0.00166682, totNum = 12
ROUND = 3451, SUM = 12249289, bChange = 0.00166711, totNum = 12
ROUND = 3452, SUM = 12249289, bChange = 0.0016674, totNum = 12
ROUND = 3453, SUM = 12249289, bChange = 0.00166769, totNum = 12
ROUND = 3454, SUM = 12249289, bChange = 0.00166797, totNum = 12
ROUND = 3455, SUM = 12249289, bChange = 0.00166826, totNum = 12
ROUND = 3456, SUM = 12249289, bChange = 0.00166855, totNum = 12
ROUND = 3457, SUM = 12249289, bChange = 0.00166883, totNum = 12
ROUND = 3458, SUM = 12249289, bChange = 0.00166912, totNum = 12
ROUND = 3459, SUM = 12249289, bChange = 0.00166941, totNum = 12
ROUND = 3460, SUM = 12249289, bChange = 0.00166969, totNum = 12
ROUND = 3461, SUM = 12249289, bChange = 0.00166998, totNum = 12
ROUND = 3462, SUM = 12249289, bChange = 0.00167027, totNum = 12
ROUND = 3463, SUM = 12249289, bChange = 0.00167055, totNum = 12
ROUND = 3464, SUM = 12249289, bChange = 0.00167084, totNum = 12
ROUND = 3465, SUM = 12249289, bChange = 0.00167112, totNum = 12
ROUND = 3466, SUM = 12249289, bChange = 0.00167141, totNum = 12
ROUND = 3467, SUM = 12249289, bChange = 0.00167169, totNum = 12
ROUND = 3468, SUM = 12249289, bChange = 0.00167198, totNum = 12
ROUND = 3469, SUM = 12249289, bChange = 0.00167226, totNum = 12
ROUND = 3470, SUM = 12249289, bChange = 0.00167255, totNum = 12
ROUND = 3471, SUM = 12249289, bChange = 0.00167283, totNum = 12
ROUND = 3472, SUM = 12249289, bChange = 0.00167312, totNum = 12
ROUND = 3473, SUM = 12249289, bChange = 0.0016734, totNum = 12
ROUND = 3474, SUM = 12249289, bChange = 0.00167369, totNum = 12
ROUND = 3475, SUM = 12249289, bChange = 0.00167397, totNum = 12
ROUND = 3476, SUM = 12249289, bChange = 0.00167425, totNum = 12
ROUND = 3477, SUM = 12249289, bChange = 0.00167454, totNum = 12
ROUND = 3478, SUM = 12249289, bChange = 0.00167482, totNum = 12
ROUND = 3479, SUM = 12249289, bChange = 0.0016751, totNum = 12
ROUND = 3480, SUM = 12249289, bChange = 0.00167539, totNum = 12
ROUND = 3481, SUM = 12249289, bChange = 0.00167567, totNum = 12
ROUND = 3482, SUM = 12249289, bChange = 0.00167595, totNum = 12
ROUND = 3483, SUM = 12249289, bChange = 0.00167624, totNum = 12
ROUND = 3484, SUM = 12249289, bChange = 0.00167652, totNum = 12
ROUND = 3485, SUM = 12249289, bChange = 0.0016768, totNum = 12
ROUND = 3486, SUM = 12249289, bChange = 0.00167708, totNum = 12
ROUND = 3487, SUM = 12249289, bChange = 0.00167736, totNum = 12
ROUND = 3488, SUM = 12249289, bChange = 0.00167765, totNum = 12
ROUND = 3489, SUM = 12249289, bChange = 0.00167793, totNum = 12
ROUND = 3490, SUM = 12249289, bChange = 0.00167821, totNum = 12
ROUND = 3491, SUM = 12249289, bChange = 0.00167849, totNum = 12
ROUND = 3492, SUM = 12249289, bChange = 0.00167877, totNum = 12
ROUND = 3493, SUM = 12249289, bChange = 0.00167905, totNum = 12
ROUND = 3494, SUM = 12249289, bChange = 0.00167933, totNum = 12
ROUND = 3495, SUM = 12249289.0000001, bChange = 0.00167961, totNum = 12
ROUND = 3496, SUM = 12249289, bChange = 0.00167989, totNum = 12
ROUND = 3497, SUM = 12249289, bChange = 0.00168018, totNum = 12
ROUND = 3498, SUM = 12249289, bChange = 0.00168046, totNum = 12
ROUND = 3499, SUM = 12249289, bChange = 0.00168074, totNum = 12
ROUND = 3500, SUM = 12249289, bChange = 0.00168102, totNum = 12
ROUND = 3501, SUM = 12249289, bChange = 0.00168129, totNum = 12
ROUND = 3502, SUM = 12249289, bChange = 0.00168157, totNum = 12
ROUND = 3503, SUM = 12249289, bChange = 0.00168185, totNum = 12
ROUND = 3504, SUM = 12249289, bChange = 0.00168213, totNum = 12
ROUND = 3505, SUM = 12249289, bChange = 0.00168241, totNum = 12
ROUND = 3506, SUM = 12249289, bChange = 0.00168269, totNum = 12
ROUND = 3507, SUM = 12249289, bChange = 0.00168297, totNum = 12
ROUND = 3508, SUM = 12249289, bChange = 0.00168325, totNum = 12
ROUND = 3509, SUM = 12249289, bChange = 0.00168353, totNum = 12
ROUND = 3510, SUM = 12249289, bChange = 0.0016838, totNum = 12
ROUND = 3511, SUM = 12249289, bChange = 0.00168408, totNum = 12
ROUND = 3512, SUM = 12249289.0000001, bChange = 0.00168436, totNum = 12
ROUND = 3513, SUM = 12249289, bChange = 0.00168464, totNum = 12
ROUND = 3514, SUM = 12249289, bChange = 0.00168492, totNum = 12
ROUND = 3515, SUM = 12249289, bChange = 0.00168519, totNum = 12
ROUND = 3516, SUM = 12249289, bChange = 0.00168547, totNum = 12
ROUND = 3517, SUM = 12249289, bChange = 0.00168575, totNum = 12
ROUND = 3518, SUM = 12249289, bChange = 0.00168602, totNum = 12
ROUND = 3519, SUM = 12249289, bChange = 0.0016863, totNum = 12
ROUND = 3520, SUM = 12249289, bChange = 0.00168658, totNum = 12
ROUND = 3521, SUM = 12249289, bChange = 0.00168685, totNum = 12
ROUND = 3522, SUM = 12249289, bChange = 0.00168713, totNum = 12
ROUND = 3523, SUM = 12249289, bChange = 0.00168741, totNum = 12
ROUND = 3524, SUM = 12249289, bChange = 0.00168768, totNum = 12
ROUND = 3525, SUM = 12249289, bChange = 0.00168796, totNum = 12
ROUND = 3526, SUM = 12249289, bChange = 0.00168823, totNum = 12
ROUND = 3527, SUM = 12249289, bChange = 0.00168851, totNum = 12
ROUND = 3528, SUM = 12249289, bChange = 0.00168878, totNum = 12
ROUND = 3529, SUM = 12249289, bChange = 0.00168906, totNum = 12
ROUND = 3530, SUM = 12249289, bChange = 0.00168933, totNum = 12
ROUND = 3531, SUM = 12249289, bChange = 0.00168961, totNum = 12
ROUND = 3532, SUM = 12249289, bChange = 0.00168988, totNum = 12
ROUND = 3533, SUM = 12249289, bChange = 0.00169016, totNum = 12
ROUND = 3534, SUM = 12249289, bChange = 0.00169043, totNum = 12
ROUND = 3535, SUM = 12249289, bChange = 0.0016907, totNum = 12
ROUND = 3536, SUM = 12249289, bChange = 0.00169098, totNum = 12
ROUND = 3537, SUM = 12249289, bChange = 0.00169125, totNum = 12
ROUND = 3538, SUM = 12249289.0000001, bChange = 0.00169152, totNum = 12
ROUND = 3539, SUM = 12249289, bChange = 0.0016918, totNum = 12
ROUND = 3540, SUM = 12249289, bChange = 0.00169207, totNum = 12
ROUND = 3541, SUM = 12249289, bChange = 0.00169234, totNum = 12
ROUND = 3542, SUM = 12249289, bChange = 0.00169262, totNum = 12
ROUND = 3543, SUM = 12249289, bChange = 0.00169289, totNum = 12
ROUND = 3544, SUM = 12249289, bChange = 0.00169316, totNum = 12
ROUND = 3545, SUM = 12249289, bChange = 0.00169343, totNum = 12
ROUND = 3546, SUM = 12249289, bChange = 0.00169371, totNum = 12
ROUND = 3547, SUM = 12249289, bChange = 0.00169398, totNum = 12
ROUND = 3548, SUM = 12249289, bChange = 0.00169425, totNum = 12
ROUND = 3549, SUM = 12249289, bChange = 0.00169452, totNum = 12
ROUND = 3550, SUM = 12249289, bChange = 0.00169479, totNum = 12
ROUND = 3551, SUM = 12249289, bChange = 0.00169506, totNum = 12
ROUND = 3552, SUM = 12249289, bChange = 0.00169534, totNum = 12
ROUND = 3553, SUM = 12249289, bChange = 0.00169561, totNum = 12
ROUND = 3554, SUM = 12249289, bChange = 0.00169588, totNum = 12
ROUND = 3555, SUM = 12249289, bChange = 0.00169615, totNum = 12
ROUND = 3556, SUM = 12249289, bChange = 0.00169642, totNum = 12
ROUND = 3557, SUM = 12249289, bChange = 0.00169669, totNum = 12
ROUND = 3558, SUM = 12249289, bChange = 0.00169696, totNum = 12
ROUND = 3559, SUM = 12249289, bChange = 0.00169723, totNum = 12
ROUND = 3560, SUM = 12249289, bChange = 0.0016975, totNum = 12
ROUND = 3561, SUM = 12249289, bChange = 0.00169777, totNum = 12
ROUND = 3562, SUM = 12249289, bChange = 0.00169804, totNum = 13
ROUND = 3563, SUM = 12249288.9999999, bChange = 0.00169831, totNum = 13
ROUND = 3564, SUM = 12249289, bChange = 0.00169857, totNum = 14
ROUND = 3565, SUM = 12249289, bChange = 0.00169884, totNum = 14
ROUND = 3566, SUM = 12249289, bChange = 0.00169911, totNum = 14
ROUND = 3567, SUM = 12249289, bChange = 0.00169938, totNum = 14
ROUND = 3568, SUM = 12249289, bChange = 0.00169965, totNum = 14
ROUND = 3569, SUM = 12249289, bChange = 0.00169992, totNum = 14
ROUND = 3570, SUM = 12249289, bChange = 0.00170019, totNum = 14
ROUND = 3571, SUM = 12249289, bChange = 0.00170045, totNum = 14
ROUND = 3572, SUM = 12249289, bChange = 0.00170072, totNum = 14
ROUND = 3573, SUM = 12249289, bChange = 0.00170099, totNum = 14
ROUND = 3574, SUM = 12249289, bChange = 0.00170126, totNum = 14
ROUND = 3575, SUM = 12249289, bChange = 0.00170152, totNum = 14
ROUND = 3576, SUM = 12249289, bChange = 0.00170179, totNum = 14
ROUND = 3577, SUM = 12249289, bChange = 0.00170206, totNum = 14
ROUND = 3578, SUM = 12249289, bChange = 0.00170232, totNum = 14
ROUND = 3579, SUM = 12249289, bChange = 0.00170259, totNum = 14
ROUND = 3580, SUM = 12249289, bChange = 0.00170286, totNum = 14
ROUND = 3581, SUM = 12249289, bChange = 0.00170312, totNum = 14
ROUND = 3582, SUM = 12249289, bChange = 0.00170339, totNum = 14
ROUND = 3583, SUM = 12249289, bChange = 0.00170365, totNum = 14
ROUND = 3584, SUM = 12249289, bChange = 0.00170392, totNum = 14
ROUND = 3585, SUM = 12249289, bChange = 0.00170418, totNum = 14
ROUND = 3586, SUM = 12249289, bChange = 0.00170445, totNum = 14
ROUND = 3587, SUM = 12249289, bChange = 0.00170471, totNum = 14
ROUND = 3588, SUM = 12249288.9999999, bChange = 0.00170498, totNum = 14
ROUND = 3589, SUM = 12249289, bChange = 0.00170524, totNum = 14
ROUND = 3590, SUM = 12249289, bChange = 0.00170551, totNum = 14
ROUND = 3591, SUM = 12249289, bChange = 0.00170577, totNum = 14
ROUND = 3592, SUM = 12249289, bChange = 0.00170604, totNum = 14
ROUND = 3593, SUM = 12249289, bChange = 0.0017063, totNum = 14
ROUND = 3594, SUM = 12249289, bChange = 0.00170657, totNum = 14
ROUND = 3595, SUM = 12249289, bChange = 0.00170683, totNum = 14
ROUND = 3596, SUM = 12249289, bChange = 0.00170709, totNum = 14
ROUND = 3597, SUM = 12249289, bChange = 0.00170736, totNum = 14
ROUND = 3598, SUM = 12249289, bChange = 0.00170762, totNum = 14
ROUND = 3599, SUM = 12249289, bChange = 0.00170788, totNum = 14
ROUND = 3600, SUM = 12249288.9999999, bChange = 0.00170814, totNum = 14
ROUND = 3601, SUM = 12249289, bChange = 0.00170841, totNum = 14
ROUND = 3602, SUM = 12249289, bChange = 0.00170867, totNum = 14
ROUND = 3603, SUM = 12249289, bChange = 0.00170893, totNum = 14
ROUND = 3604, SUM = 12249288.9999999, bChange = 0.00170919, totNum = 13
ROUND = 3605, SUM = 12249289, bChange = 0.00170946, totNum = 13
ROUND = 3606, SUM = 12249289, bChange = 0.00170972, totNum = 13
ROUND = 3607, SUM = 12249289, bChange = 0.00170998, totNum = 13
ROUND = 3608, SUM = 12249289, bChange = 0.00171024, totNum = 13
ROUND = 3609, SUM = 12249289, bChange = 0.0017105, totNum = 13
ROUND = 3610, SUM = 12249289, bChange = 0.00171076, totNum = 13
ROUND = 3611, SUM = 12249289, bChange = 0.00171102, totNum = 13
ROUND = 3612, SUM = 12249288.9999999, bChange = 0.00171128, totNum = 13
ROUND = 3613, SUM = 12249289, bChange = 0.00171155, totNum = 13
ROUND = 3614, SUM = 12249289, bChange = 0.00171181, totNum = 13
ROUND = 3615, SUM = 12249288.9999999, bChange = 0.00171207, totNum = 13
ROUND = 3616, SUM = 12249289, bChange = 0.00171233, totNum = 13
ROUND = 3617, SUM = 12249289, bChange = 0.00171259, totNum = 13
ROUND = 3618, SUM = 12249289, bChange = 0.00171285, totNum = 13
ROUND = 3619, SUM = 12249289, bChange = 0.0017131, totNum = 13
ROUND = 3620, SUM = 12249289, bChange = 0.00171336, totNum = 13
ROUND = 3621, SUM = 12249289, bChange = 0.00171362, totNum = 13
ROUND = 3622, SUM = 12249289, bChange = 0.00171388, totNum = 13
ROUND = 3623, SUM = 12249289, bChange = 0.00171414, totNum = 13
ROUND = 3624, SUM = 12249289, bChange = 0.0017144, totNum = 13
ROUND = 3625, SUM = 12249289, bChange = 0.00171466, totNum = 13
ROUND = 3626, SUM = 12249289, bChange = 0.00171492, totNum = 13
ROUND = 3627, SUM = 12249289, bChange = 0.00171517, totNum = 13
ROUND = 3628, SUM = 12249289, bChange = 0.00171543, totNum = 13
ROUND = 3629, SUM = 12249289, bChange = 0.00171569, totNum = 13
ROUND = 3630, SUM = 12249289, bChange = 0.00171595, totNum = 12
ROUND = 3631, SUM = 12249289, bChange = 0.0017162, totNum = 12
ROUND = 3632, SUM = 12249289, bChange = 0.00171646, totNum = 12
ROUND = 3633, SUM = 12249289, bChange = 0.00171672, totNum = 12
ROUND = 3634, SUM = 12249289, bChange = 0.00171698, totNum = 12
ROUND = 3635, SUM = 12249289, bChange = 0.00171723, totNum = 12
ROUND = 3636, SUM = 12249289, bChange = 0.00171749, totNum = 12
ROUND = 3637, SUM = 12249289, bChange = 0.00171775, totNum = 12
ROUND = 3638, SUM = 12249289, bChange = 0.001718, totNum = 12
ROUND = 3639, SUM = 12249289, bChange = 0.00171826, totNum = 12
ROUND = 3640, SUM = 12249289, bChange = 0.00171851, totNum = 12
ROUND = 3641, SUM = 12249289, bChange = 0.00171877, totNum = 12
ROUND = 3642, SUM = 12249289, bChange = 0.00171902, totNum = 12
ROUND = 3643, SUM = 12249289, bChange = 0.00171928, totNum = 12
ROUND = 3644, SUM = 12249289, bChange = 0.00171953, totNum = 12
ROUND = 3645, SUM = 12249289, bChange = 0.00171979, totNum = 12
ROUND = 3646, SUM = 12249289, bChange = 0.00172004, totNum = 12
ROUND = 3647, SUM = 12249289, bChange = 0.0017203, totNum = 12
ROUND = 3648, SUM = 12249289, bChange = 0.00172055, totNum = 12
ROUND = 3649, SUM = 12249289, bChange = 0.00172081, totNum = 12
ROUND = 3650, SUM = 12249289, bChange = 0.00172106, totNum = 12
ROUND = 3651, SUM = 12249289, bChange = 0.00172132, totNum = 12
ROUND = 3652, SUM = 12249289, bChange = 0.00172157, totNum = 12
ROUND = 3653, SUM = 12249289, bChange = 0.00172182, totNum = 12
ROUND = 3654, SUM = 12249289, bChange = 0.00172208, totNum = 12
ROUND = 3655, SUM = 12249289, bChange = 0.00172233, totNum = 12
ROUND = 3656, SUM = 12249289, bChange = 0.00172258, totNum = 12
ROUND = 3657, SUM = 12249289, bChange = 0.00172283, totNum = 12
ROUND = 3658, SUM = 12249289, bChange = 0.00172309, totNum = 12
ROUND = 3659, SUM = 12249288.9999999, bChange = 0.00172334, totNum = 12
ROUND = 3660, SUM = 12249289, bChange = 0.00172359, totNum = 12
ROUND = 3661, SUM = 12249289, bChange = 0.00172384, totNum = 12
ROUND = 3662, SUM = 12249289, bChange = 0.0017241, totNum = 12
ROUND = 3663, SUM = 12249289, bChange = 0.00172435, totNum = 12
ROUND = 3664, SUM = 12249289, bChange = 0.0017246, totNum = 12
ROUND = 3665, SUM = 12249289, bChange = 0.00172485, totNum = 12
ROUND = 3666, SUM = 12249288.9999999, bChange = 0.0017251, totNum = 12
ROUND = 3667, SUM = 12249289, bChange = 0.00172535, totNum = 12
ROUND = 3668, SUM = 12249289, bChange = 0.0017256, totNum = 12
ROUND = 3669, SUM = 12249289, bChange = 0.00172585, totNum = 12
ROUND = 3670, SUM = 12249289, bChange = 0.0017261, totNum = 12
ROUND = 3671, SUM = 12249289, bChange = 0.00172636, totNum = 12
ROUND = 3672, SUM = 12249289, bChange = 0.00172661, totNum = 12
ROUND = 3673, SUM = 12249289, bChange = 0.00172686, totNum = 12
ROUND = 3674, SUM = 12249289, bChange = 0.00172711, totNum = 12
ROUND = 3675, SUM = 12249289, bChange = 0.00172735, totNum = 12
ROUND = 3676, SUM = 12249289, bChange = 0.0017276, totNum = 12
ROUND = 3677, SUM = 12249289, bChange = 0.00172785, totNum = 12
ROUND = 3678, SUM = 12249288.9999999, bChange = 0.0017281, totNum = 12
ROUND = 3679, SUM = 12249289, bChange = 0.00172835, totNum = 12
ROUND = 3680, SUM = 12249289, bChange = 0.0017286, totNum = 12
ROUND = 3681, SUM = 12249289, bChange = 0.00172885, totNum = 12
ROUND = 3682, SUM = 12249289, bChange = 0.0017291, totNum = 12
ROUND = 3683, SUM = 12249289, bChange = 0.00172934, totNum = 12
ROUND = 3684, SUM = 12249289, bChange = 0.00172959, totNum = 12
ROUND = 3685, SUM = 12249289, bChange = 0.00172984, totNum = 12
ROUND = 3686, SUM = 12249289, bChange = 0.00173009, totNum = 12
ROUND = 3687, SUM = 12249289, bChange = 0.00173034, totNum = 12
ROUND = 3688, SUM = 12249289, bChange = 0.00173058, totNum = 11
ROUND = 3689, SUM = 12249289, bChange = 0.00173083, totNum = 11
ROUND = 3690, SUM = 12249289, bChange = 0.00173108, totNum = 11
ROUND = 3691, SUM = 12249289, bChange = 0.00173132, totNum = 11
ROUND = 3692, SUM = 12249289, bChange = 0.00173157, totNum = 11
ROUND = 3693, SUM = 12249289, bChange = 0.00173182, totNum = 11
ROUND = 3694, SUM = 12249289, bChange = 0.00173206, totNum = 11
ROUND = 3695, SUM = 12249289, bChange = 0.00173231, totNum = 11
ROUND = 3696, SUM = 12249288.9999999, bChange = 0.00173255, totNum = 11
ROUND = 3697, SUM = 12249289, bChange = 0.0017328, totNum = 11
ROUND = 3698, SUM = 12249289, bChange = 0.00173305, totNum = 11
ROUND = 3699, SUM = 12249289, bChange = 0.00173329, totNum = 11
ROUND = 3700, SUM = 12249289, bChange = 0.00173354, totNum = 11
ROUND = 3701, SUM = 12249288.9999999, bChange = 0.00173378, totNum = 11
ROUND = 3702, SUM = 12249289, bChange = 0.00173403, totNum = 11
ROUND = 3703, SUM = 12249289, bChange = 0.00173427, totNum = 11
ROUND = 3704, SUM = 12249289, bChange = 0.00173452, totNum = 11
ROUND = 3705, SUM = 12249289, bChange = 0.00173476, totNum = 11
ROUND = 3706, SUM = 12249289, bChange = 0.001735, totNum = 11
ROUND = 3707, SUM = 12249289, bChange = 0.00173525, totNum = 11
ROUND = 3708, SUM = 12249289, bChange = 0.00173549, totNum = 11
ROUND = 3709, SUM = 12249289, bChange = 0.00173573, totNum = 11
ROUND = 3710, SUM = 12249289, bChange = 0.00173598, totNum = 11
ROUND = 3711, SUM = 12249289, bChange = 0.00173622, totNum = 11
ROUND = 3712, SUM = 12249289, bChange = 0.00173646, totNum = 11
ROUND = 3713, SUM = 12249289, bChange = 0.00173671, totNum = 11
ROUND = 3714, SUM = 12249289, bChange = 0.00173695, totNum = 11
ROUND = 3715, SUM = 12249289, bChange = 0.00173719, totNum = 11
ROUND = 3716, SUM = 12249289, bChange = 0.00173743, totNum = 11
ROUND = 3717, SUM = 12249288.9999999, bChange = 0.00173768, totNum = 11
ROUND = 3718, SUM = 12249289, bChange = 0.00173792, totNum = 10
ROUND = 3719, SUM = 12249289, bChange = 0.00173816, totNum = 10
ROUND = 3720, SUM = 12249289, bChange = 0.0017384, totNum = 10
ROUND = 3721, SUM = 12249289, bChange = 0.00173864, totNum = 10
ROUND = 3722, SUM = 12249289, bChange = 0.00173888, totNum = 10
ROUND = 3723, SUM = 12249289, bChange = 0.00173912, totNum = 9
ROUND = 3724, SUM = 12249288.9999999, bChange = 0.00173937, totNum = 9
ROUND = 3725, SUM = 12249289, bChange = 0.00173961, totNum = 9
ROUND = 3726, SUM = 12249289, bChange = 0.00173985, totNum = 9
ROUND = 3727, SUM = 12249289, bChange = 0.00174009, totNum = 9
ROUND = 3728, SUM = 12249289, bChange = 0.00174033, totNum = 9
ROUND = 3729, SUM = 12249289, bChange = 0.00174057, totNum = 9
ROUND = 3730, SUM = 12249289, bChange = 0.00174081, totNum = 8
ROUND = 3731, SUM = 12249289, bChange = 0.00174105, totNum = 7
ROUND = 3732, SUM = 12249289, bChange = 0.00174129, totNum = 7
ROUND = 3733, SUM = 12249289, bChange = 0.00174152, totNum = 7
ROUND = 3734, SUM = 12249289, bChange = 0.00174176, totNum = 7
ROUND = 3735, SUM = 12249288.9999999, bChange = 0.001742, totNum = 7
ROUND = 3736, SUM = 12249289, bChange = 0.00174224, totNum = 7
ROUND = 3737, SUM = 12249289, bChange = 0.00174248, totNum = 7
ROUND = 3738, SUM = 12249289, bChange = 0.00174272, totNum = 7
ROUND = 3739, SUM = 12249289, bChange = 0.00174296, totNum = 7
ROUND = 3740, SUM = 12249289, bChange = 0.00174319, totNum = 7
ROUND = 3741, SUM = 12249289, bChange = 0.00174343, totNum = 7
ROUND = 3742, SUM = 12249289, bChange = 0.00174367, totNum = 7
ROUND = 3743, SUM = 12249289, bChange = 0.00174391, totNum = 7
ROUND = 3744, SUM = 12249289, bChange = 0.00174414, totNum = 7
ROUND = 3745, SUM = 12249289, bChange = 0.00174438, totNum = 7
ROUND = 3746, SUM = 12249289, bChange = 0.00174462, totNum = 7
ROUND = 3747, SUM = 12249289, bChange = 0.00174485, totNum = 7
ROUND = 3748, SUM = 12249289, bChange = 0.00174509, totNum = 7
ROUND = 3749, SUM = 12249289, bChange = 0.00174533, totNum = 7
ROUND = 3750, SUM = 12249289, bChange = 0.00174556, totNum = 7
ROUND = 3751, SUM = 12249289, bChange = 0.0017458, totNum = 7
ROUND = 3752, SUM = 12249289, bChange = 0.00174604, totNum = 7
ROUND = 3753, SUM = 12249289, bChange = 0.00174627, totNum = 7
ROUND = 3754, SUM = 12249289, bChange = 0.00174651, totNum = 7
ROUND = 3755, SUM = 12249289, bChange = 0.00174674, totNum = 7
ROUND = 3756, SUM = 12249289, bChange = 0.00174698, totNum = 7
ROUND = 3757, SUM = 12249289, bChange = 0.00174721, totNum = 7
ROUND = 3758, SUM = 12249289, bChange = 0.00174745, totNum = 7
ROUND = 3759, SUM = 12249289, bChange = 0.00174768, totNum = 7
ROUND = 3760, SUM = 12249289, bChange = 0.00174792, totNum = 7
ROUND = 3761, SUM = 12249289, bChange = 0.00174815, totNum = 7
ROUND = 3762, SUM = 12249289, bChange = 0.00174838, totNum = 7
ROUND = 3763, SUM = 12249289, bChange = 0.00174862, totNum = 7
ROUND = 3764, SUM = 12249288.9999999, bChange = 0.00174885, totNum = 7
ROUND = 3765, SUM = 12249289, bChange = 0.00174908, totNum = 7
ROUND = 3766, SUM = 12249289, bChange = 0.00174932, totNum = 7
ROUND = 3767, SUM = 12249289, bChange = 0.00174955, totNum = 7
ROUND = 3768, SUM = 12249289, bChange = 0.00174978, totNum = 7
ROUND = 3769, SUM = 12249288.9999999, bChange = 0.00175002, totNum = 7
ROUND = 3770, SUM = 12249289, bChange = 0.00175025, totNum = 7
ROUND = 3771, SUM = 12249289, bChange = 0.00175048, totNum = 7
ROUND = 3772, SUM = 12249289, bChange = 0.00175071, totNum = 7
ROUND = 3773, SUM = 12249289, bChange = 0.00175094, totNum = 7
ROUND = 3774, SUM = 12249289, bChange = 0.00175118, totNum = 7
ROUND = 3775, SUM = 12249289, bChange = 0.00175141, totNum = 7
ROUND = 3776, SUM = 12249289, bChange = 0.00175164, totNum = 7
ROUND = 3777, SUM = 12249289, bChange = 0.00175187, totNum = 7
ROUND = 3778, SUM = 12249289, bChange = 0.0017521, totNum = 7
ROUND = 3779, SUM = 12249289, bChange = 0.00175233, totNum = 7
ROUND = 3780, SUM = 12249289, bChange = 0.00175256, totNum = 7
ROUND = 3781, SUM = 12249289, bChange = 0.00175279, totNum = 7
ROUND = 3782, SUM = 12249289, bChange = 0.00175302, totNum = 7
ROUND = 3783, SUM = 12249289, bChange = 0.00175325, totNum = 7
ROUND = 3784, SUM = 12249289, bChange = 0.00175348, totNum = 7
ROUND = 3785, SUM = 12249289, bChange = 0.00175371, totNum = 7
ROUND = 3786, SUM = 12249289, bChange = 0.00175394, totNum = 7
ROUND = 3787, SUM = 12249289, bChange = 0.00175417, totNum = 7
ROUND = 3788, SUM = 12249289, bChange = 0.0017544, totNum = 7
ROUND = 3789, SUM = 12249289, bChange = 0.00175463, totNum = 7
ROUND = 3790, SUM = 12249289, bChange = 0.00175486, totNum = 7
ROUND = 3791, SUM = 12249289, bChange = 0.00175509, totNum = 7
ROUND = 3792, SUM = 12249289, bChange = 0.00175532, totNum = 7
ROUND = 3793, SUM = 12249289, bChange = 0.00175555, totNum = 7
ROUND = 3794, SUM = 12249289, bChange = 0.00175577, totNum = 7
ROUND = 3795, SUM = 12249289, bChange = 0.001756, totNum = 7
ROUND = 3796, SUM = 12249289, bChange = 0.00175623, totNum = 7
ROUND = 3797, SUM = 12249289, bChange = 0.00175646, totNum = 7
ROUND = 3798, SUM = 12249289, bChange = 0.00175669, totNum = 7
ROUND = 3799, SUM = 12249289, bChange = 0.00175691, totNum = 7
ROUND = 3800, SUM = 12249289, bChange = 0.00175714, totNum = 7
ROUND = 3801, SUM = 12249288.9999999, bChange = 0.00175737, totNum = 7
ROUND = 3802, SUM = 12249289, bChange = 0.00175759, totNum = 7
ROUND = 3803, SUM = 12249288.9999999, bChange = 0.00175782, totNum = 7
ROUND = 3804, SUM = 12249289, bChange = 0.00175805, totNum = 7
ROUND = 3805, SUM = 12249289, bChange = 0.00175827, totNum = 7
ROUND = 3806, SUM = 12249289, bChange = 0.0017585, totNum = 7
ROUND = 3807, SUM = 12249288.9999999, bChange = 0.00175872, totNum = 7
ROUND = 3808, SUM = 12249289, bChange = 0.00175895, totNum = 7
ROUND = 3809, SUM = 12249289, bChange = 0.00175918, totNum = 7
ROUND = 3810, SUM = 12249289, bChange = 0.0017594, totNum = 7
ROUND = 3811, SUM = 12249289, bChange = 0.00175963, totNum = 7
ROUND = 3812, SUM = 12249289, bChange = 0.00175985, totNum = 7
ROUND = 3813, SUM = 12249289, bChange = 0.00176008, totNum = 7
ROUND = 3814, SUM = 12249288.9999999, bChange = 0.0017603, totNum = 7
ROUND = 3815, SUM = 12249289, bChange = 0.00176052, totNum = 7
ROUND = 3816, SUM = 12249289, bChange = 0.00176075, totNum = 7
ROUND = 3817, SUM = 12249289, bChange = 0.00176097, totNum = 7
ROUND = 3818, SUM = 12249289, bChange = 0.0017612, totNum = 7
ROUND = 3819, SUM = 12249289, bChange = 0.00176142, totNum = 7
ROUND = 3820, SUM = 12249289, bChange = 0.00176164, totNum = 7
ROUND = 3821, SUM = 12249289, bChange = 0.00176187, totNum = 7
ROUND = 3822, SUM = 12249289, bChange = 0.00176209, totNum = 7
ROUND = 3823, SUM = 12249289, bChange = 0.00176231, totNum = 7
ROUND = 3824, SUM = 12249289, bChange = 0.00176254, totNum = 7
ROUND = 3825, SUM = 12249289, bChange = 0.00176276, totNum = 7
ROUND = 3826, SUM = 12249289, bChange = 0.00176298, totNum = 7
ROUND = 3827, SUM = 12249289, bChange = 0.0017632, totNum = 7
ROUND = 3828, SUM = 12249289, bChange = 0.00176342, totNum = 7
ROUND = 3829, SUM = 12249289, bChange = 0.00176365, totNum = 7
ROUND = 3830, SUM = 12249289, bChange = 0.00176387, totNum = 7
ROUND = 3831, SUM = 12249289, bChange = 0.00176409, totNum = 7
ROUND = 3832, SUM = 12249289, bChange = 0.00176431, totNum = 7
ROUND = 3833, SUM = 12249289, bChange = 0.00176453, totNum = 7
ROUND = 3834, SUM = 12249289, bChange = 0.00176475, totNum = 7
ROUND = 3835, SUM = 12249289, bChange = 0.00176497, totNum = 7
ROUND = 3836, SUM = 12249289, bChange = 0.00176519, totNum = 7
ROUND = 3837, SUM = 12249289, bChange = 0.00176541, totNum = 7
ROUND = 3838, SUM = 12249289, bChange = 0.00176563, totNum = 7
ROUND = 3839, SUM = 12249289, bChange = 0.00176585, totNum = 7
ROUND = 3840, SUM = 12249289, bChange = 0.00176607, totNum = 7
ROUND = 3841, SUM = 12249289, bChange = 0.00176629, totNum = 6
ROUND = 3842, SUM = 12249289, bChange = 0.00176651, totNum = 6
ROUND = 3843, SUM = 12249289, bChange = 0.00176673, totNum = 6
ROUND = 3844, SUM = 12249289, bChange = 0.00176695, totNum = 6
ROUND = 3845, SUM = 12249289, bChange = 0.00176717, totNum = 6
ROUND = 3846, SUM = 12249289, bChange = 0.00176739, totNum = 6
ROUND = 3847, SUM = 12249289, bChange = 0.00176761, totNum = 6
ROUND = 3848, SUM = 12249289, bChange = 0.00176783, totNum = 6
ROUND = 3849, SUM = 12249289, bChange = 0.00176804, totNum = 6
ROUND = 3850, SUM = 12249289, bChange = 0.00176826, totNum = 6
ROUND = 3851, SUM = 12249289, bChange = 0.00176848, totNum = 6
ROUND = 3852, SUM = 12249289, bChange = 0.0017687, totNum = 6
ROUND = 3853, SUM = 12249289, bChange = 0.00176892, totNum = 6
ROUND = 3854, SUM = 12249289, bChange = 0.00176913, totNum = 6
ROUND = 3855, SUM = 12249289, bChange = 0.00176935, totNum = 6
ROUND = 3856, SUM = 12249289, bChange = 0.00176957, totNum = 6
ROUND = 3857, SUM = 12249289, bChange = 0.00176978, totNum = 6
ROUND = 3858, SUM = 12249289.0000001, bChange = 0.00177, totNum = 6
ROUND = 3859, SUM = 12249289, bChange = 0.00177022, totNum = 6
ROUND = 3860, SUM = 12249289, bChange = 0.00177043, totNum = 6
ROUND = 3861, SUM = 12249289, bChange = 0.00177065, totNum = 6
ROUND = 3862, SUM = 12249289, bChange = 0.00177086, totNum = 6
ROUND = 3863, SUM = 12249288.9999999, bChange = 0.00177108, totNum = 6
ROUND = 3864, SUM = 12249289, bChange = 0.0017713, totNum = 6
ROUND = 3865, SUM = 12249289, bChange = 0.00177151, totNum = 6
ROUND = 3866, SUM = 12249289, bChange = 0.00177173, totNum = 6
ROUND = 3867, SUM = 12249289, bChange = 0.00177194, totNum = 6
ROUND = 3868, SUM = 12249289, bChange = 0.00177216, totNum = 6
ROUND = 3869, SUM = 12249289, bChange = 0.00177237, totNum = 6
ROUND = 3870, SUM = 12249289, bChange = 0.00177258, totNum = 6
ROUND = 3871, SUM = 12249289, bChange = 0.0017728, totNum = 6
ROUND = 3872, SUM = 12249289, bChange = 0.00177301, totNum = 6
ROUND = 3873, SUM = 12249289, bChange = 0.00177323, totNum = 6
ROUND = 3874, SUM = 12249289, bChange = 0.00177344, totNum = 6
ROUND = 3875, SUM = 12249289, bChange = 0.00177365, totNum = 6
ROUND = 3876, SUM = 12249289, bChange = 0.00177387, totNum = 6
ROUND = 3877, SUM = 12249289, bChange = 0.00177408, totNum = 6
ROUND = 3878, SUM = 12249289, bChange = 0.00177429, totNum = 6
ROUND = 3879, SUM = 12249289, bChange = 0.00177451, totNum = 6
ROUND = 3880, SUM = 12249289, bChange = 0.00177472, totNum = 6
ROUND = 3881, SUM = 12249289, bChange = 0.00177493, totNum = 6
ROUND = 3882, SUM = 12249289, bChange = 0.00177514, totNum = 6
ROUND = 3883, SUM = 12249289, bChange = 0.00177536, totNum = 6
ROUND = 3884, SUM = 12249289, bChange = 0.00177557, totNum = 6
ROUND = 3885, SUM = 12249289, bChange = 0.00177578, totNum = 6
ROUND = 3886, SUM = 12249289, bChange = 0.00177599, totNum = 6
ROUND = 3887, SUM = 12249289, bChange = 0.0017762, totNum = 6
ROUND = 3888, SUM = 12249289, bChange = 0.00177641, totNum = 6
ROUND = 3889, SUM = 12249289, bChange = 0.00177662, totNum = 6
ROUND = 3890, SUM = 12249288.9999999, bChange = 0.00177683, totNum = 6
ROUND = 3891, SUM = 12249289, bChange = 0.00177705, totNum = 6
ROUND = 3892, SUM = 12249289, bChange = 0.00177726, totNum = 6
ROUND = 3893, SUM = 12249289, bChange = 0.00177747, totNum = 6
ROUND = 3894, SUM = 12249289, bChange = 0.00177768, totNum = 6
ROUND = 3895, SUM = 12249289, bChange = 0.00177789, totNum = 6
ROUND = 3896, SUM = 12249289, bChange = 0.0017781, totNum = 6
ROUND = 3897, SUM = 12249289, bChange = 0.00177831, totNum = 6
ROUND = 3898, SUM = 12249289, bChange = 0.00177851, totNum = 6
ROUND = 3899, SUM = 12249289, bChange = 0.00177872, totNum = 6
ROUND = 3900, SUM = 12249289, bChange = 0.00177893, totNum = 6
ROUND = 3901, SUM = 12249289, bChange = 0.00177914, totNum = 6
ROUND = 3902, SUM = 12249289, bChange = 0.00177935, totNum = 6
ROUND = 3903, SUM = 12249289, bChange = 0.00177956, totNum = 6
ROUND = 3904, SUM = 12249289, bChange = 0.00177977, totNum = 6
ROUND = 3905, SUM = 12249289, bChange = 0.00177997, totNum = 6
ROUND = 3906, SUM = 12249289, bChange = 0.00178018, totNum = 6
ROUND = 3907, SUM = 12249289, bChange = 0.00178039, totNum = 6
ROUND = 3908, SUM = 12249289, bChange = 0.0017806, totNum = 6
ROUND = 3909, SUM = 12249289, bChange = 0.0017808, totNum = 6
ROUND = 3910, SUM = 12249288.9999999, bChange = 0.00178101, totNum = 6
ROUND = 3911, SUM = 12249289, bChange = 0.00178122, totNum = 6
ROUND = 3912, SUM = 12249289, bChange = 0.00178143, totNum = 6
ROUND = 3913, SUM = 12249289, bChange = 0.00178163, totNum = 6
ROUND = 3914, SUM = 12249289, bChange = 0.00178184, totNum = 6
ROUND = 3915, SUM = 12249289, bChange = 0.00178205, totNum = 6
ROUND = 3916, SUM = 12249289, bChange = 0.00178225, totNum = 6
ROUND = 3917, SUM = 12249289, bChange = 0.00178246, totNum = 6
ROUND = 3918, SUM = 12249289, bChange = 0.00178266, totNum = 6
ROUND = 3919, SUM = 12249289, bChange = 0.00178287, totNum = 6
ROUND = 3920, SUM = 12249289, bChange = 0.00178307, totNum = 6
ROUND = 3921, SUM = 12249289, bChange = 0.00178328, totNum = 6
ROUND = 3922, SUM = 12249289, bChange = 0.00178348, totNum = 6
ROUND = 3923, SUM = 12249289, bChange = 0.00178369, totNum = 6
ROUND = 3924, SUM = 12249289, bChange = 0.00178389, totNum = 6
ROUND = 3925, SUM = 12249289, bChange = 0.0017841, totNum = 6
ROUND = 3926, SUM = 12249289, bChange = 0.0017843, totNum = 6
ROUND = 3927, SUM = 12249289, bChange = 0.00178451, totNum = 6
ROUND = 3928, SUM = 12249289, bChange = 0.00178471, totNum = 6
ROUND = 3929, SUM = 12249289, bChange = 0.00178491, totNum = 6
ROUND = 3930, SUM = 12249289, bChange = 0.00178512, totNum = 6
ROUND = 3931, SUM = 12249289, bChange = 0.00178532, totNum = 6
ROUND = 3932, SUM = 12249289, bChange = 0.00178552, totNum = 6
ROUND = 3933, SUM = 12249289, bChange = 0.00178573, totNum = 6
ROUND = 3934, SUM = 12249289, bChange = 0.00178593, totNum = 6
ROUND = 3935, SUM = 12249289, bChange = 0.00178613, totNum = 6
ROUND = 3936, SUM = 12249289, bChange = 0.00178633, totNum = 6
ROUND = 3937, SUM = 12249289, bChange = 0.00178654, totNum = 6
ROUND = 3938, SUM = 12249289, bChange = 0.00178674, totNum = 6
ROUND = 3939, SUM = 12249289, bChange = 0.00178694, totNum = 6
ROUND = 3940, SUM = 12249289, bChange = 0.00178714, totNum = 6
ROUND = 3941, SUM = 12249289, bChange = 0.00178734, totNum = 6
ROUND = 3942, SUM = 12249288.9999999, bChange = 0.00178755, totNum = 6
ROUND = 3943, SUM = 12249289, bChange = 0.00178775, totNum = 6
ROUND = 3944, SUM = 12249289, bChange = 0.00178795, totNum = 6
ROUND = 3945, SUM = 12249289, bChange = 0.00178815, totNum = 6
ROUND = 3946, SUM = 12249289, bChange = 0.00178835, totNum = 6
ROUND = 3947, SUM = 12249289, bChange = 0.00178855, totNum = 6
ROUND = 3948, SUM = 12249289, bChange = 0.00178875, totNum = 6
ROUND = 3949, SUM = 12249289, bChange = 0.00178895, totNum = 6
ROUND = 3950, SUM = 12249289, bChange = 0.00178915, totNum = 6
ROUND = 3951, SUM = 12249289, bChange = 0.00178935, totNum = 6
ROUND = 3952, SUM = 12249289, bChange = 0.00178955, totNum = 6
ROUND = 3953, SUM = 12249289, bChange = 0.00178975, totNum = 6
ROUND = 3954, SUM = 12249289, bChange = 0.00178995, totNum = 6
ROUND = 3955, SUM = 12249289, bChange = 0.00179015, totNum = 6
ROUND = 3956, SUM = 12249289, bChange = 0.00179035, totNum = 6
ROUND = 3957, SUM = 12249289, bChange = 0.00179055, totNum = 6
ROUND = 3958, SUM = 12249289, bChange = 0.00179074, totNum = 6
ROUND = 3959, SUM = 12249289, bChange = 0.00179094, totNum = 6
ROUND = 3960, SUM = 12249289, bChange = 0.00179114, totNum = 6
ROUND = 3961, SUM = 12249289, bChange = 0.00179134, totNum = 6
ROUND = 3962, SUM = 12249289, bChange = 0.00179154, totNum = 6
ROUND = 3963, SUM = 12249289, bChange = 0.00179173, totNum = 6
ROUND = 3964, SUM = 12249289, bChange = 0.00179193, totNum = 6
ROUND = 3965, SUM = 12249289, bChange = 0.00179213, totNum = 6
ROUND = 3966, SUM = 12249289, bChange = 0.00179233, totNum = 6
ROUND = 3967, SUM = 12249289, bChange = 0.00179252, totNum = 6
ROUND = 3968, SUM = 12249289, bChange = 0.00179272, totNum = 6
ROUND = 3969, SUM = 12249289, bChange = 0.00179292, totNum = 6
ROUND = 3970, SUM = 12249289, bChange = 0.00179311, totNum = 6
ROUND = 3971, SUM = 12249289, bChange = 0.00179331, totNum = 6
ROUND = 3972, SUM = 12249289, bChange = 0.0017935, totNum = 6
ROUND = 3973, SUM = 12249289, bChange = 0.0017937, totNum = 6
ROUND = 3974, SUM = 12249289, bChange = 0.0017939, totNum = 6
ROUND = 3975, SUM = 12249289, bChange = 0.00179409, totNum = 6
ROUND = 3976, SUM = 12249289, bChange = 0.00179429, totNum = 6
ROUND = 3977, SUM = 12249288.9999999, bChange = 0.00179448, totNum = 6
ROUND = 3978, SUM = 12249289, bChange = 0.00179468, totNum = 6
ROUND = 3979, SUM = 12249289, bChange = 0.00179487, totNum = 6
ROUND = 3980, SUM = 12249289, bChange = 0.00179507, totNum = 6
ROUND = 3981, SUM = 12249289, bChange = 0.00179526, totNum = 6
ROUND = 3982, SUM = 12249289, bChange = 0.00179545, totNum = 7
ROUND = 3983, SUM = 12249289, bChange = 0.00179565, totNum = 7
ROUND = 3984, SUM = 12249289, bChange = 0.00179584, totNum = 7
ROUND = 3985, SUM = 12249288.9999999, bChange = 0.00179604, totNum = 7
ROUND = 3986, SUM = 12249289, bChange = 0.00179623, totNum = 7
ROUND = 3987, SUM = 12249289, bChange = 0.00179642, totNum = 7
ROUND = 3988, SUM = 12249289, bChange = 0.00179662, totNum = 7
ROUND = 3989, SUM = 12249289, bChange = 0.00179681, totNum = 7
ROUND = 3990, SUM = 12249289, bChange = 0.001797, totNum = 7
ROUND = 3991, SUM = 12249289, bChange = 0.00179719, totNum = 7
ROUND = 3992, SUM = 12249289, bChange = 0.00179739, totNum = 7
ROUND = 3993, SUM = 12249289, bChange = 0.00179758, totNum = 7
ROUND = 3994, SUM = 12249289, bChange = 0.00179777, totNum = 7
ROUND = 3995, SUM = 12249289, bChange = 0.00179796, totNum = 7
ROUND = 3996, SUM = 12249289, bChange = 0.00179815, totNum = 7
ROUND = 3997, SUM = 12249289, bChange = 0.00179835, totNum = 7
ROUND = 3998, SUM = 12249289, bChange = 0.00179854, totNum = 7
ROUND = 3999, SUM = 12249289, bChange = 0.00179873, totNum = 7
ROUND = 4000, SUM = 12249289, bChange = 0.00179892, totNum = 7
ROUND = 4001, SUM = 12249289, bChange = 0.00179911, totNum = 7
ROUND = 4002, SUM = 12249289, bChange = 0.0017993, totNum = 7
ROUND = 4003, SUM = 12249289, bChange = 0.00179949, totNum = 7
ROUND = 4004, SUM = 12249289, bChange = 0.00179968, totNum = 7
ROUND = 4005, SUM = 12249289, bChange = 0.00179987, totNum = 7
ROUND = 4006, SUM = 12249289, bChange = 0.00180006, totNum = 7
ROUND = 4007, SUM = 12249289, bChange = 0.00180025, totNum = 7
ROUND = 4008, SUM = 12249289, bChange = 0.00180044, totNum = 7
ROUND = 4009, SUM = 12249289, bChange = 0.00180063, totNum = 7
ROUND = 4010, SUM = 12249289, bChange = 0.00180082, totNum = 7
ROUND = 4011, SUM = 12249289, bChange = 0.00180101, totNum = 7
ROUND = 4012, SUM = 12249289, bChange = 0.0018012, totNum = 7
ROUND = 4013, SUM = 12249289, bChange = 0.00180139, totNum = 7
ROUND = 4014, SUM = 12249289, bChange = 0.00180158, totNum = 7
ROUND = 4015, SUM = 12249289, bChange = 0.00180176, totNum = 7
ROUND = 4016, SUM = 12249289, bChange = 0.00180195, totNum = 7
ROUND = 4017, SUM = 12249289, bChange = 0.00180214, totNum = 7
ROUND = 4018, SUM = 12249289, bChange = 0.00180233, totNum = 7
ROUND = 4019, SUM = 12249289, bChange = 0.00180252, totNum = 7
ROUND = 4020, SUM = 12249289, bChange = 0.0018027, totNum = 7
ROUND = 4021, SUM = 12249289, bChange = 0.00180289, totNum = 7
ROUND = 4022, SUM = 12249289, bChange = 0.00180308, totNum = 7
ROUND = 4023, SUM = 12249289, bChange = 0.00180326, totNum = 7
ROUND = 4024, SUM = 12249289, bChange = 0.00180345, totNum = 7
ROUND = 4025, SUM = 12249289, bChange = 0.00180364, totNum = 7
ROUND = 4026, SUM = 12249289, bChange = 0.00180382, totNum = 7
ROUND = 4027, SUM = 12249289, bChange = 0.00180401, totNum = 7
ROUND = 4028, SUM = 12249289, bChange = 0.0018042, totNum = 7
ROUND = 4029, SUM = 12249289, bChange = 0.00180438, totNum = 7
ROUND = 4030, SUM = 12249289, bChange = 0.00180457, totNum = 7
ROUND = 4031, SUM = 12249289, bChange = 0.00180475, totNum = 7
ROUND = 4032, SUM = 12249289, bChange = 0.00180494, totNum = 7
ROUND = 4033, SUM = 12249289, bChange = 0.00180512, totNum = 7
ROUND = 4034, SUM = 12249289, bChange = 0.00180531, totNum = 7
ROUND = 4035, SUM = 12249289, bChange = 0.00180549, totNum = 7
ROUND = 4036, SUM = 12249289, bChange = 0.00180568, totNum = 7
ROUND = 4037, SUM = 12249289, bChange = 0.00180586, totNum = 7
ROUND = 4038, SUM = 12249288.9999999, bChange = 0.00180605, totNum = 7
ROUND = 4039, SUM = 12249289, bChange = 0.00180623, totNum = 7
ROUND = 4040, SUM = 12249289, bChange = 0.00180642, totNum = 7
ROUND = 4041, SUM = 12249289, bChange = 0.0018066, totNum = 7
ROUND = 4042, SUM = 12249289, bChange = 0.00180678, totNum = 7
ROUND = 4043, SUM = 12249289, bChange = 0.00180697, totNum = 7
ROUND = 4044, SUM = 12249289, bChange = 0.00180715, totNum = 7
ROUND = 4045, SUM = 12249289, bChange = 0.00180733, totNum = 7
ROUND = 4046, SUM = 12249289, bChange = 0.00180752, totNum = 7
ROUND = 4047, SUM = 12249289, bChange = 0.0018077, totNum = 7
ROUND = 4048, SUM = 12249289, bChange = 0.00180788, totNum = 7
ROUND = 4049, SUM = 12249289, bChange = 0.00180806, totNum = 7
ROUND = 4050, SUM = 12249289, bChange = 0.00180825, totNum = 7
ROUND = 4051, SUM = 12249289, bChange = 0.00180843, totNum = 7
ROUND = 4052, SUM = 12249289, bChange = 0.00180861, totNum = 7
ROUND = 4053, SUM = 12249289, bChange = 0.00180879, totNum = 7
ROUND = 4054, SUM = 12249289, bChange = 0.00180897, totNum = 7
ROUND = 4055, SUM = 12249289, bChange = 0.00180915, totNum = 7
ROUND = 4056, SUM = 12249289, bChange = 0.00180933, totNum = 7
ROUND = 4057, SUM = 12249289, bChange = 0.00180952, totNum = 7
ROUND = 4058, SUM = 12249289, bChange = 0.0018097, totNum = 7
ROUND = 4059, SUM = 12249289, bChange = 0.00180988, totNum = 7
ROUND = 4060, SUM = 12249289, bChange = 0.00181006, totNum = 7
ROUND = 4061, SUM = 12249289, bChange = 0.00181024, totNum = 7
ROUND = 4062, SUM = 12249289, bChange = 0.00181042, totNum = 7
ROUND = 4063, SUM = 12249289, bChange = 0.0018106, totNum = 7
ROUND = 4064, SUM = 12249289, bChange = 0.00181078, totNum = 7
ROUND = 4065, SUM = 12249289, bChange = 0.00181096, totNum = 7
ROUND = 4066, SUM = 12249289, bChange = 0.00181114, totNum = 7
ROUND = 4067, SUM = 12249289, bChange = 0.00181132, totNum = 7
ROUND = 4068, SUM = 12249289, bChange = 0.00181149, totNum = 7
ROUND = 4069, SUM = 12249289, bChange = 0.00181167, totNum = 7
ROUND = 4070, SUM = 12249289, bChange = 0.00181185, totNum = 7
ROUND = 4071, SUM = 12249289, bChange = 0.00181203, totNum = 7
ROUND = 4072, SUM = 12249289, bChange = 0.00181221, totNum = 7
ROUND = 4073, SUM = 12249289, bChange = 0.00181239, totNum = 7
ROUND = 4074, SUM = 12249289, bChange = 0.00181257, totNum = 7
ROUND = 4075, SUM = 12249289, bChange = 0.00181274, totNum = 7
ROUND = 4076, SUM = 12249289, bChange = 0.00181292, totNum = 7
ROUND = 4077, SUM = 12249289, bChange = 0.0018131, totNum = 7
ROUND = 4078, SUM = 12249289, bChange = 0.00181328, totNum = 7
ROUND = 4079, SUM = 12249289, bChange = 0.00181345, totNum = 6
ROUND = 4080, SUM = 12249289, bChange = 0.00181363, totNum = 6
ROUND = 4081, SUM = 12249289, bChange = 0.00181381, totNum = 6
ROUND = 4082, SUM = 12249289, bChange = 0.00181398, totNum = 6
ROUND = 4083, SUM = 12249289, bChange = 0.00181416, totNum = 6
ROUND = 4084, SUM = 12249289, bChange = 0.00181434, totNum = 6
ROUND = 4085, SUM = 12249289, bChange = 0.00181451, totNum = 6
ROUND = 4086, SUM = 12249289, bChange = 0.00181469, totNum = 6
ROUND = 4087, SUM = 12249289, bChange = 0.00181486, totNum = 6
ROUND = 4088, SUM = 12249289, bChange = 0.00181504, totNum = 6
ROUND = 4089, SUM = 12249289, bChange = 0.00181521, totNum = 6
ROUND = 4090, SUM = 12249289, bChange = 0.00181539, totNum = 6
ROUND = 4091, SUM = 12249289, bChange = 0.00181557, totNum = 6
ROUND = 4092, SUM = 12249289, bChange = 0.00181574, totNum = 6
ROUND = 4093, SUM = 12249289, bChange = 0.00181591, totNum = 6
ROUND = 4094, SUM = 12249289, bChange = 0.00181609, totNum = 6
ROUND = 4095, SUM = 12249289, bChange = 0.00181626, totNum = 6
ROUND = 4096, SUM = 12249289, bChange = 0.00181644, totNum = 6
ROUND = 4097, SUM = 12249289, bChange = 0.00181661, totNum = 6
ROUND = 4098, SUM = 12249289, bChange = 0.00181679, totNum = 6
ROUND = 4099, SUM = 12249289, bChange = 0.00181696, totNum = 6
ROUND = 4100, SUM = 12249289, bChange = 0.00181713, totNum = 6
ROUND = 4101, SUM = 12249289, bChange = 0.00181731, totNum = 6
ROUND = 4102, SUM = 12249289, bChange = 0.00181748, totNum = 6
ROUND = 4103, SUM = 12249289, bChange = 0.00181765, totNum = 6
ROUND = 4104, SUM = 12249289, bChange = 0.00181783, totNum = 6
ROUND = 4105, SUM = 12249289, bChange = 0.001818, totNum = 6
ROUND = 4106, SUM = 12249288.9999999, bChange = 0.00181817, totNum = 6
ROUND = 4107, SUM = 12249289, bChange = 0.00181834, totNum = 6
ROUND = 4108, SUM = 12249289, bChange = 0.00181851, totNum = 6
ROUND = 4109, SUM = 12249289, bChange = 0.00181869, totNum = 6
ROUND = 4110, SUM = 12249289, bChange = 0.00181886, totNum = 6
ROUND = 4111, SUM = 12249289, bChange = 0.00181903, totNum = 6
ROUND = 4112, SUM = 12249289, bChange = 0.0018192, totNum = 6
ROUND = 4113, SUM = 12249289, bChange = 0.00181937, totNum = 6
ROUND = 4114, SUM = 12249289, bChange = 0.00181954, totNum = 6
ROUND = 4115, SUM = 12249289, bChange = 0.00181971, totNum = 6
ROUND = 4116, SUM = 12249289, bChange = 0.00181989, totNum = 6
ROUND = 4117, SUM = 12249289, bChange = 0.00182006, totNum = 6
ROUND = 4118, SUM = 12249289, bChange = 0.00182023, totNum = 6
ROUND = 4119, SUM = 12249289, bChange = 0.0018204, totNum = 6
ROUND = 4120, SUM = 12249289, bChange = 0.00182057, totNum = 6
ROUND = 4121, SUM = 12249289, bChange = 0.00182074, totNum = 6
ROUND = 4122, SUM = 12249289, bChange = 0.00182091, totNum = 6
ROUND = 4123, SUM = 12249289, bChange = 0.00182108, totNum = 6
ROUND = 4124, SUM = 12249289, bChange = 0.00182125, totNum = 6
ROUND = 4125, SUM = 12249289, bChange = 0.00182141, totNum = 6
ROUND = 4126, SUM = 12249289, bChange = 0.00182158, totNum = 6
ROUND = 4127, SUM = 12249289, bChange = 0.00182175, totNum = 6
ROUND = 4128, SUM = 12249289, bChange = 0.00182192, totNum = 6
ROUND = 4129, SUM = 12249289, bChange = 0.00182209, totNum = 6
ROUND = 4130, SUM = 12249289, bChange = 0.00182226, totNum = 6
ROUND = 4131, SUM = 12249289, bChange = 0.00182243, totNum = 6
ROUND = 4132, SUM = 12249289, bChange = 0.00182259, totNum = 6
ROUND = 4133, SUM = 12249289, bChange = 0.00182276, totNum = 6
ROUND = 4134, SUM = 12249289, bChange = 0.00182293, totNum = 6
ROUND = 4135, SUM = 12249289, bChange = 0.0018231, totNum = 6
ROUND = 4136, SUM = 12249289, bChange = 0.00182326, totNum = 6
ROUND = 4137, SUM = 12249289, bChange = 0.00182343, totNum = 6
ROUND = 4138, SUM = 12249289, bChange = 0.0018236, totNum = 6
ROUND = 4139, SUM = 12249289, bChange = 0.00182377, totNum = 6
ROUND = 4140, SUM = 12249289, bChange = 0.00182393, totNum = 6
ROUND = 4141, SUM = 12249289, bChange = 0.0018241, totNum = 6
ROUND = 4142, SUM = 12249289, bChange = 0.00182427, totNum = 6
ROUND = 4143, SUM = 12249289, bChange = 0.00182443, totNum = 6
ROUND = 4144, SUM = 12249289, bChange = 0.0018246, totNum = 6
ROUND = 4145, SUM = 12249289, bChange = 0.00138461, totNum = 5
ROUND = 4146, SUM = 12249289, bChange = 0.00138462, totNum = 5
ROUND = 4147, SUM = 12249289, bChange = 0.00138462, totNum = 5
ROUND = 4148, SUM = 12249289, bChange = 0.00138463, totNum = 5
ROUND = 4149, SUM = 12249289, bChange = 0.00138463, totNum = 5
ROUND = 4150, SUM = 12249289, bChange = 0.00138464, totNum = 5
ROUND = 4151, SUM = 12249289, bChange = 0.00138464, totNum = 5
ROUND = 4152, SUM = 12249289, bChange = 0.00138465, totNum = 5
ROUND = 4153, SUM = 12249289, bChange = 0.00138465, totNum = 5
ROUND = 4154, SUM = 12249289, bChange = 0.00138465, totNum = 5
ROUND = 4155, SUM = 12249289, bChange = 0.00138466, totNum = 5
ROUND = 4156, SUM = 12249289, bChange = 0.00138466, totNum = 5
ROUND = 4157, SUM = 12249289, bChange = 0.00138467, totNum = 5
ROUND = 4158, SUM = 12249289, bChange = 0.00138467, totNum = 5
ROUND = 4159, SUM = 12249289, bChange = 0.00138468, totNum = 5
ROUND = 4160, SUM = 12249289, bChange = 0.00138468, totNum = 5
ROUND = 4161, SUM = 12249289, bChange = 0.00138468, totNum = 5
ROUND = 4162, SUM = 12249289, bChange = 0.00138469, totNum = 5
ROUND = 4163, SUM = 12249289, bChange = 0.00138469, totNum = 5
ROUND = 4164, SUM = 12249289, bChange = 0.0013847, totNum = 5
ROUND = 4165, SUM = 12249289, bChange = 0.0013847, totNum = 5
ROUND = 4166, SUM = 12249289, bChange = 0.00138471, totNum = 5
ROUND = 4167, SUM = 12249289, bChange = 0.00138471, totNum = 5
ROUND = 4168, SUM = 12249289, bChange = 0.00138471, totNum = 5
ROUND = 4169, SUM = 12249289, bChange = 0.00138472, totNum = 5
ROUND = 4170, SUM = 12249289, bChange = 0.00138472, totNum = 5
ROUND = 4171, SUM = 12249289, bChange = 0.00138473, totNum = 4
ROUND = 4172, SUM = 12249289, bChange = 0.00138473, totNum = 4
ROUND = 4173, SUM = 12249289, bChange = 0.00138474, totNum = 4
ROUND = 4174, SUM = 12249289, bChange = 0.00138474, totNum = 4
ROUND = 4175, SUM = 12249289, bChange = 0.00138474, totNum = 4
ROUND = 4176, SUM = 12249289, bChange = 0.00138475, totNum = 4
ROUND = 4177, SUM = 12249289, bChange = 0.00138475, totNum = 4
ROUND = 4178, SUM = 12249289, bChange = 0.00138476, totNum = 4
ROUND = 4179, SUM = 12249289, bChange = 0.00138476, totNum = 4
ROUND = 4180, SUM = 12249289, bChange = 0.00138477, totNum = 4
ROUND = 4181, SUM = 12249289, bChange = 0.00138477, totNum = 4
ROUND = 4182, SUM = 12249289, bChange = 0.00138477, totNum = 4
ROUND = 4183, SUM = 12249288.9999999, bChange = 0.00138478, totNum = 4
ROUND = 4184, SUM = 12249289, bChange = 0.00138478, totNum = 4
ROUND = 4185, SUM = 12249289, bChange = 0.00138479, totNum = 4
ROUND = 4186, SUM = 12249289, bChange = 0.00138479, totNum = 4
ROUND = 4187, SUM = 12249289, bChange = 0.00138479, totNum = 4
ROUND = 4188, SUM = 12249289, bChange = 0.0013848, totNum = 4
ROUND = 4189, SUM = 12249288.9999999, bChange = 0.0013848, totNum = 4
ROUND = 4190, SUM = 12249289, bChange = 0.00138481, totNum = 4
ROUND = 4191, SUM = 12249289, bChange = 0.00138481, totNum = 4
ROUND = 4192, SUM = 12249289, bChange = 0.00138481, totNum = 4
ROUND = 4193, SUM = 12249289, bChange = 0.00138482, totNum = 4
ROUND = 4194, SUM = 12249289, bChange = 0.00138482, totNum = 4
ROUND = 4195, SUM = 12249289, bChange = 0.00138483, totNum = 4
ROUND = 4196, SUM = 12249289, bChange = 0.00138483, totNum = 4
ROUND = 4197, SUM = 12249289, bChange = 0.00138484, totNum = 4
ROUND = 4198, SUM = 12249289, bChange = 0.00138484, totNum = 4
ROUND = 4199, SUM = 12249289, bChange = 0.00138484, totNum = 4
ROUND = 4200, SUM = 12249289, bChange = 0.00138485, totNum = 4
ROUND = 4201, SUM = 12249289, bChange = 0.00138485, totNum = 4
ROUND = 4202, SUM = 12249289, bChange = 0.00138486, totNum = 4
ROUND = 4203, SUM = 12249289, bChange = 0.00138486, totNum = 4
ROUND = 4204, SUM = 12249289, bChange = 0.00138486, totNum = 4
ROUND = 4205, SUM = 12249289, bChange = 0.00138487, totNum = 4
ROUND = 4206, SUM = 12249289, bChange = 0.00138487, totNum = 4
ROUND = 4207, SUM = 12249289, bChange = 0.00138488, totNum = 4
ROUND = 4208, SUM = 12249289, bChange = 0.00138488, totNum = 4
ROUND = 4209, SUM = 12249288.9999999, bChange = 0.00138488, totNum = 4
ROUND = 4210, SUM = 12249289, bChange = 0.00138489, totNum = 4
ROUND = 4211, SUM = 12249289, bChange = 0.00138489, totNum = 4
ROUND = 4212, SUM = 12249288.9999999, bChange = 0.0013849, totNum = 4
ROUND = 4213, SUM = 12249289, bChange = 0.0013849, totNum = 4
ROUND = 4214, SUM = 12249288.9999999, bChange = 0.0013849, totNum = 4
ROUND = 4215, SUM = 12249289, bChange = 0.00138491, totNum = 4
ROUND = 4216, SUM = 12249289, bChange = 0.00138491, totNum = 4
ROUND = 4217, SUM = 12249289, bChange = 0.00138492, totNum = 4
ROUND = 4218, SUM = 12249289, bChange = 0.00138492, totNum = 4
ROUND = 4219, SUM = 12249289, bChange = 0.00138492, totNum = 4
ROUND = 4220, SUM = 12249289, bChange = 0.00138493, totNum = 4
ROUND = 4221, SUM = 12249289, bChange = 0.00138493, totNum = 4
ROUND = 4222, SUM = 12249289, bChange = 0.00138494, totNum = 4
ROUND = 4223, SUM = 12249289, bChange = 0.00138494, totNum = 4
ROUND = 4224, SUM = 12249289, bChange = 0.00138494, totNum = 4
ROUND = 4225, SUM = 12249289, bChange = 0.00138495, totNum = 4
ROUND = 4226, SUM = 12249289, bChange = 0.00138495, totNum = 4
ROUND = 4227, SUM = 12249289, bChange = 0.00138496, totNum = 4
ROUND = 4228, SUM = 12249289, bChange = 0.00138496, totNum = 4
ROUND = 4229, SUM = 12249289, bChange = 0.00138496, totNum = 4
ROUND = 4230, SUM = 12249289, bChange = 0.00138497, totNum = 4
ROUND = 4231, SUM = 12249289, bChange = 0.00138497, totNum = 4
ROUND = 4232, SUM = 12249289, bChange = 0.00138498, totNum = 4
ROUND = 4233, SUM = 12249289, bChange = 0.00138498, totNum = 4
ROUND = 4234, SUM = 12249289, bChange = 0.00138498, totNum = 4
ROUND = 4235, SUM = 12249289, bChange = 0.00138499, totNum = 4
ROUND = 4236, SUM = 12249289, bChange = 0.00138499, totNum = 4
ROUND = 4237, SUM = 12249289, bChange = 0.00138499, totNum = 4
ROUND = 4238, SUM = 12249289, bChange = 0.001385, totNum = 4
ROUND = 4239, SUM = 12249289, bChange = 0.001385, totNum = 4
ROUND = 4240, SUM = 12249289, bChange = 0.00138501, totNum = 4
ROUND = 4241, SUM = 12249289, bChange = 0.00138501, totNum = 4
ROUND = 4242, SUM = 12249289, bChange = 0.00138501, totNum = 4
ROUND = 4243, SUM = 12249289, bChange = 0.00138502, totNum = 4
ROUND = 4244, SUM = 12249289, bChange = 0.00138502, totNum = 4
ROUND = 4245, SUM = 12249289, bChange = 0.00138503, totNum = 4
ROUND = 4246, SUM = 12249289, bChange = 0.00138503, totNum = 4
ROUND = 4247, SUM = 12249289, bChange = 0.00138503, totNum = 4
ROUND = 4248, SUM = 12249289, bChange = 0.00138504, totNum = 4
ROUND = 4249, SUM = 12249289, bChange = 0.00138504, totNum = 4
ROUND = 4250, SUM = 12249289, bChange = 0.00138504, totNum = 4
ROUND = 4251, SUM = 12249289, bChange = 0.00138505, totNum = 4
ROUND = 4252, SUM = 12249289, bChange = 0.00138505, totNum = 4
ROUND = 4253, SUM = 12249289, bChange = 0.00138506, totNum = 4
ROUND = 4254, SUM = 12249289, bChange = 0.00138506, totNum = 4
ROUND = 4255, SUM = 12249289, bChange = 0.00138506, totNum = 4
ROUND = 4256, SUM = 12249289, bChange = 0.00138507, totNum = 4
ROUND = 4257, SUM = 12249289, bChange = 0.00138507, totNum = 4
ROUND = 4258, SUM = 12249288.9999999, bChange = 0.00138507, totNum = 4
ROUND = 4259, SUM = 12249289, bChange = 0.00138508, totNum = 4
ROUND = 4260, SUM = 12249289, bChange = 0.00138508, totNum = 4
ROUND = 4261, SUM = 12249289, bChange = 0.00138509, totNum = 4
ROUND = 4262, SUM = 12249289, bChange = 0.00138509, totNum = 4
ROUND = 4263, SUM = 12249289, bChange = 0.00138509, totNum = 4
ROUND = 4264, SUM = 12249289, bChange = 0.0013851, totNum = 4
ROUND = 4265, SUM = 12249289, bChange = 0.0013851, totNum = 4
ROUND = 4266, SUM = 12249289, bChange = 0.0013851, totNum = 4
ROUND = 4267, SUM = 12249289, bChange = 0.00138511, totNum = 4
ROUND = 4268, SUM = 12249289, bChange = 0.00138511, totNum = 4
ROUND = 4269, SUM = 12249289, bChange = 0.00138512, totNum = 4
ROUND = 4270, SUM = 12249289, bChange = 0.00138512, totNum = 4
ROUND = 4271, SUM = 12249289, bChange = 0.00138512, totNum = 4
ROUND = 4272, SUM = 12249289, bChange = 0.00138513, totNum = 4
ROUND = 4273, SUM = 12249289, bChange = 0.00138513, totNum = 4
ROUND = 4274, SUM = 12249289, bChange = 0.00138513, totNum = 4
ROUND = 4275, SUM = 12249289, bChange = 0.00138514, totNum = 4
ROUND = 4276, SUM = 12249289, bChange = 0.00138514, totNum = 4
ROUND = 4277, SUM = 12249289, bChange = 0.00138515, totNum = 4
ROUND = 4278, SUM = 12249289, bChange = 0.00138515, totNum = 4
ROUND = 4279, SUM = 12249289, bChange = 0.00138515, totNum = 4
ROUND = 4280, SUM = 12249289, bChange = 0.00138516, totNum = 4
ROUND = 4281, SUM = 12249289, bChange = 0.00138516, totNum = 4
ROUND = 4282, SUM = 12249289, bChange = 0.00138516, totNum = 4
ROUND = 4283, SUM = 12249289, bChange = 0.00138517, totNum = 4
ROUND = 4284, SUM = 12249289, bChange = 0.00138517, totNum = 4
ROUND = 4285, SUM = 12249289, bChange = 0.00138517, totNum = 4
ROUND = 4286, SUM = 12249289, bChange = 0.00138518, totNum = 4
ROUND = 4287, SUM = 12249289, bChange = 0.00138518, totNum = 4
ROUND = 4288, SUM = 12249289, bChange = 0.00138519, totNum = 4
ROUND = 4289, SUM = 12249289, bChange = 0.00138519, totNum = 4
ROUND = 4290, SUM = 12249289, bChange = 0.00138519, totNum = 4
ROUND = 4291, SUM = 12249289, bChange = 0.0013852, totNum = 4
ROUND = 4292, SUM = 12249289, bChange = 0.0013852, totNum = 4
ROUND = 4293, SUM = 12249289, bChange = 0.0013852, totNum = 4
ROUND = 4294, SUM = 12249289, bChange = 0.00138521, totNum = 4
ROUND = 4295, SUM = 12249289, bChange = 0.00138521, totNum = 4
ROUND = 4296, SUM = 12249289, bChange = 0.00138521, totNum = 4
ROUND = 4297, SUM = 12249289, bChange = 0.00138522, totNum = 4
ROUND = 4298, SUM = 12249289, bChange = 0.00138522, totNum = 4
ROUND = 4299, SUM = 12249289, bChange = 0.00138522, totNum = 4
ROUND = 4300, SUM = 12249289, bChange = 0.00138523, totNum = 4
ROUND = 4301, SUM = 12249289, bChange = 0.00138523, totNum = 4
ROUND = 4302, SUM = 12249289, bChange = 0.00138524, totNum = 4
ROUND = 4303, SUM = 12249289, bChange = 0.00138524, totNum = 4
ROUND = 4304, SUM = 12249289, bChange = 0.00138524, totNum = 4
ROUND = 4305, SUM = 12249289, bChange = 0.00138525, totNum = 4
ROUND = 4306, SUM = 12249289, bChange = 0.00138525, totNum = 4
ROUND = 4307, SUM = 12249289, bChange = 0.00138525, totNum = 4
ROUND = 4308, SUM = 12249289, bChange = 0.00138526, totNum = 4
ROUND = 4309, SUM = 12249289, bChange = 0.00138526, totNum = 4
ROUND = 4310, SUM = 12249289, bChange = 0.00138526, totNum = 4
ROUND = 4311, SUM = 12249289, bChange = 0.00138527, totNum = 4
ROUND = 4312, SUM = 12249289, bChange = 0.00138527, totNum = 4
ROUND = 4313, SUM = 12249289, bChange = 0.00138527, totNum = 4
ROUND = 4314, SUM = 12249289, bChange = 0.00138528, totNum = 4
ROUND = 4315, SUM = 12249289, bChange = 0.00138528, totNum = 4
ROUND = 4316, SUM = 12249289, bChange = 0.00138528, totNum = 4
ROUND = 4317, SUM = 12249289, bChange = 0.00138529, totNum = 4
ROUND = 4318, SUM = 12249289, bChange = 0.00138529, totNum = 4
ROUND = 4319, SUM = 12249289, bChange = 0.00133081, totNum = 3
ROUND = 4320, SUM = 12249289, bChange = 0.00133081, totNum = 3
ROUND = 4321, SUM = 12249289, bChange = 0.00133082, totNum = 3
ROUND = 4322, SUM = 12249289, bChange = 0.00133082, totNum = 3
ROUND = 4323, SUM = 12249289, bChange = 0.00133083, totNum = 3
ROUND = 4324, SUM = 12249289, bChange = 0.00121211, totNum = 2
ROUND = 4325, SUM = 12249289, bChange = 0.00121211, totNum = 2
ROUND = 4326, SUM = 12249289, bChange = 0.00121212, totNum = 2
ROUND = 4327, SUM = 12249288.9999999, bChange = 0.00121213, totNum = 2
ROUND = 4328, SUM = 12249289, bChange = 0.00121214, totNum = 2
ROUND = 4329, SUM = 12249289, bChange = 0.00121214, totNum = 2
ROUND = 4330, SUM = 12249289, bChange = 0.00121215, totNum = 2
ROUND = 4331, SUM = 12249289, bChange = 0.00121216, totNum = 2
ROUND = 4332, SUM = 12249289, bChange = 0.00121216, totNum = 2
ROUND = 4333, SUM = 12249289, bChange = 0.00121217, totNum = 2
ROUND = 4334, SUM = 12249289, bChange = 0.00121218, totNum = 2
ROUND = 4335, SUM = 12249289, bChange = 0.00121219, totNum = 2
ROUND = 4336, SUM = 12249289, bChange = 0.00121219, totNum = 2
ROUND = 4337, SUM = 12249289, bChange = 0.0012122, totNum = 2
ROUND = 4338, SUM = 12249289, bChange = 0.00121221, totNum = 2
ROUND = 4339, SUM = 12249289, bChange = 0.00121221, totNum = 2
ROUND = 4340, SUM = 12249289, bChange = 0.00121222, totNum = 2
ROUND = 4341, SUM = 12249289, bChange = 0.00121223, totNum = 2
ROUND = 4342, SUM = 12249289, bChange = 0.00121223, totNum = 2
ROUND = 4343, SUM = 12249289, bChange = 0.00121224, totNum = 2
ROUND = 4344, SUM = 12249289, bChange = 0.00121225, totNum = 2
ROUND = 4345, SUM = 12249289, bChange = 0.00121226, totNum = 2
ROUND = 4346, SUM = 12249289, bChange = 0.00121226, totNum = 2
ROUND = 4347, SUM = 12249289, bChange = 0.00121227, totNum = 2
ROUND = 4348, SUM = 12249289, bChange = 0.00121228, totNum = 2
ROUND = 4349, SUM = 12249289, bChange = 0.00121228, totNum = 2
ROUND = 4350, SUM = 12249289, bChange = 0.00121229, totNum = 2
ROUND = 4351, SUM = 12249289, bChange = 0.0012123, totNum = 2
ROUND = 4352, SUM = 12249289, bChange = 0.0012123, totNum = 2
ROUND = 4353, SUM = 12249289, bChange = 0.00121231, totNum = 2
ROUND = 4354, SUM = 12249289, bChange = 0.00121232, totNum = 2
ROUND = 4355, SUM = 12249289, bChange = 0.00121232, totNum = 2
ROUND = 4356, SUM = 12249289, bChange = 0.00121233, totNum = 2
ROUND = 4357, SUM = 12249289, bChange = 0.00121234, totNum = 2
ROUND = 4358, SUM = 12249289, bChange = 0.00121235, totNum = 2
ROUND = 4359, SUM = 12249289, bChange = 0.00121235, totNum = 2
ROUND = 4360, SUM = 12249289, bChange = 0.00121236, totNum = 2
ROUND = 4361, SUM = 12249289, bChange = 0.00121237, totNum = 2
ROUND = 4362, SUM = 12249289, bChange = 0.00121237, totNum = 2
ROUND = 4363, SUM = 12249289, bChange = 0.00121238, totNum = 2
ROUND = 4364, SUM = 12249289, bChange = 0.00121239, totNum = 2
ROUND = 4365, SUM = 12249289, bChange = 0.00121239, totNum = 2
ROUND = 4366, SUM = 12249289, bChange = 0.0012124, totNum = 2
ROUND = 4367, SUM = 12249289, bChange = 0.00121241, totNum = 2
ROUND = 4368, SUM = 12249289, bChange = 0.00121241, totNum = 2
ROUND = 4369, SUM = 12249289, bChange = 0.00121242, totNum = 2
ROUND = 4370, SUM = 12249289, bChange = 0.00121243, totNum = 2
ROUND = 4371, SUM = 12249289, bChange = 0.00121243, totNum = 2
ROUND = 4372, SUM = 12249289, bChange = 0.00121244, totNum = 2
ROUND = 4373, SUM = 12249289, bChange = 0.00121245, totNum = 2
ROUND = 4374, SUM = 12249289, bChange = 0.00121245, totNum = 2
ROUND = 4375, SUM = 12249289, bChange = 0.00121246, totNum = 2
ROUND = 4376, SUM = 12249289, bChange = 0.00121247, totNum = 2
ROUND = 4377, SUM = 12249289, bChange = 0.00121247, totNum = 2
ROUND = 4378, SUM = 12249288.9999999, bChange = 0.00121248, totNum = 2
ROUND = 4379, SUM = 12249289, bChange = 0.00121249, totNum = 2
ROUND = 4380, SUM = 12249289, bChange = 0.00121249, totNum = 2
ROUND = 4381, SUM = 12249289, bChange = 0.0012125, totNum = 2
ROUND = 4382, SUM = 12249289, bChange = 0.00121251, totNum = 2
ROUND = 4383, SUM = 12249289, bChange = 0.00121251, totNum = 2
ROUND = 4384, SUM = 12249289, bChange = 0.00121252, totNum = 2
ROUND = 4385, SUM = 12249289, bChange = 0.00121253, totNum = 2
ROUND = 4386, SUM = 12249288.9999999, bChange = 0.00121253, totNum = 2
ROUND = 4387, SUM = 12249289, bChange = 0.00121254, totNum = 2
ROUND = 4388, SUM = 12249289, bChange = 0.00121255, totNum = 2
ROUND = 4389, SUM = 12249289, bChange = 0.00121255, totNum = 2
ROUND = 4390, SUM = 12249289, bChange = 0.00121256, totNum = 2
ROUND = 4391, SUM = 12249289, bChange = 0.00121257, totNum = 2
ROUND = 4392, SUM = 12249289, bChange = 0.00121257, totNum = 2
ROUND = 4393, SUM = 12249289, bChange = 0.00121258, totNum = 2
ROUND = 4394, SUM = 12249289, bChange = 0.00121259, totNum = 2
ROUND = 4395, SUM = 12249289, bChange = 0.00121259, totNum = 2
ROUND = 4396, SUM = 12249289, bChange = 0.0012126, totNum = 2
ROUND = 4397, SUM = 12249289, bChange = 0.00121261, totNum = 2
ROUND = 4398, SUM = 12249289, bChange = 0.00121261, totNum = 2
ROUND = 4399, SUM = 12249289, bChange = 0.00121262, totNum = 2
ROUND = 4400, SUM = 12249289, bChange = 0.00121263, totNum = 2
ROUND = 4401, SUM = 12249289, bChange = 0.00121263, totNum = 2
ROUND = 4402, SUM = 12249289, bChange = 0.00121264, totNum = 2
ROUND = 4403, SUM = 12249289, bChange = 0.00121265, totNum = 2
ROUND = 4404, SUM = 12249289, bChange = 0.00121265, totNum = 2
ROUND = 4405, SUM = 12249289, bChange = 0.00121266, totNum = 2
ROUND = 4406, SUM = 12249289, bChange = 0.00121267, totNum = 2
ROUND = 4407, SUM = 12249289, bChange = 0.00121267, totNum = 2
ROUND = 4408, SUM = 12249289, bChange = 0.00121268, totNum = 2
ROUND = 4409, SUM = 12249289, bChange = 0.00121268, totNum = 2
ROUND = 4410, SUM = 12249289, bChange = 0.00121269, totNum = 2
ROUND = 4411, SUM = 12249289, bChange = 0.0012127, totNum = 2
ROUND = 4412, SUM = 12249289, bChange = 0.0012127, totNum = 2
ROUND = 4413, SUM = 12249289, bChange = 0.00121271, totNum = 2
ROUND = 4414, SUM = 12249289, bChange = 0.00121272, totNum = 2
ROUND = 4415, SUM = 12249289, bChange = 0.00121272, totNum = 2
ROUND = 4416, SUM = 12249289, bChange = 0.00121273, totNum = 2
ROUND = 4417, SUM = 12249289, bChange = 0.00121274, totNum = 2
ROUND = 4418, SUM = 12249289, bChange = 0.00121274, totNum = 2
ROUND = 4419, SUM = 12249289, bChange = 0.00121275, totNum = 2
ROUND = 4420, SUM = 12249289, bChange = 0.00121276, totNum = 2
ROUND = 4421, SUM = 12249289, bChange = 0.00121276, totNum = 2
ROUND = 4422, SUM = 12249289, bChange = 0.00121277, totNum = 2
ROUND = 4423, SUM = 12249289, bChange = 0.00121277, totNum = 2
ROUND = 4424, SUM = 12249289, bChange = 0.00121278, totNum = 2
ROUND = 4425, SUM = 12249289, bChange = 0.00121279, totNum = 2
ROUND = 4426, SUM = 12249289, bChange = 0.00121279, totNum = 2
ROUND = 4427, SUM = 12249289, bChange = 0.0012128, totNum = 2
ROUND = 4428, SUM = 12249289, bChange = 0.00121281, totNum = 2
ROUND = 4429, SUM = 12249289, bChange = 0.00121281, totNum = 2
ROUND = 4430, SUM = 12249289, bChange = 0.00121282, totNum = 2
ROUND = 4431, SUM = 12249289, bChange = 0.00121282, totNum = 2
ROUND = 4432, SUM = 12249289, bChange = 0.00121283, totNum = 2
ROUND = 4433, SUM = 12249289, bChange = 0.00121284, totNum = 2
ROUND = 4434, SUM = 12249289, bChange = 0.00121284, totNum = 2
ROUND = 4435, SUM = 12249288.9999999, bChange = 0.00121285, totNum = 2
ROUND = 4436, SUM = 12249289, bChange = 0.00121286, totNum = 2
ROUND = 4437, SUM = 12249289, bChange = 0.00121286, totNum = 2
ROUND = 4438, SUM = 12249289, bChange = 0.00121287, totNum = 2
ROUND = 4439, SUM = 12249289, bChange = 0.00121287, totNum = 2
ROUND = 4440, SUM = 12249289, bChange = 0.00121288, totNum = 2
ROUND = 4441, SUM = 12249289, bChange = 0.00121289, totNum = 2
ROUND = 4442, SUM = 12249289, bChange = 0.00121289, totNum = 2
ROUND = 4443, SUM = 12249289, bChange = 0.0012129, totNum = 2
ROUND = 4444, SUM = 12249289, bChange = 0.00121291, totNum = 2
ROUND = 4445, SUM = 12249289, bChange = 0.00121291, totNum = 2
ROUND = 4446, SUM = 12249289, bChange = 0.00121292, totNum = 2
ROUND = 4447, SUM = 12249289, bChange = 0.00121292, totNum = 2
ROUND = 4448, SUM = 12249289, bChange = 0.00121293, totNum = 2
ROUND = 4449, SUM = 12249289, bChange = 0.00121294, totNum = 2
ROUND = 4450, SUM = 12249289, bChange = 0.00121294, totNum = 2
ROUND = 4451, SUM = 12249289, bChange = 0.00121295, totNum = 2
ROUND = 4452, SUM = 12249289, bChange = 0.00121296, totNum = 2
ROUND = 4453, SUM = 12249289, bChange = 0.00121296, totNum = 2
ROUND = 4454, SUM = 12249289, bChange = 0.00121297, totNum = 2
ROUND = 4455, SUM = 12249289, bChange = 0.00121297, totNum = 2
ROUND = 4456, SUM = 12249289, bChange = 0.00121298, totNum = 2
ROUND = 4457, SUM = 12249289, bChange = 0.00121299, totNum = 2
ROUND = 4458, SUM = 12249289, bChange = 0.00121299, totNum = 2
ROUND = 4459, SUM = 12249289, bChange = 0.001213, totNum = 2
ROUND = 4460, SUM = 12249288.9999999, bChange = 0.001213, totNum = 2
ROUND = 4461, SUM = 12249289, bChange = 0.00121301, totNum = 2
ROUND = 4462, SUM = 12249289, bChange = 0.00121302, totNum = 2
ROUND = 4463, SUM = 12249289, bChange = 0.00121302, totNum = 2
ROUND = 4464, SUM = 12249289, bChange = 0.00121303, totNum = 2
ROUND = 4465, SUM = 12249289, bChange = 0.00121303, totNum = 2
ROUND = 4466, SUM = 12249289, bChange = 0.00121304, totNum = 2
ROUND = 4467, SUM = 12249289, bChange = 0.00121305, totNum = 2
ROUND = 4468, SUM = 12249289, bChange = 0.00121305, totNum = 2
ROUND = 4469, SUM = 12249289, bChange = 0.00121306, totNum = 2
ROUND = 4470, SUM = 12249289, bChange = 0.00121306, totNum = 2
ROUND = 4471, SUM = 12249289, bChange = 0.00121307, totNum = 2
ROUND = 4472, SUM = 12249289, bChange = 0.00121308, totNum = 2
ROUND = 4473, SUM = 12249289, bChange = 0.00121308, totNum = 2
ROUND = 4474, SUM = 12249289, bChange = 0.00121309, totNum = 2
ROUND = 4475, SUM = 12249289, bChange = 0.00121309, totNum = 2
ROUND = 4476, SUM = 12249289, bChange = 0.0012131, totNum = 2
ROUND = 4477, SUM = 12249288.9999999, bChange = 0.00121311, totNum = 2
ROUND = 4478, SUM = 12249289, bChange = 0.00121311, totNum = 2
ROUND = 4479, SUM = 12249289, bChange = 0.00121312, totNum = 2
ROUND = 4480, SUM = 12249288.9999999, bChange = 0.00121312, totNum = 2
ROUND = 4481, SUM = 12249289, bChange = 0.00121313, totNum = 2
ROUND = 4482, SUM = 12249289, bChange = 0.00121314, totNum = 2
ROUND = 4483, SUM = 12249289, bChange = 0.00121314, totNum = 2
ROUND = 4484, SUM = 12249289, bChange = 0.00121315, totNum = 2
ROUND = 4485, SUM = 12249289, bChange = 0.00121315, totNum = 2
ROUND = 4486, SUM = 12249289, bChange = 0.00121316, totNum = 2
ROUND = 4487, SUM = 12249289, bChange = 0.00121317, totNum = 2
ROUND = 4488, SUM = 12249289, bChange = 0.00121317, totNum = 2
ROUND = 4489, SUM = 12249289, bChange = 0.00121318, totNum = 2
ROUND = 4490, SUM = 12249289, bChange = 0.00121318, totNum = 2
ROUND = 4491, SUM = 12249289, bChange = 0.00121319, totNum = 2
ROUND = 4492, SUM = 12249289, bChange = 0.00121319, totNum = 2
ROUND = 4493, SUM = 12249289, bChange = 0.0012132, totNum = 2
ROUND = 4494, SUM = 12249289, bChange = 0.00121321, totNum = 2
ROUND = 4495, SUM = 12249289, bChange = 0.00121321, totNum = 2
ROUND = 4496, SUM = 12249289, bChange = 0.00121322, totNum = 2
ROUND = 4497, SUM = 12249289, bChange = 0.00121322, totNum = 2
ROUND = 4498, SUM = 12249289, bChange = 0.00121323, totNum = 2
ROUND = 4499, SUM = 12249289, bChange = 0.00121324, totNum = 2
ROUND = 4500, SUM = 12249289, bChange = 0.00121324, totNum = 2
ROUND = 4501, SUM = 12249289, bChange = 0.00121325, totNum = 2
ROUND = 4502, SUM = 12249289, bChange = 0.00121325, totNum = 2
ROUND = 4503, SUM = 12249289, bChange = 0.00121326, totNum = 2
ROUND = 4504, SUM = 12249289, bChange = 0.00121326, totNum = 2
ROUND = 4505, SUM = 12249289, bChange = 0.00121327, totNum = 2
ROUND = 4506, SUM = 12249289, bChange = 0.00121328, totNum = 2
ROUND = 4507, SUM = 12249289, bChange = 0.00121328, totNum = 2
ROUND = 4508, SUM = 12249289, bChange = 0.00121329, totNum = 2
ROUND = 4509, SUM = 12249289, bChange = 0.00121329, totNum = 2
ROUND = 4510, SUM = 12249289, bChange = 0.0012133, totNum = 2
ROUND = 4511, SUM = 12249289, bChange = 0.0012133, totNum = 2
ROUND = 4512, SUM = 12249289, bChange = 0.00121331, totNum = 2
ROUND = 4513, SUM = 12249289, bChange = 0.00121332, totNum = 2
ROUND = 4514, SUM = 12249289, bChange = 0.00121332, totNum = 2
ROUND = 4515, SUM = 12249289, bChange = 0.00121333, totNum = 2
ROUND = 4516, SUM = 12249289, bChange = 0.00121333, totNum = 2
ROUND = 4517, SUM = 12249289, bChange = 0.00121334, totNum = 2
ROUND = 4518, SUM = 12249289, bChange = 0.00121334, totNum = 2
ROUND = 4519, SUM = 12249289, bChange = 0.00121335, totNum = 2
ROUND = 4520, SUM = 12249289, bChange = 0.00121336, totNum = 2
ROUND = 4521, SUM = 12249289, bChange = 0.00121336, totNum = 2
ROUND = 4522, SUM = 12249289, bChange = 0.00121337, totNum = 2
ROUND = 4523, SUM = 12249289, bChange = 0.00121337, totNum = 2
ROUND = 4524, SUM = 12249289.0000001, bChange = 0.00121338, totNum = 2
ROUND = 4525, SUM = 12249289, bChange = 0.00121338, totNum = 2
ROUND = 4526, SUM = 12249289, bChange = 0.00121339, totNum = 2
ROUND = 4527, SUM = 12249289, bChange = 0.00121339, totNum = 2
ROUND = 4528, SUM = 12249289, bChange = 0.0012134, totNum = 2
ROUND = 4529, SUM = 12249289, bChange = 0.00121341, totNum = 2
ROUND = 4530, SUM = 12249289, bChange = 0.00121341, totNum = 2
ROUND = 4531, SUM = 12249289, bChange = 0.00121342, totNum = 2
ROUND = 4532, SUM = 12249289, bChange = 0.00121342, totNum = 2
ROUND = 4533, SUM = 12249289, bChange = 0.00121343, totNum = 2
ROUND = 4534, SUM = 12249289, bChange = 0.00121343, totNum = 2
ROUND = 4535, SUM = 12249289, bChange = 0.00121344, totNum = 2
ROUND = 4536, SUM = 12249289, bChange = 0.00121344, totNum = 2
ROUND = 4537, SUM = 12249289, bChange = 0.00121345, totNum = 2
ROUND = 4538, SUM = 12249289, bChange = 0.00121346, totNum = 2
ROUND = 4539, SUM = 12249289, bChange = 0.00121346, totNum = 2
ROUND = 4540, SUM = 12249289, bChange = 0.00121347, totNum = 2
ROUND = 4541, SUM = 12249289, bChange = 0.00121347, totNum = 2
ROUND = 4542, SUM = 12249289, bChange = 0.00121348, totNum = 2
ROUND = 4543, SUM = 12249289, bChange = 0.00121348, totNum = 2
ROUND = 4544, SUM = 12249289, bChange = 0.00121349, totNum = 2
ROUND = 4545, SUM = 12249289, bChange = 0.00121349, totNum = 2
ROUND = 4546, SUM = 12249289, bChange = 0.0012135, totNum = 2
ROUND = 4547, SUM = 12249289, bChange = 0.0012135, totNum = 2
ROUND = 4548, SUM = 12249289, bChange = 0.00121351, totNum = 2
ROUND = 4549, SUM = 12249289, bChange = 0.00121352, totNum = 2
ROUND = 4550, SUM = 12249289, bChange = 0.00121352, totNum = 2
ROUND = 4551, SUM = 12249289, bChange = 0.00121353, totNum = 2
ROUND = 4552, SUM = 12249289, bChange = 0.00121353, totNum = 2
ROUND = 4553, SUM = 12249289, bChange = 0.00121354, totNum = 2
ROUND = 4554, SUM = 12249289, bChange = 0.00121354, totNum = 2
ROUND = 4555, SUM = 12249289, bChange = 0.00121355, totNum = 2
ROUND = 4556, SUM = 12249289, bChange = 0.00121355, totNum = 2
ROUND = 4557, SUM = 12249289, bChange = 0.00121356, totNum = 2
ROUND = 4558, SUM = 12249289, bChange = 0.00121356, totNum = 2
ROUND = 4559, SUM = 12249289, bChange = 0.00121357, totNum = 2
ROUND = 4560, SUM = 12249289, bChange = 0.00121358, totNum = 2
ROUND = 4561, SUM = 12249289, bChange = 0.00121358, totNum = 2
ROUND = 4562, SUM = 12249289, bChange = 0.00121359, totNum = 2
ROUND = 4563, SUM = 12249289, bChange = 0.00121359, totNum = 2
ROUND = 4564, SUM = 12249289, bChange = 0.0012136, totNum = 2
ROUND = 4565, SUM = 12249289, bChange = 0.0012136, totNum = 2
ROUND = 4566, SUM = 12249289, bChange = 0.00121361, totNum = 2
ROUND = 4567, SUM = 12249289, bChange = 0.00121361, totNum = 2
ROUND = 4568, SUM = 12249289, bChange = 0.00121362, totNum = 2
ROUND = 4569, SUM = 12249289, bChange = 0.00121362, totNum = 2
ROUND = 4570, SUM = 12249289, bChange = 0.00121363, totNum = 2
ROUND = 4571, SUM = 12249289, bChange = 0.00121363, totNum = 2
ROUND = 4572, SUM = 12249289, bChange = 0.00121364, totNum = 2
ROUND = 4573, SUM = 12249289, bChange = 0.00121364, totNum = 2
ROUND = 4574, SUM = 12249289, bChange = 0.00121365, totNum = 2
ROUND = 4575, SUM = 12249289, bChange = 0.00121366, totNum = 2
ROUND = 4576, SUM = 12249289, bChange = 0.00121366, totNum = 2
ROUND = 4577, SUM = 12249289, bChange = 0.00121367, totNum = 2
ROUND = 4578, SUM = 12249289, bChange = 0.00121367, totNum = 2
ROUND = 4579, SUM = 12249289, bChange = 0.00121368, totNum = 2
ROUND = 4580, SUM = 12249289, bChange = 0.00121368, totNum = 2
ROUND = 4581, SUM = 12249289, bChange = 0.00121369, totNum = 2
ROUND = 4582, SUM = 12249289, bChange = 0.00121369, totNum = 2
ROUND = 4583, SUM = 12249289, bChange = 0.0012137, totNum = 2
ROUND = 4584, SUM = 12249289, bChange = 0.0012137, totNum = 2
ROUND = 4585, SUM = 12249289, bChange = 0.00121371, totNum = 2
ROUND = 4586, SUM = 12249289, bChange = 0.00121371, totNum = 2
ROUND = 4587, SUM = 12249289, bChange = 0.00121372, totNum = 2
ROUND = 4588, SUM = 12249289, bChange = 0.00121372, totNum = 2
ROUND = 4589, SUM = 12249289, bChange = 0.00121373, totNum = 2
ROUND = 4590, SUM = 12249289, bChange = 0.00121373, totNum = 2
ROUND = 4591, SUM = 12249289, bChange = 0.00121374, totNum = 2
ROUND = 4592, SUM = 12249289, bChange = 0.00121374, totNum = 2
ROUND = 4593, SUM = 12249289, bChange = 0.00121375, totNum = 2
ROUND = 4594, SUM = 12249289, bChange = 0.00121375, totNum = 2
ROUND = 4595, SUM = 12249289, bChange = 0.00121376, totNum = 2
ROUND = 4596, SUM = 12249289, bChange = 0.00121376, totNum = 2
ROUND = 4597, SUM = 12249289, bChange = 0.00121377, totNum = 2
ROUND = 4598, SUM = 12249289, bChange = 0.00121378, totNum = 2
ROUND = 4599, SUM = 12249289, bChange = 0.00121378, totNum = 2
ROUND = 4600, SUM = 12249289, bChange = 0.00121379, totNum = 2
ROUND = 4601, SUM = 12249288.9999999, bChange = 0.00121379, totNum = 2
ROUND = 4602, SUM = 12249288.9999999, bChange = 0.0012138, totNum = 2
ROUND = 4603, SUM = 12249289, bChange = 0.0012138, totNum = 2
ROUND = 4604, SUM = 12249289, bChange = 0.00121381, totNum = 2
ROUND = 4605, SUM = 12249289, bChange = 0.00121381, totNum = 2
ROUND = 4606, SUM = 12249289, bChange = 0.00121382, totNum = 2
ROUND = 4607, SUM = 12249289, bChange = 0.00121382, totNum = 2
ROUND = 4608, SUM = 12249289, bChange = 0.00121383, totNum = 2
ROUND = 4609, SUM = 12249289, bChange = 0.00121383, totNum = 2
ROUND = 4610, SUM = 12249289, bChange = 0.00121384, totNum = 2
ROUND = 4611, SUM = 12249289, bChange = 0.00121384, totNum = 2
ROUND = 4612, SUM = 12249289, bChange = 0.00121385, totNum = 2
ROUND = 4613, SUM = 12249289, bChange = 0.00121385, totNum = 2
ROUND = 4614, SUM = 12249289, bChange = 0.00121386, totNum = 2
ROUND = 4615, SUM = 12249289, bChange = 0.00121386, totNum = 2
ROUND = 4616, SUM = 12249289, bChange = 0.00121387, totNum = 2
ROUND = 4617, SUM = 12249289, bChange = 0.00121387, totNum = 2
ROUND = 4618, SUM = 12249289, bChange = 0.00121388, totNum = 2
ROUND = 4619, SUM = 12249289, bChange = 0.00121388, totNum = 2
ROUND = 4620, SUM = 12249289, bChange = 0.00121389, totNum = 2
ROUND = 4621, SUM = 12249289, bChange = 0.00121389, totNum = 2
ROUND = 4622, SUM = 12249289, bChange = 0.0012139, totNum = 2
ROUND = 4623, SUM = 12249289, bChange = 0.0012139, totNum = 2
ROUND = 4624, SUM = 12249289, bChange = 0.00121391, totNum = 2
ROUND = 4625, SUM = 12249289, bChange = 0.00121391, totNum = 2
ROUND = 4626, SUM = 12249289, bChange = 0.00121392, totNum = 2
ROUND = 4627, SUM = 12249289, bChange = 0.00121392, totNum = 2
ROUND = 4628, SUM = 12249289, bChange = 0.00121393, totNum = 2
ROUND = 4629, SUM = 12249289, bChange = 0.00121393, totNum = 2
ROUND = 4630, SUM = 12249289, bChange = 0.00121394, totNum = 2
ROUND = 4631, SUM = 12249289, bChange = 0.00121394, totNum = 2
ROUND = 4632, SUM = 12249289, bChange = 0.00121395, totNum = 2
ROUND = 4633, SUM = 12249289, bChange = 0.00121395, totNum = 2
ROUND = 4634, SUM = 12249289, bChange = 0.00121396, totNum = 2
ROUND = 4635, SUM = 12249289, bChange = 0.00121396, totNum = 2
ROUND = 4636, SUM = 12249289, bChange = 0.00121397, totNum = 2
ROUND = 4637, SUM = 12249289, bChange = 0.00121397, totNum = 2
ROUND = 4638, SUM = 12249289, bChange = 0.00121398, totNum = 2
ROUND = 4639, SUM = 12249289, bChange = 0.00121398, totNum = 2
ROUND = 4640, SUM = 12249289, bChange = 0.00121399, totNum = 2
ROUND = 4641, SUM = 12249289, bChange = 0.00121399, totNum = 2
ROUND = 4642, SUM = 12249289, bChange = 0.001214, totNum = 2
ROUND = 4643, SUM = 12249289, bChange = 0.001214, totNum = 2
ROUND = 4644, SUM = 12249289, bChange = 0.001214, totNum = 2
ROUND = 4645, SUM = 12249289, bChange = 0.00121401, totNum = 2
ROUND = 4646, SUM = 12249289, bChange = 0.00121401, totNum = 2
ROUND = 4647, SUM = 12249289, bChange = 0.00121402, totNum = 2
ROUND = 4648, SUM = 12249289, bChange = 0.00121402, totNum = 2
ROUND = 4649, SUM = 12249289, bChange = 0.00121403, totNum = 2
ROUND = 4650, SUM = 12249289, bChange = 0.00121403, totNum = 2
ROUND = 4651, SUM = 12249289, bChange = 0.00121404, totNum = 2
ROUND = 4652, SUM = 12249289, bChange = 0.00121404, totNum = 2
ROUND = 4653, SUM = 12249289, bChange = 0.00121405, totNum = 2
ROUND = 4654, SUM = 12249289, bChange = 0.00121405, totNum = 2
ROUND = 4655, SUM = 12249289, bChange = 0.00121406, totNum = 2
ROUND = 4656, SUM = 12249289, bChange = 0.00121406, totNum = 2
ROUND = 4657, SUM = 12249289, bChange = 0.00121407, totNum = 2
ROUND = 4658, SUM = 12249289, bChange = 0.00121407, totNum = 2
ROUND = 4659, SUM = 12249289, bChange = 0.00121408, totNum = 2
ROUND = 4660, SUM = 12249289, bChange = 0.00121408, totNum = 2
ROUND = 4661, SUM = 12249289, bChange = 0.00121409, totNum = 2
ROUND = 4662, SUM = 12249289, bChange = 0.00121409, totNum = 2
ROUND = 4663, SUM = 12249289, bChange = 0.0012141, totNum = 2
ROUND = 4664, SUM = 12249288.9999999, bChange = 0.0012141, totNum = 2
ROUND = 4665, SUM = 12249289, bChange = 0.00121411, totNum = 2
ROUND = 4666, SUM = 12249289, bChange = 0.00121411, totNum = 2
ROUND = 4667, SUM = 12249289, bChange = 0.00121412, totNum = 2
ROUND = 4668, SUM = 12249289, bChange = 0.00121412, totNum = 2
ROUND = 4669, SUM = 12249289, bChange = 0.00121412, totNum = 2
ROUND = 4670, SUM = 12249289, bChange = 0.00121413, totNum = 2
ROUND = 4671, SUM = 12249289, bChange = 0.00121413, totNum = 2
ROUND = 4672, SUM = 12249289, bChange = 0.00121414, totNum = 2
ROUND = 4673, SUM = 12249289, bChange = 0.00121414, totNum = 2
ROUND = 4674, SUM = 12249289, bChange = 0.00121415, totNum = 2
ROUND = 4675, SUM = 12249289, bChange = 0.00121415, totNum = 2
ROUND = 4676, SUM = 12249289, bChange = 0.00121416, totNum = 2
ROUND = 4677, SUM = 12249289, bChange = 0.00121416, totNum = 2
ROUND = 4678, SUM = 12249289, bChange = 0.00121417, totNum = 2
ROUND = 4679, SUM = 12249289, bChange = 0.00121417, totNum = 2
ROUND = 4680, SUM = 12249289, bChange = 0.00121418, totNum = 2
ROUND = 4681, SUM = 12249289, bChange = 0.00121418, totNum = 2
ROUND = 4682, SUM = 12249289, bChange = 0.00121419, totNum = 2
ROUND = 4683, SUM = 12249289, bChange = 0.00121419, totNum = 2
ROUND = 4684, SUM = 12249289, bChange = 0.00121419, totNum = 2
ROUND = 4685, SUM = 12249289, bChange = 0.0012142, totNum = 2
ROUND = 4686, SUM = 12249289, bChange = 0.0012142, totNum = 2
ROUND = 4687, SUM = 12249289, bChange = 0.00121421, totNum = 2
ROUND = 4688, SUM = 12249289, bChange = 0.00121421, totNum = 2
ROUND = 4689, SUM = 12249289, bChange = 0.00121422, totNum = 2
ROUND = 4690, SUM = 12249289, bChange = 0.00121422, totNum = 2
ROUND = 4691, SUM = 12249289, bChange = 0.00121423, totNum = 2
ROUND = 4692, SUM = 12249289, bChange = 0.00121423, totNum = 2
ROUND = 4693, SUM = 12249289, bChange = 0.00121424, totNum = 2
ROUND = 4694, SUM = 12249289, bChange = 0.00121424, totNum = 2
ROUND = 4695, SUM = 12249289, bChange = 0.00121425, totNum = 2
ROUND = 4696, SUM = 12249289, bChange = 0.00121425, totNum = 2
ROUND = 4697, SUM = 12249289, bChange = 0.00121425, totNum = 2
ROUND = 4698, SUM = 12249289, bChange = 0.00121426, totNum = 2
ROUND = 4699, SUM = 12249289, bChange = 0.00121426, totNum = 2
ROUND = 4700, SUM = 12249289, bChange = 0.00121427, totNum = 2
ROUND = 4701, SUM = 12249289, bChange = 0.00121427, totNum = 2
ROUND = 4702, SUM = 12249289.0000001, bChange = 0.00121428, totNum = 2
ROUND = 4703, SUM = 12249289, bChange = 0.00121428, totNum = 2
ROUND = 4704, SUM = 12249289, bChange = 0.00121429, totNum = 2
ROUND = 4705, SUM = 12249289, bChange = 0.00121429, totNum = 2
ROUND = 4706, SUM = 12249289, bChange = 0.00121429, totNum = 2
ROUND = 4707, SUM = 12249289, bChange = 0.0012143, totNum = 2
ROUND = 4708, SUM = 12249289, bChange = 0.0012143, totNum = 2
ROUND = 4709, SUM = 12249289, bChange = 0.00121431, totNum = 2
ROUND = 4710, SUM = 12249289, bChange = 0.00121431, totNum = 2
ROUND = 4711, SUM = 12249289, bChange = 0.00121432, totNum = 2
ROUND = 4712, SUM = 12249289, bChange = 0.00121432, totNum = 2
ROUND = 4713, SUM = 12249289, bChange = 0.00121433, totNum = 2
ROUND = 4714, SUM = 12249289, bChange = 0.00121433, totNum = 2
ROUND = 4715, SUM = 12249289, bChange = 0.00121434, totNum = 2
ROUND = 4716, SUM = 12249289, bChange = 0.00121434, totNum = 2
ROUND = 4717, SUM = 12249289, bChange = 0.00121434, totNum = 2
ROUND = 4718, SUM = 12249289, bChange = 0.00121435, totNum = 2
ROUND = 4719, SUM = 12249289, bChange = 0.00121435, totNum = 2
ROUND = 4720, SUM = 12249289, bChange = 0.00121436, totNum = 2
ROUND = 4721, SUM = 12249289, bChange = 0.00121436, totNum = 2
ROUND = 4722, SUM = 12249289, bChange = 0.00121437, totNum = 2
ROUND = 4723, SUM = 12249289, bChange = 0.00121437, totNum = 2
ROUND = 4724, SUM = 12249289, bChange = 0.00121438, totNum = 2
ROUND = 4725, SUM = 12249289, bChange = 0.00121438, totNum = 2
ROUND = 4726, SUM = 12249289, bChange = 0.00121438, totNum = 2
ROUND = 4727, SUM = 12249289, bChange = 0.00121439, totNum = 2
ROUND = 4728, SUM = 12249289, bChange = 0.00121439, totNum = 2
ROUND = 4729, SUM = 12249289, bChange = 0.0012144, totNum = 2
ROUND = 4730, SUM = 12249289, bChange = 0.0012144, totNum = 2
ROUND = 4731, SUM = 12249289, bChange = 0.00121441, totNum = 2
ROUND = 4732, SUM = 12249289, bChange = 0.00121441, totNum = 2
ROUND = 4733, SUM = 12249289, bChange = 0.00121441, totNum = 2
ROUND = 4734, SUM = 12249289, bChange = 0.00121442, totNum = 2
ROUND = 4735, SUM = 12249289, bChange = 0.00121442, totNum = 2
ROUND = 4736, SUM = 12249289, bChange = 0.00121443, totNum = 2
ROUND = 4737, SUM = 12249289, bChange = 0.00121443, totNum = 2
ROUND = 4738, SUM = 12249289, bChange = 0.00121444, totNum = 2
ROUND = 4739, SUM = 12249289, bChange = 0.00121444, totNum = 2
ROUND = 4740, SUM = 12249289, bChange = 0.00121445, totNum = 2
ROUND = 4741, SUM = 12249289, bChange = 0.00121445, totNum = 2
ROUND = 4742, SUM = 12249289, bChange = 0.00121445, totNum = 2
ROUND = 4743, SUM = 12249289, bChange = 0.00121446, totNum = 2
ROUND = 4744, SUM = 12249289, bChange = 0.00121446, totNum = 2
ROUND = 4745, SUM = 12249289, bChange = 0.00121447, totNum = 2
ROUND = 4746, SUM = 12249289, bChange = 0.00121447, totNum = 2
ROUND = 4747, SUM = 12249289, bChange = 0.00121448, totNum = 2
ROUND = 4748, SUM = 12249289, bChange = 0.00121448, totNum = 2
ROUND = 4749, SUM = 12249289, bChange = 0.00121448, totNum = 2
ROUND = 4750, SUM = 12249289, bChange = 0.00121449, totNum = 2
ROUND = 4751, SUM = 12249289, bChange = 0.00121449, totNum = 2
ROUND = 4752, SUM = 12249289, bChange = 0.0012145, totNum = 2
ROUND = 4753, SUM = 12249289, bChange = 0.0012145, totNum = 2
ROUND = 4754, SUM = 12249289, bChange = 0.00121451, totNum = 2
ROUND = 4755, SUM = 12249289, bChange = 0.00121451, totNum = 2
ROUND = 4756, SUM = 12249289, bChange = 0.00121451, totNum = 2
ROUND = 4757, SUM = 12249289, bChange = 0.00121452, totNum = 2
ROUND = 4758, SUM = 12249289, bChange = 0.00121452, totNum = 2
ROUND = 4759, SUM = 12249289, bChange = 0.00121453, totNum = 2
ROUND = 4760, SUM = 12249289, bChange = 0.00121453, totNum = 2
ROUND = 4761, SUM = 12249289.0000001, bChange = 0.00121453, totNum = 2
ROUND = 4762, SUM = 12249289, bChange = 0.00121454, totNum = 2
ROUND = 4763, SUM = 12249289, bChange = 0.00121454, totNum = 2
ROUND = 4764, SUM = 12249289, bChange = 0.00121455, totNum = 2
ROUND = 4765, SUM = 12249289, bChange = 0.00121455, totNum = 2
ROUND = 4766, SUM = 12249289, bChange = 0.00121456, totNum = 2
ROUND = 4767, SUM = 12249289, bChange = 0.00121456, totNum = 2
ROUND = 4768, SUM = 12249289, bChange = 0.00121456, totNum = 2
ROUND = 4769, SUM = 12249289, bChange = 0.00121457, totNum = 2
ROUND = 4770, SUM = 12249289, bChange = 0.00121457, totNum = 2
ROUND = 4771, SUM = 12249289, bChange = 0.00121458, totNum = 2
ROUND = 4772, SUM = 12249289, bChange = 0.00121458, totNum = 2
ROUND = 4773, SUM = 12249289, bChange = 0.00121458, totNum = 2
ROUND = 4774, SUM = 12249289, bChange = 0.00121459, totNum = 2
ROUND = 4775, SUM = 12249289, bChange = 0.00121459, totNum = 2
ROUND = 4776, SUM = 12249289, bChange = 0.0012146, totNum = 2
ROUND = 4777, SUM = 12249289.0000001, bChange = 0.0012146, totNum = 2
ROUND = 4778, SUM = 12249289, bChange = 0.00121461, totNum = 2
ROUND = 4779, SUM = 12249289, bChange = 0.00121461, totNum = 2
ROUND = 4780, SUM = 12249289.0000001, bChange = 0.00121461, totNum = 2
ROUND = 4781, SUM = 12249289, bChange = 0.00121462, totNum = 2
ROUND = 4782, SUM = 12249289, bChange = 0.00121462, totNum = 2
ROUND = 4783, SUM = 12249289, bChange = 0.00121463, totNum = 2
ROUND = 4784, SUM = 12249289, bChange = 0.00121463, totNum = 2
ROUND = 4785, SUM = 12249289, bChange = 0.00121463, totNum = 2
ROUND = 4786, SUM = 12249289, bChange = 0.00121464, totNum = 2
ROUND = 4787, SUM = 12249289, bChange = 0.00121464, totNum = 2
ROUND = 4788, SUM = 12249289, bChange = 0.00121465, totNum = 2
ROUND = 4789, SUM = 12249289, bChange = 0.00121465, totNum = 2
ROUND = 4790, SUM = 12249289, bChange = 0.00121465, totNum = 2
ROUND = 4791, SUM = 12249289, bChange = 0.00121466, totNum = 2
ROUND = 4792, SUM = 12249289, bChange = 0.00121466, totNum = 2
ROUND = 4793, SUM = 12249289, bChange = 0.00121467, totNum = 2
ROUND = 4794, SUM = 12249289, bChange = 0.00121467, totNum = 2
ROUND = 4795, SUM = 12249289, bChange = 0.00121468, totNum = 2
ROUND = 4796, SUM = 12249289, bChange = 0.00121468, totNum = 2
ROUND = 4797, SUM = 12249289, bChange = 0.00121468, totNum = 2
ROUND = 4798, SUM = 12249289, bChange = 0.00121469, totNum = 2
ROUND = 4799, SUM = 12249289, bChange = 0.00121469, totNum = 2
ROUND = 4800, SUM = 12249289, bChange = 0.0012147, totNum = 2
ROUND = 4801, SUM = 12249289, bChange = 0.0012147, totNum = 2
ROUND = 4802, SUM = 12249289, bChange = 0.0012147, totNum = 2
ROUND = 4803, SUM = 12249289, bChange = 0.00121471, totNum = 2
ROUND = 4804, SUM = 12249289, bChange = 0.00121471, totNum = 2
ROUND = 4805, SUM = 12249289, bChange = 0.00121472, totNum = 2
ROUND = 4806, SUM = 12249289, bChange = 0.00121472, totNum = 2
ROUND = 4807, SUM = 12249289, bChange = 0.00121472, totNum = 2
ROUND = 4808, SUM = 12249288.9999999, bChange = 0.00121473, totNum = 2
ROUND = 4809, SUM = 12249289, bChange = 0.00121473, totNum = 2
ROUND = 4810, SUM = 12249289, bChange = 0.00121474, totNum = 2
ROUND = 4811, SUM = 12249289, bChange = 0.00121474, totNum = 2
ROUND = 4812, SUM = 12249289, bChange = 0.00121474, totNum = 2
ROUND = 4813, SUM = 12249289, bChange = 0.00121475, totNum = 2
ROUND = 4814, SUM = 12249289, bChange = 0.00121475, totNum = 2
ROUND = 4815, SUM = 12249289, bChange = 0.00121475, totNum = 2
ROUND = 4816, SUM = 12249289, bChange = 0.00121476, totNum = 2
ROUND = 4817, SUM = 12249289, bChange = 0.00121476, totNum = 2
ROUND = 4818, SUM = 12249289, bChange = 0.00121477, totNum = 2
ROUND = 4819, SUM = 12249289, bChange = 0.00121477, totNum = 2
ROUND = 4820, SUM = 12249289, bChange = 0.00121477, totNum = 2
ROUND = 4821, SUM = 12249289, bChange = 0.00121478, totNum = 2
ROUND = 4822, SUM = 12249289, bChange = 0.00121478, totNum = 2
ROUND = 4823, SUM = 12249289, bChange = 0.00121479, totNum = 2
ROUND = 4824, SUM = 12249289, bChange = 0.00121479, totNum = 2
ROUND = 4825, SUM = 12249289, bChange = 0.00121479, totNum = 2
ROUND = 4826, SUM = 12249289, bChange = 0.0012148, totNum = 2
ROUND = 4827, SUM = 12249289, bChange = 0.0012148, totNum = 2
ROUND = 4828, SUM = 12249289.0000001, bChange = 0.00121481, totNum = 2
ROUND = 4829, SUM = 12249289, bChange = 0.00121481, totNum = 2
ROUND = 4830, SUM = 12249289, bChange = 0.00121481, totNum = 2
ROUND = 4831, SUM = 12249289, bChange = 0.00121482, totNum = 2
ROUND = 4832, SUM = 12249289, bChange = 0.00121482, totNum = 2
ROUND = 4833, SUM = 12249289, bChange = 0.00121483, totNum = 2
ROUND = 4834, SUM = 12249289, bChange = 0.00121483, totNum = 2
ROUND = 4835, SUM = 12249289, bChange = 0.00121483, totNum = 2
ROUND = 4836, SUM = 12249289, bChange = 0.00121484, totNum = 2
ROUND = 4837, SUM = 12249289, bChange = 0.00121484, totNum = 2
ROUND = 4838, SUM = 12249289, bChange = 0.00121484, totNum = 2
ROUND = 4839, SUM = 12249289, bChange = 0.00121485, totNum = 2
ROUND = 4840, SUM = 12249289, bChange = 0.00121485, totNum = 2
ROUND = 4841, SUM = 12249289, bChange = 0.00121486, totNum = 2
ROUND = 4842, SUM = 12249289, bChange = 0.00121486, totNum = 2
ROUND = 4843, SUM = 12249289, bChange = 0.00121486, totNum = 2
ROUND = 4844, SUM = 12249289, bChange = 0.00121487, totNum = 2
ROUND = 4845, SUM = 12249289, bChange = 0.00121487, totNum = 2
ROUND = 4846, SUM = 12249289, bChange = 0.00121488, totNum = 2
ROUND = 4847, SUM = 12249289, bChange = 0.00121488, totNum = 2
ROUND = 4848, SUM = 12249289, bChange = 0.00121488, totNum = 2
ROUND = 4849, SUM = 12249289, bChange = 0.00121489, totNum = 2
ROUND = 4850, SUM = 12249289, bChange = 0.00121489, totNum = 2
ROUND = 4851, SUM = 12249289, bChange = 0.00121489, totNum = 2
ROUND = 4852, SUM = 12249289, bChange = 0.0012149, totNum = 2
ROUND = 4853, SUM = 12249289, bChange = 0.0012149, totNum = 2
ROUND = 4854, SUM = 12249289, bChange = 0.00121491, totNum = 2
ROUND = 4855, SUM = 12249289, bChange = 0.00121491, totNum = 2
ROUND = 4856, SUM = 12249289, bChange = 0.00121491, totNum = 2
ROUND = 4857, SUM = 12249289, bChange = 0.00121492, totNum = 2
ROUND = 4858, SUM = 12249289, bChange = 0.00121492, totNum = 2
ROUND = 4859, SUM = 12249289, bChange = 0.00121492, totNum = 2
ROUND = 4860, SUM = 12249289, bChange = 0.00121493, totNum = 2
ROUND = 4861, SUM = 12249289, bChange = 0.00121493, totNum = 2
ROUND = 4862, SUM = 12249289, bChange = 0.00121494, totNum = 2
ROUND = 4863, SUM = 12249289, bChange = 0.00121494, totNum = 2
ROUND = 4864, SUM = 12249289, bChange = 0.00121494, totNum = 2
ROUND = 4865, SUM = 12249289.0000001, bChange = 0.00121495, totNum = 2
ROUND = 4866, SUM = 12249289, bChange = 0.00121495, totNum = 2
ROUND = 4867, SUM = 12249289, bChange = 0.00121495, totNum = 2
ROUND = 4868, SUM = 12249289, bChange = 0.00121496, totNum = 2
ROUND = 4869, SUM = 12249289, bChange = 0.00121496, totNum = 2
ROUND = 4870, SUM = 12249289, bChange = 0.00121497, totNum = 2
ROUND = 4871, SUM = 12249289.0000001, bChange = 0.00121497, totNum = 2
ROUND = 4872, SUM = 12249289, bChange = 0.00121497, totNum = 2
ROUND = 4873, SUM = 12249289, bChange = 0.00121498, totNum = 2
ROUND = 4874, SUM = 12249289, bChange = 0.00121498, totNum = 2
ROUND = 4875, SUM = 12249289, bChange = 0.00121498, totNum = 2
ROUND = 4876, SUM = 12249289, bChange = 0.00121499, totNum = 2
ROUND = 4877, SUM = 12249289, bChange = 0.00121499, totNum = 2
ROUND = 4878, SUM = 12249289, bChange = 0.00121499, totNum = 2
ROUND = 4879, SUM = 12249289, bChange = 0.001215, totNum = 2
ROUND = 4880, SUM = 12249289, bChange = 0.001215, totNum = 2
ROUND = 4881, SUM = 12249289, bChange = 0.00121501, totNum = 2
ROUND = 4882, SUM = 12249289, bChange = 0.00121501, totNum = 2
ROUND = 4883, SUM = 12249289, bChange = 0.00121501, totNum = 2
ROUND = 4884, SUM = 12249289, bChange = 0.00121502, totNum = 2
ROUND = 4885, SUM = 12249289, bChange = 0.00121502, totNum = 2
ROUND = 4886, SUM = 12249289, bChange = 0.00121502, totNum = 2
ROUND = 4887, SUM = 12249289, bChange = 0.00121503, totNum = 2
ROUND = 4888, SUM = 12249289, bChange = 0.00121503, totNum = 2
ROUND = 4889, SUM = 12249289, bChange = 0.00121503, totNum = 2
ROUND = 4890, SUM = 12249289, bChange = 0.00121504, totNum = 2
ROUND = 4891, SUM = 12249289, bChange = 0.00121504, totNum = 2
ROUND = 4892, SUM = 12249289, bChange = 0.00121505, totNum = 2
ROUND = 4893, SUM = 12249289, bChange = 0.00121505, totNum = 2
ROUND = 4894, SUM = 12249289, bChange = 0.00121505, totNum = 2
ROUND = 4895, SUM = 12249289, bChange = 0.00121506, totNum = 2
ROUND = 4896, SUM = 12249289, bChange = 0.00121506, totNum = 2
ROUND = 4897, SUM = 12249289, bChange = 0.00121506, totNum = 2
ROUND = 4898, SUM = 12249289, bChange = 0.00121507, totNum = 2
ROUND = 4899, SUM = 12249289, bChange = 0.00121507, totNum = 2
ROUND = 4900, SUM = 12249289, bChange = 0.00121507, totNum = 2
ROUND = 4901, SUM = 12249289, bChange = 0.00121508, totNum = 2
ROUND = 4902, SUM = 12249289, bChange = 0.00121508, totNum = 2
ROUND = 4903, SUM = 12249289, bChange = 0.00121508, totNum = 2
ROUND = 4904, SUM = 12249289, bChange = 0.00121509, totNum = 2
ROUND = 4905, SUM = 12249289.0000001, bChange = 0.00121509, totNum = 2
ROUND = 4906, SUM = 12249289, bChange = 0.0012151, totNum = 2
ROUND = 4907, SUM = 12249289, bChange = 0.0012151, totNum = 2
ROUND = 4908, SUM = 12249289, bChange = 0.0012151, totNum = 2
ROUND = 4909, SUM = 12249289, bChange = 0.00121511, totNum = 2
ROUND = 4910, SUM = 12249289, bChange = 0.00121511, totNum = 2
ROUND = 4911, SUM = 12249289, bChange = 0.00121511, totNum = 2
ROUND = 4912, SUM = 12249289, bChange = 0.00121512, totNum = 2
ROUND = 4913, SUM = 12249289, bChange = 0.00121512, totNum = 2
ROUND = 4914, SUM = 12249289, bChange = 0.00121512, totNum = 2
ROUND = 4915, SUM = 12249289, bChange = 0.00121513, totNum = 2
ROUND = 4916, SUM = 12249289, bChange = 0.00121513, totNum = 2
ROUND = 4917, SUM = 12249289, bChange = 0.00121513, totNum = 2
ROUND = 4918, SUM = 12249289, bChange = 0.00121514, totNum = 2
ROUND = 4919, SUM = 12249289, bChange = 0.00121514, totNum = 2
ROUND = 4920, SUM = 12249289, bChange = 0.00121514, totNum = 2
ROUND = 4921, SUM = 12249289, bChange = 0.00121515, totNum = 2
ROUND = 4922, SUM = 12249289, bChange = 0.00121515, totNum = 2
ROUND = 4923, SUM = 12249289, bChange = 0.00121515, totNum = 2
ROUND = 4924, SUM = 12249289, bChange = 0.00121516, totNum = 2
ROUND = 4925, SUM = 12249289, bChange = 0.00121516, totNum = 2
ROUND = 4926, SUM = 12249289, bChange = 0.00121516, totNum = 2
ROUND = 4927, SUM = 12249289, bChange = 0.00121517, totNum = 2
ROUND = 4928, SUM = 12249289, bChange = 0.00121517, totNum = 2
ROUND = 4929, SUM = 12249289, bChange = 0.00121518, totNum = 2
ROUND = 4930, SUM = 12249289, bChange = 0.00121518, totNum = 2
ROUND = 4931, SUM = 12249289, bChange = 0.00121518, totNum = 2
ROUND = 4932, SUM = 12249289, bChange = 0.00121519, totNum = 2
ROUND = 4933, SUM = 12249289, bChange = 0.00121519, totNum = 2
ROUND = 4934, SUM = 12249289, bChange = 0.00121519, totNum = 2
ROUND = 4935, SUM = 12249289, bChange = 0.0012152, totNum = 2
ROUND = 4936, SUM = 12249289, bChange = 0.0012152, totNum = 2
ROUND = 4937, SUM = 12249289, bChange = 0.0012152, totNum = 2
ROUND = 4938, SUM = 12249289, bChange = 0.00121521, totNum = 2
ROUND = 4939, SUM = 12249289, bChange = 0.00121521, totNum = 2
ROUND = 4940, SUM = 12249289, bChange = 0.00121521, totNum = 2
ROUND = 4941, SUM = 12249289, bChange = 0.00121522, totNum = 2
ROUND = 4942, SUM = 12249289, bChange = 0.00121522, totNum = 2
ROUND = 4943, SUM = 12249289, bChange = 0.00121522, totNum = 2
ROUND = 4944, SUM = 12249289, bChange = 0.00121523, totNum = 2
ROUND = 4945, SUM = 12249289, bChange = 0.00121523, totNum = 2
ROUND = 4946, SUM = 12249289, bChange = 0.00121523, totNum = 2
ROUND = 4947, SUM = 12249289, bChange = 0.00121524, totNum = 2
ROUND = 4948, SUM = 12249289, bChange = 0.00121524, totNum = 2
ROUND = 4949, SUM = 12249289, bChange = 0.00121524, totNum = 2
ROUND = 4950, SUM = 12249289, bChange = 0.00121525, totNum = 2
ROUND = 4951, SUM = 12249289, bChange = 0.00121525, totNum = 2
ROUND = 4952, SUM = 12249289, bChange = 0.00121525, totNum = 2
ROUND = 4953, SUM = 12249289, bChange = 0.00121526, totNum = 2
ROUND = 4954, SUM = 12249289, bChange = 0.00121526, totNum = 2
ROUND = 4955, SUM = 12249289, bChange = 0.00121526, totNum = 2
ROUND = 4956, SUM = 12249289, bChange = 0.00121527, totNum = 2
ROUND = 4957, SUM = 12249289, bChange = 0.00121527, totNum = 2
ROUND = 4958, SUM = 12249289, bChange = 0.00121527, totNum = 2
ROUND = 4959, SUM = 12249289, bChange = 0.00121528, totNum = 2
ROUND = 4960, SUM = 12249289, bChange = 0.00121528, totNum = 2
ROUND = 4961, SUM = 12249289, bChange = 0.00121528, totNum = 2
ROUND = 4962, SUM = 12249289, bChange = 0.00121529, totNum = 2
ROUND = 4963, SUM = 12249289, bChange = 0.00121529, totNum = 2
ROUND = 4964, SUM = 12249289, bChange = 0.00121529, totNum = 2
ROUND = 4965, SUM = 12249289.0000001, bChange = 0.0012153, totNum = 2
ROUND = 4966, SUM = 12249289, bChange = 0.0012153, totNum = 2
ROUND = 4967, SUM = 12249289, bChange = 0.0012153, totNum = 2
ROUND = 4968, SUM = 12249289, bChange = 0.00121531, totNum = 2
ROUND = 4969, SUM = 12249289, bChange = 0.00121531, totNum = 2
ROUND = 4970, SUM = 12249289, bChange = 0.00121531, totNum = 2
ROUND = 4971, SUM = 12249289, bChange = 0.00121532, totNum = 2
ROUND = 4972, SUM = 12249289, bChange = 0.00121532, totNum = 2
ROUND = 4973, SUM = 12249289, bChange = 0.00121532, totNum = 2
ROUND = 4974, SUM = 12249289, bChange = 0.00121533, totNum = 2
ROUND = 4975, SUM = 12249289, bChange = 0.00121533, totNum = 2
ROUND = 4976, SUM = 12249289, bChange = 0.00121533, totNum = 2
ROUND = 4977, SUM = 12249289, bChange = 0.00121534, totNum = 2
ROUND = 4978, SUM = 12249289, bChange = 0.00121534, totNum = 2
ROUND = 4979, SUM = 12249289, bChange = 0.00121534, totNum = 2
ROUND = 4980, SUM = 12249289, bChange = 0.00121535, totNum = 2
ROUND = 4981, SUM = 12249289, bChange = 0.00121535, totNum = 2
ROUND = 4982, SUM = 12249289, bChange = 0.00121535, totNum = 2
ROUND = 4983, SUM = 12249289, bChange = 0.00121536, totNum = 2
ROUND = 4984, SUM = 12249289, bChange = 0.00121536, totNum = 2
ROUND = 4985, SUM = 12249289, bChange = 0.00121536, totNum = 2
ROUND = 4986, SUM = 12249289, bChange = 0.00121536, totNum = 2
ROUND = 4987, SUM = 12249289, bChange = 0.00121537, totNum = 2
ROUND = 4988, SUM = 12249289, bChange = 0.00121537, totNum = 2
ROUND = 4989, SUM = 12249289, bChange = 0.00121537, totNum = 2
ROUND = 4990, SUM = 12249289, bChange = 0.00121538, totNum = 2
ROUND = 4991, SUM = 12249289, bChange = 0.00121538, totNum = 2
ROUND = 4992, SUM = 12249289, bChange = 0.00121538, totNum = 2
ROUND = 4993, SUM = 12249289, bChange = 0.00121539, totNum = 2
ROUND = 4994, SUM = 12249289, bChange = 0.00121539, totNum = 2
ROUND = 4995, SUM = 12249289, bChange = 0.00121539, totNum = 2
ROUND = 4996, SUM = 12249289, bChange = 0.0012154, totNum = 2
ROUND = 4997, SUM = 12249289, bChange = 0.0012154, totNum = 2
ROUND = 4998, SUM = 12249289, bChange = 0.0012154, totNum = 2
ROUND = 4999, SUM = 12249289, bChange = 0.00121541, totNum = 2
ROUND = 5000, SUM = 12249289, bChange = 0.00121541, totNum = 2
ROUND = 5001, SUM = 12249289, bChange = 0.00121541, totNum = 2
ROUND = 5002, SUM = 12249289, bChange = 0.00121542, totNum = 2
ROUND = 5003, SUM = 12249289, bChange = 0.00121542, totNum = 2
ROUND = 5004, SUM = 12249289, bChange = 0.00121542, totNum = 2
ROUND = 5005, SUM = 12249288.9999999, bChange = 0.00121542, totNum = 2
ROUND = 5006, SUM = 12249289, bChange = 0.00121543, totNum = 2
ROUND = 5007, SUM = 12249289, bChange = 0.00121543, totNum = 2
ROUND = 5008, SUM = 12249289, bChange = 0.00121543, totNum = 2
ROUND = 5009, SUM = 12249289, bChange = 0.00121544, totNum = 2
ROUND = 5010, SUM = 12249289, bChange = 0.00121544, totNum = 2
ROUND = 5011, SUM = 12249289, bChange = 0.00121544, totNum = 2
ROUND = 5012, SUM = 12249289, bChange = 0.00121545, totNum = 2
ROUND = 5013, SUM = 12249289, bChange = 0.00121545, totNum = 2
ROUND = 5014, SUM = 12249289, bChange = 0.00121545, totNum = 2
ROUND = 5015, SUM = 12249289, bChange = 0.00121546, totNum = 2
ROUND = 5016, SUM = 12249289, bChange = 0.00121546, totNum = 2
ROUND = 5017, SUM = 12249289, bChange = 0.00121546, totNum = 2
ROUND = 5018, SUM = 12249289, bChange = 0.00121547, totNum = 2
ROUND = 5019, SUM = 12249289, bChange = 0.00121547, totNum = 2
ROUND = 5020, SUM = 12249289, bChange = 0.00121547, totNum = 2
ROUND = 5021, SUM = 12249289, bChange = 0.00121547, totNum = 2
ROUND = 5022, SUM = 12249289, bChange = 0.00121548, totNum = 2
ROUND = 5023, SUM = 12249289, bChange = 0.00121548, totNum = 2
ROUND = 5024, SUM = 12249289, bChange = 0.00121548, totNum = 2
ROUND = 5025, SUM = 12249289, bChange = 0.00121549, totNum = 2
ROUND = 5026, SUM = 12249289, bChange = 0.00121549, totNum = 2
ROUND = 5027, SUM = 12249289, bChange = 0.00121549, totNum = 2
ROUND = 5028, SUM = 12249289, bChange = 0.0012155, totNum = 2
ROUND = 5029, SUM = 12249289, bChange = 0.0012155, totNum = 2
ROUND = 5030, SUM = 12249289, bChange = 0.0012155, totNum = 2
ROUND = 5031, SUM = 12249289, bChange = 0.00121551, totNum = 2
ROUND = 5032, SUM = 12249289, bChange = 0.00121551, totNum = 2
ROUND = 5033, SUM = 12249289, bChange = 0.00121551, totNum = 2
ROUND = 5034, SUM = 12249289, bChange = 0.00121551, totNum = 2
ROUND = 5035, SUM = 12249289, bChange = 0.00121552, totNum = 2
ROUND = 5036, SUM = 12249289, bChange = 0.00121552, totNum = 2
ROUND = 5037, SUM = 12249289, bChange = 0.00121552, totNum = 2
ROUND = 5038, SUM = 12249289, bChange = 0.00121553, totNum = 2
ROUND = 5039, SUM = 12249289, bChange = 0.00121553, totNum = 2
ROUND = 5040, SUM = 12249289, bChange = 0.00121553, totNum = 2
ROUND = 5041, SUM = 12249289, bChange = 0.00121554, totNum = 2
ROUND = 5042, SUM = 12249289, bChange = 0.00121554, totNum = 2
ROUND = 5043, SUM = 12249289, bChange = 0.00121554, totNum = 2
ROUND = 5044, SUM = 12249289, bChange = 0.00121554, totNum = 2
ROUND = 5045, SUM = 12249289, bChange = 0.00121555, totNum = 2
ROUND = 5046, SUM = 12249289, bChange = 0.00121555, totNum = 2
ROUND = 5047, SUM = 12249289, bChange = 0.00121555, totNum = 2
ROUND = 5048, SUM = 12249289, bChange = 0.00121556, totNum = 2
ROUND = 5049, SUM = 12249289, bChange = 0.00121556, totNum = 2
ROUND = 5050, SUM = 12249289, bChange = 0.00121556, totNum = 2
ROUND = 5051, SUM = 12249289, bChange = 0.00121557, totNum = 2
ROUND = 5052, SUM = 12249289, bChange = 0.00121557, totNum = 2
ROUND = 5053, SUM = 12249289, bChange = 0.00121557, totNum = 2
ROUND = 5054, SUM = 12249289, bChange = 0.00121557, totNum = 2
ROUND = 5055, SUM = 12249289, bChange = 0.00121558, totNum = 2
ROUND = 5056, SUM = 12249289, bChange = 0.00121558, totNum = 2
ROUND = 5057, SUM = 12249289, bChange = 0.00121558, totNum = 2
ROUND = 5058, SUM = 12249289, bChange = 0.00121559, totNum = 2
ROUND = 5059, SUM = 12249289, bChange = 0.00121559, totNum = 2
ROUND = 5060, SUM = 12249289, bChange = 0.00121559, totNum = 2
ROUND = 5061, SUM = 12249289, bChange = 0.00121559, totNum = 2
ROUND = 5062, SUM = 12249289, bChange = 0.0012156, totNum = 2
ROUND = 5063, SUM = 12249289, bChange = 0.0012156, totNum = 2
ROUND = 5064, SUM = 12249289, bChange = 0.0012156, totNum = 2
ROUND = 5065, SUM = 12249289, bChange = 0.00121561, totNum = 2
ROUND = 5066, SUM = 12249289, bChange = 0.00121561, totNum = 2
ROUND = 5067, SUM = 12249289, bChange = 0.00121561, totNum = 2
ROUND = 5068, SUM = 12249289, bChange = 0.00121562, totNum = 2
ROUND = 5069, SUM = 12249289, bChange = 0.00121562, totNum = 2
ROUND = 5070, SUM = 12249289, bChange = 0.00121562, totNum = 2
ROUND = 5071, SUM = 12249289, bChange = 0.00121562, totNum = 2
ROUND = 5072, SUM = 12249289, bChange = 0.00121563, totNum = 2
ROUND = 5073, SUM = 12249289, bChange = 0.00121563, totNum = 2
ROUND = 5074, SUM = 12249289, bChange = 0.00121563, totNum = 2
ROUND = 5075, SUM = 12249289, bChange = 0.00121564, totNum = 2
ROUND = 5076, SUM = 12249289, bChange = 0.00121564, totNum = 2
ROUND = 5077, SUM = 12249289, bChange = 0.00121564, totNum = 2
ROUND = 5078, SUM = 12249289, bChange = 0.00121564, totNum = 2
ROUND = 5079, SUM = 12249289, bChange = 0.00121565, totNum = 2
ROUND = 5080, SUM = 12249289, bChange = 0.00109344, totNum = 1
ROUND = 5081, SUM = 12249289, bChange = 0.00109345, totNum = 1
ROUND = 5082, SUM = 12249289, bChange = 0.00109345, totNum = 1
ROUND = 5083, SUM = 12249289, bChange = 0.00109345, totNum = 1
ROUND = 5084, SUM = 12249289, bChange = 0.00109346, totNum = 1
ROUND = 5085, SUM = 12249289, bChange = 0.00109346, totNum = 1
ROUND = 5086, SUM = 12249289, bChange = 0.00109346, totNum = 1
ROUND = 5087, SUM = 12249289, bChange = 0.00109347, totNum = 1
ROUND = 5088, SUM = 12249289, bChange = 0.00109347, totNum = 1
ROUND = 5089, SUM = 12249289, bChange = 0.00109347, totNum = 1
ROUND = 5090, SUM = 12249289, bChange = 0.00109347, totNum = 1
ROUND = 5091, SUM = 12249289, bChange = 0.00109348, totNum = 1
ROUND = 5092, SUM = 12249289, bChange = 0.00109348, totNum = 1
ROUND = 5093, SUM = 12249289, bChange = 0.00109348, totNum = 1
ROUND = 5094, SUM = 12249289, bChange = 0.00109349, totNum = 1
ROUND = 5095, SUM = 12249289, bChange = 0.00109349, totNum = 1
ROUND = 5096, SUM = 12249289, bChange = 0.00109349, totNum = 1
ROUND = 5097, SUM = 12249289, bChange = 0.0010935, totNum = 1
ROUND = 5098, SUM = 12249289, bChange = 0.0010935, totNum = 1
ROUND = 5099, SUM = 12249289, bChange = 0.0010935, totNum = 1
ROUND = 5100, SUM = 12249289, bChange = 0.0010935, totNum = 1
ROUND = 5101, SUM = 12249289.0000001, bChange = 0.00109351, totNum = 1
ROUND = 5102, SUM = 12249289, bChange = 0.00109351, totNum = 1
ROUND = 5103, SUM = 12249289.0000001, bChange = 0.00109351, totNum = 1
ROUND = 5104, SUM = 12249289, bChange = 0.00109352, totNum = 1
ROUND = 5105, SUM = 12249289, bChange = 0.00109352, totNum = 1
ROUND = 5106, SUM = 12249289, bChange = 0.00109352, totNum = 1
ROUND = 5107, SUM = 12249289, bChange = 0.00109353, totNum = 1
ROUND = 5108, SUM = 12249289, bChange = 0.00109353, totNum = 1
ROUND = 5109, SUM = 12249289, bChange = 0.00109353, totNum = 1
ROUND = 5110, SUM = 12249289, bChange = 0.00109353, totNum = 1
ROUND = 5111, SUM = 12249289, bChange = 0.00109354, totNum = 1
ROUND = 5112, SUM = 12249289, bChange = 0.00109354, totNum = 1
ROUND = 5113, SUM = 12249289, bChange = 0.00109354, totNum = 1
ROUND = 5114, SUM = 12249289, bChange = 0.00109355, totNum = 1
ROUND = 5115, SUM = 12249289, bChange = 0.00109355, totNum = 1
ROUND = 5116, SUM = 12249289, bChange = 0.00109355, totNum = 1
ROUND = 5117, SUM = 12249289, bChange = 0.00109356, totNum = 1
ROUND = 5118, SUM = 12249289, bChange = 0.00109356, totNum = 1
ROUND = 5119, SUM = 12249289, bChange = 0.00109356, totNum = 1
ROUND = 5120, SUM = 12249289, bChange = 0.00109356, totNum = 1
ROUND = 5121, SUM = 12249289, bChange = 0.00109357, totNum = 1
ROUND = 5122, SUM = 12249289, bChange = 0.00109357, totNum = 1
ROUND = 5123, SUM = 12249289, bChange = 0.00109357, totNum = 1
ROUND = 5124, SUM = 12249289, bChange = 0.000862978, totNum = 0
Expression Results are written!
Time Used for EM.cpp : 0 h 10 m 42 s

rsem-run-gibbs results/rsem_index/rsem results/rsem_quant/ER100012.temp/ER100012 results/rsem_quant/ER100012.stat/ER100012 200 1000 1 -p 44 --seed 1471891643
Refs.loadRefs finished!
Loading data is finished!
Loading group information is finished!
Gibbs started!
Initialization finished!
Thread 37, ROUND 100 is finished!
Thread 28, ROUND 100 is finished!
Thread 18, ROUND 100 is finished!
Thread 4, ROUND 100 is finished!
Thread 6, ROUND 100 is finished!
Thread 16, ROUND 100 is finished!
Thread 38, ROUND 100 is finished!
Thread 25, ROUND 100 is finished!
Thread 34, ROUND 100 is finished!
Thread 22, ROUND 100 is finished!
Thread 41, ROUND 100 is finished!
Thread 10, ROUND 100 is finished!
Thread 19, ROUND 100 is finished!
Thread 9, ROUND 100 is finished!
Thread 3, ROUND 100 is finished!
Thread 32, ROUND 100 is finished!
Thread 21, ROUND 100 is finished!
Thread 29, ROUND 100 is finished!
Thread 31, ROUND 100 is finished!
Thread 30, ROUND 100 is finished!
Thread 12, ROUND 100 is finished!
Thread 27, ROUND 100 is finished!
Thread 24, ROUND 100 is finished!
Thread 8, ROUND 100 is finished!
Thread 23, ROUND 100 is finished!
Thread 11, ROUND 100 is finished!
Thread 5, ROUND 100 is finished!
Thread 0, ROUND 100 is finished!
Thread 40, ROUND 100 is finished!
Thread 33, ROUND 100 is finished!
Thread 20, ROUND 100 is finished!
Thread 7, ROUND 100 is finished!
Thread 15, ROUND 100 is finished!
Thread 26, ROUND 100 is finished!
Thread 13, ROUND 100 is finished!
Thread 14, ROUND 100 is finished!
Thread 1, ROUND 100 is finished!
Thread 17, ROUND 100 is finished!
Thread 36, ROUND 100 is finished!
Thread 42, ROUND 100 is finished!
Thread 2, ROUND 100 is finished!
Thread 39, ROUND 100 is finished!
Thread 43, ROUND 100 is finished!
Thread 35, ROUND 100 is finished!
Thread 4, ROUND 200 is finished!
Thread 37, ROUND 200 is finished!
Thread 28, ROUND 200 is finished!
Thread 6, ROUND 200 is finished!
Thread 18, ROUND 200 is finished!
Thread 1, ROUND 200 is finished!
Thread 9, ROUND 200 is finished!
Thread 19, ROUND 200 is finished!
Thread 0, ROUND 200 is finished!
Thread 42, ROUND 200 is finished!
Thread 36, ROUND 200 is finished!
Thread 34, ROUND 200 is finished!
Thread 32, ROUND 200 is finished!
Thread 13, ROUND 200 is finished!
Thread 12, ROUND 200 is finished!
Thread 41, ROUND 200 is finished!
Thread 16, ROUND 200 is finished!
Thread 3, ROUND 200 is finished!
Thread 22, ROUND 200 is finished!
Thread 10, ROUND 200 is finished!
Thread 31, ROUND 200 is finished!
Thread 30, ROUND 200 is finished!
Thread 23, ROUND 200 is finished!
Thread 27, ROUND 200 is finished!
Thread 21, ROUND 200 is finished!
Thread 38, ROUND 200 is finished!
Thread 24, ROUND 200 is finished!
Thread 29, ROUND 200 is finished!
Thread 25, ROUND 200 is finished!
Thread 2, ROUND 200 is finished!
Thread 33, ROUND 200 is finished!
Thread 14, ROUND 200 is finished!
Thread 43, ROUND 200 is finished!
Thread 8, ROUND 200 is finished!
Thread 11, ROUND 200 is finished!
Thread 5, ROUND 200 is finished!
Thread 40, ROUND 200 is finished!
Thread 26, ROUND 200 is finished!
Thread 17, ROUND 200 is finished!
Thread 39, ROUND 200 is finished!
Thread 7, ROUND 200 is finished!
Thread 15, ROUND 200 is finished!
Thread 20, ROUND 200 is finished!
Thread 35, ROUND 200 is finished!
Gibbs finished!
Gibbs based expression values are written!

rsem-calculate-credibility-intervals results/rsem_index/rsem results/rsem_quant/ER100012.temp/ER100012 results/rsem_quant/ER100012.stat/ER100012 0.95 1000 50 128000 -p 44 --seed 477107655
Refs.loadRefs finished!
Sampling is finished!
In thread 34, 1000 genes are processed for CI calculation!
In thread 36, 1000 genes are processed for CI calculation!
In thread 38, 1000 genes are processed for CI calculation!
In thread 43, 1000 genes are processed for CI calculation!
In thread 41, 1000 genes are processed for CI calculation!
In thread 42, 1000 genes are processed for CI calculation!
In thread 37, 1000 genes are processed for CI calculation!
In thread 32, 1000 genes are processed for CI calculation!
In thread 29, 1000 genes are processed for CI calculation!
In thread 31, 1000 genes are processed for CI calculation!
In thread 35, 1000 genes are processed for CI calculation!
In thread 30, 1000 genes are processed for CI calculation!
In thread 39, 1000 genes are processed for CI calculation!
In thread 40, 1000 genes are processed for CI calculation!
In thread 33, 1000 genes are processed for CI calculation!
In thread 41, 2000 genes are processed for CI calculation!
In thread 43, 2000 genes are processed for CI calculation!
In thread 34, 2000 genes are processed for CI calculation!
In thread 42, 2000 genes are processed for CI calculation!
In thread 37, 2000 genes are processed for CI calculation!
In thread 36, 2000 genes are processed for CI calculation!
In thread 38, 2000 genes are processed for CI calculation!
In thread 29, 2000 genes are processed for CI calculation!
In thread 32, 2000 genes are processed for CI calculation!
In thread 28, 1000 genes are processed for CI calculation!
In thread 31, 2000 genes are processed for CI calculation!
In thread 35, 2000 genes are processed for CI calculation!
In thread 40, 2000 genes are processed for CI calculation!
In thread 30, 2000 genes are processed for CI calculation!
In thread 37, 3000 genes are processed for CI calculation!
In thread 41, 3000 genes are processed for CI calculation!
In thread 43, 3000 genes are processed for CI calculation!
In thread 28, 2000 genes are processed for CI calculation!
In thread 42, 3000 genes are processed for CI calculation!
In thread 27, 1000 genes are processed for CI calculation!
In thread 34, 3000 genes are processed for CI calculation!
In thread 36, 3000 genes are processed for CI calculation!
In thread 33, 2000 genes are processed for CI calculation!
In thread 39, 2000 genes are processed for CI calculation!
In thread 38, 3000 genes are processed for CI calculation!
In thread 29, 3000 genes are processed for CI calculation!
In thread 32, 3000 genes are processed for CI calculation!
In thread 37, 4000 genes are processed for CI calculation!
In thread 27, 2000 genes are processed for CI calculation!
In thread 40, 3000 genes are processed for CI calculation!
In thread 35, 3000 genes are processed for CI calculation!
In thread 43, 4000 genes are processed for CI calculation!
In thread 41, 4000 genes are processed for CI calculation!
In thread 42, 4000 genes are processed for CI calculation!
In thread 30, 3000 genes are processed for CI calculation!
In thread 31, 3000 genes are processed for CI calculation!
In thread 36, 4000 genes are processed for CI calculation!
In thread 25, 1000 genes are processed for CI calculation!
All credibility intervals are calculated!

rm -rf results/rsem_quant/ER100012.temp

2025-11-10 18:19:22,132 | INFO | __main__: Number of genes greater than 1 TPM: 15137
Mon Nov 10 06:19:22 PM EST 2025: Finished rsem quantification
