Mon Nov 10 06:27:57 PM EST 2025: Running rsem quantification
Mon Nov 10 06:27:57 PM EST 2025: ulimit set to 65536
2025-11-10 18:27:58,266 | INFO | __main__: Running RSEM command rsem-calculate-expression --bam --estimate-rspd --calc-ci --seed 42 -p 44 --no-bam-output --ci-memory 128000 --forward-prob 0 --paired-end results/align/ER100002/ER100002_anno.bam results/rsem_index/rsem results/rsem_quant/ER100002
rsem-parse-alignments results/rsem_index/rsem results/rsem_quant/ER100002.temp/ER100002 results/rsem_quant/ER100002.stat/ER100002 results/align/ER100002/ER100002_anno.bam 3 -tag XM
Parsed 1000000 entries
Parsed 2000000 entries
Parsed 3000000 entries
Parsed 4000000 entries
Parsed 5000000 entries
Parsed 6000000 entries
Parsed 7000000 entries
Parsed 8000000 entries
Parsed 9000000 entries
Parsed 10000000 entries
Parsed 11000000 entries
Parsed 12000000 entries
Parsed 13000000 entries
Parsed 14000000 entries
Parsed 15000000 entries
Parsed 16000000 entries
Parsed 17000000 entries
Parsed 18000000 entries
Parsed 19000000 entries
Parsed 20000000 entries
Parsed 21000000 entries
Parsed 22000000 entries
Parsed 23000000 entries
Parsed 24000000 entries
Parsed 25000000 entries
Parsed 26000000 entries
Parsed 27000000 entries
Parsed 28000000 entries
Parsed 29000000 entries
Parsed 30000000 entries
Parsed 31000000 entries
Parsed 32000000 entries
Parsed 33000000 entries
Parsed 34000000 entries
Parsed 35000000 entries
Parsed 36000000 entries
Parsed 37000000 entries
Parsed 38000000 entries
Parsed 39000000 entries
Parsed 40000000 entries
Parsed 41000000 entries
Parsed 42000000 entries
Parsed 43000000 entries
Parsed 44000000 entries
Parsed 45000000 entries
Parsed 46000000 entries
Parsed 47000000 entries
Parsed 48000000 entries
Parsed 49000000 entries
Parsed 50000000 entries
Parsed 51000000 entries
Parsed 52000000 entries
Parsed 53000000 entries
Parsed 54000000 entries
Parsed 55000000 entries
Parsed 56000000 entries
Done!

rsem-build-read-index 32 1 0 results/rsem_quant/ER100002.temp/ER100002_alignable_1.fq results/rsem_quant/ER100002.temp/ER100002_alignable_2.fq
FIN 1000000
FIN 2000000
FIN 3000000
FIN 4000000
FIN 5000000
FIN 6000000
Build Index results/rsem_quant/ER100002.temp/ER100002_alignable_1.fq is Done!
FIN 1000000
FIN 2000000
FIN 3000000
FIN 4000000
FIN 5000000
FIN 6000000
Build Index results/rsem_quant/ER100002.temp/ER100002_alignable_2.fq is Done!

rsem-run-em results/rsem_index/rsem 3 results/rsem_quant/ER100002 results/rsem_quant/ER100002.temp/ER100002 results/rsem_quant/ER100002.stat/ER100002 -p 44 --gibbs-out
Refs.loadRefs finished!
Thread 0 : N = 151650, NHit = 1277920
Thread 1 : N = 150779, NHit = 1277910
Thread 2 : N = 151656, NHit = 1277917
Thread 3 : N = 152385, NHit = 1277912
DAT 6000000 reads left
Thread 4 : N = 151925, NHit = 1277927
Thread 5 : N = 152219, NHit = 1277910
Thread 6 : N = 151369, NHit = 1277909
Thread 7 : N = 151577, NHit = 1277910
Thread 8 : N = 152205, NHit = 1277925
Thread 9 : N = 152083, NHit = 1277912
Thread 10 : N = 151739, NHit = 1277922
DAT 5000000 reads left
Thread 11 : N = 150800, NHit = 1277911
Thread 12 : N = 152171, NHit = 1277937
Thread 13 : N = 151889, NHit = 1277909
Thread 14 : N = 150233, NHit = 1277914
Thread 15 : N = 152111, NHit = 1277926
Thread 16 : N = 152490, NHit = 1277919
DAT 4000000 reads left
Thread 17 : N = 151733, NHit = 1277909
Thread 18 : N = 152179, NHit = 1277937
Thread 19 : N = 151241, NHit = 1277921
Thread 20 : N = 152282, NHit = 1277931
Thread 21 : N = 152355, NHit = 1277909
Thread 22 : N = 152484, NHit = 1277911
Thread 23 : N = 152231, NHit = 1277912
DAT 3000000 reads left
Thread 24 : N = 152166, NHit = 1277918
Thread 25 : N = 151487, NHit = 1277912
Thread 26 : N = 151392, NHit = 1277920
Thread 27 : N = 152310, NHit = 1277930
Thread 28 : N = 151881, NHit = 1277922
Thread 29 : N = 151934, NHit = 1277909
DAT 2000000 reads left
Thread 30 : N = 152311, NHit = 1277915
Thread 31 : N = 151652, NHit = 1277956
Thread 32 : N = 151182, NHit = 1277911
Thread 33 : N = 151732, NHit = 1277913
Thread 34 : N = 152151, NHit = 1277915
Thread 35 : N = 150827, NHit = 1277909
Thread 36 : N = 151265, NHit = 1277915
DAT 1000000 reads left
Thread 37 : N = 151921, NHit = 1277937
Thread 38 : N = 151881, NHit = 1277927
Thread 39 : N = 151482, NHit = 1277928
Thread 40 : N = 150866, NHit = 1277915
Thread 41 : N = 151278, NHit = 1277958
Thread 42 : N = 152681, NHit = 1277936
Thread 43 : N = 151171, NHit = 1277460
EM_init finished!
estimateFromReads, N0 finished.
1000000 READS PROCESSED
2000000 READS PROCESSED
3000000 READS PROCESSED
4000000 READS PROCESSED
5000000 READS PROCESSED
6000000 READS PROCESSED
estimateFromReads, N1 finished.
ROUND = 1, SUM = 6988120.00000001, bChange = 11985.1, totNum = 279932
ROUND = 2, SUM = 6988120.00000003, bChange = 1.12457, totNum = 146918
ROUND = 3, SUM = 6988119.99999999, bChange = 0.971612, totNum = 141633
ROUND = 4, SUM = 6988119.99999999, bChange = 0.930848, totNum = 137321
ROUND = 5, SUM = 6988119.99999997, bChange = 0.735357, totNum = 133417
ROUND = 6, SUM = 6988119.99999998, bChange = 0.666858, totNum = 129685
ROUND = 7, SUM = 6988119.99999996, bChange = 0.639034, totNum = 126201
ROUND = 8, SUM = 6988120.00000001, bChange = 0.60054, totNum = 123012
ROUND = 9, SUM = 6988119.99999996, bChange = 0.576203, totNum = 119668
ROUND = 10, SUM = 6988119.99999992, bChange = 0.579051, totNum = 116900
ROUND = 11, SUM = 6988119.99999996, bChange = 0.581323, totNum = 114020
ROUND = 12, SUM = 6988120.00000002, bChange = 0.476299, totNum = 111093
ROUND = 13, SUM = 6988119.99999997, bChange = 0.453765, totNum = 108580
ROUND = 14, SUM = 6988119.99999999, bChange = 0.433312, totNum = 105895
ROUND = 15, SUM = 6988119.99999996, bChange = 0.406719, totNum = 103431
ROUND = 16, SUM = 6988120.00000002, bChange = 0.406075, totNum = 101187
ROUND = 17, SUM = 6988119.99999996, bChange = 0.395812, totNum = 99146
ROUND = 18, SUM = 6988119.99999993, bChange = 0.400573, totNum = 97035
ROUND = 19, SUM = 6988119.99999994, bChange = 0.332754, totNum = 95032
ROUND = 20, SUM = 6988119.99999995, bChange = 0.323118, totNum = 93038
ROUND = 21, SUM = 6988119.99999994, bChange = 0.325245, totNum = 91201
ROUND = 22, SUM = 6988119.99999998, bChange = 0.318505, totNum = 89492
ROUND = 23, SUM = 6988119.99999995, bChange = 0.303792, totNum = 87722
ROUND = 24, SUM = 6988119.99999994, bChange = 0.436432, totNum = 85965
ROUND = 25, SUM = 6988119.99999993, bChange = 0.403804, totNum = 84302
ROUND = 26, SUM = 6988119.99999998, bChange = 0.350486, totNum = 82755
ROUND = 27, SUM = 6988119.99999993, bChange = 0.291192, totNum = 81243
ROUND = 28, SUM = 6988119.99999994, bChange = 0.256752, totNum = 79802
ROUND = 29, SUM = 6988119.99999997, bChange = 0.26277, totNum = 78402
ROUND = 30, SUM = 6988119.99999992, bChange = 0.23644, totNum = 76925
ROUND = 31, SUM = 6988119.99999996, bChange = 0.237062, totNum = 75536
ROUND = 32, SUM = 6988119.99999993, bChange = 0.232382, totNum = 74237
ROUND = 33, SUM = 6988119.99999993, bChange = 0.233163, totNum = 73037
ROUND = 34, SUM = 6988119.99999995, bChange = 0.213443, totNum = 71807
ROUND = 35, SUM = 6988119.99999985, bChange = 0.208999, totNum = 70603
ROUND = 36, SUM = 6988119.99999995, bChange = 0.210434, totNum = 69494
ROUND = 37, SUM = 6988119.99999993, bChange = 0.211762, totNum = 68334
ROUND = 38, SUM = 6988119.99999998, bChange = 0.212992, totNum = 67296
ROUND = 39, SUM = 6988120.00000002, bChange = 0.214132, totNum = 66267
ROUND = 40, SUM = 6988119.9999999, bChange = 0.215189, totNum = 65211
ROUND = 41, SUM = 6988119.99999989, bChange = 0.18894, totNum = 64168
ROUND = 42, SUM = 6988119.99999991, bChange = 0.189287, totNum = 63143
ROUND = 43, SUM = 6988119.99999993, bChange = 0.175382, totNum = 62114
ROUND = 44, SUM = 6988119.99999988, bChange = 0.176144, totNum = 61135
ROUND = 45, SUM = 6988119.9999999, bChange = 0.176862, totNum = 60160
ROUND = 46, SUM = 6988119.99999998, bChange = 0.177537, totNum = 59269
ROUND = 47, SUM = 6988119.99999994, bChange = 0.178171, totNum = 58403
ROUND = 48, SUM = 6988119.99999994, bChange = 0.178766, totNum = 57581
ROUND = 49, SUM = 6988119.99999993, bChange = 0.179322, totNum = 56723
ROUND = 50, SUM = 6988119.99999995, bChange = 0.179842, totNum = 55920
ROUND = 51, SUM = 6988119.99999993, bChange = 0.15807, totNum = 55092
ROUND = 52, SUM = 6988119.99999986, bChange = 0.147056, totNum = 54303
ROUND = 53, SUM = 6988119.99999993, bChange = 0.147336, totNum = 53448
ROUND = 54, SUM = 6988119.99999987, bChange = 0.141973, totNum = 52765
ROUND = 55, SUM = 6988119.99999994, bChange = 0.142361, totNum = 51958
ROUND = 56, SUM = 6988119.99999992, bChange = 0.142722, totNum = 51221
ROUND = 57, SUM = 6988119.9999999, bChange = 0.143057, totNum = 50507
ROUND = 58, SUM = 6988119.99999993, bChange = 0.143367, totNum = 49770
ROUND = 59, SUM = 6988119.99999992, bChange = 0.143655, totNum = 49122
ROUND = 60, SUM = 6988119.99999987, bChange = 0.143921, totNum = 48408
ROUND = 61, SUM = 6988119.99999995, bChange = 0.144166, totNum = 47681
ROUND = 62, SUM = 6988119.99999988, bChange = 0.144393, totNum = 47032
ROUND = 63, SUM = 6988119.99999993, bChange = 0.144602, totNum = 46438
ROUND = 64, SUM = 6988119.99999993, bChange = 0.144795, totNum = 45834
ROUND = 65, SUM = 6988119.99999996, bChange = 0.144973, totNum = 45176
ROUND = 66, SUM = 6988119.99999992, bChange = 0.116519, totNum = 44549
ROUND = 67, SUM = 6988119.99999993, bChange = 0.116844, totNum = 43906
ROUND = 68, SUM = 6988119.99999994, bChange = 0.117157, totNum = 43282
ROUND = 69, SUM = 6988119.99999988, bChange = 0.117459, totNum = 42660
ROUND = 70, SUM = 6988119.99999987, bChange = 0.11775, totNum = 42104
ROUND = 71, SUM = 6988119.99999994, bChange = 0.113747, totNum = 41557
ROUND = 72, SUM = 6988119.99999988, bChange = 0.114009, totNum = 41034
ROUND = 73, SUM = 6988119.99999994, bChange = 0.114261, totNum = 40486
ROUND = 74, SUM = 6988119.99999989, bChange = 0.106048, totNum = 39910
ROUND = 75, SUM = 6988119.99999991, bChange = 0.0991695, totNum = 39394
ROUND = 76, SUM = 6988119.99999988, bChange = 0.0984103, totNum = 38892
ROUND = 77, SUM = 6988119.99999985, bChange = 0.098458, totNum = 38374
ROUND = 78, SUM = 6988119.99999988, bChange = 0.0985028, totNum = 37888
ROUND = 79, SUM = 6988119.99999988, bChange = 0.098545, totNum = 37410
ROUND = 80, SUM = 6988119.99999989, bChange = 0.0969391, totNum = 36951
ROUND = 81, SUM = 6988119.99999989, bChange = 0.0941318, totNum = 36459
ROUND = 82, SUM = 6988119.99999987, bChange = 0.0941914, totNum = 36010
ROUND = 83, SUM = 6988119.99999988, bChange = 0.0932431, totNum = 35555
ROUND = 84, SUM = 6988119.99999995, bChange = 0.0924669, totNum = 35098
ROUND = 85, SUM = 6988119.99999994, bChange = 0.0927007, totNum = 34640
ROUND = 86, SUM = 6988119.99999995, bChange = 0.0929276, totNum = 34233
ROUND = 87, SUM = 6988119.99999995, bChange = 0.0931476, totNum = 33832
ROUND = 88, SUM = 6988119.99999986, bChange = 0.0933612, totNum = 33427
ROUND = 89, SUM = 6988119.99999992, bChange = 0.0935684, totNum = 33039
ROUND = 90, SUM = 6988119.99999995, bChange = 0.0937694, totNum = 32641
ROUND = 91, SUM = 6988119.99999986, bChange = 0.0939646, totNum = 32235
ROUND = 92, SUM = 6988119.99999988, bChange = 0.094154, totNum = 31851
ROUND = 93, SUM = 6988119.99999997, bChange = 0.094338, totNum = 31478
ROUND = 94, SUM = 6988119.99999991, bChange = 0.0945166, totNum = 31080
ROUND = 95, SUM = 6988119.99999988, bChange = 0.09469, totNum = 30721
ROUND = 96, SUM = 6988119.99999984, bChange = 0.0948585, totNum = 30371
ROUND = 97, SUM = 6988119.99999991, bChange = 0.0950222, totNum = 30012
ROUND = 98, SUM = 6988119.99999988, bChange = 0.0867475, totNum = 29628
ROUND = 99, SUM = 6988119.99999989, bChange = 0.086749, totNum = 29319
ROUND = 100, SUM = 6988119.99999986, bChange = 0.0867503, totNum = 28961
ROUND = 101, SUM = 6988119.99999988, bChange = 0.0867515, totNum = 28609
ROUND = 102, SUM = 6988119.99999988, bChange = 0.0867526, totNum = 28291
ROUND = 103, SUM = 6988119.99999982, bChange = 0.0862702, totNum = 27964
ROUND = 104, SUM = 6988119.99999991, bChange = 0.0863729, totNum = 27646
ROUND = 105, SUM = 6988119.99999987, bChange = 0.0864729, totNum = 27314
ROUND = 106, SUM = 6988119.99999988, bChange = 0.0865702, totNum = 26998
ROUND = 107, SUM = 6988119.99999988, bChange = 0.0866649, totNum = 26678
ROUND = 108, SUM = 6988119.99999987, bChange = 0.0771907, totNum = 26370
ROUND = 109, SUM = 6988119.99999989, bChange = 0.0771983, totNum = 26068
ROUND = 110, SUM = 6988119.9999999, bChange = 0.0772055, totNum = 25798
ROUND = 111, SUM = 6988119.99999992, bChange = 0.0772123, totNum = 25530
ROUND = 112, SUM = 6988119.99999992, bChange = 0.0772187, totNum = 25223
ROUND = 113, SUM = 6988119.9999999, bChange = 0.0772248, totNum = 24951
ROUND = 114, SUM = 6988119.99999994, bChange = 0.0772305, totNum = 24661
ROUND = 115, SUM = 6988119.99999988, bChange = 0.0772359, totNum = 24379
ROUND = 116, SUM = 6988119.99999987, bChange = 0.0772411, totNum = 24117
ROUND = 117, SUM = 6988119.99999984, bChange = 0.0740409, totNum = 23881
ROUND = 118, SUM = 6988119.99999992, bChange = 0.0740337, totNum = 23655
ROUND = 119, SUM = 6988119.99999986, bChange = 0.0740264, totNum = 23390
ROUND = 120, SUM = 6988119.99999987, bChange = 0.0740189, totNum = 23132
ROUND = 121, SUM = 6988119.99999989, bChange = 0.0740114, totNum = 22866
ROUND = 122, SUM = 6988119.99999991, bChange = 0.0740038, totNum = 22611
ROUND = 123, SUM = 6988119.99999989, bChange = 0.0739961, totNum = 22384
ROUND = 124, SUM = 6988119.99999989, bChange = 0.0739883, totNum = 22146
ROUND = 125, SUM = 6988119.99999985, bChange = 0.0739806, totNum = 21931
ROUND = 126, SUM = 6988119.99999985, bChange = 0.0739727, totNum = 21690
ROUND = 127, SUM = 6988119.99999989, bChange = 0.0739649, totNum = 21464
ROUND = 128, SUM = 6988119.99999997, bChange = 0.0739571, totNum = 21243
ROUND = 129, SUM = 6988119.99999986, bChange = 0.0739493, totNum = 21018
ROUND = 130, SUM = 6988119.99999989, bChange = 0.0739415, totNum = 20822
ROUND = 131, SUM = 6988119.99999984, bChange = 0.0739337, totNum = 20596
ROUND = 132, SUM = 6988119.99999984, bChange = 0.0739259, totNum = 20386
ROUND = 133, SUM = 6988119.99999992, bChange = 0.0708475, totNum = 20181
ROUND = 134, SUM = 6988119.99999986, bChange = 0.0708937, totNum = 19956
ROUND = 135, SUM = 6988119.99999987, bChange = 0.0709389, totNum = 19748
ROUND = 136, SUM = 6988119.99999988, bChange = 0.0709831, totNum = 19555
ROUND = 137, SUM = 6988119.99999991, bChange = 0.0706124, totNum = 19355
ROUND = 138, SUM = 6988119.99999984, bChange = 0.070605, totNum = 19168
ROUND = 139, SUM = 6988119.99999984, bChange = 0.0705977, totNum = 18991
ROUND = 140, SUM = 6988119.99999989, bChange = 0.0610286, totNum = 18790
ROUND = 141, SUM = 6988119.99999987, bChange = 0.0608368, totNum = 18614
ROUND = 142, SUM = 6988119.99999986, bChange = 0.0608486, totNum = 18465
ROUND = 143, SUM = 6988119.9999999, bChange = 0.0608599, totNum = 18291
ROUND = 144, SUM = 6988119.9999999, bChange = 0.0608706, totNum = 18119
ROUND = 145, SUM = 6988119.99999986, bChange = 0.0608809, totNum = 17973
ROUND = 146, SUM = 6988119.99999991, bChange = 0.0608908, totNum = 17797
ROUND = 147, SUM = 6988119.99999988, bChange = 0.0609002, totNum = 17629
ROUND = 148, SUM = 6988119.9999999, bChange = 0.0609092, totNum = 17467
ROUND = 149, SUM = 6988119.99999991, bChange = 0.0557484, totNum = 17301
ROUND = 150, SUM = 6988119.99999984, bChange = 0.0557734, totNum = 17154
ROUND = 151, SUM = 6988119.99999989, bChange = 0.0557976, totNum = 16985
ROUND = 152, SUM = 6988119.99999986, bChange = 0.0558212, totNum = 16847
ROUND = 153, SUM = 6988119.99999982, bChange = 0.0558441, totNum = 16696
ROUND = 154, SUM = 6988119.99999984, bChange = 0.0558664, totNum = 16554
ROUND = 155, SUM = 6988119.99999985, bChange = 0.0546604, totNum = 16385
ROUND = 156, SUM = 6988119.9999999, bChange = 0.054667, totNum = 16244
ROUND = 157, SUM = 6988119.99999986, bChange = 0.0546734, totNum = 16085
ROUND = 158, SUM = 6988119.99999983, bChange = 0.0546794, totNum = 15934
ROUND = 159, SUM = 6988119.99999991, bChange = 0.0546852, totNum = 15792
ROUND = 160, SUM = 6988119.99999983, bChange = 0.0546908, totNum = 15633
ROUND = 161, SUM = 6988119.99999985, bChange = 0.0546961, totNum = 15478
ROUND = 162, SUM = 6988119.99999986, bChange = 0.0547012, totNum = 15331
ROUND = 163, SUM = 6988119.99999987, bChange = 0.0547061, totNum = 15199
ROUND = 164, SUM = 6988119.99999984, bChange = 0.0547108, totNum = 15072
ROUND = 165, SUM = 6988119.99999991, bChange = 0.0547153, totNum = 14928
ROUND = 166, SUM = 6988119.99999986, bChange = 0.0547197, totNum = 14786
ROUND = 167, SUM = 6988119.99999995, bChange = 0.0547238, totNum = 14646
ROUND = 168, SUM = 6988119.9999999, bChange = 0.0484716, totNum = 14511
ROUND = 169, SUM = 6988119.99999981, bChange = 0.0484873, totNum = 14391
ROUND = 170, SUM = 6988119.9999999, bChange = 0.0485026, totNum = 14236
ROUND = 171, SUM = 6988119.99999985, bChange = 0.0485174, totNum = 14103
ROUND = 172, SUM = 6988119.99999987, bChange = 0.0485318, totNum = 13977
ROUND = 173, SUM = 6988119.99999986, bChange = 0.0485458, totNum = 13862
ROUND = 174, SUM = 6988119.99999984, bChange = 0.0485594, totNum = 13739
ROUND = 175, SUM = 6988119.99999987, bChange = 0.0485726, totNum = 13616
ROUND = 176, SUM = 6988119.99999984, bChange = 0.0485855, totNum = 13494
ROUND = 177, SUM = 6988119.99999984, bChange = 0.048598, totNum = 13379
ROUND = 178, SUM = 6988119.99999988, bChange = 0.0486101, totNum = 13288
ROUND = 179, SUM = 6988119.99999991, bChange = 0.0486219, totNum = 13156
ROUND = 180, SUM = 6988119.99999987, bChange = 0.0486334, totNum = 13049
ROUND = 181, SUM = 6988119.99999982, bChange = 0.0447563, totNum = 12943
ROUND = 182, SUM = 6988119.99999986, bChange = 0.0447848, totNum = 12843
ROUND = 183, SUM = 6988119.9999999, bChange = 0.0448125, totNum = 12736
ROUND = 184, SUM = 6988119.99999984, bChange = 0.0448395, totNum = 12631
ROUND = 185, SUM = 6988119.99999983, bChange = 0.0448658, totNum = 12535
ROUND = 186, SUM = 6988119.99999988, bChange = 0.0438607, totNum = 12452
ROUND = 187, SUM = 6988119.99999991, bChange = 0.0412659, totNum = 12353
ROUND = 188, SUM = 6988119.99999988, bChange = 0.04126, totNum = 12257
ROUND = 189, SUM = 6988119.99999987, bChange = 0.0412541, totNum = 12150
ROUND = 190, SUM = 6988119.9999999, bChange = 0.0412483, totNum = 12028
ROUND = 191, SUM = 6988119.99999989, bChange = 0.0412425, totNum = 11940
ROUND = 192, SUM = 6988119.99999988, bChange = 0.0412367, totNum = 11858
ROUND = 193, SUM = 6988119.99999988, bChange = 0.041231, totNum = 11763
ROUND = 194, SUM = 6988119.99999991, bChange = 0.0412254, totNum = 11668
ROUND = 195, SUM = 6988119.99999987, bChange = 0.0412198, totNum = 11563
ROUND = 196, SUM = 6988119.99999988, bChange = 0.0412142, totNum = 11477
ROUND = 197, SUM = 6988119.99999985, bChange = 0.0412087, totNum = 11392
ROUND = 198, SUM = 6988119.99999987, bChange = 0.0412032, totNum = 11290
ROUND = 199, SUM = 6988119.9999999, bChange = 0.0411978, totNum = 11205
ROUND = 200, SUM = 6988119.99999993, bChange = 0.0411924, totNum = 11120
ROUND = 201, SUM = 6988119.99999991, bChange = 0.041187, totNum = 11040
ROUND = 202, SUM = 6988119.99999987, bChange = 0.0411817, totNum = 10968
ROUND = 203, SUM = 6988119.99999989, bChange = 0.0411765, totNum = 10886
ROUND = 204, SUM = 6988119.99999989, bChange = 0.0411713, totNum = 10802
ROUND = 205, SUM = 6988119.9999999, bChange = 0.0411662, totNum = 10723
ROUND = 206, SUM = 6988119.99999987, bChange = 0.0411611, totNum = 10629
ROUND = 207, SUM = 6988119.99999983, bChange = 0.041156, totNum = 10549
ROUND = 208, SUM = 6988119.99999984, bChange = 0.041151, totNum = 10462
ROUND = 209, SUM = 6988119.9999999, bChange = 0.041146, totNum = 10379
ROUND = 210, SUM = 6988119.99999989, bChange = 0.0411411, totNum = 10302
ROUND = 211, SUM = 6988119.9999999, bChange = 0.0411363, totNum = 10218
ROUND = 212, SUM = 6988119.99999991, bChange = 0.0411314, totNum = 10134
ROUND = 213, SUM = 6988119.99999989, bChange = 0.0411267, totNum = 10058
ROUND = 214, SUM = 6988119.99999988, bChange = 0.0411219, totNum = 9981
ROUND = 215, SUM = 6988119.99999987, bChange = 0.0411173, totNum = 9906
ROUND = 216, SUM = 6988119.99999991, bChange = 0.0411126, totNum = 9838
ROUND = 217, SUM = 6988119.99999984, bChange = 0.0411081, totNum = 9764
ROUND = 218, SUM = 6988119.99999988, bChange = 0.0411035, totNum = 9709
ROUND = 219, SUM = 6988119.99999986, bChange = 0.041099, totNum = 9628
ROUND = 220, SUM = 6988119.99999991, bChange = 0.0410946, totNum = 9578
ROUND = 221, SUM = 6988119.99999988, bChange = 0.0410902, totNum = 9506
ROUND = 222, SUM = 6988119.99999985, bChange = 0.0410859, totNum = 9432
ROUND = 223, SUM = 6988119.99999987, bChange = 0.0410816, totNum = 9355
ROUND = 224, SUM = 6988119.9999999, bChange = 0.0410773, totNum = 9305
ROUND = 225, SUM = 6988119.99999982, bChange = 0.0408347, totNum = 9242
ROUND = 226, SUM = 6988119.99999987, bChange = 0.0408358, totNum = 9177
ROUND = 227, SUM = 6988119.99999985, bChange = 0.0329958, totNum = 9107
ROUND = 228, SUM = 6988119.99999993, bChange = 0.0320494, totNum = 9037
ROUND = 229, SUM = 6988119.99999989, bChange = 0.0320495, totNum = 8969
ROUND = 230, SUM = 6988119.99999986, bChange = 0.0320497, totNum = 8901
ROUND = 231, SUM = 6988119.99999989, bChange = 0.0320498, totNum = 8851
ROUND = 232, SUM = 6988119.99999987, bChange = 0.0314668, totNum = 8789
ROUND = 233, SUM = 6988119.99999986, bChange = 0.0314683, totNum = 8729
ROUND = 234, SUM = 6988119.99999985, bChange = 0.0314698, totNum = 8661
ROUND = 235, SUM = 6988119.99999993, bChange = 0.0314712, totNum = 8596
ROUND = 236, SUM = 6988119.99999987, bChange = 0.0314725, totNum = 8540
ROUND = 237, SUM = 6988119.99999986, bChange = 0.0314739, totNum = 8483
ROUND = 238, SUM = 6988119.99999987, bChange = 0.0314752, totNum = 8408
ROUND = 239, SUM = 6988119.99999991, bChange = 0.0314764, totNum = 8352
ROUND = 240, SUM = 6988119.9999999, bChange = 0.0314777, totNum = 8295
ROUND = 241, SUM = 6988119.99999989, bChange = 0.0314789, totNum = 8236
ROUND = 242, SUM = 6988119.99999988, bChange = 0.03148, totNum = 8183
ROUND = 243, SUM = 6988119.99999992, bChange = 0.0314812, totNum = 8129
ROUND = 244, SUM = 6988119.99999987, bChange = 0.0314823, totNum = 8079
ROUND = 245, SUM = 6988119.99999982, bChange = 0.0314834, totNum = 8033
ROUND = 246, SUM = 6988119.99999989, bChange = 0.0314844, totNum = 7992
ROUND = 247, SUM = 6988119.99999991, bChange = 0.0314854, totNum = 7937
ROUND = 248, SUM = 6988119.99999993, bChange = 0.0314864, totNum = 7867
ROUND = 249, SUM = 6988119.99999991, bChange = 0.0314874, totNum = 7818
ROUND = 250, SUM = 6988119.99999988, bChange = 0.0293696, totNum = 7764
ROUND = 251, SUM = 6988119.99999988, bChange = 0.0293723, totNum = 7714
ROUND = 252, SUM = 6988119.99999988, bChange = 0.029375, totNum = 7668
ROUND = 253, SUM = 6988119.99999989, bChange = 0.0293776, totNum = 7619
ROUND = 254, SUM = 6988119.99999988, bChange = 0.0293802, totNum = 7579
ROUND = 255, SUM = 6988119.99999993, bChange = 0.028446, totNum = 7532
ROUND = 256, SUM = 6988119.99999987, bChange = 0.0284483, totNum = 7491
ROUND = 257, SUM = 6988119.99999991, bChange = 0.0284519, totNum = 7444
ROUND = 258, SUM = 6988119.99999989, bChange = 0.0284681, totNum = 7406
ROUND = 259, SUM = 6988119.99999989, bChange = 0.0284842, totNum = 7355
ROUND = 260, SUM = 6988119.99999986, bChange = 0.0285001, totNum = 7309
ROUND = 261, SUM = 6988119.99999986, bChange = 0.0285158, totNum = 7266
ROUND = 262, SUM = 6988119.99999989, bChange = 0.0285313, totNum = 7209
ROUND = 263, SUM = 6988119.99999983, bChange = 0.0285467, totNum = 7146
ROUND = 264, SUM = 6988119.99999985, bChange = 0.028562, totNum = 7106
ROUND = 265, SUM = 6988119.99999984, bChange = 0.028577, totNum = 7061
ROUND = 266, SUM = 6988119.9999999, bChange = 0.0285919, totNum = 7017
ROUND = 267, SUM = 6988119.99999991, bChange = 0.0286066, totNum = 6965
ROUND = 268, SUM = 6988119.99999985, bChange = 0.0286212, totNum = 6923
ROUND = 269, SUM = 6988119.99999987, bChange = 0.0286356, totNum = 6874
ROUND = 270, SUM = 6988119.99999989, bChange = 0.0286499, totNum = 6827
ROUND = 271, SUM = 6988119.99999992, bChange = 0.028664, totNum = 6780
ROUND = 272, SUM = 6988119.99999987, bChange = 0.028678, totNum = 6723
ROUND = 273, SUM = 6988119.99999987, bChange = 0.0286918, totNum = 6678
ROUND = 274, SUM = 6988119.99999988, bChange = 0.0287055, totNum = 6644
ROUND = 275, SUM = 6988119.99999989, bChange = 0.028719, totNum = 6598
ROUND = 276, SUM = 6988119.9999999, bChange = 0.0287324, totNum = 6550
ROUND = 277, SUM = 6988119.99999989, bChange = 0.0287456, totNum = 6502
ROUND = 278, SUM = 6988119.9999999, bChange = 0.0287587, totNum = 6450
ROUND = 279, SUM = 6988119.99999986, bChange = 0.0287716, totNum = 6394
ROUND = 280, SUM = 6988119.99999986, bChange = 0.0287844, totNum = 6352
ROUND = 281, SUM = 6988119.99999987, bChange = 0.0287971, totNum = 6309
ROUND = 282, SUM = 6988119.99999988, bChange = 0.0288096, totNum = 6272
ROUND = 283, SUM = 6988119.99999995, bChange = 0.028822, totNum = 6230
ROUND = 284, SUM = 6988119.99999991, bChange = 0.0288343, totNum = 6197
ROUND = 285, SUM = 6988119.99999992, bChange = 0.0288464, totNum = 6165
ROUND = 286, SUM = 6988119.99999992, bChange = 0.0288584, totNum = 6123
ROUND = 287, SUM = 6988119.99999991, bChange = 0.0266619, totNum = 6086
ROUND = 288, SUM = 6988119.99999989, bChange = 0.0266617, totNum = 6059
ROUND = 289, SUM = 6988119.99999988, bChange = 0.0266615, totNum = 6026
ROUND = 290, SUM = 6988119.99999988, bChange = 0.0266613, totNum = 5990
ROUND = 291, SUM = 6988119.99999988, bChange = 0.0266611, totNum = 5961
ROUND = 292, SUM = 6988119.99999988, bChange = 0.0266609, totNum = 5933
ROUND = 293, SUM = 6988119.99999986, bChange = 0.0266607, totNum = 5909
ROUND = 294, SUM = 6988119.99999989, bChange = 0.0266605, totNum = 5879
ROUND = 295, SUM = 6988119.99999986, bChange = 0.0266603, totNum = 5849
ROUND = 296, SUM = 6988119.99999985, bChange = 0.0259454, totNum = 5825
ROUND = 297, SUM = 6988119.99999986, bChange = 0.0259554, totNum = 5783
ROUND = 298, SUM = 6988119.99999986, bChange = 0.0259653, totNum = 5751
ROUND = 299, SUM = 6988119.99999992, bChange = 0.025975, totNum = 5717
ROUND = 300, SUM = 6988119.99999988, bChange = 0.0259847, totNum = 5693
ROUND = 301, SUM = 6988119.9999999, bChange = 0.0259943, totNum = 5666
ROUND = 302, SUM = 6988119.99999985, bChange = 0.0260037, totNum = 5635
ROUND = 303, SUM = 6988119.99999986, bChange = 0.0260131, totNum = 5604
ROUND = 304, SUM = 6988119.99999991, bChange = 0.0260223, totNum = 5571
ROUND = 305, SUM = 6988119.99999988, bChange = 0.0260315, totNum = 5547
ROUND = 306, SUM = 6988119.99999992, bChange = 0.0260406, totNum = 5515
ROUND = 307, SUM = 6988119.99999989, bChange = 0.0260496, totNum = 5482
ROUND = 308, SUM = 6988119.99999989, bChange = 0.0260584, totNum = 5458
ROUND = 309, SUM = 6988119.99999985, bChange = 0.0260672, totNum = 5437
ROUND = 310, SUM = 6988119.99999992, bChange = 0.0260759, totNum = 5405
ROUND = 311, SUM = 6988119.99999989, bChange = 0.0260845, totNum = 5384
ROUND = 312, SUM = 6988119.99999988, bChange = 0.0260931, totNum = 5354
ROUND = 313, SUM = 6988119.99999994, bChange = 0.0261015, totNum = 5331
ROUND = 314, SUM = 6988119.99999991, bChange = 0.0261098, totNum = 5305
ROUND = 315, SUM = 6988119.99999988, bChange = 0.0261181, totNum = 5274
ROUND = 316, SUM = 6988119.99999987, bChange = 0.0261263, totNum = 5245
ROUND = 317, SUM = 6988119.9999999, bChange = 0.0261343, totNum = 5227
ROUND = 318, SUM = 6988119.9999999, bChange = 0.0257743, totNum = 5199
ROUND = 319, SUM = 6988119.99999988, bChange = 0.0257749, totNum = 5171
ROUND = 320, SUM = 6988119.99999993, bChange = 0.0257755, totNum = 5140
ROUND = 321, SUM = 6988119.99999995, bChange = 0.0257762, totNum = 5117
ROUND = 322, SUM = 6988119.99999988, bChange = 0.0257768, totNum = 5094
ROUND = 323, SUM = 6988119.99999987, bChange = 0.0257774, totNum = 5067
ROUND = 324, SUM = 6988119.99999988, bChange = 0.025778, totNum = 5046
ROUND = 325, SUM = 6988119.99999989, bChange = 0.0257785, totNum = 5021
ROUND = 326, SUM = 6988119.99999991, bChange = 0.0257791, totNum = 5005
ROUND = 327, SUM = 6988119.99999991, bChange = 0.0257797, totNum = 4987
ROUND = 328, SUM = 6988119.9999999, bChange = 0.0257802, totNum = 4958
ROUND = 329, SUM = 6988119.99999989, bChange = 0.0257808, totNum = 4938
ROUND = 330, SUM = 6988119.9999999, bChange = 0.0257813, totNum = 4914
ROUND = 331, SUM = 6988119.99999989, bChange = 0.0257819, totNum = 4897
ROUND = 332, SUM = 6988119.99999991, bChange = 0.0257824, totNum = 4871
ROUND = 333, SUM = 6988119.99999988, bChange = 0.0257829, totNum = 4852
ROUND = 334, SUM = 6988119.99999987, bChange = 0.0257834, totNum = 4830
ROUND = 335, SUM = 6988119.99999989, bChange = 0.025784, totNum = 4805
ROUND = 336, SUM = 6988119.99999991, bChange = 0.0257845, totNum = 4777
ROUND = 337, SUM = 6988119.99999991, bChange = 0.0257849, totNum = 4748
ROUND = 338, SUM = 6988119.99999988, bChange = 0.0257854, totNum = 4722
ROUND = 339, SUM = 6988119.99999986, bChange = 0.0257859, totNum = 4705
ROUND = 340, SUM = 6988119.99999987, bChange = 0.0257864, totNum = 4688
ROUND = 341, SUM = 6988119.99999992, bChange = 0.0257868, totNum = 4672
ROUND = 342, SUM = 6988119.99999988, bChange = 0.0257873, totNum = 4657
ROUND = 343, SUM = 6988119.99999992, bChange = 0.0257878, totNum = 4638
ROUND = 344, SUM = 6988119.99999993, bChange = 0.0257882, totNum = 4623
ROUND = 345, SUM = 6988119.9999999, bChange = 0.0257886, totNum = 4608
ROUND = 346, SUM = 6988119.99999988, bChange = 0.0257891, totNum = 4590
ROUND = 347, SUM = 6988119.99999988, bChange = 0.0257895, totNum = 4565
ROUND = 348, SUM = 6988119.99999986, bChange = 0.0257899, totNum = 4540
ROUND = 349, SUM = 6988119.9999999, bChange = 0.0257903, totNum = 4519
ROUND = 350, SUM = 6988119.99999992, bChange = 0.0257907, totNum = 4499
ROUND = 351, SUM = 6988119.99999988, bChange = 0.0257911, totNum = 4477
ROUND = 352, SUM = 6988119.99999994, bChange = 0.0257915, totNum = 4450
ROUND = 353, SUM = 6988119.99999991, bChange = 0.0257919, totNum = 4430
ROUND = 354, SUM = 6988119.99999991, bChange = 0.0257923, totNum = 4410
ROUND = 355, SUM = 6988119.99999994, bChange = 0.0257927, totNum = 4387
ROUND = 356, SUM = 6988119.99999992, bChange = 0.0257931, totNum = 4368
ROUND = 357, SUM = 6988119.99999994, bChange = 0.0257934, totNum = 4345
ROUND = 358, SUM = 6988119.99999985, bChange = 0.0257938, totNum = 4324
ROUND = 359, SUM = 6988119.9999999, bChange = 0.0257942, totNum = 4307
ROUND = 360, SUM = 6988119.99999986, bChange = 0.0257945, totNum = 4294
ROUND = 361, SUM = 6988119.99999988, bChange = 0.0257949, totNum = 4279
ROUND = 362, SUM = 6988119.99999991, bChange = 0.0257952, totNum = 4268
ROUND = 363, SUM = 6988119.99999991, bChange = 0.0257955, totNum = 4252
ROUND = 364, SUM = 6988119.9999999, bChange = 0.0257959, totNum = 4220
ROUND = 365, SUM = 6988119.99999989, bChange = 0.0257962, totNum = 4202
ROUND = 366, SUM = 6988119.99999991, bChange = 0.0257965, totNum = 4186
ROUND = 367, SUM = 6988119.9999999, bChange = 0.0257969, totNum = 4172
ROUND = 368, SUM = 6988119.99999991, bChange = 0.0257972, totNum = 4158
ROUND = 369, SUM = 6988119.99999991, bChange = 0.0257975, totNum = 4137
ROUND = 370, SUM = 6988119.9999999, bChange = 0.0257978, totNum = 4121
ROUND = 371, SUM = 6988119.99999989, bChange = 0.0257981, totNum = 4108
ROUND = 372, SUM = 6988119.99999994, bChange = 0.0257984, totNum = 4089
ROUND = 373, SUM = 6988119.99999995, bChange = 0.0257987, totNum = 4077
ROUND = 374, SUM = 6988119.9999999, bChange = 0.0219037, totNum = 4058
ROUND = 375, SUM = 6988119.99999992, bChange = 0.0219048, totNum = 4041
ROUND = 376, SUM = 6988119.99999993, bChange = 0.0219058, totNum = 4027
ROUND = 377, SUM = 6988119.99999995, bChange = 0.0219069, totNum = 4005
ROUND = 378, SUM = 6988119.99999989, bChange = 0.021908, totNum = 3985
ROUND = 379, SUM = 6988119.9999999, bChange = 0.021909, totNum = 3968
ROUND = 380, SUM = 6988119.9999999, bChange = 0.02191, totNum = 3947
ROUND = 381, SUM = 6988119.99999989, bChange = 0.0219111, totNum = 3927
ROUND = 382, SUM = 6988119.99999994, bChange = 0.0219121, totNum = 3910
ROUND = 383, SUM = 6988119.99999992, bChange = 0.0219131, totNum = 3893
ROUND = 384, SUM = 6988119.9999999, bChange = 0.0219141, totNum = 3880
ROUND = 385, SUM = 6988119.99999986, bChange = 0.0219151, totNum = 3862
ROUND = 386, SUM = 6988119.99999992, bChange = 0.0219161, totNum = 3846
ROUND = 387, SUM = 6988119.99999995, bChange = 0.0219171, totNum = 3831
ROUND = 388, SUM = 6988119.99999991, bChange = 0.021918, totNum = 3823
ROUND = 389, SUM = 6988119.99999992, bChange = 0.021919, totNum = 3806
ROUND = 390, SUM = 6988119.9999999, bChange = 0.02192, totNum = 3794
ROUND = 391, SUM = 6988119.99999992, bChange = 0.0219209, totNum = 3782
ROUND = 392, SUM = 6988119.99999988, bChange = 0.0219218, totNum = 3766
ROUND = 393, SUM = 6988119.99999991, bChange = 0.0219228, totNum = 3751
ROUND = 394, SUM = 6988119.99999991, bChange = 0.0219237, totNum = 3734
ROUND = 395, SUM = 6988119.99999994, bChange = 0.0219246, totNum = 3716
ROUND = 396, SUM = 6988119.99999987, bChange = 0.0214022, totNum = 3691
ROUND = 397, SUM = 6988119.99999991, bChange = 0.0214059, totNum = 3677
ROUND = 398, SUM = 6988119.99999993, bChange = 0.0214097, totNum = 3667
ROUND = 399, SUM = 6988119.99999994, bChange = 0.0188509, totNum = 3651
ROUND = 400, SUM = 6988119.99999991, bChange = 0.0188508, totNum = 3634
ROUND = 401, SUM = 6988119.99999985, bChange = 0.0188506, totNum = 3619
ROUND = 402, SUM = 6988119.9999999, bChange = 0.0188504, totNum = 3608
ROUND = 403, SUM = 6988119.99999994, bChange = 0.0188503, totNum = 3593
ROUND = 404, SUM = 6988119.9999999, bChange = 0.0188501, totNum = 3575
ROUND = 405, SUM = 6988119.99999994, bChange = 0.01885, totNum = 3559
ROUND = 406, SUM = 6988119.99999992, bChange = 0.0188498, totNum = 3549
ROUND = 407, SUM = 6988119.99999989, bChange = 0.0188497, totNum = 3539
ROUND = 408, SUM = 6988119.99999985, bChange = 0.0188495, totNum = 3526
ROUND = 409, SUM = 6988119.99999992, bChange = 0.0188494, totNum = 3515
ROUND = 410, SUM = 6988119.99999993, bChange = 0.0188492, totNum = 3509
ROUND = 411, SUM = 6988119.99999991, bChange = 0.0188491, totNum = 3493
ROUND = 412, SUM = 6988119.99999991, bChange = 0.0188489, totNum = 3477
ROUND = 413, SUM = 6988119.99999991, bChange = 0.0188488, totNum = 3460
ROUND = 414, SUM = 6988119.99999993, bChange = 0.0188487, totNum = 3453
ROUND = 415, SUM = 6988119.99999994, bChange = 0.0188485, totNum = 3440
ROUND = 416, SUM = 6988119.99999988, bChange = 0.0188484, totNum = 3427
ROUND = 417, SUM = 6988119.99999995, bChange = 0.0188483, totNum = 3416
ROUND = 418, SUM = 6988119.99999991, bChange = 0.0188481, totNum = 3404
ROUND = 419, SUM = 6988119.99999994, bChange = 0.018848, totNum = 3394
ROUND = 420, SUM = 6988119.9999999, bChange = 0.0188479, totNum = 3380
ROUND = 421, SUM = 6988119.99999992, bChange = 0.0188478, totNum = 3366
ROUND = 422, SUM = 6988119.99999992, bChange = 0.0188476, totNum = 3357
ROUND = 423, SUM = 6988119.9999999, bChange = 0.0188475, totNum = 3344
ROUND = 424, SUM = 6988119.99999989, bChange = 0.0188474, totNum = 3327
ROUND = 425, SUM = 6988119.9999999, bChange = 0.0188473, totNum = 3317
ROUND = 426, SUM = 6988119.9999999, bChange = 0.0188472, totNum = 3306
ROUND = 427, SUM = 6988119.99999988, bChange = 0.018847, totNum = 3295
ROUND = 428, SUM = 6988119.99999992, bChange = 0.0188469, totNum = 3283
ROUND = 429, SUM = 6988119.99999988, bChange = 0.0188468, totNum = 3272
ROUND = 430, SUM = 6988119.99999991, bChange = 0.0188467, totNum = 3260
ROUND = 431, SUM = 6988119.99999989, bChange = 0.0188466, totNum = 3252
ROUND = 432, SUM = 6988119.99999991, bChange = 0.0188465, totNum = 3238
ROUND = 433, SUM = 6988119.99999996, bChange = 0.0188464, totNum = 3218
ROUND = 434, SUM = 6988119.9999999, bChange = 0.0188463, totNum = 3198
ROUND = 435, SUM = 6988119.99999989, bChange = 0.0188462, totNum = 3187
ROUND = 436, SUM = 6988119.99999989, bChange = 0.0188461, totNum = 3173
ROUND = 437, SUM = 6988119.9999999, bChange = 0.018846, totNum = 3161
ROUND = 438, SUM = 6988119.99999991, bChange = 0.0188459, totNum = 3147
ROUND = 439, SUM = 6988119.99999986, bChange = 0.0188458, totNum = 3138
ROUND = 440, SUM = 6988119.99999986, bChange = 0.0188457, totNum = 3120
ROUND = 441, SUM = 6988119.99999991, bChange = 0.0188456, totNum = 3109
ROUND = 442, SUM = 6988119.99999993, bChange = 0.0188455, totNum = 3100
ROUND = 443, SUM = 6988119.99999993, bChange = 0.0188454, totNum = 3089
ROUND = 444, SUM = 6988119.99999991, bChange = 0.0188453, totNum = 3076
ROUND = 445, SUM = 6988119.9999999, bChange = 0.0188452, totNum = 3069
ROUND = 446, SUM = 6988119.99999988, bChange = 0.0188451, totNum = 3061
ROUND = 447, SUM = 6988119.9999999, bChange = 0.018845, totNum = 3049
ROUND = 448, SUM = 6988119.9999999, bChange = 0.0188449, totNum = 3034
ROUND = 449, SUM = 6988119.99999991, bChange = 0.0188448, totNum = 3023
ROUND = 450, SUM = 6988119.99999991, bChange = 0.0188447, totNum = 3016
ROUND = 451, SUM = 6988119.99999994, bChange = 0.0188447, totNum = 3011
ROUND = 452, SUM = 6988119.99999993, bChange = 0.0188446, totNum = 3001
ROUND = 453, SUM = 6988119.99999991, bChange = 0.0188445, totNum = 2983
ROUND = 454, SUM = 6988119.99999987, bChange = 0.0188444, totNum = 2961
ROUND = 455, SUM = 6988119.99999993, bChange = 0.0188443, totNum = 2951
ROUND = 456, SUM = 6988119.99999986, bChange = 0.0188442, totNum = 2938
ROUND = 457, SUM = 6988119.99999992, bChange = 0.0188442, totNum = 2925
ROUND = 458, SUM = 6988119.9999999, bChange = 0.0188441, totNum = 2914
ROUND = 459, SUM = 6988119.99999993, bChange = 0.018844, totNum = 2902
ROUND = 460, SUM = 6988119.99999989, bChange = 0.0188439, totNum = 2891
ROUND = 461, SUM = 6988119.99999988, bChange = 0.0188438, totNum = 2878
ROUND = 462, SUM = 6988119.99999991, bChange = 0.0188438, totNum = 2872
ROUND = 463, SUM = 6988119.99999992, bChange = 0.0188437, totNum = 2867
ROUND = 464, SUM = 6988119.99999987, bChange = 0.0188436, totNum = 2861
ROUND = 465, SUM = 6988119.99999992, bChange = 0.0188435, totNum = 2849
ROUND = 466, SUM = 6988119.99999991, bChange = 0.0188435, totNum = 2839
ROUND = 467, SUM = 6988119.99999989, bChange = 0.0188434, totNum = 2826
ROUND = 468, SUM = 6988119.99999992, bChange = 0.0188433, totNum = 2815
ROUND = 469, SUM = 6988119.99999993, bChange = 0.0188432, totNum = 2802
ROUND = 470, SUM = 6988119.99999989, bChange = 0.0188432, totNum = 2794
ROUND = 471, SUM = 6988119.99999991, bChange = 0.0188431, totNum = 2789
ROUND = 472, SUM = 6988119.99999987, bChange = 0.018843, totNum = 2777
ROUND = 473, SUM = 6988119.99999992, bChange = 0.018843, totNum = 2764
ROUND = 474, SUM = 6988119.99999993, bChange = 0.0188429, totNum = 2752
ROUND = 475, SUM = 6988119.99999988, bChange = 0.0188428, totNum = 2747
ROUND = 476, SUM = 6988119.99999991, bChange = 0.0188428, totNum = 2735
ROUND = 477, SUM = 6988119.99999991, bChange = 0.0188427, totNum = 2721
ROUND = 478, SUM = 6988119.9999999, bChange = 0.0188426, totNum = 2713
ROUND = 479, SUM = 6988119.99999989, bChange = 0.0188426, totNum = 2704
ROUND = 480, SUM = 6988119.99999992, bChange = 0.0188425, totNum = 2695
ROUND = 481, SUM = 6988119.9999999, bChange = 0.0188425, totNum = 2684
ROUND = 482, SUM = 6988119.99999995, bChange = 0.0188424, totNum = 2678
ROUND = 483, SUM = 6988119.99999989, bChange = 0.0188423, totNum = 2672
ROUND = 484, SUM = 6988119.99999994, bChange = 0.0188423, totNum = 2663
ROUND = 485, SUM = 6988119.99999988, bChange = 0.0188422, totNum = 2655
ROUND = 486, SUM = 6988119.99999993, bChange = 0.0188421, totNum = 2647
ROUND = 487, SUM = 6988119.99999991, bChange = 0.0188421, totNum = 2642
ROUND = 488, SUM = 6988119.9999999, bChange = 0.018842, totNum = 2630
ROUND = 489, SUM = 6988119.9999999, bChange = 0.018842, totNum = 2624
ROUND = 490, SUM = 6988119.99999995, bChange = 0.0188419, totNum = 2610
ROUND = 491, SUM = 6988119.99999991, bChange = 0.0188419, totNum = 2604
ROUND = 492, SUM = 6988119.99999992, bChange = 0.0188418, totNum = 2597
ROUND = 493, SUM = 6988119.99999992, bChange = 0.0188417, totNum = 2584
ROUND = 494, SUM = 6988119.99999989, bChange = 0.0188417, totNum = 2573
ROUND = 495, SUM = 6988119.99999993, bChange = 0.0188416, totNum = 2565
ROUND = 496, SUM = 6988119.99999991, bChange = 0.0188416, totNum = 2557
ROUND = 497, SUM = 6988119.99999991, bChange = 0.0188415, totNum = 2549
ROUND = 498, SUM = 6988119.99999993, bChange = 0.0188415, totNum = 2544
ROUND = 499, SUM = 6988119.99999997, bChange = 0.0188414, totNum = 2535
ROUND = 500, SUM = 6988119.99999991, bChange = 0.0188414, totNum = 2529
ROUND = 501, SUM = 6988119.99999993, bChange = 0.0188413, totNum = 2523
ROUND = 502, SUM = 6988119.99999992, bChange = 0.0188413, totNum = 2517
ROUND = 503, SUM = 6988119.99999988, bChange = 0.0188412, totNum = 2507
ROUND = 504, SUM = 6988119.99999988, bChange = 0.0188412, totNum = 2502
ROUND = 505, SUM = 6988119.99999994, bChange = 0.0188411, totNum = 2497
ROUND = 506, SUM = 6988119.99999991, bChange = 0.0188411, totNum = 2490
ROUND = 507, SUM = 6988119.99999991, bChange = 0.018841, totNum = 2481
ROUND = 508, SUM = 6988119.99999994, bChange = 0.018841, totNum = 2473
ROUND = 509, SUM = 6988119.99999993, bChange = 0.0188409, totNum = 2467
ROUND = 510, SUM = 6988119.99999995, bChange = 0.0188409, totNum = 2461
ROUND = 511, SUM = 6988119.99999993, bChange = 0.0188408, totNum = 2453
ROUND = 512, SUM = 6988119.99999993, bChange = 0.0188408, totNum = 2436
ROUND = 513, SUM = 6988119.99999995, bChange = 0.0188407, totNum = 2429
ROUND = 514, SUM = 6988119.99999993, bChange = 0.0188407, totNum = 2420
ROUND = 515, SUM = 6988119.99999992, bChange = 0.0188407, totNum = 2409
ROUND = 516, SUM = 6988119.99999995, bChange = 0.0188406, totNum = 2407
ROUND = 517, SUM = 6988119.9999999, bChange = 0.0188406, totNum = 2402
ROUND = 518, SUM = 6988119.9999999, bChange = 0.0188405, totNum = 2395
ROUND = 519, SUM = 6988119.99999992, bChange = 0.0188405, totNum = 2384
ROUND = 520, SUM = 6988119.99999987, bChange = 0.0188404, totNum = 2376
ROUND = 521, SUM = 6988119.99999992, bChange = 0.0188404, totNum = 2368
ROUND = 522, SUM = 6988119.99999991, bChange = 0.0188404, totNum = 2361
ROUND = 523, SUM = 6988119.9999999, bChange = 0.0188403, totNum = 2350
ROUND = 524, SUM = 6988119.99999997, bChange = 0.0188403, totNum = 2343
ROUND = 525, SUM = 6988119.99999993, bChange = 0.0188402, totNum = 2334
ROUND = 526, SUM = 6988119.99999991, bChange = 0.0188402, totNum = 2325
ROUND = 527, SUM = 6988119.99999993, bChange = 0.0188402, totNum = 2320
ROUND = 528, SUM = 6988119.99999993, bChange = 0.0188401, totNum = 2315
ROUND = 529, SUM = 6988119.99999994, bChange = 0.0188401, totNum = 2310
ROUND = 530, SUM = 6988119.99999994, bChange = 0.01884, totNum = 2303
ROUND = 531, SUM = 6988119.99999992, bChange = 0.01884, totNum = 2293
ROUND = 532, SUM = 6988119.99999991, bChange = 0.01884, totNum = 2286
ROUND = 533, SUM = 6988119.99999991, bChange = 0.0188399, totNum = 2282
ROUND = 534, SUM = 6988119.99999994, bChange = 0.0188399, totNum = 2268
ROUND = 535, SUM = 6988119.99999993, bChange = 0.0188398, totNum = 2265
ROUND = 536, SUM = 6988119.99999991, bChange = 0.0188398, totNum = 2260
ROUND = 537, SUM = 6988119.99999992, bChange = 0.0188398, totNum = 2255
ROUND = 538, SUM = 6988119.99999987, bChange = 0.0188397, totNum = 2253
ROUND = 539, SUM = 6988119.99999991, bChange = 0.0188397, totNum = 2246
ROUND = 540, SUM = 6988119.99999996, bChange = 0.0188397, totNum = 2241
ROUND = 541, SUM = 6988119.99999993, bChange = 0.0188396, totNum = 2231
ROUND = 542, SUM = 6988119.99999993, bChange = 0.0188396, totNum = 2220
ROUND = 543, SUM = 6988119.99999991, bChange = 0.0188396, totNum = 2216
ROUND = 544, SUM = 6988119.99999991, bChange = 0.0188395, totNum = 2210
ROUND = 545, SUM = 6988119.99999998, bChange = 0.0188395, totNum = 2204
ROUND = 546, SUM = 6988119.99999991, bChange = 0.0188395, totNum = 2200
ROUND = 547, SUM = 6988119.9999999, bChange = 0.0188394, totNum = 2192
ROUND = 548, SUM = 6988119.99999993, bChange = 0.0188394, totNum = 2182
ROUND = 549, SUM = 6988119.99999995, bChange = 0.0188393, totNum = 2182
ROUND = 550, SUM = 6988119.99999992, bChange = 0.0188393, totNum = 2175
ROUND = 551, SUM = 6988119.99999991, bChange = 0.0188393, totNum = 2170
ROUND = 552, SUM = 6988119.99999992, bChange = 0.0188393, totNum = 2165
ROUND = 553, SUM = 6988119.99999991, bChange = 0.0188392, totNum = 2156
ROUND = 554, SUM = 6988119.99999995, bChange = 0.0188392, totNum = 2150
ROUND = 555, SUM = 6988119.99999993, bChange = 0.0188392, totNum = 2139
ROUND = 556, SUM = 6988119.99999993, bChange = 0.0188391, totNum = 2131
ROUND = 557, SUM = 6988119.9999999, bChange = 0.0188391, totNum = 2123
ROUND = 558, SUM = 6988119.99999991, bChange = 0.0188391, totNum = 2120
ROUND = 559, SUM = 6988119.99999991, bChange = 0.018839, totNum = 2111
ROUND = 560, SUM = 6988119.99999992, bChange = 0.018839, totNum = 2108
ROUND = 561, SUM = 6988119.99999989, bChange = 0.018839, totNum = 2105
ROUND = 562, SUM = 6988119.99999993, bChange = 0.0188389, totNum = 2098
ROUND = 563, SUM = 6988119.99999992, bChange = 0.0188389, totNum = 2095
ROUND = 564, SUM = 6988119.99999992, bChange = 0.0188389, totNum = 2088
ROUND = 565, SUM = 6988119.99999994, bChange = 0.0126786, totNum = 2079
ROUND = 566, SUM = 6988119.99999993, bChange = 0.0126787, totNum = 2074
ROUND = 567, SUM = 6988119.99999991, bChange = 0.0126787, totNum = 2073
ROUND = 568, SUM = 6988119.99999992, bChange = 0.0126788, totNum = 2067
ROUND = 569, SUM = 6988119.99999994, bChange = 0.0126788, totNum = 2060
ROUND = 570, SUM = 6988119.99999992, bChange = 0.0126788, totNum = 2050
ROUND = 571, SUM = 6988119.9999999, bChange = 0.0115177, totNum = 2043
ROUND = 572, SUM = 6988119.99999993, bChange = 0.0115179, totNum = 2040
ROUND = 573, SUM = 6988119.99999989, bChange = 0.011518, totNum = 2038
ROUND = 574, SUM = 6988119.99999992, bChange = 0.0115182, totNum = 2029
ROUND = 575, SUM = 6988119.99999993, bChange = 0.0115183, totNum = 2022
ROUND = 576, SUM = 6988119.99999996, bChange = 0.0115185, totNum = 2017
ROUND = 577, SUM = 6988119.99999993, bChange = 0.0115187, totNum = 2015
ROUND = 578, SUM = 6988119.99999994, bChange = 0.0115188, totNum = 2010
ROUND = 579, SUM = 6988119.99999993, bChange = 0.011519, totNum = 2001
ROUND = 580, SUM = 6988119.99999994, bChange = 0.0114788, totNum = 1996
ROUND = 581, SUM = 6988119.9999999, bChange = 0.011479, totNum = 1989
ROUND = 582, SUM = 6988119.99999992, bChange = 0.0134516, totNum = 1985
ROUND = 583, SUM = 6988119.99999993, bChange = 0.0131793, totNum = 1981
ROUND = 584, SUM = 6988119.99999993, bChange = 0.0129157, totNum = 1974
ROUND = 585, SUM = 6988119.99999992, bChange = 0.0126602, totNum = 1969
ROUND = 586, SUM = 6988119.99999994, bChange = 0.0124124, totNum = 1962
ROUND = 587, SUM = 6988119.99999994, bChange = 0.0121722, totNum = 1958
ROUND = 588, SUM = 6988119.99999997, bChange = 0.0119391, totNum = 1953
ROUND = 589, SUM = 6988119.99999992, bChange = 0.0117129, totNum = 1949
ROUND = 590, SUM = 6988119.99999993, bChange = 0.0114932, totNum = 1945
ROUND = 591, SUM = 6988119.99999993, bChange = 0.0114808, totNum = 1942
ROUND = 592, SUM = 6988119.99999993, bChange = 0.0114809, totNum = 1938
ROUND = 593, SUM = 6988119.99999994, bChange = 0.0114811, totNum = 1929
ROUND = 594, SUM = 6988119.99999994, bChange = 0.0114813, totNum = 1922
ROUND = 595, SUM = 6988119.99999993, bChange = 0.0114815, totNum = 1917
ROUND = 596, SUM = 6988119.99999995, bChange = 0.011459, totNum = 1908
ROUND = 597, SUM = 6988119.99999996, bChange = 0.011461, totNum = 1901
ROUND = 598, SUM = 6988119.99999991, bChange = 0.0114629, totNum = 1898
ROUND = 599, SUM = 6988119.99999995, bChange = 0.0114649, totNum = 1892
ROUND = 600, SUM = 6988119.99999995, bChange = 0.0114668, totNum = 1883
ROUND = 601, SUM = 6988119.99999993, bChange = 0.0114687, totNum = 1880
ROUND = 602, SUM = 6988119.9999999, bChange = 0.0114707, totNum = 1874
ROUND = 603, SUM = 6988119.9999999, bChange = 0.0114726, totNum = 1867
ROUND = 604, SUM = 6988119.99999995, bChange = 0.0114745, totNum = 1862
ROUND = 605, SUM = 6988119.99999992, bChange = 0.0114764, totNum = 1857
ROUND = 606, SUM = 6988119.99999998, bChange = 0.0114783, totNum = 1852
ROUND = 607, SUM = 6988119.99999992, bChange = 0.0114802, totNum = 1847
ROUND = 608, SUM = 6988119.99999992, bChange = 0.0114821, totNum = 1846
ROUND = 609, SUM = 6988119.99999991, bChange = 0.0114839, totNum = 1844
ROUND = 610, SUM = 6988119.99999992, bChange = 0.0114858, totNum = 1838
ROUND = 611, SUM = 6988119.99999996, bChange = 0.0114877, totNum = 1836
ROUND = 612, SUM = 6988119.99999993, bChange = 0.011048, totNum = 1827
ROUND = 613, SUM = 6988119.99999992, bChange = 0.0110529, totNum = 1818
ROUND = 614, SUM = 6988119.99999993, bChange = 0.0110578, totNum = 1813
ROUND = 615, SUM = 6988119.99999993, bChange = 0.0110626, totNum = 1810
ROUND = 616, SUM = 6988119.99999994, bChange = 0.0110675, totNum = 1807
ROUND = 617, SUM = 6988119.99999992, bChange = 0.0110723, totNum = 1799
ROUND = 618, SUM = 6988119.99999992, bChange = 0.0110771, totNum = 1796
ROUND = 619, SUM = 6988119.99999996, bChange = 0.0110819, totNum = 1790
ROUND = 620, SUM = 6988119.99999999, bChange = 0.0110866, totNum = 1783
ROUND = 621, SUM = 6988119.99999994, bChange = 0.0110914, totNum = 1779
ROUND = 622, SUM = 6988119.99999994, bChange = 0.0110961, totNum = 1775
ROUND = 623, SUM = 6988119.9999999, bChange = 0.0111009, totNum = 1769
ROUND = 624, SUM = 6988119.99999992, bChange = 0.0111056, totNum = 1767
ROUND = 625, SUM = 6988119.99999994, bChange = 0.0111102, totNum = 1761
ROUND = 626, SUM = 6988119.99999995, bChange = 0.0111149, totNum = 1757
ROUND = 627, SUM = 6988119.9999999, bChange = 0.0111196, totNum = 1753
ROUND = 628, SUM = 6988119.99999992, bChange = 0.0111242, totNum = 1747
ROUND = 629, SUM = 6988119.99999991, bChange = 0.0111289, totNum = 1743
ROUND = 630, SUM = 6988119.99999991, bChange = 0.0111335, totNum = 1740
ROUND = 631, SUM = 6988119.99999991, bChange = 0.0111381, totNum = 1735
ROUND = 632, SUM = 6988119.9999999, bChange = 0.0111427, totNum = 1732
ROUND = 633, SUM = 6988119.99999993, bChange = 0.0111472, totNum = 1730
ROUND = 634, SUM = 6988119.9999999, bChange = 0.0111518, totNum = 1729
ROUND = 635, SUM = 6988119.99999992, bChange = 0.0111563, totNum = 1727
ROUND = 636, SUM = 6988119.99999991, bChange = 0.0111608, totNum = 1722
ROUND = 637, SUM = 6988119.9999999, bChange = 0.0111654, totNum = 1715
ROUND = 638, SUM = 6988119.99999991, bChange = 0.0111698, totNum = 1712
ROUND = 639, SUM = 6988119.99999994, bChange = 0.0111743, totNum = 1706
ROUND = 640, SUM = 6988119.99999988, bChange = 0.0111788, totNum = 1704
ROUND = 641, SUM = 6988119.99999993, bChange = 0.0111832, totNum = 1701
ROUND = 642, SUM = 6988119.99999994, bChange = 0.0111877, totNum = 1698
ROUND = 643, SUM = 6988119.99999989, bChange = 0.0111921, totNum = 1692
ROUND = 644, SUM = 6988119.9999999, bChange = 0.0111965, totNum = 1689
ROUND = 645, SUM = 6988119.99999992, bChange = 0.0112009, totNum = 1684
ROUND = 646, SUM = 6988119.99999995, bChange = 0.0112053, totNum = 1679
ROUND = 647, SUM = 6988119.99999991, bChange = 0.0112096, totNum = 1676
ROUND = 648, SUM = 6988119.99999992, bChange = 0.011214, totNum = 1668
ROUND = 649, SUM = 6988119.99999994, bChange = 0.0112183, totNum = 1665
ROUND = 650, SUM = 6988119.99999992, bChange = 0.0112226, totNum = 1662
ROUND = 651, SUM = 6988119.99999994, bChange = 0.0112269, totNum = 1660
ROUND = 652, SUM = 6988119.99999997, bChange = 0.0104442, totNum = 1656
ROUND = 653, SUM = 6988119.99999992, bChange = 0.0104443, totNum = 1651
ROUND = 654, SUM = 6988119.99999991, bChange = 0.0104444, totNum = 1647
ROUND = 655, SUM = 6988119.99999995, bChange = 0.0104445, totNum = 1644
ROUND = 656, SUM = 6988119.9999999, bChange = 0.0104446, totNum = 1639
ROUND = 657, SUM = 6988119.99999992, bChange = 0.0104447, totNum = 1631
ROUND = 658, SUM = 6988119.99999992, bChange = 0.0104449, totNum = 1632
ROUND = 659, SUM = 6988119.99999996, bChange = 0.010445, totNum = 1627
ROUND = 660, SUM = 6988119.99999995, bChange = 0.0104451, totNum = 1624
ROUND = 661, SUM = 6988119.99999992, bChange = 0.0104452, totNum = 1618
ROUND = 662, SUM = 6988119.99999989, bChange = 0.0104453, totNum = 1614
ROUND = 663, SUM = 6988119.99999996, bChange = 0.0104454, totNum = 1609
ROUND = 664, SUM = 6988119.9999999, bChange = 0.0104455, totNum = 1606
ROUND = 665, SUM = 6988119.99999993, bChange = 0.0104456, totNum = 1601
ROUND = 666, SUM = 6988119.9999999, bChange = 0.0104457, totNum = 1597
ROUND = 667, SUM = 6988119.9999999, bChange = 0.0104458, totNum = 1593
ROUND = 668, SUM = 6988119.99999991, bChange = 0.0104459, totNum = 1589
ROUND = 669, SUM = 6988119.99999993, bChange = 0.010446, totNum = 1583
ROUND = 670, SUM = 6988119.99999995, bChange = 0.0104461, totNum = 1580
ROUND = 671, SUM = 6988119.99999992, bChange = 0.0104462, totNum = 1576
ROUND = 672, SUM = 6988119.99999992, bChange = 0.0104463, totNum = 1572
ROUND = 673, SUM = 6988119.99999994, bChange = 0.0104464, totNum = 1570
ROUND = 674, SUM = 6988119.99999993, bChange = 0.0104465, totNum = 1562
ROUND = 675, SUM = 6988119.99999993, bChange = 0.0104466, totNum = 1557
ROUND = 676, SUM = 6988119.99999994, bChange = 0.0104466, totNum = 1555
ROUND = 677, SUM = 6988119.99999993, bChange = 0.0104467, totNum = 1552
ROUND = 678, SUM = 6988119.99999991, bChange = 0.0104468, totNum = 1549
ROUND = 679, SUM = 6988119.99999998, bChange = 0.0104469, totNum = 1547
ROUND = 680, SUM = 6988119.99999994, bChange = 0.010447, totNum = 1542
ROUND = 681, SUM = 6988119.99999997, bChange = 0.0104471, totNum = 1540
ROUND = 682, SUM = 6988119.99999994, bChange = 0.0104472, totNum = 1537
ROUND = 683, SUM = 6988119.99999997, bChange = 0.0104472, totNum = 1532
ROUND = 684, SUM = 6988119.99999992, bChange = 0.0104473, totNum = 1529
ROUND = 685, SUM = 6988119.99999991, bChange = 0.0104474, totNum = 1522
ROUND = 686, SUM = 6988119.99999991, bChange = 0.0104475, totNum = 1516
ROUND = 687, SUM = 6988119.99999996, bChange = 0.0104476, totNum = 1513
ROUND = 688, SUM = 6988119.99999998, bChange = 0.0104477, totNum = 1507
ROUND = 689, SUM = 6988119.99999998, bChange = 0.0104477, totNum = 1500
ROUND = 690, SUM = 6988119.99999993, bChange = 0.0104478, totNum = 1496
ROUND = 691, SUM = 6988119.99999995, bChange = 0.0104479, totNum = 1491
ROUND = 692, SUM = 6988119.99999989, bChange = 0.010448, totNum = 1489
ROUND = 693, SUM = 6988119.99999993, bChange = 0.010448, totNum = 1487
ROUND = 694, SUM = 6988119.9999999, bChange = 0.0104481, totNum = 1485
ROUND = 695, SUM = 6988119.99999993, bChange = 0.0104482, totNum = 1479
ROUND = 696, SUM = 6988119.99999994, bChange = 0.0104483, totNum = 1473
ROUND = 697, SUM = 6988119.99999995, bChange = 0.0104483, totNum = 1468
ROUND = 698, SUM = 6988119.99999991, bChange = 0.0104484, totNum = 1465
ROUND = 699, SUM = 6988119.99999995, bChange = 0.0104485, totNum = 1463
ROUND = 700, SUM = 6988119.99999994, bChange = 0.0104486, totNum = 1457
ROUND = 701, SUM = 6988119.99999994, bChange = 0.0104486, totNum = 1454
ROUND = 702, SUM = 6988119.99999992, bChange = 0.0104487, totNum = 1450
ROUND = 703, SUM = 6988119.99999994, bChange = 0.0104488, totNum = 1443
ROUND = 704, SUM = 6988119.99999994, bChange = 0.0104488, totNum = 1441
ROUND = 705, SUM = 6988119.99999997, bChange = 0.0104489, totNum = 1439
ROUND = 706, SUM = 6988119.99999996, bChange = 0.010449, totNum = 1435
ROUND = 707, SUM = 6988119.99999991, bChange = 0.010449, totNum = 1429
ROUND = 708, SUM = 6988119.99999995, bChange = 0.0104491, totNum = 1427
ROUND = 709, SUM = 6988119.99999992, bChange = 0.0104492, totNum = 1426
ROUND = 710, SUM = 6988119.99999996, bChange = 0.0104492, totNum = 1420
ROUND = 711, SUM = 6988119.99999996, bChange = 0.0104493, totNum = 1419
ROUND = 712, SUM = 6988119.99999994, bChange = 0.00957278, totNum = 1413
ROUND = 713, SUM = 6988119.99999994, bChange = 0.00957308, totNum = 1408
ROUND = 714, SUM = 6988119.99999996, bChange = 0.00957337, totNum = 1404
ROUND = 715, SUM = 6988119.99999993, bChange = 0.00957366, totNum = 1402
ROUND = 716, SUM = 6988119.99999996, bChange = 0.00957395, totNum = 1400
ROUND = 717, SUM = 6988119.99999991, bChange = 0.00957423, totNum = 1399
ROUND = 718, SUM = 6988119.99999991, bChange = 0.00957452, totNum = 1394
ROUND = 719, SUM = 6988119.99999993, bChange = 0.0095748, totNum = 1390
ROUND = 720, SUM = 6988119.99999992, bChange = 0.00957508, totNum = 1389
ROUND = 721, SUM = 6988119.99999992, bChange = 0.00957536, totNum = 1383
ROUND = 722, SUM = 6988119.99999993, bChange = 0.00957563, totNum = 1376
ROUND = 723, SUM = 6988119.99999994, bChange = 0.00957591, totNum = 1370
ROUND = 724, SUM = 6988119.99999991, bChange = 0.00957618, totNum = 1364
ROUND = 725, SUM = 6988119.99999992, bChange = 0.00957645, totNum = 1359
ROUND = 726, SUM = 6988119.99999993, bChange = 0.00957672, totNum = 1355
ROUND = 727, SUM = 6988119.99999996, bChange = 0.00957698, totNum = 1352
ROUND = 728, SUM = 6988119.99999996, bChange = 0.00957725, totNum = 1347
ROUND = 729, SUM = 6988119.99999995, bChange = 0.00957751, totNum = 1342
ROUND = 730, SUM = 6988119.99999992, bChange = 0.00957777, totNum = 1342
ROUND = 731, SUM = 6988119.99999993, bChange = 0.00957803, totNum = 1340
ROUND = 732, SUM = 6988119.99999991, bChange = 0.00957829, totNum = 1338
ROUND = 733, SUM = 6988119.99999994, bChange = 0.00957854, totNum = 1336
ROUND = 734, SUM = 6988119.99999996, bChange = 0.0095788, totNum = 1334
ROUND = 735, SUM = 6988119.99999995, bChange = 0.00957905, totNum = 1331
ROUND = 736, SUM = 6988119.99999993, bChange = 0.0095793, totNum = 1331
ROUND = 737, SUM = 6988119.99999997, bChange = 0.00957955, totNum = 1327
ROUND = 738, SUM = 6988119.99999993, bChange = 0.0095798, totNum = 1326
ROUND = 739, SUM = 6988119.99999997, bChange = 0.00958004, totNum = 1322
ROUND = 740, SUM = 6988119.99999997, bChange = 0.00958029, totNum = 1320
ROUND = 741, SUM = 6988119.99999992, bChange = 0.00958053, totNum = 1313
ROUND = 742, SUM = 6988119.99999993, bChange = 0.00958077, totNum = 1309
ROUND = 743, SUM = 6988119.99999997, bChange = 0.00958101, totNum = 1306
ROUND = 744, SUM = 6988119.99999993, bChange = 0.00958124, totNum = 1303
ROUND = 745, SUM = 6988120.00000001, bChange = 0.00958148, totNum = 1299
ROUND = 746, SUM = 6988119.99999995, bChange = 0.00958171, totNum = 1297
ROUND = 747, SUM = 6988119.99999995, bChange = 0.00958194, totNum = 1292
ROUND = 748, SUM = 6988119.99999993, bChange = 0.00958218, totNum = 1290
ROUND = 749, SUM = 6988119.99999993, bChange = 0.0095824, totNum = 1285
ROUND = 750, SUM = 6988119.99999995, bChange = 0.00958263, totNum = 1285
ROUND = 751, SUM = 6988119.99999994, bChange = 0.00958286, totNum = 1283
ROUND = 752, SUM = 6988119.99999994, bChange = 0.00958308, totNum = 1278
ROUND = 753, SUM = 6988119.99999996, bChange = 0.0095833, totNum = 1274
ROUND = 754, SUM = 6988119.99999995, bChange = 0.00958353, totNum = 1271
ROUND = 755, SUM = 6988119.99999996, bChange = 0.00958374, totNum = 1266
ROUND = 756, SUM = 6988119.99999996, bChange = 0.00958396, totNum = 1266
ROUND = 757, SUM = 6988119.99999994, bChange = 0.00958418, totNum = 1264
ROUND = 758, SUM = 6988119.99999998, bChange = 0.0095844, totNum = 1263
ROUND = 759, SUM = 6988119.99999993, bChange = 0.00958461, totNum = 1260
ROUND = 760, SUM = 6988119.99999996, bChange = 0.00958482, totNum = 1257
ROUND = 761, SUM = 6988119.99999991, bChange = 0.00958503, totNum = 1256
ROUND = 762, SUM = 6988119.99999995, bChange = 0.00958524, totNum = 1253
ROUND = 763, SUM = 6988119.99999994, bChange = 0.00958545, totNum = 1252
ROUND = 764, SUM = 6988119.99999995, bChange = 0.00958566, totNum = 1252
ROUND = 765, SUM = 6988119.99999993, bChange = 0.00958586, totNum = 1250
ROUND = 766, SUM = 6988119.99999995, bChange = 0.00958606, totNum = 1248
ROUND = 767, SUM = 6988119.99999992, bChange = 0.00958627, totNum = 1244
ROUND = 768, SUM = 6988119.99999992, bChange = 0.00958647, totNum = 1239
ROUND = 769, SUM = 6988119.99999995, bChange = 0.00958667, totNum = 1235
ROUND = 770, SUM = 6988119.99999995, bChange = 0.00958687, totNum = 1233
ROUND = 771, SUM = 6988119.99999996, bChange = 0.00958706, totNum = 1230
ROUND = 772, SUM = 6988119.99999994, bChange = 0.00958726, totNum = 1229
ROUND = 773, SUM = 6988119.99999997, bChange = 0.00958745, totNum = 1227
ROUND = 774, SUM = 6988119.99999993, bChange = 0.00958765, totNum = 1225
ROUND = 775, SUM = 6988119.99999993, bChange = 0.00958784, totNum = 1222
ROUND = 776, SUM = 6988119.99999992, bChange = 0.00958803, totNum = 1218
ROUND = 777, SUM = 6988119.99999992, bChange = 0.00958822, totNum = 1215
ROUND = 778, SUM = 6988119.99999993, bChange = 0.0095884, totNum = 1213
ROUND = 779, SUM = 6988119.99999995, bChange = 0.00958859, totNum = 1210
ROUND = 780, SUM = 6988119.99999998, bChange = 0.00958878, totNum = 1208
ROUND = 781, SUM = 6988119.99999993, bChange = 0.00958896, totNum = 1203
ROUND = 782, SUM = 6988119.99999994, bChange = 0.00958914, totNum = 1200
ROUND = 783, SUM = 6988119.99999995, bChange = 0.00858881, totNum = 1194
ROUND = 784, SUM = 6988119.99999998, bChange = 0.00858881, totNum = 1190
ROUND = 785, SUM = 6988119.99999995, bChange = 0.00858881, totNum = 1189
ROUND = 786, SUM = 6988119.99999997, bChange = 0.00858881, totNum = 1189
ROUND = 787, SUM = 6988119.99999994, bChange = 0.0085888, totNum = 1185
ROUND = 788, SUM = 6988119.99999993, bChange = 0.0085888, totNum = 1180
ROUND = 789, SUM = 6988119.99999997, bChange = 0.0085888, totNum = 1175
ROUND = 790, SUM = 6988119.99999996, bChange = 0.0085888, totNum = 1168
ROUND = 791, SUM = 6988119.99999997, bChange = 0.0085888, totNum = 1167
ROUND = 792, SUM = 6988119.99999993, bChange = 0.0085888, totNum = 1163
ROUND = 793, SUM = 6988119.99999996, bChange = 0.0085888, totNum = 1161
ROUND = 794, SUM = 6988119.99999993, bChange = 0.0085888, totNum = 1161
ROUND = 795, SUM = 6988119.99999991, bChange = 0.0085888, totNum = 1161
ROUND = 796, SUM = 6988119.99999993, bChange = 0.0085888, totNum = 1159
ROUND = 797, SUM = 6988119.99999995, bChange = 0.0085888, totNum = 1157
ROUND = 798, SUM = 6988119.99999995, bChange = 0.0085888, totNum = 1155
ROUND = 799, SUM = 6988119.99999992, bChange = 0.00858879, totNum = 1153
ROUND = 800, SUM = 6988119.99999997, bChange = 0.00858879, totNum = 1153
ROUND = 801, SUM = 6988119.99999992, bChange = 0.00858879, totNum = 1151
ROUND = 802, SUM = 6988119.99999993, bChange = 0.00858879, totNum = 1145
ROUND = 803, SUM = 6988119.99999995, bChange = 0.00858879, totNum = 1143
ROUND = 804, SUM = 6988119.99999993, bChange = 0.00858879, totNum = 1141
ROUND = 805, SUM = 6988119.99999994, bChange = 0.00858879, totNum = 1137
ROUND = 806, SUM = 6988119.99999995, bChange = 0.00858879, totNum = 1134
ROUND = 807, SUM = 6988119.99999993, bChange = 0.00858879, totNum = 1132
ROUND = 808, SUM = 6988119.99999993, bChange = 0.00858879, totNum = 1131
ROUND = 809, SUM = 6988119.99999991, bChange = 0.00858879, totNum = 1128
ROUND = 810, SUM = 6988119.99999995, bChange = 0.00858879, totNum = 1127
ROUND = 811, SUM = 6988119.99999997, bChange = 0.00858879, totNum = 1124
ROUND = 812, SUM = 6988119.99999996, bChange = 0.00858878, totNum = 1124
ROUND = 813, SUM = 6988119.99999996, bChange = 0.00858878, totNum = 1120
ROUND = 814, SUM = 6988119.99999991, bChange = 0.00858878, totNum = 1116
ROUND = 815, SUM = 6988119.99999994, bChange = 0.00858878, totNum = 1111
ROUND = 816, SUM = 6988119.99999994, bChange = 0.00858878, totNum = 1107
ROUND = 817, SUM = 6988119.99999996, bChange = 0.00858878, totNum = 1106
ROUND = 818, SUM = 6988119.99999997, bChange = 0.00858878, totNum = 1103
ROUND = 819, SUM = 6988119.99999996, bChange = 0.00858878, totNum = 1100
ROUND = 820, SUM = 6988119.99999992, bChange = 0.00858878, totNum = 1098
ROUND = 821, SUM = 6988119.99999997, bChange = 0.00858878, totNum = 1098
ROUND = 822, SUM = 6988119.99999993, bChange = 0.00858878, totNum = 1096
ROUND = 823, SUM = 6988119.99999989, bChange = 0.00858878, totNum = 1095
ROUND = 824, SUM = 6988119.99999994, bChange = 0.00858878, totNum = 1094
ROUND = 825, SUM = 6988119.99999998, bChange = 0.00858878, totNum = 1089
ROUND = 826, SUM = 6988119.99999998, bChange = 0.00858878, totNum = 1086
ROUND = 827, SUM = 6988119.99999991, bChange = 0.00858877, totNum = 1081
ROUND = 828, SUM = 6988119.99999994, bChange = 0.00858877, totNum = 1078
ROUND = 829, SUM = 6988119.99999994, bChange = 0.00858877, totNum = 1077
ROUND = 830, SUM = 6988119.99999991, bChange = 0.00858877, totNum = 1076
ROUND = 831, SUM = 6988119.99999996, bChange = 0.00858877, totNum = 1076
ROUND = 832, SUM = 6988119.99999997, bChange = 0.00858877, totNum = 1074
ROUND = 833, SUM = 6988119.99999996, bChange = 0.00858877, totNum = 1073
ROUND = 834, SUM = 6988119.99999991, bChange = 0.00858877, totNum = 1070
ROUND = 835, SUM = 6988119.99999993, bChange = 0.00858877, totNum = 1068
ROUND = 836, SUM = 6988119.99999992, bChange = 0.00858877, totNum = 1066
ROUND = 837, SUM = 6988119.99999994, bChange = 0.00858877, totNum = 1066
ROUND = 838, SUM = 6988119.99999994, bChange = 0.00858877, totNum = 1065
ROUND = 839, SUM = 6988119.99999992, bChange = 0.00858877, totNum = 1063
ROUND = 840, SUM = 6988119.99999994, bChange = 0.00858877, totNum = 1063
ROUND = 841, SUM = 6988119.99999995, bChange = 0.00858877, totNum = 1059
ROUND = 842, SUM = 6988119.99999996, bChange = 0.00858877, totNum = 1057
ROUND = 843, SUM = 6988119.99999995, bChange = 0.00858877, totNum = 1057
ROUND = 844, SUM = 6988119.99999997, bChange = 0.00858876, totNum = 1053
ROUND = 845, SUM = 6988119.99999997, bChange = 0.00858876, totNum = 1053
ROUND = 846, SUM = 6988119.99999994, bChange = 0.00858876, totNum = 1050
ROUND = 847, SUM = 6988119.99999995, bChange = 0.00858876, totNum = 1047
ROUND = 848, SUM = 6988120, bChange = 0.00858876, totNum = 1046
ROUND = 849, SUM = 6988119.99999992, bChange = 0.00858876, totNum = 1042
ROUND = 850, SUM = 6988119.99999996, bChange = 0.00858876, totNum = 1037
ROUND = 851, SUM = 6988119.99999996, bChange = 0.00858876, totNum = 1036
ROUND = 852, SUM = 6988119.99999995, bChange = 0.00858876, totNum = 1034
ROUND = 853, SUM = 6988119.99999995, bChange = 0.00858876, totNum = 1032
ROUND = 854, SUM = 6988119.99999995, bChange = 0.00858876, totNum = 1026
ROUND = 855, SUM = 6988119.99999995, bChange = 0.00858876, totNum = 1025
ROUND = 856, SUM = 6988119.99999995, bChange = 0.00858876, totNum = 1024
ROUND = 857, SUM = 6988119.99999998, bChange = 0.00858876, totNum = 1023
ROUND = 858, SUM = 6988119.99999996, bChange = 0.00858876, totNum = 1021
ROUND = 859, SUM = 6988119.99999999, bChange = 0.00858876, totNum = 1018
ROUND = 860, SUM = 6988119.99999997, bChange = 0.00858876, totNum = 1018
ROUND = 861, SUM = 6988119.99999993, bChange = 0.00858876, totNum = 1014
ROUND = 862, SUM = 6988119.99999993, bChange = 0.00858876, totNum = 1012
ROUND = 863, SUM = 6988119.99999992, bChange = 0.00858876, totNum = 1011
ROUND = 864, SUM = 6988119.99999993, bChange = 0.00858875, totNum = 1010
ROUND = 865, SUM = 6988119.99999992, bChange = 0.00858875, totNum = 1007
ROUND = 866, SUM = 6988119.99999996, bChange = 0.00858875, totNum = 1003
ROUND = 867, SUM = 6988119.99999994, bChange = 0.00858875, totNum = 997
ROUND = 868, SUM = 6988119.99999992, bChange = 0.00858875, totNum = 996
ROUND = 869, SUM = 6988119.99999995, bChange = 0.00858875, totNum = 995
ROUND = 870, SUM = 6988119.99999993, bChange = 0.00858875, totNum = 993
ROUND = 871, SUM = 6988119.99999996, bChange = 0.00858875, totNum = 990
ROUND = 872, SUM = 6988119.99999994, bChange = 0.00858875, totNum = 984
ROUND = 873, SUM = 6988119.99999993, bChange = 0.00858875, totNum = 981
ROUND = 874, SUM = 6988119.99999998, bChange = 0.00858875, totNum = 978
ROUND = 875, SUM = 6988119.99999996, bChange = 0.00858875, totNum = 977
ROUND = 876, SUM = 6988119.99999994, bChange = 0.00858875, totNum = 976
ROUND = 877, SUM = 6988119.99999992, bChange = 0.00858875, totNum = 973
ROUND = 878, SUM = 6988119.99999997, bChange = 0.00858875, totNum = 971
ROUND = 879, SUM = 6988119.99999997, bChange = 0.00858875, totNum = 969
ROUND = 880, SUM = 6988119.99999998, bChange = 0.00858875, totNum = 969
ROUND = 881, SUM = 6988119.99999997, bChange = 0.00858875, totNum = 967
ROUND = 882, SUM = 6988119.99999997, bChange = 0.00858875, totNum = 965
ROUND = 883, SUM = 6988119.99999992, bChange = 0.00858875, totNum = 963
ROUND = 884, SUM = 6988119.99999994, bChange = 0.00858875, totNum = 959
ROUND = 885, SUM = 6988119.99999995, bChange = 0.00858875, totNum = 957
ROUND = 886, SUM = 6988119.99999999, bChange = 0.00858875, totNum = 955
ROUND = 887, SUM = 6988119.99999997, bChange = 0.00858875, totNum = 954
ROUND = 888, SUM = 6988119.99999993, bChange = 0.00858874, totNum = 953
ROUND = 889, SUM = 6988119.99999994, bChange = 0.00858874, totNum = 952
ROUND = 890, SUM = 6988119.99999994, bChange = 0.00858874, totNum = 951
ROUND = 891, SUM = 6988119.99999996, bChange = 0.00858874, totNum = 947
ROUND = 892, SUM = 6988119.99999993, bChange = 0.00858874, totNum = 944
ROUND = 893, SUM = 6988119.99999994, bChange = 0.00858874, totNum = 941
ROUND = 894, SUM = 6988119.99999997, bChange = 0.00858874, totNum = 941
ROUND = 895, SUM = 6988119.99999999, bChange = 0.00858874, totNum = 939
ROUND = 896, SUM = 6988119.99999997, bChange = 0.00858874, totNum = 936
ROUND = 897, SUM = 6988119.99999995, bChange = 0.00858874, totNum = 935
ROUND = 898, SUM = 6988119.99999999, bChange = 0.00858874, totNum = 934
ROUND = 899, SUM = 6988119.99999995, bChange = 0.00858874, totNum = 932
ROUND = 900, SUM = 6988119.99999994, bChange = 0.00858874, totNum = 931
ROUND = 901, SUM = 6988119.99999994, bChange = 0.00858874, totNum = 928
ROUND = 902, SUM = 6988119.99999994, bChange = 0.00858874, totNum = 925
ROUND = 903, SUM = 6988119.99999991, bChange = 0.00858874, totNum = 923
ROUND = 904, SUM = 6988119.99999998, bChange = 0.00858874, totNum = 921
ROUND = 905, SUM = 6988119.99999995, bChange = 0.00858874, totNum = 919
ROUND = 906, SUM = 6988119.99999996, bChange = 0.00858874, totNum = 917
ROUND = 907, SUM = 6988119.99999994, bChange = 0.00858874, totNum = 915
ROUND = 908, SUM = 6988119.99999996, bChange = 0.00858874, totNum = 912
ROUND = 909, SUM = 6988119.99999993, bChange = 0.00858874, totNum = 910
ROUND = 910, SUM = 6988119.99999992, bChange = 0.00858874, totNum = 909
ROUND = 911, SUM = 6988119.99999994, bChange = 0.00858874, totNum = 908
ROUND = 912, SUM = 6988119.99999993, bChange = 0.00858874, totNum = 903
ROUND = 913, SUM = 6988119.99999994, bChange = 0.00858874, totNum = 903
ROUND = 914, SUM = 6988119.99999996, bChange = 0.00858874, totNum = 899
ROUND = 915, SUM = 6988119.99999995, bChange = 0.00858874, totNum = 895
ROUND = 916, SUM = 6988119.99999996, bChange = 0.00858874, totNum = 891
ROUND = 917, SUM = 6988119.99999994, bChange = 0.00858874, totNum = 888
ROUND = 918, SUM = 6988119.99999994, bChange = 0.00858873, totNum = 886
ROUND = 919, SUM = 6988119.99999995, bChange = 0.00858873, totNum = 883
ROUND = 920, SUM = 6988119.99999991, bChange = 0.00858873, totNum = 882
ROUND = 921, SUM = 6988119.99999994, bChange = 0.00858873, totNum = 880
ROUND = 922, SUM = 6988119.99999996, bChange = 0.00858873, totNum = 880
ROUND = 923, SUM = 6988119.99999993, bChange = 0.00858873, totNum = 879
ROUND = 924, SUM = 6988119.99999994, bChange = 0.00858873, totNum = 878
ROUND = 925, SUM = 6988119.99999995, bChange = 0.00858873, totNum = 876
ROUND = 926, SUM = 6988119.99999995, bChange = 0.00858873, totNum = 876
ROUND = 927, SUM = 6988119.99999991, bChange = 0.00858873, totNum = 875
ROUND = 928, SUM = 6988119.99999992, bChange = 0.00858873, totNum = 874
ROUND = 929, SUM = 6988119.99999994, bChange = 0.00858873, totNum = 872
ROUND = 930, SUM = 6988119.99999997, bChange = 0.00858873, totNum = 869
ROUND = 931, SUM = 6988119.99999995, bChange = 0.00858873, totNum = 869
ROUND = 932, SUM = 6988119.99999996, bChange = 0.00858873, totNum = 867
ROUND = 933, SUM = 6988119.99999994, bChange = 0.00858873, totNum = 866
ROUND = 934, SUM = 6988119.99999994, bChange = 0.00858873, totNum = 864
ROUND = 935, SUM = 6988119.99999992, bChange = 0.00858873, totNum = 863
ROUND = 936, SUM = 6988119.99999993, bChange = 0.00858873, totNum = 862
ROUND = 937, SUM = 6988119.99999995, bChange = 0.00858873, totNum = 861
ROUND = 938, SUM = 6988119.99999992, bChange = 0.00858873, totNum = 859
ROUND = 939, SUM = 6988119.99999993, bChange = 0.00858873, totNum = 858
ROUND = 940, SUM = 6988119.99999996, bChange = 0.00858873, totNum = 854
ROUND = 941, SUM = 6988119.9999999, bChange = 0.00858873, totNum = 854
ROUND = 942, SUM = 6988119.99999994, bChange = 0.00858873, totNum = 851
ROUND = 943, SUM = 6988119.99999994, bChange = 0.00858873, totNum = 850
ROUND = 944, SUM = 6988119.99999995, bChange = 0.00858873, totNum = 848
ROUND = 945, SUM = 6988119.99999996, bChange = 0.00858873, totNum = 845
ROUND = 946, SUM = 6988119.99999995, bChange = 0.00858873, totNum = 843
ROUND = 947, SUM = 6988119.9999999, bChange = 0.00858873, totNum = 842
ROUND = 948, SUM = 6988119.99999993, bChange = 0.00858873, totNum = 841
ROUND = 949, SUM = 6988119.99999994, bChange = 0.00858873, totNum = 841
ROUND = 950, SUM = 6988119.99999996, bChange = 0.00858873, totNum = 841
ROUND = 951, SUM = 6988119.99999992, bChange = 0.00858873, totNum = 840
ROUND = 952, SUM = 6988119.99999991, bChange = 0.00858873, totNum = 836
ROUND = 953, SUM = 6988119.99999993, bChange = 0.00858873, totNum = 835
ROUND = 954, SUM = 6988119.99999991, bChange = 0.00858873, totNum = 834
ROUND = 955, SUM = 6988119.99999995, bChange = 0.00858873, totNum = 833
ROUND = 956, SUM = 6988119.99999995, bChange = 0.00858873, totNum = 830
ROUND = 957, SUM = 6988119.99999996, bChange = 0.00858873, totNum = 829
ROUND = 958, SUM = 6988119.99999993, bChange = 0.00858873, totNum = 828
ROUND = 959, SUM = 6988119.99999995, bChange = 0.00858873, totNum = 826
ROUND = 960, SUM = 6988119.99999995, bChange = 0.00751371, totNum = 825
ROUND = 961, SUM = 6988119.99999992, bChange = 0.00751372, totNum = 825
ROUND = 962, SUM = 6988119.99999994, bChange = 0.00751373, totNum = 821
ROUND = 963, SUM = 6988119.99999994, bChange = 0.00751374, totNum = 818
ROUND = 964, SUM = 6988119.99999994, bChange = 0.00751375, totNum = 817
ROUND = 965, SUM = 6988119.99999996, bChange = 0.00751376, totNum = 814
ROUND = 966, SUM = 6988119.99999994, bChange = 0.00751376, totNum = 814
ROUND = 967, SUM = 6988119.99999993, bChange = 0.00751377, totNum = 811
ROUND = 968, SUM = 6988119.99999995, bChange = 0.00751378, totNum = 810
ROUND = 969, SUM = 6988119.99999994, bChange = 0.00751379, totNum = 810
ROUND = 970, SUM = 6988119.99999992, bChange = 0.0075138, totNum = 807
ROUND = 971, SUM = 6988119.99999994, bChange = 0.00751381, totNum = 804
ROUND = 972, SUM = 6988119.99999993, bChange = 0.00751382, totNum = 802
ROUND = 973, SUM = 6988119.99999995, bChange = 0.00751383, totNum = 801
ROUND = 974, SUM = 6988119.99999996, bChange = 0.00751383, totNum = 800
ROUND = 975, SUM = 6988119.99999994, bChange = 0.00751384, totNum = 798
ROUND = 976, SUM = 6988119.99999997, bChange = 0.00751385, totNum = 797
ROUND = 977, SUM = 6988119.99999994, bChange = 0.00751386, totNum = 796
ROUND = 978, SUM = 6988119.99999994, bChange = 0.00751387, totNum = 791
ROUND = 979, SUM = 6988119.99999996, bChange = 0.00751388, totNum = 789
ROUND = 980, SUM = 6988119.99999995, bChange = 0.00751388, totNum = 787
ROUND = 981, SUM = 6988119.99999995, bChange = 0.00751389, totNum = 786
ROUND = 982, SUM = 6988119.99999997, bChange = 0.0075139, totNum = 786
ROUND = 983, SUM = 6988119.99999994, bChange = 0.00751391, totNum = 785
ROUND = 984, SUM = 6988119.99999994, bChange = 0.00751392, totNum = 784
ROUND = 985, SUM = 6988119.99999995, bChange = 0.00751392, totNum = 784
ROUND = 986, SUM = 6988119.99999994, bChange = 0.00751393, totNum = 784
ROUND = 987, SUM = 6988119.99999993, bChange = 0.00751394, totNum = 783
ROUND = 988, SUM = 6988119.99999995, bChange = 0.00751395, totNum = 783
ROUND = 989, SUM = 6988119.99999997, bChange = 0.00751395, totNum = 779
ROUND = 990, SUM = 6988119.99999995, bChange = 0.00751396, totNum = 778
ROUND = 991, SUM = 6988119.99999996, bChange = 0.00751397, totNum = 776
ROUND = 992, SUM = 6988119.99999995, bChange = 0.00751398, totNum = 775
ROUND = 993, SUM = 6988119.99999994, bChange = 0.00751398, totNum = 771
ROUND = 994, SUM = 6988119.99999996, bChange = 0.00751399, totNum = 769
ROUND = 995, SUM = 6988119.99999997, bChange = 0.007514, totNum = 767
ROUND = 996, SUM = 6988119.99999997, bChange = 0.007514, totNum = 763
ROUND = 997, SUM = 6988119.99999995, bChange = 0.00751401, totNum = 760
ROUND = 998, SUM = 6988119.99999994, bChange = 0.00751402, totNum = 759
ROUND = 999, SUM = 6988119.99999995, bChange = 0.00751403, totNum = 758
ROUND = 1000, SUM = 6988119.99999993, bChange = 0.00751403, totNum = 758
ROUND = 1001, SUM = 6988119.99999997, bChange = 0.00751404, totNum = 756
ROUND = 1002, SUM = 6988119.99999994, bChange = 0.00751405, totNum = 754
ROUND = 1003, SUM = 6988119.99999995, bChange = 0.00751405, totNum = 754
ROUND = 1004, SUM = 6988119.99999993, bChange = 0.00751406, totNum = 755
ROUND = 1005, SUM = 6988119.99999995, bChange = 0.00751407, totNum = 752
ROUND = 1006, SUM = 6988119.99999995, bChange = 0.00751407, totNum = 751
ROUND = 1007, SUM = 6988119.99999994, bChange = 0.00751408, totNum = 748
ROUND = 1008, SUM = 6988119.99999998, bChange = 0.00751409, totNum = 747
ROUND = 1009, SUM = 6988119.99999995, bChange = 0.00751409, totNum = 743
ROUND = 1010, SUM = 6988119.99999994, bChange = 0.0075141, totNum = 739
ROUND = 1011, SUM = 6988119.99999995, bChange = 0.00751411, totNum = 738
ROUND = 1012, SUM = 6988119.99999993, bChange = 0.00751411, totNum = 738
ROUND = 1013, SUM = 6988119.99999998, bChange = 0.00751412, totNum = 736
ROUND = 1014, SUM = 6988119.99999995, bChange = 0.00751413, totNum = 736
ROUND = 1015, SUM = 6988119.99999994, bChange = 0.00751413, totNum = 731
ROUND = 1016, SUM = 6988119.99999999, bChange = 0.00751414, totNum = 729
ROUND = 1017, SUM = 6988119.99999997, bChange = 0.00751414, totNum = 727
ROUND = 1018, SUM = 6988119.99999995, bChange = 0.00751415, totNum = 724
ROUND = 1019, SUM = 6988119.99999993, bChange = 0.00751416, totNum = 724
ROUND = 1020, SUM = 6988119.99999995, bChange = 0.00751416, totNum = 723
ROUND = 1021, SUM = 6988119.99999995, bChange = 0.00751417, totNum = 723
ROUND = 1022, SUM = 6988119.99999996, bChange = 0.00751417, totNum = 722
ROUND = 1023, SUM = 6988119.99999996, bChange = 0.00751418, totNum = 722
ROUND = 1024, SUM = 6988119.99999997, bChange = 0.00751419, totNum = 719
ROUND = 1025, SUM = 6988119.99999997, bChange = 0.00751419, totNum = 718
ROUND = 1026, SUM = 6988119.99999994, bChange = 0.0075142, totNum = 718
ROUND = 1027, SUM = 6988119.99999996, bChange = 0.0075142, totNum = 717
ROUND = 1028, SUM = 6988119.99999996, bChange = 0.00751421, totNum = 716
ROUND = 1029, SUM = 6988119.99999996, bChange = 0.00751421, totNum = 715
ROUND = 1030, SUM = 6988119.99999997, bChange = 0.00751422, totNum = 714
ROUND = 1031, SUM = 6988119.99999996, bChange = 0.00751422, totNum = 713
ROUND = 1032, SUM = 6988119.99999998, bChange = 0.00751423, totNum = 712
ROUND = 1033, SUM = 6988119.99999994, bChange = 0.00751424, totNum = 710
ROUND = 1034, SUM = 6988119.99999994, bChange = 0.00751424, totNum = 710
ROUND = 1035, SUM = 6988119.99999995, bChange = 0.00751425, totNum = 709
ROUND = 1036, SUM = 6988119.99999994, bChange = 0.00751425, totNum = 704
ROUND = 1037, SUM = 6988119.99999998, bChange = 0.00751426, totNum = 703
ROUND = 1038, SUM = 6988119.99999994, bChange = 0.00751426, totNum = 702
ROUND = 1039, SUM = 6988119.99999994, bChange = 0.00751427, totNum = 701
ROUND = 1040, SUM = 6988119.99999999, bChange = 0.00751427, totNum = 698
ROUND = 1041, SUM = 6988119.99999996, bChange = 0.00751428, totNum = 697
ROUND = 1042, SUM = 6988119.99999991, bChange = 0.00751428, totNum = 697
ROUND = 1043, SUM = 6988119.99999992, bChange = 0.00751429, totNum = 697
ROUND = 1044, SUM = 6988119.99999991, bChange = 0.00751429, totNum = 697
ROUND = 1045, SUM = 6988119.99999993, bChange = 0.0075143, totNum = 697
ROUND = 1046, SUM = 6988119.99999994, bChange = 0.0075143, totNum = 696
ROUND = 1047, SUM = 6988119.99999989, bChange = 0.00751431, totNum = 695
ROUND = 1048, SUM = 6988119.99999994, bChange = 0.00751431, totNum = 695
ROUND = 1049, SUM = 6988119.99999993, bChange = 0.00751432, totNum = 694
ROUND = 1050, SUM = 6988119.99999993, bChange = 0.00751432, totNum = 693
ROUND = 1051, SUM = 6988119.99999995, bChange = 0.00751433, totNum = 692
ROUND = 1052, SUM = 6988119.99999995, bChange = 0.00751433, totNum = 691
ROUND = 1053, SUM = 6988119.99999996, bChange = 0.00751434, totNum = 690
ROUND = 1054, SUM = 6988119.99999998, bChange = 0.00751434, totNum = 689
ROUND = 1055, SUM = 6988119.99999995, bChange = 0.00751435, totNum = 686
ROUND = 1056, SUM = 6988119.99999996, bChange = 0.00751435, totNum = 684
ROUND = 1057, SUM = 6988119.99999994, bChange = 0.00751435, totNum = 681
ROUND = 1058, SUM = 6988119.99999998, bChange = 0.00751436, totNum = 678
ROUND = 1059, SUM = 6988119.99999993, bChange = 0.00751436, totNum = 672
ROUND = 1060, SUM = 6988119.99999993, bChange = 0.00751437, totNum = 671
ROUND = 1061, SUM = 6988119.99999999, bChange = 0.00751437, totNum = 667
ROUND = 1062, SUM = 6988119.99999998, bChange = 0.00751438, totNum = 667
ROUND = 1063, SUM = 6988119.99999993, bChange = 0.00751438, totNum = 666
ROUND = 1064, SUM = 6988119.99999994, bChange = 0.00751439, totNum = 663
ROUND = 1065, SUM = 6988119.99999996, bChange = 0.00751439, totNum = 660
ROUND = 1066, SUM = 6988119.99999991, bChange = 0.00751439, totNum = 658
ROUND = 1067, SUM = 6988119.99999997, bChange = 0.0075144, totNum = 655
ROUND = 1068, SUM = 6988119.99999996, bChange = 0.0075144, totNum = 655
ROUND = 1069, SUM = 6988119.99999995, bChange = 0.00751441, totNum = 655
ROUND = 1070, SUM = 6988119.99999991, bChange = 0.00751441, totNum = 654
ROUND = 1071, SUM = 6988119.99999998, bChange = 0.00751441, totNum = 651
ROUND = 1072, SUM = 6988119.99999996, bChange = 0.00751442, totNum = 648
ROUND = 1073, SUM = 6988119.99999995, bChange = 0.00751442, totNum = 646
ROUND = 1074, SUM = 6988119.99999993, bChange = 0.00751443, totNum = 642
ROUND = 1075, SUM = 6988119.99999991, bChange = 0.00751443, totNum = 642
ROUND = 1076, SUM = 6988119.99999997, bChange = 0.00751443, totNum = 638
ROUND = 1077, SUM = 6988119.99999993, bChange = 0.00751444, totNum = 636
ROUND = 1078, SUM = 6988119.99999992, bChange = 0.00751444, totNum = 636
ROUND = 1079, SUM = 6988119.99999995, bChange = 0.00751445, totNum = 636
ROUND = 1080, SUM = 6988119.99999994, bChange = 0.00751445, totNum = 637
ROUND = 1081, SUM = 6988119.99999994, bChange = 0.00751445, totNum = 635
ROUND = 1082, SUM = 6988119.99999992, bChange = 0.00751446, totNum = 634
ROUND = 1083, SUM = 6988119.99999997, bChange = 0.00751446, totNum = 633
ROUND = 1084, SUM = 6988119.99999995, bChange = 0.00751446, totNum = 633
ROUND = 1085, SUM = 6988119.99999992, bChange = 0.00751447, totNum = 633
ROUND = 1086, SUM = 6988119.99999996, bChange = 0.00751447, totNum = 632
ROUND = 1087, SUM = 6988119.99999996, bChange = 0.00751448, totNum = 629
ROUND = 1088, SUM = 6988119.99999993, bChange = 0.00751448, totNum = 625
ROUND = 1089, SUM = 6988119.99999991, bChange = 0.00751448, totNum = 622
ROUND = 1090, SUM = 6988119.99999993, bChange = 0.00751449, totNum = 621
ROUND = 1091, SUM = 6988119.99999995, bChange = 0.00751449, totNum = 619
ROUND = 1092, SUM = 6988119.99999995, bChange = 0.00751449, totNum = 618
ROUND = 1093, SUM = 6988119.99999996, bChange = 0.0075145, totNum = 618
ROUND = 1094, SUM = 6988119.99999996, bChange = 0.0075145, totNum = 616
ROUND = 1095, SUM = 6988119.99999995, bChange = 0.0075145, totNum = 613
ROUND = 1096, SUM = 6988119.99999998, bChange = 0.00751451, totNum = 612
ROUND = 1097, SUM = 6988119.99999998, bChange = 0.00751451, totNum = 611
ROUND = 1098, SUM = 6988119.99999995, bChange = 0.00751451, totNum = 610
ROUND = 1099, SUM = 6988119.99999997, bChange = 0.00751452, totNum = 607
ROUND = 1100, SUM = 6988119.99999997, bChange = 0.00751452, totNum = 605
ROUND = 1101, SUM = 6988119.99999997, bChange = 0.00751452, totNum = 603
ROUND = 1102, SUM = 6988119.99999994, bChange = 0.00751453, totNum = 602
ROUND = 1103, SUM = 6988119.99999998, bChange = 0.00751453, totNum = 601
ROUND = 1104, SUM = 6988119.99999995, bChange = 0.00751453, totNum = 600
ROUND = 1105, SUM = 6988119.99999996, bChange = 0.00751454, totNum = 599
ROUND = 1106, SUM = 6988119.99999999, bChange = 0.00751454, totNum = 598
ROUND = 1107, SUM = 6988119.99999996, bChange = 0.00751454, totNum = 598
ROUND = 1108, SUM = 6988119.99999996, bChange = 0.00751455, totNum = 597
ROUND = 1109, SUM = 6988119.99999997, bChange = 0.00751455, totNum = 594
ROUND = 1110, SUM = 6988119.99999998, bChange = 0.00751455, totNum = 593
ROUND = 1111, SUM = 6988119.99999993, bChange = 0.00751455, totNum = 592
ROUND = 1112, SUM = 6988119.99999996, bChange = 0.00751456, totNum = 592
ROUND = 1113, SUM = 6988119.99999995, bChange = 0.00751456, totNum = 591
ROUND = 1114, SUM = 6988119.99999998, bChange = 0.00751456, totNum = 588
ROUND = 1115, SUM = 6988119.99999996, bChange = 0.00751457, totNum = 585
ROUND = 1116, SUM = 6988119.99999998, bChange = 0.00751457, totNum = 585
ROUND = 1117, SUM = 6988119.99999996, bChange = 0.00751457, totNum = 585
ROUND = 1118, SUM = 6988119.99999996, bChange = 0.00751457, totNum = 584
ROUND = 1119, SUM = 6988119.99999992, bChange = 0.00751458, totNum = 583
ROUND = 1120, SUM = 6988119.99999996, bChange = 0.00751458, totNum = 583
ROUND = 1121, SUM = 6988119.99999995, bChange = 0.00751458, totNum = 583
ROUND = 1122, SUM = 6988119.99999999, bChange = 0.00751459, totNum = 583
ROUND = 1123, SUM = 6988119.99999995, bChange = 0.00751459, totNum = 579
ROUND = 1124, SUM = 6988119.99999993, bChange = 0.00751459, totNum = 578
ROUND = 1125, SUM = 6988119.99999995, bChange = 0.00751459, totNum = 576
ROUND = 1126, SUM = 6988119.99999994, bChange = 0.0075146, totNum = 575
ROUND = 1127, SUM = 6988119.99999999, bChange = 0.0075146, totNum = 575
ROUND = 1128, SUM = 6988119.99999997, bChange = 0.00663051, totNum = 572
ROUND = 1129, SUM = 6988119.99999997, bChange = 0.0066305, totNum = 572
ROUND = 1130, SUM = 6988119.99999996, bChange = 0.00663048, totNum = 571
ROUND = 1131, SUM = 6988119.99999995, bChange = 0.00663047, totNum = 570
ROUND = 1132, SUM = 6988119.99999995, bChange = 0.00663046, totNum = 569
ROUND = 1133, SUM = 6988119.99999996, bChange = 0.00663045, totNum = 568
ROUND = 1134, SUM = 6988119.99999996, bChange = 0.00663044, totNum = 568
ROUND = 1135, SUM = 6988119.99999996, bChange = 0.00663043, totNum = 568
ROUND = 1136, SUM = 6988119.99999995, bChange = 0.00663042, totNum = 568
ROUND = 1137, SUM = 6988119.99999996, bChange = 0.00663041, totNum = 567
ROUND = 1138, SUM = 6988119.99999995, bChange = 0.0066304, totNum = 567
ROUND = 1139, SUM = 6988119.99999994, bChange = 0.00663039, totNum = 565
ROUND = 1140, SUM = 6988119.99999995, bChange = 0.00663037, totNum = 564
ROUND = 1141, SUM = 6988119.99999993, bChange = 0.00663036, totNum = 563
ROUND = 1142, SUM = 6988119.99999993, bChange = 0.00663035, totNum = 563
ROUND = 1143, SUM = 6988119.99999997, bChange = 0.00663034, totNum = 562
ROUND = 1144, SUM = 6988119.99999994, bChange = 0.00663033, totNum = 559
ROUND = 1145, SUM = 6988119.99999993, bChange = 0.00663032, totNum = 559
ROUND = 1146, SUM = 6988119.99999992, bChange = 0.00663031, totNum = 558
ROUND = 1147, SUM = 6988119.99999995, bChange = 0.0066303, totNum = 556
ROUND = 1148, SUM = 6988119.99999995, bChange = 0.00663029, totNum = 556
ROUND = 1149, SUM = 6988119.99999996, bChange = 0.00663028, totNum = 554
ROUND = 1150, SUM = 6988119.99999999, bChange = 0.00663027, totNum = 554
ROUND = 1151, SUM = 6988119.99999997, bChange = 0.00663026, totNum = 552
ROUND = 1152, SUM = 6988119.99999995, bChange = 0.00663025, totNum = 551
ROUND = 1153, SUM = 6988119.99999995, bChange = 0.00663024, totNum = 549
ROUND = 1154, SUM = 6988119.99999995, bChange = 0.00663023, totNum = 548
ROUND = 1155, SUM = 6988119.99999997, bChange = 0.00663022, totNum = 548
ROUND = 1156, SUM = 6988119.99999993, bChange = 0.00663021, totNum = 548
ROUND = 1157, SUM = 6988119.99999996, bChange = 0.0066302, totNum = 547
ROUND = 1158, SUM = 6988119.99999997, bChange = 0.00663019, totNum = 546
ROUND = 1159, SUM = 6988119.99999997, bChange = 0.00663018, totNum = 546
ROUND = 1160, SUM = 6988119.99999993, bChange = 0.00663018, totNum = 545
ROUND = 1161, SUM = 6988119.99999995, bChange = 0.00663017, totNum = 544
ROUND = 1162, SUM = 6988119.99999997, bChange = 0.00663016, totNum = 544
ROUND = 1163, SUM = 6988119.99999996, bChange = 0.00663015, totNum = 544
ROUND = 1164, SUM = 6988119.99999992, bChange = 0.00663014, totNum = 544
ROUND = 1165, SUM = 6988119.99999995, bChange = 0.00663013, totNum = 544
ROUND = 1166, SUM = 6988119.99999999, bChange = 0.00663012, totNum = 544
ROUND = 1167, SUM = 6988119.99999994, bChange = 0.00663011, totNum = 544
ROUND = 1168, SUM = 6988119.99999996, bChange = 0.0066301, totNum = 544
ROUND = 1169, SUM = 6988119.99999993, bChange = 0.00663009, totNum = 544
ROUND = 1170, SUM = 6988119.99999995, bChange = 0.00663008, totNum = 544
ROUND = 1171, SUM = 6988119.99999996, bChange = 0.00663008, totNum = 544
ROUND = 1172, SUM = 6988119.99999994, bChange = 0.00663007, totNum = 542
ROUND = 1173, SUM = 6988119.99999993, bChange = 0.00663006, totNum = 542
ROUND = 1174, SUM = 6988119.99999994, bChange = 0.00663005, totNum = 542
ROUND = 1175, SUM = 6988119.99999995, bChange = 0.00663004, totNum = 540
ROUND = 1176, SUM = 6988119.99999997, bChange = 0.00663003, totNum = 540
ROUND = 1177, SUM = 6988119.99999996, bChange = 0.00663002, totNum = 539
ROUND = 1178, SUM = 6988119.99999993, bChange = 0.00663002, totNum = 537
ROUND = 1179, SUM = 6988119.99999996, bChange = 0.00663001, totNum = 533
ROUND = 1180, SUM = 6988119.99999999, bChange = 0.00663, totNum = 533
ROUND = 1181, SUM = 6988119.99999997, bChange = 0.00662999, totNum = 532
ROUND = 1182, SUM = 6988119.99999996, bChange = 0.00662998, totNum = 531
ROUND = 1183, SUM = 6988119.99999998, bChange = 0.00662998, totNum = 527
ROUND = 1184, SUM = 6988119.99999996, bChange = 0.00662997, totNum = 526
ROUND = 1185, SUM = 6988119.99999996, bChange = 0.00662996, totNum = 525
ROUND = 1186, SUM = 6988119.99999996, bChange = 0.00662995, totNum = 524
ROUND = 1187, SUM = 6988119.99999996, bChange = 0.00662994, totNum = 524
ROUND = 1188, SUM = 6988119.99999997, bChange = 0.00662994, totNum = 523
ROUND = 1189, SUM = 6988119.99999996, bChange = 0.00662993, totNum = 522
ROUND = 1190, SUM = 6988119.99999996, bChange = 0.00662992, totNum = 521
ROUND = 1191, SUM = 6988119.99999995, bChange = 0.00662991, totNum = 520
ROUND = 1192, SUM = 6988119.99999998, bChange = 0.0066299, totNum = 519
ROUND = 1193, SUM = 6988119.99999996, bChange = 0.0066299, totNum = 519
ROUND = 1194, SUM = 6988119.99999996, bChange = 0.00662989, totNum = 519
ROUND = 1195, SUM = 6988119.99999997, bChange = 0.00662988, totNum = 519
ROUND = 1196, SUM = 6988119.99999989, bChange = 0.00662987, totNum = 519
ROUND = 1197, SUM = 6988119.99999996, bChange = 0.00662987, totNum = 519
ROUND = 1198, SUM = 6988119.99999995, bChange = 0.00662986, totNum = 518
ROUND = 1199, SUM = 6988119.99999991, bChange = 0.00662985, totNum = 518
ROUND = 1200, SUM = 6988119.99999996, bChange = 0.00662984, totNum = 517
ROUND = 1201, SUM = 6988119.99999993, bChange = 0.00662984, totNum = 515
ROUND = 1202, SUM = 6988119.99999996, bChange = 0.00662983, totNum = 513
ROUND = 1203, SUM = 6988119.99999995, bChange = 0.00662982, totNum = 512
ROUND = 1204, SUM = 6988119.99999996, bChange = 0.00662982, totNum = 511
ROUND = 1205, SUM = 6988119.99999998, bChange = 0.00662981, totNum = 511
ROUND = 1206, SUM = 6988119.99999996, bChange = 0.0066298, totNum = 511
ROUND = 1207, SUM = 6988119.99999996, bChange = 0.0066298, totNum = 512
ROUND = 1208, SUM = 6988119.99999994, bChange = 0.00662979, totNum = 511
ROUND = 1209, SUM = 6988119.99999996, bChange = 0.00662978, totNum = 511
ROUND = 1210, SUM = 6988119.99999997, bChange = 0.00662977, totNum = 511
ROUND = 1211, SUM = 6988119.99999995, bChange = 0.00662977, totNum = 510
ROUND = 1212, SUM = 6988120, bChange = 0.00662976, totNum = 510
ROUND = 1213, SUM = 6988119.99999993, bChange = 0.00662975, totNum = 510
ROUND = 1214, SUM = 6988119.99999995, bChange = 0.00662975, totNum = 509
ROUND = 1215, SUM = 6988119.99999993, bChange = 0.00528801, totNum = 508
ROUND = 1216, SUM = 6988119.99999995, bChange = 0.00528811, totNum = 507
ROUND = 1217, SUM = 6988119.99999995, bChange = 0.00528822, totNum = 506
ROUND = 1218, SUM = 6988119.99999995, bChange = 0.00528833, totNum = 504
ROUND = 1219, SUM = 6988119.99999995, bChange = 0.00528843, totNum = 504
ROUND = 1220, SUM = 6988119.99999996, bChange = 0.00528854, totNum = 502
ROUND = 1221, SUM = 6988119.99999992, bChange = 0.00528864, totNum = 503
ROUND = 1222, SUM = 6988119.99999998, bChange = 0.00528875, totNum = 502
ROUND = 1223, SUM = 6988119.99999995, bChange = 0.00528885, totNum = 501
ROUND = 1224, SUM = 6988119.99999996, bChange = 0.00528896, totNum = 501
ROUND = 1225, SUM = 6988119.99999995, bChange = 0.00528906, totNum = 498
ROUND = 1226, SUM = 6988119.99999996, bChange = 0.00528917, totNum = 497
ROUND = 1227, SUM = 6988119.99999999, bChange = 0.00528927, totNum = 497
ROUND = 1228, SUM = 6988119.99999994, bChange = 0.00528937, totNum = 495
ROUND = 1229, SUM = 6988119.99999997, bChange = 0.00528947, totNum = 495
ROUND = 1230, SUM = 6988119.99999994, bChange = 0.00528958, totNum = 495
ROUND = 1231, SUM = 6988119.99999995, bChange = 0.00528968, totNum = 494
ROUND = 1232, SUM = 6988119.99999994, bChange = 0.00528978, totNum = 492
ROUND = 1233, SUM = 6988119.99999996, bChange = 0.00528988, totNum = 492
ROUND = 1234, SUM = 6988119.99999993, bChange = 0.00528998, totNum = 492
ROUND = 1235, SUM = 6988119.99999994, bChange = 0.00495568, totNum = 490
ROUND = 1236, SUM = 6988119.99999996, bChange = 0.00495591, totNum = 487
ROUND = 1237, SUM = 6988119.99999996, bChange = 0.00495614, totNum = 487
ROUND = 1238, SUM = 6988119.99999992, bChange = 0.00495637, totNum = 487
ROUND = 1239, SUM = 6988119.99999993, bChange = 0.00495659, totNum = 484
ROUND = 1240, SUM = 6988119.99999995, bChange = 0.00495682, totNum = 481
ROUND = 1241, SUM = 6988119.99999997, bChange = 0.00495705, totNum = 481
ROUND = 1242, SUM = 6988119.99999996, bChange = 0.00495727, totNum = 481
ROUND = 1243, SUM = 6988119.99999992, bChange = 0.0049575, totNum = 480
ROUND = 1244, SUM = 6988119.99999993, bChange = 0.00495772, totNum = 478
ROUND = 1245, SUM = 6988119.99999996, bChange = 0.00495795, totNum = 478
ROUND = 1246, SUM = 6988119.99999994, bChange = 0.00495817, totNum = 478
ROUND = 1247, SUM = 6988119.99999996, bChange = 0.00495839, totNum = 477
ROUND = 1248, SUM = 6988119.99999993, bChange = 0.00483252, totNum = 475
ROUND = 1249, SUM = 6988119.99999994, bChange = 0.00483409, totNum = 475
ROUND = 1250, SUM = 6988119.99999993, bChange = 0.00483566, totNum = 474
ROUND = 1251, SUM = 6988119.99999995, bChange = 0.00483722, totNum = 474
ROUND = 1252, SUM = 6988119.99999995, bChange = 0.00483878, totNum = 470
ROUND = 1253, SUM = 6988119.99999996, bChange = 0.00484034, totNum = 469
ROUND = 1254, SUM = 6988119.99999996, bChange = 0.0048419, totNum = 469
ROUND = 1255, SUM = 6988119.99999994, bChange = 0.00484346, totNum = 468
ROUND = 1256, SUM = 6988119.99999997, bChange = 0.00484501, totNum = 468
ROUND = 1257, SUM = 6988119.99999995, bChange = 0.00484657, totNum = 467
ROUND = 1258, SUM = 6988119.99999993, bChange = 0.00484812, totNum = 466
ROUND = 1259, SUM = 6988119.99999999, bChange = 0.00484967, totNum = 463
ROUND = 1260, SUM = 6988119.99999998, bChange = 0.00485121, totNum = 463
ROUND = 1261, SUM = 6988119.99999995, bChange = 0.00485276, totNum = 463
ROUND = 1262, SUM = 6988119.99999996, bChange = 0.0048543, totNum = 461
ROUND = 1263, SUM = 6988119.99999996, bChange = 0.00485584, totNum = 460
ROUND = 1264, SUM = 6988119.99999996, bChange = 0.00485738, totNum = 460
ROUND = 1265, SUM = 6988119.99999997, bChange = 0.00485892, totNum = 461
ROUND = 1266, SUM = 6988119.99999997, bChange = 0.00486046, totNum = 461
ROUND = 1267, SUM = 6988119.99999994, bChange = 0.00486199, totNum = 459
ROUND = 1268, SUM = 6988119.99999994, bChange = 0.00486352, totNum = 458
ROUND = 1269, SUM = 6988119.99999997, bChange = 0.00486505, totNum = 458
ROUND = 1270, SUM = 6988119.99999995, bChange = 0.00486658, totNum = 458
ROUND = 1271, SUM = 6988119.99999997, bChange = 0.00486811, totNum = 456
ROUND = 1272, SUM = 6988119.99999993, bChange = 0.00486963, totNum = 455
ROUND = 1273, SUM = 6988119.99999999, bChange = 0.00487115, totNum = 453
ROUND = 1274, SUM = 6988119.99999996, bChange = 0.00487267, totNum = 453
ROUND = 1275, SUM = 6988119.99999997, bChange = 0.00487419, totNum = 452
ROUND = 1276, SUM = 6988119.99999994, bChange = 0.00487571, totNum = 452
ROUND = 1277, SUM = 6988119.99999996, bChange = 0.00487723, totNum = 451
ROUND = 1278, SUM = 6988119.99999998, bChange = 0.00487874, totNum = 450
ROUND = 1279, SUM = 6988119.99999995, bChange = 0.00488025, totNum = 449
ROUND = 1280, SUM = 6988119.99999994, bChange = 0.00488176, totNum = 449
ROUND = 1281, SUM = 6988119.99999996, bChange = 0.00488327, totNum = 446
ROUND = 1282, SUM = 6988119.99999994, bChange = 0.00488477, totNum = 445
ROUND = 1283, SUM = 6988119.99999994, bChange = 0.00488628, totNum = 445
ROUND = 1284, SUM = 6988119.99999995, bChange = 0.00488778, totNum = 444
ROUND = 1285, SUM = 6988119.99999996, bChange = 0.00488928, totNum = 444
ROUND = 1286, SUM = 6988119.99999995, bChange = 0.00489078, totNum = 443
ROUND = 1287, SUM = 6988119.99999998, bChange = 0.00489227, totNum = 441
ROUND = 1288, SUM = 6988119.99999992, bChange = 0.00489377, totNum = 440
ROUND = 1289, SUM = 6988119.99999996, bChange = 0.00489526, totNum = 440
ROUND = 1290, SUM = 6988119.99999997, bChange = 0.00489675, totNum = 439
ROUND = 1291, SUM = 6988119.99999992, bChange = 0.00489824, totNum = 439
ROUND = 1292, SUM = 6988119.99999994, bChange = 0.00489973, totNum = 437
ROUND = 1293, SUM = 6988119.99999996, bChange = 0.00490121, totNum = 435
ROUND = 1294, SUM = 6988119.99999996, bChange = 0.0049027, totNum = 434
ROUND = 1295, SUM = 6988119.99999993, bChange = 0.00490418, totNum = 434
ROUND = 1296, SUM = 6988119.99999996, bChange = 0.00490566, totNum = 434
ROUND = 1297, SUM = 6988119.99999996, bChange = 0.00490713, totNum = 432
ROUND = 1298, SUM = 6988119.99999997, bChange = 0.00490861, totNum = 432
ROUND = 1299, SUM = 6988119.99999996, bChange = 0.00491008, totNum = 432
ROUND = 1300, SUM = 6988119.99999998, bChange = 0.00491156, totNum = 432
ROUND = 1301, SUM = 6988119.99999997, bChange = 0.00491303, totNum = 432
ROUND = 1302, SUM = 6988119.99999995, bChange = 0.0049145, totNum = 432
ROUND = 1303, SUM = 6988119.99999997, bChange = 0.00491596, totNum = 432
ROUND = 1304, SUM = 6988119.99999998, bChange = 0.00491743, totNum = 431
ROUND = 1305, SUM = 6988119.99999997, bChange = 0.00491889, totNum = 428
ROUND = 1306, SUM = 6988119.99999994, bChange = 0.00492035, totNum = 424
ROUND = 1307, SUM = 6988119.99999994, bChange = 0.00492181, totNum = 424
ROUND = 1308, SUM = 6988119.99999994, bChange = 0.00492327, totNum = 423
ROUND = 1309, SUM = 6988119.99999993, bChange = 0.00492472, totNum = 423
ROUND = 1310, SUM = 6988119.99999995, bChange = 0.00492618, totNum = 423
ROUND = 1311, SUM = 6988119.99999994, bChange = 0.00492763, totNum = 421
ROUND = 1312, SUM = 6988119.99999993, bChange = 0.00492908, totNum = 421
ROUND = 1313, SUM = 6988119.99999996, bChange = 0.00493053, totNum = 421
ROUND = 1314, SUM = 6988119.99999997, bChange = 0.00493197, totNum = 418
ROUND = 1315, SUM = 6988119.99999995, bChange = 0.00493342, totNum = 416
ROUND = 1316, SUM = 6988119.99999996, bChange = 0.00493486, totNum = 414
ROUND = 1317, SUM = 6988119.99999996, bChange = 0.0049363, totNum = 413
ROUND = 1318, SUM = 6988119.99999993, bChange = 0.00493774, totNum = 413
ROUND = 1319, SUM = 6988119.99999996, bChange = 0.00493918, totNum = 411
ROUND = 1320, SUM = 6988119.99999995, bChange = 0.00494061, totNum = 409
ROUND = 1321, SUM = 6988119.99999995, bChange = 0.00494204, totNum = 408
ROUND = 1322, SUM = 6988119.99999996, bChange = 0.00494348, totNum = 408
ROUND = 1323, SUM = 6988119.99999996, bChange = 0.00494491, totNum = 407
ROUND = 1324, SUM = 6988120, bChange = 0.00494633, totNum = 407
ROUND = 1325, SUM = 6988119.99999998, bChange = 0.00494776, totNum = 406
ROUND = 1326, SUM = 6988119.99999995, bChange = 0.00494918, totNum = 406
ROUND = 1327, SUM = 6988119.99999996, bChange = 0.00495061, totNum = 404
ROUND = 1328, SUM = 6988119.99999998, bChange = 0.00495203, totNum = 404
ROUND = 1329, SUM = 6988119.99999994, bChange = 0.00495345, totNum = 403
ROUND = 1330, SUM = 6988119.99999996, bChange = 0.00495486, totNum = 403
ROUND = 1331, SUM = 6988119.99999996, bChange = 0.00495628, totNum = 402
ROUND = 1332, SUM = 6988119.99999996, bChange = 0.00495769, totNum = 400
ROUND = 1333, SUM = 6988119.99999996, bChange = 0.0049591, totNum = 399
ROUND = 1334, SUM = 6988119.99999996, bChange = 0.00496051, totNum = 399
ROUND = 1335, SUM = 6988119.99999997, bChange = 0.00496192, totNum = 399
ROUND = 1336, SUM = 6988119.99999997, bChange = 0.00496333, totNum = 399
ROUND = 1337, SUM = 6988119.99999996, bChange = 0.00496473, totNum = 399
ROUND = 1338, SUM = 6988119.99999995, bChange = 0.00496613, totNum = 399
ROUND = 1339, SUM = 6988119.99999997, bChange = 0.00496753, totNum = 399
ROUND = 1340, SUM = 6988119.99999996, bChange = 0.00496893, totNum = 398
ROUND = 1341, SUM = 6988119.99999994, bChange = 0.00497033, totNum = 396
ROUND = 1342, SUM = 6988119.99999996, bChange = 0.00497172, totNum = 395
ROUND = 1343, SUM = 6988119.99999995, bChange = 0.00497312, totNum = 395
ROUND = 1344, SUM = 6988119.99999997, bChange = 0.00497451, totNum = 395
ROUND = 1345, SUM = 6988119.99999997, bChange = 0.0049759, totNum = 395
ROUND = 1346, SUM = 6988119.99999995, bChange = 0.00497729, totNum = 395
ROUND = 1347, SUM = 6988119.99999996, bChange = 0.00497867, totNum = 395
ROUND = 1348, SUM = 6988119.99999996, bChange = 0.00498006, totNum = 394
ROUND = 1349, SUM = 6988119.99999995, bChange = 0.00498144, totNum = 394
ROUND = 1350, SUM = 6988119.99999997, bChange = 0.00498282, totNum = 393
ROUND = 1351, SUM = 6988119.99999999, bChange = 0.0049842, totNum = 393
ROUND = 1352, SUM = 6988119.99999995, bChange = 0.00498557, totNum = 393
ROUND = 1353, SUM = 6988119.99999999, bChange = 0.00498695, totNum = 392
ROUND = 1354, SUM = 6988119.99999998, bChange = 0.00498832, totNum = 391
ROUND = 1355, SUM = 6988119.99999994, bChange = 0.00498969, totNum = 391
ROUND = 1356, SUM = 6988119.99999998, bChange = 0.00499106, totNum = 391
ROUND = 1357, SUM = 6988119.99999995, bChange = 0.00499243, totNum = 391
ROUND = 1358, SUM = 6988119.99999998, bChange = 0.0049938, totNum = 391
ROUND = 1359, SUM = 6988119.99999998, bChange = 0.00499516, totNum = 390
ROUND = 1360, SUM = 6988119.99999995, bChange = 0.00499652, totNum = 390
ROUND = 1361, SUM = 6988119.99999999, bChange = 0.00499789, totNum = 389
ROUND = 1362, SUM = 6988119.99999995, bChange = 0.00499924, totNum = 387
ROUND = 1363, SUM = 6988119.99999998, bChange = 0.0050006, totNum = 387
ROUND = 1364, SUM = 6988119.99999996, bChange = 0.00500196, totNum = 386
ROUND = 1365, SUM = 6988119.99999996, bChange = 0.00500331, totNum = 386
ROUND = 1366, SUM = 6988120.00000001, bChange = 0.00500466, totNum = 386
ROUND = 1367, SUM = 6988119.99999998, bChange = 0.00500601, totNum = 386
ROUND = 1368, SUM = 6988119.99999998, bChange = 0.00500736, totNum = 385
ROUND = 1369, SUM = 6988119.99999998, bChange = 0.00500871, totNum = 384
ROUND = 1370, SUM = 6988119.99999996, bChange = 0.00501005, totNum = 383
ROUND = 1371, SUM = 6988119.99999997, bChange = 0.00501139, totNum = 383
ROUND = 1372, SUM = 6988119.99999995, bChange = 0.00501274, totNum = 382
ROUND = 1373, SUM = 6988119.99999996, bChange = 0.00501408, totNum = 379
ROUND = 1374, SUM = 6988119.99999995, bChange = 0.00501541, totNum = 377
ROUND = 1375, SUM = 6988120, bChange = 0.00501675, totNum = 375
ROUND = 1376, SUM = 6988119.99999994, bChange = 0.00501808, totNum = 374
ROUND = 1377, SUM = 6988120, bChange = 0.00501941, totNum = 372
ROUND = 1378, SUM = 6988119.99999993, bChange = 0.00502075, totNum = 372
ROUND = 1379, SUM = 6988119.99999996, bChange = 0.00502207, totNum = 372
ROUND = 1380, SUM = 6988119.99999997, bChange = 0.0050234, totNum = 371
ROUND = 1381, SUM = 6988119.99999996, bChange = 0.00502473, totNum = 368
ROUND = 1382, SUM = 6988119.99999996, bChange = 0.00502605, totNum = 367
ROUND = 1383, SUM = 6988119.99999995, bChange = 0.00502737, totNum = 366
ROUND = 1384, SUM = 6988119.99999994, bChange = 0.00502869, totNum = 365
ROUND = 1385, SUM = 6988119.99999994, bChange = 0.00503001, totNum = 365
ROUND = 1386, SUM = 6988119.99999996, bChange = 0.00503133, totNum = 365
ROUND = 1387, SUM = 6988119.99999994, bChange = 0.00503264, totNum = 362
ROUND = 1388, SUM = 6988119.99999995, bChange = 0.00503395, totNum = 360
ROUND = 1389, SUM = 6988119.99999995, bChange = 0.00503526, totNum = 359
ROUND = 1390, SUM = 6988119.99999995, bChange = 0.00503657, totNum = 358
ROUND = 1391, SUM = 6988119.99999997, bChange = 0.00503788, totNum = 358
ROUND = 1392, SUM = 6988119.99999999, bChange = 0.00503919, totNum = 358
ROUND = 1393, SUM = 6988119.99999998, bChange = 0.00504049, totNum = 357
ROUND = 1394, SUM = 6988119.99999999, bChange = 0.00504179, totNum = 356
ROUND = 1395, SUM = 6988119.99999995, bChange = 0.00504309, totNum = 355
ROUND = 1396, SUM = 6988119.99999996, bChange = 0.00504439, totNum = 353
ROUND = 1397, SUM = 6988119.99999997, bChange = 0.00504569, totNum = 353
ROUND = 1398, SUM = 6988119.99999996, bChange = 0.00504699, totNum = 352
ROUND = 1399, SUM = 6988119.99999996, bChange = 0.00504828, totNum = 352
ROUND = 1400, SUM = 6988119.99999996, bChange = 0.00504957, totNum = 352
ROUND = 1401, SUM = 6988119.99999997, bChange = 0.00505086, totNum = 352
ROUND = 1402, SUM = 6988119.99999997, bChange = 0.00505215, totNum = 352
ROUND = 1403, SUM = 6988119.99999996, bChange = 0.00505344, totNum = 350
ROUND = 1404, SUM = 6988119.99999997, bChange = 0.00505472, totNum = 350
ROUND = 1405, SUM = 6988119.99999995, bChange = 0.005056, totNum = 349
ROUND = 1406, SUM = 6988119.99999998, bChange = 0.00505729, totNum = 349
ROUND = 1407, SUM = 6988119.99999996, bChange = 0.00505857, totNum = 349
ROUND = 1408, SUM = 6988119.99999996, bChange = 0.00505984, totNum = 349
ROUND = 1409, SUM = 6988119.99999999, bChange = 0.00506112, totNum = 348
ROUND = 1410, SUM = 6988119.99999998, bChange = 0.00506239, totNum = 348
ROUND = 1411, SUM = 6988119.99999996, bChange = 0.00506367, totNum = 348
ROUND = 1412, SUM = 6988119.99999997, bChange = 0.00506494, totNum = 346
ROUND = 1413, SUM = 6988119.99999996, bChange = 0.00506621, totNum = 346
ROUND = 1414, SUM = 6988119.99999999, bChange = 0.00506747, totNum = 346
ROUND = 1415, SUM = 6988119.99999999, bChange = 0.00506874, totNum = 346
ROUND = 1416, SUM = 6988119.99999995, bChange = 0.00507001, totNum = 346
ROUND = 1417, SUM = 6988119.99999998, bChange = 0.00507127, totNum = 345
ROUND = 1418, SUM = 6988119.99999995, bChange = 0.00507253, totNum = 345
ROUND = 1419, SUM = 6988120, bChange = 0.00507379, totNum = 345
ROUND = 1420, SUM = 6988119.99999999, bChange = 0.00507504, totNum = 345
ROUND = 1421, SUM = 6988119.99999997, bChange = 0.0050763, totNum = 343
ROUND = 1422, SUM = 6988119.99999995, bChange = 0.00507755, totNum = 342
ROUND = 1423, SUM = 6988119.99999995, bChange = 0.00507881, totNum = 341
ROUND = 1424, SUM = 6988119.99999998, bChange = 0.00508006, totNum = 338
ROUND = 1425, SUM = 6988119.99999996, bChange = 0.00508131, totNum = 338
ROUND = 1426, SUM = 6988119.99999997, bChange = 0.00508255, totNum = 336
ROUND = 1427, SUM = 6988119.99999999, bChange = 0.0050838, totNum = 335
ROUND = 1428, SUM = 6988119.99999993, bChange = 0.00508504, totNum = 335
ROUND = 1429, SUM = 6988119.99999997, bChange = 0.00508628, totNum = 335
ROUND = 1430, SUM = 6988119.99999995, bChange = 0.00508752, totNum = 335
ROUND = 1431, SUM = 6988119.99999998, bChange = 0.00508876, totNum = 334
ROUND = 1432, SUM = 6988119.99999997, bChange = 0.00509, totNum = 334
ROUND = 1433, SUM = 6988119.99999996, bChange = 0.00509124, totNum = 334
ROUND = 1434, SUM = 6988119.99999996, bChange = 0.00509247, totNum = 334
ROUND = 1435, SUM = 6988119.99999993, bChange = 0.0050937, totNum = 333
ROUND = 1436, SUM = 6988119.99999999, bChange = 0.00509493, totNum = 332
ROUND = 1437, SUM = 6988119.99999997, bChange = 0.00509616, totNum = 331
ROUND = 1438, SUM = 6988119.99999993, bChange = 0.00509739, totNum = 331
ROUND = 1439, SUM = 6988120, bChange = 0.00509861, totNum = 330
ROUND = 1440, SUM = 6988119.99999997, bChange = 0.00509983, totNum = 329
ROUND = 1441, SUM = 6988119.99999995, bChange = 0.00510106, totNum = 328
ROUND = 1442, SUM = 6988119.99999997, bChange = 0.00510228, totNum = 328
ROUND = 1443, SUM = 6988119.99999997, bChange = 0.0051035, totNum = 327
ROUND = 1444, SUM = 6988119.99999995, bChange = 0.00510471, totNum = 327
ROUND = 1445, SUM = 6988119.99999997, bChange = 0.00510593, totNum = 327
ROUND = 1446, SUM = 6988119.99999997, bChange = 0.00510714, totNum = 327
ROUND = 1447, SUM = 6988119.99999997, bChange = 0.00510835, totNum = 326
ROUND = 1448, SUM = 6988119.99999996, bChange = 0.00510956, totNum = 325
ROUND = 1449, SUM = 6988119.99999998, bChange = 0.00511077, totNum = 325
ROUND = 1450, SUM = 6988119.99999998, bChange = 0.00511198, totNum = 325
ROUND = 1451, SUM = 6988119.99999997, bChange = 0.00511318, totNum = 325
ROUND = 1452, SUM = 6988119.99999998, bChange = 0.00511439, totNum = 325
ROUND = 1453, SUM = 6988119.99999996, bChange = 0.00511559, totNum = 323
ROUND = 1454, SUM = 6988119.99999994, bChange = 0.00511679, totNum = 321
ROUND = 1455, SUM = 6988119.99999997, bChange = 0.00421232, totNum = 320
ROUND = 1456, SUM = 6988119.99999996, bChange = 0.00421231, totNum = 320
ROUND = 1457, SUM = 6988119.99999996, bChange = 0.00421231, totNum = 320
ROUND = 1458, SUM = 6988119.99999996, bChange = 0.00421231, totNum = 320
ROUND = 1459, SUM = 6988119.99999998, bChange = 0.0042123, totNum = 319
ROUND = 1460, SUM = 6988119.99999996, bChange = 0.0042123, totNum = 319
ROUND = 1461, SUM = 6988119.99999994, bChange = 0.00421229, totNum = 319
ROUND = 1462, SUM = 6988119.99999996, bChange = 0.00421229, totNum = 317
ROUND = 1463, SUM = 6988119.99999997, bChange = 0.00421228, totNum = 316
ROUND = 1464, SUM = 6988119.99999996, bChange = 0.00421228, totNum = 316
ROUND = 1465, SUM = 6988119.99999995, bChange = 0.00421227, totNum = 316
ROUND = 1466, SUM = 6988119.99999996, bChange = 0.00421227, totNum = 316
ROUND = 1467, SUM = 6988119.99999993, bChange = 0.00421227, totNum = 315
ROUND = 1468, SUM = 6988119.99999997, bChange = 0.00421226, totNum = 315
ROUND = 1469, SUM = 6988119.99999996, bChange = 0.00421226, totNum = 315
ROUND = 1470, SUM = 6988119.99999996, bChange = 0.00421225, totNum = 315
ROUND = 1471, SUM = 6988119.99999998, bChange = 0.00421225, totNum = 315
ROUND = 1472, SUM = 6988119.99999997, bChange = 0.00421224, totNum = 315
ROUND = 1473, SUM = 6988119.99999994, bChange = 0.00421224, totNum = 315
ROUND = 1474, SUM = 6988119.99999998, bChange = 0.00421223, totNum = 315
ROUND = 1475, SUM = 6988119.99999997, bChange = 0.00421223, totNum = 315
ROUND = 1476, SUM = 6988119.99999997, bChange = 0.00421223, totNum = 314
ROUND = 1477, SUM = 6988119.99999995, bChange = 0.00421222, totNum = 313
ROUND = 1478, SUM = 6988119.99999997, bChange = 0.00421222, totNum = 313
ROUND = 1479, SUM = 6988119.99999996, bChange = 0.00421221, totNum = 312
ROUND = 1480, SUM = 6988119.99999995, bChange = 0.00421221, totNum = 312
ROUND = 1481, SUM = 6988119.99999998, bChange = 0.00421221, totNum = 312
ROUND = 1482, SUM = 6988119.99999997, bChange = 0.0042122, totNum = 312
ROUND = 1483, SUM = 6988119.99999995, bChange = 0.0042122, totNum = 312
ROUND = 1484, SUM = 6988119.99999994, bChange = 0.00421219, totNum = 312
ROUND = 1485, SUM = 6988119.99999997, bChange = 0.00421219, totNum = 312
ROUND = 1486, SUM = 6988119.99999997, bChange = 0.00421218, totNum = 311
ROUND = 1487, SUM = 6988119.99999993, bChange = 0.00421218, totNum = 311
ROUND = 1488, SUM = 6988119.99999998, bChange = 0.00421218, totNum = 310
ROUND = 1489, SUM = 6988119.99999999, bChange = 0.00421217, totNum = 310
ROUND = 1490, SUM = 6988119.99999999, bChange = 0.00421217, totNum = 310
ROUND = 1491, SUM = 6988119.99999996, bChange = 0.00421216, totNum = 309
ROUND = 1492, SUM = 6988119.99999995, bChange = 0.00421216, totNum = 307
ROUND = 1493, SUM = 6988119.99999997, bChange = 0.00421216, totNum = 307
ROUND = 1494, SUM = 6988119.99999999, bChange = 0.00421215, totNum = 305
ROUND = 1495, SUM = 6988119.99999996, bChange = 0.00421215, totNum = 305
ROUND = 1496, SUM = 6988119.99999997, bChange = 0.00421215, totNum = 305
ROUND = 1497, SUM = 6988119.99999999, bChange = 0.00421214, totNum = 305
ROUND = 1498, SUM = 6988119.99999996, bChange = 0.00421214, totNum = 305
ROUND = 1499, SUM = 6988119.99999995, bChange = 0.00421213, totNum = 305
ROUND = 1500, SUM = 6988119.99999995, bChange = 0.00421213, totNum = 305
ROUND = 1501, SUM = 6988119.99999994, bChange = 0.00421213, totNum = 305
ROUND = 1502, SUM = 6988119.99999998, bChange = 0.00421212, totNum = 305
ROUND = 1503, SUM = 6988119.99999996, bChange = 0.00421212, totNum = 305
ROUND = 1504, SUM = 6988119.99999998, bChange = 0.00421211, totNum = 305
ROUND = 1505, SUM = 6988119.99999997, bChange = 0.00421211, totNum = 305
ROUND = 1506, SUM = 6988119.99999995, bChange = 0.00421211, totNum = 303
ROUND = 1507, SUM = 6988119.99999997, bChange = 0.0042121, totNum = 303
ROUND = 1508, SUM = 6988119.99999997, bChange = 0.0042121, totNum = 301
ROUND = 1509, SUM = 6988119.99999998, bChange = 0.0042121, totNum = 300
ROUND = 1510, SUM = 6988119.99999997, bChange = 0.00421209, totNum = 298
ROUND = 1511, SUM = 6988119.99999996, bChange = 0.00421209, totNum = 296
ROUND = 1512, SUM = 6988119.99999998, bChange = 0.00421208, totNum = 295
ROUND = 1513, SUM = 6988119.99999994, bChange = 0.00421208, totNum = 295
ROUND = 1514, SUM = 6988119.99999995, bChange = 0.00421208, totNum = 295
ROUND = 1515, SUM = 6988119.99999996, bChange = 0.00421207, totNum = 295
ROUND = 1516, SUM = 6988119.99999997, bChange = 0.00421207, totNum = 294
ROUND = 1517, SUM = 6988119.99999996, bChange = 0.00421207, totNum = 292
ROUND = 1518, SUM = 6988119.99999999, bChange = 0.00421206, totNum = 292
ROUND = 1519, SUM = 6988119.99999995, bChange = 0.00421206, totNum = 292
ROUND = 1520, SUM = 6988119.99999999, bChange = 0.00421206, totNum = 292
ROUND = 1521, SUM = 6988119.99999996, bChange = 0.00421205, totNum = 292
ROUND = 1522, SUM = 6988119.99999999, bChange = 0.00421205, totNum = 291
ROUND = 1523, SUM = 6988119.99999994, bChange = 0.00421205, totNum = 290
ROUND = 1524, SUM = 6988119.99999999, bChange = 0.00421204, totNum = 288
ROUND = 1525, SUM = 6988119.99999999, bChange = 0.00421204, totNum = 288
ROUND = 1526, SUM = 6988119.99999999, bChange = 0.00421204, totNum = 288
ROUND = 1527, SUM = 6988119.99999998, bChange = 0.00421203, totNum = 288
ROUND = 1528, SUM = 6988119.99999997, bChange = 0.00421203, totNum = 288
ROUND = 1529, SUM = 6988119.99999996, bChange = 0.00421203, totNum = 288
ROUND = 1530, SUM = 6988119.99999997, bChange = 0.00421202, totNum = 287
ROUND = 1531, SUM = 6988119.99999997, bChange = 0.00421202, totNum = 287
ROUND = 1532, SUM = 6988119.99999997, bChange = 0.00421202, totNum = 286
ROUND = 1533, SUM = 6988119.99999993, bChange = 0.00421201, totNum = 285
ROUND = 1534, SUM = 6988119.99999997, bChange = 0.00421201, totNum = 285
ROUND = 1535, SUM = 6988119.99999997, bChange = 0.00421201, totNum = 285
ROUND = 1536, SUM = 6988119.99999996, bChange = 0.004212, totNum = 285
ROUND = 1537, SUM = 6988119.99999999, bChange = 0.004212, totNum = 285
ROUND = 1538, SUM = 6988119.99999998, bChange = 0.004212, totNum = 284
ROUND = 1539, SUM = 6988119.99999996, bChange = 0.00421199, totNum = 283
ROUND = 1540, SUM = 6988119.99999997, bChange = 0.00421199, totNum = 282
ROUND = 1541, SUM = 6988119.99999999, bChange = 0.00421199, totNum = 282
ROUND = 1542, SUM = 6988119.99999999, bChange = 0.00421198, totNum = 282
ROUND = 1543, SUM = 6988119.99999998, bChange = 0.00421198, totNum = 282
ROUND = 1544, SUM = 6988120.00000001, bChange = 0.00421198, totNum = 280
ROUND = 1545, SUM = 6988119.99999997, bChange = 0.00421197, totNum = 279
ROUND = 1546, SUM = 6988119.99999996, bChange = 0.00421197, totNum = 279
ROUND = 1547, SUM = 6988119.99999997, bChange = 0.00421197, totNum = 279
ROUND = 1548, SUM = 6988120.00000001, bChange = 0.00421196, totNum = 279
ROUND = 1549, SUM = 6988119.99999999, bChange = 0.00421196, totNum = 277
ROUND = 1550, SUM = 6988119.99999997, bChange = 0.00421196, totNum = 277
ROUND = 1551, SUM = 6988119.99999995, bChange = 0.00421195, totNum = 278
ROUND = 1552, SUM = 6988119.99999996, bChange = 0.00421195, totNum = 278
ROUND = 1553, SUM = 6988119.99999996, bChange = 0.00421195, totNum = 278
ROUND = 1554, SUM = 6988119.99999995, bChange = 0.00421194, totNum = 277
ROUND = 1555, SUM = 6988119.99999997, bChange = 0.00421194, totNum = 276
ROUND = 1556, SUM = 6988119.99999998, bChange = 0.00421194, totNum = 276
ROUND = 1557, SUM = 6988119.99999996, bChange = 0.00421194, totNum = 275
ROUND = 1558, SUM = 6988119.99999997, bChange = 0.00421193, totNum = 275
ROUND = 1559, SUM = 6988119.99999998, bChange = 0.00421193, totNum = 275
ROUND = 1560, SUM = 6988119.99999999, bChange = 0.00421193, totNum = 275
ROUND = 1561, SUM = 6988119.99999997, bChange = 0.00421192, totNum = 274
ROUND = 1562, SUM = 6988119.99999997, bChange = 0.00421192, totNum = 273
ROUND = 1563, SUM = 6988119.99999999, bChange = 0.00421192, totNum = 271
ROUND = 1564, SUM = 6988119.99999998, bChange = 0.00421191, totNum = 270
ROUND = 1565, SUM = 6988119.99999998, bChange = 0.00421191, totNum = 270
ROUND = 1566, SUM = 6988119.99999996, bChange = 0.00421191, totNum = 270
ROUND = 1567, SUM = 6988119.99999999, bChange = 0.00421191, totNum = 270
ROUND = 1568, SUM = 6988119.99999995, bChange = 0.0042119, totNum = 270
ROUND = 1569, SUM = 6988119.99999999, bChange = 0.0042119, totNum = 270
ROUND = 1570, SUM = 6988119.99999998, bChange = 0.0042119, totNum = 269
ROUND = 1571, SUM = 6988119.99999993, bChange = 0.00421189, totNum = 267
ROUND = 1572, SUM = 6988119.99999996, bChange = 0.00421189, totNum = 267
ROUND = 1573, SUM = 6988119.99999996, bChange = 0.00421189, totNum = 267
ROUND = 1574, SUM = 6988119.99999997, bChange = 0.00421189, totNum = 267
ROUND = 1575, SUM = 6988119.99999995, bChange = 0.00421188, totNum = 266
ROUND = 1576, SUM = 6988119.99999997, bChange = 0.00421188, totNum = 266
ROUND = 1577, SUM = 6988119.99999997, bChange = 0.00421188, totNum = 266
ROUND = 1578, SUM = 6988119.99999995, bChange = 0.00421188, totNum = 265
ROUND = 1579, SUM = 6988119.99999998, bChange = 0.00421187, totNum = 265
ROUND = 1580, SUM = 6988119.99999998, bChange = 0.00421187, totNum = 265
ROUND = 1581, SUM = 6988119.99999996, bChange = 0.00421187, totNum = 265
ROUND = 1582, SUM = 6988119.99999998, bChange = 0.00421186, totNum = 265
ROUND = 1583, SUM = 6988119.99999994, bChange = 0.00421186, totNum = 264
ROUND = 1584, SUM = 6988119.99999998, bChange = 0.00421186, totNum = 264
ROUND = 1585, SUM = 6988119.99999997, bChange = 0.00421186, totNum = 264
ROUND = 1586, SUM = 6988119.99999995, bChange = 0.00421185, totNum = 264
ROUND = 1587, SUM = 6988119.99999998, bChange = 0.00421185, totNum = 264
ROUND = 1588, SUM = 6988119.99999997, bChange = 0.00421185, totNum = 262
ROUND = 1589, SUM = 6988119.99999997, bChange = 0.00421185, totNum = 261
ROUND = 1590, SUM = 6988119.99999996, bChange = 0.00421184, totNum = 261
ROUND = 1591, SUM = 6988119.99999998, bChange = 0.00421184, totNum = 261
ROUND = 1592, SUM = 6988119.99999997, bChange = 0.00421184, totNum = 260
ROUND = 1593, SUM = 6988119.99999995, bChange = 0.00421184, totNum = 260
ROUND = 1594, SUM = 6988119.99999998, bChange = 0.00421183, totNum = 259
ROUND = 1595, SUM = 6988119.99999995, bChange = 0.00421183, totNum = 259
ROUND = 1596, SUM = 6988119.99999998, bChange = 0.00421183, totNum = 257
ROUND = 1597, SUM = 6988119.99999996, bChange = 0.00421182, totNum = 257
ROUND = 1598, SUM = 6988119.99999994, bChange = 0.00421182, totNum = 257
ROUND = 1599, SUM = 6988119.99999996, bChange = 0.00421182, totNum = 257
ROUND = 1600, SUM = 6988119.99999998, bChange = 0.00421182, totNum = 256
ROUND = 1601, SUM = 6988120, bChange = 0.00421181, totNum = 256
ROUND = 1602, SUM = 6988119.99999997, bChange = 0.00421181, totNum = 256
ROUND = 1603, SUM = 6988119.99999995, bChange = 0.00421181, totNum = 255
ROUND = 1604, SUM = 6988119.99999995, bChange = 0.00421181, totNum = 254
ROUND = 1605, SUM = 6988119.99999994, bChange = 0.0042118, totNum = 254
ROUND = 1606, SUM = 6988119.99999994, bChange = 0.0042118, totNum = 254
ROUND = 1607, SUM = 6988119.99999999, bChange = 0.0042118, totNum = 254
ROUND = 1608, SUM = 6988119.99999999, bChange = 0.0042118, totNum = 253
ROUND = 1609, SUM = 6988119.99999998, bChange = 0.0042118, totNum = 253
ROUND = 1610, SUM = 6988119.99999998, bChange = 0.00421179, totNum = 253
ROUND = 1611, SUM = 6988119.99999994, bChange = 0.00421179, totNum = 253
ROUND = 1612, SUM = 6988119.99999996, bChange = 0.00421179, totNum = 253
ROUND = 1613, SUM = 6988119.99999995, bChange = 0.00421179, totNum = 253
ROUND = 1614, SUM = 6988119.99999996, bChange = 0.00421178, totNum = 253
ROUND = 1615, SUM = 6988119.99999997, bChange = 0.00421178, totNum = 253
ROUND = 1616, SUM = 6988119.99999996, bChange = 0.00421178, totNum = 253
ROUND = 1617, SUM = 6988119.99999997, bChange = 0.00421178, totNum = 253
ROUND = 1618, SUM = 6988119.99999995, bChange = 0.00421177, totNum = 252
ROUND = 1619, SUM = 6988119.99999995, bChange = 0.00421177, totNum = 253
ROUND = 1620, SUM = 6988119.99999997, bChange = 0.00421177, totNum = 253
ROUND = 1621, SUM = 6988119.99999997, bChange = 0.00421177, totNum = 253
ROUND = 1622, SUM = 6988119.99999995, bChange = 0.00421176, totNum = 253
ROUND = 1623, SUM = 6988119.99999998, bChange = 0.00421176, totNum = 253
ROUND = 1624, SUM = 6988119.99999997, bChange = 0.00421176, totNum = 253
ROUND = 1625, SUM = 6988119.99999996, bChange = 0.00421176, totNum = 250
ROUND = 1626, SUM = 6988119.99999995, bChange = 0.00421176, totNum = 249
ROUND = 1627, SUM = 6988119.99999996, bChange = 0.00421175, totNum = 248
ROUND = 1628, SUM = 6988119.99999998, bChange = 0.00421175, totNum = 248
ROUND = 1629, SUM = 6988119.99999997, bChange = 0.00421175, totNum = 247
ROUND = 1630, SUM = 6988119.99999997, bChange = 0.00421175, totNum = 247
ROUND = 1631, SUM = 6988119.99999999, bChange = 0.00421174, totNum = 246
ROUND = 1632, SUM = 6988119.99999998, bChange = 0.00421174, totNum = 244
ROUND = 1633, SUM = 6988119.99999996, bChange = 0.00421174, totNum = 244
ROUND = 1634, SUM = 6988120, bChange = 0.00421174, totNum = 243
ROUND = 1635, SUM = 6988119.99999999, bChange = 0.00421174, totNum = 243
ROUND = 1636, SUM = 6988119.99999997, bChange = 0.00421173, totNum = 243
ROUND = 1637, SUM = 6988119.99999998, bChange = 0.00421173, totNum = 242
ROUND = 1638, SUM = 6988119.99999996, bChange = 0.00421173, totNum = 242
ROUND = 1639, SUM = 6988119.99999999, bChange = 0.00421173, totNum = 242
ROUND = 1640, SUM = 6988119.99999996, bChange = 0.00421172, totNum = 241
ROUND = 1641, SUM = 6988119.99999997, bChange = 0.00421172, totNum = 241
ROUND = 1642, SUM = 6988119.99999996, bChange = 0.00421172, totNum = 240
ROUND = 1643, SUM = 6988119.99999995, bChange = 0.00421172, totNum = 239
ROUND = 1644, SUM = 6988119.99999998, bChange = 0.00421172, totNum = 239
ROUND = 1645, SUM = 6988119.99999998, bChange = 0.00421171, totNum = 239
ROUND = 1646, SUM = 6988119.99999998, bChange = 0.00421171, totNum = 239
ROUND = 1647, SUM = 6988119.99999998, bChange = 0.00421171, totNum = 239
ROUND = 1648, SUM = 6988119.99999998, bChange = 0.00421171, totNum = 238
ROUND = 1649, SUM = 6988119.99999994, bChange = 0.00421171, totNum = 235
ROUND = 1650, SUM = 6988119.99999998, bChange = 0.0042117, totNum = 233
ROUND = 1651, SUM = 6988119.99999998, bChange = 0.0042117, totNum = 233
ROUND = 1652, SUM = 6988120.00000001, bChange = 0.0042117, totNum = 233
ROUND = 1653, SUM = 6988119.99999998, bChange = 0.0042117, totNum = 233
ROUND = 1654, SUM = 6988119.99999996, bChange = 0.0042117, totNum = 233
ROUND = 1655, SUM = 6988119.99999997, bChange = 0.00421169, totNum = 233
ROUND = 1656, SUM = 6988119.99999997, bChange = 0.00421169, totNum = 233
ROUND = 1657, SUM = 6988119.99999998, bChange = 0.00421169, totNum = 231
ROUND = 1658, SUM = 6988119.99999998, bChange = 0.00421169, totNum = 231
ROUND = 1659, SUM = 6988119.99999999, bChange = 0.00421169, totNum = 231
ROUND = 1660, SUM = 6988119.99999999, bChange = 0.00421168, totNum = 230
ROUND = 1661, SUM = 6988119.99999999, bChange = 0.00421168, totNum = 230
ROUND = 1662, SUM = 6988120, bChange = 0.00421168, totNum = 230
ROUND = 1663, SUM = 6988119.99999997, bChange = 0.00421168, totNum = 230
ROUND = 1664, SUM = 6988119.99999998, bChange = 0.00421168, totNum = 230
ROUND = 1665, SUM = 6988119.99999998, bChange = 0.00421167, totNum = 230
ROUND = 1666, SUM = 6988119.99999998, bChange = 0.00421167, totNum = 230
ROUND = 1667, SUM = 6988119.99999998, bChange = 0.00421167, totNum = 230
ROUND = 1668, SUM = 6988119.99999998, bChange = 0.00421167, totNum = 230
ROUND = 1669, SUM = 6988119.99999998, bChange = 0.00421167, totNum = 230
ROUND = 1670, SUM = 6988119.99999997, bChange = 0.00421167, totNum = 229
ROUND = 1671, SUM = 6988119.99999999, bChange = 0.00421166, totNum = 229
ROUND = 1672, SUM = 6988119.99999997, bChange = 0.00421166, totNum = 229
ROUND = 1673, SUM = 6988119.99999997, bChange = 0.00421166, totNum = 229
ROUND = 1674, SUM = 6988119.99999995, bChange = 0.00421166, totNum = 228
ROUND = 1675, SUM = 6988119.99999998, bChange = 0.00421166, totNum = 228
ROUND = 1676, SUM = 6988119.99999999, bChange = 0.00421165, totNum = 228
ROUND = 1677, SUM = 6988119.99999997, bChange = 0.00421165, totNum = 228
ROUND = 1678, SUM = 6988119.99999998, bChange = 0.00421165, totNum = 227
ROUND = 1679, SUM = 6988119.99999998, bChange = 0.00421165, totNum = 226
ROUND = 1680, SUM = 6988119.99999998, bChange = 0.00421165, totNum = 225
ROUND = 1681, SUM = 6988119.99999996, bChange = 0.00421165, totNum = 225
ROUND = 1682, SUM = 6988119.99999994, bChange = 0.00421164, totNum = 225
ROUND = 1683, SUM = 6988119.99999996, bChange = 0.00421164, totNum = 225
ROUND = 1684, SUM = 6988119.99999996, bChange = 0.00421164, totNum = 225
ROUND = 1685, SUM = 6988119.99999997, bChange = 0.00421164, totNum = 225
ROUND = 1686, SUM = 6988119.99999996, bChange = 0.00421164, totNum = 225
ROUND = 1687, SUM = 6988119.99999995, bChange = 0.00421163, totNum = 225
ROUND = 1688, SUM = 6988119.99999995, bChange = 0.00421163, totNum = 225
ROUND = 1689, SUM = 6988119.99999997, bChange = 0.00421163, totNum = 225
ROUND = 1690, SUM = 6988119.99999995, bChange = 0.00421163, totNum = 225
ROUND = 1691, SUM = 6988119.99999997, bChange = 0.00421163, totNum = 224
ROUND = 1692, SUM = 6988119.99999997, bChange = 0.00421163, totNum = 223
ROUND = 1693, SUM = 6988119.99999998, bChange = 0.00421162, totNum = 223
ROUND = 1694, SUM = 6988119.99999996, bChange = 0.00421162, totNum = 223
ROUND = 1695, SUM = 6988119.99999999, bChange = 0.00421162, totNum = 221
ROUND = 1696, SUM = 6988119.99999995, bChange = 0.00370354, totNum = 219
ROUND = 1697, SUM = 6988119.99999996, bChange = 0.00370358, totNum = 219
ROUND = 1698, SUM = 6988119.99999998, bChange = 0.00370362, totNum = 219
ROUND = 1699, SUM = 6988120.00000001, bChange = 0.00370366, totNum = 217
ROUND = 1700, SUM = 6988119.99999999, bChange = 0.0037037, totNum = 217
ROUND = 1701, SUM = 6988119.99999998, bChange = 0.00370374, totNum = 217
ROUND = 1702, SUM = 6988119.99999998, bChange = 0.00370378, totNum = 217
ROUND = 1703, SUM = 6988119.99999997, bChange = 0.00370382, totNum = 217
ROUND = 1704, SUM = 6988119.99999997, bChange = 0.00370386, totNum = 216
ROUND = 1705, SUM = 6988119.99999996, bChange = 0.0037039, totNum = 216
ROUND = 1706, SUM = 6988119.99999993, bChange = 0.00370394, totNum = 215
ROUND = 1707, SUM = 6988119.99999995, bChange = 0.00370398, totNum = 215
ROUND = 1708, SUM = 6988119.99999996, bChange = 0.00370402, totNum = 215
ROUND = 1709, SUM = 6988119.99999999, bChange = 0.00370406, totNum = 215
ROUND = 1710, SUM = 6988119.99999999, bChange = 0.0037041, totNum = 215
ROUND = 1711, SUM = 6988119.99999998, bChange = 0.00370414, totNum = 215
ROUND = 1712, SUM = 6988119.99999997, bChange = 0.00370417, totNum = 214
ROUND = 1713, SUM = 6988119.99999996, bChange = 0.00370421, totNum = 214
ROUND = 1714, SUM = 6988119.99999998, bChange = 0.00370425, totNum = 214
ROUND = 1715, SUM = 6988120, bChange = 0.00370429, totNum = 214
ROUND = 1716, SUM = 6988119.99999996, bChange = 0.00370433, totNum = 214
ROUND = 1717, SUM = 6988119.99999997, bChange = 0.00370436, totNum = 214
ROUND = 1718, SUM = 6988119.99999997, bChange = 0.0037044, totNum = 213
ROUND = 1719, SUM = 6988119.99999995, bChange = 0.00370444, totNum = 213
ROUND = 1720, SUM = 6988119.99999999, bChange = 0.00370448, totNum = 212
ROUND = 1721, SUM = 6988119.99999996, bChange = 0.00370451, totNum = 212
ROUND = 1722, SUM = 6988119.99999994, bChange = 0.00370455, totNum = 212
ROUND = 1723, SUM = 6988119.99999995, bChange = 0.00370459, totNum = 212
ROUND = 1724, SUM = 6988119.99999999, bChange = 0.00370463, totNum = 212
ROUND = 1725, SUM = 6988119.99999997, bChange = 0.00370466, totNum = 211
ROUND = 1726, SUM = 6988119.99999997, bChange = 0.0037047, totNum = 211
ROUND = 1727, SUM = 6988119.99999997, bChange = 0.00370474, totNum = 210
ROUND = 1728, SUM = 6988119.99999997, bChange = 0.00370477, totNum = 210
ROUND = 1729, SUM = 6988119.99999997, bChange = 0.00370481, totNum = 210
ROUND = 1730, SUM = 6988119.99999997, bChange = 0.00370485, totNum = 210
ROUND = 1731, SUM = 6988119.99999994, bChange = 0.00370488, totNum = 210
ROUND = 1732, SUM = 6988119.99999997, bChange = 0.00370492, totNum = 210
ROUND = 1733, SUM = 6988119.99999996, bChange = 0.00370495, totNum = 210
ROUND = 1734, SUM = 6988119.99999997, bChange = 0.00370499, totNum = 209
ROUND = 1735, SUM = 6988119.99999996, bChange = 0.00370502, totNum = 209
ROUND = 1736, SUM = 6988119.99999996, bChange = 0.00370506, totNum = 209
ROUND = 1737, SUM = 6988119.99999996, bChange = 0.00370509, totNum = 209
ROUND = 1738, SUM = 6988119.99999998, bChange = 0.00370513, totNum = 208
ROUND = 1739, SUM = 6988119.99999996, bChange = 0.00370516, totNum = 208
ROUND = 1740, SUM = 6988119.99999996, bChange = 0.0037052, totNum = 208
ROUND = 1741, SUM = 6988119.99999997, bChange = 0.00370523, totNum = 208
ROUND = 1742, SUM = 6988119.99999996, bChange = 0.00370527, totNum = 208
ROUND = 1743, SUM = 6988120, bChange = 0.0037053, totNum = 208
ROUND = 1744, SUM = 6988119.99999997, bChange = 0.00370534, totNum = 208
ROUND = 1745, SUM = 6988119.99999996, bChange = 0.00370537, totNum = 208
ROUND = 1746, SUM = 6988120.00000001, bChange = 0.00370541, totNum = 208
ROUND = 1747, SUM = 6988119.99999996, bChange = 0.00370544, totNum = 208
ROUND = 1748, SUM = 6988120, bChange = 0.00370547, totNum = 208
ROUND = 1749, SUM = 6988120, bChange = 0.00370551, totNum = 208
ROUND = 1750, SUM = 6988119.99999995, bChange = 0.00370554, totNum = 207
ROUND = 1751, SUM = 6988119.99999998, bChange = 0.00370558, totNum = 207
ROUND = 1752, SUM = 6988119.99999997, bChange = 0.00370561, totNum = 207
ROUND = 1753, SUM = 6988119.99999996, bChange = 0.00370564, totNum = 207
ROUND = 1754, SUM = 6988119.99999997, bChange = 0.00370568, totNum = 208
ROUND = 1755, SUM = 6988119.99999999, bChange = 0.00370571, totNum = 207
ROUND = 1756, SUM = 6988119.99999997, bChange = 0.00370574, totNum = 207
ROUND = 1757, SUM = 6988119.99999997, bChange = 0.00370577, totNum = 207
ROUND = 1758, SUM = 6988119.99999998, bChange = 0.00370581, totNum = 206
ROUND = 1759, SUM = 6988119.99999999, bChange = 0.00323915, totNum = 205
ROUND = 1760, SUM = 6988119.99999999, bChange = 0.00323945, totNum = 205
ROUND = 1761, SUM = 6988119.99999995, bChange = 0.0031672, totNum = 204
ROUND = 1762, SUM = 6988119.99999996, bChange = 0.00316766, totNum = 204
ROUND = 1763, SUM = 6988119.99999998, bChange = 0.00316812, totNum = 204
ROUND = 1764, SUM = 6988119.99999996, bChange = 0.00316858, totNum = 204
ROUND = 1765, SUM = 6988119.99999996, bChange = 0.00316903, totNum = 203
ROUND = 1766, SUM = 6988119.99999999, bChange = 0.00316949, totNum = 203
ROUND = 1767, SUM = 6988119.99999998, bChange = 0.00316994, totNum = 203
ROUND = 1768, SUM = 6988119.99999999, bChange = 0.0031704, totNum = 203
ROUND = 1769, SUM = 6988120.00000001, bChange = 0.00317085, totNum = 203
ROUND = 1770, SUM = 6988119.99999996, bChange = 0.00317131, totNum = 201
ROUND = 1771, SUM = 6988119.99999997, bChange = 0.00317176, totNum = 201
ROUND = 1772, SUM = 6988119.99999996, bChange = 0.00317222, totNum = 201
ROUND = 1773, SUM = 6988119.99999996, bChange = 0.00317267, totNum = 201
ROUND = 1774, SUM = 6988119.99999993, bChange = 0.00317313, totNum = 201
ROUND = 1775, SUM = 6988119.99999996, bChange = 0.00317358, totNum = 201
ROUND = 1776, SUM = 6988119.99999994, bChange = 0.00317403, totNum = 200
ROUND = 1777, SUM = 6988119.99999997, bChange = 0.00317448, totNum = 200
ROUND = 1778, SUM = 6988120.00000001, bChange = 0.00317493, totNum = 200
ROUND = 1779, SUM = 6988119.99999996, bChange = 0.00317539, totNum = 200
ROUND = 1780, SUM = 6988119.99999998, bChange = 0.00317584, totNum = 200
ROUND = 1781, SUM = 6988119.99999996, bChange = 0.00317629, totNum = 199
ROUND = 1782, SUM = 6988119.99999996, bChange = 0.00317674, totNum = 199
ROUND = 1783, SUM = 6988119.99999996, bChange = 0.00317719, totNum = 199
ROUND = 1784, SUM = 6988119.99999998, bChange = 0.00317764, totNum = 199
ROUND = 1785, SUM = 6988119.99999998, bChange = 0.00317809, totNum = 198
ROUND = 1786, SUM = 6988119.99999998, bChange = 0.00317854, totNum = 198
ROUND = 1787, SUM = 6988120, bChange = 0.00317898, totNum = 198
ROUND = 1788, SUM = 6988119.99999996, bChange = 0.00317943, totNum = 198
ROUND = 1789, SUM = 6988119.99999998, bChange = 0.00317988, totNum = 198
ROUND = 1790, SUM = 6988119.99999998, bChange = 0.00318033, totNum = 198
ROUND = 1791, SUM = 6988119.99999996, bChange = 0.00318077, totNum = 198
ROUND = 1792, SUM = 6988119.99999995, bChange = 0.00318122, totNum = 198
ROUND = 1793, SUM = 6988119.99999993, bChange = 0.00318167, totNum = 197
ROUND = 1794, SUM = 6988119.99999994, bChange = 0.00318211, totNum = 197
ROUND = 1795, SUM = 6988119.99999994, bChange = 0.00318256, totNum = 197
ROUND = 1796, SUM = 6988119.99999996, bChange = 0.003183, totNum = 195
ROUND = 1797, SUM = 6988119.99999994, bChange = 0.00318345, totNum = 194
ROUND = 1798, SUM = 6988119.99999997, bChange = 0.00318389, totNum = 194
ROUND = 1799, SUM = 6988119.99999996, bChange = 0.00318434, totNum = 193
ROUND = 1800, SUM = 6988119.99999994, bChange = 0.00318478, totNum = 192
ROUND = 1801, SUM = 6988119.99999996, bChange = 0.00318523, totNum = 191
ROUND = 1802, SUM = 6988119.99999997, bChange = 0.00318567, totNum = 191
ROUND = 1803, SUM = 6988119.99999999, bChange = 0.00318611, totNum = 191
ROUND = 1804, SUM = 6988119.99999996, bChange = 0.00318655, totNum = 191
ROUND = 1805, SUM = 6988119.99999998, bChange = 0.003187, totNum = 191
ROUND = 1806, SUM = 6988119.99999998, bChange = 0.00318744, totNum = 190
ROUND = 1807, SUM = 6988119.99999998, bChange = 0.00318788, totNum = 189
ROUND = 1808, SUM = 6988119.99999996, bChange = 0.00318832, totNum = 189
ROUND = 1809, SUM = 6988119.99999996, bChange = 0.00318876, totNum = 189
ROUND = 1810, SUM = 6988119.99999996, bChange = 0.0031892, totNum = 189
ROUND = 1811, SUM = 6988119.99999997, bChange = 0.00318964, totNum = 189
ROUND = 1812, SUM = 6988119.99999998, bChange = 0.00319008, totNum = 189
ROUND = 1813, SUM = 6988119.99999998, bChange = 0.00319052, totNum = 189
ROUND = 1814, SUM = 6988119.99999998, bChange = 0.00319096, totNum = 189
ROUND = 1815, SUM = 6988119.99999997, bChange = 0.00319139, totNum = 189
ROUND = 1816, SUM = 6988119.99999994, bChange = 0.00319183, totNum = 189
ROUND = 1817, SUM = 6988119.99999996, bChange = 0.00319227, totNum = 189
ROUND = 1818, SUM = 6988119.99999996, bChange = 0.00319271, totNum = 188
ROUND = 1819, SUM = 6988119.99999994, bChange = 0.00319314, totNum = 188
ROUND = 1820, SUM = 6988119.99999995, bChange = 0.00319358, totNum = 188
ROUND = 1821, SUM = 6988119.99999998, bChange = 0.00319402, totNum = 188
ROUND = 1822, SUM = 6988119.99999999, bChange = 0.00319445, totNum = 188
ROUND = 1823, SUM = 6988119.99999997, bChange = 0.00319489, totNum = 188
ROUND = 1824, SUM = 6988119.99999999, bChange = 0.00319532, totNum = 188
ROUND = 1825, SUM = 6988119.99999995, bChange = 0.00319576, totNum = 188
ROUND = 1826, SUM = 6988119.99999997, bChange = 0.00319619, totNum = 188
ROUND = 1827, SUM = 6988119.99999997, bChange = 0.00319662, totNum = 187
ROUND = 1828, SUM = 6988119.99999996, bChange = 0.00319706, totNum = 187
ROUND = 1829, SUM = 6988119.99999998, bChange = 0.00319749, totNum = 187
ROUND = 1830, SUM = 6988119.99999998, bChange = 0.00319792, totNum = 187
ROUND = 1831, SUM = 6988119.99999995, bChange = 0.00319836, totNum = 185
ROUND = 1832, SUM = 6988119.99999995, bChange = 0.00319879, totNum = 185
ROUND = 1833, SUM = 6988119.99999995, bChange = 0.00319922, totNum = 185
ROUND = 1834, SUM = 6988119.99999995, bChange = 0.00319965, totNum = 183
ROUND = 1835, SUM = 6988119.99999996, bChange = 0.00320008, totNum = 183
ROUND = 1836, SUM = 6988119.99999996, bChange = 0.00320051, totNum = 182
ROUND = 1837, SUM = 6988119.99999997, bChange = 0.00320094, totNum = 182
ROUND = 1838, SUM = 6988120, bChange = 0.00320137, totNum = 180
ROUND = 1839, SUM = 6988119.99999996, bChange = 0.0032018, totNum = 180
ROUND = 1840, SUM = 6988119.99999992, bChange = 0.00320223, totNum = 179
ROUND = 1841, SUM = 6988119.99999995, bChange = 0.00320266, totNum = 179
ROUND = 1842, SUM = 6988120.00000001, bChange = 0.00320309, totNum = 177
ROUND = 1843, SUM = 6988119.99999997, bChange = 0.00320352, totNum = 177
ROUND = 1844, SUM = 6988119.99999997, bChange = 0.00320394, totNum = 177
ROUND = 1845, SUM = 6988119.99999998, bChange = 0.00320437, totNum = 177
ROUND = 1846, SUM = 6988119.99999997, bChange = 0.0032048, totNum = 177
ROUND = 1847, SUM = 6988119.99999998, bChange = 0.00320522, totNum = 177
ROUND = 1848, SUM = 6988119.99999997, bChange = 0.00320565, totNum = 176
ROUND = 1849, SUM = 6988119.99999997, bChange = 0.00320608, totNum = 176
ROUND = 1850, SUM = 6988119.99999998, bChange = 0.0032065, totNum = 175
ROUND = 1851, SUM = 6988119.99999996, bChange = 0.00320693, totNum = 175
ROUND = 1852, SUM = 6988119.99999997, bChange = 0.00320735, totNum = 175
ROUND = 1853, SUM = 6988119.99999999, bChange = 0.00320778, totNum = 174
ROUND = 1854, SUM = 6988119.99999996, bChange = 0.0032082, totNum = 174
ROUND = 1855, SUM = 6988119.99999996, bChange = 0.00320862, totNum = 173
ROUND = 1856, SUM = 6988119.99999995, bChange = 0.00320905, totNum = 173
ROUND = 1857, SUM = 6988119.99999994, bChange = 0.00320947, totNum = 173
ROUND = 1858, SUM = 6988119.99999996, bChange = 0.00320989, totNum = 173
ROUND = 1859, SUM = 6988120, bChange = 0.00321031, totNum = 173
ROUND = 1860, SUM = 6988119.99999996, bChange = 0.00321074, totNum = 173
ROUND = 1861, SUM = 6988119.99999996, bChange = 0.00321116, totNum = 173
ROUND = 1862, SUM = 6988120, bChange = 0.00321158, totNum = 173
ROUND = 1863, SUM = 6988119.99999999, bChange = 0.003212, totNum = 173
ROUND = 1864, SUM = 6988119.99999997, bChange = 0.00321242, totNum = 173
ROUND = 1865, SUM = 6988119.99999997, bChange = 0.00321284, totNum = 173
ROUND = 1866, SUM = 6988119.99999997, bChange = 0.00321326, totNum = 173
ROUND = 1867, SUM = 6988119.99999996, bChange = 0.00321368, totNum = 173
ROUND = 1868, SUM = 6988119.99999996, bChange = 0.0032141, totNum = 172
ROUND = 1869, SUM = 6988119.99999993, bChange = 0.00321452, totNum = 172
ROUND = 1870, SUM = 6988119.99999996, bChange = 0.00321493, totNum = 172
ROUND = 1871, SUM = 6988119.99999998, bChange = 0.00321535, totNum = 172
ROUND = 1872, SUM = 6988119.99999999, bChange = 0.00321577, totNum = 172
ROUND = 1873, SUM = 6988119.99999994, bChange = 0.00321619, totNum = 171
ROUND = 1874, SUM = 6988119.99999996, bChange = 0.0032166, totNum = 171
ROUND = 1875, SUM = 6988119.99999998, bChange = 0.00321702, totNum = 171
ROUND = 1876, SUM = 6988119.99999996, bChange = 0.00321744, totNum = 172
ROUND = 1877, SUM = 6988119.99999994, bChange = 0.00321785, totNum = 172
ROUND = 1878, SUM = 6988119.99999999, bChange = 0.00321827, totNum = 171
ROUND = 1879, SUM = 6988119.99999998, bChange = 0.00321868, totNum = 171
ROUND = 1880, SUM = 6988119.99999995, bChange = 0.0032191, totNum = 171
ROUND = 1881, SUM = 6988119.99999995, bChange = 0.00321951, totNum = 170
ROUND = 1882, SUM = 6988119.99999996, bChange = 0.00321992, totNum = 170
ROUND = 1883, SUM = 6988119.99999997, bChange = 0.00322034, totNum = 169
ROUND = 1884, SUM = 6988119.99999997, bChange = 0.00322075, totNum = 169
ROUND = 1885, SUM = 6988119.99999998, bChange = 0.00322116, totNum = 169
ROUND = 1886, SUM = 6988119.99999994, bChange = 0.00322158, totNum = 169
ROUND = 1887, SUM = 6988119.99999993, bChange = 0.00322199, totNum = 169
ROUND = 1888, SUM = 6988119.99999995, bChange = 0.0032224, totNum = 168
ROUND = 1889, SUM = 6988119.99999998, bChange = 0.00322281, totNum = 168
ROUND = 1890, SUM = 6988119.99999998, bChange = 0.00322322, totNum = 168
ROUND = 1891, SUM = 6988119.99999998, bChange = 0.00322363, totNum = 168
ROUND = 1892, SUM = 6988119.99999997, bChange = 0.00322404, totNum = 168
ROUND = 1893, SUM = 6988119.99999997, bChange = 0.00322445, totNum = 168
ROUND = 1894, SUM = 6988119.99999994, bChange = 0.00322486, totNum = 168
ROUND = 1895, SUM = 6988119.99999996, bChange = 0.00322527, totNum = 168
ROUND = 1896, SUM = 6988119.99999997, bChange = 0.00322568, totNum = 167
ROUND = 1897, SUM = 6988119.99999999, bChange = 0.00322609, totNum = 167
ROUND = 1898, SUM = 6988119.99999995, bChange = 0.0032265, totNum = 167
ROUND = 1899, SUM = 6988119.99999995, bChange = 0.00322691, totNum = 166
ROUND = 1900, SUM = 6988119.99999997, bChange = 0.00322731, totNum = 166
ROUND = 1901, SUM = 6988119.99999997, bChange = 0.00322772, totNum = 166
ROUND = 1902, SUM = 6988119.99999996, bChange = 0.00322813, totNum = 166
ROUND = 1903, SUM = 6988119.99999997, bChange = 0.00322853, totNum = 166
ROUND = 1904, SUM = 6988119.99999997, bChange = 0.00322894, totNum = 165
ROUND = 1905, SUM = 6988119.99999997, bChange = 0.00322934, totNum = 165
ROUND = 1906, SUM = 6988119.99999995, bChange = 0.00322975, totNum = 165
ROUND = 1907, SUM = 6988119.99999998, bChange = 0.00323015, totNum = 165
ROUND = 1908, SUM = 6988119.99999996, bChange = 0.00323056, totNum = 165
ROUND = 1909, SUM = 6988119.99999997, bChange = 0.00323096, totNum = 165
ROUND = 1910, SUM = 6988119.99999996, bChange = 0.00323137, totNum = 165
ROUND = 1911, SUM = 6988119.99999997, bChange = 0.00323177, totNum = 165
ROUND = 1912, SUM = 6988119.99999998, bChange = 0.00323217, totNum = 164
ROUND = 1913, SUM = 6988119.99999997, bChange = 0.00323258, totNum = 164
ROUND = 1914, SUM = 6988119.99999999, bChange = 0.00323298, totNum = 164
ROUND = 1915, SUM = 6988119.99999997, bChange = 0.00323338, totNum = 162
ROUND = 1916, SUM = 6988119.99999998, bChange = 0.00323378, totNum = 162
ROUND = 1917, SUM = 6988119.99999997, bChange = 0.00323418, totNum = 162
ROUND = 1918, SUM = 6988119.99999998, bChange = 0.00323459, totNum = 162
ROUND = 1919, SUM = 6988119.99999997, bChange = 0.00323499, totNum = 160
ROUND = 1920, SUM = 6988119.99999998, bChange = 0.00323539, totNum = 160
ROUND = 1921, SUM = 6988119.99999998, bChange = 0.00323579, totNum = 160
ROUND = 1922, SUM = 6988119.99999996, bChange = 0.00323619, totNum = 159
ROUND = 1923, SUM = 6988120, bChange = 0.00323659, totNum = 159
ROUND = 1924, SUM = 6988119.99999995, bChange = 0.00323698, totNum = 159
ROUND = 1925, SUM = 6988120, bChange = 0.00323738, totNum = 159
ROUND = 1926, SUM = 6988119.99999999, bChange = 0.00323778, totNum = 158
ROUND = 1927, SUM = 6988119.99999997, bChange = 0.00323818, totNum = 157
ROUND = 1928, SUM = 6988119.99999999, bChange = 0.00323858, totNum = 157
ROUND = 1929, SUM = 6988119.99999996, bChange = 0.00323897, totNum = 156
ROUND = 1930, SUM = 6988119.99999996, bChange = 0.00323937, totNum = 156
ROUND = 1931, SUM = 6988119.99999998, bChange = 0.00323977, totNum = 156
ROUND = 1932, SUM = 6988119.99999995, bChange = 0.00324016, totNum = 156
ROUND = 1933, SUM = 6988120, bChange = 0.00324056, totNum = 156
ROUND = 1934, SUM = 6988119.99999999, bChange = 0.00324095, totNum = 156
ROUND = 1935, SUM = 6988119.99999999, bChange = 0.00324135, totNum = 155
ROUND = 1936, SUM = 6988120.00000001, bChange = 0.00324174, totNum = 154
ROUND = 1937, SUM = 6988120, bChange = 0.00324214, totNum = 154
ROUND = 1938, SUM = 6988119.99999995, bChange = 0.00324253, totNum = 155
ROUND = 1939, SUM = 6988119.99999999, bChange = 0.00324293, totNum = 155
ROUND = 1940, SUM = 6988119.99999997, bChange = 0.00324332, totNum = 155
ROUND = 1941, SUM = 6988119.99999997, bChange = 0.00324371, totNum = 154
ROUND = 1942, SUM = 6988119.99999997, bChange = 0.0032441, totNum = 154
ROUND = 1943, SUM = 6988119.99999999, bChange = 0.0032445, totNum = 154
ROUND = 1944, SUM = 6988119.99999996, bChange = 0.00324489, totNum = 154
ROUND = 1945, SUM = 6988119.99999997, bChange = 0.00324528, totNum = 154
ROUND = 1946, SUM = 6988119.99999998, bChange = 0.00324567, totNum = 154
ROUND = 1947, SUM = 6988119.99999998, bChange = 0.00324606, totNum = 153
ROUND = 1948, SUM = 6988119.99999998, bChange = 0.00324645, totNum = 153
ROUND = 1949, SUM = 6988119.99999995, bChange = 0.00324684, totNum = 153
ROUND = 1950, SUM = 6988119.99999997, bChange = 0.00324723, totNum = 153
ROUND = 1951, SUM = 6988119.99999997, bChange = 0.00324762, totNum = 152
ROUND = 1952, SUM = 6988119.99999998, bChange = 0.00324801, totNum = 152
ROUND = 1953, SUM = 6988120.00000002, bChange = 0.0032484, totNum = 152
ROUND = 1954, SUM = 6988119.99999999, bChange = 0.00324879, totNum = 152
ROUND = 1955, SUM = 6988119.99999997, bChange = 0.00324918, totNum = 152
ROUND = 1956, SUM = 6988119.99999996, bChange = 0.00324956, totNum = 152
ROUND = 1957, SUM = 6988119.99999999, bChange = 0.00324995, totNum = 152
ROUND = 1958, SUM = 6988119.99999997, bChange = 0.00325034, totNum = 152
ROUND = 1959, SUM = 6988119.99999997, bChange = 0.00325072, totNum = 152
ROUND = 1960, SUM = 6988119.99999996, bChange = 0.00325111, totNum = 150
ROUND = 1961, SUM = 6988119.99999999, bChange = 0.0032515, totNum = 150
ROUND = 1962, SUM = 6988119.99999997, bChange = 0.00325188, totNum = 150
ROUND = 1963, SUM = 6988119.99999997, bChange = 0.00325227, totNum = 150
ROUND = 1964, SUM = 6988119.99999997, bChange = 0.00325265, totNum = 150
ROUND = 1965, SUM = 6988119.99999996, bChange = 0.00325304, totNum = 149
ROUND = 1966, SUM = 6988119.99999997, bChange = 0.00325342, totNum = 148
ROUND = 1967, SUM = 6988119.99999996, bChange = 0.0032538, totNum = 148
ROUND = 1968, SUM = 6988119.99999995, bChange = 0.00325419, totNum = 148
ROUND = 1969, SUM = 6988119.99999994, bChange = 0.00325457, totNum = 148
ROUND = 1970, SUM = 6988119.99999997, bChange = 0.00325495, totNum = 148
ROUND = 1971, SUM = 6988119.99999996, bChange = 0.00325534, totNum = 148
ROUND = 1972, SUM = 6988119.99999999, bChange = 0.00325572, totNum = 148
ROUND = 1973, SUM = 6988120.00000001, bChange = 0.0032561, totNum = 148
ROUND = 1974, SUM = 6988119.99999996, bChange = 0.00325648, totNum = 148
ROUND = 1975, SUM = 6988119.99999999, bChange = 0.00325686, totNum = 148
ROUND = 1976, SUM = 6988119.99999997, bChange = 0.00325724, totNum = 146
ROUND = 1977, SUM = 6988119.99999996, bChange = 0.00325762, totNum = 146
ROUND = 1978, SUM = 6988119.99999997, bChange = 0.003258, totNum = 145
ROUND = 1979, SUM = 6988119.99999996, bChange = 0.00320011, totNum = 144
ROUND = 1980, SUM = 6988119.99999997, bChange = 0.00320033, totNum = 143
ROUND = 1981, SUM = 6988119.99999996, bChange = 0.00320055, totNum = 143
ROUND = 1982, SUM = 6988119.99999995, bChange = 0.00320077, totNum = 142
ROUND = 1983, SUM = 6988119.99999995, bChange = 0.00320098, totNum = 142
ROUND = 1984, SUM = 6988119.99999995, bChange = 0.0032012, totNum = 142
ROUND = 1985, SUM = 6988119.99999994, bChange = 0.00320142, totNum = 142
ROUND = 1986, SUM = 6988119.99999995, bChange = 0.00320163, totNum = 142
ROUND = 1987, SUM = 6988119.99999998, bChange = 0.00320185, totNum = 141
ROUND = 1988, SUM = 6988119.99999997, bChange = 0.00320207, totNum = 141
ROUND = 1989, SUM = 6988119.99999995, bChange = 0.00320228, totNum = 141
ROUND = 1990, SUM = 6988120.00000002, bChange = 0.0032025, totNum = 141
ROUND = 1991, SUM = 6988119.99999999, bChange = 0.00320271, totNum = 141
ROUND = 1992, SUM = 6988119.99999998, bChange = 0.00320293, totNum = 141
ROUND = 1993, SUM = 6988119.99999996, bChange = 0.00320314, totNum = 141
ROUND = 1994, SUM = 6988119.99999999, bChange = 0.00320335, totNum = 141
ROUND = 1995, SUM = 6988119.99999997, bChange = 0.00320357, totNum = 141
ROUND = 1996, SUM = 6988119.99999998, bChange = 0.00320378, totNum = 140
ROUND = 1997, SUM = 6988119.99999998, bChange = 0.00320399, totNum = 140
ROUND = 1998, SUM = 6988119.99999995, bChange = 0.00320421, totNum = 140
ROUND = 1999, SUM = 6988119.99999996, bChange = 0.00320442, totNum = 140
ROUND = 2000, SUM = 6988119.99999998, bChange = 0.00320463, totNum = 140
ROUND = 2001, SUM = 6988119.99999996, bChange = 0.00320484, totNum = 140
ROUND = 2002, SUM = 6988119.99999998, bChange = 0.00320505, totNum = 139
ROUND = 2003, SUM = 6988119.99999998, bChange = 0.00320526, totNum = 138
ROUND = 2004, SUM = 6988119.99999999, bChange = 0.00320547, totNum = 138
ROUND = 2005, SUM = 6988119.99999996, bChange = 0.00320568, totNum = 137
ROUND = 2006, SUM = 6988119.99999998, bChange = 0.00320589, totNum = 137
ROUND = 2007, SUM = 6988119.99999994, bChange = 0.0032061, totNum = 136
ROUND = 2008, SUM = 6988119.99999995, bChange = 0.00320631, totNum = 136
ROUND = 2009, SUM = 6988119.99999996, bChange = 0.00320652, totNum = 136
ROUND = 2010, SUM = 6988119.99999998, bChange = 0.00320673, totNum = 136
ROUND = 2011, SUM = 6988119.99999996, bChange = 0.00320693, totNum = 136
ROUND = 2012, SUM = 6988119.99999997, bChange = 0.00320714, totNum = 136
ROUND = 2013, SUM = 6988119.99999998, bChange = 0.00320735, totNum = 136
ROUND = 2014, SUM = 6988119.99999995, bChange = 0.00320755, totNum = 136
ROUND = 2015, SUM = 6988119.99999996, bChange = 0.00320776, totNum = 136
ROUND = 2016, SUM = 6988119.99999997, bChange = 0.00320797, totNum = 135
ROUND = 2017, SUM = 6988119.99999997, bChange = 0.00320817, totNum = 134
ROUND = 2018, SUM = 6988119.99999997, bChange = 0.00320838, totNum = 134
ROUND = 2019, SUM = 6988119.99999994, bChange = 0.00320858, totNum = 134
ROUND = 2020, SUM = 6988120.00000001, bChange = 0.00320879, totNum = 134
ROUND = 2021, SUM = 6988119.99999999, bChange = 0.00320899, totNum = 134
ROUND = 2022, SUM = 6988119.99999997, bChange = 0.0032092, totNum = 134
ROUND = 2023, SUM = 6988119.99999999, bChange = 0.0032094, totNum = 134
ROUND = 2024, SUM = 6988119.99999996, bChange = 0.0032096, totNum = 133
ROUND = 2025, SUM = 6988119.99999998, bChange = 0.00320981, totNum = 132
ROUND = 2026, SUM = 6988119.99999996, bChange = 0.00321001, totNum = 131
ROUND = 2027, SUM = 6988119.99999996, bChange = 0.00321021, totNum = 131
ROUND = 2028, SUM = 6988119.99999995, bChange = 0.00321041, totNum = 130
ROUND = 2029, SUM = 6988119.99999996, bChange = 0.00321062, totNum = 129
ROUND = 2030, SUM = 6988119.99999997, bChange = 0.00321082, totNum = 129
ROUND = 2031, SUM = 6988119.99999995, bChange = 0.00321102, totNum = 129
ROUND = 2032, SUM = 6988119.99999996, bChange = 0.00321122, totNum = 129
ROUND = 2033, SUM = 6988119.99999996, bChange = 0.00321142, totNum = 128
ROUND = 2034, SUM = 6988119.99999995, bChange = 0.00321162, totNum = 127
ROUND = 2035, SUM = 6988119.99999996, bChange = 0.00321182, totNum = 127
ROUND = 2036, SUM = 6988119.99999996, bChange = 0.00321202, totNum = 126
ROUND = 2037, SUM = 6988120, bChange = 0.00321222, totNum = 125
ROUND = 2038, SUM = 6988119.99999997, bChange = 0.00321242, totNum = 125
ROUND = 2039, SUM = 6988119.99999997, bChange = 0.00321262, totNum = 125
ROUND = 2040, SUM = 6988119.99999995, bChange = 0.00321281, totNum = 125
ROUND = 2041, SUM = 6988119.99999998, bChange = 0.00321301, totNum = 125
ROUND = 2042, SUM = 6988119.99999996, bChange = 0.00321321, totNum = 124
ROUND = 2043, SUM = 6988119.99999997, bChange = 0.00321341, totNum = 124
ROUND = 2044, SUM = 6988119.99999994, bChange = 0.0032136, totNum = 124
ROUND = 2045, SUM = 6988119.99999997, bChange = 0.0032138, totNum = 123
ROUND = 2046, SUM = 6988119.99999998, bChange = 0.003214, totNum = 123
ROUND = 2047, SUM = 6988120, bChange = 0.00321419, totNum = 123
ROUND = 2048, SUM = 6988119.99999997, bChange = 0.00321439, totNum = 121
ROUND = 2049, SUM = 6988119.99999997, bChange = 0.00321458, totNum = 121
ROUND = 2050, SUM = 6988119.99999998, bChange = 0.00321478, totNum = 121
ROUND = 2051, SUM = 6988119.99999998, bChange = 0.00321497, totNum = 121
ROUND = 2052, SUM = 6988119.99999995, bChange = 0.00321517, totNum = 121
ROUND = 2053, SUM = 6988119.99999994, bChange = 0.00321536, totNum = 120
ROUND = 2054, SUM = 6988119.99999996, bChange = 0.00321555, totNum = 120
ROUND = 2055, SUM = 6988119.99999995, bChange = 0.00321575, totNum = 120
ROUND = 2056, SUM = 6988119.99999996, bChange = 0.00321594, totNum = 120
ROUND = 2057, SUM = 6988119.99999995, bChange = 0.00321613, totNum = 120
ROUND = 2058, SUM = 6988119.99999995, bChange = 0.00321633, totNum = 120
ROUND = 2059, SUM = 6988119.99999996, bChange = 0.00321652, totNum = 120
ROUND = 2060, SUM = 6988119.99999997, bChange = 0.00321671, totNum = 120
ROUND = 2061, SUM = 6988119.99999996, bChange = 0.0032169, totNum = 120
ROUND = 2062, SUM = 6988119.99999998, bChange = 0.00321709, totNum = 119
ROUND = 2063, SUM = 6988119.99999997, bChange = 0.00321728, totNum = 119
ROUND = 2064, SUM = 6988119.99999997, bChange = 0.00321747, totNum = 119
ROUND = 2065, SUM = 6988119.99999998, bChange = 0.00321766, totNum = 119
ROUND = 2066, SUM = 6988119.99999998, bChange = 0.00321785, totNum = 119
ROUND = 2067, SUM = 6988119.99999999, bChange = 0.00321804, totNum = 119
ROUND = 2068, SUM = 6988119.99999997, bChange = 0.00321823, totNum = 119
ROUND = 2069, SUM = 6988119.99999998, bChange = 0.00321842, totNum = 119
ROUND = 2070, SUM = 6988119.99999998, bChange = 0.00321861, totNum = 119
ROUND = 2071, SUM = 6988119.99999999, bChange = 0.0032188, totNum = 119
ROUND = 2072, SUM = 6988119.99999996, bChange = 0.00321899, totNum = 119
ROUND = 2073, SUM = 6988119.99999999, bChange = 0.00321917, totNum = 119
ROUND = 2074, SUM = 6988119.99999998, bChange = 0.00321936, totNum = 119
ROUND = 2075, SUM = 6988120, bChange = 0.00321955, totNum = 119
ROUND = 2076, SUM = 6988119.99999997, bChange = 0.00321973, totNum = 119
ROUND = 2077, SUM = 6988119.99999999, bChange = 0.00321992, totNum = 118
ROUND = 2078, SUM = 6988120, bChange = 0.00322011, totNum = 118
ROUND = 2079, SUM = 6988119.99999997, bChange = 0.00322029, totNum = 117
ROUND = 2080, SUM = 6988119.99999999, bChange = 0.00322048, totNum = 117
ROUND = 2081, SUM = 6988119.99999997, bChange = 0.00301664, totNum = 116
ROUND = 2082, SUM = 6988119.99999998, bChange = 0.0030169, totNum = 116
ROUND = 2083, SUM = 6988120, bChange = 0.00301716, totNum = 116
ROUND = 2084, SUM = 6988119.99999998, bChange = 0.00301741, totNum = 116
ROUND = 2085, SUM = 6988119.99999996, bChange = 0.00301767, totNum = 116
ROUND = 2086, SUM = 6988119.99999997, bChange = 0.00301793, totNum = 116
ROUND = 2087, SUM = 6988120.00000001, bChange = 0.00301818, totNum = 115
ROUND = 2088, SUM = 6988119.99999999, bChange = 0.00301844, totNum = 115
ROUND = 2089, SUM = 6988119.99999997, bChange = 0.0030187, totNum = 115
ROUND = 2090, SUM = 6988119.99999997, bChange = 0.00301895, totNum = 115
ROUND = 2091, SUM = 6988119.99999999, bChange = 0.00301921, totNum = 115
ROUND = 2092, SUM = 6988120, bChange = 0.00301946, totNum = 115
ROUND = 2093, SUM = 6988119.99999997, bChange = 0.00301972, totNum = 115
ROUND = 2094, SUM = 6988119.99999996, bChange = 0.00301997, totNum = 115
ROUND = 2095, SUM = 6988119.99999996, bChange = 0.00302023, totNum = 115
ROUND = 2096, SUM = 6988119.99999995, bChange = 0.00302048, totNum = 115
ROUND = 2097, SUM = 6988119.99999999, bChange = 0.00302074, totNum = 115
ROUND = 2098, SUM = 6988119.99999998, bChange = 0.00302099, totNum = 115
ROUND = 2099, SUM = 6988119.99999997, bChange = 0.00302124, totNum = 115
ROUND = 2100, SUM = 6988119.99999999, bChange = 0.0030215, totNum = 115
ROUND = 2101, SUM = 6988119.99999996, bChange = 0.00302175, totNum = 115
ROUND = 2102, SUM = 6988119.99999995, bChange = 0.003022, totNum = 115
ROUND = 2103, SUM = 6988119.99999996, bChange = 0.00302225, totNum = 115
ROUND = 2104, SUM = 6988119.99999998, bChange = 0.00302251, totNum = 115
ROUND = 2105, SUM = 6988119.99999995, bChange = 0.00302276, totNum = 115
ROUND = 2106, SUM = 6988119.99999994, bChange = 0.00302301, totNum = 115
ROUND = 2107, SUM = 6988119.99999996, bChange = 0.00302326, totNum = 115
ROUND = 2108, SUM = 6988119.99999999, bChange = 0.00302351, totNum = 115
ROUND = 2109, SUM = 6988119.99999997, bChange = 0.00302376, totNum = 115
ROUND = 2110, SUM = 6988119.99999997, bChange = 0.00302402, totNum = 115
ROUND = 2111, SUM = 6988119.99999994, bChange = 0.00302427, totNum = 115
ROUND = 2112, SUM = 6988119.99999998, bChange = 0.00302452, totNum = 115
ROUND = 2113, SUM = 6988119.99999996, bChange = 0.00302477, totNum = 115
ROUND = 2114, SUM = 6988120, bChange = 0.00302502, totNum = 115
ROUND = 2115, SUM = 6988119.99999997, bChange = 0.00302527, totNum = 114
ROUND = 2116, SUM = 6988119.99999999, bChange = 0.00302552, totNum = 114
ROUND = 2117, SUM = 6988119.99999997, bChange = 0.00302576, totNum = 114
ROUND = 2118, SUM = 6988119.99999997, bChange = 0.00302601, totNum = 114
ROUND = 2119, SUM = 6988119.99999998, bChange = 0.00302626, totNum = 114
ROUND = 2120, SUM = 6988119.99999997, bChange = 0.00302651, totNum = 114
ROUND = 2121, SUM = 6988119.99999998, bChange = 0.00302676, totNum = 114
ROUND = 2122, SUM = 6988119.99999997, bChange = 0.00302701, totNum = 114
ROUND = 2123, SUM = 6988119.99999994, bChange = 0.0028172, totNum = 113
ROUND = 2124, SUM = 6988119.99999997, bChange = 0.00281724, totNum = 113
ROUND = 2125, SUM = 6988119.99999999, bChange = 0.00281729, totNum = 113
ROUND = 2126, SUM = 6988119.99999995, bChange = 0.00281733, totNum = 113
ROUND = 2127, SUM = 6988119.99999998, bChange = 0.00281737, totNum = 113
ROUND = 2128, SUM = 6988119.99999996, bChange = 0.00281741, totNum = 113
ROUND = 2129, SUM = 6988119.99999997, bChange = 0.00281745, totNum = 112
ROUND = 2130, SUM = 6988119.99999998, bChange = 0.00281749, totNum = 112
ROUND = 2131, SUM = 6988119.99999999, bChange = 0.00281753, totNum = 111
ROUND = 2132, SUM = 6988119.99999998, bChange = 0.00281757, totNum = 111
ROUND = 2133, SUM = 6988119.99999997, bChange = 0.00281761, totNum = 111
ROUND = 2134, SUM = 6988119.99999996, bChange = 0.00281765, totNum = 111
ROUND = 2135, SUM = 6988119.99999997, bChange = 0.0028177, totNum = 111
ROUND = 2136, SUM = 6988119.99999997, bChange = 0.00281774, totNum = 111
ROUND = 2137, SUM = 6988119.99999997, bChange = 0.00281778, totNum = 110
ROUND = 2138, SUM = 6988119.99999998, bChange = 0.00281782, totNum = 110
ROUND = 2139, SUM = 6988119.99999999, bChange = 0.00281786, totNum = 110
ROUND = 2140, SUM = 6988119.99999999, bChange = 0.0028179, totNum = 110
ROUND = 2141, SUM = 6988119.99999996, bChange = 0.00281794, totNum = 110
ROUND = 2142, SUM = 6988119.99999996, bChange = 0.00281798, totNum = 110
ROUND = 2143, SUM = 6988119.99999999, bChange = 0.00281802, totNum = 109
ROUND = 2144, SUM = 6988119.99999996, bChange = 0.00281805, totNum = 109
ROUND = 2145, SUM = 6988119.99999998, bChange = 0.00281809, totNum = 108
ROUND = 2146, SUM = 6988119.99999997, bChange = 0.00281813, totNum = 108
ROUND = 2147, SUM = 6988119.99999999, bChange = 0.00281817, totNum = 108
ROUND = 2148, SUM = 6988119.99999997, bChange = 0.00281821, totNum = 108
ROUND = 2149, SUM = 6988119.99999998, bChange = 0.00281825, totNum = 109
ROUND = 2150, SUM = 6988119.99999996, bChange = 0.00281829, totNum = 109
ROUND = 2151, SUM = 6988119.99999998, bChange = 0.00281833, totNum = 109
ROUND = 2152, SUM = 6988119.99999998, bChange = 0.00281837, totNum = 109
ROUND = 2153, SUM = 6988119.99999997, bChange = 0.00281841, totNum = 109
ROUND = 2154, SUM = 6988119.99999997, bChange = 0.00281844, totNum = 109
ROUND = 2155, SUM = 6988119.99999997, bChange = 0.00281848, totNum = 109
ROUND = 2156, SUM = 6988119.99999997, bChange = 0.00281852, totNum = 109
ROUND = 2157, SUM = 6988119.99999999, bChange = 0.00281856, totNum = 109
ROUND = 2158, SUM = 6988119.99999999, bChange = 0.0028186, totNum = 108
ROUND = 2159, SUM = 6988119.99999995, bChange = 0.00281864, totNum = 108
ROUND = 2160, SUM = 6988119.99999996, bChange = 0.00281867, totNum = 108
ROUND = 2161, SUM = 6988119.99999995, bChange = 0.00281871, totNum = 108
ROUND = 2162, SUM = 6988120, bChange = 0.00281875, totNum = 108
ROUND = 2163, SUM = 6988119.99999998, bChange = 0.00281879, totNum = 108
ROUND = 2164, SUM = 6988119.99999996, bChange = 0.00281882, totNum = 108
ROUND = 2165, SUM = 6988119.99999996, bChange = 0.00281886, totNum = 108
ROUND = 2166, SUM = 6988119.99999997, bChange = 0.0028189, totNum = 108
ROUND = 2167, SUM = 6988119.99999995, bChange = 0.00281893, totNum = 108
ROUND = 2168, SUM = 6988119.99999998, bChange = 0.00281897, totNum = 108
ROUND = 2169, SUM = 6988119.99999996, bChange = 0.00281901, totNum = 108
ROUND = 2170, SUM = 6988119.99999998, bChange = 0.00281905, totNum = 107
ROUND = 2171, SUM = 6988119.99999996, bChange = 0.00281908, totNum = 107
ROUND = 2172, SUM = 6988119.99999996, bChange = 0.00277898, totNum = 106
ROUND = 2173, SUM = 6988119.99999997, bChange = 0.00277908, totNum = 106
ROUND = 2174, SUM = 6988119.99999995, bChange = 0.00277919, totNum = 106
ROUND = 2175, SUM = 6988119.99999998, bChange = 0.00277929, totNum = 106
ROUND = 2176, SUM = 6988119.99999998, bChange = 0.00277939, totNum = 106
ROUND = 2177, SUM = 6988119.99999997, bChange = 0.00277949, totNum = 106
ROUND = 2178, SUM = 6988119.99999997, bChange = 0.00277959, totNum = 106
ROUND = 2179, SUM = 6988119.99999997, bChange = 0.00277969, totNum = 106
ROUND = 2180, SUM = 6988119.99999997, bChange = 0.00277979, totNum = 106
ROUND = 2181, SUM = 6988120, bChange = 0.00277989, totNum = 106
ROUND = 2182, SUM = 6988119.99999998, bChange = 0.00278, totNum = 106
ROUND = 2183, SUM = 6988119.99999997, bChange = 0.0027801, totNum = 105
ROUND = 2184, SUM = 6988119.99999995, bChange = 0.00278019, totNum = 105
ROUND = 2185, SUM = 6988119.99999995, bChange = 0.00278029, totNum = 105
ROUND = 2186, SUM = 6988119.99999999, bChange = 0.00278039, totNum = 105
ROUND = 2187, SUM = 6988119.99999998, bChange = 0.00278049, totNum = 105
ROUND = 2188, SUM = 6988119.99999998, bChange = 0.00268203, totNum = 104
ROUND = 2189, SUM = 6988120.00000001, bChange = 0.00268206, totNum = 104
ROUND = 2190, SUM = 6988119.99999996, bChange = 0.0026821, totNum = 104
ROUND = 2191, SUM = 6988119.99999997, bChange = 0.00268214, totNum = 103
ROUND = 2192, SUM = 6988119.99999996, bChange = 0.00268217, totNum = 103
ROUND = 2193, SUM = 6988119.99999998, bChange = 0.00268221, totNum = 103
ROUND = 2194, SUM = 6988119.99999996, bChange = 0.00268225, totNum = 103
ROUND = 2195, SUM = 6988119.99999997, bChange = 0.00268228, totNum = 103
ROUND = 2196, SUM = 6988119.99999995, bChange = 0.00268232, totNum = 103
ROUND = 2197, SUM = 6988119.99999996, bChange = 0.00268236, totNum = 103
ROUND = 2198, SUM = 6988119.99999998, bChange = 0.00268239, totNum = 102
ROUND = 2199, SUM = 6988119.99999996, bChange = 0.00268243, totNum = 102
ROUND = 2200, SUM = 6988119.99999998, bChange = 0.00268246, totNum = 102
ROUND = 2201, SUM = 6988119.99999999, bChange = 0.0026825, totNum = 101
ROUND = 2202, SUM = 6988119.99999996, bChange = 0.00268254, totNum = 101
ROUND = 2203, SUM = 6988119.99999997, bChange = 0.00268257, totNum = 101
ROUND = 2204, SUM = 6988119.99999999, bChange = 0.00268261, totNum = 101
ROUND = 2205, SUM = 6988119.99999996, bChange = 0.00268264, totNum = 100
ROUND = 2206, SUM = 6988119.99999999, bChange = 0.00268268, totNum = 99
ROUND = 2207, SUM = 6988119.99999999, bChange = 0.00268271, totNum = 99
ROUND = 2208, SUM = 6988119.99999999, bChange = 0.00268275, totNum = 99
ROUND = 2209, SUM = 6988119.99999998, bChange = 0.00268278, totNum = 99
ROUND = 2210, SUM = 6988119.99999996, bChange = 0.00268282, totNum = 99
ROUND = 2211, SUM = 6988119.99999996, bChange = 0.00268285, totNum = 99
ROUND = 2212, SUM = 6988119.99999996, bChange = 0.00268289, totNum = 99
ROUND = 2213, SUM = 6988119.99999995, bChange = 0.00268292, totNum = 99
ROUND = 2214, SUM = 6988119.99999997, bChange = 0.00268296, totNum = 99
ROUND = 2215, SUM = 6988119.99999999, bChange = 0.00268299, totNum = 99
ROUND = 2216, SUM = 6988119.99999999, bChange = 0.00268303, totNum = 99
ROUND = 2217, SUM = 6988119.99999998, bChange = 0.00268306, totNum = 99
ROUND = 2218, SUM = 6988119.99999996, bChange = 0.0026831, totNum = 99
ROUND = 2219, SUM = 6988119.99999998, bChange = 0.00268313, totNum = 99
ROUND = 2220, SUM = 6988119.99999997, bChange = 0.00268316, totNum = 99
ROUND = 2221, SUM = 6988119.99999997, bChange = 0.0026832, totNum = 99
ROUND = 2222, SUM = 6988119.99999998, bChange = 0.00268323, totNum = 99
ROUND = 2223, SUM = 6988119.99999997, bChange = 0.00268327, totNum = 99
ROUND = 2224, SUM = 6988119.99999995, bChange = 0.0026833, totNum = 99
ROUND = 2225, SUM = 6988119.99999999, bChange = 0.00268333, totNum = 99
ROUND = 2226, SUM = 6988119.99999997, bChange = 0.00268337, totNum = 99
ROUND = 2227, SUM = 6988119.99999996, bChange = 0.0026834, totNum = 99
ROUND = 2228, SUM = 6988119.99999994, bChange = 0.00268343, totNum = 98
ROUND = 2229, SUM = 6988119.99999998, bChange = 0.00268347, totNum = 98
ROUND = 2230, SUM = 6988120, bChange = 0.0026835, totNum = 98
ROUND = 2231, SUM = 6988119.99999997, bChange = 0.00268353, totNum = 98
ROUND = 2232, SUM = 6988119.99999999, bChange = 0.00268357, totNum = 98
ROUND = 2233, SUM = 6988119.99999997, bChange = 0.0026836, totNum = 98
ROUND = 2234, SUM = 6988119.99999999, bChange = 0.00268363, totNum = 98
ROUND = 2235, SUM = 6988119.99999998, bChange = 0.00268366, totNum = 98
ROUND = 2236, SUM = 6988119.99999998, bChange = 0.0026837, totNum = 98
ROUND = 2237, SUM = 6988119.99999996, bChange = 0.00268373, totNum = 98
ROUND = 2238, SUM = 6988119.99999999, bChange = 0.00268376, totNum = 98
ROUND = 2239, SUM = 6988119.99999999, bChange = 0.00268379, totNum = 98
ROUND = 2240, SUM = 6988119.99999999, bChange = 0.00268383, totNum = 98
ROUND = 2241, SUM = 6988119.99999997, bChange = 0.00268386, totNum = 98
ROUND = 2242, SUM = 6988119.99999998, bChange = 0.00268389, totNum = 97
ROUND = 2243, SUM = 6988119.99999998, bChange = 0.00268392, totNum = 97
ROUND = 2244, SUM = 6988120, bChange = 0.00268395, totNum = 97
ROUND = 2245, SUM = 6988119.99999996, bChange = 0.00268399, totNum = 97
ROUND = 2246, SUM = 6988119.99999996, bChange = 0.00268402, totNum = 97
ROUND = 2247, SUM = 6988119.99999999, bChange = 0.00268405, totNum = 96
ROUND = 2248, SUM = 6988119.99999996, bChange = 0.00268408, totNum = 96
ROUND = 2249, SUM = 6988119.99999995, bChange = 0.00268411, totNum = 96
ROUND = 2250, SUM = 6988119.99999999, bChange = 0.00268414, totNum = 96
ROUND = 2251, SUM = 6988119.99999998, bChange = 0.00268418, totNum = 95
ROUND = 2252, SUM = 6988119.99999998, bChange = 0.00268421, totNum = 95
ROUND = 2253, SUM = 6988119.99999997, bChange = 0.00268424, totNum = 95
ROUND = 2254, SUM = 6988119.99999996, bChange = 0.00268427, totNum = 95
ROUND = 2255, SUM = 6988119.99999996, bChange = 0.0026843, totNum = 95
ROUND = 2256, SUM = 6988119.99999997, bChange = 0.00268433, totNum = 95
ROUND = 2257, SUM = 6988119.99999996, bChange = 0.00268436, totNum = 95
ROUND = 2258, SUM = 6988119.99999998, bChange = 0.00268439, totNum = 95
ROUND = 2259, SUM = 6988119.99999997, bChange = 0.00268442, totNum = 94
ROUND = 2260, SUM = 6988119.99999996, bChange = 0.00268445, totNum = 94
ROUND = 2261, SUM = 6988119.99999997, bChange = 0.00268448, totNum = 94
ROUND = 2262, SUM = 6988119.99999997, bChange = 0.00268451, totNum = 94
ROUND = 2263, SUM = 6988120, bChange = 0.00268455, totNum = 94
ROUND = 2264, SUM = 6988119.99999995, bChange = 0.00268458, totNum = 94
ROUND = 2265, SUM = 6988119.99999996, bChange = 0.00268461, totNum = 94
ROUND = 2266, SUM = 6988119.99999997, bChange = 0.00268464, totNum = 94
ROUND = 2267, SUM = 6988119.99999996, bChange = 0.00268467, totNum = 94
ROUND = 2268, SUM = 6988119.99999999, bChange = 0.0026847, totNum = 94
ROUND = 2269, SUM = 6988119.99999997, bChange = 0.00268473, totNum = 94
ROUND = 2270, SUM = 6988119.99999998, bChange = 0.00268475, totNum = 94
ROUND = 2271, SUM = 6988119.99999998, bChange = 0.00268478, totNum = 94
ROUND = 2272, SUM = 6988119.99999994, bChange = 0.00268481, totNum = 93
ROUND = 2273, SUM = 6988119.99999996, bChange = 0.00268484, totNum = 93
ROUND = 2274, SUM = 6988119.99999999, bChange = 0.00268487, totNum = 93
ROUND = 2275, SUM = 6988119.99999999, bChange = 0.0026849, totNum = 93
ROUND = 2276, SUM = 6988119.99999997, bChange = 0.00268493, totNum = 93
ROUND = 2277, SUM = 6988119.99999998, bChange = 0.00268496, totNum = 93
ROUND = 2278, SUM = 6988119.99999999, bChange = 0.00268499, totNum = 93
ROUND = 2279, SUM = 6988119.99999997, bChange = 0.00268502, totNum = 93
ROUND = 2280, SUM = 6988119.99999997, bChange = 0.00268505, totNum = 93
ROUND = 2281, SUM = 6988119.99999995, bChange = 0.00268508, totNum = 93
ROUND = 2282, SUM = 6988119.99999996, bChange = 0.00268511, totNum = 93
ROUND = 2283, SUM = 6988119.99999999, bChange = 0.00268513, totNum = 93
ROUND = 2284, SUM = 6988119.99999997, bChange = 0.00268516, totNum = 93
ROUND = 2285, SUM = 6988119.99999996, bChange = 0.00268519, totNum = 93
ROUND = 2286, SUM = 6988119.99999997, bChange = 0.00268522, totNum = 93
ROUND = 2287, SUM = 6988119.99999998, bChange = 0.00268525, totNum = 93
ROUND = 2288, SUM = 6988119.99999997, bChange = 0.00268528, totNum = 92
ROUND = 2289, SUM = 6988119.99999997, bChange = 0.0026853, totNum = 92
ROUND = 2290, SUM = 6988119.99999995, bChange = 0.00268533, totNum = 91
ROUND = 2291, SUM = 6988119.99999996, bChange = 0.00268536, totNum = 90
ROUND = 2292, SUM = 6988119.99999999, bChange = 0.00268539, totNum = 90
ROUND = 2293, SUM = 6988119.99999996, bChange = 0.00268542, totNum = 90
ROUND = 2294, SUM = 6988119.99999997, bChange = 0.00268544, totNum = 90
ROUND = 2295, SUM = 6988119.99999995, bChange = 0.00268547, totNum = 90
ROUND = 2296, SUM = 6988119.99999997, bChange = 0.0026855, totNum = 90
ROUND = 2297, SUM = 6988119.99999996, bChange = 0.00268553, totNum = 90
ROUND = 2298, SUM = 6988119.99999995, bChange = 0.00268556, totNum = 90
ROUND = 2299, SUM = 6988119.99999997, bChange = 0.00268558, totNum = 89
ROUND = 2300, SUM = 6988119.99999998, bChange = 0.00268561, totNum = 89
ROUND = 2301, SUM = 6988119.99999998, bChange = 0.00268564, totNum = 89
ROUND = 2302, SUM = 6988119.99999997, bChange = 0.00268566, totNum = 89
ROUND = 2303, SUM = 6988119.99999996, bChange = 0.00268569, totNum = 89
ROUND = 2304, SUM = 6988119.99999997, bChange = 0.00268572, totNum = 89
ROUND = 2305, SUM = 6988120, bChange = 0.00268575, totNum = 88
ROUND = 2306, SUM = 6988119.99999997, bChange = 0.00268577, totNum = 88
ROUND = 2307, SUM = 6988119.99999997, bChange = 0.0026858, totNum = 88
ROUND = 2308, SUM = 6988119.99999995, bChange = 0.00268583, totNum = 88
ROUND = 2309, SUM = 6988119.99999996, bChange = 0.00268585, totNum = 88
ROUND = 2310, SUM = 6988119.99999997, bChange = 0.00239475, totNum = 87
ROUND = 2311, SUM = 6988119.99999996, bChange = 0.00239476, totNum = 87
ROUND = 2312, SUM = 6988119.99999995, bChange = 0.00239476, totNum = 87
ROUND = 2313, SUM = 6988119.99999997, bChange = 0.00239476, totNum = 87
ROUND = 2314, SUM = 6988119.99999995, bChange = 0.00239477, totNum = 87
ROUND = 2315, SUM = 6988119.99999997, bChange = 0.00239477, totNum = 87
ROUND = 2316, SUM = 6988119.99999995, bChange = 0.00239478, totNum = 87
ROUND = 2317, SUM = 6988119.99999998, bChange = 0.00239478, totNum = 87
ROUND = 2318, SUM = 6988119.99999996, bChange = 0.00239479, totNum = 87
ROUND = 2319, SUM = 6988119.99999997, bChange = 0.00239479, totNum = 87
ROUND = 2320, SUM = 6988119.99999996, bChange = 0.00239479, totNum = 87
ROUND = 2321, SUM = 6988119.99999995, bChange = 0.0023948, totNum = 87
ROUND = 2322, SUM = 6988119.99999994, bChange = 0.0023948, totNum = 87
ROUND = 2323, SUM = 6988119.99999996, bChange = 0.00239481, totNum = 87
ROUND = 2324, SUM = 6988119.99999996, bChange = 0.00239481, totNum = 87
ROUND = 2325, SUM = 6988119.99999998, bChange = 0.00239481, totNum = 87
ROUND = 2326, SUM = 6988119.99999997, bChange = 0.00239482, totNum = 87
ROUND = 2327, SUM = 6988119.99999995, bChange = 0.00239482, totNum = 87
ROUND = 2328, SUM = 6988119.99999998, bChange = 0.00239483, totNum = 87
ROUND = 2329, SUM = 6988119.99999996, bChange = 0.00239483, totNum = 87
ROUND = 2330, SUM = 6988119.99999994, bChange = 0.00239483, totNum = 87
ROUND = 2331, SUM = 6988119.99999994, bChange = 0.00239484, totNum = 87
ROUND = 2332, SUM = 6988119.99999995, bChange = 0.00239484, totNum = 87
ROUND = 2333, SUM = 6988119.99999998, bChange = 0.00239484, totNum = 87
ROUND = 2334, SUM = 6988119.99999997, bChange = 0.00239485, totNum = 86
ROUND = 2335, SUM = 6988119.99999994, bChange = 0.00239485, totNum = 86
ROUND = 2336, SUM = 6988119.99999996, bChange = 0.00239486, totNum = 86
ROUND = 2337, SUM = 6988119.99999997, bChange = 0.00239486, totNum = 86
ROUND = 2338, SUM = 6988119.99999998, bChange = 0.00239486, totNum = 86
ROUND = 2339, SUM = 6988119.99999999, bChange = 0.00239487, totNum = 86
ROUND = 2340, SUM = 6988119.99999997, bChange = 0.00239487, totNum = 86
ROUND = 2341, SUM = 6988119.99999998, bChange = 0.00239488, totNum = 86
ROUND = 2342, SUM = 6988119.99999996, bChange = 0.00239488, totNum = 84
ROUND = 2343, SUM = 6988119.99999998, bChange = 0.00239488, totNum = 84
ROUND = 2344, SUM = 6988119.99999996, bChange = 0.00239489, totNum = 84
ROUND = 2345, SUM = 6988119.99999999, bChange = 0.00239489, totNum = 84
ROUND = 2346, SUM = 6988119.99999997, bChange = 0.00239489, totNum = 84
ROUND = 2347, SUM = 6988119.99999999, bChange = 0.0023949, totNum = 84
ROUND = 2348, SUM = 6988119.99999998, bChange = 0.0023949, totNum = 84
ROUND = 2349, SUM = 6988120.00000001, bChange = 0.00239491, totNum = 84
ROUND = 2350, SUM = 6988119.99999997, bChange = 0.00239491, totNum = 84
ROUND = 2351, SUM = 6988119.99999996, bChange = 0.00239491, totNum = 83
ROUND = 2352, SUM = 6988119.99999997, bChange = 0.00239492, totNum = 83
ROUND = 2353, SUM = 6988119.99999999, bChange = 0.00239492, totNum = 82
ROUND = 2354, SUM = 6988119.99999996, bChange = 0.00239492, totNum = 82
ROUND = 2355, SUM = 6988119.99999996, bChange = 0.00239493, totNum = 82
ROUND = 2356, SUM = 6988119.99999999, bChange = 0.00239493, totNum = 82
ROUND = 2357, SUM = 6988119.99999997, bChange = 0.00239494, totNum = 82
ROUND = 2358, SUM = 6988119.99999998, bChange = 0.00239494, totNum = 82
ROUND = 2359, SUM = 6988119.99999997, bChange = 0.00239494, totNum = 82
ROUND = 2360, SUM = 6988119.99999997, bChange = 0.00239495, totNum = 82
ROUND = 2361, SUM = 6988119.99999997, bChange = 0.00239495, totNum = 82
ROUND = 2362, SUM = 6988120.00000001, bChange = 0.00239495, totNum = 82
ROUND = 2363, SUM = 6988119.99999997, bChange = 0.00239496, totNum = 82
ROUND = 2364, SUM = 6988119.99999997, bChange = 0.00239496, totNum = 82
ROUND = 2365, SUM = 6988119.99999997, bChange = 0.00239496, totNum = 82
ROUND = 2366, SUM = 6988119.99999998, bChange = 0.00239497, totNum = 82
ROUND = 2367, SUM = 6988119.99999999, bChange = 0.00239497, totNum = 82
ROUND = 2368, SUM = 6988119.99999996, bChange = 0.00239498, totNum = 80
ROUND = 2369, SUM = 6988119.99999997, bChange = 0.00239498, totNum = 80
ROUND = 2370, SUM = 6988119.99999996, bChange = 0.00239498, totNum = 79
ROUND = 2371, SUM = 6988119.99999999, bChange = 0.00239499, totNum = 79
ROUND = 2372, SUM = 6988119.99999996, bChange = 0.00239499, totNum = 78
ROUND = 2373, SUM = 6988119.99999998, bChange = 0.00239499, totNum = 78
ROUND = 2374, SUM = 6988119.99999996, bChange = 0.002395, totNum = 78
ROUND = 2375, SUM = 6988119.99999998, bChange = 0.002395, totNum = 78
ROUND = 2376, SUM = 6988120.00000001, bChange = 0.002395, totNum = 78
ROUND = 2377, SUM = 6988119.99999997, bChange = 0.00239501, totNum = 78
ROUND = 2378, SUM = 6988119.99999998, bChange = 0.00239501, totNum = 78
ROUND = 2379, SUM = 6988120.00000003, bChange = 0.00239501, totNum = 78
ROUND = 2380, SUM = 6988119.99999998, bChange = 0.00239502, totNum = 78
ROUND = 2381, SUM = 6988119.99999999, bChange = 0.00239502, totNum = 78
ROUND = 2382, SUM = 6988119.99999997, bChange = 0.00235388, totNum = 77
ROUND = 2383, SUM = 6988119.99999998, bChange = 0.00235416, totNum = 77
ROUND = 2384, SUM = 6988119.99999998, bChange = 0.00235444, totNum = 77
ROUND = 2385, SUM = 6988119.99999997, bChange = 0.00235472, totNum = 77
ROUND = 2386, SUM = 6988119.99999999, bChange = 0.00235501, totNum = 77
ROUND = 2387, SUM = 6988119.99999997, bChange = 0.00235529, totNum = 77
ROUND = 2388, SUM = 6988119.99999998, bChange = 0.00235557, totNum = 76
ROUND = 2389, SUM = 6988119.99999997, bChange = 0.00235585, totNum = 76
ROUND = 2390, SUM = 6988119.99999999, bChange = 0.00235612, totNum = 76
ROUND = 2391, SUM = 6988119.99999998, bChange = 0.0023564, totNum = 76
ROUND = 2392, SUM = 6988119.99999998, bChange = 0.00235668, totNum = 76
ROUND = 2393, SUM = 6988119.99999999, bChange = 0.00235696, totNum = 76
ROUND = 2394, SUM = 6988119.99999997, bChange = 0.00235723, totNum = 76
ROUND = 2395, SUM = 6988120, bChange = 0.00235751, totNum = 75
ROUND = 2396, SUM = 6988119.99999998, bChange = 0.00235779, totNum = 75
ROUND = 2397, SUM = 6988119.99999998, bChange = 0.00235806, totNum = 75
ROUND = 2398, SUM = 6988119.99999997, bChange = 0.00235834, totNum = 75
ROUND = 2399, SUM = 6988119.99999997, bChange = 0.00235861, totNum = 75
ROUND = 2400, SUM = 6988119.99999996, bChange = 0.00235888, totNum = 75
ROUND = 2401, SUM = 6988119.99999998, bChange = 0.00235916, totNum = 75
ROUND = 2402, SUM = 6988119.99999996, bChange = 0.00235943, totNum = 75
ROUND = 2403, SUM = 6988119.99999996, bChange = 0.0023597, totNum = 74
ROUND = 2404, SUM = 6988119.99999999, bChange = 0.00235997, totNum = 73
ROUND = 2405, SUM = 6988119.99999999, bChange = 0.00236024, totNum = 73
ROUND = 2406, SUM = 6988119.99999997, bChange = 0.00236051, totNum = 73
ROUND = 2407, SUM = 6988119.99999998, bChange = 0.00236078, totNum = 73
ROUND = 2408, SUM = 6988119.99999997, bChange = 0.00236105, totNum = 73
ROUND = 2409, SUM = 6988119.99999997, bChange = 0.00236132, totNum = 73
ROUND = 2410, SUM = 6988119.99999998, bChange = 0.00236158, totNum = 73
ROUND = 2411, SUM = 6988120.00000001, bChange = 0.00236185, totNum = 73
ROUND = 2412, SUM = 6988119.99999997, bChange = 0.00236212, totNum = 73
ROUND = 2413, SUM = 6988119.99999999, bChange = 0.00236238, totNum = 73
ROUND = 2414, SUM = 6988119.99999997, bChange = 0.00236265, totNum = 73
ROUND = 2415, SUM = 6988119.99999997, bChange = 0.00236291, totNum = 73
ROUND = 2416, SUM = 6988119.99999997, bChange = 0.00236318, totNum = 72
ROUND = 2417, SUM = 6988120, bChange = 0.00236344, totNum = 72
ROUND = 2418, SUM = 6988119.99999998, bChange = 0.00236371, totNum = 72
ROUND = 2419, SUM = 6988119.99999998, bChange = 0.00236397, totNum = 72
ROUND = 2420, SUM = 6988119.99999997, bChange = 0.00236423, totNum = 71
ROUND = 2421, SUM = 6988119.99999998, bChange = 0.00236449, totNum = 69
ROUND = 2422, SUM = 6988119.99999999, bChange = 0.00236475, totNum = 69
ROUND = 2423, SUM = 6988120, bChange = 0.00236501, totNum = 69
ROUND = 2424, SUM = 6988119.99999998, bChange = 0.00236527, totNum = 69
ROUND = 2425, SUM = 6988119.99999996, bChange = 0.00236553, totNum = 69
ROUND = 2426, SUM = 6988119.99999999, bChange = 0.00236579, totNum = 69
ROUND = 2427, SUM = 6988120, bChange = 0.00236605, totNum = 69
ROUND = 2428, SUM = 6988119.99999997, bChange = 0.00236631, totNum = 68
ROUND = 2429, SUM = 6988119.99999998, bChange = 0.00236657, totNum = 68
ROUND = 2430, SUM = 6988119.99999998, bChange = 0.00236682, totNum = 68
ROUND = 2431, SUM = 6988119.99999997, bChange = 0.00236708, totNum = 68
ROUND = 2432, SUM = 6988119.99999998, bChange = 0.00236733, totNum = 68
ROUND = 2433, SUM = 6988119.99999998, bChange = 0.00236759, totNum = 67
ROUND = 2434, SUM = 6988119.99999999, bChange = 0.00236784, totNum = 67
ROUND = 2435, SUM = 6988119.99999998, bChange = 0.0023681, totNum = 67
ROUND = 2436, SUM = 6988119.99999995, bChange = 0.00236835, totNum = 67
ROUND = 2437, SUM = 6988119.99999995, bChange = 0.00236861, totNum = 67
ROUND = 2438, SUM = 6988119.99999998, bChange = 0.00236886, totNum = 67
ROUND = 2439, SUM = 6988119.99999995, bChange = 0.00236911, totNum = 67
ROUND = 2440, SUM = 6988119.99999995, bChange = 0.00236936, totNum = 67
ROUND = 2441, SUM = 6988119.99999997, bChange = 0.00236961, totNum = 67
ROUND = 2442, SUM = 6988119.99999996, bChange = 0.00236986, totNum = 67
ROUND = 2443, SUM = 6988119.99999997, bChange = 0.00237011, totNum = 67
ROUND = 2444, SUM = 6988119.99999998, bChange = 0.00237036, totNum = 67
ROUND = 2445, SUM = 6988119.99999996, bChange = 0.00237061, totNum = 67
ROUND = 2446, SUM = 6988119.99999996, bChange = 0.00237086, totNum = 67
ROUND = 2447, SUM = 6988119.99999998, bChange = 0.00237111, totNum = 67
ROUND = 2448, SUM = 6988119.99999997, bChange = 0.00237135, totNum = 67
ROUND = 2449, SUM = 6988119.99999995, bChange = 0.0023716, totNum = 67
ROUND = 2450, SUM = 6988119.99999997, bChange = 0.00237185, totNum = 67
ROUND = 2451, SUM = 6988120.00000001, bChange = 0.00237209, totNum = 67
ROUND = 2452, SUM = 6988119.99999996, bChange = 0.00237234, totNum = 67
ROUND = 2453, SUM = 6988119.99999999, bChange = 0.00237258, totNum = 67
ROUND = 2454, SUM = 6988119.99999998, bChange = 0.00237283, totNum = 67
ROUND = 2455, SUM = 6988119.99999998, bChange = 0.00237307, totNum = 67
ROUND = 2456, SUM = 6988119.99999998, bChange = 0.00237331, totNum = 67
ROUND = 2457, SUM = 6988119.99999996, bChange = 0.00237356, totNum = 67
ROUND = 2458, SUM = 6988119.99999998, bChange = 0.0023738, totNum = 66
ROUND = 2459, SUM = 6988119.99999999, bChange = 0.00237404, totNum = 66
ROUND = 2460, SUM = 6988120.00000001, bChange = 0.00237428, totNum = 66
ROUND = 2461, SUM = 6988119.99999996, bChange = 0.00237452, totNum = 66
ROUND = 2462, SUM = 6988119.99999998, bChange = 0.00237476, totNum = 66
ROUND = 2463, SUM = 6988119.99999998, bChange = 0.002375, totNum = 66
ROUND = 2464, SUM = 6988119.99999997, bChange = 0.00237524, totNum = 66
ROUND = 2465, SUM = 6988119.99999999, bChange = 0.00237548, totNum = 66
ROUND = 2466, SUM = 6988119.99999997, bChange = 0.00237572, totNum = 65
ROUND = 2467, SUM = 6988119.99999999, bChange = 0.00237596, totNum = 65
ROUND = 2468, SUM = 6988119.99999997, bChange = 0.00237619, totNum = 65
ROUND = 2469, SUM = 6988119.99999996, bChange = 0.00237643, totNum = 65
ROUND = 2470, SUM = 6988120, bChange = 0.00237667, totNum = 65
ROUND = 2471, SUM = 6988119.99999999, bChange = 0.0023769, totNum = 65
ROUND = 2472, SUM = 6988119.99999996, bChange = 0.00237714, totNum = 65
ROUND = 2473, SUM = 6988119.99999996, bChange = 0.00237737, totNum = 65
ROUND = 2474, SUM = 6988119.99999998, bChange = 0.0023776, totNum = 65
ROUND = 2475, SUM = 6988119.99999996, bChange = 0.00237784, totNum = 65
ROUND = 2476, SUM = 6988119.99999997, bChange = 0.00237807, totNum = 65
ROUND = 2477, SUM = 6988119.99999999, bChange = 0.0023783, totNum = 64
ROUND = 2478, SUM = 6988120.00000001, bChange = 0.00237854, totNum = 64
ROUND = 2479, SUM = 6988119.99999996, bChange = 0.00237877, totNum = 64
ROUND = 2480, SUM = 6988119.99999997, bChange = 0.002379, totNum = 64
ROUND = 2481, SUM = 6988119.99999995, bChange = 0.00237923, totNum = 64
ROUND = 2482, SUM = 6988119.99999996, bChange = 0.00237946, totNum = 64
ROUND = 2483, SUM = 6988119.99999999, bChange = 0.00237969, totNum = 64
ROUND = 2484, SUM = 6988119.99999998, bChange = 0.00237992, totNum = 63
ROUND = 2485, SUM = 6988119.99999997, bChange = 0.00238015, totNum = 63
ROUND = 2486, SUM = 6988120, bChange = 0.00238038, totNum = 63
ROUND = 2487, SUM = 6988119.99999999, bChange = 0.0023806, totNum = 64
ROUND = 2488, SUM = 6988119.99999994, bChange = 0.00238083, totNum = 64
ROUND = 2489, SUM = 6988119.99999997, bChange = 0.00238106, totNum = 64
ROUND = 2490, SUM = 6988119.99999998, bChange = 0.00238128, totNum = 64
ROUND = 2491, SUM = 6988120, bChange = 0.00238151, totNum = 64
ROUND = 2492, SUM = 6988119.99999998, bChange = 0.00238173, totNum = 63
ROUND = 2493, SUM = 6988119.99999998, bChange = 0.00238196, totNum = 63
ROUND = 2494, SUM = 6988120, bChange = 0.00238218, totNum = 62
ROUND = 2495, SUM = 6988119.99999999, bChange = 0.00238241, totNum = 62
ROUND = 2496, SUM = 6988119.99999996, bChange = 0.00238263, totNum = 62
ROUND = 2497, SUM = 6988119.99999999, bChange = 0.00238285, totNum = 62
ROUND = 2498, SUM = 6988119.99999996, bChange = 0.00238308, totNum = 62
ROUND = 2499, SUM = 6988119.99999997, bChange = 0.0023833, totNum = 62
ROUND = 2500, SUM = 6988120, bChange = 0.00238352, totNum = 62
ROUND = 2501, SUM = 6988119.99999996, bChange = 0.00238374, totNum = 62
ROUND = 2502, SUM = 6988119.99999996, bChange = 0.00238396, totNum = 62
ROUND = 2503, SUM = 6988119.99999996, bChange = 0.00238418, totNum = 62
ROUND = 2504, SUM = 6988119.99999998, bChange = 0.0023844, totNum = 62
ROUND = 2505, SUM = 6988119.99999999, bChange = 0.00238462, totNum = 62
ROUND = 2506, SUM = 6988119.99999998, bChange = 0.00238484, totNum = 62
ROUND = 2507, SUM = 6988119.99999999, bChange = 0.00238506, totNum = 62
ROUND = 2508, SUM = 6988119.99999998, bChange = 0.00238528, totNum = 62
ROUND = 2509, SUM = 6988119.99999997, bChange = 0.00238549, totNum = 62
ROUND = 2510, SUM = 6988119.99999996, bChange = 0.00238571, totNum = 61
ROUND = 2511, SUM = 6988119.99999996, bChange = 0.00238593, totNum = 61
ROUND = 2512, SUM = 6988119.99999998, bChange = 0.00238614, totNum = 61
ROUND = 2513, SUM = 6988119.99999999, bChange = 0.00238636, totNum = 61
ROUND = 2514, SUM = 6988119.99999999, bChange = 0.00238657, totNum = 61
ROUND = 2515, SUM = 6988119.99999997, bChange = 0.00238679, totNum = 61
ROUND = 2516, SUM = 6988119.99999999, bChange = 0.002387, totNum = 61
ROUND = 2517, SUM = 6988120, bChange = 0.00238721, totNum = 61
ROUND = 2518, SUM = 6988120, bChange = 0.00238743, totNum = 61
ROUND = 2519, SUM = 6988119.99999998, bChange = 0.00238764, totNum = 61
ROUND = 2520, SUM = 6988119.99999997, bChange = 0.00238785, totNum = 61
ROUND = 2521, SUM = 6988119.99999999, bChange = 0.00238806, totNum = 61
ROUND = 2522, SUM = 6988119.99999998, bChange = 0.00238828, totNum = 61
ROUND = 2523, SUM = 6988119.99999998, bChange = 0.00238849, totNum = 61
ROUND = 2524, SUM = 6988119.99999997, bChange = 0.0023887, totNum = 61
ROUND = 2525, SUM = 6988119.99999998, bChange = 0.00238891, totNum = 61
ROUND = 2526, SUM = 6988119.99999999, bChange = 0.00238912, totNum = 61
ROUND = 2527, SUM = 6988119.99999997, bChange = 0.00238933, totNum = 61
ROUND = 2528, SUM = 6988119.99999997, bChange = 0.00238953, totNum = 61
ROUND = 2529, SUM = 6988119.99999997, bChange = 0.00238974, totNum = 61
ROUND = 2530, SUM = 6988119.99999997, bChange = 0.00238995, totNum = 61
ROUND = 2531, SUM = 6988119.99999998, bChange = 0.00239016, totNum = 61
ROUND = 2532, SUM = 6988120, bChange = 0.00239036, totNum = 61
ROUND = 2533, SUM = 6988119.99999996, bChange = 0.00239057, totNum = 61
ROUND = 2534, SUM = 6988119.99999999, bChange = 0.00239078, totNum = 61
ROUND = 2535, SUM = 6988120.00000002, bChange = 0.00239098, totNum = 61
ROUND = 2536, SUM = 6988120, bChange = 0.00239119, totNum = 61
ROUND = 2537, SUM = 6988119.99999999, bChange = 0.00239139, totNum = 61
ROUND = 2538, SUM = 6988120, bChange = 0.0023916, totNum = 61
ROUND = 2539, SUM = 6988119.99999999, bChange = 0.0023918, totNum = 61
ROUND = 2540, SUM = 6988120.00000002, bChange = 0.002392, totNum = 61
ROUND = 2541, SUM = 6988120, bChange = 0.00239221, totNum = 61
ROUND = 2542, SUM = 6988119.99999998, bChange = 0.00239241, totNum = 60
ROUND = 2543, SUM = 6988119.99999999, bChange = 0.00239261, totNum = 60
ROUND = 2544, SUM = 6988119.99999998, bChange = 0.00239281, totNum = 60
ROUND = 2545, SUM = 6988119.99999998, bChange = 0.00239301, totNum = 60
ROUND = 2546, SUM = 6988120, bChange = 0.00239321, totNum = 60
ROUND = 2547, SUM = 6988119.99999997, bChange = 0.00239341, totNum = 60
ROUND = 2548, SUM = 6988119.99999999, bChange = 0.00239361, totNum = 60
ROUND = 2549, SUM = 6988119.99999997, bChange = 0.00239381, totNum = 60
ROUND = 2550, SUM = 6988119.99999996, bChange = 0.00239401, totNum = 60
ROUND = 2551, SUM = 6988119.99999998, bChange = 0.00239421, totNum = 60
ROUND = 2552, SUM = 6988119.99999998, bChange = 0.00239441, totNum = 60
ROUND = 2553, SUM = 6988119.99999999, bChange = 0.00239461, totNum = 60
ROUND = 2554, SUM = 6988119.99999999, bChange = 0.0023948, totNum = 60
ROUND = 2555, SUM = 6988119.99999997, bChange = 0.002395, totNum = 60
ROUND = 2556, SUM = 6988119.99999998, bChange = 0.0023952, totNum = 60
ROUND = 2557, SUM = 6988119.99999998, bChange = 0.00239539, totNum = 60
ROUND = 2558, SUM = 6988120, bChange = 0.00239559, totNum = 60
ROUND = 2559, SUM = 6988119.99999999, bChange = 0.00239578, totNum = 60
ROUND = 2560, SUM = 6988120.00000002, bChange = 0.00239598, totNum = 60
ROUND = 2561, SUM = 6988119.99999998, bChange = 0.00239617, totNum = 60
ROUND = 2562, SUM = 6988119.99999998, bChange = 0.00239637, totNum = 60
ROUND = 2563, SUM = 6988119.99999997, bChange = 0.00239656, totNum = 60
ROUND = 2564, SUM = 6988119.99999997, bChange = 0.00239675, totNum = 59
ROUND = 2565, SUM = 6988119.99999998, bChange = 0.00239694, totNum = 59
ROUND = 2566, SUM = 6988119.99999999, bChange = 0.00239714, totNum = 59
ROUND = 2567, SUM = 6988119.99999997, bChange = 0.00239733, totNum = 59
ROUND = 2568, SUM = 6988119.99999997, bChange = 0.00239752, totNum = 59
ROUND = 2569, SUM = 6988119.99999998, bChange = 0.00239771, totNum = 59
ROUND = 2570, SUM = 6988119.99999996, bChange = 0.0023979, totNum = 59
ROUND = 2571, SUM = 6988119.99999999, bChange = 0.00239809, totNum = 59
ROUND = 2572, SUM = 6988119.99999997, bChange = 0.00239828, totNum = 59
ROUND = 2573, SUM = 6988119.99999998, bChange = 0.00239847, totNum = 59
ROUND = 2574, SUM = 6988119.99999996, bChange = 0.00239866, totNum = 59
ROUND = 2575, SUM = 6988119.99999997, bChange = 0.00239885, totNum = 59
ROUND = 2576, SUM = 6988119.99999996, bChange = 0.00239904, totNum = 59
ROUND = 2577, SUM = 6988119.99999998, bChange = 0.00239922, totNum = 59
ROUND = 2578, SUM = 6988119.99999996, bChange = 0.00239941, totNum = 59
ROUND = 2579, SUM = 6988119.99999999, bChange = 0.0023996, totNum = 59
ROUND = 2580, SUM = 6988119.99999999, bChange = 0.00228393, totNum = 58
ROUND = 2581, SUM = 6988119.99999998, bChange = 0.00228394, totNum = 58
ROUND = 2582, SUM = 6988119.99999996, bChange = 0.00228396, totNum = 58
ROUND = 2583, SUM = 6988119.99999998, bChange = 0.00228397, totNum = 58
ROUND = 2584, SUM = 6988120, bChange = 0.00228398, totNum = 58
ROUND = 2585, SUM = 6988119.99999998, bChange = 0.002284, totNum = 58
ROUND = 2586, SUM = 6988119.99999999, bChange = 0.00228401, totNum = 58
ROUND = 2587, SUM = 6988119.99999996, bChange = 0.00228402, totNum = 57
ROUND = 2588, SUM = 6988119.99999998, bChange = 0.00228404, totNum = 57
ROUND = 2589, SUM = 6988120, bChange = 0.00228405, totNum = 57
ROUND = 2590, SUM = 6988119.99999998, bChange = 0.00228407, totNum = 57
ROUND = 2591, SUM = 6988120, bChange = 0.00228408, totNum = 57
ROUND = 2592, SUM = 6988119.99999997, bChange = 0.00228409, totNum = 57
ROUND = 2593, SUM = 6988119.99999998, bChange = 0.00228411, totNum = 57
ROUND = 2594, SUM = 6988119.99999998, bChange = 0.00228412, totNum = 57
ROUND = 2595, SUM = 6988120, bChange = 0.00228413, totNum = 57
ROUND = 2596, SUM = 6988119.99999998, bChange = 0.00228415, totNum = 56
ROUND = 2597, SUM = 6988119.99999996, bChange = 0.00228416, totNum = 55
ROUND = 2598, SUM = 6988119.99999998, bChange = 0.00228417, totNum = 55
ROUND = 2599, SUM = 6988119.99999996, bChange = 0.00228419, totNum = 55
ROUND = 2600, SUM = 6988119.99999997, bChange = 0.0022842, totNum = 55
ROUND = 2601, SUM = 6988119.99999998, bChange = 0.00228421, totNum = 54
ROUND = 2602, SUM = 6988119.99999998, bChange = 0.00228423, totNum = 53
ROUND = 2603, SUM = 6988119.99999995, bChange = 0.00228424, totNum = 53
ROUND = 2604, SUM = 6988119.99999998, bChange = 0.00228425, totNum = 53
ROUND = 2605, SUM = 6988119.99999997, bChange = 0.00228427, totNum = 53
ROUND = 2606, SUM = 6988119.99999998, bChange = 0.00228428, totNum = 53
ROUND = 2607, SUM = 6988119.99999999, bChange = 0.00228429, totNum = 52
ROUND = 2608, SUM = 6988119.99999999, bChange = 0.00228431, totNum = 52
ROUND = 2609, SUM = 6988119.99999999, bChange = 0.00228432, totNum = 52
ROUND = 2610, SUM = 6988119.99999996, bChange = 0.00228433, totNum = 52
ROUND = 2611, SUM = 6988119.99999998, bChange = 0.00228434, totNum = 52
ROUND = 2612, SUM = 6988119.99999999, bChange = 0.00228436, totNum = 52
ROUND = 2613, SUM = 6988119.99999999, bChange = 0.00228437, totNum = 52
ROUND = 2614, SUM = 6988119.99999997, bChange = 0.00228438, totNum = 52
ROUND = 2615, SUM = 6988119.99999996, bChange = 0.0022844, totNum = 52
ROUND = 2616, SUM = 6988119.99999995, bChange = 0.00228441, totNum = 52
ROUND = 2617, SUM = 6988119.99999998, bChange = 0.00228442, totNum = 52
ROUND = 2618, SUM = 6988120.00000001, bChange = 0.00228443, totNum = 52
ROUND = 2619, SUM = 6988119.99999996, bChange = 0.00228445, totNum = 52
ROUND = 2620, SUM = 6988119.99999996, bChange = 0.00228446, totNum = 52
ROUND = 2621, SUM = 6988120, bChange = 0.00228447, totNum = 52
ROUND = 2622, SUM = 6988120.00000001, bChange = 0.00228449, totNum = 52
ROUND = 2623, SUM = 6988120.00000001, bChange = 0.0022845, totNum = 52
ROUND = 2624, SUM = 6988120.00000001, bChange = 0.00228451, totNum = 52
ROUND = 2625, SUM = 6988119.99999997, bChange = 0.00228452, totNum = 52
ROUND = 2626, SUM = 6988119.99999998, bChange = 0.00228454, totNum = 52
ROUND = 2627, SUM = 6988119.99999999, bChange = 0.00228455, totNum = 52
ROUND = 2628, SUM = 6988119.99999998, bChange = 0.00228456, totNum = 52
ROUND = 2629, SUM = 6988119.99999997, bChange = 0.00228457, totNum = 52
ROUND = 2630, SUM = 6988119.99999997, bChange = 0.00228459, totNum = 52
ROUND = 2631, SUM = 6988120.00000001, bChange = 0.0022846, totNum = 52
ROUND = 2632, SUM = 6988119.99999999, bChange = 0.00228461, totNum = 52
ROUND = 2633, SUM = 6988120, bChange = 0.00228462, totNum = 52
ROUND = 2634, SUM = 6988120, bChange = 0.00228463, totNum = 52
ROUND = 2635, SUM = 6988119.99999998, bChange = 0.00228465, totNum = 52
ROUND = 2636, SUM = 6988119.99999997, bChange = 0.00228466, totNum = 52
ROUND = 2637, SUM = 6988119.99999998, bChange = 0.00228467, totNum = 52
ROUND = 2638, SUM = 6988120, bChange = 0.00228468, totNum = 52
ROUND = 2639, SUM = 6988119.99999997, bChange = 0.0022847, totNum = 52
ROUND = 2640, SUM = 6988119.99999998, bChange = 0.00228471, totNum = 52
ROUND = 2641, SUM = 6988120, bChange = 0.00228472, totNum = 51
ROUND = 2642, SUM = 6988119.99999998, bChange = 0.00228473, totNum = 51
ROUND = 2643, SUM = 6988120, bChange = 0.00228474, totNum = 51
ROUND = 2644, SUM = 6988119.99999999, bChange = 0.00228476, totNum = 51
ROUND = 2645, SUM = 6988119.99999999, bChange = 0.00228477, totNum = 51
ROUND = 2646, SUM = 6988119.99999999, bChange = 0.00228478, totNum = 51
ROUND = 2647, SUM = 6988119.99999999, bChange = 0.00228479, totNum = 50
ROUND = 2648, SUM = 6988119.99999997, bChange = 0.0022848, totNum = 50
ROUND = 2649, SUM = 6988120, bChange = 0.00228482, totNum = 50
ROUND = 2650, SUM = 6988119.99999999, bChange = 0.00228483, totNum = 50
ROUND = 2651, SUM = 6988119.99999997, bChange = 0.00228484, totNum = 50
ROUND = 2652, SUM = 6988119.99999999, bChange = 0.00228485, totNum = 50
ROUND = 2653, SUM = 6988120.00000001, bChange = 0.00228486, totNum = 50
ROUND = 2654, SUM = 6988119.99999998, bChange = 0.00228488, totNum = 50
ROUND = 2655, SUM = 6988119.99999999, bChange = 0.00228489, totNum = 50
ROUND = 2656, SUM = 6988119.99999997, bChange = 0.0022849, totNum = 50
ROUND = 2657, SUM = 6988120, bChange = 0.00228491, totNum = 50
ROUND = 2658, SUM = 6988119.99999998, bChange = 0.00228492, totNum = 50
ROUND = 2659, SUM = 6988119.99999999, bChange = 0.00228493, totNum = 50
ROUND = 2660, SUM = 6988119.99999997, bChange = 0.00228494, totNum = 50
ROUND = 2661, SUM = 6988119.99999998, bChange = 0.00228496, totNum = 50
ROUND = 2662, SUM = 6988119.99999999, bChange = 0.00228497, totNum = 50
ROUND = 2663, SUM = 6988119.99999999, bChange = 0.00228498, totNum = 50
ROUND = 2664, SUM = 6988120, bChange = 0.00228499, totNum = 50
ROUND = 2665, SUM = 6988120, bChange = 0.002285, totNum = 50
ROUND = 2666, SUM = 6988119.99999999, bChange = 0.00228501, totNum = 50
ROUND = 2667, SUM = 6988119.99999997, bChange = 0.00228503, totNum = 50
ROUND = 2668, SUM = 6988119.99999998, bChange = 0.00228504, totNum = 50
ROUND = 2669, SUM = 6988120, bChange = 0.00228505, totNum = 49
ROUND = 2670, SUM = 6988119.99999998, bChange = 0.00228506, totNum = 49
ROUND = 2671, SUM = 6988119.99999997, bChange = 0.00228507, totNum = 49
ROUND = 2672, SUM = 6988119.99999999, bChange = 0.00228508, totNum = 49
ROUND = 2673, SUM = 6988119.99999999, bChange = 0.00228509, totNum = 49
ROUND = 2674, SUM = 6988119.99999998, bChange = 0.0022851, totNum = 48
ROUND = 2675, SUM = 6988119.99999999, bChange = 0.00228512, totNum = 48
ROUND = 2676, SUM = 6988119.99999997, bChange = 0.00228513, totNum = 48
ROUND = 2677, SUM = 6988119.99999999, bChange = 0.00228514, totNum = 48
ROUND = 2678, SUM = 6988119.99999999, bChange = 0.00228515, totNum = 48
ROUND = 2679, SUM = 6988119.99999997, bChange = 0.00228516, totNum = 49
ROUND = 2680, SUM = 6988119.99999999, bChange = 0.00228517, totNum = 49
ROUND = 2681, SUM = 6988119.99999997, bChange = 0.00228518, totNum = 49
ROUND = 2682, SUM = 6988119.99999999, bChange = 0.00228519, totNum = 49
ROUND = 2683, SUM = 6988120.00000002, bChange = 0.0022852, totNum = 49
ROUND = 2684, SUM = 6988120, bChange = 0.00228522, totNum = 49
ROUND = 2685, SUM = 6988119.99999997, bChange = 0.00228523, totNum = 49
ROUND = 2686, SUM = 6988119.99999998, bChange = 0.00228524, totNum = 49
ROUND = 2687, SUM = 6988119.99999996, bChange = 0.00228525, totNum = 49
ROUND = 2688, SUM = 6988120, bChange = 0.00228526, totNum = 49
ROUND = 2689, SUM = 6988120.00000001, bChange = 0.00228527, totNum = 49
ROUND = 2690, SUM = 6988119.99999999, bChange = 0.00228528, totNum = 49
ROUND = 2691, SUM = 6988119.99999998, bChange = 0.00228529, totNum = 49
ROUND = 2692, SUM = 6988120, bChange = 0.0022853, totNum = 49
ROUND = 2693, SUM = 6988119.99999999, bChange = 0.00228531, totNum = 49
ROUND = 2694, SUM = 6988119.99999999, bChange = 0.00228532, totNum = 49
ROUND = 2695, SUM = 6988120, bChange = 0.00228533, totNum = 49
ROUND = 2696, SUM = 6988119.99999999, bChange = 0.00228535, totNum = 49
ROUND = 2697, SUM = 6988120.00000002, bChange = 0.00228536, totNum = 49
ROUND = 2698, SUM = 6988120, bChange = 0.00228537, totNum = 49
ROUND = 2699, SUM = 6988119.99999999, bChange = 0.00228538, totNum = 49
ROUND = 2700, SUM = 6988120, bChange = 0.00228539, totNum = 49
ROUND = 2701, SUM = 6988119.99999999, bChange = 0.0022854, totNum = 49
ROUND = 2702, SUM = 6988119.99999999, bChange = 0.00228541, totNum = 49
ROUND = 2703, SUM = 6988119.99999999, bChange = 0.00228542, totNum = 49
ROUND = 2704, SUM = 6988119.99999996, bChange = 0.00228543, totNum = 49
ROUND = 2705, SUM = 6988120.00000001, bChange = 0.00228544, totNum = 49
ROUND = 2706, SUM = 6988119.99999999, bChange = 0.00228545, totNum = 49
ROUND = 2707, SUM = 6988119.99999999, bChange = 0.00228546, totNum = 48
ROUND = 2708, SUM = 6988119.99999999, bChange = 0.00228547, totNum = 48
ROUND = 2709, SUM = 6988119.99999997, bChange = 0.00228548, totNum = 48
ROUND = 2710, SUM = 6988119.99999998, bChange = 0.00228549, totNum = 48
ROUND = 2711, SUM = 6988119.99999997, bChange = 0.00222797, totNum = 47
ROUND = 2712, SUM = 6988119.99999998, bChange = 0.00222798, totNum = 47
ROUND = 2713, SUM = 6988120, bChange = 0.00222799, totNum = 46
ROUND = 2714, SUM = 6988120, bChange = 0.00222799, totNum = 46
ROUND = 2715, SUM = 6988119.99999997, bChange = 0.002228, totNum = 46
ROUND = 2716, SUM = 6988119.99999998, bChange = 0.00222801, totNum = 46
ROUND = 2717, SUM = 6988119.99999999, bChange = 0.00222802, totNum = 46
ROUND = 2718, SUM = 6988119.99999998, bChange = 0.00222803, totNum = 46
ROUND = 2719, SUM = 6988120, bChange = 0.00222803, totNum = 46
ROUND = 2720, SUM = 6988119.99999999, bChange = 0.00222804, totNum = 46
ROUND = 2721, SUM = 6988119.99999999, bChange = 0.00222805, totNum = 46
ROUND = 2722, SUM = 6988119.99999999, bChange = 0.00222806, totNum = 46
ROUND = 2723, SUM = 6988119.99999999, bChange = 0.00222806, totNum = 46
ROUND = 2724, SUM = 6988120, bChange = 0.00222807, totNum = 46
ROUND = 2725, SUM = 6988119.99999998, bChange = 0.00222808, totNum = 46
ROUND = 2726, SUM = 6988120, bChange = 0.00222809, totNum = 46
ROUND = 2727, SUM = 6988119.99999999, bChange = 0.0022281, totNum = 46
ROUND = 2728, SUM = 6988119.99999999, bChange = 0.0022281, totNum = 46
ROUND = 2729, SUM = 6988119.99999997, bChange = 0.00222811, totNum = 46
ROUND = 2730, SUM = 6988120, bChange = 0.00222812, totNum = 46
ROUND = 2731, SUM = 6988119.99999999, bChange = 0.00222813, totNum = 46
ROUND = 2732, SUM = 6988119.99999999, bChange = 0.00222813, totNum = 46
ROUND = 2733, SUM = 6988119.99999998, bChange = 0.00222814, totNum = 46
ROUND = 2734, SUM = 6988119.99999999, bChange = 0.00222815, totNum = 46
ROUND = 2735, SUM = 6988120.00000001, bChange = 0.00222816, totNum = 46
ROUND = 2736, SUM = 6988119.99999998, bChange = 0.00222816, totNum = 46
ROUND = 2737, SUM = 6988120, bChange = 0.00222817, totNum = 46
ROUND = 2738, SUM = 6988120, bChange = 0.00222818, totNum = 45
ROUND = 2739, SUM = 6988120, bChange = 0.00222818, totNum = 45
ROUND = 2740, SUM = 6988119.99999999, bChange = 0.00222819, totNum = 45
ROUND = 2741, SUM = 6988120, bChange = 0.0022282, totNum = 45
ROUND = 2742, SUM = 6988120.00000002, bChange = 0.00222821, totNum = 45
ROUND = 2743, SUM = 6988119.99999998, bChange = 0.00222821, totNum = 45
ROUND = 2744, SUM = 6988119.99999999, bChange = 0.00222822, totNum = 45
ROUND = 2745, SUM = 6988120.00000002, bChange = 0.00222823, totNum = 45
ROUND = 2746, SUM = 6988119.99999997, bChange = 0.00222824, totNum = 45
ROUND = 2747, SUM = 6988119.99999999, bChange = 0.00222824, totNum = 44
ROUND = 2748, SUM = 6988120, bChange = 0.00222825, totNum = 44
ROUND = 2749, SUM = 6988119.99999998, bChange = 0.00222826, totNum = 44
ROUND = 2750, SUM = 6988119.99999999, bChange = 0.00222827, totNum = 44
ROUND = 2751, SUM = 6988119.99999996, bChange = 0.00222827, totNum = 44
ROUND = 2752, SUM = 6988119.99999998, bChange = 0.00222828, totNum = 44
ROUND = 2753, SUM = 6988120, bChange = 0.00222829, totNum = 44
ROUND = 2754, SUM = 6988119.99999997, bChange = 0.00222829, totNum = 44
ROUND = 2755, SUM = 6988119.99999998, bChange = 0.0022283, totNum = 44
ROUND = 2756, SUM = 6988120, bChange = 0.00222831, totNum = 44
ROUND = 2757, SUM = 6988119.99999999, bChange = 0.00222832, totNum = 44
ROUND = 2758, SUM = 6988119.99999996, bChange = 0.00222832, totNum = 44
ROUND = 2759, SUM = 6988119.99999999, bChange = 0.00222833, totNum = 44
ROUND = 2760, SUM = 6988119.99999998, bChange = 0.00222834, totNum = 44
ROUND = 2761, SUM = 6988119.99999999, bChange = 0.00222834, totNum = 44
ROUND = 2762, SUM = 6988119.99999998, bChange = 0.00222835, totNum = 44
ROUND = 2763, SUM = 6988119.99999997, bChange = 0.00222836, totNum = 44
ROUND = 2764, SUM = 6988119.99999998, bChange = 0.00222836, totNum = 44
ROUND = 2765, SUM = 6988119.99999998, bChange = 0.00222837, totNum = 44
ROUND = 2766, SUM = 6988119.99999998, bChange = 0.00222838, totNum = 44
ROUND = 2767, SUM = 6988120.00000001, bChange = 0.00222839, totNum = 44
ROUND = 2768, SUM = 6988119.99999999, bChange = 0.00222839, totNum = 44
ROUND = 2769, SUM = 6988120, bChange = 0.0022284, totNum = 44
ROUND = 2770, SUM = 6988119.99999997, bChange = 0.00222841, totNum = 44
ROUND = 2771, SUM = 6988119.99999999, bChange = 0.00222841, totNum = 44
ROUND = 2772, SUM = 6988120, bChange = 0.00222842, totNum = 44
ROUND = 2773, SUM = 6988119.99999998, bChange = 0.00222843, totNum = 44
ROUND = 2774, SUM = 6988119.99999999, bChange = 0.00222843, totNum = 44
ROUND = 2775, SUM = 6988119.99999998, bChange = 0.00222844, totNum = 44
ROUND = 2776, SUM = 6988119.99999999, bChange = 0.00222845, totNum = 44
ROUND = 2777, SUM = 6988119.99999998, bChange = 0.00222845, totNum = 44
ROUND = 2778, SUM = 6988120, bChange = 0.00222846, totNum = 44
ROUND = 2779, SUM = 6988120.00000003, bChange = 0.00222847, totNum = 44
ROUND = 2780, SUM = 6988119.99999999, bChange = 0.00222847, totNum = 44
ROUND = 2781, SUM = 6988119.99999998, bChange = 0.00222848, totNum = 44
ROUND = 2782, SUM = 6988120.00000001, bChange = 0.00222849, totNum = 44
ROUND = 2783, SUM = 6988119.99999999, bChange = 0.00222849, totNum = 44
ROUND = 2784, SUM = 6988120.00000001, bChange = 0.0022285, totNum = 44
ROUND = 2785, SUM = 6988120.00000001, bChange = 0.00222851, totNum = 43
ROUND = 2786, SUM = 6988120, bChange = 0.00222851, totNum = 43
ROUND = 2787, SUM = 6988119.99999999, bChange = 0.00222852, totNum = 43
ROUND = 2788, SUM = 6988120, bChange = 0.00222853, totNum = 43
ROUND = 2789, SUM = 6988119.99999998, bChange = 0.00222853, totNum = 43
ROUND = 2790, SUM = 6988119.99999999, bChange = 0.00222854, totNum = 43
ROUND = 2791, SUM = 6988119.99999998, bChange = 0.00222855, totNum = 43
ROUND = 2792, SUM = 6988120.00000002, bChange = 0.00222855, totNum = 43
ROUND = 2793, SUM = 6988119.99999998, bChange = 0.00222856, totNum = 43
ROUND = 2794, SUM = 6988120, bChange = 0.00222857, totNum = 43
ROUND = 2795, SUM = 6988119.99999997, bChange = 0.00222857, totNum = 43
ROUND = 2796, SUM = 6988120, bChange = 0.00222858, totNum = 43
ROUND = 2797, SUM = 6988119.99999999, bChange = 0.00222859, totNum = 43
ROUND = 2798, SUM = 6988119.99999997, bChange = 0.00222859, totNum = 43
ROUND = 2799, SUM = 6988119.99999995, bChange = 0.0022286, totNum = 43
ROUND = 2800, SUM = 6988119.99999996, bChange = 0.00222861, totNum = 43
ROUND = 2801, SUM = 6988119.99999998, bChange = 0.00222861, totNum = 42
ROUND = 2802, SUM = 6988119.99999996, bChange = 0.00222862, totNum = 42
ROUND = 2803, SUM = 6988119.99999999, bChange = 0.00222863, totNum = 42
ROUND = 2804, SUM = 6988120, bChange = 0.00222863, totNum = 42
ROUND = 2805, SUM = 6988119.99999998, bChange = 0.00222864, totNum = 41
ROUND = 2806, SUM = 6988119.99999998, bChange = 0.00222864, totNum = 41
ROUND = 2807, SUM = 6988119.99999997, bChange = 0.00222865, totNum = 41
ROUND = 2808, SUM = 6988119.99999998, bChange = 0.00222866, totNum = 41
ROUND = 2809, SUM = 6988119.99999998, bChange = 0.00222866, totNum = 41
ROUND = 2810, SUM = 6988119.99999997, bChange = 0.00222867, totNum = 41
ROUND = 2811, SUM = 6988119.99999999, bChange = 0.00222868, totNum = 40
ROUND = 2812, SUM = 6988119.99999998, bChange = 0.00222868, totNum = 40
ROUND = 2813, SUM = 6988120, bChange = 0.00222869, totNum = 40
ROUND = 2814, SUM = 6988119.99999998, bChange = 0.0022287, totNum = 40
ROUND = 2815, SUM = 6988119.99999999, bChange = 0.0022287, totNum = 40
ROUND = 2816, SUM = 6988120, bChange = 0.00222871, totNum = 40
ROUND = 2817, SUM = 6988120, bChange = 0.00222871, totNum = 40
ROUND = 2818, SUM = 6988119.99999999, bChange = 0.00222872, totNum = 40
ROUND = 2819, SUM = 6988119.99999997, bChange = 0.00222873, totNum = 40
ROUND = 2820, SUM = 6988119.99999997, bChange = 0.00222873, totNum = 40
ROUND = 2821, SUM = 6988119.99999999, bChange = 0.00222874, totNum = 39
ROUND = 2822, SUM = 6988119.99999999, bChange = 0.00222875, totNum = 39
ROUND = 2823, SUM = 6988119.99999996, bChange = 0.00222875, totNum = 39
ROUND = 2824, SUM = 6988120, bChange = 0.00222876, totNum = 39
ROUND = 2825, SUM = 6988120, bChange = 0.00222876, totNum = 39
ROUND = 2826, SUM = 6988120, bChange = 0.00222877, totNum = 39
ROUND = 2827, SUM = 6988119.99999998, bChange = 0.00222878, totNum = 39
ROUND = 2828, SUM = 6988119.99999998, bChange = 0.00222878, totNum = 39
ROUND = 2829, SUM = 6988120, bChange = 0.00222879, totNum = 39
ROUND = 2830, SUM = 6988119.99999997, bChange = 0.00222879, totNum = 39
ROUND = 2831, SUM = 6988119.99999999, bChange = 0.0022288, totNum = 39
ROUND = 2832, SUM = 6988120.00000002, bChange = 0.00222881, totNum = 39
ROUND = 2833, SUM = 6988119.99999997, bChange = 0.00222881, totNum = 39
ROUND = 2834, SUM = 6988119.99999999, bChange = 0.00222882, totNum = 39
ROUND = 2835, SUM = 6988119.99999999, bChange = 0.00222882, totNum = 39
ROUND = 2836, SUM = 6988120, bChange = 0.00222883, totNum = 39
ROUND = 2837, SUM = 6988119.99999997, bChange = 0.00222884, totNum = 39
ROUND = 2838, SUM = 6988119.99999998, bChange = 0.00222884, totNum = 39
ROUND = 2839, SUM = 6988119.99999996, bChange = 0.00222885, totNum = 39
ROUND = 2840, SUM = 6988119.99999997, bChange = 0.00222885, totNum = 39
ROUND = 2841, SUM = 6988119.99999996, bChange = 0.00222886, totNum = 39
ROUND = 2842, SUM = 6988119.99999999, bChange = 0.00222887, totNum = 39
ROUND = 2843, SUM = 6988119.99999998, bChange = 0.00222887, totNum = 39
ROUND = 2844, SUM = 6988119.99999999, bChange = 0.00222888, totNum = 38
ROUND = 2845, SUM = 6988120, bChange = 0.00222888, totNum = 38
ROUND = 2846, SUM = 6988119.99999997, bChange = 0.00222889, totNum = 37
ROUND = 2847, SUM = 6988119.99999996, bChange = 0.00222889, totNum = 37
ROUND = 2848, SUM = 6988119.99999997, bChange = 0.0022289, totNum = 37
ROUND = 2849, SUM = 6988119.99999998, bChange = 0.00222891, totNum = 37
ROUND = 2850, SUM = 6988119.99999998, bChange = 0.00222891, totNum = 37
ROUND = 2851, SUM = 6988119.99999999, bChange = 0.00222892, totNum = 37
ROUND = 2852, SUM = 6988119.99999999, bChange = 0.00222892, totNum = 37
ROUND = 2853, SUM = 6988119.99999998, bChange = 0.00222893, totNum = 37
ROUND = 2854, SUM = 6988119.99999998, bChange = 0.00222893, totNum = 37
ROUND = 2855, SUM = 6988119.99999999, bChange = 0.00222894, totNum = 37
ROUND = 2856, SUM = 6988119.99999998, bChange = 0.00222895, totNum = 37
ROUND = 2857, SUM = 6988119.99999997, bChange = 0.00222895, totNum = 37
ROUND = 2858, SUM = 6988119.99999998, bChange = 0.00222896, totNum = 37
ROUND = 2859, SUM = 6988119.99999998, bChange = 0.00222896, totNum = 36
ROUND = 2860, SUM = 6988119.99999998, bChange = 0.00222897, totNum = 36
ROUND = 2861, SUM = 6988119.99999999, bChange = 0.00222897, totNum = 36
ROUND = 2862, SUM = 6988120.00000001, bChange = 0.00222898, totNum = 36
ROUND = 2863, SUM = 6988119.99999999, bChange = 0.00222899, totNum = 36
ROUND = 2864, SUM = 6988119.99999999, bChange = 0.00222899, totNum = 36
ROUND = 2865, SUM = 6988119.99999999, bChange = 0.002229, totNum = 36
ROUND = 2866, SUM = 6988119.99999995, bChange = 0.002229, totNum = 36
ROUND = 2867, SUM = 6988119.99999998, bChange = 0.00222901, totNum = 36
ROUND = 2868, SUM = 6988120, bChange = 0.00222901, totNum = 36
ROUND = 2869, SUM = 6988119.99999998, bChange = 0.00222902, totNum = 36
ROUND = 2870, SUM = 6988119.99999998, bChange = 0.00222902, totNum = 36
ROUND = 2871, SUM = 6988119.99999999, bChange = 0.00222903, totNum = 36
ROUND = 2872, SUM = 6988119.99999998, bChange = 0.00222904, totNum = 36
ROUND = 2873, SUM = 6988119.99999999, bChange = 0.00222904, totNum = 36
ROUND = 2874, SUM = 6988120, bChange = 0.00222905, totNum = 36
ROUND = 2875, SUM = 6988119.99999996, bChange = 0.00222905, totNum = 36
ROUND = 2876, SUM = 6988119.99999996, bChange = 0.00222906, totNum = 36
ROUND = 2877, SUM = 6988119.99999998, bChange = 0.00222906, totNum = 36
ROUND = 2878, SUM = 6988119.99999998, bChange = 0.00222907, totNum = 36
ROUND = 2879, SUM = 6988119.99999998, bChange = 0.00222907, totNum = 36
ROUND = 2880, SUM = 6988119.99999999, bChange = 0.00222908, totNum = 36
ROUND = 2881, SUM = 6988120.00000002, bChange = 0.00222908, totNum = 36
ROUND = 2882, SUM = 6988119.99999998, bChange = 0.00222909, totNum = 36
ROUND = 2883, SUM = 6988120, bChange = 0.0022291, totNum = 36
ROUND = 2884, SUM = 6988120, bChange = 0.0022291, totNum = 36
ROUND = 2885, SUM = 6988119.99999999, bChange = 0.00222911, totNum = 36
ROUND = 2886, SUM = 6988120, bChange = 0.00222911, totNum = 36
ROUND = 2887, SUM = 6988120, bChange = 0.00222912, totNum = 36
ROUND = 2888, SUM = 6988119.99999998, bChange = 0.00222912, totNum = 36
ROUND = 2889, SUM = 6988119.99999999, bChange = 0.00222913, totNum = 36
ROUND = 2890, SUM = 6988119.99999999, bChange = 0.00222913, totNum = 36
ROUND = 2891, SUM = 6988119.99999999, bChange = 0.00222914, totNum = 36
ROUND = 2892, SUM = 6988120.00000001, bChange = 0.00222914, totNum = 36
ROUND = 2893, SUM = 6988120.00000001, bChange = 0.00222915, totNum = 36
ROUND = 2894, SUM = 6988119.99999996, bChange = 0.00222915, totNum = 36
ROUND = 2895, SUM = 6988120, bChange = 0.00222916, totNum = 36
ROUND = 2896, SUM = 6988120, bChange = 0.00222916, totNum = 36
ROUND = 2897, SUM = 6988119.99999999, bChange = 0.00222917, totNum = 36
ROUND = 2898, SUM = 6988119.99999999, bChange = 0.00222917, totNum = 36
ROUND = 2899, SUM = 6988119.99999999, bChange = 0.00222918, totNum = 36
ROUND = 2900, SUM = 6988119.99999998, bChange = 0.00222918, totNum = 35
ROUND = 2901, SUM = 6988119.99999998, bChange = 0.00222919, totNum = 35
ROUND = 2902, SUM = 6988119.99999999, bChange = 0.0022292, totNum = 35
ROUND = 2903, SUM = 6988119.99999997, bChange = 0.0022292, totNum = 35
ROUND = 2904, SUM = 6988119.99999999, bChange = 0.00222921, totNum = 35
ROUND = 2905, SUM = 6988119.99999999, bChange = 0.00222921, totNum = 35
ROUND = 2906, SUM = 6988119.99999999, bChange = 0.00222922, totNum = 35
ROUND = 2907, SUM = 6988119.99999998, bChange = 0.00222922, totNum = 35
ROUND = 2908, SUM = 6988120, bChange = 0.00222923, totNum = 35
ROUND = 2909, SUM = 6988120, bChange = 0.00222923, totNum = 35
ROUND = 2910, SUM = 6988119.99999999, bChange = 0.00222924, totNum = 35
ROUND = 2911, SUM = 6988119.99999999, bChange = 0.00222924, totNum = 35
ROUND = 2912, SUM = 6988119.99999998, bChange = 0.00222925, totNum = 35
ROUND = 2913, SUM = 6988119.99999997, bChange = 0.00222925, totNum = 35
ROUND = 2914, SUM = 6988119.99999999, bChange = 0.00222926, totNum = 35
ROUND = 2915, SUM = 6988120, bChange = 0.00222926, totNum = 35
ROUND = 2916, SUM = 6988120.00000001, bChange = 0.00222927, totNum = 35
ROUND = 2917, SUM = 6988119.99999997, bChange = 0.00222927, totNum = 35
ROUND = 2918, SUM = 6988119.99999999, bChange = 0.00222928, totNum = 34
ROUND = 2919, SUM = 6988120, bChange = 0.00222928, totNum = 33
ROUND = 2920, SUM = 6988119.99999998, bChange = 0.00222929, totNum = 33
ROUND = 2921, SUM = 6988119.99999999, bChange = 0.00222929, totNum = 33
ROUND = 2922, SUM = 6988120, bChange = 0.0022293, totNum = 33
ROUND = 2923, SUM = 6988119.99999998, bChange = 0.0022293, totNum = 33
ROUND = 2924, SUM = 6988119.99999999, bChange = 0.00222931, totNum = 33
ROUND = 2925, SUM = 6988120, bChange = 0.00222931, totNum = 33
ROUND = 2926, SUM = 6988119.99999998, bChange = 0.00222932, totNum = 33
ROUND = 2927, SUM = 6988119.99999997, bChange = 0.00222932, totNum = 33
ROUND = 2928, SUM = 6988119.99999999, bChange = 0.00222932, totNum = 33
ROUND = 2929, SUM = 6988119.99999998, bChange = 0.00222933, totNum = 33
ROUND = 2930, SUM = 6988119.99999998, bChange = 0.00222933, totNum = 33
ROUND = 2931, SUM = 6988119.99999998, bChange = 0.00222934, totNum = 33
ROUND = 2932, SUM = 6988119.99999996, bChange = 0.00222934, totNum = 33
ROUND = 2933, SUM = 6988120, bChange = 0.00222935, totNum = 33
ROUND = 2934, SUM = 6988119.99999997, bChange = 0.00222935, totNum = 33
ROUND = 2935, SUM = 6988119.99999997, bChange = 0.00222936, totNum = 33
ROUND = 2936, SUM = 6988120, bChange = 0.00222936, totNum = 32
ROUND = 2937, SUM = 6988119.99999996, bChange = 0.00222937, totNum = 32
ROUND = 2938, SUM = 6988119.99999996, bChange = 0.00222937, totNum = 32
ROUND = 2939, SUM = 6988119.99999997, bChange = 0.00222938, totNum = 32
ROUND = 2940, SUM = 6988119.99999999, bChange = 0.00222938, totNum = 32
ROUND = 2941, SUM = 6988119.99999995, bChange = 0.00222939, totNum = 32
ROUND = 2942, SUM = 6988119.99999996, bChange = 0.00222939, totNum = 32
ROUND = 2943, SUM = 6988119.99999999, bChange = 0.0022294, totNum = 32
ROUND = 2944, SUM = 6988119.99999998, bChange = 0.0022294, totNum = 32
ROUND = 2945, SUM = 6988119.99999999, bChange = 0.00222941, totNum = 32
ROUND = 2946, SUM = 6988119.99999998, bChange = 0.00222941, totNum = 32
ROUND = 2947, SUM = 6988120, bChange = 0.00222942, totNum = 32
ROUND = 2948, SUM = 6988119.99999997, bChange = 0.00222942, totNum = 32
ROUND = 2949, SUM = 6988120, bChange = 0.00222942, totNum = 32
ROUND = 2950, SUM = 6988119.99999998, bChange = 0.00222943, totNum = 32
ROUND = 2951, SUM = 6988119.99999998, bChange = 0.00222943, totNum = 32
ROUND = 2952, SUM = 6988119.99999999, bChange = 0.00222944, totNum = 32
ROUND = 2953, SUM = 6988119.99999999, bChange = 0.00222944, totNum = 32
ROUND = 2954, SUM = 6988120.00000002, bChange = 0.00222945, totNum = 32
ROUND = 2955, SUM = 6988119.99999999, bChange = 0.00222945, totNum = 32
ROUND = 2956, SUM = 6988120.00000002, bChange = 0.00222946, totNum = 32
ROUND = 2957, SUM = 6988119.99999999, bChange = 0.00222946, totNum = 32
ROUND = 2958, SUM = 6988120.00000001, bChange = 0.00222947, totNum = 32
ROUND = 2959, SUM = 6988119.99999999, bChange = 0.00222947, totNum = 32
ROUND = 2960, SUM = 6988119.99999998, bChange = 0.00222947, totNum = 32
ROUND = 2961, SUM = 6988119.99999999, bChange = 0.00222948, totNum = 32
ROUND = 2962, SUM = 6988119.99999998, bChange = 0.00222948, totNum = 32
ROUND = 2963, SUM = 6988120.00000001, bChange = 0.00222949, totNum = 32
ROUND = 2964, SUM = 6988120, bChange = 0.00222949, totNum = 33
ROUND = 2965, SUM = 6988119.99999999, bChange = 0.0022295, totNum = 33
ROUND = 2966, SUM = 6988119.99999999, bChange = 0.0022295, totNum = 33
ROUND = 2967, SUM = 6988119.99999998, bChange = 0.00222951, totNum = 33
ROUND = 2968, SUM = 6988119.99999998, bChange = 0.00222951, totNum = 33
ROUND = 2969, SUM = 6988120, bChange = 0.00222951, totNum = 33
ROUND = 2970, SUM = 6988120, bChange = 0.00222952, totNum = 32
ROUND = 2971, SUM = 6988119.99999999, bChange = 0.00222952, totNum = 32
ROUND = 2972, SUM = 6988119.99999998, bChange = 0.00222953, totNum = 32
ROUND = 2973, SUM = 6988120, bChange = 0.00222953, totNum = 32
ROUND = 2974, SUM = 6988119.99999999, bChange = 0.00222954, totNum = 32
ROUND = 2975, SUM = 6988119.99999998, bChange = 0.00222954, totNum = 32
ROUND = 2976, SUM = 6988119.99999998, bChange = 0.00222955, totNum = 32
ROUND = 2977, SUM = 6988120.00000001, bChange = 0.00222955, totNum = 32
ROUND = 2978, SUM = 6988120.00000001, bChange = 0.00222955, totNum = 32
ROUND = 2979, SUM = 6988119.99999997, bChange = 0.00222956, totNum = 32
ROUND = 2980, SUM = 6988120, bChange = 0.00222956, totNum = 32
ROUND = 2981, SUM = 6988119.99999999, bChange = 0.00222957, totNum = 32
ROUND = 2982, SUM = 6988120.00000001, bChange = 0.00175422, totNum = 31
ROUND = 2983, SUM = 6988120.00000002, bChange = 0.00175436, totNum = 31
ROUND = 2984, SUM = 6988119.99999999, bChange = 0.0017545, totNum = 31
ROUND = 2985, SUM = 6988120.00000001, bChange = 0.00175464, totNum = 31
ROUND = 2986, SUM = 6988120, bChange = 0.00175478, totNum = 31
ROUND = 2987, SUM = 6988120.00000001, bChange = 0.00175492, totNum = 31
ROUND = 2988, SUM = 6988119.99999999, bChange = 0.00175506, totNum = 31
ROUND = 2989, SUM = 6988119.99999998, bChange = 0.0017552, totNum = 31
ROUND = 2990, SUM = 6988119.99999998, bChange = 0.00175534, totNum = 30
ROUND = 2991, SUM = 6988119.99999997, bChange = 0.00175548, totNum = 30
ROUND = 2992, SUM = 6988119.99999997, bChange = 0.00175562, totNum = 29
ROUND = 2993, SUM = 6988120, bChange = 0.00175576, totNum = 29
ROUND = 2994, SUM = 6988119.99999999, bChange = 0.0017559, totNum = 29
ROUND = 2995, SUM = 6988120, bChange = 0.00175604, totNum = 29
ROUND = 2996, SUM = 6988119.99999997, bChange = 0.00175618, totNum = 29
ROUND = 2997, SUM = 6988119.99999999, bChange = 0.00175631, totNum = 29
ROUND = 2998, SUM = 6988120, bChange = 0.00175645, totNum = 29
ROUND = 2999, SUM = 6988119.99999997, bChange = 0.00175659, totNum = 29
ROUND = 3000, SUM = 6988120, bChange = 0.00175673, totNum = 29
ROUND = 3001, SUM = 6988119.99999999, bChange = 0.00175687, totNum = 29
ROUND = 3002, SUM = 6988119.99999999, bChange = 0.00175701, totNum = 29
ROUND = 3003, SUM = 6988120, bChange = 0.00175715, totNum = 29
ROUND = 3004, SUM = 6988120.00000001, bChange = 0.00175729, totNum = 29
ROUND = 3005, SUM = 6988119.99999999, bChange = 0.00175743, totNum = 29
ROUND = 3006, SUM = 6988120, bChange = 0.00175756, totNum = 29
ROUND = 3007, SUM = 6988120.00000001, bChange = 0.0017577, totNum = 29
ROUND = 3008, SUM = 6988120, bChange = 0.00175784, totNum = 29
ROUND = 3009, SUM = 6988120.00000001, bChange = 0.00175798, totNum = 29
ROUND = 3010, SUM = 6988120.00000002, bChange = 0.00175812, totNum = 29
ROUND = 3011, SUM = 6988119.99999999, bChange = 0.00175826, totNum = 29
ROUND = 3012, SUM = 6988119.99999999, bChange = 0.00175839, totNum = 29
ROUND = 3013, SUM = 6988120.00000001, bChange = 0.00175853, totNum = 29
ROUND = 3014, SUM = 6988120, bChange = 0.00175867, totNum = 29
ROUND = 3015, SUM = 6988120.00000001, bChange = 0.00175881, totNum = 29
ROUND = 3016, SUM = 6988119.99999996, bChange = 0.00175894, totNum = 29
ROUND = 3017, SUM = 6988119.99999999, bChange = 0.00175908, totNum = 29
ROUND = 3018, SUM = 6988119.99999999, bChange = 0.00175922, totNum = 29
ROUND = 3019, SUM = 6988120, bChange = 0.00175936, totNum = 29
ROUND = 3020, SUM = 6988120, bChange = 0.00175949, totNum = 29
ROUND = 3021, SUM = 6988119.99999996, bChange = 0.00175963, totNum = 29
ROUND = 3022, SUM = 6988119.99999999, bChange = 0.00175977, totNum = 29
ROUND = 3023, SUM = 6988119.99999998, bChange = 0.00175991, totNum = 29
ROUND = 3024, SUM = 6988119.99999997, bChange = 0.00176004, totNum = 29
ROUND = 3025, SUM = 6988120, bChange = 0.00176018, totNum = 29
ROUND = 3026, SUM = 6988119.99999998, bChange = 0.00176032, totNum = 29
ROUND = 3027, SUM = 6988119.99999999, bChange = 0.00176045, totNum = 29
ROUND = 3028, SUM = 6988120.00000001, bChange = 0.00176059, totNum = 29
ROUND = 3029, SUM = 6988119.99999999, bChange = 0.00176073, totNum = 29
ROUND = 3030, SUM = 6988119.99999998, bChange = 0.00176086, totNum = 29
ROUND = 3031, SUM = 6988119.99999997, bChange = 0.001761, totNum = 29
ROUND = 3032, SUM = 6988119.99999999, bChange = 0.00176113, totNum = 29
ROUND = 3033, SUM = 6988120, bChange = 0.00176127, totNum = 29
ROUND = 3034, SUM = 6988119.99999999, bChange = 0.00176141, totNum = 29
ROUND = 3035, SUM = 6988120.00000002, bChange = 0.00176154, totNum = 29
ROUND = 3036, SUM = 6988119.99999999, bChange = 0.00176168, totNum = 28
ROUND = 3037, SUM = 6988119.99999999, bChange = 0.00176181, totNum = 28
ROUND = 3038, SUM = 6988119.99999999, bChange = 0.00176195, totNum = 28
ROUND = 3039, SUM = 6988119.99999997, bChange = 0.00176209, totNum = 28
ROUND = 3040, SUM = 6988119.99999997, bChange = 0.00176222, totNum = 27
ROUND = 3041, SUM = 6988119.99999999, bChange = 0.00176236, totNum = 27
ROUND = 3042, SUM = 6988119.99999998, bChange = 0.00176249, totNum = 27
ROUND = 3043, SUM = 6988119.99999997, bChange = 0.00176263, totNum = 27
ROUND = 3044, SUM = 6988119.99999998, bChange = 0.00176276, totNum = 27
ROUND = 3045, SUM = 6988119.99999998, bChange = 0.0017629, totNum = 27
ROUND = 3046, SUM = 6988119.99999997, bChange = 0.00176303, totNum = 27
ROUND = 3047, SUM = 6988119.99999997, bChange = 0.00176317, totNum = 27
ROUND = 3048, SUM = 6988120.00000001, bChange = 0.0017633, totNum = 27
ROUND = 3049, SUM = 6988119.99999999, bChange = 0.00176344, totNum = 27
ROUND = 3050, SUM = 6988119.99999996, bChange = 0.00176357, totNum = 27
ROUND = 3051, SUM = 6988119.99999996, bChange = 0.00176371, totNum = 27
ROUND = 3052, SUM = 6988120, bChange = 0.00176384, totNum = 27
ROUND = 3053, SUM = 6988119.99999999, bChange = 0.00176397, totNum = 27
ROUND = 3054, SUM = 6988119.99999999, bChange = 0.00176411, totNum = 27
ROUND = 3055, SUM = 6988119.99999998, bChange = 0.00176424, totNum = 27
ROUND = 3056, SUM = 6988119.99999999, bChange = 0.00176438, totNum = 27
ROUND = 3057, SUM = 6988119.99999998, bChange = 0.00176451, totNum = 27
ROUND = 3058, SUM = 6988119.99999999, bChange = 0.00176465, totNum = 27
ROUND = 3059, SUM = 6988119.99999998, bChange = 0.00176478, totNum = 27
ROUND = 3060, SUM = 6988119.99999998, bChange = 0.00176491, totNum = 27
ROUND = 3061, SUM = 6988119.99999997, bChange = 0.00176505, totNum = 27
ROUND = 3062, SUM = 6988120, bChange = 0.00176518, totNum = 27
ROUND = 3063, SUM = 6988119.99999999, bChange = 0.00176531, totNum = 27
ROUND = 3064, SUM = 6988119.99999999, bChange = 0.00176545, totNum = 27
ROUND = 3065, SUM = 6988119.99999995, bChange = 0.00176558, totNum = 27
ROUND = 3066, SUM = 6988119.99999999, bChange = 0.00176571, totNum = 27
ROUND = 3067, SUM = 6988119.99999996, bChange = 0.00176585, totNum = 27
ROUND = 3068, SUM = 6988119.99999998, bChange = 0.00176598, totNum = 27
ROUND = 3069, SUM = 6988120.00000001, bChange = 0.00176611, totNum = 27
ROUND = 3070, SUM = 6988119.99999998, bChange = 0.00176625, totNum = 27
ROUND = 3071, SUM = 6988119.99999998, bChange = 0.00176638, totNum = 27
ROUND = 3072, SUM = 6988120, bChange = 0.00176651, totNum = 27
ROUND = 3073, SUM = 6988120, bChange = 0.00176665, totNum = 27
ROUND = 3074, SUM = 6988120, bChange = 0.00176678, totNum = 27
ROUND = 3075, SUM = 6988119.99999998, bChange = 0.00176691, totNum = 27
ROUND = 3076, SUM = 6988119.99999999, bChange = 0.00161864, totNum = 26
ROUND = 3077, SUM = 6988120, bChange = 0.00161864, totNum = 26
ROUND = 3078, SUM = 6988119.99999997, bChange = 0.00161864, totNum = 26
ROUND = 3079, SUM = 6988120, bChange = 0.00161863, totNum = 26
ROUND = 3080, SUM = 6988119.99999999, bChange = 0.00161863, totNum = 26
ROUND = 3081, SUM = 6988119.99999996, bChange = 0.00161862, totNum = 26
ROUND = 3082, SUM = 6988119.99999999, bChange = 0.00161862, totNum = 26
ROUND = 3083, SUM = 6988119.99999997, bChange = 0.00161862, totNum = 26
ROUND = 3084, SUM = 6988119.99999994, bChange = 0.00145587, totNum = 25
ROUND = 3085, SUM = 6988119.99999998, bChange = 0.00145587, totNum = 25
ROUND = 3086, SUM = 6988119.99999998, bChange = 0.00145586, totNum = 25
ROUND = 3087, SUM = 6988119.99999998, bChange = 0.00145585, totNum = 25
ROUND = 3088, SUM = 6988119.99999998, bChange = 0.00145585, totNum = 25
ROUND = 3089, SUM = 6988119.99999999, bChange = 0.00145584, totNum = 25
ROUND = 3090, SUM = 6988119.99999998, bChange = 0.00145584, totNum = 25
ROUND = 3091, SUM = 6988119.99999999, bChange = 0.00145583, totNum = 25
ROUND = 3092, SUM = 6988119.99999998, bChange = 0.00145583, totNum = 25
ROUND = 3093, SUM = 6988119.99999998, bChange = 0.00145582, totNum = 25
ROUND = 3094, SUM = 6988119.99999999, bChange = 0.00145582, totNum = 25
ROUND = 3095, SUM = 6988120, bChange = 0.00145581, totNum = 25
ROUND = 3096, SUM = 6988119.99999999, bChange = 0.0014558, totNum = 25
ROUND = 3097, SUM = 6988119.99999999, bChange = 0.0014558, totNum = 25
ROUND = 3098, SUM = 6988119.99999998, bChange = 0.00145579, totNum = 25
ROUND = 3099, SUM = 6988120, bChange = 0.00145579, totNum = 25
ROUND = 3100, SUM = 6988119.99999997, bChange = 0.00145578, totNum = 25
ROUND = 3101, SUM = 6988119.99999999, bChange = 0.00145578, totNum = 25
ROUND = 3102, SUM = 6988120, bChange = 0.00145577, totNum = 25
ROUND = 3103, SUM = 6988119.99999996, bChange = 0.00145577, totNum = 25
ROUND = 3104, SUM = 6988119.99999999, bChange = 0.00145576, totNum = 25
ROUND = 3105, SUM = 6988119.99999998, bChange = 0.00145575, totNum = 25
ROUND = 3106, SUM = 6988119.99999997, bChange = 0.00145575, totNum = 25
ROUND = 3107, SUM = 6988120, bChange = 0.00145574, totNum = 24
ROUND = 3108, SUM = 6988119.99999997, bChange = 0.00145574, totNum = 24
ROUND = 3109, SUM = 6988119.99999997, bChange = 0.00145573, totNum = 24
ROUND = 3110, SUM = 6988120, bChange = 0.00145573, totNum = 24
ROUND = 3111, SUM = 6988120, bChange = 0.00145572, totNum = 24
ROUND = 3112, SUM = 6988120.00000001, bChange = 0.00145572, totNum = 24
ROUND = 3113, SUM = 6988120, bChange = 0.00145571, totNum = 24
ROUND = 3114, SUM = 6988119.99999996, bChange = 0.00145571, totNum = 24
ROUND = 3115, SUM = 6988119.99999998, bChange = 0.0014557, totNum = 24
ROUND = 3116, SUM = 6988120, bChange = 0.00145569, totNum = 24
ROUND = 3117, SUM = 6988119.99999999, bChange = 0.00145569, totNum = 24
ROUND = 3118, SUM = 6988119.99999999, bChange = 0.00145568, totNum = 24
ROUND = 3119, SUM = 6988119.99999998, bChange = 0.00145568, totNum = 24
ROUND = 3120, SUM = 6988119.99999998, bChange = 0.00145567, totNum = 24
ROUND = 3121, SUM = 6988120, bChange = 0.00145567, totNum = 24
ROUND = 3122, SUM = 6988120, bChange = 0.00145566, totNum = 24
ROUND = 3123, SUM = 6988119.99999997, bChange = 0.00145566, totNum = 24
ROUND = 3124, SUM = 6988119.99999998, bChange = 0.00145565, totNum = 24
ROUND = 3125, SUM = 6988119.99999998, bChange = 0.00145565, totNum = 24
ROUND = 3126, SUM = 6988119.99999998, bChange = 0.00145564, totNum = 24
ROUND = 3127, SUM = 6988119.99999998, bChange = 0.00145564, totNum = 24
ROUND = 3128, SUM = 6988119.99999997, bChange = 0.00145563, totNum = 24
ROUND = 3129, SUM = 6988119.99999999, bChange = 0.00145562, totNum = 24
ROUND = 3130, SUM = 6988119.99999999, bChange = 0.00145562, totNum = 24
ROUND = 3131, SUM = 6988120, bChange = 0.00145561, totNum = 24
ROUND = 3132, SUM = 6988120.00000001, bChange = 0.00145561, totNum = 24
ROUND = 3133, SUM = 6988119.99999999, bChange = 0.0014556, totNum = 24
ROUND = 3134, SUM = 6988119.99999999, bChange = 0.0014556, totNum = 24
ROUND = 3135, SUM = 6988119.99999996, bChange = 0.00145559, totNum = 23
ROUND = 3136, SUM = 6988119.99999999, bChange = 0.00145559, totNum = 23
ROUND = 3137, SUM = 6988119.99999999, bChange = 0.00145558, totNum = 23
ROUND = 3138, SUM = 6988119.99999997, bChange = 0.00145558, totNum = 23
ROUND = 3139, SUM = 6988120, bChange = 0.00145557, totNum = 23
ROUND = 3140, SUM = 6988120.00000002, bChange = 0.00145557, totNum = 23
ROUND = 3141, SUM = 6988119.99999999, bChange = 0.00145556, totNum = 23
ROUND = 3142, SUM = 6988120, bChange = 0.00145556, totNum = 23
ROUND = 3143, SUM = 6988119.99999999, bChange = 0.00145555, totNum = 23
ROUND = 3144, SUM = 6988119.99999999, bChange = 0.00145555, totNum = 23
ROUND = 3145, SUM = 6988120, bChange = 0.00145554, totNum = 23
ROUND = 3146, SUM = 6988120.00000001, bChange = 0.00145554, totNum = 23
ROUND = 3147, SUM = 6988119.99999999, bChange = 0.00145553, totNum = 23
ROUND = 3148, SUM = 6988120.00000001, bChange = 0.00145553, totNum = 23
ROUND = 3149, SUM = 6988119.99999998, bChange = 0.00145552, totNum = 23
ROUND = 3150, SUM = 6988119.99999999, bChange = 0.00145552, totNum = 23
ROUND = 3151, SUM = 6988119.99999998, bChange = 0.00145551, totNum = 23
ROUND = 3152, SUM = 6988119.99999998, bChange = 0.0014555, totNum = 23
ROUND = 3153, SUM = 6988119.99999998, bChange = 0.0014555, totNum = 23
ROUND = 3154, SUM = 6988119.99999998, bChange = 0.00145549, totNum = 23
ROUND = 3155, SUM = 6988120, bChange = 0.00145549, totNum = 23
ROUND = 3156, SUM = 6988120, bChange = 0.00145548, totNum = 23
ROUND = 3157, SUM = 6988120, bChange = 0.00145548, totNum = 23
ROUND = 3158, SUM = 6988119.99999998, bChange = 0.00145547, totNum = 22
ROUND = 3159, SUM = 6988119.99999997, bChange = 0.00145547, totNum = 22
ROUND = 3160, SUM = 6988119.99999997, bChange = 0.00145546, totNum = 22
ROUND = 3161, SUM = 6988119.99999999, bChange = 0.00145546, totNum = 22
ROUND = 3162, SUM = 6988119.99999998, bChange = 0.00145545, totNum = 22
ROUND = 3163, SUM = 6988119.99999999, bChange = 0.00145545, totNum = 22
ROUND = 3164, SUM = 6988119.99999998, bChange = 0.00145544, totNum = 22
ROUND = 3165, SUM = 6988119.99999997, bChange = 0.00145544, totNum = 22
ROUND = 3166, SUM = 6988119.99999999, bChange = 0.00145543, totNum = 22
ROUND = 3167, SUM = 6988119.99999997, bChange = 0.00145543, totNum = 22
ROUND = 3168, SUM = 6988120.00000001, bChange = 0.00145542, totNum = 23
ROUND = 3169, SUM = 6988119.99999999, bChange = 0.00145542, totNum = 23
ROUND = 3170, SUM = 6988119.99999998, bChange = 0.00145541, totNum = 23
ROUND = 3171, SUM = 6988119.99999997, bChange = 0.00145541, totNum = 23
ROUND = 3172, SUM = 6988120, bChange = 0.0014554, totNum = 23
ROUND = 3173, SUM = 6988120.00000001, bChange = 0.0014554, totNum = 23
ROUND = 3174, SUM = 6988120, bChange = 0.00145539, totNum = 23
ROUND = 3175, SUM = 6988119.99999998, bChange = 0.00145539, totNum = 23
ROUND = 3176, SUM = 6988119.99999998, bChange = 0.00145538, totNum = 23
ROUND = 3177, SUM = 6988119.99999999, bChange = 0.00145538, totNum = 23
ROUND = 3178, SUM = 6988120, bChange = 0.00145537, totNum = 23
ROUND = 3179, SUM = 6988119.99999998, bChange = 0.00145537, totNum = 23
ROUND = 3180, SUM = 6988120, bChange = 0.00145536, totNum = 23
ROUND = 3181, SUM = 6988120, bChange = 0.00145536, totNum = 23
ROUND = 3182, SUM = 6988119.99999997, bChange = 0.00145535, totNum = 23
ROUND = 3183, SUM = 6988119.99999998, bChange = 0.00145535, totNum = 23
ROUND = 3184, SUM = 6988119.99999997, bChange = 0.00145534, totNum = 23
ROUND = 3185, SUM = 6988119.99999997, bChange = 0.00145534, totNum = 23
ROUND = 3186, SUM = 6988120, bChange = 0.00145533, totNum = 23
ROUND = 3187, SUM = 6988120.00000001, bChange = 0.00145533, totNum = 23
ROUND = 3188, SUM = 6988120, bChange = 0.00145532, totNum = 23
ROUND = 3189, SUM = 6988119.99999998, bChange = 0.00145532, totNum = 23
ROUND = 3190, SUM = 6988120, bChange = 0.00145531, totNum = 23
ROUND = 3191, SUM = 6988119.99999997, bChange = 0.00145531, totNum = 23
ROUND = 3192, SUM = 6988119.99999998, bChange = 0.00145531, totNum = 23
ROUND = 3193, SUM = 6988119.99999999, bChange = 0.0014553, totNum = 23
ROUND = 3194, SUM = 6988119.99999999, bChange = 0.0014553, totNum = 23
ROUND = 3195, SUM = 6988119.99999999, bChange = 0.00145529, totNum = 23
ROUND = 3196, SUM = 6988120, bChange = 0.00145529, totNum = 23
ROUND = 3197, SUM = 6988119.99999998, bChange = 0.00145528, totNum = 23
ROUND = 3198, SUM = 6988119.99999997, bChange = 0.00145528, totNum = 23
ROUND = 3199, SUM = 6988119.99999997, bChange = 0.00145527, totNum = 23
ROUND = 3200, SUM = 6988119.99999998, bChange = 0.00145527, totNum = 23
ROUND = 3201, SUM = 6988119.99999998, bChange = 0.00145526, totNum = 23
ROUND = 3202, SUM = 6988119.99999998, bChange = 0.00145526, totNum = 23
ROUND = 3203, SUM = 6988119.99999998, bChange = 0.00145525, totNum = 23
ROUND = 3204, SUM = 6988120, bChange = 0.00145525, totNum = 23
ROUND = 3205, SUM = 6988119.99999999, bChange = 0.00145524, totNum = 23
ROUND = 3206, SUM = 6988119.99999998, bChange = 0.00145524, totNum = 23
ROUND = 3207, SUM = 6988119.99999998, bChange = 0.00145523, totNum = 23
ROUND = 3208, SUM = 6988119.99999996, bChange = 0.00145523, totNum = 23
ROUND = 3209, SUM = 6988120, bChange = 0.00145522, totNum = 23
ROUND = 3210, SUM = 6988119.99999997, bChange = 0.00141381, totNum = 22
ROUND = 3211, SUM = 6988119.99999999, bChange = 0.00141404, totNum = 22
ROUND = 3212, SUM = 6988119.99999999, bChange = 0.00141427, totNum = 22
ROUND = 3213, SUM = 6988119.99999998, bChange = 0.0014145, totNum = 22
ROUND = 3214, SUM = 6988119.99999997, bChange = 0.00141474, totNum = 22
ROUND = 3215, SUM = 6988119.99999996, bChange = 0.00141497, totNum = 22
ROUND = 3216, SUM = 6988119.99999997, bChange = 0.0014152, totNum = 22
ROUND = 3217, SUM = 6988119.99999998, bChange = 0.00141543, totNum = 22
ROUND = 3218, SUM = 6988120, bChange = 0.00141566, totNum = 22
ROUND = 3219, SUM = 6988119.99999999, bChange = 0.00141589, totNum = 22
ROUND = 3220, SUM = 6988119.99999999, bChange = 0.00141611, totNum = 22
ROUND = 3221, SUM = 6988119.99999998, bChange = 0.00141634, totNum = 22
ROUND = 3222, SUM = 6988119.99999997, bChange = 0.00141657, totNum = 22
ROUND = 3223, SUM = 6988120, bChange = 0.0014168, totNum = 22
ROUND = 3224, SUM = 6988120, bChange = 0.00141703, totNum = 22
ROUND = 3225, SUM = 6988119.99999997, bChange = 0.00141726, totNum = 22
ROUND = 3226, SUM = 6988119.99999998, bChange = 0.00141748, totNum = 22
ROUND = 3227, SUM = 6988119.99999997, bChange = 0.00141771, totNum = 22
ROUND = 3228, SUM = 6988119.99999997, bChange = 0.00141794, totNum = 22
ROUND = 3229, SUM = 6988119.99999998, bChange = 0.00141816, totNum = 22
ROUND = 3230, SUM = 6988119.99999999, bChange = 0.00141839, totNum = 22
ROUND = 3231, SUM = 6988119.99999999, bChange = 0.00141862, totNum = 22
ROUND = 3232, SUM = 6988120, bChange = 0.00141884, totNum = 22
ROUND = 3233, SUM = 6988119.99999999, bChange = 0.00141907, totNum = 22
ROUND = 3234, SUM = 6988119.99999998, bChange = 0.00141929, totNum = 22
ROUND = 3235, SUM = 6988119.99999997, bChange = 0.00141952, totNum = 22
ROUND = 3236, SUM = 6988119.99999999, bChange = 0.00141974, totNum = 22
ROUND = 3237, SUM = 6988119.99999997, bChange = 0.00141997, totNum = 22
ROUND = 3238, SUM = 6988119.99999997, bChange = 0.00142019, totNum = 22
ROUND = 3239, SUM = 6988119.99999998, bChange = 0.00142042, totNum = 22
ROUND = 3240, SUM = 6988119.99999997, bChange = 0.00142064, totNum = 22
ROUND = 3241, SUM = 6988119.99999998, bChange = 0.00142086, totNum = 22
ROUND = 3242, SUM = 6988119.99999999, bChange = 0.00142109, totNum = 22
ROUND = 3243, SUM = 6988119.99999998, bChange = 0.00142131, totNum = 22
ROUND = 3244, SUM = 6988120, bChange = 0.00142153, totNum = 22
ROUND = 3245, SUM = 6988119.99999997, bChange = 0.00142176, totNum = 22
ROUND = 3246, SUM = 6988119.99999999, bChange = 0.00142198, totNum = 22
ROUND = 3247, SUM = 6988119.99999998, bChange = 0.0014222, totNum = 22
ROUND = 3248, SUM = 6988119.99999998, bChange = 0.00142242, totNum = 22
ROUND = 3249, SUM = 6988119.99999999, bChange = 0.00142264, totNum = 22
ROUND = 3250, SUM = 6988119.99999998, bChange = 0.00142287, totNum = 22
ROUND = 3251, SUM = 6988120, bChange = 0.00142309, totNum = 22
ROUND = 3252, SUM = 6988120.00000002, bChange = 0.00142331, totNum = 22
ROUND = 3253, SUM = 6988119.99999999, bChange = 0.00142353, totNum = 22
ROUND = 3254, SUM = 6988119.99999997, bChange = 0.00142375, totNum = 22
ROUND = 3255, SUM = 6988119.99999998, bChange = 0.00142397, totNum = 22
ROUND = 3256, SUM = 6988119.99999999, bChange = 0.00142419, totNum = 22
ROUND = 3257, SUM = 6988119.99999999, bChange = 0.00142441, totNum = 22
ROUND = 3258, SUM = 6988119.99999998, bChange = 0.00142463, totNum = 22
ROUND = 3259, SUM = 6988119.99999999, bChange = 0.00142484, totNum = 22
ROUND = 3260, SUM = 6988119.99999997, bChange = 0.00142506, totNum = 22
ROUND = 3261, SUM = 6988120, bChange = 0.00142528, totNum = 22
ROUND = 3262, SUM = 6988120, bChange = 0.0014255, totNum = 22
ROUND = 3263, SUM = 6988119.99999999, bChange = 0.00142572, totNum = 22
ROUND = 3264, SUM = 6988119.99999999, bChange = 0.00142594, totNum = 22
ROUND = 3265, SUM = 6988119.99999998, bChange = 0.00142615, totNum = 22
ROUND = 3266, SUM = 6988120, bChange = 0.00142637, totNum = 22
ROUND = 3267, SUM = 6988120.00000001, bChange = 0.00142659, totNum = 22
ROUND = 3268, SUM = 6988119.99999998, bChange = 0.0014268, totNum = 22
ROUND = 3269, SUM = 6988119.99999999, bChange = 0.00142702, totNum = 22
ROUND = 3270, SUM = 6988120, bChange = 0.00142724, totNum = 22
ROUND = 3271, SUM = 6988120, bChange = 0.00142745, totNum = 22
ROUND = 3272, SUM = 6988119.99999999, bChange = 0.00142767, totNum = 22
ROUND = 3273, SUM = 6988119.99999999, bChange = 0.00142788, totNum = 22
ROUND = 3274, SUM = 6988119.99999999, bChange = 0.0014281, totNum = 22
ROUND = 3275, SUM = 6988120, bChange = 0.00142831, totNum = 22
ROUND = 3276, SUM = 6988120.00000002, bChange = 0.00142853, totNum = 22
ROUND = 3277, SUM = 6988119.99999998, bChange = 0.00142874, totNum = 22
ROUND = 3278, SUM = 6988119.99999998, bChange = 0.00142896, totNum = 22
ROUND = 3279, SUM = 6988120, bChange = 0.00142917, totNum = 22
ROUND = 3280, SUM = 6988119.99999999, bChange = 0.00142938, totNum = 22
ROUND = 3281, SUM = 6988119.99999998, bChange = 0.0014296, totNum = 22
ROUND = 3282, SUM = 6988119.99999999, bChange = 0.00142981, totNum = 22
ROUND = 3283, SUM = 6988120, bChange = 0.00143002, totNum = 22
ROUND = 3284, SUM = 6988119.99999999, bChange = 0.00143023, totNum = 22
ROUND = 3285, SUM = 6988119.99999997, bChange = 0.00143045, totNum = 22
ROUND = 3286, SUM = 6988119.99999997, bChange = 0.00143066, totNum = 22
ROUND = 3287, SUM = 6988120.00000002, bChange = 0.00143087, totNum = 22
ROUND = 3288, SUM = 6988120.00000002, bChange = 0.00143108, totNum = 22
ROUND = 3289, SUM = 6988119.99999998, bChange = 0.00143129, totNum = 22
ROUND = 3290, SUM = 6988120, bChange = 0.0014315, totNum = 22
ROUND = 3291, SUM = 6988119.99999999, bChange = 0.00143171, totNum = 22
ROUND = 3292, SUM = 6988119.99999997, bChange = 0.00143193, totNum = 22
ROUND = 3293, SUM = 6988119.99999997, bChange = 0.00143214, totNum = 22
ROUND = 3294, SUM = 6988119.99999997, bChange = 0.00143235, totNum = 22
ROUND = 3295, SUM = 6988119.99999999, bChange = 0.00143256, totNum = 22
ROUND = 3296, SUM = 6988119.99999997, bChange = 0.00143276, totNum = 22
ROUND = 3297, SUM = 6988119.99999999, bChange = 0.00143297, totNum = 22
ROUND = 3298, SUM = 6988120.00000002, bChange = 0.00143318, totNum = 22
ROUND = 3299, SUM = 6988119.99999999, bChange = 0.00143339, totNum = 22
ROUND = 3300, SUM = 6988120, bChange = 0.0014336, totNum = 22
ROUND = 3301, SUM = 6988120, bChange = 0.00143381, totNum = 22
ROUND = 3302, SUM = 6988119.99999999, bChange = 0.00143402, totNum = 22
ROUND = 3303, SUM = 6988119.99999999, bChange = 0.00143422, totNum = 22
ROUND = 3304, SUM = 6988119.99999997, bChange = 0.00143443, totNum = 22
ROUND = 3305, SUM = 6988120.00000001, bChange = 0.00143464, totNum = 22
ROUND = 3306, SUM = 6988120.00000001, bChange = 0.00143485, totNum = 22
ROUND = 3307, SUM = 6988119.99999999, bChange = 0.00143505, totNum = 22
ROUND = 3308, SUM = 6988119.99999996, bChange = 0.00143526, totNum = 22
ROUND = 3309, SUM = 6988119.99999999, bChange = 0.00143547, totNum = 22
ROUND = 3310, SUM = 6988120.00000001, bChange = 0.00143567, totNum = 22
ROUND = 3311, SUM = 6988120.00000001, bChange = 0.00143588, totNum = 22
ROUND = 3312, SUM = 6988119.99999998, bChange = 0.00143608, totNum = 22
ROUND = 3313, SUM = 6988119.99999999, bChange = 0.00143629, totNum = 22
ROUND = 3314, SUM = 6988120.00000001, bChange = 0.00143649, totNum = 22
ROUND = 3315, SUM = 6988119.99999998, bChange = 0.0014367, totNum = 22
ROUND = 3316, SUM = 6988120, bChange = 0.0014369, totNum = 22
ROUND = 3317, SUM = 6988120.00000002, bChange = 0.00143711, totNum = 22
ROUND = 3318, SUM = 6988119.99999998, bChange = 0.00143731, totNum = 22
ROUND = 3319, SUM = 6988119.99999998, bChange = 0.00143751, totNum = 22
ROUND = 3320, SUM = 6988119.99999998, bChange = 0.00143772, totNum = 22
ROUND = 3321, SUM = 6988119.99999997, bChange = 0.00143792, totNum = 22
ROUND = 3322, SUM = 6988120, bChange = 0.00143812, totNum = 22
ROUND = 3323, SUM = 6988119.99999999, bChange = 0.00143833, totNum = 22
ROUND = 3324, SUM = 6988119.99999998, bChange = 0.00143853, totNum = 22
ROUND = 3325, SUM = 6988119.99999999, bChange = 0.00143873, totNum = 22
ROUND = 3326, SUM = 6988119.99999999, bChange = 0.00143893, totNum = 22
ROUND = 3327, SUM = 6988120, bChange = 0.00143914, totNum = 22
ROUND = 3328, SUM = 6988120.00000002, bChange = 0.00143934, totNum = 22
ROUND = 3329, SUM = 6988119.99999997, bChange = 0.00143954, totNum = 22
ROUND = 3330, SUM = 6988119.99999999, bChange = 0.00143974, totNum = 22
ROUND = 3331, SUM = 6988119.99999998, bChange = 0.00143994, totNum = 22
ROUND = 3332, SUM = 6988119.99999998, bChange = 0.00144014, totNum = 22
ROUND = 3333, SUM = 6988119.99999999, bChange = 0.00144034, totNum = 22
ROUND = 3334, SUM = 6988119.99999999, bChange = 0.00144054, totNum = 22
ROUND = 3335, SUM = 6988119.99999998, bChange = 0.00144074, totNum = 22
ROUND = 3336, SUM = 6988119.99999999, bChange = 0.00144094, totNum = 22
ROUND = 3337, SUM = 6988120.00000001, bChange = 0.00144114, totNum = 22
ROUND = 3338, SUM = 6988120, bChange = 0.00144134, totNum = 22
ROUND = 3339, SUM = 6988120, bChange = 0.00144154, totNum = 22
ROUND = 3340, SUM = 6988119.99999999, bChange = 0.00144174, totNum = 22
ROUND = 3341, SUM = 6988119.99999999, bChange = 0.00144194, totNum = 22
ROUND = 3342, SUM = 6988119.99999998, bChange = 0.00144213, totNum = 22
ROUND = 3343, SUM = 6988119.99999999, bChange = 0.00144233, totNum = 22
ROUND = 3344, SUM = 6988120.00000001, bChange = 0.00144253, totNum = 22
ROUND = 3345, SUM = 6988119.99999996, bChange = 0.00144273, totNum = 22
ROUND = 3346, SUM = 6988119.99999998, bChange = 0.00144292, totNum = 22
ROUND = 3347, SUM = 6988120, bChange = 0.00144312, totNum = 22
ROUND = 3348, SUM = 6988120, bChange = 0.00144332, totNum = 22
ROUND = 3349, SUM = 6988119.99999998, bChange = 0.00144351, totNum = 22
ROUND = 3350, SUM = 6988119.99999998, bChange = 0.00144371, totNum = 22
ROUND = 3351, SUM = 6988120, bChange = 0.00144391, totNum = 22
ROUND = 3352, SUM = 6988119.99999998, bChange = 0.0014441, totNum = 22
ROUND = 3353, SUM = 6988119.99999997, bChange = 0.0014443, totNum = 22
ROUND = 3354, SUM = 6988119.99999999, bChange = 0.00144449, totNum = 22
ROUND = 3355, SUM = 6988119.99999998, bChange = 0.00144469, totNum = 22
ROUND = 3356, SUM = 6988119.99999998, bChange = 0.00144488, totNum = 22
ROUND = 3357, SUM = 6988119.99999998, bChange = 0.00144508, totNum = 22
ROUND = 3358, SUM = 6988119.99999998, bChange = 0.00144527, totNum = 22
ROUND = 3359, SUM = 6988120, bChange = 0.00144547, totNum = 22
ROUND = 3360, SUM = 6988119.99999997, bChange = 0.00144566, totNum = 22
ROUND = 3361, SUM = 6988119.99999999, bChange = 0.00144585, totNum = 22
ROUND = 3362, SUM = 6988119.99999999, bChange = 0.00144605, totNum = 22
ROUND = 3363, SUM = 6988119.99999997, bChange = 0.00144624, totNum = 22
ROUND = 3364, SUM = 6988120.00000001, bChange = 0.00144643, totNum = 22
ROUND = 3365, SUM = 6988119.99999997, bChange = 0.00144663, totNum = 22
ROUND = 3366, SUM = 6988119.99999997, bChange = 0.00144682, totNum = 22
ROUND = 3367, SUM = 6988120.00000001, bChange = 0.00144701, totNum = 22
ROUND = 3368, SUM = 6988119.99999999, bChange = 0.0014472, totNum = 22
ROUND = 3369, SUM = 6988119.99999999, bChange = 0.00144739, totNum = 22
ROUND = 3370, SUM = 6988119.99999999, bChange = 0.00144758, totNum = 22
ROUND = 3371, SUM = 6988120, bChange = 0.00144778, totNum = 22
ROUND = 3372, SUM = 6988119.99999998, bChange = 0.00144797, totNum = 22
ROUND = 3373, SUM = 6988119.99999999, bChange = 0.00144816, totNum = 22
ROUND = 3374, SUM = 6988119.99999999, bChange = 0.00144835, totNum = 22
ROUND = 3375, SUM = 6988120, bChange = 0.00144854, totNum = 22
ROUND = 3376, SUM = 6988120.00000001, bChange = 0.00144873, totNum = 22
ROUND = 3377, SUM = 6988120, bChange = 0.00144892, totNum = 22
ROUND = 3378, SUM = 6988120, bChange = 0.00144911, totNum = 22
ROUND = 3379, SUM = 6988119.99999999, bChange = 0.0014493, totNum = 22
ROUND = 3380, SUM = 6988119.99999998, bChange = 0.00144949, totNum = 22
ROUND = 3381, SUM = 6988119.99999999, bChange = 0.00144968, totNum = 22
ROUND = 3382, SUM = 6988119.99999998, bChange = 0.00144986, totNum = 22
ROUND = 3383, SUM = 6988119.99999998, bChange = 0.00145005, totNum = 22
ROUND = 3384, SUM = 6988119.99999997, bChange = 0.00145024, totNum = 22
ROUND = 3385, SUM = 6988119.99999999, bChange = 0.00145043, totNum = 22
ROUND = 3386, SUM = 6988119.99999998, bChange = 0.00145062, totNum = 22
ROUND = 3387, SUM = 6988119.99999999, bChange = 0.0014508, totNum = 22
ROUND = 3388, SUM = 6988119.99999999, bChange = 0.00145099, totNum = 22
ROUND = 3389, SUM = 6988120, bChange = 0.00145118, totNum = 22
ROUND = 3390, SUM = 6988119.99999999, bChange = 0.00145137, totNum = 22
ROUND = 3391, SUM = 6988119.99999998, bChange = 0.00145155, totNum = 22
ROUND = 3392, SUM = 6988119.99999999, bChange = 0.00145174, totNum = 22
ROUND = 3393, SUM = 6988119.99999999, bChange = 0.00145192, totNum = 22
ROUND = 3394, SUM = 6988119.99999999, bChange = 0.00145211, totNum = 22
ROUND = 3395, SUM = 6988119.99999999, bChange = 0.0014523, totNum = 22
ROUND = 3396, SUM = 6988120, bChange = 0.00145248, totNum = 22
ROUND = 3397, SUM = 6988119.99999999, bChange = 0.00145267, totNum = 22
ROUND = 3398, SUM = 6988120, bChange = 0.00145285, totNum = 22
ROUND = 3399, SUM = 6988119.99999999, bChange = 0.00145304, totNum = 22
ROUND = 3400, SUM = 6988119.99999997, bChange = 0.00145322, totNum = 22
ROUND = 3401, SUM = 6988119.99999999, bChange = 0.0014534, totNum = 22
ROUND = 3402, SUM = 6988120.00000002, bChange = 0.00145359, totNum = 22
ROUND = 3403, SUM = 6988119.99999998, bChange = 0.00145377, totNum = 22
ROUND = 3404, SUM = 6988119.99999998, bChange = 0.00145396, totNum = 22
ROUND = 3405, SUM = 6988120.00000001, bChange = 0.00145414, totNum = 22
ROUND = 3406, SUM = 6988120, bChange = 0.00145432, totNum = 22
ROUND = 3407, SUM = 6988120.00000001, bChange = 0.00145451, totNum = 22
ROUND = 3408, SUM = 6988119.99999999, bChange = 0.00145469, totNum = 22
ROUND = 3409, SUM = 6988119.99999995, bChange = 0.00145487, totNum = 22
ROUND = 3410, SUM = 6988120, bChange = 0.00145505, totNum = 22
ROUND = 3411, SUM = 6988120, bChange = 0.00145523, totNum = 22
ROUND = 3412, SUM = 6988119.99999999, bChange = 0.00145542, totNum = 22
ROUND = 3413, SUM = 6988120.00000001, bChange = 0.0014556, totNum = 22
ROUND = 3414, SUM = 6988120, bChange = 0.00145578, totNum = 22
ROUND = 3415, SUM = 6988120, bChange = 0.00145596, totNum = 22
ROUND = 3416, SUM = 6988119.99999999, bChange = 0.00145614, totNum = 22
ROUND = 3417, SUM = 6988119.99999999, bChange = 0.00145632, totNum = 22
ROUND = 3418, SUM = 6988119.99999999, bChange = 0.0014565, totNum = 22
ROUND = 3419, SUM = 6988120.00000002, bChange = 0.00145668, totNum = 22
ROUND = 3420, SUM = 6988120.00000002, bChange = 0.00145686, totNum = 22
ROUND = 3421, SUM = 6988120, bChange = 0.00145704, totNum = 22
ROUND = 3422, SUM = 6988120, bChange = 0.00145722, totNum = 22
ROUND = 3423, SUM = 6988119.99999998, bChange = 0.0014574, totNum = 22
ROUND = 3424, SUM = 6988119.99999998, bChange = 0.00145758, totNum = 22
ROUND = 3425, SUM = 6988120, bChange = 0.00145776, totNum = 22
ROUND = 3426, SUM = 6988120, bChange = 0.00145794, totNum = 22
ROUND = 3427, SUM = 6988119.99999999, bChange = 0.00145812, totNum = 22
ROUND = 3428, SUM = 6988119.99999998, bChange = 0.00145829, totNum = 22
ROUND = 3429, SUM = 6988120, bChange = 0.00145847, totNum = 22
ROUND = 3430, SUM = 6988119.99999999, bChange = 0.00145865, totNum = 22
ROUND = 3431, SUM = 6988120, bChange = 0.00145883, totNum = 22
ROUND = 3432, SUM = 6988119.99999998, bChange = 0.001459, totNum = 22
ROUND = 3433, SUM = 6988120, bChange = 0.00145918, totNum = 22
ROUND = 3434, SUM = 6988120, bChange = 0.00145936, totNum = 22
ROUND = 3435, SUM = 6988119.99999998, bChange = 0.00145953, totNum = 22
ROUND = 3436, SUM = 6988120, bChange = 0.00145971, totNum = 22
ROUND = 3437, SUM = 6988119.99999998, bChange = 0.00145989, totNum = 22
ROUND = 3438, SUM = 6988119.99999999, bChange = 0.00146006, totNum = 22
ROUND = 3439, SUM = 6988120, bChange = 0.00146024, totNum = 22
ROUND = 3440, SUM = 6988119.99999999, bChange = 0.00146041, totNum = 22
ROUND = 3441, SUM = 6988120, bChange = 0.00146059, totNum = 22
ROUND = 3442, SUM = 6988120, bChange = 0.00146076, totNum = 22
ROUND = 3443, SUM = 6988120, bChange = 0.00146094, totNum = 22
ROUND = 3444, SUM = 6988120, bChange = 0.00146111, totNum = 22
ROUND = 3445, SUM = 6988119.99999998, bChange = 0.00146129, totNum = 21
ROUND = 3446, SUM = 6988120, bChange = 0.00146146, totNum = 21
ROUND = 3447, SUM = 6988119.99999999, bChange = 0.00146164, totNum = 21
ROUND = 3448, SUM = 6988119.99999998, bChange = 0.00146181, totNum = 21
ROUND = 3449, SUM = 6988119.99999999, bChange = 0.00146198, totNum = 21
ROUND = 3450, SUM = 6988119.99999999, bChange = 0.00146216, totNum = 21
ROUND = 3451, SUM = 6988119.99999998, bChange = 0.00146233, totNum = 21
ROUND = 3452, SUM = 6988120, bChange = 0.0014625, totNum = 21
ROUND = 3453, SUM = 6988120.00000001, bChange = 0.00146268, totNum = 21
ROUND = 3454, SUM = 6988119.99999997, bChange = 0.00146285, totNum = 21
ROUND = 3455, SUM = 6988119.99999998, bChange = 0.00146302, totNum = 21
ROUND = 3456, SUM = 6988120, bChange = 0.00146319, totNum = 21
ROUND = 3457, SUM = 6988120.00000001, bChange = 0.00146336, totNum = 21
ROUND = 3458, SUM = 6988119.99999997, bChange = 0.00146353, totNum = 21
ROUND = 3459, SUM = 6988120, bChange = 0.00146371, totNum = 21
ROUND = 3460, SUM = 6988119.99999999, bChange = 0.00146388, totNum = 21
ROUND = 3461, SUM = 6988120.00000002, bChange = 0.00146405, totNum = 21
ROUND = 3462, SUM = 6988120, bChange = 0.00146422, totNum = 21
ROUND = 3463, SUM = 6988119.99999999, bChange = 0.00146439, totNum = 21
ROUND = 3464, SUM = 6988120, bChange = 0.00146456, totNum = 21
ROUND = 3465, SUM = 6988119.99999998, bChange = 0.00146473, totNum = 21
ROUND = 3466, SUM = 6988119.99999999, bChange = 0.0014649, totNum = 21
ROUND = 3467, SUM = 6988119.99999998, bChange = 0.00146507, totNum = 21
ROUND = 3468, SUM = 6988119.99999999, bChange = 0.00146524, totNum = 21
ROUND = 3469, SUM = 6988119.99999998, bChange = 0.00146541, totNum = 21
ROUND = 3470, SUM = 6988119.99999999, bChange = 0.00146558, totNum = 21
ROUND = 3471, SUM = 6988119.99999999, bChange = 0.00146574, totNum = 21
ROUND = 3472, SUM = 6988119.99999998, bChange = 0.00146591, totNum = 21
ROUND = 3473, SUM = 6988119.99999998, bChange = 0.00146608, totNum = 21
ROUND = 3474, SUM = 6988119.99999998, bChange = 0.00146625, totNum = 21
ROUND = 3475, SUM = 6988120, bChange = 0.00146642, totNum = 21
ROUND = 3476, SUM = 6988119.99999997, bChange = 0.00146659, totNum = 21
ROUND = 3477, SUM = 6988119.99999998, bChange = 0.00146675, totNum = 21
ROUND = 3478, SUM = 6988120.00000001, bChange = 0.00146692, totNum = 21
ROUND = 3479, SUM = 6988119.99999998, bChange = 0.00146709, totNum = 21
ROUND = 3480, SUM = 6988120, bChange = 0.00146725, totNum = 21
ROUND = 3481, SUM = 6988120, bChange = 0.00146742, totNum = 21
ROUND = 3482, SUM = 6988120, bChange = 0.00146759, totNum = 21
ROUND = 3483, SUM = 6988120, bChange = 0.00146775, totNum = 21
ROUND = 3484, SUM = 6988120, bChange = 0.00146792, totNum = 21
ROUND = 3485, SUM = 6988120.00000001, bChange = 0.00146808, totNum = 21
ROUND = 3486, SUM = 6988119.99999997, bChange = 0.00146825, totNum = 21
ROUND = 3487, SUM = 6988119.99999998, bChange = 0.00146841, totNum = 21
ROUND = 3488, SUM = 6988119.99999999, bChange = 0.00146858, totNum = 21
ROUND = 3489, SUM = 6988119.99999999, bChange = 0.00146874, totNum = 21
ROUND = 3490, SUM = 6988120, bChange = 0.00146891, totNum = 21
ROUND = 3491, SUM = 6988119.99999998, bChange = 0.00146907, totNum = 21
ROUND = 3492, SUM = 6988120, bChange = 0.00146924, totNum = 21
ROUND = 3493, SUM = 6988120, bChange = 0.0014694, totNum = 21
ROUND = 3494, SUM = 6988119.99999999, bChange = 0.00146957, totNum = 21
ROUND = 3495, SUM = 6988120.00000001, bChange = 0.00146973, totNum = 21
ROUND = 3496, SUM = 6988119.99999997, bChange = 0.00146989, totNum = 21
ROUND = 3497, SUM = 6988119.99999997, bChange = 0.00147006, totNum = 21
ROUND = 3498, SUM = 6988119.99999999, bChange = 0.00147022, totNum = 21
ROUND = 3499, SUM = 6988119.99999999, bChange = 0.00147038, totNum = 21
ROUND = 3500, SUM = 6988120.00000002, bChange = 0.00147054, totNum = 21
ROUND = 3501, SUM = 6988119.99999999, bChange = 0.00147071, totNum = 21
ROUND = 3502, SUM = 6988119.99999998, bChange = 0.00147087, totNum = 21
ROUND = 3503, SUM = 6988119.99999998, bChange = 0.00147103, totNum = 21
ROUND = 3504, SUM = 6988120, bChange = 0.00147119, totNum = 21
ROUND = 3505, SUM = 6988119.99999999, bChange = 0.00147135, totNum = 21
ROUND = 3506, SUM = 6988120, bChange = 0.00147152, totNum = 21
ROUND = 3507, SUM = 6988119.99999998, bChange = 0.00147168, totNum = 21
ROUND = 3508, SUM = 6988120.00000001, bChange = 0.00147184, totNum = 21
ROUND = 3509, SUM = 6988119.99999999, bChange = 0.001472, totNum = 21
ROUND = 3510, SUM = 6988119.99999999, bChange = 0.00147216, totNum = 21
ROUND = 3511, SUM = 6988119.99999999, bChange = 0.00147232, totNum = 21
ROUND = 3512, SUM = 6988119.99999998, bChange = 0.00147248, totNum = 21
ROUND = 3513, SUM = 6988119.99999999, bChange = 0.00147264, totNum = 21
ROUND = 3514, SUM = 6988119.99999999, bChange = 0.0014728, totNum = 21
ROUND = 3515, SUM = 6988120, bChange = 0.00147296, totNum = 21
ROUND = 3516, SUM = 6988119.99999998, bChange = 0.00147312, totNum = 21
ROUND = 3517, SUM = 6988120.00000001, bChange = 0.00147328, totNum = 21
ROUND = 3518, SUM = 6988119.99999999, bChange = 0.00147343, totNum = 21
ROUND = 3519, SUM = 6988120, bChange = 0.00147359, totNum = 21
ROUND = 3520, SUM = 6988120.00000001, bChange = 0.00147375, totNum = 21
ROUND = 3521, SUM = 6988119.99999997, bChange = 0.00147391, totNum = 21
ROUND = 3522, SUM = 6988120, bChange = 0.00147407, totNum = 21
ROUND = 3523, SUM = 6988119.99999999, bChange = 0.00147423, totNum = 21
ROUND = 3524, SUM = 6988119.99999998, bChange = 0.00147438, totNum = 21
ROUND = 3525, SUM = 6988120.00000001, bChange = 0.00147454, totNum = 21
ROUND = 3526, SUM = 6988120, bChange = 0.0014747, totNum = 21
ROUND = 3527, SUM = 6988119.99999999, bChange = 0.00147485, totNum = 21
ROUND = 3528, SUM = 6988119.99999998, bChange = 0.00147501, totNum = 20
ROUND = 3529, SUM = 6988119.99999998, bChange = 0.00147517, totNum = 20
ROUND = 3530, SUM = 6988119.99999999, bChange = 0.00147532, totNum = 20
ROUND = 3531, SUM = 6988120.00000002, bChange = 0.00147548, totNum = 20
ROUND = 3532, SUM = 6988119.99999999, bChange = 0.00147564, totNum = 20
ROUND = 3533, SUM = 6988119.99999999, bChange = 0.00147579, totNum = 20
ROUND = 3534, SUM = 6988119.99999999, bChange = 0.00147595, totNum = 20
ROUND = 3535, SUM = 6988119.99999997, bChange = 0.0014761, totNum = 20
ROUND = 3536, SUM = 6988120, bChange = 0.00147626, totNum = 20
ROUND = 3537, SUM = 6988119.99999997, bChange = 0.00147641, totNum = 20
ROUND = 3538, SUM = 6988119.99999999, bChange = 0.00147657, totNum = 20
ROUND = 3539, SUM = 6988119.99999998, bChange = 0.00147672, totNum = 20
ROUND = 3540, SUM = 6988120.00000001, bChange = 0.00147688, totNum = 20
ROUND = 3541, SUM = 6988119.99999999, bChange = 0.00147703, totNum = 20
ROUND = 3542, SUM = 6988120, bChange = 0.00147718, totNum = 20
ROUND = 3543, SUM = 6988120.00000001, bChange = 0.00147734, totNum = 20
ROUND = 3544, SUM = 6988119.99999998, bChange = 0.00147749, totNum = 20
ROUND = 3545, SUM = 6988120, bChange = 0.00147765, totNum = 20
ROUND = 3546, SUM = 6988120.00000001, bChange = 0.0014778, totNum = 20
ROUND = 3547, SUM = 6988119.99999999, bChange = 0.00147795, totNum = 20
ROUND = 3548, SUM = 6988120.00000001, bChange = 0.0014781, totNum = 20
ROUND = 3549, SUM = 6988119.99999999, bChange = 0.00147826, totNum = 20
ROUND = 3550, SUM = 6988120, bChange = 0.00147841, totNum = 20
ROUND = 3551, SUM = 6988120, bChange = 0.00147856, totNum = 20
ROUND = 3552, SUM = 6988119.99999999, bChange = 0.00147871, totNum = 20
ROUND = 3553, SUM = 6988120, bChange = 0.00147886, totNum = 20
ROUND = 3554, SUM = 6988119.99999999, bChange = 0.00147902, totNum = 20
ROUND = 3555, SUM = 6988119.99999999, bChange = 0.00147917, totNum = 20
ROUND = 3556, SUM = 6988119.99999998, bChange = 0.00147932, totNum = 20
ROUND = 3557, SUM = 6988120.00000001, bChange = 0.00147947, totNum = 20
ROUND = 3558, SUM = 6988120.00000001, bChange = 0.00147962, totNum = 20
ROUND = 3559, SUM = 6988119.99999999, bChange = 0.00147977, totNum = 20
ROUND = 3560, SUM = 6988120.00000001, bChange = 0.00147992, totNum = 20
ROUND = 3561, SUM = 6988119.99999999, bChange = 0.00148007, totNum = 20
ROUND = 3562, SUM = 6988119.99999999, bChange = 0.00148022, totNum = 20
ROUND = 3563, SUM = 6988120, bChange = 0.00148037, totNum = 20
ROUND = 3564, SUM = 6988120.00000001, bChange = 0.00148052, totNum = 20
ROUND = 3565, SUM = 6988119.99999999, bChange = 0.00148067, totNum = 20
ROUND = 3566, SUM = 6988119.99999998, bChange = 0.00148082, totNum = 20
ROUND = 3567, SUM = 6988119.99999998, bChange = 0.00148097, totNum = 20
ROUND = 3568, SUM = 6988119.99999998, bChange = 0.00148112, totNum = 20
ROUND = 3569, SUM = 6988119.99999999, bChange = 0.00148127, totNum = 20
ROUND = 3570, SUM = 6988119.99999999, bChange = 0.00148141, totNum = 20
ROUND = 3571, SUM = 6988120, bChange = 0.00148156, totNum = 20
ROUND = 3572, SUM = 6988119.99999998, bChange = 0.00148171, totNum = 20
ROUND = 3573, SUM = 6988120, bChange = 0.00148186, totNum = 20
ROUND = 3574, SUM = 6988119.99999998, bChange = 0.00148201, totNum = 20
ROUND = 3575, SUM = 6988119.99999999, bChange = 0.00148215, totNum = 20
ROUND = 3576, SUM = 6988120, bChange = 0.0014823, totNum = 20
ROUND = 3577, SUM = 6988120.00000002, bChange = 0.00148245, totNum = 20
ROUND = 3578, SUM = 6988119.99999999, bChange = 0.00148259, totNum = 20
ROUND = 3579, SUM = 6988119.99999999, bChange = 0.00148274, totNum = 20
ROUND = 3580, SUM = 6988119.99999998, bChange = 0.00148289, totNum = 20
ROUND = 3581, SUM = 6988120, bChange = 0.00148303, totNum = 20
ROUND = 3582, SUM = 6988119.99999999, bChange = 0.00148318, totNum = 20
ROUND = 3583, SUM = 6988119.99999998, bChange = 0.00148333, totNum = 19
ROUND = 3584, SUM = 6988120, bChange = 0.00148347, totNum = 19
ROUND = 3585, SUM = 6988120, bChange = 0.00148362, totNum = 19
ROUND = 3586, SUM = 6988120, bChange = 0.00148376, totNum = 19
ROUND = 3587, SUM = 6988120, bChange = 0.00148391, totNum = 19
ROUND = 3588, SUM = 6988119.99999999, bChange = 0.00148405, totNum = 19
ROUND = 3589, SUM = 6988120, bChange = 0.0014842, totNum = 19
ROUND = 3590, SUM = 6988119.99999999, bChange = 0.00148434, totNum = 19
ROUND = 3591, SUM = 6988119.99999998, bChange = 0.00148449, totNum = 19
ROUND = 3592, SUM = 6988120, bChange = 0.00148463, totNum = 19
ROUND = 3593, SUM = 6988119.99999998, bChange = 0.00148477, totNum = 19
ROUND = 3594, SUM = 6988120, bChange = 0.00148492, totNum = 19
ROUND = 3595, SUM = 6988120, bChange = 0.00148506, totNum = 19
ROUND = 3596, SUM = 6988119.99999999, bChange = 0.00139578, totNum = 18
ROUND = 3597, SUM = 6988120, bChange = 0.00139578, totNum = 18
ROUND = 3598, SUM = 6988120.00000001, bChange = 0.00139577, totNum = 17
ROUND = 3599, SUM = 6988120, bChange = 0.00139577, totNum = 17
ROUND = 3600, SUM = 6988119.99999998, bChange = 0.00139577, totNum = 17
ROUND = 3601, SUM = 6988120, bChange = 0.00139576, totNum = 17
ROUND = 3602, SUM = 6988119.99999999, bChange = 0.00139576, totNum = 17
ROUND = 3603, SUM = 6988119.99999999, bChange = 0.00139576, totNum = 17
ROUND = 3604, SUM = 6988120.00000001, bChange = 0.00139575, totNum = 17
ROUND = 3605, SUM = 6988119.99999999, bChange = 0.00139575, totNum = 17
ROUND = 3606, SUM = 6988120.00000001, bChange = 0.00139574, totNum = 17
ROUND = 3607, SUM = 6988120.00000002, bChange = 0.00139574, totNum = 17
ROUND = 3608, SUM = 6988120.00000001, bChange = 0.00139574, totNum = 17
ROUND = 3609, SUM = 6988120.00000002, bChange = 0.00139573, totNum = 17
ROUND = 3610, SUM = 6988120.00000001, bChange = 0.00139573, totNum = 17
ROUND = 3611, SUM = 6988119.99999999, bChange = 0.00139573, totNum = 17
ROUND = 3612, SUM = 6988120, bChange = 0.00139572, totNum = 17
ROUND = 3613, SUM = 6988120, bChange = 0.00139572, totNum = 17
ROUND = 3614, SUM = 6988120.00000001, bChange = 0.00139572, totNum = 17
ROUND = 3615, SUM = 6988120, bChange = 0.00139571, totNum = 17
ROUND = 3616, SUM = 6988120, bChange = 0.00139571, totNum = 17
ROUND = 3617, SUM = 6988119.99999998, bChange = 0.0013957, totNum = 17
ROUND = 3618, SUM = 6988120.00000001, bChange = 0.0013957, totNum = 17
ROUND = 3619, SUM = 6988119.99999999, bChange = 0.0013957, totNum = 17
ROUND = 3620, SUM = 6988119.99999999, bChange = 0.00139569, totNum = 17
ROUND = 3621, SUM = 6988120.00000001, bChange = 0.00139569, totNum = 17
ROUND = 3622, SUM = 6988119.99999998, bChange = 0.00139569, totNum = 17
ROUND = 3623, SUM = 6988119.99999999, bChange = 0.00139568, totNum = 17
ROUND = 3624, SUM = 6988119.99999999, bChange = 0.00139568, totNum = 17
ROUND = 3625, SUM = 6988120.00000001, bChange = 0.00139568, totNum = 17
ROUND = 3626, SUM = 6988119.99999999, bChange = 0.00139567, totNum = 17
ROUND = 3627, SUM = 6988119.99999998, bChange = 0.00139567, totNum = 17
ROUND = 3628, SUM = 6988119.99999998, bChange = 0.00139566, totNum = 17
ROUND = 3629, SUM = 6988119.99999998, bChange = 0.00139566, totNum = 17
ROUND = 3630, SUM = 6988119.99999998, bChange = 0.00139566, totNum = 17
ROUND = 3631, SUM = 6988119.99999998, bChange = 0.00139565, totNum = 17
ROUND = 3632, SUM = 6988119.99999998, bChange = 0.00139565, totNum = 17
ROUND = 3633, SUM = 6988119.99999999, bChange = 0.00139565, totNum = 17
ROUND = 3634, SUM = 6988120, bChange = 0.00139564, totNum = 17
ROUND = 3635, SUM = 6988119.99999999, bChange = 0.00139564, totNum = 17
ROUND = 3636, SUM = 6988120.00000003, bChange = 0.00139564, totNum = 17
ROUND = 3637, SUM = 6988120, bChange = 0.00139563, totNum = 17
ROUND = 3638, SUM = 6988119.99999999, bChange = 0.00139563, totNum = 17
ROUND = 3639, SUM = 6988119.99999999, bChange = 0.00139563, totNum = 17
ROUND = 3640, SUM = 6988119.99999999, bChange = 0.00139562, totNum = 17
ROUND = 3641, SUM = 6988120, bChange = 0.00139562, totNum = 17
ROUND = 3642, SUM = 6988119.99999997, bChange = 0.00139561, totNum = 17
ROUND = 3643, SUM = 6988119.99999999, bChange = 0.00139561, totNum = 17
ROUND = 3644, SUM = 6988119.99999999, bChange = 0.00139561, totNum = 17
ROUND = 3645, SUM = 6988120, bChange = 0.0013956, totNum = 17
ROUND = 3646, SUM = 6988119.99999999, bChange = 0.0013956, totNum = 17
ROUND = 3647, SUM = 6988119.99999999, bChange = 0.0013956, totNum = 17
ROUND = 3648, SUM = 6988120, bChange = 0.00139559, totNum = 17
ROUND = 3649, SUM = 6988119.99999997, bChange = 0.00139559, totNum = 17
ROUND = 3650, SUM = 6988120, bChange = 0.00139559, totNum = 17
ROUND = 3651, SUM = 6988119.99999999, bChange = 0.00139558, totNum = 17
ROUND = 3652, SUM = 6988119.99999998, bChange = 0.00139558, totNum = 17
ROUND = 3653, SUM = 6988119.99999998, bChange = 0.00139558, totNum = 17
ROUND = 3654, SUM = 6988119.99999999, bChange = 0.00139557, totNum = 17
ROUND = 3655, SUM = 6988120, bChange = 0.00139557, totNum = 17
ROUND = 3656, SUM = 6988119.99999999, bChange = 0.00139557, totNum = 17
ROUND = 3657, SUM = 6988119.99999997, bChange = 0.00139556, totNum = 17
ROUND = 3658, SUM = 6988119.99999999, bChange = 0.00139556, totNum = 17
ROUND = 3659, SUM = 6988119.99999998, bChange = 0.00139556, totNum = 17
ROUND = 3660, SUM = 6988120, bChange = 0.00139555, totNum = 17
ROUND = 3661, SUM = 6988119.99999998, bChange = 0.00139555, totNum = 17
ROUND = 3662, SUM = 6988120.00000002, bChange = 0.00139555, totNum = 17
ROUND = 3663, SUM = 6988120, bChange = 0.00139554, totNum = 17
ROUND = 3664, SUM = 6988120, bChange = 0.00139554, totNum = 17
ROUND = 3665, SUM = 6988119.99999999, bChange = 0.00139553, totNum = 17
ROUND = 3666, SUM = 6988120, bChange = 0.00139553, totNum = 17
ROUND = 3667, SUM = 6988120.00000001, bChange = 0.00139553, totNum = 17
ROUND = 3668, SUM = 6988120.00000001, bChange = 0.00139552, totNum = 17
ROUND = 3669, SUM = 6988120.00000001, bChange = 0.00139552, totNum = 17
ROUND = 3670, SUM = 6988120, bChange = 0.00139552, totNum = 17
ROUND = 3671, SUM = 6988120.00000001, bChange = 0.00139551, totNum = 17
ROUND = 3672, SUM = 6988120.00000001, bChange = 0.00139551, totNum = 17
ROUND = 3673, SUM = 6988120, bChange = 0.00139551, totNum = 17
ROUND = 3674, SUM = 6988120, bChange = 0.0013955, totNum = 17
ROUND = 3675, SUM = 6988119.99999999, bChange = 0.0013955, totNum = 17
ROUND = 3676, SUM = 6988120.00000001, bChange = 0.0013955, totNum = 17
ROUND = 3677, SUM = 6988120.00000001, bChange = 0.00139549, totNum = 17
ROUND = 3678, SUM = 6988119.99999999, bChange = 0.00139549, totNum = 17
ROUND = 3679, SUM = 6988120, bChange = 0.00139549, totNum = 17
ROUND = 3680, SUM = 6988120.00000001, bChange = 0.00139548, totNum = 17
ROUND = 3681, SUM = 6988120.00000001, bChange = 0.00139548, totNum = 17
ROUND = 3682, SUM = 6988120, bChange = 0.00139548, totNum = 17
ROUND = 3683, SUM = 6988119.99999999, bChange = 0.00139547, totNum = 17
ROUND = 3684, SUM = 6988119.99999999, bChange = 0.00139547, totNum = 17
ROUND = 3685, SUM = 6988120.00000001, bChange = 0.00139547, totNum = 17
ROUND = 3686, SUM = 6988119.99999999, bChange = 0.00139546, totNum = 17
ROUND = 3687, SUM = 6988120, bChange = 0.00139546, totNum = 17
ROUND = 3688, SUM = 6988120, bChange = 0.00139546, totNum = 17
ROUND = 3689, SUM = 6988120, bChange = 0.00139545, totNum = 17
ROUND = 3690, SUM = 6988120, bChange = 0.00139545, totNum = 17
ROUND = 3691, SUM = 6988119.99999999, bChange = 0.00139545, totNum = 17
ROUND = 3692, SUM = 6988119.99999999, bChange = 0.00139544, totNum = 17
ROUND = 3693, SUM = 6988119.99999999, bChange = 0.00139544, totNum = 17
ROUND = 3694, SUM = 6988119.99999999, bChange = 0.00139544, totNum = 17
ROUND = 3695, SUM = 6988120, bChange = 0.00139543, totNum = 17
ROUND = 3696, SUM = 6988120, bChange = 0.00139543, totNum = 17
ROUND = 3697, SUM = 6988119.99999997, bChange = 0.00139543, totNum = 17
ROUND = 3698, SUM = 6988119.99999998, bChange = 0.00139542, totNum = 17
ROUND = 3699, SUM = 6988119.99999999, bChange = 0.00139542, totNum = 17
ROUND = 3700, SUM = 6988119.99999999, bChange = 0.00139542, totNum = 17
ROUND = 3701, SUM = 6988119.99999997, bChange = 0.00139542, totNum = 17
ROUND = 3702, SUM = 6988119.99999998, bChange = 0.00139541, totNum = 17
ROUND = 3703, SUM = 6988119.99999999, bChange = 0.00139541, totNum = 17
ROUND = 3704, SUM = 6988120, bChange = 0.00139541, totNum = 17
ROUND = 3705, SUM = 6988120, bChange = 0.0013954, totNum = 17
ROUND = 3706, SUM = 6988119.99999998, bChange = 0.0013954, totNum = 17
ROUND = 3707, SUM = 6988119.99999999, bChange = 0.0013954, totNum = 16
ROUND = 3708, SUM = 6988120, bChange = 0.00139539, totNum = 16
ROUND = 3709, SUM = 6988119.99999999, bChange = 0.00139539, totNum = 16
ROUND = 3710, SUM = 6988120, bChange = 0.00139539, totNum = 16
ROUND = 3711, SUM = 6988119.99999998, bChange = 0.00139538, totNum = 16
ROUND = 3712, SUM = 6988119.99999998, bChange = 0.00139538, totNum = 16
ROUND = 3713, SUM = 6988120, bChange = 0.00139538, totNum = 16
ROUND = 3714, SUM = 6988119.99999999, bChange = 0.00139537, totNum = 16
ROUND = 3715, SUM = 6988119.99999999, bChange = 0.00139537, totNum = 16
ROUND = 3716, SUM = 6988119.99999997, bChange = 0.00139537, totNum = 16
ROUND = 3717, SUM = 6988119.99999998, bChange = 0.00139536, totNum = 16
ROUND = 3718, SUM = 6988119.99999998, bChange = 0.00139536, totNum = 16
ROUND = 3719, SUM = 6988120, bChange = 0.00139536, totNum = 16
ROUND = 3720, SUM = 6988119.99999999, bChange = 0.00139535, totNum = 16
ROUND = 3721, SUM = 6988119.99999998, bChange = 0.00139535, totNum = 16
ROUND = 3722, SUM = 6988119.99999999, bChange = 0.00139535, totNum = 16
ROUND = 3723, SUM = 6988119.99999999, bChange = 0.00139534, totNum = 16
ROUND = 3724, SUM = 6988120, bChange = 0.00139534, totNum = 16
ROUND = 3725, SUM = 6988120, bChange = 0.00139534, totNum = 16
ROUND = 3726, SUM = 6988119.99999999, bChange = 0.00139534, totNum = 16
ROUND = 3727, SUM = 6988119.99999997, bChange = 0.00139533, totNum = 16
ROUND = 3728, SUM = 6988119.99999999, bChange = 0.00139533, totNum = 16
ROUND = 3729, SUM = 6988119.99999998, bChange = 0.00139533, totNum = 16
ROUND = 3730, SUM = 6988119.99999999, bChange = 0.00139532, totNum = 16
ROUND = 3731, SUM = 6988120, bChange = 0.00139532, totNum = 16
ROUND = 3732, SUM = 6988120, bChange = 0.00139532, totNum = 16
ROUND = 3733, SUM = 6988119.99999999, bChange = 0.00139531, totNum = 16
ROUND = 3734, SUM = 6988120, bChange = 0.00139531, totNum = 16
ROUND = 3735, SUM = 6988119.99999998, bChange = 0.00139531, totNum = 16
ROUND = 3736, SUM = 6988119.99999999, bChange = 0.0013953, totNum = 16
ROUND = 3737, SUM = 6988119.99999996, bChange = 0.0013953, totNum = 16
ROUND = 3738, SUM = 6988119.99999999, bChange = 0.0013953, totNum = 16
ROUND = 3739, SUM = 6988119.99999998, bChange = 0.0013953, totNum = 16
ROUND = 3740, SUM = 6988120.00000002, bChange = 0.00139529, totNum = 16
ROUND = 3741, SUM = 6988120, bChange = 0.00139529, totNum = 16
ROUND = 3742, SUM = 6988120, bChange = 0.00139529, totNum = 16
ROUND = 3743, SUM = 6988119.99999999, bChange = 0.00139528, totNum = 16
ROUND = 3744, SUM = 6988119.99999998, bChange = 0.00139528, totNum = 16
ROUND = 3745, SUM = 6988119.99999998, bChange = 0.00139528, totNum = 16
ROUND = 3746, SUM = 6988120.00000001, bChange = 0.00139527, totNum = 16
ROUND = 3747, SUM = 6988119.99999997, bChange = 0.00139527, totNum = 16
ROUND = 3748, SUM = 6988119.99999999, bChange = 0.00139527, totNum = 16
ROUND = 3749, SUM = 6988120, bChange = 0.00139526, totNum = 16
ROUND = 3750, SUM = 6988120, bChange = 0.00139526, totNum = 16
ROUND = 3751, SUM = 6988120.00000001, bChange = 0.00139526, totNum = 16
ROUND = 3752, SUM = 6988119.99999998, bChange = 0.00139526, totNum = 16
ROUND = 3753, SUM = 6988120.00000001, bChange = 0.00139525, totNum = 16
ROUND = 3754, SUM = 6988120.00000002, bChange = 0.00139525, totNum = 16
ROUND = 3755, SUM = 6988120, bChange = 0.00139525, totNum = 16
ROUND = 3756, SUM = 6988120.00000001, bChange = 0.00139524, totNum = 16
ROUND = 3757, SUM = 6988120.00000001, bChange = 0.00139524, totNum = 16
ROUND = 3758, SUM = 6988119.99999998, bChange = 0.00139524, totNum = 16
ROUND = 3759, SUM = 6988120.00000001, bChange = 0.00139523, totNum = 16
ROUND = 3760, SUM = 6988120, bChange = 0.00139523, totNum = 16
ROUND = 3761, SUM = 6988120, bChange = 0.00139523, totNum = 16
ROUND = 3762, SUM = 6988119.99999999, bChange = 0.00139523, totNum = 16
ROUND = 3763, SUM = 6988120, bChange = 0.00139522, totNum = 16
ROUND = 3764, SUM = 6988119.99999999, bChange = 0.00139522, totNum = 16
ROUND = 3765, SUM = 6988120, bChange = 0.00139522, totNum = 16
ROUND = 3766, SUM = 6988120.00000001, bChange = 0.00139521, totNum = 16
ROUND = 3767, SUM = 6988120.00000001, bChange = 0.00139521, totNum = 16
ROUND = 3768, SUM = 6988119.99999999, bChange = 0.00139521, totNum = 16
ROUND = 3769, SUM = 6988120, bChange = 0.0013952, totNum = 16
ROUND = 3770, SUM = 6988120, bChange = 0.0013952, totNum = 16
ROUND = 3771, SUM = 6988119.99999999, bChange = 0.0013952, totNum = 16
ROUND = 3772, SUM = 6988119.99999999, bChange = 0.0013952, totNum = 16
ROUND = 3773, SUM = 6988119.99999999, bChange = 0.00139519, totNum = 16
ROUND = 3774, SUM = 6988120.00000001, bChange = 0.00139519, totNum = 16
ROUND = 3775, SUM = 6988119.99999999, bChange = 0.00139519, totNum = 16
ROUND = 3776, SUM = 6988120.00000001, bChange = 0.00139518, totNum = 16
ROUND = 3777, SUM = 6988119.99999999, bChange = 0.00139518, totNum = 16
ROUND = 3778, SUM = 6988119.99999999, bChange = 0.00139518, totNum = 16
ROUND = 3779, SUM = 6988119.99999999, bChange = 0.00139518, totNum = 16
ROUND = 3780, SUM = 6988119.99999999, bChange = 0.00139517, totNum = 16
ROUND = 3781, SUM = 6988119.99999999, bChange = 0.00139517, totNum = 16
ROUND = 3782, SUM = 6988119.99999999, bChange = 0.00139517, totNum = 16
ROUND = 3783, SUM = 6988119.99999999, bChange = 0.00139516, totNum = 16
ROUND = 3784, SUM = 6988119.99999999, bChange = 0.00139516, totNum = 16
ROUND = 3785, SUM = 6988119.99999998, bChange = 0.00139516, totNum = 16
ROUND = 3786, SUM = 6988120, bChange = 0.00139516, totNum = 16
ROUND = 3787, SUM = 6988120, bChange = 0.00139515, totNum = 16
ROUND = 3788, SUM = 6988119.99999999, bChange = 0.00139515, totNum = 16
ROUND = 3789, SUM = 6988119.99999999, bChange = 0.00139515, totNum = 16
ROUND = 3790, SUM = 6988120, bChange = 0.00139514, totNum = 16
ROUND = 3791, SUM = 6988119.99999997, bChange = 0.00139514, totNum = 16
ROUND = 3792, SUM = 6988119.99999999, bChange = 0.00139514, totNum = 16
ROUND = 3793, SUM = 6988120.00000001, bChange = 0.00139514, totNum = 16
ROUND = 3794, SUM = 6988120, bChange = 0.00139513, totNum = 16
ROUND = 3795, SUM = 6988120.00000001, bChange = 0.00139513, totNum = 16
ROUND = 3796, SUM = 6988119.99999998, bChange = 0.00139513, totNum = 16
ROUND = 3797, SUM = 6988120.00000002, bChange = 0.00139512, totNum = 16
ROUND = 3798, SUM = 6988120.00000002, bChange = 0.00139512, totNum = 16
ROUND = 3799, SUM = 6988120.00000001, bChange = 0.00139512, totNum = 16
ROUND = 3800, SUM = 6988120.00000001, bChange = 0.00139512, totNum = 16
ROUND = 3801, SUM = 6988120.00000001, bChange = 0.00139511, totNum = 16
ROUND = 3802, SUM = 6988120.00000002, bChange = 0.00139511, totNum = 16
ROUND = 3803, SUM = 6988120, bChange = 0.00139511, totNum = 16
ROUND = 3804, SUM = 6988119.99999999, bChange = 0.0013951, totNum = 16
ROUND = 3805, SUM = 6988119.99999998, bChange = 0.0013951, totNum = 16
ROUND = 3806, SUM = 6988120, bChange = 0.0013951, totNum = 16
ROUND = 3807, SUM = 6988119.99999997, bChange = 0.0013951, totNum = 16
ROUND = 3808, SUM = 6988119.99999999, bChange = 0.00139509, totNum = 16
ROUND = 3809, SUM = 6988119.99999998, bChange = 0.00139509, totNum = 16
ROUND = 3810, SUM = 6988119.99999999, bChange = 0.00139509, totNum = 16
ROUND = 3811, SUM = 6988120, bChange = 0.00139508, totNum = 16
ROUND = 3812, SUM = 6988119.99999998, bChange = 0.00139508, totNum = 16
ROUND = 3813, SUM = 6988119.99999997, bChange = 0.00139508, totNum = 16
ROUND = 3814, SUM = 6988120, bChange = 0.00139508, totNum = 16
ROUND = 3815, SUM = 6988119.99999999, bChange = 0.00139507, totNum = 16
ROUND = 3816, SUM = 6988119.99999998, bChange = 0.00139507, totNum = 16
ROUND = 3817, SUM = 6988120, bChange = 0.00139507, totNum = 16
ROUND = 3818, SUM = 6988120, bChange = 0.00139507, totNum = 16
ROUND = 3819, SUM = 6988119.99999999, bChange = 0.00139506, totNum = 16
ROUND = 3820, SUM = 6988120, bChange = 0.00139506, totNum = 16
ROUND = 3821, SUM = 6988119.99999998, bChange = 0.00139506, totNum = 16
ROUND = 3822, SUM = 6988119.99999998, bChange = 0.00139505, totNum = 16
ROUND = 3823, SUM = 6988120.00000001, bChange = 0.00139505, totNum = 16
ROUND = 3824, SUM = 6988120.00000001, bChange = 0.00139505, totNum = 16
ROUND = 3825, SUM = 6988119.99999998, bChange = 0.00139505, totNum = 16
ROUND = 3826, SUM = 6988119.99999998, bChange = 0.00139504, totNum = 16
ROUND = 3827, SUM = 6988120, bChange = 0.00139504, totNum = 16
ROUND = 3828, SUM = 6988120.00000003, bChange = 0.00139504, totNum = 16
ROUND = 3829, SUM = 6988119.99999999, bChange = 0.00139504, totNum = 16
ROUND = 3830, SUM = 6988119.99999999, bChange = 0.00139503, totNum = 16
ROUND = 3831, SUM = 6988120.00000001, bChange = 0.00139503, totNum = 16
ROUND = 3832, SUM = 6988120.00000001, bChange = 0.00139503, totNum = 16
ROUND = 3833, SUM = 6988119.99999998, bChange = 0.00139502, totNum = 16
ROUND = 3834, SUM = 6988120, bChange = 0.00139502, totNum = 16
ROUND = 3835, SUM = 6988120.00000001, bChange = 0.00139502, totNum = 16
ROUND = 3836, SUM = 6988120.00000001, bChange = 0.00139502, totNum = 16
ROUND = 3837, SUM = 6988120, bChange = 0.00139501, totNum = 16
ROUND = 3838, SUM = 6988120.00000001, bChange = 0.00139501, totNum = 16
ROUND = 3839, SUM = 6988120.00000002, bChange = 0.00139501, totNum = 16
ROUND = 3840, SUM = 6988120.00000004, bChange = 0.00139501, totNum = 16
ROUND = 3841, SUM = 6988120.00000001, bChange = 0.001395, totNum = 16
ROUND = 3842, SUM = 6988120.00000003, bChange = 0.001395, totNum = 16
ROUND = 3843, SUM = 6988120.00000002, bChange = 0.001395, totNum = 16
ROUND = 3844, SUM = 6988120.00000001, bChange = 0.00139499, totNum = 16
ROUND = 3845, SUM = 6988120, bChange = 0.00139499, totNum = 16
ROUND = 3846, SUM = 6988119.99999999, bChange = 0.00139499, totNum = 16
ROUND = 3847, SUM = 6988120, bChange = 0.00139499, totNum = 14
ROUND = 3848, SUM = 6988120.00000003, bChange = 0.00139498, totNum = 14
ROUND = 3849, SUM = 6988120.00000001, bChange = 0.00139498, totNum = 14
ROUND = 3850, SUM = 6988120, bChange = 0.00139498, totNum = 14
ROUND = 3851, SUM = 6988119.99999999, bChange = 0.00139498, totNum = 14
ROUND = 3852, SUM = 6988119.99999999, bChange = 0.00139497, totNum = 14
ROUND = 3853, SUM = 6988120, bChange = 0.00139497, totNum = 14
ROUND = 3854, SUM = 6988120, bChange = 0.00139497, totNum = 14
ROUND = 3855, SUM = 6988119.99999998, bChange = 0.00139497, totNum = 14
ROUND = 3856, SUM = 6988120, bChange = 0.00139496, totNum = 14
ROUND = 3857, SUM = 6988119.99999998, bChange = 0.00139496, totNum = 14
ROUND = 3858, SUM = 6988120, bChange = 0.00139496, totNum = 14
ROUND = 3859, SUM = 6988120, bChange = 0.00139496, totNum = 14
ROUND = 3860, SUM = 6988119.99999999, bChange = 0.00139495, totNum = 14
ROUND = 3861, SUM = 6988119.99999999, bChange = 0.00139495, totNum = 14
ROUND = 3862, SUM = 6988120, bChange = 0.00139495, totNum = 14
ROUND = 3863, SUM = 6988120, bChange = 0.00139494, totNum = 14
ROUND = 3864, SUM = 6988120.00000001, bChange = 0.00139494, totNum = 14
ROUND = 3865, SUM = 6988119.99999999, bChange = 0.00139494, totNum = 14
ROUND = 3866, SUM = 6988120.00000001, bChange = 0.00139494, totNum = 14
ROUND = 3867, SUM = 6988119.99999998, bChange = 0.00139493, totNum = 14
ROUND = 3868, SUM = 6988120, bChange = 0.00139493, totNum = 14
ROUND = 3869, SUM = 6988120.00000001, bChange = 0.00139493, totNum = 14
ROUND = 3870, SUM = 6988119.99999998, bChange = 0.00139493, totNum = 14
ROUND = 3871, SUM = 6988120.00000001, bChange = 0.00139492, totNum = 14
ROUND = 3872, SUM = 6988119.99999999, bChange = 0.00139492, totNum = 14
ROUND = 3873, SUM = 6988119.99999998, bChange = 0.00139492, totNum = 14
ROUND = 3874, SUM = 6988119.99999999, bChange = 0.00139492, totNum = 14
ROUND = 3875, SUM = 6988119.99999999, bChange = 0.00139491, totNum = 14
ROUND = 3876, SUM = 6988120.00000001, bChange = 0.00139491, totNum = 14
ROUND = 3877, SUM = 6988119.99999998, bChange = 0.00139491, totNum = 14
ROUND = 3878, SUM = 6988119.99999998, bChange = 0.00139491, totNum = 14
ROUND = 3879, SUM = 6988119.99999997, bChange = 0.0013949, totNum = 14
ROUND = 3880, SUM = 6988119.99999997, bChange = 0.0013949, totNum = 14
ROUND = 3881, SUM = 6988119.99999999, bChange = 0.0013949, totNum = 13
ROUND = 3882, SUM = 6988119.99999999, bChange = 0.0013949, totNum = 13
ROUND = 3883, SUM = 6988119.99999998, bChange = 0.00139489, totNum = 12
ROUND = 3884, SUM = 6988119.99999998, bChange = 0.00139489, totNum = 12
ROUND = 3885, SUM = 6988119.99999999, bChange = 0.00139489, totNum = 12
ROUND = 3886, SUM = 6988120.00000001, bChange = 0.00139489, totNum = 11
ROUND = 3887, SUM = 6988119.99999999, bChange = 0.00139488, totNum = 11
ROUND = 3888, SUM = 6988119.99999999, bChange = 0.00139488, totNum = 11
ROUND = 3889, SUM = 6988120.00000002, bChange = 0.00139488, totNum = 11
ROUND = 3890, SUM = 6988120, bChange = 0.00139488, totNum = 11
ROUND = 3891, SUM = 6988120, bChange = 0.00139487, totNum = 11
ROUND = 3892, SUM = 6988119.99999999, bChange = 0.00139487, totNum = 11
ROUND = 3893, SUM = 6988120.00000002, bChange = 0.00139487, totNum = 11
ROUND = 3894, SUM = 6988120, bChange = 0.00139487, totNum = 11
ROUND = 3895, SUM = 6988120, bChange = 0.00139486, totNum = 11
ROUND = 3896, SUM = 6988119.99999998, bChange = 0.00139486, totNum = 11
ROUND = 3897, SUM = 6988120, bChange = 0.00139486, totNum = 11
ROUND = 3898, SUM = 6988119.99999999, bChange = 0.00139486, totNum = 11
ROUND = 3899, SUM = 6988119.99999998, bChange = 0.00139485, totNum = 11
ROUND = 3900, SUM = 6988120, bChange = 0.00139485, totNum = 11
ROUND = 3901, SUM = 6988119.99999999, bChange = 0.00139485, totNum = 11
ROUND = 3902, SUM = 6988119.99999999, bChange = 0.00139485, totNum = 11
ROUND = 3903, SUM = 6988120, bChange = 0.00139484, totNum = 11
ROUND = 3904, SUM = 6988120, bChange = 0.00139484, totNum = 11
ROUND = 3905, SUM = 6988120.00000001, bChange = 0.00139484, totNum = 11
ROUND = 3906, SUM = 6988119.99999998, bChange = 0.00139484, totNum = 11
ROUND = 3907, SUM = 6988119.99999999, bChange = 0.00139483, totNum = 11
ROUND = 3908, SUM = 6988119.99999998, bChange = 0.00139483, totNum = 11
ROUND = 3909, SUM = 6988120.00000001, bChange = 0.00139483, totNum = 11
ROUND = 3910, SUM = 6988120.00000001, bChange = 0.00139483, totNum = 11
ROUND = 3911, SUM = 6988120, bChange = 0.00139482, totNum = 11
ROUND = 3912, SUM = 6988120.00000001, bChange = 0.00139482, totNum = 11
ROUND = 3913, SUM = 6988120, bChange = 0.00139482, totNum = 11
ROUND = 3914, SUM = 6988120, bChange = 0.00139482, totNum = 11
ROUND = 3915, SUM = 6988120.00000001, bChange = 0.00139482, totNum = 11
ROUND = 3916, SUM = 6988120, bChange = 0.00139481, totNum = 11
ROUND = 3917, SUM = 6988120.00000001, bChange = 0.00139481, totNum = 11
ROUND = 3918, SUM = 6988120, bChange = 0.00139481, totNum = 11
ROUND = 3919, SUM = 6988119.99999999, bChange = 0.00139481, totNum = 11
ROUND = 3920, SUM = 6988120, bChange = 0.0013948, totNum = 11
ROUND = 3921, SUM = 6988120.00000001, bChange = 0.0013948, totNum = 11
ROUND = 3922, SUM = 6988119.99999998, bChange = 0.0013948, totNum = 11
ROUND = 3923, SUM = 6988119.99999998, bChange = 0.0013948, totNum = 11
ROUND = 3924, SUM = 6988120.00000001, bChange = 0.00139479, totNum = 11
ROUND = 3925, SUM = 6988120.00000003, bChange = 0.00139479, totNum = 11
ROUND = 3926, SUM = 6988120.00000003, bChange = 0.00139479, totNum = 11
ROUND = 3927, SUM = 6988120, bChange = 0.00139479, totNum = 11
ROUND = 3928, SUM = 6988120.00000002, bChange = 0.00139478, totNum = 11
ROUND = 3929, SUM = 6988120.00000002, bChange = 0.00139478, totNum = 11
ROUND = 3930, SUM = 6988120.00000002, bChange = 0.00139478, totNum = 11
ROUND = 3931, SUM = 6988120.00000001, bChange = 0.00139478, totNum = 11
ROUND = 3932, SUM = 6988120.00000001, bChange = 0.00139477, totNum = 11
ROUND = 3933, SUM = 6988120, bChange = 0.00139477, totNum = 11
ROUND = 3934, SUM = 6988119.99999999, bChange = 0.00139477, totNum = 11
ROUND = 3935, SUM = 6988120, bChange = 0.00139477, totNum = 11
ROUND = 3936, SUM = 6988119.99999998, bChange = 0.00139477, totNum = 11
ROUND = 3937, SUM = 6988120.00000001, bChange = 0.00139476, totNum = 11
ROUND = 3938, SUM = 6988119.99999999, bChange = 0.00139476, totNum = 11
ROUND = 3939, SUM = 6988120.00000001, bChange = 0.00139476, totNum = 11
ROUND = 3940, SUM = 6988119.99999999, bChange = 0.00139476, totNum = 11
ROUND = 3941, SUM = 6988120.00000001, bChange = 0.00139475, totNum = 11
ROUND = 3942, SUM = 6988120, bChange = 0.00139475, totNum = 11
ROUND = 3943, SUM = 6988120, bChange = 0.00139475, totNum = 10
ROUND = 3944, SUM = 6988119.99999999, bChange = 0.00139475, totNum = 10
ROUND = 3945, SUM = 6988120.00000001, bChange = 0.00139474, totNum = 10
ROUND = 3946, SUM = 6988120, bChange = 0.00139474, totNum = 10
ROUND = 3947, SUM = 6988119.99999999, bChange = 0.00139474, totNum = 10
ROUND = 3948, SUM = 6988119.99999999, bChange = 0.00139474, totNum = 10
ROUND = 3949, SUM = 6988120, bChange = 0.00139474, totNum = 10
ROUND = 3950, SUM = 6988119.99999999, bChange = 0.00139473, totNum = 10
ROUND = 3951, SUM = 6988120, bChange = 0.00139473, totNum = 10
ROUND = 3952, SUM = 6988120.00000001, bChange = 0.00139473, totNum = 9
ROUND = 3953, SUM = 6988120, bChange = 0.00139473, totNum = 9
ROUND = 3954, SUM = 6988119.99999999, bChange = 0.00139472, totNum = 9
ROUND = 3955, SUM = 6988119.99999999, bChange = 0.00139472, totNum = 9
ROUND = 3956, SUM = 6988120.00000001, bChange = 0.00139472, totNum = 9
ROUND = 3957, SUM = 6988120, bChange = 0.00139472, totNum = 9
ROUND = 3958, SUM = 6988120.00000002, bChange = 0.00139471, totNum = 9
ROUND = 3959, SUM = 6988119.99999999, bChange = 0.00139471, totNum = 9
ROUND = 3960, SUM = 6988120, bChange = 0.00139471, totNum = 9
ROUND = 3961, SUM = 6988119.99999999, bChange = 0.00139471, totNum = 9
ROUND = 3962, SUM = 6988119.99999999, bChange = 0.00139471, totNum = 9
ROUND = 3963, SUM = 6988119.99999999, bChange = 0.0013947, totNum = 9
ROUND = 3964, SUM = 6988119.99999999, bChange = 0.0013947, totNum = 9
ROUND = 3965, SUM = 6988119.99999998, bChange = 0.0013947, totNum = 9
ROUND = 3966, SUM = 6988120, bChange = 0.0013947, totNum = 9
ROUND = 3967, SUM = 6988120, bChange = 0.00139469, totNum = 9
ROUND = 3968, SUM = 6988120.00000002, bChange = 0.00139469, totNum = 9
ROUND = 3969, SUM = 6988119.99999999, bChange = 0.00139469, totNum = 9
ROUND = 3970, SUM = 6988119.99999999, bChange = 0.00139469, totNum = 9
ROUND = 3971, SUM = 6988120.00000001, bChange = 0.00139469, totNum = 9
ROUND = 3972, SUM = 6988120.00000002, bChange = 0.00139468, totNum = 9
ROUND = 3973, SUM = 6988120, bChange = 0.00139468, totNum = 9
ROUND = 3974, SUM = 6988119.99999999, bChange = 0.00139468, totNum = 9
ROUND = 3975, SUM = 6988120.00000001, bChange = 0.00139468, totNum = 9
ROUND = 3976, SUM = 6988120, bChange = 0.00139467, totNum = 9
ROUND = 3977, SUM = 6988120, bChange = 0.00139467, totNum = 9
ROUND = 3978, SUM = 6988120.00000002, bChange = 0.00139467, totNum = 9
ROUND = 3979, SUM = 6988120, bChange = 0.00139467, totNum = 9
ROUND = 3980, SUM = 6988119.99999999, bChange = 0.00139467, totNum = 9
ROUND = 3981, SUM = 6988119.99999999, bChange = 0.00139466, totNum = 9
ROUND = 3982, SUM = 6988120.00000001, bChange = 0.00139466, totNum = 9
ROUND = 3983, SUM = 6988120, bChange = 0.00139466, totNum = 9
ROUND = 3984, SUM = 6988120.00000001, bChange = 0.00139466, totNum = 9
ROUND = 3985, SUM = 6988119.99999999, bChange = 0.00139465, totNum = 9
ROUND = 3986, SUM = 6988119.99999999, bChange = 0.00139465, totNum = 9
ROUND = 3987, SUM = 6988120, bChange = 0.00139465, totNum = 9
ROUND = 3988, SUM = 6988120, bChange = 0.00139465, totNum = 9
ROUND = 3989, SUM = 6988120.00000001, bChange = 0.00139465, totNum = 9
ROUND = 3990, SUM = 6988120, bChange = 0.00139464, totNum = 9
ROUND = 3991, SUM = 6988120.00000001, bChange = 0.00139464, totNum = 9
ROUND = 3992, SUM = 6988120, bChange = 0.00139464, totNum = 9
ROUND = 3993, SUM = 6988119.99999999, bChange = 0.00139464, totNum = 9
ROUND = 3994, SUM = 6988119.99999998, bChange = 0.00139464, totNum = 9
ROUND = 3995, SUM = 6988119.99999999, bChange = 0.00139463, totNum = 9
ROUND = 3996, SUM = 6988120.00000002, bChange = 0.00139463, totNum = 9
ROUND = 3997, SUM = 6988120.00000001, bChange = 0.00139463, totNum = 9
ROUND = 3998, SUM = 6988120, bChange = 0.00139463, totNum = 9
ROUND = 3999, SUM = 6988120.00000001, bChange = 0.00139462, totNum = 9
ROUND = 4000, SUM = 6988120.00000001, bChange = 0.00139462, totNum = 9
ROUND = 4001, SUM = 6988120.00000001, bChange = 0.00139462, totNum = 9
ROUND = 4002, SUM = 6988119.99999999, bChange = 0.00139462, totNum = 9
ROUND = 4003, SUM = 6988120, bChange = 0.00139462, totNum = 9
ROUND = 4004, SUM = 6988119.99999999, bChange = 0.00139461, totNum = 9
ROUND = 4005, SUM = 6988120.00000001, bChange = 0.00139461, totNum = 9
ROUND = 4006, SUM = 6988120, bChange = 0.00139461, totNum = 9
ROUND = 4007, SUM = 6988120.00000001, bChange = 0.00139461, totNum = 9
ROUND = 4008, SUM = 6988120, bChange = 0.00139461, totNum = 9
ROUND = 4009, SUM = 6988120, bChange = 0.0013946, totNum = 9
ROUND = 4010, SUM = 6988120.00000003, bChange = 0.0013946, totNum = 9
ROUND = 4011, SUM = 6988120, bChange = 0.0013946, totNum = 9
ROUND = 4012, SUM = 6988120, bChange = 0.0013946, totNum = 9
ROUND = 4013, SUM = 6988120.00000001, bChange = 0.00139459, totNum = 9
ROUND = 4014, SUM = 6988120, bChange = 0.00139459, totNum = 9
ROUND = 4015, SUM = 6988120.00000001, bChange = 0.00139459, totNum = 9
ROUND = 4016, SUM = 6988120.00000001, bChange = 0.00139459, totNum = 9
ROUND = 4017, SUM = 6988120, bChange = 0.00139459, totNum = 9
ROUND = 4018, SUM = 6988119.99999998, bChange = 0.00139458, totNum = 9
ROUND = 4019, SUM = 6988119.99999999, bChange = 0.00139458, totNum = 9
ROUND = 4020, SUM = 6988119.99999998, bChange = 0.00139458, totNum = 9
ROUND = 4021, SUM = 6988120.00000001, bChange = 0.00139458, totNum = 9
ROUND = 4022, SUM = 6988119.99999998, bChange = 0.00139458, totNum = 9
ROUND = 4023, SUM = 6988119.99999999, bChange = 0.00139457, totNum = 9
ROUND = 4024, SUM = 6988119.99999999, bChange = 0.00139457, totNum = 9
ROUND = 4025, SUM = 6988119.99999999, bChange = 0.00139457, totNum = 9
ROUND = 4026, SUM = 6988119.99999997, bChange = 0.00139457, totNum = 8
ROUND = 4027, SUM = 6988119.99999998, bChange = 0.00139457, totNum = 8
ROUND = 4028, SUM = 6988120, bChange = 0.00139456, totNum = 8
ROUND = 4029, SUM = 6988120, bChange = 0.00139456, totNum = 8
ROUND = 4030, SUM = 6988119.99999998, bChange = 0.00139456, totNum = 8
ROUND = 4031, SUM = 6988120.00000001, bChange = 0.00139456, totNum = 8
ROUND = 4032, SUM = 6988119.99999999, bChange = 0.00139456, totNum = 8
ROUND = 4033, SUM = 6988120.00000001, bChange = 0.00139455, totNum = 8
ROUND = 4034, SUM = 6988120, bChange = 0.00139455, totNum = 8
ROUND = 4035, SUM = 6988119.99999999, bChange = 0.00139455, totNum = 8
ROUND = 4036, SUM = 6988119.99999999, bChange = 0.00139455, totNum = 8
ROUND = 4037, SUM = 6988119.99999999, bChange = 0.00139455, totNum = 8
ROUND = 4038, SUM = 6988120, bChange = 0.00139454, totNum = 8
ROUND = 4039, SUM = 6988120, bChange = 0.00139454, totNum = 8
ROUND = 4040, SUM = 6988119.99999999, bChange = 0.00139457, totNum = 8
ROUND = 4041, SUM = 6988119.99999999, bChange = 0.00139463, totNum = 8
ROUND = 4042, SUM = 6988120.00000001, bChange = 0.00139468, totNum = 8
ROUND = 4043, SUM = 6988120.00000001, bChange = 0.00139474, totNum = 8
ROUND = 4044, SUM = 6988119.99999999, bChange = 0.00139479, totNum = 8
ROUND = 4045, SUM = 6988119.99999998, bChange = 0.00139485, totNum = 8
ROUND = 4046, SUM = 6988119.99999999, bChange = 0.00139491, totNum = 8
ROUND = 4047, SUM = 6988119.99999999, bChange = 0.00139496, totNum = 8
ROUND = 4048, SUM = 6988120.00000001, bChange = 0.00139502, totNum = 8
ROUND = 4049, SUM = 6988120, bChange = 0.00139507, totNum = 8
ROUND = 4050, SUM = 6988120, bChange = 0.00139513, totNum = 8
ROUND = 4051, SUM = 6988120.00000001, bChange = 0.00139518, totNum = 8
ROUND = 4052, SUM = 6988120.00000001, bChange = 0.00139524, totNum = 8
ROUND = 4053, SUM = 6988120, bChange = 0.00139529, totNum = 8
ROUND = 4054, SUM = 6988120.00000001, bChange = 0.00139535, totNum = 8
ROUND = 4055, SUM = 6988120.00000001, bChange = 0.0013954, totNum = 8
ROUND = 4056, SUM = 6988120.00000001, bChange = 0.00139546, totNum = 8
ROUND = 4057, SUM = 6988119.99999999, bChange = 0.00139551, totNum = 8
ROUND = 4058, SUM = 6988120, bChange = 0.00139557, totNum = 8
ROUND = 4059, SUM = 6988119.99999999, bChange = 0.00139562, totNum = 8
ROUND = 4060, SUM = 6988119.99999998, bChange = 0.00139567, totNum = 8
ROUND = 4061, SUM = 6988120, bChange = 0.00139573, totNum = 8
ROUND = 4062, SUM = 6988120, bChange = 0.00139578, totNum = 8
ROUND = 4063, SUM = 6988120, bChange = 0.00139584, totNum = 8
ROUND = 4064, SUM = 6988119.99999999, bChange = 0.00139589, totNum = 8
ROUND = 4065, SUM = 6988120.00000001, bChange = 0.00139595, totNum = 8
ROUND = 4066, SUM = 6988119.99999999, bChange = 0.001396, totNum = 8
ROUND = 4067, SUM = 6988120, bChange = 0.00139605, totNum = 8
ROUND = 4068, SUM = 6988119.99999999, bChange = 0.00139611, totNum = 8
ROUND = 4069, SUM = 6988120.00000002, bChange = 0.00139616, totNum = 8
ROUND = 4070, SUM = 6988119.99999998, bChange = 0.00139622, totNum = 8
ROUND = 4071, SUM = 6988119.99999999, bChange = 0.00139627, totNum = 8
ROUND = 4072, SUM = 6988120, bChange = 0.00139632, totNum = 8
ROUND = 4073, SUM = 6988119.99999999, bChange = 0.00139638, totNum = 8
ROUND = 4074, SUM = 6988120.00000001, bChange = 0.00139643, totNum = 8
ROUND = 4075, SUM = 6988119.99999999, bChange = 0.00139648, totNum = 8
ROUND = 4076, SUM = 6988119.99999999, bChange = 0.00139654, totNum = 8
ROUND = 4077, SUM = 6988120.00000001, bChange = 0.00139659, totNum = 8
ROUND = 4078, SUM = 6988119.99999997, bChange = 0.00139664, totNum = 8
ROUND = 4079, SUM = 6988119.99999998, bChange = 0.0013967, totNum = 8
ROUND = 4080, SUM = 6988120, bChange = 0.00139675, totNum = 8
ROUND = 4081, SUM = 6988120, bChange = 0.0013968, totNum = 8
ROUND = 4082, SUM = 6988119.99999999, bChange = 0.00139686, totNum = 8
ROUND = 4083, SUM = 6988120, bChange = 0.00139691, totNum = 8
ROUND = 4084, SUM = 6988120, bChange = 0.00139696, totNum = 8
ROUND = 4085, SUM = 6988120, bChange = 0.00139701, totNum = 8
ROUND = 4086, SUM = 6988120.00000001, bChange = 0.00139707, totNum = 8
ROUND = 4087, SUM = 6988119.99999998, bChange = 0.00139712, totNum = 8
ROUND = 4088, SUM = 6988119.99999998, bChange = 0.00139717, totNum = 8
ROUND = 4089, SUM = 6988120, bChange = 0.00139722, totNum = 8
ROUND = 4090, SUM = 6988119.99999999, bChange = 0.00139728, totNum = 8
ROUND = 4091, SUM = 6988119.99999998, bChange = 0.00139733, totNum = 8
ROUND = 4092, SUM = 6988120, bChange = 0.00139738, totNum = 8
ROUND = 4093, SUM = 6988119.99999999, bChange = 0.00139743, totNum = 8
ROUND = 4094, SUM = 6988119.99999998, bChange = 0.00139749, totNum = 8
ROUND = 4095, SUM = 6988120, bChange = 0.00139754, totNum = 8
ROUND = 4096, SUM = 6988119.99999999, bChange = 0.00139759, totNum = 8
ROUND = 4097, SUM = 6988119.99999998, bChange = 0.00139764, totNum = 8
ROUND = 4098, SUM = 6988119.99999998, bChange = 0.00139769, totNum = 8
ROUND = 4099, SUM = 6988120, bChange = 0.00139775, totNum = 8
ROUND = 4100, SUM = 6988119.99999999, bChange = 0.0013978, totNum = 8
ROUND = 4101, SUM = 6988119.99999998, bChange = 0.00139785, totNum = 8
ROUND = 4102, SUM = 6988119.99999999, bChange = 0.0013979, totNum = 8
ROUND = 4103, SUM = 6988120, bChange = 0.00139795, totNum = 8
ROUND = 4104, SUM = 6988120, bChange = 0.001398, totNum = 8
ROUND = 4105, SUM = 6988119.99999998, bChange = 0.00139806, totNum = 8
ROUND = 4106, SUM = 6988120, bChange = 0.00139811, totNum = 8
ROUND = 4107, SUM = 6988120, bChange = 0.00139816, totNum = 8
ROUND = 4108, SUM = 6988119.99999999, bChange = 0.00139821, totNum = 8
ROUND = 4109, SUM = 6988119.99999998, bChange = 0.00139826, totNum = 8
ROUND = 4110, SUM = 6988119.99999999, bChange = 0.00139831, totNum = 8
ROUND = 4111, SUM = 6988120, bChange = 0.00139836, totNum = 8
ROUND = 4112, SUM = 6988120.00000001, bChange = 0.00139841, totNum = 8
ROUND = 4113, SUM = 6988119.99999998, bChange = 0.00139847, totNum = 8
ROUND = 4114, SUM = 6988120, bChange = 0.00139852, totNum = 8
ROUND = 4115, SUM = 6988119.99999999, bChange = 0.00139857, totNum = 8
ROUND = 4116, SUM = 6988119.99999999, bChange = 0.00139862, totNum = 8
ROUND = 4117, SUM = 6988119.99999999, bChange = 0.00139867, totNum = 8
ROUND = 4118, SUM = 6988120, bChange = 0.00139872, totNum = 8
ROUND = 4119, SUM = 6988120.00000002, bChange = 0.00139877, totNum = 8
ROUND = 4120, SUM = 6988120, bChange = 0.00139882, totNum = 8
ROUND = 4121, SUM = 6988120, bChange = 0.00139887, totNum = 8
ROUND = 4122, SUM = 6988119.99999998, bChange = 0.00139892, totNum = 7
ROUND = 4123, SUM = 6988119.99999999, bChange = 0.00139897, totNum = 7
ROUND = 4124, SUM = 6988119.99999999, bChange = 0.00139902, totNum = 7
ROUND = 4125, SUM = 6988119.99999999, bChange = 0.00139907, totNum = 7
ROUND = 4126, SUM = 6988119.99999999, bChange = 0.00139912, totNum = 7
ROUND = 4127, SUM = 6988119.99999998, bChange = 0.00139917, totNum = 7
ROUND = 4128, SUM = 6988120, bChange = 0.00139922, totNum = 7
ROUND = 4129, SUM = 6988119.99999998, bChange = 0.00139927, totNum = 7
ROUND = 4130, SUM = 6988120.00000001, bChange = 0.00139932, totNum = 7
ROUND = 4131, SUM = 6988120.00000001, bChange = 0.00139937, totNum = 7
ROUND = 4132, SUM = 6988119.99999998, bChange = 0.00139942, totNum = 7
ROUND = 4133, SUM = 6988120, bChange = 0.00139947, totNum = 7
ROUND = 4134, SUM = 6988120, bChange = 0.00139952, totNum = 7
ROUND = 4135, SUM = 6988120, bChange = 0.00139957, totNum = 7
ROUND = 4136, SUM = 6988120.00000003, bChange = 0.00139962, totNum = 7
ROUND = 4137, SUM = 6988119.99999999, bChange = 0.00139967, totNum = 7
ROUND = 4138, SUM = 6988119.99999999, bChange = 0.00139972, totNum = 7
ROUND = 4139, SUM = 6988120, bChange = 0.00139977, totNum = 7
ROUND = 4140, SUM = 6988119.99999997, bChange = 0.00139982, totNum = 7
ROUND = 4141, SUM = 6988119.99999999, bChange = 0.00139987, totNum = 7
ROUND = 4142, SUM = 6988119.99999998, bChange = 0.00139992, totNum = 7
ROUND = 4143, SUM = 6988119.99999998, bChange = 0.00139996, totNum = 7
ROUND = 4144, SUM = 6988119.99999998, bChange = 0.00140001, totNum = 7
ROUND = 4145, SUM = 6988120, bChange = 0.00140006, totNum = 7
ROUND = 4146, SUM = 6988120, bChange = 0.00140011, totNum = 7
ROUND = 4147, SUM = 6988119.99999999, bChange = 0.00140016, totNum = 7
ROUND = 4148, SUM = 6988120, bChange = 0.00140021, totNum = 7
ROUND = 4149, SUM = 6988120, bChange = 0.00140026, totNum = 6
ROUND = 4150, SUM = 6988119.99999999, bChange = 0.00140031, totNum = 6
ROUND = 4151, SUM = 6988120, bChange = 0.00140035, totNum = 6
ROUND = 4152, SUM = 6988119.99999999, bChange = 0.0014004, totNum = 6
ROUND = 4153, SUM = 6988120.00000001, bChange = 0.00140045, totNum = 6
ROUND = 4154, SUM = 6988120, bChange = 0.0014005, totNum = 6
ROUND = 4155, SUM = 6988120, bChange = 0.00140055, totNum = 6
ROUND = 4156, SUM = 6988120.00000001, bChange = 0.0014006, totNum = 6
ROUND = 4157, SUM = 6988120.00000001, bChange = 0.00140064, totNum = 6
ROUND = 4158, SUM = 6988120.00000001, bChange = 0.00140069, totNum = 6
ROUND = 4159, SUM = 6988120.00000001, bChange = 0.00140074, totNum = 6
ROUND = 4160, SUM = 6988120, bChange = 0.00140079, totNum = 6
ROUND = 4161, SUM = 6988120, bChange = 0.00140084, totNum = 6
ROUND = 4162, SUM = 6988120, bChange = 0.00140088, totNum = 6
ROUND = 4163, SUM = 6988120, bChange = 0.00140093, totNum = 6
ROUND = 4164, SUM = 6988119.99999999, bChange = 0.00140098, totNum = 6
ROUND = 4165, SUM = 6988120.00000001, bChange = 0.00140103, totNum = 6
ROUND = 4166, SUM = 6988120.00000003, bChange = 0.00140108, totNum = 6
ROUND = 4167, SUM = 6988119.99999999, bChange = 0.00140112, totNum = 6
ROUND = 4168, SUM = 6988119.99999999, bChange = 0.00140117, totNum = 6
ROUND = 4169, SUM = 6988120.00000001, bChange = 0.00140122, totNum = 6
ROUND = 4170, SUM = 6988119.99999998, bChange = 0.00140127, totNum = 6
ROUND = 4171, SUM = 6988120.00000001, bChange = 0.00140131, totNum = 6
ROUND = 4172, SUM = 6988119.99999998, bChange = 0.00140136, totNum = 6
ROUND = 4173, SUM = 6988119.99999999, bChange = 0.00140141, totNum = 6
ROUND = 4174, SUM = 6988119.99999999, bChange = 0.00140145, totNum = 6
ROUND = 4175, SUM = 6988119.99999999, bChange = 0.0014015, totNum = 6
ROUND = 4176, SUM = 6988119.99999999, bChange = 0.00140155, totNum = 6
ROUND = 4177, SUM = 6988119.99999999, bChange = 0.0014016, totNum = 6
ROUND = 4178, SUM = 6988119.99999999, bChange = 0.00140164, totNum = 6
ROUND = 4179, SUM = 6988119.99999998, bChange = 0.00140169, totNum = 6
ROUND = 4180, SUM = 6988119.99999998, bChange = 0.00140174, totNum = 6
ROUND = 4181, SUM = 6988120, bChange = 0.00140178, totNum = 6
ROUND = 4182, SUM = 6988120, bChange = 0.00140183, totNum = 6
ROUND = 4183, SUM = 6988119.99999999, bChange = 0.00140188, totNum = 6
ROUND = 4184, SUM = 6988119.99999998, bChange = 0.00140192, totNum = 6
ROUND = 4185, SUM = 6988120.00000001, bChange = 0.00140197, totNum = 6
ROUND = 4186, SUM = 6988119.99999999, bChange = 0.00140202, totNum = 6
ROUND = 4187, SUM = 6988119.99999998, bChange = 0.00140206, totNum = 6
ROUND = 4188, SUM = 6988120, bChange = 0.00140211, totNum = 6
ROUND = 4189, SUM = 6988119.99999999, bChange = 0.00140215, totNum = 6
ROUND = 4190, SUM = 6988120, bChange = 0.0014022, totNum = 6
ROUND = 4191, SUM = 6988119.99999999, bChange = 0.00140225, totNum = 6
ROUND = 4192, SUM = 6988119.99999997, bChange = 0.00140229, totNum = 6
ROUND = 4193, SUM = 6988119.99999999, bChange = 0.00140234, totNum = 6
ROUND = 4194, SUM = 6988119.99999998, bChange = 0.00140238, totNum = 6
ROUND = 4195, SUM = 6988119.99999999, bChange = 0.00140243, totNum = 6
ROUND = 4196, SUM = 6988119.99999998, bChange = 0.00140248, totNum = 6
ROUND = 4197, SUM = 6988119.99999999, bChange = 0.00140252, totNum = 6
ROUND = 4198, SUM = 6988120, bChange = 0.00140257, totNum = 6
ROUND = 4199, SUM = 6988119.99999999, bChange = 0.00140261, totNum = 6
ROUND = 4200, SUM = 6988119.99999999, bChange = 0.00140266, totNum = 6
ROUND = 4201, SUM = 6988120, bChange = 0.0014027, totNum = 6
ROUND = 4202, SUM = 6988119.99999998, bChange = 0.00140275, totNum = 6
ROUND = 4203, SUM = 6988119.99999999, bChange = 0.0014028, totNum = 6
ROUND = 4204, SUM = 6988120, bChange = 0.00140284, totNum = 6
ROUND = 4205, SUM = 6988120, bChange = 0.00140289, totNum = 6
ROUND = 4206, SUM = 6988119.99999998, bChange = 0.00140293, totNum = 6
ROUND = 4207, SUM = 6988119.99999999, bChange = 0.00140298, totNum = 6
ROUND = 4208, SUM = 6988119.99999998, bChange = 0.00140302, totNum = 6
ROUND = 4209, SUM = 6988120, bChange = 0.00140307, totNum = 6
ROUND = 4210, SUM = 6988119.99999999, bChange = 0.00140311, totNum = 6
ROUND = 4211, SUM = 6988119.99999998, bChange = 0.00140316, totNum = 6
ROUND = 4212, SUM = 6988120.00000001, bChange = 0.0014032, totNum = 6
ROUND = 4213, SUM = 6988120, bChange = 0.00140325, totNum = 6
ROUND = 4214, SUM = 6988120, bChange = 0.00140329, totNum = 6
ROUND = 4215, SUM = 6988120.00000002, bChange = 0.00140334, totNum = 6
ROUND = 4216, SUM = 6988120.00000001, bChange = 0.00140338, totNum = 6
ROUND = 4217, SUM = 6988120, bChange = 0.00140343, totNum = 6
ROUND = 4218, SUM = 6988120, bChange = 0.00140347, totNum = 6
ROUND = 4219, SUM = 6988120.00000002, bChange = 0.00140351, totNum = 6
ROUND = 4220, SUM = 6988120.00000002, bChange = 0.00140356, totNum = 6
ROUND = 4221, SUM = 6988120.00000001, bChange = 0.0014036, totNum = 6
ROUND = 4222, SUM = 6988119.99999999, bChange = 0.00140365, totNum = 6
ROUND = 4223, SUM = 6988119.99999998, bChange = 0.00140369, totNum = 6
ROUND = 4224, SUM = 6988120, bChange = 0.00140374, totNum = 6
ROUND = 4225, SUM = 6988119.99999999, bChange = 0.00140378, totNum = 6
ROUND = 4226, SUM = 6988119.99999999, bChange = 0.00140382, totNum = 6
ROUND = 4227, SUM = 6988119.99999999, bChange = 0.00140387, totNum = 6
ROUND = 4228, SUM = 6988119.99999999, bChange = 0.00140391, totNum = 6
ROUND = 4229, SUM = 6988119.99999999, bChange = 0.00140396, totNum = 6
ROUND = 4230, SUM = 6988120, bChange = 0.001404, totNum = 6
ROUND = 4231, SUM = 6988120, bChange = 0.00140404, totNum = 6
ROUND = 4232, SUM = 6988119.99999999, bChange = 0.00140409, totNum = 6
ROUND = 4233, SUM = 6988120.00000002, bChange = 0.00140413, totNum = 6
ROUND = 4234, SUM = 6988119.99999999, bChange = 0.00140418, totNum = 6
ROUND = 4235, SUM = 6988120.00000001, bChange = 0.00140422, totNum = 6
ROUND = 4236, SUM = 6988120.00000001, bChange = 0.00139419, totNum = 5
ROUND = 4237, SUM = 6988120.00000002, bChange = 0.00139419, totNum = 5
ROUND = 4238, SUM = 6988119.99999999, bChange = 0.00139419, totNum = 5
ROUND = 4239, SUM = 6988119.99999999, bChange = 0.00139419, totNum = 5
ROUND = 4240, SUM = 6988119.99999999, bChange = 0.00139419, totNum = 5
ROUND = 4241, SUM = 6988120, bChange = 0.00139419, totNum = 5
ROUND = 4242, SUM = 6988119.99999999, bChange = 0.00139418, totNum = 5
ROUND = 4243, SUM = 6988120, bChange = 0.00139418, totNum = 5
ROUND = 4244, SUM = 6988120, bChange = 0.00139418, totNum = 5
ROUND = 4245, SUM = 6988120.00000001, bChange = 0.00139418, totNum = 5
ROUND = 4246, SUM = 6988120.00000001, bChange = 0.00139418, totNum = 5
ROUND = 4247, SUM = 6988120, bChange = 0.00139418, totNum = 5
ROUND = 4248, SUM = 6988120.00000001, bChange = 0.00139417, totNum = 5
ROUND = 4249, SUM = 6988120, bChange = 0.00139417, totNum = 5
ROUND = 4250, SUM = 6988120, bChange = 0.00139417, totNum = 5
ROUND = 4251, SUM = 6988120.00000002, bChange = 0.00139417, totNum = 5
ROUND = 4252, SUM = 6988120, bChange = 0.00139417, totNum = 5
ROUND = 4253, SUM = 6988119.99999999, bChange = 0.00139417, totNum = 5
ROUND = 4254, SUM = 6988120, bChange = 0.00139417, totNum = 5
ROUND = 4255, SUM = 6988120, bChange = 0.00139416, totNum = 5
ROUND = 4256, SUM = 6988120, bChange = 0.00139416, totNum = 5
ROUND = 4257, SUM = 6988120, bChange = 0.00139416, totNum = 5
ROUND = 4258, SUM = 6988119.99999999, bChange = 0.00139416, totNum = 5
ROUND = 4259, SUM = 6988120, bChange = 0.00139416, totNum = 5
ROUND = 4260, SUM = 6988120.00000002, bChange = 0.00139416, totNum = 5
ROUND = 4261, SUM = 6988119.99999999, bChange = 0.00139416, totNum = 5
ROUND = 4262, SUM = 6988120, bChange = 0.00139415, totNum = 5
ROUND = 4263, SUM = 6988120.00000001, bChange = 0.00139415, totNum = 5
ROUND = 4264, SUM = 6988120.00000001, bChange = 0.00139415, totNum = 5
ROUND = 4265, SUM = 6988120.00000001, bChange = 0.00139415, totNum = 5
ROUND = 4266, SUM = 6988120, bChange = 0.00139415, totNum = 5
ROUND = 4267, SUM = 6988120.00000002, bChange = 0.00139415, totNum = 5
ROUND = 4268, SUM = 6988120.00000002, bChange = 0.00139414, totNum = 5
ROUND = 4269, SUM = 6988120, bChange = 0.00139414, totNum = 5
ROUND = 4270, SUM = 6988120, bChange = 0.00139414, totNum = 5
ROUND = 4271, SUM = 6988120.00000001, bChange = 0.00139414, totNum = 5
ROUND = 4272, SUM = 6988120.00000002, bChange = 0.00139414, totNum = 5
ROUND = 4273, SUM = 6988120, bChange = 0.00139414, totNum = 5
ROUND = 4274, SUM = 6988120.00000001, bChange = 0.00139414, totNum = 5
ROUND = 4275, SUM = 6988120, bChange = 0.00139413, totNum = 5
ROUND = 4276, SUM = 6988120.00000001, bChange = 0.00139413, totNum = 5
ROUND = 4277, SUM = 6988120, bChange = 0.00139413, totNum = 5
ROUND = 4278, SUM = 6988120, bChange = 0.00139413, totNum = 5
ROUND = 4279, SUM = 6988120.00000001, bChange = 0.00139413, totNum = 5
ROUND = 4280, SUM = 6988120.00000001, bChange = 0.00139413, totNum = 5
ROUND = 4281, SUM = 6988119.99999999, bChange = 0.00139413, totNum = 5
ROUND = 4282, SUM = 6988120, bChange = 0.00139412, totNum = 5
ROUND = 4283, SUM = 6988120, bChange = 0.00139412, totNum = 5
ROUND = 4284, SUM = 6988120, bChange = 0.00139412, totNum = 5
ROUND = 4285, SUM = 6988119.99999999, bChange = 0.00139412, totNum = 5
ROUND = 4286, SUM = 6988119.99999999, bChange = 0.00139412, totNum = 5
ROUND = 4287, SUM = 6988120.00000001, bChange = 0.00139412, totNum = 5
ROUND = 4288, SUM = 6988119.99999999, bChange = 0.00139412, totNum = 5
ROUND = 4289, SUM = 6988120.00000001, bChange = 0.00139411, totNum = 5
ROUND = 4290, SUM = 6988120, bChange = 0.00139411, totNum = 5
ROUND = 4291, SUM = 6988119.99999999, bChange = 0.00139411, totNum = 5
ROUND = 4292, SUM = 6988120.00000002, bChange = 0.00139411, totNum = 5
ROUND = 4293, SUM = 6988120, bChange = 0.00139411, totNum = 5
ROUND = 4294, SUM = 6988120, bChange = 0.00139411, totNum = 5
ROUND = 4295, SUM = 6988120, bChange = 0.00139411, totNum = 5
ROUND = 4296, SUM = 6988119.99999997, bChange = 0.0013941, totNum = 5
ROUND = 4297, SUM = 6988119.99999999, bChange = 0.0013941, totNum = 5
ROUND = 4298, SUM = 6988120.00000001, bChange = 0.0013941, totNum = 5
ROUND = 4299, SUM = 6988120, bChange = 0.0013941, totNum = 5
ROUND = 4300, SUM = 6988119.99999999, bChange = 0.0013941, totNum = 5
ROUND = 4301, SUM = 6988119.99999998, bChange = 0.0013941, totNum = 5
ROUND = 4302, SUM = 6988120.00000001, bChange = 0.0013941, totNum = 5
ROUND = 4303, SUM = 6988120, bChange = 0.00139409, totNum = 5
ROUND = 4304, SUM = 6988120, bChange = 0.00139409, totNum = 5
ROUND = 4305, SUM = 6988119.99999999, bChange = 0.00139409, totNum = 5
ROUND = 4306, SUM = 6988120.00000001, bChange = 0.00139409, totNum = 5
ROUND = 4307, SUM = 6988120.00000001, bChange = 0.00139409, totNum = 5
ROUND = 4308, SUM = 6988119.99999999, bChange = 0.00139409, totNum = 5
ROUND = 4309, SUM = 6988120.00000002, bChange = 0.00139409, totNum = 5
ROUND = 4310, SUM = 6988119.99999999, bChange = 0.00139408, totNum = 5
ROUND = 4311, SUM = 6988119.99999999, bChange = 0.00139408, totNum = 5
ROUND = 4312, SUM = 6988120, bChange = 0.00139408, totNum = 5
ROUND = 4313, SUM = 6988120, bChange = 0.00139408, totNum = 5
ROUND = 4314, SUM = 6988120.00000002, bChange = 0.00139408, totNum = 5
ROUND = 4315, SUM = 6988120.00000001, bChange = 0.00139408, totNum = 5
ROUND = 4316, SUM = 6988120, bChange = 0.00139408, totNum = 5
ROUND = 4317, SUM = 6988120, bChange = 0.00139408, totNum = 5
ROUND = 4318, SUM = 6988120.00000001, bChange = 0.00139407, totNum = 5
ROUND = 4319, SUM = 6988120.00000001, bChange = 0.00139407, totNum = 5
ROUND = 4320, SUM = 6988120, bChange = 0.00139407, totNum = 5
ROUND = 4321, SUM = 6988120, bChange = 0.00139407, totNum = 5
ROUND = 4322, SUM = 6988119.99999999, bChange = 0.00139407, totNum = 5
ROUND = 4323, SUM = 6988120.00000001, bChange = 0.00139407, totNum = 5
ROUND = 4324, SUM = 6988120, bChange = 0.00139407, totNum = 5
ROUND = 4325, SUM = 6988119.99999999, bChange = 0.00139406, totNum = 5
ROUND = 4326, SUM = 6988120.00000001, bChange = 0.00139406, totNum = 5
ROUND = 4327, SUM = 6988119.99999999, bChange = 0.00139406, totNum = 5
ROUND = 4328, SUM = 6988120.00000001, bChange = 0.00139406, totNum = 5
ROUND = 4329, SUM = 6988119.99999997, bChange = 0.00139406, totNum = 5
ROUND = 4330, SUM = 6988120, bChange = 0.00139406, totNum = 5
ROUND = 4331, SUM = 6988120.00000002, bChange = 0.00139406, totNum = 5
ROUND = 4332, SUM = 6988120.00000001, bChange = 0.00139405, totNum = 5
ROUND = 4333, SUM = 6988120, bChange = 0.00139405, totNum = 5
ROUND = 4334, SUM = 6988119.99999999, bChange = 0.00139405, totNum = 5
ROUND = 4335, SUM = 6988120, bChange = 0.00139405, totNum = 5
ROUND = 4336, SUM = 6988120.00000001, bChange = 0.00139405, totNum = 5
ROUND = 4337, SUM = 6988120.00000002, bChange = 0.00139405, totNum = 5
ROUND = 4338, SUM = 6988119.99999998, bChange = 0.00139405, totNum = 5
ROUND = 4339, SUM = 6988119.99999999, bChange = 0.00139405, totNum = 5
ROUND = 4340, SUM = 6988120, bChange = 0.00139404, totNum = 5
ROUND = 4341, SUM = 6988119.99999999, bChange = 0.00139404, totNum = 5
ROUND = 4342, SUM = 6988119.99999998, bChange = 0.00139404, totNum = 5
ROUND = 4343, SUM = 6988120.00000001, bChange = 0.00139404, totNum = 5
ROUND = 4344, SUM = 6988120, bChange = 0.00139404, totNum = 5
ROUND = 4345, SUM = 6988119.99999999, bChange = 0.00139404, totNum = 5
ROUND = 4346, SUM = 6988119.99999999, bChange = 0.00139404, totNum = 5
ROUND = 4347, SUM = 6988120, bChange = 0.00139403, totNum = 5
ROUND = 4348, SUM = 6988120, bChange = 0.00139403, totNum = 5
ROUND = 4349, SUM = 6988119.99999998, bChange = 0.00139403, totNum = 5
ROUND = 4350, SUM = 6988119.99999997, bChange = 0.00139403, totNum = 5
ROUND = 4351, SUM = 6988120, bChange = 0.00139403, totNum = 5
ROUND = 4352, SUM = 6988119.99999998, bChange = 0.00139403, totNum = 5
ROUND = 4353, SUM = 6988120, bChange = 0.00139403, totNum = 5
ROUND = 4354, SUM = 6988120, bChange = 0.00139403, totNum = 5
ROUND = 4355, SUM = 6988119.99999999, bChange = 0.00139402, totNum = 5
ROUND = 4356, SUM = 6988120, bChange = 0.00139402, totNum = 5
ROUND = 4357, SUM = 6988120.00000001, bChange = 0.00139402, totNum = 5
ROUND = 4358, SUM = 6988120, bChange = 0.00139402, totNum = 5
ROUND = 4359, SUM = 6988119.99999999, bChange = 0.00139402, totNum = 5
ROUND = 4360, SUM = 6988119.99999999, bChange = 0.00139402, totNum = 5
ROUND = 4361, SUM = 6988120.00000001, bChange = 0.00139402, totNum = 5
ROUND = 4362, SUM = 6988119.99999998, bChange = 0.00139402, totNum = 5
ROUND = 4363, SUM = 6988120.00000001, bChange = 0.00139401, totNum = 5
ROUND = 4364, SUM = 6988120, bChange = 0.00139401, totNum = 5
ROUND = 4365, SUM = 6988120.00000001, bChange = 0.00139401, totNum = 5
ROUND = 4366, SUM = 6988120.00000001, bChange = 0.00139401, totNum = 5
ROUND = 4367, SUM = 6988119.99999999, bChange = 0.00139401, totNum = 5
ROUND = 4368, SUM = 6988120, bChange = 0.00139401, totNum = 5
ROUND = 4369, SUM = 6988119.99999999, bChange = 0.00139401, totNum = 5
ROUND = 4370, SUM = 6988119.99999999, bChange = 0.00139401, totNum = 5
ROUND = 4371, SUM = 6988119.99999999, bChange = 0.001394, totNum = 5
ROUND = 4372, SUM = 6988119.99999999, bChange = 0.001394, totNum = 5
ROUND = 4373, SUM = 6988120.00000001, bChange = 0.001394, totNum = 5
ROUND = 4374, SUM = 6988119.99999999, bChange = 0.001394, totNum = 5
ROUND = 4375, SUM = 6988119.99999999, bChange = 0.001394, totNum = 5
ROUND = 4376, SUM = 6988120.00000001, bChange = 0.001394, totNum = 5
ROUND = 4377, SUM = 6988119.99999998, bChange = 0.001394, totNum = 5
ROUND = 4378, SUM = 6988119.99999999, bChange = 0.00139399, totNum = 5
ROUND = 4379, SUM = 6988120.00000001, bChange = 0.00139399, totNum = 5
ROUND = 4380, SUM = 6988120.00000001, bChange = 0.00139399, totNum = 5
ROUND = 4381, SUM = 6988120.00000001, bChange = 0.00139399, totNum = 5
ROUND = 4382, SUM = 6988119.99999999, bChange = 0.00139399, totNum = 5
ROUND = 4383, SUM = 6988120.00000001, bChange = 0.00139399, totNum = 5
ROUND = 4384, SUM = 6988119.99999999, bChange = 0.00139399, totNum = 5
ROUND = 4385, SUM = 6988120.00000001, bChange = 0.00139399, totNum = 5
ROUND = 4386, SUM = 6988120, bChange = 0.00139398, totNum = 5
ROUND = 4387, SUM = 6988120, bChange = 0.00139398, totNum = 5
ROUND = 4388, SUM = 6988120, bChange = 0.00139398, totNum = 5
ROUND = 4389, SUM = 6988120.00000002, bChange = 0.00139398, totNum = 5
ROUND = 4390, SUM = 6988120, bChange = 0.00139398, totNum = 5
ROUND = 4391, SUM = 6988120.00000001, bChange = 0.00139398, totNum = 5
ROUND = 4392, SUM = 6988120, bChange = 0.00139398, totNum = 5
ROUND = 4393, SUM = 6988119.99999999, bChange = 0.00139398, totNum = 5
ROUND = 4394, SUM = 6988120, bChange = 0.00139397, totNum = 5
ROUND = 4395, SUM = 6988119.99999998, bChange = 0.00139397, totNum = 5
ROUND = 4396, SUM = 6988119.99999999, bChange = 0.00114635, totNum = 4
ROUND = 4397, SUM = 6988120.00000001, bChange = 0.00114636, totNum = 4
ROUND = 4398, SUM = 6988119.99999999, bChange = 0.00114637, totNum = 4
ROUND = 4399, SUM = 6988120, bChange = 0.00114638, totNum = 4
ROUND = 4400, SUM = 6988119.99999998, bChange = 0.00114638, totNum = 4
ROUND = 4401, SUM = 6988120.00000001, bChange = 0.00114639, totNum = 4
ROUND = 4402, SUM = 6988119.99999999, bChange = 0.0011464, totNum = 4
ROUND = 4403, SUM = 6988120, bChange = 0.00114641, totNum = 4
ROUND = 4404, SUM = 6988120.00000001, bChange = 0.00114642, totNum = 4
ROUND = 4405, SUM = 6988120.00000001, bChange = 0.00114643, totNum = 4
ROUND = 4406, SUM = 6988120.00000001, bChange = 0.00114644, totNum = 4
ROUND = 4407, SUM = 6988119.99999999, bChange = 0.00114644, totNum = 4
ROUND = 4408, SUM = 6988120.00000001, bChange = 0.00114645, totNum = 4
ROUND = 4409, SUM = 6988119.99999999, bChange = 0.00114646, totNum = 4
ROUND = 4410, SUM = 6988120.00000001, bChange = 0.00114647, totNum = 4
ROUND = 4411, SUM = 6988119.99999999, bChange = 0.00114648, totNum = 4
ROUND = 4412, SUM = 6988119.99999999, bChange = 0.00114649, totNum = 4
ROUND = 4413, SUM = 6988120.00000001, bChange = 0.00114649, totNum = 4
ROUND = 4414, SUM = 6988119.99999999, bChange = 0.0011465, totNum = 4
ROUND = 4415, SUM = 6988119.99999999, bChange = 0.00114651, totNum = 4
ROUND = 4416, SUM = 6988120, bChange = 0.00114652, totNum = 4
ROUND = 4417, SUM = 6988119.99999999, bChange = 0.00114653, totNum = 4
ROUND = 4418, SUM = 6988120.00000001, bChange = 0.00114654, totNum = 4
ROUND = 4419, SUM = 6988120, bChange = 0.00114654, totNum = 4
ROUND = 4420, SUM = 6988120, bChange = 0.00114655, totNum = 4
ROUND = 4421, SUM = 6988120, bChange = 0.00114656, totNum = 4
ROUND = 4422, SUM = 6988119.99999999, bChange = 0.00114657, totNum = 4
ROUND = 4423, SUM = 6988120, bChange = 0.00114658, totNum = 4
ROUND = 4424, SUM = 6988119.99999999, bChange = 0.00114659, totNum = 4
ROUND = 4425, SUM = 6988120, bChange = 0.00114659, totNum = 4
ROUND = 4426, SUM = 6988120, bChange = 0.0011466, totNum = 4
ROUND = 4427, SUM = 6988119.99999999, bChange = 0.00114661, totNum = 4
ROUND = 4428, SUM = 6988120.00000001, bChange = 0.00114662, totNum = 4
ROUND = 4429, SUM = 6988119.99999999, bChange = 0.00114663, totNum = 4
ROUND = 4430, SUM = 6988119.99999999, bChange = 0.00114663, totNum = 4
ROUND = 4431, SUM = 6988120, bChange = 0.00114664, totNum = 4
ROUND = 4432, SUM = 6988120, bChange = 0.00114665, totNum = 4
ROUND = 4433, SUM = 6988119.99999999, bChange = 0.00114666, totNum = 4
ROUND = 4434, SUM = 6988120, bChange = 0.00114667, totNum = 4
ROUND = 4435, SUM = 6988120, bChange = 0.00114668, totNum = 4
ROUND = 4436, SUM = 6988119.99999999, bChange = 0.00114668, totNum = 4
ROUND = 4437, SUM = 6988119.99999998, bChange = 0.00114669, totNum = 4
ROUND = 4438, SUM = 6988120, bChange = 0.0011467, totNum = 4
ROUND = 4439, SUM = 6988119.99999999, bChange = 0.00114671, totNum = 4
ROUND = 4440, SUM = 6988120, bChange = 0.00114672, totNum = 4
ROUND = 4441, SUM = 6988120, bChange = 0.00114672, totNum = 4
ROUND = 4442, SUM = 6988120.00000001, bChange = 0.00114673, totNum = 4
ROUND = 4443, SUM = 6988119.99999999, bChange = 0.00114674, totNum = 4
ROUND = 4444, SUM = 6988120, bChange = 0.00114675, totNum = 4
ROUND = 4445, SUM = 6988120, bChange = 0.00114676, totNum = 4
ROUND = 4446, SUM = 6988120.00000003, bChange = 0.00114676, totNum = 4
ROUND = 4447, SUM = 6988120, bChange = 0.00114677, totNum = 4
ROUND = 4448, SUM = 6988119.99999998, bChange = 0.00114678, totNum = 4
ROUND = 4449, SUM = 6988119.99999998, bChange = 0.00114679, totNum = 4
ROUND = 4450, SUM = 6988120.00000001, bChange = 0.0011468, totNum = 4
ROUND = 4451, SUM = 6988119.99999998, bChange = 0.0011468, totNum = 4
ROUND = 4452, SUM = 6988119.99999999, bChange = 0.00114681, totNum = 4
ROUND = 4453, SUM = 6988119.99999999, bChange = 0.00114682, totNum = 4
ROUND = 4454, SUM = 6988119.99999999, bChange = 0.00114683, totNum = 4
ROUND = 4455, SUM = 6988119.99999998, bChange = 0.00114684, totNum = 4
ROUND = 4456, SUM = 6988119.99999998, bChange = 0.00114684, totNum = 4
ROUND = 4457, SUM = 6988119.99999999, bChange = 0.00114685, totNum = 4
ROUND = 4458, SUM = 6988120, bChange = 0.00114686, totNum = 4
ROUND = 4459, SUM = 6988119.99999998, bChange = 0.00114687, totNum = 4
ROUND = 4460, SUM = 6988119.99999999, bChange = 0.00114688, totNum = 4
ROUND = 4461, SUM = 6988119.99999999, bChange = 0.00114688, totNum = 4
ROUND = 4462, SUM = 6988119.99999997, bChange = 0.00114689, totNum = 4
ROUND = 4463, SUM = 6988119.99999999, bChange = 0.0011469, totNum = 4
ROUND = 4464, SUM = 6988120, bChange = 0.00114691, totNum = 4
ROUND = 4465, SUM = 6988119.99999999, bChange = 0.00114692, totNum = 4
ROUND = 4466, SUM = 6988119.99999999, bChange = 0.00114692, totNum = 4
ROUND = 4467, SUM = 6988119.99999999, bChange = 0.00114693, totNum = 4
ROUND = 4468, SUM = 6988119.99999999, bChange = 0.00114694, totNum = 4
ROUND = 4469, SUM = 6988120, bChange = 0.00114695, totNum = 4
ROUND = 4470, SUM = 6988119.99999998, bChange = 0.00114695, totNum = 4
ROUND = 4471, SUM = 6988119.99999999, bChange = 0.00114696, totNum = 4
ROUND = 4472, SUM = 6988120, bChange = 0.00114697, totNum = 4
ROUND = 4473, SUM = 6988119.99999998, bChange = 0.00114698, totNum = 4
ROUND = 4474, SUM = 6988120, bChange = 0.00114699, totNum = 4
ROUND = 4475, SUM = 6988119.99999998, bChange = 0.00114699, totNum = 4
ROUND = 4476, SUM = 6988120, bChange = 0.001147, totNum = 4
ROUND = 4477, SUM = 6988119.99999998, bChange = 0.00114701, totNum = 4
ROUND = 4478, SUM = 6988119.99999999, bChange = 0.00114702, totNum = 4
ROUND = 4479, SUM = 6988119.99999999, bChange = 0.00114702, totNum = 4
ROUND = 4480, SUM = 6988119.99999998, bChange = 0.00114703, totNum = 4
ROUND = 4481, SUM = 6988120.00000002, bChange = 0.00114704, totNum = 4
ROUND = 4482, SUM = 6988120, bChange = 0.00114705, totNum = 4
ROUND = 4483, SUM = 6988120.00000001, bChange = 0.00114706, totNum = 4
ROUND = 4484, SUM = 6988119.99999998, bChange = 0.00114706, totNum = 4
ROUND = 4485, SUM = 6988119.99999999, bChange = 0.00114707, totNum = 4
ROUND = 4486, SUM = 6988120.00000001, bChange = 0.00114708, totNum = 4
ROUND = 4487, SUM = 6988119.99999998, bChange = 0.00114709, totNum = 4
ROUND = 4488, SUM = 6988120, bChange = 0.00114709, totNum = 4
ROUND = 4489, SUM = 6988120, bChange = 0.0011471, totNum = 4
ROUND = 4490, SUM = 6988120, bChange = 0.00114711, totNum = 4
ROUND = 4491, SUM = 6988119.99999999, bChange = 0.00114712, totNum = 4
ROUND = 4492, SUM = 6988120.00000001, bChange = 0.00114712, totNum = 4
ROUND = 4493, SUM = 6988120.00000001, bChange = 0.00114713, totNum = 4
ROUND = 4494, SUM = 6988120, bChange = 0.00114714, totNum = 4
ROUND = 4495, SUM = 6988120.00000001, bChange = 0.00114715, totNum = 4
ROUND = 4496, SUM = 6988120.00000001, bChange = 0.00114715, totNum = 4
ROUND = 4497, SUM = 6988120, bChange = 0.00114716, totNum = 4
ROUND = 4498, SUM = 6988120.00000001, bChange = 0.00114717, totNum = 4
ROUND = 4499, SUM = 6988120, bChange = 0.00114718, totNum = 4
ROUND = 4500, SUM = 6988120, bChange = 0.00114718, totNum = 4
ROUND = 4501, SUM = 6988120, bChange = 0.00114719, totNum = 4
ROUND = 4502, SUM = 6988120.00000001, bChange = 0.0011472, totNum = 4
ROUND = 4503, SUM = 6988120, bChange = 0.00114721, totNum = 4
ROUND = 4504, SUM = 6988119.99999999, bChange = 0.00114722, totNum = 4
ROUND = 4505, SUM = 6988120, bChange = 0.00114722, totNum = 4
ROUND = 4506, SUM = 6988120.00000002, bChange = 0.00114723, totNum = 4
ROUND = 4507, SUM = 6988120, bChange = 0.00114724, totNum = 4
ROUND = 4508, SUM = 6988120, bChange = 0.00114725, totNum = 4
ROUND = 4509, SUM = 6988120.00000002, bChange = 0.00114725, totNum = 4
ROUND = 4510, SUM = 6988120.00000001, bChange = 0.00114726, totNum = 4
ROUND = 4511, SUM = 6988119.99999998, bChange = 0.00114727, totNum = 4
ROUND = 4512, SUM = 6988120.00000001, bChange = 0.00114727, totNum = 4
ROUND = 4513, SUM = 6988120, bChange = 0.00114728, totNum = 4
ROUND = 4514, SUM = 6988120.00000001, bChange = 0.00114729, totNum = 4
ROUND = 4515, SUM = 6988120.00000001, bChange = 0.0011473, totNum = 4
ROUND = 4516, SUM = 6988120.00000001, bChange = 0.0011473, totNum = 4
ROUND = 4517, SUM = 6988120, bChange = 0.00114731, totNum = 4
ROUND = 4518, SUM = 6988120.00000003, bChange = 0.00114732, totNum = 4
ROUND = 4519, SUM = 6988119.99999999, bChange = 0.00114733, totNum = 4
ROUND = 4520, SUM = 6988120, bChange = 0.00114733, totNum = 4
ROUND = 4521, SUM = 6988120, bChange = 0.00114734, totNum = 4
ROUND = 4522, SUM = 6988119.99999999, bChange = 0.00114735, totNum = 4
ROUND = 4523, SUM = 6988119.99999999, bChange = 0.00114736, totNum = 4
ROUND = 4524, SUM = 6988120.00000001, bChange = 0.00114736, totNum = 4
ROUND = 4525, SUM = 6988120.00000001, bChange = 0.00114737, totNum = 4
ROUND = 4526, SUM = 6988120, bChange = 0.00114738, totNum = 4
ROUND = 4527, SUM = 6988120.00000001, bChange = 0.00114739, totNum = 4
ROUND = 4528, SUM = 6988120, bChange = 0.00114739, totNum = 4
ROUND = 4529, SUM = 6988120.00000001, bChange = 0.0011474, totNum = 4
ROUND = 4530, SUM = 6988119.99999998, bChange = 0.00114741, totNum = 4
ROUND = 4531, SUM = 6988119.99999999, bChange = 0.00114741, totNum = 4
ROUND = 4532, SUM = 6988120, bChange = 0.00114742, totNum = 4
ROUND = 4533, SUM = 6988119.99999998, bChange = 0.00114743, totNum = 4
ROUND = 4534, SUM = 6988120.00000002, bChange = 0.00114744, totNum = 4
ROUND = 4535, SUM = 6988120, bChange = 0.00114744, totNum = 4
ROUND = 4536, SUM = 6988120, bChange = 0.00114745, totNum = 4
ROUND = 4537, SUM = 6988120, bChange = 0.00114746, totNum = 4
ROUND = 4538, SUM = 6988120.00000002, bChange = 0.00114747, totNum = 4
ROUND = 4539, SUM = 6988119.99999999, bChange = 0.00114747, totNum = 4
ROUND = 4540, SUM = 6988120.00000002, bChange = 0.00114748, totNum = 4
ROUND = 4541, SUM = 6988120.00000001, bChange = 0.00114749, totNum = 4
ROUND = 4542, SUM = 6988120.00000001, bChange = 0.00114749, totNum = 4
ROUND = 4543, SUM = 6988120, bChange = 0.0011475, totNum = 4
ROUND = 4544, SUM = 6988119.99999998, bChange = 0.00114751, totNum = 4
ROUND = 4545, SUM = 6988119.99999999, bChange = 0.00114752, totNum = 4
ROUND = 4546, SUM = 6988120.00000002, bChange = 0.00114752, totNum = 4
ROUND = 4547, SUM = 6988120, bChange = 0.00114753, totNum = 4
ROUND = 4548, SUM = 6988119.99999999, bChange = 0.00114754, totNum = 4
ROUND = 4549, SUM = 6988119.99999999, bChange = 0.00114754, totNum = 4
ROUND = 4550, SUM = 6988119.99999998, bChange = 0.00114755, totNum = 4
ROUND = 4551, SUM = 6988119.99999998, bChange = 0.00114756, totNum = 4
ROUND = 4552, SUM = 6988119.99999999, bChange = 0.00114757, totNum = 4
ROUND = 4553, SUM = 6988119.99999999, bChange = 0.00114757, totNum = 4
ROUND = 4554, SUM = 6988120.00000001, bChange = 0.00114758, totNum = 4
ROUND = 4555, SUM = 6988120, bChange = 0.00114759, totNum = 4
ROUND = 4556, SUM = 6988120, bChange = 0.00114759, totNum = 4
ROUND = 4557, SUM = 6988119.99999999, bChange = 0.0011476, totNum = 4
ROUND = 4558, SUM = 6988120, bChange = 0.00114761, totNum = 4
ROUND = 4559, SUM = 6988120.00000001, bChange = 0.00114762, totNum = 4
ROUND = 4560, SUM = 6988120, bChange = 0.00114762, totNum = 4
ROUND = 4561, SUM = 6988119.99999999, bChange = 0.00114763, totNum = 4
ROUND = 4562, SUM = 6988119.99999999, bChange = 0.00114764, totNum = 4
ROUND = 4563, SUM = 6988119.99999999, bChange = 0.00114764, totNum = 4
ROUND = 4564, SUM = 6988120.00000001, bChange = 0.00114765, totNum = 4
ROUND = 4565, SUM = 6988119.99999999, bChange = 0.00114766, totNum = 4
ROUND = 4566, SUM = 6988120, bChange = 0.00114766, totNum = 4
ROUND = 4567, SUM = 6988120, bChange = 0.00114767, totNum = 4
ROUND = 4568, SUM = 6988119.99999997, bChange = 0.00114768, totNum = 4
ROUND = 4569, SUM = 6988119.99999999, bChange = 0.00114769, totNum = 4
ROUND = 4570, SUM = 6988119.99999999, bChange = 0.00114769, totNum = 4
ROUND = 4571, SUM = 6988120.00000001, bChange = 0.0011477, totNum = 4
ROUND = 4572, SUM = 6988119.99999999, bChange = 0.00114771, totNum = 4
ROUND = 4573, SUM = 6988120, bChange = 0.00114771, totNum = 4
ROUND = 4574, SUM = 6988119.99999999, bChange = 0.00114772, totNum = 4
ROUND = 4575, SUM = 6988120, bChange = 0.00114773, totNum = 4
ROUND = 4576, SUM = 6988119.99999999, bChange = 0.00114773, totNum = 4
ROUND = 4577, SUM = 6988120, bChange = 0.00114774, totNum = 4
ROUND = 4578, SUM = 6988120.00000001, bChange = 0.00114775, totNum = 4
ROUND = 4579, SUM = 6988120.00000002, bChange = 0.00114776, totNum = 4
ROUND = 4580, SUM = 6988120, bChange = 0.00114776, totNum = 4
ROUND = 4581, SUM = 6988119.99999999, bChange = 0.00114777, totNum = 4
ROUND = 4582, SUM = 6988120, bChange = 0.00114778, totNum = 4
ROUND = 4583, SUM = 6988119.99999999, bChange = 0.00114778, totNum = 4
ROUND = 4584, SUM = 6988120, bChange = 0.00114779, totNum = 4
ROUND = 4585, SUM = 6988120.00000002, bChange = 0.0011478, totNum = 4
ROUND = 4586, SUM = 6988120.00000001, bChange = 0.0011478, totNum = 4
ROUND = 4587, SUM = 6988120, bChange = 0.00114781, totNum = 4
ROUND = 4588, SUM = 6988120.00000001, bChange = 0.00114782, totNum = 4
ROUND = 4589, SUM = 6988120, bChange = 0.00114782, totNum = 4
ROUND = 4590, SUM = 6988120, bChange = 0.00114783, totNum = 4
ROUND = 4591, SUM = 6988119.99999999, bChange = 0.00114784, totNum = 4
ROUND = 4592, SUM = 6988119.99999999, bChange = 0.00114784, totNum = 4
ROUND = 4593, SUM = 6988120.00000001, bChange = 0.00114785, totNum = 4
ROUND = 4594, SUM = 6988119.99999999, bChange = 0.00114786, totNum = 4
ROUND = 4595, SUM = 6988120.00000001, bChange = 0.00114786, totNum = 4
ROUND = 4596, SUM = 6988120.00000001, bChange = 0.00114787, totNum = 4
ROUND = 4597, SUM = 6988119.99999999, bChange = 0.00114788, totNum = 4
ROUND = 4598, SUM = 6988120, bChange = 0.00114788, totNum = 4
ROUND = 4599, SUM = 6988120.00000002, bChange = 0.00114789, totNum = 4
ROUND = 4600, SUM = 6988119.99999999, bChange = 0.0011479, totNum = 4
ROUND = 4601, SUM = 6988120.00000001, bChange = 0.00114791, totNum = 4
ROUND = 4602, SUM = 6988120, bChange = 0.00114791, totNum = 4
ROUND = 4603, SUM = 6988120, bChange = 0.00114792, totNum = 4
ROUND = 4604, SUM = 6988120, bChange = 0.00114793, totNum = 4
ROUND = 4605, SUM = 6988120, bChange = 0.00114793, totNum = 4
ROUND = 4606, SUM = 6988120, bChange = 0.00114794, totNum = 4
ROUND = 4607, SUM = 6988120, bChange = 0.00114795, totNum = 4
ROUND = 4608, SUM = 6988120.00000001, bChange = 0.00114795, totNum = 4
ROUND = 4609, SUM = 6988120.00000003, bChange = 0.00114796, totNum = 4
ROUND = 4610, SUM = 6988120.00000002, bChange = 0.00114797, totNum = 4
ROUND = 4611, SUM = 6988120, bChange = 0.00114797, totNum = 4
ROUND = 4612, SUM = 6988120.00000002, bChange = 0.00114798, totNum = 4
ROUND = 4613, SUM = 6988120.00000002, bChange = 0.00114799, totNum = 4
ROUND = 4614, SUM = 6988120.00000003, bChange = 0.00114799, totNum = 4
ROUND = 4615, SUM = 6988120.00000001, bChange = 0.001148, totNum = 4
ROUND = 4616, SUM = 6988120.00000001, bChange = 0.00114801, totNum = 4
ROUND = 4617, SUM = 6988120, bChange = 0.00114801, totNum = 4
ROUND = 4618, SUM = 6988120, bChange = 0.00114802, totNum = 4
ROUND = 4619, SUM = 6988119.99999999, bChange = 0.00114802, totNum = 4
ROUND = 4620, SUM = 6988119.99999999, bChange = 0.00114803, totNum = 4
ROUND = 4621, SUM = 6988119.99999999, bChange = 0.00114804, totNum = 4
ROUND = 4622, SUM = 6988119.99999998, bChange = 0.00114804, totNum = 4
ROUND = 4623, SUM = 6988120, bChange = 0.00114805, totNum = 4
ROUND = 4624, SUM = 6988120, bChange = 0.00114806, totNum = 4
ROUND = 4625, SUM = 6988119.99999999, bChange = 0.00114806, totNum = 4
ROUND = 4626, SUM = 6988119.99999999, bChange = 0.00114807, totNum = 4
ROUND = 4627, SUM = 6988119.99999999, bChange = 0.00114808, totNum = 4
ROUND = 4628, SUM = 6988120, bChange = 0.00114808, totNum = 4
ROUND = 4629, SUM = 6988120, bChange = 0.00114809, totNum = 4
ROUND = 4630, SUM = 6988120, bChange = 0.0011481, totNum = 4
ROUND = 4631, SUM = 6988120, bChange = 0.0011481, totNum = 4
ROUND = 4632, SUM = 6988119.99999998, bChange = 0.00114811, totNum = 4
ROUND = 4633, SUM = 6988120.00000002, bChange = 0.00114812, totNum = 4
ROUND = 4634, SUM = 6988119.99999999, bChange = 0.00114812, totNum = 4
ROUND = 4635, SUM = 6988119.99999999, bChange = 0.00114813, totNum = 4
ROUND = 4636, SUM = 6988119.99999999, bChange = 0.00114814, totNum = 4
ROUND = 4637, SUM = 6988120, bChange = 0.00114814, totNum = 4
ROUND = 4638, SUM = 6988120.00000002, bChange = 0.00114815, totNum = 4
ROUND = 4639, SUM = 6988120, bChange = 0.00114816, totNum = 4
ROUND = 4640, SUM = 6988120, bChange = 0.00114816, totNum = 4
ROUND = 4641, SUM = 6988120.00000001, bChange = 0.00114817, totNum = 4
ROUND = 4642, SUM = 6988119.99999997, bChange = 0.00114817, totNum = 4
ROUND = 4643, SUM = 6988119.99999997, bChange = 0.00114818, totNum = 4
ROUND = 4644, SUM = 6988119.99999998, bChange = 0.00114819, totNum = 4
ROUND = 4645, SUM = 6988120.00000001, bChange = 0.00114819, totNum = 4
ROUND = 4646, SUM = 6988120, bChange = 0.0011482, totNum = 4
ROUND = 4647, SUM = 6988119.99999999, bChange = 0.00114821, totNum = 4
ROUND = 4648, SUM = 6988120, bChange = 0.00114821, totNum = 4
ROUND = 4649, SUM = 6988119.99999999, bChange = 0.00114822, totNum = 4
ROUND = 4650, SUM = 6988119.99999999, bChange = 0.00114823, totNum = 4
ROUND = 4651, SUM = 6988120, bChange = 0.00114823, totNum = 4
ROUND = 4652, SUM = 6988120, bChange = 0.00114824, totNum = 4
ROUND = 4653, SUM = 6988119.99999998, bChange = 0.00114824, totNum = 4
ROUND = 4654, SUM = 6988120, bChange = 0.00114825, totNum = 4
ROUND = 4655, SUM = 6988120.00000001, bChange = 0.00114826, totNum = 4
ROUND = 4656, SUM = 6988120, bChange = 0.00114826, totNum = 4
ROUND = 4657, SUM = 6988120, bChange = 0.00114827, totNum = 4
ROUND = 4658, SUM = 6988120.00000001, bChange = 0.00114828, totNum = 4
ROUND = 4659, SUM = 6988120.00000001, bChange = 0.00114828, totNum = 3
ROUND = 4660, SUM = 6988120.00000001, bChange = 0.00114829, totNum = 3
ROUND = 4661, SUM = 6988120, bChange = 0.0011483, totNum = 3
ROUND = 4662, SUM = 6988119.99999999, bChange = 0.0011483, totNum = 3
ROUND = 4663, SUM = 6988119.99999999, bChange = 0.00114831, totNum = 3
ROUND = 4664, SUM = 6988119.99999998, bChange = 0.00114831, totNum = 3
ROUND = 4665, SUM = 6988120.00000001, bChange = 0.00114832, totNum = 3
ROUND = 4666, SUM = 6988120, bChange = 0.00114833, totNum = 3
ROUND = 4667, SUM = 6988120.00000001, bChange = 0.00114833, totNum = 3
ROUND = 4668, SUM = 6988120, bChange = 0.00114834, totNum = 3
ROUND = 4669, SUM = 6988119.99999999, bChange = 0.00114835, totNum = 3
ROUND = 4670, SUM = 6988120.00000001, bChange = 0.00114835, totNum = 3
ROUND = 4671, SUM = 6988120.00000001, bChange = 0.00114836, totNum = 3
ROUND = 4672, SUM = 6988120, bChange = 0.00114836, totNum = 3
ROUND = 4673, SUM = 6988119.99999999, bChange = 0.00114837, totNum = 3
ROUND = 4674, SUM = 6988120, bChange = 0.00114838, totNum = 3
ROUND = 4675, SUM = 6988119.99999999, bChange = 0.00114838, totNum = 3
ROUND = 4676, SUM = 6988120.00000002, bChange = 0.00114839, totNum = 3
ROUND = 4677, SUM = 6988120.00000001, bChange = 0.00114839, totNum = 3
ROUND = 4678, SUM = 6988120.00000001, bChange = 0.0011484, totNum = 3
ROUND = 4679, SUM = 6988119.99999999, bChange = 0.00114841, totNum = 3
ROUND = 4680, SUM = 6988119.99999999, bChange = 0.00114841, totNum = 3
ROUND = 4681, SUM = 6988120.00000001, bChange = 0.00114842, totNum = 3
ROUND = 4682, SUM = 6988120.00000002, bChange = 0.00114843, totNum = 3
ROUND = 4683, SUM = 6988120, bChange = 0.00114843, totNum = 3
ROUND = 4684, SUM = 6988119.99999999, bChange = 0.00114844, totNum = 3
ROUND = 4685, SUM = 6988120.00000002, bChange = 0.00114844, totNum = 3
ROUND = 4686, SUM = 6988120, bChange = 0.00114845, totNum = 3
ROUND = 4687, SUM = 6988119.99999998, bChange = 0.00114846, totNum = 3
ROUND = 4688, SUM = 6988120, bChange = 0.00114846, totNum = 3
ROUND = 4689, SUM = 6988120.00000001, bChange = 0.00114847, totNum = 3
ROUND = 4690, SUM = 6988120, bChange = 0.00114847, totNum = 3
ROUND = 4691, SUM = 6988119.99999998, bChange = 0.00114848, totNum = 3
ROUND = 4692, SUM = 6988120, bChange = 0.00114849, totNum = 3
ROUND = 4693, SUM = 6988119.99999999, bChange = 0.00114849, totNum = 3
ROUND = 4694, SUM = 6988119.99999999, bChange = 0.0011485, totNum = 3
ROUND = 4695, SUM = 6988120, bChange = 0.0011485, totNum = 3
ROUND = 4696, SUM = 6988120, bChange = 0.00114851, totNum = 3
ROUND = 4697, SUM = 6988119.99999999, bChange = 0.00114852, totNum = 3
ROUND = 4698, SUM = 6988119.99999998, bChange = 0.00114852, totNum = 3
ROUND = 4699, SUM = 6988119.99999998, bChange = 0.00114853, totNum = 3
ROUND = 4700, SUM = 6988120, bChange = 0.00114853, totNum = 3
ROUND = 4701, SUM = 6988120.00000001, bChange = 0.00114854, totNum = 3
ROUND = 4702, SUM = 6988120.00000001, bChange = 0.00114855, totNum = 3
ROUND = 4703, SUM = 6988119.99999999, bChange = 0.00114855, totNum = 3
ROUND = 4704, SUM = 6988119.99999999, bChange = 0.00114856, totNum = 3
ROUND = 4705, SUM = 6988119.99999999, bChange = 0.00114856, totNum = 3
ROUND = 4706, SUM = 6988120.00000001, bChange = 0.00114857, totNum = 3
ROUND = 4707, SUM = 6988120.00000002, bChange = 0.00114858, totNum = 3
ROUND = 4708, SUM = 6988120, bChange = 0.00114858, totNum = 3
ROUND = 4709, SUM = 6988120.00000001, bChange = 0.00114859, totNum = 3
ROUND = 4710, SUM = 6988120.00000001, bChange = 0.00114859, totNum = 3
ROUND = 4711, SUM = 6988119.99999999, bChange = 0.0011486, totNum = 3
ROUND = 4712, SUM = 6988120, bChange = 0.00114861, totNum = 3
ROUND = 4713, SUM = 6988120, bChange = 0.00114861, totNum = 3
ROUND = 4714, SUM = 6988120, bChange = 0.00114862, totNum = 3
ROUND = 4715, SUM = 6988120, bChange = 0.00114862, totNum = 3
ROUND = 4716, SUM = 6988120.00000002, bChange = 0.00114863, totNum = 3
ROUND = 4717, SUM = 6988120.00000001, bChange = 0.00114864, totNum = 3
ROUND = 4718, SUM = 6988120.00000001, bChange = 0.00114864, totNum = 3
ROUND = 4719, SUM = 6988119.99999999, bChange = 0.00114865, totNum = 3
ROUND = 4720, SUM = 6988120.00000001, bChange = 0.00114865, totNum = 3
ROUND = 4721, SUM = 6988120, bChange = 0.00114866, totNum = 3
ROUND = 4722, SUM = 6988120.00000001, bChange = 0.00114867, totNum = 3
ROUND = 4723, SUM = 6988119.99999999, bChange = 0.00114867, totNum = 2
ROUND = 4724, SUM = 6988120.00000001, bChange = 0.00114868, totNum = 2
ROUND = 4725, SUM = 6988119.99999999, bChange = 0.00114868, totNum = 2
ROUND = 4726, SUM = 6988119.99999999, bChange = 0.00114869, totNum = 2
ROUND = 4727, SUM = 6988120, bChange = 0.00114869, totNum = 2
ROUND = 4728, SUM = 6988119.99999999, bChange = 0.0011487, totNum = 2
ROUND = 4729, SUM = 6988120, bChange = 0.00114871, totNum = 2
ROUND = 4730, SUM = 6988120.00000001, bChange = 0.00114871, totNum = 2
ROUND = 4731, SUM = 6988120, bChange = 0.00114872, totNum = 2
ROUND = 4732, SUM = 6988119.99999999, bChange = 0.00114872, totNum = 2
ROUND = 4733, SUM = 6988120.00000001, bChange = 0.00114873, totNum = 2
ROUND = 4734, SUM = 6988119.99999999, bChange = 0.00114873, totNum = 2
ROUND = 4735, SUM = 6988119.99999999, bChange = 0.00114874, totNum = 2
ROUND = 4736, SUM = 6988119.99999999, bChange = 0.00114875, totNum = 2
ROUND = 4737, SUM = 6988119.99999999, bChange = 0.00114875, totNum = 2
ROUND = 4738, SUM = 6988120.00000002, bChange = 0.00114876, totNum = 2
ROUND = 4739, SUM = 6988120, bChange = 0.00114876, totNum = 2
ROUND = 4740, SUM = 6988120.00000001, bChange = 0.00114877, totNum = 2
ROUND = 4741, SUM = 6988120.00000001, bChange = 0.00114878, totNum = 2
ROUND = 4742, SUM = 6988120, bChange = 0.00114878, totNum = 2
ROUND = 4743, SUM = 6988120.00000001, bChange = 0.00114879, totNum = 2
ROUND = 4744, SUM = 6988120.00000003, bChange = 0.00114879, totNum = 2
ROUND = 4745, SUM = 6988120, bChange = 0.0011488, totNum = 2
ROUND = 4746, SUM = 6988119.99999999, bChange = 0.0011488, totNum = 2
ROUND = 4747, SUM = 6988119.99999999, bChange = 0.00114881, totNum = 2
ROUND = 4748, SUM = 6988120, bChange = 0.00114882, totNum = 2
ROUND = 4749, SUM = 6988120, bChange = 0.00114882, totNum = 2
ROUND = 4750, SUM = 6988119.99999999, bChange = 0.00114883, totNum = 2
ROUND = 4751, SUM = 6988120, bChange = 0.00114883, totNum = 2
ROUND = 4752, SUM = 6988119.99999999, bChange = 0.00114884, totNum = 2
ROUND = 4753, SUM = 6988120.00000001, bChange = 0.00114884, totNum = 2
ROUND = 4754, SUM = 6988120.00000001, bChange = 0.00114885, totNum = 2
ROUND = 4755, SUM = 6988120, bChange = 0.00114885, totNum = 2
ROUND = 4756, SUM = 6988120, bChange = 0.00114886, totNum = 2
ROUND = 4757, SUM = 6988120, bChange = 0.00114887, totNum = 2
ROUND = 4758, SUM = 6988120.00000001, bChange = 0.00114887, totNum = 2
ROUND = 4759, SUM = 6988119.99999999, bChange = 0.00114888, totNum = 2
ROUND = 4760, SUM = 6988120.00000001, bChange = 0.00114888, totNum = 2
ROUND = 4761, SUM = 6988120, bChange = 0.00114889, totNum = 2
ROUND = 4762, SUM = 6988119.99999999, bChange = 0.00114889, totNum = 2
ROUND = 4763, SUM = 6988119.99999999, bChange = 0.0011489, totNum = 2
ROUND = 4764, SUM = 6988119.99999998, bChange = 0.00114891, totNum = 2
ROUND = 4765, SUM = 6988119.99999999, bChange = 0.00114891, totNum = 2
ROUND = 4766, SUM = 6988120, bChange = 0.00114892, totNum = 2
ROUND = 4767, SUM = 6988120, bChange = 0.00114892, totNum = 2
ROUND = 4768, SUM = 6988120, bChange = 0.00114893, totNum = 2
ROUND = 4769, SUM = 6988119.99999999, bChange = 0.00114893, totNum = 2
ROUND = 4770, SUM = 6988119.99999999, bChange = 0.00114894, totNum = 2
ROUND = 4771, SUM = 6988119.99999999, bChange = 0.00114894, totNum = 2
ROUND = 4772, SUM = 6988120, bChange = 0.00114895, totNum = 2
ROUND = 4773, SUM = 6988120, bChange = 0.00114896, totNum = 2
ROUND = 4774, SUM = 6988119.99999998, bChange = 0.00114896, totNum = 2
ROUND = 4775, SUM = 6988120, bChange = 0.00114897, totNum = 2
ROUND = 4776, SUM = 6988119.99999999, bChange = 0.00114897, totNum = 2
ROUND = 4777, SUM = 6988120.00000001, bChange = 0.00114898, totNum = 2
ROUND = 4778, SUM = 6988120, bChange = 0.00114898, totNum = 2
ROUND = 4779, SUM = 6988120, bChange = 0.00114899, totNum = 2
ROUND = 4780, SUM = 6988120, bChange = 0.00114899, totNum = 2
ROUND = 4781, SUM = 6988119.99999998, bChange = 0.001149, totNum = 2
ROUND = 4782, SUM = 6988120.00000001, bChange = 0.001149, totNum = 2
ROUND = 4783, SUM = 6988120, bChange = 0.00114901, totNum = 2
ROUND = 4784, SUM = 6988119.99999999, bChange = 0.00114902, totNum = 2
ROUND = 4785, SUM = 6988119.99999999, bChange = 0.00114902, totNum = 2
ROUND = 4786, SUM = 6988119.99999998, bChange = 0.00114903, totNum = 2
ROUND = 4787, SUM = 6988120, bChange = 0.00114903, totNum = 2
ROUND = 4788, SUM = 6988119.99999999, bChange = 0.00114904, totNum = 2
ROUND = 4789, SUM = 6988120.00000001, bChange = 0.00114904, totNum = 2
ROUND = 4790, SUM = 6988120, bChange = 0.00114905, totNum = 2
ROUND = 4791, SUM = 6988120, bChange = 0.00114905, totNum = 2
ROUND = 4792, SUM = 6988120.00000002, bChange = 0.00114906, totNum = 2
ROUND = 4793, SUM = 6988120.00000001, bChange = 0.00114906, totNum = 2
ROUND = 4794, SUM = 6988120, bChange = 0.00114907, totNum = 2
ROUND = 4795, SUM = 6988120, bChange = 0.00114907, totNum = 2
ROUND = 4796, SUM = 6988119.99999999, bChange = 0.00114908, totNum = 2
ROUND = 4797, SUM = 6988120, bChange = 0.00114909, totNum = 2
ROUND = 4798, SUM = 6988120.00000002, bChange = 0.00114909, totNum = 2
ROUND = 4799, SUM = 6988120.00000002, bChange = 0.0011491, totNum = 2
ROUND = 4800, SUM = 6988120.00000001, bChange = 0.0011491, totNum = 2
ROUND = 4801, SUM = 6988120.00000001, bChange = 0.00114911, totNum = 2
ROUND = 4802, SUM = 6988120.00000001, bChange = 0.00114911, totNum = 2
ROUND = 4803, SUM = 6988120.00000001, bChange = 0.00114912, totNum = 2
ROUND = 4804, SUM = 6988119.99999999, bChange = 0.00114912, totNum = 2
ROUND = 4805, SUM = 6988119.99999999, bChange = 0.00114913, totNum = 2
ROUND = 4806, SUM = 6988120.00000001, bChange = 0.00114913, totNum = 2
ROUND = 4807, SUM = 6988120, bChange = 0.00114914, totNum = 2
ROUND = 4808, SUM = 6988120, bChange = 0.00114914, totNum = 2
ROUND = 4809, SUM = 6988120, bChange = 0.00114915, totNum = 2
ROUND = 4810, SUM = 6988120, bChange = 0.00114916, totNum = 2
ROUND = 4811, SUM = 6988120, bChange = 0.00114916, totNum = 2
ROUND = 4812, SUM = 6988120.00000001, bChange = 0.00114917, totNum = 2
ROUND = 4813, SUM = 6988120, bChange = 0.00114917, totNum = 2
ROUND = 4814, SUM = 6988119.99999998, bChange = 0.00114918, totNum = 2
ROUND = 4815, SUM = 6988119.99999999, bChange = 0.00114918, totNum = 2
ROUND = 4816, SUM = 6988120, bChange = 0.00114919, totNum = 2
ROUND = 4817, SUM = 6988119.99999999, bChange = 0.00114919, totNum = 2
ROUND = 4818, SUM = 6988120.00000001, bChange = 0.0011492, totNum = 2
ROUND = 4819, SUM = 6988119.99999998, bChange = 0.0011492, totNum = 2
ROUND = 4820, SUM = 6988119.99999998, bChange = 0.00114921, totNum = 2
ROUND = 4821, SUM = 6988119.99999997, bChange = 0.00114921, totNum = 2
ROUND = 4822, SUM = 6988119.99999999, bChange = 0.00114922, totNum = 2
ROUND = 4823, SUM = 6988119.99999998, bChange = 0.00114922, totNum = 2
ROUND = 4824, SUM = 6988119.99999999, bChange = 0.00114923, totNum = 2
ROUND = 4825, SUM = 6988119.99999998, bChange = 0.00114923, totNum = 2
ROUND = 4826, SUM = 6988119.99999999, bChange = 0.00114924, totNum = 2
ROUND = 4827, SUM = 6988119.99999999, bChange = 0.00114924, totNum = 2
ROUND = 4828, SUM = 6988119.99999998, bChange = 0.00114925, totNum = 2
ROUND = 4829, SUM = 6988119.99999999, bChange = 0.00114925, totNum = 2
ROUND = 4830, SUM = 6988120, bChange = 0.00114926, totNum = 2
ROUND = 4831, SUM = 6988119.99999998, bChange = 0.00114926, totNum = 2
ROUND = 4832, SUM = 6988120, bChange = 0.00114927, totNum = 2
ROUND = 4833, SUM = 6988120, bChange = 0.00114928, totNum = 2
ROUND = 4834, SUM = 6988120, bChange = 0.00114928, totNum = 2
ROUND = 4835, SUM = 6988119.99999999, bChange = 0.00114929, totNum = 2
ROUND = 4836, SUM = 6988119.99999999, bChange = 0.00114929, totNum = 2
ROUND = 4837, SUM = 6988119.99999999, bChange = 0.0011493, totNum = 2
ROUND = 4838, SUM = 6988120, bChange = 0.0011493, totNum = 2
ROUND = 4839, SUM = 6988119.99999999, bChange = 0.00114931, totNum = 2
ROUND = 4840, SUM = 6988119.99999999, bChange = 0.00114931, totNum = 2
ROUND = 4841, SUM = 6988120, bChange = 0.00114932, totNum = 2
ROUND = 4842, SUM = 6988119.99999998, bChange = 0.00114932, totNum = 2
ROUND = 4843, SUM = 6988120.00000001, bChange = 0.00114933, totNum = 2
ROUND = 4844, SUM = 6988119.99999999, bChange = 0.00114933, totNum = 2
ROUND = 4845, SUM = 6988119.99999997, bChange = 0.00114934, totNum = 2
ROUND = 4846, SUM = 6988119.99999999, bChange = 0.00114934, totNum = 2
ROUND = 4847, SUM = 6988119.99999999, bChange = 0.00114935, totNum = 2
ROUND = 4848, SUM = 6988119.99999999, bChange = 0.00114935, totNum = 2
ROUND = 4849, SUM = 6988119.99999999, bChange = 0.00114936, totNum = 2
ROUND = 4850, SUM = 6988120, bChange = 0.00114936, totNum = 2
ROUND = 4851, SUM = 6988119.99999997, bChange = 0.00114937, totNum = 2
ROUND = 4852, SUM = 6988119.99999999, bChange = 0.00114937, totNum = 2
ROUND = 4853, SUM = 6988120, bChange = 0.00114938, totNum = 2
ROUND = 4854, SUM = 6988119.99999999, bChange = 0.00114938, totNum = 2
ROUND = 4855, SUM = 6988120.00000001, bChange = 0.00114939, totNum = 2
ROUND = 4856, SUM = 6988120, bChange = 0.00114939, totNum = 2
ROUND = 4857, SUM = 6988120.00000001, bChange = 0.0011494, totNum = 2
ROUND = 4858, SUM = 6988120.00000001, bChange = 0.0011494, totNum = 2
ROUND = 4859, SUM = 6988119.99999999, bChange = 0.00114941, totNum = 2
ROUND = 4860, SUM = 6988119.99999999, bChange = 0.00114941, totNum = 2
ROUND = 4861, SUM = 6988120, bChange = 0.00114942, totNum = 2
ROUND = 4862, SUM = 6988120, bChange = 0.00114942, totNum = 2
ROUND = 4863, SUM = 6988119.99999999, bChange = 0.00114943, totNum = 2
ROUND = 4864, SUM = 6988120, bChange = 0.00114943, totNum = 2
ROUND = 4865, SUM = 6988120.00000001, bChange = 0.00114944, totNum = 2
ROUND = 4866, SUM = 6988120.00000001, bChange = 0.00114944, totNum = 2
ROUND = 4867, SUM = 6988119.99999998, bChange = 0.00114945, totNum = 2
ROUND = 4868, SUM = 6988120, bChange = 0.00114945, totNum = 2
ROUND = 4869, SUM = 6988120, bChange = 0.00114946, totNum = 2
ROUND = 4870, SUM = 6988120, bChange = 0.00114946, totNum = 2
ROUND = 4871, SUM = 6988120, bChange = 0.00114947, totNum = 2
ROUND = 4872, SUM = 6988120.00000001, bChange = 0.00114947, totNum = 2
ROUND = 4873, SUM = 6988120, bChange = 0.00114948, totNum = 2
ROUND = 4874, SUM = 6988120.00000001, bChange = 0.00114948, totNum = 2
ROUND = 4875, SUM = 6988120, bChange = 0.00114949, totNum = 2
ROUND = 4876, SUM = 6988119.99999999, bChange = 0.00114949, totNum = 2
ROUND = 4877, SUM = 6988119.99999999, bChange = 0.0011495, totNum = 2
ROUND = 4878, SUM = 6988120, bChange = 0.0011495, totNum = 2
ROUND = 4879, SUM = 6988119.99999998, bChange = 0.00114951, totNum = 2
ROUND = 4880, SUM = 6988120.00000001, bChange = 0.00114951, totNum = 2
ROUND = 4881, SUM = 6988119.99999999, bChange = 0.00114952, totNum = 2
ROUND = 4882, SUM = 6988120, bChange = 0.00114952, totNum = 2
ROUND = 4883, SUM = 6988120, bChange = 0.00114953, totNum = 2
ROUND = 4884, SUM = 6988119.99999998, bChange = 0.00114953, totNum = 2
ROUND = 4885, SUM = 6988120, bChange = 0.00114954, totNum = 2
ROUND = 4886, SUM = 6988120, bChange = 0.00114954, totNum = 2
ROUND = 4887, SUM = 6988120.00000001, bChange = 0.00114954, totNum = 2
ROUND = 4888, SUM = 6988119.99999997, bChange = 0.00114955, totNum = 2
ROUND = 4889, SUM = 6988119.99999999, bChange = 0.00114955, totNum = 2
ROUND = 4890, SUM = 6988120, bChange = 0.00114956, totNum = 2
ROUND = 4891, SUM = 6988120.00000001, bChange = 0.00114956, totNum = 2
ROUND = 4892, SUM = 6988119.99999999, bChange = 0.00114957, totNum = 2
ROUND = 4893, SUM = 6988120.00000001, bChange = 0.00114957, totNum = 2
ROUND = 4894, SUM = 6988119.99999999, bChange = 0.00114958, totNum = 2
ROUND = 4895, SUM = 6988120, bChange = 0.00114958, totNum = 2
ROUND = 4896, SUM = 6988120, bChange = 0.00114959, totNum = 2
ROUND = 4897, SUM = 6988119.99999999, bChange = 0.00114959, totNum = 2
ROUND = 4898, SUM = 6988120, bChange = 0.0011496, totNum = 2
ROUND = 4899, SUM = 6988119.99999999, bChange = 0.0011496, totNum = 2
ROUND = 4900, SUM = 6988119.99999999, bChange = 0.00114961, totNum = 2
ROUND = 4901, SUM = 6988119.99999998, bChange = 0.00114961, totNum = 2
ROUND = 4902, SUM = 6988120, bChange = 0.00114962, totNum = 2
ROUND = 4903, SUM = 6988119.99999999, bChange = 0.00114962, totNum = 2
ROUND = 4904, SUM = 6988119.99999999, bChange = 0.00114963, totNum = 2
ROUND = 4905, SUM = 6988119.99999997, bChange = 0.00114963, totNum = 2
ROUND = 4906, SUM = 6988120, bChange = 0.00114964, totNum = 2
ROUND = 4907, SUM = 6988120.00000002, bChange = 0.00114964, totNum = 2
ROUND = 4908, SUM = 6988119.99999998, bChange = 0.00114965, totNum = 2
ROUND = 4909, SUM = 6988119.99999999, bChange = 0.00114965, totNum = 2
ROUND = 4910, SUM = 6988120, bChange = 0.00114965, totNum = 2
ROUND = 4911, SUM = 6988119.99999999, bChange = 0.00114966, totNum = 2
ROUND = 4912, SUM = 6988120, bChange = 0.00114966, totNum = 2
ROUND = 4913, SUM = 6988120, bChange = 0.00114967, totNum = 2
ROUND = 4914, SUM = 6988120.00000001, bChange = 0.00114967, totNum = 2
ROUND = 4915, SUM = 6988120, bChange = 0.00114968, totNum = 2
ROUND = 4916, SUM = 6988120.00000001, bChange = 0.00114968, totNum = 2
ROUND = 4917, SUM = 6988120, bChange = 0.00114969, totNum = 2
ROUND = 4918, SUM = 6988119.99999998, bChange = 0.00114969, totNum = 2
ROUND = 4919, SUM = 6988119.99999998, bChange = 0.0011497, totNum = 2
ROUND = 4920, SUM = 6988120, bChange = 0.0011497, totNum = 2
ROUND = 4921, SUM = 6988120, bChange = 0.00114971, totNum = 2
ROUND = 4922, SUM = 6988120, bChange = 0.00114971, totNum = 2
ROUND = 4923, SUM = 6988120.00000001, bChange = 0.00114972, totNum = 2
ROUND = 4924, SUM = 6988120.00000001, bChange = 0.00114972, totNum = 2
ROUND = 4925, SUM = 6988119.99999999, bChange = 0.00114972, totNum = 2
ROUND = 4926, SUM = 6988119.99999998, bChange = 0.00114973, totNum = 2
ROUND = 4927, SUM = 6988120.00000001, bChange = 0.00114973, totNum = 2
ROUND = 4928, SUM = 6988119.99999998, bChange = 0.00114974, totNum = 2
ROUND = 4929, SUM = 6988119.99999999, bChange = 0.00114974, totNum = 2
ROUND = 4930, SUM = 6988120, bChange = 0.00114975, totNum = 2
ROUND = 4931, SUM = 6988119.99999998, bChange = 0.00114975, totNum = 2
ROUND = 4932, SUM = 6988119.99999999, bChange = 0.00114976, totNum = 2
ROUND = 4933, SUM = 6988120.00000001, bChange = 0.00114976, totNum = 2
ROUND = 4934, SUM = 6988120, bChange = 0.00114977, totNum = 2
ROUND = 4935, SUM = 6988119.99999999, bChange = 0.00114977, totNum = 2
ROUND = 4936, SUM = 6988120, bChange = 0.00114978, totNum = 2
ROUND = 4937, SUM = 6988119.99999997, bChange = 0.00114978, totNum = 2
ROUND = 4938, SUM = 6988119.99999999, bChange = 0.00114978, totNum = 2
ROUND = 4939, SUM = 6988119.99999999, bChange = 0.00114979, totNum = 2
ROUND = 4940, SUM = 6988120.00000001, bChange = 0.00107445, totNum = 1
ROUND = 4941, SUM = 6988120, bChange = 0.00107444, totNum = 1
ROUND = 4942, SUM = 6988120.00000001, bChange = 0.00107444, totNum = 1
ROUND = 4943, SUM = 6988120, bChange = 0.00107443, totNum = 1
ROUND = 4944, SUM = 6988119.99999999, bChange = 0.00107443, totNum = 1
ROUND = 4945, SUM = 6988119.99999998, bChange = 0.00107443, totNum = 1
ROUND = 4946, SUM = 6988120, bChange = 0.00107442, totNum = 1
ROUND = 4947, SUM = 6988119.99999998, bChange = 0.00107442, totNum = 1
ROUND = 4948, SUM = 6988119.99999999, bChange = 0.00107442, totNum = 1
ROUND = 4949, SUM = 6988119.99999999, bChange = 0.00107441, totNum = 1
ROUND = 4950, SUM = 6988119.99999998, bChange = 0.00107441, totNum = 1
ROUND = 4951, SUM = 6988120, bChange = 0.0010744, totNum = 1
ROUND = 4952, SUM = 6988120, bChange = 0.0010744, totNum = 1
ROUND = 4953, SUM = 6988119.99999999, bChange = 0.0010744, totNum = 1
ROUND = 4954, SUM = 6988119.99999998, bChange = 0.00107439, totNum = 1
ROUND = 4955, SUM = 6988120, bChange = 0.00107439, totNum = 1
ROUND = 4956, SUM = 6988119.99999998, bChange = 0.00107439, totNum = 1
ROUND = 4957, SUM = 6988120.00000001, bChange = 0.00107438, totNum = 1
ROUND = 4958, SUM = 6988119.99999999, bChange = 0.00107438, totNum = 1
ROUND = 4959, SUM = 6988120, bChange = 0.00107438, totNum = 1
ROUND = 4960, SUM = 6988119.99999999, bChange = 0.00107437, totNum = 1
ROUND = 4961, SUM = 6988119.99999999, bChange = 0.00107437, totNum = 1
ROUND = 4962, SUM = 6988120.00000001, bChange = 0.00107436, totNum = 1
ROUND = 4963, SUM = 6988119.99999999, bChange = 0.00107436, totNum = 1
ROUND = 4964, SUM = 6988120, bChange = 0.00107436, totNum = 1
ROUND = 4965, SUM = 6988119.99999999, bChange = 0.00107435, totNum = 1
ROUND = 4966, SUM = 6988120.00000001, bChange = 0.00107435, totNum = 1
ROUND = 4967, SUM = 6988120, bChange = 0.00107435, totNum = 1
ROUND = 4968, SUM = 6988120.00000002, bChange = 0.00107434, totNum = 1
ROUND = 4969, SUM = 6988119.99999999, bChange = 0.00107434, totNum = 1
ROUND = 4970, SUM = 6988120, bChange = 0.00107434, totNum = 1
ROUND = 4971, SUM = 6988119.99999997, bChange = 0.00107433, totNum = 1
ROUND = 4972, SUM = 6988119.99999997, bChange = 0.00107433, totNum = 1
ROUND = 4973, SUM = 6988120, bChange = 0.00107432, totNum = 1
ROUND = 4974, SUM = 6988119.99999998, bChange = 0.00107432, totNum = 1
ROUND = 4975, SUM = 6988120, bChange = 0.00107432, totNum = 1
ROUND = 4976, SUM = 6988120, bChange = 0.00107431, totNum = 1
ROUND = 4977, SUM = 6988120, bChange = 0.00107431, totNum = 1
ROUND = 4978, SUM = 6988120.00000001, bChange = 0.00107431, totNum = 1
ROUND = 4979, SUM = 6988120.00000001, bChange = 0.0010743, totNum = 1
ROUND = 4980, SUM = 6988120, bChange = 0.0010743, totNum = 1
ROUND = 4981, SUM = 6988119.99999999, bChange = 0.0010743, totNum = 1
ROUND = 4982, SUM = 6988120, bChange = 0.00107429, totNum = 1
ROUND = 4983, SUM = 6988120, bChange = 0.00107429, totNum = 1
ROUND = 4984, SUM = 6988120, bChange = 0.00107428, totNum = 1
ROUND = 4985, SUM = 6988119.99999997, bChange = 0.00107428, totNum = 1
ROUND = 4986, SUM = 6988120, bChange = 0.00107428, totNum = 1
ROUND = 4987, SUM = 6988120.00000001, bChange = 0.00107427, totNum = 1
ROUND = 4988, SUM = 6988119.99999999, bChange = 0.00107427, totNum = 1
ROUND = 4989, SUM = 6988120, bChange = 0.00107427, totNum = 1
ROUND = 4990, SUM = 6988119.99999998, bChange = 0.00107426, totNum = 1
ROUND = 4991, SUM = 6988120, bChange = 0.00107426, totNum = 1
ROUND = 4992, SUM = 6988120.00000001, bChange = 0.00107426, totNum = 1
ROUND = 4993, SUM = 6988120, bChange = 0.00107425, totNum = 1
ROUND = 4994, SUM = 6988120.00000001, bChange = 0.00107425, totNum = 1
ROUND = 4995, SUM = 6988119.99999999, bChange = 0.00107425, totNum = 1
ROUND = 4996, SUM = 6988120.00000001, bChange = 0.00107424, totNum = 1
ROUND = 4997, SUM = 6988119.99999999, bChange = 0.00107424, totNum = 1
ROUND = 4998, SUM = 6988120.00000001, bChange = 0.00107424, totNum = 1
ROUND = 4999, SUM = 6988120.00000001, bChange = 0.00107423, totNum = 1
ROUND = 5000, SUM = 6988119.99999998, bChange = 0.00107423, totNum = 1
ROUND = 5001, SUM = 6988120, bChange = 0.00107422, totNum = 1
ROUND = 5002, SUM = 6988120, bChange = 0.00107422, totNum = 1
ROUND = 5003, SUM = 6988119.99999998, bChange = 0.00107422, totNum = 1
ROUND = 5004, SUM = 6988119.99999999, bChange = 0.00107421, totNum = 1
ROUND = 5005, SUM = 6988119.99999999, bChange = 0.00107421, totNum = 1
ROUND = 5006, SUM = 6988119.99999999, bChange = 0.00107421, totNum = 1
ROUND = 5007, SUM = 6988119.99999998, bChange = 0.0010742, totNum = 1
ROUND = 5008, SUM = 6988119.99999997, bChange = 0.0010742, totNum = 1
ROUND = 5009, SUM = 6988119.99999998, bChange = 0.0010742, totNum = 1
ROUND = 5010, SUM = 6988119.99999999, bChange = 0.00107419, totNum = 1
ROUND = 5011, SUM = 6988120, bChange = 0.00107419, totNum = 1
ROUND = 5012, SUM = 6988119.99999999, bChange = 0.00107419, totNum = 1
ROUND = 5013, SUM = 6988119.99999999, bChange = 0.00107418, totNum = 1
ROUND = 5014, SUM = 6988119.99999999, bChange = 0.00107418, totNum = 1
ROUND = 5015, SUM = 6988119.99999998, bChange = 0.00107418, totNum = 1
ROUND = 5016, SUM = 6988119.99999999, bChange = 0.00107417, totNum = 1
ROUND = 5017, SUM = 6988119.99999999, bChange = 0.00107417, totNum = 1
ROUND = 5018, SUM = 6988119.99999998, bChange = 0.00107417, totNum = 1
ROUND = 5019, SUM = 6988119.99999997, bChange = 0.00107416, totNum = 1
ROUND = 5020, SUM = 6988119.99999997, bChange = 0.00107416, totNum = 1
ROUND = 5021, SUM = 6988119.99999997, bChange = 0.00107416, totNum = 1
ROUND = 5022, SUM = 6988119.99999999, bChange = 0.00107415, totNum = 1
ROUND = 5023, SUM = 6988119.99999999, bChange = 0.00107415, totNum = 1
ROUND = 5024, SUM = 6988119.99999999, bChange = 0.00107414, totNum = 1
ROUND = 5025, SUM = 6988120, bChange = 0.00107414, totNum = 1
ROUND = 5026, SUM = 6988119.99999999, bChange = 0.00107414, totNum = 1
ROUND = 5027, SUM = 6988119.99999999, bChange = 0.00107413, totNum = 1
ROUND = 5028, SUM = 6988119.99999999, bChange = 0.00107413, totNum = 1
ROUND = 5029, SUM = 6988119.99999999, bChange = 0.00107413, totNum = 1
ROUND = 5030, SUM = 6988120, bChange = 0.00107412, totNum = 1
ROUND = 5031, SUM = 6988120, bChange = 0.00107412, totNum = 1
ROUND = 5032, SUM = 6988119.99999996, bChange = 0.00107412, totNum = 1
ROUND = 5033, SUM = 6988119.99999999, bChange = 0.00107411, totNum = 1
ROUND = 5034, SUM = 6988119.99999998, bChange = 0.00107411, totNum = 1
ROUND = 5035, SUM = 6988119.99999998, bChange = 0.00107411, totNum = 1
ROUND = 5036, SUM = 6988119.99999998, bChange = 0.0010741, totNum = 1
ROUND = 5037, SUM = 6988119.99999998, bChange = 0.0010741, totNum = 1
ROUND = 5038, SUM = 6988119.99999999, bChange = 0.0010741, totNum = 1
ROUND = 5039, SUM = 6988120, bChange = 0.00107409, totNum = 1
ROUND = 5040, SUM = 6988119.99999999, bChange = 0.00107409, totNum = 1
ROUND = 5041, SUM = 6988120, bChange = 0.00107409, totNum = 1
ROUND = 5042, SUM = 6988120, bChange = 0.00107408, totNum = 1
ROUND = 5043, SUM = 6988120, bChange = 0.00107408, totNum = 1
ROUND = 5044, SUM = 6988119.99999999, bChange = 0.00107408, totNum = 1
ROUND = 5045, SUM = 6988120, bChange = 0.00107407, totNum = 1
ROUND = 5046, SUM = 6988120.00000001, bChange = 0.00107407, totNum = 1
ROUND = 5047, SUM = 6988119.99999998, bChange = 0.00107407, totNum = 1
ROUND = 5048, SUM = 6988119.99999999, bChange = 0.00107406, totNum = 1
ROUND = 5049, SUM = 6988120, bChange = 0.00107406, totNum = 1
ROUND = 5050, SUM = 6988119.99999999, bChange = 0.00107406, totNum = 1
ROUND = 5051, SUM = 6988119.99999999, bChange = 0.00107405, totNum = 1
ROUND = 5052, SUM = 6988119.99999999, bChange = 0.00107405, totNum = 1
ROUND = 5053, SUM = 6988119.99999998, bChange = 0.00107405, totNum = 1
ROUND = 5054, SUM = 6988120, bChange = 0.00107404, totNum = 1
ROUND = 5055, SUM = 6988119.99999998, bChange = 0.00107404, totNum = 1
ROUND = 5056, SUM = 6988119.99999999, bChange = 0.00107404, totNum = 1
ROUND = 5057, SUM = 6988120, bChange = 0.00107403, totNum = 1
ROUND = 5058, SUM = 6988119.99999999, bChange = 0.00107403, totNum = 1
ROUND = 5059, SUM = 6988119.99999998, bChange = 0.00107403, totNum = 1
ROUND = 5060, SUM = 6988119.99999998, bChange = 0.00107402, totNum = 1
ROUND = 5061, SUM = 6988119.99999999, bChange = 0.00107402, totNum = 1
ROUND = 5062, SUM = 6988119.99999998, bChange = 0.00107402, totNum = 1
ROUND = 5063, SUM = 6988120.00000001, bChange = 0.00107401, totNum = 1
ROUND = 5064, SUM = 6988120, bChange = 0.00107401, totNum = 1
ROUND = 5065, SUM = 6988119.99999999, bChange = 0.00107401, totNum = 1
ROUND = 5066, SUM = 6988120, bChange = 0.001074, totNum = 1
ROUND = 5067, SUM = 6988119.99999999, bChange = 0.001074, totNum = 1
ROUND = 5068, SUM = 6988120.00000001, bChange = 0.001074, totNum = 1
ROUND = 5069, SUM = 6988120.00000001, bChange = 0.00107399, totNum = 1
ROUND = 5070, SUM = 6988119.99999999, bChange = 0.00107399, totNum = 1
ROUND = 5071, SUM = 6988119.99999999, bChange = 0.00107399, totNum = 1
ROUND = 5072, SUM = 6988120, bChange = 0.00107398, totNum = 1
ROUND = 5073, SUM = 6988120.00000001, bChange = 0.00107398, totNum = 1
ROUND = 5074, SUM = 6988120.00000001, bChange = 0.00107398, totNum = 1
ROUND = 5075, SUM = 6988120.00000001, bChange = 0.00107397, totNum = 1
ROUND = 5076, SUM = 6988120, bChange = 0.00107397, totNum = 1
ROUND = 5077, SUM = 6988120, bChange = 0.00107397, totNum = 1
ROUND = 5078, SUM = 6988120.00000001, bChange = 0.00107397, totNum = 1
ROUND = 5079, SUM = 6988120, bChange = 0.00107396, totNum = 1
ROUND = 5080, SUM = 6988120, bChange = 0.00107396, totNum = 1
ROUND = 5081, SUM = 6988120.00000001, bChange = 0.00107396, totNum = 1
ROUND = 5082, SUM = 6988119.99999999, bChange = 0.00107395, totNum = 1
ROUND = 5083, SUM = 6988120.00000001, bChange = 0.00107395, totNum = 1
ROUND = 5084, SUM = 6988119.99999999, bChange = 0.00107395, totNum = 1
ROUND = 5085, SUM = 6988119.99999999, bChange = 0.00107394, totNum = 1
ROUND = 5086, SUM = 6988120, bChange = 0.00107394, totNum = 1
ROUND = 5087, SUM = 6988119.99999999, bChange = 0.00107394, totNum = 1
ROUND = 5088, SUM = 6988119.99999999, bChange = 0.00107393, totNum = 1
ROUND = 5089, SUM = 6988119.99999998, bChange = 0.00107393, totNum = 1
ROUND = 5090, SUM = 6988119.99999998, bChange = 0.00107393, totNum = 1
ROUND = 5091, SUM = 6988119.99999997, bChange = 0.00107392, totNum = 1
ROUND = 5092, SUM = 6988119.99999999, bChange = 0.00107392, totNum = 1
ROUND = 5093, SUM = 6988119.99999999, bChange = 0.00107392, totNum = 1
ROUND = 5094, SUM = 6988120, bChange = 0.00107391, totNum = 1
ROUND = 5095, SUM = 6988119.99999999, bChange = 0.00107391, totNum = 1
ROUND = 5096, SUM = 6988119.99999999, bChange = 0.00107391, totNum = 1
ROUND = 5097, SUM = 6988120, bChange = 0.0010739, totNum = 1
ROUND = 5098, SUM = 6988120, bChange = 0.0010739, totNum = 1
ROUND = 5099, SUM = 6988120, bChange = 0.0010739, totNum = 1
ROUND = 5100, SUM = 6988119.99999999, bChange = 0.00107389, totNum = 1
ROUND = 5101, SUM = 6988119.99999998, bChange = 0.00107389, totNum = 1
ROUND = 5102, SUM = 6988120, bChange = 0.00107389, totNum = 1
ROUND = 5103, SUM = 6988120, bChange = 0.00107389, totNum = 1
ROUND = 5104, SUM = 6988119.99999999, bChange = 0.00107388, totNum = 1
ROUND = 5105, SUM = 6988119.99999999, bChange = 0.00107388, totNum = 1
ROUND = 5106, SUM = 6988120, bChange = 0.00107388, totNum = 1
ROUND = 5107, SUM = 6988119.99999999, bChange = 0.00107387, totNum = 1
ROUND = 5108, SUM = 6988120, bChange = 0.00107387, totNum = 1
ROUND = 5109, SUM = 6988119.99999999, bChange = 0.00107387, totNum = 1
ROUND = 5110, SUM = 6988120.00000001, bChange = 0.00107386, totNum = 1
ROUND = 5111, SUM = 6988119.99999999, bChange = 0.00107386, totNum = 1
ROUND = 5112, SUM = 6988119.99999998, bChange = 0.00107386, totNum = 1
ROUND = 5113, SUM = 6988119.99999997, bChange = 0.00107385, totNum = 1
ROUND = 5114, SUM = 6988120, bChange = 0.00107385, totNum = 1
ROUND = 5115, SUM = 6988119.99999999, bChange = 0.00107385, totNum = 1
ROUND = 5116, SUM = 6988119.99999998, bChange = 0.00107384, totNum = 1
ROUND = 5117, SUM = 6988120, bChange = 0.00107384, totNum = 1
ROUND = 5118, SUM = 6988120, bChange = 0.00107384, totNum = 1
ROUND = 5119, SUM = 6988119.99999999, bChange = 0.00107384, totNum = 1
ROUND = 5120, SUM = 6988119.99999999, bChange = 0.00107383, totNum = 1
ROUND = 5121, SUM = 6988120, bChange = 0.00107383, totNum = 1
ROUND = 5122, SUM = 6988120, bChange = 0.00107383, totNum = 1
ROUND = 5123, SUM = 6988120, bChange = 0.00107382, totNum = 1
ROUND = 5124, SUM = 6988120, bChange = 0.00107382, totNum = 1
ROUND = 5125, SUM = 6988119.99999999, bChange = 0.00107382, totNum = 1
ROUND = 5126, SUM = 6988119.99999998, bChange = 0.00107381, totNum = 1
ROUND = 5127, SUM = 6988119.99999999, bChange = 0.00107381, totNum = 1
ROUND = 5128, SUM = 6988119.99999999, bChange = 0.00107381, totNum = 1
ROUND = 5129, SUM = 6988119.99999999, bChange = 0.0010738, totNum = 1
ROUND = 5130, SUM = 6988120, bChange = 0.0010738, totNum = 1
ROUND = 5131, SUM = 6988119.99999998, bChange = 0.0010738, totNum = 1
ROUND = 5132, SUM = 6988119.99999999, bChange = 0.0010738, totNum = 1
ROUND = 5133, SUM = 6988120, bChange = 0.000841667, totNum = 0
Expression Results are written!
Time Used for EM.cpp : 0 h 09 m 02 s

rsem-run-gibbs results/rsem_index/rsem results/rsem_quant/ER100002.temp/ER100002 results/rsem_quant/ER100002.stat/ER100002 200 1000 1 -p 44 --seed 1471891643
Refs.loadRefs finished!
Loading data is finished!
Loading group information is finished!
Gibbs started!
Initialization finished!
Thread 43, ROUND 100 is finished!
Thread 40, ROUND 100 is finished!
Thread 25, ROUND 100 is finished!
Thread 29, ROUND 100 is finished!
Thread 6, ROUND 100 is finished!
Thread 13, ROUND 100 is finished!
Thread 28, ROUND 100 is finished!
Thread 12, ROUND 100 is finished!
Thread 0, ROUND 100 is finished!
Thread 27, ROUND 100 is finished!
Thread 8, ROUND 100 is finished!
Thread 5, ROUND 100 is finished!
Thread 26, ROUND 100 is finished!
Thread 2, ROUND 100 is finished!
Thread 11, ROUND 100 is finished!
Thread 32, ROUND 100 is finished!
Thread 16, ROUND 100 is finished!
Thread 20, ROUND 100 is finished!
Thread 9, ROUND 100 is finished!
Thread 19, ROUND 100 is finished!
Thread 7, ROUND 100 is finished!
Thread 17, ROUND 100 is finished!
Thread 22, ROUND 100 is finished!
Thread 39, ROUND 100 is finished!
Thread 18, ROUND 100 is finished!
Thread 10, ROUND 100 is finished!
Thread 38, ROUND 100 is finished!
Thread 37, ROUND 100 is finished!
Thread 42, ROUND 100 is finished!
Thread 34, ROUND 100 is finished!
Thread 30, ROUND 100 is finished!
Thread 36, ROUND 100 is finished!
Thread 24, ROUND 100 is finished!
Thread 4, ROUND 100 is finished!
Thread 15, ROUND 100 is finished!
Thread 35, ROUND 100 is finished!
Thread 23, ROUND 100 is finished!
Thread 1, ROUND 100 is finished!
Thread 21, ROUND 100 is finished!
Thread 14, ROUND 100 is finished!
Thread 3, ROUND 100 is finished!
Thread 41, ROUND 100 is finished!
Thread 31, ROUND 100 is finished!
Thread 33, ROUND 100 is finished!
Thread 22, ROUND 200 is finished!
Thread 25, ROUND 200 is finished!
Thread 27, ROUND 200 is finished!
Thread 20, ROUND 200 is finished!
Thread 0, ROUND 200 is finished!
Thread 13, ROUND 200 is finished!
Thread 28, ROUND 200 is finished!
Thread 5, ROUND 200 is finished!
Thread 16, ROUND 200 is finished!
Thread 29, ROUND 200 is finished!
Thread 12, ROUND 200 is finished!
Thread 9, ROUND 200 is finished!
Thread 11, ROUND 200 is finished!
Thread 6, ROUND 200 is finished!
Thread 2, ROUND 200 is finished!
Thread 40, ROUND 200 is finished!
Thread 32, ROUND 200 is finished!
Thread 26, ROUND 200 is finished!
Thread 17, ROUND 200 is finished!
Thread 43, ROUND 200 is finished!
Thread 19, ROUND 200 is finished!
Thread 7, ROUND 200 is finished!
Thread 8, ROUND 200 is finished!
Thread 39, ROUND 200 is finished!
Thread 18, ROUND 200 is finished!
Thread 10, ROUND 200 is finished!
Thread 42, ROUND 200 is finished!
Thread 37, ROUND 200 is finished!
Thread 30, ROUND 200 is finished!
Thread 36, ROUND 200 is finished!
Thread 24, ROUND 200 is finished!
Thread 4, ROUND 200 is finished!
Thread 34, ROUND 200 is finished!
Thread 15, ROUND 200 is finished!
Thread 23, ROUND 200 is finished!
Thread 38, ROUND 200 is finished!
Thread 14, ROUND 200 is finished!
Thread 35, ROUND 200 is finished!
Thread 21, ROUND 200 is finished!
Thread 3, ROUND 200 is finished!
Thread 1, ROUND 200 is finished!
Thread 33, ROUND 200 is finished!
Thread 31, ROUND 200 is finished!
Thread 41, ROUND 200 is finished!
Gibbs finished!
Gibbs based expression values are written!

rsem-calculate-credibility-intervals results/rsem_index/rsem results/rsem_quant/ER100002.temp/ER100002 results/rsem_quant/ER100002.stat/ER100002 0.95 1000 50 128000 -p 44 --seed 477107655
Refs.loadRefs finished!
Sampling is finished!
In thread 34, 1000 genes are processed for CI calculation!
In thread 36, 1000 genes are processed for CI calculation!
In thread 38, 1000 genes are processed for CI calculation!
In thread 43, 1000 genes are processed for CI calculation!
In thread 41, 1000 genes are processed for CI calculation!
In thread 42, 1000 genes are processed for CI calculation!
In thread 37, 1000 genes are processed for CI calculation!
In thread 32, 1000 genes are processed for CI calculation!
In thread 29, 1000 genes are processed for CI calculation!
In thread 31, 1000 genes are processed for CI calculation!
In thread 35, 1000 genes are processed for CI calculation!
In thread 30, 1000 genes are processed for CI calculation!
In thread 39, 1000 genes are processed for CI calculation!
In thread 40, 1000 genes are processed for CI calculation!
In thread 33, 1000 genes are processed for CI calculation!
In thread 41, 2000 genes are processed for CI calculation!
In thread 43, 2000 genes are processed for CI calculation!
In thread 34, 2000 genes are processed for CI calculation!
In thread 42, 2000 genes are processed for CI calculation!
In thread 37, 2000 genes are processed for CI calculation!
In thread 36, 2000 genes are processed for CI calculation!
In thread 38, 2000 genes are processed for CI calculation!
In thread 29, 2000 genes are processed for CI calculation!
In thread 32, 2000 genes are processed for CI calculation!
In thread 28, 1000 genes are processed for CI calculation!
In thread 31, 2000 genes are processed for CI calculation!
In thread 35, 2000 genes are processed for CI calculation!
In thread 40, 2000 genes are processed for CI calculation!
In thread 30, 2000 genes are processed for CI calculation!
In thread 37, 3000 genes are processed for CI calculation!
In thread 41, 3000 genes are processed for CI calculation!
In thread 43, 3000 genes are processed for CI calculation!
In thread 33, 2000 genes are processed for CI calculation!
In thread 28, 2000 genes are processed for CI calculation!
In thread 42, 3000 genes are processed for CI calculation!
In thread 27, 1000 genes are processed for CI calculation!
In thread 34, 3000 genes are processed for CI calculation!
In thread 36, 3000 genes are processed for CI calculation!
In thread 39, 2000 genes are processed for CI calculation!
In thread 38, 3000 genes are processed for CI calculation!
In thread 29, 3000 genes are processed for CI calculation!
In thread 32, 3000 genes are processed for CI calculation!
In thread 37, 4000 genes are processed for CI calculation!
In thread 27, 2000 genes are processed for CI calculation!
In thread 40, 3000 genes are processed for CI calculation!
In thread 43, 4000 genes are processed for CI calculation!
In thread 35, 3000 genes are processed for CI calculation!
In thread 41, 4000 genes are processed for CI calculation!
In thread 42, 4000 genes are processed for CI calculation!
In thread 30, 3000 genes are processed for CI calculation!
In thread 31, 3000 genes are processed for CI calculation!
In thread 36, 4000 genes are processed for CI calculation!
In thread 25, 1000 genes are processed for CI calculation!
All credibility intervals are calculated!

rm -rf results/rsem_quant/ER100002.temp

2025-11-10 18:55:39,848 | INFO | __main__: Number of genes greater than 1 TPM: 15249
Mon Nov 10 06:55:39 PM EST 2025: Finished rsem quantification
