Mon Nov 10 08:07:32 PM EST 2025: Running rsem quantification
Mon Nov 10 08:07:32 PM EST 2025: ulimit set to 65536
2025-11-10 20:07:34,080 | INFO | __main__: Running RSEM command rsem-calculate-expression --bam --estimate-rspd --calc-ci --seed 42 -p 44 --no-bam-output --ci-memory 128000 --forward-prob 0 --paired-end results/align/ER100015/ER100015_anno.bam results/rsem_index/rsem results/rsem_quant/ER100015
rsem-parse-alignments results/rsem_index/rsem results/rsem_quant/ER100015.temp/ER100015 results/rsem_quant/ER100015.stat/ER100015 results/align/ER100015/ER100015_anno.bam 3 -tag XM
Parsed 1000000 entries
Parsed 2000000 entries
Parsed 3000000 entries
Parsed 4000000 entries
Parsed 5000000 entries
Parsed 6000000 entries
Parsed 7000000 entries
Parsed 8000000 entries
Parsed 9000000 entries
Parsed 10000000 entries
Parsed 11000000 entries
Parsed 12000000 entries
Parsed 13000000 entries
Parsed 14000000 entries
Parsed 15000000 entries
Parsed 16000000 entries
Parsed 17000000 entries
Parsed 18000000 entries
Parsed 19000000 entries
Parsed 20000000 entries
Parsed 21000000 entries
Parsed 22000000 entries
Parsed 23000000 entries
Parsed 24000000 entries
Parsed 25000000 entries
Parsed 26000000 entries
Parsed 27000000 entries
Parsed 28000000 entries
Parsed 29000000 entries
Parsed 30000000 entries
Parsed 31000000 entries
Parsed 32000000 entries
Parsed 33000000 entries
Parsed 34000000 entries
Parsed 35000000 entries
Parsed 36000000 entries
Parsed 37000000 entries
Parsed 38000000 entries
Parsed 39000000 entries
Parsed 40000000 entries
Parsed 41000000 entries
Parsed 42000000 entries
Parsed 43000000 entries
Parsed 44000000 entries
Parsed 45000000 entries
Parsed 46000000 entries
Parsed 47000000 entries
Parsed 48000000 entries
Parsed 49000000 entries
Parsed 50000000 entries
Parsed 51000000 entries
Parsed 52000000 entries
Parsed 53000000 entries
Parsed 54000000 entries
Parsed 55000000 entries
Parsed 56000000 entries
Parsed 57000000 entries
Parsed 58000000 entries
Parsed 59000000 entries
Parsed 60000000 entries
Parsed 61000000 entries
Parsed 62000000 entries
Parsed 63000000 entries
Parsed 64000000 entries
Parsed 65000000 entries
Parsed 66000000 entries
Parsed 67000000 entries
Parsed 68000000 entries
Parsed 69000000 entries
Parsed 70000000 entries
Parsed 71000000 entries
Parsed 72000000 entries
Parsed 73000000 entries
Parsed 74000000 entries
Parsed 75000000 entries
Parsed 76000000 entries
Parsed 77000000 entries
Parsed 78000000 entries
Parsed 79000000 entries
Parsed 80000000 entries
Parsed 81000000 entries
Parsed 82000000 entries
Parsed 83000000 entries
Parsed 84000000 entries
Parsed 85000000 entries
Parsed 86000000 entries
Parsed 87000000 entries
Parsed 88000000 entries
Parsed 89000000 entries
Parsed 90000000 entries
Parsed 91000000 entries
Parsed 92000000 entries
Parsed 93000000 entries
Parsed 94000000 entries
Parsed 95000000 entries
Parsed 96000000 entries
Parsed 97000000 entries
Parsed 98000000 entries
Parsed 99000000 entries
Parsed 100000000 entries
Parsed 101000000 entries
Parsed 102000000 entries
Parsed 103000000 entries
Parsed 104000000 entries
Parsed 105000000 entries
Parsed 106000000 entries
Parsed 107000000 entries
Parsed 108000000 entries
Parsed 109000000 entries
Parsed 110000000 entries
Parsed 111000000 entries
Parsed 112000000 entries
Parsed 113000000 entries
Parsed 114000000 entries
Parsed 115000000 entries
Parsed 116000000 entries
Parsed 117000000 entries
Parsed 118000000 entries
Parsed 119000000 entries
Parsed 120000000 entries
Parsed 121000000 entries
Parsed 122000000 entries
Parsed 123000000 entries
Parsed 124000000 entries
Parsed 125000000 entries
Parsed 126000000 entries
Parsed 127000000 entries
Done!

rsem-build-read-index 32 1 0 results/rsem_quant/ER100015.temp/ER100015_alignable_1.fq results/rsem_quant/ER100015.temp/ER100015_alignable_2.fq
FIN 1000000
FIN 2000000
FIN 3000000
FIN 4000000
FIN 5000000
FIN 6000000
FIN 7000000
FIN 8000000
FIN 9000000
FIN 10000000
FIN 11000000
FIN 12000000
FIN 13000000
FIN 14000000
Build Index results/rsem_quant/ER100015.temp/ER100015_alignable_1.fq is Done!
FIN 1000000
FIN 2000000
FIN 3000000
FIN 4000000
FIN 5000000
FIN 6000000
FIN 7000000
FIN 8000000
FIN 9000000
FIN 10000000
FIN 11000000
FIN 12000000
FIN 13000000
FIN 14000000
Build Index results/rsem_quant/ER100015.temp/ER100015_alignable_2.fq is Done!

rsem-run-em results/rsem_index/rsem 3 results/rsem_quant/ER100015 results/rsem_quant/ER100015.temp/ER100015 results/rsem_quant/ER100015.stat/ER100015 -p 44 --gibbs-out
Refs.loadRefs finished!
Thread 0 : N = 337335, NHit = 2891391
Thread 1 : N = 336550, NHit = 2891405
DAT 14000000 reads left
Thread 2 : N = 337331, NHit = 2891376
Thread 3 : N = 338248, NHit = 2891376
Thread 4 : N = 338410, NHit = 2891378
DAT 13000000 reads left
Thread 5 : N = 335984, NHit = 2891386
Thread 6 : N = 339206, NHit = 2891410
Thread 7 : N = 336419, NHit = 2891389
DAT 12000000 reads left
Thread 8 : N = 337765, NHit = 2891377
Thread 9 : N = 337195, NHit = 2891375
Thread 10 : N = 339021, NHit = 2891374
DAT 11000000 reads left
Thread 11 : N = 337316, NHit = 2891390
Thread 12 : N = 338228, NHit = 2891410
Thread 13 : N = 336468, NHit = 2891374
DAT 10000000 reads left
Thread 14 : N = 336565, NHit = 2891376
Thread 15 : N = 337788, NHit = 2891381
Thread 16 : N = 337686, NHit = 2891376
DAT 9000000 reads left
Thread 17 : N = 337513, NHit = 2891391
Thread 18 : N = 337015, NHit = 2891376
Thread 19 : N = 338463, NHit = 2891378
DAT 8000000 reads left
Thread 20 : N = 337172, NHit = 2891425
Thread 21 : N = 337644, NHit = 2891413
Thread 22 : N = 337489, NHit = 2891414
DAT 7000000 reads left
Thread 23 : N = 338124, NHit = 2891374
Thread 24 : N = 337520, NHit = 2891388
Thread 25 : N = 338595, NHit = 2891388
DAT 6000000 reads left
Thread 26 : N = 337942, NHit = 2891374
Thread 27 : N = 337822, NHit = 2891377
Thread 28 : N = 338103, NHit = 2891374
DAT 5000000 reads left
Thread 29 : N = 338769, NHit = 2891395
Thread 30 : N = 337452, NHit = 2891379
Thread 31 : N = 335819, NHit = 2891383
DAT 4000000 reads left
Thread 32 : N = 337790, NHit = 2891380
Thread 33 : N = 338005, NHit = 2891393
Thread 34 : N = 336505, NHit = 2891391
DAT 3000000 reads left
Thread 35 : N = 336856, NHit = 2891377
Thread 36 : N = 339778, NHit = 2891396
Thread 37 : N = 338610, NHit = 2891394
DAT 2000000 reads left
Thread 38 : N = 338627, NHit = 2891382
Thread 39 : N = 337796, NHit = 2891376
Thread 40 : N = 338079, NHit = 2891378
DAT 1000000 reads left
Thread 41 : N = 338309, NHit = 2891381
Thread 42 : N = 338303, NHit = 2891376
Thread 43 : N = 336124, NHit = 2890898
EM_init finished!
estimateFromReads, N0 finished.
1000000 READS PROCESSED
2000000 READS PROCESSED
3000000 READS PROCESSED
4000000 READS PROCESSED
5000000 READS PROCESSED
6000000 READS PROCESSED
7000000 READS PROCESSED
8000000 READS PROCESSED
9000000 READS PROCESSED
10000000 READS PROCESSED
11000000 READS PROCESSED
12000000 READS PROCESSED
13000000 READS PROCESSED
14000000 READS PROCESSED
estimateFromReads, N1 finished.
ROUND = 1, SUM = 15633585.9999999, bChange = 11500.8, totNum = 279930
ROUND = 2, SUM = 15633586, bChange = 1.16196, totNum = 149615
ROUND = 3, SUM = 15633586.0000001, bChange = 0.957618, totNum = 144382
ROUND = 4, SUM = 15633586, bChange = 0.920513, totNum = 140294
ROUND = 5, SUM = 15633585.9999999, bChange = 0.740477, totNum = 136520
ROUND = 6, SUM = 15633586, bChange = 0.685368, totNum = 132989
ROUND = 7, SUM = 15633586, bChange = 0.644348, totNum = 129587
ROUND = 8, SUM = 15633585.9999999, bChange = 0.651093, totNum = 126374
ROUND = 9, SUM = 15633586.0000001, bChange = 0.631874, totNum = 123269
ROUND = 10, SUM = 15633586, bChange = 0.626487, totNum = 120360
ROUND = 11, SUM = 15633586, bChange = 0.492449, totNum = 117502
ROUND = 12, SUM = 15633586, bChange = 0.462783, totNum = 114529
ROUND = 13, SUM = 15633586.0000002, bChange = 0.460096, totNum = 111789
ROUND = 14, SUM = 15633585.9999999, bChange = 0.435779, totNum = 109295
ROUND = 15, SUM = 15633586, bChange = 0.438892, totNum = 106802
ROUND = 16, SUM = 15633585.9999999, bChange = 0.441308, totNum = 104495
ROUND = 17, SUM = 15633586, bChange = 0.409961, totNum = 102207
ROUND = 18, SUM = 15633585.9999999, bChange = 0.412742, totNum = 100029
ROUND = 19, SUM = 15633585.9999999, bChange = 0.357643, totNum = 97807
ROUND = 20, SUM = 15633586, bChange = 0.357381, totNum = 95705
ROUND = 21, SUM = 15633585.9999999, bChange = 0.338335, totNum = 93715
ROUND = 22, SUM = 15633585.9999999, bChange = 0.303323, totNum = 91802
ROUND = 23, SUM = 15633585.9999997, bChange = 0.298039, totNum = 89959
ROUND = 24, SUM = 15633586.0000001, bChange = 0.265327, totNum = 88188
ROUND = 25, SUM = 15633585.9999999, bChange = 0.267274, totNum = 86549
ROUND = 26, SUM = 15633585.9999998, bChange = 0.246133, totNum = 84865
ROUND = 27, SUM = 15633585.9999998, bChange = 0.241074, totNum = 83271
ROUND = 28, SUM = 15633585.9999998, bChange = 0.242593, totNum = 81619
ROUND = 29, SUM = 15633585.9999998, bChange = 0.247341, totNum = 80019
ROUND = 30, SUM = 15633585.9999998, bChange = 0.251831, totNum = 78557
ROUND = 31, SUM = 15633585.9999999, bChange = 0.4904, totNum = 77135
ROUND = 32, SUM = 15633585.9999999, bChange = 0.360214, totNum = 75813
ROUND = 33, SUM = 15633585.9999998, bChange = 0.246103, totNum = 74467
ROUND = 34, SUM = 15633585.9999998, bChange = 0.212989, totNum = 73106
ROUND = 35, SUM = 15633585.9999998, bChange = 0.214218, totNum = 71823
ROUND = 36, SUM = 15633585.9999998, bChange = 0.215342, totNum = 70519
ROUND = 37, SUM = 15633585.9999999, bChange = 0.216367, totNum = 69268
ROUND = 38, SUM = 15633585.9999998, bChange = 0.217301, totNum = 68030
ROUND = 39, SUM = 15633585.9999998, bChange = 0.21815, totNum = 66944
ROUND = 40, SUM = 15633585.9999998, bChange = 0.218921, totNum = 65798
ROUND = 41, SUM = 15633585.9999998, bChange = 0.219619, totNum = 64671
ROUND = 42, SUM = 15633585.9999998, bChange = 0.19041, totNum = 63611
ROUND = 43, SUM = 15633585.9999998, bChange = 0.181512, totNum = 62563
ROUND = 44, SUM = 15633585.9999998, bChange = 0.182055, totNum = 61461
ROUND = 45, SUM = 15633585.9999999, bChange = 0.182545, totNum = 60384
ROUND = 46, SUM = 15633585.9999999, bChange = 0.182987, totNum = 59361
ROUND = 47, SUM = 15633585.9999999, bChange = 0.183383, totNum = 58355
ROUND = 48, SUM = 15633585.9999999, bChange = 0.18374, totNum = 57399
ROUND = 49, SUM = 15633585.9999997, bChange = 0.18406, totNum = 56431
ROUND = 50, SUM = 15633585.9999999, bChange = 0.184346, totNum = 55507
ROUND = 51, SUM = 15633585.9999999, bChange = 0.184603, totNum = 54578
ROUND = 52, SUM = 15633585.9999999, bChange = 0.148462, totNum = 53727
ROUND = 53, SUM = 15633585.9999998, bChange = 0.148744, totNum = 52877
ROUND = 54, SUM = 15633586, bChange = 0.14902, totNum = 51960
ROUND = 55, SUM = 15633585.9999997, bChange = 0.149291, totNum = 51111
ROUND = 56, SUM = 15633585.9999998, bChange = 0.149558, totNum = 50305
ROUND = 57, SUM = 15633585.9999997, bChange = 0.149822, totNum = 49475
ROUND = 58, SUM = 15633585.9999998, bChange = 0.150085, totNum = 48728
ROUND = 59, SUM = 15633585.9999999, bChange = 0.149935, totNum = 47910
ROUND = 60, SUM = 15633585.9999997, bChange = 0.150537, totNum = 47156
ROUND = 61, SUM = 15633585.9999998, bChange = 0.151116, totNum = 46363
ROUND = 62, SUM = 15633585.9999998, bChange = 0.151672, totNum = 45638
ROUND = 63, SUM = 15633586, bChange = 0.128058, totNum = 44927
ROUND = 64, SUM = 15633585.9999999, bChange = 0.117248, totNum = 44257
ROUND = 65, SUM = 15633585.9999998, bChange = 0.117561, totNum = 43527
ROUND = 66, SUM = 15633586, bChange = 0.117866, totNum = 42817
ROUND = 67, SUM = 15633585.9999999, bChange = 0.115734, totNum = 42190
ROUND = 68, SUM = 15633585.9999997, bChange = 0.115738, totNum = 41573
ROUND = 69, SUM = 15633585.9999998, bChange = 0.115742, totNum = 40967
ROUND = 70, SUM = 15633585.9999999, bChange = 0.115746, totNum = 40378
ROUND = 71, SUM = 15633585.9999998, bChange = 0.115749, totNum = 39755
ROUND = 72, SUM = 15633585.9999998, bChange = 0.115751, totNum = 39168
ROUND = 73, SUM = 15633585.9999997, bChange = 0.115754, totNum = 38599
ROUND = 74, SUM = 15633585.9999998, bChange = 0.109096, totNum = 38037
ROUND = 75, SUM = 15633585.9999997, bChange = 0.109281, totNum = 37497
ROUND = 76, SUM = 15633585.9999999, bChange = 0.10946, totNum = 36898
ROUND = 77, SUM = 15633585.9999998, bChange = 0.109632, totNum = 36358
ROUND = 78, SUM = 15633585.9999997, bChange = 0.109798, totNum = 35820
ROUND = 79, SUM = 15633585.9999997, bChange = 0.109959, totNum = 35344
ROUND = 80, SUM = 15633585.9999997, bChange = 0.110114, totNum = 34788
ROUND = 81, SUM = 15633585.9999998, bChange = 0.110264, totNum = 34284
ROUND = 82, SUM = 15633585.9999999, bChange = 0.110664, totNum = 33800
ROUND = 83, SUM = 15633585.9999997, bChange = 0.112278, totNum = 33351
ROUND = 84, SUM = 15633585.9999997, bChange = 0.113597, totNum = 32893
ROUND = 85, SUM = 15633585.9999997, bChange = 0.114687, totNum = 32436
ROUND = 86, SUM = 15633585.9999998, bChange = 0.107172, totNum = 31979
ROUND = 87, SUM = 15633585.9999998, bChange = 0.107146, totNum = 31524
ROUND = 88, SUM = 15633585.9999998, bChange = 0.107119, totNum = 31084
ROUND = 89, SUM = 15633585.9999996, bChange = 0.107092, totNum = 30657
ROUND = 90, SUM = 15633585.9999997, bChange = 0.107065, totNum = 30210
ROUND = 91, SUM = 15633585.9999998, bChange = 0.107038, totNum = 29814
ROUND = 92, SUM = 15633585.9999998, bChange = 0.088491, totNum = 29405
ROUND = 93, SUM = 15633585.9999996, bChange = 0.117863, totNum = 28999
ROUND = 94, SUM = 15633585.9999998, bChange = 0.101073, totNum = 28594
ROUND = 95, SUM = 15633585.9999997, bChange = 0.0886935, totNum = 28205
ROUND = 96, SUM = 15633585.9999997, bChange = 0.0887546, totNum = 27832
ROUND = 97, SUM = 15633585.9999999, bChange = 0.0792539, totNum = 27453
ROUND = 98, SUM = 15633585.9999998, bChange = 0.0792451, totNum = 27093
ROUND = 99, SUM = 15633585.9999997, bChange = 0.0792364, totNum = 26736
ROUND = 100, SUM = 15633585.9999997, bChange = 0.0792277, totNum = 26408
ROUND = 101, SUM = 15633585.9999996, bChange = 0.0781932, totNum = 26067
ROUND = 102, SUM = 15633585.9999997, bChange = 0.0759007, totNum = 25700
ROUND = 103, SUM = 15633585.9999998, bChange = 0.0759368, totNum = 25403
ROUND = 104, SUM = 15633585.9999996, bChange = 0.0742424, totNum = 25064
ROUND = 105, SUM = 15633585.9999997, bChange = 0.0742783, totNum = 24727
ROUND = 106, SUM = 15633585.9999996, bChange = 0.0733614, totNum = 24402
ROUND = 107, SUM = 15633585.9999997, bChange = 0.0733872, totNum = 24106
ROUND = 108, SUM = 15633585.9999995, bChange = 0.0734121, totNum = 23814
ROUND = 109, SUM = 15633585.9999999, bChange = 0.073436, totNum = 23578
ROUND = 110, SUM = 15633585.9999997, bChange = 0.073459, totNum = 23281
ROUND = 111, SUM = 15633585.9999999, bChange = 0.0735725, totNum = 22963
ROUND = 112, SUM = 15633585.9999999, bChange = 0.0736902, totNum = 22700
ROUND = 113, SUM = 15633585.9999997, bChange = 0.0738039, totNum = 22404
ROUND = 114, SUM = 15633585.9999998, bChange = 0.0697066, totNum = 22130
ROUND = 115, SUM = 15633585.9999997, bChange = 0.0697261, totNum = 21830
ROUND = 116, SUM = 15633585.9999997, bChange = 0.0697445, totNum = 21561
ROUND = 117, SUM = 15633585.9999997, bChange = 0.0697621, totNum = 21293
ROUND = 118, SUM = 15633585.9999998, bChange = 0.0697787, totNum = 21046
ROUND = 119, SUM = 15633585.9999997, bChange = 0.0697946, totNum = 20808
ROUND = 120, SUM = 15633585.9999997, bChange = 0.0698096, totNum = 20577
ROUND = 121, SUM = 15633585.9999998, bChange = 0.0698239, totNum = 20322
ROUND = 122, SUM = 15633585.9999998, bChange = 0.0698374, totNum = 20079
ROUND = 123, SUM = 15633585.9999997, bChange = 0.0698503, totNum = 19866
ROUND = 124, SUM = 15633585.9999997, bChange = 0.0698626, totNum = 19607
ROUND = 125, SUM = 15633585.9999997, bChange = 0.06846, totNum = 19346
ROUND = 126, SUM = 15633585.9999997, bChange = 0.0684286, totNum = 19137
ROUND = 127, SUM = 15633585.9999997, bChange = 0.0683979, totNum = 18923
ROUND = 128, SUM = 15633585.9999998, bChange = 0.0683677, totNum = 18703
ROUND = 129, SUM = 15633585.9999997, bChange = 0.0683381, totNum = 18478
ROUND = 130, SUM = 15633585.9999997, bChange = 0.0683091, totNum = 18255
ROUND = 131, SUM = 15633585.9999995, bChange = 0.0682807, totNum = 18037
ROUND = 132, SUM = 15633585.9999996, bChange = 0.0638068, totNum = 17832
ROUND = 133, SUM = 15633585.9999997, bChange = 0.0638208, totNum = 17639
ROUND = 134, SUM = 15633585.9999998, bChange = 0.0638341, totNum = 17448
ROUND = 135, SUM = 15633585.9999997, bChange = 0.0638468, totNum = 17262
ROUND = 136, SUM = 15633585.9999997, bChange = 0.0638588, totNum = 17070
ROUND = 137, SUM = 15633585.9999997, bChange = 0.0638703, totNum = 16873
ROUND = 138, SUM = 15633585.9999997, bChange = 0.118134, totNum = 16675
ROUND = 139, SUM = 15633585.9999998, bChange = 0.106851, totNum = 16517
ROUND = 140, SUM = 15633585.9999997, bChange = 0.0962743, totNum = 16343
ROUND = 141, SUM = 15633585.9999998, bChange = 0.0865752, totNum = 16155
ROUND = 142, SUM = 15633585.9999997, bChange = 0.0778531, totNum = 15960
ROUND = 143, SUM = 15633585.9999998, bChange = 0.0701402, totNum = 15781
ROUND = 144, SUM = 15633585.9999997, bChange = 0.0634115, totNum = 15610
ROUND = 145, SUM = 15633585.9999998, bChange = 0.0576, totNum = 15443
ROUND = 146, SUM = 15633585.9999997, bChange = 0.0542842, totNum = 15281
ROUND = 147, SUM = 15633585.9999997, bChange = 0.0542921, totNum = 15128
ROUND = 148, SUM = 15633585.9999997, bChange = 0.0542996, totNum = 14984
ROUND = 149, SUM = 15633585.9999998, bChange = 0.054307, totNum = 14820
ROUND = 150, SUM = 15633585.9999997, bChange = 0.054314, totNum = 14648
ROUND = 151, SUM = 15633585.9999996, bChange = 0.0543208, totNum = 14479
ROUND = 152, SUM = 15633585.9999997, bChange = 0.0543274, totNum = 14333
ROUND = 153, SUM = 15633585.9999997, bChange = 0.0543338, totNum = 14184
ROUND = 154, SUM = 15633585.9999997, bChange = 0.05434, totNum = 14015
ROUND = 155, SUM = 15633585.9999996, bChange = 0.0543459, totNum = 13867
ROUND = 156, SUM = 15633585.9999997, bChange = 0.0543517, totNum = 13721
ROUND = 157, SUM = 15633585.9999997, bChange = 0.0543573, totNum = 13593
ROUND = 158, SUM = 15633585.9999998, bChange = 0.0543627, totNum = 13450
ROUND = 159, SUM = 15633585.9999997, bChange = 0.0543679, totNum = 13337
ROUND = 160, SUM = 15633585.9999997, bChange = 0.0543729, totNum = 13217
ROUND = 161, SUM = 15633585.9999997, bChange = 0.0543778, totNum = 13093
ROUND = 162, SUM = 15633585.9999997, bChange = 0.0543826, totNum = 12970
ROUND = 163, SUM = 15633585.9999997, bChange = 0.0543871, totNum = 12854
ROUND = 164, SUM = 15633585.9999996, bChange = 0.0543916, totNum = 12733
ROUND = 165, SUM = 15633585.9999997, bChange = 0.0543959, totNum = 12617
ROUND = 166, SUM = 15633585.9999997, bChange = 0.0522893, totNum = 12511
ROUND = 167, SUM = 15633585.9999998, bChange = 0.0522922, totNum = 12379
ROUND = 168, SUM = 15633585.9999998, bChange = 0.0522949, totNum = 12267
ROUND = 169, SUM = 15633585.9999997, bChange = 0.0522975, totNum = 12126
ROUND = 170, SUM = 15633585.9999996, bChange = 0.0523, totNum = 12017
ROUND = 171, SUM = 15633585.9999996, bChange = 0.0523025, totNum = 11928
ROUND = 172, SUM = 15633585.9999997, bChange = 0.0523048, totNum = 11828
ROUND = 173, SUM = 15633585.9999997, bChange = 0.052307, totNum = 11713
ROUND = 174, SUM = 15633585.9999996, bChange = 0.0523091, totNum = 11586
ROUND = 175, SUM = 15633585.9999997, bChange = 0.0523111, totNum = 11476
ROUND = 176, SUM = 15633585.9999998, bChange = 0.0423015, totNum = 11387
ROUND = 177, SUM = 15633585.9999997, bChange = 0.0423068, totNum = 11281
ROUND = 178, SUM = 15633585.9999997, bChange = 0.0423119, totNum = 11176
ROUND = 179, SUM = 15633585.9999997, bChange = 0.042317, totNum = 11084
ROUND = 180, SUM = 15633585.9999997, bChange = 0.0423219, totNum = 10988
ROUND = 181, SUM = 15633585.9999998, bChange = 0.0423266, totNum = 10902
ROUND = 182, SUM = 15633585.9999996, bChange = 0.0423313, totNum = 10795
ROUND = 183, SUM = 15633585.9999997, bChange = 0.0423358, totNum = 10675
ROUND = 184, SUM = 15633585.9999999, bChange = 0.0423402, totNum = 10578
ROUND = 185, SUM = 15633585.9999998, bChange = 0.0423445, totNum = 10490
ROUND = 186, SUM = 15633585.9999997, bChange = 0.0423487, totNum = 10398
ROUND = 187, SUM = 15633585.9999997, bChange = 0.0423528, totNum = 10302
ROUND = 188, SUM = 15633585.9999997, bChange = 0.0423568, totNum = 10221
ROUND = 189, SUM = 15633585.9999998, bChange = 0.0423607, totNum = 10148
ROUND = 190, SUM = 15633585.9999996, bChange = 0.0423645, totNum = 10054
ROUND = 191, SUM = 15633585.9999997, bChange = 0.0423682, totNum = 9965
ROUND = 192, SUM = 15633585.9999998, bChange = 0.0423718, totNum = 9892
ROUND = 193, SUM = 15633585.9999997, bChange = 0.0423753, totNum = 9822
ROUND = 194, SUM = 15633585.9999998, bChange = 0.0410303, totNum = 9745
ROUND = 195, SUM = 15633585.9999997, bChange = 0.0410628, totNum = 9671
ROUND = 196, SUM = 15633585.9999996, bChange = 0.0410947, totNum = 9600
ROUND = 197, SUM = 15633585.9999996, bChange = 0.0411263, totNum = 9532
ROUND = 198, SUM = 15633585.9999997, bChange = 0.0411573, totNum = 9449
ROUND = 199, SUM = 15633585.9999998, bChange = 0.041188, totNum = 9382
ROUND = 200, SUM = 15633585.9999997, bChange = 0.0412182, totNum = 9311
ROUND = 201, SUM = 15633585.9999997, bChange = 0.041248, totNum = 9256
ROUND = 202, SUM = 15633585.9999997, bChange = 0.0412773, totNum = 9180
ROUND = 203, SUM = 15633585.9999997, bChange = 0.0413062, totNum = 9107
ROUND = 204, SUM = 15633585.9999997, bChange = 0.0413348, totNum = 9047
ROUND = 205, SUM = 15633585.9999997, bChange = 0.0413629, totNum = 8977
ROUND = 206, SUM = 15633585.9999998, bChange = 0.0413906, totNum = 8900
ROUND = 207, SUM = 15633585.9999997, bChange = 0.041418, totNum = 8828
ROUND = 208, SUM = 15633585.9999997, bChange = 0.0385549, totNum = 8769
ROUND = 209, SUM = 15633585.9999997, bChange = 0.0385733, totNum = 8710
ROUND = 210, SUM = 15633585.9999997, bChange = 0.0385913, totNum = 8637
ROUND = 211, SUM = 15633585.9999997, bChange = 0.0386092, totNum = 8566
ROUND = 212, SUM = 15633585.9999995, bChange = 0.0386267, totNum = 8486
ROUND = 213, SUM = 15633585.9999997, bChange = 0.0373573, totNum = 8415
ROUND = 214, SUM = 15633585.9999998, bChange = 0.0345549, totNum = 8354
ROUND = 215, SUM = 15633585.9999997, bChange = 0.0345558, totNum = 8294
ROUND = 216, SUM = 15633585.9999997, bChange = 0.0345566, totNum = 8224
ROUND = 217, SUM = 15633585.9999997, bChange = 0.0345573, totNum = 8166
ROUND = 218, SUM = 15633585.9999997, bChange = 0.0345581, totNum = 8111
ROUND = 219, SUM = 15633585.9999998, bChange = 0.0345588, totNum = 8048
ROUND = 220, SUM = 15633585.9999996, bChange = 0.0345595, totNum = 7974
ROUND = 221, SUM = 15633585.9999996, bChange = 0.0345602, totNum = 7923
ROUND = 222, SUM = 15633585.9999996, bChange = 0.0345609, totNum = 7863
ROUND = 223, SUM = 15633585.9999997, bChange = 0.0345615, totNum = 7799
ROUND = 224, SUM = 15633585.9999996, bChange = 0.0345622, totNum = 7740
ROUND = 225, SUM = 15633585.9999996, bChange = 0.0345628, totNum = 7683
ROUND = 226, SUM = 15633585.9999996, bChange = 0.0345634, totNum = 7623
ROUND = 227, SUM = 15633585.9999997, bChange = 0.034564, totNum = 7567
ROUND = 228, SUM = 15633585.9999997, bChange = 0.0345646, totNum = 7511
ROUND = 229, SUM = 15633585.9999996, bChange = 0.0345651, totNum = 7456
ROUND = 230, SUM = 15633585.9999998, bChange = 0.0345656, totNum = 7400
ROUND = 231, SUM = 15633585.9999997, bChange = 0.0345662, totNum = 7358
ROUND = 232, SUM = 15633585.9999996, bChange = 0.0345667, totNum = 7292
ROUND = 233, SUM = 15633585.9999997, bChange = 0.0345672, totNum = 7241
ROUND = 234, SUM = 15633585.9999997, bChange = 0.0345677, totNum = 7193
ROUND = 235, SUM = 15633585.9999997, bChange = 0.0345681, totNum = 7152
ROUND = 236, SUM = 15633585.9999998, bChange = 0.0345686, totNum = 7091
ROUND = 237, SUM = 15633585.9999997, bChange = 0.034569, totNum = 7043
ROUND = 238, SUM = 15633585.9999997, bChange = 0.0345694, totNum = 6993
ROUND = 239, SUM = 15633585.9999998, bChange = 0.0345699, totNum = 6944
ROUND = 240, SUM = 15633585.9999997, bChange = 0.0345703, totNum = 6901
ROUND = 241, SUM = 15633585.9999998, bChange = 0.0304775, totNum = 6855
ROUND = 242, SUM = 15633585.9999997, bChange = 0.0304779, totNum = 6798
ROUND = 243, SUM = 15633585.9999998, bChange = 0.0304783, totNum = 6753
ROUND = 244, SUM = 15633585.9999997, bChange = 0.0304786, totNum = 6712
ROUND = 245, SUM = 15633585.9999997, bChange = 0.030479, totNum = 6671
ROUND = 246, SUM = 15633585.9999997, bChange = 0.0304794, totNum = 6642
ROUND = 247, SUM = 15633585.9999998, bChange = 0.0304797, totNum = 6594
ROUND = 248, SUM = 15633585.9999996, bChange = 0.03048, totNum = 6548
ROUND = 249, SUM = 15633585.9999997, bChange = 0.0304804, totNum = 6491
ROUND = 250, SUM = 15633585.9999998, bChange = 0.0304807, totNum = 6454
ROUND = 251, SUM = 15633585.9999997, bChange = 0.030481, totNum = 6417
ROUND = 252, SUM = 15633585.9999997, bChange = 0.0304813, totNum = 6376
ROUND = 253, SUM = 15633585.9999996, bChange = 0.0304816, totNum = 6332
ROUND = 254, SUM = 15633585.9999996, bChange = 0.0304818, totNum = 6288
ROUND = 255, SUM = 15633585.9999997, bChange = 0.0304821, totNum = 6247
ROUND = 256, SUM = 15633585.9999997, bChange = 0.0304824, totNum = 6200
ROUND = 257, SUM = 15633585.9999997, bChange = 0.0304826, totNum = 6155
ROUND = 258, SUM = 15633585.9999997, bChange = 0.0304829, totNum = 6110
ROUND = 259, SUM = 15633585.9999998, bChange = 0.0304831, totNum = 6065
ROUND = 260, SUM = 15633585.9999996, bChange = 0.0304833, totNum = 6031
ROUND = 261, SUM = 15633585.9999997, bChange = 0.0304835, totNum = 6005
ROUND = 262, SUM = 15633585.9999997, bChange = 0.0304838, totNum = 5962
ROUND = 263, SUM = 15633585.9999996, bChange = 0.0292841, totNum = 5918
ROUND = 264, SUM = 15633585.9999997, bChange = 0.0292841, totNum = 5893
ROUND = 265, SUM = 15633585.9999998, bChange = 0.0292841, totNum = 5858
ROUND = 266, SUM = 15633585.9999997, bChange = 0.0292841, totNum = 5823
ROUND = 267, SUM = 15633585.9999998, bChange = 0.0275648, totNum = 5784
ROUND = 268, SUM = 15633585.9999997, bChange = 0.0275729, totNum = 5737
ROUND = 269, SUM = 15633585.9999997, bChange = 0.0275808, totNum = 5704
ROUND = 270, SUM = 15633585.9999997, bChange = 0.0275887, totNum = 5662
ROUND = 271, SUM = 15633585.9999996, bChange = 0.0275966, totNum = 5625
ROUND = 272, SUM = 15633585.9999997, bChange = 0.0276043, totNum = 5578
ROUND = 273, SUM = 15633585.9999997, bChange = 0.0276119, totNum = 5536
ROUND = 274, SUM = 15633585.9999998, bChange = 0.0276195, totNum = 5495
ROUND = 275, SUM = 15633585.9999997, bChange = 0.027627, totNum = 5439
ROUND = 276, SUM = 15633585.9999998, bChange = 0.0276344, totNum = 5402
ROUND = 277, SUM = 15633585.9999997, bChange = 0.0276417, totNum = 5367
ROUND = 278, SUM = 15633585.9999996, bChange = 0.027649, totNum = 5327
ROUND = 279, SUM = 15633585.9999998, bChange = 0.0276562, totNum = 5293
ROUND = 280, SUM = 15633585.9999996, bChange = 0.0276633, totNum = 5259
ROUND = 281, SUM = 15633585.9999997, bChange = 0.0276703, totNum = 5206
ROUND = 282, SUM = 15633585.9999997, bChange = 0.0252919, totNum = 5175
ROUND = 283, SUM = 15633585.9999998, bChange = 0.0252925, totNum = 5141
ROUND = 284, SUM = 15633585.9999997, bChange = 0.0252932, totNum = 5121
ROUND = 285, SUM = 15633585.9999999, bChange = 0.0252938, totNum = 5089
ROUND = 286, SUM = 15633585.9999997, bChange = 0.0252944, totNum = 5065
ROUND = 287, SUM = 15633585.9999998, bChange = 0.0252951, totNum = 5029
ROUND = 288, SUM = 15633585.9999998, bChange = 0.0252957, totNum = 5002
ROUND = 289, SUM = 15633585.9999997, bChange = 0.0252963, totNum = 4978
ROUND = 290, SUM = 15633585.9999998, bChange = 0.025297, totNum = 4959
ROUND = 291, SUM = 15633585.9999998, bChange = 0.0252976, totNum = 4922
ROUND = 292, SUM = 15633585.9999997, bChange = 0.0252983, totNum = 4898
ROUND = 293, SUM = 15633585.9999997, bChange = 0.0252989, totNum = 4874
ROUND = 294, SUM = 15633585.9999996, bChange = 0.0252996, totNum = 4847
ROUND = 295, SUM = 15633585.9999997, bChange = 0.0253002, totNum = 4827
ROUND = 296, SUM = 15633585.9999998, bChange = 0.0253009, totNum = 4799
ROUND = 297, SUM = 15633585.9999997, bChange = 0.0253015, totNum = 4771
ROUND = 298, SUM = 15633585.9999997, bChange = 0.0253021, totNum = 4742
ROUND = 299, SUM = 15633585.9999997, bChange = 0.0243698, totNum = 4710
ROUND = 300, SUM = 15633585.9999996, bChange = 0.0243716, totNum = 4680
ROUND = 301, SUM = 15633585.9999997, bChange = 0.0243735, totNum = 4656
ROUND = 302, SUM = 15633585.9999997, bChange = 0.0243753, totNum = 4623
ROUND = 303, SUM = 15633585.9999996, bChange = 0.0226652, totNum = 4604
ROUND = 304, SUM = 15633585.9999998, bChange = 0.0226653, totNum = 4570
ROUND = 305, SUM = 15633585.9999997, bChange = 0.0226655, totNum = 4548
ROUND = 306, SUM = 15633585.9999997, bChange = 0.0226656, totNum = 4522
ROUND = 307, SUM = 15633585.9999997, bChange = 0.0226658, totNum = 4496
ROUND = 308, SUM = 15633585.9999998, bChange = 0.0226659, totNum = 4482
ROUND = 309, SUM = 15633585.9999996, bChange = 0.022666, totNum = 4466
ROUND = 310, SUM = 15633585.9999997, bChange = 0.0226662, totNum = 4439
ROUND = 311, SUM = 15633585.9999997, bChange = 0.0226663, totNum = 4422
ROUND = 312, SUM = 15633585.9999997, bChange = 0.0226664, totNum = 4400
ROUND = 313, SUM = 15633585.9999997, bChange = 0.0226666, totNum = 4376
ROUND = 314, SUM = 15633585.9999998, bChange = 0.0226667, totNum = 4354
ROUND = 315, SUM = 15633585.9999997, bChange = 0.0226668, totNum = 4334
ROUND = 316, SUM = 15633585.9999997, bChange = 0.0226669, totNum = 4313
ROUND = 317, SUM = 15633585.9999997, bChange = 0.022667, totNum = 4286
ROUND = 318, SUM = 15633585.9999997, bChange = 0.0226672, totNum = 4271
ROUND = 319, SUM = 15633585.9999997, bChange = 0.0226673, totNum = 4251
ROUND = 320, SUM = 15633585.9999997, bChange = 0.0226674, totNum = 4223
ROUND = 321, SUM = 15633585.9999998, bChange = 0.0226675, totNum = 4198
ROUND = 322, SUM = 15633585.9999998, bChange = 0.0226676, totNum = 4175
ROUND = 323, SUM = 15633585.9999997, bChange = 0.0226677, totNum = 4151
ROUND = 324, SUM = 15633585.9999998, bChange = 0.0226678, totNum = 4124
ROUND = 325, SUM = 15633585.9999997, bChange = 0.0226679, totNum = 4105
ROUND = 326, SUM = 15633585.9999997, bChange = 0.022668, totNum = 4085
ROUND = 327, SUM = 15633585.9999997, bChange = 0.0226681, totNum = 4073
ROUND = 328, SUM = 15633585.9999997, bChange = 0.0226682, totNum = 4048
ROUND = 329, SUM = 15633585.9999997, bChange = 0.0226682, totNum = 4030
ROUND = 330, SUM = 15633585.9999997, bChange = 0.0226683, totNum = 3999
ROUND = 331, SUM = 15633585.9999997, bChange = 0.0226684, totNum = 3977
ROUND = 332, SUM = 15633585.9999997, bChange = 0.0226685, totNum = 3967
ROUND = 333, SUM = 15633585.9999998, bChange = 0.0226686, totNum = 3952
ROUND = 334, SUM = 15633585.9999999, bChange = 0.0226687, totNum = 3935
ROUND = 335, SUM = 15633585.9999997, bChange = 0.0226687, totNum = 3921
ROUND = 336, SUM = 15633585.9999997, bChange = 0.0226688, totNum = 3901
ROUND = 337, SUM = 15633585.9999998, bChange = 0.0226689, totNum = 3879
ROUND = 338, SUM = 15633585.9999998, bChange = 0.0226689, totNum = 3858
ROUND = 339, SUM = 15633585.9999999, bChange = 0.022669, totNum = 3835
ROUND = 340, SUM = 15633585.9999998, bChange = 0.0226691, totNum = 3816
ROUND = 341, SUM = 15633585.9999997, bChange = 0.0226692, totNum = 3799
ROUND = 342, SUM = 15633585.9999998, bChange = 0.0226692, totNum = 3788
ROUND = 343, SUM = 15633585.9999997, bChange = 0.0226693, totNum = 3767
ROUND = 344, SUM = 15633585.9999997, bChange = 0.0226693, totNum = 3744
ROUND = 345, SUM = 15633585.9999996, bChange = 0.0226694, totNum = 3730
ROUND = 346, SUM = 15633585.9999998, bChange = 0.0226695, totNum = 3716
ROUND = 347, SUM = 15633585.9999998, bChange = 0.0226695, totNum = 3695
ROUND = 348, SUM = 15633585.9999998, bChange = 0.0226696, totNum = 3674
ROUND = 349, SUM = 15633585.9999999, bChange = 0.0226696, totNum = 3651
ROUND = 350, SUM = 15633585.9999997, bChange = 0.0226697, totNum = 3637
ROUND = 351, SUM = 15633585.9999998, bChange = 0.0226697, totNum = 3626
ROUND = 352, SUM = 15633585.9999997, bChange = 0.0226698, totNum = 3603
ROUND = 353, SUM = 15633585.9999997, bChange = 0.0226698, totNum = 3594
ROUND = 354, SUM = 15633585.9999998, bChange = 0.0226699, totNum = 3578
ROUND = 355, SUM = 15633585.9999997, bChange = 0.0226699, totNum = 3558
ROUND = 356, SUM = 15633585.9999998, bChange = 0.02267, totNum = 3544
ROUND = 357, SUM = 15633585.9999997, bChange = 0.02267, totNum = 3520
ROUND = 358, SUM = 15633585.9999998, bChange = 0.0226701, totNum = 3505
ROUND = 359, SUM = 15633585.9999997, bChange = 0.0221875, totNum = 3482
ROUND = 360, SUM = 15633585.9999997, bChange = 0.0221879, totNum = 3459
ROUND = 361, SUM = 15633585.9999998, bChange = 0.0221883, totNum = 3438
ROUND = 362, SUM = 15633585.9999997, bChange = 0.0221887, totNum = 3426
ROUND = 363, SUM = 15633585.9999997, bChange = 0.0221891, totNum = 3407
ROUND = 364, SUM = 15633585.9999997, bChange = 0.0221895, totNum = 3396
ROUND = 365, SUM = 15633585.9999998, bChange = 0.0221898, totNum = 3388
ROUND = 366, SUM = 15633585.9999998, bChange = 0.0221902, totNum = 3374
ROUND = 367, SUM = 15633585.9999997, bChange = 0.0221906, totNum = 3356
ROUND = 368, SUM = 15633585.9999998, bChange = 0.0221909, totNum = 3333
ROUND = 369, SUM = 15633585.9999998, bChange = 0.0221913, totNum = 3322
ROUND = 370, SUM = 15633585.9999997, bChange = 0.0221916, totNum = 3312
ROUND = 371, SUM = 15633585.9999998, bChange = 0.0221919, totNum = 3296
ROUND = 372, SUM = 15633585.9999996, bChange = 0.0221923, totNum = 3275
ROUND = 373, SUM = 15633585.9999998, bChange = 0.0221926, totNum = 3263
ROUND = 374, SUM = 15633585.9999997, bChange = 0.0221929, totNum = 3254
ROUND = 375, SUM = 15633585.9999997, bChange = 0.0221933, totNum = 3244
ROUND = 376, SUM = 15633585.9999997, bChange = 0.0221936, totNum = 3227
ROUND = 377, SUM = 15633585.9999997, bChange = 0.0221939, totNum = 3214
ROUND = 378, SUM = 15633585.9999998, bChange = 0.0221942, totNum = 3192
ROUND = 379, SUM = 15633585.9999998, bChange = 0.018738, totNum = 3176
ROUND = 380, SUM = 15633585.9999998, bChange = 0.0168584, totNum = 3161
ROUND = 381, SUM = 15633585.9999997, bChange = 0.0168585, totNum = 3145
ROUND = 382, SUM = 15633585.9999998, bChange = 0.0168586, totNum = 3134
ROUND = 383, SUM = 15633585.9999997, bChange = 0.0168587, totNum = 3120
ROUND = 384, SUM = 15633585.9999998, bChange = 0.0168588, totNum = 3109
ROUND = 385, SUM = 15633585.9999998, bChange = 0.0168589, totNum = 3093
ROUND = 386, SUM = 15633585.9999998, bChange = 0.016859, totNum = 3082
ROUND = 387, SUM = 15633585.9999997, bChange = 0.0168591, totNum = 3069
ROUND = 388, SUM = 15633585.9999998, bChange = 0.0168592, totNum = 3055
ROUND = 389, SUM = 15633585.9999998, bChange = 0.0168592, totNum = 3042
ROUND = 390, SUM = 15633585.9999996, bChange = 0.0168593, totNum = 3031
ROUND = 391, SUM = 15633585.9999998, bChange = 0.0168594, totNum = 3021
ROUND = 392, SUM = 15633585.9999999, bChange = 0.0168595, totNum = 3013
ROUND = 393, SUM = 15633585.9999998, bChange = 0.0168596, totNum = 2995
ROUND = 394, SUM = 15633585.9999999, bChange = 0.0168597, totNum = 2977
ROUND = 395, SUM = 15633585.9999997, bChange = 0.0168598, totNum = 2962
ROUND = 396, SUM = 15633585.9999998, bChange = 0.0168598, totNum = 2953
ROUND = 397, SUM = 15633585.9999998, bChange = 0.0168599, totNum = 2940
ROUND = 398, SUM = 15633585.9999997, bChange = 0.01686, totNum = 2929
ROUND = 399, SUM = 15633585.9999998, bChange = 0.0168601, totNum = 2915
ROUND = 400, SUM = 15633585.9999998, bChange = 0.0168602, totNum = 2908
ROUND = 401, SUM = 15633585.9999997, bChange = 0.0168603, totNum = 2895
ROUND = 402, SUM = 15633585.9999998, bChange = 0.0168603, totNum = 2880
ROUND = 403, SUM = 15633585.9999998, bChange = 0.0168604, totNum = 2865
ROUND = 404, SUM = 15633585.9999997, bChange = 0.0168605, totNum = 2855
ROUND = 405, SUM = 15633585.9999998, bChange = 0.0168606, totNum = 2843
ROUND = 406, SUM = 15633585.9999998, bChange = 0.0168607, totNum = 2827
ROUND = 407, SUM = 15633585.9999998, bChange = 0.0168607, totNum = 2812
ROUND = 408, SUM = 15633585.9999997, bChange = 0.0168608, totNum = 2802
ROUND = 409, SUM = 15633585.9999997, bChange = 0.0168609, totNum = 2797
ROUND = 410, SUM = 15633585.9999997, bChange = 0.016861, totNum = 2782
ROUND = 411, SUM = 15633585.9999997, bChange = 0.016861, totNum = 2769
ROUND = 412, SUM = 15633585.9999998, bChange = 0.0168611, totNum = 2753
ROUND = 413, SUM = 15633585.9999998, bChange = 0.0168612, totNum = 2742
ROUND = 414, SUM = 15633585.9999998, bChange = 0.0168613, totNum = 2735
ROUND = 415, SUM = 15633585.9999998, bChange = 0.0168613, totNum = 2724
ROUND = 416, SUM = 15633585.9999998, bChange = 0.0168614, totNum = 2718
ROUND = 417, SUM = 15633585.9999998, bChange = 0.0168615, totNum = 2708
ROUND = 418, SUM = 15633585.9999998, bChange = 0.0168616, totNum = 2690
ROUND = 419, SUM = 15633585.9999998, bChange = 0.0168616, totNum = 2679
ROUND = 420, SUM = 15633585.9999998, bChange = 0.0168617, totNum = 2665
ROUND = 421, SUM = 15633585.9999997, bChange = 0.0168618, totNum = 2652
ROUND = 422, SUM = 15633585.9999997, bChange = 0.0161899, totNum = 2633
ROUND = 423, SUM = 15633585.9999997, bChange = 0.0161899, totNum = 2630
ROUND = 424, SUM = 15633585.9999997, bChange = 0.0161899, totNum = 2618
ROUND = 425, SUM = 15633585.9999998, bChange = 0.0161899, totNum = 2602
ROUND = 426, SUM = 15633585.9999998, bChange = 0.0161899, totNum = 2596
ROUND = 427, SUM = 15633585.9999998, bChange = 0.0161898, totNum = 2584
ROUND = 428, SUM = 15633585.9999997, bChange = 0.0161898, totNum = 2576
ROUND = 429, SUM = 15633585.9999997, bChange = 0.0161898, totNum = 2564
ROUND = 430, SUM = 15633585.9999998, bChange = 0.0161898, totNum = 2559
ROUND = 431, SUM = 15633585.9999998, bChange = 0.0161898, totNum = 2552
ROUND = 432, SUM = 15633585.9999998, bChange = 0.0161897, totNum = 2541
ROUND = 433, SUM = 15633585.9999998, bChange = 0.0161897, totNum = 2530
ROUND = 434, SUM = 15633585.9999998, bChange = 0.0161897, totNum = 2525
ROUND = 435, SUM = 15633585.9999997, bChange = 0.0161897, totNum = 2518
ROUND = 436, SUM = 15633585.9999998, bChange = 0.0161897, totNum = 2510
ROUND = 437, SUM = 15633585.9999997, bChange = 0.0159014, totNum = 2497
ROUND = 438, SUM = 15633585.9999997, bChange = 0.0159014, totNum = 2487
ROUND = 439, SUM = 15633585.9999998, bChange = 0.0159013, totNum = 2482
ROUND = 440, SUM = 15633585.9999999, bChange = 0.01577, totNum = 2474
ROUND = 441, SUM = 15633585.9999998, bChange = 0.0157696, totNum = 2465
ROUND = 442, SUM = 15633585.9999998, bChange = 0.0157692, totNum = 2459
ROUND = 443, SUM = 15633585.9999998, bChange = 0.0157689, totNum = 2446
ROUND = 444, SUM = 15633585.9999998, bChange = 0.0157685, totNum = 2434
ROUND = 445, SUM = 15633585.9999997, bChange = 0.0157682, totNum = 2428
ROUND = 446, SUM = 15633585.9999998, bChange = 0.0155414, totNum = 2417
ROUND = 447, SUM = 15633585.9999997, bChange = 0.0155413, totNum = 2407
ROUND = 448, SUM = 15633585.9999998, bChange = 0.0155412, totNum = 2400
ROUND = 449, SUM = 15633585.9999997, bChange = 0.0155412, totNum = 2387
ROUND = 450, SUM = 15633585.9999998, bChange = 0.0155411, totNum = 2380
ROUND = 451, SUM = 15633585.9999998, bChange = 0.015541, totNum = 2372
ROUND = 452, SUM = 15633585.9999999, bChange = 0.015541, totNum = 2362
ROUND = 453, SUM = 15633585.9999998, bChange = 0.0155409, totNum = 2351
ROUND = 454, SUM = 15633585.9999998, bChange = 0.0155409, totNum = 2344
ROUND = 455, SUM = 15633585.9999998, bChange = 0.0155408, totNum = 2336
ROUND = 456, SUM = 15633585.9999999, bChange = 0.0155407, totNum = 2326
ROUND = 457, SUM = 15633585.9999998, bChange = 0.0155407, totNum = 2319
ROUND = 458, SUM = 15633585.9999998, bChange = 0.0155406, totNum = 2311
ROUND = 459, SUM = 15633585.9999998, bChange = 0.0155406, totNum = 2300
ROUND = 460, SUM = 15633585.9999998, bChange = 0.0155405, totNum = 2296
ROUND = 461, SUM = 15633585.9999996, bChange = 0.0155404, totNum = 2285
ROUND = 462, SUM = 15633585.9999999, bChange = 0.0155404, totNum = 2276
ROUND = 463, SUM = 15633585.9999998, bChange = 0.0155403, totNum = 2270
ROUND = 464, SUM = 15633585.9999998, bChange = 0.0155403, totNum = 2260
ROUND = 465, SUM = 15633585.9999997, bChange = 0.0155402, totNum = 2249
ROUND = 466, SUM = 15633585.9999998, bChange = 0.0155402, totNum = 2241
ROUND = 467, SUM = 15633585.9999998, bChange = 0.0155401, totNum = 2231
ROUND = 468, SUM = 15633585.9999998, bChange = 0.0138515, totNum = 2226
ROUND = 469, SUM = 15633585.9999998, bChange = 0.0138514, totNum = 2215
ROUND = 470, SUM = 15633585.9999998, bChange = 0.0138513, totNum = 2212
ROUND = 471, SUM = 15633585.9999998, bChange = 0.0137155, totNum = 2197
ROUND = 472, SUM = 15633585.9999998, bChange = 0.0137156, totNum = 2186
ROUND = 473, SUM = 15633585.9999998, bChange = 0.0137157, totNum = 2178
ROUND = 474, SUM = 15633585.9999998, bChange = 0.0137158, totNum = 2170
ROUND = 475, SUM = 15633585.9999998, bChange = 0.0137159, totNum = 2165
ROUND = 476, SUM = 15633585.9999998, bChange = 0.013716, totNum = 2151
ROUND = 477, SUM = 15633585.9999998, bChange = 0.0137161, totNum = 2144
ROUND = 478, SUM = 15633585.9999998, bChange = 0.0137162, totNum = 2141
ROUND = 479, SUM = 15633585.9999998, bChange = 0.0137163, totNum = 2132
ROUND = 480, SUM = 15633585.9999997, bChange = 0.0137164, totNum = 2120
ROUND = 481, SUM = 15633585.9999998, bChange = 0.0137165, totNum = 2115
ROUND = 482, SUM = 15633585.9999998, bChange = 0.0137165, totNum = 2105
ROUND = 483, SUM = 15633585.9999998, bChange = 0.0137166, totNum = 2095
ROUND = 484, SUM = 15633585.9999998, bChange = 0.0137167, totNum = 2092
ROUND = 485, SUM = 15633585.9999998, bChange = 0.0137168, totNum = 2084
ROUND = 486, SUM = 15633585.9999998, bChange = 0.0137169, totNum = 2076
ROUND = 487, SUM = 15633585.9999998, bChange = 0.013717, totNum = 2069
ROUND = 488, SUM = 15633585.9999998, bChange = 0.0137171, totNum = 2059
ROUND = 489, SUM = 15633585.9999998, bChange = 0.0137171, totNum = 2053
ROUND = 490, SUM = 15633585.9999999, bChange = 0.0137172, totNum = 2046
ROUND = 491, SUM = 15633585.9999998, bChange = 0.0137173, totNum = 2036
ROUND = 492, SUM = 15633585.9999998, bChange = 0.0137174, totNum = 2027
ROUND = 493, SUM = 15633585.9999999, bChange = 0.0137174, totNum = 2022
ROUND = 494, SUM = 15633585.9999999, bChange = 0.0137175, totNum = 2016
ROUND = 495, SUM = 15633585.9999997, bChange = 0.0137176, totNum = 2009
ROUND = 496, SUM = 15633585.9999998, bChange = 0.0137177, totNum = 2002
ROUND = 497, SUM = 15633585.9999998, bChange = 0.0137177, totNum = 1997
ROUND = 498, SUM = 15633585.9999998, bChange = 0.0137178, totNum = 1992
ROUND = 499, SUM = 15633585.9999997, bChange = 0.0137179, totNum = 1984
ROUND = 500, SUM = 15633585.9999998, bChange = 0.0137179, totNum = 1974
ROUND = 501, SUM = 15633585.9999999, bChange = 0.013718, totNum = 1969
ROUND = 502, SUM = 15633585.9999998, bChange = 0.0137181, totNum = 1964
ROUND = 503, SUM = 15633585.9999998, bChange = 0.0137182, totNum = 1956
ROUND = 504, SUM = 15633585.9999998, bChange = 0.0137182, totNum = 1952
ROUND = 505, SUM = 15633585.9999999, bChange = 0.0137183, totNum = 1944
ROUND = 506, SUM = 15633585.9999998, bChange = 0.0137183, totNum = 1937
ROUND = 507, SUM = 15633585.9999998, bChange = 0.0137184, totNum = 1930
ROUND = 508, SUM = 15633585.9999998, bChange = 0.0137185, totNum = 1924
ROUND = 509, SUM = 15633585.9999998, bChange = 0.0137185, totNum = 1914
ROUND = 510, SUM = 15633585.9999998, bChange = 0.0137186, totNum = 1908
ROUND = 511, SUM = 15633585.9999999, bChange = 0.0137186, totNum = 1904
ROUND = 512, SUM = 15633585.9999999, bChange = 0.0137187, totNum = 1899
ROUND = 513, SUM = 15633585.9999998, bChange = 0.0137188, totNum = 1892
ROUND = 514, SUM = 15633585.9999998, bChange = 0.0137188, totNum = 1880
ROUND = 515, SUM = 15633585.9999998, bChange = 0.0137189, totNum = 1878
ROUND = 516, SUM = 15633585.9999999, bChange = 0.0137189, totNum = 1874
ROUND = 517, SUM = 15633585.9999998, bChange = 0.013719, totNum = 1872
ROUND = 518, SUM = 15633585.9999998, bChange = 0.013719, totNum = 1867
ROUND = 519, SUM = 15633585.9999997, bChange = 0.0137191, totNum = 1859
ROUND = 520, SUM = 15633585.9999998, bChange = 0.0137191, totNum = 1850
ROUND = 521, SUM = 15633585.9999998, bChange = 0.0137192, totNum = 1847
ROUND = 522, SUM = 15633585.9999999, bChange = 0.0137192, totNum = 1843
ROUND = 523, SUM = 15633585.9999998, bChange = 0.0137193, totNum = 1841
ROUND = 524, SUM = 15633585.9999998, bChange = 0.0137193, totNum = 1833
ROUND = 525, SUM = 15633585.9999999, bChange = 0.0137194, totNum = 1827
ROUND = 526, SUM = 15633585.9999998, bChange = 0.0137194, totNum = 1823
ROUND = 527, SUM = 15633585.9999997, bChange = 0.0137195, totNum = 1810
ROUND = 528, SUM = 15633585.9999998, bChange = 0.0137195, totNum = 1805
ROUND = 529, SUM = 15633585.9999997, bChange = 0.0137196, totNum = 1799
ROUND = 530, SUM = 15633585.9999998, bChange = 0.0137196, totNum = 1797
ROUND = 531, SUM = 15633585.9999998, bChange = 0.0137197, totNum = 1795
ROUND = 532, SUM = 15633585.9999999, bChange = 0.0137197, totNum = 1788
ROUND = 533, SUM = 15633585.9999998, bChange = 0.0137197, totNum = 1782
ROUND = 534, SUM = 15633585.9999998, bChange = 0.0137198, totNum = 1773
ROUND = 535, SUM = 15633585.9999998, bChange = 0.0137198, totNum = 1769
ROUND = 536, SUM = 15633585.9999998, bChange = 0.0137199, totNum = 1759
ROUND = 537, SUM = 15633585.9999998, bChange = 0.0137199, totNum = 1757
ROUND = 538, SUM = 15633585.9999998, bChange = 0.0137199, totNum = 1752
ROUND = 539, SUM = 15633585.9999998, bChange = 0.01372, totNum = 1745
ROUND = 540, SUM = 15633585.9999998, bChange = 0.01372, totNum = 1736
ROUND = 541, SUM = 15633585.9999997, bChange = 0.01372, totNum = 1732
ROUND = 542, SUM = 15633585.9999998, bChange = 0.0137201, totNum = 1726
ROUND = 543, SUM = 15633585.9999999, bChange = 0.0137201, totNum = 1724
ROUND = 544, SUM = 15633585.9999997, bChange = 0.0137202, totNum = 1716
ROUND = 545, SUM = 15633585.9999998, bChange = 0.0137202, totNum = 1715
ROUND = 546, SUM = 15633585.9999998, bChange = 0.0134673, totNum = 1707
ROUND = 547, SUM = 15633585.9999998, bChange = 0.0134674, totNum = 1701
ROUND = 548, SUM = 15633585.9999997, bChange = 0.0134675, totNum = 1694
ROUND = 549, SUM = 15633585.9999999, bChange = 0.0134676, totNum = 1687
ROUND = 550, SUM = 15633585.9999998, bChange = 0.0134677, totNum = 1679
ROUND = 551, SUM = 15633585.9999998, bChange = 0.0134678, totNum = 1674
ROUND = 552, SUM = 15633585.9999998, bChange = 0.0134679, totNum = 1668
ROUND = 553, SUM = 15633585.9999998, bChange = 0.012343, totNum = 1665
ROUND = 554, SUM = 15633585.9999999, bChange = 0.012343, totNum = 1660
ROUND = 555, SUM = 15633585.9999999, bChange = 0.012343, totNum = 1653
ROUND = 556, SUM = 15633585.9999998, bChange = 0.012343, totNum = 1644
ROUND = 557, SUM = 15633585.9999998, bChange = 0.012343, totNum = 1639
ROUND = 558, SUM = 15633585.9999999, bChange = 0.0123431, totNum = 1634
ROUND = 559, SUM = 15633585.9999998, bChange = 0.0123431, totNum = 1629
ROUND = 560, SUM = 15633585.9999998, bChange = 0.0123431, totNum = 1628
ROUND = 561, SUM = 15633585.9999999, bChange = 0.0123431, totNum = 1622
ROUND = 562, SUM = 15633585.9999998, bChange = 0.0123431, totNum = 1617
ROUND = 563, SUM = 15633585.9999998, bChange = 0.0123432, totNum = 1615
ROUND = 564, SUM = 15633585.9999999, bChange = 0.0123432, totNum = 1611
ROUND = 565, SUM = 15633585.9999998, bChange = 0.0123432, totNum = 1606
ROUND = 566, SUM = 15633585.9999998, bChange = 0.0123432, totNum = 1603
ROUND = 567, SUM = 15633585.9999999, bChange = 0.0123432, totNum = 1594
ROUND = 568, SUM = 15633585.9999998, bChange = 0.0123433, totNum = 1589
ROUND = 569, SUM = 15633585.9999999, bChange = 0.0123433, totNum = 1586
ROUND = 570, SUM = 15633585.9999997, bChange = 0.0119799, totNum = 1578
ROUND = 571, SUM = 15633585.9999999, bChange = 0.0119799, totNum = 1572
ROUND = 572, SUM = 15633585.9999998, bChange = 0.0119799, totNum = 1567
ROUND = 573, SUM = 15633585.9999998, bChange = 0.0119799, totNum = 1560
ROUND = 574, SUM = 15633585.9999999, bChange = 0.0119799, totNum = 1558
ROUND = 575, SUM = 15633585.9999999, bChange = 0.0119799, totNum = 1549
ROUND = 576, SUM = 15633585.9999998, bChange = 0.0119799, totNum = 1539
ROUND = 577, SUM = 15633585.9999998, bChange = 0.0119799, totNum = 1528
ROUND = 578, SUM = 15633585.9999998, bChange = 0.0119799, totNum = 1526
ROUND = 579, SUM = 15633585.9999999, bChange = 0.0119799, totNum = 1522
ROUND = 580, SUM = 15633585.9999999, bChange = 0.0119799, totNum = 1521
ROUND = 581, SUM = 15633585.9999998, bChange = 0.0119799, totNum = 1515
ROUND = 582, SUM = 15633585.9999998, bChange = 0.0119799, totNum = 1512
ROUND = 583, SUM = 15633585.9999999, bChange = 0.0119799, totNum = 1509
ROUND = 584, SUM = 15633585.9999999, bChange = 0.0119799, totNum = 1508
ROUND = 585, SUM = 15633585.9999998, bChange = 0.0119799, totNum = 1500
ROUND = 586, SUM = 15633585.9999998, bChange = 0.0119799, totNum = 1498
ROUND = 587, SUM = 15633585.9999998, bChange = 0.0119799, totNum = 1493
ROUND = 588, SUM = 15633585.9999997, bChange = 0.0119799, totNum = 1489
ROUND = 589, SUM = 15633585.9999999, bChange = 0.0119799, totNum = 1487
ROUND = 590, SUM = 15633585.9999998, bChange = 0.0119799, totNum = 1482
ROUND = 591, SUM = 15633585.9999999, bChange = 0.0119798, totNum = 1480
ROUND = 592, SUM = 15633585.9999998, bChange = 0.0119798, totNum = 1475
ROUND = 593, SUM = 15633585.9999999, bChange = 0.0119798, totNum = 1472
ROUND = 594, SUM = 15633585.9999999, bChange = 0.0119798, totNum = 1468
ROUND = 595, SUM = 15633585.9999999, bChange = 0.0119798, totNum = 1461
ROUND = 596, SUM = 15633585.9999999, bChange = 0.0119798, totNum = 1457
ROUND = 597, SUM = 15633585.9999998, bChange = 0.0119798, totNum = 1452
ROUND = 598, SUM = 15633585.9999997, bChange = 0.0119798, totNum = 1445
ROUND = 599, SUM = 15633585.9999998, bChange = 0.0119798, totNum = 1440
ROUND = 600, SUM = 15633585.9999998, bChange = 0.0119798, totNum = 1437
ROUND = 601, SUM = 15633585.9999998, bChange = 0.0119798, totNum = 1429
ROUND = 602, SUM = 15633585.9999999, bChange = 0.0119798, totNum = 1424
ROUND = 603, SUM = 15633585.9999999, bChange = 0.011141, totNum = 1419
ROUND = 604, SUM = 15633585.9999998, bChange = 0.0111414, totNum = 1413
ROUND = 605, SUM = 15633585.9999998, bChange = 0.0111418, totNum = 1411
ROUND = 606, SUM = 15633585.9999998, bChange = 0.0111422, totNum = 1407
ROUND = 607, SUM = 15633585.9999998, bChange = 0.0111426, totNum = 1406
ROUND = 608, SUM = 15633585.9999999, bChange = 0.0111431, totNum = 1403
ROUND = 609, SUM = 15633585.9999998, bChange = 0.0111435, totNum = 1400
ROUND = 610, SUM = 15633585.9999999, bChange = 0.0111439, totNum = 1393
ROUND = 611, SUM = 15633585.9999998, bChange = 0.0111443, totNum = 1389
ROUND = 612, SUM = 15633585.9999999, bChange = 0.0111447, totNum = 1384
ROUND = 613, SUM = 15633585.9999999, bChange = 0.0111451, totNum = 1379
ROUND = 614, SUM = 15633585.9999998, bChange = 0.0111455, totNum = 1375
ROUND = 615, SUM = 15633585.9999999, bChange = 0.0111458, totNum = 1371
ROUND = 616, SUM = 15633585.9999998, bChange = 0.0111462, totNum = 1365
ROUND = 617, SUM = 15633585.9999999, bChange = 0.0111466, totNum = 1361
ROUND = 618, SUM = 15633585.9999998, bChange = 0.011147, totNum = 1359
ROUND = 619, SUM = 15633585.9999999, bChange = 0.0111474, totNum = 1355
ROUND = 620, SUM = 15633585.9999998, bChange = 0.0111478, totNum = 1349
ROUND = 621, SUM = 15633585.9999998, bChange = 0.0111482, totNum = 1345
ROUND = 622, SUM = 15633585.9999998, bChange = 0.0111485, totNum = 1343
ROUND = 623, SUM = 15633585.9999998, bChange = 0.0111489, totNum = 1339
ROUND = 624, SUM = 15633585.9999999, bChange = 0.0111493, totNum = 1334
ROUND = 625, SUM = 15633585.9999999, bChange = 0.0111497, totNum = 1329
ROUND = 626, SUM = 15633585.9999998, bChange = 0.01115, totNum = 1328
ROUND = 627, SUM = 15633585.9999998, bChange = 0.0111504, totNum = 1321
ROUND = 628, SUM = 15633585.9999998, bChange = 0.0111508, totNum = 1318
ROUND = 629, SUM = 15633585.9999998, bChange = 0.0111511, totNum = 1313
ROUND = 630, SUM = 15633585.9999999, bChange = 0.0111515, totNum = 1305
ROUND = 631, SUM = 15633585.9999998, bChange = 0.0111519, totNum = 1302
ROUND = 632, SUM = 15633585.9999999, bChange = 0.0111522, totNum = 1299
ROUND = 633, SUM = 15633585.9999999, bChange = 0.0111526, totNum = 1295
ROUND = 634, SUM = 15633585.9999998, bChange = 0.0111529, totNum = 1289
ROUND = 635, SUM = 15633585.9999999, bChange = 0.0111533, totNum = 1285
ROUND = 636, SUM = 15633585.9999999, bChange = 0.0111536, totNum = 1280
ROUND = 637, SUM = 15633585.9999999, bChange = 0.011154, totNum = 1275
ROUND = 638, SUM = 15633585.9999998, bChange = 0.0111543, totNum = 1268
ROUND = 639, SUM = 15633585.9999999, bChange = 0.0111547, totNum = 1263
ROUND = 640, SUM = 15633585.9999998, bChange = 0.011155, totNum = 1258
ROUND = 641, SUM = 15633585.9999998, bChange = 0.0111554, totNum = 1252
ROUND = 642, SUM = 15633585.9999999, bChange = 0.0111557, totNum = 1247
ROUND = 643, SUM = 15633585.9999999, bChange = 0.0111561, totNum = 1243
ROUND = 644, SUM = 15633585.9999999, bChange = 0.0111564, totNum = 1239
ROUND = 645, SUM = 15633585.9999998, bChange = 0.0111567, totNum = 1234
ROUND = 646, SUM = 15633585.9999999, bChange = 0.0111571, totNum = 1231
ROUND = 647, SUM = 15633585.9999998, bChange = 0.0111574, totNum = 1228
ROUND = 648, SUM = 15633585.9999997, bChange = 0.0111577, totNum = 1227
ROUND = 649, SUM = 15633585.9999998, bChange = 0.0111581, totNum = 1222
ROUND = 650, SUM = 15633585.9999998, bChange = 0.0111584, totNum = 1220
ROUND = 651, SUM = 15633585.9999999, bChange = 0.0111587, totNum = 1217
ROUND = 652, SUM = 15633585.9999998, bChange = 0.011159, totNum = 1216
ROUND = 653, SUM = 15633585.9999998, bChange = 0.0111594, totNum = 1214
ROUND = 654, SUM = 15633585.9999998, bChange = 0.0111597, totNum = 1214
ROUND = 655, SUM = 15633585.9999999, bChange = 0.01116, totNum = 1210
ROUND = 656, SUM = 15633585.9999999, bChange = 0.0111603, totNum = 1204
ROUND = 657, SUM = 15633585.9999998, bChange = 0.0111606, totNum = 1203
ROUND = 658, SUM = 15633585.9999998, bChange = 0.011161, totNum = 1201
ROUND = 659, SUM = 15633585.9999999, bChange = 0.0111613, totNum = 1196
ROUND = 660, SUM = 15633585.9999998, bChange = 0.0111616, totNum = 1192
ROUND = 661, SUM = 15633585.9999999, bChange = 0.0111619, totNum = 1187
ROUND = 662, SUM = 15633585.9999998, bChange = 0.0111622, totNum = 1183
ROUND = 663, SUM = 15633585.9999998, bChange = 0.0111625, totNum = 1180
ROUND = 664, SUM = 15633585.9999997, bChange = 0.0111628, totNum = 1179
ROUND = 665, SUM = 15633585.9999998, bChange = 0.0111631, totNum = 1174
ROUND = 666, SUM = 15633585.9999998, bChange = 0.0111634, totNum = 1172
ROUND = 667, SUM = 15633585.9999998, bChange = 0.0111637, totNum = 1168
ROUND = 668, SUM = 15633585.9999997, bChange = 0.011164, totNum = 1166
ROUND = 669, SUM = 15633585.9999999, bChange = 0.0111643, totNum = 1165
ROUND = 670, SUM = 15633585.9999997, bChange = 0.0111646, totNum = 1163
ROUND = 671, SUM = 15633585.9999997, bChange = 0.0111649, totNum = 1162
ROUND = 672, SUM = 15633585.9999999, bChange = 0.0111652, totNum = 1158
ROUND = 673, SUM = 15633585.9999998, bChange = 0.0111655, totNum = 1157
ROUND = 674, SUM = 15633585.9999998, bChange = 0.0111658, totNum = 1151
ROUND = 675, SUM = 15633585.9999999, bChange = 0.0111661, totNum = 1147
ROUND = 676, SUM = 15633585.9999998, bChange = 0.0111664, totNum = 1144
ROUND = 677, SUM = 15633585.9999998, bChange = 0.0111667, totNum = 1144
ROUND = 678, SUM = 15633585.9999998, bChange = 0.011167, totNum = 1142
ROUND = 679, SUM = 15633585.9999998, bChange = 0.0111672, totNum = 1140
ROUND = 680, SUM = 15633585.9999998, bChange = 0.0111675, totNum = 1138
ROUND = 681, SUM = 15633585.9999998, bChange = 0.0111678, totNum = 1134
ROUND = 682, SUM = 15633585.9999998, bChange = 0.0111681, totNum = 1132
ROUND = 683, SUM = 15633585.9999999, bChange = 0.0111684, totNum = 1127
ROUND = 684, SUM = 15633585.9999999, bChange = 0.0111687, totNum = 1126
ROUND = 685, SUM = 15633585.9999999, bChange = 0.0111689, totNum = 1124
ROUND = 686, SUM = 15633585.9999998, bChange = 0.0111692, totNum = 1118
ROUND = 687, SUM = 15633585.9999998, bChange = 0.0111695, totNum = 1116
ROUND = 688, SUM = 15633585.9999998, bChange = 0.0111698, totNum = 1113
ROUND = 689, SUM = 15633585.9999998, bChange = 0.01117, totNum = 1108
ROUND = 690, SUM = 15633585.9999998, bChange = 0.0111703, totNum = 1103
ROUND = 691, SUM = 15633585.9999998, bChange = 0.0111706, totNum = 1100
ROUND = 692, SUM = 15633585.9999998, bChange = 0.0111708, totNum = 1100
ROUND = 693, SUM = 15633585.9999999, bChange = 0.0111711, totNum = 1099
ROUND = 694, SUM = 15633585.9999998, bChange = 0.0111714, totNum = 1097
ROUND = 695, SUM = 15633585.9999998, bChange = 0.0111716, totNum = 1094
ROUND = 696, SUM = 15633585.9999999, bChange = 0.0111719, totNum = 1092
ROUND = 697, SUM = 15633585.9999998, bChange = 0.0111722, totNum = 1089
ROUND = 698, SUM = 15633585.9999998, bChange = 0.0111724, totNum = 1086
ROUND = 699, SUM = 15633585.9999998, bChange = 0.0111727, totNum = 1082
ROUND = 700, SUM = 15633585.9999999, bChange = 0.011173, totNum = 1078
ROUND = 701, SUM = 15633585.9999999, bChange = 0.0111732, totNum = 1076
ROUND = 702, SUM = 15633585.9999998, bChange = 0.0111735, totNum = 1073
ROUND = 703, SUM = 15633585.9999999, bChange = 0.0111737, totNum = 1070
ROUND = 704, SUM = 15633585.9999998, bChange = 0.011174, totNum = 1069
ROUND = 705, SUM = 15633585.9999999, bChange = 0.0111742, totNum = 1069
ROUND = 706, SUM = 15633585.9999999, bChange = 0.0111745, totNum = 1067
ROUND = 707, SUM = 15633585.9999998, bChange = 0.0111747, totNum = 1065
ROUND = 708, SUM = 15633585.9999999, bChange = 0.011175, totNum = 1064
ROUND = 709, SUM = 15633585.9999999, bChange = 0.0111752, totNum = 1062
ROUND = 710, SUM = 15633586, bChange = 0.0111755, totNum = 1060
ROUND = 711, SUM = 15633585.9999999, bChange = 0.0111757, totNum = 1057
ROUND = 712, SUM = 15633585.9999998, bChange = 0.011176, totNum = 1051
ROUND = 713, SUM = 15633585.9999999, bChange = 0.0111762, totNum = 1045
ROUND = 714, SUM = 15633585.9999998, bChange = 0.0111765, totNum = 1043
ROUND = 715, SUM = 15633585.9999999, bChange = 0.0111767, totNum = 1040
ROUND = 716, SUM = 15633585.9999999, bChange = 0.0111769, totNum = 1039
ROUND = 717, SUM = 15633585.9999999, bChange = 0.0111772, totNum = 1036
ROUND = 718, SUM = 15633585.9999999, bChange = 0.0111774, totNum = 1034
ROUND = 719, SUM = 15633585.9999999, bChange = 0.0111777, totNum = 1031
ROUND = 720, SUM = 15633585.9999998, bChange = 0.0111779, totNum = 1030
ROUND = 721, SUM = 15633585.9999998, bChange = 0.0111781, totNum = 1028
ROUND = 722, SUM = 15633585.9999999, bChange = 0.0111784, totNum = 1024
ROUND = 723, SUM = 15633585.9999999, bChange = 0.0111786, totNum = 1022
ROUND = 724, SUM = 15633585.9999998, bChange = 0.0111788, totNum = 1015
ROUND = 725, SUM = 15633585.9999999, bChange = 0.0111791, totNum = 1015
ROUND = 726, SUM = 15633585.9999999, bChange = 0.0111793, totNum = 1011
ROUND = 727, SUM = 15633585.9999997, bChange = 0.0111795, totNum = 1007
ROUND = 728, SUM = 15633585.9999998, bChange = 0.0111798, totNum = 1003
ROUND = 729, SUM = 15633585.9999999, bChange = 0.01118, totNum = 1001
ROUND = 730, SUM = 15633585.9999998, bChange = 0.0111802, totNum = 997
ROUND = 731, SUM = 15633585.9999998, bChange = 0.0111804, totNum = 997
ROUND = 732, SUM = 15633586, bChange = 0.0111807, totNum = 997
ROUND = 733, SUM = 15633585.9999999, bChange = 0.0111809, totNum = 994
ROUND = 734, SUM = 15633585.9999999, bChange = 0.0111811, totNum = 993
ROUND = 735, SUM = 15633585.9999998, bChange = 0.0111813, totNum = 990
ROUND = 736, SUM = 15633585.9999998, bChange = 0.0111816, totNum = 988
ROUND = 737, SUM = 15633585.9999998, bChange = 0.0111818, totNum = 984
ROUND = 738, SUM = 15633585.9999999, bChange = 0.011182, totNum = 985
ROUND = 739, SUM = 15633585.9999999, bChange = 0.0111822, totNum = 984
ROUND = 740, SUM = 15633585.9999998, bChange = 0.0111824, totNum = 984
ROUND = 741, SUM = 15633585.9999998, bChange = 0.0111827, totNum = 981
ROUND = 742, SUM = 15633585.9999999, bChange = 0.0111829, totNum = 978
ROUND = 743, SUM = 15633585.9999998, bChange = 0.0111831, totNum = 977
ROUND = 744, SUM = 15633585.9999998, bChange = 0.0111833, totNum = 975
ROUND = 745, SUM = 15633585.9999999, bChange = 0.0111835, totNum = 974
ROUND = 746, SUM = 15633585.9999999, bChange = 0.0111837, totNum = 969
ROUND = 747, SUM = 15633585.9999997, bChange = 0.0111839, totNum = 966
ROUND = 748, SUM = 15633585.9999998, bChange = 0.0111842, totNum = 964
ROUND = 749, SUM = 15633585.9999998, bChange = 0.0111844, totNum = 964
ROUND = 750, SUM = 15633585.9999998, bChange = 0.0111846, totNum = 960
ROUND = 751, SUM = 15633585.9999998, bChange = 0.0111848, totNum = 959
ROUND = 752, SUM = 15633585.9999998, bChange = 0.011185, totNum = 958
ROUND = 753, SUM = 15633585.9999998, bChange = 0.0111852, totNum = 954
ROUND = 754, SUM = 15633585.9999998, bChange = 0.0111854, totNum = 952
ROUND = 755, SUM = 15633585.9999998, bChange = 0.0111856, totNum = 952
ROUND = 756, SUM = 15633585.9999999, bChange = 0.0111858, totNum = 952
ROUND = 757, SUM = 15633585.9999999, bChange = 0.011186, totNum = 951
ROUND = 758, SUM = 15633585.9999998, bChange = 0.0111862, totNum = 950
ROUND = 759, SUM = 15633585.9999999, bChange = 0.0111864, totNum = 948
ROUND = 760, SUM = 15633585.9999999, bChange = 0.0111866, totNum = 945
ROUND = 761, SUM = 15633585.9999999, bChange = 0.0111868, totNum = 944
ROUND = 762, SUM = 15633586, bChange = 0.011187, totNum = 943
ROUND = 763, SUM = 15633585.9999999, bChange = 0.0111872, totNum = 941
ROUND = 764, SUM = 15633585.9999999, bChange = 0.0111874, totNum = 941
ROUND = 765, SUM = 15633585.9999998, bChange = 0.0111876, totNum = 939
ROUND = 766, SUM = 15633585.9999998, bChange = 0.0111878, totNum = 934
ROUND = 767, SUM = 15633585.9999999, bChange = 0.011188, totNum = 930
ROUND = 768, SUM = 15633585.9999999, bChange = 0.0111882, totNum = 928
ROUND = 769, SUM = 15633585.9999999, bChange = 0.0111884, totNum = 927
ROUND = 770, SUM = 15633585.9999999, bChange = 0.0111886, totNum = 926
ROUND = 771, SUM = 15633585.9999999, bChange = 0.0111888, totNum = 925
ROUND = 772, SUM = 15633585.9999998, bChange = 0.011189, totNum = 924
ROUND = 773, SUM = 15633585.9999999, bChange = 0.0111891, totNum = 924
ROUND = 774, SUM = 15633586, bChange = 0.0111893, totNum = 924
ROUND = 775, SUM = 15633585.9999999, bChange = 0.0111895, totNum = 922
ROUND = 776, SUM = 15633585.9999999, bChange = 0.0111897, totNum = 918
ROUND = 777, SUM = 15633585.9999999, bChange = 0.0111899, totNum = 916
ROUND = 778, SUM = 15633585.9999999, bChange = 0.0111901, totNum = 915
ROUND = 779, SUM = 15633585.9999998, bChange = 0.0111903, totNum = 914
ROUND = 780, SUM = 15633585.9999998, bChange = 0.0111905, totNum = 914
ROUND = 781, SUM = 15633585.9999998, bChange = 0.0111906, totNum = 913
ROUND = 782, SUM = 15633585.9999998, bChange = 0.0111908, totNum = 910
ROUND = 783, SUM = 15633585.9999999, bChange = 0.011191, totNum = 908
ROUND = 784, SUM = 15633585.9999998, bChange = 0.0111912, totNum = 904
ROUND = 785, SUM = 15633585.9999999, bChange = 0.0111914, totNum = 901
ROUND = 786, SUM = 15633585.9999998, bChange = 0.0111915, totNum = 899
ROUND = 787, SUM = 15633585.9999999, bChange = 0.0111917, totNum = 893
ROUND = 788, SUM = 15633585.9999999, bChange = 0.0111919, totNum = 891
ROUND = 789, SUM = 15633585.9999999, bChange = 0.0111921, totNum = 888
ROUND = 790, SUM = 15633585.9999999, bChange = 0.0111923, totNum = 887
ROUND = 791, SUM = 15633585.9999999, bChange = 0.0111924, totNum = 885
ROUND = 792, SUM = 15633585.9999998, bChange = 0.0111926, totNum = 882
ROUND = 793, SUM = 15633585.9999998, bChange = 0.0111928, totNum = 882
ROUND = 794, SUM = 15633585.9999998, bChange = 0.011193, totNum = 877
ROUND = 795, SUM = 15633585.9999998, bChange = 0.0111931, totNum = 875
ROUND = 796, SUM = 15633585.9999999, bChange = 0.0111933, totNum = 873
ROUND = 797, SUM = 15633585.9999998, bChange = 0.0111935, totNum = 872
ROUND = 798, SUM = 15633585.9999999, bChange = 0.0111937, totNum = 872
ROUND = 799, SUM = 15633585.9999999, bChange = 0.0111938, totNum = 870
ROUND = 800, SUM = 15633585.9999999, bChange = 0.011194, totNum = 869
ROUND = 801, SUM = 15633585.9999998, bChange = 0.0111942, totNum = 865
ROUND = 802, SUM = 15633585.9999998, bChange = 0.0111943, totNum = 866
ROUND = 803, SUM = 15633585.9999998, bChange = 0.0111945, totNum = 864
ROUND = 804, SUM = 15633585.9999999, bChange = 0.0111947, totNum = 862
ROUND = 805, SUM = 15633585.9999999, bChange = 0.0111948, totNum = 859
ROUND = 806, SUM = 15633585.9999999, bChange = 0.011195, totNum = 855
ROUND = 807, SUM = 15633585.9999999, bChange = 0.0111952, totNum = 853
ROUND = 808, SUM = 15633585.9999999, bChange = 0.0111953, totNum = 853
ROUND = 809, SUM = 15633585.9999998, bChange = 0.0111955, totNum = 851
ROUND = 810, SUM = 15633585.9999999, bChange = 0.0111957, totNum = 850
ROUND = 811, SUM = 15633585.9999999, bChange = 0.0111958, totNum = 848
ROUND = 812, SUM = 15633585.9999999, bChange = 0.011196, totNum = 845
ROUND = 813, SUM = 15633585.9999999, bChange = 0.0111962, totNum = 844
ROUND = 814, SUM = 15633585.9999999, bChange = 0.0111963, totNum = 842
ROUND = 815, SUM = 15633585.9999999, bChange = 0.00795078, totNum = 839
ROUND = 816, SUM = 15633585.9999998, bChange = 0.00795086, totNum = 838
ROUND = 817, SUM = 15633585.9999999, bChange = 0.00795095, totNum = 836
ROUND = 818, SUM = 15633585.9999999, bChange = 0.00795103, totNum = 833
ROUND = 819, SUM = 15633585.9999998, bChange = 0.00773892, totNum = 831
ROUND = 820, SUM = 15633585.9999998, bChange = 0.00773892, totNum = 827
ROUND = 821, SUM = 15633585.9999999, bChange = 0.00773892, totNum = 826
ROUND = 822, SUM = 15633585.9999999, bChange = 0.00773893, totNum = 820
ROUND = 823, SUM = 15633585.9999999, bChange = 0.00773893, totNum = 817
ROUND = 824, SUM = 15633585.9999998, bChange = 0.00773893, totNum = 816
ROUND = 825, SUM = 15633585.9999998, bChange = 0.00773893, totNum = 814
ROUND = 826, SUM = 15633585.9999999, bChange = 0.00773893, totNum = 814
ROUND = 827, SUM = 15633585.9999999, bChange = 0.00773893, totNum = 812
ROUND = 828, SUM = 15633585.9999999, bChange = 0.00773893, totNum = 810
ROUND = 829, SUM = 15633585.9999999, bChange = 0.00773893, totNum = 804
ROUND = 830, SUM = 15633585.9999998, bChange = 0.00773894, totNum = 804
ROUND = 831, SUM = 15633585.9999999, bChange = 0.00773894, totNum = 804
ROUND = 832, SUM = 15633585.9999999, bChange = 0.00773894, totNum = 801
ROUND = 833, SUM = 15633585.9999999, bChange = 0.00773894, totNum = 798
ROUND = 834, SUM = 15633585.9999998, bChange = 0.00773894, totNum = 797
ROUND = 835, SUM = 15633585.9999999, bChange = 0.00773894, totNum = 797
ROUND = 836, SUM = 15633585.9999999, bChange = 0.00773894, totNum = 797
ROUND = 837, SUM = 15633585.9999999, bChange = 0.00773895, totNum = 792
ROUND = 838, SUM = 15633585.9999998, bChange = 0.00773895, totNum = 792
ROUND = 839, SUM = 15633585.9999999, bChange = 0.00773895, totNum = 790
ROUND = 840, SUM = 15633585.9999998, bChange = 0.00773895, totNum = 788
ROUND = 841, SUM = 15633585.9999999, bChange = 0.00773895, totNum = 788
ROUND = 842, SUM = 15633585.9999999, bChange = 0.00773895, totNum = 787
ROUND = 843, SUM = 15633585.9999998, bChange = 0.00773895, totNum = 786
ROUND = 844, SUM = 15633585.9999999, bChange = 0.00773895, totNum = 782
ROUND = 845, SUM = 15633585.9999998, bChange = 0.00773895, totNum = 780
ROUND = 846, SUM = 15633585.9999999, bChange = 0.00773896, totNum = 780
ROUND = 847, SUM = 15633585.9999999, bChange = 0.00773896, totNum = 778
ROUND = 848, SUM = 15633585.9999999, bChange = 0.00773896, totNum = 777
ROUND = 849, SUM = 15633586, bChange = 0.00773896, totNum = 776
ROUND = 850, SUM = 15633585.9999999, bChange = 0.00773896, totNum = 774
ROUND = 851, SUM = 15633586, bChange = 0.00773896, totNum = 773
ROUND = 852, SUM = 15633585.9999998, bChange = 0.00773896, totNum = 772
ROUND = 853, SUM = 15633585.9999999, bChange = 0.00773896, totNum = 770
ROUND = 854, SUM = 15633586, bChange = 0.00773896, totNum = 767
ROUND = 855, SUM = 15633585.9999999, bChange = 0.00773897, totNum = 764
ROUND = 856, SUM = 15633585.9999999, bChange = 0.00773897, totNum = 761
ROUND = 857, SUM = 15633585.9999999, bChange = 0.00773897, totNum = 760
ROUND = 858, SUM = 15633585.9999999, bChange = 0.00773897, totNum = 758
ROUND = 859, SUM = 15633585.9999999, bChange = 0.00773897, totNum = 755
ROUND = 860, SUM = 15633585.9999999, bChange = 0.00773897, totNum = 753
ROUND = 861, SUM = 15633585.9999999, bChange = 0.00773897, totNum = 751
ROUND = 862, SUM = 15633585.9999999, bChange = 0.00773897, totNum = 747
ROUND = 863, SUM = 15633586, bChange = 0.00773897, totNum = 746
ROUND = 864, SUM = 15633585.9999999, bChange = 0.00773898, totNum = 746
ROUND = 865, SUM = 15633585.9999999, bChange = 0.00773898, totNum = 744
ROUND = 866, SUM = 15633585.9999999, bChange = 0.00773898, totNum = 742
ROUND = 867, SUM = 15633586, bChange = 0.00773898, totNum = 742
ROUND = 868, SUM = 15633585.9999999, bChange = 0.00773898, totNum = 737
ROUND = 869, SUM = 15633586, bChange = 0.00773898, totNum = 733
ROUND = 870, SUM = 15633585.9999999, bChange = 0.00773898, totNum = 727
ROUND = 871, SUM = 15633585.9999999, bChange = 0.00773898, totNum = 723
ROUND = 872, SUM = 15633585.9999999, bChange = 0.00773898, totNum = 722
ROUND = 873, SUM = 15633585.9999998, bChange = 0.00773898, totNum = 721
ROUND = 874, SUM = 15633585.9999999, bChange = 0.00773899, totNum = 720
ROUND = 875, SUM = 15633585.9999999, bChange = 0.00773899, totNum = 719
ROUND = 876, SUM = 15633585.9999999, bChange = 0.00773899, totNum = 719
ROUND = 877, SUM = 15633585.9999998, bChange = 0.00773899, totNum = 718
ROUND = 878, SUM = 15633585.9999999, bChange = 0.00773899, totNum = 715
ROUND = 879, SUM = 15633585.9999999, bChange = 0.00773899, totNum = 714
ROUND = 880, SUM = 15633585.9999999, bChange = 0.00773899, totNum = 713
ROUND = 881, SUM = 15633585.9999999, bChange = 0.00773899, totNum = 709
ROUND = 882, SUM = 15633585.9999998, bChange = 0.00773899, totNum = 708
ROUND = 883, SUM = 15633585.9999998, bChange = 0.00773899, totNum = 708
ROUND = 884, SUM = 15633585.9999999, bChange = 0.00773899, totNum = 707
ROUND = 885, SUM = 15633585.9999999, bChange = 0.007739, totNum = 703
ROUND = 886, SUM = 15633585.9999999, bChange = 0.007739, totNum = 703
ROUND = 887, SUM = 15633585.9999999, bChange = 0.007739, totNum = 702
ROUND = 888, SUM = 15633585.9999998, bChange = 0.007739, totNum = 701
ROUND = 889, SUM = 15633585.9999999, bChange = 0.007739, totNum = 700
ROUND = 890, SUM = 15633585.9999998, bChange = 0.007739, totNum = 700
ROUND = 891, SUM = 15633585.9999998, bChange = 0.007739, totNum = 699
ROUND = 892, SUM = 15633585.9999999, bChange = 0.007739, totNum = 697
ROUND = 893, SUM = 15633585.9999998, bChange = 0.007739, totNum = 695
ROUND = 894, SUM = 15633585.9999999, bChange = 0.007739, totNum = 695
ROUND = 895, SUM = 15633586, bChange = 0.007739, totNum = 693
ROUND = 896, SUM = 15633585.9999999, bChange = 0.007739, totNum = 691
ROUND = 897, SUM = 15633585.9999998, bChange = 0.00773901, totNum = 689
ROUND = 898, SUM = 15633585.9999998, bChange = 0.00773901, totNum = 688
ROUND = 899, SUM = 15633585.9999999, bChange = 0.00773901, totNum = 688
ROUND = 900, SUM = 15633585.9999998, bChange = 0.00773901, totNum = 688
ROUND = 901, SUM = 15633585.9999999, bChange = 0.00773901, totNum = 686
ROUND = 902, SUM = 15633585.9999999, bChange = 0.00773901, totNum = 685
ROUND = 903, SUM = 15633585.9999999, bChange = 0.00773901, totNum = 685
ROUND = 904, SUM = 15633585.9999999, bChange = 0.00773901, totNum = 685
ROUND = 905, SUM = 15633585.9999999, bChange = 0.00773901, totNum = 683
ROUND = 906, SUM = 15633585.9999999, bChange = 0.00773901, totNum = 681
ROUND = 907, SUM = 15633585.9999999, bChange = 0.00773901, totNum = 679
ROUND = 908, SUM = 15633585.9999999, bChange = 0.00773901, totNum = 679
ROUND = 909, SUM = 15633585.9999999, bChange = 0.00773901, totNum = 678
ROUND = 910, SUM = 15633585.9999999, bChange = 0.00773901, totNum = 675
ROUND = 911, SUM = 15633585.9999999, bChange = 0.00773902, totNum = 674
ROUND = 912, SUM = 15633585.9999999, bChange = 0.00773902, totNum = 674
ROUND = 913, SUM = 15633585.9999999, bChange = 0.00773902, totNum = 671
ROUND = 914, SUM = 15633585.9999998, bChange = 0.00773902, totNum = 668
ROUND = 915, SUM = 15633585.9999999, bChange = 0.00773902, totNum = 667
ROUND = 916, SUM = 15633585.9999999, bChange = 0.00773902, totNum = 663
ROUND = 917, SUM = 15633585.9999999, bChange = 0.00773902, totNum = 661
ROUND = 918, SUM = 15633585.9999998, bChange = 0.00773902, totNum = 662
ROUND = 919, SUM = 15633585.9999999, bChange = 0.00773902, totNum = 660
ROUND = 920, SUM = 15633586, bChange = 0.00773902, totNum = 659
ROUND = 921, SUM = 15633585.9999999, bChange = 0.00773902, totNum = 658
ROUND = 922, SUM = 15633585.9999999, bChange = 0.00773902, totNum = 656
ROUND = 923, SUM = 15633585.9999998, bChange = 0.00773902, totNum = 656
ROUND = 924, SUM = 15633585.9999999, bChange = 0.00773902, totNum = 655
ROUND = 925, SUM = 15633585.9999998, bChange = 0.00773902, totNum = 654
ROUND = 926, SUM = 15633585.9999999, bChange = 0.00773903, totNum = 654
ROUND = 927, SUM = 15633585.9999999, bChange = 0.00773903, totNum = 651
ROUND = 928, SUM = 15633586, bChange = 0.00773903, totNum = 651
ROUND = 929, SUM = 15633586, bChange = 0.00773903, totNum = 650
ROUND = 930, SUM = 15633586, bChange = 0.00773903, totNum = 649
ROUND = 931, SUM = 15633585.9999999, bChange = 0.00773903, totNum = 649
ROUND = 932, SUM = 15633586, bChange = 0.00773903, totNum = 648
ROUND = 933, SUM = 15633585.9999999, bChange = 0.00773903, totNum = 648
ROUND = 934, SUM = 15633586, bChange = 0.00773903, totNum = 648
ROUND = 935, SUM = 15633585.9999999, bChange = 0.00773903, totNum = 646
ROUND = 936, SUM = 15633585.9999998, bChange = 0.00773903, totNum = 645
ROUND = 937, SUM = 15633585.9999998, bChange = 0.00773903, totNum = 643
ROUND = 938, SUM = 15633585.9999999, bChange = 0.00773903, totNum = 642
ROUND = 939, SUM = 15633586, bChange = 0.00773903, totNum = 641
ROUND = 940, SUM = 15633585.9999999, bChange = 0.00773903, totNum = 640
ROUND = 941, SUM = 15633585.9999999, bChange = 0.00773903, totNum = 639
ROUND = 942, SUM = 15633585.9999999, bChange = 0.00773903, totNum = 639
ROUND = 943, SUM = 15633585.9999998, bChange = 0.00773904, totNum = 639
ROUND = 944, SUM = 15633585.9999999, bChange = 0.00773904, totNum = 637
ROUND = 945, SUM = 15633585.9999999, bChange = 0.00773904, totNum = 637
ROUND = 946, SUM = 15633585.9999999, bChange = 0.00773904, totNum = 636
ROUND = 947, SUM = 15633585.9999999, bChange = 0.00773904, totNum = 635
ROUND = 948, SUM = 15633585.9999999, bChange = 0.00773904, totNum = 634
ROUND = 949, SUM = 15633585.9999999, bChange = 0.00773904, totNum = 631
ROUND = 950, SUM = 15633585.9999999, bChange = 0.00773904, totNum = 630
ROUND = 951, SUM = 15633585.9999999, bChange = 0.00773904, totNum = 629
ROUND = 952, SUM = 15633585.9999999, bChange = 0.00773904, totNum = 628
ROUND = 953, SUM = 15633585.9999998, bChange = 0.00773904, totNum = 628
ROUND = 954, SUM = 15633585.9999999, bChange = 0.00773904, totNum = 627
ROUND = 955, SUM = 15633586, bChange = 0.00773904, totNum = 626
ROUND = 956, SUM = 15633586, bChange = 0.00773904, totNum = 623
ROUND = 957, SUM = 15633585.9999999, bChange = 0.00773904, totNum = 622
ROUND = 958, SUM = 15633585.9999999, bChange = 0.00773904, totNum = 621
ROUND = 959, SUM = 15633585.9999999, bChange = 0.00773904, totNum = 620
ROUND = 960, SUM = 15633585.9999999, bChange = 0.00773904, totNum = 618
ROUND = 961, SUM = 15633585.9999999, bChange = 0.00773904, totNum = 617
ROUND = 962, SUM = 15633585.9999999, bChange = 0.00773905, totNum = 616
ROUND = 963, SUM = 15633585.9999998, bChange = 0.00773905, totNum = 616
ROUND = 964, SUM = 15633585.9999999, bChange = 0.00773905, totNum = 616
ROUND = 965, SUM = 15633585.9999999, bChange = 0.00773905, totNum = 615
ROUND = 966, SUM = 15633585.9999999, bChange = 0.00773905, totNum = 615
ROUND = 967, SUM = 15633585.9999999, bChange = 0.00773905, totNum = 614
ROUND = 968, SUM = 15633585.9999999, bChange = 0.00773905, totNum = 613
ROUND = 969, SUM = 15633585.9999999, bChange = 0.00773905, totNum = 611
ROUND = 970, SUM = 15633585.9999999, bChange = 0.00773905, totNum = 611
ROUND = 971, SUM = 15633585.9999999, bChange = 0.00773905, totNum = 608
ROUND = 972, SUM = 15633585.9999999, bChange = 0.00773905, totNum = 606
ROUND = 973, SUM = 15633585.9999999, bChange = 0.00773905, totNum = 603
ROUND = 974, SUM = 15633585.9999999, bChange = 0.00773905, totNum = 600
ROUND = 975, SUM = 15633585.9999999, bChange = 0.00773905, totNum = 599
ROUND = 976, SUM = 15633585.9999998, bChange = 0.00773905, totNum = 597
ROUND = 977, SUM = 15633585.9999999, bChange = 0.00773905, totNum = 596
ROUND = 978, SUM = 15633585.9999999, bChange = 0.00773905, totNum = 594
ROUND = 979, SUM = 15633586, bChange = 0.00773905, totNum = 594
ROUND = 980, SUM = 15633585.9999999, bChange = 0.00773905, totNum = 593
ROUND = 981, SUM = 15633585.9999999, bChange = 0.00773905, totNum = 591
ROUND = 982, SUM = 15633585.9999999, bChange = 0.00773905, totNum = 590
ROUND = 983, SUM = 15633585.9999999, bChange = 0.00773905, totNum = 589
ROUND = 984, SUM = 15633585.9999998, bChange = 0.00773905, totNum = 588
ROUND = 985, SUM = 15633585.9999999, bChange = 0.00773905, totNum = 586
ROUND = 986, SUM = 15633585.9999998, bChange = 0.00773906, totNum = 586
ROUND = 987, SUM = 15633585.9999999, bChange = 0.00773906, totNum = 583
ROUND = 988, SUM = 15633585.9999999, bChange = 0.00773906, totNum = 577
ROUND = 989, SUM = 15633585.9999999, bChange = 0.00773906, totNum = 578
ROUND = 990, SUM = 15633585.9999999, bChange = 0.00773906, totNum = 577
ROUND = 991, SUM = 15633585.9999999, bChange = 0.00773906, totNum = 575
ROUND = 992, SUM = 15633585.9999999, bChange = 0.00773906, totNum = 575
ROUND = 993, SUM = 15633585.9999999, bChange = 0.00773906, totNum = 572
ROUND = 994, SUM = 15633585.9999999, bChange = 0.00773906, totNum = 570
ROUND = 995, SUM = 15633585.9999999, bChange = 0.00773906, totNum = 569
ROUND = 996, SUM = 15633585.9999998, bChange = 0.00773906, totNum = 567
ROUND = 997, SUM = 15633585.9999999, bChange = 0.00773906, totNum = 566
ROUND = 998, SUM = 15633585.9999999, bChange = 0.00773906, totNum = 565
ROUND = 999, SUM = 15633585.9999999, bChange = 0.00773906, totNum = 562
ROUND = 1000, SUM = 15633585.9999999, bChange = 0.00773906, totNum = 562
ROUND = 1001, SUM = 15633585.9999999, bChange = 0.00773906, totNum = 562
ROUND = 1002, SUM = 15633585.9999999, bChange = 0.00773906, totNum = 560
ROUND = 1003, SUM = 15633585.9999999, bChange = 0.00773906, totNum = 559
ROUND = 1004, SUM = 15633585.9999998, bChange = 0.00773906, totNum = 558
ROUND = 1005, SUM = 15633585.9999998, bChange = 0.00773906, totNum = 556
ROUND = 1006, SUM = 15633585.9999998, bChange = 0.00773906, totNum = 557
ROUND = 1007, SUM = 15633585.9999999, bChange = 0.00773906, totNum = 554
ROUND = 1008, SUM = 15633585.9999999, bChange = 0.00773906, totNum = 551
ROUND = 1009, SUM = 15633585.9999999, bChange = 0.00773906, totNum = 550
ROUND = 1010, SUM = 15633585.9999999, bChange = 0.00773906, totNum = 548
ROUND = 1011, SUM = 15633586, bChange = 0.00773906, totNum = 547
ROUND = 1012, SUM = 15633585.9999999, bChange = 0.00773906, totNum = 545
ROUND = 1013, SUM = 15633585.9999999, bChange = 0.00773906, totNum = 545
ROUND = 1014, SUM = 15633585.9999999, bChange = 0.00773907, totNum = 541
ROUND = 1015, SUM = 15633585.9999999, bChange = 0.00773907, totNum = 541
ROUND = 1016, SUM = 15633585.9999999, bChange = 0.00773907, totNum = 540
ROUND = 1017, SUM = 15633585.9999998, bChange = 0.00773907, totNum = 539
ROUND = 1018, SUM = 15633585.9999999, bChange = 0.00773907, totNum = 536
ROUND = 1019, SUM = 15633586, bChange = 0.00773907, totNum = 535
ROUND = 1020, SUM = 15633585.9999999, bChange = 0.00773907, totNum = 534
ROUND = 1021, SUM = 15633585.9999998, bChange = 0.00773907, totNum = 533
ROUND = 1022, SUM = 15633585.9999999, bChange = 0.00773907, totNum = 533
ROUND = 1023, SUM = 15633585.9999999, bChange = 0.00773907, totNum = 531
ROUND = 1024, SUM = 15633585.9999999, bChange = 0.00773907, totNum = 531
ROUND = 1025, SUM = 15633585.9999999, bChange = 0.00773907, totNum = 530
ROUND = 1026, SUM = 15633585.9999999, bChange = 0.00773907, totNum = 530
ROUND = 1027, SUM = 15633585.9999998, bChange = 0.00773907, totNum = 528
ROUND = 1028, SUM = 15633585.9999999, bChange = 0.00773907, totNum = 527
ROUND = 1029, SUM = 15633585.9999998, bChange = 0.00773907, totNum = 524
ROUND = 1030, SUM = 15633585.9999999, bChange = 0.00773907, totNum = 523
ROUND = 1031, SUM = 15633585.9999999, bChange = 0.00773907, totNum = 523
ROUND = 1032, SUM = 15633585.9999999, bChange = 0.00773907, totNum = 521
ROUND = 1033, SUM = 15633585.9999999, bChange = 0.00773907, totNum = 521
ROUND = 1034, SUM = 15633585.9999999, bChange = 0.00773907, totNum = 520
ROUND = 1035, SUM = 15633586, bChange = 0.00773907, totNum = 519
ROUND = 1036, SUM = 15633585.9999999, bChange = 0.00773907, totNum = 519
ROUND = 1037, SUM = 15633586, bChange = 0.00773907, totNum = 518
ROUND = 1038, SUM = 15633585.9999999, bChange = 0.00773907, totNum = 517
ROUND = 1039, SUM = 15633585.9999999, bChange = 0.00562301, totNum = 514
ROUND = 1040, SUM = 15633585.9999999, bChange = 0.00562296, totNum = 512
ROUND = 1041, SUM = 15633585.9999999, bChange = 0.00562291, totNum = 510
ROUND = 1042, SUM = 15633585.9999998, bChange = 0.00562286, totNum = 509
ROUND = 1043, SUM = 15633586, bChange = 0.00562281, totNum = 508
ROUND = 1044, SUM = 15633585.9999999, bChange = 0.00562276, totNum = 507
ROUND = 1045, SUM = 15633585.9999999, bChange = 0.00562271, totNum = 505
ROUND = 1046, SUM = 15633585.9999999, bChange = 0.00562266, totNum = 503
ROUND = 1047, SUM = 15633585.9999999, bChange = 0.00562262, totNum = 499
ROUND = 1048, SUM = 15633585.9999999, bChange = 0.00562257, totNum = 499
ROUND = 1049, SUM = 15633585.9999999, bChange = 0.00562252, totNum = 496
ROUND = 1050, SUM = 15633585.9999999, bChange = 0.00562247, totNum = 495
ROUND = 1051, SUM = 15633586, bChange = 0.00562242, totNum = 493
ROUND = 1052, SUM = 15633585.9999999, bChange = 0.00562238, totNum = 493
ROUND = 1053, SUM = 15633585.9999999, bChange = 0.00562233, totNum = 493
ROUND = 1054, SUM = 15633585.9999999, bChange = 0.00562228, totNum = 493
ROUND = 1055, SUM = 15633585.9999999, bChange = 0.00562224, totNum = 492
ROUND = 1056, SUM = 15633585.9999999, bChange = 0.00562219, totNum = 490
ROUND = 1057, SUM = 15633585.9999999, bChange = 0.00562214, totNum = 490
ROUND = 1058, SUM = 15633585.9999999, bChange = 0.0056221, totNum = 490
ROUND = 1059, SUM = 15633585.9999999, bChange = 0.00562205, totNum = 488
ROUND = 1060, SUM = 15633585.9999999, bChange = 0.00562201, totNum = 488
ROUND = 1061, SUM = 15633586, bChange = 0.00562196, totNum = 487
ROUND = 1062, SUM = 15633585.9999999, bChange = 0.00562192, totNum = 486
ROUND = 1063, SUM = 15633585.9999999, bChange = 0.00562187, totNum = 484
ROUND = 1064, SUM = 15633585.9999999, bChange = 0.00562183, totNum = 483
ROUND = 1065, SUM = 15633585.9999999, bChange = 0.00562179, totNum = 482
ROUND = 1066, SUM = 15633585.9999999, bChange = 0.00562174, totNum = 482
ROUND = 1067, SUM = 15633585.9999999, bChange = 0.0056217, totNum = 482
ROUND = 1068, SUM = 15633585.9999999, bChange = 0.00562166, totNum = 481
ROUND = 1069, SUM = 15633585.9999999, bChange = 0.00562161, totNum = 481
ROUND = 1070, SUM = 15633585.9999999, bChange = 0.00562157, totNum = 481
ROUND = 1071, SUM = 15633585.9999999, bChange = 0.00562153, totNum = 480
ROUND = 1072, SUM = 15633585.9999999, bChange = 0.00562149, totNum = 479
ROUND = 1073, SUM = 15633585.9999999, bChange = 0.00562144, totNum = 477
ROUND = 1074, SUM = 15633585.9999999, bChange = 0.0056214, totNum = 477
ROUND = 1075, SUM = 15633585.9999999, bChange = 0.00562136, totNum = 475
ROUND = 1076, SUM = 15633586, bChange = 0.00562132, totNum = 474
ROUND = 1077, SUM = 15633586, bChange = 0.00562128, totNum = 473
ROUND = 1078, SUM = 15633585.9999999, bChange = 0.00562124, totNum = 473
ROUND = 1079, SUM = 15633585.9999999, bChange = 0.0056212, totNum = 473
ROUND = 1080, SUM = 15633586.0000001, bChange = 0.00562116, totNum = 472
ROUND = 1081, SUM = 15633585.9999999, bChange = 0.00562112, totNum = 471
ROUND = 1082, SUM = 15633585.9999999, bChange = 0.00562108, totNum = 470
ROUND = 1083, SUM = 15633586, bChange = 0.00562104, totNum = 470
ROUND = 1084, SUM = 15633585.9999999, bChange = 0.005621, totNum = 467
ROUND = 1085, SUM = 15633586, bChange = 0.00562096, totNum = 464
ROUND = 1086, SUM = 15633585.9999999, bChange = 0.00562092, totNum = 462
ROUND = 1087, SUM = 15633585.9999999, bChange = 0.00562088, totNum = 461
ROUND = 1088, SUM = 15633586, bChange = 0.00562084, totNum = 462
ROUND = 1089, SUM = 15633586, bChange = 0.0056208, totNum = 461
ROUND = 1090, SUM = 15633585.9999999, bChange = 0.00562076, totNum = 462
ROUND = 1091, SUM = 15633585.9999999, bChange = 0.00562073, totNum = 461
ROUND = 1092, SUM = 15633585.9999999, bChange = 0.00562069, totNum = 460
ROUND = 1093, SUM = 15633585.9999999, bChange = 0.00562065, totNum = 456
ROUND = 1094, SUM = 15633586, bChange = 0.00562061, totNum = 456
ROUND = 1095, SUM = 15633585.9999999, bChange = 0.00562058, totNum = 455
ROUND = 1096, SUM = 15633585.9999999, bChange = 0.00562054, totNum = 453
ROUND = 1097, SUM = 15633586, bChange = 0.0056205, totNum = 452
ROUND = 1098, SUM = 15633585.9999999, bChange = 0.00562047, totNum = 450
ROUND = 1099, SUM = 15633585.9999999, bChange = 0.00562043, totNum = 449
ROUND = 1100, SUM = 15633586, bChange = 0.00562039, totNum = 446
ROUND = 1101, SUM = 15633585.9999999, bChange = 0.00562036, totNum = 444
ROUND = 1102, SUM = 15633585.9999999, bChange = 0.00562032, totNum = 442
ROUND = 1103, SUM = 15633586, bChange = 0.00562029, totNum = 441
ROUND = 1104, SUM = 15633585.9999999, bChange = 0.00562025, totNum = 439
ROUND = 1105, SUM = 15633585.9999999, bChange = 0.00562022, totNum = 438
ROUND = 1106, SUM = 15633585.9999999, bChange = 0.00562018, totNum = 436
ROUND = 1107, SUM = 15633585.9999999, bChange = 0.00562015, totNum = 431
ROUND = 1108, SUM = 15633585.9999999, bChange = 0.00562011, totNum = 430
ROUND = 1109, SUM = 15633585.9999999, bChange = 0.00562008, totNum = 430
ROUND = 1110, SUM = 15633585.9999999, bChange = 0.00562004, totNum = 429
ROUND = 1111, SUM = 15633585.9999999, bChange = 0.00562001, totNum = 429
ROUND = 1112, SUM = 15633585.9999999, bChange = 0.00561998, totNum = 428
ROUND = 1113, SUM = 15633585.9999999, bChange = 0.00561994, totNum = 427
ROUND = 1114, SUM = 15633585.9999999, bChange = 0.00561991, totNum = 427
ROUND = 1115, SUM = 15633586, bChange = 0.00561988, totNum = 427
ROUND = 1116, SUM = 15633585.9999999, bChange = 0.00561984, totNum = 427
ROUND = 1117, SUM = 15633586, bChange = 0.00561981, totNum = 427
ROUND = 1118, SUM = 15633586, bChange = 0.00561978, totNum = 427
ROUND = 1119, SUM = 15633585.9999998, bChange = 0.00561975, totNum = 426
ROUND = 1120, SUM = 15633585.9999999, bChange = 0.00561971, totNum = 425
ROUND = 1121, SUM = 15633585.9999999, bChange = 0.00561968, totNum = 425
ROUND = 1122, SUM = 15633586, bChange = 0.00561965, totNum = 422
ROUND = 1123, SUM = 15633585.9999999, bChange = 0.00561962, totNum = 419
ROUND = 1124, SUM = 15633586, bChange = 0.00561959, totNum = 418
ROUND = 1125, SUM = 15633586, bChange = 0.00561956, totNum = 417
ROUND = 1126, SUM = 15633585.9999999, bChange = 0.00561952, totNum = 416
ROUND = 1127, SUM = 15633585.9999999, bChange = 0.00561949, totNum = 413
ROUND = 1128, SUM = 15633586, bChange = 0.00561946, totNum = 412
ROUND = 1129, SUM = 15633585.9999999, bChange = 0.00561943, totNum = 411
ROUND = 1130, SUM = 15633585.9999999, bChange = 0.0056194, totNum = 410
ROUND = 1131, SUM = 15633585.9999999, bChange = 0.00561937, totNum = 410
ROUND = 1132, SUM = 15633585.9999999, bChange = 0.00561934, totNum = 409
ROUND = 1133, SUM = 15633585.9999999, bChange = 0.00561931, totNum = 408
ROUND = 1134, SUM = 15633585.9999999, bChange = 0.00561928, totNum = 408
ROUND = 1135, SUM = 15633585.9999999, bChange = 0.00561925, totNum = 408
ROUND = 1136, SUM = 15633585.9999999, bChange = 0.00561922, totNum = 406
ROUND = 1137, SUM = 15633585.9999998, bChange = 0.00561919, totNum = 404
ROUND = 1138, SUM = 15633585.9999999, bChange = 0.00561916, totNum = 404
ROUND = 1139, SUM = 15633585.9999999, bChange = 0.00561913, totNum = 404
ROUND = 1140, SUM = 15633585.9999999, bChange = 0.00561911, totNum = 404
ROUND = 1141, SUM = 15633585.9999999, bChange = 0.00561908, totNum = 404
ROUND = 1142, SUM = 15633585.9999998, bChange = 0.00561905, totNum = 402
ROUND = 1143, SUM = 15633585.9999998, bChange = 0.00561902, totNum = 401
ROUND = 1144, SUM = 15633585.9999999, bChange = 0.00561899, totNum = 400
ROUND = 1145, SUM = 15633585.9999998, bChange = 0.00561896, totNum = 400
ROUND = 1146, SUM = 15633585.9999999, bChange = 0.00561894, totNum = 399
ROUND = 1147, SUM = 15633585.9999998, bChange = 0.00561891, totNum = 398
ROUND = 1148, SUM = 15633585.9999999, bChange = 0.00561888, totNum = 396
ROUND = 1149, SUM = 15633585.9999998, bChange = 0.00561885, totNum = 396
ROUND = 1150, SUM = 15633585.9999998, bChange = 0.00561883, totNum = 394
ROUND = 1151, SUM = 15633585.9999999, bChange = 0.0056188, totNum = 394
ROUND = 1152, SUM = 15633585.9999999, bChange = 0.00561877, totNum = 395
ROUND = 1153, SUM = 15633585.9999999, bChange = 0.00561875, totNum = 394
ROUND = 1154, SUM = 15633585.9999999, bChange = 0.00561872, totNum = 394
ROUND = 1155, SUM = 15633585.9999999, bChange = 0.00561869, totNum = 393
ROUND = 1156, SUM = 15633585.9999999, bChange = 0.00561867, totNum = 392
ROUND = 1157, SUM = 15633586, bChange = 0.00561864, totNum = 390
ROUND = 1158, SUM = 15633585.9999999, bChange = 0.00561861, totNum = 389
ROUND = 1159, SUM = 15633585.9999999, bChange = 0.00561859, totNum = 388
ROUND = 1160, SUM = 15633585.9999999, bChange = 0.00561856, totNum = 385
ROUND = 1161, SUM = 15633585.9999999, bChange = 0.00561854, totNum = 384
ROUND = 1162, SUM = 15633586, bChange = 0.00561851, totNum = 383
ROUND = 1163, SUM = 15633585.9999999, bChange = 0.00561849, totNum = 381
ROUND = 1164, SUM = 15633585.9999999, bChange = 0.00561846, totNum = 380
ROUND = 1165, SUM = 15633585.9999998, bChange = 0.00561844, totNum = 379
ROUND = 1166, SUM = 15633585.9999999, bChange = 0.00561841, totNum = 378
ROUND = 1167, SUM = 15633585.9999999, bChange = 0.00561839, totNum = 376
ROUND = 1168, SUM = 15633585.9999999, bChange = 0.00561836, totNum = 376
ROUND = 1169, SUM = 15633585.9999998, bChange = 0.00561834, totNum = 372
ROUND = 1170, SUM = 15633585.9999999, bChange = 0.00561831, totNum = 371
ROUND = 1171, SUM = 15633586, bChange = 0.00561829, totNum = 371
ROUND = 1172, SUM = 15633585.9999999, bChange = 0.00561827, totNum = 371
ROUND = 1173, SUM = 15633586, bChange = 0.00561824, totNum = 371
ROUND = 1174, SUM = 15633585.9999999, bChange = 0.00561822, totNum = 371
ROUND = 1175, SUM = 15633585.9999999, bChange = 0.00561819, totNum = 369
ROUND = 1176, SUM = 15633585.9999999, bChange = 0.00561817, totNum = 368
ROUND = 1177, SUM = 15633585.9999999, bChange = 0.00561815, totNum = 366
ROUND = 1178, SUM = 15633585.9999998, bChange = 0.00561812, totNum = 366
ROUND = 1179, SUM = 15633585.9999999, bChange = 0.0056181, totNum = 366
ROUND = 1180, SUM = 15633585.9999999, bChange = 0.00561808, totNum = 364
ROUND = 1181, SUM = 15633585.9999998, bChange = 0.00561806, totNum = 364
ROUND = 1182, SUM = 15633585.9999999, bChange = 0.00561803, totNum = 363
ROUND = 1183, SUM = 15633585.9999998, bChange = 0.00561801, totNum = 363
ROUND = 1184, SUM = 15633585.9999999, bChange = 0.00561799, totNum = 363
ROUND = 1185, SUM = 15633585.9999998, bChange = 0.00561796, totNum = 363
ROUND = 1186, SUM = 15633585.9999999, bChange = 0.00561794, totNum = 363
ROUND = 1187, SUM = 15633585.9999999, bChange = 0.00561792, totNum = 363
ROUND = 1188, SUM = 15633585.9999999, bChange = 0.0056179, totNum = 363
ROUND = 1189, SUM = 15633585.9999999, bChange = 0.00561788, totNum = 362
ROUND = 1190, SUM = 15633585.9999998, bChange = 0.00561786, totNum = 362
ROUND = 1191, SUM = 15633585.9999998, bChange = 0.00561783, totNum = 362
ROUND = 1192, SUM = 15633585.9999999, bChange = 0.00561781, totNum = 361
ROUND = 1193, SUM = 15633585.9999998, bChange = 0.00561779, totNum = 361
ROUND = 1194, SUM = 15633585.9999998, bChange = 0.00561777, totNum = 361
ROUND = 1195, SUM = 15633585.9999999, bChange = 0.00561775, totNum = 361
ROUND = 1196, SUM = 15633585.9999999, bChange = 0.00561773, totNum = 361
ROUND = 1197, SUM = 15633585.9999999, bChange = 0.00561771, totNum = 360
ROUND = 1198, SUM = 15633585.9999999, bChange = 0.00561769, totNum = 359
ROUND = 1199, SUM = 15633585.9999999, bChange = 0.00561766, totNum = 359
ROUND = 1200, SUM = 15633585.9999999, bChange = 0.00561764, totNum = 358
ROUND = 1201, SUM = 15633585.9999999, bChange = 0.00561762, totNum = 357
ROUND = 1202, SUM = 15633585.9999999, bChange = 0.0056176, totNum = 356
ROUND = 1203, SUM = 15633585.9999999, bChange = 0.00561758, totNum = 355
ROUND = 1204, SUM = 15633585.9999999, bChange = 0.00561756, totNum = 354
ROUND = 1205, SUM = 15633585.9999999, bChange = 0.00561754, totNum = 353
ROUND = 1206, SUM = 15633585.9999999, bChange = 0.00561752, totNum = 351
ROUND = 1207, SUM = 15633585.9999999, bChange = 0.0056175, totNum = 349
ROUND = 1208, SUM = 15633585.9999999, bChange = 0.00561748, totNum = 346
ROUND = 1209, SUM = 15633585.9999999, bChange = 0.00561746, totNum = 345
ROUND = 1210, SUM = 15633585.9999999, bChange = 0.00561745, totNum = 345
ROUND = 1211, SUM = 15633585.9999999, bChange = 0.00561743, totNum = 344
ROUND = 1212, SUM = 15633586, bChange = 0.00561741, totNum = 343
ROUND = 1213, SUM = 15633585.9999999, bChange = 0.00561739, totNum = 342
ROUND = 1214, SUM = 15633585.9999999, bChange = 0.00561737, totNum = 340
ROUND = 1215, SUM = 15633585.9999999, bChange = 0.00561735, totNum = 340
ROUND = 1216, SUM = 15633586, bChange = 0.00561733, totNum = 340
ROUND = 1217, SUM = 15633585.9999999, bChange = 0.00561731, totNum = 340
ROUND = 1218, SUM = 15633585.9999999, bChange = 0.00561729, totNum = 338
ROUND = 1219, SUM = 15633585.9999999, bChange = 0.00561728, totNum = 338
ROUND = 1220, SUM = 15633585.9999998, bChange = 0.00561726, totNum = 337
ROUND = 1221, SUM = 15633585.9999999, bChange = 0.00561724, totNum = 337
ROUND = 1222, SUM = 15633585.9999999, bChange = 0.00561722, totNum = 336
ROUND = 1223, SUM = 15633585.9999999, bChange = 0.0056172, totNum = 336
ROUND = 1224, SUM = 15633585.9999999, bChange = 0.00561718, totNum = 335
ROUND = 1225, SUM = 15633585.9999999, bChange = 0.00561717, totNum = 334
ROUND = 1226, SUM = 15633585.9999999, bChange = 0.00561715, totNum = 334
ROUND = 1227, SUM = 15633585.9999999, bChange = 0.00561713, totNum = 334
ROUND = 1228, SUM = 15633585.9999999, bChange = 0.00561711, totNum = 334
ROUND = 1229, SUM = 15633585.9999998, bChange = 0.0056171, totNum = 334
ROUND = 1230, SUM = 15633585.9999999, bChange = 0.00561708, totNum = 334
ROUND = 1231, SUM = 15633585.9999999, bChange = 0.00561706, totNum = 332
ROUND = 1232, SUM = 15633585.9999999, bChange = 0.00561704, totNum = 332
ROUND = 1233, SUM = 15633585.9999999, bChange = 0.00561703, totNum = 332
ROUND = 1234, SUM = 15633585.9999999, bChange = 0.00561701, totNum = 331
ROUND = 1235, SUM = 15633585.9999999, bChange = 0.00561699, totNum = 330
ROUND = 1236, SUM = 15633585.9999999, bChange = 0.00561698, totNum = 330
ROUND = 1237, SUM = 15633585.9999999, bChange = 0.00561696, totNum = 329
ROUND = 1238, SUM = 15633585.9999998, bChange = 0.00561694, totNum = 329
ROUND = 1239, SUM = 15633585.9999998, bChange = 0.00561693, totNum = 328
ROUND = 1240, SUM = 15633585.9999999, bChange = 0.00561691, totNum = 329
ROUND = 1241, SUM = 15633585.9999998, bChange = 0.00561689, totNum = 329
ROUND = 1242, SUM = 15633585.9999999, bChange = 0.00561688, totNum = 328
ROUND = 1243, SUM = 15633585.9999999, bChange = 0.00561686, totNum = 328
ROUND = 1244, SUM = 15633585.9999999, bChange = 0.00561685, totNum = 326
ROUND = 1245, SUM = 15633585.9999999, bChange = 0.00561683, totNum = 326
ROUND = 1246, SUM = 15633585.9999999, bChange = 0.00561681, totNum = 325
ROUND = 1247, SUM = 15633585.9999999, bChange = 0.0056168, totNum = 325
ROUND = 1248, SUM = 15633586, bChange = 0.00561678, totNum = 325
ROUND = 1249, SUM = 15633585.9999999, bChange = 0.00561677, totNum = 324
ROUND = 1250, SUM = 15633585.9999999, bChange = 0.00561675, totNum = 323
ROUND = 1251, SUM = 15633585.9999999, bChange = 0.00561674, totNum = 323
ROUND = 1252, SUM = 15633585.9999998, bChange = 0.00561672, totNum = 322
ROUND = 1253, SUM = 15633585.9999999, bChange = 0.00561671, totNum = 321
ROUND = 1254, SUM = 15633585.9999999, bChange = 0.00561669, totNum = 321
ROUND = 1255, SUM = 15633585.9999998, bChange = 0.00561668, totNum = 321
ROUND = 1256, SUM = 15633585.9999999, bChange = 0.00561666, totNum = 321
ROUND = 1257, SUM = 15633585.9999999, bChange = 0.00561665, totNum = 320
ROUND = 1258, SUM = 15633586.0000001, bChange = 0.00561663, totNum = 320
ROUND = 1259, SUM = 15633585.9999999, bChange = 0.00561662, totNum = 319
ROUND = 1260, SUM = 15633585.9999999, bChange = 0.0056166, totNum = 318
ROUND = 1261, SUM = 15633585.9999999, bChange = 0.00561659, totNum = 317
ROUND = 1262, SUM = 15633586, bChange = 0.00561657, totNum = 316
ROUND = 1263, SUM = 15633585.9999999, bChange = 0.00561656, totNum = 316
ROUND = 1264, SUM = 15633586, bChange = 0.00561654, totNum = 316
ROUND = 1265, SUM = 15633585.9999999, bChange = 0.00561653, totNum = 315
ROUND = 1266, SUM = 15633585.9999999, bChange = 0.00561652, totNum = 314
ROUND = 1267, SUM = 15633585.9999999, bChange = 0.0056165, totNum = 314
ROUND = 1268, SUM = 15633585.9999998, bChange = 0.00561649, totNum = 312
ROUND = 1269, SUM = 15633585.9999999, bChange = 0.00561647, totNum = 312
ROUND = 1270, SUM = 15633585.9999999, bChange = 0.00561646, totNum = 310
ROUND = 1271, SUM = 15633585.9999999, bChange = 0.00561645, totNum = 310
ROUND = 1272, SUM = 15633585.9999999, bChange = 0.00561643, totNum = 310
ROUND = 1273, SUM = 15633585.9999999, bChange = 0.00561642, totNum = 309
ROUND = 1274, SUM = 15633585.9999999, bChange = 0.00561641, totNum = 308
ROUND = 1275, SUM = 15633585.9999999, bChange = 0.00561639, totNum = 308
ROUND = 1276, SUM = 15633585.9999999, bChange = 0.00561638, totNum = 308
ROUND = 1277, SUM = 15633585.9999999, bChange = 0.00561636, totNum = 308
ROUND = 1278, SUM = 15633585.9999998, bChange = 0.00561635, totNum = 308
ROUND = 1279, SUM = 15633585.9999999, bChange = 0.00561634, totNum = 308
ROUND = 1280, SUM = 15633585.9999999, bChange = 0.00561633, totNum = 307
ROUND = 1281, SUM = 15633586, bChange = 0.00561631, totNum = 307
ROUND = 1282, SUM = 15633586, bChange = 0.0056163, totNum = 306
ROUND = 1283, SUM = 15633585.9999999, bChange = 0.00561629, totNum = 306
ROUND = 1284, SUM = 15633585.9999999, bChange = 0.00561627, totNum = 306
ROUND = 1285, SUM = 15633585.9999999, bChange = 0.00561626, totNum = 306
ROUND = 1286, SUM = 15633585.9999999, bChange = 0.00561625, totNum = 305
ROUND = 1287, SUM = 15633585.9999999, bChange = 0.00561624, totNum = 303
ROUND = 1288, SUM = 15633586, bChange = 0.00561622, totNum = 302
ROUND = 1289, SUM = 15633585.9999999, bChange = 0.00561621, totNum = 303
ROUND = 1290, SUM = 15633586, bChange = 0.0056162, totNum = 303
ROUND = 1291, SUM = 15633585.9999999, bChange = 0.00561619, totNum = 303
ROUND = 1292, SUM = 15633585.9999999, bChange = 0.00561617, totNum = 301
ROUND = 1293, SUM = 15633585.9999999, bChange = 0.00561616, totNum = 300
ROUND = 1294, SUM = 15633585.9999999, bChange = 0.00561615, totNum = 299
ROUND = 1295, SUM = 15633585.9999998, bChange = 0.00561614, totNum = 299
ROUND = 1296, SUM = 15633585.9999999, bChange = 0.00561613, totNum = 299
ROUND = 1297, SUM = 15633585.9999999, bChange = 0.00561611, totNum = 299
ROUND = 1298, SUM = 15633585.9999999, bChange = 0.0056161, totNum = 298
ROUND = 1299, SUM = 15633585.9999999, bChange = 0.00561609, totNum = 297
ROUND = 1300, SUM = 15633586, bChange = 0.00561608, totNum = 297
ROUND = 1301, SUM = 15633585.9999999, bChange = 0.00561607, totNum = 296
ROUND = 1302, SUM = 15633585.9999999, bChange = 0.00561606, totNum = 294
ROUND = 1303, SUM = 15633585.9999999, bChange = 0.00561604, totNum = 294
ROUND = 1304, SUM = 15633585.9999999, bChange = 0.00561603, totNum = 294
ROUND = 1305, SUM = 15633585.9999999, bChange = 0.00561602, totNum = 294
ROUND = 1306, SUM = 15633585.9999999, bChange = 0.00561601, totNum = 293
ROUND = 1307, SUM = 15633585.9999998, bChange = 0.005616, totNum = 293
ROUND = 1308, SUM = 15633585.9999999, bChange = 0.00561599, totNum = 293
ROUND = 1309, SUM = 15633585.9999999, bChange = 0.00561598, totNum = 293
ROUND = 1310, SUM = 15633585.9999999, bChange = 0.00561597, totNum = 291
ROUND = 1311, SUM = 15633585.9999999, bChange = 0.00561595, totNum = 290
ROUND = 1312, SUM = 15633585.9999998, bChange = 0.00561594, totNum = 288
ROUND = 1313, SUM = 15633585.9999998, bChange = 0.00561593, totNum = 288
ROUND = 1314, SUM = 15633585.9999999, bChange = 0.00561592, totNum = 288
ROUND = 1315, SUM = 15633585.9999998, bChange = 0.00561591, totNum = 288
ROUND = 1316, SUM = 15633585.9999999, bChange = 0.0056159, totNum = 288
ROUND = 1317, SUM = 15633586, bChange = 0.00561589, totNum = 288
ROUND = 1318, SUM = 15633585.9999999, bChange = 0.00561588, totNum = 288
ROUND = 1319, SUM = 15633586, bChange = 0.00561587, totNum = 287
ROUND = 1320, SUM = 15633586, bChange = 0.00561586, totNum = 286
ROUND = 1321, SUM = 15633585.9999999, bChange = 0.00561585, totNum = 284
ROUND = 1322, SUM = 15633585.9999999, bChange = 0.00561584, totNum = 283
ROUND = 1323, SUM = 15633585.9999999, bChange = 0.00561583, totNum = 284
ROUND = 1324, SUM = 15633586, bChange = 0.00561582, totNum = 283
ROUND = 1325, SUM = 15633586, bChange = 0.00561581, totNum = 282
ROUND = 1326, SUM = 15633585.9999999, bChange = 0.0056158, totNum = 280
ROUND = 1327, SUM = 15633585.9999999, bChange = 0.00561579, totNum = 280
ROUND = 1328, SUM = 15633585.9999999, bChange = 0.00561578, totNum = 278
ROUND = 1329, SUM = 15633585.9999999, bChange = 0.00561577, totNum = 277
ROUND = 1330, SUM = 15633585.9999999, bChange = 0.00561576, totNum = 275
ROUND = 1331, SUM = 15633585.9999999, bChange = 0.00420515, totNum = 274
ROUND = 1332, SUM = 15633585.9999999, bChange = 0.00420537, totNum = 274
ROUND = 1333, SUM = 15633585.9999999, bChange = 0.0042056, totNum = 273
ROUND = 1334, SUM = 15633585.9999999, bChange = 0.00420583, totNum = 272
ROUND = 1335, SUM = 15633585.9999999, bChange = 0.00420605, totNum = 272
ROUND = 1336, SUM = 15633585.9999999, bChange = 0.00420628, totNum = 272
ROUND = 1337, SUM = 15633585.9999999, bChange = 0.0042065, totNum = 272
ROUND = 1338, SUM = 15633585.9999999, bChange = 0.00420672, totNum = 272
ROUND = 1339, SUM = 15633586, bChange = 0.00420695, totNum = 271
ROUND = 1340, SUM = 15633585.9999999, bChange = 0.00420717, totNum = 271
ROUND = 1341, SUM = 15633585.9999999, bChange = 0.00420739, totNum = 271
ROUND = 1342, SUM = 15633585.9999999, bChange = 0.00420761, totNum = 270
ROUND = 1343, SUM = 15633585.9999999, bChange = 0.00420783, totNum = 270
ROUND = 1344, SUM = 15633585.9999999, bChange = 0.00420805, totNum = 269
ROUND = 1345, SUM = 15633585.9999998, bChange = 0.00420827, totNum = 266
ROUND = 1346, SUM = 15633585.9999999, bChange = 0.00420849, totNum = 265
ROUND = 1347, SUM = 15633586, bChange = 0.0042087, totNum = 263
ROUND = 1348, SUM = 15633586, bChange = 0.00420892, totNum = 263
ROUND = 1349, SUM = 15633585.9999998, bChange = 0.00420914, totNum = 262
ROUND = 1350, SUM = 15633585.9999999, bChange = 0.00420935, totNum = 261
ROUND = 1351, SUM = 15633585.9999999, bChange = 0.00420957, totNum = 259
ROUND = 1352, SUM = 15633585.9999999, bChange = 0.00420978, totNum = 257
ROUND = 1353, SUM = 15633585.9999999, bChange = 0.00421, totNum = 257
ROUND = 1354, SUM = 15633586, bChange = 0.00421021, totNum = 257
ROUND = 1355, SUM = 15633586, bChange = 0.00421042, totNum = 257
ROUND = 1356, SUM = 15633586, bChange = 0.00421064, totNum = 257
ROUND = 1357, SUM = 15633585.9999999, bChange = 0.00421085, totNum = 257
ROUND = 1358, SUM = 15633585.9999999, bChange = 0.00421106, totNum = 256
ROUND = 1359, SUM = 15633585.9999999, bChange = 0.00421127, totNum = 256
ROUND = 1360, SUM = 15633585.9999999, bChange = 0.00421148, totNum = 254
ROUND = 1361, SUM = 15633585.9999999, bChange = 0.00421169, totNum = 254
ROUND = 1362, SUM = 15633585.9999999, bChange = 0.0042119, totNum = 253
ROUND = 1363, SUM = 15633585.9999999, bChange = 0.00421211, totNum = 253
ROUND = 1364, SUM = 15633585.9999999, bChange = 0.00421232, totNum = 253
ROUND = 1365, SUM = 15633585.9999999, bChange = 0.00421252, totNum = 252
ROUND = 1366, SUM = 15633586, bChange = 0.00421273, totNum = 251
ROUND = 1367, SUM = 15633585.9999998, bChange = 0.00421293, totNum = 250
ROUND = 1368, SUM = 15633585.9999999, bChange = 0.00421314, totNum = 250
ROUND = 1369, SUM = 15633585.9999999, bChange = 0.00421334, totNum = 249
ROUND = 1370, SUM = 15633585.9999999, bChange = 0.00421355, totNum = 248
ROUND = 1371, SUM = 15633586, bChange = 0.00421375, totNum = 248
ROUND = 1372, SUM = 15633585.9999999, bChange = 0.00421396, totNum = 248
ROUND = 1373, SUM = 15633585.9999999, bChange = 0.00388574, totNum = 247
ROUND = 1374, SUM = 15633586, bChange = 0.00388582, totNum = 247
ROUND = 1375, SUM = 15633586, bChange = 0.00388589, totNum = 247
ROUND = 1376, SUM = 15633585.9999999, bChange = 0.00388596, totNum = 245
ROUND = 1377, SUM = 15633585.9999999, bChange = 0.00388603, totNum = 245
ROUND = 1378, SUM = 15633585.9999999, bChange = 0.0038861, totNum = 244
ROUND = 1379, SUM = 15633585.9999998, bChange = 0.00388617, totNum = 244
ROUND = 1380, SUM = 15633585.9999999, bChange = 0.00388624, totNum = 243
ROUND = 1381, SUM = 15633585.9999999, bChange = 0.00388631, totNum = 242
ROUND = 1382, SUM = 15633585.9999998, bChange = 0.00388638, totNum = 242
ROUND = 1383, SUM = 15633585.9999999, bChange = 0.00388645, totNum = 240
ROUND = 1384, SUM = 15633585.9999999, bChange = 0.00388652, totNum = 240
ROUND = 1385, SUM = 15633585.9999999, bChange = 0.00388659, totNum = 240
ROUND = 1386, SUM = 15633585.9999999, bChange = 0.00388666, totNum = 240
ROUND = 1387, SUM = 15633586, bChange = 0.00388709, totNum = 240
ROUND = 1388, SUM = 15633585.9999999, bChange = 0.00388785, totNum = 240
ROUND = 1389, SUM = 15633585.9999999, bChange = 0.00388862, totNum = 238
ROUND = 1390, SUM = 15633585.9999999, bChange = 0.00388938, totNum = 238
ROUND = 1391, SUM = 15633585.9999999, bChange = 0.00389014, totNum = 238
ROUND = 1392, SUM = 15633585.9999998, bChange = 0.00389089, totNum = 237
ROUND = 1393, SUM = 15633585.9999999, bChange = 0.00389165, totNum = 236
ROUND = 1394, SUM = 15633585.9999999, bChange = 0.0038924, totNum = 235
ROUND = 1395, SUM = 15633585.9999999, bChange = 0.00389315, totNum = 234
ROUND = 1396, SUM = 15633585.9999999, bChange = 0.0038939, totNum = 233
ROUND = 1397, SUM = 15633586, bChange = 0.00389464, totNum = 232
ROUND = 1398, SUM = 15633585.9999999, bChange = 0.00389539, totNum = 231
ROUND = 1399, SUM = 15633585.9999999, bChange = 0.00389613, totNum = 231
ROUND = 1400, SUM = 15633585.9999999, bChange = 0.00389687, totNum = 231
ROUND = 1401, SUM = 15633585.9999999, bChange = 0.0038976, totNum = 231
ROUND = 1402, SUM = 15633585.9999999, bChange = 0.00389834, totNum = 231
ROUND = 1403, SUM = 15633585.9999999, bChange = 0.00389907, totNum = 231
ROUND = 1404, SUM = 15633585.9999999, bChange = 0.0038998, totNum = 231
ROUND = 1405, SUM = 15633585.9999999, bChange = 0.00390052, totNum = 230
ROUND = 1406, SUM = 15633585.9999999, bChange = 0.00390125, totNum = 230
ROUND = 1407, SUM = 15633585.9999999, bChange = 0.00390197, totNum = 229
ROUND = 1408, SUM = 15633586, bChange = 0.00390269, totNum = 227
ROUND = 1409, SUM = 15633585.9999999, bChange = 0.00390341, totNum = 227
ROUND = 1410, SUM = 15633585.9999998, bChange = 0.00390412, totNum = 228
ROUND = 1411, SUM = 15633585.9999999, bChange = 0.00390484, totNum = 228
ROUND = 1412, SUM = 15633585.9999999, bChange = 0.00390555, totNum = 228
ROUND = 1413, SUM = 15633585.9999999, bChange = 0.00390626, totNum = 227
ROUND = 1414, SUM = 15633585.9999999, bChange = 0.00390696, totNum = 227
ROUND = 1415, SUM = 15633586, bChange = 0.00390767, totNum = 226
ROUND = 1416, SUM = 15633585.9999999, bChange = 0.00390837, totNum = 226
ROUND = 1417, SUM = 15633585.9999999, bChange = 0.00390907, totNum = 225
ROUND = 1418, SUM = 15633585.9999999, bChange = 0.00390977, totNum = 225
ROUND = 1419, SUM = 15633585.9999998, bChange = 0.00391046, totNum = 225
ROUND = 1420, SUM = 15633585.9999999, bChange = 0.00391116, totNum = 225
ROUND = 1421, SUM = 15633585.9999999, bChange = 0.00391185, totNum = 224
ROUND = 1422, SUM = 15633586, bChange = 0.00391254, totNum = 224
ROUND = 1423, SUM = 15633585.9999999, bChange = 0.00391322, totNum = 224
ROUND = 1424, SUM = 15633585.9999999, bChange = 0.00391391, totNum = 224
ROUND = 1425, SUM = 15633585.9999999, bChange = 0.00391459, totNum = 223
ROUND = 1426, SUM = 15633585.9999999, bChange = 0.00391527, totNum = 222
ROUND = 1427, SUM = 15633585.9999999, bChange = 0.00391595, totNum = 222
ROUND = 1428, SUM = 15633585.9999999, bChange = 0.00391662, totNum = 222
ROUND = 1429, SUM = 15633585.9999999, bChange = 0.0039173, totNum = 222
ROUND = 1430, SUM = 15633585.9999999, bChange = 0.00391797, totNum = 222
ROUND = 1431, SUM = 15633586, bChange = 0.00391864, totNum = 222
ROUND = 1432, SUM = 15633585.9999999, bChange = 0.00391931, totNum = 222
ROUND = 1433, SUM = 15633585.9999999, bChange = 0.00391997, totNum = 220
ROUND = 1434, SUM = 15633585.9999999, bChange = 0.00392064, totNum = 220
ROUND = 1435, SUM = 15633585.9999999, bChange = 0.0039213, totNum = 219
ROUND = 1436, SUM = 15633585.9999999, bChange = 0.00392196, totNum = 219
ROUND = 1437, SUM = 15633585.9999999, bChange = 0.00392261, totNum = 219
ROUND = 1438, SUM = 15633585.9999999, bChange = 0.00392327, totNum = 218
ROUND = 1439, SUM = 15633585.9999999, bChange = 0.00392392, totNum = 218
ROUND = 1440, SUM = 15633585.9999999, bChange = 0.00392457, totNum = 218
ROUND = 1441, SUM = 15633586, bChange = 0.00392522, totNum = 218
ROUND = 1442, SUM = 15633585.9999999, bChange = 0.00392587, totNum = 217
ROUND = 1443, SUM = 15633585.9999999, bChange = 0.00392651, totNum = 217
ROUND = 1444, SUM = 15633585.9999999, bChange = 0.00392715, totNum = 217
ROUND = 1445, SUM = 15633585.9999999, bChange = 0.00392779, totNum = 217
ROUND = 1446, SUM = 15633585.9999999, bChange = 0.00392843, totNum = 217
ROUND = 1447, SUM = 15633585.9999999, bChange = 0.00392907, totNum = 217
ROUND = 1448, SUM = 15633585.9999998, bChange = 0.0039297, totNum = 217
ROUND = 1449, SUM = 15633585.9999999, bChange = 0.00393033, totNum = 214
ROUND = 1450, SUM = 15633585.9999998, bChange = 0.00393096, totNum = 214
ROUND = 1451, SUM = 15633585.9999999, bChange = 0.00393159, totNum = 213
ROUND = 1452, SUM = 15633585.9999999, bChange = 0.00393222, totNum = 213
ROUND = 1453, SUM = 15633585.9999999, bChange = 0.00393284, totNum = 213
ROUND = 1454, SUM = 15633585.9999998, bChange = 0.00393346, totNum = 212
ROUND = 1455, SUM = 15633585.9999999, bChange = 0.00393408, totNum = 210
ROUND = 1456, SUM = 15633585.9999999, bChange = 0.0039347, totNum = 210
ROUND = 1457, SUM = 15633585.9999998, bChange = 0.00393531, totNum = 210
ROUND = 1458, SUM = 15633585.9999999, bChange = 0.00393593, totNum = 210
ROUND = 1459, SUM = 15633585.9999999, bChange = 0.00393654, totNum = 210
ROUND = 1460, SUM = 15633585.9999999, bChange = 0.00393715, totNum = 209
ROUND = 1461, SUM = 15633585.9999999, bChange = 0.00393776, totNum = 208
ROUND = 1462, SUM = 15633585.9999999, bChange = 0.00393836, totNum = 208
ROUND = 1463, SUM = 15633586, bChange = 0.00393897, totNum = 208
ROUND = 1464, SUM = 15633585.9999999, bChange = 0.00393957, totNum = 208
ROUND = 1465, SUM = 15633586, bChange = 0.00394017, totNum = 207
ROUND = 1466, SUM = 15633585.9999999, bChange = 0.00394077, totNum = 206
ROUND = 1467, SUM = 15633585.9999999, bChange = 0.00394136, totNum = 206
ROUND = 1468, SUM = 15633585.9999999, bChange = 0.00394196, totNum = 206
ROUND = 1469, SUM = 15633586, bChange = 0.00394255, totNum = 206
ROUND = 1470, SUM = 15633585.9999999, bChange = 0.00394314, totNum = 205
ROUND = 1471, SUM = 15633585.9999999, bChange = 0.00394373, totNum = 204
ROUND = 1472, SUM = 15633585.9999999, bChange = 0.00394431, totNum = 205
ROUND = 1473, SUM = 15633585.9999999, bChange = 0.0039449, totNum = 205
ROUND = 1474, SUM = 15633585.9999999, bChange = 0.00394548, totNum = 205
ROUND = 1475, SUM = 15633586, bChange = 0.00394606, totNum = 205
ROUND = 1476, SUM = 15633585.9999998, bChange = 0.00394664, totNum = 204
ROUND = 1477, SUM = 15633586, bChange = 0.00394722, totNum = 203
ROUND = 1478, SUM = 15633585.9999999, bChange = 0.00394779, totNum = 202
ROUND = 1479, SUM = 15633585.9999999, bChange = 0.00394836, totNum = 202
ROUND = 1480, SUM = 15633585.9999999, bChange = 0.00394893, totNum = 201
ROUND = 1481, SUM = 15633585.9999998, bChange = 0.0039495, totNum = 201
ROUND = 1482, SUM = 15633585.9999999, bChange = 0.00395007, totNum = 201
ROUND = 1483, SUM = 15633585.9999999, bChange = 0.00395064, totNum = 200
ROUND = 1484, SUM = 15633585.9999999, bChange = 0.0039512, totNum = 200
ROUND = 1485, SUM = 15633586, bChange = 0.00395176, totNum = 199
ROUND = 1486, SUM = 15633585.9999999, bChange = 0.00395232, totNum = 199
ROUND = 1487, SUM = 15633586, bChange = 0.00395288, totNum = 199
ROUND = 1488, SUM = 15633586, bChange = 0.00395343, totNum = 199
ROUND = 1489, SUM = 15633586, bChange = 0.00395399, totNum = 199
ROUND = 1490, SUM = 15633585.9999999, bChange = 0.00395454, totNum = 199
ROUND = 1491, SUM = 15633585.9999999, bChange = 0.00395509, totNum = 198
ROUND = 1492, SUM = 15633585.9999999, bChange = 0.00395564, totNum = 198
ROUND = 1493, SUM = 15633585.9999999, bChange = 0.00395619, totNum = 196
ROUND = 1494, SUM = 15633585.9999999, bChange = 0.00395673, totNum = 196
ROUND = 1495, SUM = 15633585.9999999, bChange = 0.00395727, totNum = 196
ROUND = 1496, SUM = 15633585.9999999, bChange = 0.00395782, totNum = 196
ROUND = 1497, SUM = 15633585.9999999, bChange = 0.00395836, totNum = 195
ROUND = 1498, SUM = 15633585.9999999, bChange = 0.00395889, totNum = 195
ROUND = 1499, SUM = 15633585.9999999, bChange = 0.00395943, totNum = 195
ROUND = 1500, SUM = 15633585.9999999, bChange = 0.00395996, totNum = 195
ROUND = 1501, SUM = 15633585.9999999, bChange = 0.0039605, totNum = 195
ROUND = 1502, SUM = 15633585.9999999, bChange = 0.00396103, totNum = 195
ROUND = 1503, SUM = 15633585.9999999, bChange = 0.00396156, totNum = 194
ROUND = 1504, SUM = 15633585.9999999, bChange = 0.00396208, totNum = 193
ROUND = 1505, SUM = 15633585.9999999, bChange = 0.00396261, totNum = 191
ROUND = 1506, SUM = 15633585.9999999, bChange = 0.00396313, totNum = 191
ROUND = 1507, SUM = 15633585.9999999, bChange = 0.00396365, totNum = 191
ROUND = 1508, SUM = 15633586, bChange = 0.00396417, totNum = 190
ROUND = 1509, SUM = 15633585.9999999, bChange = 0.00396469, totNum = 189
ROUND = 1510, SUM = 15633586, bChange = 0.00396521, totNum = 189
ROUND = 1511, SUM = 15633586, bChange = 0.00396572, totNum = 188
ROUND = 1512, SUM = 15633585.9999999, bChange = 0.00396624, totNum = 188
ROUND = 1513, SUM = 15633586, bChange = 0.00396675, totNum = 188
ROUND = 1514, SUM = 15633585.9999999, bChange = 0.00396726, totNum = 188
ROUND = 1515, SUM = 15633586, bChange = 0.00396776, totNum = 188
ROUND = 1516, SUM = 15633585.9999999, bChange = 0.00396827, totNum = 188
ROUND = 1517, SUM = 15633585.9999999, bChange = 0.00396878, totNum = 186
ROUND = 1518, SUM = 15633585.9999999, bChange = 0.00389368, totNum = 185
ROUND = 1519, SUM = 15633585.9999999, bChange = 0.00389372, totNum = 185
ROUND = 1520, SUM = 15633585.9999999, bChange = 0.00389376, totNum = 185
ROUND = 1521, SUM = 15633586, bChange = 0.0038938, totNum = 186
ROUND = 1522, SUM = 15633585.9999999, bChange = 0.00389384, totNum = 185
ROUND = 1523, SUM = 15633585.9999999, bChange = 0.00389388, totNum = 184
ROUND = 1524, SUM = 15633585.9999999, bChange = 0.00389392, totNum = 184
ROUND = 1525, SUM = 15633585.9999999, bChange = 0.00389396, totNum = 184
ROUND = 1526, SUM = 15633585.9999999, bChange = 0.003894, totNum = 184
ROUND = 1527, SUM = 15633585.9999999, bChange = 0.00389404, totNum = 184
ROUND = 1528, SUM = 15633585.9999999, bChange = 0.00389481, totNum = 184
ROUND = 1529, SUM = 15633585.9999999, bChange = 0.00389604, totNum = 183
ROUND = 1530, SUM = 15633585.9999999, bChange = 0.00389726, totNum = 183
ROUND = 1531, SUM = 15633585.9999999, bChange = 0.00389848, totNum = 183
ROUND = 1532, SUM = 15633585.9999999, bChange = 0.00389969, totNum = 183
ROUND = 1533, SUM = 15633585.9999999, bChange = 0.00390091, totNum = 183
ROUND = 1534, SUM = 15633585.9999999, bChange = 0.00390212, totNum = 183
ROUND = 1535, SUM = 15633585.9999999, bChange = 0.00390334, totNum = 183
ROUND = 1536, SUM = 15633585.9999999, bChange = 0.00390455, totNum = 183
ROUND = 1537, SUM = 15633585.9999999, bChange = 0.00390576, totNum = 183
ROUND = 1538, SUM = 15633585.9999999, bChange = 0.00390697, totNum = 182
ROUND = 1539, SUM = 15633585.9999999, bChange = 0.00390817, totNum = 182
ROUND = 1540, SUM = 15633586, bChange = 0.00390938, totNum = 182
ROUND = 1541, SUM = 15633585.9999999, bChange = 0.00391058, totNum = 182
ROUND = 1542, SUM = 15633585.9999999, bChange = 0.00391178, totNum = 182
ROUND = 1543, SUM = 15633585.9999999, bChange = 0.00391298, totNum = 182
ROUND = 1544, SUM = 15633585.9999999, bChange = 0.00391418, totNum = 182
ROUND = 1545, SUM = 15633585.9999998, bChange = 0.00391537, totNum = 182
ROUND = 1546, SUM = 15633585.9999999, bChange = 0.00391657, totNum = 182
ROUND = 1547, SUM = 15633585.9999999, bChange = 0.00391776, totNum = 182
ROUND = 1548, SUM = 15633585.9999999, bChange = 0.00391895, totNum = 182
ROUND = 1549, SUM = 15633585.9999999, bChange = 0.00392014, totNum = 182
ROUND = 1550, SUM = 15633585.9999999, bChange = 0.00392133, totNum = 182
ROUND = 1551, SUM = 15633585.9999999, bChange = 0.00392252, totNum = 181
ROUND = 1552, SUM = 15633585.9999999, bChange = 0.0039237, totNum = 180
ROUND = 1553, SUM = 15633585.9999999, bChange = 0.00392488, totNum = 179
ROUND = 1554, SUM = 15633585.9999999, bChange = 0.00392606, totNum = 179
ROUND = 1555, SUM = 15633585.9999999, bChange = 0.00392724, totNum = 179
ROUND = 1556, SUM = 15633585.9999999, bChange = 0.00392842, totNum = 177
ROUND = 1557, SUM = 15633586, bChange = 0.0039296, totNum = 177
ROUND = 1558, SUM = 15633585.9999999, bChange = 0.00393077, totNum = 177
ROUND = 1559, SUM = 15633586, bChange = 0.00393194, totNum = 176
ROUND = 1560, SUM = 15633585.9999999, bChange = 0.00393312, totNum = 175
ROUND = 1561, SUM = 15633585.9999999, bChange = 0.00393428, totNum = 174
ROUND = 1562, SUM = 15633586, bChange = 0.00393545, totNum = 174
ROUND = 1563, SUM = 15633585.9999999, bChange = 0.00393662, totNum = 173
ROUND = 1564, SUM = 15633585.9999999, bChange = 0.00393778, totNum = 173
ROUND = 1565, SUM = 15633585.9999999, bChange = 0.00393895, totNum = 173
ROUND = 1566, SUM = 15633586, bChange = 0.00394011, totNum = 173
ROUND = 1567, SUM = 15633585.9999999, bChange = 0.00394127, totNum = 173
ROUND = 1568, SUM = 15633585.9999999, bChange = 0.00394242, totNum = 173
ROUND = 1569, SUM = 15633586, bChange = 0.00394358, totNum = 173
ROUND = 1570, SUM = 15633585.9999999, bChange = 0.00394474, totNum = 173
ROUND = 1571, SUM = 15633585.9999999, bChange = 0.00394589, totNum = 173
ROUND = 1572, SUM = 15633585.9999999, bChange = 0.00394704, totNum = 173
ROUND = 1573, SUM = 15633585.9999999, bChange = 0.00394819, totNum = 173
ROUND = 1574, SUM = 15633586, bChange = 0.00394934, totNum = 173
ROUND = 1575, SUM = 15633585.9999999, bChange = 0.00395048, totNum = 173
ROUND = 1576, SUM = 15633586, bChange = 0.00395163, totNum = 173
ROUND = 1577, SUM = 15633586, bChange = 0.00395277, totNum = 173
ROUND = 1578, SUM = 15633585.9999999, bChange = 0.00395391, totNum = 173
ROUND = 1579, SUM = 15633585.9999999, bChange = 0.00395505, totNum = 173
ROUND = 1580, SUM = 15633585.9999999, bChange = 0.00395619, totNum = 173
ROUND = 1581, SUM = 15633585.9999999, bChange = 0.00395732, totNum = 173
ROUND = 1582, SUM = 15633585.9999999, bChange = 0.00395846, totNum = 173
ROUND = 1583, SUM = 15633585.9999999, bChange = 0.00395959, totNum = 173
ROUND = 1584, SUM = 15633586, bChange = 0.00396072, totNum = 172
ROUND = 1585, SUM = 15633586, bChange = 0.00396185, totNum = 172
ROUND = 1586, SUM = 15633585.9999999, bChange = 0.00396298, totNum = 172
ROUND = 1587, SUM = 15633586, bChange = 0.0039641, totNum = 172
ROUND = 1588, SUM = 15633585.9999999, bChange = 0.00396523, totNum = 170
ROUND = 1589, SUM = 15633585.9999999, bChange = 0.00396635, totNum = 170
ROUND = 1590, SUM = 15633585.9999999, bChange = 0.00396747, totNum = 170
ROUND = 1591, SUM = 15633585.9999999, bChange = 0.00396859, totNum = 170
ROUND = 1592, SUM = 15633585.9999999, bChange = 0.00396971, totNum = 169
ROUND = 1593, SUM = 15633585.9999999, bChange = 0.00397082, totNum = 169
ROUND = 1594, SUM = 15633585.9999998, bChange = 0.00397194, totNum = 169
ROUND = 1595, SUM = 15633586, bChange = 0.00397305, totNum = 169
ROUND = 1596, SUM = 15633585.9999999, bChange = 0.00397416, totNum = 168
ROUND = 1597, SUM = 15633585.9999999, bChange = 0.00397527, totNum = 168
ROUND = 1598, SUM = 15633585.9999999, bChange = 0.00397638, totNum = 168
ROUND = 1599, SUM = 15633585.9999999, bChange = 0.00397749, totNum = 168
ROUND = 1600, SUM = 15633585.9999998, bChange = 0.00397859, totNum = 168
ROUND = 1601, SUM = 15633585.9999999, bChange = 0.00397969, totNum = 168
ROUND = 1602, SUM = 15633585.9999999, bChange = 0.00398079, totNum = 168
ROUND = 1603, SUM = 15633585.9999999, bChange = 0.00398189, totNum = 167
ROUND = 1604, SUM = 15633585.9999998, bChange = 0.00398299, totNum = 167
ROUND = 1605, SUM = 15633585.9999999, bChange = 0.00398409, totNum = 167
ROUND = 1606, SUM = 15633585.9999999, bChange = 0.00398518, totNum = 167
ROUND = 1607, SUM = 15633585.9999999, bChange = 0.00398627, totNum = 167
ROUND = 1608, SUM = 15633585.9999998, bChange = 0.00398736, totNum = 166
ROUND = 1609, SUM = 15633585.9999999, bChange = 0.00398845, totNum = 166
ROUND = 1610, SUM = 15633585.9999999, bChange = 0.00389677, totNum = 164
ROUND = 1611, SUM = 15633585.9999999, bChange = 0.0038968, totNum = 164
ROUND = 1612, SUM = 15633585.9999999, bChange = 0.00389683, totNum = 164
ROUND = 1613, SUM = 15633585.9999999, bChange = 0.00389686, totNum = 163
ROUND = 1614, SUM = 15633586, bChange = 0.00389688, totNum = 163
ROUND = 1615, SUM = 15633585.9999999, bChange = 0.00389691, totNum = 163
ROUND = 1616, SUM = 15633585.9999999, bChange = 0.00389694, totNum = 163
ROUND = 1617, SUM = 15633585.9999999, bChange = 0.00389697, totNum = 163
ROUND = 1618, SUM = 15633585.9999999, bChange = 0.00389699, totNum = 162
ROUND = 1619, SUM = 15633585.9999999, bChange = 0.00389702, totNum = 161
ROUND = 1620, SUM = 15633585.9999999, bChange = 0.00389705, totNum = 161
ROUND = 1621, SUM = 15633585.9999999, bChange = 0.00389707, totNum = 161
ROUND = 1622, SUM = 15633585.9999999, bChange = 0.0038971, totNum = 161
ROUND = 1623, SUM = 15633585.9999999, bChange = 0.00389713, totNum = 161
ROUND = 1624, SUM = 15633585.9999999, bChange = 0.00389715, totNum = 161
ROUND = 1625, SUM = 15633585.9999999, bChange = 0.00389718, totNum = 162
ROUND = 1626, SUM = 15633585.9999999, bChange = 0.0038972, totNum = 161
ROUND = 1627, SUM = 15633585.9999999, bChange = 0.00389723, totNum = 161
ROUND = 1628, SUM = 15633585.9999999, bChange = 0.00389726, totNum = 161
ROUND = 1629, SUM = 15633585.9999999, bChange = 0.00389728, totNum = 161
ROUND = 1630, SUM = 15633585.9999999, bChange = 0.00389731, totNum = 161
ROUND = 1631, SUM = 15633585.9999999, bChange = 0.00389733, totNum = 160
ROUND = 1632, SUM = 15633585.9999999, bChange = 0.00389736, totNum = 160
ROUND = 1633, SUM = 15633585.9999999, bChange = 0.00389738, totNum = 159
ROUND = 1634, SUM = 15633585.9999999, bChange = 0.00389741, totNum = 159
ROUND = 1635, SUM = 15633585.9999999, bChange = 0.00389744, totNum = 159
ROUND = 1636, SUM = 15633586, bChange = 0.00389746, totNum = 159
ROUND = 1637, SUM = 15633585.9999999, bChange = 0.00389749, totNum = 158
ROUND = 1638, SUM = 15633586, bChange = 0.00389751, totNum = 158
ROUND = 1639, SUM = 15633585.9999999, bChange = 0.00389753, totNum = 158
ROUND = 1640, SUM = 15633585.9999999, bChange = 0.00389756, totNum = 158
ROUND = 1641, SUM = 15633585.9999999, bChange = 0.00389758, totNum = 158
ROUND = 1642, SUM = 15633585.9999999, bChange = 0.00389761, totNum = 158
ROUND = 1643, SUM = 15633585.9999999, bChange = 0.00389763, totNum = 157
ROUND = 1644, SUM = 15633585.9999999, bChange = 0.00389766, totNum = 157
ROUND = 1645, SUM = 15633586, bChange = 0.00389768, totNum = 157
ROUND = 1646, SUM = 15633586, bChange = 0.00389771, totNum = 157
ROUND = 1647, SUM = 15633585.9999999, bChange = 0.00389773, totNum = 157
ROUND = 1648, SUM = 15633586, bChange = 0.00389775, totNum = 155
ROUND = 1649, SUM = 15633585.9999998, bChange = 0.00389778, totNum = 155
ROUND = 1650, SUM = 15633585.9999998, bChange = 0.0038978, totNum = 155
ROUND = 1651, SUM = 15633585.9999999, bChange = 0.00389782, totNum = 155
ROUND = 1652, SUM = 15633585.9999998, bChange = 0.00389785, totNum = 155
ROUND = 1653, SUM = 15633585.9999999, bChange = 0.00389787, totNum = 155
ROUND = 1654, SUM = 15633585.9999999, bChange = 0.00389789, totNum = 155
ROUND = 1655, SUM = 15633585.9999999, bChange = 0.00389792, totNum = 156
ROUND = 1656, SUM = 15633585.9999999, bChange = 0.00389794, totNum = 156
ROUND = 1657, SUM = 15633585.9999999, bChange = 0.00389796, totNum = 155
ROUND = 1658, SUM = 15633585.9999999, bChange = 0.00389799, totNum = 155
ROUND = 1659, SUM = 15633585.9999999, bChange = 0.00389801, totNum = 155
ROUND = 1660, SUM = 15633585.9999999, bChange = 0.00389803, totNum = 155
ROUND = 1661, SUM = 15633586, bChange = 0.00389806, totNum = 155
ROUND = 1662, SUM = 15633585.9999999, bChange = 0.00389808, totNum = 154
ROUND = 1663, SUM = 15633585.9999999, bChange = 0.0038981, totNum = 154
ROUND = 1664, SUM = 15633586, bChange = 0.00389812, totNum = 154
ROUND = 1665, SUM = 15633585.9999999, bChange = 0.00389815, totNum = 153
ROUND = 1666, SUM = 15633586, bChange = 0.00389817, totNum = 153
ROUND = 1667, SUM = 15633585.9999999, bChange = 0.00389819, totNum = 153
ROUND = 1668, SUM = 15633585.9999999, bChange = 0.00389821, totNum = 153
ROUND = 1669, SUM = 15633585.9999999, bChange = 0.00389823, totNum = 153
ROUND = 1670, SUM = 15633585.9999999, bChange = 0.00389826, totNum = 153
ROUND = 1671, SUM = 15633585.9999999, bChange = 0.00389828, totNum = 153
ROUND = 1672, SUM = 15633585.9999999, bChange = 0.0038983, totNum = 153
ROUND = 1673, SUM = 15633585.9999999, bChange = 0.00389832, totNum = 153
ROUND = 1674, SUM = 15633585.9999999, bChange = 0.00389834, totNum = 153
ROUND = 1675, SUM = 15633585.9999999, bChange = 0.00389836, totNum = 153
ROUND = 1676, SUM = 15633585.9999999, bChange = 0.00389839, totNum = 153
ROUND = 1677, SUM = 15633585.9999999, bChange = 0.00389841, totNum = 152
ROUND = 1678, SUM = 15633585.9999999, bChange = 0.00389843, totNum = 152
ROUND = 1679, SUM = 15633585.9999999, bChange = 0.00389845, totNum = 152
ROUND = 1680, SUM = 15633585.9999999, bChange = 0.00389847, totNum = 151
ROUND = 1681, SUM = 15633586, bChange = 0.00389849, totNum = 151
ROUND = 1682, SUM = 15633585.9999999, bChange = 0.00389851, totNum = 151
ROUND = 1683, SUM = 15633586, bChange = 0.00389853, totNum = 151
ROUND = 1684, SUM = 15633585.9999999, bChange = 0.00389855, totNum = 150
ROUND = 1685, SUM = 15633585.9999999, bChange = 0.00389857, totNum = 150
ROUND = 1686, SUM = 15633585.9999999, bChange = 0.00389859, totNum = 150
ROUND = 1687, SUM = 15633585.9999999, bChange = 0.00389861, totNum = 150
ROUND = 1688, SUM = 15633585.9999999, bChange = 0.00388744, totNum = 149
ROUND = 1689, SUM = 15633585.9999999, bChange = 0.00388803, totNum = 148
ROUND = 1690, SUM = 15633585.9999999, bChange = 0.00388863, totNum = 146
ROUND = 1691, SUM = 15633585.9999999, bChange = 0.00388922, totNum = 146
ROUND = 1692, SUM = 15633586, bChange = 0.0038898, totNum = 146
ROUND = 1693, SUM = 15633585.9999999, bChange = 0.00389039, totNum = 146
ROUND = 1694, SUM = 15633585.9999999, bChange = 0.00389098, totNum = 146
ROUND = 1695, SUM = 15633585.9999999, bChange = 0.00389156, totNum = 145
ROUND = 1696, SUM = 15633585.9999999, bChange = 0.00389214, totNum = 145
ROUND = 1697, SUM = 15633585.9999999, bChange = 0.00389272, totNum = 145
ROUND = 1698, SUM = 15633585.9999999, bChange = 0.0038933, totNum = 144
ROUND = 1699, SUM = 15633585.9999999, bChange = 0.00389388, totNum = 144
ROUND = 1700, SUM = 15633586, bChange = 0.00389445, totNum = 144
ROUND = 1701, SUM = 15633585.9999999, bChange = 0.00389502, totNum = 144
ROUND = 1702, SUM = 15633585.9999999, bChange = 0.0038956, totNum = 144
ROUND = 1703, SUM = 15633586, bChange = 0.00389617, totNum = 143
ROUND = 1704, SUM = 15633585.9999999, bChange = 0.00389674, totNum = 143
ROUND = 1705, SUM = 15633586, bChange = 0.0038973, totNum = 143
ROUND = 1706, SUM = 15633585.9999999, bChange = 0.00389787, totNum = 143
ROUND = 1707, SUM = 15633585.9999999, bChange = 0.00389843, totNum = 143
ROUND = 1708, SUM = 15633585.9999999, bChange = 0.00389899, totNum = 143
ROUND = 1709, SUM = 15633585.9999999, bChange = 0.00389956, totNum = 143
ROUND = 1710, SUM = 15633585.9999999, bChange = 0.00390011, totNum = 143
ROUND = 1711, SUM = 15633585.9999999, bChange = 0.00390067, totNum = 143
ROUND = 1712, SUM = 15633585.9999999, bChange = 0.00390123, totNum = 143
ROUND = 1713, SUM = 15633585.9999999, bChange = 0.00390178, totNum = 142
ROUND = 1714, SUM = 15633586, bChange = 0.00390233, totNum = 141
ROUND = 1715, SUM = 15633586, bChange = 0.00390289, totNum = 141
ROUND = 1716, SUM = 15633585.9999999, bChange = 0.00390344, totNum = 141
ROUND = 1717, SUM = 15633586, bChange = 0.00390398, totNum = 141
ROUND = 1718, SUM = 15633585.9999999, bChange = 0.00390453, totNum = 140
ROUND = 1719, SUM = 15633585.9999999, bChange = 0.00390507, totNum = 141
ROUND = 1720, SUM = 15633586, bChange = 0.00390562, totNum = 141
ROUND = 1721, SUM = 15633586, bChange = 0.00390616, totNum = 141
ROUND = 1722, SUM = 15633586, bChange = 0.0039067, totNum = 141
ROUND = 1723, SUM = 15633585.9999999, bChange = 0.00390724, totNum = 141
ROUND = 1724, SUM = 15633585.9999999, bChange = 0.00390778, totNum = 140
ROUND = 1725, SUM = 15633586, bChange = 0.00325882, totNum = 139
ROUND = 1726, SUM = 15633585.9999999, bChange = 0.00325881, totNum = 139
ROUND = 1727, SUM = 15633585.9999999, bChange = 0.0032588, totNum = 139
ROUND = 1728, SUM = 15633585.9999999, bChange = 0.00325879, totNum = 139
ROUND = 1729, SUM = 15633586, bChange = 0.00325879, totNum = 139
ROUND = 1730, SUM = 15633585.9999999, bChange = 0.00325878, totNum = 139
ROUND = 1731, SUM = 15633586, bChange = 0.00325877, totNum = 139
ROUND = 1732, SUM = 15633585.9999999, bChange = 0.00325876, totNum = 139
ROUND = 1733, SUM = 15633585.9999999, bChange = 0.00325875, totNum = 139
ROUND = 1734, SUM = 15633586, bChange = 0.00325874, totNum = 139
ROUND = 1735, SUM = 15633585.9999999, bChange = 0.00325873, totNum = 139
ROUND = 1736, SUM = 15633585.9999999, bChange = 0.00325872, totNum = 139
ROUND = 1737, SUM = 15633586, bChange = 0.00325872, totNum = 138
ROUND = 1738, SUM = 15633585.9999999, bChange = 0.00325871, totNum = 138
ROUND = 1739, SUM = 15633586, bChange = 0.0032587, totNum = 138
ROUND = 1740, SUM = 15633586, bChange = 0.00325869, totNum = 138
ROUND = 1741, SUM = 15633586, bChange = 0.00325868, totNum = 138
ROUND = 1742, SUM = 15633586, bChange = 0.00325867, totNum = 138
ROUND = 1743, SUM = 15633585.9999999, bChange = 0.00325867, totNum = 138
ROUND = 1744, SUM = 15633585.9999999, bChange = 0.00325866, totNum = 138
ROUND = 1745, SUM = 15633586, bChange = 0.00325865, totNum = 137
ROUND = 1746, SUM = 15633586, bChange = 0.00325864, totNum = 137
ROUND = 1747, SUM = 15633585.9999999, bChange = 0.00325863, totNum = 136
ROUND = 1748, SUM = 15633586, bChange = 0.00325862, totNum = 136
ROUND = 1749, SUM = 15633585.9999999, bChange = 0.00325862, totNum = 135
ROUND = 1750, SUM = 15633585.9999999, bChange = 0.00325861, totNum = 134
ROUND = 1751, SUM = 15633585.9999999, bChange = 0.0032586, totNum = 133
ROUND = 1752, SUM = 15633586, bChange = 0.00325859, totNum = 133
ROUND = 1753, SUM = 15633585.9999999, bChange = 0.00325858, totNum = 133
ROUND = 1754, SUM = 15633586, bChange = 0.00325857, totNum = 133
ROUND = 1755, SUM = 15633585.9999999, bChange = 0.00325857, totNum = 133
ROUND = 1756, SUM = 15633586, bChange = 0.00325856, totNum = 133
ROUND = 1757, SUM = 15633585.9999999, bChange = 0.00325855, totNum = 133
ROUND = 1758, SUM = 15633585.9999999, bChange = 0.00325854, totNum = 133
ROUND = 1759, SUM = 15633585.9999999, bChange = 0.00325853, totNum = 133
ROUND = 1760, SUM = 15633586, bChange = 0.00325853, totNum = 133
ROUND = 1761, SUM = 15633585.9999999, bChange = 0.00325852, totNum = 133
ROUND = 1762, SUM = 15633585.9999999, bChange = 0.00325851, totNum = 133
ROUND = 1763, SUM = 15633585.9999999, bChange = 0.0032585, totNum = 133
ROUND = 1764, SUM = 15633585.9999999, bChange = 0.00325849, totNum = 133
ROUND = 1765, SUM = 15633585.9999999, bChange = 0.00325849, totNum = 133
ROUND = 1766, SUM = 15633586, bChange = 0.00325848, totNum = 132
ROUND = 1767, SUM = 15633585.9999999, bChange = 0.00325847, totNum = 132
ROUND = 1768, SUM = 15633585.9999999, bChange = 0.00325846, totNum = 132
ROUND = 1769, SUM = 15633585.9999999, bChange = 0.00325846, totNum = 132
ROUND = 1770, SUM = 15633585.9999999, bChange = 0.00325845, totNum = 130
ROUND = 1771, SUM = 15633585.9999999, bChange = 0.00325844, totNum = 130
ROUND = 1772, SUM = 15633586, bChange = 0.00325843, totNum = 130
ROUND = 1773, SUM = 15633585.9999999, bChange = 0.00325843, totNum = 130
ROUND = 1774, SUM = 15633585.9999999, bChange = 0.00325842, totNum = 130
ROUND = 1775, SUM = 15633585.9999999, bChange = 0.00325841, totNum = 130
ROUND = 1776, SUM = 15633585.9999999, bChange = 0.0032584, totNum = 130
ROUND = 1777, SUM = 15633585.9999999, bChange = 0.0032584, totNum = 130
ROUND = 1778, SUM = 15633586, bChange = 0.00325839, totNum = 129
ROUND = 1779, SUM = 15633585.9999999, bChange = 0.00325838, totNum = 129
ROUND = 1780, SUM = 15633586, bChange = 0.00325837, totNum = 129
ROUND = 1781, SUM = 15633585.9999999, bChange = 0.00325837, totNum = 129
ROUND = 1782, SUM = 15633585.9999999, bChange = 0.00325836, totNum = 129
ROUND = 1783, SUM = 15633585.9999999, bChange = 0.00325835, totNum = 129
ROUND = 1784, SUM = 15633585.9999999, bChange = 0.00325834, totNum = 129
ROUND = 1785, SUM = 15633585.9999999, bChange = 0.00325834, totNum = 128
ROUND = 1786, SUM = 15633586, bChange = 0.00325833, totNum = 128
ROUND = 1787, SUM = 15633585.9999999, bChange = 0.00325832, totNum = 128
ROUND = 1788, SUM = 15633585.9999999, bChange = 0.00325831, totNum = 128
ROUND = 1789, SUM = 15633586, bChange = 0.00325831, totNum = 127
ROUND = 1790, SUM = 15633585.9999999, bChange = 0.0032583, totNum = 126
ROUND = 1791, SUM = 15633585.9999999, bChange = 0.00325829, totNum = 125
ROUND = 1792, SUM = 15633586, bChange = 0.00325828, totNum = 125
ROUND = 1793, SUM = 15633585.9999999, bChange = 0.00325828, totNum = 125
ROUND = 1794, SUM = 15633585.9999999, bChange = 0.00325827, totNum = 125
ROUND = 1795, SUM = 15633586, bChange = 0.00325826, totNum = 125
ROUND = 1796, SUM = 15633585.9999999, bChange = 0.00325826, totNum = 125
ROUND = 1797, SUM = 15633585.9999999, bChange = 0.00325825, totNum = 125
ROUND = 1798, SUM = 15633585.9999999, bChange = 0.00325824, totNum = 124
ROUND = 1799, SUM = 15633585.9999999, bChange = 0.00325824, totNum = 124
ROUND = 1800, SUM = 15633585.9999999, bChange = 0.00325823, totNum = 124
ROUND = 1801, SUM = 15633585.9999999, bChange = 0.00325822, totNum = 124
ROUND = 1802, SUM = 15633585.9999999, bChange = 0.00325821, totNum = 124
ROUND = 1803, SUM = 15633585.9999999, bChange = 0.00325821, totNum = 124
ROUND = 1804, SUM = 15633585.9999999, bChange = 0.0032582, totNum = 123
ROUND = 1805, SUM = 15633585.9999999, bChange = 0.00325819, totNum = 123
ROUND = 1806, SUM = 15633585.9999999, bChange = 0.00325819, totNum = 122
ROUND = 1807, SUM = 15633585.9999999, bChange = 0.00325818, totNum = 122
ROUND = 1808, SUM = 15633586, bChange = 0.00325817, totNum = 122
ROUND = 1809, SUM = 15633585.9999999, bChange = 0.00325817, totNum = 122
ROUND = 1810, SUM = 15633585.9999999, bChange = 0.00325816, totNum = 123
ROUND = 1811, SUM = 15633585.9999999, bChange = 0.00325815, totNum = 123
ROUND = 1812, SUM = 15633585.9999999, bChange = 0.00325815, totNum = 123
ROUND = 1813, SUM = 15633585.9999999, bChange = 0.00325814, totNum = 123
ROUND = 1814, SUM = 15633586, bChange = 0.00325813, totNum = 123
ROUND = 1815, SUM = 15633585.9999999, bChange = 0.00325813, totNum = 123
ROUND = 1816, SUM = 15633585.9999999, bChange = 0.00325812, totNum = 123
ROUND = 1817, SUM = 15633585.9999999, bChange = 0.00325811, totNum = 123
ROUND = 1818, SUM = 15633585.9999999, bChange = 0.00325811, totNum = 123
ROUND = 1819, SUM = 15633585.9999999, bChange = 0.0032581, totNum = 123
ROUND = 1820, SUM = 15633585.9999999, bChange = 0.00325809, totNum = 123
ROUND = 1821, SUM = 15633585.9999999, bChange = 0.00325809, totNum = 123
ROUND = 1822, SUM = 15633585.9999999, bChange = 0.00325808, totNum = 122
ROUND = 1823, SUM = 15633585.9999999, bChange = 0.00325807, totNum = 122
ROUND = 1824, SUM = 15633585.9999999, bChange = 0.00325807, totNum = 122
ROUND = 1825, SUM = 15633585.9999999, bChange = 0.00325806, totNum = 121
ROUND = 1826, SUM = 15633585.9999999, bChange = 0.00325805, totNum = 119
ROUND = 1827, SUM = 15633585.9999999, bChange = 0.00325805, totNum = 119
ROUND = 1828, SUM = 15633585.9999999, bChange = 0.00325804, totNum = 119
ROUND = 1829, SUM = 15633585.9999999, bChange = 0.00325803, totNum = 119
ROUND = 1830, SUM = 15633585.9999999, bChange = 0.00325803, totNum = 119
ROUND = 1831, SUM = 15633585.9999999, bChange = 0.00325802, totNum = 119
ROUND = 1832, SUM = 15633585.9999999, bChange = 0.00325802, totNum = 119
ROUND = 1833, SUM = 15633585.9999999, bChange = 0.00325801, totNum = 119
ROUND = 1834, SUM = 15633585.9999999, bChange = 0.003258, totNum = 119
ROUND = 1835, SUM = 15633585.9999999, bChange = 0.003258, totNum = 119
ROUND = 1836, SUM = 15633585.9999999, bChange = 0.00325799, totNum = 119
ROUND = 1837, SUM = 15633585.9999999, bChange = 0.00325798, totNum = 119
ROUND = 1838, SUM = 15633585.9999999, bChange = 0.00325798, totNum = 119
ROUND = 1839, SUM = 15633586, bChange = 0.00325797, totNum = 118
ROUND = 1840, SUM = 15633585.9999999, bChange = 0.00325797, totNum = 118
ROUND = 1841, SUM = 15633585.9999999, bChange = 0.00325796, totNum = 118
ROUND = 1842, SUM = 15633585.9999999, bChange = 0.00325795, totNum = 118
ROUND = 1843, SUM = 15633585.9999999, bChange = 0.00325795, totNum = 117
ROUND = 1844, SUM = 15633585.9999999, bChange = 0.00325794, totNum = 117
ROUND = 1845, SUM = 15633586, bChange = 0.00325794, totNum = 117
ROUND = 1846, SUM = 15633585.9999999, bChange = 0.00325793, totNum = 117
ROUND = 1847, SUM = 15633585.9999999, bChange = 0.00325792, totNum = 117
ROUND = 1848, SUM = 15633585.9999999, bChange = 0.00325792, totNum = 117
ROUND = 1849, SUM = 15633585.9999999, bChange = 0.00325791, totNum = 117
ROUND = 1850, SUM = 15633585.9999999, bChange = 0.00325791, totNum = 117
ROUND = 1851, SUM = 15633585.9999999, bChange = 0.0032579, totNum = 117
ROUND = 1852, SUM = 15633585.9999999, bChange = 0.00325789, totNum = 117
ROUND = 1853, SUM = 15633585.9999999, bChange = 0.00325789, totNum = 117
ROUND = 1854, SUM = 15633585.9999999, bChange = 0.00325788, totNum = 116
ROUND = 1855, SUM = 15633585.9999999, bChange = 0.00325788, totNum = 116
ROUND = 1856, SUM = 15633585.9999999, bChange = 0.00325787, totNum = 116
ROUND = 1857, SUM = 15633585.9999999, bChange = 0.00325786, totNum = 116
ROUND = 1858, SUM = 15633585.9999999, bChange = 0.00325786, totNum = 116
ROUND = 1859, SUM = 15633585.9999999, bChange = 0.00325785, totNum = 116
ROUND = 1860, SUM = 15633585.9999999, bChange = 0.00325785, totNum = 116
ROUND = 1861, SUM = 15633585.9999999, bChange = 0.00325784, totNum = 116
ROUND = 1862, SUM = 15633585.9999999, bChange = 0.00325784, totNum = 116
ROUND = 1863, SUM = 15633585.9999999, bChange = 0.00325783, totNum = 116
ROUND = 1864, SUM = 15633585.9999999, bChange = 0.00325782, totNum = 116
ROUND = 1865, SUM = 15633586, bChange = 0.00325782, totNum = 116
ROUND = 1866, SUM = 15633585.9999999, bChange = 0.00325781, totNum = 116
ROUND = 1867, SUM = 15633585.9999999, bChange = 0.00325781, totNum = 116
ROUND = 1868, SUM = 15633585.9999999, bChange = 0.0032578, totNum = 115
ROUND = 1869, SUM = 15633585.9999999, bChange = 0.0032578, totNum = 115
ROUND = 1870, SUM = 15633585.9999999, bChange = 0.00325779, totNum = 115
ROUND = 1871, SUM = 15633585.9999999, bChange = 0.00325778, totNum = 115
ROUND = 1872, SUM = 15633585.9999999, bChange = 0.00325778, totNum = 115
ROUND = 1873, SUM = 15633585.9999999, bChange = 0.00325777, totNum = 114
ROUND = 1874, SUM = 15633586, bChange = 0.00325777, totNum = 114
ROUND = 1875, SUM = 15633585.9999999, bChange = 0.00325776, totNum = 113
ROUND = 1876, SUM = 15633585.9999999, bChange = 0.00325776, totNum = 113
ROUND = 1877, SUM = 15633585.9999999, bChange = 0.00325775, totNum = 112
ROUND = 1878, SUM = 15633585.9999999, bChange = 0.00325775, totNum = 112
ROUND = 1879, SUM = 15633585.9999999, bChange = 0.00325774, totNum = 112
ROUND = 1880, SUM = 15633585.9999999, bChange = 0.00325774, totNum = 112
ROUND = 1881, SUM = 15633586, bChange = 0.00325773, totNum = 111
ROUND = 1882, SUM = 15633585.9999999, bChange = 0.00325772, totNum = 111
ROUND = 1883, SUM = 15633585.9999999, bChange = 0.00325772, totNum = 111
ROUND = 1884, SUM = 15633586, bChange = 0.00325771, totNum = 111
ROUND = 1885, SUM = 15633585.9999999, bChange = 0.00325771, totNum = 110
ROUND = 1886, SUM = 15633586, bChange = 0.0032577, totNum = 110
ROUND = 1887, SUM = 15633585.9999999, bChange = 0.0032577, totNum = 110
ROUND = 1888, SUM = 15633586, bChange = 0.00325769, totNum = 110
ROUND = 1889, SUM = 15633585.9999999, bChange = 0.00325769, totNum = 109
ROUND = 1890, SUM = 15633585.9999999, bChange = 0.00325768, totNum = 109
ROUND = 1891, SUM = 15633585.9999999, bChange = 0.00325768, totNum = 109
ROUND = 1892, SUM = 15633585.9999999, bChange = 0.00325767, totNum = 109
ROUND = 1893, SUM = 15633585.9999999, bChange = 0.00325767, totNum = 109
ROUND = 1894, SUM = 15633585.9999999, bChange = 0.00325766, totNum = 108
ROUND = 1895, SUM = 15633585.9999999, bChange = 0.00325766, totNum = 108
ROUND = 1896, SUM = 15633585.9999999, bChange = 0.00325765, totNum = 107
ROUND = 1897, SUM = 15633585.9999999, bChange = 0.00325765, totNum = 107
ROUND = 1898, SUM = 15633585.9999999, bChange = 0.00325764, totNum = 107
ROUND = 1899, SUM = 15633585.9999999, bChange = 0.00325764, totNum = 107
ROUND = 1900, SUM = 15633585.9999999, bChange = 0.00325763, totNum = 107
ROUND = 1901, SUM = 15633585.9999998, bChange = 0.00325763, totNum = 107
ROUND = 1902, SUM = 15633585.9999999, bChange = 0.00325762, totNum = 107
ROUND = 1903, SUM = 15633585.9999999, bChange = 0.00325762, totNum = 107
ROUND = 1904, SUM = 15633585.9999999, bChange = 0.00325761, totNum = 107
ROUND = 1905, SUM = 15633586, bChange = 0.00325761, totNum = 107
ROUND = 1906, SUM = 15633586, bChange = 0.0032576, totNum = 107
ROUND = 1907, SUM = 15633585.9999999, bChange = 0.0032576, totNum = 107
ROUND = 1908, SUM = 15633586, bChange = 0.00325759, totNum = 107
ROUND = 1909, SUM = 15633585.9999999, bChange = 0.0025597, totNum = 106
ROUND = 1910, SUM = 15633585.9999999, bChange = 0.00256035, totNum = 105
ROUND = 1911, SUM = 15633585.9999999, bChange = 0.00256101, totNum = 105
ROUND = 1912, SUM = 15633586, bChange = 0.00256167, totNum = 105
ROUND = 1913, SUM = 15633586, bChange = 0.00256232, totNum = 105
ROUND = 1914, SUM = 15633586, bChange = 0.00256298, totNum = 105
ROUND = 1915, SUM = 15633586, bChange = 0.00256363, totNum = 105
ROUND = 1916, SUM = 15633585.9999999, bChange = 0.00256428, totNum = 105
ROUND = 1917, SUM = 15633585.9999999, bChange = 0.00256494, totNum = 105
ROUND = 1918, SUM = 15633586, bChange = 0.00256559, totNum = 105
ROUND = 1919, SUM = 15633585.9999999, bChange = 0.00256624, totNum = 105
ROUND = 1920, SUM = 15633585.9999999, bChange = 0.00256689, totNum = 105
ROUND = 1921, SUM = 15633585.9999999, bChange = 0.00256754, totNum = 105
ROUND = 1922, SUM = 15633585.9999999, bChange = 0.00256819, totNum = 105
ROUND = 1923, SUM = 15633585.9999999, bChange = 0.00256884, totNum = 105
ROUND = 1924, SUM = 15633585.9999999, bChange = 0.00256948, totNum = 105
ROUND = 1925, SUM = 15633585.9999999, bChange = 0.00257013, totNum = 105
ROUND = 1926, SUM = 15633585.9999999, bChange = 0.00257078, totNum = 106
ROUND = 1927, SUM = 15633585.9999999, bChange = 0.00257142, totNum = 106
ROUND = 1928, SUM = 15633585.9999999, bChange = 0.00257206, totNum = 106
ROUND = 1929, SUM = 15633585.9999999, bChange = 0.00257271, totNum = 105
ROUND = 1930, SUM = 15633585.9999999, bChange = 0.00257335, totNum = 105
ROUND = 1931, SUM = 15633585.9999999, bChange = 0.00257399, totNum = 105
ROUND = 1932, SUM = 15633586, bChange = 0.00257463, totNum = 104
ROUND = 1933, SUM = 15633586, bChange = 0.00257527, totNum = 104
ROUND = 1934, SUM = 15633585.9999999, bChange = 0.00257591, totNum = 104
ROUND = 1935, SUM = 15633585.9999999, bChange = 0.00257655, totNum = 103
ROUND = 1936, SUM = 15633585.9999999, bChange = 0.00257719, totNum = 102
ROUND = 1937, SUM = 15633585.9999999, bChange = 0.00257783, totNum = 102
ROUND = 1938, SUM = 15633586, bChange = 0.00257847, totNum = 102
ROUND = 1939, SUM = 15633585.9999999, bChange = 0.0025791, totNum = 102
ROUND = 1940, SUM = 15633585.9999999, bChange = 0.00257974, totNum = 102
ROUND = 1941, SUM = 15633585.9999999, bChange = 0.00258037, totNum = 102
ROUND = 1942, SUM = 15633585.9999999, bChange = 0.00258101, totNum = 102
ROUND = 1943, SUM = 15633585.9999999, bChange = 0.00258164, totNum = 102
ROUND = 1944, SUM = 15633585.9999999, bChange = 0.00258227, totNum = 102
ROUND = 1945, SUM = 15633585.9999999, bChange = 0.0025829, totNum = 102
ROUND = 1946, SUM = 15633585.9999999, bChange = 0.00258353, totNum = 102
ROUND = 1947, SUM = 15633585.9999999, bChange = 0.00258416, totNum = 101
ROUND = 1948, SUM = 15633585.9999999, bChange = 0.00258479, totNum = 101
ROUND = 1949, SUM = 15633586, bChange = 0.00258542, totNum = 100
ROUND = 1950, SUM = 15633586, bChange = 0.00258605, totNum = 100
ROUND = 1951, SUM = 15633585.9999999, bChange = 0.00258668, totNum = 100
ROUND = 1952, SUM = 15633585.9999999, bChange = 0.0025873, totNum = 100
ROUND = 1953, SUM = 15633585.9999999, bChange = 0.00258793, totNum = 99
ROUND = 1954, SUM = 15633586, bChange = 0.00258855, totNum = 99
ROUND = 1955, SUM = 15633585.9999999, bChange = 0.00258918, totNum = 99
ROUND = 1956, SUM = 15633585.9999999, bChange = 0.0025898, totNum = 99
ROUND = 1957, SUM = 15633586, bChange = 0.00259042, totNum = 99
ROUND = 1958, SUM = 15633585.9999999, bChange = 0.00259104, totNum = 99
ROUND = 1959, SUM = 15633585.9999999, bChange = 0.00259166, totNum = 99
ROUND = 1960, SUM = 15633586, bChange = 0.00259228, totNum = 99
ROUND = 1961, SUM = 15633585.9999999, bChange = 0.0025929, totNum = 99
ROUND = 1962, SUM = 15633586, bChange = 0.00259352, totNum = 99
ROUND = 1963, SUM = 15633585.9999999, bChange = 0.00259414, totNum = 99
ROUND = 1964, SUM = 15633585.9999999, bChange = 0.00259476, totNum = 99
ROUND = 1965, SUM = 15633586, bChange = 0.00259537, totNum = 99
ROUND = 1966, SUM = 15633586, bChange = 0.00259599, totNum = 99
ROUND = 1967, SUM = 15633585.9999999, bChange = 0.0025966, totNum = 99
ROUND = 1968, SUM = 15633585.9999999, bChange = 0.00259722, totNum = 99
ROUND = 1969, SUM = 15633585.9999999, bChange = 0.00259783, totNum = 99
ROUND = 1970, SUM = 15633585.9999999, bChange = 0.00259845, totNum = 99
ROUND = 1971, SUM = 15633585.9999999, bChange = 0.00259906, totNum = 99
ROUND = 1972, SUM = 15633585.9999999, bChange = 0.00259967, totNum = 99
ROUND = 1973, SUM = 15633585.9999999, bChange = 0.00260028, totNum = 99
ROUND = 1974, SUM = 15633585.9999999, bChange = 0.00260089, totNum = 99
ROUND = 1975, SUM = 15633586, bChange = 0.0026015, totNum = 99
ROUND = 1976, SUM = 15633585.9999999, bChange = 0.00260211, totNum = 99
ROUND = 1977, SUM = 15633586, bChange = 0.00260271, totNum = 99
ROUND = 1978, SUM = 15633585.9999999, bChange = 0.00260332, totNum = 99
ROUND = 1979, SUM = 15633586, bChange = 0.00260393, totNum = 99
ROUND = 1980, SUM = 15633586, bChange = 0.00260453, totNum = 99
ROUND = 1981, SUM = 15633585.9999999, bChange = 0.00260514, totNum = 99
ROUND = 1982, SUM = 15633585.9999999, bChange = 0.00260574, totNum = 99
ROUND = 1983, SUM = 15633585.9999999, bChange = 0.00260634, totNum = 99
ROUND = 1984, SUM = 15633585.9999999, bChange = 0.00260694, totNum = 99
ROUND = 1985, SUM = 15633585.9999999, bChange = 0.00260755, totNum = 99
ROUND = 1986, SUM = 15633586, bChange = 0.00260815, totNum = 99
ROUND = 1987, SUM = 15633585.9999999, bChange = 0.00260875, totNum = 99
ROUND = 1988, SUM = 15633585.9999999, bChange = 0.00260935, totNum = 99
ROUND = 1989, SUM = 15633586, bChange = 0.00260994, totNum = 99
ROUND = 1990, SUM = 15633585.9999999, bChange = 0.00261054, totNum = 99
ROUND = 1991, SUM = 15633585.9999999, bChange = 0.00261114, totNum = 98
ROUND = 1992, SUM = 15633586, bChange = 0.00261174, totNum = 98
ROUND = 1993, SUM = 15633585.9999999, bChange = 0.00261233, totNum = 97
ROUND = 1994, SUM = 15633585.9999999, bChange = 0.00261293, totNum = 97
ROUND = 1995, SUM = 15633585.9999999, bChange = 0.00261352, totNum = 97
ROUND = 1996, SUM = 15633585.9999999, bChange = 0.00261411, totNum = 96
ROUND = 1997, SUM = 15633585.9999999, bChange = 0.00261471, totNum = 96
ROUND = 1998, SUM = 15633585.9999999, bChange = 0.0026153, totNum = 96
ROUND = 1999, SUM = 15633585.9999999, bChange = 0.00261589, totNum = 96
ROUND = 2000, SUM = 15633585.9999999, bChange = 0.00261648, totNum = 96
ROUND = 2001, SUM = 15633586, bChange = 0.00261707, totNum = 96
ROUND = 2002, SUM = 15633585.9999999, bChange = 0.00261766, totNum = 95
ROUND = 2003, SUM = 15633585.9999999, bChange = 0.00261825, totNum = 95
ROUND = 2004, SUM = 15633585.9999999, bChange = 0.00261883, totNum = 95
ROUND = 2005, SUM = 15633586, bChange = 0.00261942, totNum = 95
ROUND = 2006, SUM = 15633586, bChange = 0.00262, totNum = 95
ROUND = 2007, SUM = 15633585.9999999, bChange = 0.00262059, totNum = 95
ROUND = 2008, SUM = 15633585.9999999, bChange = 0.00262117, totNum = 95
ROUND = 2009, SUM = 15633586, bChange = 0.00262176, totNum = 95
ROUND = 2010, SUM = 15633585.9999999, bChange = 0.00262234, totNum = 95
ROUND = 2011, SUM = 15633585.9999999, bChange = 0.00262292, totNum = 95
ROUND = 2012, SUM = 15633585.9999999, bChange = 0.0026235, totNum = 95
ROUND = 2013, SUM = 15633586, bChange = 0.00262408, totNum = 95
ROUND = 2014, SUM = 15633586, bChange = 0.00262466, totNum = 95
ROUND = 2015, SUM = 15633585.9999999, bChange = 0.00262524, totNum = 95
ROUND = 2016, SUM = 15633585.9999999, bChange = 0.00262582, totNum = 95
ROUND = 2017, SUM = 15633585.9999999, bChange = 0.0026264, totNum = 95
ROUND = 2018, SUM = 15633586, bChange = 0.00262698, totNum = 95
ROUND = 2019, SUM = 15633585.9999999, bChange = 0.00262755, totNum = 95
ROUND = 2020, SUM = 15633585.9999999, bChange = 0.00262813, totNum = 95
ROUND = 2021, SUM = 15633585.9999999, bChange = 0.0026287, totNum = 95
ROUND = 2022, SUM = 15633586, bChange = 0.00262928, totNum = 95
ROUND = 2023, SUM = 15633586, bChange = 0.00262985, totNum = 95
ROUND = 2024, SUM = 15633586, bChange = 0.00263042, totNum = 94
ROUND = 2025, SUM = 15633585.9999999, bChange = 0.00263099, totNum = 93
ROUND = 2026, SUM = 15633586, bChange = 0.00263156, totNum = 93
ROUND = 2027, SUM = 15633585.9999999, bChange = 0.00263213, totNum = 94
ROUND = 2028, SUM = 15633585.9999999, bChange = 0.0026327, totNum = 94
ROUND = 2029, SUM = 15633585.9999999, bChange = 0.00263327, totNum = 94
ROUND = 2030, SUM = 15633586, bChange = 0.00263384, totNum = 94
ROUND = 2031, SUM = 15633585.9999999, bChange = 0.00263441, totNum = 94
ROUND = 2032, SUM = 15633585.9999999, bChange = 0.00263497, totNum = 94
ROUND = 2033, SUM = 15633585.9999999, bChange = 0.00263554, totNum = 94
ROUND = 2034, SUM = 15633586, bChange = 0.0026361, totNum = 94
ROUND = 2035, SUM = 15633585.9999999, bChange = 0.00263667, totNum = 94
ROUND = 2036, SUM = 15633585.9999999, bChange = 0.00263723, totNum = 94
ROUND = 2037, SUM = 15633585.9999999, bChange = 0.0026378, totNum = 94
ROUND = 2038, SUM = 15633586, bChange = 0.00263836, totNum = 94
ROUND = 2039, SUM = 15633586, bChange = 0.00263892, totNum = 94
ROUND = 2040, SUM = 15633586, bChange = 0.00263948, totNum = 94
ROUND = 2041, SUM = 15633586, bChange = 0.00264004, totNum = 93
ROUND = 2042, SUM = 15633585.9999999, bChange = 0.0026406, totNum = 93
ROUND = 2043, SUM = 15633585.9999999, bChange = 0.00264116, totNum = 93
ROUND = 2044, SUM = 15633585.9999999, bChange = 0.00264171, totNum = 93
ROUND = 2045, SUM = 15633586, bChange = 0.00264227, totNum = 93
ROUND = 2046, SUM = 15633585.9999999, bChange = 0.00264283, totNum = 92
ROUND = 2047, SUM = 15633586, bChange = 0.00264338, totNum = 92
ROUND = 2048, SUM = 15633585.9999999, bChange = 0.00264394, totNum = 92
ROUND = 2049, SUM = 15633586, bChange = 0.00264449, totNum = 92
ROUND = 2050, SUM = 15633586, bChange = 0.00264504, totNum = 92
ROUND = 2051, SUM = 15633585.9999999, bChange = 0.0026456, totNum = 92
ROUND = 2052, SUM = 15633585.9999999, bChange = 0.00264615, totNum = 92
ROUND = 2053, SUM = 15633585.9999999, bChange = 0.0026467, totNum = 92
ROUND = 2054, SUM = 15633585.9999999, bChange = 0.00264725, totNum = 93
ROUND = 2055, SUM = 15633585.9999999, bChange = 0.0026478, totNum = 93
ROUND = 2056, SUM = 15633585.9999999, bChange = 0.00264835, totNum = 93
ROUND = 2057, SUM = 15633585.9999999, bChange = 0.00264889, totNum = 93
ROUND = 2058, SUM = 15633585.9999999, bChange = 0.00264944, totNum = 92
ROUND = 2059, SUM = 15633585.9999999, bChange = 0.00264999, totNum = 92
ROUND = 2060, SUM = 15633585.9999998, bChange = 0.00265053, totNum = 92
ROUND = 2061, SUM = 15633585.9999999, bChange = 0.00265108, totNum = 92
ROUND = 2062, SUM = 15633586, bChange = 0.00265162, totNum = 92
ROUND = 2063, SUM = 15633586, bChange = 0.00265217, totNum = 92
ROUND = 2064, SUM = 15633586, bChange = 0.00265271, totNum = 92
ROUND = 2065, SUM = 15633585.9999999, bChange = 0.00265325, totNum = 92
ROUND = 2066, SUM = 15633585.9999999, bChange = 0.00265379, totNum = 92
ROUND = 2067, SUM = 15633586, bChange = 0.00265433, totNum = 92
ROUND = 2068, SUM = 15633585.9999999, bChange = 0.00265487, totNum = 92
ROUND = 2069, SUM = 15633585.9999999, bChange = 0.00265541, totNum = 92
ROUND = 2070, SUM = 15633585.9999999, bChange = 0.00265595, totNum = 92
ROUND = 2071, SUM = 15633585.9999999, bChange = 0.00265649, totNum = 91
ROUND = 2072, SUM = 15633585.9999999, bChange = 0.00265703, totNum = 91
ROUND = 2073, SUM = 15633585.9999999, bChange = 0.00265756, totNum = 91
ROUND = 2074, SUM = 15633585.9999999, bChange = 0.0026581, totNum = 91
ROUND = 2075, SUM = 15633586, bChange = 0.00265863, totNum = 91
ROUND = 2076, SUM = 15633586, bChange = 0.00265917, totNum = 90
ROUND = 2077, SUM = 15633586, bChange = 0.0026597, totNum = 90
ROUND = 2078, SUM = 15633585.9999999, bChange = 0.00266023, totNum = 90
ROUND = 2079, SUM = 15633585.9999999, bChange = 0.00266076, totNum = 90
ROUND = 2080, SUM = 15633585.9999999, bChange = 0.0026613, totNum = 89
ROUND = 2081, SUM = 15633585.9999999, bChange = 0.00266183, totNum = 89
ROUND = 2082, SUM = 15633586, bChange = 0.00266236, totNum = 89
ROUND = 2083, SUM = 15633585.9999999, bChange = 0.00266288, totNum = 89
ROUND = 2084, SUM = 15633585.9999999, bChange = 0.00266341, totNum = 89
ROUND = 2085, SUM = 15633585.9999999, bChange = 0.00266394, totNum = 88
ROUND = 2086, SUM = 15633585.9999999, bChange = 0.00266447, totNum = 88
ROUND = 2087, SUM = 15633585.9999999, bChange = 0.00266499, totNum = 88
ROUND = 2088, SUM = 15633586, bChange = 0.00266552, totNum = 88
ROUND = 2089, SUM = 15633586, bChange = 0.00266604, totNum = 88
ROUND = 2090, SUM = 15633586, bChange = 0.00266657, totNum = 88
ROUND = 2091, SUM = 15633586, bChange = 0.00266709, totNum = 88
ROUND = 2092, SUM = 15633586, bChange = 0.00266761, totNum = 87
ROUND = 2093, SUM = 15633586, bChange = 0.00266813, totNum = 87
ROUND = 2094, SUM = 15633586, bChange = 0.00266865, totNum = 87
ROUND = 2095, SUM = 15633585.9999999, bChange = 0.00266917, totNum = 87
ROUND = 2096, SUM = 15633585.9999999, bChange = 0.00266969, totNum = 87
ROUND = 2097, SUM = 15633585.9999999, bChange = 0.00267021, totNum = 87
ROUND = 2098, SUM = 15633586, bChange = 0.00267073, totNum = 87
ROUND = 2099, SUM = 15633585.9999999, bChange = 0.00267125, totNum = 87
ROUND = 2100, SUM = 15633585.9999999, bChange = 0.00267176, totNum = 86
ROUND = 2101, SUM = 15633585.9999999, bChange = 0.00267228, totNum = 86
ROUND = 2102, SUM = 15633585.9999999, bChange = 0.00267279, totNum = 85
ROUND = 2103, SUM = 15633586, bChange = 0.00267331, totNum = 85
ROUND = 2104, SUM = 15633585.9999999, bChange = 0.00267382, totNum = 85
ROUND = 2105, SUM = 15633585.9999999, bChange = 0.00267434, totNum = 84
ROUND = 2106, SUM = 15633585.9999999, bChange = 0.00267485, totNum = 84
ROUND = 2107, SUM = 15633585.9999999, bChange = 0.00267536, totNum = 84
ROUND = 2108, SUM = 15633586, bChange = 0.00267587, totNum = 84
ROUND = 2109, SUM = 15633585.9999999, bChange = 0.00267638, totNum = 83
ROUND = 2110, SUM = 15633585.9999999, bChange = 0.00267689, totNum = 83
ROUND = 2111, SUM = 15633586, bChange = 0.0026774, totNum = 83
ROUND = 2112, SUM = 15633585.9999999, bChange = 0.00267791, totNum = 83
ROUND = 2113, SUM = 15633585.9999999, bChange = 0.00267841, totNum = 83
ROUND = 2114, SUM = 15633586, bChange = 0.00267892, totNum = 83
ROUND = 2115, SUM = 15633586, bChange = 0.00267942, totNum = 82
ROUND = 2116, SUM = 15633586, bChange = 0.00267993, totNum = 82
ROUND = 2117, SUM = 15633585.9999999, bChange = 0.00268043, totNum = 81
ROUND = 2118, SUM = 15633585.9999999, bChange = 0.00268094, totNum = 81
ROUND = 2119, SUM = 15633585.9999999, bChange = 0.00268144, totNum = 81
ROUND = 2120, SUM = 15633586, bChange = 0.00268194, totNum = 81
ROUND = 2121, SUM = 15633586, bChange = 0.00268244, totNum = 81
ROUND = 2122, SUM = 15633585.9999999, bChange = 0.00268294, totNum = 80
ROUND = 2123, SUM = 15633585.9999999, bChange = 0.00268344, totNum = 80
ROUND = 2124, SUM = 15633585.9999999, bChange = 0.00268394, totNum = 80
ROUND = 2125, SUM = 15633585.9999999, bChange = 0.00268444, totNum = 80
ROUND = 2126, SUM = 15633585.9999999, bChange = 0.00268494, totNum = 80
ROUND = 2127, SUM = 15633585.9999999, bChange = 0.00268544, totNum = 80
ROUND = 2128, SUM = 15633586, bChange = 0.00268593, totNum = 80
ROUND = 2129, SUM = 15633586, bChange = 0.00268643, totNum = 80
ROUND = 2130, SUM = 15633585.9999999, bChange = 0.00268692, totNum = 80
ROUND = 2131, SUM = 15633586, bChange = 0.00268742, totNum = 80
ROUND = 2132, SUM = 15633585.9999999, bChange = 0.00268791, totNum = 79
ROUND = 2133, SUM = 15633585.9999999, bChange = 0.0026884, totNum = 79
ROUND = 2134, SUM = 15633585.9999999, bChange = 0.0026889, totNum = 79
ROUND = 2135, SUM = 15633585.9999999, bChange = 0.00268939, totNum = 79
ROUND = 2136, SUM = 15633585.9999999, bChange = 0.00268988, totNum = 79
ROUND = 2137, SUM = 15633585.9999999, bChange = 0.00269037, totNum = 79
ROUND = 2138, SUM = 15633585.9999999, bChange = 0.00269086, totNum = 79
ROUND = 2139, SUM = 15633585.9999999, bChange = 0.00269134, totNum = 79
ROUND = 2140, SUM = 15633586, bChange = 0.00269183, totNum = 79
ROUND = 2141, SUM = 15633586, bChange = 0.00269232, totNum = 79
ROUND = 2142, SUM = 15633586, bChange = 0.00269281, totNum = 79
ROUND = 2143, SUM = 15633585.9999999, bChange = 0.00269329, totNum = 79
ROUND = 2144, SUM = 15633586, bChange = 0.00269378, totNum = 79
ROUND = 2145, SUM = 15633585.9999999, bChange = 0.00269426, totNum = 78
ROUND = 2146, SUM = 15633585.9999999, bChange = 0.00269474, totNum = 78
ROUND = 2147, SUM = 15633585.9999999, bChange = 0.00269523, totNum = 78
ROUND = 2148, SUM = 15633585.9999999, bChange = 0.00269571, totNum = 78
ROUND = 2149, SUM = 15633585.9999999, bChange = 0.00269619, totNum = 77
ROUND = 2150, SUM = 15633585.9999999, bChange = 0.00269667, totNum = 77
ROUND = 2151, SUM = 15633586, bChange = 0.00269715, totNum = 77
ROUND = 2152, SUM = 15633586, bChange = 0.00269763, totNum = 77
ROUND = 2153, SUM = 15633585.9999998, bChange = 0.00269811, totNum = 77
ROUND = 2154, SUM = 15633586, bChange = 0.00269859, totNum = 77
ROUND = 2155, SUM = 15633585.9999999, bChange = 0.00269906, totNum = 77
ROUND = 2156, SUM = 15633586, bChange = 0.00269954, totNum = 77
ROUND = 2157, SUM = 15633585.9999999, bChange = 0.00270002, totNum = 77
ROUND = 2158, SUM = 15633585.9999999, bChange = 0.00270049, totNum = 77
ROUND = 2159, SUM = 15633586, bChange = 0.00270096, totNum = 77
ROUND = 2160, SUM = 15633585.9999999, bChange = 0.00270144, totNum = 77
ROUND = 2161, SUM = 15633585.9999999, bChange = 0.00270191, totNum = 77
ROUND = 2162, SUM = 15633585.9999999, bChange = 0.00270238, totNum = 77
ROUND = 2163, SUM = 15633585.9999999, bChange = 0.00270286, totNum = 77
ROUND = 2164, SUM = 15633585.9999999, bChange = 0.00270333, totNum = 77
ROUND = 2165, SUM = 15633586, bChange = 0.0027038, totNum = 77
ROUND = 2166, SUM = 15633586, bChange = 0.00270427, totNum = 77
ROUND = 2167, SUM = 15633586, bChange = 0.00270473, totNum = 77
ROUND = 2168, SUM = 15633586, bChange = 0.0027052, totNum = 77
ROUND = 2169, SUM = 15633585.9999999, bChange = 0.00270567, totNum = 77
ROUND = 2170, SUM = 15633585.9999999, bChange = 0.00270614, totNum = 77
ROUND = 2171, SUM = 15633585.9999999, bChange = 0.0027066, totNum = 76
ROUND = 2172, SUM = 15633585.9999999, bChange = 0.00270707, totNum = 76
ROUND = 2173, SUM = 15633586, bChange = 0.00270753, totNum = 76
ROUND = 2174, SUM = 15633585.9999999, bChange = 0.00270799, totNum = 76
ROUND = 2175, SUM = 15633585.9999999, bChange = 0.00270846, totNum = 76
ROUND = 2176, SUM = 15633586, bChange = 0.00270892, totNum = 76
ROUND = 2177, SUM = 15633585.9999999, bChange = 0.00270938, totNum = 76
ROUND = 2178, SUM = 15633585.9999999, bChange = 0.00270984, totNum = 75
ROUND = 2179, SUM = 15633585.9999999, bChange = 0.0027103, totNum = 75
ROUND = 2180, SUM = 15633586, bChange = 0.00271076, totNum = 75
ROUND = 2181, SUM = 15633586, bChange = 0.00271122, totNum = 74
ROUND = 2182, SUM = 15633585.9999999, bChange = 0.00271168, totNum = 73
ROUND = 2183, SUM = 15633585.9999999, bChange = 0.00271214, totNum = 73
ROUND = 2184, SUM = 15633585.9999999, bChange = 0.00271259, totNum = 73
ROUND = 2185, SUM = 15633585.9999999, bChange = 0.00271305, totNum = 73
ROUND = 2186, SUM = 15633585.9999999, bChange = 0.00271351, totNum = 73
ROUND = 2187, SUM = 15633586, bChange = 0.00271396, totNum = 72
ROUND = 2188, SUM = 15633586, bChange = 0.00271441, totNum = 72
ROUND = 2189, SUM = 15633585.9999999, bChange = 0.00271487, totNum = 71
ROUND = 2190, SUM = 15633585.9999999, bChange = 0.00271532, totNum = 71
ROUND = 2191, SUM = 15633585.9999999, bChange = 0.00271577, totNum = 70
ROUND = 2192, SUM = 15633585.9999999, bChange = 0.00271622, totNum = 70
ROUND = 2193, SUM = 15633585.9999999, bChange = 0.00271667, totNum = 70
ROUND = 2194, SUM = 15633585.9999999, bChange = 0.00271712, totNum = 70
ROUND = 2195, SUM = 15633585.9999999, bChange = 0.00271757, totNum = 70
ROUND = 2196, SUM = 15633585.9999999, bChange = 0.00271802, totNum = 70
ROUND = 2197, SUM = 15633585.9999999, bChange = 0.00271847, totNum = 70
ROUND = 2198, SUM = 15633585.9999999, bChange = 0.00271892, totNum = 70
ROUND = 2199, SUM = 15633585.9999999, bChange = 0.00271936, totNum = 70
ROUND = 2200, SUM = 15633586, bChange = 0.00271981, totNum = 70
ROUND = 2201, SUM = 15633585.9999999, bChange = 0.00272025, totNum = 70
ROUND = 2202, SUM = 15633585.9999999, bChange = 0.0027207, totNum = 70
ROUND = 2203, SUM = 15633586, bChange = 0.00272114, totNum = 70
ROUND = 2204, SUM = 15633585.9999999, bChange = 0.00272158, totNum = 70
ROUND = 2205, SUM = 15633585.9999999, bChange = 0.00272203, totNum = 70
ROUND = 2206, SUM = 15633585.9999999, bChange = 0.00272247, totNum = 70
ROUND = 2207, SUM = 15633585.9999999, bChange = 0.00272291, totNum = 69
ROUND = 2208, SUM = 15633585.9999999, bChange = 0.00272335, totNum = 69
ROUND = 2209, SUM = 15633585.9999999, bChange = 0.00272379, totNum = 69
ROUND = 2210, SUM = 15633585.9999999, bChange = 0.00272423, totNum = 69
ROUND = 2211, SUM = 15633585.9999999, bChange = 0.00272467, totNum = 69
ROUND = 2212, SUM = 15633586, bChange = 0.0027251, totNum = 67
ROUND = 2213, SUM = 15633586, bChange = 0.00272554, totNum = 67
ROUND = 2214, SUM = 15633585.9999999, bChange = 0.00272598, totNum = 67
ROUND = 2215, SUM = 15633585.9999999, bChange = 0.00272641, totNum = 67
ROUND = 2216, SUM = 15633586, bChange = 0.00272685, totNum = 67
ROUND = 2217, SUM = 15633586, bChange = 0.00272728, totNum = 66
ROUND = 2218, SUM = 15633585.9999999, bChange = 0.00272771, totNum = 66
ROUND = 2219, SUM = 15633586, bChange = 0.00272815, totNum = 66
ROUND = 2220, SUM = 15633586, bChange = 0.00272858, totNum = 66
ROUND = 2221, SUM = 15633585.9999999, bChange = 0.00272901, totNum = 66
ROUND = 2222, SUM = 15633585.9999999, bChange = 0.00272944, totNum = 66
ROUND = 2223, SUM = 15633586, bChange = 0.00272987, totNum = 66
ROUND = 2224, SUM = 15633586, bChange = 0.0027303, totNum = 66
ROUND = 2225, SUM = 15633585.9999999, bChange = 0.00273073, totNum = 66
ROUND = 2226, SUM = 15633586, bChange = 0.00273116, totNum = 66
ROUND = 2227, SUM = 15633586, bChange = 0.00273159, totNum = 66
ROUND = 2228, SUM = 15633586, bChange = 0.00273201, totNum = 66
ROUND = 2229, SUM = 15633586, bChange = 0.00273244, totNum = 66
ROUND = 2230, SUM = 15633586, bChange = 0.00273286, totNum = 66
ROUND = 2231, SUM = 15633585.9999999, bChange = 0.00273329, totNum = 66
ROUND = 2232, SUM = 15633586, bChange = 0.00273371, totNum = 66
ROUND = 2233, SUM = 15633585.9999999, bChange = 0.00273414, totNum = 66
ROUND = 2234, SUM = 15633586, bChange = 0.00273456, totNum = 66
ROUND = 2235, SUM = 15633585.9999999, bChange = 0.00273498, totNum = 66
ROUND = 2236, SUM = 15633585.9999999, bChange = 0.0027354, totNum = 66
ROUND = 2237, SUM = 15633585.9999999, bChange = 0.00273582, totNum = 65
ROUND = 2238, SUM = 15633586, bChange = 0.00273624, totNum = 65
ROUND = 2239, SUM = 15633586, bChange = 0.00273666, totNum = 65
ROUND = 2240, SUM = 15633585.9999999, bChange = 0.00273708, totNum = 64
ROUND = 2241, SUM = 15633585.9999999, bChange = 0.0027375, totNum = 64
ROUND = 2242, SUM = 15633586, bChange = 0.00273792, totNum = 64
ROUND = 2243, SUM = 15633586, bChange = 0.00273833, totNum = 64
ROUND = 2244, SUM = 15633585.9999999, bChange = 0.00273875, totNum = 64
ROUND = 2245, SUM = 15633586, bChange = 0.00273916, totNum = 64
ROUND = 2246, SUM = 15633586, bChange = 0.00273958, totNum = 64
ROUND = 2247, SUM = 15633585.9999999, bChange = 0.00273999, totNum = 64
ROUND = 2248, SUM = 15633586, bChange = 0.0027404, totNum = 64
ROUND = 2249, SUM = 15633585.9999999, bChange = 0.00274082, totNum = 64
ROUND = 2250, SUM = 15633586, bChange = 0.00274123, totNum = 64
ROUND = 2251, SUM = 15633586, bChange = 0.00274164, totNum = 64
ROUND = 2252, SUM = 15633586, bChange = 0.00274205, totNum = 64
ROUND = 2253, SUM = 15633586, bChange = 0.00274246, totNum = 64
ROUND = 2254, SUM = 15633586, bChange = 0.00274287, totNum = 62
ROUND = 2255, SUM = 15633586, bChange = 0.00274328, totNum = 62
ROUND = 2256, SUM = 15633586, bChange = 0.00274369, totNum = 62
ROUND = 2257, SUM = 15633586, bChange = 0.00274409, totNum = 62
ROUND = 2258, SUM = 15633585.9999999, bChange = 0.0027445, totNum = 62
ROUND = 2259, SUM = 15633586, bChange = 0.00274491, totNum = 61
ROUND = 2260, SUM = 15633585.9999999, bChange = 0.00274531, totNum = 61
ROUND = 2261, SUM = 15633586, bChange = 0.00274572, totNum = 61
ROUND = 2262, SUM = 15633586.0000001, bChange = 0.00274612, totNum = 61
ROUND = 2263, SUM = 15633586, bChange = 0.00274652, totNum = 61
ROUND = 2264, SUM = 15633586, bChange = 0.00274693, totNum = 61
ROUND = 2265, SUM = 15633586, bChange = 0.00274733, totNum = 61
ROUND = 2266, SUM = 15633586, bChange = 0.00274773, totNum = 61
ROUND = 2267, SUM = 15633585.9999999, bChange = 0.00274813, totNum = 61
ROUND = 2268, SUM = 15633585.9999999, bChange = 0.00274853, totNum = 61
ROUND = 2269, SUM = 15633585.9999999, bChange = 0.00274893, totNum = 61
ROUND = 2270, SUM = 15633585.9999999, bChange = 0.00274933, totNum = 60
ROUND = 2271, SUM = 15633586, bChange = 0.00274973, totNum = 60
ROUND = 2272, SUM = 15633586, bChange = 0.00275013, totNum = 60
ROUND = 2273, SUM = 15633585.9999999, bChange = 0.00275052, totNum = 60
ROUND = 2274, SUM = 15633585.9999999, bChange = 0.00275092, totNum = 60
ROUND = 2275, SUM = 15633585.9999999, bChange = 0.00275131, totNum = 60
ROUND = 2276, SUM = 15633585.9999999, bChange = 0.00275171, totNum = 60
ROUND = 2277, SUM = 15633586, bChange = 0.0027521, totNum = 60
ROUND = 2278, SUM = 15633586, bChange = 0.0027525, totNum = 60
ROUND = 2279, SUM = 15633585.9999999, bChange = 0.00275289, totNum = 60
ROUND = 2280, SUM = 15633585.9999999, bChange = 0.00275328, totNum = 60
ROUND = 2281, SUM = 15633585.9999999, bChange = 0.00275367, totNum = 60
ROUND = 2282, SUM = 15633585.9999999, bChange = 0.00275407, totNum = 60
ROUND = 2283, SUM = 15633586, bChange = 0.00275446, totNum = 59
ROUND = 2284, SUM = 15633586, bChange = 0.00275485, totNum = 59
ROUND = 2285, SUM = 15633585.9999999, bChange = 0.00275523, totNum = 59
ROUND = 2286, SUM = 15633585.9999999, bChange = 0.00275562, totNum = 59
ROUND = 2287, SUM = 15633586, bChange = 0.00275601, totNum = 59
ROUND = 2288, SUM = 15633586, bChange = 0.0027564, totNum = 59
ROUND = 2289, SUM = 15633585.9999999, bChange = 0.00275678, totNum = 59
ROUND = 2290, SUM = 15633586, bChange = 0.00275717, totNum = 59
ROUND = 2291, SUM = 15633586, bChange = 0.00275756, totNum = 59
ROUND = 2292, SUM = 15633585.9999999, bChange = 0.00275794, totNum = 59
ROUND = 2293, SUM = 15633586, bChange = 0.00275832, totNum = 59
ROUND = 2294, SUM = 15633586, bChange = 0.00275871, totNum = 59
ROUND = 2295, SUM = 15633586, bChange = 0.00275909, totNum = 59
ROUND = 2296, SUM = 15633586, bChange = 0.00275947, totNum = 59
ROUND = 2297, SUM = 15633586, bChange = 0.00275985, totNum = 59
ROUND = 2298, SUM = 15633586, bChange = 0.00276023, totNum = 59
ROUND = 2299, SUM = 15633585.9999999, bChange = 0.00276061, totNum = 59
ROUND = 2300, SUM = 15633586, bChange = 0.00276099, totNum = 59
ROUND = 2301, SUM = 15633585.9999999, bChange = 0.00276137, totNum = 59
ROUND = 2302, SUM = 15633585.9999999, bChange = 0.00276175, totNum = 59
ROUND = 2303, SUM = 15633585.9999999, bChange = 0.00276213, totNum = 59
ROUND = 2304, SUM = 15633586, bChange = 0.00276251, totNum = 59
ROUND = 2305, SUM = 15633586, bChange = 0.00276288, totNum = 59
ROUND = 2306, SUM = 15633586, bChange = 0.00276326, totNum = 60
ROUND = 2307, SUM = 15633586, bChange = 0.00276363, totNum = 60
ROUND = 2308, SUM = 15633585.9999999, bChange = 0.00276401, totNum = 60
ROUND = 2309, SUM = 15633586, bChange = 0.00276438, totNum = 60
ROUND = 2310, SUM = 15633585.9999999, bChange = 0.00276475, totNum = 60
ROUND = 2311, SUM = 15633585.9999999, bChange = 0.00276513, totNum = 60
ROUND = 2312, SUM = 15633586, bChange = 0.0027655, totNum = 60
ROUND = 2313, SUM = 15633586, bChange = 0.00276587, totNum = 60
ROUND = 2314, SUM = 15633586, bChange = 0.00276624, totNum = 60
ROUND = 2315, SUM = 15633586, bChange = 0.00276661, totNum = 60
ROUND = 2316, SUM = 15633586, bChange = 0.00276698, totNum = 60
ROUND = 2317, SUM = 15633586, bChange = 0.00276735, totNum = 60
ROUND = 2318, SUM = 15633586, bChange = 0.00276772, totNum = 60
ROUND = 2319, SUM = 15633586, bChange = 0.00276808, totNum = 60
ROUND = 2320, SUM = 15633585.9999999, bChange = 0.00276845, totNum = 60
ROUND = 2321, SUM = 15633586, bChange = 0.00276882, totNum = 60
ROUND = 2322, SUM = 15633586, bChange = 0.00276918, totNum = 60
ROUND = 2323, SUM = 15633586, bChange = 0.00276955, totNum = 60
ROUND = 2324, SUM = 15633586, bChange = 0.00276991, totNum = 60
ROUND = 2325, SUM = 15633585.9999999, bChange = 0.00277028, totNum = 60
ROUND = 2326, SUM = 15633586, bChange = 0.00277064, totNum = 60
ROUND = 2327, SUM = 15633585.9999999, bChange = 0.002771, totNum = 59
ROUND = 2328, SUM = 15633585.9999999, bChange = 0.00277136, totNum = 59
ROUND = 2329, SUM = 15633585.9999999, bChange = 0.00277173, totNum = 59
ROUND = 2330, SUM = 15633586, bChange = 0.00277209, totNum = 59
ROUND = 2331, SUM = 15633585.9999999, bChange = 0.00277245, totNum = 59
ROUND = 2332, SUM = 15633586, bChange = 0.00277281, totNum = 59
ROUND = 2333, SUM = 15633585.9999999, bChange = 0.00277317, totNum = 59
ROUND = 2334, SUM = 15633585.9999999, bChange = 0.00277352, totNum = 59
ROUND = 2335, SUM = 15633586, bChange = 0.00277388, totNum = 59
ROUND = 2336, SUM = 15633586, bChange = 0.00277424, totNum = 59
ROUND = 2337, SUM = 15633585.9999999, bChange = 0.00277459, totNum = 59
ROUND = 2338, SUM = 15633585.9999999, bChange = 0.00277495, totNum = 59
ROUND = 2339, SUM = 15633585.9999999, bChange = 0.00277531, totNum = 59
ROUND = 2340, SUM = 15633586, bChange = 0.00277566, totNum = 59
ROUND = 2341, SUM = 15633586, bChange = 0.00277601, totNum = 59
ROUND = 2342, SUM = 15633585.9999999, bChange = 0.00277637, totNum = 59
ROUND = 2343, SUM = 15633586, bChange = 0.00277672, totNum = 59
ROUND = 2344, SUM = 15633586, bChange = 0.00277707, totNum = 59
ROUND = 2345, SUM = 15633586, bChange = 0.00277742, totNum = 59
ROUND = 2346, SUM = 15633586, bChange = 0.00277777, totNum = 59
ROUND = 2347, SUM = 15633586, bChange = 0.00277812, totNum = 59
ROUND = 2348, SUM = 15633586, bChange = 0.00277847, totNum = 59
ROUND = 2349, SUM = 15633585.9999999, bChange = 0.00277882, totNum = 59
ROUND = 2350, SUM = 15633585.9999999, bChange = 0.00277917, totNum = 59
ROUND = 2351, SUM = 15633586, bChange = 0.00277952, totNum = 59
ROUND = 2352, SUM = 15633586, bChange = 0.00277987, totNum = 59
ROUND = 2353, SUM = 15633585.9999999, bChange = 0.00278021, totNum = 59
ROUND = 2354, SUM = 15633585.9999999, bChange = 0.00278056, totNum = 57
ROUND = 2355, SUM = 15633586, bChange = 0.00278091, totNum = 57
ROUND = 2356, SUM = 15633586, bChange = 0.00278125, totNum = 57
ROUND = 2357, SUM = 15633586, bChange = 0.00278159, totNum = 57
ROUND = 2358, SUM = 15633585.9999999, bChange = 0.00278194, totNum = 56
ROUND = 2359, SUM = 15633586, bChange = 0.00278228, totNum = 56
ROUND = 2360, SUM = 15633585.9999999, bChange = 0.00278262, totNum = 55
ROUND = 2361, SUM = 15633585.9999999, bChange = 0.00278297, totNum = 55
ROUND = 2362, SUM = 15633586, bChange = 0.00278331, totNum = 55
ROUND = 2363, SUM = 15633586, bChange = 0.00278365, totNum = 55
ROUND = 2364, SUM = 15633586, bChange = 0.00278399, totNum = 55
ROUND = 2365, SUM = 15633586, bChange = 0.00278433, totNum = 55
ROUND = 2366, SUM = 15633586, bChange = 0.00278467, totNum = 55
ROUND = 2367, SUM = 15633585.9999999, bChange = 0.002785, totNum = 55
ROUND = 2368, SUM = 15633586, bChange = 0.00278534, totNum = 55
ROUND = 2369, SUM = 15633585.9999999, bChange = 0.00278568, totNum = 55
ROUND = 2370, SUM = 15633586, bChange = 0.00278601, totNum = 55
ROUND = 2371, SUM = 15633586, bChange = 0.00278635, totNum = 55
ROUND = 2372, SUM = 15633586, bChange = 0.00278669, totNum = 55
ROUND = 2373, SUM = 15633585.9999999, bChange = 0.00278702, totNum = 55
ROUND = 2374, SUM = 15633586, bChange = 0.00278735, totNum = 55
ROUND = 2375, SUM = 15633585.9999999, bChange = 0.00278769, totNum = 55
ROUND = 2376, SUM = 15633585.9999999, bChange = 0.00278802, totNum = 55
ROUND = 2377, SUM = 15633585.9999999, bChange = 0.00278835, totNum = 55
ROUND = 2378, SUM = 15633585.9999999, bChange = 0.00278869, totNum = 55
ROUND = 2379, SUM = 15633585.9999999, bChange = 0.00278902, totNum = 55
ROUND = 2380, SUM = 15633586, bChange = 0.00278935, totNum = 55
ROUND = 2381, SUM = 15633585.9999999, bChange = 0.00278968, totNum = 55
ROUND = 2382, SUM = 15633585.9999999, bChange = 0.00279001, totNum = 55
ROUND = 2383, SUM = 15633585.9999999, bChange = 0.00279034, totNum = 55
ROUND = 2384, SUM = 15633586, bChange = 0.00279066, totNum = 55
ROUND = 2385, SUM = 15633585.9999999, bChange = 0.00279099, totNum = 55
ROUND = 2386, SUM = 15633585.9999999, bChange = 0.00279132, totNum = 55
ROUND = 2387, SUM = 15633586, bChange = 0.00279164, totNum = 54
ROUND = 2388, SUM = 15633585.9999999, bChange = 0.00240952, totNum = 53
ROUND = 2389, SUM = 15633585.9999999, bChange = 0.00240954, totNum = 53
ROUND = 2390, SUM = 15633585.9999999, bChange = 0.00240956, totNum = 53
ROUND = 2391, SUM = 15633585.9999999, bChange = 0.00240958, totNum = 52
ROUND = 2392, SUM = 15633585.9999999, bChange = 0.00240959, totNum = 52
ROUND = 2393, SUM = 15633586, bChange = 0.00240961, totNum = 52
ROUND = 2394, SUM = 15633586, bChange = 0.00240963, totNum = 52
ROUND = 2395, SUM = 15633585.9999999, bChange = 0.00240965, totNum = 52
ROUND = 2396, SUM = 15633586, bChange = 0.00240966, totNum = 52
ROUND = 2397, SUM = 15633585.9999999, bChange = 0.00240968, totNum = 52
ROUND = 2398, SUM = 15633586, bChange = 0.0024097, totNum = 52
ROUND = 2399, SUM = 15633586, bChange = 0.00240972, totNum = 52
ROUND = 2400, SUM = 15633586, bChange = 0.00240973, totNum = 52
ROUND = 2401, SUM = 15633586, bChange = 0.00240975, totNum = 52
ROUND = 2402, SUM = 15633585.9999999, bChange = 0.00240977, totNum = 52
ROUND = 2403, SUM = 15633586, bChange = 0.00240978, totNum = 52
ROUND = 2404, SUM = 15633586, bChange = 0.0024098, totNum = 52
ROUND = 2405, SUM = 15633585.9999999, bChange = 0.00222408, totNum = 51
ROUND = 2406, SUM = 15633585.9999999, bChange = 0.00222408, totNum = 51
ROUND = 2407, SUM = 15633585.9999999, bChange = 0.00222408, totNum = 51
ROUND = 2408, SUM = 15633585.9999999, bChange = 0.00222408, totNum = 51
ROUND = 2409, SUM = 15633585.9999999, bChange = 0.00222408, totNum = 51
ROUND = 2410, SUM = 15633585.9999999, bChange = 0.00222408, totNum = 51
ROUND = 2411, SUM = 15633586, bChange = 0.00222408, totNum = 50
ROUND = 2412, SUM = 15633585.9999999, bChange = 0.00222408, totNum = 50
ROUND = 2413, SUM = 15633586, bChange = 0.00222407, totNum = 50
ROUND = 2414, SUM = 15633586, bChange = 0.00222407, totNum = 50
ROUND = 2415, SUM = 15633585.9999999, bChange = 0.00222407, totNum = 50
ROUND = 2416, SUM = 15633586, bChange = 0.00222407, totNum = 50
ROUND = 2417, SUM = 15633586, bChange = 0.00222407, totNum = 50
ROUND = 2418, SUM = 15633585.9999999, bChange = 0.00222407, totNum = 50
ROUND = 2419, SUM = 15633585.9999999, bChange = 0.00222407, totNum = 50
ROUND = 2420, SUM = 15633586, bChange = 0.00222407, totNum = 50
ROUND = 2421, SUM = 15633586, bChange = 0.00222407, totNum = 50
ROUND = 2422, SUM = 15633586, bChange = 0.00222406, totNum = 50
ROUND = 2423, SUM = 15633586, bChange = 0.00222406, totNum = 50
ROUND = 2424, SUM = 15633586, bChange = 0.00222406, totNum = 50
ROUND = 2425, SUM = 15633586, bChange = 0.00222406, totNum = 50
ROUND = 2426, SUM = 15633585.9999999, bChange = 0.00222406, totNum = 50
ROUND = 2427, SUM = 15633585.9999999, bChange = 0.00222406, totNum = 50
ROUND = 2428, SUM = 15633585.9999999, bChange = 0.00222406, totNum = 50
ROUND = 2429, SUM = 15633585.9999999, bChange = 0.00222406, totNum = 50
ROUND = 2430, SUM = 15633585.9999999, bChange = 0.00222406, totNum = 50
ROUND = 2431, SUM = 15633585.9999999, bChange = 0.00222406, totNum = 50
ROUND = 2432, SUM = 15633585.9999999, bChange = 0.00222405, totNum = 50
ROUND = 2433, SUM = 15633585.9999999, bChange = 0.00222405, totNum = 50
ROUND = 2434, SUM = 15633585.9999999, bChange = 0.00222405, totNum = 50
ROUND = 2435, SUM = 15633586, bChange = 0.00222405, totNum = 50
ROUND = 2436, SUM = 15633585.9999999, bChange = 0.00222405, totNum = 50
ROUND = 2437, SUM = 15633586, bChange = 0.00222405, totNum = 50
ROUND = 2438, SUM = 15633586, bChange = 0.00222405, totNum = 50
ROUND = 2439, SUM = 15633585.9999999, bChange = 0.00222405, totNum = 50
ROUND = 2440, SUM = 15633585.9999999, bChange = 0.00222405, totNum = 50
ROUND = 2441, SUM = 15633586, bChange = 0.00222404, totNum = 50
ROUND = 2442, SUM = 15633585.9999999, bChange = 0.00222404, totNum = 50
ROUND = 2443, SUM = 15633586, bChange = 0.00222404, totNum = 50
ROUND = 2444, SUM = 15633585.9999999, bChange = 0.00222404, totNum = 50
ROUND = 2445, SUM = 15633585.9999999, bChange = 0.00222404, totNum = 50
ROUND = 2446, SUM = 15633586, bChange = 0.00222404, totNum = 50
ROUND = 2447, SUM = 15633586, bChange = 0.00222404, totNum = 50
ROUND = 2448, SUM = 15633585.9999999, bChange = 0.00222404, totNum = 50
ROUND = 2449, SUM = 15633585.9999999, bChange = 0.00222404, totNum = 50
ROUND = 2450, SUM = 15633585.9999999, bChange = 0.00222404, totNum = 50
ROUND = 2451, SUM = 15633585.9999999, bChange = 0.00222403, totNum = 50
ROUND = 2452, SUM = 15633585.9999999, bChange = 0.00222403, totNum = 50
ROUND = 2453, SUM = 15633586, bChange = 0.00222403, totNum = 50
ROUND = 2454, SUM = 15633586, bChange = 0.00222403, totNum = 50
ROUND = 2455, SUM = 15633585.9999999, bChange = 0.00222403, totNum = 49
ROUND = 2456, SUM = 15633586, bChange = 0.00222403, totNum = 49
ROUND = 2457, SUM = 15633586, bChange = 0.00222403, totNum = 49
ROUND = 2458, SUM = 15633586, bChange = 0.00222403, totNum = 49
ROUND = 2459, SUM = 15633586, bChange = 0.00222403, totNum = 49
ROUND = 2460, SUM = 15633585.9999999, bChange = 0.00222403, totNum = 49
ROUND = 2461, SUM = 15633586, bChange = 0.00222403, totNum = 49
ROUND = 2462, SUM = 15633585.9999999, bChange = 0.00222402, totNum = 48
ROUND = 2463, SUM = 15633586, bChange = 0.00222402, totNum = 47
ROUND = 2464, SUM = 15633586, bChange = 0.00222402, totNum = 47
ROUND = 2465, SUM = 15633585.9999999, bChange = 0.00222402, totNum = 47
ROUND = 2466, SUM = 15633586, bChange = 0.00222402, totNum = 47
ROUND = 2467, SUM = 15633585.9999999, bChange = 0.00222402, totNum = 47
ROUND = 2468, SUM = 15633586, bChange = 0.00222402, totNum = 47
ROUND = 2469, SUM = 15633585.9999999, bChange = 0.00222402, totNum = 47
ROUND = 2470, SUM = 15633585.9999999, bChange = 0.00222402, totNum = 47
ROUND = 2471, SUM = 15633586, bChange = 0.00222402, totNum = 47
ROUND = 2472, SUM = 15633585.9999999, bChange = 0.00222401, totNum = 47
ROUND = 2473, SUM = 15633585.9999999, bChange = 0.00222401, totNum = 47
ROUND = 2474, SUM = 15633586, bChange = 0.00222401, totNum = 47
ROUND = 2475, SUM = 15633585.9999999, bChange = 0.00222401, totNum = 47
ROUND = 2476, SUM = 15633585.9999999, bChange = 0.00222401, totNum = 47
ROUND = 2477, SUM = 15633585.9999999, bChange = 0.00222401, totNum = 47
ROUND = 2478, SUM = 15633585.9999999, bChange = 0.00222401, totNum = 47
ROUND = 2479, SUM = 15633586, bChange = 0.00222401, totNum = 47
ROUND = 2480, SUM = 15633586, bChange = 0.00222401, totNum = 47
ROUND = 2481, SUM = 15633585.9999999, bChange = 0.00222401, totNum = 47
ROUND = 2482, SUM = 15633585.9999999, bChange = 0.002224, totNum = 47
ROUND = 2483, SUM = 15633585.9999999, bChange = 0.002224, totNum = 47
ROUND = 2484, SUM = 15633586, bChange = 0.002224, totNum = 47
ROUND = 2485, SUM = 15633586, bChange = 0.002224, totNum = 47
ROUND = 2486, SUM = 15633585.9999999, bChange = 0.002224, totNum = 47
ROUND = 2487, SUM = 15633585.9999999, bChange = 0.002224, totNum = 47
ROUND = 2488, SUM = 15633585.9999999, bChange = 0.002224, totNum = 47
ROUND = 2489, SUM = 15633585.9999999, bChange = 0.002224, totNum = 47
ROUND = 2490, SUM = 15633585.9999999, bChange = 0.002224, totNum = 46
ROUND = 2491, SUM = 15633586, bChange = 0.002224, totNum = 46
ROUND = 2492, SUM = 15633586, bChange = 0.00202187, totNum = 45
ROUND = 2493, SUM = 15633586, bChange = 0.00202208, totNum = 45
ROUND = 2494, SUM = 15633586, bChange = 0.00202228, totNum = 45
ROUND = 2495, SUM = 15633586, bChange = 0.00202248, totNum = 45
ROUND = 2496, SUM = 15633586, bChange = 0.00202268, totNum = 45
ROUND = 2497, SUM = 15633586, bChange = 0.00202288, totNum = 45
ROUND = 2498, SUM = 15633586, bChange = 0.00202308, totNum = 45
ROUND = 2499, SUM = 15633586, bChange = 0.00202327, totNum = 45
ROUND = 2500, SUM = 15633586, bChange = 0.00202347, totNum = 45
ROUND = 2501, SUM = 15633585.9999999, bChange = 0.00202367, totNum = 45
ROUND = 2502, SUM = 15633586, bChange = 0.00202387, totNum = 45
ROUND = 2503, SUM = 15633586, bChange = 0.00202407, totNum = 45
ROUND = 2504, SUM = 15633585.9999999, bChange = 0.00202427, totNum = 45
ROUND = 2505, SUM = 15633586, bChange = 0.00202446, totNum = 45
ROUND = 2506, SUM = 15633585.9999999, bChange = 0.00202466, totNum = 45
ROUND = 2507, SUM = 15633586, bChange = 0.00202486, totNum = 45
ROUND = 2508, SUM = 15633585.9999999, bChange = 0.00202506, totNum = 45
ROUND = 2509, SUM = 15633586, bChange = 0.00202525, totNum = 45
ROUND = 2510, SUM = 15633586, bChange = 0.00202545, totNum = 45
ROUND = 2511, SUM = 15633585.9999999, bChange = 0.00202564, totNum = 45
ROUND = 2512, SUM = 15633585.9999999, bChange = 0.00202584, totNum = 45
ROUND = 2513, SUM = 15633585.9999999, bChange = 0.00202604, totNum = 45
ROUND = 2514, SUM = 15633585.9999999, bChange = 0.00202623, totNum = 45
ROUND = 2515, SUM = 15633585.9999999, bChange = 0.00202643, totNum = 45
ROUND = 2516, SUM = 15633585.9999999, bChange = 0.00202662, totNum = 45
ROUND = 2517, SUM = 15633586, bChange = 0.00202682, totNum = 45
ROUND = 2518, SUM = 15633586, bChange = 0.00202701, totNum = 45
ROUND = 2519, SUM = 15633586, bChange = 0.0020272, totNum = 45
ROUND = 2520, SUM = 15633585.9999999, bChange = 0.0020274, totNum = 45
ROUND = 2521, SUM = 15633586, bChange = 0.00202759, totNum = 45
ROUND = 2522, SUM = 15633585.9999999, bChange = 0.00202778, totNum = 45
ROUND = 2523, SUM = 15633585.9999999, bChange = 0.00202798, totNum = 45
ROUND = 2524, SUM = 15633585.9999999, bChange = 0.00202817, totNum = 45
ROUND = 2525, SUM = 15633585.9999999, bChange = 0.00202836, totNum = 45
ROUND = 2526, SUM = 15633586, bChange = 0.00202855, totNum = 45
ROUND = 2527, SUM = 15633586, bChange = 0.00202875, totNum = 44
ROUND = 2528, SUM = 15633586, bChange = 0.00202894, totNum = 44
ROUND = 2529, SUM = 15633585.9999999, bChange = 0.00202913, totNum = 44
ROUND = 2530, SUM = 15633585.9999999, bChange = 0.00202932, totNum = 44
ROUND = 2531, SUM = 15633585.9999999, bChange = 0.00202951, totNum = 44
ROUND = 2532, SUM = 15633586, bChange = 0.0020297, totNum = 44
ROUND = 2533, SUM = 15633585.9999999, bChange = 0.00202989, totNum = 44
ROUND = 2534, SUM = 15633585.9999999, bChange = 0.00203008, totNum = 44
ROUND = 2535, SUM = 15633585.9999999, bChange = 0.00203027, totNum = 44
ROUND = 2536, SUM = 15633585.9999999, bChange = 0.00203046, totNum = 44
ROUND = 2537, SUM = 15633586, bChange = 0.00203065, totNum = 44
ROUND = 2538, SUM = 15633586, bChange = 0.00203084, totNum = 44
ROUND = 2539, SUM = 15633585.9999999, bChange = 0.00203103, totNum = 44
ROUND = 2540, SUM = 15633585.9999999, bChange = 0.00203122, totNum = 44
ROUND = 2541, SUM = 15633585.9999999, bChange = 0.00203141, totNum = 44
ROUND = 2542, SUM = 15633586, bChange = 0.00203159, totNum = 44
ROUND = 2543, SUM = 15633586, bChange = 0.00203178, totNum = 44
ROUND = 2544, SUM = 15633586, bChange = 0.00203197, totNum = 44
ROUND = 2545, SUM = 15633586, bChange = 0.00203216, totNum = 44
ROUND = 2546, SUM = 15633585.9999999, bChange = 0.00203234, totNum = 44
ROUND = 2547, SUM = 15633586, bChange = 0.00203253, totNum = 43
ROUND = 2548, SUM = 15633585.9999999, bChange = 0.00203272, totNum = 43
ROUND = 2549, SUM = 15633585.9999999, bChange = 0.0020329, totNum = 43
ROUND = 2550, SUM = 15633585.9999999, bChange = 0.00203309, totNum = 43
ROUND = 2551, SUM = 15633586, bChange = 0.00203327, totNum = 43
ROUND = 2552, SUM = 15633586, bChange = 0.00203346, totNum = 43
ROUND = 2553, SUM = 15633585.9999999, bChange = 0.00203365, totNum = 43
ROUND = 2554, SUM = 15633586, bChange = 0.00203383, totNum = 43
ROUND = 2555, SUM = 15633585.9999999, bChange = 0.00203402, totNum = 43
ROUND = 2556, SUM = 15633585.9999999, bChange = 0.0020342, totNum = 43
ROUND = 2557, SUM = 15633585.9999999, bChange = 0.00203438, totNum = 43
ROUND = 2558, SUM = 15633585.9999999, bChange = 0.00203457, totNum = 43
ROUND = 2559, SUM = 15633586, bChange = 0.00203475, totNum = 43
ROUND = 2560, SUM = 15633586, bChange = 0.00203493, totNum = 43
ROUND = 2561, SUM = 15633586, bChange = 0.00203512, totNum = 43
ROUND = 2562, SUM = 15633586, bChange = 0.0020353, totNum = 43
ROUND = 2563, SUM = 15633585.9999999, bChange = 0.00203548, totNum = 43
ROUND = 2564, SUM = 15633585.9999999, bChange = 0.00203567, totNum = 43
ROUND = 2565, SUM = 15633585.9999999, bChange = 0.00203585, totNum = 43
ROUND = 2566, SUM = 15633586, bChange = 0.00203603, totNum = 43
ROUND = 2567, SUM = 15633585.9999999, bChange = 0.00203621, totNum = 43
ROUND = 2568, SUM = 15633585.9999999, bChange = 0.00203639, totNum = 43
ROUND = 2569, SUM = 15633586, bChange = 0.00203657, totNum = 42
ROUND = 2570, SUM = 15633585.9999999, bChange = 0.00203676, totNum = 42
ROUND = 2571, SUM = 15633586, bChange = 0.00203694, totNum = 42
ROUND = 2572, SUM = 15633586, bChange = 0.00203712, totNum = 42
ROUND = 2573, SUM = 15633585.9999999, bChange = 0.0020373, totNum = 42
ROUND = 2574, SUM = 15633585.9999999, bChange = 0.00203748, totNum = 42
ROUND = 2575, SUM = 15633586, bChange = 0.00203766, totNum = 42
ROUND = 2576, SUM = 15633586, bChange = 0.00203784, totNum = 42
ROUND = 2577, SUM = 15633586, bChange = 0.00203802, totNum = 42
ROUND = 2578, SUM = 15633586, bChange = 0.00203819, totNum = 42
ROUND = 2579, SUM = 15633585.9999999, bChange = 0.00203837, totNum = 42
ROUND = 2580, SUM = 15633586, bChange = 0.00203855, totNum = 42
ROUND = 2581, SUM = 15633586, bChange = 0.00203873, totNum = 42
ROUND = 2582, SUM = 15633586, bChange = 0.00203891, totNum = 42
ROUND = 2583, SUM = 15633585.9999999, bChange = 0.00203909, totNum = 42
ROUND = 2584, SUM = 15633585.9999999, bChange = 0.00203926, totNum = 42
ROUND = 2585, SUM = 15633585.9999999, bChange = 0.00203944, totNum = 42
ROUND = 2586, SUM = 15633585.9999999, bChange = 0.00203962, totNum = 42
ROUND = 2587, SUM = 15633585.9999999, bChange = 0.00203979, totNum = 42
ROUND = 2588, SUM = 15633586, bChange = 0.00203997, totNum = 42
ROUND = 2589, SUM = 15633586, bChange = 0.00199433, totNum = 41
ROUND = 2590, SUM = 15633585.9999999, bChange = 0.00199462, totNum = 41
ROUND = 2591, SUM = 15633585.9999999, bChange = 0.00199491, totNum = 41
ROUND = 2592, SUM = 15633586, bChange = 0.00199519, totNum = 41
ROUND = 2593, SUM = 15633586, bChange = 0.00199548, totNum = 41
ROUND = 2594, SUM = 15633586, bChange = 0.00199576, totNum = 41
ROUND = 2595, SUM = 15633585.9999999, bChange = 0.00199604, totNum = 41
ROUND = 2596, SUM = 15633585.9999999, bChange = 0.00199633, totNum = 41
ROUND = 2597, SUM = 15633585.9999999, bChange = 0.00199661, totNum = 41
ROUND = 2598, SUM = 15633585.9999999, bChange = 0.0019969, totNum = 41
ROUND = 2599, SUM = 15633585.9999999, bChange = 0.00199718, totNum = 41
ROUND = 2600, SUM = 15633586, bChange = 0.00199746, totNum = 41
ROUND = 2601, SUM = 15633585.9999999, bChange = 0.00199775, totNum = 41
ROUND = 2602, SUM = 15633585.9999999, bChange = 0.00199803, totNum = 41
ROUND = 2603, SUM = 15633585.9999999, bChange = 0.00199831, totNum = 41
ROUND = 2604, SUM = 15633586, bChange = 0.0019986, totNum = 41
ROUND = 2605, SUM = 15633585.9999999, bChange = 0.00199888, totNum = 41
ROUND = 2606, SUM = 15633586, bChange = 0.00199916, totNum = 41
ROUND = 2607, SUM = 15633585.9999999, bChange = 0.00199944, totNum = 41
ROUND = 2608, SUM = 15633585.9999999, bChange = 0.00199972, totNum = 41
ROUND = 2609, SUM = 15633585.9999999, bChange = 0.002, totNum = 41
ROUND = 2610, SUM = 15633585.9999999, bChange = 0.00200029, totNum = 41
ROUND = 2611, SUM = 15633586, bChange = 0.00200057, totNum = 41
ROUND = 2612, SUM = 15633585.9999999, bChange = 0.00200085, totNum = 41
ROUND = 2613, SUM = 15633585.9999999, bChange = 0.00200113, totNum = 41
ROUND = 2614, SUM = 15633586, bChange = 0.00200141, totNum = 41
ROUND = 2615, SUM = 15633585.9999999, bChange = 0.00200169, totNum = 41
ROUND = 2616, SUM = 15633585.9999999, bChange = 0.00200197, totNum = 41
ROUND = 2617, SUM = 15633586, bChange = 0.00200225, totNum = 41
ROUND = 2618, SUM = 15633585.9999999, bChange = 0.00200253, totNum = 41
ROUND = 2619, SUM = 15633586, bChange = 0.00200281, totNum = 41
ROUND = 2620, SUM = 15633585.9999999, bChange = 0.00200308, totNum = 41
ROUND = 2621, SUM = 15633585.9999999, bChange = 0.00200336, totNum = 41
ROUND = 2622, SUM = 15633586, bChange = 0.00200364, totNum = 41
ROUND = 2623, SUM = 15633585.9999999, bChange = 0.00200392, totNum = 41
ROUND = 2624, SUM = 15633585.9999999, bChange = 0.0020042, totNum = 41
ROUND = 2625, SUM = 15633586, bChange = 0.00200448, totNum = 41
ROUND = 2626, SUM = 15633585.9999999, bChange = 0.00200475, totNum = 41
ROUND = 2627, SUM = 15633586, bChange = 0.00200503, totNum = 41
ROUND = 2628, SUM = 15633586, bChange = 0.00200531, totNum = 41
ROUND = 2629, SUM = 15633585.9999999, bChange = 0.00200558, totNum = 41
ROUND = 2630, SUM = 15633586, bChange = 0.00200586, totNum = 41
ROUND = 2631, SUM = 15633586, bChange = 0.00200614, totNum = 41
ROUND = 2632, SUM = 15633586, bChange = 0.00200641, totNum = 41
ROUND = 2633, SUM = 15633586.0000001, bChange = 0.00200669, totNum = 41
ROUND = 2634, SUM = 15633586, bChange = 0.00200696, totNum = 41
ROUND = 2635, SUM = 15633586, bChange = 0.00200724, totNum = 41
ROUND = 2636, SUM = 15633586, bChange = 0.00200752, totNum = 41
ROUND = 2637, SUM = 15633585.9999999, bChange = 0.00200779, totNum = 41
ROUND = 2638, SUM = 15633585.9999999, bChange = 0.00200807, totNum = 41
ROUND = 2639, SUM = 15633586, bChange = 0.00200834, totNum = 41
ROUND = 2640, SUM = 15633586, bChange = 0.00200861, totNum = 41
ROUND = 2641, SUM = 15633586, bChange = 0.00200889, totNum = 41
ROUND = 2642, SUM = 15633585.9999999, bChange = 0.00200916, totNum = 41
ROUND = 2643, SUM = 15633586, bChange = 0.00200944, totNum = 41
ROUND = 2644, SUM = 15633585.9999999, bChange = 0.00200971, totNum = 41
ROUND = 2645, SUM = 15633585.9999999, bChange = 0.00200998, totNum = 41
ROUND = 2646, SUM = 15633586, bChange = 0.00201026, totNum = 41
ROUND = 2647, SUM = 15633585.9999999, bChange = 0.00201053, totNum = 41
ROUND = 2648, SUM = 15633586, bChange = 0.0020108, totNum = 41
ROUND = 2649, SUM = 15633586, bChange = 0.00201107, totNum = 41
ROUND = 2650, SUM = 15633586, bChange = 0.00201135, totNum = 41
ROUND = 2651, SUM = 15633586, bChange = 0.00201162, totNum = 41
ROUND = 2652, SUM = 15633586, bChange = 0.00201189, totNum = 41
ROUND = 2653, SUM = 15633585.9999999, bChange = 0.00201216, totNum = 41
ROUND = 2654, SUM = 15633586, bChange = 0.00201243, totNum = 41
ROUND = 2655, SUM = 15633586, bChange = 0.0020127, totNum = 41
ROUND = 2656, SUM = 15633586, bChange = 0.00201297, totNum = 41
ROUND = 2657, SUM = 15633586, bChange = 0.00201325, totNum = 41
ROUND = 2658, SUM = 15633586, bChange = 0.00201352, totNum = 41
ROUND = 2659, SUM = 15633585.9999999, bChange = 0.00201379, totNum = 41
ROUND = 2660, SUM = 15633585.9999999, bChange = 0.00201406, totNum = 41
ROUND = 2661, SUM = 15633585.9999999, bChange = 0.00201433, totNum = 41
ROUND = 2662, SUM = 15633586, bChange = 0.0020146, totNum = 41
ROUND = 2663, SUM = 15633586, bChange = 0.00201486, totNum = 41
ROUND = 2664, SUM = 15633586, bChange = 0.00201513, totNum = 41
ROUND = 2665, SUM = 15633586, bChange = 0.0020154, totNum = 41
ROUND = 2666, SUM = 15633586, bChange = 0.00201567, totNum = 41
ROUND = 2667, SUM = 15633586, bChange = 0.00201594, totNum = 41
ROUND = 2668, SUM = 15633586, bChange = 0.00201621, totNum = 41
ROUND = 2669, SUM = 15633586, bChange = 0.00201648, totNum = 41
ROUND = 2670, SUM = 15633586, bChange = 0.00201674, totNum = 41
ROUND = 2671, SUM = 15633586, bChange = 0.00201701, totNum = 41
ROUND = 2672, SUM = 15633586, bChange = 0.00201728, totNum = 41
ROUND = 2673, SUM = 15633586, bChange = 0.00201754, totNum = 41
ROUND = 2674, SUM = 15633585.9999999, bChange = 0.00201781, totNum = 41
ROUND = 2675, SUM = 15633586, bChange = 0.00201808, totNum = 40
ROUND = 2676, SUM = 15633586, bChange = 0.00201834, totNum = 40
ROUND = 2677, SUM = 15633585.9999999, bChange = 0.00201861, totNum = 40
ROUND = 2678, SUM = 15633585.9999999, bChange = 0.00201888, totNum = 40
ROUND = 2679, SUM = 15633586, bChange = 0.00201914, totNum = 40
ROUND = 2680, SUM = 15633586, bChange = 0.00201941, totNum = 40
ROUND = 2681, SUM = 15633586, bChange = 0.00201967, totNum = 40
ROUND = 2682, SUM = 15633586, bChange = 0.00201994, totNum = 40
ROUND = 2683, SUM = 15633585.9999999, bChange = 0.0020202, totNum = 40
ROUND = 2684, SUM = 15633586, bChange = 0.00202047, totNum = 40
ROUND = 2685, SUM = 15633586, bChange = 0.00202073, totNum = 40
ROUND = 2686, SUM = 15633586, bChange = 0.00202099, totNum = 40
ROUND = 2687, SUM = 15633586, bChange = 0.00202126, totNum = 40
ROUND = 2688, SUM = 15633586, bChange = 0.00202152, totNum = 40
ROUND = 2689, SUM = 15633586, bChange = 0.00202179, totNum = 40
ROUND = 2690, SUM = 15633586, bChange = 0.00202205, totNum = 40
ROUND = 2691, SUM = 15633586, bChange = 0.00202231, totNum = 40
ROUND = 2692, SUM = 15633586, bChange = 0.00202257, totNum = 40
ROUND = 2693, SUM = 15633586, bChange = 0.00202284, totNum = 40
ROUND = 2694, SUM = 15633586, bChange = 0.0020231, totNum = 40
ROUND = 2695, SUM = 15633586, bChange = 0.00202336, totNum = 40
ROUND = 2696, SUM = 15633586, bChange = 0.00202362, totNum = 40
ROUND = 2697, SUM = 15633586, bChange = 0.00202388, totNum = 40
ROUND = 2698, SUM = 15633585.9999999, bChange = 0.00202415, totNum = 40
ROUND = 2699, SUM = 15633586, bChange = 0.00202441, totNum = 39
ROUND = 2700, SUM = 15633586, bChange = 0.00202467, totNum = 39
ROUND = 2701, SUM = 15633585.9999999, bChange = 0.00202493, totNum = 39
ROUND = 2702, SUM = 15633586, bChange = 0.00202519, totNum = 39
ROUND = 2703, SUM = 15633585.9999999, bChange = 0.00202545, totNum = 39
ROUND = 2704, SUM = 15633585.9999999, bChange = 0.00202571, totNum = 39
ROUND = 2705, SUM = 15633586, bChange = 0.00202597, totNum = 39
ROUND = 2706, SUM = 15633586, bChange = 0.00202623, totNum = 38
ROUND = 2707, SUM = 15633586, bChange = 0.00202649, totNum = 38
ROUND = 2708, SUM = 15633586, bChange = 0.00202675, totNum = 38
ROUND = 2709, SUM = 15633586, bChange = 0.00202701, totNum = 38
ROUND = 2710, SUM = 15633586, bChange = 0.00202726, totNum = 38
ROUND = 2711, SUM = 15633585.9999999, bChange = 0.00202752, totNum = 38
ROUND = 2712, SUM = 15633586, bChange = 0.00202778, totNum = 38
ROUND = 2713, SUM = 15633586, bChange = 0.00202804, totNum = 37
ROUND = 2714, SUM = 15633586, bChange = 0.0020283, totNum = 36
ROUND = 2715, SUM = 15633586, bChange = 0.00202855, totNum = 36
ROUND = 2716, SUM = 15633586.0000001, bChange = 0.00202881, totNum = 36
ROUND = 2717, SUM = 15633586, bChange = 0.00202907, totNum = 36
ROUND = 2718, SUM = 15633586, bChange = 0.00202933, totNum = 36
ROUND = 2719, SUM = 15633586, bChange = 0.00202958, totNum = 36
ROUND = 2720, SUM = 15633586, bChange = 0.00202984, totNum = 36
ROUND = 2721, SUM = 15633586, bChange = 0.00203009, totNum = 36
ROUND = 2722, SUM = 15633586, bChange = 0.00203035, totNum = 36
ROUND = 2723, SUM = 15633585.9999999, bChange = 0.00203061, totNum = 36
ROUND = 2724, SUM = 15633586, bChange = 0.00203086, totNum = 36
ROUND = 2725, SUM = 15633586, bChange = 0.00203112, totNum = 36
ROUND = 2726, SUM = 15633586, bChange = 0.00203137, totNum = 36
ROUND = 2727, SUM = 15633586, bChange = 0.00203163, totNum = 36
ROUND = 2728, SUM = 15633586, bChange = 0.00203188, totNum = 36
ROUND = 2729, SUM = 15633585.9999999, bChange = 0.00203214, totNum = 36
ROUND = 2730, SUM = 15633585.9999999, bChange = 0.00203239, totNum = 36
ROUND = 2731, SUM = 15633586, bChange = 0.00203264, totNum = 36
ROUND = 2732, SUM = 15633586, bChange = 0.0020329, totNum = 36
ROUND = 2733, SUM = 15633586, bChange = 0.00203315, totNum = 36
ROUND = 2734, SUM = 15633586, bChange = 0.0020334, totNum = 36
ROUND = 2735, SUM = 15633585.9999999, bChange = 0.00203366, totNum = 36
ROUND = 2736, SUM = 15633585.9999999, bChange = 0.00203391, totNum = 36
ROUND = 2737, SUM = 15633585.9999999, bChange = 0.00203416, totNum = 36
ROUND = 2738, SUM = 15633586, bChange = 0.00203441, totNum = 36
ROUND = 2739, SUM = 15633586, bChange = 0.00203467, totNum = 36
ROUND = 2740, SUM = 15633585.9999999, bChange = 0.00203492, totNum = 36
ROUND = 2741, SUM = 15633585.9999999, bChange = 0.00203517, totNum = 36
ROUND = 2742, SUM = 15633585.9999999, bChange = 0.00203542, totNum = 36
ROUND = 2743, SUM = 15633586, bChange = 0.00203567, totNum = 36
ROUND = 2744, SUM = 15633586, bChange = 0.00203592, totNum = 36
ROUND = 2745, SUM = 15633586, bChange = 0.00203617, totNum = 36
ROUND = 2746, SUM = 15633586, bChange = 0.00203642, totNum = 36
ROUND = 2747, SUM = 15633586, bChange = 0.00203667, totNum = 36
ROUND = 2748, SUM = 15633586, bChange = 0.00203692, totNum = 36
ROUND = 2749, SUM = 15633586, bChange = 0.00203717, totNum = 36
ROUND = 2750, SUM = 15633586, bChange = 0.00203742, totNum = 36
ROUND = 2751, SUM = 15633585.9999999, bChange = 0.00203767, totNum = 36
ROUND = 2752, SUM = 15633585.9999999, bChange = 0.00203792, totNum = 36
ROUND = 2753, SUM = 15633586, bChange = 0.00203817, totNum = 36
ROUND = 2754, SUM = 15633586, bChange = 0.00203842, totNum = 36
ROUND = 2755, SUM = 15633586, bChange = 0.00203867, totNum = 36
ROUND = 2756, SUM = 15633586, bChange = 0.00203892, totNum = 36
ROUND = 2757, SUM = 15633585.9999999, bChange = 0.00203916, totNum = 36
ROUND = 2758, SUM = 15633585.9999999, bChange = 0.00203941, totNum = 36
ROUND = 2759, SUM = 15633585.9999999, bChange = 0.00203966, totNum = 36
ROUND = 2760, SUM = 15633586, bChange = 0.00203991, totNum = 36
ROUND = 2761, SUM = 15633585.9999999, bChange = 0.00204015, totNum = 36
ROUND = 2762, SUM = 15633586, bChange = 0.0020404, totNum = 36
ROUND = 2763, SUM = 15633586, bChange = 0.00204065, totNum = 36
ROUND = 2764, SUM = 15633585.9999999, bChange = 0.00204089, totNum = 36
ROUND = 2765, SUM = 15633586, bChange = 0.00204114, totNum = 36
ROUND = 2766, SUM = 15633586, bChange = 0.00204139, totNum = 36
ROUND = 2767, SUM = 15633585.9999999, bChange = 0.00204163, totNum = 36
ROUND = 2768, SUM = 15633586, bChange = 0.00204188, totNum = 36
ROUND = 2769, SUM = 15633586, bChange = 0.00204212, totNum = 36
ROUND = 2770, SUM = 15633586, bChange = 0.00204237, totNum = 36
ROUND = 2771, SUM = 15633586, bChange = 0.00204261, totNum = 36
ROUND = 2772, SUM = 15633586, bChange = 0.00204286, totNum = 36
ROUND = 2773, SUM = 15633586, bChange = 0.0020431, totNum = 36
ROUND = 2774, SUM = 15633586, bChange = 0.00204335, totNum = 36
ROUND = 2775, SUM = 15633585.9999999, bChange = 0.00204359, totNum = 36
ROUND = 2776, SUM = 15633586, bChange = 0.00204383, totNum = 36
ROUND = 2777, SUM = 15633586, bChange = 0.00204408, totNum = 36
ROUND = 2778, SUM = 15633586, bChange = 0.00204432, totNum = 36
ROUND = 2779, SUM = 15633586, bChange = 0.00204456, totNum = 36
ROUND = 2780, SUM = 15633586, bChange = 0.00204481, totNum = 35
ROUND = 2781, SUM = 15633585.9999999, bChange = 0.00204505, totNum = 35
ROUND = 2782, SUM = 15633586, bChange = 0.00204529, totNum = 35
ROUND = 2783, SUM = 15633586, bChange = 0.00204553, totNum = 35
ROUND = 2784, SUM = 15633585.9999999, bChange = 0.00204577, totNum = 35
ROUND = 2785, SUM = 15633585.9999999, bChange = 0.00204602, totNum = 35
ROUND = 2786, SUM = 15633586, bChange = 0.00204626, totNum = 35
ROUND = 2787, SUM = 15633586, bChange = 0.0020465, totNum = 35
ROUND = 2788, SUM = 15633585.9999999, bChange = 0.00204674, totNum = 35
ROUND = 2789, SUM = 15633585.9999999, bChange = 0.00204698, totNum = 35
ROUND = 2790, SUM = 15633586, bChange = 0.00204722, totNum = 35
ROUND = 2791, SUM = 15633585.9999999, bChange = 0.00204746, totNum = 35
ROUND = 2792, SUM = 15633585.9999999, bChange = 0.0020477, totNum = 35
ROUND = 2793, SUM = 15633586, bChange = 0.00204794, totNum = 35
ROUND = 2794, SUM = 15633586, bChange = 0.00204818, totNum = 35
ROUND = 2795, SUM = 15633586, bChange = 0.00204842, totNum = 35
ROUND = 2796, SUM = 15633586, bChange = 0.00204866, totNum = 35
ROUND = 2797, SUM = 15633585.9999999, bChange = 0.0020489, totNum = 35
ROUND = 2798, SUM = 15633586, bChange = 0.00204914, totNum = 35
ROUND = 2799, SUM = 15633585.9999999, bChange = 0.00204938, totNum = 35
ROUND = 2800, SUM = 15633586, bChange = 0.00204961, totNum = 35
ROUND = 2801, SUM = 15633585.9999999, bChange = 0.00204985, totNum = 35
ROUND = 2802, SUM = 15633586, bChange = 0.00205009, totNum = 35
ROUND = 2803, SUM = 15633586, bChange = 0.00205033, totNum = 35
ROUND = 2804, SUM = 15633586, bChange = 0.00205056, totNum = 35
ROUND = 2805, SUM = 15633586, bChange = 0.0020508, totNum = 35
ROUND = 2806, SUM = 15633585.9999999, bChange = 0.00205104, totNum = 33
ROUND = 2807, SUM = 15633586, bChange = 0.00205128, totNum = 33
ROUND = 2808, SUM = 15633586, bChange = 0.00205151, totNum = 33
ROUND = 2809, SUM = 15633585.9999999, bChange = 0.00205175, totNum = 33
ROUND = 2810, SUM = 15633586, bChange = 0.00205198, totNum = 33
ROUND = 2811, SUM = 15633586, bChange = 0.00205222, totNum = 33
ROUND = 2812, SUM = 15633585.9999999, bChange = 0.00205246, totNum = 33
ROUND = 2813, SUM = 15633586, bChange = 0.00205269, totNum = 33
ROUND = 2814, SUM = 15633586, bChange = 0.00205293, totNum = 33
ROUND = 2815, SUM = 15633586, bChange = 0.00205316, totNum = 33
ROUND = 2816, SUM = 15633585.9999999, bChange = 0.00205339, totNum = 33
ROUND = 2817, SUM = 15633585.9999999, bChange = 0.00205363, totNum = 33
ROUND = 2818, SUM = 15633586, bChange = 0.00205386, totNum = 33
ROUND = 2819, SUM = 15633586, bChange = 0.0020541, totNum = 33
ROUND = 2820, SUM = 15633585.9999999, bChange = 0.00205433, totNum = 33
ROUND = 2821, SUM = 15633585.9999999, bChange = 0.00205456, totNum = 33
ROUND = 2822, SUM = 15633585.9999999, bChange = 0.0020548, totNum = 33
ROUND = 2823, SUM = 15633585.9999999, bChange = 0.00205503, totNum = 32
ROUND = 2824, SUM = 15633585.9999999, bChange = 0.00205526, totNum = 32
ROUND = 2825, SUM = 15633586, bChange = 0.0020555, totNum = 32
ROUND = 2826, SUM = 15633586, bChange = 0.00205573, totNum = 32
ROUND = 2827, SUM = 15633586, bChange = 0.00205596, totNum = 32
ROUND = 2828, SUM = 15633586, bChange = 0.00205619, totNum = 31
ROUND = 2829, SUM = 15633585.9999999, bChange = 0.00205642, totNum = 31
ROUND = 2830, SUM = 15633586, bChange = 0.00205666, totNum = 31
ROUND = 2831, SUM = 15633585.9999999, bChange = 0.00205689, totNum = 31
ROUND = 2832, SUM = 15633585.9999999, bChange = 0.00205712, totNum = 31
ROUND = 2833, SUM = 15633585.9999999, bChange = 0.00205735, totNum = 32
ROUND = 2834, SUM = 15633586, bChange = 0.00205758, totNum = 32
ROUND = 2835, SUM = 15633586, bChange = 0.00205781, totNum = 32
ROUND = 2836, SUM = 15633586, bChange = 0.00205804, totNum = 32
ROUND = 2837, SUM = 15633586, bChange = 0.00205827, totNum = 32
ROUND = 2838, SUM = 15633586, bChange = 0.0020585, totNum = 32
ROUND = 2839, SUM = 15633586, bChange = 0.00205873, totNum = 32
ROUND = 2840, SUM = 15633585.9999999, bChange = 0.00205896, totNum = 32
ROUND = 2841, SUM = 15633585.9999999, bChange = 0.00205919, totNum = 32
ROUND = 2842, SUM = 15633585.9999999, bChange = 0.00205942, totNum = 32
ROUND = 2843, SUM = 15633585.9999999, bChange = 0.00205964, totNum = 32
ROUND = 2844, SUM = 15633585.9999999, bChange = 0.00205987, totNum = 32
ROUND = 2845, SUM = 15633585.9999999, bChange = 0.0020601, totNum = 32
ROUND = 2846, SUM = 15633585.9999999, bChange = 0.00206033, totNum = 32
ROUND = 2847, SUM = 15633586, bChange = 0.00206056, totNum = 32
ROUND = 2848, SUM = 15633586, bChange = 0.00206078, totNum = 32
ROUND = 2849, SUM = 15633585.9999999, bChange = 0.00206101, totNum = 32
ROUND = 2850, SUM = 15633585.9999999, bChange = 0.00206124, totNum = 32
ROUND = 2851, SUM = 15633586, bChange = 0.00206147, totNum = 32
ROUND = 2852, SUM = 15633585.9999999, bChange = 0.00206169, totNum = 32
ROUND = 2853, SUM = 15633585.9999999, bChange = 0.00206192, totNum = 32
ROUND = 2854, SUM = 15633585.9999999, bChange = 0.00206214, totNum = 32
ROUND = 2855, SUM = 15633585.9999999, bChange = 0.00206237, totNum = 32
ROUND = 2856, SUM = 15633585.9999999, bChange = 0.0020626, totNum = 32
ROUND = 2857, SUM = 15633585.9999999, bChange = 0.00206282, totNum = 32
ROUND = 2858, SUM = 15633586, bChange = 0.00206305, totNum = 32
ROUND = 2859, SUM = 15633585.9999999, bChange = 0.00206327, totNum = 31
ROUND = 2860, SUM = 15633586, bChange = 0.0020635, totNum = 31
ROUND = 2861, SUM = 15633585.9999999, bChange = 0.00206372, totNum = 31
ROUND = 2862, SUM = 15633586, bChange = 0.00206394, totNum = 31
ROUND = 2863, SUM = 15633585.9999999, bChange = 0.00206417, totNum = 31
ROUND = 2864, SUM = 15633586, bChange = 0.00206439, totNum = 31
ROUND = 2865, SUM = 15633585.9999999, bChange = 0.00206462, totNum = 31
ROUND = 2866, SUM = 15633585.9999999, bChange = 0.00206484, totNum = 31
ROUND = 2867, SUM = 15633586, bChange = 0.00206506, totNum = 31
ROUND = 2868, SUM = 15633585.9999999, bChange = 0.00206529, totNum = 31
ROUND = 2869, SUM = 15633586, bChange = 0.00206551, totNum = 31
ROUND = 2870, SUM = 15633586, bChange = 0.00206573, totNum = 31
ROUND = 2871, SUM = 15633586, bChange = 0.00206595, totNum = 31
ROUND = 2872, SUM = 15633586, bChange = 0.00206617, totNum = 31
ROUND = 2873, SUM = 15633586, bChange = 0.0020664, totNum = 31
ROUND = 2874, SUM = 15633585.9999999, bChange = 0.00206662, totNum = 31
ROUND = 2875, SUM = 15633586, bChange = 0.00206684, totNum = 31
ROUND = 2876, SUM = 15633586, bChange = 0.00206706, totNum = 30
ROUND = 2877, SUM = 15633585.9999999, bChange = 0.00206728, totNum = 30
ROUND = 2878, SUM = 15633586.0000001, bChange = 0.0020675, totNum = 30
ROUND = 2879, SUM = 15633586, bChange = 0.00206772, totNum = 30
ROUND = 2880, SUM = 15633585.9999999, bChange = 0.00206794, totNum = 30
ROUND = 2881, SUM = 15633586, bChange = 0.00206816, totNum = 30
ROUND = 2882, SUM = 15633585.9999999, bChange = 0.00206838, totNum = 30
ROUND = 2883, SUM = 15633585.9999999, bChange = 0.0020686, totNum = 30
ROUND = 2884, SUM = 15633585.9999999, bChange = 0.00206882, totNum = 30
ROUND = 2885, SUM = 15633585.9999999, bChange = 0.00206904, totNum = 29
ROUND = 2886, SUM = 15633585.9999999, bChange = 0.00206926, totNum = 29
ROUND = 2887, SUM = 15633585.9999999, bChange = 0.00206948, totNum = 29
ROUND = 2888, SUM = 15633586, bChange = 0.0020697, totNum = 29
ROUND = 2889, SUM = 15633586, bChange = 0.00206992, totNum = 29
ROUND = 2890, SUM = 15633585.9999999, bChange = 0.00207013, totNum = 29
ROUND = 2891, SUM = 15633585.9999999, bChange = 0.00207035, totNum = 29
ROUND = 2892, SUM = 15633586, bChange = 0.00207057, totNum = 29
ROUND = 2893, SUM = 15633585.9999999, bChange = 0.00207079, totNum = 29
ROUND = 2894, SUM = 15633585.9999999, bChange = 0.002071, totNum = 28
ROUND = 2895, SUM = 15633585.9999999, bChange = 0.00207122, totNum = 28
ROUND = 2896, SUM = 15633586, bChange = 0.00207144, totNum = 28
ROUND = 2897, SUM = 15633585.9999999, bChange = 0.00207165, totNum = 28
ROUND = 2898, SUM = 15633586, bChange = 0.00207187, totNum = 28
ROUND = 2899, SUM = 15633586, bChange = 0.00207209, totNum = 28
ROUND = 2900, SUM = 15633586, bChange = 0.0020723, totNum = 28
ROUND = 2901, SUM = 15633585.9999999, bChange = 0.00207252, totNum = 28
ROUND = 2902, SUM = 15633586, bChange = 0.00207273, totNum = 28
ROUND = 2903, SUM = 15633585.9999999, bChange = 0.00207295, totNum = 28
ROUND = 2904, SUM = 15633586, bChange = 0.00207316, totNum = 28
ROUND = 2905, SUM = 15633585.9999999, bChange = 0.00207338, totNum = 28
ROUND = 2906, SUM = 15633586, bChange = 0.00207359, totNum = 28
ROUND = 2907, SUM = 15633585.9999999, bChange = 0.00207381, totNum = 28
ROUND = 2908, SUM = 15633586, bChange = 0.00207402, totNum = 28
ROUND = 2909, SUM = 15633586, bChange = 0.00207423, totNum = 28
ROUND = 2910, SUM = 15633586, bChange = 0.00207445, totNum = 28
ROUND = 2911, SUM = 15633586, bChange = 0.00207466, totNum = 28
ROUND = 2912, SUM = 15633585.9999999, bChange = 0.00207487, totNum = 28
ROUND = 2913, SUM = 15633586, bChange = 0.00207509, totNum = 28
ROUND = 2914, SUM = 15633585.9999999, bChange = 0.0020753, totNum = 28
ROUND = 2915, SUM = 15633586, bChange = 0.00207551, totNum = 28
ROUND = 2916, SUM = 15633586, bChange = 0.00207572, totNum = 28
ROUND = 2917, SUM = 15633586, bChange = 0.00207594, totNum = 28
ROUND = 2918, SUM = 15633585.9999999, bChange = 0.00207615, totNum = 28
ROUND = 2919, SUM = 15633585.9999999, bChange = 0.00207636, totNum = 28
ROUND = 2920, SUM = 15633585.9999999, bChange = 0.00207657, totNum = 28
ROUND = 2921, SUM = 15633585.9999999, bChange = 0.00207678, totNum = 28
ROUND = 2922, SUM = 15633585.9999999, bChange = 0.00207699, totNum = 28
ROUND = 2923, SUM = 15633586, bChange = 0.0020772, totNum = 28
ROUND = 2924, SUM = 15633586, bChange = 0.00195249, totNum = 27
ROUND = 2925, SUM = 15633585.9999999, bChange = 0.00195257, totNum = 27
ROUND = 2926, SUM = 15633585.9999999, bChange = 0.00195264, totNum = 27
ROUND = 2927, SUM = 15633586, bChange = 0.00195272, totNum = 27
ROUND = 2928, SUM = 15633586, bChange = 0.00195279, totNum = 27
ROUND = 2929, SUM = 15633585.9999999, bChange = 0.00195287, totNum = 27
ROUND = 2930, SUM = 15633586, bChange = 0.00195294, totNum = 27
ROUND = 2931, SUM = 15633586, bChange = 0.00195302, totNum = 27
ROUND = 2932, SUM = 15633586, bChange = 0.00195309, totNum = 27
ROUND = 2933, SUM = 15633585.9999999, bChange = 0.00195316, totNum = 27
ROUND = 2934, SUM = 15633585.9999999, bChange = 0.00195324, totNum = 27
ROUND = 2935, SUM = 15633586, bChange = 0.00195331, totNum = 27
ROUND = 2936, SUM = 15633585.9999999, bChange = 0.00195339, totNum = 27
ROUND = 2937, SUM = 15633585.9999999, bChange = 0.00195346, totNum = 27
ROUND = 2938, SUM = 15633585.9999999, bChange = 0.00195353, totNum = 27
ROUND = 2939, SUM = 15633586, bChange = 0.00195361, totNum = 27
ROUND = 2940, SUM = 15633585.9999999, bChange = 0.00195368, totNum = 27
ROUND = 2941, SUM = 15633586, bChange = 0.00195375, totNum = 27
ROUND = 2942, SUM = 15633586, bChange = 0.00195383, totNum = 27
ROUND = 2943, SUM = 15633585.9999999, bChange = 0.0019539, totNum = 27
ROUND = 2944, SUM = 15633585.9999999, bChange = 0.00195397, totNum = 27
ROUND = 2945, SUM = 15633585.9999999, bChange = 0.00195404, totNum = 27
ROUND = 2946, SUM = 15633586, bChange = 0.00195412, totNum = 27
ROUND = 2947, SUM = 15633585.9999999, bChange = 0.00195419, totNum = 27
ROUND = 2948, SUM = 15633586, bChange = 0.00195426, totNum = 27
ROUND = 2949, SUM = 15633585.9999999, bChange = 0.00195433, totNum = 27
ROUND = 2950, SUM = 15633586, bChange = 0.00195441, totNum = 27
ROUND = 2951, SUM = 15633585.9999999, bChange = 0.00195448, totNum = 27
ROUND = 2952, SUM = 15633586, bChange = 0.00195455, totNum = 27
ROUND = 2953, SUM = 15633585.9999999, bChange = 0.00195462, totNum = 27
ROUND = 2954, SUM = 15633586, bChange = 0.00195469, totNum = 26
ROUND = 2955, SUM = 15633586, bChange = 0.00195476, totNum = 26
ROUND = 2956, SUM = 15633585.9999999, bChange = 0.00195483, totNum = 26
ROUND = 2957, SUM = 15633585.9999999, bChange = 0.00195491, totNum = 26
ROUND = 2958, SUM = 15633585.9999999, bChange = 0.00195498, totNum = 26
ROUND = 2959, SUM = 15633586, bChange = 0.00195505, totNum = 26
ROUND = 2960, SUM = 15633585.9999999, bChange = 0.00195512, totNum = 26
ROUND = 2961, SUM = 15633586, bChange = 0.00195519, totNum = 26
ROUND = 2962, SUM = 15633586, bChange = 0.00195526, totNum = 26
ROUND = 2963, SUM = 15633585.9999999, bChange = 0.00195533, totNum = 26
ROUND = 2964, SUM = 15633585.9999999, bChange = 0.0019554, totNum = 26
ROUND = 2965, SUM = 15633586, bChange = 0.00195547, totNum = 26
ROUND = 2966, SUM = 15633585.9999999, bChange = 0.00195554, totNum = 26
ROUND = 2967, SUM = 15633585.9999999, bChange = 0.00195561, totNum = 26
ROUND = 2968, SUM = 15633586, bChange = 0.00195568, totNum = 26
ROUND = 2969, SUM = 15633586, bChange = 0.00195575, totNum = 26
ROUND = 2970, SUM = 15633585.9999999, bChange = 0.00195582, totNum = 26
ROUND = 2971, SUM = 15633585.9999999, bChange = 0.00195589, totNum = 25
ROUND = 2972, SUM = 15633585.9999999, bChange = 0.00195596, totNum = 24
ROUND = 2973, SUM = 15633585.9999999, bChange = 0.00195602, totNum = 24
ROUND = 2974, SUM = 15633585.9999999, bChange = 0.00195609, totNum = 24
ROUND = 2975, SUM = 15633585.9999999, bChange = 0.00195616, totNum = 24
ROUND = 2976, SUM = 15633585.9999999, bChange = 0.00195623, totNum = 24
ROUND = 2977, SUM = 15633586, bChange = 0.0019563, totNum = 24
ROUND = 2978, SUM = 15633585.9999999, bChange = 0.00195637, totNum = 24
ROUND = 2979, SUM = 15633585.9999999, bChange = 0.00195644, totNum = 23
ROUND = 2980, SUM = 15633585.9999999, bChange = 0.0019565, totNum = 23
ROUND = 2981, SUM = 15633585.9999999, bChange = 0.00195657, totNum = 23
ROUND = 2982, SUM = 15633585.9999999, bChange = 0.00195664, totNum = 23
ROUND = 2983, SUM = 15633585.9999999, bChange = 0.00195671, totNum = 23
ROUND = 2984, SUM = 15633586, bChange = 0.00195677, totNum = 23
ROUND = 2985, SUM = 15633586, bChange = 0.00195684, totNum = 23
ROUND = 2986, SUM = 15633585.9999999, bChange = 0.00195691, totNum = 24
ROUND = 2987, SUM = 15633585.9999999, bChange = 0.00195698, totNum = 24
ROUND = 2988, SUM = 15633585.9999999, bChange = 0.00195704, totNum = 24
ROUND = 2989, SUM = 15633586, bChange = 0.00195711, totNum = 24
ROUND = 2990, SUM = 15633585.9999999, bChange = 0.00195718, totNum = 24
ROUND = 2991, SUM = 15633585.9999999, bChange = 0.00195724, totNum = 24
ROUND = 2992, SUM = 15633585.9999999, bChange = 0.00195731, totNum = 24
ROUND = 2993, SUM = 15633586, bChange = 0.00195738, totNum = 24
ROUND = 2994, SUM = 15633586, bChange = 0.00195744, totNum = 24
ROUND = 2995, SUM = 15633585.9999999, bChange = 0.00195751, totNum = 24
ROUND = 2996, SUM = 15633586, bChange = 0.00195758, totNum = 24
ROUND = 2997, SUM = 15633585.9999999, bChange = 0.00195764, totNum = 24
ROUND = 2998, SUM = 15633585.9999999, bChange = 0.00195771, totNum = 24
ROUND = 2999, SUM = 15633586, bChange = 0.00195777, totNum = 24
ROUND = 3000, SUM = 15633585.9999999, bChange = 0.00195784, totNum = 24
ROUND = 3001, SUM = 15633585.9999999, bChange = 0.00195791, totNum = 24
ROUND = 3002, SUM = 15633585.9999999, bChange = 0.00195797, totNum = 24
ROUND = 3003, SUM = 15633586, bChange = 0.00195804, totNum = 24
ROUND = 3004, SUM = 15633585.9999999, bChange = 0.0019581, totNum = 24
ROUND = 3005, SUM = 15633585.9999999, bChange = 0.00195817, totNum = 24
ROUND = 3006, SUM = 15633585.9999999, bChange = 0.00195823, totNum = 24
ROUND = 3007, SUM = 15633585.9999999, bChange = 0.0019583, totNum = 24
ROUND = 3008, SUM = 15633586, bChange = 0.00195836, totNum = 25
ROUND = 3009, SUM = 15633585.9999999, bChange = 0.00195843, totNum = 25
ROUND = 3010, SUM = 15633586, bChange = 0.00195849, totNum = 25
ROUND = 3011, SUM = 15633586, bChange = 0.00195855, totNum = 25
ROUND = 3012, SUM = 15633585.9999999, bChange = 0.00195862, totNum = 25
ROUND = 3013, SUM = 15633586, bChange = 0.00195868, totNum = 25
ROUND = 3014, SUM = 15633586, bChange = 0.00195875, totNum = 25
ROUND = 3015, SUM = 15633585.9999999, bChange = 0.00195881, totNum = 25
ROUND = 3016, SUM = 15633586, bChange = 0.00195887, totNum = 25
ROUND = 3017, SUM = 15633586, bChange = 0.00195894, totNum = 25
ROUND = 3018, SUM = 15633585.9999999, bChange = 0.001959, totNum = 25
ROUND = 3019, SUM = 15633585.9999999, bChange = 0.00195906, totNum = 25
ROUND = 3020, SUM = 15633586, bChange = 0.00195913, totNum = 25
ROUND = 3021, SUM = 15633586, bChange = 0.00195919, totNum = 25
ROUND = 3022, SUM = 15633585.9999999, bChange = 0.00195925, totNum = 25
ROUND = 3023, SUM = 15633586, bChange = 0.00195932, totNum = 25
ROUND = 3024, SUM = 15633585.9999999, bChange = 0.00195938, totNum = 25
ROUND = 3025, SUM = 15633586, bChange = 0.00195944, totNum = 25
ROUND = 3026, SUM = 15633586, bChange = 0.00195951, totNum = 25
ROUND = 3027, SUM = 15633586, bChange = 0.00195957, totNum = 25
ROUND = 3028, SUM = 15633585.9999999, bChange = 0.00195963, totNum = 25
ROUND = 3029, SUM = 15633586, bChange = 0.00195969, totNum = 25
ROUND = 3030, SUM = 15633586, bChange = 0.00195975, totNum = 25
ROUND = 3031, SUM = 15633585.9999999, bChange = 0.00195982, totNum = 25
ROUND = 3032, SUM = 15633586, bChange = 0.00195988, totNum = 25
ROUND = 3033, SUM = 15633586, bChange = 0.00195994, totNum = 25
ROUND = 3034, SUM = 15633586, bChange = 0.00196, totNum = 25
ROUND = 3035, SUM = 15633586, bChange = 0.00196006, totNum = 25
ROUND = 3036, SUM = 15633586, bChange = 0.00196012, totNum = 25
ROUND = 3037, SUM = 15633585.9999999, bChange = 0.00196019, totNum = 25
ROUND = 3038, SUM = 15633585.9999999, bChange = 0.00196025, totNum = 25
ROUND = 3039, SUM = 15633586, bChange = 0.00196031, totNum = 25
ROUND = 3040, SUM = 15633585.9999999, bChange = 0.00196037, totNum = 25
ROUND = 3041, SUM = 15633585.9999999, bChange = 0.00196043, totNum = 25
ROUND = 3042, SUM = 15633586, bChange = 0.00196049, totNum = 25
ROUND = 3043, SUM = 15633586, bChange = 0.00196055, totNum = 25
ROUND = 3044, SUM = 15633586, bChange = 0.00196061, totNum = 25
ROUND = 3045, SUM = 15633586, bChange = 0.00196067, totNum = 25
ROUND = 3046, SUM = 15633586, bChange = 0.00196073, totNum = 25
ROUND = 3047, SUM = 15633586, bChange = 0.00196079, totNum = 25
ROUND = 3048, SUM = 15633585.9999999, bChange = 0.00196085, totNum = 25
ROUND = 3049, SUM = 15633585.9999999, bChange = 0.00196091, totNum = 25
ROUND = 3050, SUM = 15633585.9999999, bChange = 0.00196097, totNum = 25
ROUND = 3051, SUM = 15633585.9999999, bChange = 0.00196103, totNum = 25
ROUND = 3052, SUM = 15633586, bChange = 0.00196109, totNum = 25
ROUND = 3053, SUM = 15633586, bChange = 0.00196115, totNum = 25
ROUND = 3054, SUM = 15633585.9999999, bChange = 0.00196121, totNum = 25
ROUND = 3055, SUM = 15633585.9999999, bChange = 0.00196127, totNum = 25
ROUND = 3056, SUM = 15633585.9999999, bChange = 0.00196133, totNum = 25
ROUND = 3057, SUM = 15633585.9999999, bChange = 0.00196139, totNum = 25
ROUND = 3058, SUM = 15633585.9999999, bChange = 0.00196145, totNum = 25
ROUND = 3059, SUM = 15633586, bChange = 0.00196151, totNum = 25
ROUND = 3060, SUM = 15633586, bChange = 0.00196157, totNum = 25
ROUND = 3061, SUM = 15633585.9999999, bChange = 0.00196163, totNum = 25
ROUND = 3062, SUM = 15633585.9999999, bChange = 0.00196168, totNum = 25
ROUND = 3063, SUM = 15633585.9999999, bChange = 0.00196174, totNum = 25
ROUND = 3064, SUM = 15633586, bChange = 0.0019618, totNum = 25
ROUND = 3065, SUM = 15633586, bChange = 0.00196186, totNum = 25
ROUND = 3066, SUM = 15633585.9999999, bChange = 0.00196192, totNum = 25
ROUND = 3067, SUM = 15633585.9999999, bChange = 0.00196197, totNum = 25
ROUND = 3068, SUM = 15633586, bChange = 0.00196203, totNum = 25
ROUND = 3069, SUM = 15633585.9999999, bChange = 0.00196209, totNum = 25
ROUND = 3070, SUM = 15633585.9999999, bChange = 0.00196215, totNum = 25
ROUND = 3071, SUM = 15633585.9999999, bChange = 0.00196221, totNum = 25
ROUND = 3072, SUM = 15633586, bChange = 0.00196226, totNum = 25
ROUND = 3073, SUM = 15633585.9999999, bChange = 0.00196232, totNum = 25
ROUND = 3074, SUM = 15633585.9999999, bChange = 0.00196238, totNum = 25
ROUND = 3075, SUM = 15633585.9999999, bChange = 0.00196244, totNum = 25
ROUND = 3076, SUM = 15633586, bChange = 0.00196249, totNum = 25
ROUND = 3077, SUM = 15633586, bChange = 0.00196255, totNum = 25
ROUND = 3078, SUM = 15633585.9999999, bChange = 0.00196261, totNum = 25
ROUND = 3079, SUM = 15633585.9999999, bChange = 0.00196266, totNum = 25
ROUND = 3080, SUM = 15633586, bChange = 0.00196272, totNum = 25
ROUND = 3081, SUM = 15633585.9999999, bChange = 0.00196278, totNum = 25
ROUND = 3082, SUM = 15633586, bChange = 0.00196283, totNum = 25
ROUND = 3083, SUM = 15633585.9999999, bChange = 0.00196289, totNum = 25
ROUND = 3084, SUM = 15633586, bChange = 0.00196295, totNum = 25
ROUND = 3085, SUM = 15633585.9999999, bChange = 0.001963, totNum = 25
ROUND = 3086, SUM = 15633585.9999999, bChange = 0.00196306, totNum = 25
ROUND = 3087, SUM = 15633585.9999999, bChange = 0.00196311, totNum = 25
ROUND = 3088, SUM = 15633585.9999999, bChange = 0.00196317, totNum = 25
ROUND = 3089, SUM = 15633585.9999999, bChange = 0.00196323, totNum = 25
ROUND = 3090, SUM = 15633586, bChange = 0.00196328, totNum = 25
ROUND = 3091, SUM = 15633586, bChange = 0.00196334, totNum = 25
ROUND = 3092, SUM = 15633586, bChange = 0.00196339, totNum = 25
ROUND = 3093, SUM = 15633585.9999999, bChange = 0.00196345, totNum = 25
ROUND = 3094, SUM = 15633585.9999999, bChange = 0.0019635, totNum = 25
ROUND = 3095, SUM = 15633585.9999999, bChange = 0.00196356, totNum = 25
ROUND = 3096, SUM = 15633586, bChange = 0.00196361, totNum = 25
ROUND = 3097, SUM = 15633585.9999999, bChange = 0.00196367, totNum = 25
ROUND = 3098, SUM = 15633586, bChange = 0.00196372, totNum = 25
ROUND = 3099, SUM = 15633585.9999999, bChange = 0.00196378, totNum = 25
ROUND = 3100, SUM = 15633586, bChange = 0.00196383, totNum = 25
ROUND = 3101, SUM = 15633586, bChange = 0.00196389, totNum = 25
ROUND = 3102, SUM = 15633586, bChange = 0.00196394, totNum = 25
ROUND = 3103, SUM = 15633585.9999999, bChange = 0.00196399, totNum = 25
ROUND = 3104, SUM = 15633585.9999999, bChange = 0.00196405, totNum = 25
ROUND = 3105, SUM = 15633585.9999999, bChange = 0.0019641, totNum = 25
ROUND = 3106, SUM = 15633585.9999999, bChange = 0.00196416, totNum = 25
ROUND = 3107, SUM = 15633586, bChange = 0.00196421, totNum = 25
ROUND = 3108, SUM = 15633585.9999999, bChange = 0.00196426, totNum = 25
ROUND = 3109, SUM = 15633585.9999999, bChange = 0.00196432, totNum = 25
ROUND = 3110, SUM = 15633586, bChange = 0.00196437, totNum = 25
ROUND = 3111, SUM = 15633585.9999999, bChange = 0.00196443, totNum = 25
ROUND = 3112, SUM = 15633585.9999999, bChange = 0.00196448, totNum = 25
ROUND = 3113, SUM = 15633586, bChange = 0.00196453, totNum = 25
ROUND = 3114, SUM = 15633586, bChange = 0.00196459, totNum = 25
ROUND = 3115, SUM = 15633585.9999999, bChange = 0.00196464, totNum = 25
ROUND = 3116, SUM = 15633585.9999999, bChange = 0.00196469, totNum = 25
ROUND = 3117, SUM = 15633585.9999999, bChange = 0.00196474, totNum = 25
ROUND = 3118, SUM = 15633586, bChange = 0.0019648, totNum = 25
ROUND = 3119, SUM = 15633585.9999999, bChange = 0.00150882, totNum = 23
ROUND = 3120, SUM = 15633586, bChange = 0.0015088, totNum = 23
ROUND = 3121, SUM = 15633585.9999999, bChange = 0.00150879, totNum = 23
ROUND = 3122, SUM = 15633585.9999999, bChange = 0.00150878, totNum = 23
ROUND = 3123, SUM = 15633585.9999999, bChange = 0.00150877, totNum = 23
ROUND = 3124, SUM = 15633585.9999999, bChange = 0.00150876, totNum = 23
ROUND = 3125, SUM = 15633585.9999999, bChange = 0.00150874, totNum = 23
ROUND = 3126, SUM = 15633585.9999999, bChange = 0.00150873, totNum = 23
ROUND = 3127, SUM = 15633585.9999999, bChange = 0.00150872, totNum = 23
ROUND = 3128, SUM = 15633586, bChange = 0.00150871, totNum = 23
ROUND = 3129, SUM = 15633586, bChange = 0.0015087, totNum = 23
ROUND = 3130, SUM = 15633586, bChange = 0.00150868, totNum = 23
ROUND = 3131, SUM = 15633585.9999999, bChange = 0.00150867, totNum = 23
ROUND = 3132, SUM = 15633585.9999999, bChange = 0.00150866, totNum = 23
ROUND = 3133, SUM = 15633585.9999999, bChange = 0.00150865, totNum = 23
ROUND = 3134, SUM = 15633586, bChange = 0.00150864, totNum = 23
ROUND = 3135, SUM = 15633586, bChange = 0.00150863, totNum = 23
ROUND = 3136, SUM = 15633586, bChange = 0.00150861, totNum = 23
ROUND = 3137, SUM = 15633585.9999999, bChange = 0.0015086, totNum = 23
ROUND = 3138, SUM = 15633585.9999999, bChange = 0.00150859, totNum = 23
ROUND = 3139, SUM = 15633585.9999999, bChange = 0.00150858, totNum = 23
ROUND = 3140, SUM = 15633585.9999999, bChange = 0.00150857, totNum = 23
ROUND = 3141, SUM = 15633585.9999999, bChange = 0.00150855, totNum = 23
ROUND = 3142, SUM = 15633585.9999999, bChange = 0.00150854, totNum = 23
ROUND = 3143, SUM = 15633585.9999999, bChange = 0.00150853, totNum = 23
ROUND = 3144, SUM = 15633585.9999999, bChange = 0.00150852, totNum = 23
ROUND = 3145, SUM = 15633585.9999999, bChange = 0.00150851, totNum = 23
ROUND = 3146, SUM = 15633585.9999999, bChange = 0.0015085, totNum = 23
ROUND = 3147, SUM = 15633585.9999999, bChange = 0.00150848, totNum = 23
ROUND = 3148, SUM = 15633586, bChange = 0.00150847, totNum = 22
ROUND = 3149, SUM = 15633585.9999999, bChange = 0.00150846, totNum = 22
ROUND = 3150, SUM = 15633586, bChange = 0.00150845, totNum = 22
ROUND = 3151, SUM = 15633585.9999999, bChange = 0.00150844, totNum = 22
ROUND = 3152, SUM = 15633585.9999999, bChange = 0.00150843, totNum = 22
ROUND = 3153, SUM = 15633586, bChange = 0.00150842, totNum = 22
ROUND = 3154, SUM = 15633585.9999999, bChange = 0.0015084, totNum = 22
ROUND = 3155, SUM = 15633585.9999999, bChange = 0.00150839, totNum = 22
ROUND = 3156, SUM = 15633585.9999999, bChange = 0.00150838, totNum = 22
ROUND = 3157, SUM = 15633585.9999999, bChange = 0.00150837, totNum = 22
ROUND = 3158, SUM = 15633585.9999999, bChange = 0.00150836, totNum = 22
ROUND = 3159, SUM = 15633585.9999999, bChange = 0.00150835, totNum = 22
ROUND = 3160, SUM = 15633585.9999999, bChange = 0.00150834, totNum = 22
ROUND = 3161, SUM = 15633585.9999999, bChange = 0.00150832, totNum = 22
ROUND = 3162, SUM = 15633585.9999999, bChange = 0.00150831, totNum = 22
ROUND = 3163, SUM = 15633585.9999999, bChange = 0.0015083, totNum = 22
ROUND = 3164, SUM = 15633585.9999999, bChange = 0.00150829, totNum = 22
ROUND = 3165, SUM = 15633585.9999999, bChange = 0.00150828, totNum = 22
ROUND = 3166, SUM = 15633585.9999999, bChange = 0.00150827, totNum = 22
ROUND = 3167, SUM = 15633585.9999999, bChange = 0.00150826, totNum = 22
ROUND = 3168, SUM = 15633585.9999999, bChange = 0.00150824, totNum = 22
ROUND = 3169, SUM = 15633585.9999999, bChange = 0.00150823, totNum = 22
ROUND = 3170, SUM = 15633585.9999999, bChange = 0.00150822, totNum = 22
ROUND = 3171, SUM = 15633585.9999999, bChange = 0.00150821, totNum = 22
ROUND = 3172, SUM = 15633585.9999999, bChange = 0.0015082, totNum = 22
ROUND = 3173, SUM = 15633585.9999999, bChange = 0.00150819, totNum = 22
ROUND = 3174, SUM = 15633585.9999999, bChange = 0.00150818, totNum = 22
ROUND = 3175, SUM = 15633585.9999999, bChange = 0.00150817, totNum = 22
ROUND = 3176, SUM = 15633585.9999999, bChange = 0.00150816, totNum = 22
ROUND = 3177, SUM = 15633586, bChange = 0.00150814, totNum = 22
ROUND = 3178, SUM = 15633585.9999999, bChange = 0.00150813, totNum = 22
ROUND = 3179, SUM = 15633585.9999999, bChange = 0.00150812, totNum = 22
ROUND = 3180, SUM = 15633585.9999999, bChange = 0.00150811, totNum = 22
ROUND = 3181, SUM = 15633586, bChange = 0.0015081, totNum = 22
ROUND = 3182, SUM = 15633586, bChange = 0.00150809, totNum = 22
ROUND = 3183, SUM = 15633585.9999999, bChange = 0.00150808, totNum = 22
ROUND = 3184, SUM = 15633586, bChange = 0.00150807, totNum = 22
ROUND = 3185, SUM = 15633585.9999999, bChange = 0.00150806, totNum = 22
ROUND = 3186, SUM = 15633585.9999999, bChange = 0.00150804, totNum = 22
ROUND = 3187, SUM = 15633585.9999999, bChange = 0.00150803, totNum = 22
ROUND = 3188, SUM = 15633585.9999999, bChange = 0.00150802, totNum = 22
ROUND = 3189, SUM = 15633585.9999999, bChange = 0.00150801, totNum = 22
ROUND = 3190, SUM = 15633585.9999999, bChange = 0.001508, totNum = 22
ROUND = 3191, SUM = 15633586, bChange = 0.00150799, totNum = 22
ROUND = 3192, SUM = 15633585.9999999, bChange = 0.00150798, totNum = 22
ROUND = 3193, SUM = 15633585.9999999, bChange = 0.00150797, totNum = 22
ROUND = 3194, SUM = 15633585.9999999, bChange = 0.00150796, totNum = 22
ROUND = 3195, SUM = 15633586, bChange = 0.00150795, totNum = 22
ROUND = 3196, SUM = 15633585.9999999, bChange = 0.00150794, totNum = 22
ROUND = 3197, SUM = 15633586, bChange = 0.00150793, totNum = 22
ROUND = 3198, SUM = 15633586, bChange = 0.00150791, totNum = 21
ROUND = 3199, SUM = 15633585.9999999, bChange = 0.0015079, totNum = 21
ROUND = 3200, SUM = 15633585.9999999, bChange = 0.00150789, totNum = 21
ROUND = 3201, SUM = 15633586, bChange = 0.00150788, totNum = 21
ROUND = 3202, SUM = 15633585.9999999, bChange = 0.00150787, totNum = 21
ROUND = 3203, SUM = 15633585.9999999, bChange = 0.00150786, totNum = 21
ROUND = 3204, SUM = 15633585.9999999, bChange = 0.00150785, totNum = 21
ROUND = 3205, SUM = 15633586, bChange = 0.00150784, totNum = 21
ROUND = 3206, SUM = 15633585.9999999, bChange = 0.00150783, totNum = 21
ROUND = 3207, SUM = 15633586, bChange = 0.00150782, totNum = 21
ROUND = 3208, SUM = 15633585.9999999, bChange = 0.00150781, totNum = 21
ROUND = 3209, SUM = 15633585.9999999, bChange = 0.0015078, totNum = 21
ROUND = 3210, SUM = 15633585.9999999, bChange = 0.00150779, totNum = 21
ROUND = 3211, SUM = 15633585.9999999, bChange = 0.00150778, totNum = 21
ROUND = 3212, SUM = 15633585.9999999, bChange = 0.00150777, totNum = 21
ROUND = 3213, SUM = 15633586, bChange = 0.00150775, totNum = 21
ROUND = 3214, SUM = 15633586, bChange = 0.00150774, totNum = 21
ROUND = 3215, SUM = 15633586, bChange = 0.00150773, totNum = 21
ROUND = 3216, SUM = 15633585.9999999, bChange = 0.00150772, totNum = 21
ROUND = 3217, SUM = 15633586, bChange = 0.00150771, totNum = 21
ROUND = 3218, SUM = 15633585.9999999, bChange = 0.0015077, totNum = 21
ROUND = 3219, SUM = 15633586, bChange = 0.00150769, totNum = 21
ROUND = 3220, SUM = 15633586, bChange = 0.00150768, totNum = 21
ROUND = 3221, SUM = 15633586, bChange = 0.00150767, totNum = 21
ROUND = 3222, SUM = 15633586, bChange = 0.00150766, totNum = 21
ROUND = 3223, SUM = 15633586, bChange = 0.00150765, totNum = 21
ROUND = 3224, SUM = 15633586, bChange = 0.00150764, totNum = 21
ROUND = 3225, SUM = 15633585.9999999, bChange = 0.00150763, totNum = 21
ROUND = 3226, SUM = 15633586, bChange = 0.00150762, totNum = 21
ROUND = 3227, SUM = 15633585.9999999, bChange = 0.00150761, totNum = 21
ROUND = 3228, SUM = 15633586, bChange = 0.0015076, totNum = 21
ROUND = 3229, SUM = 15633586, bChange = 0.00150759, totNum = 21
ROUND = 3230, SUM = 15633585.9999999, bChange = 0.00150758, totNum = 21
ROUND = 3231, SUM = 15633586, bChange = 0.00150757, totNum = 21
ROUND = 3232, SUM = 15633585.9999999, bChange = 0.00150756, totNum = 21
ROUND = 3233, SUM = 15633586, bChange = 0.00150755, totNum = 21
ROUND = 3234, SUM = 15633586, bChange = 0.00150754, totNum = 21
ROUND = 3235, SUM = 15633586, bChange = 0.00150753, totNum = 21
ROUND = 3236, SUM = 15633586, bChange = 0.00150752, totNum = 21
ROUND = 3237, SUM = 15633586, bChange = 0.00150751, totNum = 21
ROUND = 3238, SUM = 15633586, bChange = 0.0015075, totNum = 21
ROUND = 3239, SUM = 15633585.9999999, bChange = 0.00150749, totNum = 21
ROUND = 3240, SUM = 15633586, bChange = 0.00150748, totNum = 21
ROUND = 3241, SUM = 15633586, bChange = 0.00150747, totNum = 21
ROUND = 3242, SUM = 15633585.9999999, bChange = 0.00150746, totNum = 21
ROUND = 3243, SUM = 15633585.9999999, bChange = 0.00150745, totNum = 21
ROUND = 3244, SUM = 15633585.9999999, bChange = 0.00150744, totNum = 21
ROUND = 3245, SUM = 15633585.9999999, bChange = 0.00150743, totNum = 21
ROUND = 3246, SUM = 15633586, bChange = 0.00150742, totNum = 21
ROUND = 3247, SUM = 15633585.9999999, bChange = 0.00150741, totNum = 21
ROUND = 3248, SUM = 15633585.9999999, bChange = 0.0015074, totNum = 21
ROUND = 3249, SUM = 15633585.9999999, bChange = 0.00150739, totNum = 21
ROUND = 3250, SUM = 15633586, bChange = 0.00150738, totNum = 21
ROUND = 3251, SUM = 15633586, bChange = 0.00150737, totNum = 21
ROUND = 3252, SUM = 15633585.9999999, bChange = 0.00150736, totNum = 21
ROUND = 3253, SUM = 15633585.9999999, bChange = 0.00150735, totNum = 21
ROUND = 3254, SUM = 15633586, bChange = 0.00150734, totNum = 21
ROUND = 3255, SUM = 15633586, bChange = 0.00150733, totNum = 21
ROUND = 3256, SUM = 15633586, bChange = 0.00150732, totNum = 21
ROUND = 3257, SUM = 15633586, bChange = 0.00150731, totNum = 21
ROUND = 3258, SUM = 15633586, bChange = 0.0015073, totNum = 21
ROUND = 3259, SUM = 15633586, bChange = 0.00150729, totNum = 21
ROUND = 3260, SUM = 15633585.9999999, bChange = 0.00150728, totNum = 21
ROUND = 3261, SUM = 15633585.9999999, bChange = 0.00150727, totNum = 21
ROUND = 3262, SUM = 15633585.9999999, bChange = 0.00150726, totNum = 21
ROUND = 3263, SUM = 15633585.9999999, bChange = 0.00150725, totNum = 21
ROUND = 3264, SUM = 15633586, bChange = 0.00150724, totNum = 21
ROUND = 3265, SUM = 15633586, bChange = 0.00150723, totNum = 21
ROUND = 3266, SUM = 15633585.9999999, bChange = 0.00150722, totNum = 21
ROUND = 3267, SUM = 15633586, bChange = 0.00150721, totNum = 21
ROUND = 3268, SUM = 15633586, bChange = 0.0015072, totNum = 21
ROUND = 3269, SUM = 15633586, bChange = 0.00150719, totNum = 21
ROUND = 3270, SUM = 15633586, bChange = 0.00150718, totNum = 21
ROUND = 3271, SUM = 15633585.9999999, bChange = 0.00150717, totNum = 21
ROUND = 3272, SUM = 15633586, bChange = 0.00150716, totNum = 21
ROUND = 3273, SUM = 15633585.9999999, bChange = 0.00150715, totNum = 21
ROUND = 3274, SUM = 15633585.9999999, bChange = 0.00150714, totNum = 21
ROUND = 3275, SUM = 15633586, bChange = 0.00150713, totNum = 21
ROUND = 3276, SUM = 15633585.9999999, bChange = 0.00150712, totNum = 21
ROUND = 3277, SUM = 15633585.9999999, bChange = 0.00150711, totNum = 21
ROUND = 3278, SUM = 15633585.9999999, bChange = 0.0015071, totNum = 21
ROUND = 3279, SUM = 15633585.9999999, bChange = 0.00150709, totNum = 21
ROUND = 3280, SUM = 15633585.9999999, bChange = 0.00150708, totNum = 21
ROUND = 3281, SUM = 15633586, bChange = 0.00150707, totNum = 21
ROUND = 3282, SUM = 15633585.9999999, bChange = 0.00150706, totNum = 21
ROUND = 3283, SUM = 15633585.9999999, bChange = 0.00150705, totNum = 21
ROUND = 3284, SUM = 15633585.9999999, bChange = 0.00150705, totNum = 21
ROUND = 3285, SUM = 15633586, bChange = 0.00150704, totNum = 21
ROUND = 3286, SUM = 15633586, bChange = 0.00150703, totNum = 21
ROUND = 3287, SUM = 15633586, bChange = 0.00150702, totNum = 21
ROUND = 3288, SUM = 15633586, bChange = 0.00150701, totNum = 21
ROUND = 3289, SUM = 15633585.9999999, bChange = 0.001507, totNum = 21
ROUND = 3290, SUM = 15633585.9999999, bChange = 0.00150699, totNum = 21
ROUND = 3291, SUM = 15633586, bChange = 0.00150698, totNum = 21
ROUND = 3292, SUM = 15633585.9999999, bChange = 0.00150697, totNum = 21
ROUND = 3293, SUM = 15633586, bChange = 0.00150696, totNum = 21
ROUND = 3294, SUM = 15633585.9999999, bChange = 0.00150695, totNum = 21
ROUND = 3295, SUM = 15633586, bChange = 0.00150694, totNum = 21
ROUND = 3296, SUM = 15633585.9999999, bChange = 0.00150693, totNum = 21
ROUND = 3297, SUM = 15633586, bChange = 0.00150692, totNum = 21
ROUND = 3298, SUM = 15633585.9999999, bChange = 0.00150691, totNum = 21
ROUND = 3299, SUM = 15633586, bChange = 0.0015069, totNum = 21
ROUND = 3300, SUM = 15633585.9999999, bChange = 0.0015069, totNum = 21
ROUND = 3301, SUM = 15633585.9999999, bChange = 0.00150689, totNum = 21
ROUND = 3302, SUM = 15633585.9999999, bChange = 0.00150688, totNum = 21
ROUND = 3303, SUM = 15633585.9999999, bChange = 0.00150687, totNum = 21
ROUND = 3304, SUM = 15633585.9999999, bChange = 0.00150686, totNum = 21
ROUND = 3305, SUM = 15633585.9999999, bChange = 0.00150685, totNum = 21
ROUND = 3306, SUM = 15633586, bChange = 0.00150684, totNum = 21
ROUND = 3307, SUM = 15633585.9999999, bChange = 0.00150683, totNum = 21
ROUND = 3308, SUM = 15633585.9999999, bChange = 0.00150682, totNum = 21
ROUND = 3309, SUM = 15633585.9999999, bChange = 0.00150681, totNum = 21
ROUND = 3310, SUM = 15633586, bChange = 0.0015068, totNum = 21
ROUND = 3311, SUM = 15633585.9999999, bChange = 0.00150679, totNum = 21
ROUND = 3312, SUM = 15633586, bChange = 0.00150678, totNum = 21
ROUND = 3313, SUM = 15633586, bChange = 0.00150678, totNum = 21
ROUND = 3314, SUM = 15633585.9999999, bChange = 0.00150677, totNum = 21
ROUND = 3315, SUM = 15633585.9999999, bChange = 0.00150676, totNum = 21
ROUND = 3316, SUM = 15633586, bChange = 0.00150675, totNum = 21
ROUND = 3317, SUM = 15633585.9999999, bChange = 0.00150674, totNum = 21
ROUND = 3318, SUM = 15633585.9999999, bChange = 0.00150673, totNum = 21
ROUND = 3319, SUM = 15633585.9999999, bChange = 0.00150672, totNum = 21
ROUND = 3320, SUM = 15633585.9999999, bChange = 0.00150671, totNum = 21
ROUND = 3321, SUM = 15633586, bChange = 0.0015067, totNum = 21
ROUND = 3322, SUM = 15633585.9999999, bChange = 0.00150669, totNum = 21
ROUND = 3323, SUM = 15633585.9999999, bChange = 0.00150669, totNum = 21
ROUND = 3324, SUM = 15633585.9999999, bChange = 0.00150668, totNum = 21
ROUND = 3325, SUM = 15633585.9999999, bChange = 0.00150667, totNum = 21
ROUND = 3326, SUM = 15633585.9999999, bChange = 0.00150666, totNum = 21
ROUND = 3327, SUM = 15633586, bChange = 0.00150665, totNum = 21
ROUND = 3328, SUM = 15633585.9999999, bChange = 0.00150664, totNum = 21
ROUND = 3329, SUM = 15633585.9999999, bChange = 0.00150663, totNum = 21
ROUND = 3330, SUM = 15633585.9999999, bChange = 0.00150662, totNum = 21
ROUND = 3331, SUM = 15633585.9999999, bChange = 0.00150661, totNum = 21
ROUND = 3332, SUM = 15633585.9999999, bChange = 0.00150661, totNum = 21
ROUND = 3333, SUM = 15633585.9999999, bChange = 0.0015066, totNum = 21
ROUND = 3334, SUM = 15633585.9999999, bChange = 0.00150659, totNum = 21
ROUND = 3335, SUM = 15633586, bChange = 0.00150658, totNum = 21
ROUND = 3336, SUM = 15633585.9999999, bChange = 0.00150657, totNum = 19
ROUND = 3337, SUM = 15633586, bChange = 0.00150656, totNum = 19
ROUND = 3338, SUM = 15633585.9999999, bChange = 0.00150655, totNum = 19
ROUND = 3339, SUM = 15633585.9999999, bChange = 0.00150654, totNum = 19
ROUND = 3340, SUM = 15633585.9999999, bChange = 0.00150654, totNum = 19
ROUND = 3341, SUM = 15633585.9999999, bChange = 0.00150653, totNum = 19
ROUND = 3342, SUM = 15633586, bChange = 0.00150652, totNum = 19
ROUND = 3343, SUM = 15633585.9999999, bChange = 0.00150651, totNum = 19
ROUND = 3344, SUM = 15633586, bChange = 0.0015065, totNum = 19
ROUND = 3345, SUM = 15633586, bChange = 0.00150649, totNum = 19
ROUND = 3346, SUM = 15633586, bChange = 0.00150648, totNum = 19
ROUND = 3347, SUM = 15633586, bChange = 0.00150647, totNum = 19
ROUND = 3348, SUM = 15633585.9999999, bChange = 0.00150647, totNum = 19
ROUND = 3349, SUM = 15633586, bChange = 0.00150646, totNum = 19
ROUND = 3350, SUM = 15633586, bChange = 0.00150645, totNum = 19
ROUND = 3351, SUM = 15633586, bChange = 0.00150644, totNum = 19
ROUND = 3352, SUM = 15633586, bChange = 0.00150643, totNum = 19
ROUND = 3353, SUM = 15633585.9999999, bChange = 0.00150642, totNum = 19
ROUND = 3354, SUM = 15633586, bChange = 0.00150641, totNum = 19
ROUND = 3355, SUM = 15633586, bChange = 0.00150641, totNum = 19
ROUND = 3356, SUM = 15633586, bChange = 0.0015064, totNum = 19
ROUND = 3357, SUM = 15633585.9999999, bChange = 0.00150639, totNum = 19
ROUND = 3358, SUM = 15633586, bChange = 0.00150638, totNum = 19
ROUND = 3359, SUM = 15633585.9999999, bChange = 0.00150637, totNum = 19
ROUND = 3360, SUM = 15633585.9999999, bChange = 0.00150636, totNum = 19
ROUND = 3361, SUM = 15633586, bChange = 0.00150635, totNum = 19
ROUND = 3362, SUM = 15633586, bChange = 0.00150635, totNum = 19
ROUND = 3363, SUM = 15633585.9999999, bChange = 0.00150634, totNum = 19
ROUND = 3364, SUM = 15633586, bChange = 0.00150633, totNum = 19
ROUND = 3365, SUM = 15633586, bChange = 0.00150632, totNum = 19
ROUND = 3366, SUM = 15633586, bChange = 0.00150631, totNum = 19
ROUND = 3367, SUM = 15633585.9999999, bChange = 0.0015063, totNum = 19
ROUND = 3368, SUM = 15633586, bChange = 0.0015063, totNum = 19
ROUND = 3369, SUM = 15633586, bChange = 0.00150629, totNum = 19
ROUND = 3370, SUM = 15633585.9999999, bChange = 0.00150628, totNum = 19
ROUND = 3371, SUM = 15633585.9999999, bChange = 0.00150627, totNum = 19
ROUND = 3372, SUM = 15633586, bChange = 0.00150626, totNum = 19
ROUND = 3373, SUM = 15633585.9999999, bChange = 0.00150625, totNum = 19
ROUND = 3374, SUM = 15633586, bChange = 0.00150625, totNum = 19
ROUND = 3375, SUM = 15633586, bChange = 0.00150624, totNum = 19
ROUND = 3376, SUM = 15633585.9999999, bChange = 0.00150623, totNum = 19
ROUND = 3377, SUM = 15633585.9999999, bChange = 0.00150622, totNum = 19
ROUND = 3378, SUM = 15633586, bChange = 0.00150621, totNum = 19
ROUND = 3379, SUM = 15633586, bChange = 0.0015062, totNum = 19
ROUND = 3380, SUM = 15633586, bChange = 0.0015062, totNum = 19
ROUND = 3381, SUM = 15633585.9999999, bChange = 0.00150619, totNum = 19
ROUND = 3382, SUM = 15633585.9999999, bChange = 0.00150618, totNum = 19
ROUND = 3383, SUM = 15633586, bChange = 0.00150617, totNum = 19
ROUND = 3384, SUM = 15633585.9999999, bChange = 0.00150616, totNum = 19
ROUND = 3385, SUM = 15633585.9999999, bChange = 0.00150615, totNum = 19
ROUND = 3386, SUM = 15633585.9999999, bChange = 0.00150615, totNum = 19
ROUND = 3387, SUM = 15633585.9999999, bChange = 0.00150614, totNum = 19
ROUND = 3388, SUM = 15633585.9999999, bChange = 0.00150613, totNum = 19
ROUND = 3389, SUM = 15633585.9999999, bChange = 0.00150612, totNum = 19
ROUND = 3390, SUM = 15633585.9999999, bChange = 0.00150611, totNum = 19
ROUND = 3391, SUM = 15633585.9999999, bChange = 0.00150611, totNum = 19
ROUND = 3392, SUM = 15633585.9999999, bChange = 0.0015061, totNum = 19
ROUND = 3393, SUM = 15633586, bChange = 0.00150609, totNum = 19
ROUND = 3394, SUM = 15633585.9999999, bChange = 0.00150608, totNum = 19
ROUND = 3395, SUM = 15633586, bChange = 0.00150607, totNum = 19
ROUND = 3396, SUM = 15633586, bChange = 0.00150607, totNum = 19
ROUND = 3397, SUM = 15633585.9999999, bChange = 0.00150606, totNum = 19
ROUND = 3398, SUM = 15633585.9999999, bChange = 0.00150605, totNum = 19
ROUND = 3399, SUM = 15633586, bChange = 0.00150604, totNum = 19
ROUND = 3400, SUM = 15633585.9999999, bChange = 0.00150603, totNum = 19
ROUND = 3401, SUM = 15633585.9999999, bChange = 0.00150603, totNum = 19
ROUND = 3402, SUM = 15633586, bChange = 0.00150602, totNum = 19
ROUND = 3403, SUM = 15633585.9999999, bChange = 0.00150601, totNum = 19
ROUND = 3404, SUM = 15633586, bChange = 0.001506, totNum = 19
ROUND = 3405, SUM = 15633586, bChange = 0.00150599, totNum = 19
ROUND = 3406, SUM = 15633585.9999999, bChange = 0.00150599, totNum = 19
ROUND = 3407, SUM = 15633585.9999999, bChange = 0.00150598, totNum = 19
ROUND = 3408, SUM = 15633585.9999999, bChange = 0.00150597, totNum = 19
ROUND = 3409, SUM = 15633585.9999999, bChange = 0.00150596, totNum = 19
ROUND = 3410, SUM = 15633586, bChange = 0.00150595, totNum = 19
ROUND = 3411, SUM = 15633585.9999999, bChange = 0.00150595, totNum = 19
ROUND = 3412, SUM = 15633585.9999999, bChange = 0.00150594, totNum = 19
ROUND = 3413, SUM = 15633585.9999999, bChange = 0.00150593, totNum = 19
ROUND = 3414, SUM = 15633586, bChange = 0.00150592, totNum = 19
ROUND = 3415, SUM = 15633586, bChange = 0.00150591, totNum = 19
ROUND = 3416, SUM = 15633586, bChange = 0.00150591, totNum = 19
ROUND = 3417, SUM = 15633585.9999999, bChange = 0.0015059, totNum = 19
ROUND = 3418, SUM = 15633586, bChange = 0.00150589, totNum = 19
ROUND = 3419, SUM = 15633586, bChange = 0.00150588, totNum = 19
ROUND = 3420, SUM = 15633585.9999999, bChange = 0.00150588, totNum = 18
ROUND = 3421, SUM = 15633586, bChange = 0.00150587, totNum = 18
ROUND = 3422, SUM = 15633586, bChange = 0.00150586, totNum = 18
ROUND = 3423, SUM = 15633585.9999999, bChange = 0.00150585, totNum = 18
ROUND = 3424, SUM = 15633585.9999999, bChange = 0.00150584, totNum = 18
ROUND = 3425, SUM = 15633586, bChange = 0.00150584, totNum = 18
ROUND = 3426, SUM = 15633585.9999999, bChange = 0.00150583, totNum = 18
ROUND = 3427, SUM = 15633586, bChange = 0.00150582, totNum = 18
ROUND = 3428, SUM = 15633585.9999999, bChange = 0.00150581, totNum = 18
ROUND = 3429, SUM = 15633585.9999999, bChange = 0.00150581, totNum = 18
ROUND = 3430, SUM = 15633585.9999999, bChange = 0.0015058, totNum = 18
ROUND = 3431, SUM = 15633585.9999999, bChange = 0.00150579, totNum = 18
ROUND = 3432, SUM = 15633585.9999999, bChange = 0.00150578, totNum = 18
ROUND = 3433, SUM = 15633586, bChange = 0.00150578, totNum = 18
ROUND = 3434, SUM = 15633585.9999999, bChange = 0.00150577, totNum = 18
ROUND = 3435, SUM = 15633585.9999999, bChange = 0.00150576, totNum = 18
ROUND = 3436, SUM = 15633585.9999999, bChange = 0.00150575, totNum = 18
ROUND = 3437, SUM = 15633585.9999999, bChange = 0.00150575, totNum = 17
ROUND = 3438, SUM = 15633585.9999999, bChange = 0.00150574, totNum = 17
ROUND = 3439, SUM = 15633585.9999999, bChange = 0.00150573, totNum = 17
ROUND = 3440, SUM = 15633586, bChange = 0.00146675, totNum = 16
ROUND = 3441, SUM = 15633585.9999999, bChange = 0.00146673, totNum = 16
ROUND = 3442, SUM = 15633585.9999999, bChange = 0.00146672, totNum = 15
ROUND = 3443, SUM = 15633586, bChange = 0.0014667, totNum = 15
ROUND = 3444, SUM = 15633585.9999999, bChange = 0.00146669, totNum = 15
ROUND = 3445, SUM = 15633585.9999999, bChange = 0.00146668, totNum = 15
ROUND = 3446, SUM = 15633586, bChange = 0.00146666, totNum = 15
ROUND = 3447, SUM = 15633586, bChange = 0.00146665, totNum = 15
ROUND = 3448, SUM = 15633586, bChange = 0.00146663, totNum = 15
ROUND = 3449, SUM = 15633586, bChange = 0.00146662, totNum = 15
ROUND = 3450, SUM = 15633585.9999999, bChange = 0.00146661, totNum = 15
ROUND = 3451, SUM = 15633585.9999999, bChange = 0.00146659, totNum = 15
ROUND = 3452, SUM = 15633585.9999999, bChange = 0.00146658, totNum = 15
ROUND = 3453, SUM = 15633585.9999999, bChange = 0.00146656, totNum = 15
ROUND = 3454, SUM = 15633585.9999999, bChange = 0.00146655, totNum = 15
ROUND = 3455, SUM = 15633586, bChange = 0.00146653, totNum = 15
ROUND = 3456, SUM = 15633585.9999999, bChange = 0.00146652, totNum = 15
ROUND = 3457, SUM = 15633585.9999999, bChange = 0.00146651, totNum = 15
ROUND = 3458, SUM = 15633585.9999999, bChange = 0.00146649, totNum = 15
ROUND = 3459, SUM = 15633586, bChange = 0.00146648, totNum = 15
ROUND = 3460, SUM = 15633585.9999999, bChange = 0.00146647, totNum = 15
ROUND = 3461, SUM = 15633586, bChange = 0.00146645, totNum = 15
ROUND = 3462, SUM = 15633586, bChange = 0.00146644, totNum = 15
ROUND = 3463, SUM = 15633585.9999999, bChange = 0.00146642, totNum = 15
ROUND = 3464, SUM = 15633585.9999999, bChange = 0.00146641, totNum = 15
ROUND = 3465, SUM = 15633585.9999999, bChange = 0.0014664, totNum = 15
ROUND = 3466, SUM = 15633586, bChange = 0.00146638, totNum = 15
ROUND = 3467, SUM = 15633585.9999999, bChange = 0.00146637, totNum = 15
ROUND = 3468, SUM = 15633585.9999999, bChange = 0.00146635, totNum = 15
ROUND = 3469, SUM = 15633586, bChange = 0.00146634, totNum = 15
ROUND = 3470, SUM = 15633585.9999999, bChange = 0.00146633, totNum = 15
ROUND = 3471, SUM = 15633586, bChange = 0.00146631, totNum = 15
ROUND = 3472, SUM = 15633586, bChange = 0.0014663, totNum = 15
ROUND = 3473, SUM = 15633585.9999999, bChange = 0.00146629, totNum = 15
ROUND = 3474, SUM = 15633585.9999999, bChange = 0.00146627, totNum = 15
ROUND = 3475, SUM = 15633586, bChange = 0.00146626, totNum = 15
ROUND = 3476, SUM = 15633586, bChange = 0.00146625, totNum = 15
ROUND = 3477, SUM = 15633586, bChange = 0.00146623, totNum = 15
ROUND = 3478, SUM = 15633585.9999999, bChange = 0.00146622, totNum = 15
ROUND = 3479, SUM = 15633585.9999999, bChange = 0.00146621, totNum = 15
ROUND = 3480, SUM = 15633585.9999999, bChange = 0.00146619, totNum = 15
ROUND = 3481, SUM = 15633585.9999999, bChange = 0.00146618, totNum = 15
ROUND = 3482, SUM = 15633585.9999999, bChange = 0.00146616, totNum = 14
ROUND = 3483, SUM = 15633585.9999999, bChange = 0.00146615, totNum = 14
ROUND = 3484, SUM = 15633586, bChange = 0.00146614, totNum = 14
ROUND = 3485, SUM = 15633585.9999999, bChange = 0.00146612, totNum = 14
ROUND = 3486, SUM = 15633585.9999999, bChange = 0.00146611, totNum = 14
ROUND = 3487, SUM = 15633585.9999999, bChange = 0.0014661, totNum = 14
ROUND = 3488, SUM = 15633586, bChange = 0.00146608, totNum = 14
ROUND = 3489, SUM = 15633585.9999999, bChange = 0.00146607, totNum = 14
ROUND = 3490, SUM = 15633586, bChange = 0.00146606, totNum = 14
ROUND = 3491, SUM = 15633585.9999999, bChange = 0.00146604, totNum = 14
ROUND = 3492, SUM = 15633585.9999999, bChange = 0.00146603, totNum = 14
ROUND = 3493, SUM = 15633586, bChange = 0.00146602, totNum = 14
ROUND = 3494, SUM = 15633585.9999999, bChange = 0.001466, totNum = 14
ROUND = 3495, SUM = 15633585.9999999, bChange = 0.00146599, totNum = 14
ROUND = 3496, SUM = 15633586, bChange = 0.00146598, totNum = 14
ROUND = 3497, SUM = 15633586, bChange = 0.00146597, totNum = 14
ROUND = 3498, SUM = 15633586, bChange = 0.00146595, totNum = 14
ROUND = 3499, SUM = 15633586, bChange = 0.00146594, totNum = 14
ROUND = 3500, SUM = 15633586, bChange = 0.00146593, totNum = 14
ROUND = 3501, SUM = 15633586, bChange = 0.00146591, totNum = 14
ROUND = 3502, SUM = 15633586, bChange = 0.0014659, totNum = 14
ROUND = 3503, SUM = 15633585.9999999, bChange = 0.00146589, totNum = 14
ROUND = 3504, SUM = 15633585.9999999, bChange = 0.00146587, totNum = 14
ROUND = 3505, SUM = 15633585.9999999, bChange = 0.00146586, totNum = 14
ROUND = 3506, SUM = 15633585.9999999, bChange = 0.00146585, totNum = 14
ROUND = 3507, SUM = 15633585.9999999, bChange = 0.00146583, totNum = 14
ROUND = 3508, SUM = 15633585.9999999, bChange = 0.00146582, totNum = 14
ROUND = 3509, SUM = 15633585.9999999, bChange = 0.00146581, totNum = 14
ROUND = 3510, SUM = 15633585.9999999, bChange = 0.0014658, totNum = 14
ROUND = 3511, SUM = 15633585.9999999, bChange = 0.00146578, totNum = 14
ROUND = 3512, SUM = 15633585.9999999, bChange = 0.00146577, totNum = 13
ROUND = 3513, SUM = 15633585.9999999, bChange = 0.00146576, totNum = 13
ROUND = 3514, SUM = 15633585.9999999, bChange = 0.00146574, totNum = 13
ROUND = 3515, SUM = 15633586, bChange = 0.00146573, totNum = 13
ROUND = 3516, SUM = 15633586, bChange = 0.00146572, totNum = 13
ROUND = 3517, SUM = 15633585.9999999, bChange = 0.00146571, totNum = 13
ROUND = 3518, SUM = 15633585.9999999, bChange = 0.00146569, totNum = 13
ROUND = 3519, SUM = 15633585.9999999, bChange = 0.00146568, totNum = 13
ROUND = 3520, SUM = 15633585.9999999, bChange = 0.00146567, totNum = 13
ROUND = 3521, SUM = 15633585.9999999, bChange = 0.00146566, totNum = 13
ROUND = 3522, SUM = 15633585.9999999, bChange = 0.00146564, totNum = 13
ROUND = 3523, SUM = 15633585.9999999, bChange = 0.00146563, totNum = 13
ROUND = 3524, SUM = 15633585.9999999, bChange = 0.00146562, totNum = 13
ROUND = 3525, SUM = 15633586, bChange = 0.0014656, totNum = 13
ROUND = 3526, SUM = 15633585.9999999, bChange = 0.00146559, totNum = 13
ROUND = 3527, SUM = 15633585.9999999, bChange = 0.00146558, totNum = 13
ROUND = 3528, SUM = 15633585.9999999, bChange = 0.00146557, totNum = 13
ROUND = 3529, SUM = 15633586, bChange = 0.00146555, totNum = 13
ROUND = 3530, SUM = 15633585.9999999, bChange = 0.00146554, totNum = 13
ROUND = 3531, SUM = 15633585.9999999, bChange = 0.00146553, totNum = 13
ROUND = 3532, SUM = 15633585.9999999, bChange = 0.00146552, totNum = 13
ROUND = 3533, SUM = 15633586, bChange = 0.0014655, totNum = 13
ROUND = 3534, SUM = 15633585.9999999, bChange = 0.00146549, totNum = 13
ROUND = 3535, SUM = 15633586, bChange = 0.00146548, totNum = 13
ROUND = 3536, SUM = 15633586, bChange = 0.00146547, totNum = 13
ROUND = 3537, SUM = 15633586, bChange = 0.00146545, totNum = 13
ROUND = 3538, SUM = 15633585.9999999, bChange = 0.00146544, totNum = 13
ROUND = 3539, SUM = 15633585.9999999, bChange = 0.00146543, totNum = 13
ROUND = 3540, SUM = 15633586, bChange = 0.00146542, totNum = 13
ROUND = 3541, SUM = 15633586, bChange = 0.00146541, totNum = 13
ROUND = 3542, SUM = 15633585.9999999, bChange = 0.00146539, totNum = 13
ROUND = 3543, SUM = 15633586, bChange = 0.00146538, totNum = 13
ROUND = 3544, SUM = 15633586, bChange = 0.00146537, totNum = 13
ROUND = 3545, SUM = 15633586, bChange = 0.00146536, totNum = 13
ROUND = 3546, SUM = 15633586, bChange = 0.00146534, totNum = 13
ROUND = 3547, SUM = 15633586, bChange = 0.00146533, totNum = 13
ROUND = 3548, SUM = 15633586, bChange = 0.00146532, totNum = 13
ROUND = 3549, SUM = 15633586, bChange = 0.00146531, totNum = 13
ROUND = 3550, SUM = 15633585.9999999, bChange = 0.0014653, totNum = 13
ROUND = 3551, SUM = 15633585.9999999, bChange = 0.00146528, totNum = 13
ROUND = 3552, SUM = 15633585.9999999, bChange = 0.00146527, totNum = 13
ROUND = 3553, SUM = 15633585.9999999, bChange = 0.00146526, totNum = 13
ROUND = 3554, SUM = 15633585.9999999, bChange = 0.00146525, totNum = 13
ROUND = 3555, SUM = 15633586, bChange = 0.00146523, totNum = 13
ROUND = 3556, SUM = 15633585.9999999, bChange = 0.00146522, totNum = 13
ROUND = 3557, SUM = 15633585.9999999, bChange = 0.00146521, totNum = 13
ROUND = 3558, SUM = 15633585.9999999, bChange = 0.0014652, totNum = 12
ROUND = 3559, SUM = 15633585.9999999, bChange = 0.00146519, totNum = 12
ROUND = 3560, SUM = 15633585.9999999, bChange = 0.00146517, totNum = 12
ROUND = 3561, SUM = 15633585.9999999, bChange = 0.00146516, totNum = 12
ROUND = 3562, SUM = 15633585.9999999, bChange = 0.00146515, totNum = 12
ROUND = 3563, SUM = 15633585.9999999, bChange = 0.00146514, totNum = 12
ROUND = 3564, SUM = 15633585.9999999, bChange = 0.00146513, totNum = 12
ROUND = 3565, SUM = 15633585.9999999, bChange = 0.00146511, totNum = 12
ROUND = 3566, SUM = 15633585.9999999, bChange = 0.0014651, totNum = 12
ROUND = 3567, SUM = 15633585.9999999, bChange = 0.00146509, totNum = 12
ROUND = 3568, SUM = 15633586, bChange = 0.00146508, totNum = 12
ROUND = 3569, SUM = 15633586, bChange = 0.00146507, totNum = 12
ROUND = 3570, SUM = 15633585.9999999, bChange = 0.00146506, totNum = 12
ROUND = 3571, SUM = 15633585.9999999, bChange = 0.00146504, totNum = 12
ROUND = 3572, SUM = 15633585.9999999, bChange = 0.00146503, totNum = 12
ROUND = 3573, SUM = 15633585.9999999, bChange = 0.00146502, totNum = 12
ROUND = 3574, SUM = 15633585.9999999, bChange = 0.00146501, totNum = 12
ROUND = 3575, SUM = 15633585.9999999, bChange = 0.001465, totNum = 12
ROUND = 3576, SUM = 15633585.9999999, bChange = 0.00146499, totNum = 12
ROUND = 3577, SUM = 15633585.9999999, bChange = 0.00146497, totNum = 12
ROUND = 3578, SUM = 15633586, bChange = 0.00146496, totNum = 12
ROUND = 3579, SUM = 15633585.9999999, bChange = 0.00146495, totNum = 12
ROUND = 3580, SUM = 15633585.9999999, bChange = 0.00146494, totNum = 12
ROUND = 3581, SUM = 15633585.9999999, bChange = 0.00146493, totNum = 12
ROUND = 3582, SUM = 15633585.9999999, bChange = 0.00146492, totNum = 12
ROUND = 3583, SUM = 15633586, bChange = 0.0014649, totNum = 12
ROUND = 3584, SUM = 15633586, bChange = 0.00146489, totNum = 12
ROUND = 3585, SUM = 15633586, bChange = 0.00146488, totNum = 12
ROUND = 3586, SUM = 15633585.9999999, bChange = 0.00146487, totNum = 12
ROUND = 3587, SUM = 15633585.9999999, bChange = 0.00146486, totNum = 12
ROUND = 3588, SUM = 15633586, bChange = 0.00146485, totNum = 11
ROUND = 3589, SUM = 15633585.9999999, bChange = 0.00146483, totNum = 11
ROUND = 3590, SUM = 15633585.9999999, bChange = 0.00146482, totNum = 11
ROUND = 3591, SUM = 15633585.9999999, bChange = 0.00146481, totNum = 11
ROUND = 3592, SUM = 15633585.9999999, bChange = 0.0014648, totNum = 11
ROUND = 3593, SUM = 15633586, bChange = 0.00146479, totNum = 11
ROUND = 3594, SUM = 15633586, bChange = 0.00146478, totNum = 11
ROUND = 3595, SUM = 15633586, bChange = 0.0014648, totNum = 11
ROUND = 3596, SUM = 15633585.9999999, bChange = 0.00146484, totNum = 11
ROUND = 3597, SUM = 15633585.9999999, bChange = 0.00146487, totNum = 10
ROUND = 3598, SUM = 15633585.9999999, bChange = 0.0014649, totNum = 10
ROUND = 3599, SUM = 15633586, bChange = 0.00146493, totNum = 10
ROUND = 3600, SUM = 15633586, bChange = 0.00146497, totNum = 10
ROUND = 3601, SUM = 15633585.9999999, bChange = 0.001465, totNum = 10
ROUND = 3602, SUM = 15633586, bChange = 0.00146503, totNum = 10
ROUND = 3603, SUM = 15633585.9999999, bChange = 0.00146506, totNum = 10
ROUND = 3604, SUM = 15633585.9999999, bChange = 0.0014651, totNum = 10
ROUND = 3605, SUM = 15633585.9999999, bChange = 0.00146513, totNum = 10
ROUND = 3606, SUM = 15633585.9999999, bChange = 0.00146516, totNum = 10
ROUND = 3607, SUM = 15633585.9999999, bChange = 0.00146519, totNum = 10
ROUND = 3608, SUM = 15633585.9999999, bChange = 0.00146523, totNum = 10
ROUND = 3609, SUM = 15633585.9999999, bChange = 0.00146526, totNum = 10
ROUND = 3610, SUM = 15633585.9999999, bChange = 0.00146529, totNum = 10
ROUND = 3611, SUM = 15633586, bChange = 0.00146532, totNum = 10
ROUND = 3612, SUM = 15633585.9999999, bChange = 0.00146536, totNum = 10
ROUND = 3613, SUM = 15633585.9999999, bChange = 0.00146539, totNum = 10
ROUND = 3614, SUM = 15633586, bChange = 0.00146542, totNum = 10
ROUND = 3615, SUM = 15633585.9999999, bChange = 0.00146545, totNum = 10
ROUND = 3616, SUM = 15633586, bChange = 0.00146548, totNum = 10
ROUND = 3617, SUM = 15633586, bChange = 0.00146552, totNum = 10
ROUND = 3618, SUM = 15633585.9999999, bChange = 0.00146555, totNum = 10
ROUND = 3619, SUM = 15633586, bChange = 0.00146558, totNum = 10
ROUND = 3620, SUM = 15633586, bChange = 0.00146561, totNum = 10
ROUND = 3621, SUM = 15633586, bChange = 0.00146564, totNum = 10
ROUND = 3622, SUM = 15633585.9999999, bChange = 0.00146567, totNum = 10
ROUND = 3623, SUM = 15633586, bChange = 0.00146571, totNum = 10
ROUND = 3624, SUM = 15633586, bChange = 0.00146574, totNum = 10
ROUND = 3625, SUM = 15633586, bChange = 0.00146577, totNum = 10
ROUND = 3626, SUM = 15633585.9999999, bChange = 0.0014658, totNum = 9
ROUND = 3627, SUM = 15633586, bChange = 0.00146583, totNum = 9
ROUND = 3628, SUM = 15633585.9999999, bChange = 0.00146586, totNum = 9
ROUND = 3629, SUM = 15633586, bChange = 0.00146589, totNum = 9
ROUND = 3630, SUM = 15633585.9999999, bChange = 0.00146593, totNum = 9
ROUND = 3631, SUM = 15633585.9999999, bChange = 0.00146596, totNum = 9
ROUND = 3632, SUM = 15633585.9999999, bChange = 0.00146599, totNum = 9
ROUND = 3633, SUM = 15633585.9999999, bChange = 0.00146602, totNum = 9
ROUND = 3634, SUM = 15633586, bChange = 0.00146605, totNum = 9
ROUND = 3635, SUM = 15633586, bChange = 0.00146608, totNum = 9
ROUND = 3636, SUM = 15633585.9999999, bChange = 0.00146611, totNum = 9
ROUND = 3637, SUM = 15633586, bChange = 0.00146614, totNum = 9
ROUND = 3638, SUM = 15633586, bChange = 0.00146618, totNum = 9
ROUND = 3639, SUM = 15633585.9999999, bChange = 0.00146621, totNum = 9
ROUND = 3640, SUM = 15633585.9999999, bChange = 0.00146624, totNum = 9
ROUND = 3641, SUM = 15633586, bChange = 0.00146627, totNum = 9
ROUND = 3642, SUM = 15633586, bChange = 0.0014663, totNum = 9
ROUND = 3643, SUM = 15633586, bChange = 0.00146633, totNum = 9
ROUND = 3644, SUM = 15633585.9999999, bChange = 0.00146636, totNum = 9
ROUND = 3645, SUM = 15633585.9999999, bChange = 0.00146639, totNum = 9
ROUND = 3646, SUM = 15633585.9999999, bChange = 0.00146642, totNum = 9
ROUND = 3647, SUM = 15633585.9999999, bChange = 0.00146645, totNum = 9
ROUND = 3648, SUM = 15633586, bChange = 0.00146648, totNum = 9
ROUND = 3649, SUM = 15633585.9999999, bChange = 0.00146651, totNum = 9
ROUND = 3650, SUM = 15633585.9999999, bChange = 0.00146654, totNum = 9
ROUND = 3651, SUM = 15633585.9999999, bChange = 0.00146657, totNum = 9
ROUND = 3652, SUM = 15633585.9999999, bChange = 0.0014666, totNum = 9
ROUND = 3653, SUM = 15633586, bChange = 0.00146663, totNum = 9
ROUND = 3654, SUM = 15633585.9999999, bChange = 0.00146667, totNum = 9
ROUND = 3655, SUM = 15633586, bChange = 0.0014667, totNum = 9
ROUND = 3656, SUM = 15633585.9999999, bChange = 0.00146673, totNum = 9
ROUND = 3657, SUM = 15633585.9999999, bChange = 0.00146676, totNum = 9
ROUND = 3658, SUM = 15633585.9999999, bChange = 0.00146679, totNum = 9
ROUND = 3659, SUM = 15633585.9999999, bChange = 0.00146682, totNum = 9
ROUND = 3660, SUM = 15633585.9999999, bChange = 0.00146685, totNum = 9
ROUND = 3661, SUM = 15633585.9999999, bChange = 0.00146688, totNum = 9
ROUND = 3662, SUM = 15633586, bChange = 0.00146691, totNum = 9
ROUND = 3663, SUM = 15633585.9999999, bChange = 0.00146694, totNum = 9
ROUND = 3664, SUM = 15633586, bChange = 0.00146697, totNum = 9
ROUND = 3665, SUM = 15633585.9999999, bChange = 0.001467, totNum = 9
ROUND = 3666, SUM = 15633585.9999999, bChange = 0.00146703, totNum = 9
ROUND = 3667, SUM = 15633585.9999999, bChange = 0.00146706, totNum = 9
ROUND = 3668, SUM = 15633586, bChange = 0.00146708, totNum = 9
ROUND = 3669, SUM = 15633585.9999999, bChange = 0.00146711, totNum = 9
ROUND = 3670, SUM = 15633585.9999999, bChange = 0.00146714, totNum = 9
ROUND = 3671, SUM = 15633585.9999999, bChange = 0.00146717, totNum = 9
ROUND = 3672, SUM = 15633585.9999999, bChange = 0.0014672, totNum = 9
ROUND = 3673, SUM = 15633585.9999999, bChange = 0.00146723, totNum = 9
ROUND = 3674, SUM = 15633585.9999999, bChange = 0.00146726, totNum = 9
ROUND = 3675, SUM = 15633585.9999999, bChange = 0.00146729, totNum = 9
ROUND = 3676, SUM = 15633586, bChange = 0.00146732, totNum = 9
ROUND = 3677, SUM = 15633586, bChange = 0.00146735, totNum = 9
ROUND = 3678, SUM = 15633585.9999999, bChange = 0.00146738, totNum = 9
ROUND = 3679, SUM = 15633586, bChange = 0.00146741, totNum = 9
ROUND = 3680, SUM = 15633585.9999999, bChange = 0.00146744, totNum = 9
ROUND = 3681, SUM = 15633586, bChange = 0.00146747, totNum = 9
ROUND = 3682, SUM = 15633585.9999999, bChange = 0.0014675, totNum = 9
ROUND = 3683, SUM = 15633585.9999999, bChange = 0.00146753, totNum = 9
ROUND = 3684, SUM = 15633585.9999999, bChange = 0.00146755, totNum = 9
ROUND = 3685, SUM = 15633585.9999999, bChange = 0.00146758, totNum = 9
ROUND = 3686, SUM = 15633586, bChange = 0.00146761, totNum = 9
ROUND = 3687, SUM = 15633585.9999999, bChange = 0.00146764, totNum = 9
ROUND = 3688, SUM = 15633586, bChange = 0.00146767, totNum = 9
ROUND = 3689, SUM = 15633585.9999999, bChange = 0.0014677, totNum = 9
ROUND = 3690, SUM = 15633586, bChange = 0.00146773, totNum = 9
ROUND = 3691, SUM = 15633585.9999999, bChange = 0.00146776, totNum = 9
ROUND = 3692, SUM = 15633586, bChange = 0.00146779, totNum = 9
ROUND = 3693, SUM = 15633585.9999999, bChange = 0.00146781, totNum = 9
ROUND = 3694, SUM = 15633586, bChange = 0.00146784, totNum = 9
ROUND = 3695, SUM = 15633585.9999999, bChange = 0.00146787, totNum = 9
ROUND = 3696, SUM = 15633585.9999999, bChange = 0.0014679, totNum = 9
ROUND = 3697, SUM = 15633586, bChange = 0.00146793, totNum = 9
ROUND = 3698, SUM = 15633586, bChange = 0.00146796, totNum = 9
ROUND = 3699, SUM = 15633586, bChange = 0.00146799, totNum = 9
ROUND = 3700, SUM = 15633585.9999999, bChange = 0.00146801, totNum = 8
ROUND = 3701, SUM = 15633586, bChange = 0.00146804, totNum = 8
ROUND = 3702, SUM = 15633585.9999999, bChange = 0.00146807, totNum = 8
ROUND = 3703, SUM = 15633585.9999999, bChange = 0.0014681, totNum = 8
ROUND = 3704, SUM = 15633586, bChange = 0.00146813, totNum = 8
ROUND = 3705, SUM = 15633585.9999999, bChange = 0.00146815, totNum = 8
ROUND = 3706, SUM = 15633585.9999999, bChange = 0.00146818, totNum = 8
ROUND = 3707, SUM = 15633586, bChange = 0.00146821, totNum = 8
ROUND = 3708, SUM = 15633586, bChange = 0.00146824, totNum = 8
ROUND = 3709, SUM = 15633585.9999999, bChange = 0.00146827, totNum = 8
ROUND = 3710, SUM = 15633585.9999999, bChange = 0.0014683, totNum = 8
ROUND = 3711, SUM = 15633585.9999999, bChange = 0.00146832, totNum = 8
ROUND = 3712, SUM = 15633586, bChange = 0.00146835, totNum = 8
ROUND = 3713, SUM = 15633586, bChange = 0.00146838, totNum = 8
ROUND = 3714, SUM = 15633586, bChange = 0.00146841, totNum = 8
ROUND = 3715, SUM = 15633585.9999999, bChange = 0.00146843, totNum = 8
ROUND = 3716, SUM = 15633585.9999999, bChange = 0.00146846, totNum = 8
ROUND = 3717, SUM = 15633585.9999999, bChange = 0.00146849, totNum = 8
ROUND = 3718, SUM = 15633586, bChange = 0.00146852, totNum = 8
ROUND = 3719, SUM = 15633585.9999999, bChange = 0.00146855, totNum = 8
ROUND = 3720, SUM = 15633585.9999999, bChange = 0.00146857, totNum = 8
ROUND = 3721, SUM = 15633586, bChange = 0.0014686, totNum = 8
ROUND = 3722, SUM = 15633585.9999999, bChange = 0.00146863, totNum = 8
ROUND = 3723, SUM = 15633585.9999999, bChange = 0.00146866, totNum = 8
ROUND = 3724, SUM = 15633585.9999999, bChange = 0.00146868, totNum = 8
ROUND = 3725, SUM = 15633585.9999999, bChange = 0.00146871, totNum = 8
ROUND = 3726, SUM = 15633586, bChange = 0.00146874, totNum = 8
ROUND = 3727, SUM = 15633585.9999999, bChange = 0.00146877, totNum = 8
ROUND = 3728, SUM = 15633586, bChange = 0.00146879, totNum = 8
ROUND = 3729, SUM = 15633586, bChange = 0.00146882, totNum = 8
ROUND = 3730, SUM = 15633585.9999999, bChange = 0.00146885, totNum = 8
ROUND = 3731, SUM = 15633585.9999999, bChange = 0.00146887, totNum = 8
ROUND = 3732, SUM = 15633586, bChange = 0.0014689, totNum = 8
ROUND = 3733, SUM = 15633585.9999999, bChange = 0.00146893, totNum = 8
ROUND = 3734, SUM = 15633585.9999999, bChange = 0.00146896, totNum = 8
ROUND = 3735, SUM = 15633585.9999999, bChange = 0.00146898, totNum = 7
ROUND = 3736, SUM = 15633586, bChange = 0.00146901, totNum = 7
ROUND = 3737, SUM = 15633585.9999999, bChange = 0.00146904, totNum = 7
ROUND = 3738, SUM = 15633585.9999999, bChange = 0.00146906, totNum = 7
ROUND = 3739, SUM = 15633585.9999999, bChange = 0.00146909, totNum = 7
ROUND = 3740, SUM = 15633585.9999999, bChange = 0.00146912, totNum = 7
ROUND = 3741, SUM = 15633585.9999999, bChange = 0.00146914, totNum = 7
ROUND = 3742, SUM = 15633585.9999999, bChange = 0.00146917, totNum = 7
ROUND = 3743, SUM = 15633586, bChange = 0.0014692, totNum = 7
ROUND = 3744, SUM = 15633586, bChange = 0.00146922, totNum = 7
ROUND = 3745, SUM = 15633586, bChange = 0.00146925, totNum = 7
ROUND = 3746, SUM = 15633585.9999999, bChange = 0.00146928, totNum = 7
ROUND = 3747, SUM = 15633586, bChange = 0.0014693, totNum = 7
ROUND = 3748, SUM = 15633585.9999999, bChange = 0.00146933, totNum = 7
ROUND = 3749, SUM = 15633586, bChange = 0.00146936, totNum = 7
ROUND = 3750, SUM = 15633585.9999999, bChange = 0.00146938, totNum = 7
ROUND = 3751, SUM = 15633585.9999999, bChange = 0.00146941, totNum = 7
ROUND = 3752, SUM = 15633585.9999999, bChange = 0.00146944, totNum = 7
ROUND = 3753, SUM = 15633586, bChange = 0.00146946, totNum = 7
ROUND = 3754, SUM = 15633585.9999999, bChange = 0.00146949, totNum = 7
ROUND = 3755, SUM = 15633585.9999999, bChange = 0.00146951, totNum = 7
ROUND = 3756, SUM = 15633585.9999999, bChange = 0.00146954, totNum = 7
ROUND = 3757, SUM = 15633585.9999999, bChange = 0.00146957, totNum = 7
ROUND = 3758, SUM = 15633586, bChange = 0.00146959, totNum = 7
ROUND = 3759, SUM = 15633585.9999999, bChange = 0.00146962, totNum = 7
ROUND = 3760, SUM = 15633586, bChange = 0.00146965, totNum = 7
ROUND = 3761, SUM = 15633585.9999999, bChange = 0.00146967, totNum = 7
ROUND = 3762, SUM = 15633585.9999999, bChange = 0.0014697, totNum = 7
ROUND = 3763, SUM = 15633586, bChange = 0.00146972, totNum = 7
ROUND = 3764, SUM = 15633586, bChange = 0.00146975, totNum = 7
ROUND = 3765, SUM = 15633585.9999999, bChange = 0.00146978, totNum = 7
ROUND = 3766, SUM = 15633585.9999999, bChange = 0.0014698, totNum = 7
ROUND = 3767, SUM = 15633585.9999999, bChange = 0.00146983, totNum = 7
ROUND = 3768, SUM = 15633585.9999999, bChange = 0.00146985, totNum = 7
ROUND = 3769, SUM = 15633585.9999999, bChange = 0.00146988, totNum = 7
ROUND = 3770, SUM = 15633586, bChange = 0.0014699, totNum = 7
ROUND = 3771, SUM = 15633585.9999999, bChange = 0.00146993, totNum = 7
ROUND = 3772, SUM = 15633586, bChange = 0.00146996, totNum = 7
ROUND = 3773, SUM = 15633586, bChange = 0.00146998, totNum = 7
ROUND = 3774, SUM = 15633586, bChange = 0.00147001, totNum = 7
ROUND = 3775, SUM = 15633586, bChange = 0.00147003, totNum = 7
ROUND = 3776, SUM = 15633586, bChange = 0.00147006, totNum = 7
ROUND = 3777, SUM = 15633586, bChange = 0.00147008, totNum = 7
ROUND = 3778, SUM = 15633586, bChange = 0.00147011, totNum = 7
ROUND = 3779, SUM = 15633586, bChange = 0.00147013, totNum = 7
ROUND = 3780, SUM = 15633586, bChange = 0.00147016, totNum = 7
ROUND = 3781, SUM = 15633585.9999999, bChange = 0.00147018, totNum = 7
ROUND = 3782, SUM = 15633586, bChange = 0.00147021, totNum = 7
ROUND = 3783, SUM = 15633586, bChange = 0.00147024, totNum = 7
ROUND = 3784, SUM = 15633586, bChange = 0.00147026, totNum = 7
ROUND = 3785, SUM = 15633586, bChange = 0.00147029, totNum = 7
ROUND = 3786, SUM = 15633586, bChange = 0.00147031, totNum = 7
ROUND = 3787, SUM = 15633586, bChange = 0.00147034, totNum = 7
ROUND = 3788, SUM = 15633585.9999999, bChange = 0.00147036, totNum = 7
ROUND = 3789, SUM = 15633585.9999999, bChange = 0.00147039, totNum = 7
ROUND = 3790, SUM = 15633585.9999999, bChange = 0.00147041, totNum = 7
ROUND = 3791, SUM = 15633585.9999999, bChange = 0.00147044, totNum = 7
ROUND = 3792, SUM = 15633585.9999999, bChange = 0.00147046, totNum = 7
ROUND = 3793, SUM = 15633585.9999999, bChange = 0.00147049, totNum = 7
ROUND = 3794, SUM = 15633585.9999999, bChange = 0.00147051, totNum = 7
ROUND = 3795, SUM = 15633585.9999999, bChange = 0.00147054, totNum = 7
ROUND = 3796, SUM = 15633586, bChange = 0.00147056, totNum = 7
ROUND = 3797, SUM = 15633585.9999999, bChange = 0.00147058, totNum = 7
ROUND = 3798, SUM = 15633586, bChange = 0.00147061, totNum = 7
ROUND = 3799, SUM = 15633585.9999999, bChange = 0.00147063, totNum = 7
ROUND = 3800, SUM = 15633586, bChange = 0.00147066, totNum = 7
ROUND = 3801, SUM = 15633586, bChange = 0.00147068, totNum = 7
ROUND = 3802, SUM = 15633586, bChange = 0.00147071, totNum = 7
ROUND = 3803, SUM = 15633585.9999999, bChange = 0.00147073, totNum = 7
ROUND = 3804, SUM = 15633585.9999999, bChange = 0.00147076, totNum = 7
ROUND = 3805, SUM = 15633585.9999999, bChange = 0.00147078, totNum = 7
ROUND = 3806, SUM = 15633586, bChange = 0.00147081, totNum = 7
ROUND = 3807, SUM = 15633585.9999999, bChange = 0.00147083, totNum = 7
ROUND = 3808, SUM = 15633585.9999999, bChange = 0.00147085, totNum = 7
ROUND = 3809, SUM = 15633585.9999999, bChange = 0.00147088, totNum = 7
ROUND = 3810, SUM = 15633586, bChange = 0.0014709, totNum = 7
ROUND = 3811, SUM = 15633585.9999999, bChange = 0.00147093, totNum = 7
ROUND = 3812, SUM = 15633585.9999999, bChange = 0.00147095, totNum = 7
ROUND = 3813, SUM = 15633585.9999999, bChange = 0.00147098, totNum = 7
ROUND = 3814, SUM = 15633585.9999999, bChange = 0.001471, totNum = 7
ROUND = 3815, SUM = 15633585.9999999, bChange = 0.00147102, totNum = 7
ROUND = 3816, SUM = 15633586, bChange = 0.00147105, totNum = 7
ROUND = 3817, SUM = 15633586, bChange = 0.00147107, totNum = 7
ROUND = 3818, SUM = 15633585.9999999, bChange = 0.0014711, totNum = 7
ROUND = 3819, SUM = 15633586, bChange = 0.00147112, totNum = 7
ROUND = 3820, SUM = 15633586, bChange = 0.00147114, totNum = 7
ROUND = 3821, SUM = 15633585.9999999, bChange = 0.00147117, totNum = 7
ROUND = 3822, SUM = 15633585.9999999, bChange = 0.00147119, totNum = 7
ROUND = 3823, SUM = 15633586, bChange = 0.00147122, totNum = 7
ROUND = 3824, SUM = 15633586, bChange = 0.00147124, totNum = 7
ROUND = 3825, SUM = 15633585.9999999, bChange = 0.00147126, totNum = 7
ROUND = 3826, SUM = 15633586, bChange = 0.00147129, totNum = 7
ROUND = 3827, SUM = 15633585.9999999, bChange = 0.00147131, totNum = 7
ROUND = 3828, SUM = 15633585.9999999, bChange = 0.00147133, totNum = 7
ROUND = 3829, SUM = 15633585.9999999, bChange = 0.00147136, totNum = 7
ROUND = 3830, SUM = 15633586, bChange = 0.00147138, totNum = 7
ROUND = 3831, SUM = 15633585.9999999, bChange = 0.00147141, totNum = 7
ROUND = 3832, SUM = 15633586, bChange = 0.00147143, totNum = 7
ROUND = 3833, SUM = 15633585.9999999, bChange = 0.00147162, totNum = 7
ROUND = 3834, SUM = 15633586, bChange = 0.00147187, totNum = 7
ROUND = 3835, SUM = 15633585.9999999, bChange = 0.00147213, totNum = 7
ROUND = 3836, SUM = 15633585.9999999, bChange = 0.00147238, totNum = 7
ROUND = 3837, SUM = 15633585.9999999, bChange = 0.00147263, totNum = 7
ROUND = 3838, SUM = 15633585.9999999, bChange = 0.00147288, totNum = 7
ROUND = 3839, SUM = 15633585.9999999, bChange = 0.00147313, totNum = 7
ROUND = 3840, SUM = 15633585.9999999, bChange = 0.00147339, totNum = 7
ROUND = 3841, SUM = 15633586, bChange = 0.00147364, totNum = 7
ROUND = 3842, SUM = 15633585.9999999, bChange = 0.00147389, totNum = 7
ROUND = 3843, SUM = 15633586, bChange = 0.00147414, totNum = 7
ROUND = 3844, SUM = 15633586, bChange = 0.00147439, totNum = 7
ROUND = 3845, SUM = 15633585.9999999, bChange = 0.00147465, totNum = 7
ROUND = 3846, SUM = 15633585.9999999, bChange = 0.0014749, totNum = 7
ROUND = 3847, SUM = 15633586, bChange = 0.00147515, totNum = 7
ROUND = 3848, SUM = 15633586, bChange = 0.0014754, totNum = 7
ROUND = 3849, SUM = 15633586, bChange = 0.00147565, totNum = 7
ROUND = 3850, SUM = 15633586, bChange = 0.0014759, totNum = 7
ROUND = 3851, SUM = 15633586, bChange = 0.00147615, totNum = 7
ROUND = 3852, SUM = 15633585.9999999, bChange = 0.0014764, totNum = 7
ROUND = 3853, SUM = 15633585.9999999, bChange = 0.00147665, totNum = 7
ROUND = 3854, SUM = 15633585.9999999, bChange = 0.0014769, totNum = 7
ROUND = 3855, SUM = 15633585.9999999, bChange = 0.00147715, totNum = 7
ROUND = 3856, SUM = 15633585.9999999, bChange = 0.0014774, totNum = 7
ROUND = 3857, SUM = 15633586, bChange = 0.00147766, totNum = 7
ROUND = 3858, SUM = 15633585.9999999, bChange = 0.00147791, totNum = 7
ROUND = 3859, SUM = 15633586, bChange = 0.00147816, totNum = 7
ROUND = 3860, SUM = 15633585.9999999, bChange = 0.00147841, totNum = 7
ROUND = 3861, SUM = 15633585.9999999, bChange = 0.00147866, totNum = 7
ROUND = 3862, SUM = 15633585.9999999, bChange = 0.00147891, totNum = 7
ROUND = 3863, SUM = 15633586, bChange = 0.00147915, totNum = 7
ROUND = 3864, SUM = 15633585.9999999, bChange = 0.0014794, totNum = 7
ROUND = 3865, SUM = 15633585.9999999, bChange = 0.00147965, totNum = 7
ROUND = 3866, SUM = 15633586, bChange = 0.0014799, totNum = 7
ROUND = 3867, SUM = 15633586, bChange = 0.00148015, totNum = 7
ROUND = 3868, SUM = 15633586, bChange = 0.0014804, totNum = 7
ROUND = 3869, SUM = 15633586, bChange = 0.00148065, totNum = 7
ROUND = 3870, SUM = 15633586, bChange = 0.0014809, totNum = 7
ROUND = 3871, SUM = 15633585.9999999, bChange = 0.00148115, totNum = 7
ROUND = 3872, SUM = 15633585.9999999, bChange = 0.0014814, totNum = 7
ROUND = 3873, SUM = 15633585.9999999, bChange = 0.00148165, totNum = 7
ROUND = 3874, SUM = 15633585.9999999, bChange = 0.00148189, totNum = 6
ROUND = 3875, SUM = 15633586, bChange = 0.00148214, totNum = 6
ROUND = 3876, SUM = 15633586, bChange = 0.00148239, totNum = 6
ROUND = 3877, SUM = 15633585.9999999, bChange = 0.00148264, totNum = 6
ROUND = 3878, SUM = 15633585.9999999, bChange = 0.00148289, totNum = 6
ROUND = 3879, SUM = 15633586, bChange = 0.00148313, totNum = 6
ROUND = 3880, SUM = 15633585.9999999, bChange = 0.00148338, totNum = 6
ROUND = 3881, SUM = 15633585.9999999, bChange = 0.00148363, totNum = 6
ROUND = 3882, SUM = 15633586, bChange = 0.00148388, totNum = 6
ROUND = 3883, SUM = 15633586, bChange = 0.00148413, totNum = 6
ROUND = 3884, SUM = 15633585.9999999, bChange = 0.00148437, totNum = 6
ROUND = 3885, SUM = 15633586, bChange = 0.00148462, totNum = 6
ROUND = 3886, SUM = 15633586, bChange = 0.00148487, totNum = 6
ROUND = 3887, SUM = 15633585.9999999, bChange = 0.00148512, totNum = 6
ROUND = 3888, SUM = 15633585.9999999, bChange = 0.00148536, totNum = 6
ROUND = 3889, SUM = 15633585.9999999, bChange = 0.00148561, totNum = 6
ROUND = 3890, SUM = 15633585.9999999, bChange = 0.00148586, totNum = 6
ROUND = 3891, SUM = 15633585.9999999, bChange = 0.0014861, totNum = 6
ROUND = 3892, SUM = 15633585.9999999, bChange = 0.00148635, totNum = 6
ROUND = 3893, SUM = 15633586, bChange = 0.0014866, totNum = 6
ROUND = 3894, SUM = 15633585.9999999, bChange = 0.00148684, totNum = 6
ROUND = 3895, SUM = 15633586, bChange = 0.00148709, totNum = 6
ROUND = 3896, SUM = 15633585.9999999, bChange = 0.00148733, totNum = 6
ROUND = 3897, SUM = 15633585.9999999, bChange = 0.00148758, totNum = 6
ROUND = 3898, SUM = 15633585.9999999, bChange = 0.00148783, totNum = 6
ROUND = 3899, SUM = 15633585.9999999, bChange = 0.00148807, totNum = 6
ROUND = 3900, SUM = 15633585.9999999, bChange = 0.00148832, totNum = 6
ROUND = 3901, SUM = 15633585.9999999, bChange = 0.00148856, totNum = 6
ROUND = 3902, SUM = 15633585.9999999, bChange = 0.00148881, totNum = 6
ROUND = 3903, SUM = 15633585.9999999, bChange = 0.00148906, totNum = 6
ROUND = 3904, SUM = 15633586, bChange = 0.0014893, totNum = 6
ROUND = 3905, SUM = 15633585.9999999, bChange = 0.00148955, totNum = 6
ROUND = 3906, SUM = 15633585.9999999, bChange = 0.00148979, totNum = 6
ROUND = 3907, SUM = 15633585.9999999, bChange = 0.00149004, totNum = 6
ROUND = 3908, SUM = 15633586, bChange = 0.00149028, totNum = 6
ROUND = 3909, SUM = 15633585.9999999, bChange = 0.00149053, totNum = 6
ROUND = 3910, SUM = 15633585.9999999, bChange = 0.00149077, totNum = 6
ROUND = 3911, SUM = 15633586, bChange = 0.00149101, totNum = 6
ROUND = 3912, SUM = 15633586, bChange = 0.00149126, totNum = 6
ROUND = 3913, SUM = 15633585.9999999, bChange = 0.0014915, totNum = 6
ROUND = 3914, SUM = 15633586, bChange = 0.00149175, totNum = 6
ROUND = 3915, SUM = 15633585.9999999, bChange = 0.00149199, totNum = 6
ROUND = 3916, SUM = 15633585.9999999, bChange = 0.00149224, totNum = 6
ROUND = 3917, SUM = 15633586, bChange = 0.00149248, totNum = 6
ROUND = 3918, SUM = 15633585.9999999, bChange = 0.00149272, totNum = 6
ROUND = 3919, SUM = 15633585.9999999, bChange = 0.00149297, totNum = 6
ROUND = 3920, SUM = 15633585.9999999, bChange = 0.00149321, totNum = 6
ROUND = 3921, SUM = 15633585.9999999, bChange = 0.00149346, totNum = 6
ROUND = 3922, SUM = 15633586, bChange = 0.0014937, totNum = 6
ROUND = 3923, SUM = 15633585.9999999, bChange = 0.00149394, totNum = 6
ROUND = 3924, SUM = 15633586, bChange = 0.00149418, totNum = 6
ROUND = 3925, SUM = 15633586, bChange = 0.00149443, totNum = 6
ROUND = 3926, SUM = 15633586, bChange = 0.00149467, totNum = 6
ROUND = 3927, SUM = 15633585.9999999, bChange = 0.00149491, totNum = 6
ROUND = 3928, SUM = 15633585.9999999, bChange = 0.00149516, totNum = 6
ROUND = 3929, SUM = 15633585.9999999, bChange = 0.0014954, totNum = 6
ROUND = 3930, SUM = 15633586, bChange = 0.00149564, totNum = 6
ROUND = 3931, SUM = 15633586, bChange = 0.00149588, totNum = 6
ROUND = 3932, SUM = 15633585.9999999, bChange = 0.00149613, totNum = 6
ROUND = 3933, SUM = 15633585.9999999, bChange = 0.00149637, totNum = 6
ROUND = 3934, SUM = 15633585.9999999, bChange = 0.00149661, totNum = 6
ROUND = 3935, SUM = 15633585.9999999, bChange = 0.00149685, totNum = 6
ROUND = 3936, SUM = 15633585.9999999, bChange = 0.0014971, totNum = 6
ROUND = 3937, SUM = 15633586, bChange = 0.00149734, totNum = 6
ROUND = 3938, SUM = 15633585.9999999, bChange = 0.00149758, totNum = 6
ROUND = 3939, SUM = 15633585.9999999, bChange = 0.00149782, totNum = 6
ROUND = 3940, SUM = 15633585.9999999, bChange = 0.00149806, totNum = 6
ROUND = 3941, SUM = 15633585.9999999, bChange = 0.0014983, totNum = 6
ROUND = 3942, SUM = 15633585.9999999, bChange = 0.00149854, totNum = 6
ROUND = 3943, SUM = 15633586, bChange = 0.00149879, totNum = 6
ROUND = 3944, SUM = 15633585.9999999, bChange = 0.00149903, totNum = 6
ROUND = 3945, SUM = 15633585.9999999, bChange = 0.00149927, totNum = 6
ROUND = 3946, SUM = 15633585.9999999, bChange = 0.00149951, totNum = 6
ROUND = 3947, SUM = 15633586, bChange = 0.00149975, totNum = 6
ROUND = 3948, SUM = 15633585.9999999, bChange = 0.00149999, totNum = 6
ROUND = 3949, SUM = 15633585.9999999, bChange = 0.00150023, totNum = 6
ROUND = 3950, SUM = 15633586, bChange = 0.00150047, totNum = 6
ROUND = 3951, SUM = 15633585.9999999, bChange = 0.00150071, totNum = 6
ROUND = 3952, SUM = 15633585.9999999, bChange = 0.00150095, totNum = 6
ROUND = 3953, SUM = 15633586, bChange = 0.00150119, totNum = 6
ROUND = 3954, SUM = 15633585.9999999, bChange = 0.00150143, totNum = 6
ROUND = 3955, SUM = 15633586, bChange = 0.00150167, totNum = 6
ROUND = 3956, SUM = 15633585.9999999, bChange = 0.00150191, totNum = 6
ROUND = 3957, SUM = 15633585.9999999, bChange = 0.00150215, totNum = 6
ROUND = 3958, SUM = 15633585.9999999, bChange = 0.00150239, totNum = 6
ROUND = 3959, SUM = 15633586, bChange = 0.00150263, totNum = 6
ROUND = 3960, SUM = 15633585.9999999, bChange = 0.00150287, totNum = 6
ROUND = 3961, SUM = 15633585.9999999, bChange = 0.00150311, totNum = 6
ROUND = 3962, SUM = 15633585.9999999, bChange = 0.00150335, totNum = 6
ROUND = 3963, SUM = 15633585.9999999, bChange = 0.00150359, totNum = 6
ROUND = 3964, SUM = 15633586, bChange = 0.00150383, totNum = 6
ROUND = 3965, SUM = 15633585.9999999, bChange = 0.00150406, totNum = 6
ROUND = 3966, SUM = 15633585.9999999, bChange = 0.0015043, totNum = 6
ROUND = 3967, SUM = 15633585.9999999, bChange = 0.00150454, totNum = 6
ROUND = 3968, SUM = 15633586, bChange = 0.00150478, totNum = 6
ROUND = 3969, SUM = 15633586, bChange = 0.00150502, totNum = 6
ROUND = 3970, SUM = 15633585.9999999, bChange = 0.00150526, totNum = 6
ROUND = 3971, SUM = 15633585.9999999, bChange = 0.00150549, totNum = 6
ROUND = 3972, SUM = 15633586, bChange = 0.00150573, totNum = 6
ROUND = 3973, SUM = 15633586, bChange = 0.00150597, totNum = 6
ROUND = 3974, SUM = 15633586, bChange = 0.00150621, totNum = 6
ROUND = 3975, SUM = 15633586, bChange = 0.00150645, totNum = 6
ROUND = 3976, SUM = 15633586, bChange = 0.00150668, totNum = 6
ROUND = 3977, SUM = 15633585.9999999, bChange = 0.00150692, totNum = 6
ROUND = 3978, SUM = 15633586, bChange = 0.00150716, totNum = 6
ROUND = 3979, SUM = 15633586, bChange = 0.0015074, totNum = 6
ROUND = 3980, SUM = 15633585.9999999, bChange = 0.00150763, totNum = 6
ROUND = 3981, SUM = 15633586, bChange = 0.00150787, totNum = 5
ROUND = 3982, SUM = 15633585.9999999, bChange = 0.00150811, totNum = 5
ROUND = 3983, SUM = 15633586, bChange = 0.00150834, totNum = 5
ROUND = 3984, SUM = 15633586, bChange = 0.00150858, totNum = 5
ROUND = 3985, SUM = 15633586, bChange = 0.00150882, totNum = 5
ROUND = 3986, SUM = 15633585.9999999, bChange = 0.00150905, totNum = 5
ROUND = 3987, SUM = 15633585.9999999, bChange = 0.00150929, totNum = 5
ROUND = 3988, SUM = 15633585.9999999, bChange = 0.00150953, totNum = 5
ROUND = 3989, SUM = 15633585.9999999, bChange = 0.00150976, totNum = 5
ROUND = 3990, SUM = 15633586, bChange = 0.00151, totNum = 5
ROUND = 3991, SUM = 15633586, bChange = 0.00151023, totNum = 5
ROUND = 3992, SUM = 15633585.9999999, bChange = 0.00151047, totNum = 5
ROUND = 3993, SUM = 15633586, bChange = 0.00151071, totNum = 5
ROUND = 3994, SUM = 15633586, bChange = 0.00151094, totNum = 5
ROUND = 3995, SUM = 15633586, bChange = 0.00151118, totNum = 5
ROUND = 3996, SUM = 15633586, bChange = 0.00151141, totNum = 5
ROUND = 3997, SUM = 15633586, bChange = 0.00151165, totNum = 5
ROUND = 3998, SUM = 15633585.9999999, bChange = 0.00151188, totNum = 5
ROUND = 3999, SUM = 15633586, bChange = 0.00151212, totNum = 5
ROUND = 4000, SUM = 15633586, bChange = 0.00151235, totNum = 5
ROUND = 4001, SUM = 15633585.9999999, bChange = 0.00151259, totNum = 5
ROUND = 4002, SUM = 15633585.9999999, bChange = 0.00151282, totNum = 5
ROUND = 4003, SUM = 15633585.9999999, bChange = 0.00151306, totNum = 5
ROUND = 4004, SUM = 15633586, bChange = 0.00151329, totNum = 5
ROUND = 4005, SUM = 15633585.9999999, bChange = 0.00151353, totNum = 5
ROUND = 4006, SUM = 15633586, bChange = 0.00151376, totNum = 5
ROUND = 4007, SUM = 15633585.9999999, bChange = 0.00151399, totNum = 5
ROUND = 4008, SUM = 15633586, bChange = 0.00151423, totNum = 5
ROUND = 4009, SUM = 15633585.9999999, bChange = 0.00151446, totNum = 5
ROUND = 4010, SUM = 15633586, bChange = 0.0015147, totNum = 5
ROUND = 4011, SUM = 15633586, bChange = 0.00151493, totNum = 5
ROUND = 4012, SUM = 15633586, bChange = 0.00151516, totNum = 5
ROUND = 4013, SUM = 15633585.9999999, bChange = 0.0015154, totNum = 5
ROUND = 4014, SUM = 15633585.9999999, bChange = 0.00151563, totNum = 5
ROUND = 4015, SUM = 15633585.9999999, bChange = 0.00151586, totNum = 5
ROUND = 4016, SUM = 15633586, bChange = 0.0015161, totNum = 5
ROUND = 4017, SUM = 15633585.9999999, bChange = 0.00151633, totNum = 5
ROUND = 4018, SUM = 15633586, bChange = 0.00151656, totNum = 5
ROUND = 4019, SUM = 15633585.9999999, bChange = 0.0015168, totNum = 5
ROUND = 4020, SUM = 15633586, bChange = 0.00151703, totNum = 5
ROUND = 4021, SUM = 15633586, bChange = 0.00151726, totNum = 5
ROUND = 4022, SUM = 15633585.9999999, bChange = 0.00151749, totNum = 5
ROUND = 4023, SUM = 15633586, bChange = 0.00151773, totNum = 5
ROUND = 4024, SUM = 15633586, bChange = 0.00151796, totNum = 5
ROUND = 4025, SUM = 15633585.9999999, bChange = 0.00151819, totNum = 5
ROUND = 4026, SUM = 15633586, bChange = 0.00151842, totNum = 5
ROUND = 4027, SUM = 15633586, bChange = 0.00151865, totNum = 5
ROUND = 4028, SUM = 15633586, bChange = 0.00151889, totNum = 5
ROUND = 4029, SUM = 15633586, bChange = 0.00151912, totNum = 5
ROUND = 4030, SUM = 15633585.9999999, bChange = 0.00151935, totNum = 5
ROUND = 4031, SUM = 15633586, bChange = 0.00151958, totNum = 5
ROUND = 4032, SUM = 15633586, bChange = 0.00151981, totNum = 5
ROUND = 4033, SUM = 15633585.9999999, bChange = 0.00152004, totNum = 5
ROUND = 4034, SUM = 15633585.9999999, bChange = 0.00152028, totNum = 5
ROUND = 4035, SUM = 15633586, bChange = 0.00152051, totNum = 5
ROUND = 4036, SUM = 15633585.9999999, bChange = 0.00152074, totNum = 5
ROUND = 4037, SUM = 15633586, bChange = 0.00152097, totNum = 5
ROUND = 4038, SUM = 15633585.9999999, bChange = 0.0015212, totNum = 5
ROUND = 4039, SUM = 15633586, bChange = 0.00152143, totNum = 5
ROUND = 4040, SUM = 15633585.9999999, bChange = 0.00152166, totNum = 5
ROUND = 4041, SUM = 15633585.9999999, bChange = 0.00152189, totNum = 5
ROUND = 4042, SUM = 15633586, bChange = 0.00152212, totNum = 5
ROUND = 4043, SUM = 15633585.9999999, bChange = 0.00152235, totNum = 5
ROUND = 4044, SUM = 15633586, bChange = 0.00152258, totNum = 5
ROUND = 4045, SUM = 15633586, bChange = 0.00152281, totNum = 5
ROUND = 4046, SUM = 15633586, bChange = 0.00152304, totNum = 5
ROUND = 4047, SUM = 15633585.9999999, bChange = 0.00152327, totNum = 5
ROUND = 4048, SUM = 15633586, bChange = 0.0015235, totNum = 5
ROUND = 4049, SUM = 15633586, bChange = 0.00152373, totNum = 5
ROUND = 4050, SUM = 15633585.9999999, bChange = 0.00152396, totNum = 5
ROUND = 4051, SUM = 15633585.9999999, bChange = 0.00152419, totNum = 5
ROUND = 4052, SUM = 15633586, bChange = 0.00152442, totNum = 5
ROUND = 4053, SUM = 15633585.9999999, bChange = 0.00152465, totNum = 5
ROUND = 4054, SUM = 15633585.9999999, bChange = 0.00152488, totNum = 5
ROUND = 4055, SUM = 15633586, bChange = 0.0015251, totNum = 5
ROUND = 4056, SUM = 15633585.9999999, bChange = 0.00152533, totNum = 5
ROUND = 4057, SUM = 15633585.9999999, bChange = 0.00152556, totNum = 5
ROUND = 4058, SUM = 15633585.9999999, bChange = 0.00152579, totNum = 5
ROUND = 4059, SUM = 15633585.9999999, bChange = 0.00152602, totNum = 5
ROUND = 4060, SUM = 15633586, bChange = 0.00152625, totNum = 5
ROUND = 4061, SUM = 15633585.9999999, bChange = 0.00152648, totNum = 5
ROUND = 4062, SUM = 15633585.9999999, bChange = 0.0015267, totNum = 5
ROUND = 4063, SUM = 15633586, bChange = 0.00152693, totNum = 5
ROUND = 4064, SUM = 15633585.9999999, bChange = 0.00152716, totNum = 5
ROUND = 4065, SUM = 15633585.9999999, bChange = 0.00152739, totNum = 5
ROUND = 4066, SUM = 15633585.9999999, bChange = 0.00152761, totNum = 5
ROUND = 4067, SUM = 15633585.9999999, bChange = 0.00152784, totNum = 5
ROUND = 4068, SUM = 15633586, bChange = 0.00152807, totNum = 5
ROUND = 4069, SUM = 15633585.9999999, bChange = 0.0015283, totNum = 5
ROUND = 4070, SUM = 15633585.9999999, bChange = 0.00152852, totNum = 5
ROUND = 4071, SUM = 15633585.9999999, bChange = 0.00152875, totNum = 5
ROUND = 4072, SUM = 15633586, bChange = 0.00152898, totNum = 5
ROUND = 4073, SUM = 15633585.9999999, bChange = 0.0015292, totNum = 5
ROUND = 4074, SUM = 15633586, bChange = 0.00152943, totNum = 5
ROUND = 4075, SUM = 15633586, bChange = 0.00152966, totNum = 5
ROUND = 4076, SUM = 15633585.9999999, bChange = 0.00152988, totNum = 5
ROUND = 4077, SUM = 15633585.9999999, bChange = 0.00153011, totNum = 5
ROUND = 4078, SUM = 15633585.9999999, bChange = 0.00153034, totNum = 5
ROUND = 4079, SUM = 15633585.9999999, bChange = 0.00153056, totNum = 5
ROUND = 4080, SUM = 15633585.9999999, bChange = 0.00153079, totNum = 5
ROUND = 4081, SUM = 15633585.9999999, bChange = 0.00153101, totNum = 5
ROUND = 4082, SUM = 15633585.9999999, bChange = 0.00153124, totNum = 5
ROUND = 4083, SUM = 15633585.9999999, bChange = 0.00153147, totNum = 5
ROUND = 4084, SUM = 15633585.9999999, bChange = 0.00153169, totNum = 5
ROUND = 4085, SUM = 15633585.9999999, bChange = 0.00153192, totNum = 5
ROUND = 4086, SUM = 15633585.9999999, bChange = 0.00153214, totNum = 5
ROUND = 4087, SUM = 15633585.9999999, bChange = 0.00153237, totNum = 5
ROUND = 4088, SUM = 15633585.9999999, bChange = 0.00153259, totNum = 5
ROUND = 4089, SUM = 15633585.9999999, bChange = 0.00153282, totNum = 5
ROUND = 4090, SUM = 15633585.9999999, bChange = 0.00153304, totNum = 5
ROUND = 4091, SUM = 15633585.9999999, bChange = 0.00153327, totNum = 5
ROUND = 4092, SUM = 15633585.9999999, bChange = 0.00153349, totNum = 5
ROUND = 4093, SUM = 15633586, bChange = 0.00153372, totNum = 5
ROUND = 4094, SUM = 15633585.9999999, bChange = 0.00153394, totNum = 5
ROUND = 4095, SUM = 15633585.9999999, bChange = 0.00153417, totNum = 5
ROUND = 4096, SUM = 15633585.9999999, bChange = 0.00153439, totNum = 5
ROUND = 4097, SUM = 15633585.9999999, bChange = 0.00153461, totNum = 5
ROUND = 4098, SUM = 15633586, bChange = 0.00153484, totNum = 5
ROUND = 4099, SUM = 15633585.9999999, bChange = 0.00153506, totNum = 5
ROUND = 4100, SUM = 15633586, bChange = 0.00153529, totNum = 5
ROUND = 4101, SUM = 15633586, bChange = 0.00153551, totNum = 5
ROUND = 4102, SUM = 15633585.9999999, bChange = 0.00153573, totNum = 5
ROUND = 4103, SUM = 15633585.9999999, bChange = 0.00153596, totNum = 5
ROUND = 4104, SUM = 15633585.9999999, bChange = 0.00153618, totNum = 5
ROUND = 4105, SUM = 15633585.9999999, bChange = 0.0015364, totNum = 5
ROUND = 4106, SUM = 15633585.9999999, bChange = 0.00153663, totNum = 5
ROUND = 4107, SUM = 15633585.9999999, bChange = 0.00153685, totNum = 5
ROUND = 4108, SUM = 15633585.9999999, bChange = 0.00153707, totNum = 5
ROUND = 4109, SUM = 15633585.9999999, bChange = 0.00153729, totNum = 5
ROUND = 4110, SUM = 15633585.9999999, bChange = 0.00153752, totNum = 5
ROUND = 4111, SUM = 15633585.9999999, bChange = 0.00153774, totNum = 5
ROUND = 4112, SUM = 15633586, bChange = 0.00153796, totNum = 5
ROUND = 4113, SUM = 15633586, bChange = 0.00153818, totNum = 5
ROUND = 4114, SUM = 15633586, bChange = 0.00153841, totNum = 5
ROUND = 4115, SUM = 15633586, bChange = 0.00153863, totNum = 5
ROUND = 4116, SUM = 15633585.9999999, bChange = 0.00153885, totNum = 5
ROUND = 4117, SUM = 15633585.9999999, bChange = 0.00153907, totNum = 5
ROUND = 4118, SUM = 15633586, bChange = 0.00153929, totNum = 5
ROUND = 4119, SUM = 15633585.9999999, bChange = 0.00153952, totNum = 5
ROUND = 4120, SUM = 15633586, bChange = 0.00153974, totNum = 5
ROUND = 4121, SUM = 15633586, bChange = 0.00153996, totNum = 5
ROUND = 4122, SUM = 15633586, bChange = 0.00154018, totNum = 5
ROUND = 4123, SUM = 15633586, bChange = 0.0015404, totNum = 5
ROUND = 4124, SUM = 15633586, bChange = 0.00154062, totNum = 5
ROUND = 4125, SUM = 15633586, bChange = 0.00154084, totNum = 5
ROUND = 4126, SUM = 15633585.9999999, bChange = 0.00154106, totNum = 5
ROUND = 4127, SUM = 15633586, bChange = 0.00154128, totNum = 5
ROUND = 4128, SUM = 15633586, bChange = 0.0015415, totNum = 5
ROUND = 4129, SUM = 15633585.9999999, bChange = 0.00154173, totNum = 5
ROUND = 4130, SUM = 15633585.9999999, bChange = 0.00154195, totNum = 5
ROUND = 4131, SUM = 15633586, bChange = 0.00154217, totNum = 5
ROUND = 4132, SUM = 15633586, bChange = 0.00154239, totNum = 5
ROUND = 4133, SUM = 15633585.9999999, bChange = 0.00154261, totNum = 5
ROUND = 4134, SUM = 15633586, bChange = 0.00154283, totNum = 5
ROUND = 4135, SUM = 15633585.9999999, bChange = 0.00154305, totNum = 5
ROUND = 4136, SUM = 15633586, bChange = 0.00154327, totNum = 5
ROUND = 4137, SUM = 15633585.9999999, bChange = 0.00154348, totNum = 5
ROUND = 4138, SUM = 15633585.9999999, bChange = 0.0015437, totNum = 5
ROUND = 4139, SUM = 15633586, bChange = 0.00154392, totNum = 5
ROUND = 4140, SUM = 15633585.9999999, bChange = 0.00154414, totNum = 5
ROUND = 4141, SUM = 15633586, bChange = 0.00154436, totNum = 5
ROUND = 4142, SUM = 15633585.9999999, bChange = 0.00154458, totNum = 5
ROUND = 4143, SUM = 15633585.9999999, bChange = 0.0015448, totNum = 5
ROUND = 4144, SUM = 15633586, bChange = 0.00154502, totNum = 5
ROUND = 4145, SUM = 15633585.9999999, bChange = 0.00154524, totNum = 5
ROUND = 4146, SUM = 15633585.9999999, bChange = 0.00154546, totNum = 5
ROUND = 4147, SUM = 15633585.9999999, bChange = 0.00154567, totNum = 5
ROUND = 4148, SUM = 15633586, bChange = 0.00154589, totNum = 5
ROUND = 4149, SUM = 15633585.9999999, bChange = 0.00154611, totNum = 5
ROUND = 4150, SUM = 15633585.9999999, bChange = 0.00154633, totNum = 5
ROUND = 4151, SUM = 15633585.9999999, bChange = 0.00154655, totNum = 5
ROUND = 4152, SUM = 15633585.9999999, bChange = 0.00154676, totNum = 5
ROUND = 4153, SUM = 15633586, bChange = 0.00154698, totNum = 5
ROUND = 4154, SUM = 15633585.9999999, bChange = 0.0015472, totNum = 5
ROUND = 4155, SUM = 15633585.9999999, bChange = 0.00154742, totNum = 5
ROUND = 4156, SUM = 15633586, bChange = 0.00154763, totNum = 5
ROUND = 4157, SUM = 15633585.9999999, bChange = 0.00154785, totNum = 5
ROUND = 4158, SUM = 15633586, bChange = 0.00154807, totNum = 5
ROUND = 4159, SUM = 15633586, bChange = 0.00154829, totNum = 5
ROUND = 4160, SUM = 15633586, bChange = 0.0015485, totNum = 5
ROUND = 4161, SUM = 15633585.9999999, bChange = 0.00154872, totNum = 5
ROUND = 4162, SUM = 15633585.9999999, bChange = 0.00154894, totNum = 5
ROUND = 4163, SUM = 15633586, bChange = 0.00154915, totNum = 5
ROUND = 4164, SUM = 15633585.9999999, bChange = 0.00154937, totNum = 5
ROUND = 4165, SUM = 15633585.9999999, bChange = 0.00154959, totNum = 5
ROUND = 4166, SUM = 15633585.9999999, bChange = 0.0015498, totNum = 5
ROUND = 4167, SUM = 15633585.9999999, bChange = 0.00155002, totNum = 5
ROUND = 4168, SUM = 15633585.9999999, bChange = 0.00155023, totNum = 5
ROUND = 4169, SUM = 15633585.9999999, bChange = 0.00155045, totNum = 5
ROUND = 4170, SUM = 15633585.9999999, bChange = 0.00155067, totNum = 5
ROUND = 4171, SUM = 15633585.9999999, bChange = 0.00155088, totNum = 5
ROUND = 4172, SUM = 15633585.9999999, bChange = 0.0015511, totNum = 5
ROUND = 4173, SUM = 15633585.9999999, bChange = 0.00155131, totNum = 5
ROUND = 4174, SUM = 15633585.9999999, bChange = 0.00155153, totNum = 5
ROUND = 4175, SUM = 15633585.9999999, bChange = 0.00155174, totNum = 5
ROUND = 4176, SUM = 15633585.9999999, bChange = 0.00155196, totNum = 5
ROUND = 4177, SUM = 15633585.9999999, bChange = 0.00155217, totNum = 5
ROUND = 4178, SUM = 15633585.9999999, bChange = 0.00155239, totNum = 5
ROUND = 4179, SUM = 15633585.9999999, bChange = 0.0015526, totNum = 5
ROUND = 4180, SUM = 15633585.9999999, bChange = 0.00155282, totNum = 5
ROUND = 4181, SUM = 15633586, bChange = 0.00155303, totNum = 5
ROUND = 4182, SUM = 15633585.9999999, bChange = 0.00155325, totNum = 5
ROUND = 4183, SUM = 15633585.9999999, bChange = 0.00155346, totNum = 5
ROUND = 4184, SUM = 15633585.9999999, bChange = 0.00155367, totNum = 5
ROUND = 4185, SUM = 15633586, bChange = 0.00155389, totNum = 5
ROUND = 4186, SUM = 15633585.9999999, bChange = 0.0015541, totNum = 5
ROUND = 4187, SUM = 15633585.9999999, bChange = 0.00155432, totNum = 5
ROUND = 4188, SUM = 15633585.9999999, bChange = 0.00155453, totNum = 5
ROUND = 4189, SUM = 15633585.9999999, bChange = 0.00155474, totNum = 5
ROUND = 4190, SUM = 15633585.9999999, bChange = 0.00155496, totNum = 5
ROUND = 4191, SUM = 15633585.9999999, bChange = 0.00155517, totNum = 5
ROUND = 4192, SUM = 15633585.9999999, bChange = 0.00155538, totNum = 5
ROUND = 4193, SUM = 15633585.9999999, bChange = 0.0015556, totNum = 5
ROUND = 4194, SUM = 15633585.9999999, bChange = 0.00155581, totNum = 5
ROUND = 4195, SUM = 15633585.9999999, bChange = 0.00155602, totNum = 5
ROUND = 4196, SUM = 15633585.9999999, bChange = 0.00155623, totNum = 5
ROUND = 4197, SUM = 15633585.9999999, bChange = 0.00155645, totNum = 5
ROUND = 4198, SUM = 15633585.9999999, bChange = 0.00155666, totNum = 5
ROUND = 4199, SUM = 15633585.9999999, bChange = 0.00155687, totNum = 5
ROUND = 4200, SUM = 15633585.9999999, bChange = 0.00155708, totNum = 5
ROUND = 4201, SUM = 15633585.9999999, bChange = 0.0015573, totNum = 5
ROUND = 4202, SUM = 15633585.9999999, bChange = 0.00155751, totNum = 5
ROUND = 4203, SUM = 15633585.9999999, bChange = 0.00155772, totNum = 5
ROUND = 4204, SUM = 15633585.9999999, bChange = 0.00155793, totNum = 5
ROUND = 4205, SUM = 15633585.9999999, bChange = 0.00155814, totNum = 5
ROUND = 4206, SUM = 15633586, bChange = 0.00155836, totNum = 5
ROUND = 4207, SUM = 15633585.9999999, bChange = 0.00155857, totNum = 5
ROUND = 4208, SUM = 15633586, bChange = 0.00155878, totNum = 5
ROUND = 4209, SUM = 15633585.9999999, bChange = 0.00155899, totNum = 5
ROUND = 4210, SUM = 15633585.9999999, bChange = 0.0015592, totNum = 5
ROUND = 4211, SUM = 15633585.9999999, bChange = 0.00155941, totNum = 5
ROUND = 4212, SUM = 15633585.9999999, bChange = 0.00155962, totNum = 5
ROUND = 4213, SUM = 15633585.9999999, bChange = 0.00155983, totNum = 5
ROUND = 4214, SUM = 15633585.9999999, bChange = 0.00156004, totNum = 5
ROUND = 4215, SUM = 15633585.9999999, bChange = 0.00156026, totNum = 5
ROUND = 4216, SUM = 15633586, bChange = 0.00156047, totNum = 5
ROUND = 4217, SUM = 15633585.9999999, bChange = 0.00156068, totNum = 5
ROUND = 4218, SUM = 15633586, bChange = 0.00156089, totNum = 5
ROUND = 4219, SUM = 15633585.9999999, bChange = 0.0015611, totNum = 5
ROUND = 4220, SUM = 15633585.9999999, bChange = 0.00156131, totNum = 5
ROUND = 4221, SUM = 15633585.9999999, bChange = 0.00156152, totNum = 5
ROUND = 4222, SUM = 15633585.9999999, bChange = 0.00156173, totNum = 5
ROUND = 4223, SUM = 15633585.9999999, bChange = 0.00156194, totNum = 5
ROUND = 4224, SUM = 15633586, bChange = 0.00156214, totNum = 5
ROUND = 4225, SUM = 15633585.9999999, bChange = 0.00156235, totNum = 5
ROUND = 4226, SUM = 15633585.9999999, bChange = 0.00156256, totNum = 5
ROUND = 4227, SUM = 15633586, bChange = 0.00156277, totNum = 5
ROUND = 4228, SUM = 15633585.9999999, bChange = 0.00156298, totNum = 5
ROUND = 4229, SUM = 15633586, bChange = 0.00156319, totNum = 5
ROUND = 4230, SUM = 15633585.9999999, bChange = 0.0015634, totNum = 5
ROUND = 4231, SUM = 15633585.9999999, bChange = 0.00156361, totNum = 5
ROUND = 4232, SUM = 15633585.9999999, bChange = 0.00156382, totNum = 5
ROUND = 4233, SUM = 15633585.9999999, bChange = 0.00156403, totNum = 5
ROUND = 4234, SUM = 15633585.9999999, bChange = 0.00156423, totNum = 5
ROUND = 4235, SUM = 15633585.9999999, bChange = 0.00156444, totNum = 5
ROUND = 4236, SUM = 15633586, bChange = 0.00156465, totNum = 5
ROUND = 4237, SUM = 15633585.9999999, bChange = 0.00156486, totNum = 5
ROUND = 4238, SUM = 15633585.9999999, bChange = 0.00156507, totNum = 5
ROUND = 4239, SUM = 15633586, bChange = 0.00156527, totNum = 5
ROUND = 4240, SUM = 15633585.9999999, bChange = 0.00156548, totNum = 5
ROUND = 4241, SUM = 15633585.9999999, bChange = 0.00156569, totNum = 5
ROUND = 4242, SUM = 15633585.9999999, bChange = 0.0015659, totNum = 5
ROUND = 4243, SUM = 15633585.9999999, bChange = 0.0015661, totNum = 5
ROUND = 4244, SUM = 15633585.9999999, bChange = 0.00156631, totNum = 5
ROUND = 4245, SUM = 15633586, bChange = 0.00156652, totNum = 5
ROUND = 4246, SUM = 15633586, bChange = 0.00156673, totNum = 5
ROUND = 4247, SUM = 15633586, bChange = 0.00156693, totNum = 5
ROUND = 4248, SUM = 15633585.9999999, bChange = 0.00156714, totNum = 5
ROUND = 4249, SUM = 15633585.9999999, bChange = 0.00156735, totNum = 5
ROUND = 4250, SUM = 15633585.9999999, bChange = 0.00156755, totNum = 5
ROUND = 4251, SUM = 15633585.9999999, bChange = 0.00156776, totNum = 5
ROUND = 4252, SUM = 15633585.9999999, bChange = 0.00156796, totNum = 5
ROUND = 4253, SUM = 15633585.9999999, bChange = 0.00156817, totNum = 5
ROUND = 4254, SUM = 15633585.9999999, bChange = 0.00156838, totNum = 5
ROUND = 4255, SUM = 15633585.9999999, bChange = 0.00156858, totNum = 5
ROUND = 4256, SUM = 15633585.9999999, bChange = 0.00156879, totNum = 5
ROUND = 4257, SUM = 15633585.9999999, bChange = 0.00156899, totNum = 5
ROUND = 4258, SUM = 15633585.9999999, bChange = 0.0015692, totNum = 5
ROUND = 4259, SUM = 15633585.9999999, bChange = 0.00156941, totNum = 5
ROUND = 4260, SUM = 15633585.9999999, bChange = 0.00156961, totNum = 5
ROUND = 4261, SUM = 15633586, bChange = 0.00156982, totNum = 5
ROUND = 4262, SUM = 15633585.9999999, bChange = 0.00157002, totNum = 5
ROUND = 4263, SUM = 15633585.9999999, bChange = 0.00157023, totNum = 5
ROUND = 4264, SUM = 15633585.9999999, bChange = 0.00157043, totNum = 5
ROUND = 4265, SUM = 15633585.9999999, bChange = 0.00157064, totNum = 5
ROUND = 4266, SUM = 15633585.9999999, bChange = 0.00157084, totNum = 5
ROUND = 4267, SUM = 15633585.9999999, bChange = 0.00157105, totNum = 5
ROUND = 4268, SUM = 15633585.9999999, bChange = 0.00157125, totNum = 5
ROUND = 4269, SUM = 15633585.9999999, bChange = 0.00157145, totNum = 5
ROUND = 4270, SUM = 15633585.9999999, bChange = 0.00157166, totNum = 5
ROUND = 4271, SUM = 15633586, bChange = 0.00157186, totNum = 5
ROUND = 4272, SUM = 15633586, bChange = 0.00157207, totNum = 5
ROUND = 4273, SUM = 15633586, bChange = 0.00157227, totNum = 5
ROUND = 4274, SUM = 15633585.9999999, bChange = 0.00157247, totNum = 5
ROUND = 4275, SUM = 15633585.9999999, bChange = 0.00157268, totNum = 5
ROUND = 4276, SUM = 15633585.9999999, bChange = 0.00157288, totNum = 5
ROUND = 4277, SUM = 15633585.9999999, bChange = 0.00157308, totNum = 5
ROUND = 4278, SUM = 15633585.9999999, bChange = 0.00157329, totNum = 5
ROUND = 4279, SUM = 15633585.9999999, bChange = 0.00157349, totNum = 5
ROUND = 4280, SUM = 15633585.9999999, bChange = 0.00157369, totNum = 5
ROUND = 4281, SUM = 15633585.9999999, bChange = 0.0015739, totNum = 5
ROUND = 4282, SUM = 15633586, bChange = 0.0015741, totNum = 5
ROUND = 4283, SUM = 15633585.9999999, bChange = 0.0015743, totNum = 5
ROUND = 4284, SUM = 15633585.9999999, bChange = 0.0015745, totNum = 5
ROUND = 4285, SUM = 15633585.9999999, bChange = 0.00157471, totNum = 5
ROUND = 4286, SUM = 15633586, bChange = 0.00157491, totNum = 5
ROUND = 4287, SUM = 15633585.9999999, bChange = 0.00157511, totNum = 5
ROUND = 4288, SUM = 15633585.9999999, bChange = 0.00157531, totNum = 5
ROUND = 4289, SUM = 15633585.9999999, bChange = 0.00157552, totNum = 5
ROUND = 4290, SUM = 15633585.9999999, bChange = 0.00157572, totNum = 5
ROUND = 4291, SUM = 15633586, bChange = 0.00157592, totNum = 5
ROUND = 4292, SUM = 15633585.9999999, bChange = 0.00157612, totNum = 5
ROUND = 4293, SUM = 15633585.9999999, bChange = 0.00157632, totNum = 5
ROUND = 4294, SUM = 15633585.9999999, bChange = 0.00157652, totNum = 5
ROUND = 4295, SUM = 15633585.9999999, bChange = 0.00157673, totNum = 5
ROUND = 4296, SUM = 15633586, bChange = 0.00157693, totNum = 5
ROUND = 4297, SUM = 15633585.9999999, bChange = 0.00157713, totNum = 5
ROUND = 4298, SUM = 15633585.9999999, bChange = 0.00157733, totNum = 5
ROUND = 4299, SUM = 15633586, bChange = 0.00157753, totNum = 5
ROUND = 4300, SUM = 15633585.9999999, bChange = 0.00157773, totNum = 5
ROUND = 4301, SUM = 15633586, bChange = 0.00157793, totNum = 5
ROUND = 4302, SUM = 15633585.9999999, bChange = 0.00157813, totNum = 5
ROUND = 4303, SUM = 15633586, bChange = 0.00157833, totNum = 5
ROUND = 4304, SUM = 15633586, bChange = 0.00157853, totNum = 5
ROUND = 4305, SUM = 15633585.9999999, bChange = 0.00157873, totNum = 5
ROUND = 4306, SUM = 15633585.9999999, bChange = 0.00157893, totNum = 5
ROUND = 4307, SUM = 15633586, bChange = 0.00157913, totNum = 5
ROUND = 4308, SUM = 15633585.9999999, bChange = 0.00157933, totNum = 5
ROUND = 4309, SUM = 15633586, bChange = 0.00157953, totNum = 5
ROUND = 4310, SUM = 15633586, bChange = 0.00157973, totNum = 5
ROUND = 4311, SUM = 15633585.9999999, bChange = 0.00157993, totNum = 5
ROUND = 4312, SUM = 15633585.9999999, bChange = 0.00158013, totNum = 5
ROUND = 4313, SUM = 15633585.9999999, bChange = 0.00158033, totNum = 5
ROUND = 4314, SUM = 15633586, bChange = 0.00158053, totNum = 5
ROUND = 4315, SUM = 15633585.9999999, bChange = 0.00158073, totNum = 5
ROUND = 4316, SUM = 15633585.9999999, bChange = 0.00158093, totNum = 5
ROUND = 4317, SUM = 15633586, bChange = 0.00158112, totNum = 5
ROUND = 4318, SUM = 15633585.9999999, bChange = 0.00158132, totNum = 5
ROUND = 4319, SUM = 15633585.9999999, bChange = 0.00158152, totNum = 5
ROUND = 4320, SUM = 15633586, bChange = 0.00158172, totNum = 5
ROUND = 4321, SUM = 15633585.9999999, bChange = 0.00158192, totNum = 5
ROUND = 4322, SUM = 15633586, bChange = 0.00158212, totNum = 5
ROUND = 4323, SUM = 15633586, bChange = 0.00158231, totNum = 5
ROUND = 4324, SUM = 15633585.9999999, bChange = 0.00158251, totNum = 5
ROUND = 4325, SUM = 15633586, bChange = 0.00158271, totNum = 5
ROUND = 4326, SUM = 15633586, bChange = 0.00158291, totNum = 5
ROUND = 4327, SUM = 15633585.9999999, bChange = 0.00158311, totNum = 5
ROUND = 4328, SUM = 15633585.9999999, bChange = 0.0015833, totNum = 5
ROUND = 4329, SUM = 15633585.9999999, bChange = 0.0015835, totNum = 5
ROUND = 4330, SUM = 15633586, bChange = 0.0015837, totNum = 5
ROUND = 4331, SUM = 15633585.9999999, bChange = 0.00158389, totNum = 5
ROUND = 4332, SUM = 15633586, bChange = 0.00158409, totNum = 5
ROUND = 4333, SUM = 15633586, bChange = 0.00158429, totNum = 5
ROUND = 4334, SUM = 15633585.9999999, bChange = 0.00158449, totNum = 5
ROUND = 4335, SUM = 15633585.9999999, bChange = 0.00158468, totNum = 5
ROUND = 4336, SUM = 15633585.9999999, bChange = 0.00158488, totNum = 5
ROUND = 4337, SUM = 15633585.9999999, bChange = 0.00158507, totNum = 5
ROUND = 4338, SUM = 15633585.9999999, bChange = 0.00158527, totNum = 5
ROUND = 4339, SUM = 15633585.9999999, bChange = 0.00158547, totNum = 5
ROUND = 4340, SUM = 15633585.9999999, bChange = 0.00158566, totNum = 5
ROUND = 4341, SUM = 15633585.9999999, bChange = 0.00158586, totNum = 5
ROUND = 4342, SUM = 15633585.9999999, bChange = 0.00158606, totNum = 5
ROUND = 4343, SUM = 15633586, bChange = 0.00158625, totNum = 5
ROUND = 4344, SUM = 15633585.9999999, bChange = 0.00158645, totNum = 5
ROUND = 4345, SUM = 15633585.9999999, bChange = 0.00158664, totNum = 5
ROUND = 4346, SUM = 15633585.9999999, bChange = 0.00158684, totNum = 5
ROUND = 4347, SUM = 15633586, bChange = 0.00158703, totNum = 5
ROUND = 4348, SUM = 15633585.9999999, bChange = 0.00158723, totNum = 5
ROUND = 4349, SUM = 15633586, bChange = 0.00158742, totNum = 5
ROUND = 4350, SUM = 15633585.9999999, bChange = 0.00158762, totNum = 5
ROUND = 4351, SUM = 15633585.9999999, bChange = 0.00158781, totNum = 5
ROUND = 4352, SUM = 15633585.9999999, bChange = 0.00158801, totNum = 5
ROUND = 4353, SUM = 15633585.9999999, bChange = 0.0015882, totNum = 5
ROUND = 4354, SUM = 15633585.9999999, bChange = 0.0015884, totNum = 5
ROUND = 4355, SUM = 15633586, bChange = 0.00158859, totNum = 5
ROUND = 4356, SUM = 15633585.9999999, bChange = 0.00158878, totNum = 5
ROUND = 4357, SUM = 15633585.9999999, bChange = 0.00158898, totNum = 5
ROUND = 4358, SUM = 15633585.9999999, bChange = 0.00158917, totNum = 5
ROUND = 4359, SUM = 15633585.9999999, bChange = 0.00158937, totNum = 5
ROUND = 4360, SUM = 15633585.9999999, bChange = 0.00158956, totNum = 5
ROUND = 4361, SUM = 15633585.9999999, bChange = 0.00158975, totNum = 5
ROUND = 4362, SUM = 15633585.9999999, bChange = 0.00158995, totNum = 5
ROUND = 4363, SUM = 15633585.9999999, bChange = 0.00159014, totNum = 5
ROUND = 4364, SUM = 15633585.9999999, bChange = 0.00159033, totNum = 5
ROUND = 4365, SUM = 15633586, bChange = 0.00159053, totNum = 5
ROUND = 4366, SUM = 15633586, bChange = 0.00159072, totNum = 5
ROUND = 4367, SUM = 15633586, bChange = 0.00159091, totNum = 5
ROUND = 4368, SUM = 15633586, bChange = 0.00159111, totNum = 5
ROUND = 4369, SUM = 15633586, bChange = 0.0015913, totNum = 5
ROUND = 4370, SUM = 15633586, bChange = 0.00159149, totNum = 5
ROUND = 4371, SUM = 15633586, bChange = 0.00159168, totNum = 5
ROUND = 4372, SUM = 15633585.9999999, bChange = 0.00159188, totNum = 5
ROUND = 4373, SUM = 15633585.9999999, bChange = 0.00159207, totNum = 5
ROUND = 4374, SUM = 15633586, bChange = 0.00159226, totNum = 5
ROUND = 4375, SUM = 15633585.9999999, bChange = 0.00159245, totNum = 5
ROUND = 4376, SUM = 15633585.9999999, bChange = 0.00159264, totNum = 5
ROUND = 4377, SUM = 15633586, bChange = 0.00159284, totNum = 5
ROUND = 4378, SUM = 15633586, bChange = 0.00159303, totNum = 5
ROUND = 4379, SUM = 15633586, bChange = 0.00159322, totNum = 5
ROUND = 4380, SUM = 15633586, bChange = 0.00159341, totNum = 5
ROUND = 4381, SUM = 15633585.9999999, bChange = 0.0015936, totNum = 5
ROUND = 4382, SUM = 15633586, bChange = 0.00159379, totNum = 5
ROUND = 4383, SUM = 15633586, bChange = 0.00159398, totNum = 5
ROUND = 4384, SUM = 15633585.9999999, bChange = 0.00159418, totNum = 5
ROUND = 4385, SUM = 15633585.9999999, bChange = 0.00159437, totNum = 5
ROUND = 4386, SUM = 15633585.9999999, bChange = 0.00159456, totNum = 5
ROUND = 4387, SUM = 15633586, bChange = 0.00159475, totNum = 5
ROUND = 4388, SUM = 15633586, bChange = 0.00159494, totNum = 5
ROUND = 4389, SUM = 15633586, bChange = 0.00159513, totNum = 5
ROUND = 4390, SUM = 15633586, bChange = 0.00159532, totNum = 5
ROUND = 4391, SUM = 15633586, bChange = 0.00159551, totNum = 5
ROUND = 4392, SUM = 15633586, bChange = 0.0015957, totNum = 5
ROUND = 4393, SUM = 15633586, bChange = 0.00159589, totNum = 5
ROUND = 4394, SUM = 15633586, bChange = 0.00159608, totNum = 5
ROUND = 4395, SUM = 15633586, bChange = 0.00159627, totNum = 5
ROUND = 4396, SUM = 15633585.9999999, bChange = 0.00159646, totNum = 5
ROUND = 4397, SUM = 15633586, bChange = 0.00159665, totNum = 5
ROUND = 4398, SUM = 15633585.9999999, bChange = 0.00159684, totNum = 5
ROUND = 4399, SUM = 15633586, bChange = 0.00159703, totNum = 5
ROUND = 4400, SUM = 15633586, bChange = 0.00159722, totNum = 5
ROUND = 4401, SUM = 15633585.9999999, bChange = 0.0015974, totNum = 5
ROUND = 4402, SUM = 15633585.9999999, bChange = 0.00159759, totNum = 5
ROUND = 4403, SUM = 15633585.9999999, bChange = 0.00159778, totNum = 5
ROUND = 4404, SUM = 15633585.9999999, bChange = 0.00159797, totNum = 5
ROUND = 4405, SUM = 15633585.9999999, bChange = 0.00159816, totNum = 5
ROUND = 4406, SUM = 15633586, bChange = 0.00159835, totNum = 5
ROUND = 4407, SUM = 15633585.9999999, bChange = 0.00159854, totNum = 5
ROUND = 4408, SUM = 15633586, bChange = 0.00159872, totNum = 5
ROUND = 4409, SUM = 15633586, bChange = 0.00159891, totNum = 5
ROUND = 4410, SUM = 15633585.9999999, bChange = 0.0015991, totNum = 5
ROUND = 4411, SUM = 15633586, bChange = 0.00159929, totNum = 5
ROUND = 4412, SUM = 15633586, bChange = 0.00159948, totNum = 5
ROUND = 4413, SUM = 15633586, bChange = 0.00159966, totNum = 5
ROUND = 4414, SUM = 15633585.9999999, bChange = 0.00159985, totNum = 5
ROUND = 4415, SUM = 15633586, bChange = 0.00160004, totNum = 5
ROUND = 4416, SUM = 15633586, bChange = 0.00160023, totNum = 5
ROUND = 4417, SUM = 15633586, bChange = 0.00160041, totNum = 5
ROUND = 4418, SUM = 15633586, bChange = 0.0016006, totNum = 5
ROUND = 4419, SUM = 15633586, bChange = 0.00160079, totNum = 5
ROUND = 4420, SUM = 15633586, bChange = 0.00160097, totNum = 5
ROUND = 4421, SUM = 15633585.9999999, bChange = 0.00160116, totNum = 5
ROUND = 4422, SUM = 15633585.9999999, bChange = 0.00160135, totNum = 5
ROUND = 4423, SUM = 15633585.9999999, bChange = 0.00160153, totNum = 5
ROUND = 4424, SUM = 15633585.9999999, bChange = 0.00160172, totNum = 5
ROUND = 4425, SUM = 15633585.9999999, bChange = 0.00160191, totNum = 5
ROUND = 4426, SUM = 15633586, bChange = 0.00160209, totNum = 5
ROUND = 4427, SUM = 15633585.9999999, bChange = 0.00160228, totNum = 5
ROUND = 4428, SUM = 15633586, bChange = 0.00160246, totNum = 5
ROUND = 4429, SUM = 15633586, bChange = 0.00160265, totNum = 5
ROUND = 4430, SUM = 15633585.9999999, bChange = 0.00160284, totNum = 5
ROUND = 4431, SUM = 15633585.9999999, bChange = 0.00160302, totNum = 5
ROUND = 4432, SUM = 15633585.9999999, bChange = 0.00160321, totNum = 5
ROUND = 4433, SUM = 15633585.9999999, bChange = 0.00160339, totNum = 5
ROUND = 4434, SUM = 15633585.9999999, bChange = 0.00160358, totNum = 5
ROUND = 4435, SUM = 15633585.9999999, bChange = 0.00160376, totNum = 5
ROUND = 4436, SUM = 15633586, bChange = 0.00160395, totNum = 5
ROUND = 4437, SUM = 15633586, bChange = 0.00160413, totNum = 5
ROUND = 4438, SUM = 15633586, bChange = 0.00160432, totNum = 5
ROUND = 4439, SUM = 15633586, bChange = 0.0016045, totNum = 5
ROUND = 4440, SUM = 15633586, bChange = 0.00160469, totNum = 5
ROUND = 4441, SUM = 15633586, bChange = 0.00160487, totNum = 5
ROUND = 4442, SUM = 15633585.9999999, bChange = 0.00160506, totNum = 5
ROUND = 4443, SUM = 15633586, bChange = 0.00160524, totNum = 5
ROUND = 4444, SUM = 15633586, bChange = 0.00160542, totNum = 5
ROUND = 4445, SUM = 15633585.9999999, bChange = 0.00160561, totNum = 5
ROUND = 4446, SUM = 15633586, bChange = 0.00160579, totNum = 5
ROUND = 4447, SUM = 15633586, bChange = 0.00160597, totNum = 5
ROUND = 4448, SUM = 15633586, bChange = 0.00160616, totNum = 5
ROUND = 4449, SUM = 15633585.9999999, bChange = 0.00160634, totNum = 5
ROUND = 4450, SUM = 15633586, bChange = 0.00160653, totNum = 5
ROUND = 4451, SUM = 15633585.9999999, bChange = 0.00160671, totNum = 5
ROUND = 4452, SUM = 15633585.9999999, bChange = 0.00160689, totNum = 4
ROUND = 4453, SUM = 15633585.9999999, bChange = 0.00160707, totNum = 4
ROUND = 4454, SUM = 15633585.9999999, bChange = 0.00160726, totNum = 4
ROUND = 4455, SUM = 15633585.9999999, bChange = 0.00160744, totNum = 4
ROUND = 4456, SUM = 15633586, bChange = 0.00160762, totNum = 4
ROUND = 4457, SUM = 15633585.9999999, bChange = 0.00160781, totNum = 4
ROUND = 4458, SUM = 15633585.9999999, bChange = 0.00160799, totNum = 4
ROUND = 4459, SUM = 15633585.9999999, bChange = 0.00160817, totNum = 4
ROUND = 4460, SUM = 15633585.9999999, bChange = 0.00160835, totNum = 4
ROUND = 4461, SUM = 15633586, bChange = 0.00160853, totNum = 4
ROUND = 4462, SUM = 15633585.9999999, bChange = 0.00160872, totNum = 4
ROUND = 4463, SUM = 15633585.9999999, bChange = 0.0016089, totNum = 4
ROUND = 4464, SUM = 15633586, bChange = 0.00160908, totNum = 4
ROUND = 4465, SUM = 15633586, bChange = 0.00160926, totNum = 4
ROUND = 4466, SUM = 15633586, bChange = 0.00160944, totNum = 4
ROUND = 4467, SUM = 15633585.9999999, bChange = 0.00160962, totNum = 4
ROUND = 4468, SUM = 15633585.9999999, bChange = 0.00160981, totNum = 4
ROUND = 4469, SUM = 15633586, bChange = 0.00160999, totNum = 4
ROUND = 4470, SUM = 15633586, bChange = 0.00161017, totNum = 4
ROUND = 4471, SUM = 15633585.9999999, bChange = 0.00161035, totNum = 4
ROUND = 4472, SUM = 15633585.9999999, bChange = 0.00161053, totNum = 4
ROUND = 4473, SUM = 15633585.9999999, bChange = 0.00161071, totNum = 4
ROUND = 4474, SUM = 15633585.9999999, bChange = 0.00161089, totNum = 4
ROUND = 4475, SUM = 15633585.9999999, bChange = 0.00161107, totNum = 4
ROUND = 4476, SUM = 15633586, bChange = 0.00161125, totNum = 4
ROUND = 4477, SUM = 15633585.9999999, bChange = 0.00161143, totNum = 4
ROUND = 4478, SUM = 15633585.9999999, bChange = 0.00161161, totNum = 4
ROUND = 4479, SUM = 15633585.9999999, bChange = 0.00161179, totNum = 4
ROUND = 4480, SUM = 15633586, bChange = 0.00161197, totNum = 4
ROUND = 4481, SUM = 15633586, bChange = 0.00161215, totNum = 4
ROUND = 4482, SUM = 15633586, bChange = 0.00161233, totNum = 4
ROUND = 4483, SUM = 15633586, bChange = 0.00161251, totNum = 4
ROUND = 4484, SUM = 15633586, bChange = 0.00161269, totNum = 4
ROUND = 4485, SUM = 15633586, bChange = 0.00161287, totNum = 4
ROUND = 4486, SUM = 15633586, bChange = 0.00161305, totNum = 4
ROUND = 4487, SUM = 15633585.9999999, bChange = 0.00161323, totNum = 4
ROUND = 4488, SUM = 15633585.9999999, bChange = 0.00161341, totNum = 4
ROUND = 4489, SUM = 15633586, bChange = 0.00161359, totNum = 4
ROUND = 4490, SUM = 15633585.9999999, bChange = 0.00161377, totNum = 4
ROUND = 4491, SUM = 15633585.9999999, bChange = 0.00161394, totNum = 4
ROUND = 4492, SUM = 15633586, bChange = 0.00161412, totNum = 4
ROUND = 4493, SUM = 15633586, bChange = 0.0016143, totNum = 4
ROUND = 4494, SUM = 15633585.9999999, bChange = 0.00161448, totNum = 4
ROUND = 4495, SUM = 15633586, bChange = 0.00161466, totNum = 4
ROUND = 4496, SUM = 15633585.9999999, bChange = 0.00161484, totNum = 4
ROUND = 4497, SUM = 15633585.9999999, bChange = 0.00161501, totNum = 4
ROUND = 4498, SUM = 15633585.9999999, bChange = 0.00161519, totNum = 4
ROUND = 4499, SUM = 15633585.9999999, bChange = 0.00161537, totNum = 3
ROUND = 4500, SUM = 15633585.9999999, bChange = 0.00161555, totNum = 3
ROUND = 4501, SUM = 15633585.9999999, bChange = 0.00161573, totNum = 3
ROUND = 4502, SUM = 15633585.9999999, bChange = 0.0016159, totNum = 3
ROUND = 4503, SUM = 15633585.9999999, bChange = 0.00161608, totNum = 3
ROUND = 4504, SUM = 15633585.9999999, bChange = 0.00161626, totNum = 3
ROUND = 4505, SUM = 15633586, bChange = 0.00161643, totNum = 3
ROUND = 4506, SUM = 15633585.9999999, bChange = 0.00161661, totNum = 3
ROUND = 4507, SUM = 15633586, bChange = 0.00161679, totNum = 3
ROUND = 4508, SUM = 15633585.9999999, bChange = 0.00161696, totNum = 3
ROUND = 4509, SUM = 15633586, bChange = 0.00161714, totNum = 3
ROUND = 4510, SUM = 15633585.9999999, bChange = 0.00161732, totNum = 3
ROUND = 4511, SUM = 15633585.9999999, bChange = 0.00161749, totNum = 3
ROUND = 4512, SUM = 15633585.9999999, bChange = 0.00161767, totNum = 3
ROUND = 4513, SUM = 15633585.9999999, bChange = 0.00161785, totNum = 3
ROUND = 4514, SUM = 15633586, bChange = 0.00161802, totNum = 3
ROUND = 4515, SUM = 15633585.9999999, bChange = 0.0016182, totNum = 3
ROUND = 4516, SUM = 15633586, bChange = 0.00161837, totNum = 3
ROUND = 4517, SUM = 15633586, bChange = 0.00161855, totNum = 3
ROUND = 4518, SUM = 15633586, bChange = 0.00161873, totNum = 3
ROUND = 4519, SUM = 15633586, bChange = 0.0016189, totNum = 3
ROUND = 4520, SUM = 15633586, bChange = 0.00161908, totNum = 3
ROUND = 4521, SUM = 15633586, bChange = 0.00161925, totNum = 3
ROUND = 4522, SUM = 15633586, bChange = 0.00161943, totNum = 3
ROUND = 4523, SUM = 15633586, bChange = 0.0016196, totNum = 3
ROUND = 4524, SUM = 15633586, bChange = 0.00161978, totNum = 3
ROUND = 4525, SUM = 15633586, bChange = 0.00161995, totNum = 3
ROUND = 4526, SUM = 15633586, bChange = 0.00162013, totNum = 3
ROUND = 4527, SUM = 15633585.9999999, bChange = 0.0016203, totNum = 3
ROUND = 4528, SUM = 15633586, bChange = 0.00162048, totNum = 3
ROUND = 4529, SUM = 15633586, bChange = 0.00162065, totNum = 3
ROUND = 4530, SUM = 15633585.9999999, bChange = 0.00162082, totNum = 3
ROUND = 4531, SUM = 15633586, bChange = 0.001621, totNum = 3
ROUND = 4532, SUM = 15633586, bChange = 0.00162117, totNum = 3
ROUND = 4533, SUM = 15633586, bChange = 0.00162135, totNum = 3
ROUND = 4534, SUM = 15633585.9999999, bChange = 0.00162152, totNum = 3
ROUND = 4535, SUM = 15633586, bChange = 0.00162169, totNum = 3
ROUND = 4536, SUM = 15633586, bChange = 0.00162187, totNum = 3
ROUND = 4537, SUM = 15633585.9999999, bChange = 0.00162204, totNum = 3
ROUND = 4538, SUM = 15633586, bChange = 0.00162221, totNum = 3
ROUND = 4539, SUM = 15633585.9999999, bChange = 0.00162239, totNum = 3
ROUND = 4540, SUM = 15633586, bChange = 0.00162256, totNum = 3
ROUND = 4541, SUM = 15633585.9999999, bChange = 0.00162273, totNum = 3
ROUND = 4542, SUM = 15633585.9999999, bChange = 0.00162291, totNum = 3
ROUND = 4543, SUM = 15633585.9999999, bChange = 0.00162308, totNum = 3
ROUND = 4544, SUM = 15633586, bChange = 0.00162325, totNum = 3
ROUND = 4545, SUM = 15633586, bChange = 0.00162342, totNum = 3
ROUND = 4546, SUM = 15633585.9999999, bChange = 0.0016236, totNum = 3
ROUND = 4547, SUM = 15633585.9999999, bChange = 0.00162377, totNum = 3
ROUND = 4548, SUM = 15633586, bChange = 0.00162394, totNum = 3
ROUND = 4549, SUM = 15633585.9999999, bChange = 0.00162411, totNum = 3
ROUND = 4550, SUM = 15633585.9999999, bChange = 0.00162429, totNum = 3
ROUND = 4551, SUM = 15633586, bChange = 0.00162446, totNum = 3
ROUND = 4552, SUM = 15633585.9999999, bChange = 0.00162463, totNum = 3
ROUND = 4553, SUM = 15633585.9999999, bChange = 0.0016248, totNum = 3
ROUND = 4554, SUM = 15633585.9999999, bChange = 0.00162497, totNum = 3
ROUND = 4555, SUM = 15633585.9999999, bChange = 0.00162514, totNum = 3
ROUND = 4556, SUM = 15633586, bChange = 0.00162532, totNum = 3
ROUND = 4557, SUM = 15633585.9999999, bChange = 0.00162549, totNum = 3
ROUND = 4558, SUM = 15633585.9999999, bChange = 0.00162566, totNum = 3
ROUND = 4559, SUM = 15633585.9999999, bChange = 0.00162583, totNum = 3
ROUND = 4560, SUM = 15633585.9999999, bChange = 0.001626, totNum = 3
ROUND = 4561, SUM = 15633586, bChange = 0.00162617, totNum = 3
ROUND = 4562, SUM = 15633585.9999999, bChange = 0.00162634, totNum = 3
ROUND = 4563, SUM = 15633585.9999999, bChange = 0.00162651, totNum = 3
ROUND = 4564, SUM = 15633585.9999999, bChange = 0.00162668, totNum = 3
ROUND = 4565, SUM = 15633586, bChange = 0.00162685, totNum = 3
ROUND = 4566, SUM = 15633586, bChange = 0.00162702, totNum = 3
ROUND = 4567, SUM = 15633585.9999999, bChange = 0.00162719, totNum = 3
ROUND = 4568, SUM = 15633585.9999999, bChange = 0.00162736, totNum = 3
ROUND = 4569, SUM = 15633586, bChange = 0.00162753, totNum = 3
ROUND = 4570, SUM = 15633586, bChange = 0.0016277, totNum = 3
ROUND = 4571, SUM = 15633585.9999999, bChange = 0.00162787, totNum = 3
ROUND = 4572, SUM = 15633586, bChange = 0.00162804, totNum = 3
ROUND = 4573, SUM = 15633585.9999999, bChange = 0.00162821, totNum = 3
ROUND = 4574, SUM = 15633585.9999999, bChange = 0.00162838, totNum = 3
ROUND = 4575, SUM = 15633586, bChange = 0.00162855, totNum = 3
ROUND = 4576, SUM = 15633586, bChange = 0.00162872, totNum = 3
ROUND = 4577, SUM = 15633585.9999999, bChange = 0.00162889, totNum = 3
ROUND = 4578, SUM = 15633586, bChange = 0.00162906, totNum = 3
ROUND = 4579, SUM = 15633585.9999999, bChange = 0.00162922, totNum = 3
ROUND = 4580, SUM = 15633586, bChange = 0.00162939, totNum = 3
ROUND = 4581, SUM = 15633585.9999999, bChange = 0.00162956, totNum = 3
ROUND = 4582, SUM = 15633586, bChange = 0.00162973, totNum = 3
ROUND = 4583, SUM = 15633585.9999999, bChange = 0.0016299, totNum = 3
ROUND = 4584, SUM = 15633586, bChange = 0.00163007, totNum = 3
ROUND = 4585, SUM = 15633585.9999999, bChange = 0.00163023, totNum = 3
ROUND = 4586, SUM = 15633585.9999999, bChange = 0.0016304, totNum = 3
ROUND = 4587, SUM = 15633585.9999999, bChange = 0.00163057, totNum = 3
ROUND = 4588, SUM = 15633585.9999999, bChange = 0.00163074, totNum = 3
ROUND = 4589, SUM = 15633586, bChange = 0.00163091, totNum = 3
ROUND = 4590, SUM = 15633585.9999999, bChange = 0.00163107, totNum = 3
ROUND = 4591, SUM = 15633586, bChange = 0.00163124, totNum = 3
ROUND = 4592, SUM = 15633586, bChange = 0.00163141, totNum = 3
ROUND = 4593, SUM = 15633586, bChange = 0.00163158, totNum = 3
ROUND = 4594, SUM = 15633585.9999999, bChange = 0.00163174, totNum = 3
ROUND = 4595, SUM = 15633585.9999999, bChange = 0.00163191, totNum = 3
ROUND = 4596, SUM = 15633586, bChange = 0.00163208, totNum = 3
ROUND = 4597, SUM = 15633585.9999999, bChange = 0.00163224, totNum = 3
ROUND = 4598, SUM = 15633586, bChange = 0.00163241, totNum = 3
ROUND = 4599, SUM = 15633586, bChange = 0.00163258, totNum = 3
ROUND = 4600, SUM = 15633586, bChange = 0.00163274, totNum = 3
ROUND = 4601, SUM = 15633586, bChange = 0.00163291, totNum = 3
ROUND = 4602, SUM = 15633585.9999999, bChange = 0.00163308, totNum = 3
ROUND = 4603, SUM = 15633586, bChange = 0.00163324, totNum = 3
ROUND = 4604, SUM = 15633585.9999999, bChange = 0.00163341, totNum = 3
ROUND = 4605, SUM = 15633586, bChange = 0.00163357, totNum = 3
ROUND = 4606, SUM = 15633586, bChange = 0.00163374, totNum = 3
ROUND = 4607, SUM = 15633585.9999999, bChange = 0.0016339, totNum = 3
ROUND = 4608, SUM = 15633585.9999999, bChange = 0.00163407, totNum = 3
ROUND = 4609, SUM = 15633585.9999999, bChange = 0.00163424, totNum = 3
ROUND = 4610, SUM = 15633585.9999999, bChange = 0.0016344, totNum = 3
ROUND = 4611, SUM = 15633585.9999999, bChange = 0.00163457, totNum = 3
ROUND = 4612, SUM = 15633586, bChange = 0.00163473, totNum = 3
ROUND = 4613, SUM = 15633585.9999999, bChange = 0.0016349, totNum = 3
ROUND = 4614, SUM = 15633585.9999999, bChange = 0.00163506, totNum = 3
ROUND = 4615, SUM = 15633586, bChange = 0.00163523, totNum = 3
ROUND = 4616, SUM = 15633586, bChange = 0.00163539, totNum = 3
ROUND = 4617, SUM = 15633586, bChange = 0.00163555, totNum = 3
ROUND = 4618, SUM = 15633586, bChange = 0.00163572, totNum = 3
ROUND = 4619, SUM = 15633586, bChange = 0.00163588, totNum = 3
ROUND = 4620, SUM = 15633586, bChange = 0.00163605, totNum = 3
ROUND = 4621, SUM = 15633586, bChange = 0.00163621, totNum = 3
ROUND = 4622, SUM = 15633586, bChange = 0.00163638, totNum = 3
ROUND = 4623, SUM = 15633586, bChange = 0.00163654, totNum = 3
ROUND = 4624, SUM = 15633586, bChange = 0.0016367, totNum = 3
ROUND = 4625, SUM = 15633585.9999999, bChange = 0.00163687, totNum = 3
ROUND = 4626, SUM = 15633586, bChange = 0.00163703, totNum = 3
ROUND = 4627, SUM = 15633586, bChange = 0.00163719, totNum = 3
ROUND = 4628, SUM = 15633586, bChange = 0.00163736, totNum = 3
ROUND = 4629, SUM = 15633586, bChange = 0.00163752, totNum = 3
ROUND = 4630, SUM = 15633585.9999999, bChange = 0.00163768, totNum = 3
ROUND = 4631, SUM = 15633586, bChange = 0.00163785, totNum = 3
ROUND = 4632, SUM = 15633586, bChange = 0.00163801, totNum = 3
ROUND = 4633, SUM = 15633586, bChange = 0.00163817, totNum = 3
ROUND = 4634, SUM = 15633585.9999999, bChange = 0.00163833, totNum = 3
ROUND = 4635, SUM = 15633586, bChange = 0.0016385, totNum = 3
ROUND = 4636, SUM = 15633586, bChange = 0.00163866, totNum = 3
ROUND = 4637, SUM = 15633585.9999999, bChange = 0.00163882, totNum = 3
ROUND = 4638, SUM = 15633585.9999999, bChange = 0.00163898, totNum = 3
ROUND = 4639, SUM = 15633586, bChange = 0.00163915, totNum = 3
ROUND = 4640, SUM = 15633586, bChange = 0.00163931, totNum = 3
ROUND = 4641, SUM = 15633586, bChange = 0.00163947, totNum = 3
ROUND = 4642, SUM = 15633586, bChange = 0.00163963, totNum = 3
ROUND = 4643, SUM = 15633585.9999999, bChange = 0.00163979, totNum = 3
ROUND = 4644, SUM = 15633586, bChange = 0.00163995, totNum = 3
ROUND = 4645, SUM = 15633585.9999999, bChange = 0.00164012, totNum = 3
ROUND = 4646, SUM = 15633585.9999999, bChange = 0.00164028, totNum = 3
ROUND = 4647, SUM = 15633586, bChange = 0.00164044, totNum = 3
ROUND = 4648, SUM = 15633585.9999999, bChange = 0.0016406, totNum = 3
ROUND = 4649, SUM = 15633586, bChange = 0.00164076, totNum = 3
ROUND = 4650, SUM = 15633585.9999999, bChange = 0.00164092, totNum = 3
ROUND = 4651, SUM = 15633585.9999999, bChange = 0.00164108, totNum = 3
ROUND = 4652, SUM = 15633586, bChange = 0.00164124, totNum = 3
ROUND = 4653, SUM = 15633585.9999999, bChange = 0.0016414, totNum = 3
ROUND = 4654, SUM = 15633585.9999999, bChange = 0.00164156, totNum = 3
ROUND = 4655, SUM = 15633585.9999999, bChange = 0.00164172, totNum = 3
ROUND = 4656, SUM = 15633586, bChange = 0.00164188, totNum = 3
ROUND = 4657, SUM = 15633585.9999999, bChange = 0.00164204, totNum = 3
ROUND = 4658, SUM = 15633585.9999999, bChange = 0.0016422, totNum = 3
ROUND = 4659, SUM = 15633585.9999999, bChange = 0.00164236, totNum = 3
ROUND = 4660, SUM = 15633586, bChange = 0.00164252, totNum = 3
ROUND = 4661, SUM = 15633585.9999999, bChange = 0.00164268, totNum = 3
ROUND = 4662, SUM = 15633585.9999999, bChange = 0.00164284, totNum = 3
ROUND = 4663, SUM = 15633586, bChange = 0.001643, totNum = 3
ROUND = 4664, SUM = 15633586, bChange = 0.00164316, totNum = 3
ROUND = 4665, SUM = 15633585.9999999, bChange = 0.00164332, totNum = 3
ROUND = 4666, SUM = 15633585.9999999, bChange = 0.00164348, totNum = 3
ROUND = 4667, SUM = 15633585.9999999, bChange = 0.00164364, totNum = 3
ROUND = 4668, SUM = 15633586, bChange = 0.0016438, totNum = 3
ROUND = 4669, SUM = 15633585.9999999, bChange = 0.00164396, totNum = 3
ROUND = 4670, SUM = 15633586, bChange = 0.00164412, totNum = 3
ROUND = 4671, SUM = 15633586, bChange = 0.00164428, totNum = 3
ROUND = 4672, SUM = 15633586, bChange = 0.00164443, totNum = 3
ROUND = 4673, SUM = 15633585.9999999, bChange = 0.00164459, totNum = 3
ROUND = 4674, SUM = 15633585.9999999, bChange = 0.00164475, totNum = 3
ROUND = 4675, SUM = 15633585.9999999, bChange = 0.00164491, totNum = 3
ROUND = 4676, SUM = 15633586, bChange = 0.00164507, totNum = 3
ROUND = 4677, SUM = 15633585.9999999, bChange = 0.00164522, totNum = 3
ROUND = 4678, SUM = 15633586, bChange = 0.00164538, totNum = 3
ROUND = 4679, SUM = 15633585.9999999, bChange = 0.00164554, totNum = 3
ROUND = 4680, SUM = 15633585.9999999, bChange = 0.0016457, totNum = 3
ROUND = 4681, SUM = 15633586, bChange = 0.00164586, totNum = 3
ROUND = 4682, SUM = 15633585.9999999, bChange = 0.00164601, totNum = 3
ROUND = 4683, SUM = 15633586, bChange = 0.00164617, totNum = 3
ROUND = 4684, SUM = 15633585.9999999, bChange = 0.00164633, totNum = 3
ROUND = 4685, SUM = 15633586, bChange = 0.00164648, totNum = 3
ROUND = 4686, SUM = 15633586, bChange = 0.00164664, totNum = 3
ROUND = 4687, SUM = 15633585.9999999, bChange = 0.0016468, totNum = 3
ROUND = 4688, SUM = 15633586, bChange = 0.00164695, totNum = 3
ROUND = 4689, SUM = 15633585.9999999, bChange = 0.00164711, totNum = 3
ROUND = 4690, SUM = 15633586, bChange = 0.00164727, totNum = 3
ROUND = 4691, SUM = 15633586, bChange = 0.00164742, totNum = 3
ROUND = 4692, SUM = 15633585.9999999, bChange = 0.00164758, totNum = 3
ROUND = 4693, SUM = 15633585.9999999, bChange = 0.00164774, totNum = 3
ROUND = 4694, SUM = 15633585.9999999, bChange = 0.00164789, totNum = 3
ROUND = 4695, SUM = 15633586, bChange = 0.00164805, totNum = 3
ROUND = 4696, SUM = 15633585.9999999, bChange = 0.0016482, totNum = 3
ROUND = 4697, SUM = 15633585.9999999, bChange = 0.00164836, totNum = 3
ROUND = 4698, SUM = 15633585.9999999, bChange = 0.00164852, totNum = 3
ROUND = 4699, SUM = 15633585.9999999, bChange = 0.00164867, totNum = 3
ROUND = 4700, SUM = 15633585.9999999, bChange = 0.00164883, totNum = 3
ROUND = 4701, SUM = 15633585.9999999, bChange = 0.00164898, totNum = 3
ROUND = 4702, SUM = 15633585.9999999, bChange = 0.00164914, totNum = 3
ROUND = 4703, SUM = 15633585.9999999, bChange = 0.00164929, totNum = 3
ROUND = 4704, SUM = 15633585.9999999, bChange = 0.00164945, totNum = 3
ROUND = 4705, SUM = 15633585.9999999, bChange = 0.0016496, totNum = 3
ROUND = 4706, SUM = 15633586, bChange = 0.00164976, totNum = 3
ROUND = 4707, SUM = 15633585.9999999, bChange = 0.00164991, totNum = 3
ROUND = 4708, SUM = 15633585.9999999, bChange = 0.00165007, totNum = 3
ROUND = 4709, SUM = 15633585.9999999, bChange = 0.00165022, totNum = 3
ROUND = 4710, SUM = 15633585.9999999, bChange = 0.00165038, totNum = 3
ROUND = 4711, SUM = 15633586, bChange = 0.00165053, totNum = 3
ROUND = 4712, SUM = 15633585.9999999, bChange = 0.00165068, totNum = 3
ROUND = 4713, SUM = 15633585.9999999, bChange = 0.00165084, totNum = 3
ROUND = 4714, SUM = 15633585.9999999, bChange = 0.00165099, totNum = 3
ROUND = 4715, SUM = 15633586, bChange = 0.00165115, totNum = 3
ROUND = 4716, SUM = 15633586, bChange = 0.0016513, totNum = 3
ROUND = 4717, SUM = 15633585.9999999, bChange = 0.00165145, totNum = 3
ROUND = 4718, SUM = 15633585.9999999, bChange = 0.00165161, totNum = 3
ROUND = 4719, SUM = 15633585.9999999, bChange = 0.00165176, totNum = 3
ROUND = 4720, SUM = 15633585.9999999, bChange = 0.00165191, totNum = 3
ROUND = 4721, SUM = 15633585.9999999, bChange = 0.00165207, totNum = 3
ROUND = 4722, SUM = 15633586, bChange = 0.00165222, totNum = 3
ROUND = 4723, SUM = 15633586, bChange = 0.00165237, totNum = 3
ROUND = 4724, SUM = 15633586, bChange = 0.00165253, totNum = 3
ROUND = 4725, SUM = 15633586, bChange = 0.00165268, totNum = 3
ROUND = 4726, SUM = 15633585.9999999, bChange = 0.00165283, totNum = 3
ROUND = 4727, SUM = 15633585.9999999, bChange = 0.00165298, totNum = 3
ROUND = 4728, SUM = 15633586, bChange = 0.00165314, totNum = 3
ROUND = 4729, SUM = 15633585.9999999, bChange = 0.00165329, totNum = 3
ROUND = 4730, SUM = 15633586, bChange = 0.00165344, totNum = 3
ROUND = 4731, SUM = 15633585.9999999, bChange = 0.00165359, totNum = 3
ROUND = 4732, SUM = 15633586, bChange = 0.00165375, totNum = 3
ROUND = 4733, SUM = 15633586, bChange = 0.0016539, totNum = 3
ROUND = 4734, SUM = 15633585.9999999, bChange = 0.00165405, totNum = 3
ROUND = 4735, SUM = 15633585.9999999, bChange = 0.0016542, totNum = 3
ROUND = 4736, SUM = 15633585.9999999, bChange = 0.00165435, totNum = 3
ROUND = 4737, SUM = 15633586, bChange = 0.0016545, totNum = 3
ROUND = 4738, SUM = 15633585.9999999, bChange = 0.00165466, totNum = 3
ROUND = 4739, SUM = 15633586, bChange = 0.00165481, totNum = 3
ROUND = 4740, SUM = 15633585.9999999, bChange = 0.00165496, totNum = 3
ROUND = 4741, SUM = 15633585.9999999, bChange = 0.00165511, totNum = 3
ROUND = 4742, SUM = 15633585.9999999, bChange = 0.00165526, totNum = 3
ROUND = 4743, SUM = 15633585.9999999, bChange = 0.00165541, totNum = 3
ROUND = 4744, SUM = 15633586, bChange = 0.00165556, totNum = 3
ROUND = 4745, SUM = 15633585.9999999, bChange = 0.00165571, totNum = 3
ROUND = 4746, SUM = 15633586, bChange = 0.00165586, totNum = 3
ROUND = 4747, SUM = 15633586, bChange = 0.00165601, totNum = 3
ROUND = 4748, SUM = 15633585.9999999, bChange = 0.00165616, totNum = 3
ROUND = 4749, SUM = 15633586, bChange = 0.00165631, totNum = 3
ROUND = 4750, SUM = 15633585.9999999, bChange = 0.00165646, totNum = 3
ROUND = 4751, SUM = 15633585.9999999, bChange = 0.00165661, totNum = 3
ROUND = 4752, SUM = 15633585.9999999, bChange = 0.00165676, totNum = 3
ROUND = 4753, SUM = 15633585.9999999, bChange = 0.00165691, totNum = 3
ROUND = 4754, SUM = 15633585.9999999, bChange = 0.00165706, totNum = 3
ROUND = 4755, SUM = 15633586, bChange = 0.00165721, totNum = 3
ROUND = 4756, SUM = 15633585.9999999, bChange = 0.00165736, totNum = 3
ROUND = 4757, SUM = 15633585.9999999, bChange = 0.00165751, totNum = 3
ROUND = 4758, SUM = 15633585.9999999, bChange = 0.00165766, totNum = 3
ROUND = 4759, SUM = 15633585.9999999, bChange = 0.00165781, totNum = 3
ROUND = 4760, SUM = 15633585.9999999, bChange = 0.00165796, totNum = 3
ROUND = 4761, SUM = 15633585.9999999, bChange = 0.00165811, totNum = 3
ROUND = 4762, SUM = 15633585.9999999, bChange = 0.00165826, totNum = 3
ROUND = 4763, SUM = 15633585.9999999, bChange = 0.00165841, totNum = 3
ROUND = 4764, SUM = 15633586, bChange = 0.00165856, totNum = 3
ROUND = 4765, SUM = 15633585.9999999, bChange = 0.0016587, totNum = 3
ROUND = 4766, SUM = 15633585.9999999, bChange = 0.00165885, totNum = 3
ROUND = 4767, SUM = 15633585.9999999, bChange = 0.001659, totNum = 3
ROUND = 4768, SUM = 15633585.9999999, bChange = 0.00165915, totNum = 3
ROUND = 4769, SUM = 15633585.9999999, bChange = 0.0016593, totNum = 3
ROUND = 4770, SUM = 15633586, bChange = 0.00165945, totNum = 3
ROUND = 4771, SUM = 15633585.9999999, bChange = 0.00165959, totNum = 3
ROUND = 4772, SUM = 15633585.9999999, bChange = 0.00165974, totNum = 3
ROUND = 4773, SUM = 15633585.9999999, bChange = 0.00165989, totNum = 3
ROUND = 4774, SUM = 15633585.9999999, bChange = 0.00166004, totNum = 3
ROUND = 4775, SUM = 15633585.9999999, bChange = 0.00166018, totNum = 3
ROUND = 4776, SUM = 15633586, bChange = 0.00166033, totNum = 3
ROUND = 4777, SUM = 15633585.9999999, bChange = 0.00166048, totNum = 3
ROUND = 4778, SUM = 15633585.9999999, bChange = 0.00166063, totNum = 3
ROUND = 4779, SUM = 15633585.9999999, bChange = 0.00166077, totNum = 3
ROUND = 4780, SUM = 15633585.9999999, bChange = 0.00120324, totNum = 2
ROUND = 4781, SUM = 15633585.9999999, bChange = 0.00120325, totNum = 2
ROUND = 4782, SUM = 15633585.9999999, bChange = 0.00120325, totNum = 2
ROUND = 4783, SUM = 15633586, bChange = 0.00120325, totNum = 2
ROUND = 4784, SUM = 15633585.9999999, bChange = 0.00120325, totNum = 2
ROUND = 4785, SUM = 15633585.9999999, bChange = 0.00120325, totNum = 2
ROUND = 4786, SUM = 15633586, bChange = 0.00120326, totNum = 2
ROUND = 4787, SUM = 15633585.9999999, bChange = 0.00120326, totNum = 2
ROUND = 4788, SUM = 15633585.9999999, bChange = 0.00120326, totNum = 2
ROUND = 4789, SUM = 15633585.9999999, bChange = 0.00120326, totNum = 2
ROUND = 4790, SUM = 15633586, bChange = 0.00120326, totNum = 2
ROUND = 4791, SUM = 15633585.9999999, bChange = 0.00120327, totNum = 2
ROUND = 4792, SUM = 15633586, bChange = 0.00120327, totNum = 2
ROUND = 4793, SUM = 15633585.9999999, bChange = 0.00120327, totNum = 2
ROUND = 4794, SUM = 15633585.9999999, bChange = 0.00120327, totNum = 2
ROUND = 4795, SUM = 15633585.9999999, bChange = 0.00120327, totNum = 2
ROUND = 4796, SUM = 15633585.9999999, bChange = 0.00120327, totNum = 2
ROUND = 4797, SUM = 15633586, bChange = 0.00120328, totNum = 2
ROUND = 4798, SUM = 15633585.9999999, bChange = 0.00120328, totNum = 2
ROUND = 4799, SUM = 15633586, bChange = 0.00120328, totNum = 2
ROUND = 4800, SUM = 15633585.9999999, bChange = 0.00120328, totNum = 2
ROUND = 4801, SUM = 15633585.9999999, bChange = 0.00120328, totNum = 2
ROUND = 4802, SUM = 15633586, bChange = 0.00120329, totNum = 2
ROUND = 4803, SUM = 15633585.9999999, bChange = 0.00120329, totNum = 2
ROUND = 4804, SUM = 15633585.9999999, bChange = 0.00120329, totNum = 2
ROUND = 4805, SUM = 15633585.9999999, bChange = 0.00120329, totNum = 2
ROUND = 4806, SUM = 15633585.9999999, bChange = 0.00120329, totNum = 2
ROUND = 4807, SUM = 15633585.9999999, bChange = 0.0012033, totNum = 2
ROUND = 4808, SUM = 15633585.9999999, bChange = 0.0012033, totNum = 2
ROUND = 4809, SUM = 15633586, bChange = 0.0012033, totNum = 2
ROUND = 4810, SUM = 15633586, bChange = 0.0012033, totNum = 2
ROUND = 4811, SUM = 15633585.9999999, bChange = 0.0012033, totNum = 2
ROUND = 4812, SUM = 15633586, bChange = 0.0012033, totNum = 2
ROUND = 4813, SUM = 15633586, bChange = 0.00120331, totNum = 2
ROUND = 4814, SUM = 15633585.9999999, bChange = 0.00120331, totNum = 2
ROUND = 4815, SUM = 15633586, bChange = 0.00120331, totNum = 2
ROUND = 4816, SUM = 15633586, bChange = 0.00120331, totNum = 2
ROUND = 4817, SUM = 15633585.9999999, bChange = 0.00120331, totNum = 2
ROUND = 4818, SUM = 15633586, bChange = 0.00120332, totNum = 2
ROUND = 4819, SUM = 15633585.9999999, bChange = 0.00120332, totNum = 2
ROUND = 4820, SUM = 15633585.9999999, bChange = 0.00120332, totNum = 2
ROUND = 4821, SUM = 15633585.9999999, bChange = 0.00120332, totNum = 2
ROUND = 4822, SUM = 15633585.9999999, bChange = 0.00120332, totNum = 2
ROUND = 4823, SUM = 15633585.9999999, bChange = 0.00120333, totNum = 2
ROUND = 4824, SUM = 15633585.9999999, bChange = 0.00120333, totNum = 2
ROUND = 4825, SUM = 15633585.9999999, bChange = 0.00120333, totNum = 2
ROUND = 4826, SUM = 15633586, bChange = 0.00120333, totNum = 2
ROUND = 4827, SUM = 15633585.9999999, bChange = 0.00120333, totNum = 2
ROUND = 4828, SUM = 15633586, bChange = 0.00120333, totNum = 2
ROUND = 4829, SUM = 15633585.9999999, bChange = 0.00120334, totNum = 2
ROUND = 4830, SUM = 15633585.9999999, bChange = 0.00120334, totNum = 2
ROUND = 4831, SUM = 15633585.9999999, bChange = 0.00120334, totNum = 2
ROUND = 4832, SUM = 15633585.9999999, bChange = 0.00120334, totNum = 2
ROUND = 4833, SUM = 15633586, bChange = 0.00120334, totNum = 2
ROUND = 4834, SUM = 15633586, bChange = 0.00120335, totNum = 2
ROUND = 4835, SUM = 15633585.9999999, bChange = 0.00120335, totNum = 2
ROUND = 4836, SUM = 15633586, bChange = 0.00120335, totNum = 2
ROUND = 4837, SUM = 15633585.9999999, bChange = 0.00120335, totNum = 2
ROUND = 4838, SUM = 15633585.9999999, bChange = 0.00120335, totNum = 2
ROUND = 4839, SUM = 15633585.9999999, bChange = 0.00120335, totNum = 2
ROUND = 4840, SUM = 15633585.9999999, bChange = 0.00120336, totNum = 2
ROUND = 4841, SUM = 15633585.9999999, bChange = 0.00120336, totNum = 2
ROUND = 4842, SUM = 15633585.9999999, bChange = 0.00120336, totNum = 2
ROUND = 4843, SUM = 15633586, bChange = 0.00120336, totNum = 2
ROUND = 4844, SUM = 15633585.9999999, bChange = 0.00120336, totNum = 2
ROUND = 4845, SUM = 15633585.9999999, bChange = 0.00120336, totNum = 2
ROUND = 4846, SUM = 15633585.9999999, bChange = 0.00120337, totNum = 2
ROUND = 4847, SUM = 15633585.9999999, bChange = 0.00120337, totNum = 2
ROUND = 4848, SUM = 15633585.9999999, bChange = 0.00120337, totNum = 2
ROUND = 4849, SUM = 15633586, bChange = 0.00120337, totNum = 2
ROUND = 4850, SUM = 15633585.9999999, bChange = 0.00120337, totNum = 2
ROUND = 4851, SUM = 15633585.9999999, bChange = 0.00120338, totNum = 2
ROUND = 4852, SUM = 15633585.9999999, bChange = 0.00120338, totNum = 2
ROUND = 4853, SUM = 15633585.9999999, bChange = 0.00120338, totNum = 2
ROUND = 4854, SUM = 15633585.9999999, bChange = 0.00120338, totNum = 2
ROUND = 4855, SUM = 15633585.9999999, bChange = 0.00120338, totNum = 2
ROUND = 4856, SUM = 15633586, bChange = 0.00120338, totNum = 2
ROUND = 4857, SUM = 15633586, bChange = 0.00120339, totNum = 2
ROUND = 4858, SUM = 15633586, bChange = 0.00120339, totNum = 2
ROUND = 4859, SUM = 15633585.9999999, bChange = 0.00120339, totNum = 2
ROUND = 4860, SUM = 15633586, bChange = 0.00120339, totNum = 2
ROUND = 4861, SUM = 15633586, bChange = 0.00120339, totNum = 2
ROUND = 4862, SUM = 15633585.9999999, bChange = 0.0012034, totNum = 2
ROUND = 4863, SUM = 15633586, bChange = 0.0012034, totNum = 2
ROUND = 4864, SUM = 15633585.9999999, bChange = 0.0012034, totNum = 2
ROUND = 4865, SUM = 15633586, bChange = 0.0012034, totNum = 2
ROUND = 4866, SUM = 15633585.9999999, bChange = 0.0012034, totNum = 2
ROUND = 4867, SUM = 15633585.9999999, bChange = 0.0012034, totNum = 2
ROUND = 4868, SUM = 15633585.9999999, bChange = 0.00120341, totNum = 2
ROUND = 4869, SUM = 15633586, bChange = 0.00120341, totNum = 2
ROUND = 4870, SUM = 15633586, bChange = 0.00120341, totNum = 2
ROUND = 4871, SUM = 15633586, bChange = 0.00120341, totNum = 2
ROUND = 4872, SUM = 15633585.9999999, bChange = 0.00120341, totNum = 2
ROUND = 4873, SUM = 15633585.9999999, bChange = 0.00120341, totNum = 2
ROUND = 4874, SUM = 15633586, bChange = 0.00120342, totNum = 2
ROUND = 4875, SUM = 15633586, bChange = 0.00120342, totNum = 2
ROUND = 4876, SUM = 15633586, bChange = 0.00120342, totNum = 2
ROUND = 4877, SUM = 15633586, bChange = 0.00120342, totNum = 2
ROUND = 4878, SUM = 15633586, bChange = 0.00120342, totNum = 2
ROUND = 4879, SUM = 15633585.9999999, bChange = 0.00120342, totNum = 2
ROUND = 4880, SUM = 15633586, bChange = 0.00120343, totNum = 2
ROUND = 4881, SUM = 15633586, bChange = 0.00120343, totNum = 2
ROUND = 4882, SUM = 15633586, bChange = 0.00120343, totNum = 2
ROUND = 4883, SUM = 15633586, bChange = 0.00120343, totNum = 2
ROUND = 4884, SUM = 15633586, bChange = 0.00120343, totNum = 2
ROUND = 4885, SUM = 15633585.9999999, bChange = 0.00120343, totNum = 2
ROUND = 4886, SUM = 15633585.9999999, bChange = 0.00120344, totNum = 2
ROUND = 4887, SUM = 15633586, bChange = 0.00120344, totNum = 2
ROUND = 4888, SUM = 15633585.9999999, bChange = 0.00120344, totNum = 2
ROUND = 4889, SUM = 15633585.9999999, bChange = 0.00120344, totNum = 2
ROUND = 4890, SUM = 15633585.9999999, bChange = 0.00120344, totNum = 2
ROUND = 4891, SUM = 15633586, bChange = 0.00120345, totNum = 2
ROUND = 4892, SUM = 15633585.9999999, bChange = 0.00120345, totNum = 2
ROUND = 4893, SUM = 15633585.9999999, bChange = 0.00120345, totNum = 2
ROUND = 4894, SUM = 15633585.9999999, bChange = 0.00120345, totNum = 2
ROUND = 4895, SUM = 15633585.9999999, bChange = 0.00120345, totNum = 2
ROUND = 4896, SUM = 15633586, bChange = 0.00120345, totNum = 2
ROUND = 4897, SUM = 15633585.9999999, bChange = 0.00120346, totNum = 2
ROUND = 4898, SUM = 15633585.9999999, bChange = 0.00120346, totNum = 2
ROUND = 4899, SUM = 15633586, bChange = 0.00120346, totNum = 2
ROUND = 4900, SUM = 15633585.9999999, bChange = 0.00120346, totNum = 2
ROUND = 4901, SUM = 15633586, bChange = 0.00120346, totNum = 2
ROUND = 4902, SUM = 15633585.9999999, bChange = 0.00120346, totNum = 2
ROUND = 4903, SUM = 15633585.9999999, bChange = 0.00120347, totNum = 2
ROUND = 4904, SUM = 15633585.9999999, bChange = 0.00120347, totNum = 2
ROUND = 4905, SUM = 15633585.9999999, bChange = 0.00120347, totNum = 2
ROUND = 4906, SUM = 15633586, bChange = 0.00120347, totNum = 2
ROUND = 4907, SUM = 15633586, bChange = 0.00120347, totNum = 2
ROUND = 4908, SUM = 15633585.9999999, bChange = 0.00120347, totNum = 2
ROUND = 4909, SUM = 15633585.9999999, bChange = 0.00120348, totNum = 2
ROUND = 4910, SUM = 15633585.9999999, bChange = 0.00120348, totNum = 2
ROUND = 4911, SUM = 15633586, bChange = 0.00120348, totNum = 2
ROUND = 4912, SUM = 15633586, bChange = 0.00120348, totNum = 2
ROUND = 4913, SUM = 15633585.9999999, bChange = 0.00120348, totNum = 2
ROUND = 4914, SUM = 15633585.9999999, bChange = 0.00120348, totNum = 2
ROUND = 4915, SUM = 15633586, bChange = 0.00120349, totNum = 2
ROUND = 4916, SUM = 15633586, bChange = 0.00120349, totNum = 2
ROUND = 4917, SUM = 15633586, bChange = 0.00120349, totNum = 2
ROUND = 4918, SUM = 15633586, bChange = 0.00120349, totNum = 2
ROUND = 4919, SUM = 15633585.9999999, bChange = 0.00120349, totNum = 2
ROUND = 4920, SUM = 15633585.9999999, bChange = 0.00120349, totNum = 2
ROUND = 4921, SUM = 15633585.9999999, bChange = 0.00120349, totNum = 2
ROUND = 4922, SUM = 15633585.9999999, bChange = 0.0012035, totNum = 2
ROUND = 4923, SUM = 15633585.9999999, bChange = 0.0012035, totNum = 2
ROUND = 4924, SUM = 15633585.9999999, bChange = 0.0012035, totNum = 2
ROUND = 4925, SUM = 15633585.9999999, bChange = 0.0012035, totNum = 2
ROUND = 4926, SUM = 15633585.9999999, bChange = 0.0012035, totNum = 2
ROUND = 4927, SUM = 15633586, bChange = 0.0012035, totNum = 2
ROUND = 4928, SUM = 15633585.9999999, bChange = 0.00120351, totNum = 2
ROUND = 4929, SUM = 15633585.9999999, bChange = 0.00120351, totNum = 2
ROUND = 4930, SUM = 15633585.9999999, bChange = 0.00120351, totNum = 2
ROUND = 4931, SUM = 15633585.9999999, bChange = 0.00120351, totNum = 2
ROUND = 4932, SUM = 15633585.9999999, bChange = 0.00120351, totNum = 2
ROUND = 4933, SUM = 15633586, bChange = 0.00120351, totNum = 2
ROUND = 4934, SUM = 15633585.9999999, bChange = 0.00120352, totNum = 2
ROUND = 4935, SUM = 15633585.9999999, bChange = 0.00120352, totNum = 2
ROUND = 4936, SUM = 15633585.9999999, bChange = 0.00120352, totNum = 2
ROUND = 4937, SUM = 15633585.9999999, bChange = 0.00120352, totNum = 2
ROUND = 4938, SUM = 15633585.9999999, bChange = 0.00120352, totNum = 2
ROUND = 4939, SUM = 15633585.9999999, bChange = 0.00120352, totNum = 2
ROUND = 4940, SUM = 15633585.9999999, bChange = 0.00120353, totNum = 2
ROUND = 4941, SUM = 15633585.9999999, bChange = 0.00120353, totNum = 2
ROUND = 4942, SUM = 15633586, bChange = 0.00120353, totNum = 2
ROUND = 4943, SUM = 15633585.9999999, bChange = 0.00120353, totNum = 2
ROUND = 4944, SUM = 15633586, bChange = 0.00120353, totNum = 2
ROUND = 4945, SUM = 15633585.9999999, bChange = 0.00120353, totNum = 2
ROUND = 4946, SUM = 15633586, bChange = 0.00120354, totNum = 2
ROUND = 4947, SUM = 15633585.9999999, bChange = 0.00120354, totNum = 2
ROUND = 4948, SUM = 15633586, bChange = 0.00120354, totNum = 2
ROUND = 4949, SUM = 15633586, bChange = 0.00120354, totNum = 2
ROUND = 4950, SUM = 15633586, bChange = 0.00120354, totNum = 2
ROUND = 4951, SUM = 15633585.9999999, bChange = 0.00120354, totNum = 2
ROUND = 4952, SUM = 15633585.9999999, bChange = 0.00120354, totNum = 2
ROUND = 4953, SUM = 15633586, bChange = 0.00120355, totNum = 2
ROUND = 4954, SUM = 15633586, bChange = 0.00120355, totNum = 2
ROUND = 4955, SUM = 15633586, bChange = 0.00120355, totNum = 2
ROUND = 4956, SUM = 15633586, bChange = 0.00120355, totNum = 2
ROUND = 4957, SUM = 15633586, bChange = 0.00120355, totNum = 2
ROUND = 4958, SUM = 15633586, bChange = 0.00120355, totNum = 2
ROUND = 4959, SUM = 15633585.9999999, bChange = 0.00120356, totNum = 2
ROUND = 4960, SUM = 15633585.9999999, bChange = 0.00120356, totNum = 2
ROUND = 4961, SUM = 15633585.9999999, bChange = 0.00120356, totNum = 2
ROUND = 4962, SUM = 15633585.9999999, bChange = 0.00120356, totNum = 2
ROUND = 4963, SUM = 15633586, bChange = 0.00120356, totNum = 2
ROUND = 4964, SUM = 15633585.9999999, bChange = 0.00120356, totNum = 2
ROUND = 4965, SUM = 15633585.9999999, bChange = 0.00120356, totNum = 2
ROUND = 4966, SUM = 15633586, bChange = 0.00120357, totNum = 2
ROUND = 4967, SUM = 15633585.9999999, bChange = 0.00120357, totNum = 2
ROUND = 4968, SUM = 15633585.9999999, bChange = 0.00120357, totNum = 2
ROUND = 4969, SUM = 15633586, bChange = 0.00120357, totNum = 2
ROUND = 4970, SUM = 15633586, bChange = 0.00120357, totNum = 2
ROUND = 4971, SUM = 15633585.9999999, bChange = 0.00120357, totNum = 2
ROUND = 4972, SUM = 15633586, bChange = 0.00120358, totNum = 2
ROUND = 4973, SUM = 15633585.9999999, bChange = 0.00120358, totNum = 2
ROUND = 4974, SUM = 15633585.9999999, bChange = 0.00120358, totNum = 2
ROUND = 4975, SUM = 15633586, bChange = 0.00120358, totNum = 2
ROUND = 4976, SUM = 15633585.9999999, bChange = 0.00120358, totNum = 2
ROUND = 4977, SUM = 15633586, bChange = 0.00120358, totNum = 2
ROUND = 4978, SUM = 15633585.9999999, bChange = 0.00120358, totNum = 2
ROUND = 4979, SUM = 15633585.9999999, bChange = 0.00120359, totNum = 2
ROUND = 4980, SUM = 15633585.9999999, bChange = 0.00120359, totNum = 2
ROUND = 4981, SUM = 15633586, bChange = 0.00120359, totNum = 2
ROUND = 4982, SUM = 15633586, bChange = 0.00120359, totNum = 2
ROUND = 4983, SUM = 15633585.9999999, bChange = 0.00120359, totNum = 2
ROUND = 4984, SUM = 15633586, bChange = 0.00120359, totNum = 2
ROUND = 4985, SUM = 15633585.9999999, bChange = 0.0012036, totNum = 2
ROUND = 4986, SUM = 15633585.9999999, bChange = 0.0012036, totNum = 2
ROUND = 4987, SUM = 15633585.9999999, bChange = 0.0012036, totNum = 2
ROUND = 4988, SUM = 15633585.9999999, bChange = 0.0012036, totNum = 2
ROUND = 4989, SUM = 15633585.9999999, bChange = 0.0012036, totNum = 2
ROUND = 4990, SUM = 15633586, bChange = 0.0012036, totNum = 2
ROUND = 4991, SUM = 15633586, bChange = 0.0012036, totNum = 2
ROUND = 4992, SUM = 15633585.9999999, bChange = 0.00120361, totNum = 2
ROUND = 4993, SUM = 15633585.9999999, bChange = 0.00120361, totNum = 2
ROUND = 4994, SUM = 15633585.9999999, bChange = 0.00120361, totNum = 2
ROUND = 4995, SUM = 15633585.9999999, bChange = 0.00120361, totNum = 2
ROUND = 4996, SUM = 15633586, bChange = 0.00120361, totNum = 2
ROUND = 4997, SUM = 15633585.9999999, bChange = 0.00120361, totNum = 2
ROUND = 4998, SUM = 15633585.9999999, bChange = 0.00120361, totNum = 2
ROUND = 4999, SUM = 15633585.9999999, bChange = 0.00120362, totNum = 2
ROUND = 5000, SUM = 15633585.9999999, bChange = 0.00120362, totNum = 2
ROUND = 5001, SUM = 15633585.9999999, bChange = 0.00120362, totNum = 2
ROUND = 5002, SUM = 15633585.9999999, bChange = 0.00120362, totNum = 2
ROUND = 5003, SUM = 15633585.9999999, bChange = 0.00120362, totNum = 2
ROUND = 5004, SUM = 15633586, bChange = 0.00120362, totNum = 2
ROUND = 5005, SUM = 15633586, bChange = 0.00120363, totNum = 2
ROUND = 5006, SUM = 15633586, bChange = 0.00120363, totNum = 2
ROUND = 5007, SUM = 15633586, bChange = 0.00120363, totNum = 2
ROUND = 5008, SUM = 15633586, bChange = 0.00120363, totNum = 2
ROUND = 5009, SUM = 15633586, bChange = 0.00120363, totNum = 2
ROUND = 5010, SUM = 15633585.9999999, bChange = 0.00120363, totNum = 2
ROUND = 5011, SUM = 15633586, bChange = 0.00120363, totNum = 2
ROUND = 5012, SUM = 15633585.9999999, bChange = 0.00120364, totNum = 2
ROUND = 5013, SUM = 15633585.9999999, bChange = 0.00120364, totNum = 2
ROUND = 5014, SUM = 15633586, bChange = 0.00120364, totNum = 2
ROUND = 5015, SUM = 15633586, bChange = 0.00120364, totNum = 2
ROUND = 5016, SUM = 15633585.9999999, bChange = 0.00120364, totNum = 2
ROUND = 5017, SUM = 15633585.9999999, bChange = 0.00120364, totNum = 2
ROUND = 5018, SUM = 15633585.9999999, bChange = 0.00120364, totNum = 2
ROUND = 5019, SUM = 15633585.9999999, bChange = 0.00120365, totNum = 2
ROUND = 5020, SUM = 15633586, bChange = 0.00120365, totNum = 2
ROUND = 5021, SUM = 15633586, bChange = 0.00120365, totNum = 2
ROUND = 5022, SUM = 15633586, bChange = 0.00120365, totNum = 2
ROUND = 5023, SUM = 15633585.9999999, bChange = 0.00120365, totNum = 2
ROUND = 5024, SUM = 15633586, bChange = 0.00120365, totNum = 2
ROUND = 5025, SUM = 15633585.9999999, bChange = 0.00120365, totNum = 2
ROUND = 5026, SUM = 15633585.9999999, bChange = 0.00120366, totNum = 2
ROUND = 5027, SUM = 15633585.9999999, bChange = 0.00120366, totNum = 2
ROUND = 5028, SUM = 15633586, bChange = 0.00120366, totNum = 2
ROUND = 5029, SUM = 15633586, bChange = 0.00120366, totNum = 2
ROUND = 5030, SUM = 15633586, bChange = 0.00120366, totNum = 2
ROUND = 5031, SUM = 15633585.9999999, bChange = 0.00120366, totNum = 2
ROUND = 5032, SUM = 15633586, bChange = 0.00120366, totNum = 2
ROUND = 5033, SUM = 15633585.9999999, bChange = 0.00120367, totNum = 2
ROUND = 5034, SUM = 15633585.9999999, bChange = 0.00120367, totNum = 2
ROUND = 5035, SUM = 15633585.9999999, bChange = 0.00120367, totNum = 2
ROUND = 5036, SUM = 15633586, bChange = 0.00120367, totNum = 2
ROUND = 5037, SUM = 15633585.9999999, bChange = 0.00120367, totNum = 2
ROUND = 5038, SUM = 15633585.9999999, bChange = 0.00120367, totNum = 2
ROUND = 5039, SUM = 15633585.9999999, bChange = 0.00120367, totNum = 2
ROUND = 5040, SUM = 15633585.9999999, bChange = 0.00120368, totNum = 2
ROUND = 5041, SUM = 15633585.9999999, bChange = 0.00120368, totNum = 2
ROUND = 5042, SUM = 15633585.9999999, bChange = 0.00120368, totNum = 2
ROUND = 5043, SUM = 15633585.9999999, bChange = 0.00120368, totNum = 2
ROUND = 5044, SUM = 15633585.9999999, bChange = 0.00120368, totNum = 2
ROUND = 5045, SUM = 15633585.9999999, bChange = 0.00120368, totNum = 2
ROUND = 5046, SUM = 15633585.9999999, bChange = 0.00120368, totNum = 2
ROUND = 5047, SUM = 15633585.9999999, bChange = 0.00120369, totNum = 2
ROUND = 5048, SUM = 15633586, bChange = 0.00120369, totNum = 2
ROUND = 5049, SUM = 15633585.9999999, bChange = 0.00120369, totNum = 2
ROUND = 5050, SUM = 15633585.9999999, bChange = 0.00120369, totNum = 2
ROUND = 5051, SUM = 15633586, bChange = 0.00120369, totNum = 2
ROUND = 5052, SUM = 15633586, bChange = 0.00120369, totNum = 2
ROUND = 5053, SUM = 15633585.9999999, bChange = 0.00120369, totNum = 2
ROUND = 5054, SUM = 15633585.9999999, bChange = 0.0012037, totNum = 2
ROUND = 5055, SUM = 15633585.9999999, bChange = 0.0012037, totNum = 2
ROUND = 5056, SUM = 15633585.9999999, bChange = 0.0012037, totNum = 2
ROUND = 5057, SUM = 15633585.9999999, bChange = 0.0012037, totNum = 2
ROUND = 5058, SUM = 15633585.9999999, bChange = 0.0012037, totNum = 2
ROUND = 5059, SUM = 15633586, bChange = 0.0012037, totNum = 2
ROUND = 5060, SUM = 15633585.9999999, bChange = 0.0012037, totNum = 2
ROUND = 5061, SUM = 15633585.9999999, bChange = 0.00120371, totNum = 2
ROUND = 5062, SUM = 15633585.9999999, bChange = 0.00120371, totNum = 2
ROUND = 5063, SUM = 15633585.9999999, bChange = 0.00120371, totNum = 2
ROUND = 5064, SUM = 15633585.9999999, bChange = 0.00120371, totNum = 2
ROUND = 5065, SUM = 15633585.9999999, bChange = 0.00120371, totNum = 2
ROUND = 5066, SUM = 15633585.9999999, bChange = 0.00120371, totNum = 2
ROUND = 5067, SUM = 15633585.9999999, bChange = 0.00120371, totNum = 2
ROUND = 5068, SUM = 15633585.9999999, bChange = 0.00120371, totNum = 2
ROUND = 5069, SUM = 15633586, bChange = 0.00120372, totNum = 2
ROUND = 5070, SUM = 15633585.9999999, bChange = 0.00120372, totNum = 2
ROUND = 5071, SUM = 15633586, bChange = 0.00120372, totNum = 2
ROUND = 5072, SUM = 15633585.9999999, bChange = 0.00120372, totNum = 2
ROUND = 5073, SUM = 15633585.9999999, bChange = 0.00120372, totNum = 2
ROUND = 5074, SUM = 15633586, bChange = 0.00120372, totNum = 2
ROUND = 5075, SUM = 15633585.9999999, bChange = 0.00120372, totNum = 2
ROUND = 5076, SUM = 15633586, bChange = 0.00120373, totNum = 2
ROUND = 5077, SUM = 15633586, bChange = 0.00120373, totNum = 2
ROUND = 5078, SUM = 15633586, bChange = 0.00120373, totNum = 2
ROUND = 5079, SUM = 15633586, bChange = 0.00120373, totNum = 2
ROUND = 5080, SUM = 15633586, bChange = 0.00120373, totNum = 2
ROUND = 5081, SUM = 15633585.9999999, bChange = 0.00120373, totNum = 2
ROUND = 5082, SUM = 15633585.9999999, bChange = 0.00120373, totNum = 2
ROUND = 5083, SUM = 15633586, bChange = 0.00120373, totNum = 2
ROUND = 5084, SUM = 15633586, bChange = 0.00120374, totNum = 2
ROUND = 5085, SUM = 15633586, bChange = 0.00120374, totNum = 2
ROUND = 5086, SUM = 15633586, bChange = 0.00120374, totNum = 2
ROUND = 5087, SUM = 15633586, bChange = 0.00120374, totNum = 2
ROUND = 5088, SUM = 15633586, bChange = 0.00120374, totNum = 2
ROUND = 5089, SUM = 15633586, bChange = 0.00120374, totNum = 2
ROUND = 5090, SUM = 15633585.9999999, bChange = 0.00120374, totNum = 2
ROUND = 5091, SUM = 15633585.9999999, bChange = 0.00120375, totNum = 2
ROUND = 5092, SUM = 15633586, bChange = 0.00120375, totNum = 2
ROUND = 5093, SUM = 15633586, bChange = 0.00120375, totNum = 2
ROUND = 5094, SUM = 15633586, bChange = 0.00120375, totNum = 2
ROUND = 5095, SUM = 15633585.9999999, bChange = 0.00120375, totNum = 2
ROUND = 5096, SUM = 15633586, bChange = 0.00120375, totNum = 2
ROUND = 5097, SUM = 15633585.9999999, bChange = 0.00120375, totNum = 2
ROUND = 5098, SUM = 15633585.9999999, bChange = 0.00120375, totNum = 2
ROUND = 5099, SUM = 15633586, bChange = 0.00120376, totNum = 2
ROUND = 5100, SUM = 15633585.9999999, bChange = 0.00120376, totNum = 2
ROUND = 5101, SUM = 15633585.9999999, bChange = 0.00120376, totNum = 2
ROUND = 5102, SUM = 15633586, bChange = 0.00120376, totNum = 2
ROUND = 5103, SUM = 15633586, bChange = 0.00120376, totNum = 2
ROUND = 5104, SUM = 15633585.9999999, bChange = 0.00120376, totNum = 2
ROUND = 5105, SUM = 15633586, bChange = 0.00120376, totNum = 2
ROUND = 5106, SUM = 15633586, bChange = 0.00120377, totNum = 2
ROUND = 5107, SUM = 15633585.9999999, bChange = 0.00120377, totNum = 2
ROUND = 5108, SUM = 15633585.9999999, bChange = 0.00120377, totNum = 2
ROUND = 5109, SUM = 15633586, bChange = 0.00120377, totNum = 2
ROUND = 5110, SUM = 15633585.9999999, bChange = 0.00120377, totNum = 2
ROUND = 5111, SUM = 15633586, bChange = 0.00120377, totNum = 2
ROUND = 5112, SUM = 15633586, bChange = 0.00120377, totNum = 2
ROUND = 5113, SUM = 15633586, bChange = 0.00120377, totNum = 1
ROUND = 5114, SUM = 15633586, bChange = 0.00120378, totNum = 1
ROUND = 5115, SUM = 15633585.9999999, bChange = 0.00120378, totNum = 1
ROUND = 5116, SUM = 15633585.9999999, bChange = 0.00120378, totNum = 1
ROUND = 5117, SUM = 15633585.9999999, bChange = 0.00120378, totNum = 1
ROUND = 5118, SUM = 15633586, bChange = 0.00120378, totNum = 1
ROUND = 5119, SUM = 15633586, bChange = 0.00120378, totNum = 1
ROUND = 5120, SUM = 15633586, bChange = 0.00120378, totNum = 1
ROUND = 5121, SUM = 15633586, bChange = 0.00120378, totNum = 1
ROUND = 5122, SUM = 15633585.9999999, bChange = 0.00120379, totNum = 1
ROUND = 5123, SUM = 15633585.9999999, bChange = 0.00120379, totNum = 1
ROUND = 5124, SUM = 15633585.9999999, bChange = 0.00120379, totNum = 1
ROUND = 5125, SUM = 15633586, bChange = 0.00120379, totNum = 1
ROUND = 5126, SUM = 15633586, bChange = 0.00120379, totNum = 1
ROUND = 5127, SUM = 15633585.9999999, bChange = 0.00120379, totNum = 1
ROUND = 5128, SUM = 15633585.9999999, bChange = 0.00120379, totNum = 1
ROUND = 5129, SUM = 15633585.9999999, bChange = 0.0012038, totNum = 1
ROUND = 5130, SUM = 15633585.9999999, bChange = 0.0012038, totNum = 1
ROUND = 5131, SUM = 15633585.9999999, bChange = 0.0012038, totNum = 1
ROUND = 5132, SUM = 15633585.9999999, bChange = 0.0012038, totNum = 1
ROUND = 5133, SUM = 15633585.9999999, bChange = 0.0012038, totNum = 1
ROUND = 5134, SUM = 15633585.9999999, bChange = 0.0012038, totNum = 1
ROUND = 5135, SUM = 15633585.9999999, bChange = 0.0012038, totNum = 1
ROUND = 5136, SUM = 15633586, bChange = 0.0012038, totNum = 1
ROUND = 5137, SUM = 15633586, bChange = 0.00120381, totNum = 1
ROUND = 5138, SUM = 15633585.9999999, bChange = 0.00120381, totNum = 1
ROUND = 5139, SUM = 15633586, bChange = 0.00120381, totNum = 1
ROUND = 5140, SUM = 15633585.9999999, bChange = 0.00120381, totNum = 1
ROUND = 5141, SUM = 15633586, bChange = 0.00120381, totNum = 1
ROUND = 5142, SUM = 15633586, bChange = 0.00120381, totNum = 1
ROUND = 5143, SUM = 15633586, bChange = 0.00120381, totNum = 1
ROUND = 5144, SUM = 15633586, bChange = 0.00120381, totNum = 1
ROUND = 5145, SUM = 15633586, bChange = 0.00120382, totNum = 1
ROUND = 5146, SUM = 15633585.9999999, bChange = 0.00120382, totNum = 1
ROUND = 5147, SUM = 15633586, bChange = 0.00120382, totNum = 1
ROUND = 5148, SUM = 15633586, bChange = 0.00120382, totNum = 1
ROUND = 5149, SUM = 15633586, bChange = 0.00120382, totNum = 1
ROUND = 5150, SUM = 15633585.9999999, bChange = 0.00120382, totNum = 1
ROUND = 5151, SUM = 15633585.9999999, bChange = 0.00120382, totNum = 1
ROUND = 5152, SUM = 15633586, bChange = 0.00120382, totNum = 1
ROUND = 5153, SUM = 15633586, bChange = 0.00120383, totNum = 1
ROUND = 5154, SUM = 15633586, bChange = 0.00120383, totNum = 1
ROUND = 5155, SUM = 15633586, bChange = 0.00120383, totNum = 1
ROUND = 5156, SUM = 15633586, bChange = 0.00120383, totNum = 1
ROUND = 5157, SUM = 15633586, bChange = 0.00120383, totNum = 1
ROUND = 5158, SUM = 15633585.9999999, bChange = 0.00120383, totNum = 1
ROUND = 5159, SUM = 15633585.9999999, bChange = 0.00120383, totNum = 1
ROUND = 5160, SUM = 15633585.9999999, bChange = 0.00120383, totNum = 1
ROUND = 5161, SUM = 15633586, bChange = 0.00120383, totNum = 1
ROUND = 5162, SUM = 15633586, bChange = 0.00120384, totNum = 1
ROUND = 5163, SUM = 15633585.9999999, bChange = 0.00120384, totNum = 1
ROUND = 5164, SUM = 15633585.9999999, bChange = 0.00120384, totNum = 1
ROUND = 5165, SUM = 15633585.9999999, bChange = 0.00120384, totNum = 1
ROUND = 5166, SUM = 15633585.9999999, bChange = 0.00120384, totNum = 1
ROUND = 5167, SUM = 15633585.9999999, bChange = 0.00120384, totNum = 1
ROUND = 5168, SUM = 15633586, bChange = 0.00120384, totNum = 1
ROUND = 5169, SUM = 15633585.9999999, bChange = 0.00120384, totNum = 1
ROUND = 5170, SUM = 15633585.9999999, bChange = 0.00120385, totNum = 1
ROUND = 5171, SUM = 15633586, bChange = 0.00120385, totNum = 1
ROUND = 5172, SUM = 15633586, bChange = 0.00120385, totNum = 1
ROUND = 5173, SUM = 15633585.9999999, bChange = 0.00120385, totNum = 1
ROUND = 5174, SUM = 15633585.9999999, bChange = 0.00120385, totNum = 1
ROUND = 5175, SUM = 15633585.9999999, bChange = 0.00120385, totNum = 1
ROUND = 5176, SUM = 15633585.9999999, bChange = 0.00120385, totNum = 1
ROUND = 5177, SUM = 15633586, bChange = 0.00120385, totNum = 1
ROUND = 5178, SUM = 15633585.9999999, bChange = 0.00120386, totNum = 1
ROUND = 5179, SUM = 15633586, bChange = 0.00120386, totNum = 1
ROUND = 5180, SUM = 15633585.9999999, bChange = 0.00120386, totNum = 1
ROUND = 5181, SUM = 15633586, bChange = 0.00120386, totNum = 1
ROUND = 5182, SUM = 15633585.9999999, bChange = 0.00120386, totNum = 1
ROUND = 5183, SUM = 15633585.9999999, bChange = 0.00120386, totNum = 1
ROUND = 5184, SUM = 15633585.9999999, bChange = 0.00120386, totNum = 1
ROUND = 5185, SUM = 15633585.9999999, bChange = 0.00120386, totNum = 1
ROUND = 5186, SUM = 15633585.9999999, bChange = 0.00120386, totNum = 1
ROUND = 5187, SUM = 15633586, bChange = 0.00120387, totNum = 1
ROUND = 5188, SUM = 15633585.9999999, bChange = 0.00120387, totNum = 1
ROUND = 5189, SUM = 15633585.9999999, bChange = 0.00120387, totNum = 1
ROUND = 5190, SUM = 15633585.9999999, bChange = 0.00120387, totNum = 1
ROUND = 5191, SUM = 15633585.9999999, bChange = 0.00120387, totNum = 1
ROUND = 5192, SUM = 15633586, bChange = 0.00120387, totNum = 1
ROUND = 5193, SUM = 15633585.9999999, bChange = 0.00120387, totNum = 1
ROUND = 5194, SUM = 15633585.9999999, bChange = 0.00120387, totNum = 1
ROUND = 5195, SUM = 15633586, bChange = 0.00120388, totNum = 1
ROUND = 5196, SUM = 15633586, bChange = 0.00120388, totNum = 1
ROUND = 5197, SUM = 15633585.9999999, bChange = 0.00120388, totNum = 1
ROUND = 5198, SUM = 15633586, bChange = 0.00120388, totNum = 1
ROUND = 5199, SUM = 15633585.9999999, bChange = 0.00120388, totNum = 1
ROUND = 5200, SUM = 15633585.9999999, bChange = 0.00120388, totNum = 1
ROUND = 5201, SUM = 15633586, bChange = 0.00120388, totNum = 1
ROUND = 5202, SUM = 15633585.9999999, bChange = 0.00120388, totNum = 1
ROUND = 5203, SUM = 15633585.9999999, bChange = 0.00120388, totNum = 1
ROUND = 5204, SUM = 15633585.9999999, bChange = 0.00120389, totNum = 1
ROUND = 5205, SUM = 15633585.9999999, bChange = 0.00120389, totNum = 1
ROUND = 5206, SUM = 15633586, bChange = 0.00120389, totNum = 1
ROUND = 5207, SUM = 15633586, bChange = 0.00120389, totNum = 1
ROUND = 5208, SUM = 15633585.9999999, bChange = 0.00120389, totNum = 1
ROUND = 5209, SUM = 15633585.9999999, bChange = 0.00120389, totNum = 1
ROUND = 5210, SUM = 15633586, bChange = 0.00120389, totNum = 1
ROUND = 5211, SUM = 15633585.9999999, bChange = 0.00120389, totNum = 1
ROUND = 5212, SUM = 15633585.9999999, bChange = 0.0012039, totNum = 1
ROUND = 5213, SUM = 15633586, bChange = 0.0012039, totNum = 1
ROUND = 5214, SUM = 15633585.9999999, bChange = 0.0012039, totNum = 1
ROUND = 5215, SUM = 15633586, bChange = 0.0012039, totNum = 1
ROUND = 5216, SUM = 15633586, bChange = 0.0012039, totNum = 1
ROUND = 5217, SUM = 15633586, bChange = 0.0012039, totNum = 1
ROUND = 5218, SUM = 15633585.9999999, bChange = 0.0012039, totNum = 1
ROUND = 5219, SUM = 15633585.9999999, bChange = 0.0012039, totNum = 1
ROUND = 5220, SUM = 15633586, bChange = 0.0012039, totNum = 1
ROUND = 5221, SUM = 15633586, bChange = 0.00120391, totNum = 1
ROUND = 5222, SUM = 15633585.9999999, bChange = 0.00120391, totNum = 1
ROUND = 5223, SUM = 15633585.9999999, bChange = 0.00120391, totNum = 1
ROUND = 5224, SUM = 15633586, bChange = 0.00120391, totNum = 1
ROUND = 5225, SUM = 15633586, bChange = 0.00120391, totNum = 1
ROUND = 5226, SUM = 15633586, bChange = 0.00120391, totNum = 1
ROUND = 5227, SUM = 15633585.9999999, bChange = 0.00120391, totNum = 1
ROUND = 5228, SUM = 15633585.9999999, bChange = 0.00120391, totNum = 1
ROUND = 5229, SUM = 15633586, bChange = 0.00120391, totNum = 1
ROUND = 5230, SUM = 15633585.9999999, bChange = 0.00120392, totNum = 1
ROUND = 5231, SUM = 15633585.9999999, bChange = 0.00120392, totNum = 1
ROUND = 5232, SUM = 15633585.9999999, bChange = 0.00120392, totNum = 1
ROUND = 5233, SUM = 15633585.9999999, bChange = 0.00120392, totNum = 1
ROUND = 5234, SUM = 15633586, bChange = 0.00120392, totNum = 1
ROUND = 5235, SUM = 15633586, bChange = 0.00120392, totNum = 1
ROUND = 5236, SUM = 15633585.9999999, bChange = 0.00120392, totNum = 1
ROUND = 5237, SUM = 15633586, bChange = 0.00120392, totNum = 1
ROUND = 5238, SUM = 15633585.9999999, bChange = 0.00120392, totNum = 1
ROUND = 5239, SUM = 15633586, bChange = 0.00120393, totNum = 1
ROUND = 5240, SUM = 15633586, bChange = 0.00120393, totNum = 1
ROUND = 5241, SUM = 15633586, bChange = 0.00120393, totNum = 1
ROUND = 5242, SUM = 15633586, bChange = 0.00120393, totNum = 1
ROUND = 5243, SUM = 15633585.9999999, bChange = 0.00120393, totNum = 1
ROUND = 5244, SUM = 15633586, bChange = 0.00120393, totNum = 1
ROUND = 5245, SUM = 15633586, bChange = 0.00120393, totNum = 1
ROUND = 5246, SUM = 15633585.9999999, bChange = 0.00120393, totNum = 1
ROUND = 5247, SUM = 15633585.9999999, bChange = 0.00120393, totNum = 1
ROUND = 5248, SUM = 15633586, bChange = 0.00120394, totNum = 1
ROUND = 5249, SUM = 15633585.9999999, bChange = 0.00120394, totNum = 1
ROUND = 5250, SUM = 15633585.9999999, bChange = 0.00120394, totNum = 1
ROUND = 5251, SUM = 15633585.9999999, bChange = 0.00120394, totNum = 1
ROUND = 5252, SUM = 15633585.9999999, bChange = 0.00120394, totNum = 1
ROUND = 5253, SUM = 15633586, bChange = 0.00120394, totNum = 1
ROUND = 5254, SUM = 15633585.9999999, bChange = 0.00120394, totNum = 1
ROUND = 5255, SUM = 15633585.9999999, bChange = 0.00120394, totNum = 1
ROUND = 5256, SUM = 15633585.9999999, bChange = 0.00120394, totNum = 1
ROUND = 5257, SUM = 15633585.9999999, bChange = 0.00120395, totNum = 1
ROUND = 5258, SUM = 15633585.9999999, bChange = 0.00120395, totNum = 1
ROUND = 5259, SUM = 15633585.9999999, bChange = 0.00120395, totNum = 1
ROUND = 5260, SUM = 15633585.9999999, bChange = 0.00120395, totNum = 1
ROUND = 5261, SUM = 15633585.9999999, bChange = 0.00120395, totNum = 1
ROUND = 5262, SUM = 15633585.9999999, bChange = 0.00120395, totNum = 1
ROUND = 5263, SUM = 15633585.9999999, bChange = 0.00120395, totNum = 1
ROUND = 5264, SUM = 15633586, bChange = 0.00120395, totNum = 1
ROUND = 5265, SUM = 15633585.9999999, bChange = 0.00120395, totNum = 1
ROUND = 5266, SUM = 15633585.9999999, bChange = 0.00120396, totNum = 1
ROUND = 5267, SUM = 15633585.9999999, bChange = 0.00120396, totNum = 1
ROUND = 5268, SUM = 15633585.9999999, bChange = 0.00120396, totNum = 1
ROUND = 5269, SUM = 15633585.9999999, bChange = 0.00120396, totNum = 1
ROUND = 5270, SUM = 15633585.9999999, bChange = 0.00120396, totNum = 1
ROUND = 5271, SUM = 15633585.9999999, bChange = 0.00120396, totNum = 1
ROUND = 5272, SUM = 15633586, bChange = 0.00120396, totNum = 1
ROUND = 5273, SUM = 15633585.9999999, bChange = 0.00120396, totNum = 1
ROUND = 5274, SUM = 15633585.9999999, bChange = 0.00120396, totNum = 1
ROUND = 5275, SUM = 15633586, bChange = 0.00120396, totNum = 1
ROUND = 5276, SUM = 15633586, bChange = 0.00120397, totNum = 1
ROUND = 5277, SUM = 15633585.9999999, bChange = 0.00120397, totNum = 1
ROUND = 5278, SUM = 15633586, bChange = 0.00120397, totNum = 1
ROUND = 5279, SUM = 15633586, bChange = 0.00120397, totNum = 1
ROUND = 5280, SUM = 15633586, bChange = 0.00120397, totNum = 1
ROUND = 5281, SUM = 15633586, bChange = 0.00120397, totNum = 1
ROUND = 5282, SUM = 15633585.9999999, bChange = 0.00120397, totNum = 1
ROUND = 5283, SUM = 15633585.9999999, bChange = 0.00120397, totNum = 1
ROUND = 5284, SUM = 15633585.9999999, bChange = 0.00120397, totNum = 1
ROUND = 5285, SUM = 15633586, bChange = 0.00120398, totNum = 1
ROUND = 5286, SUM = 15633585.9999999, bChange = 0.00120398, totNum = 1
ROUND = 5287, SUM = 15633586, bChange = 0.00120398, totNum = 1
ROUND = 5288, SUM = 15633586, bChange = 0.00120398, totNum = 1
ROUND = 5289, SUM = 15633585.9999999, bChange = 0.00120398, totNum = 1
ROUND = 5290, SUM = 15633585.9999999, bChange = 0.00120398, totNum = 1
ROUND = 5291, SUM = 15633585.9999999, bChange = 0.00120398, totNum = 1
ROUND = 5292, SUM = 15633586, bChange = 0.00120398, totNum = 1
ROUND = 5293, SUM = 15633586, bChange = 0.00120398, totNum = 1
ROUND = 5294, SUM = 15633585.9999999, bChange = 0.00120398, totNum = 1
ROUND = 5295, SUM = 15633585.9999999, bChange = 0.00120399, totNum = 1
ROUND = 5296, SUM = 15633585.9999999, bChange = 0.00120399, totNum = 1
ROUND = 5297, SUM = 15633585.9999999, bChange = 0.00120399, totNum = 1
ROUND = 5298, SUM = 15633585.9999999, bChange = 0.00120399, totNum = 1
ROUND = 5299, SUM = 15633585.9999999, bChange = 0.00120399, totNum = 1
ROUND = 5300, SUM = 15633586, bChange = 0.00120399, totNum = 1
ROUND = 5301, SUM = 15633585.9999999, bChange = 0.00120399, totNum = 1
ROUND = 5302, SUM = 15633585.9999999, bChange = 0.00120399, totNum = 1
ROUND = 5303, SUM = 15633585.9999999, bChange = 0.00120399, totNum = 1
ROUND = 5304, SUM = 15633586, bChange = 0.001204, totNum = 1
ROUND = 5305, SUM = 15633586, bChange = 0.001204, totNum = 1
ROUND = 5306, SUM = 15633585.9999999, bChange = 0.001204, totNum = 1
ROUND = 5307, SUM = 15633586, bChange = 0.001204, totNum = 1
ROUND = 5308, SUM = 15633585.9999999, bChange = 0.001204, totNum = 1
ROUND = 5309, SUM = 15633586, bChange = 0.001204, totNum = 1
ROUND = 5310, SUM = 15633585.9999999, bChange = 0.001204, totNum = 1
ROUND = 5311, SUM = 15633585.9999999, bChange = 0.001204, totNum = 1
ROUND = 5312, SUM = 15633585.9999999, bChange = 0.001204, totNum = 1
ROUND = 5313, SUM = 15633585.9999999, bChange = 0.001204, totNum = 1
ROUND = 5314, SUM = 15633585.9999999, bChange = 0.00120401, totNum = 1
ROUND = 5315, SUM = 15633585.9999999, bChange = 0.00120401, totNum = 1
ROUND = 5316, SUM = 15633586, bChange = 0.00120401, totNum = 1
ROUND = 5317, SUM = 15633585.9999999, bChange = 0.00120401, totNum = 1
ROUND = 5318, SUM = 15633585.9999999, bChange = 0.00120401, totNum = 1
ROUND = 5319, SUM = 15633585.9999999, bChange = 0.00120401, totNum = 1
ROUND = 5320, SUM = 15633585.9999999, bChange = 0.00120401, totNum = 1
ROUND = 5321, SUM = 15633585.9999999, bChange = 0.00120401, totNum = 1
ROUND = 5322, SUM = 15633586, bChange = 0.00120401, totNum = 1
ROUND = 5323, SUM = 15633585.9999999, bChange = 0.00120401, totNum = 1
ROUND = 5324, SUM = 15633585.9999999, bChange = 0.00120402, totNum = 1
ROUND = 5325, SUM = 15633585.9999999, bChange = 0.00120402, totNum = 1
ROUND = 5326, SUM = 15633585.9999999, bChange = 0.00120402, totNum = 1
ROUND = 5327, SUM = 15633586, bChange = 0.00120402, totNum = 1
ROUND = 5328, SUM = 15633585.9999999, bChange = 0.00120402, totNum = 1
ROUND = 5329, SUM = 15633585.9999999, bChange = 0.00120402, totNum = 1
ROUND = 5330, SUM = 15633585.9999999, bChange = 0.00120402, totNum = 1
ROUND = 5331, SUM = 15633585.9999999, bChange = 0.00120402, totNum = 1
ROUND = 5332, SUM = 15633585.9999999, bChange = 0.00120402, totNum = 1
ROUND = 5333, SUM = 15633585.9999999, bChange = 0.00120402, totNum = 1
ROUND = 5334, SUM = 15633586, bChange = 0.00120403, totNum = 1
ROUND = 5335, SUM = 15633585.9999999, bChange = 0.00120403, totNum = 1
ROUND = 5336, SUM = 15633585.9999999, bChange = 0.00120403, totNum = 1
ROUND = 5337, SUM = 15633586, bChange = 0.00120403, totNum = 1
ROUND = 5338, SUM = 15633585.9999999, bChange = 0.00120403, totNum = 1
ROUND = 5339, SUM = 15633585.9999999, bChange = 0.00120403, totNum = 1
ROUND = 5340, SUM = 15633586, bChange = 0.00120403, totNum = 1
ROUND = 5341, SUM = 15633585.9999999, bChange = 0.00120403, totNum = 1
ROUND = 5342, SUM = 15633586, bChange = 0.00120403, totNum = 1
ROUND = 5343, SUM = 15633585.9999999, bChange = 0.00120403, totNum = 1
ROUND = 5344, SUM = 15633585.9999999, bChange = 0.00120404, totNum = 1
ROUND = 5345, SUM = 15633585.9999999, bChange = 0.00120404, totNum = 1
ROUND = 5346, SUM = 15633585.9999999, bChange = 0.00120404, totNum = 1
ROUND = 5347, SUM = 15633585.9999999, bChange = 0.00120404, totNum = 1
ROUND = 5348, SUM = 15633585.9999999, bChange = 0.00120404, totNum = 1
ROUND = 5349, SUM = 15633585.9999999, bChange = 0.00120404, totNum = 1
ROUND = 5350, SUM = 15633585.9999999, bChange = 0.00120404, totNum = 1
ROUND = 5351, SUM = 15633585.9999999, bChange = 0.00120404, totNum = 1
ROUND = 5352, SUM = 15633586, bChange = 0.00120404, totNum = 1
ROUND = 5353, SUM = 15633585.9999999, bChange = 0.00120404, totNum = 1
ROUND = 5354, SUM = 15633585.9999999, bChange = 0.00120405, totNum = 1
ROUND = 5355, SUM = 15633586, bChange = 0.00120405, totNum = 1
ROUND = 5356, SUM = 15633586, bChange = 0.00120405, totNum = 1
ROUND = 5357, SUM = 15633586, bChange = 0.00120405, totNum = 1
ROUND = 5358, SUM = 15633585.9999999, bChange = 0.00120405, totNum = 1
ROUND = 5359, SUM = 15633586, bChange = 0.00120405, totNum = 1
ROUND = 5360, SUM = 15633585.9999999, bChange = 0.00120405, totNum = 1
ROUND = 5361, SUM = 15633585.9999999, bChange = 0.00120405, totNum = 1
ROUND = 5362, SUM = 15633586, bChange = 0.00120405, totNum = 1
ROUND = 5363, SUM = 15633585.9999999, bChange = 0.00120405, totNum = 1
ROUND = 5364, SUM = 15633585.9999999, bChange = 0.00120405, totNum = 1
ROUND = 5365, SUM = 15633586, bChange = 0.00120406, totNum = 1
ROUND = 5366, SUM = 15633586, bChange = 0.00120406, totNum = 1
ROUND = 5367, SUM = 15633586, bChange = 0.00120406, totNum = 1
ROUND = 5368, SUM = 15633586, bChange = 0.00120406, totNum = 1
ROUND = 5369, SUM = 15633585.9999999, bChange = 0.00120406, totNum = 1
ROUND = 5370, SUM = 15633585.9999999, bChange = 0.00120406, totNum = 1
ROUND = 5371, SUM = 15633585.9999999, bChange = 0.00120406, totNum = 1
ROUND = 5372, SUM = 15633586, bChange = 0.00120406, totNum = 1
ROUND = 5373, SUM = 15633585.9999999, bChange = 0.00120406, totNum = 1
ROUND = 5374, SUM = 15633586, bChange = 0.00120406, totNum = 1
ROUND = 5375, SUM = 15633585.9999999, bChange = 0.00120407, totNum = 1
ROUND = 5376, SUM = 15633586, bChange = 0.00120407, totNum = 1
ROUND = 5377, SUM = 15633586, bChange = 0.00120407, totNum = 1
ROUND = 5378, SUM = 15633586, bChange = 0.00120407, totNum = 1
ROUND = 5379, SUM = 15633586, bChange = 0.00120407, totNum = 1
ROUND = 5380, SUM = 15633585.9999999, bChange = 0.00120407, totNum = 1
ROUND = 5381, SUM = 15633585.9999999, bChange = 0.00120407, totNum = 1
ROUND = 5382, SUM = 15633585.9999999, bChange = 0.00120407, totNum = 1
ROUND = 5383, SUM = 15633586, bChange = 0.00120407, totNum = 1
ROUND = 5384, SUM = 15633586, bChange = 0.00120407, totNum = 1
ROUND = 5385, SUM = 15633585.9999999, bChange = 0.00120407, totNum = 1
ROUND = 5386, SUM = 15633586, bChange = 0.00120408, totNum = 1
ROUND = 5387, SUM = 15633585.9999999, bChange = 0.00120408, totNum = 1
ROUND = 5388, SUM = 15633586, bChange = 0.00120408, totNum = 1
ROUND = 5389, SUM = 15633585.9999999, bChange = 0.00120408, totNum = 1
ROUND = 5390, SUM = 15633586, bChange = 0.00120408, totNum = 1
ROUND = 5391, SUM = 15633586, bChange = 0.00120408, totNum = 1
ROUND = 5392, SUM = 15633586, bChange = 0.00120408, totNum = 1
ROUND = 5393, SUM = 15633586, bChange = 0.00120408, totNum = 1
ROUND = 5394, SUM = 15633586, bChange = 0.00120408, totNum = 1
ROUND = 5395, SUM = 15633586, bChange = 0.00120408, totNum = 1
ROUND = 5396, SUM = 15633585.9999999, bChange = 0.00120408, totNum = 1
ROUND = 5397, SUM = 15633585.9999999, bChange = 0.00120409, totNum = 1
ROUND = 5398, SUM = 15633585.9999999, bChange = 0.00120409, totNum = 1
ROUND = 5399, SUM = 15633585.9999999, bChange = 0.00120409, totNum = 1
ROUND = 5400, SUM = 15633585.9999999, bChange = 0.00120409, totNum = 1
ROUND = 5401, SUM = 15633585.9999999, bChange = 0.00120409, totNum = 1
ROUND = 5402, SUM = 15633586, bChange = 0.00120409, totNum = 1
ROUND = 5403, SUM = 15633585.9999999, bChange = 0.00120409, totNum = 1
ROUND = 5404, SUM = 15633585.9999999, bChange = 0.00120409, totNum = 1
ROUND = 5405, SUM = 15633585.9999999, bChange = 0.00120409, totNum = 1
ROUND = 5406, SUM = 15633585.9999999, bChange = 0.00120409, totNum = 1
ROUND = 5407, SUM = 15633585.9999999, bChange = 0.00120409, totNum = 1
ROUND = 5408, SUM = 15633585.9999999, bChange = 0.0012041, totNum = 1
ROUND = 5409, SUM = 15633585.9999999, bChange = 0.0012041, totNum = 1
ROUND = 5410, SUM = 15633585.9999999, bChange = 0.0012041, totNum = 1
ROUND = 5411, SUM = 15633585.9999999, bChange = 0.0012041, totNum = 1
ROUND = 5412, SUM = 15633585.9999999, bChange = 0.0012041, totNum = 1
ROUND = 5413, SUM = 15633585.9999999, bChange = 0.0012041, totNum = 1
ROUND = 5414, SUM = 15633585.9999999, bChange = 0.0012041, totNum = 1
ROUND = 5415, SUM = 15633585.9999999, bChange = 0.0012041, totNum = 1
ROUND = 5416, SUM = 15633586, bChange = 0.0012041, totNum = 1
ROUND = 5417, SUM = 15633585.9999999, bChange = 0.0012041, totNum = 1
ROUND = 5418, SUM = 15633585.9999999, bChange = 0.0012041, totNum = 1
ROUND = 5419, SUM = 15633585.9999999, bChange = 0.00120411, totNum = 1
ROUND = 5420, SUM = 15633585.9999999, bChange = 0.00120411, totNum = 1
ROUND = 5421, SUM = 15633585.9999999, bChange = 0.00120411, totNum = 1
ROUND = 5422, SUM = 15633585.9999999, bChange = 0.00120411, totNum = 1
ROUND = 5423, SUM = 15633585.9999999, bChange = 0.00120411, totNum = 1
ROUND = 5424, SUM = 15633585.9999999, bChange = 0.00120411, totNum = 1
ROUND = 5425, SUM = 15633585.9999999, bChange = 0.00120411, totNum = 1
ROUND = 5426, SUM = 15633585.9999999, bChange = 0.00120411, totNum = 1
ROUND = 5427, SUM = 15633585.9999999, bChange = 0.00120411, totNum = 1
ROUND = 5428, SUM = 15633585.9999999, bChange = 0.00120411, totNum = 1
ROUND = 5429, SUM = 15633585.9999999, bChange = 0.00120411, totNum = 1
ROUND = 5430, SUM = 15633585.9999999, bChange = 0.00120412, totNum = 1
ROUND = 5431, SUM = 15633585.9999999, bChange = 0.00120412, totNum = 1
ROUND = 5432, SUM = 15633586, bChange = 0.00120412, totNum = 1
ROUND = 5433, SUM = 15633585.9999999, bChange = 0.00120412, totNum = 1
ROUND = 5434, SUM = 15633586, bChange = 0.00120412, totNum = 1
ROUND = 5435, SUM = 15633586, bChange = 0.00120412, totNum = 1
ROUND = 5436, SUM = 15633585.9999999, bChange = 0.00120412, totNum = 1
ROUND = 5437, SUM = 15633585.9999999, bChange = 0.00120412, totNum = 1
ROUND = 5438, SUM = 15633586, bChange = 0.00120412, totNum = 1
ROUND = 5439, SUM = 15633585.9999999, bChange = 0.00120412, totNum = 1
ROUND = 5440, SUM = 15633585.9999999, bChange = 0.00120412, totNum = 1
ROUND = 5441, SUM = 15633585.9999999, bChange = 0.00120412, totNum = 1
ROUND = 5442, SUM = 15633585.9999999, bChange = 0.00120413, totNum = 1
ROUND = 5443, SUM = 15633586, bChange = 0.00120413, totNum = 1
ROUND = 5444, SUM = 15633585.9999999, bChange = 0.00120413, totNum = 1
ROUND = 5445, SUM = 15633586, bChange = 0.00120413, totNum = 1
ROUND = 5446, SUM = 15633586, bChange = 0.00120413, totNum = 1
ROUND = 5447, SUM = 15633585.9999999, bChange = 0.00120413, totNum = 1
ROUND = 5448, SUM = 15633586, bChange = 0.00120413, totNum = 1
ROUND = 5449, SUM = 15633585.9999999, bChange = 0.00120413, totNum = 1
ROUND = 5450, SUM = 15633585.9999999, bChange = 0.00120413, totNum = 1
ROUND = 5451, SUM = 15633585.9999999, bChange = 0.00120413, totNum = 1
ROUND = 5452, SUM = 15633586, bChange = 0.00120413, totNum = 1
ROUND = 5453, SUM = 15633585.9999999, bChange = 0.00120414, totNum = 1
ROUND = 5454, SUM = 15633586, bChange = 0.00120414, totNum = 1
ROUND = 5455, SUM = 15633586, bChange = 0.00120414, totNum = 1
ROUND = 5456, SUM = 15633585.9999999, bChange = 0.00120414, totNum = 1
ROUND = 5457, SUM = 15633585.9999999, bChange = 0.00120414, totNum = 1
ROUND = 5458, SUM = 15633586, bChange = 0.00120414, totNum = 1
ROUND = 5459, SUM = 15633585.9999999, bChange = 0.00120414, totNum = 1
ROUND = 5460, SUM = 15633585.9999999, bChange = 0.00120414, totNum = 1
ROUND = 5461, SUM = 15633586, bChange = 0.00120414, totNum = 1
ROUND = 5462, SUM = 15633586, bChange = 0.00120414, totNum = 1
ROUND = 5463, SUM = 15633585.9999999, bChange = 0.00120414, totNum = 1
ROUND = 5464, SUM = 15633585.9999999, bChange = 0.00120414, totNum = 1
ROUND = 5465, SUM = 15633585.9999999, bChange = 0.00120415, totNum = 1
ROUND = 5466, SUM = 15633586, bChange = 0.00120415, totNum = 1
ROUND = 5467, SUM = 15633585.9999999, bChange = 0.00120415, totNum = 1
ROUND = 5468, SUM = 15633586, bChange = 0.00120415, totNum = 1
ROUND = 5469, SUM = 15633586, bChange = 0.00120415, totNum = 1
ROUND = 5470, SUM = 15633586, bChange = 0.00120415, totNum = 1
ROUND = 5471, SUM = 15633586, bChange = 0.00120415, totNum = 1
ROUND = 5472, SUM = 15633585.9999999, bChange = 0.00120415, totNum = 1
ROUND = 5473, SUM = 15633586, bChange = 0.00120415, totNum = 1
ROUND = 5474, SUM = 15633586, bChange = 0.00120415, totNum = 1
ROUND = 5475, SUM = 15633586, bChange = 0.00120415, totNum = 1
ROUND = 5476, SUM = 15633585.9999999, bChange = 0.00120415, totNum = 1
ROUND = 5477, SUM = 15633586, bChange = 0.00120416, totNum = 1
ROUND = 5478, SUM = 15633586, bChange = 0.00120416, totNum = 1
ROUND = 5479, SUM = 15633586, bChange = 0.00120416, totNum = 1
ROUND = 5480, SUM = 15633585.9999999, bChange = 0.00120416, totNum = 1
ROUND = 5481, SUM = 15633586, bChange = 0.00120416, totNum = 1
ROUND = 5482, SUM = 15633586, bChange = 0.00120416, totNum = 1
ROUND = 5483, SUM = 15633586, bChange = 0.00120416, totNum = 1
ROUND = 5484, SUM = 15633586, bChange = 0.00120416, totNum = 1
ROUND = 5485, SUM = 15633586, bChange = 0.00120416, totNum = 1
ROUND = 5486, SUM = 15633586, bChange = 0.00120416, totNum = 1
ROUND = 5487, SUM = 15633586, bChange = 0.00120416, totNum = 1
ROUND = 5488, SUM = 15633586, bChange = 0.00120416, totNum = 1
ROUND = 5489, SUM = 15633585.9999999, bChange = 0.00120417, totNum = 1
ROUND = 5490, SUM = 15633585.9999999, bChange = 0.00120417, totNum = 1
ROUND = 5491, SUM = 15633585.9999999, bChange = 0.00120417, totNum = 1
ROUND = 5492, SUM = 15633586, bChange = 0.00120417, totNum = 1
ROUND = 5493, SUM = 15633586, bChange = 0.00120417, totNum = 1
ROUND = 5494, SUM = 15633585.9999999, bChange = 0.00120417, totNum = 1
ROUND = 5495, SUM = 15633585.9999999, bChange = 0.00120417, totNum = 1
ROUND = 5496, SUM = 15633585.9999999, bChange = 0.00120417, totNum = 1
ROUND = 5497, SUM = 15633585.9999999, bChange = 0.00120417, totNum = 1
ROUND = 5498, SUM = 15633586, bChange = 0.00120417, totNum = 1
ROUND = 5499, SUM = 15633586, bChange = 0.00120417, totNum = 1
ROUND = 5500, SUM = 15633586, bChange = 0.00120417, totNum = 1
ROUND = 5501, SUM = 15633585.9999999, bChange = 0.00120418, totNum = 1
ROUND = 5502, SUM = 15633585.9999999, bChange = 0.00120418, totNum = 1
ROUND = 5503, SUM = 15633586, bChange = 0.00120418, totNum = 1
ROUND = 5504, SUM = 15633586, bChange = 0.00120418, totNum = 1
ROUND = 5505, SUM = 15633585.9999999, bChange = 0.00120418, totNum = 1
ROUND = 5506, SUM = 15633585.9999999, bChange = 0.00120418, totNum = 1
ROUND = 5507, SUM = 15633585.9999999, bChange = 0.00120418, totNum = 1
ROUND = 5508, SUM = 15633586, bChange = 0.00120418, totNum = 1
ROUND = 5509, SUM = 15633585.9999999, bChange = 0.00120418, totNum = 1
ROUND = 5510, SUM = 15633586, bChange = 0.00120418, totNum = 1
ROUND = 5511, SUM = 15633586, bChange = 0.00120418, totNum = 1
ROUND = 5512, SUM = 15633585.9999999, bChange = 0.00120418, totNum = 1
ROUND = 5513, SUM = 15633586, bChange = 0.00120419, totNum = 1
ROUND = 5514, SUM = 15633586, bChange = 0.00120419, totNum = 1
ROUND = 5515, SUM = 15633586, bChange = 0.00120419, totNum = 1
ROUND = 5516, SUM = 15633586, bChange = 0.00120419, totNum = 1
ROUND = 5517, SUM = 15633585.9999999, bChange = 0.00120419, totNum = 1
ROUND = 5518, SUM = 15633585.9999999, bChange = 0.00120419, totNum = 1
ROUND = 5519, SUM = 15633585.9999999, bChange = 0.00120419, totNum = 1
ROUND = 5520, SUM = 15633585.9999999, bChange = 0.00120419, totNum = 1
ROUND = 5521, SUM = 15633585.9999999, bChange = 0.00120419, totNum = 1
ROUND = 5522, SUM = 15633586, bChange = 0.00120419, totNum = 1
ROUND = 5523, SUM = 15633585.9999999, bChange = 0.00120419, totNum = 1
ROUND = 5524, SUM = 15633586, bChange = 0.00120419, totNum = 1
ROUND = 5525, SUM = 15633586, bChange = 0.00120419, totNum = 1
ROUND = 5526, SUM = 15633585.9999999, bChange = 0.0012042, totNum = 1
ROUND = 5527, SUM = 15633585.9999999, bChange = 0.0012042, totNum = 1
ROUND = 5528, SUM = 15633585.9999999, bChange = 0.0012042, totNum = 1
ROUND = 5529, SUM = 15633585.9999999, bChange = 0.0012042, totNum = 1
ROUND = 5530, SUM = 15633586, bChange = 0.0012042, totNum = 1
ROUND = 5531, SUM = 15633585.9999999, bChange = 0.0012042, totNum = 1
ROUND = 5532, SUM = 15633586, bChange = 0.0012042, totNum = 1
ROUND = 5533, SUM = 15633585.9999999, bChange = 0.0012042, totNum = 1
ROUND = 5534, SUM = 15633586, bChange = 0.0012042, totNum = 1
ROUND = 5535, SUM = 15633586, bChange = 0.0012042, totNum = 1
ROUND = 5536, SUM = 15633586, bChange = 0.0012042, totNum = 1
ROUND = 5537, SUM = 15633585.9999999, bChange = 0.0012042, totNum = 1
ROUND = 5538, SUM = 15633586, bChange = 0.0012042, totNum = 1
ROUND = 5539, SUM = 15633586, bChange = 0.00120421, totNum = 1
ROUND = 5540, SUM = 15633585.9999999, bChange = 0.00120421, totNum = 1
ROUND = 5541, SUM = 15633585.9999999, bChange = 0.00120421, totNum = 1
ROUND = 5542, SUM = 15633585.9999999, bChange = 0.00120421, totNum = 1
ROUND = 5543, SUM = 15633585.9999999, bChange = 0.00120421, totNum = 1
ROUND = 5544, SUM = 15633585.9999999, bChange = 0.00120421, totNum = 1
ROUND = 5545, SUM = 15633586, bChange = 0.00120421, totNum = 1
ROUND = 5546, SUM = 15633585.9999999, bChange = 0.00120421, totNum = 1
ROUND = 5547, SUM = 15633585.9999999, bChange = 0.00120421, totNum = 1
ROUND = 5548, SUM = 15633586, bChange = 0.00120421, totNum = 1
ROUND = 5549, SUM = 15633586, bChange = 0.00120421, totNum = 1
ROUND = 5550, SUM = 15633585.9999999, bChange = 0.00120421, totNum = 1
ROUND = 5551, SUM = 15633586, bChange = 0.00120421, totNum = 1
ROUND = 5552, SUM = 15633586, bChange = 0.00120422, totNum = 1
ROUND = 5553, SUM = 15633586, bChange = 0.00120422, totNum = 1
ROUND = 5554, SUM = 15633586, bChange = 0.00120422, totNum = 1
ROUND = 5555, SUM = 15633585.9999999, bChange = 0.00120422, totNum = 1
ROUND = 5556, SUM = 15633586, bChange = 0.00120422, totNum = 1
ROUND = 5557, SUM = 15633585.9999999, bChange = 0.00120422, totNum = 1
ROUND = 5558, SUM = 15633586, bChange = 0.00120422, totNum = 1
ROUND = 5559, SUM = 15633586, bChange = 0.00120422, totNum = 1
ROUND = 5560, SUM = 15633586, bChange = 0.00120422, totNum = 1
ROUND = 5561, SUM = 15633586, bChange = 0.00120422, totNum = 1
ROUND = 5562, SUM = 15633586, bChange = 0.00120422, totNum = 1
ROUND = 5563, SUM = 15633585.9999999, bChange = 0.00120422, totNum = 1
ROUND = 5564, SUM = 15633586, bChange = 0.00120422, totNum = 1
ROUND = 5565, SUM = 15633586, bChange = 0.00120423, totNum = 1
ROUND = 5566, SUM = 15633586, bChange = 0.00120423, totNum = 1
ROUND = 5567, SUM = 15633586, bChange = 0.00120423, totNum = 1
ROUND = 5568, SUM = 15633586, bChange = 0.00120423, totNum = 1
ROUND = 5569, SUM = 15633585.9999999, bChange = 0.00120423, totNum = 1
ROUND = 5570, SUM = 15633585.9999999, bChange = 0.00120423, totNum = 1
ROUND = 5571, SUM = 15633585.9999999, bChange = 0.00120423, totNum = 1
ROUND = 5572, SUM = 15633585.9999999, bChange = 0.00120423, totNum = 1
ROUND = 5573, SUM = 15633585.9999999, bChange = 0.00120423, totNum = 1
ROUND = 5574, SUM = 15633585.9999999, bChange = 0.00120423, totNum = 1
ROUND = 5575, SUM = 15633585.9999999, bChange = 0.00120423, totNum = 1
ROUND = 5576, SUM = 15633585.9999999, bChange = 0.00120423, totNum = 1
ROUND = 5577, SUM = 15633586, bChange = 0.00120423, totNum = 1
ROUND = 5578, SUM = 15633585.9999999, bChange = 0.00120423, totNum = 1
ROUND = 5579, SUM = 15633585.9999999, bChange = 0.00120424, totNum = 1
ROUND = 5580, SUM = 15633586, bChange = 0.00120424, totNum = 1
ROUND = 5581, SUM = 15633585.9999999, bChange = 0.00120424, totNum = 1
ROUND = 5582, SUM = 15633586, bChange = 0.00120424, totNum = 1
ROUND = 5583, SUM = 15633585.9999999, bChange = 0.00120424, totNum = 1
ROUND = 5584, SUM = 15633586, bChange = 0.00120424, totNum = 1
ROUND = 5585, SUM = 15633585.9999999, bChange = 0.00120424, totNum = 1
ROUND = 5586, SUM = 15633585.9999999, bChange = 0.00120424, totNum = 1
ROUND = 5587, SUM = 15633585.9999999, bChange = 0.00120424, totNum = 1
ROUND = 5588, SUM = 15633585.9999999, bChange = 0.00120424, totNum = 1
ROUND = 5589, SUM = 15633585.9999999, bChange = 0.00120424, totNum = 1
ROUND = 5590, SUM = 15633585.9999999, bChange = 0.00120424, totNum = 1
ROUND = 5591, SUM = 15633586, bChange = 0.00120424, totNum = 1
ROUND = 5592, SUM = 15633586, bChange = 0.00120425, totNum = 1
ROUND = 5593, SUM = 15633585.9999999, bChange = 0.00120425, totNum = 1
ROUND = 5594, SUM = 15633585.9999999, bChange = 0.00120425, totNum = 1
ROUND = 5595, SUM = 15633585.9999999, bChange = 0.00120425, totNum = 1
ROUND = 5596, SUM = 15633586, bChange = 0.00120425, totNum = 1
ROUND = 5597, SUM = 15633585.9999999, bChange = 0.00120425, totNum = 1
ROUND = 5598, SUM = 15633585.9999999, bChange = 0.00120425, totNum = 1
ROUND = 5599, SUM = 15633585.9999999, bChange = 0.00120425, totNum = 1
ROUND = 5600, SUM = 15633585.9999999, bChange = 0.00120425, totNum = 1
ROUND = 5601, SUM = 15633585.9999999, bChange = 0.00120425, totNum = 1
ROUND = 5602, SUM = 15633585.9999999, bChange = 0.00120425, totNum = 1
ROUND = 5603, SUM = 15633585.9999999, bChange = 0.00120425, totNum = 1
ROUND = 5604, SUM = 15633586, bChange = 0.00120425, totNum = 1
ROUND = 5605, SUM = 15633585.9999999, bChange = 0.00120425, totNum = 1
ROUND = 5606, SUM = 15633586, bChange = 0.00120426, totNum = 1
ROUND = 5607, SUM = 15633585.9999999, bChange = 0.00120426, totNum = 1
ROUND = 5608, SUM = 15633585.9999999, bChange = 0.00120426, totNum = 1
ROUND = 5609, SUM = 15633585.9999999, bChange = 0.00120426, totNum = 1
ROUND = 5610, SUM = 15633585.9999999, bChange = 0.00120426, totNum = 1
ROUND = 5611, SUM = 15633586, bChange = 0.00120426, totNum = 1
ROUND = 5612, SUM = 15633585.9999999, bChange = 0.00120426, totNum = 1
ROUND = 5613, SUM = 15633586, bChange = 0.00120426, totNum = 1
ROUND = 5614, SUM = 15633585.9999999, bChange = 0.00120426, totNum = 1
ROUND = 5615, SUM = 15633585.9999999, bChange = 0.00120426, totNum = 1
ROUND = 5616, SUM = 15633585.9999999, bChange = 0.00120426, totNum = 1
ROUND = 5617, SUM = 15633586, bChange = 0.00120426, totNum = 1
ROUND = 5618, SUM = 15633586, bChange = 0.00120426, totNum = 1
ROUND = 5619, SUM = 15633586, bChange = 0.00120426, totNum = 1
ROUND = 5620, SUM = 15633585.9999999, bChange = 0.00120427, totNum = 1
ROUND = 5621, SUM = 15633585.9999999, bChange = 0.00120427, totNum = 1
ROUND = 5622, SUM = 15633586, bChange = 0.00120427, totNum = 1
ROUND = 5623, SUM = 15633586, bChange = 0.00120427, totNum = 1
ROUND = 5624, SUM = 15633585.9999999, bChange = 0.00120427, totNum = 1
ROUND = 5625, SUM = 15633585.9999999, bChange = 0.00120427, totNum = 1
ROUND = 5626, SUM = 15633585.9999999, bChange = 0.00120427, totNum = 1
ROUND = 5627, SUM = 15633585.9999999, bChange = 0.00120427, totNum = 1
ROUND = 5628, SUM = 15633586, bChange = 0.00120427, totNum = 1
ROUND = 5629, SUM = 15633586, bChange = 0.00120427, totNum = 1
ROUND = 5630, SUM = 15633585.9999999, bChange = 0.00120427, totNum = 1
ROUND = 5631, SUM = 15633586, bChange = 0.00120427, totNum = 1
ROUND = 5632, SUM = 15633586, bChange = 0.00120427, totNum = 1
ROUND = 5633, SUM = 15633586, bChange = 0.00120427, totNum = 1
ROUND = 5634, SUM = 15633586, bChange = 0.00120427, totNum = 1
ROUND = 5635, SUM = 15633586, bChange = 0.00120428, totNum = 1
ROUND = 5636, SUM = 15633586, bChange = 0.00120428, totNum = 1
ROUND = 5637, SUM = 15633586, bChange = 0.00120428, totNum = 1
ROUND = 5638, SUM = 15633586, bChange = 0.00120428, totNum = 1
ROUND = 5639, SUM = 15633585.9999999, bChange = 0.00120428, totNum = 1
ROUND = 5640, SUM = 15633586, bChange = 0.00120428, totNum = 1
ROUND = 5641, SUM = 15633586, bChange = 0.00120428, totNum = 1
ROUND = 5642, SUM = 15633586, bChange = 0.00120428, totNum = 1
ROUND = 5643, SUM = 15633585.9999999, bChange = 0.00120428, totNum = 1
ROUND = 5644, SUM = 15633585.9999999, bChange = 0.00120428, totNum = 1
ROUND = 5645, SUM = 15633585.9999999, bChange = 0.00120428, totNum = 1
ROUND = 5646, SUM = 15633585.9999999, bChange = 0.00120428, totNum = 1
ROUND = 5647, SUM = 15633585.9999999, bChange = 0.00120428, totNum = 1
ROUND = 5648, SUM = 15633585.9999999, bChange = 0.00120428, totNum = 1
ROUND = 5649, SUM = 15633585.9999999, bChange = 0.00120429, totNum = 1
ROUND = 5650, SUM = 15633585.9999999, bChange = 0.00120429, totNum = 1
ROUND = 5651, SUM = 15633586, bChange = 0.00120429, totNum = 1
ROUND = 5652, SUM = 15633585.9999999, bChange = 0.00120429, totNum = 1
ROUND = 5653, SUM = 15633586, bChange = 0.00120429, totNum = 1
ROUND = 5654, SUM = 15633586, bChange = 0.00120429, totNum = 1
ROUND = 5655, SUM = 15633585.9999999, bChange = 0.00120429, totNum = 1
ROUND = 5656, SUM = 15633586, bChange = 0.00120429, totNum = 1
ROUND = 5657, SUM = 15633585.9999999, bChange = 0.00120429, totNum = 1
ROUND = 5658, SUM = 15633585.9999999, bChange = 0.00120429, totNum = 1
ROUND = 5659, SUM = 15633585.9999999, bChange = 0.00120429, totNum = 1
ROUND = 5660, SUM = 15633586, bChange = 0.00120429, totNum = 1
ROUND = 5661, SUM = 15633585.9999999, bChange = 0.00120429, totNum = 1
ROUND = 5662, SUM = 15633585.9999999, bChange = 0.00120429, totNum = 1
ROUND = 5663, SUM = 15633586, bChange = 0.00120429, totNum = 1
ROUND = 5664, SUM = 15633586, bChange = 0.0012043, totNum = 1
ROUND = 5665, SUM = 15633585.9999999, bChange = 0.0012043, totNum = 1
ROUND = 5666, SUM = 15633586, bChange = 0.0012043, totNum = 1
ROUND = 5667, SUM = 15633585.9999999, bChange = 0.0012043, totNum = 1
ROUND = 5668, SUM = 15633585.9999999, bChange = 0.0012043, totNum = 1
ROUND = 5669, SUM = 15633586, bChange = 0.0012043, totNum = 1
ROUND = 5670, SUM = 15633585.9999999, bChange = 0.0012043, totNum = 1
ROUND = 5671, SUM = 15633585.9999999, bChange = 0.0012043, totNum = 1
ROUND = 5672, SUM = 15633586, bChange = 0.0012043, totNum = 1
ROUND = 5673, SUM = 15633586, bChange = 0.0012043, totNum = 1
ROUND = 5674, SUM = 15633586, bChange = 0.0012043, totNum = 1
ROUND = 5675, SUM = 15633585.9999999, bChange = 0.0012043, totNum = 1
ROUND = 5676, SUM = 15633585.9999999, bChange = 0.0012043, totNum = 1
ROUND = 5677, SUM = 15633586, bChange = 0.0012043, totNum = 1
ROUND = 5678, SUM = 15633585.9999999, bChange = 0.0012043, totNum = 1
ROUND = 5679, SUM = 15633586, bChange = 0.00120431, totNum = 1
ROUND = 5680, SUM = 15633586, bChange = 0.00120431, totNum = 1
ROUND = 5681, SUM = 15633586, bChange = 0.00120431, totNum = 1
ROUND = 5682, SUM = 15633585.9999999, bChange = 0.00120431, totNum = 1
ROUND = 5683, SUM = 15633585.9999999, bChange = 0.00120431, totNum = 1
ROUND = 5684, SUM = 15633585.9999999, bChange = 0.00120431, totNum = 1
ROUND = 5685, SUM = 15633585.9999999, bChange = 0.00120431, totNum = 1
ROUND = 5686, SUM = 15633585.9999999, bChange = 0.00120431, totNum = 1
ROUND = 5687, SUM = 15633585.9999999, bChange = 0.00120431, totNum = 1
ROUND = 5688, SUM = 15633585.9999999, bChange = 0.00120431, totNum = 1
ROUND = 5689, SUM = 15633585.9999999, bChange = 0.00120431, totNum = 1
ROUND = 5690, SUM = 15633586, bChange = 0.00120431, totNum = 1
ROUND = 5691, SUM = 15633586, bChange = 0.00120431, totNum = 1
ROUND = 5692, SUM = 15633585.9999999, bChange = 0.00120431, totNum = 1
ROUND = 5693, SUM = 15633586, bChange = 0.00120431, totNum = 1
ROUND = 5694, SUM = 15633586, bChange = 0.00120431, totNum = 1
ROUND = 5695, SUM = 15633586, bChange = 0.00120432, totNum = 1
ROUND = 5696, SUM = 15633586, bChange = 0.00120432, totNum = 1
ROUND = 5697, SUM = 15633585.9999999, bChange = 0.00120432, totNum = 1
ROUND = 5698, SUM = 15633586, bChange = 0.00120432, totNum = 1
ROUND = 5699, SUM = 15633586, bChange = 0.00120432, totNum = 1
ROUND = 5700, SUM = 15633586, bChange = 0.00120432, totNum = 1
ROUND = 5701, SUM = 15633585.9999999, bChange = 0.00120432, totNum = 1
ROUND = 5702, SUM = 15633586, bChange = 0.00120432, totNum = 1
ROUND = 5703, SUM = 15633586, bChange = 0.00120432, totNum = 1
ROUND = 5704, SUM = 15633586, bChange = 0.00120432, totNum = 1
ROUND = 5705, SUM = 15633585.9999999, bChange = 0.00120432, totNum = 1
ROUND = 5706, SUM = 15633586, bChange = 0.00120432, totNum = 1
ROUND = 5707, SUM = 15633586, bChange = 0.00120432, totNum = 1
ROUND = 5708, SUM = 15633585.9999999, bChange = 0.00120432, totNum = 1
ROUND = 5709, SUM = 15633586, bChange = 0.00120432, totNum = 1
ROUND = 5710, SUM = 15633586, bChange = 0.00120432, totNum = 1
ROUND = 5711, SUM = 15633585.9999999, bChange = 0.00120433, totNum = 1
ROUND = 5712, SUM = 15633585.9999999, bChange = 0.00120433, totNum = 1
ROUND = 5713, SUM = 15633585.9999999, bChange = 0.00120433, totNum = 1
ROUND = 5714, SUM = 15633585.9999999, bChange = 0.00120433, totNum = 1
ROUND = 5715, SUM = 15633586, bChange = 0.00120433, totNum = 1
ROUND = 5716, SUM = 15633586, bChange = 0.00120433, totNum = 1
ROUND = 5717, SUM = 15633585.9999999, bChange = 0.00120433, totNum = 1
ROUND = 5718, SUM = 15633585.9999999, bChange = 0.00120433, totNum = 1
ROUND = 5719, SUM = 15633585.9999999, bChange = 0.00120433, totNum = 1
ROUND = 5720, SUM = 15633586, bChange = 0.00120433, totNum = 1
ROUND = 5721, SUM = 15633585.9999999, bChange = 0.00120433, totNum = 1
ROUND = 5722, SUM = 15633585.9999999, bChange = 0.00120433, totNum = 1
ROUND = 5723, SUM = 15633586, bChange = 0.00120433, totNum = 1
ROUND = 5724, SUM = 15633585.9999999, bChange = 0.00120433, totNum = 1
ROUND = 5725, SUM = 15633585.9999999, bChange = 0.00120433, totNum = 1
ROUND = 5726, SUM = 15633585.9999999, bChange = 0.00120433, totNum = 1
ROUND = 5727, SUM = 15633585.9999999, bChange = 0.00120434, totNum = 1
ROUND = 5728, SUM = 15633585.9999999, bChange = 0.00120434, totNum = 1
ROUND = 5729, SUM = 15633585.9999999, bChange = 0.00120434, totNum = 1
ROUND = 5730, SUM = 15633585.9999999, bChange = 0.00120434, totNum = 1
ROUND = 5731, SUM = 15633585.9999999, bChange = 0.00120434, totNum = 1
ROUND = 5732, SUM = 15633585.9999999, bChange = 0.00120434, totNum = 1
ROUND = 5733, SUM = 15633586, bChange = 0.00120434, totNum = 1
ROUND = 5734, SUM = 15633585.9999999, bChange = 0.00120434, totNum = 1
ROUND = 5735, SUM = 15633585.9999999, bChange = 0.00120434, totNum = 1
ROUND = 5736, SUM = 15633586, bChange = 0.00120434, totNum = 1
ROUND = 5737, SUM = 15633585.9999999, bChange = 0.00120434, totNum = 1
ROUND = 5738, SUM = 15633586, bChange = 0.00120434, totNum = 1
ROUND = 5739, SUM = 15633585.9999999, bChange = 0.00120434, totNum = 1
ROUND = 5740, SUM = 15633585.9999999, bChange = 0.00120434, totNum = 1
ROUND = 5741, SUM = 15633585.9999999, bChange = 0.00120434, totNum = 1
ROUND = 5742, SUM = 15633586, bChange = 0.00120434, totNum = 1
ROUND = 5743, SUM = 15633586, bChange = 0.00120435, totNum = 1
ROUND = 5744, SUM = 15633585.9999999, bChange = 0.00120435, totNum = 1
ROUND = 5745, SUM = 15633585.9999999, bChange = 0.00120435, totNum = 1
ROUND = 5746, SUM = 15633586, bChange = 0.00120435, totNum = 1
ROUND = 5747, SUM = 15633585.9999999, bChange = 0.00120435, totNum = 1
ROUND = 5748, SUM = 15633586, bChange = 0.00120435, totNum = 1
ROUND = 5749, SUM = 15633586, bChange = 0.00120435, totNum = 1
ROUND = 5750, SUM = 15633585.9999999, bChange = 0.00120435, totNum = 1
ROUND = 5751, SUM = 15633585.9999999, bChange = 0.00120435, totNum = 1
ROUND = 5752, SUM = 15633585.9999999, bChange = 0.00120435, totNum = 1
ROUND = 5753, SUM = 15633585.9999999, bChange = 0.00120435, totNum = 1
ROUND = 5754, SUM = 15633585.9999999, bChange = 0.00120435, totNum = 1
ROUND = 5755, SUM = 15633585.9999999, bChange = 0.00120435, totNum = 1
ROUND = 5756, SUM = 15633586, bChange = 0.00120435, totNum = 1
ROUND = 5757, SUM = 15633585.9999999, bChange = 0.00120435, totNum = 1
ROUND = 5758, SUM = 15633585.9999999, bChange = 0.00120435, totNum = 1
ROUND = 5759, SUM = 15633586, bChange = 0.00120435, totNum = 1
ROUND = 5760, SUM = 15633585.9999999, bChange = 0.00120436, totNum = 1
ROUND = 5761, SUM = 15633585.9999999, bChange = 0.00120436, totNum = 1
ROUND = 5762, SUM = 15633585.9999999, bChange = 0.00120436, totNum = 1
ROUND = 5763, SUM = 15633585.9999999, bChange = 0.00120436, totNum = 1
ROUND = 5764, SUM = 15633586, bChange = 0.00120436, totNum = 1
ROUND = 5765, SUM = 15633586, bChange = 0.00120436, totNum = 1
ROUND = 5766, SUM = 15633586, bChange = 0.00120436, totNum = 1
ROUND = 5767, SUM = 15633586, bChange = 0.00120436, totNum = 1
ROUND = 5768, SUM = 15633586, bChange = 0.00120436, totNum = 1
ROUND = 5769, SUM = 15633586, bChange = 0.00120436, totNum = 1
ROUND = 5770, SUM = 15633586, bChange = 0.00120436, totNum = 1
ROUND = 5771, SUM = 15633586, bChange = 0.00120436, totNum = 1
ROUND = 5772, SUM = 15633586, bChange = 0.00120436, totNum = 1
ROUND = 5773, SUM = 15633586, bChange = 0.00120436, totNum = 1
ROUND = 5774, SUM = 15633586, bChange = 0.00120436, totNum = 1
ROUND = 5775, SUM = 15633585.9999999, bChange = 0.00120436, totNum = 1
ROUND = 5776, SUM = 15633586, bChange = 0.00120436, totNum = 1
ROUND = 5777, SUM = 15633586, bChange = 0.00120437, totNum = 1
ROUND = 5778, SUM = 15633586, bChange = 0.00120437, totNum = 1
ROUND = 5779, SUM = 15633586, bChange = 0.00120437, totNum = 1
ROUND = 5780, SUM = 15633586, bChange = 0.00120437, totNum = 1
ROUND = 5781, SUM = 15633586, bChange = 0.00120437, totNum = 1
ROUND = 5782, SUM = 15633586, bChange = 0.00120437, totNum = 1
ROUND = 5783, SUM = 15633585.9999999, bChange = 0.00120437, totNum = 1
ROUND = 5784, SUM = 15633585.9999999, bChange = 0.00120437, totNum = 1
ROUND = 5785, SUM = 15633586, bChange = 0.00120437, totNum = 1
ROUND = 5786, SUM = 15633586, bChange = 0.00120437, totNum = 1
ROUND = 5787, SUM = 15633586, bChange = 0.00120437, totNum = 1
ROUND = 5788, SUM = 15633585.9999999, bChange = 0.00120437, totNum = 1
ROUND = 5789, SUM = 15633586, bChange = 0.00120437, totNum = 1
ROUND = 5790, SUM = 15633585.9999999, bChange = 0.00120437, totNum = 1
ROUND = 5791, SUM = 15633586, bChange = 0.00120437, totNum = 1
ROUND = 5792, SUM = 15633586, bChange = 0.00120437, totNum = 1
ROUND = 5793, SUM = 15633585.9999999, bChange = 0.00120437, totNum = 1
ROUND = 5794, SUM = 15633585.9999999, bChange = 0.00120438, totNum = 1
ROUND = 5795, SUM = 15633586, bChange = 0.00120438, totNum = 1
ROUND = 5796, SUM = 15633585.9999999, bChange = 0.00120438, totNum = 1
ROUND = 5797, SUM = 15633585.9999999, bChange = 0.00120438, totNum = 1
ROUND = 5798, SUM = 15633585.9999999, bChange = 0.00120438, totNum = 1
ROUND = 5799, SUM = 15633586, bChange = 0.00120438, totNum = 1
ROUND = 5800, SUM = 15633586, bChange = 0.00120438, totNum = 1
ROUND = 5801, SUM = 15633585.9999999, bChange = 0.00120438, totNum = 1
ROUND = 5802, SUM = 15633585.9999999, bChange = 0.00120438, totNum = 1
ROUND = 5803, SUM = 15633586, bChange = 0.00120438, totNum = 1
ROUND = 5804, SUM = 15633586, bChange = 0.00120438, totNum = 1
ROUND = 5805, SUM = 15633586, bChange = 0.00120438, totNum = 1
ROUND = 5806, SUM = 15633586, bChange = 0.00120438, totNum = 1
ROUND = 5807, SUM = 15633586, bChange = 0.00120438, totNum = 1
ROUND = 5808, SUM = 15633585.9999999, bChange = 0.00120438, totNum = 1
ROUND = 5809, SUM = 15633586, bChange = 0.00120438, totNum = 1
ROUND = 5810, SUM = 15633585.9999999, bChange = 0.00120438, totNum = 1
ROUND = 5811, SUM = 15633585.9999999, bChange = 0.00120438, totNum = 1
ROUND = 5812, SUM = 15633585.9999999, bChange = 0.00120439, totNum = 1
ROUND = 5813, SUM = 15633586, bChange = 0.00120439, totNum = 1
ROUND = 5814, SUM = 15633586, bChange = 0.00120439, totNum = 1
ROUND = 5815, SUM = 15633586, bChange = 0.00120439, totNum = 1
ROUND = 5816, SUM = 15633586, bChange = 0.00120439, totNum = 1
ROUND = 5817, SUM = 15633586, bChange = 0.00120439, totNum = 1
ROUND = 5818, SUM = 15633586, bChange = 0.00120439, totNum = 1
ROUND = 5819, SUM = 15633586, bChange = 0.00120439, totNum = 1
ROUND = 5820, SUM = 15633586, bChange = 0.00120439, totNum = 1
ROUND = 5821, SUM = 15633585.9999999, bChange = 0.00120439, totNum = 1
ROUND = 5822, SUM = 15633586, bChange = 0.00120439, totNum = 1
ROUND = 5823, SUM = 15633586, bChange = 0.00120439, totNum = 1
ROUND = 5824, SUM = 15633586, bChange = 0.00120439, totNum = 1
ROUND = 5825, SUM = 15633586, bChange = 0.00120439, totNum = 1
ROUND = 5826, SUM = 15633586, bChange = 0.00120439, totNum = 1
ROUND = 5827, SUM = 15633585.9999999, bChange = 0.00120439, totNum = 1
ROUND = 5828, SUM = 15633586, bChange = 0.00120439, totNum = 1
ROUND = 5829, SUM = 15633585.9999999, bChange = 0.00120439, totNum = 1
ROUND = 5830, SUM = 15633586, bChange = 0.0012044, totNum = 1
ROUND = 5831, SUM = 15633585.9999999, bChange = 0.0012044, totNum = 1
ROUND = 5832, SUM = 15633586, bChange = 0.0012044, totNum = 1
ROUND = 5833, SUM = 15633585.9999999, bChange = 0.0012044, totNum = 1
ROUND = 5834, SUM = 15633586, bChange = 0.0012044, totNum = 1
ROUND = 5835, SUM = 15633586, bChange = 0.0012044, totNum = 1
ROUND = 5836, SUM = 15633586, bChange = 0.0012044, totNum = 1
ROUND = 5837, SUM = 15633586, bChange = 0.0012044, totNum = 1
ROUND = 5838, SUM = 15633586, bChange = 0.0012044, totNum = 1
ROUND = 5839, SUM = 15633586, bChange = 0.0012044, totNum = 1
ROUND = 5840, SUM = 15633586, bChange = 0.0012044, totNum = 1
ROUND = 5841, SUM = 15633586, bChange = 0.0012044, totNum = 1
ROUND = 5842, SUM = 15633586, bChange = 0.0012044, totNum = 1
ROUND = 5843, SUM = 15633586, bChange = 0.0012044, totNum = 1
ROUND = 5844, SUM = 15633585.9999999, bChange = 0.0012044, totNum = 1
ROUND = 5845, SUM = 15633585.9999999, bChange = 0.0012044, totNum = 1
ROUND = 5846, SUM = 15633586, bChange = 0.0012044, totNum = 1
ROUND = 5847, SUM = 15633586, bChange = 0.0012044, totNum = 1
ROUND = 5848, SUM = 15633585.9999999, bChange = 0.0012044, totNum = 1
ROUND = 5849, SUM = 15633586, bChange = 0.00120441, totNum = 1
ROUND = 5850, SUM = 15633586, bChange = 0.00120441, totNum = 1
ROUND = 5851, SUM = 15633585.9999999, bChange = 0.00120441, totNum = 1
ROUND = 5852, SUM = 15633585.9999999, bChange = 0.00120441, totNum = 1
ROUND = 5853, SUM = 15633586, bChange = 0.00120441, totNum = 1
ROUND = 5854, SUM = 15633586, bChange = 0.00120441, totNum = 1
ROUND = 5855, SUM = 15633586, bChange = 0.00120441, totNum = 1
ROUND = 5856, SUM = 15633586, bChange = 0.00120441, totNum = 1
ROUND = 5857, SUM = 15633585.9999999, bChange = 0.00120441, totNum = 1
ROUND = 5858, SUM = 15633585.9999999, bChange = 0.00120441, totNum = 1
ROUND = 5859, SUM = 15633586, bChange = 0.00120441, totNum = 1
ROUND = 5860, SUM = 15633585.9999999, bChange = 0.00120441, totNum = 1
ROUND = 5861, SUM = 15633585.9999999, bChange = 0.00120441, totNum = 1
ROUND = 5862, SUM = 15633585.9999999, bChange = 0.00120441, totNum = 1
ROUND = 5863, SUM = 15633586, bChange = 0.00120441, totNum = 1
ROUND = 5864, SUM = 15633586, bChange = 0.00120441, totNum = 1
ROUND = 5865, SUM = 15633586, bChange = 0.00120441, totNum = 1
ROUND = 5866, SUM = 15633586, bChange = 0.00120441, totNum = 1
ROUND = 5867, SUM = 15633585.9999999, bChange = 0.00120441, totNum = 1
ROUND = 5868, SUM = 15633585.9999999, bChange = 0.00120442, totNum = 1
ROUND = 5869, SUM = 15633586, bChange = 0.00120442, totNum = 1
ROUND = 5870, SUM = 15633586, bChange = 0.00120442, totNum = 1
ROUND = 5871, SUM = 15633586, bChange = 0.00120442, totNum = 1
ROUND = 5872, SUM = 15633585.9999999, bChange = 0.00120442, totNum = 1
ROUND = 5873, SUM = 15633585.9999999, bChange = 0.00120442, totNum = 1
ROUND = 5874, SUM = 15633585.9999999, bChange = 0.00120442, totNum = 1
ROUND = 5875, SUM = 15633585.9999999, bChange = 0.00120442, totNum = 1
ROUND = 5876, SUM = 15633586, bChange = 0.00120442, totNum = 1
ROUND = 5877, SUM = 15633586, bChange = 0.00120442, totNum = 1
ROUND = 5878, SUM = 15633586, bChange = 0.00120442, totNum = 1
ROUND = 5879, SUM = 15633586, bChange = 0.00120442, totNum = 1
ROUND = 5880, SUM = 15633585.9999999, bChange = 0.00120442, totNum = 1
ROUND = 5881, SUM = 15633585.9999999, bChange = 0.00120442, totNum = 1
ROUND = 5882, SUM = 15633586, bChange = 0.00120442, totNum = 1
ROUND = 5883, SUM = 15633585.9999999, bChange = 0.00120442, totNum = 1
ROUND = 5884, SUM = 15633585.9999999, bChange = 0.00120442, totNum = 1
ROUND = 5885, SUM = 15633586, bChange = 0.00120442, totNum = 1
ROUND = 5886, SUM = 15633585.9999999, bChange = 0.00120442, totNum = 1
ROUND = 5887, SUM = 15633585.9999999, bChange = 0.00120443, totNum = 1
ROUND = 5888, SUM = 15633585.9999999, bChange = 0.00120443, totNum = 1
ROUND = 5889, SUM = 15633585.9999999, bChange = 0.00120443, totNum = 1
ROUND = 5890, SUM = 15633586, bChange = 0.00120443, totNum = 1
ROUND = 5891, SUM = 15633586, bChange = 0.00120443, totNum = 1
ROUND = 5892, SUM = 15633586, bChange = 0.00120443, totNum = 1
ROUND = 5893, SUM = 15633586, bChange = 0.00120443, totNum = 1
ROUND = 5894, SUM = 15633585.9999999, bChange = 0.00120443, totNum = 1
ROUND = 5895, SUM = 15633585.9999999, bChange = 0.00120443, totNum = 1
ROUND = 5896, SUM = 15633585.9999999, bChange = 0.00120443, totNum = 1
ROUND = 5897, SUM = 15633585.9999999, bChange = 0.00120443, totNum = 1
ROUND = 5898, SUM = 15633585.9999999, bChange = 0.00120443, totNum = 1
ROUND = 5899, SUM = 15633586, bChange = 0.00120443, totNum = 1
ROUND = 5900, SUM = 15633585.9999999, bChange = 0.00120443, totNum = 1
ROUND = 5901, SUM = 15633585.9999999, bChange = 0.00120443, totNum = 1
ROUND = 5902, SUM = 15633585.9999999, bChange = 0.00120443, totNum = 1
ROUND = 5903, SUM = 15633586, bChange = 0.00120443, totNum = 1
ROUND = 5904, SUM = 15633586, bChange = 0.00120443, totNum = 1
ROUND = 5905, SUM = 15633586, bChange = 0.00120443, totNum = 1
ROUND = 5906, SUM = 15633585.9999999, bChange = 0.00120443, totNum = 1
ROUND = 5907, SUM = 15633586, bChange = 0.00120444, totNum = 1
ROUND = 5908, SUM = 15633586, bChange = 0.00120444, totNum = 1
ROUND = 5909, SUM = 15633586, bChange = 0.00120444, totNum = 1
ROUND = 5910, SUM = 15633585.9999999, bChange = 0.00120444, totNum = 1
ROUND = 5911, SUM = 15633586, bChange = 0.00120444, totNum = 1
ROUND = 5912, SUM = 15633585.9999999, bChange = 0.00120444, totNum = 1
ROUND = 5913, SUM = 15633585.9999999, bChange = 0.00120444, totNum = 1
ROUND = 5914, SUM = 15633585.9999999, bChange = 0.00120444, totNum = 1
ROUND = 5915, SUM = 15633585.9999999, bChange = 0.00120444, totNum = 1
ROUND = 5916, SUM = 15633585.9999999, bChange = 0.00120444, totNum = 1
ROUND = 5917, SUM = 15633585.9999999, bChange = 0.00120444, totNum = 1
ROUND = 5918, SUM = 15633585.9999999, bChange = 0.00120444, totNum = 1
ROUND = 5919, SUM = 15633586, bChange = 0.00120444, totNum = 1
ROUND = 5920, SUM = 15633585.9999999, bChange = 0.00120444, totNum = 1
ROUND = 5921, SUM = 15633585.9999999, bChange = 0.00120444, totNum = 1
ROUND = 5922, SUM = 15633585.9999999, bChange = 0.00120444, totNum = 1
ROUND = 5923, SUM = 15633586, bChange = 0.00120444, totNum = 1
ROUND = 5924, SUM = 15633586, bChange = 0.00120444, totNum = 1
ROUND = 5925, SUM = 15633585.9999999, bChange = 0.00120444, totNum = 1
ROUND = 5926, SUM = 15633585.9999999, bChange = 0.00120444, totNum = 1
ROUND = 5927, SUM = 15633585.9999999, bChange = 0.00120445, totNum = 1
ROUND = 5928, SUM = 15633586, bChange = 0.00120445, totNum = 1
ROUND = 5929, SUM = 15633585.9999999, bChange = 0.00120445, totNum = 1
ROUND = 5930, SUM = 15633585.9999999, bChange = 0.00120445, totNum = 1
ROUND = 5931, SUM = 15633585.9999999, bChange = 0.00120445, totNum = 1
ROUND = 5932, SUM = 15633586, bChange = 0.00120445, totNum = 1
ROUND = 5933, SUM = 15633586, bChange = 0.00120445, totNum = 1
ROUND = 5934, SUM = 15633586, bChange = 0.00120445, totNum = 1
ROUND = 5935, SUM = 15633585.9999999, bChange = 0.00120445, totNum = 1
ROUND = 5936, SUM = 15633586, bChange = 0.00120445, totNum = 1
ROUND = 5937, SUM = 15633585.9999999, bChange = 0.00120445, totNum = 1
ROUND = 5938, SUM = 15633585.9999999, bChange = 0.00120445, totNum = 1
ROUND = 5939, SUM = 15633586, bChange = 0.00120445, totNum = 1
ROUND = 5940, SUM = 15633585.9999999, bChange = 0.00120445, totNum = 1
ROUND = 5941, SUM = 15633585.9999999, bChange = 0.00120445, totNum = 1
ROUND = 5942, SUM = 15633585.9999999, bChange = 0.00120445, totNum = 1
ROUND = 5943, SUM = 15633585.9999999, bChange = 0.00120445, totNum = 1
ROUND = 5944, SUM = 15633585.9999999, bChange = 0.00120445, totNum = 1
ROUND = 5945, SUM = 15633585.9999999, bChange = 0.00120445, totNum = 1
ROUND = 5946, SUM = 15633585.9999999, bChange = 0.00120445, totNum = 1
ROUND = 5947, SUM = 15633585.9999999, bChange = 0.00120445, totNum = 1
ROUND = 5948, SUM = 15633585.9999999, bChange = 0.00120446, totNum = 1
ROUND = 5949, SUM = 15633585.9999999, bChange = 0.00120446, totNum = 1
ROUND = 5950, SUM = 15633585.9999999, bChange = 0.00120446, totNum = 1
ROUND = 5951, SUM = 15633585.9999999, bChange = 0.00120446, totNum = 1
ROUND = 5952, SUM = 15633585.9999999, bChange = 0.00120446, totNum = 1
ROUND = 5953, SUM = 15633585.9999999, bChange = 0.00120446, totNum = 1
ROUND = 5954, SUM = 15633585.9999999, bChange = 0.00120446, totNum = 1
ROUND = 5955, SUM = 15633585.9999999, bChange = 0.00120446, totNum = 1
ROUND = 5956, SUM = 15633585.9999999, bChange = 0.00120446, totNum = 1
ROUND = 5957, SUM = 15633585.9999999, bChange = 0.00120446, totNum = 1
ROUND = 5958, SUM = 15633585.9999999, bChange = 0.00120446, totNum = 1
ROUND = 5959, SUM = 15633585.9999999, bChange = 0.00120446, totNum = 1
ROUND = 5960, SUM = 15633585.9999999, bChange = 0.00120446, totNum = 1
ROUND = 5961, SUM = 15633585.9999999, bChange = 0.00120446, totNum = 1
ROUND = 5962, SUM = 15633585.9999999, bChange = 0.00120446, totNum = 1
ROUND = 5963, SUM = 15633585.9999999, bChange = 0.00120446, totNum = 1
ROUND = 5964, SUM = 15633585.9999999, bChange = 0.00120446, totNum = 1
ROUND = 5965, SUM = 15633585.9999999, bChange = 0.00120446, totNum = 1
ROUND = 5966, SUM = 15633585.9999999, bChange = 0.00120446, totNum = 1
ROUND = 5967, SUM = 15633585.9999999, bChange = 0.00120446, totNum = 1
ROUND = 5968, SUM = 15633585.9999999, bChange = 0.00120446, totNum = 1
ROUND = 5969, SUM = 15633586, bChange = 0.00120446, totNum = 1
ROUND = 5970, SUM = 15633585.9999999, bChange = 0.00120447, totNum = 1
ROUND = 5971, SUM = 15633585.9999999, bChange = 0.00120447, totNum = 1
ROUND = 5972, SUM = 15633585.9999999, bChange = 0.00120447, totNum = 1
ROUND = 5973, SUM = 15633585.9999999, bChange = 0.00120447, totNum = 1
ROUND = 5974, SUM = 15633585.9999999, bChange = 0.00120447, totNum = 1
ROUND = 5975, SUM = 15633585.9999999, bChange = 0.00120447, totNum = 1
ROUND = 5976, SUM = 15633585.9999999, bChange = 0.00120447, totNum = 1
ROUND = 5977, SUM = 15633586, bChange = 0.00120447, totNum = 1
ROUND = 5978, SUM = 15633586, bChange = 0.00120447, totNum = 1
ROUND = 5979, SUM = 15633586, bChange = 0.00120447, totNum = 1
ROUND = 5980, SUM = 15633585.9999999, bChange = 0.00120447, totNum = 1
ROUND = 5981, SUM = 15633585.9999999, bChange = 0.00120447, totNum = 1
ROUND = 5982, SUM = 15633586, bChange = 0.00120447, totNum = 1
ROUND = 5983, SUM = 15633586, bChange = 0.00120447, totNum = 1
ROUND = 5984, SUM = 15633586, bChange = 0.00120447, totNum = 1
ROUND = 5985, SUM = 15633586, bChange = 0.00120447, totNum = 1
ROUND = 5986, SUM = 15633586, bChange = 0.00120447, totNum = 1
ROUND = 5987, SUM = 15633586, bChange = 0.00120447, totNum = 1
ROUND = 5988, SUM = 15633586, bChange = 0.00120447, totNum = 1
ROUND = 5989, SUM = 15633586, bChange = 0.00120447, totNum = 1
ROUND = 5990, SUM = 15633586, bChange = 0.00120447, totNum = 1
ROUND = 5991, SUM = 15633586, bChange = 0.00120447, totNum = 1
ROUND = 5992, SUM = 15633586, bChange = 0.00120448, totNum = 1
ROUND = 5993, SUM = 15633585.9999999, bChange = 0.00120448, totNum = 1
ROUND = 5994, SUM = 15633585.9999999, bChange = 0.00120448, totNum = 1
ROUND = 5995, SUM = 15633585.9999999, bChange = 0.00120448, totNum = 1
ROUND = 5996, SUM = 15633585.9999999, bChange = 0.00120448, totNum = 1
ROUND = 5997, SUM = 15633586, bChange = 0.00120448, totNum = 1
ROUND = 5998, SUM = 15633586, bChange = 0.00120448, totNum = 1
ROUND = 5999, SUM = 15633586, bChange = 0.00120448, totNum = 1
ROUND = 6000, SUM = 15633585.9999999, bChange = 0.00120448, totNum = 1
ROUND = 6001, SUM = 15633585.9999999, bChange = 0.00120448, totNum = 1
ROUND = 6002, SUM = 15633585.9999999, bChange = 0.00120448, totNum = 1
ROUND = 6003, SUM = 15633585.9999999, bChange = 0.000792282, totNum = 0
Expression Results are written!
Time Used for EM.cpp : 0 h 14 m 44 s

rsem-run-gibbs results/rsem_index/rsem results/rsem_quant/ER100015.temp/ER100015 results/rsem_quant/ER100015.stat/ER100015 200 1000 1 -p 44 --seed 1471891643
Refs.loadRefs finished!
Loading data is finished!
Loading group information is finished!
Gibbs started!
Initialization finished!
Thread 17, ROUND 100 is finished!
Thread 32, ROUND 100 is finished!
Thread 38, ROUND 100 is finished!
Thread 6, ROUND 100 is finished!
Thread 30, ROUND 100 is finished!
Thread 42, ROUND 100 is finished!
Thread 41, ROUND 100 is finished!
Thread 11, ROUND 100 is finished!
Thread 9, ROUND 100 is finished!
Thread 25, ROUND 100 is finished!
Thread 8, ROUND 100 is finished!
Thread 4, ROUND 100 is finished!
Thread 36, ROUND 100 is finished!
Thread 40, ROUND 100 is finished!
Thread 15, ROUND 100 is finished!
Thread 20, ROUND 100 is finished!
Thread 21, ROUND 100 is finished!
Thread 16, ROUND 100 is finished!
Thread 29, ROUND 100 is finished!
Thread 0, ROUND 100 is finished!
Thread 31, ROUND 100 is finished!
Thread 33, ROUND 100 is finished!
Thread 24, ROUND 100 is finished!
Thread 39, ROUND 100 is finished!
Thread 23, ROUND 100 is finished!
Thread 10, ROUND 100 is finished!
Thread 12, ROUND 100 is finished!
Thread 43, ROUND 100 is finished!
Thread 3, ROUND 100 is finished!
Thread 28, ROUND 100 is finished!
Thread 7, ROUND 100 is finished!
Thread 1, ROUND 100 is finished!
Thread 5, ROUND 100 is finished!
Thread 19, ROUND 100 is finished!
Thread 18, ROUND 100 is finished!
Thread 13, ROUND 100 is finished!
Thread 37, ROUND 100 is finished!
Thread 27, ROUND 100 is finished!
Thread 34, ROUND 100 is finished!
Thread 26, ROUND 100 is finished!
Thread 14, ROUND 100 is finished!
Thread 2, ROUND 100 is finished!
Thread 35, ROUND 100 is finished!
Thread 22, ROUND 100 is finished!
Thread 19, ROUND 200 is finished!
Thread 42, ROUND 200 is finished!
Thread 0, ROUND 200 is finished!
Thread 2, ROUND 200 is finished!
Thread 34, ROUND 200 is finished!
Thread 37, ROUND 200 is finished!
Thread 28, ROUND 200 is finished!
Thread 29, ROUND 200 is finished!
Thread 18, ROUND 200 is finished!
Thread 39, ROUND 200 is finished!
Thread 27, ROUND 200 is finished!
Thread 41, ROUND 200 is finished!
Thread 36, ROUND 200 is finished!
Thread 13, ROUND 200 is finished!
Thread 43, ROUND 200 is finished!
Thread 30, ROUND 200 is finished!
Thread 25, ROUND 200 is finished!
Thread 16, ROUND 200 is finished!
Thread 4, ROUND 200 is finished!
Thread 12, ROUND 200 is finished!
Thread 9, ROUND 200 is finished!
Thread 40, ROUND 200 is finished!
Thread 3, ROUND 200 is finished!
Thread 15, ROUND 200 is finished!
Thread 11, ROUND 200 is finished!
Thread 33, ROUND 200 is finished!
Thread 24, ROUND 200 is finished!
Thread 31, ROUND 200 is finished!
Thread 32, ROUND 200 is finished!
Thread 17, ROUND 200 is finished!
Thread 8, ROUND 200 is finished!
Thread 38, ROUND 200 is finished!
Thread 5, ROUND 200 is finished!
Thread 35, ROUND 200 is finished!
Thread 23, ROUND 200 is finished!
Thread 1, ROUND 200 is finished!
Thread 14, ROUND 200 is finished!
Thread 6, ROUND 200 is finished!
Thread 10, ROUND 200 is finished!
Thread 21, ROUND 200 is finished!
Thread 7, ROUND 200 is finished!
Thread 20, ROUND 200 is finished!
Thread 22, ROUND 200 is finished!
Thread 26, ROUND 200 is finished!
Gibbs finished!
Gibbs based expression values are written!

rsem-calculate-credibility-intervals results/rsem_index/rsem results/rsem_quant/ER100015.temp/ER100015 results/rsem_quant/ER100015.stat/ER100015 0.95 1000 50 128000 -p 44 --seed 477107655
Refs.loadRefs finished!
Sampling is finished!
In thread 34, 1000 genes are processed for CI calculation!
In thread 36, 1000 genes are processed for CI calculation!
In thread 38, 1000 genes are processed for CI calculation!
In thread 43, 1000 genes are processed for CI calculation!
In thread 41, 1000 genes are processed for CI calculation!
In thread 42, 1000 genes are processed for CI calculation!
In thread 37, 1000 genes are processed for CI calculation!
In thread 32, 1000 genes are processed for CI calculation!
In thread 29, 1000 genes are processed for CI calculation!
In thread 31, 1000 genes are processed for CI calculation!
In thread 35, 1000 genes are processed for CI calculation!
In thread 30, 1000 genes are processed for CI calculation!
In thread 39, 1000 genes are processed for CI calculation!
In thread 40, 1000 genes are processed for CI calculation!
In thread 33, 1000 genes are processed for CI calculation!
In thread 41, 2000 genes are processed for CI calculation!
In thread 43, 2000 genes are processed for CI calculation!
In thread 34, 2000 genes are processed for CI calculation!
In thread 42, 2000 genes are processed for CI calculation!
In thread 37, 2000 genes are processed for CI calculation!
In thread 36, 2000 genes are processed for CI calculation!
In thread 38, 2000 genes are processed for CI calculation!
In thread 29, 2000 genes are processed for CI calculation!
In thread 32, 2000 genes are processed for CI calculation!
In thread 28, 1000 genes are processed for CI calculation!
In thread 31, 2000 genes are processed for CI calculation!
In thread 35, 2000 genes are processed for CI calculation!
In thread 40, 2000 genes are processed for CI calculation!
In thread 30, 2000 genes are processed for CI calculation!
In thread 37, 3000 genes are processed for CI calculation!
In thread 41, 3000 genes are processed for CI calculation!
In thread 43, 3000 genes are processed for CI calculation!
In thread 28, 2000 genes are processed for CI calculation!
In thread 42, 3000 genes are processed for CI calculation!
In thread 27, 1000 genes are processed for CI calculation!
In thread 34, 3000 genes are processed for CI calculation!
In thread 36, 3000 genes are processed for CI calculation!
In thread 33, 2000 genes are processed for CI calculation!
In thread 39, 2000 genes are processed for CI calculation!
In thread 38, 3000 genes are processed for CI calculation!
In thread 29, 3000 genes are processed for CI calculation!
In thread 32, 3000 genes are processed for CI calculation!
In thread 37, 4000 genes are processed for CI calculation!
In thread 27, 2000 genes are processed for CI calculation!
In thread 40, 3000 genes are processed for CI calculation!
In thread 35, 3000 genes are processed for CI calculation!
In thread 43, 4000 genes are processed for CI calculation!
In thread 41, 4000 genes are processed for CI calculation!
In thread 42, 4000 genes are processed for CI calculation!
In thread 30, 3000 genes are processed for CI calculation!
In thread 31, 3000 genes are processed for CI calculation!
In thread 36, 4000 genes are processed for CI calculation!
In thread 25, 1000 genes are processed for CI calculation!
All credibility intervals are calculated!

rm -rf results/rsem_quant/ER100015.temp

2025-11-10 20:51:18,078 | INFO | __main__: Number of genes greater than 1 TPM: 15156
Mon Nov 10 08:51:18 PM EST 2025: Finished rsem quantification
