Wed Jul 23 01:16:51 AM EDT 2025: Running rsem quantification
/usr/local/bin/rsem.py:84: SyntaxWarning: invalid escape sequence '\.'
  remove_bam_from_end_re = re.compile("\.bam$")
2025-07-23 01:16:55,491 | INFO | __main__: Running RSEM command rsem-calculate-expression --bam --estimate-rspd --calc-ci --seed 42 -p 44 --no-bam-output --ci-memory 128000 --forward-prob 0 --paired-end /tmp/ER100014_anno.bam /tmp/7bc5398e-130a-43d5-89f6-d2914dc7101b/rsem ER100014_anno_rsem
2025-07-23 01:16:55,491 | INFO | __main__: Running RSEM command rsem-calculate-expression --bam --estimate-rspd --calc-ci --seed 42 -p 44 --no-bam-output --ci-memory 128000 --forward-prob 0 --paired-end /tmp/ER100014_anno.bam /tmp/7bc5398e-130a-43d5-89f6-d2914dc7101b/rsem ER100014_anno_rsem
rsem-parse-alignments /tmp/7bc5398e-130a-43d5-89f6-d2914dc7101b/rsem ER100014_anno_rsem.temp/ER100014_anno_rsem ER100014_anno_rsem.stat/ER100014_anno_rsem /tmp/ER100014_anno.bam 3 -tag XM
Parsed 1000000 entries
Parsed 2000000 entries
Parsed 3000000 entries
Parsed 4000000 entries
Parsed 5000000 entries
Parsed 6000000 entries
Parsed 7000000 entries
Parsed 8000000 entries
Parsed 9000000 entries
Parsed 10000000 entries
Parsed 11000000 entries
Parsed 12000000 entries
Parsed 13000000 entries
Parsed 14000000 entries
Parsed 15000000 entries
Parsed 16000000 entries
Parsed 17000000 entries
Parsed 18000000 entries
Parsed 19000000 entries
Parsed 20000000 entries
Parsed 21000000 entries
Parsed 22000000 entries
Parsed 23000000 entries
Parsed 24000000 entries
Parsed 25000000 entries
Parsed 26000000 entries
Parsed 27000000 entries
Parsed 28000000 entries
Parsed 29000000 entries
Parsed 30000000 entries
Parsed 31000000 entries
Parsed 32000000 entries
Parsed 33000000 entries
Parsed 34000000 entries
Parsed 35000000 entries
Parsed 36000000 entries
Parsed 37000000 entries
Parsed 38000000 entries
Parsed 39000000 entries
Parsed 40000000 entries
Done!

rsem-build-read-index 32 1 0 ER100014_anno_rsem.temp/ER100014_anno_rsem_alignable_1.fq ER100014_anno_rsem.temp/ER100014_anno_rsem_alignable_2.fq
FIN 1000000
FIN 2000000
FIN 3000000
FIN 4000000
FIN 5000000
FIN 6000000
FIN 7000000
FIN 8000000
FIN 9000000
FIN 10000000
FIN 11000000
FIN 12000000
Build Index ER100014_anno_rsem.temp/ER100014_anno_rsem_alignable_1.fq is Done!
FIN 1000000
FIN 2000000
FIN 3000000
FIN 4000000
FIN 5000000
FIN 6000000
FIN 7000000
FIN 8000000
FIN 9000000
FIN 10000000
FIN 11000000
FIN 12000000
Build Index ER100014_anno_rsem.temp/ER100014_anno_rsem_alignable_2.fq is Done!

rsem-run-em /tmp/7bc5398e-130a-43d5-89f6-d2914dc7101b/rsem 3 ER100014_anno_rsem ER100014_anno_rsem.temp/ER100014_anno_rsem ER100014_anno_rsem.stat/ER100014_anno_rsem -p 44 --gibbs-out
Refs.loadRefs finished!
Thread 0 : N = 284274, NHit = 903957
DAT 12000000 reads left
Thread 1 : N = 284622, NHit = 903956
Thread 2 : N = 285181, NHit = 903955
Thread 3 : N = 285654, NHit = 903960
Thread 4 : N = 284302, NHit = 903956
DAT 11000000 reads left
Thread 5 : N = 285491, NHit = 903956
Thread 6 : N = 285230, NHit = 903954
Thread 7 : N = 283910, NHit = 903954
DAT 10000000 reads left
Thread 8 : N = 284880, NHit = 903954
Thread 9 : N = 284256, NHit = 903957
Thread 10 : N = 284533, NHit = 903954
Thread 11 : N = 285792, NHit = 903955
DAT 9000000 reads left
Thread 12 : N = 284774, NHit = 903954
Thread 13 : N = 284205, NHit = 903954
Thread 14 : N = 284540, NHit = 903955
DAT 8000000 reads left
Thread 15 : N = 284517, NHit = 903955
Thread 16 : N = 284091, NHit = 903958
Thread 17 : N = 283441, NHit = 903954
Thread 18 : N = 283007, NHit = 903957
DAT 7000000 reads left
Thread 19 : N = 283230, NHit = 903956
Thread 20 : N = 284742, NHit = 903960
Thread 21 : N = 284807, NHit = 903967
DAT 6000000 reads left
Thread 22 : N = 284751, NHit = 903954
Thread 23 : N = 283142, NHit = 903955
Thread 24 : N = 284800, NHit = 903958
Thread 25 : N = 284919, NHit = 903954
DAT 5000000 reads left
Thread 26 : N = 284954, NHit = 903959
Thread 27 : N = 285123, NHit = 903972
Thread 28 : N = 284348, NHit = 903970
DAT 4000000 reads left
Thread 29 : N = 284163, NHit = 903954
Thread 30 : N = 285603, NHit = 903955
Thread 31 : N = 284764, NHit = 903954
Thread 32 : N = 284519, NHit = 903954
DAT 3000000 reads left
Thread 33 : N = 284594, NHit = 903956
Thread 34 : N = 284529, NHit = 903954
Thread 35 : N = 284277, NHit = 903954
DAT 2000000 reads left
Thread 36 : N = 285421, NHit = 903954
Thread 37 : N = 284122, NHit = 903957
Thread 38 : N = 284509, NHit = 903954
Thread 39 : N = 283966, NHit = 903966
DAT 1000000 reads left
Thread 40 : N = 284272, NHit = 903957
Thread 41 : N = 285204, NHit = 903954
Thread 42 : N = 284509, NHit = 903954
Thread 43 : N = 279723, NHit = 903881
EM_init finished!
estimateFromReads, N0 finished.
1000000 READS PROCESSED
2000000 READS PROCESSED
3000000 READS PROCESSED
4000000 READS PROCESSED
5000000 READS PROCESSED
6000000 READS PROCESSED
7000000 READS PROCESSED
8000000 READS PROCESSED
9000000 READS PROCESSED
10000000 READS PROCESSED
11000000 READS PROCESSED
12000000 READS PROCESSED
estimateFromReads, N1 finished.
ROUND = 1, SUM = 13208708, bChange = 4458.51, totNum = 158330
ROUND = 2, SUM = 13208708.0000002, bChange = 0.999977, totNum = 57341
ROUND = 3, SUM = 13208708, bChange = 0.951315, totNum = 54535
ROUND = 4, SUM = 13208707.9999999, bChange = 0.936378, totNum = 52600
ROUND = 5, SUM = 13208708.0000001, bChange = 0.767581, totNum = 50885
ROUND = 6, SUM = 13208707.9999999, bChange = 0.676973, totNum = 49327
ROUND = 7, SUM = 13208708, bChange = 0.655829, totNum = 47881
ROUND = 8, SUM = 13208707.9999999, bChange = 0.624695, totNum = 46405
ROUND = 9, SUM = 13208708, bChange = 0.613419, totNum = 44994
ROUND = 10, SUM = 13208708, bChange = 0.617592, totNum = 43717
ROUND = 11, SUM = 13208708, bChange = 0.620488, totNum = 42415
ROUND = 12, SUM = 13208707.9999999, bChange = 0.46641, totNum = 40859
ROUND = 13, SUM = 13208708, bChange = 0.461785, totNum = 39545
ROUND = 14, SUM = 13208708, bChange = 0.460704, totNum = 38341
ROUND = 15, SUM = 13208708, bChange = 0.458796, totNum = 37166
ROUND = 16, SUM = 13208707.9999999, bChange = 0.45588, totNum = 36072
ROUND = 17, SUM = 13208708, bChange = 0.451756, totNum = 35012
ROUND = 18, SUM = 13208708, bChange = 0.371105, totNum = 33971
ROUND = 19, SUM = 13208708, bChange = 0.342293, totNum = 32998
ROUND = 20, SUM = 13208708, bChange = 0.33539, totNum = 32006
ROUND = 21, SUM = 13208708, bChange = 0.335468, totNum = 31106
ROUND = 22, SUM = 13208708, bChange = 0.335519, totNum = 30236
ROUND = 23, SUM = 13208707.9999999, bChange = 0.335554, totNum = 29395
ROUND = 24, SUM = 13208708, bChange = 0.335577, totNum = 28523
ROUND = 25, SUM = 13208708, bChange = 0.335593, totNum = 27737
ROUND = 26, SUM = 13208707.9999999, bChange = 0.236297, totNum = 27003
ROUND = 27, SUM = 13208708, bChange = 0.228462, totNum = 26360
ROUND = 28, SUM = 13208708, bChange = 0.228345, totNum = 25657
ROUND = 29, SUM = 13208708, bChange = 0.219201, totNum = 24955
ROUND = 30, SUM = 13208708, bChange = 0.219666, totNum = 24305
ROUND = 31, SUM = 13208708.0000001, bChange = 0.22018, totNum = 23616
ROUND = 32, SUM = 13208708, bChange = 0.220729, totNum = 22992
ROUND = 33, SUM = 13208707.9999999, bChange = 0.190889, totNum = 22411
ROUND = 34, SUM = 13208707.9999999, bChange = 0.187697, totNum = 21850
ROUND = 35, SUM = 13208707.9999999, bChange = 0.187737, totNum = 21283
ROUND = 36, SUM = 13208707.9999999, bChange = 0.187761, totNum = 20738
ROUND = 37, SUM = 13208707.9999999, bChange = 0.187773, totNum = 20249
ROUND = 38, SUM = 13208708, bChange = 0.187775, totNum = 19761
ROUND = 39, SUM = 13208708, bChange = 0.522071, totNum = 19262
ROUND = 40, SUM = 13208708, bChange = 0.29095, totNum = 18786
ROUND = 41, SUM = 13208707.9999999, bChange = 0.187735, totNum = 18295
ROUND = 42, SUM = 13208708, bChange = 0.18771, totNum = 17840
ROUND = 43, SUM = 13208708, bChange = 0.187681, totNum = 17420
ROUND = 44, SUM = 13208708, bChange = 0.187649, totNum = 17014
ROUND = 45, SUM = 13208707.9999999, bChange = 0.187614, totNum = 16611
ROUND = 46, SUM = 13208707.9999999, bChange = 0.187576, totNum = 16221
ROUND = 47, SUM = 13208708, bChange = 0.187537, totNum = 15818
ROUND = 48, SUM = 13208708, bChange = 0.187496, totNum = 15438
ROUND = 49, SUM = 13208707.9999999, bChange = 0.187454, totNum = 15098
ROUND = 50, SUM = 13208707.9999999, bChange = 0.141333, totNum = 14716
ROUND = 51, SUM = 13208707.9999999, bChange = 0.138549, totNum = 14393
ROUND = 52, SUM = 13208707.9999999, bChange = 0.138679, totNum = 14079
ROUND = 53, SUM = 13208707.9999999, bChange = 0.132144, totNum = 13758
ROUND = 54, SUM = 13208707.9999999, bChange = 0.13214, totNum = 13455
ROUND = 55, SUM = 13208708, bChange = 0.132136, totNum = 13167
ROUND = 56, SUM = 13208707.9999999, bChange = 0.132133, totNum = 12892
ROUND = 57, SUM = 13208708, bChange = 0.132131, totNum = 12613
ROUND = 58, SUM = 13208708, bChange = 0.132128, totNum = 12344
ROUND = 59, SUM = 13208708, bChange = 0.127035, totNum = 12100
ROUND = 60, SUM = 13208708, bChange = 0.12706, totNum = 11826
ROUND = 61, SUM = 13208708, bChange = 0.127082, totNum = 11592
ROUND = 62, SUM = 13208708, bChange = 0.127102, totNum = 11344
ROUND = 63, SUM = 13208708, bChange = 0.118185, totNum = 11093
ROUND = 64, SUM = 13208708, bChange = 0.118222, totNum = 10863
ROUND = 65, SUM = 13208708, bChange = 0.118256, totNum = 10671
ROUND = 66, SUM = 13208707.9999999, bChange = 0.118287, totNum = 10440
ROUND = 67, SUM = 13208708, bChange = 0.118316, totNum = 10214
ROUND = 68, SUM = 13208707.9999999, bChange = 0.111394, totNum = 9981
ROUND = 69, SUM = 13208708, bChange = 0.111401, totNum = 9788
ROUND = 70, SUM = 13208708, bChange = 0.111406, totNum = 9587
ROUND = 71, SUM = 13208707.9999999, bChange = 0.111412, totNum = 9412
ROUND = 72, SUM = 13208708.0000001, bChange = 0.111416, totNum = 9206
ROUND = 73, SUM = 13208707.9999999, bChange = 0.11142, totNum = 9009
ROUND = 74, SUM = 13208707.9999999, bChange = 0.111424, totNum = 8851
ROUND = 75, SUM = 13208708, bChange = 0.111428, totNum = 8693
ROUND = 76, SUM = 13208707.9999999, bChange = 0.108512, totNum = 8535
ROUND = 77, SUM = 13208707.9999999, bChange = 0.0887725, totNum = 8396
ROUND = 78, SUM = 13208708, bChange = 0.0887611, totNum = 8232
ROUND = 79, SUM = 13208708, bChange = 0.0887499, totNum = 8068
ROUND = 80, SUM = 13208707.9999999, bChange = 0.0887389, totNum = 7915
ROUND = 81, SUM = 13208707.9999999, bChange = 0.0887281, totNum = 7801
ROUND = 82, SUM = 13208708, bChange = 0.0887174, totNum = 7664
ROUND = 83, SUM = 13208708, bChange = 0.0779888, totNum = 7535
ROUND = 84, SUM = 13208707.9999999, bChange = 0.0779811, totNum = 7389
ROUND = 85, SUM = 13208708, bChange = 0.077974, totNum = 7242
ROUND = 86, SUM = 13208708, bChange = 0.0779674, totNum = 7127
ROUND = 87, SUM = 13208708, bChange = 0.0779614, totNum = 7008
ROUND = 88, SUM = 13208707.9999999, bChange = 0.0779558, totNum = 6888
ROUND = 89, SUM = 13208707.9999999, bChange = 0.0779506, totNum = 6784
ROUND = 90, SUM = 13208708, bChange = 0.0779459, totNum = 6675
ROUND = 91, SUM = 13208708, bChange = 0.0779415, totNum = 6537
ROUND = 92, SUM = 13208708, bChange = 0.0779375, totNum = 6448
ROUND = 93, SUM = 13208707.9999999, bChange = 0.0779337, totNum = 6338
ROUND = 94, SUM = 13208707.9999999, bChange = 0.0725131, totNum = 6228
ROUND = 95, SUM = 13208707.9999999, bChange = 0.072547, totNum = 6125
ROUND = 96, SUM = 13208707.9999999, bChange = 0.0725798, totNum = 6025
ROUND = 97, SUM = 13208707.9999999, bChange = 0.0726117, totNum = 5920
ROUND = 98, SUM = 13208708, bChange = 0.0726426, totNum = 5827
ROUND = 99, SUM = 13208708, bChange = 0.0726726, totNum = 5743
ROUND = 100, SUM = 13208707.9999999, bChange = 0.0727016, totNum = 5642
ROUND = 101, SUM = 13208708, bChange = 0.0727298, totNum = 5544
ROUND = 102, SUM = 13208708, bChange = 0.0727572, totNum = 5452
ROUND = 103, SUM = 13208708, bChange = 0.0727837, totNum = 5378
ROUND = 104, SUM = 13208708, bChange = 0.0728094, totNum = 5303
ROUND = 105, SUM = 13208708, bChange = 0.0728344, totNum = 5212
ROUND = 106, SUM = 13208707.9999999, bChange = 0.0728585, totNum = 5133
ROUND = 107, SUM = 13208708, bChange = 0.151483, totNum = 5049
ROUND = 108, SUM = 13208707.9999999, bChange = 0.131103, totNum = 4971
ROUND = 109, SUM = 13208707.9999999, bChange = 0.112544, totNum = 4893
ROUND = 110, SUM = 13208708, bChange = 0.0962221, totNum = 4820
ROUND = 111, SUM = 13208707.9999999, bChange = 0.0822918, totNum = 4756
ROUND = 112, SUM = 13208708, bChange = 0.0706899, totNum = 4684
ROUND = 113, SUM = 13208708, bChange = 0.0638759, totNum = 4622
ROUND = 114, SUM = 13208708, bChange = 0.0639077, totNum = 4564
ROUND = 115, SUM = 13208708, bChange = 0.0639388, totNum = 4508
ROUND = 116, SUM = 13208707.9999999, bChange = 0.0639694, totNum = 4448
ROUND = 117, SUM = 13208707.9999999, bChange = 0.0639994, totNum = 4387
ROUND = 118, SUM = 13208708, bChange = 0.0640289, totNum = 4313
ROUND = 119, SUM = 13208708, bChange = 0.0640579, totNum = 4255
ROUND = 120, SUM = 13208707.9999999, bChange = 0.0640863, totNum = 4196
ROUND = 121, SUM = 13208707.9999999, bChange = 0.0641143, totNum = 4137
ROUND = 122, SUM = 13208707.9999999, bChange = 0.0641418, totNum = 4077
ROUND = 123, SUM = 13208707.9999999, bChange = 0.0641689, totNum = 4023
ROUND = 124, SUM = 13208708, bChange = 0.0641955, totNum = 3985
ROUND = 125, SUM = 13208707.9999999, bChange = 0.0642217, totNum = 3941
ROUND = 126, SUM = 13208708, bChange = 0.0642475, totNum = 3896
ROUND = 127, SUM = 13208707.9999999, bChange = 0.0642728, totNum = 3839
ROUND = 128, SUM = 13208708, bChange = 0.0642978, totNum = 3801
ROUND = 129, SUM = 13208708, bChange = 0.0643224, totNum = 3756
ROUND = 130, SUM = 13208707.9999999, bChange = 0.0643465, totNum = 3715
ROUND = 131, SUM = 13208708, bChange = 0.0643704, totNum = 3668
ROUND = 132, SUM = 13208707.9999998, bChange = 0.0643938, totNum = 3618
ROUND = 133, SUM = 13208707.9999999, bChange = 0.0644169, totNum = 3575
ROUND = 134, SUM = 13208707.9999999, bChange = 0.0644397, totNum = 3533
ROUND = 135, SUM = 13208707.9999999, bChange = 0.0644621, totNum = 3499
ROUND = 136, SUM = 13208708, bChange = 0.0644842, totNum = 3467
ROUND = 137, SUM = 13208707.9999999, bChange = 0.064506, totNum = 3435
ROUND = 138, SUM = 13208707.9999999, bChange = 0.0645275, totNum = 3400
ROUND = 139, SUM = 13208707.9999999, bChange = 0.0645487, totNum = 3368
ROUND = 140, SUM = 13208708, bChange = 0.0645695, totNum = 3336
ROUND = 141, SUM = 13208708, bChange = 0.0645901, totNum = 3298
ROUND = 142, SUM = 13208708, bChange = 0.0646104, totNum = 3263
ROUND = 143, SUM = 13208707.9999999, bChange = 0.0646304, totNum = 3224
ROUND = 144, SUM = 13208707.9999999, bChange = 0.0475572, totNum = 3189
ROUND = 145, SUM = 13208708, bChange = 0.0475563, totNum = 3155
ROUND = 146, SUM = 13208708, bChange = 0.0475555, totNum = 3119
ROUND = 147, SUM = 13208707.9999999, bChange = 0.0475547, totNum = 3074
ROUND = 148, SUM = 13208708, bChange = 0.0475539, totNum = 3040
ROUND = 149, SUM = 13208707.9999999, bChange = 0.0475532, totNum = 3004
ROUND = 150, SUM = 13208707.9999999, bChange = 0.0475525, totNum = 2964
ROUND = 151, SUM = 13208708, bChange = 0.0475518, totNum = 2931
ROUND = 152, SUM = 13208707.9999999, bChange = 0.0475512, totNum = 2904
ROUND = 153, SUM = 13208708, bChange = 0.0475506, totNum = 2873
ROUND = 154, SUM = 13208708, bChange = 0.04755, totNum = 2840
ROUND = 155, SUM = 13208708, bChange = 0.0475495, totNum = 2817
ROUND = 156, SUM = 13208707.9999999, bChange = 0.0475489, totNum = 2790
ROUND = 157, SUM = 13208708, bChange = 0.0475485, totNum = 2767
ROUND = 158, SUM = 13208708, bChange = 0.047548, totNum = 2741
ROUND = 159, SUM = 13208708, bChange = 0.0475475, totNum = 2718
ROUND = 160, SUM = 13208707.9999999, bChange = 0.0475471, totNum = 2691
ROUND = 161, SUM = 13208708, bChange = 0.0475467, totNum = 2661
ROUND = 162, SUM = 13208708, bChange = 0.0431069, totNum = 2626
ROUND = 163, SUM = 13208707.9999999, bChange = 0.0431095, totNum = 2598
ROUND = 164, SUM = 13208708, bChange = 0.043112, totNum = 2568
ROUND = 165, SUM = 13208708, bChange = 0.0431143, totNum = 2531
ROUND = 166, SUM = 13208708, bChange = 0.0431164, totNum = 2503
ROUND = 167, SUM = 13208708, bChange = 0.0431185, totNum = 2478
ROUND = 168, SUM = 13208707.9999999, bChange = 0.0431204, totNum = 2456
ROUND = 169, SUM = 13208708, bChange = 0.0431223, totNum = 2428
ROUND = 170, SUM = 13208707.9999999, bChange = 0.043124, totNum = 2408
ROUND = 171, SUM = 13208708, bChange = 0.0431256, totNum = 2379
ROUND = 172, SUM = 13208707.9999999, bChange = 0.0431271, totNum = 2357
ROUND = 173, SUM = 13208708, bChange = 0.0382006, totNum = 2343
ROUND = 174, SUM = 13208708, bChange = 0.0382017, totNum = 2312
ROUND = 175, SUM = 13208707.9999999, bChange = 0.0382027, totNum = 2287
ROUND = 176, SUM = 13208708, bChange = 0.0382037, totNum = 2265
ROUND = 177, SUM = 13208708, bChange = 0.0366283, totNum = 2245
ROUND = 178, SUM = 13208708, bChange = 0.0366287, totNum = 2222
ROUND = 179, SUM = 13208707.9999999, bChange = 0.036629, totNum = 2205
ROUND = 180, SUM = 13208708, bChange = 0.0366294, totNum = 2185
ROUND = 181, SUM = 13208707.9999999, bChange = 0.0366297, totNum = 2162
ROUND = 182, SUM = 13208707.9999999, bChange = 0.0366301, totNum = 2141
ROUND = 183, SUM = 13208707.9999999, bChange = 0.0366304, totNum = 2122
ROUND = 184, SUM = 13208707.9999999, bChange = 0.0366307, totNum = 2096
ROUND = 185, SUM = 13208707.9999999, bChange = 0.036631, totNum = 2075
ROUND = 186, SUM = 13208708, bChange = 0.0366313, totNum = 2058
ROUND = 187, SUM = 13208708, bChange = 0.0366316, totNum = 2034
ROUND = 188, SUM = 13208707.9999999, bChange = 0.0366318, totNum = 2023
ROUND = 189, SUM = 13208708, bChange = 0.0366321, totNum = 2003
ROUND = 190, SUM = 13208707.9999999, bChange = 0.0366323, totNum = 1985
ROUND = 191, SUM = 13208708, bChange = 0.0366326, totNum = 1968
ROUND = 192, SUM = 13208707.9999999, bChange = 0.0366328, totNum = 1953
ROUND = 193, SUM = 13208708, bChange = 0.036633, totNum = 1937
ROUND = 194, SUM = 13208708, bChange = 0.0366332, totNum = 1922
ROUND = 195, SUM = 13208708, bChange = 0.0366334, totNum = 1909
ROUND = 196, SUM = 13208707.9999999, bChange = 0.0366336, totNum = 1897
ROUND = 197, SUM = 13208707.9999999, bChange = 0.0366338, totNum = 1872
ROUND = 198, SUM = 13208708, bChange = 0.036634, totNum = 1857
ROUND = 199, SUM = 13208707.9999999, bChange = 0.0366342, totNum = 1840
ROUND = 200, SUM = 13208708, bChange = 0.0366343, totNum = 1824
ROUND = 201, SUM = 13208708, bChange = 0.0366345, totNum = 1805
ROUND = 202, SUM = 13208707.9999999, bChange = 0.0359894, totNum = 1786
ROUND = 203, SUM = 13208708, bChange = 0.0359983, totNum = 1770
ROUND = 204, SUM = 13208708, bChange = 0.036007, totNum = 1752
ROUND = 205, SUM = 13208707.9999999, bChange = 0.0338007, totNum = 1737
ROUND = 206, SUM = 13208707.9999999, bChange = 0.0337993, totNum = 1717
ROUND = 207, SUM = 13208708, bChange = 0.0337979, totNum = 1708
ROUND = 208, SUM = 13208708, bChange = 0.0337966, totNum = 1695
ROUND = 209, SUM = 13208707.9999999, bChange = 0.0337953, totNum = 1682
ROUND = 210, SUM = 13208707.9999999, bChange = 0.033794, totNum = 1662
ROUND = 211, SUM = 13208708, bChange = 0.0337928, totNum = 1650
ROUND = 212, SUM = 13208708, bChange = 0.0337917, totNum = 1637
ROUND = 213, SUM = 13208708, bChange = 0.0337906, totNum = 1616
ROUND = 214, SUM = 13208708, bChange = 0.0337895, totNum = 1608
ROUND = 215, SUM = 13208707.9999999, bChange = 0.0335048, totNum = 1601
ROUND = 216, SUM = 13208708, bChange = 0.0335048, totNum = 1590
ROUND = 217, SUM = 13208708, bChange = 0.0335048, totNum = 1569
ROUND = 218, SUM = 13208708, bChange = 0.0335047, totNum = 1559
ROUND = 219, SUM = 13208708, bChange = 0.0335047, totNum = 1550
ROUND = 220, SUM = 13208708, bChange = 0.0335047, totNum = 1539
ROUND = 221, SUM = 13208708, bChange = 0.0335046, totNum = 1528
ROUND = 222, SUM = 13208708, bChange = 0.0335046, totNum = 1517
ROUND = 223, SUM = 13208707.9999999, bChange = 0.0335046, totNum = 1509
ROUND = 224, SUM = 13208707.9999999, bChange = 0.0335045, totNum = 1499
ROUND = 225, SUM = 13208708, bChange = 0.0335045, totNum = 1486
ROUND = 226, SUM = 13208708, bChange = 0.0335045, totNum = 1475
ROUND = 227, SUM = 13208708, bChange = 0.0335045, totNum = 1467
ROUND = 228, SUM = 13208707.9999999, bChange = 0.0335044, totNum = 1454
ROUND = 229, SUM = 13208708, bChange = 0.0335044, totNum = 1445
ROUND = 230, SUM = 13208708, bChange = 0.0335044, totNum = 1438
ROUND = 231, SUM = 13208708, bChange = 0.0335044, totNum = 1427
ROUND = 232, SUM = 13208707.9999999, bChange = 0.0335043, totNum = 1418
ROUND = 233, SUM = 13208707.9999999, bChange = 0.0294454, totNum = 1402
ROUND = 234, SUM = 13208707.9999999, bChange = 0.0294516, totNum = 1392
ROUND = 235, SUM = 13208708, bChange = 0.0294576, totNum = 1383
ROUND = 236, SUM = 13208708, bChange = 0.0294637, totNum = 1372
ROUND = 237, SUM = 13208707.9999999, bChange = 0.0294697, totNum = 1359
ROUND = 238, SUM = 13208707.9999999, bChange = 0.0294756, totNum = 1352
ROUND = 239, SUM = 13208708, bChange = 0.0281618, totNum = 1340
ROUND = 240, SUM = 13208708, bChange = 0.028171, totNum = 1335
ROUND = 241, SUM = 13208708, bChange = 0.02818, totNum = 1323
ROUND = 242, SUM = 13208708, bChange = 0.0281889, totNum = 1314
ROUND = 243, SUM = 13208707.9999999, bChange = 0.0281976, totNum = 1310
ROUND = 244, SUM = 13208708, bChange = 0.0282063, totNum = 1298
ROUND = 245, SUM = 13208708, bChange = 0.0282149, totNum = 1294
ROUND = 246, SUM = 13208707.9999999, bChange = 0.0282234, totNum = 1289
ROUND = 247, SUM = 13208707.9999999, bChange = 0.0282318, totNum = 1280
ROUND = 248, SUM = 13208708, bChange = 0.02824, totNum = 1268
ROUND = 249, SUM = 13208708, bChange = 0.0282482, totNum = 1261
ROUND = 250, SUM = 13208708, bChange = 0.0282563, totNum = 1255
ROUND = 251, SUM = 13208707.9999999, bChange = 0.0282643, totNum = 1245
ROUND = 252, SUM = 13208708, bChange = 0.0282721, totNum = 1233
ROUND = 253, SUM = 13208708, bChange = 0.0282799, totNum = 1225
ROUND = 254, SUM = 13208707.9999999, bChange = 0.0282876, totNum = 1216
ROUND = 255, SUM = 13208708, bChange = 0.0282952, totNum = 1206
ROUND = 256, SUM = 13208708, bChange = 0.0283027, totNum = 1200
ROUND = 257, SUM = 13208707.9999999, bChange = 0.0283102, totNum = 1190
ROUND = 258, SUM = 13208708, bChange = 0.0283175, totNum = 1178
ROUND = 259, SUM = 13208707.9999999, bChange = 0.0283247, totNum = 1169
ROUND = 260, SUM = 13208707.9999999, bChange = 0.0283319, totNum = 1162
ROUND = 261, SUM = 13208708, bChange = 0.028339, totNum = 1151
ROUND = 262, SUM = 13208708, bChange = 0.028346, totNum = 1143
ROUND = 263, SUM = 13208707.9999999, bChange = 0.0283529, totNum = 1137
ROUND = 264, SUM = 13208708, bChange = 0.0283597, totNum = 1127
ROUND = 265, SUM = 13208708, bChange = 0.0283665, totNum = 1118
ROUND = 266, SUM = 13208707.9999999, bChange = 0.0283731, totNum = 1108
ROUND = 267, SUM = 13208707.9999999, bChange = 0.0283797, totNum = 1098
ROUND = 268, SUM = 13208708, bChange = 0.0283862, totNum = 1085
ROUND = 269, SUM = 13208708, bChange = 0.0283927, totNum = 1078
ROUND = 270, SUM = 13208708, bChange = 0.028399, totNum = 1071
ROUND = 271, SUM = 13208708, bChange = 0.0284053, totNum = 1063
ROUND = 272, SUM = 13208708, bChange = 0.0260096, totNum = 1057
ROUND = 273, SUM = 13208708, bChange = 0.0254184, totNum = 1047
ROUND = 274, SUM = 13208708, bChange = 0.0254184, totNum = 1044
ROUND = 275, SUM = 13208708, bChange = 0.0254183, totNum = 1038
ROUND = 276, SUM = 13208708, bChange = 0.0254183, totNum = 1025
ROUND = 277, SUM = 13208707.9999999, bChange = 0.0254183, totNum = 1017
ROUND = 278, SUM = 13208708, bChange = 0.0254183, totNum = 1006
ROUND = 279, SUM = 13208707.9999999, bChange = 0.0254183, totNum = 999
ROUND = 280, SUM = 13208707.9999999, bChange = 0.025139, totNum = 992
ROUND = 281, SUM = 13208708, bChange = 0.0251394, totNum = 982
ROUND = 282, SUM = 13208708, bChange = 0.0244037, totNum = 980
ROUND = 283, SUM = 13208708, bChange = 0.0244038, totNum = 975
ROUND = 284, SUM = 13208708, bChange = 0.0244039, totNum = 969
ROUND = 285, SUM = 13208708, bChange = 0.0229313, totNum = 961
ROUND = 286, SUM = 13208708, bChange = 0.0229398, totNum = 952
ROUND = 287, SUM = 13208708, bChange = 0.0229481, totNum = 943
ROUND = 288, SUM = 13208707.9999999, bChange = 0.0229564, totNum = 941
ROUND = 289, SUM = 13208708, bChange = 0.0229647, totNum = 940
ROUND = 290, SUM = 13208708, bChange = 0.0229729, totNum = 935
ROUND = 291, SUM = 13208708, bChange = 0.022981, totNum = 930
ROUND = 292, SUM = 13208708, bChange = 0.0229891, totNum = 926
ROUND = 293, SUM = 13208708, bChange = 0.0216864, totNum = 918
ROUND = 294, SUM = 13208707.9999999, bChange = 0.0216861, totNum = 912
ROUND = 295, SUM = 13208707.9999999, bChange = 0.0216859, totNum = 904
ROUND = 296, SUM = 13208708, bChange = 0.0216856, totNum = 901
ROUND = 297, SUM = 13208707.9999999, bChange = 0.0216854, totNum = 897
ROUND = 298, SUM = 13208708, bChange = 0.0216851, totNum = 895
ROUND = 299, SUM = 13208707.9999999, bChange = 0.0216849, totNum = 892
ROUND = 300, SUM = 13208707.9999999, bChange = 0.0216846, totNum = 885
ROUND = 301, SUM = 13208708, bChange = 0.0216844, totNum = 881
ROUND = 302, SUM = 13208707.9999999, bChange = 0.0216842, totNum = 878
ROUND = 303, SUM = 13208708, bChange = 0.0216839, totNum = 872
ROUND = 304, SUM = 13208708, bChange = 0.0216837, totNum = 866
ROUND = 305, SUM = 13208708, bChange = 0.0213179, totNum = 862
ROUND = 306, SUM = 13208707.9999999, bChange = 0.0213216, totNum = 859
ROUND = 307, SUM = 13208707.9999999, bChange = 0.0213252, totNum = 853
ROUND = 308, SUM = 13208707.9999999, bChange = 0.0213288, totNum = 850
ROUND = 309, SUM = 13208708, bChange = 0.0213323, totNum = 845
ROUND = 310, SUM = 13208707.9999999, bChange = 0.0213358, totNum = 841
ROUND = 311, SUM = 13208708, bChange = 0.0213393, totNum = 835
ROUND = 312, SUM = 13208707.9999999, bChange = 0.0213428, totNum = 833
ROUND = 313, SUM = 13208707.9999999, bChange = 0.0213462, totNum = 825
ROUND = 314, SUM = 13208708, bChange = 0.0213495, totNum = 817
ROUND = 315, SUM = 13208708, bChange = 0.0213529, totNum = 811
ROUND = 316, SUM = 13208707.9999999, bChange = 0.0213562, totNum = 804
ROUND = 317, SUM = 13208707.9999999, bChange = 0.0213595, totNum = 798
ROUND = 318, SUM = 13208708, bChange = 0.0213627, totNum = 792
ROUND = 319, SUM = 13208708, bChange = 0.0213659, totNum = 789
ROUND = 320, SUM = 13208708, bChange = 0.0213691, totNum = 788
ROUND = 321, SUM = 13208708, bChange = 0.0213722, totNum = 785
ROUND = 322, SUM = 13208708, bChange = 0.0213753, totNum = 783
ROUND = 323, SUM = 13208707.9999999, bChange = 0.0213784, totNum = 781
ROUND = 324, SUM = 13208708, bChange = 0.0213814, totNum = 776
ROUND = 325, SUM = 13208707.9999999, bChange = 0.0213844, totNum = 776
ROUND = 326, SUM = 13208707.9999999, bChange = 0.0213874, totNum = 772
ROUND = 327, SUM = 13208708, bChange = 0.0213903, totNum = 771
ROUND = 328, SUM = 13208708, bChange = 0.0213933, totNum = 767
ROUND = 329, SUM = 13208707.9999999, bChange = 0.0213961, totNum = 762
ROUND = 330, SUM = 13208708, bChange = 0.021399, totNum = 757
ROUND = 331, SUM = 13208707.9999999, bChange = 0.0214018, totNum = 752
ROUND = 332, SUM = 13208708, bChange = 0.0214046, totNum = 751
ROUND = 333, SUM = 13208708, bChange = 0.0214074, totNum = 746
ROUND = 334, SUM = 13208707.9999999, bChange = 0.0214101, totNum = 744
ROUND = 335, SUM = 13208708, bChange = 0.0214128, totNum = 739
ROUND = 336, SUM = 13208708, bChange = 0.0214155, totNum = 739
ROUND = 337, SUM = 13208708, bChange = 0.0214182, totNum = 736
ROUND = 338, SUM = 13208707.9999999, bChange = 0.0214208, totNum = 735
ROUND = 339, SUM = 13208707.9999999, bChange = 0.0214234, totNum = 730
ROUND = 340, SUM = 13208707.9999999, bChange = 0.021426, totNum = 727
ROUND = 341, SUM = 13208708, bChange = 0.0214285, totNum = 719
ROUND = 342, SUM = 13208707.9999999, bChange = 0.0214311, totNum = 716
ROUND = 343, SUM = 13208707.9999999, bChange = 0.0214335, totNum = 714
ROUND = 344, SUM = 13208708, bChange = 0.0194754, totNum = 710
ROUND = 345, SUM = 13208707.9999999, bChange = 0.0194757, totNum = 708
ROUND = 346, SUM = 13208708, bChange = 0.0194761, totNum = 706
ROUND = 347, SUM = 13208708, bChange = 0.0194764, totNum = 703
ROUND = 348, SUM = 13208707.9999999, bChange = 0.0194768, totNum = 702
ROUND = 349, SUM = 13208707.9999999, bChange = 0.0194771, totNum = 698
ROUND = 350, SUM = 13208708, bChange = 0.0182832, totNum = 696
ROUND = 351, SUM = 13208708, bChange = 0.018284, totNum = 690
ROUND = 352, SUM = 13208708, bChange = 0.0182847, totNum = 689
ROUND = 353, SUM = 13208708, bChange = 0.0182854, totNum = 686
ROUND = 354, SUM = 13208708, bChange = 0.0182861, totNum = 682
ROUND = 355, SUM = 13208707.9999999, bChange = 0.0182868, totNum = 681
ROUND = 356, SUM = 13208707.9999999, bChange = 0.0182874, totNum = 676
ROUND = 357, SUM = 13208708, bChange = 0.0182881, totNum = 671
ROUND = 358, SUM = 13208707.9999999, bChange = 0.0182887, totNum = 668
ROUND = 359, SUM = 13208708, bChange = 0.0182894, totNum = 667
ROUND = 360, SUM = 13208708, bChange = 0.01829, totNum = 664
ROUND = 361, SUM = 13208708, bChange = 0.0182906, totNum = 659
ROUND = 362, SUM = 13208708, bChange = 0.0182912, totNum = 658
ROUND = 363, SUM = 13208707.9999999, bChange = 0.0182918, totNum = 657
ROUND = 364, SUM = 13208707.9999999, bChange = 0.0182924, totNum = 655
ROUND = 365, SUM = 13208708, bChange = 0.018293, totNum = 653
ROUND = 366, SUM = 13208708, bChange = 0.0182936, totNum = 650
ROUND = 367, SUM = 13208708, bChange = 0.0182941, totNum = 647
ROUND = 368, SUM = 13208707.9999999, bChange = 0.0182946, totNum = 645
ROUND = 369, SUM = 13208708, bChange = 0.0182952, totNum = 643
ROUND = 370, SUM = 13208707.9999999, bChange = 0.0182957, totNum = 641
ROUND = 371, SUM = 13208708, bChange = 0.0182962, totNum = 635
ROUND = 372, SUM = 13208707.9999999, bChange = 0.0182967, totNum = 633
ROUND = 373, SUM = 13208707.9999999, bChange = 0.0182972, totNum = 631
ROUND = 374, SUM = 13208708, bChange = 0.0182977, totNum = 630
ROUND = 375, SUM = 13208707.9999999, bChange = 0.0182982, totNum = 627
ROUND = 376, SUM = 13208708, bChange = 0.0182987, totNum = 626
ROUND = 377, SUM = 13208708, bChange = 0.0182991, totNum = 624
ROUND = 378, SUM = 13208708, bChange = 0.0182996, totNum = 623
ROUND = 379, SUM = 13208707.9999999, bChange = 0.0183, totNum = 619
ROUND = 380, SUM = 13208707.9999999, bChange = 0.0183005, totNum = 617
ROUND = 381, SUM = 13208708, bChange = 0.0183009, totNum = 614
ROUND = 382, SUM = 13208708, bChange = 0.0183013, totNum = 612
ROUND = 383, SUM = 13208708, bChange = 0.0183017, totNum = 609
ROUND = 384, SUM = 13208707.9999999, bChange = 0.0183022, totNum = 607
ROUND = 385, SUM = 13208708, bChange = 0.0183026, totNum = 605
ROUND = 386, SUM = 13208707.9999999, bChange = 0.018303, totNum = 602
ROUND = 387, SUM = 13208708, bChange = 0.0183033, totNum = 600
ROUND = 388, SUM = 13208708, bChange = 0.0183037, totNum = 596
ROUND = 389, SUM = 13208707.9999999, bChange = 0.0183041, totNum = 595
ROUND = 390, SUM = 13208707.9999999, bChange = 0.0183045, totNum = 593
ROUND = 391, SUM = 13208708, bChange = 0.0183048, totNum = 591
ROUND = 392, SUM = 13208708, bChange = 0.0183052, totNum = 587
ROUND = 393, SUM = 13208707.9999999, bChange = 0.0183055, totNum = 585
ROUND = 394, SUM = 13208707.9999999, bChange = 0.0183059, totNum = 580
ROUND = 395, SUM = 13208707.9999999, bChange = 0.0183062, totNum = 577
ROUND = 396, SUM = 13208708, bChange = 0.0183065, totNum = 577
ROUND = 397, SUM = 13208708, bChange = 0.0183069, totNum = 573
ROUND = 398, SUM = 13208708, bChange = 0.0183072, totNum = 571
ROUND = 399, SUM = 13208708, bChange = 0.0147846, totNum = 569
ROUND = 400, SUM = 13208708, bChange = 0.0147847, totNum = 568
ROUND = 401, SUM = 13208708, bChange = 0.0147848, totNum = 567
ROUND = 402, SUM = 13208707.9999999, bChange = 0.014785, totNum = 567
ROUND = 403, SUM = 13208707.9999999, bChange = 0.0147851, totNum = 564
ROUND = 404, SUM = 13208707.9999999, bChange = 0.0147852, totNum = 564
ROUND = 405, SUM = 13208708, bChange = 0.0147854, totNum = 562
ROUND = 406, SUM = 13208707.9999999, bChange = 0.0147855, totNum = 562
ROUND = 407, SUM = 13208708, bChange = 0.0147856, totNum = 561
ROUND = 408, SUM = 13208708, bChange = 0.0147857, totNum = 557
ROUND = 409, SUM = 13208708, bChange = 0.0147858, totNum = 553
ROUND = 410, SUM = 13208708, bChange = 0.014786, totNum = 551
ROUND = 411, SUM = 13208707.9999999, bChange = 0.0147861, totNum = 550
ROUND = 412, SUM = 13208708, bChange = 0.0147862, totNum = 547
ROUND = 413, SUM = 13208707.9999999, bChange = 0.0147863, totNum = 546
ROUND = 414, SUM = 13208707.9999999, bChange = 0.0147864, totNum = 545
ROUND = 415, SUM = 13208707.9999999, bChange = 0.0147865, totNum = 544
ROUND = 416, SUM = 13208708, bChange = 0.0147866, totNum = 542
ROUND = 417, SUM = 13208708, bChange = 0.0147867, totNum = 540
ROUND = 418, SUM = 13208707.9999999, bChange = 0.0147869, totNum = 538
ROUND = 419, SUM = 13208708, bChange = 0.014787, totNum = 537
ROUND = 420, SUM = 13208708, bChange = 0.0147871, totNum = 537
ROUND = 421, SUM = 13208707.9999999, bChange = 0.0147872, totNum = 534
ROUND = 422, SUM = 13208708, bChange = 0.0143746, totNum = 530
ROUND = 423, SUM = 13208708, bChange = 0.0143739, totNum = 528
ROUND = 424, SUM = 13208708, bChange = 0.0143732, totNum = 525
ROUND = 425, SUM = 13208707.9999999, bChange = 0.0143726, totNum = 523
ROUND = 426, SUM = 13208707.9999999, bChange = 0.0143719, totNum = 521
ROUND = 427, SUM = 13208708, bChange = 0.0143713, totNum = 520
ROUND = 428, SUM = 13208708, bChange = 0.0143706, totNum = 517
ROUND = 429, SUM = 13208708, bChange = 0.01437, totNum = 517
ROUND = 430, SUM = 13208708, bChange = 0.0143694, totNum = 514
ROUND = 431, SUM = 13208707.9999999, bChange = 0.0143688, totNum = 513
ROUND = 432, SUM = 13208708, bChange = 0.0143682, totNum = 513
ROUND = 433, SUM = 13208708, bChange = 0.0143676, totNum = 513
ROUND = 434, SUM = 13208708, bChange = 0.014367, totNum = 510
ROUND = 435, SUM = 13208708, bChange = 0.0143664, totNum = 511
ROUND = 436, SUM = 13208707.9999999, bChange = 0.0143658, totNum = 509
ROUND = 437, SUM = 13208708, bChange = 0.0143653, totNum = 506
ROUND = 438, SUM = 13208708, bChange = 0.0143647, totNum = 503
ROUND = 439, SUM = 13208708, bChange = 0.0143642, totNum = 503
ROUND = 440, SUM = 13208708, bChange = 0.0143637, totNum = 499
ROUND = 441, SUM = 13208708, bChange = 0.0140777, totNum = 496
ROUND = 442, SUM = 13208708, bChange = 0.0140775, totNum = 496
ROUND = 443, SUM = 13208707.9999999, bChange = 0.0140772, totNum = 489
ROUND = 444, SUM = 13208708, bChange = 0.014077, totNum = 488
ROUND = 445, SUM = 13208708, bChange = 0.0140768, totNum = 484
ROUND = 446, SUM = 13208708, bChange = 0.0140766, totNum = 480
ROUND = 447, SUM = 13208707.9999999, bChange = 0.0140764, totNum = 480
ROUND = 448, SUM = 13208707.9999999, bChange = 0.0140762, totNum = 477
ROUND = 449, SUM = 13208708, bChange = 0.014076, totNum = 477
ROUND = 450, SUM = 13208708, bChange = 0.0140758, totNum = 473
ROUND = 451, SUM = 13208708, bChange = 0.0140755, totNum = 473
ROUND = 452, SUM = 13208708, bChange = 0.0140753, totNum = 473
ROUND = 453, SUM = 13208708, bChange = 0.0140752, totNum = 468
ROUND = 454, SUM = 13208708, bChange = 0.014075, totNum = 466
ROUND = 455, SUM = 13208708, bChange = 0.0140748, totNum = 465
ROUND = 456, SUM = 13208708, bChange = 0.0140746, totNum = 464
ROUND = 457, SUM = 13208708, bChange = 0.0140744, totNum = 462
ROUND = 458, SUM = 13208708, bChange = 0.0140742, totNum = 460
ROUND = 459, SUM = 13208708, bChange = 0.014074, totNum = 456
ROUND = 460, SUM = 13208708, bChange = 0.0140739, totNum = 454
ROUND = 461, SUM = 13208708, bChange = 0.0140737, totNum = 453
ROUND = 462, SUM = 13208708, bChange = 0.0140735, totNum = 453
ROUND = 463, SUM = 13208707.9999999, bChange = 0.0140733, totNum = 451
ROUND = 464, SUM = 13208707.9999999, bChange = 0.0140732, totNum = 447
ROUND = 465, SUM = 13208708, bChange = 0.014073, totNum = 446
ROUND = 466, SUM = 13208708, bChange = 0.0140728, totNum = 442
ROUND = 467, SUM = 13208708, bChange = 0.0140727, totNum = 437
ROUND = 468, SUM = 13208708, bChange = 0.0140725, totNum = 436
ROUND = 469, SUM = 13208708, bChange = 0.0140724, totNum = 435
ROUND = 470, SUM = 13208708, bChange = 0.0140722, totNum = 434
ROUND = 471, SUM = 13208707.9999999, bChange = 0.014072, totNum = 432
ROUND = 472, SUM = 13208707.9999999, bChange = 0.0140719, totNum = 431
ROUND = 473, SUM = 13208707.9999999, bChange = 0.0140718, totNum = 429
ROUND = 474, SUM = 13208708, bChange = 0.0140716, totNum = 427
ROUND = 475, SUM = 13208707.9999999, bChange = 0.0140715, totNum = 426
ROUND = 476, SUM = 13208708, bChange = 0.0140713, totNum = 425
ROUND = 477, SUM = 13208707.9999999, bChange = 0.0140712, totNum = 425
ROUND = 478, SUM = 13208707.9999999, bChange = 0.014071, totNum = 421
ROUND = 479, SUM = 13208708, bChange = 0.0140709, totNum = 421
ROUND = 480, SUM = 13208707.9999999, bChange = 0.0140708, totNum = 417
ROUND = 481, SUM = 13208708, bChange = 0.0140706, totNum = 416
ROUND = 482, SUM = 13208707.9999999, bChange = 0.0140705, totNum = 415
ROUND = 483, SUM = 13208707.9999999, bChange = 0.0140704, totNum = 413
ROUND = 484, SUM = 13208708, bChange = 0.0138076, totNum = 409
ROUND = 485, SUM = 13208708, bChange = 0.0138078, totNum = 409
ROUND = 486, SUM = 13208707.9999999, bChange = 0.013808, totNum = 407
ROUND = 487, SUM = 13208708, bChange = 0.0138082, totNum = 406
ROUND = 488, SUM = 13208708, bChange = 0.0138084, totNum = 404
ROUND = 489, SUM = 13208708, bChange = 0.0138086, totNum = 402
ROUND = 490, SUM = 13208707.9999999, bChange = 0.0138088, totNum = 400
ROUND = 491, SUM = 13208708, bChange = 0.013809, totNum = 398
ROUND = 492, SUM = 13208708, bChange = 0.0138092, totNum = 398
ROUND = 493, SUM = 13208708, bChange = 0.0138094, totNum = 397
ROUND = 494, SUM = 13208707.9999999, bChange = 0.0138096, totNum = 397
ROUND = 495, SUM = 13208708, bChange = 0.0138098, totNum = 394
ROUND = 496, SUM = 13208707.9999999, bChange = 0.01381, totNum = 392
ROUND = 497, SUM = 13208708, bChange = 0.0138102, totNum = 392
ROUND = 498, SUM = 13208707.9999999, bChange = 0.0138103, totNum = 392
ROUND = 499, SUM = 13208708, bChange = 0.0138105, totNum = 390
ROUND = 500, SUM = 13208707.9999999, bChange = 0.0138107, totNum = 387
ROUND = 501, SUM = 13208707.9999999, bChange = 0.0138109, totNum = 386
ROUND = 502, SUM = 13208707.9999999, bChange = 0.013811, totNum = 385
ROUND = 503, SUM = 13208707.9999999, bChange = 0.0138112, totNum = 383
ROUND = 504, SUM = 13208707.9999999, bChange = 0.0138114, totNum = 382
ROUND = 505, SUM = 13208707.9999999, bChange = 0.0138115, totNum = 380
ROUND = 506, SUM = 13208707.9999999, bChange = 0.0138117, totNum = 380
ROUND = 507, SUM = 13208707.9999999, bChange = 0.0138118, totNum = 377
ROUND = 508, SUM = 13208708, bChange = 0.013812, totNum = 376
ROUND = 509, SUM = 13208708, bChange = 0.0138122, totNum = 375
ROUND = 510, SUM = 13208708, bChange = 0.0138123, totNum = 376
ROUND = 511, SUM = 13208708, bChange = 0.0138125, totNum = 375
ROUND = 512, SUM = 13208707.9999999, bChange = 0.0138126, totNum = 373
ROUND = 513, SUM = 13208708, bChange = 0.0138128, totNum = 373
ROUND = 514, SUM = 13208708, bChange = 0.0138129, totNum = 372
ROUND = 515, SUM = 13208707.9999999, bChange = 0.013813, totNum = 372
ROUND = 516, SUM = 13208707.9999999, bChange = 0.0138132, totNum = 369
ROUND = 517, SUM = 13208707.9999999, bChange = 0.0138133, totNum = 369
ROUND = 518, SUM = 13208708, bChange = 0.0138135, totNum = 367
ROUND = 519, SUM = 13208707.9999999, bChange = 0.0138136, totNum = 366
ROUND = 520, SUM = 13208707.9999999, bChange = 0.0138137, totNum = 365
ROUND = 521, SUM = 13208707.9999999, bChange = 0.0131019, totNum = 363
ROUND = 522, SUM = 13208707.9999999, bChange = 0.0131021, totNum = 363
ROUND = 523, SUM = 13208707.9999999, bChange = 0.0131023, totNum = 362
ROUND = 524, SUM = 13208708, bChange = 0.0131025, totNum = 360
ROUND = 525, SUM = 13208708, bChange = 0.0131026, totNum = 359
ROUND = 526, SUM = 13208708, bChange = 0.0131028, totNum = 357
ROUND = 527, SUM = 13208708, bChange = 0.013103, totNum = 355
ROUND = 528, SUM = 13208708, bChange = 0.0131031, totNum = 354
ROUND = 529, SUM = 13208708, bChange = 0.0131033, totNum = 352
ROUND = 530, SUM = 13208708, bChange = 0.0131035, totNum = 349
ROUND = 531, SUM = 13208708, bChange = 0.0131036, totNum = 348
ROUND = 532, SUM = 13208708, bChange = 0.0131038, totNum = 347
ROUND = 533, SUM = 13208708, bChange = 0.013104, totNum = 346
ROUND = 534, SUM = 13208707.9999999, bChange = 0.0131041, totNum = 344
ROUND = 535, SUM = 13208708, bChange = 0.0131043, totNum = 345
ROUND = 536, SUM = 13208708, bChange = 0.0131044, totNum = 342
ROUND = 537, SUM = 13208708, bChange = 0.0131046, totNum = 341
ROUND = 538, SUM = 13208707.9999999, bChange = 0.0131047, totNum = 340
ROUND = 539, SUM = 13208708, bChange = 0.0131049, totNum = 340
ROUND = 540, SUM = 13208708, bChange = 0.013105, totNum = 340
ROUND = 541, SUM = 13208707.9999999, bChange = 0.0131052, totNum = 339
ROUND = 542, SUM = 13208707.9999999, bChange = 0.0131053, totNum = 339
ROUND = 543, SUM = 13208708, bChange = 0.0131054, totNum = 336
ROUND = 544, SUM = 13208707.9999999, bChange = 0.0131056, totNum = 335
ROUND = 545, SUM = 13208707.9999999, bChange = 0.0131057, totNum = 335
ROUND = 546, SUM = 13208708, bChange = 0.0131058, totNum = 335
ROUND = 547, SUM = 13208708, bChange = 0.013106, totNum = 332
ROUND = 548, SUM = 13208708, bChange = 0.0131061, totNum = 330
ROUND = 549, SUM = 13208707.9999999, bChange = 0.0131062, totNum = 329
ROUND = 550, SUM = 13208708, bChange = 0.0131064, totNum = 329
ROUND = 551, SUM = 13208707.9999999, bChange = 0.0131065, totNum = 328
ROUND = 552, SUM = 13208707.9999999, bChange = 0.0131066, totNum = 327
ROUND = 553, SUM = 13208707.9999999, bChange = 0.0131067, totNum = 326
ROUND = 554, SUM = 13208708, bChange = 0.0131069, totNum = 324
ROUND = 555, SUM = 13208707.9999999, bChange = 0.013107, totNum = 322
ROUND = 556, SUM = 13208707.9999999, bChange = 0.0131071, totNum = 322
ROUND = 557, SUM = 13208707.9999999, bChange = 0.0131072, totNum = 321
ROUND = 558, SUM = 13208707.9999999, bChange = 0.0131073, totNum = 321
ROUND = 559, SUM = 13208707.9999999, bChange = 0.0131074, totNum = 321
ROUND = 560, SUM = 13208707.9999999, bChange = 0.0131075, totNum = 320
ROUND = 561, SUM = 13208708, bChange = 0.0131077, totNum = 319
ROUND = 562, SUM = 13208707.9999999, bChange = 0.0131078, totNum = 318
ROUND = 563, SUM = 13208707.9999999, bChange = 0.0131079, totNum = 318
ROUND = 564, SUM = 13208708, bChange = 0.013108, totNum = 315
ROUND = 565, SUM = 13208708, bChange = 0.0131081, totNum = 313
ROUND = 566, SUM = 13208708, bChange = 0.0131082, totNum = 313
ROUND = 567, SUM = 13208708, bChange = 0.0131083, totNum = 312
ROUND = 568, SUM = 13208708, bChange = 0.0131084, totNum = 312
ROUND = 569, SUM = 13208708, bChange = 0.0131085, totNum = 310
ROUND = 570, SUM = 13208708, bChange = 0.0131086, totNum = 310
ROUND = 571, SUM = 13208708, bChange = 0.0131087, totNum = 307
ROUND = 572, SUM = 13208708, bChange = 0.0131088, totNum = 307
ROUND = 573, SUM = 13208707.9999999, bChange = 0.0131089, totNum = 307
ROUND = 574, SUM = 13208708, bChange = 0.013109, totNum = 307
ROUND = 575, SUM = 13208708, bChange = 0.013109, totNum = 306
ROUND = 576, SUM = 13208708, bChange = 0.0131091, totNum = 306
ROUND = 577, SUM = 13208708, bChange = 0.0131092, totNum = 306
ROUND = 578, SUM = 13208708, bChange = 0.0131093, totNum = 305
ROUND = 579, SUM = 13208708, bChange = 0.0131094, totNum = 305
ROUND = 580, SUM = 13208708, bChange = 0.0131095, totNum = 305
ROUND = 581, SUM = 13208708, bChange = 0.0131096, totNum = 305
ROUND = 582, SUM = 13208707.9999999, bChange = 0.0131097, totNum = 305
ROUND = 583, SUM = 13208707.9999999, bChange = 0.0131097, totNum = 303
ROUND = 584, SUM = 13208708, bChange = 0.0131098, totNum = 303
ROUND = 585, SUM = 13208708, bChange = 0.0131099, totNum = 303
ROUND = 586, SUM = 13208708, bChange = 0.01311, totNum = 302
ROUND = 587, SUM = 13208708, bChange = 0.0131101, totNum = 301
ROUND = 588, SUM = 13208708, bChange = 0.0131101, totNum = 300
ROUND = 589, SUM = 13208708, bChange = 0.0131102, totNum = 300
ROUND = 590, SUM = 13208708, bChange = 0.0131103, totNum = 300
ROUND = 591, SUM = 13208707.9999999, bChange = 0.0131104, totNum = 300
ROUND = 592, SUM = 13208708, bChange = 0.0131104, totNum = 299
ROUND = 593, SUM = 13208708, bChange = 0.0131105, totNum = 299
ROUND = 594, SUM = 13208707.9999999, bChange = 0.0131106, totNum = 299
ROUND = 595, SUM = 13208707.9999999, bChange = 0.0131106, totNum = 299
ROUND = 596, SUM = 13208708, bChange = 0.0131107, totNum = 299
ROUND = 597, SUM = 13208708, bChange = 0.0131108, totNum = 299
ROUND = 598, SUM = 13208708, bChange = 0.0131108, totNum = 298
ROUND = 599, SUM = 13208708, bChange = 0.0131109, totNum = 297
ROUND = 600, SUM = 13208708, bChange = 0.013111, totNum = 295
ROUND = 601, SUM = 13208708, bChange = 0.013111, totNum = 295
ROUND = 602, SUM = 13208708, bChange = 0.0131111, totNum = 295
ROUND = 603, SUM = 13208708, bChange = 0.0131112, totNum = 295
ROUND = 604, SUM = 13208708, bChange = 0.0131112, totNum = 294
ROUND = 605, SUM = 13208707.9999999, bChange = 0.0131113, totNum = 294
ROUND = 606, SUM = 13208708, bChange = 0.0131113, totNum = 293
ROUND = 607, SUM = 13208708, bChange = 0.0131114, totNum = 293
ROUND = 608, SUM = 13208707.9999999, bChange = 0.0131115, totNum = 293
ROUND = 609, SUM = 13208707.9999999, bChange = 0.0131115, totNum = 293
ROUND = 610, SUM = 13208708, bChange = 0.0131116, totNum = 293
ROUND = 611, SUM = 13208708, bChange = 0.0131116, totNum = 293
ROUND = 612, SUM = 13208707.9999999, bChange = 0.0131117, totNum = 292
ROUND = 613, SUM = 13208708, bChange = 0.0131118, totNum = 291
ROUND = 614, SUM = 13208708, bChange = 0.0131118, totNum = 290
ROUND = 615, SUM = 13208707.9999999, bChange = 0.0131119, totNum = 289
ROUND = 616, SUM = 13208707.9999999, bChange = 0.0131119, totNum = 289
ROUND = 617, SUM = 13208708, bChange = 0.013112, totNum = 288
ROUND = 618, SUM = 13208708, bChange = 0.013112, totNum = 287
ROUND = 619, SUM = 13208708, bChange = 0.0131121, totNum = 287
ROUND = 620, SUM = 13208708, bChange = 0.0131121, totNum = 287
ROUND = 621, SUM = 13208708, bChange = 0.0131122, totNum = 286
ROUND = 622, SUM = 13208708, bChange = 0.0131122, totNum = 286
ROUND = 623, SUM = 13208708, bChange = 0.0131123, totNum = 286
ROUND = 624, SUM = 13208708, bChange = 0.0131123, totNum = 284
ROUND = 625, SUM = 13208707.9999999, bChange = 0.0131124, totNum = 284
ROUND = 626, SUM = 13208707.9999999, bChange = 0.0131124, totNum = 283
ROUND = 627, SUM = 13208708, bChange = 0.0131125, totNum = 283
ROUND = 628, SUM = 13208707.9999999, bChange = 0.0131125, totNum = 282
ROUND = 629, SUM = 13208708, bChange = 0.0131125, totNum = 282
ROUND = 630, SUM = 13208708, bChange = 0.0131126, totNum = 281
ROUND = 631, SUM = 13208707.9999999, bChange = 0.0131126, totNum = 279
ROUND = 632, SUM = 13208708, bChange = 0.0131127, totNum = 278
ROUND = 633, SUM = 13208707.9999999, bChange = 0.0131127, totNum = 278
ROUND = 634, SUM = 13208708, bChange = 0.0131128, totNum = 277
ROUND = 635, SUM = 13208708, bChange = 0.0131128, totNum = 276
ROUND = 636, SUM = 13208708, bChange = 0.0131128, totNum = 275
ROUND = 637, SUM = 13208708, bChange = 0.0131129, totNum = 274
ROUND = 638, SUM = 13208708, bChange = 0.0131129, totNum = 274
ROUND = 639, SUM = 13208708, bChange = 0.013113, totNum = 272
ROUND = 640, SUM = 13208707.9999999, bChange = 0.013113, totNum = 273
ROUND = 641, SUM = 13208708, bChange = 0.013113, totNum = 273
ROUND = 642, SUM = 13208708, bChange = 0.0131131, totNum = 273
ROUND = 643, SUM = 13208708, bChange = 0.0131131, totNum = 271
ROUND = 644, SUM = 13208708, bChange = 0.0131131, totNum = 271
ROUND = 645, SUM = 13208708, bChange = 0.0131132, totNum = 271
ROUND = 646, SUM = 13208708, bChange = 0.0131132, totNum = 270
ROUND = 647, SUM = 13208708, bChange = 0.0131133, totNum = 269
ROUND = 648, SUM = 13208708, bChange = 0.0131133, totNum = 269
ROUND = 649, SUM = 13208708, bChange = 0.0131133, totNum = 269
ROUND = 650, SUM = 13208708, bChange = 0.0131134, totNum = 268
ROUND = 651, SUM = 13208708, bChange = 0.0131134, totNum = 267
ROUND = 652, SUM = 13208708, bChange = 0.0131134, totNum = 266
ROUND = 653, SUM = 13208708, bChange = 0.0131135, totNum = 266
ROUND = 654, SUM = 13208708, bChange = 0.0131135, totNum = 265
ROUND = 655, SUM = 13208708, bChange = 0.0131135, totNum = 265
ROUND = 656, SUM = 13208708, bChange = 0.0131136, totNum = 265
ROUND = 657, SUM = 13208708, bChange = 0.0131136, totNum = 265
ROUND = 658, SUM = 13208708, bChange = 0.0131136, totNum = 264
ROUND = 659, SUM = 13208708, bChange = 0.0131136, totNum = 264
ROUND = 660, SUM = 13208708, bChange = 0.0131137, totNum = 263
ROUND = 661, SUM = 13208707.9999999, bChange = 0.0131137, totNum = 263
ROUND = 662, SUM = 13208707.9999999, bChange = 0.0131137, totNum = 262
ROUND = 663, SUM = 13208707.9999999, bChange = 0.0131138, totNum = 261
ROUND = 664, SUM = 13208708, bChange = 0.0131138, totNum = 260
ROUND = 665, SUM = 13208708, bChange = 0.0131138, totNum = 260
ROUND = 666, SUM = 13208708, bChange = 0.0131138, totNum = 260
ROUND = 667, SUM = 13208708, bChange = 0.0131139, totNum = 259
ROUND = 668, SUM = 13208708, bChange = 0.0131139, totNum = 258
ROUND = 669, SUM = 13208708, bChange = 0.0131139, totNum = 258
ROUND = 670, SUM = 13208707.9999999, bChange = 0.013114, totNum = 258
ROUND = 671, SUM = 13208708, bChange = 0.013114, totNum = 256
ROUND = 672, SUM = 13208707.9999999, bChange = 0.013114, totNum = 256
ROUND = 673, SUM = 13208708, bChange = 0.013114, totNum = 255
ROUND = 674, SUM = 13208707.9999999, bChange = 0.0131141, totNum = 255
ROUND = 675, SUM = 13208708, bChange = 0.0131141, totNum = 252
ROUND = 676, SUM = 13208708, bChange = 0.0131141, totNum = 251
ROUND = 677, SUM = 13208708, bChange = 0.0131141, totNum = 251
ROUND = 678, SUM = 13208708, bChange = 0.0131141, totNum = 251
ROUND = 679, SUM = 13208708, bChange = 0.0131142, totNum = 250
ROUND = 680, SUM = 13208708, bChange = 0.0131142, totNum = 249
ROUND = 681, SUM = 13208708, bChange = 0.0131142, totNum = 249
ROUND = 682, SUM = 13208708, bChange = 0.0131142, totNum = 249
ROUND = 683, SUM = 13208707.9999999, bChange = 0.0131143, totNum = 248
ROUND = 684, SUM = 13208708, bChange = 0.0131143, totNum = 249
ROUND = 685, SUM = 13208708, bChange = 0.0131143, totNum = 249
ROUND = 686, SUM = 13208708, bChange = 0.0131143, totNum = 249
ROUND = 687, SUM = 13208708, bChange = 0.0131143, totNum = 246
ROUND = 688, SUM = 13208707.9999999, bChange = 0.0131144, totNum = 246
ROUND = 689, SUM = 13208708, bChange = 0.0131144, totNum = 246
ROUND = 690, SUM = 13208708, bChange = 0.0131144, totNum = 246
ROUND = 691, SUM = 13208707.9999999, bChange = 0.0131144, totNum = 246
ROUND = 692, SUM = 13208708, bChange = 0.0131144, totNum = 245
ROUND = 693, SUM = 13208708, bChange = 0.0131145, totNum = 245
ROUND = 694, SUM = 13208708, bChange = 0.0131145, totNum = 245
ROUND = 695, SUM = 13208708, bChange = 0.0131145, totNum = 245
ROUND = 696, SUM = 13208707.9999999, bChange = 0.0131145, totNum = 241
ROUND = 697, SUM = 13208708, bChange = 0.0131145, totNum = 240
ROUND = 698, SUM = 13208708, bChange = 0.0131146, totNum = 240
ROUND = 699, SUM = 13208708, bChange = 0.0131146, totNum = 240
ROUND = 700, SUM = 13208708, bChange = 0.0131146, totNum = 240
ROUND = 701, SUM = 13208708, bChange = 0.0131146, totNum = 239
ROUND = 702, SUM = 13208708, bChange = 0.0131146, totNum = 239
ROUND = 703, SUM = 13208708, bChange = 0.0131146, totNum = 239
ROUND = 704, SUM = 13208708, bChange = 0.0131147, totNum = 238
ROUND = 705, SUM = 13208708, bChange = 0.0131147, totNum = 236
ROUND = 706, SUM = 13208707.9999999, bChange = 0.0131147, totNum = 235
ROUND = 707, SUM = 13208707.9999999, bChange = 0.0131147, totNum = 233
ROUND = 708, SUM = 13208708, bChange = 0.0131147, totNum = 230
ROUND = 709, SUM = 13208708, bChange = 0.0131147, totNum = 229
ROUND = 710, SUM = 13208708, bChange = 0.0131148, totNum = 228
ROUND = 711, SUM = 13208708, bChange = 0.0131148, totNum = 227
ROUND = 712, SUM = 13208708, bChange = 0.0131148, totNum = 227
ROUND = 713, SUM = 13208708, bChange = 0.0131148, totNum = 227
ROUND = 714, SUM = 13208707.9999999, bChange = 0.0131148, totNum = 227
ROUND = 715, SUM = 13208708, bChange = 0.0131148, totNum = 227
ROUND = 716, SUM = 13208708, bChange = 0.0131148, totNum = 227
ROUND = 717, SUM = 13208708, bChange = 0.0131149, totNum = 227
ROUND = 718, SUM = 13208707.9999999, bChange = 0.0131149, totNum = 227
ROUND = 719, SUM = 13208707.9999999, bChange = 0.0131149, totNum = 226
ROUND = 720, SUM = 13208707.9999999, bChange = 0.0131149, totNum = 225
ROUND = 721, SUM = 13208707.9999999, bChange = 0.0131149, totNum = 223
ROUND = 722, SUM = 13208708, bChange = 0.0131149, totNum = 223
ROUND = 723, SUM = 13208707.9999999, bChange = 0.0131149, totNum = 221
ROUND = 724, SUM = 13208708, bChange = 0.0131149, totNum = 220
ROUND = 725, SUM = 13208708, bChange = 0.013115, totNum = 219
ROUND = 726, SUM = 13208708, bChange = 0.013115, totNum = 218
ROUND = 727, SUM = 13208708, bChange = 0.013115, totNum = 218
ROUND = 728, SUM = 13208707.9999999, bChange = 0.013115, totNum = 217
ROUND = 729, SUM = 13208708, bChange = 0.013115, totNum = 217
ROUND = 730, SUM = 13208707.9999999, bChange = 0.013115, totNum = 216
ROUND = 731, SUM = 13208708, bChange = 0.013115, totNum = 215
ROUND = 732, SUM = 13208708, bChange = 0.013115, totNum = 215
ROUND = 733, SUM = 13208708, bChange = 0.0131151, totNum = 215
ROUND = 734, SUM = 13208708, bChange = 0.0131151, totNum = 214
ROUND = 735, SUM = 13208708, bChange = 0.0131151, totNum = 214
ROUND = 736, SUM = 13208708, bChange = 0.0131151, totNum = 214
ROUND = 737, SUM = 13208707.9999999, bChange = 0.0131151, totNum = 214
ROUND = 738, SUM = 13208708, bChange = 0.0131151, totNum = 214
ROUND = 739, SUM = 13208708, bChange = 0.0131151, totNum = 214
ROUND = 740, SUM = 13208707.9999999, bChange = 0.0131151, totNum = 213
ROUND = 741, SUM = 13208708, bChange = 0.0131151, totNum = 213
ROUND = 742, SUM = 13208708, bChange = 0.0131152, totNum = 213
ROUND = 743, SUM = 13208708, bChange = 0.0131152, totNum = 213
ROUND = 744, SUM = 13208708, bChange = 0.0131152, totNum = 213
ROUND = 745, SUM = 13208707.9999999, bChange = 0.0131152, totNum = 212
ROUND = 746, SUM = 13208708, bChange = 0.0131152, totNum = 212
ROUND = 747, SUM = 13208708, bChange = 0.0131152, totNum = 211
ROUND = 748, SUM = 13208708, bChange = 0.0131152, totNum = 211
ROUND = 749, SUM = 13208708, bChange = 0.0131152, totNum = 211
ROUND = 750, SUM = 13208708, bChange = 0.0131152, totNum = 211
ROUND = 751, SUM = 13208708, bChange = 0.0131152, totNum = 211
ROUND = 752, SUM = 13208708, bChange = 0.0131152, totNum = 210
ROUND = 753, SUM = 13208708, bChange = 0.0131153, totNum = 210
ROUND = 754, SUM = 13208708, bChange = 0.0131153, totNum = 210
ROUND = 755, SUM = 13208708, bChange = 0.0131153, totNum = 210
ROUND = 756, SUM = 13208708, bChange = 0.0131153, totNum = 209
ROUND = 757, SUM = 13208708, bChange = 0.00789958, totNum = 208
ROUND = 758, SUM = 13208708, bChange = 0.00789971, totNum = 205
ROUND = 759, SUM = 13208708, bChange = 0.00789985, totNum = 205
ROUND = 760, SUM = 13208708, bChange = 0.00789998, totNum = 204
ROUND = 761, SUM = 13208708, bChange = 0.00790011, totNum = 203
ROUND = 762, SUM = 13208707.9999999, bChange = 0.00790023, totNum = 202
ROUND = 763, SUM = 13208708, bChange = 0.00790036, totNum = 202
ROUND = 764, SUM = 13208708, bChange = 0.00790049, totNum = 202
ROUND = 765, SUM = 13208707.9999999, bChange = 0.00790061, totNum = 201
ROUND = 766, SUM = 13208708, bChange = 0.00790074, totNum = 201
ROUND = 767, SUM = 13208708, bChange = 0.00790086, totNum = 201
ROUND = 768, SUM = 13208708, bChange = 0.00790098, totNum = 201
ROUND = 769, SUM = 13208708, bChange = 0.0079011, totNum = 201
ROUND = 770, SUM = 13208708, bChange = 0.00790122, totNum = 200
ROUND = 771, SUM = 13208708, bChange = 0.00790134, totNum = 199
ROUND = 772, SUM = 13208708, bChange = 0.00790146, totNum = 199
ROUND = 773, SUM = 13208708, bChange = 0.00790158, totNum = 198
ROUND = 774, SUM = 13208708, bChange = 0.0079017, totNum = 197
ROUND = 775, SUM = 13208708, bChange = 0.00790181, totNum = 197
ROUND = 776, SUM = 13208708, bChange = 0.00790193, totNum = 197
ROUND = 777, SUM = 13208708, bChange = 0.00790204, totNum = 197
ROUND = 778, SUM = 13208708, bChange = 0.00790215, totNum = 197
ROUND = 779, SUM = 13208708, bChange = 0.00790227, totNum = 197
ROUND = 780, SUM = 13208708, bChange = 0.0077611, totNum = 196
ROUND = 781, SUM = 13208708, bChange = 0.0077611, totNum = 196
ROUND = 782, SUM = 13208708, bChange = 0.0077611, totNum = 196
ROUND = 783, SUM = 13208708, bChange = 0.00776109, totNum = 196
ROUND = 784, SUM = 13208708, bChange = 0.00776109, totNum = 195
ROUND = 785, SUM = 13208708, bChange = 0.00776109, totNum = 195
ROUND = 786, SUM = 13208708, bChange = 0.00776109, totNum = 195
ROUND = 787, SUM = 13208708, bChange = 0.00776108, totNum = 195
ROUND = 788, SUM = 13208708, bChange = 0.00776108, totNum = 194
ROUND = 789, SUM = 13208708, bChange = 0.00776108, totNum = 193
ROUND = 790, SUM = 13208707.9999999, bChange = 0.00776108, totNum = 193
ROUND = 791, SUM = 13208708, bChange = 0.00776107, totNum = 192
ROUND = 792, SUM = 13208708, bChange = 0.00776107, totNum = 192
ROUND = 793, SUM = 13208708, bChange = 0.00776107, totNum = 192
ROUND = 794, SUM = 13208708, bChange = 0.00776107, totNum = 191
ROUND = 795, SUM = 13208707.9999999, bChange = 0.00776107, totNum = 191
ROUND = 796, SUM = 13208708, bChange = 0.00776106, totNum = 191
ROUND = 797, SUM = 13208708, bChange = 0.00776106, totNum = 190
ROUND = 798, SUM = 13208708, bChange = 0.00776106, totNum = 190
ROUND = 799, SUM = 13208708, bChange = 0.00776106, totNum = 190
ROUND = 800, SUM = 13208708, bChange = 0.00776105, totNum = 190
ROUND = 801, SUM = 13208708, bChange = 0.00776105, totNum = 190
ROUND = 802, SUM = 13208708, bChange = 0.00776105, totNum = 190
ROUND = 803, SUM = 13208707.9999999, bChange = 0.00776105, totNum = 190
ROUND = 804, SUM = 13208707.9999999, bChange = 0.00776104, totNum = 190
ROUND = 805, SUM = 13208707.9999999, bChange = 0.00776104, totNum = 190
ROUND = 806, SUM = 13208708, bChange = 0.00776104, totNum = 190
ROUND = 807, SUM = 13208708, bChange = 0.00776104, totNum = 190
ROUND = 808, SUM = 13208708, bChange = 0.00776104, totNum = 190
ROUND = 809, SUM = 13208708, bChange = 0.00776103, totNum = 190
ROUND = 810, SUM = 13208708, bChange = 0.00776103, totNum = 190
ROUND = 811, SUM = 13208708, bChange = 0.00776103, totNum = 189
ROUND = 812, SUM = 13208708, bChange = 0.00776103, totNum = 189
ROUND = 813, SUM = 13208708, bChange = 0.00776103, totNum = 189
ROUND = 814, SUM = 13208708, bChange = 0.00776102, totNum = 188
ROUND = 815, SUM = 13208708, bChange = 0.00776102, totNum = 188
ROUND = 816, SUM = 13208708, bChange = 0.00776102, totNum = 188
ROUND = 817, SUM = 13208708, bChange = 0.00776102, totNum = 188
ROUND = 818, SUM = 13208708, bChange = 0.00776102, totNum = 187
ROUND = 819, SUM = 13208708, bChange = 0.00776101, totNum = 187
ROUND = 820, SUM = 13208708, bChange = 0.00776101, totNum = 187
ROUND = 821, SUM = 13208708, bChange = 0.00776101, totNum = 187
ROUND = 822, SUM = 13208708, bChange = 0.00776101, totNum = 187
ROUND = 823, SUM = 13208708, bChange = 0.00776101, totNum = 183
ROUND = 824, SUM = 13208708, bChange = 0.007761, totNum = 183
ROUND = 825, SUM = 13208708, bChange = 0.007761, totNum = 183
ROUND = 826, SUM = 13208708, bChange = 0.007761, totNum = 183
ROUND = 827, SUM = 13208708, bChange = 0.007761, totNum = 182
ROUND = 828, SUM = 13208708, bChange = 0.007761, totNum = 181
ROUND = 829, SUM = 13208708, bChange = 0.007761, totNum = 180
ROUND = 830, SUM = 13208708, bChange = 0.00776099, totNum = 180
ROUND = 831, SUM = 13208707.9999999, bChange = 0.00776099, totNum = 180
ROUND = 832, SUM = 13208708, bChange = 0.00776099, totNum = 180
ROUND = 833, SUM = 13208708, bChange = 0.00776099, totNum = 180
ROUND = 834, SUM = 13208708, bChange = 0.00776099, totNum = 180
ROUND = 835, SUM = 13208708, bChange = 0.00776099, totNum = 180
ROUND = 836, SUM = 13208708, bChange = 0.00776098, totNum = 179
ROUND = 837, SUM = 13208707.9999999, bChange = 0.00776098, totNum = 179
ROUND = 838, SUM = 13208708, bChange = 0.00776098, totNum = 179
ROUND = 839, SUM = 13208708, bChange = 0.00776098, totNum = 179
ROUND = 840, SUM = 13208708, bChange = 0.00776098, totNum = 179
ROUND = 841, SUM = 13208708, bChange = 0.00776098, totNum = 179
ROUND = 842, SUM = 13208708, bChange = 0.00776097, totNum = 177
ROUND = 843, SUM = 13208708, bChange = 0.00776097, totNum = 177
ROUND = 844, SUM = 13208708, bChange = 0.00776097, totNum = 177
ROUND = 845, SUM = 13208708, bChange = 0.00776097, totNum = 177
ROUND = 846, SUM = 13208708, bChange = 0.00776097, totNum = 176
ROUND = 847, SUM = 13208708, bChange = 0.00776097, totNum = 175
ROUND = 848, SUM = 13208708, bChange = 0.00776096, totNum = 175
ROUND = 849, SUM = 13208708, bChange = 0.00776096, totNum = 175
ROUND = 850, SUM = 13208708, bChange = 0.00776096, totNum = 175
ROUND = 851, SUM = 13208708, bChange = 0.00776096, totNum = 175
ROUND = 852, SUM = 13208708, bChange = 0.00776096, totNum = 174
ROUND = 853, SUM = 13208708, bChange = 0.00776096, totNum = 174
ROUND = 854, SUM = 13208708, bChange = 0.00776096, totNum = 174
ROUND = 855, SUM = 13208708, bChange = 0.00776095, totNum = 174
ROUND = 856, SUM = 13208708, bChange = 0.00776095, totNum = 174
ROUND = 857, SUM = 13208708, bChange = 0.00776095, totNum = 174
ROUND = 858, SUM = 13208707.9999999, bChange = 0.00776095, totNum = 174
ROUND = 859, SUM = 13208708, bChange = 0.00776095, totNum = 174
ROUND = 860, SUM = 13208708, bChange = 0.00776095, totNum = 174
ROUND = 861, SUM = 13208708, bChange = 0.00776095, totNum = 173
ROUND = 862, SUM = 13208708, bChange = 0.00776094, totNum = 172
ROUND = 863, SUM = 13208708, bChange = 0.00776094, totNum = 172
ROUND = 864, SUM = 13208708, bChange = 0.00776094, totNum = 172
ROUND = 865, SUM = 13208708, bChange = 0.00776094, totNum = 171
ROUND = 866, SUM = 13208708, bChange = 0.00776094, totNum = 171
ROUND = 867, SUM = 13208708, bChange = 0.00776094, totNum = 171
ROUND = 868, SUM = 13208708, bChange = 0.00776094, totNum = 171
ROUND = 869, SUM = 13208708, bChange = 0.00776093, totNum = 171
ROUND = 870, SUM = 13208708, bChange = 0.00776093, totNum = 171
ROUND = 871, SUM = 13208708, bChange = 0.00776093, totNum = 171
ROUND = 872, SUM = 13208708, bChange = 0.00776093, totNum = 171
ROUND = 873, SUM = 13208708, bChange = 0.00776093, totNum = 171
ROUND = 874, SUM = 13208708, bChange = 0.00776093, totNum = 171
ROUND = 875, SUM = 13208708, bChange = 0.00776093, totNum = 170
ROUND = 876, SUM = 13208708, bChange = 0.00776093, totNum = 170
ROUND = 877, SUM = 13208708, bChange = 0.00776092, totNum = 170
ROUND = 878, SUM = 13208708, bChange = 0.00776092, totNum = 170
ROUND = 879, SUM = 13208708, bChange = 0.00776092, totNum = 170
ROUND = 880, SUM = 13208708, bChange = 0.00776092, totNum = 170
ROUND = 881, SUM = 13208708, bChange = 0.00776092, totNum = 170
ROUND = 882, SUM = 13208708, bChange = 0.00776092, totNum = 170
ROUND = 883, SUM = 13208707.9999999, bChange = 0.00776092, totNum = 170
ROUND = 884, SUM = 13208708, bChange = 0.00776092, totNum = 170
ROUND = 885, SUM = 13208708, bChange = 0.00776091, totNum = 170
ROUND = 886, SUM = 13208708, bChange = 0.00776091, totNum = 169
ROUND = 887, SUM = 13208708, bChange = 0.00776091, totNum = 169
ROUND = 888, SUM = 13208708, bChange = 0.00776091, totNum = 169
ROUND = 889, SUM = 13208708, bChange = 0.00776091, totNum = 168
ROUND = 890, SUM = 13208708, bChange = 0.00776091, totNum = 167
ROUND = 891, SUM = 13208708, bChange = 0.00776091, totNum = 166
ROUND = 892, SUM = 13208708, bChange = 0.00776091, totNum = 166
ROUND = 893, SUM = 13208708, bChange = 0.00776091, totNum = 166
ROUND = 894, SUM = 13208708, bChange = 0.00736676, totNum = 165
ROUND = 895, SUM = 13208708, bChange = 0.00736676, totNum = 165
ROUND = 896, SUM = 13208708, bChange = 0.00736676, totNum = 164
ROUND = 897, SUM = 13208708, bChange = 0.00736676, totNum = 164
ROUND = 898, SUM = 13208708, bChange = 0.00736676, totNum = 164
ROUND = 899, SUM = 13208708, bChange = 0.00736676, totNum = 164
ROUND = 900, SUM = 13208708, bChange = 0.00736676, totNum = 162
ROUND = 901, SUM = 13208708, bChange = 0.00736676, totNum = 161
ROUND = 902, SUM = 13208708, bChange = 0.00736676, totNum = 161
ROUND = 903, SUM = 13208708, bChange = 0.00736676, totNum = 160
ROUND = 904, SUM = 13208708, bChange = 0.00736676, totNum = 159
ROUND = 905, SUM = 13208708, bChange = 0.00736676, totNum = 158
ROUND = 906, SUM = 13208707.9999999, bChange = 0.00736676, totNum = 158
ROUND = 907, SUM = 13208708, bChange = 0.00736676, totNum = 158
ROUND = 908, SUM = 13208708, bChange = 0.00736676, totNum = 158
ROUND = 909, SUM = 13208708, bChange = 0.00736676, totNum = 158
ROUND = 910, SUM = 13208708, bChange = 0.00736676, totNum = 157
ROUND = 911, SUM = 13208708, bChange = 0.00736676, totNum = 156
ROUND = 912, SUM = 13208708, bChange = 0.00736676, totNum = 155
ROUND = 913, SUM = 13208708, bChange = 0.00736675, totNum = 154
ROUND = 914, SUM = 13208708, bChange = 0.00736675, totNum = 154
ROUND = 915, SUM = 13208708, bChange = 0.00736675, totNum = 154
ROUND = 916, SUM = 13208708, bChange = 0.00736675, totNum = 153
ROUND = 917, SUM = 13208708, bChange = 0.00736675, totNum = 153
ROUND = 918, SUM = 13208708, bChange = 0.00736675, totNum = 153
ROUND = 919, SUM = 13208708, bChange = 0.00736675, totNum = 153
ROUND = 920, SUM = 13208708, bChange = 0.00736675, totNum = 153
ROUND = 921, SUM = 13208708, bChange = 0.00736675, totNum = 152
ROUND = 922, SUM = 13208707.9999999, bChange = 0.00736675, totNum = 152
ROUND = 923, SUM = 13208708, bChange = 0.00736675, totNum = 151
ROUND = 924, SUM = 13208708, bChange = 0.00736675, totNum = 151
ROUND = 925, SUM = 13208708, bChange = 0.00736675, totNum = 151
ROUND = 926, SUM = 13208708, bChange = 0.00736675, totNum = 151
ROUND = 927, SUM = 13208708, bChange = 0.00736675, totNum = 151
ROUND = 928, SUM = 13208708, bChange = 0.00736675, totNum = 151
ROUND = 929, SUM = 13208708, bChange = 0.00736675, totNum = 151
ROUND = 930, SUM = 13208708, bChange = 0.00736675, totNum = 151
ROUND = 931, SUM = 13208708, bChange = 0.00736675, totNum = 151
ROUND = 932, SUM = 13208708, bChange = 0.00736675, totNum = 151
ROUND = 933, SUM = 13208708, bChange = 0.00736675, totNum = 151
ROUND = 934, SUM = 13208708, bChange = 0.00736675, totNum = 150
ROUND = 935, SUM = 13208708, bChange = 0.00736675, totNum = 150
ROUND = 936, SUM = 13208708, bChange = 0.00736675, totNum = 150
ROUND = 937, SUM = 13208708, bChange = 0.00736675, totNum = 150
ROUND = 938, SUM = 13208708, bChange = 0.00736675, totNum = 149
ROUND = 939, SUM = 13208708, bChange = 0.00736674, totNum = 149
ROUND = 940, SUM = 13208708, bChange = 0.00736674, totNum = 150
ROUND = 941, SUM = 13208708, bChange = 0.00736674, totNum = 149
ROUND = 942, SUM = 13208708, bChange = 0.00736674, totNum = 149
ROUND = 943, SUM = 13208708, bChange = 0.00736674, totNum = 149
ROUND = 944, SUM = 13208708, bChange = 0.00736674, totNum = 148
ROUND = 945, SUM = 13208707.9999999, bChange = 0.00736674, totNum = 148
ROUND = 946, SUM = 13208708, bChange = 0.00736674, totNum = 148
ROUND = 947, SUM = 13208708, bChange = 0.00736674, totNum = 148
ROUND = 948, SUM = 13208708, bChange = 0.00736674, totNum = 148
ROUND = 949, SUM = 13208708, bChange = 0.00736674, totNum = 148
ROUND = 950, SUM = 13208708, bChange = 0.00736674, totNum = 148
ROUND = 951, SUM = 13208708, bChange = 0.00736674, totNum = 148
ROUND = 952, SUM = 13208708, bChange = 0.00736674, totNum = 148
ROUND = 953, SUM = 13208708, bChange = 0.00736674, totNum = 148
ROUND = 954, SUM = 13208708, bChange = 0.00736674, totNum = 148
ROUND = 955, SUM = 13208708, bChange = 0.00736674, totNum = 148
ROUND = 956, SUM = 13208708, bChange = 0.00736674, totNum = 148
ROUND = 957, SUM = 13208707.9999999, bChange = 0.00736674, totNum = 148
ROUND = 958, SUM = 13208708, bChange = 0.00736674, totNum = 148
ROUND = 959, SUM = 13208708, bChange = 0.00736674, totNum = 148
ROUND = 960, SUM = 13208708, bChange = 0.00736674, totNum = 148
ROUND = 961, SUM = 13208708, bChange = 0.00736674, totNum = 148
ROUND = 962, SUM = 13208708, bChange = 0.00736674, totNum = 147
ROUND = 963, SUM = 13208708, bChange = 0.00736674, totNum = 147
ROUND = 964, SUM = 13208708, bChange = 0.00736674, totNum = 147
ROUND = 965, SUM = 13208708, bChange = 0.00736674, totNum = 147
ROUND = 966, SUM = 13208708, bChange = 0.00736674, totNum = 147
ROUND = 967, SUM = 13208707.9999999, bChange = 0.00736674, totNum = 147
ROUND = 968, SUM = 13208708, bChange = 0.00736674, totNum = 147
ROUND = 969, SUM = 13208708, bChange = 0.00736674, totNum = 147
ROUND = 970, SUM = 13208708, bChange = 0.00736673, totNum = 146
ROUND = 971, SUM = 13208708, bChange = 0.00736673, totNum = 146
ROUND = 972, SUM = 13208708, bChange = 0.00736673, totNum = 146
ROUND = 973, SUM = 13208708, bChange = 0.00736673, totNum = 146
ROUND = 974, SUM = 13208708, bChange = 0.00736673, totNum = 146
ROUND = 975, SUM = 13208708, bChange = 0.00736673, totNum = 146
ROUND = 976, SUM = 13208708, bChange = 0.00736673, totNum = 145
ROUND = 977, SUM = 13208708, bChange = 0.00736673, totNum = 145
ROUND = 978, SUM = 13208708, bChange = 0.00736673, totNum = 144
ROUND = 979, SUM = 13208708, bChange = 0.00736673, totNum = 143
ROUND = 980, SUM = 13208708, bChange = 0.00736673, totNum = 144
ROUND = 981, SUM = 13208708, bChange = 0.00736673, totNum = 144
ROUND = 982, SUM = 13208708, bChange = 0.00736673, totNum = 144
ROUND = 983, SUM = 13208708, bChange = 0.00736673, totNum = 144
ROUND = 984, SUM = 13208708, bChange = 0.00736673, totNum = 144
ROUND = 985, SUM = 13208708, bChange = 0.00736673, totNum = 144
ROUND = 986, SUM = 13208708, bChange = 0.00736673, totNum = 144
ROUND = 987, SUM = 13208708, bChange = 0.00736673, totNum = 144
ROUND = 988, SUM = 13208708, bChange = 0.00736673, totNum = 144
ROUND = 989, SUM = 13208708, bChange = 0.00736673, totNum = 143
ROUND = 990, SUM = 13208708, bChange = 0.00736673, totNum = 143
ROUND = 991, SUM = 13208708, bChange = 0.00736673, totNum = 143
ROUND = 992, SUM = 13208708, bChange = 0.00736673, totNum = 143
ROUND = 993, SUM = 13208708, bChange = 0.00736673, totNum = 143
ROUND = 994, SUM = 13208708, bChange = 0.00736673, totNum = 143
ROUND = 995, SUM = 13208708, bChange = 0.00736673, totNum = 143
ROUND = 996, SUM = 13208708, bChange = 0.00736673, totNum = 143
ROUND = 997, SUM = 13208708, bChange = 0.00736673, totNum = 143
ROUND = 998, SUM = 13208708, bChange = 0.00736673, totNum = 143
ROUND = 999, SUM = 13208708, bChange = 0.00736673, totNum = 143
ROUND = 1000, SUM = 13208708, bChange = 0.00736673, totNum = 143
ROUND = 1001, SUM = 13208708, bChange = 0.00736673, totNum = 143
ROUND = 1002, SUM = 13208708, bChange = 0.00736673, totNum = 143
ROUND = 1003, SUM = 13208708, bChange = 0.00736673, totNum = 142
ROUND = 1004, SUM = 13208708, bChange = 0.00736673, totNum = 142
ROUND = 1005, SUM = 13208708, bChange = 0.00736673, totNum = 142
ROUND = 1006, SUM = 13208708, bChange = 0.00736673, totNum = 142
ROUND = 1007, SUM = 13208708, bChange = 0.00736673, totNum = 142
ROUND = 1008, SUM = 13208708, bChange = 0.00736673, totNum = 142
ROUND = 1009, SUM = 13208708, bChange = 0.00736673, totNum = 141
ROUND = 1010, SUM = 13208708, bChange = 0.00736672, totNum = 141
ROUND = 1011, SUM = 13208708, bChange = 0.00736672, totNum = 141
ROUND = 1012, SUM = 13208708, bChange = 0.00736672, totNum = 141
ROUND = 1013, SUM = 13208708, bChange = 0.00736672, totNum = 141
ROUND = 1014, SUM = 13208708, bChange = 0.00736672, totNum = 141
ROUND = 1015, SUM = 13208708, bChange = 0.00736672, totNum = 141
ROUND = 1016, SUM = 13208707.9999999, bChange = 0.00736672, totNum = 141
ROUND = 1017, SUM = 13208708, bChange = 0.00736672, totNum = 141
ROUND = 1018, SUM = 13208708, bChange = 0.00736672, totNum = 140
ROUND = 1019, SUM = 13208708, bChange = 0.00736672, totNum = 140
ROUND = 1020, SUM = 13208707.9999999, bChange = 0.00736672, totNum = 140
ROUND = 1021, SUM = 13208708, bChange = 0.00736672, totNum = 140
ROUND = 1022, SUM = 13208708, bChange = 0.00736672, totNum = 140
ROUND = 1023, SUM = 13208708, bChange = 0.00736672, totNum = 139
ROUND = 1024, SUM = 13208708, bChange = 0.00736672, totNum = 138
ROUND = 1025, SUM = 13208708, bChange = 0.00736672, totNum = 138
ROUND = 1026, SUM = 13208708, bChange = 0.00736672, totNum = 138
ROUND = 1027, SUM = 13208708, bChange = 0.00736672, totNum = 138
ROUND = 1028, SUM = 13208708, bChange = 0.00736672, totNum = 138
ROUND = 1029, SUM = 13208708, bChange = 0.00736672, totNum = 137
ROUND = 1030, SUM = 13208708, bChange = 0.00736672, totNum = 137
ROUND = 1031, SUM = 13208708, bChange = 0.00736672, totNum = 137
ROUND = 1032, SUM = 13208708, bChange = 0.00736672, totNum = 136
ROUND = 1033, SUM = 13208708, bChange = 0.00608163, totNum = 134
ROUND = 1034, SUM = 13208708, bChange = 0.00608162, totNum = 134
ROUND = 1035, SUM = 13208708, bChange = 0.0060816, totNum = 134
ROUND = 1036, SUM = 13208708, bChange = 0.00608159, totNum = 133
ROUND = 1037, SUM = 13208708, bChange = 0.00608158, totNum = 133
ROUND = 1038, SUM = 13208708, bChange = 0.00608157, totNum = 133
ROUND = 1039, SUM = 13208708, bChange = 0.00608155, totNum = 133
ROUND = 1040, SUM = 13208708, bChange = 0.00608154, totNum = 133
ROUND = 1041, SUM = 13208708, bChange = 0.00608153, totNum = 133
ROUND = 1042, SUM = 13208708, bChange = 0.00608152, totNum = 132
ROUND = 1043, SUM = 13208708, bChange = 0.00608151, totNum = 132
ROUND = 1044, SUM = 13208708, bChange = 0.0060815, totNum = 132
ROUND = 1045, SUM = 13208708, bChange = 0.00608148, totNum = 132
ROUND = 1046, SUM = 13208708, bChange = 0.00608147, totNum = 132
ROUND = 1047, SUM = 13208708, bChange = 0.00608146, totNum = 132
ROUND = 1048, SUM = 13208708, bChange = 0.00608145, totNum = 132
ROUND = 1049, SUM = 13208708, bChange = 0.00608144, totNum = 131
ROUND = 1050, SUM = 13208708, bChange = 0.00608143, totNum = 131
ROUND = 1051, SUM = 13208708, bChange = 0.00608142, totNum = 131
ROUND = 1052, SUM = 13208708, bChange = 0.00608141, totNum = 131
ROUND = 1053, SUM = 13208708, bChange = 0.00608139, totNum = 131
ROUND = 1054, SUM = 13208708, bChange = 0.00608138, totNum = 131
ROUND = 1055, SUM = 13208708, bChange = 0.00608137, totNum = 129
ROUND = 1056, SUM = 13208708, bChange = 0.00608136, totNum = 128
ROUND = 1057, SUM = 13208708, bChange = 0.00608135, totNum = 128
ROUND = 1058, SUM = 13208708, bChange = 0.00608134, totNum = 128
ROUND = 1059, SUM = 13208707.9999999, bChange = 0.00608133, totNum = 128
ROUND = 1060, SUM = 13208708, bChange = 0.00608132, totNum = 128
ROUND = 1061, SUM = 13208708, bChange = 0.00608131, totNum = 128
ROUND = 1062, SUM = 13208708, bChange = 0.0060813, totNum = 128
ROUND = 1063, SUM = 13208708, bChange = 0.00608129, totNum = 128
ROUND = 1064, SUM = 13208708, bChange = 0.00608128, totNum = 128
ROUND = 1065, SUM = 13208708, bChange = 0.00608127, totNum = 128
ROUND = 1066, SUM = 13208708, bChange = 0.00608126, totNum = 127
ROUND = 1067, SUM = 13208708, bChange = 0.00608125, totNum = 127
ROUND = 1068, SUM = 13208708, bChange = 0.00608124, totNum = 127
ROUND = 1069, SUM = 13208708, bChange = 0.00608123, totNum = 126
ROUND = 1070, SUM = 13208708, bChange = 0.00608122, totNum = 126
ROUND = 1071, SUM = 13208708, bChange = 0.00608121, totNum = 126
ROUND = 1072, SUM = 13208708, bChange = 0.0060812, totNum = 125
ROUND = 1073, SUM = 13208708, bChange = 0.00608119, totNum = 125
ROUND = 1074, SUM = 13208708, bChange = 0.00608118, totNum = 125
ROUND = 1075, SUM = 13208708, bChange = 0.00608117, totNum = 125
ROUND = 1076, SUM = 13208708, bChange = 0.00608116, totNum = 125
ROUND = 1077, SUM = 13208708, bChange = 0.00608115, totNum = 125
ROUND = 1078, SUM = 13208708, bChange = 0.00601704, totNum = 123
ROUND = 1079, SUM = 13208708, bChange = 0.00602064, totNum = 123
ROUND = 1080, SUM = 13208708, bChange = 0.00602423, totNum = 123
ROUND = 1081, SUM = 13208708, bChange = 0.00602782, totNum = 123
ROUND = 1082, SUM = 13208708, bChange = 0.0060314, totNum = 122
ROUND = 1083, SUM = 13208708, bChange = 0.00603498, totNum = 121
ROUND = 1084, SUM = 13208708, bChange = 0.00603855, totNum = 121
ROUND = 1085, SUM = 13208708, bChange = 0.00604212, totNum = 121
ROUND = 1086, SUM = 13208708, bChange = 0.00604569, totNum = 121
ROUND = 1087, SUM = 13208708, bChange = 0.00604925, totNum = 120
ROUND = 1088, SUM = 13208708, bChange = 0.0060528, totNum = 120
ROUND = 1089, SUM = 13208708, bChange = 0.00605635, totNum = 120
ROUND = 1090, SUM = 13208708, bChange = 0.0060599, totNum = 120
ROUND = 1091, SUM = 13208708, bChange = 0.00606344, totNum = 120
ROUND = 1092, SUM = 13208707.9999999, bChange = 0.00606697, totNum = 120
ROUND = 1093, SUM = 13208708, bChange = 0.0060705, totNum = 120
ROUND = 1094, SUM = 13208708, bChange = 0.00607403, totNum = 120
ROUND = 1095, SUM = 13208708, bChange = 0.00607755, totNum = 120
ROUND = 1096, SUM = 13208708, bChange = 0.00608107, totNum = 120
ROUND = 1097, SUM = 13208708, bChange = 0.00608458, totNum = 120
ROUND = 1098, SUM = 13208708, bChange = 0.00608809, totNum = 119
ROUND = 1099, SUM = 13208708, bChange = 0.00609159, totNum = 118
ROUND = 1100, SUM = 13208708, bChange = 0.00609508, totNum = 118
ROUND = 1101, SUM = 13208707.9999999, bChange = 0.00609858, totNum = 118
ROUND = 1102, SUM = 13208708, bChange = 0.00610206, totNum = 118
ROUND = 1103, SUM = 13208708, bChange = 0.00610555, totNum = 118
ROUND = 1104, SUM = 13208708, bChange = 0.00610902, totNum = 118
ROUND = 1105, SUM = 13208708, bChange = 0.0061125, totNum = 118
ROUND = 1106, SUM = 13208708, bChange = 0.00611596, totNum = 118
ROUND = 1107, SUM = 13208708, bChange = 0.00611943, totNum = 118
ROUND = 1108, SUM = 13208708, bChange = 0.00612288, totNum = 118
ROUND = 1109, SUM = 13208708, bChange = 0.00612634, totNum = 118
ROUND = 1110, SUM = 13208708, bChange = 0.00612979, totNum = 118
ROUND = 1111, SUM = 13208707.9999999, bChange = 0.00613323, totNum = 118
ROUND = 1112, SUM = 13208708, bChange = 0.00613667, totNum = 117
ROUND = 1113, SUM = 13208708, bChange = 0.0061401, totNum = 117
ROUND = 1114, SUM = 13208708, bChange = 0.00614353, totNum = 117
ROUND = 1115, SUM = 13208708, bChange = 0.00614695, totNum = 117
ROUND = 1116, SUM = 13208708, bChange = 0.00615037, totNum = 117
ROUND = 1117, SUM = 13208708, bChange = 0.00615379, totNum = 117
ROUND = 1118, SUM = 13208708, bChange = 0.00615719, totNum = 117
ROUND = 1119, SUM = 13208708, bChange = 0.0061606, totNum = 117
ROUND = 1120, SUM = 13208708, bChange = 0.006164, totNum = 117
ROUND = 1121, SUM = 13208708, bChange = 0.00616739, totNum = 117
ROUND = 1122, SUM = 13208708, bChange = 0.00617078, totNum = 117
ROUND = 1123, SUM = 13208708, bChange = 0.00617416, totNum = 117
ROUND = 1124, SUM = 13208708, bChange = 0.00617754, totNum = 117
ROUND = 1125, SUM = 13208708, bChange = 0.00618092, totNum = 117
ROUND = 1126, SUM = 13208707.9999999, bChange = 0.00618429, totNum = 116
ROUND = 1127, SUM = 13208708, bChange = 0.00618765, totNum = 115
ROUND = 1128, SUM = 13208708, bChange = 0.00619101, totNum = 115
ROUND = 1129, SUM = 13208708, bChange = 0.00619437, totNum = 115
ROUND = 1130, SUM = 13208708, bChange = 0.00619771, totNum = 114
ROUND = 1131, SUM = 13208708, bChange = 0.00620106, totNum = 114
ROUND = 1132, SUM = 13208708, bChange = 0.00510996, totNum = 113
ROUND = 1133, SUM = 13208708, bChange = 0.00511004, totNum = 113
ROUND = 1134, SUM = 13208708, bChange = 0.00511011, totNum = 113
ROUND = 1135, SUM = 13208708, bChange = 0.00511019, totNum = 113
ROUND = 1136, SUM = 13208708, bChange = 0.00511026, totNum = 113
ROUND = 1137, SUM = 13208708, bChange = 0.00511034, totNum = 113
ROUND = 1138, SUM = 13208708, bChange = 0.00511041, totNum = 113
ROUND = 1139, SUM = 13208708, bChange = 0.00511048, totNum = 113
ROUND = 1140, SUM = 13208708, bChange = 0.00511055, totNum = 113
ROUND = 1141, SUM = 13208708, bChange = 0.00511063, totNum = 112
ROUND = 1142, SUM = 13208708, bChange = 0.0051107, totNum = 111
ROUND = 1143, SUM = 13208708, bChange = 0.00511077, totNum = 111
ROUND = 1144, SUM = 13208708, bChange = 0.00511084, totNum = 111
ROUND = 1145, SUM = 13208708, bChange = 0.00511091, totNum = 111
ROUND = 1146, SUM = 13208708, bChange = 0.00511098, totNum = 109
ROUND = 1147, SUM = 13208708, bChange = 0.00511105, totNum = 109
ROUND = 1148, SUM = 13208708, bChange = 0.00511112, totNum = 109
ROUND = 1149, SUM = 13208708, bChange = 0.00511119, totNum = 109
ROUND = 1150, SUM = 13208708, bChange = 0.00511126, totNum = 109
ROUND = 1151, SUM = 13208708, bChange = 0.00511133, totNum = 109
ROUND = 1152, SUM = 13208708, bChange = 0.0051114, totNum = 108
ROUND = 1153, SUM = 13208708, bChange = 0.00511147, totNum = 108
ROUND = 1154, SUM = 13208708, bChange = 0.00511153, totNum = 107
ROUND = 1155, SUM = 13208708, bChange = 0.0051116, totNum = 107
ROUND = 1156, SUM = 13208708, bChange = 0.00511167, totNum = 107
ROUND = 1157, SUM = 13208708, bChange = 0.00511174, totNum = 107
ROUND = 1158, SUM = 13208708, bChange = 0.0051118, totNum = 107
ROUND = 1159, SUM = 13208708, bChange = 0.00511187, totNum = 107
ROUND = 1160, SUM = 13208708, bChange = 0.00511193, totNum = 106
ROUND = 1161, SUM = 13208708, bChange = 0.005112, totNum = 106
ROUND = 1162, SUM = 13208708, bChange = 0.00511206, totNum = 106
ROUND = 1163, SUM = 13208708, bChange = 0.00511213, totNum = 106
ROUND = 1164, SUM = 13208708, bChange = 0.00511219, totNum = 106
ROUND = 1165, SUM = 13208708, bChange = 0.00511226, totNum = 104
ROUND = 1166, SUM = 13208708, bChange = 0.00511232, totNum = 104
ROUND = 1167, SUM = 13208708, bChange = 0.00511238, totNum = 104
ROUND = 1168, SUM = 13208708, bChange = 0.00511245, totNum = 104
ROUND = 1169, SUM = 13208708, bChange = 0.00511251, totNum = 104
ROUND = 1170, SUM = 13208708, bChange = 0.00511257, totNum = 104
ROUND = 1171, SUM = 13208708, bChange = 0.00511263, totNum = 104
ROUND = 1172, SUM = 13208708, bChange = 0.00511269, totNum = 104
ROUND = 1173, SUM = 13208708, bChange = 0.00511276, totNum = 104
ROUND = 1174, SUM = 13208708, bChange = 0.00511282, totNum = 104
ROUND = 1175, SUM = 13208708, bChange = 0.00511288, totNum = 103
ROUND = 1176, SUM = 13208708, bChange = 0.00511294, totNum = 102
ROUND = 1177, SUM = 13208708, bChange = 0.005113, totNum = 102
ROUND = 1178, SUM = 13208708, bChange = 0.00511306, totNum = 102
ROUND = 1179, SUM = 13208708, bChange = 0.00511312, totNum = 101
ROUND = 1180, SUM = 13208708, bChange = 0.00511318, totNum = 101
ROUND = 1181, SUM = 13208708, bChange = 0.00511324, totNum = 101
ROUND = 1182, SUM = 13208708, bChange = 0.00511329, totNum = 101
ROUND = 1183, SUM = 13208708, bChange = 0.00511335, totNum = 101
ROUND = 1184, SUM = 13208708, bChange = 0.00511341, totNum = 101
ROUND = 1185, SUM = 13208708, bChange = 0.00511347, totNum = 101
ROUND = 1186, SUM = 13208708, bChange = 0.00511353, totNum = 101
ROUND = 1187, SUM = 13208708, bChange = 0.00511358, totNum = 100
ROUND = 1188, SUM = 13208708, bChange = 0.00511364, totNum = 100
ROUND = 1189, SUM = 13208708, bChange = 0.0051137, totNum = 100
ROUND = 1190, SUM = 13208708, bChange = 0.00511375, totNum = 100
ROUND = 1191, SUM = 13208708, bChange = 0.00511381, totNum = 99
ROUND = 1192, SUM = 13208708, bChange = 0.00511386, totNum = 99
ROUND = 1193, SUM = 13208708, bChange = 0.00511392, totNum = 99
ROUND = 1194, SUM = 13208708, bChange = 0.00511398, totNum = 99
ROUND = 1195, SUM = 13208708, bChange = 0.00511403, totNum = 99
ROUND = 1196, SUM = 13208708, bChange = 0.00511408, totNum = 99
ROUND = 1197, SUM = 13208708, bChange = 0.00511414, totNum = 99
ROUND = 1198, SUM = 13208708, bChange = 0.00511419, totNum = 99
ROUND = 1199, SUM = 13208708, bChange = 0.00511425, totNum = 99
ROUND = 1200, SUM = 13208708, bChange = 0.0051143, totNum = 99
ROUND = 1201, SUM = 13208708, bChange = 0.00511435, totNum = 99
ROUND = 1202, SUM = 13208708, bChange = 0.00511441, totNum = 99
ROUND = 1203, SUM = 13208708, bChange = 0.00511446, totNum = 98
ROUND = 1204, SUM = 13208708, bChange = 0.00511451, totNum = 98
ROUND = 1205, SUM = 13208708, bChange = 0.00511456, totNum = 98
ROUND = 1206, SUM = 13208708, bChange = 0.00511462, totNum = 98
ROUND = 1207, SUM = 13208707.9999999, bChange = 0.00511467, totNum = 98
ROUND = 1208, SUM = 13208707.9999999, bChange = 0.00511472, totNum = 97
ROUND = 1209, SUM = 13208707.9999999, bChange = 0.00511477, totNum = 97
ROUND = 1210, SUM = 13208708, bChange = 0.00511482, totNum = 95
ROUND = 1211, SUM = 13208708, bChange = 0.00511487, totNum = 95
ROUND = 1212, SUM = 13208708, bChange = 0.00511492, totNum = 95
ROUND = 1213, SUM = 13208708, bChange = 0.00511497, totNum = 94
ROUND = 1214, SUM = 13208708, bChange = 0.00511502, totNum = 94
ROUND = 1215, SUM = 13208708, bChange = 0.00511507, totNum = 94
ROUND = 1216, SUM = 13208708, bChange = 0.00511512, totNum = 94
ROUND = 1217, SUM = 13208708, bChange = 0.00511517, totNum = 93
ROUND = 1218, SUM = 13208708, bChange = 0.00511522, totNum = 92
ROUND = 1219, SUM = 13208708, bChange = 0.00511527, totNum = 92
ROUND = 1220, SUM = 13208708, bChange = 0.00511531, totNum = 92
ROUND = 1221, SUM = 13208708, bChange = 0.00511536, totNum = 92
ROUND = 1222, SUM = 13208708, bChange = 0.00511541, totNum = 92
ROUND = 1223, SUM = 13208708, bChange = 0.00511546, totNum = 92
ROUND = 1224, SUM = 13208708, bChange = 0.0051155, totNum = 92
ROUND = 1225, SUM = 13208708, bChange = 0.00511555, totNum = 92
ROUND = 1226, SUM = 13208708, bChange = 0.0051156, totNum = 92
ROUND = 1227, SUM = 13208708, bChange = 0.00511565, totNum = 92
ROUND = 1228, SUM = 13208708, bChange = 0.00511569, totNum = 91
ROUND = 1229, SUM = 13208708, bChange = 0.00511574, totNum = 91
ROUND = 1230, SUM = 13208708, bChange = 0.00511578, totNum = 91
ROUND = 1231, SUM = 13208708, bChange = 0.00511583, totNum = 91
ROUND = 1232, SUM = 13208708, bChange = 0.00511587, totNum = 91
ROUND = 1233, SUM = 13208708, bChange = 0.00511592, totNum = 91
ROUND = 1234, SUM = 13208708, bChange = 0.00511596, totNum = 91
ROUND = 1235, SUM = 13208708, bChange = 0.00511601, totNum = 91
ROUND = 1236, SUM = 13208707.9999999, bChange = 0.00511605, totNum = 90
ROUND = 1237, SUM = 13208708, bChange = 0.0051161, totNum = 90
ROUND = 1238, SUM = 13208708, bChange = 0.00511614, totNum = 90
ROUND = 1239, SUM = 13208708, bChange = 0.00511619, totNum = 90
ROUND = 1240, SUM = 13208708, bChange = 0.00511623, totNum = 90
ROUND = 1241, SUM = 13208708, bChange = 0.00511627, totNum = 90
ROUND = 1242, SUM = 13208708, bChange = 0.00511632, totNum = 90
ROUND = 1243, SUM = 13208708, bChange = 0.00511636, totNum = 90
ROUND = 1244, SUM = 13208708, bChange = 0.0051164, totNum = 90
ROUND = 1245, SUM = 13208708, bChange = 0.00511644, totNum = 90
ROUND = 1246, SUM = 13208708, bChange = 0.00511649, totNum = 90
ROUND = 1247, SUM = 13208708, bChange = 0.00511653, totNum = 90
ROUND = 1248, SUM = 13208708, bChange = 0.00511657, totNum = 90
ROUND = 1249, SUM = 13208708, bChange = 0.00511661, totNum = 90
ROUND = 1250, SUM = 13208708, bChange = 0.00511665, totNum = 90
ROUND = 1251, SUM = 13208708, bChange = 0.00511669, totNum = 89
ROUND = 1252, SUM = 13208708, bChange = 0.00511674, totNum = 89
ROUND = 1253, SUM = 13208708, bChange = 0.00511678, totNum = 89
ROUND = 1254, SUM = 13208708, bChange = 0.00511682, totNum = 88
ROUND = 1255, SUM = 13208708, bChange = 0.00511686, totNum = 88
ROUND = 1256, SUM = 13208708, bChange = 0.0051169, totNum = 87
ROUND = 1257, SUM = 13208708, bChange = 0.00511694, totNum = 87
ROUND = 1258, SUM = 13208708, bChange = 0.00511698, totNum = 86
ROUND = 1259, SUM = 13208708, bChange = 0.00511702, totNum = 86
ROUND = 1260, SUM = 13208708, bChange = 0.00511706, totNum = 86
ROUND = 1261, SUM = 13208708, bChange = 0.00511709, totNum = 86
ROUND = 1262, SUM = 13208708, bChange = 0.00511713, totNum = 86
ROUND = 1263, SUM = 13208707.9999999, bChange = 0.00511717, totNum = 86
ROUND = 1264, SUM = 13208708, bChange = 0.00511721, totNum = 86
ROUND = 1265, SUM = 13208708, bChange = 0.00511725, totNum = 85
ROUND = 1266, SUM = 13208708, bChange = 0.00511729, totNum = 84
ROUND = 1267, SUM = 13208708, bChange = 0.00511733, totNum = 84
ROUND = 1268, SUM = 13208707.9999999, bChange = 0.00511736, totNum = 84
ROUND = 1269, SUM = 13208708, bChange = 0.0051174, totNum = 84
ROUND = 1270, SUM = 13208708, bChange = 0.00511744, totNum = 84
ROUND = 1271, SUM = 13208708, bChange = 0.00511748, totNum = 84
ROUND = 1272, SUM = 13208708, bChange = 0.00511751, totNum = 84
ROUND = 1273, SUM = 13208708, bChange = 0.00511755, totNum = 84
ROUND = 1274, SUM = 13208708, bChange = 0.00511759, totNum = 84
ROUND = 1275, SUM = 13208708, bChange = 0.00511762, totNum = 84
ROUND = 1276, SUM = 13208708, bChange = 0.00511766, totNum = 84
ROUND = 1277, SUM = 13208708, bChange = 0.00511769, totNum = 84
ROUND = 1278, SUM = 13208708, bChange = 0.00511773, totNum = 84
ROUND = 1279, SUM = 13208708, bChange = 0.00511777, totNum = 84
ROUND = 1280, SUM = 13208708, bChange = 0.0051178, totNum = 83
ROUND = 1281, SUM = 13208708, bChange = 0.00511784, totNum = 83
ROUND = 1282, SUM = 13208708, bChange = 0.00511787, totNum = 83
ROUND = 1283, SUM = 13208708, bChange = 0.00511791, totNum = 83
ROUND = 1284, SUM = 13208708, bChange = 0.00511794, totNum = 83
ROUND = 1285, SUM = 13208708, bChange = 0.00511798, totNum = 83
ROUND = 1286, SUM = 13208708, bChange = 0.00511801, totNum = 83
ROUND = 1287, SUM = 13208708, bChange = 0.00511804, totNum = 83
ROUND = 1288, SUM = 13208708, bChange = 0.00511808, totNum = 83
ROUND = 1289, SUM = 13208708, bChange = 0.00511811, totNum = 83
ROUND = 1290, SUM = 13208708, bChange = 0.00511815, totNum = 83
ROUND = 1291, SUM = 13208708, bChange = 0.00511818, totNum = 83
ROUND = 1292, SUM = 13208708, bChange = 0.00511821, totNum = 83
ROUND = 1293, SUM = 13208708, bChange = 0.00511825, totNum = 83
ROUND = 1294, SUM = 13208708, bChange = 0.00511828, totNum = 83
ROUND = 1295, SUM = 13208708, bChange = 0.00511831, totNum = 83
ROUND = 1296, SUM = 13208708, bChange = 0.00511835, totNum = 83
ROUND = 1297, SUM = 13208708, bChange = 0.00511838, totNum = 83
ROUND = 1298, SUM = 13208708, bChange = 0.00511841, totNum = 83
ROUND = 1299, SUM = 13208708, bChange = 0.00511844, totNum = 83
ROUND = 1300, SUM = 13208708, bChange = 0.00511847, totNum = 83
ROUND = 1301, SUM = 13208708, bChange = 0.00511851, totNum = 83
ROUND = 1302, SUM = 13208708, bChange = 0.00511854, totNum = 83
ROUND = 1303, SUM = 13208708, bChange = 0.00511857, totNum = 83
ROUND = 1304, SUM = 13208708, bChange = 0.0051186, totNum = 83
ROUND = 1305, SUM = 13208708, bChange = 0.00511863, totNum = 83
ROUND = 1306, SUM = 13208708, bChange = 0.00511866, totNum = 83
ROUND = 1307, SUM = 13208708, bChange = 0.00511869, totNum = 83
ROUND = 1308, SUM = 13208708, bChange = 0.00511872, totNum = 83
ROUND = 1309, SUM = 13208708, bChange = 0.00511876, totNum = 83
ROUND = 1310, SUM = 13208708, bChange = 0.00511879, totNum = 83
ROUND = 1311, SUM = 13208708, bChange = 0.00511882, totNum = 83
ROUND = 1312, SUM = 13208708, bChange = 0.00511885, totNum = 82
ROUND = 1313, SUM = 13208708, bChange = 0.00511888, totNum = 82
ROUND = 1314, SUM = 13208708, bChange = 0.00511891, totNum = 82
ROUND = 1315, SUM = 13208708, bChange = 0.00511894, totNum = 82
ROUND = 1316, SUM = 13208708, bChange = 0.00511897, totNum = 82
ROUND = 1317, SUM = 13208708, bChange = 0.00511899, totNum = 82
ROUND = 1318, SUM = 13208708, bChange = 0.00511902, totNum = 82
ROUND = 1319, SUM = 13208708, bChange = 0.00511905, totNum = 82
ROUND = 1320, SUM = 13208708, bChange = 0.00511908, totNum = 82
ROUND = 1321, SUM = 13208708, bChange = 0.00511911, totNum = 82
ROUND = 1322, SUM = 13208708, bChange = 0.00511914, totNum = 82
ROUND = 1323, SUM = 13208708, bChange = 0.00511917, totNum = 82
ROUND = 1324, SUM = 13208708, bChange = 0.0051192, totNum = 82
ROUND = 1325, SUM = 13208708, bChange = 0.00511922, totNum = 82
ROUND = 1326, SUM = 13208708, bChange = 0.00511925, totNum = 82
ROUND = 1327, SUM = 13208708, bChange = 0.00511928, totNum = 82
ROUND = 1328, SUM = 13208708, bChange = 0.00511931, totNum = 82
ROUND = 1329, SUM = 13208708, bChange = 0.00511934, totNum = 82
ROUND = 1330, SUM = 13208708, bChange = 0.00511936, totNum = 82
ROUND = 1331, SUM = 13208708, bChange = 0.00511939, totNum = 82
ROUND = 1332, SUM = 13208708, bChange = 0.00511942, totNum = 82
ROUND = 1333, SUM = 13208708, bChange = 0.00511944, totNum = 81
ROUND = 1334, SUM = 13208708, bChange = 0.00511947, totNum = 81
ROUND = 1335, SUM = 13208708, bChange = 0.0051195, totNum = 81
ROUND = 1336, SUM = 13208708, bChange = 0.00511953, totNum = 81
ROUND = 1337, SUM = 13208708, bChange = 0.00511955, totNum = 81
ROUND = 1338, SUM = 13208708, bChange = 0.00511958, totNum = 81
ROUND = 1339, SUM = 13208708, bChange = 0.0051196, totNum = 81
ROUND = 1340, SUM = 13208708, bChange = 0.00511963, totNum = 81
ROUND = 1341, SUM = 13208708, bChange = 0.00511966, totNum = 80
ROUND = 1342, SUM = 13208708, bChange = 0.00511968, totNum = 80
ROUND = 1343, SUM = 13208707.9999999, bChange = 0.00511971, totNum = 80
ROUND = 1344, SUM = 13208708, bChange = 0.00511973, totNum = 80
ROUND = 1345, SUM = 13208708, bChange = 0.00511976, totNum = 80
ROUND = 1346, SUM = 13208707.9999999, bChange = 0.00511978, totNum = 79
ROUND = 1347, SUM = 13208708, bChange = 0.00511981, totNum = 78
ROUND = 1348, SUM = 13208708, bChange = 0.00511983, totNum = 78
ROUND = 1349, SUM = 13208708, bChange = 0.00511986, totNum = 78
ROUND = 1350, SUM = 13208708, bChange = 0.00511988, totNum = 77
ROUND = 1351, SUM = 13208708, bChange = 0.00511991, totNum = 76
ROUND = 1352, SUM = 13208708, bChange = 0.00511993, totNum = 76
ROUND = 1353, SUM = 13208708, bChange = 0.00511996, totNum = 75
ROUND = 1354, SUM = 13208708, bChange = 0.00511998, totNum = 74
ROUND = 1355, SUM = 13208708, bChange = 0.00512001, totNum = 74
ROUND = 1356, SUM = 13208708, bChange = 0.00512003, totNum = 74
ROUND = 1357, SUM = 13208708, bChange = 0.00512005, totNum = 74
ROUND = 1358, SUM = 13208708, bChange = 0.00512008, totNum = 74
ROUND = 1359, SUM = 13208708, bChange = 0.0051201, totNum = 74
ROUND = 1360, SUM = 13208708, bChange = 0.00512013, totNum = 74
ROUND = 1361, SUM = 13208708, bChange = 0.00512015, totNum = 74
ROUND = 1362, SUM = 13208708, bChange = 0.00512017, totNum = 74
ROUND = 1363, SUM = 13208708, bChange = 0.0051202, totNum = 74
ROUND = 1364, SUM = 13208708, bChange = 0.00512022, totNum = 73
ROUND = 1365, SUM = 13208708, bChange = 0.00512024, totNum = 73
ROUND = 1366, SUM = 13208708, bChange = 0.00512026, totNum = 73
ROUND = 1367, SUM = 13208708, bChange = 0.00512029, totNum = 73
ROUND = 1368, SUM = 13208708, bChange = 0.00512031, totNum = 73
ROUND = 1369, SUM = 13208708, bChange = 0.00512033, totNum = 73
ROUND = 1370, SUM = 13208708, bChange = 0.00512035, totNum = 73
ROUND = 1371, SUM = 13208708, bChange = 0.00512038, totNum = 73
ROUND = 1372, SUM = 13208708, bChange = 0.0051204, totNum = 73
ROUND = 1373, SUM = 13208708, bChange = 0.00512042, totNum = 73
ROUND = 1374, SUM = 13208708, bChange = 0.00512044, totNum = 73
ROUND = 1375, SUM = 13208708, bChange = 0.00512046, totNum = 73
ROUND = 1376, SUM = 13208708, bChange = 0.00401357, totNum = 72
ROUND = 1377, SUM = 13208708, bChange = 0.00401395, totNum = 72
ROUND = 1378, SUM = 13208708, bChange = 0.00401433, totNum = 72
ROUND = 1379, SUM = 13208708, bChange = 0.00401471, totNum = 72
ROUND = 1380, SUM = 13208708, bChange = 0.00401509, totNum = 71
ROUND = 1381, SUM = 13208708, bChange = 0.00401546, totNum = 71
ROUND = 1382, SUM = 13208708, bChange = 0.00401584, totNum = 71
ROUND = 1383, SUM = 13208707.9999999, bChange = 0.00401621, totNum = 71
ROUND = 1384, SUM = 13208708, bChange = 0.00401658, totNum = 71
ROUND = 1385, SUM = 13208708, bChange = 0.00401695, totNum = 71
ROUND = 1386, SUM = 13208708, bChange = 0.00401732, totNum = 70
ROUND = 1387, SUM = 13208708, bChange = 0.00401769, totNum = 70
ROUND = 1388, SUM = 13208708, bChange = 0.00401806, totNum = 70
ROUND = 1389, SUM = 13208708, bChange = 0.00401842, totNum = 70
ROUND = 1390, SUM = 13208708, bChange = 0.00401878, totNum = 70
ROUND = 1391, SUM = 13208708, bChange = 0.00401915, totNum = 70
ROUND = 1392, SUM = 13208708, bChange = 0.00401951, totNum = 70
ROUND = 1393, SUM = 13208707.9999999, bChange = 0.00401987, totNum = 70
ROUND = 1394, SUM = 13208708, bChange = 0.00402023, totNum = 70
ROUND = 1395, SUM = 13208708, bChange = 0.00402058, totNum = 70
ROUND = 1396, SUM = 13208708, bChange = 0.00402094, totNum = 70
ROUND = 1397, SUM = 13208708, bChange = 0.00402129, totNum = 70
ROUND = 1398, SUM = 13208708, bChange = 0.00402165, totNum = 70
ROUND = 1399, SUM = 13208708, bChange = 0.004022, totNum = 70
ROUND = 1400, SUM = 13208708, bChange = 0.00402235, totNum = 70
ROUND = 1401, SUM = 13208708, bChange = 0.0040227, totNum = 70
ROUND = 1402, SUM = 13208708, bChange = 0.00402304, totNum = 70
ROUND = 1403, SUM = 13208708, bChange = 0.00402339, totNum = 70
ROUND = 1404, SUM = 13208708, bChange = 0.00402373, totNum = 68
ROUND = 1405, SUM = 13208708, bChange = 0.00402408, totNum = 68
ROUND = 1406, SUM = 13208708, bChange = 0.00402442, totNum = 68
ROUND = 1407, SUM = 13208708, bChange = 0.00402476, totNum = 68
ROUND = 1408, SUM = 13208708, bChange = 0.0040251, totNum = 67
ROUND = 1409, SUM = 13208708, bChange = 0.00402544, totNum = 67
ROUND = 1410, SUM = 13208708, bChange = 0.00402578, totNum = 67
ROUND = 1411, SUM = 13208708, bChange = 0.00402611, totNum = 67
ROUND = 1412, SUM = 13208708, bChange = 0.00402645, totNum = 66
ROUND = 1413, SUM = 13208708, bChange = 0.00402678, totNum = 66
ROUND = 1414, SUM = 13208708, bChange = 0.00402712, totNum = 66
ROUND = 1415, SUM = 13208708, bChange = 0.00402745, totNum = 66
ROUND = 1416, SUM = 13208708, bChange = 0.00402778, totNum = 66
ROUND = 1417, SUM = 13208708, bChange = 0.0040281, totNum = 66
ROUND = 1418, SUM = 13208708, bChange = 0.00402843, totNum = 66
ROUND = 1419, SUM = 13208708, bChange = 0.00402876, totNum = 66
ROUND = 1420, SUM = 13208708, bChange = 0.00402908, totNum = 66
ROUND = 1421, SUM = 13208708, bChange = 0.00402941, totNum = 66
ROUND = 1422, SUM = 13208708, bChange = 0.00402973, totNum = 66
ROUND = 1423, SUM = 13208708, bChange = 0.00403005, totNum = 66
ROUND = 1424, SUM = 13208708, bChange = 0.00403037, totNum = 66
ROUND = 1425, SUM = 13208708, bChange = 0.00403069, totNum = 66
ROUND = 1426, SUM = 13208708, bChange = 0.00403101, totNum = 66
ROUND = 1427, SUM = 13208708, bChange = 0.00403132, totNum = 66
ROUND = 1428, SUM = 13208708, bChange = 0.00403164, totNum = 66
ROUND = 1429, SUM = 13208708, bChange = 0.00403195, totNum = 66
ROUND = 1430, SUM = 13208708, bChange = 0.00403227, totNum = 66
ROUND = 1431, SUM = 13208708, bChange = 0.00403258, totNum = 66
ROUND = 1432, SUM = 13208708, bChange = 0.00403289, totNum = 66
ROUND = 1433, SUM = 13208708, bChange = 0.0040332, totNum = 66
ROUND = 1434, SUM = 13208708, bChange = 0.00403351, totNum = 66
ROUND = 1435, SUM = 13208708, bChange = 0.00403381, totNum = 66
ROUND = 1436, SUM = 13208708, bChange = 0.00403412, totNum = 66
ROUND = 1437, SUM = 13208708, bChange = 0.00403442, totNum = 66
ROUND = 1438, SUM = 13208708, bChange = 0.00403473, totNum = 66
ROUND = 1439, SUM = 13208708, bChange = 0.00403503, totNum = 67
ROUND = 1440, SUM = 13208708, bChange = 0.00403533, totNum = 67
ROUND = 1441, SUM = 13208708, bChange = 0.00403563, totNum = 67
ROUND = 1442, SUM = 13208708, bChange = 0.00403593, totNum = 67
ROUND = 1443, SUM = 13208708, bChange = 0.00403623, totNum = 67
ROUND = 1444, SUM = 13208708, bChange = 0.00403652, totNum = 67
ROUND = 1445, SUM = 13208707.9999999, bChange = 0.00403682, totNum = 67
ROUND = 1446, SUM = 13208708, bChange = 0.00403712, totNum = 67
ROUND = 1447, SUM = 13208708, bChange = 0.00403741, totNum = 67
ROUND = 1448, SUM = 13208708, bChange = 0.0040377, totNum = 67
ROUND = 1449, SUM = 13208708, bChange = 0.00403799, totNum = 67
ROUND = 1450, SUM = 13208708, bChange = 0.00403828, totNum = 67
ROUND = 1451, SUM = 13208708, bChange = 0.00403857, totNum = 66
ROUND = 1452, SUM = 13208708, bChange = 0.00403886, totNum = 65
ROUND = 1453, SUM = 13208707.9999999, bChange = 0.00403915, totNum = 65
ROUND = 1454, SUM = 13208708, bChange = 0.00403943, totNum = 65
ROUND = 1455, SUM = 13208708, bChange = 0.00403972, totNum = 65
ROUND = 1456, SUM = 13208708, bChange = 0.00404, totNum = 65
ROUND = 1457, SUM = 13208707.9999999, bChange = 0.00388081, totNum = 64
ROUND = 1458, SUM = 13208708, bChange = 0.0038808, totNum = 64
ROUND = 1459, SUM = 13208707.9999999, bChange = 0.0038808, totNum = 64
ROUND = 1460, SUM = 13208707.9999999, bChange = 0.0038808, totNum = 64
ROUND = 1461, SUM = 13208707.9999999, bChange = 0.0038808, totNum = 63
ROUND = 1462, SUM = 13208707.9999999, bChange = 0.00388079, totNum = 63
ROUND = 1463, SUM = 13208708, bChange = 0.00388079, totNum = 63
ROUND = 1464, SUM = 13208708, bChange = 0.00388079, totNum = 63
ROUND = 1465, SUM = 13208708, bChange = 0.00388079, totNum = 63
ROUND = 1466, SUM = 13208708, bChange = 0.00388078, totNum = 62
ROUND = 1467, SUM = 13208708, bChange = 0.00388078, totNum = 62
ROUND = 1468, SUM = 13208708, bChange = 0.00388078, totNum = 62
ROUND = 1469, SUM = 13208707.9999999, bChange = 0.00388078, totNum = 62
ROUND = 1470, SUM = 13208708, bChange = 0.00388077, totNum = 62
ROUND = 1471, SUM = 13208708, bChange = 0.00388077, totNum = 62
ROUND = 1472, SUM = 13208707.9999999, bChange = 0.00388077, totNum = 61
ROUND = 1473, SUM = 13208708, bChange = 0.00388077, totNum = 61
ROUND = 1474, SUM = 13208708, bChange = 0.00388076, totNum = 60
ROUND = 1475, SUM = 13208708, bChange = 0.00388076, totNum = 60
ROUND = 1476, SUM = 13208708, bChange = 0.00388076, totNum = 60
ROUND = 1477, SUM = 13208708, bChange = 0.00388076, totNum = 60
ROUND = 1478, SUM = 13208708, bChange = 0.00388075, totNum = 60
ROUND = 1479, SUM = 13208707.9999999, bChange = 0.00388075, totNum = 60
ROUND = 1480, SUM = 13208708, bChange = 0.00388075, totNum = 59
ROUND = 1481, SUM = 13208708, bChange = 0.00388075, totNum = 58
ROUND = 1482, SUM = 13208708, bChange = 0.00388074, totNum = 58
ROUND = 1483, SUM = 13208708, bChange = 0.00388074, totNum = 58
ROUND = 1484, SUM = 13208708, bChange = 0.00388074, totNum = 57
ROUND = 1485, SUM = 13208708, bChange = 0.00388074, totNum = 57
ROUND = 1486, SUM = 13208708, bChange = 0.00388073, totNum = 57
ROUND = 1487, SUM = 13208708, bChange = 0.00388073, totNum = 57
ROUND = 1488, SUM = 13208708, bChange = 0.00388073, totNum = 57
ROUND = 1489, SUM = 13208708, bChange = 0.00388073, totNum = 57
ROUND = 1490, SUM = 13208708, bChange = 0.00388072, totNum = 56
ROUND = 1491, SUM = 13208708, bChange = 0.00388072, totNum = 56
ROUND = 1492, SUM = 13208708, bChange = 0.00388072, totNum = 56
ROUND = 1493, SUM = 13208708, bChange = 0.00388072, totNum = 56
ROUND = 1494, SUM = 13208708, bChange = 0.00388072, totNum = 56
ROUND = 1495, SUM = 13208708, bChange = 0.00388071, totNum = 56
ROUND = 1496, SUM = 13208708, bChange = 0.00388071, totNum = 56
ROUND = 1497, SUM = 13208708, bChange = 0.00388071, totNum = 56
ROUND = 1498, SUM = 13208708, bChange = 0.00388071, totNum = 56
ROUND = 1499, SUM = 13208708, bChange = 0.0038807, totNum = 56
ROUND = 1500, SUM = 13208708, bChange = 0.0038807, totNum = 56
ROUND = 1501, SUM = 13208708, bChange = 0.0038807, totNum = 56
ROUND = 1502, SUM = 13208708, bChange = 0.0038807, totNum = 56
ROUND = 1503, SUM = 13208708, bChange = 0.00388069, totNum = 56
ROUND = 1504, SUM = 13208708, bChange = 0.00388069, totNum = 56
ROUND = 1505, SUM = 13208708, bChange = 0.00388069, totNum = 56
ROUND = 1506, SUM = 13208708, bChange = 0.00388069, totNum = 56
ROUND = 1507, SUM = 13208708, bChange = 0.00388069, totNum = 56
ROUND = 1508, SUM = 13208708, bChange = 0.00388068, totNum = 56
ROUND = 1509, SUM = 13208708, bChange = 0.00388068, totNum = 56
ROUND = 1510, SUM = 13208708, bChange = 0.00388068, totNum = 56
ROUND = 1511, SUM = 13208708, bChange = 0.00388068, totNum = 56
ROUND = 1512, SUM = 13208708, bChange = 0.00388068, totNum = 56
ROUND = 1513, SUM = 13208708, bChange = 0.00388067, totNum = 56
ROUND = 1514, SUM = 13208708, bChange = 0.00388067, totNum = 56
ROUND = 1515, SUM = 13208708, bChange = 0.00388067, totNum = 56
ROUND = 1516, SUM = 13208708, bChange = 0.00388067, totNum = 55
ROUND = 1517, SUM = 13208708, bChange = 0.00388066, totNum = 55
ROUND = 1518, SUM = 13208708, bChange = 0.00388066, totNum = 54
ROUND = 1519, SUM = 13208708, bChange = 0.00388066, totNum = 54
ROUND = 1520, SUM = 13208708, bChange = 0.00388066, totNum = 54
ROUND = 1521, SUM = 13208708, bChange = 0.00388066, totNum = 54
ROUND = 1522, SUM = 13208708, bChange = 0.00388065, totNum = 54
ROUND = 1523, SUM = 13208708, bChange = 0.00388065, totNum = 54
ROUND = 1524, SUM = 13208708, bChange = 0.00388065, totNum = 54
ROUND = 1525, SUM = 13208708, bChange = 0.00388065, totNum = 54
ROUND = 1526, SUM = 13208708, bChange = 0.00388065, totNum = 54
ROUND = 1527, SUM = 13208708, bChange = 0.00388064, totNum = 54
ROUND = 1528, SUM = 13208708, bChange = 0.00388064, totNum = 54
ROUND = 1529, SUM = 13208708, bChange = 0.00388064, totNum = 54
ROUND = 1530, SUM = 13208708, bChange = 0.00388064, totNum = 54
ROUND = 1531, SUM = 13208708, bChange = 0.00388064, totNum = 54
ROUND = 1532, SUM = 13208708, bChange = 0.00388063, totNum = 54
ROUND = 1533, SUM = 13208708, bChange = 0.00388063, totNum = 54
ROUND = 1534, SUM = 13208708, bChange = 0.00388063, totNum = 54
ROUND = 1535, SUM = 13208708, bChange = 0.00388063, totNum = 54
ROUND = 1536, SUM = 13208708, bChange = 0.00388063, totNum = 54
ROUND = 1537, SUM = 13208707.9999999, bChange = 0.00388062, totNum = 53
ROUND = 1538, SUM = 13208708, bChange = 0.00388062, totNum = 53
ROUND = 1539, SUM = 13208708, bChange = 0.00388062, totNum = 53
ROUND = 1540, SUM = 13208708, bChange = 0.00388062, totNum = 53
ROUND = 1541, SUM = 13208708, bChange = 0.00388062, totNum = 53
ROUND = 1542, SUM = 13208708, bChange = 0.00388061, totNum = 52
ROUND = 1543, SUM = 13208708, bChange = 0.00388061, totNum = 52
ROUND = 1544, SUM = 13208708, bChange = 0.00388061, totNum = 52
ROUND = 1545, SUM = 13208708, bChange = 0.00388061, totNum = 52
ROUND = 1546, SUM = 13208708, bChange = 0.00388061, totNum = 51
ROUND = 1547, SUM = 13208708, bChange = 0.0038806, totNum = 51
ROUND = 1548, SUM = 13208708, bChange = 0.0038806, totNum = 51
ROUND = 1549, SUM = 13208708, bChange = 0.0038806, totNum = 51
ROUND = 1550, SUM = 13208708, bChange = 0.0038806, totNum = 51
ROUND = 1551, SUM = 13208708, bChange = 0.0038806, totNum = 51
ROUND = 1552, SUM = 13208708, bChange = 0.0038806, totNum = 50
ROUND = 1553, SUM = 13208708, bChange = 0.00388059, totNum = 50
ROUND = 1554, SUM = 13208708, bChange = 0.00388059, totNum = 50
ROUND = 1555, SUM = 13208707.9999999, bChange = 0.00388059, totNum = 50
ROUND = 1556, SUM = 13208708, bChange = 0.00388059, totNum = 50
ROUND = 1557, SUM = 13208708, bChange = 0.00388059, totNum = 50
ROUND = 1558, SUM = 13208708, bChange = 0.00388058, totNum = 50
ROUND = 1559, SUM = 13208708, bChange = 0.00388058, totNum = 50
ROUND = 1560, SUM = 13208708, bChange = 0.00388058, totNum = 50
ROUND = 1561, SUM = 13208708, bChange = 0.00388058, totNum = 50
ROUND = 1562, SUM = 13208708, bChange = 0.00388058, totNum = 50
ROUND = 1563, SUM = 13208708, bChange = 0.00388058, totNum = 50
ROUND = 1564, SUM = 13208708, bChange = 0.00388057, totNum = 49
ROUND = 1565, SUM = 13208708, bChange = 0.00388057, totNum = 49
ROUND = 1566, SUM = 13208708, bChange = 0.00388057, totNum = 49
ROUND = 1567, SUM = 13208708, bChange = 0.00388057, totNum = 49
ROUND = 1568, SUM = 13208708, bChange = 0.00388057, totNum = 48
ROUND = 1569, SUM = 13208708, bChange = 0.00388056, totNum = 48
ROUND = 1570, SUM = 13208708, bChange = 0.00388056, totNum = 48
ROUND = 1571, SUM = 13208708, bChange = 0.00388056, totNum = 48
ROUND = 1572, SUM = 13208708, bChange = 0.00388056, totNum = 48
ROUND = 1573, SUM = 13208708, bChange = 0.00388056, totNum = 48
ROUND = 1574, SUM = 13208707.9999999, bChange = 0.00388056, totNum = 48
ROUND = 1575, SUM = 13208708, bChange = 0.00388055, totNum = 48
ROUND = 1576, SUM = 13208708, bChange = 0.00388055, totNum = 48
ROUND = 1577, SUM = 13208708, bChange = 0.00388055, totNum = 48
ROUND = 1578, SUM = 13208708, bChange = 0.00388055, totNum = 49
ROUND = 1579, SUM = 13208708, bChange = 0.00388055, totNum = 49
ROUND = 1580, SUM = 13208708, bChange = 0.00388055, totNum = 49
ROUND = 1581, SUM = 13208708, bChange = 0.00388054, totNum = 49
ROUND = 1582, SUM = 13208708, bChange = 0.00388054, totNum = 49
ROUND = 1583, SUM = 13208708, bChange = 0.00388054, totNum = 49
ROUND = 1584, SUM = 13208708, bChange = 0.00388054, totNum = 49
ROUND = 1585, SUM = 13208708, bChange = 0.00388054, totNum = 49
ROUND = 1586, SUM = 13208708, bChange = 0.00388054, totNum = 49
ROUND = 1587, SUM = 13208708, bChange = 0.00388053, totNum = 49
ROUND = 1588, SUM = 13208708, bChange = 0.00388053, totNum = 49
ROUND = 1589, SUM = 13208708, bChange = 0.00388053, totNum = 49
ROUND = 1590, SUM = 13208708, bChange = 0.00388053, totNum = 49
ROUND = 1591, SUM = 13208708, bChange = 0.00388053, totNum = 49
ROUND = 1592, SUM = 13208708, bChange = 0.00388053, totNum = 48
ROUND = 1593, SUM = 13208708, bChange = 0.00388053, totNum = 48
ROUND = 1594, SUM = 13208708, bChange = 0.00388052, totNum = 48
ROUND = 1595, SUM = 13208708, bChange = 0.00388052, totNum = 48
ROUND = 1596, SUM = 13208708, bChange = 0.00388052, totNum = 48
ROUND = 1597, SUM = 13208708, bChange = 0.00388052, totNum = 48
ROUND = 1598, SUM = 13208708, bChange = 0.00388052, totNum = 48
ROUND = 1599, SUM = 13208708, bChange = 0.00388052, totNum = 48
ROUND = 1600, SUM = 13208708, bChange = 0.00388051, totNum = 48
ROUND = 1601, SUM = 13208708, bChange = 0.00388051, totNum = 48
ROUND = 1602, SUM = 13208708, bChange = 0.00388051, totNum = 48
ROUND = 1603, SUM = 13208708, bChange = 0.00388051, totNum = 48
ROUND = 1604, SUM = 13208708, bChange = 0.00388051, totNum = 48
ROUND = 1605, SUM = 13208708, bChange = 0.00388051, totNum = 48
ROUND = 1606, SUM = 13208707.9999999, bChange = 0.00388051, totNum = 48
ROUND = 1607, SUM = 13208708, bChange = 0.0038805, totNum = 48
ROUND = 1608, SUM = 13208708, bChange = 0.0038805, totNum = 48
ROUND = 1609, SUM = 13208708, bChange = 0.0038805, totNum = 48
ROUND = 1610, SUM = 13208708, bChange = 0.0038805, totNum = 48
ROUND = 1611, SUM = 13208707.9999999, bChange = 0.0038805, totNum = 47
ROUND = 1612, SUM = 13208707.9999999, bChange = 0.0038805, totNum = 47
ROUND = 1613, SUM = 13208708, bChange = 0.00388049, totNum = 47
ROUND = 1614, SUM = 13208708, bChange = 0.00388049, totNum = 47
ROUND = 1615, SUM = 13208708, bChange = 0.00388049, totNum = 46
ROUND = 1616, SUM = 13208708, bChange = 0.00388049, totNum = 46
ROUND = 1617, SUM = 13208708, bChange = 0.00388049, totNum = 46
ROUND = 1618, SUM = 13208708, bChange = 0.00388049, totNum = 46
ROUND = 1619, SUM = 13208708, bChange = 0.00388049, totNum = 46
ROUND = 1620, SUM = 13208707.9999999, bChange = 0.00388048, totNum = 46
ROUND = 1621, SUM = 13208708, bChange = 0.00388048, totNum = 46
ROUND = 1622, SUM = 13208708, bChange = 0.00388048, totNum = 46
ROUND = 1623, SUM = 13208708, bChange = 0.00388048, totNum = 46
ROUND = 1624, SUM = 13208708, bChange = 0.00388048, totNum = 46
ROUND = 1625, SUM = 13208708, bChange = 0.00388048, totNum = 46
ROUND = 1626, SUM = 13208708, bChange = 0.00388048, totNum = 46
ROUND = 1627, SUM = 13208708, bChange = 0.00388047, totNum = 46
ROUND = 1628, SUM = 13208708, bChange = 0.00388047, totNum = 46
ROUND = 1629, SUM = 13208707.9999999, bChange = 0.00388047, totNum = 46
ROUND = 1630, SUM = 13208708, bChange = 0.00388047, totNum = 46
ROUND = 1631, SUM = 13208708, bChange = 0.00388047, totNum = 46
ROUND = 1632, SUM = 13208708, bChange = 0.00388047, totNum = 46
ROUND = 1633, SUM = 13208708, bChange = 0.00388047, totNum = 46
ROUND = 1634, SUM = 13208708, bChange = 0.00388047, totNum = 46
ROUND = 1635, SUM = 13208708, bChange = 0.00388046, totNum = 46
ROUND = 1636, SUM = 13208708, bChange = 0.00388046, totNum = 46
ROUND = 1637, SUM = 13208708, bChange = 0.00388046, totNum = 46
ROUND = 1638, SUM = 13208708, bChange = 0.00388046, totNum = 46
ROUND = 1639, SUM = 13208708, bChange = 0.00388046, totNum = 46
ROUND = 1640, SUM = 13208708, bChange = 0.00388046, totNum = 46
ROUND = 1641, SUM = 13208708, bChange = 0.00388046, totNum = 46
ROUND = 1642, SUM = 13208708, bChange = 0.00388045, totNum = 46
ROUND = 1643, SUM = 13208708, bChange = 0.00388045, totNum = 46
ROUND = 1644, SUM = 13208708, bChange = 0.00388045, totNum = 46
ROUND = 1645, SUM = 13208708, bChange = 0.00388045, totNum = 46
ROUND = 1646, SUM = 13208708, bChange = 0.00388045, totNum = 47
ROUND = 1647, SUM = 13208708, bChange = 0.00388045, totNum = 47
ROUND = 1648, SUM = 13208708, bChange = 0.00388045, totNum = 47
ROUND = 1649, SUM = 13208708, bChange = 0.00388045, totNum = 47
ROUND = 1650, SUM = 13208708, bChange = 0.00388044, totNum = 47
ROUND = 1651, SUM = 13208708, bChange = 0.00388044, totNum = 47
ROUND = 1652, SUM = 13208708, bChange = 0.00388044, totNum = 47
ROUND = 1653, SUM = 13208708, bChange = 0.00388044, totNum = 47
ROUND = 1654, SUM = 13208708, bChange = 0.00388044, totNum = 47
ROUND = 1655, SUM = 13208708, bChange = 0.00388044, totNum = 47
ROUND = 1656, SUM = 13208708, bChange = 0.00388044, totNum = 47
ROUND = 1657, SUM = 13208708, bChange = 0.00388044, totNum = 46
ROUND = 1658, SUM = 13208708, bChange = 0.00388043, totNum = 46
ROUND = 1659, SUM = 13208708, bChange = 0.00388043, totNum = 46
ROUND = 1660, SUM = 13208708, bChange = 0.00388043, totNum = 46
ROUND = 1661, SUM = 13208708, bChange = 0.00388043, totNum = 46
ROUND = 1662, SUM = 13208707.9999999, bChange = 0.00388043, totNum = 46
ROUND = 1663, SUM = 13208708, bChange = 0.00388043, totNum = 46
ROUND = 1664, SUM = 13208707.9999999, bChange = 0.00388043, totNum = 46
ROUND = 1665, SUM = 13208708, bChange = 0.00388043, totNum = 46
ROUND = 1666, SUM = 13208708, bChange = 0.00388042, totNum = 46
ROUND = 1667, SUM = 13208708, bChange = 0.00388042, totNum = 46
ROUND = 1668, SUM = 13208708, bChange = 0.00388042, totNum = 46
ROUND = 1669, SUM = 13208708, bChange = 0.00388042, totNum = 46
ROUND = 1670, SUM = 13208708, bChange = 0.00388042, totNum = 46
ROUND = 1671, SUM = 13208708, bChange = 0.00388042, totNum = 46
ROUND = 1672, SUM = 13208708, bChange = 0.00388042, totNum = 46
ROUND = 1673, SUM = 13208708, bChange = 0.00388042, totNum = 46
ROUND = 1674, SUM = 13208708, bChange = 0.00388042, totNum = 46
ROUND = 1675, SUM = 13208708, bChange = 0.00388041, totNum = 46
ROUND = 1676, SUM = 13208708, bChange = 0.00388041, totNum = 46
ROUND = 1677, SUM = 13208708, bChange = 0.00388041, totNum = 46
ROUND = 1678, SUM = 13208708, bChange = 0.00388041, totNum = 46
ROUND = 1679, SUM = 13208708, bChange = 0.00388041, totNum = 46
ROUND = 1680, SUM = 13208708, bChange = 0.00388041, totNum = 46
ROUND = 1681, SUM = 13208708, bChange = 0.00388041, totNum = 46
ROUND = 1682, SUM = 13208708, bChange = 0.00388041, totNum = 46
ROUND = 1683, SUM = 13208708, bChange = 0.00388041, totNum = 46
ROUND = 1684, SUM = 13208708, bChange = 0.0038804, totNum = 46
ROUND = 1685, SUM = 13208708, bChange = 0.0038804, totNum = 46
ROUND = 1686, SUM = 13208708, bChange = 0.0038804, totNum = 46
ROUND = 1687, SUM = 13208708, bChange = 0.0038804, totNum = 46
ROUND = 1688, SUM = 13208708, bChange = 0.0038804, totNum = 46
ROUND = 1689, SUM = 13208708, bChange = 0.0038804, totNum = 46
ROUND = 1690, SUM = 13208708, bChange = 0.0038804, totNum = 46
ROUND = 1691, SUM = 13208708, bChange = 0.0038804, totNum = 46
ROUND = 1692, SUM = 13208708, bChange = 0.0038804, totNum = 46
ROUND = 1693, SUM = 13208708, bChange = 0.00388039, totNum = 46
ROUND = 1694, SUM = 13208708, bChange = 0.00388039, totNum = 46
ROUND = 1695, SUM = 13208708, bChange = 0.00388039, totNum = 46
ROUND = 1696, SUM = 13208708, bChange = 0.00388039, totNum = 46
ROUND = 1697, SUM = 13208708, bChange = 0.00388039, totNum = 46
ROUND = 1698, SUM = 13208708, bChange = 0.00388039, totNum = 46
ROUND = 1699, SUM = 13208708, bChange = 0.00388039, totNum = 45
ROUND = 1700, SUM = 13208708, bChange = 0.00388039, totNum = 45
ROUND = 1701, SUM = 13208708, bChange = 0.00388039, totNum = 45
ROUND = 1702, SUM = 13208708, bChange = 0.00388039, totNum = 45
ROUND = 1703, SUM = 13208708, bChange = 0.00388038, totNum = 45
ROUND = 1704, SUM = 13208708, bChange = 0.00388038, totNum = 45
ROUND = 1705, SUM = 13208708, bChange = 0.00388038, totNum = 44
ROUND = 1706, SUM = 13208708, bChange = 0.00388038, totNum = 44
ROUND = 1707, SUM = 13208708, bChange = 0.00388038, totNum = 44
ROUND = 1708, SUM = 13208708, bChange = 0.00388038, totNum = 44
ROUND = 1709, SUM = 13208708, bChange = 0.00388038, totNum = 44
ROUND = 1710, SUM = 13208708, bChange = 0.00388038, totNum = 44
ROUND = 1711, SUM = 13208708, bChange = 0.00388038, totNum = 44
ROUND = 1712, SUM = 13208708, bChange = 0.00311102, totNum = 43
ROUND = 1713, SUM = 13208708, bChange = 0.00311108, totNum = 43
ROUND = 1714, SUM = 13208708, bChange = 0.00311115, totNum = 43
ROUND = 1715, SUM = 13208708, bChange = 0.00311121, totNum = 43
ROUND = 1716, SUM = 13208708, bChange = 0.00311127, totNum = 43
ROUND = 1717, SUM = 13208708, bChange = 0.00311133, totNum = 43
ROUND = 1718, SUM = 13208708, bChange = 0.0031114, totNum = 43
ROUND = 1719, SUM = 13208708, bChange = 0.00311146, totNum = 43
ROUND = 1720, SUM = 13208708, bChange = 0.00311152, totNum = 43
ROUND = 1721, SUM = 13208708, bChange = 0.00311158, totNum = 43
ROUND = 1722, SUM = 13208708, bChange = 0.00311164, totNum = 43
ROUND = 1723, SUM = 13208708, bChange = 0.00311171, totNum = 43
ROUND = 1724, SUM = 13208708, bChange = 0.00311177, totNum = 43
ROUND = 1725, SUM = 13208708, bChange = 0.00311183, totNum = 43
ROUND = 1726, SUM = 13208708, bChange = 0.00311189, totNum = 43
ROUND = 1727, SUM = 13208707.9999999, bChange = 0.00311195, totNum = 43
ROUND = 1728, SUM = 13208708, bChange = 0.00311201, totNum = 43
ROUND = 1729, SUM = 13208708, bChange = 0.00311207, totNum = 43
ROUND = 1730, SUM = 13208708, bChange = 0.00311213, totNum = 43
ROUND = 1731, SUM = 13208708, bChange = 0.00311219, totNum = 43
ROUND = 1732, SUM = 13208708, bChange = 0.00311225, totNum = 43
ROUND = 1733, SUM = 13208708, bChange = 0.00311231, totNum = 43
ROUND = 1734, SUM = 13208708, bChange = 0.00311237, totNum = 43
ROUND = 1735, SUM = 13208708, bChange = 0.00311243, totNum = 43
ROUND = 1736, SUM = 13208708, bChange = 0.00311249, totNum = 43
ROUND = 1737, SUM = 13208708, bChange = 0.00311255, totNum = 43
ROUND = 1738, SUM = 13208708, bChange = 0.00311261, totNum = 43
ROUND = 1739, SUM = 13208708, bChange = 0.00311266, totNum = 43
ROUND = 1740, SUM = 13208708, bChange = 0.00311272, totNum = 43
ROUND = 1741, SUM = 13208708, bChange = 0.00311278, totNum = 43
ROUND = 1742, SUM = 13208708, bChange = 0.00311284, totNum = 43
ROUND = 1743, SUM = 13208708, bChange = 0.0031129, totNum = 43
ROUND = 1744, SUM = 13208708, bChange = 0.00311295, totNum = 43
ROUND = 1745, SUM = 13208708, bChange = 0.00311301, totNum = 43
ROUND = 1746, SUM = 13208708, bChange = 0.00311307, totNum = 43
ROUND = 1747, SUM = 13208708, bChange = 0.00311313, totNum = 43
ROUND = 1748, SUM = 13208708, bChange = 0.00311318, totNum = 43
ROUND = 1749, SUM = 13208708, bChange = 0.00311324, totNum = 43
ROUND = 1750, SUM = 13208708, bChange = 0.0031133, totNum = 43
ROUND = 1751, SUM = 13208708, bChange = 0.00311335, totNum = 42
ROUND = 1752, SUM = 13208708, bChange = 0.00311341, totNum = 42
ROUND = 1753, SUM = 13208708, bChange = 0.00311346, totNum = 42
ROUND = 1754, SUM = 13208708, bChange = 0.00311352, totNum = 41
ROUND = 1755, SUM = 13208708, bChange = 0.00311358, totNum = 41
ROUND = 1756, SUM = 13208708, bChange = 0.00311363, totNum = 41
ROUND = 1757, SUM = 13208708, bChange = 0.00311369, totNum = 41
ROUND = 1758, SUM = 13208708, bChange = 0.00311374, totNum = 41
ROUND = 1759, SUM = 13208708, bChange = 0.0031138, totNum = 41
ROUND = 1760, SUM = 13208708, bChange = 0.00311385, totNum = 41
ROUND = 1761, SUM = 13208708, bChange = 0.00311391, totNum = 41
ROUND = 1762, SUM = 13208708, bChange = 0.00311396, totNum = 41
ROUND = 1763, SUM = 13208708, bChange = 0.00311401, totNum = 41
ROUND = 1764, SUM = 13208708, bChange = 0.00311407, totNum = 41
ROUND = 1765, SUM = 13208708, bChange = 0.00311412, totNum = 41
ROUND = 1766, SUM = 13208708, bChange = 0.00311418, totNum = 41
ROUND = 1767, SUM = 13208708, bChange = 0.00311423, totNum = 40
ROUND = 1768, SUM = 13208708, bChange = 0.00311428, totNum = 40
ROUND = 1769, SUM = 13208708, bChange = 0.00311434, totNum = 40
ROUND = 1770, SUM = 13208708, bChange = 0.00311439, totNum = 40
ROUND = 1771, SUM = 13208708, bChange = 0.00311444, totNum = 40
ROUND = 1772, SUM = 13208708, bChange = 0.0031145, totNum = 40
ROUND = 1773, SUM = 13208708, bChange = 0.00311455, totNum = 40
ROUND = 1774, SUM = 13208708, bChange = 0.0031146, totNum = 40
ROUND = 1775, SUM = 13208708, bChange = 0.00311465, totNum = 40
ROUND = 1776, SUM = 13208708, bChange = 0.00311471, totNum = 40
ROUND = 1777, SUM = 13208708, bChange = 0.00311476, totNum = 40
ROUND = 1778, SUM = 13208708, bChange = 0.00311481, totNum = 40
ROUND = 1779, SUM = 13208708, bChange = 0.00311486, totNum = 40
ROUND = 1780, SUM = 13208708, bChange = 0.00311491, totNum = 40
ROUND = 1781, SUM = 13208708, bChange = 0.00311496, totNum = 40
ROUND = 1782, SUM = 13208708, bChange = 0.00311501, totNum = 40
ROUND = 1783, SUM = 13208708, bChange = 0.00311507, totNum = 40
ROUND = 1784, SUM = 13208708, bChange = 0.00311512, totNum = 40
ROUND = 1785, SUM = 13208708, bChange = 0.00311517, totNum = 40
ROUND = 1786, SUM = 13208708, bChange = 0.00311522, totNum = 40
ROUND = 1787, SUM = 13208708, bChange = 0.00311527, totNum = 40
ROUND = 1788, SUM = 13208708, bChange = 0.00311532, totNum = 40
ROUND = 1789, SUM = 13208708, bChange = 0.00311537, totNum = 40
ROUND = 1790, SUM = 13208708, bChange = 0.00311542, totNum = 40
ROUND = 1791, SUM = 13208708, bChange = 0.00311547, totNum = 40
ROUND = 1792, SUM = 13208708, bChange = 0.00311552, totNum = 40
ROUND = 1793, SUM = 13208708, bChange = 0.00311557, totNum = 40
ROUND = 1794, SUM = 13208708, bChange = 0.00311562, totNum = 39
ROUND = 1795, SUM = 13208708, bChange = 0.00311567, totNum = 39
ROUND = 1796, SUM = 13208708, bChange = 0.00311571, totNum = 39
ROUND = 1797, SUM = 13208708, bChange = 0.00311576, totNum = 39
ROUND = 1798, SUM = 13208708, bChange = 0.00311581, totNum = 38
ROUND = 1799, SUM = 13208708, bChange = 0.00311586, totNum = 38
ROUND = 1800, SUM = 13208708, bChange = 0.00311591, totNum = 38
ROUND = 1801, SUM = 13208708, bChange = 0.00311596, totNum = 38
ROUND = 1802, SUM = 13208708, bChange = 0.00311601, totNum = 38
ROUND = 1803, SUM = 13208708, bChange = 0.00311605, totNum = 38
ROUND = 1804, SUM = 13208708, bChange = 0.0031161, totNum = 38
ROUND = 1805, SUM = 13208708, bChange = 0.00311615, totNum = 38
ROUND = 1806, SUM = 13208708, bChange = 0.0031162, totNum = 37
ROUND = 1807, SUM = 13208707.9999999, bChange = 0.00311624, totNum = 37
ROUND = 1808, SUM = 13208708, bChange = 0.00311629, totNum = 37
ROUND = 1809, SUM = 13208708, bChange = 0.00311634, totNum = 37
ROUND = 1810, SUM = 13208708, bChange = 0.00311638, totNum = 37
ROUND = 1811, SUM = 13208708, bChange = 0.00311643, totNum = 37
ROUND = 1812, SUM = 13208708, bChange = 0.00311648, totNum = 37
ROUND = 1813, SUM = 13208707.9999999, bChange = 0.00311652, totNum = 37
ROUND = 1814, SUM = 13208708, bChange = 0.00311657, totNum = 37
ROUND = 1815, SUM = 13208708, bChange = 0.00311662, totNum = 37
ROUND = 1816, SUM = 13208708, bChange = 0.00311666, totNum = 37
ROUND = 1817, SUM = 13208708, bChange = 0.00311671, totNum = 37
ROUND = 1818, SUM = 13208708, bChange = 0.00311675, totNum = 37
ROUND = 1819, SUM = 13208708, bChange = 0.0031168, totNum = 36
ROUND = 1820, SUM = 13208708, bChange = 0.00311685, totNum = 36
ROUND = 1821, SUM = 13208708, bChange = 0.00311689, totNum = 36
ROUND = 1822, SUM = 13208708, bChange = 0.00311694, totNum = 36
ROUND = 1823, SUM = 13208708, bChange = 0.00311698, totNum = 36
ROUND = 1824, SUM = 13208708, bChange = 0.00311703, totNum = 36
ROUND = 1825, SUM = 13208708, bChange = 0.00311707, totNum = 36
ROUND = 1826, SUM = 13208708, bChange = 0.00311711, totNum = 36
ROUND = 1827, SUM = 13208708, bChange = 0.00311716, totNum = 36
ROUND = 1828, SUM = 13208708, bChange = 0.0031172, totNum = 36
ROUND = 1829, SUM = 13208708, bChange = 0.00311725, totNum = 36
ROUND = 1830, SUM = 13208708, bChange = 0.00311729, totNum = 36
ROUND = 1831, SUM = 13208707.9999999, bChange = 0.00311734, totNum = 36
ROUND = 1832, SUM = 13208708, bChange = 0.00311738, totNum = 36
ROUND = 1833, SUM = 13208708, bChange = 0.00311742, totNum = 36
ROUND = 1834, SUM = 13208708, bChange = 0.00311747, totNum = 36
ROUND = 1835, SUM = 13208708, bChange = 0.00311751, totNum = 36
ROUND = 1836, SUM = 13208708, bChange = 0.00311755, totNum = 36
ROUND = 1837, SUM = 13208708, bChange = 0.0031176, totNum = 36
ROUND = 1838, SUM = 13208708, bChange = 0.00311764, totNum = 36
ROUND = 1839, SUM = 13208708, bChange = 0.00311768, totNum = 36
ROUND = 1840, SUM = 13208708, bChange = 0.00311772, totNum = 36
ROUND = 1841, SUM = 13208708, bChange = 0.00311777, totNum = 36
ROUND = 1842, SUM = 13208708, bChange = 0.00311781, totNum = 36
ROUND = 1843, SUM = 13208708, bChange = 0.00311785, totNum = 36
ROUND = 1844, SUM = 13208708, bChange = 0.00311789, totNum = 36
ROUND = 1845, SUM = 13208708, bChange = 0.00311794, totNum = 36
ROUND = 1846, SUM = 13208708, bChange = 0.00311798, totNum = 36
ROUND = 1847, SUM = 13208708, bChange = 0.00311802, totNum = 36
ROUND = 1848, SUM = 13208708, bChange = 0.00311806, totNum = 36
ROUND = 1849, SUM = 13208708, bChange = 0.0031181, totNum = 35
ROUND = 1850, SUM = 13208708, bChange = 0.00311814, totNum = 35
ROUND = 1851, SUM = 13208708, bChange = 0.00311819, totNum = 35
ROUND = 1852, SUM = 13208708, bChange = 0.00245313, totNum = 34
ROUND = 1853, SUM = 13208708, bChange = 0.00245315, totNum = 33
ROUND = 1854, SUM = 13208708, bChange = 0.00245318, totNum = 33
ROUND = 1855, SUM = 13208708, bChange = 0.0024532, totNum = 33
ROUND = 1856, SUM = 13208708, bChange = 0.00245323, totNum = 33
ROUND = 1857, SUM = 13208708, bChange = 0.00245325, totNum = 33
ROUND = 1858, SUM = 13208708, bChange = 0.00245328, totNum = 33
ROUND = 1859, SUM = 13208708, bChange = 0.0024533, totNum = 33
ROUND = 1860, SUM = 13208708, bChange = 0.00245333, totNum = 33
ROUND = 1861, SUM = 13208708, bChange = 0.00245335, totNum = 33
ROUND = 1862, SUM = 13208708, bChange = 0.00245337, totNum = 33
ROUND = 1863, SUM = 13208708, bChange = 0.0024534, totNum = 33
ROUND = 1864, SUM = 13208708, bChange = 0.00245342, totNum = 33
ROUND = 1865, SUM = 13208708, bChange = 0.00245345, totNum = 33
ROUND = 1866, SUM = 13208708, bChange = 0.00245347, totNum = 33
ROUND = 1867, SUM = 13208708, bChange = 0.0024535, totNum = 33
ROUND = 1868, SUM = 13208708, bChange = 0.00245352, totNum = 33
ROUND = 1869, SUM = 13208708, bChange = 0.00245354, totNum = 33
ROUND = 1870, SUM = 13208708, bChange = 0.00245357, totNum = 33
ROUND = 1871, SUM = 13208708, bChange = 0.00245359, totNum = 33
ROUND = 1872, SUM = 13208708, bChange = 0.00245362, totNum = 33
ROUND = 1873, SUM = 13208708, bChange = 0.00245364, totNum = 33
ROUND = 1874, SUM = 13208708, bChange = 0.00245366, totNum = 33
ROUND = 1875, SUM = 13208708, bChange = 0.00245369, totNum = 33
ROUND = 1876, SUM = 13208708, bChange = 0.00245371, totNum = 33
ROUND = 1877, SUM = 13208708, bChange = 0.00245373, totNum = 33
ROUND = 1878, SUM = 13208708, bChange = 0.00245376, totNum = 33
ROUND = 1879, SUM = 13208708, bChange = 0.00245378, totNum = 33
ROUND = 1880, SUM = 13208708, bChange = 0.0024538, totNum = 33
ROUND = 1881, SUM = 13208708, bChange = 0.00245383, totNum = 33
ROUND = 1882, SUM = 13208708, bChange = 0.00245385, totNum = 33
ROUND = 1883, SUM = 13208708, bChange = 0.00245387, totNum = 33
ROUND = 1884, SUM = 13208708, bChange = 0.0024539, totNum = 33
ROUND = 1885, SUM = 13208708, bChange = 0.00245392, totNum = 33
ROUND = 1886, SUM = 13208708, bChange = 0.00245394, totNum = 33
ROUND = 1887, SUM = 13208708, bChange = 0.00245396, totNum = 33
ROUND = 1888, SUM = 13208708, bChange = 0.00245399, totNum = 33
ROUND = 1889, SUM = 13208708, bChange = 0.00245401, totNum = 33
ROUND = 1890, SUM = 13208708, bChange = 0.00245403, totNum = 33
ROUND = 1891, SUM = 13208708, bChange = 0.00245406, totNum = 33
ROUND = 1892, SUM = 13208708, bChange = 0.00245408, totNum = 33
ROUND = 1893, SUM = 13208708, bChange = 0.0024541, totNum = 33
ROUND = 1894, SUM = 13208708, bChange = 0.00245412, totNum = 33
ROUND = 1895, SUM = 13208708, bChange = 0.00245415, totNum = 33
ROUND = 1896, SUM = 13208708, bChange = 0.00245417, totNum = 33
ROUND = 1897, SUM = 13208708, bChange = 0.00245419, totNum = 33
ROUND = 1898, SUM = 13208708, bChange = 0.00245421, totNum = 33
ROUND = 1899, SUM = 13208708, bChange = 0.00245423, totNum = 33
ROUND = 1900, SUM = 13208708, bChange = 0.00245426, totNum = 33
ROUND = 1901, SUM = 13208708, bChange = 0.00245428, totNum = 33
ROUND = 1902, SUM = 13208708, bChange = 0.0024543, totNum = 33
ROUND = 1903, SUM = 13208708, bChange = 0.00245432, totNum = 33
ROUND = 1904, SUM = 13208708, bChange = 0.00245435, totNum = 32
ROUND = 1905, SUM = 13208708, bChange = 0.00245437, totNum = 32
ROUND = 1906, SUM = 13208708, bChange = 0.00245439, totNum = 32
ROUND = 1907, SUM = 13208708, bChange = 0.00245441, totNum = 32
ROUND = 1908, SUM = 13208708, bChange = 0.00245443, totNum = 32
ROUND = 1909, SUM = 13208708, bChange = 0.00245445, totNum = 32
ROUND = 1910, SUM = 13208708, bChange = 0.00245448, totNum = 32
ROUND = 1911, SUM = 13208708, bChange = 0.0024545, totNum = 32
ROUND = 1912, SUM = 13208708, bChange = 0.00245452, totNum = 32
ROUND = 1913, SUM = 13208708, bChange = 0.00245454, totNum = 32
ROUND = 1914, SUM = 13208708, bChange = 0.00245456, totNum = 32
ROUND = 1915, SUM = 13208708, bChange = 0.00245458, totNum = 32
ROUND = 1916, SUM = 13208707.9999999, bChange = 0.0024546, totNum = 32
ROUND = 1917, SUM = 13208708, bChange = 0.00245463, totNum = 32
ROUND = 1918, SUM = 13208708, bChange = 0.00245465, totNum = 32
ROUND = 1919, SUM = 13208708, bChange = 0.00245467, totNum = 32
ROUND = 1920, SUM = 13208708, bChange = 0.00245469, totNum = 32
ROUND = 1921, SUM = 13208708, bChange = 0.00245471, totNum = 31
ROUND = 1922, SUM = 13208708, bChange = 0.00245473, totNum = 31
ROUND = 1923, SUM = 13208708, bChange = 0.00245475, totNum = 31
ROUND = 1924, SUM = 13208708, bChange = 0.00245477, totNum = 31
ROUND = 1925, SUM = 13208708, bChange = 0.00245479, totNum = 30
ROUND = 1926, SUM = 13208708, bChange = 0.00245481, totNum = 30
ROUND = 1927, SUM = 13208708, bChange = 0.00245483, totNum = 30
ROUND = 1928, SUM = 13208708, bChange = 0.00245486, totNum = 30
ROUND = 1929, SUM = 13208708, bChange = 0.00245488, totNum = 30
ROUND = 1930, SUM = 13208708, bChange = 0.0024549, totNum = 29
ROUND = 1931, SUM = 13208708, bChange = 0.00245492, totNum = 29
ROUND = 1932, SUM = 13208708, bChange = 0.00245494, totNum = 29
ROUND = 1933, SUM = 13208708, bChange = 0.00245496, totNum = 29
ROUND = 1934, SUM = 13208708, bChange = 0.00245498, totNum = 29
ROUND = 1935, SUM = 13208708, bChange = 0.002455, totNum = 29
ROUND = 1936, SUM = 13208708, bChange = 0.00245502, totNum = 29
ROUND = 1937, SUM = 13208708, bChange = 0.00245504, totNum = 29
ROUND = 1938, SUM = 13208708, bChange = 0.00245506, totNum = 29
ROUND = 1939, SUM = 13208708, bChange = 0.00245508, totNum = 29
ROUND = 1940, SUM = 13208708, bChange = 0.0024551, totNum = 29
ROUND = 1941, SUM = 13208708, bChange = 0.00245512, totNum = 29
ROUND = 1942, SUM = 13208708, bChange = 0.00245514, totNum = 29
ROUND = 1943, SUM = 13208708, bChange = 0.00245516, totNum = 29
ROUND = 1944, SUM = 13208708, bChange = 0.00245518, totNum = 29
ROUND = 1945, SUM = 13208707.9999999, bChange = 0.0024552, totNum = 29
ROUND = 1946, SUM = 13208707.9999999, bChange = 0.00245522, totNum = 29
ROUND = 1947, SUM = 13208708, bChange = 0.00245524, totNum = 29
ROUND = 1948, SUM = 13208708, bChange = 0.00245526, totNum = 29
ROUND = 1949, SUM = 13208708, bChange = 0.00245528, totNum = 29
ROUND = 1950, SUM = 13208708, bChange = 0.0024553, totNum = 29
ROUND = 1951, SUM = 13208708, bChange = 0.00245532, totNum = 29
ROUND = 1952, SUM = 13208708, bChange = 0.00245534, totNum = 29
ROUND = 1953, SUM = 13208707.9999999, bChange = 0.00245536, totNum = 29
ROUND = 1954, SUM = 13208708, bChange = 0.00245538, totNum = 29
ROUND = 1955, SUM = 13208708, bChange = 0.00245539, totNum = 28
ROUND = 1956, SUM = 13208708, bChange = 0.00245541, totNum = 28
ROUND = 1957, SUM = 13208708, bChange = 0.00245543, totNum = 28
ROUND = 1958, SUM = 13208708, bChange = 0.00245545, totNum = 28
ROUND = 1959, SUM = 13208708, bChange = 0.00245547, totNum = 28
ROUND = 1960, SUM = 13208708, bChange = 0.00245549, totNum = 28
ROUND = 1961, SUM = 13208708, bChange = 0.00245551, totNum = 28
ROUND = 1962, SUM = 13208708, bChange = 0.00245553, totNum = 28
ROUND = 1963, SUM = 13208708, bChange = 0.00245555, totNum = 28
ROUND = 1964, SUM = 13208708, bChange = 0.00245557, totNum = 28
ROUND = 1965, SUM = 13208708, bChange = 0.00245559, totNum = 28
ROUND = 1966, SUM = 13208708, bChange = 0.0024556, totNum = 28
ROUND = 1967, SUM = 13208708, bChange = 0.00245562, totNum = 28
ROUND = 1968, SUM = 13208708, bChange = 0.00245564, totNum = 28
ROUND = 1969, SUM = 13208708, bChange = 0.00245566, totNum = 28
ROUND = 1970, SUM = 13208708, bChange = 0.00245568, totNum = 28
ROUND = 1971, SUM = 13208708, bChange = 0.0024557, totNum = 28
ROUND = 1972, SUM = 13208708, bChange = 0.00245572, totNum = 28
ROUND = 1973, SUM = 13208707.9999999, bChange = 0.00245573, totNum = 28
ROUND = 1974, SUM = 13208708, bChange = 0.00245575, totNum = 28
ROUND = 1975, SUM = 13208708, bChange = 0.00245577, totNum = 28
ROUND = 1976, SUM = 13208708, bChange = 0.00245579, totNum = 28
ROUND = 1977, SUM = 13208708, bChange = 0.00245581, totNum = 28
ROUND = 1978, SUM = 13208708, bChange = 0.00245583, totNum = 28
ROUND = 1979, SUM = 13208708, bChange = 0.00245584, totNum = 28
ROUND = 1980, SUM = 13208708, bChange = 0.00245586, totNum = 28
ROUND = 1981, SUM = 13208708, bChange = 0.00245588, totNum = 28
ROUND = 1982, SUM = 13208708, bChange = 0.0024559, totNum = 28
ROUND = 1983, SUM = 13208708, bChange = 0.00245592, totNum = 28
ROUND = 1984, SUM = 13208708, bChange = 0.00245593, totNum = 28
ROUND = 1985, SUM = 13208708, bChange = 0.00245595, totNum = 28
ROUND = 1986, SUM = 13208708, bChange = 0.00245597, totNum = 28
ROUND = 1987, SUM = 13208708, bChange = 0.00245599, totNum = 27
ROUND = 1988, SUM = 13208708, bChange = 0.00245601, totNum = 27
ROUND = 1989, SUM = 13208708, bChange = 0.00245602, totNum = 27
ROUND = 1990, SUM = 13208708, bChange = 0.00245604, totNum = 27
ROUND = 1991, SUM = 13208708, bChange = 0.00245606, totNum = 27
ROUND = 1992, SUM = 13208708, bChange = 0.00245608, totNum = 27
ROUND = 1993, SUM = 13208708, bChange = 0.00245609, totNum = 27
ROUND = 1994, SUM = 13208708, bChange = 0.00245611, totNum = 27
ROUND = 1995, SUM = 13208708, bChange = 0.00245613, totNum = 27
ROUND = 1996, SUM = 13208708, bChange = 0.00245615, totNum = 27
ROUND = 1997, SUM = 13208708, bChange = 0.00245616, totNum = 27
ROUND = 1998, SUM = 13208708, bChange = 0.00245618, totNum = 27
ROUND = 1999, SUM = 13208708, bChange = 0.0024562, totNum = 27
ROUND = 2000, SUM = 13208708, bChange = 0.00245622, totNum = 27
ROUND = 2001, SUM = 13208708, bChange = 0.00245623, totNum = 27
ROUND = 2002, SUM = 13208708, bChange = 0.00245625, totNum = 27
ROUND = 2003, SUM = 13208708, bChange = 0.00245627, totNum = 27
ROUND = 2004, SUM = 13208708, bChange = 0.00245628, totNum = 27
ROUND = 2005, SUM = 13208708, bChange = 0.0024563, totNum = 27
ROUND = 2006, SUM = 13208708, bChange = 0.00245632, totNum = 27
ROUND = 2007, SUM = 13208708, bChange = 0.00245634, totNum = 27
ROUND = 2008, SUM = 13208708, bChange = 0.00245635, totNum = 27
ROUND = 2009, SUM = 13208708, bChange = 0.00245637, totNum = 27
ROUND = 2010, SUM = 13208708, bChange = 0.00245639, totNum = 27
ROUND = 2011, SUM = 13208708, bChange = 0.0024564, totNum = 27
ROUND = 2012, SUM = 13208708, bChange = 0.00245642, totNum = 27
ROUND = 2013, SUM = 13208708, bChange = 0.00245644, totNum = 27
ROUND = 2014, SUM = 13208708, bChange = 0.00245645, totNum = 27
ROUND = 2015, SUM = 13208708, bChange = 0.00245647, totNum = 27
ROUND = 2016, SUM = 13208708, bChange = 0.00245649, totNum = 27
ROUND = 2017, SUM = 13208708, bChange = 0.0024565, totNum = 27
ROUND = 2018, SUM = 13208708, bChange = 0.00245652, totNum = 27
ROUND = 2019, SUM = 13208708, bChange = 0.00245654, totNum = 27
ROUND = 2020, SUM = 13208708, bChange = 0.00245655, totNum = 27
ROUND = 2021, SUM = 13208708, bChange = 0.00245657, totNum = 27
ROUND = 2022, SUM = 13208708, bChange = 0.00245659, totNum = 27
ROUND = 2023, SUM = 13208708, bChange = 0.0024566, totNum = 27
ROUND = 2024, SUM = 13208708, bChange = 0.00245662, totNum = 27
ROUND = 2025, SUM = 13208708, bChange = 0.00245663, totNum = 27
ROUND = 2026, SUM = 13208708, bChange = 0.00245665, totNum = 27
ROUND = 2027, SUM = 13208708, bChange = 0.00245667, totNum = 27
ROUND = 2028, SUM = 13208708, bChange = 0.00245668, totNum = 27
ROUND = 2029, SUM = 13208708, bChange = 0.0024567, totNum = 27
ROUND = 2030, SUM = 13208708, bChange = 0.00245671, totNum = 27
ROUND = 2031, SUM = 13208708, bChange = 0.00245673, totNum = 27
ROUND = 2032, SUM = 13208708, bChange = 0.00245675, totNum = 27
ROUND = 2033, SUM = 13208708, bChange = 0.00245676, totNum = 27
ROUND = 2034, SUM = 13208708, bChange = 0.00245678, totNum = 27
ROUND = 2035, SUM = 13208708, bChange = 0.00245679, totNum = 27
ROUND = 2036, SUM = 13208708, bChange = 0.00245681, totNum = 27
ROUND = 2037, SUM = 13208708, bChange = 0.00245683, totNum = 27
ROUND = 2038, SUM = 13208708, bChange = 0.00245684, totNum = 27
ROUND = 2039, SUM = 13208708, bChange = 0.00245686, totNum = 27
ROUND = 2040, SUM = 13208708, bChange = 0.00245687, totNum = 27
ROUND = 2041, SUM = 13208708, bChange = 0.00245689, totNum = 27
ROUND = 2042, SUM = 13208708, bChange = 0.0024569, totNum = 27
ROUND = 2043, SUM = 13208708, bChange = 0.00245692, totNum = 27
ROUND = 2044, SUM = 13208708, bChange = 0.00245693, totNum = 27
ROUND = 2045, SUM = 13208708, bChange = 0.00245695, totNum = 27
ROUND = 2046, SUM = 13208708, bChange = 0.00245697, totNum = 27
ROUND = 2047, SUM = 13208708, bChange = 0.00245698, totNum = 27
ROUND = 2048, SUM = 13208708, bChange = 0.002457, totNum = 27
ROUND = 2049, SUM = 13208708, bChange = 0.00245701, totNum = 27
ROUND = 2050, SUM = 13208708, bChange = 0.00245703, totNum = 27
ROUND = 2051, SUM = 13208708, bChange = 0.00245704, totNum = 27
ROUND = 2052, SUM = 13208708, bChange = 0.00245706, totNum = 27
ROUND = 2053, SUM = 13208708, bChange = 0.00245707, totNum = 27
ROUND = 2054, SUM = 13208708, bChange = 0.00245709, totNum = 27
ROUND = 2055, SUM = 13208708, bChange = 0.0024571, totNum = 27
ROUND = 2056, SUM = 13208708, bChange = 0.00245712, totNum = 27
ROUND = 2057, SUM = 13208708, bChange = 0.00245713, totNum = 27
ROUND = 2058, SUM = 13208708, bChange = 0.00245715, totNum = 27
ROUND = 2059, SUM = 13208708, bChange = 0.00245716, totNum = 27
ROUND = 2060, SUM = 13208708, bChange = 0.00245718, totNum = 26
ROUND = 2061, SUM = 13208708, bChange = 0.00245719, totNum = 26
ROUND = 2062, SUM = 13208708, bChange = 0.00245721, totNum = 26
ROUND = 2063, SUM = 13208708, bChange = 0.00245722, totNum = 26
ROUND = 2064, SUM = 13208708, bChange = 0.00245724, totNum = 26
ROUND = 2065, SUM = 13208708, bChange = 0.00245725, totNum = 26
ROUND = 2066, SUM = 13208708, bChange = 0.00245727, totNum = 26
ROUND = 2067, SUM = 13208708, bChange = 0.00245728, totNum = 26
ROUND = 2068, SUM = 13208708, bChange = 0.0024573, totNum = 26
ROUND = 2069, SUM = 13208708, bChange = 0.00245731, totNum = 26
ROUND = 2070, SUM = 13208708, bChange = 0.00245732, totNum = 26
ROUND = 2071, SUM = 13208708, bChange = 0.00245734, totNum = 26
ROUND = 2072, SUM = 13208708, bChange = 0.00245735, totNum = 26
ROUND = 2073, SUM = 13208708, bChange = 0.00245737, totNum = 26
ROUND = 2074, SUM = 13208708, bChange = 0.00245738, totNum = 26
ROUND = 2075, SUM = 13208708, bChange = 0.0024574, totNum = 26
ROUND = 2076, SUM = 13208708, bChange = 0.00245741, totNum = 26
ROUND = 2077, SUM = 13208708, bChange = 0.00245742, totNum = 26
ROUND = 2078, SUM = 13208708, bChange = 0.00245744, totNum = 26
ROUND = 2079, SUM = 13208708, bChange = 0.00245745, totNum = 26
ROUND = 2080, SUM = 13208708, bChange = 0.00245747, totNum = 26
ROUND = 2081, SUM = 13208708, bChange = 0.00245748, totNum = 26
ROUND = 2082, SUM = 13208708, bChange = 0.0024575, totNum = 26
ROUND = 2083, SUM = 13208708, bChange = 0.00245751, totNum = 26
ROUND = 2084, SUM = 13208708, bChange = 0.00245752, totNum = 26
ROUND = 2085, SUM = 13208708, bChange = 0.00245754, totNum = 26
ROUND = 2086, SUM = 13208708, bChange = 0.00245755, totNum = 26
ROUND = 2087, SUM = 13208708, bChange = 0.00245757, totNum = 26
ROUND = 2088, SUM = 13208708, bChange = 0.00245758, totNum = 26
ROUND = 2089, SUM = 13208708, bChange = 0.00245759, totNum = 26
ROUND = 2090, SUM = 13208708, bChange = 0.00245761, totNum = 26
ROUND = 2091, SUM = 13208708, bChange = 0.00245762, totNum = 26
ROUND = 2092, SUM = 13208708, bChange = 0.00245763, totNum = 26
ROUND = 2093, SUM = 13208708, bChange = 0.00245765, totNum = 26
ROUND = 2094, SUM = 13208708, bChange = 0.00245766, totNum = 26
ROUND = 2095, SUM = 13208708, bChange = 0.00245768, totNum = 26
ROUND = 2096, SUM = 13208708, bChange = 0.00245769, totNum = 26
ROUND = 2097, SUM = 13208708, bChange = 0.0024577, totNum = 26
ROUND = 2098, SUM = 13208708, bChange = 0.00245772, totNum = 26
ROUND = 2099, SUM = 13208708, bChange = 0.00245773, totNum = 26
ROUND = 2100, SUM = 13208708, bChange = 0.00245774, totNum = 26
ROUND = 2101, SUM = 13208708, bChange = 0.00245776, totNum = 26
ROUND = 2102, SUM = 13208708, bChange = 0.00245777, totNum = 26
ROUND = 2103, SUM = 13208708, bChange = 0.00245778, totNum = 26
ROUND = 2104, SUM = 13208708, bChange = 0.0024578, totNum = 26
ROUND = 2105, SUM = 13208708, bChange = 0.00245781, totNum = 26
ROUND = 2106, SUM = 13208708, bChange = 0.00245782, totNum = 26
ROUND = 2107, SUM = 13208708, bChange = 0.00245784, totNum = 26
ROUND = 2108, SUM = 13208708, bChange = 0.00245785, totNum = 26
ROUND = 2109, SUM = 13208708, bChange = 0.00245786, totNum = 26
ROUND = 2110, SUM = 13208708, bChange = 0.00245788, totNum = 26
ROUND = 2111, SUM = 13208708, bChange = 0.00245789, totNum = 26
ROUND = 2112, SUM = 13208708, bChange = 0.0024579, totNum = 26
ROUND = 2113, SUM = 13208708, bChange = 0.00245792, totNum = 26
ROUND = 2114, SUM = 13208708, bChange = 0.00245793, totNum = 26
ROUND = 2115, SUM = 13208708, bChange = 0.00245794, totNum = 26
ROUND = 2116, SUM = 13208708, bChange = 0.00245795, totNum = 26
ROUND = 2117, SUM = 13208708, bChange = 0.00245797, totNum = 26
ROUND = 2118, SUM = 13208708, bChange = 0.00245798, totNum = 26
ROUND = 2119, SUM = 13208708, bChange = 0.00245799, totNum = 26
ROUND = 2120, SUM = 13208708, bChange = 0.00245801, totNum = 26
ROUND = 2121, SUM = 13208708, bChange = 0.00245802, totNum = 26
ROUND = 2122, SUM = 13208708, bChange = 0.00245803, totNum = 26
ROUND = 2123, SUM = 13208708, bChange = 0.00245804, totNum = 26
ROUND = 2124, SUM = 13208708, bChange = 0.00245806, totNum = 26
ROUND = 2125, SUM = 13208708, bChange = 0.00245807, totNum = 26
ROUND = 2126, SUM = 13208708, bChange = 0.00245808, totNum = 26
ROUND = 2127, SUM = 13208708, bChange = 0.00245809, totNum = 26
ROUND = 2128, SUM = 13208708, bChange = 0.00245811, totNum = 26
ROUND = 2129, SUM = 13208708, bChange = 0.00245812, totNum = 26
ROUND = 2130, SUM = 13208708, bChange = 0.00245813, totNum = 26
ROUND = 2131, SUM = 13208708, bChange = 0.00245814, totNum = 26
ROUND = 2132, SUM = 13208708, bChange = 0.00245816, totNum = 26
ROUND = 2133, SUM = 13208708, bChange = 0.00245817, totNum = 26
ROUND = 2134, SUM = 13208708, bChange = 0.00245818, totNum = 26
ROUND = 2135, SUM = 13208708, bChange = 0.00245819, totNum = 26
ROUND = 2136, SUM = 13208708, bChange = 0.00245821, totNum = 26
ROUND = 2137, SUM = 13208708, bChange = 0.00245822, totNum = 26
ROUND = 2138, SUM = 13208708, bChange = 0.00245823, totNum = 26
ROUND = 2139, SUM = 13208708, bChange = 0.00245824, totNum = 26
ROUND = 2140, SUM = 13208708, bChange = 0.00245826, totNum = 26
ROUND = 2141, SUM = 13208708, bChange = 0.00245827, totNum = 26
ROUND = 2142, SUM = 13208708, bChange = 0.00245828, totNum = 26
ROUND = 2143, SUM = 13208708, bChange = 0.00245829, totNum = 26
ROUND = 2144, SUM = 13208708, bChange = 0.0024583, totNum = 25
ROUND = 2145, SUM = 13208708, bChange = 0.00245832, totNum = 25
ROUND = 2146, SUM = 13208708, bChange = 0.00245833, totNum = 25
ROUND = 2147, SUM = 13208708, bChange = 0.00245834, totNum = 25
ROUND = 2148, SUM = 13208708, bChange = 0.00245835, totNum = 25
ROUND = 2149, SUM = 13208707.9999999, bChange = 0.00245836, totNum = 25
ROUND = 2150, SUM = 13208708, bChange = 0.00245838, totNum = 25
ROUND = 2151, SUM = 13208708, bChange = 0.00245839, totNum = 25
ROUND = 2152, SUM = 13208708, bChange = 0.0024584, totNum = 25
ROUND = 2153, SUM = 13208708, bChange = 0.00245841, totNum = 25
ROUND = 2154, SUM = 13208708, bChange = 0.00245842, totNum = 25
ROUND = 2155, SUM = 13208708, bChange = 0.00245843, totNum = 25
ROUND = 2156, SUM = 13208708, bChange = 0.00245845, totNum = 25
ROUND = 2157, SUM = 13208708, bChange = 0.00245846, totNum = 25
ROUND = 2158, SUM = 13208708, bChange = 0.00245847, totNum = 25
ROUND = 2159, SUM = 13208708, bChange = 0.00245848, totNum = 25
ROUND = 2160, SUM = 13208708, bChange = 0.00245849, totNum = 25
ROUND = 2161, SUM = 13208708, bChange = 0.0024585, totNum = 25
ROUND = 2162, SUM = 13208708, bChange = 0.00245852, totNum = 25
ROUND = 2163, SUM = 13208708, bChange = 0.00245853, totNum = 25
ROUND = 2164, SUM = 13208708, bChange = 0.00245854, totNum = 25
ROUND = 2165, SUM = 13208708, bChange = 0.00245855, totNum = 25
ROUND = 2166, SUM = 13208708, bChange = 0.00245856, totNum = 25
ROUND = 2167, SUM = 13208708, bChange = 0.00245857, totNum = 25
ROUND = 2168, SUM = 13208708, bChange = 0.00245858, totNum = 25
ROUND = 2169, SUM = 13208708, bChange = 0.0024586, totNum = 25
ROUND = 2170, SUM = 13208708, bChange = 0.00245861, totNum = 25
ROUND = 2171, SUM = 13208708, bChange = 0.00245862, totNum = 25
ROUND = 2172, SUM = 13208708, bChange = 0.00245863, totNum = 25
ROUND = 2173, SUM = 13208708, bChange = 0.00245864, totNum = 25
ROUND = 2174, SUM = 13208708, bChange = 0.00245865, totNum = 25
ROUND = 2175, SUM = 13208708, bChange = 0.00245866, totNum = 25
ROUND = 2176, SUM = 13208708, bChange = 0.00245867, totNum = 25
ROUND = 2177, SUM = 13208708, bChange = 0.00245869, totNum = 25
ROUND = 2178, SUM = 13208708, bChange = 0.0024587, totNum = 25
ROUND = 2179, SUM = 13208708, bChange = 0.00245871, totNum = 25
ROUND = 2180, SUM = 13208708, bChange = 0.00245872, totNum = 25
ROUND = 2181, SUM = 13208708, bChange = 0.00245873, totNum = 25
ROUND = 2182, SUM = 13208708, bChange = 0.00245874, totNum = 25
ROUND = 2183, SUM = 13208708, bChange = 0.00245875, totNum = 25
ROUND = 2184, SUM = 13208708, bChange = 0.00245876, totNum = 25
ROUND = 2185, SUM = 13208708, bChange = 0.00245877, totNum = 24
ROUND = 2186, SUM = 13208708, bChange = 0.00245878, totNum = 23
ROUND = 2187, SUM = 13208708, bChange = 0.0024588, totNum = 23
ROUND = 2188, SUM = 13208708, bChange = 0.00245881, totNum = 23
ROUND = 2189, SUM = 13208708, bChange = 0.00245882, totNum = 23
ROUND = 2190, SUM = 13208708, bChange = 0.00245883, totNum = 23
ROUND = 2191, SUM = 13208708, bChange = 0.00245884, totNum = 22
ROUND = 2192, SUM = 13208708, bChange = 0.00245885, totNum = 22
ROUND = 2193, SUM = 13208708, bChange = 0.00245886, totNum = 22
ROUND = 2194, SUM = 13208708, bChange = 0.00245887, totNum = 22
ROUND = 2195, SUM = 13208708, bChange = 0.00245888, totNum = 22
ROUND = 2196, SUM = 13208708, bChange = 0.00245889, totNum = 22
ROUND = 2197, SUM = 13208708, bChange = 0.0024589, totNum = 22
ROUND = 2198, SUM = 13208708, bChange = 0.00245891, totNum = 22
ROUND = 2199, SUM = 13208708, bChange = 0.00245892, totNum = 22
ROUND = 2200, SUM = 13208708, bChange = 0.00245893, totNum = 22
ROUND = 2201, SUM = 13208708, bChange = 0.00245894, totNum = 22
ROUND = 2202, SUM = 13208708, bChange = 0.00245896, totNum = 22
ROUND = 2203, SUM = 13208708, bChange = 0.00245897, totNum = 22
ROUND = 2204, SUM = 13208708, bChange = 0.00245898, totNum = 22
ROUND = 2205, SUM = 13208708, bChange = 0.00245899, totNum = 22
ROUND = 2206, SUM = 13208708, bChange = 0.002459, totNum = 22
ROUND = 2207, SUM = 13208708, bChange = 0.00245901, totNum = 22
ROUND = 2208, SUM = 13208708, bChange = 0.00245902, totNum = 22
ROUND = 2209, SUM = 13208708, bChange = 0.00245903, totNum = 22
ROUND = 2210, SUM = 13208708, bChange = 0.00245904, totNum = 22
ROUND = 2211, SUM = 13208708, bChange = 0.00245905, totNum = 22
ROUND = 2212, SUM = 13208708, bChange = 0.00245906, totNum = 22
ROUND = 2213, SUM = 13208708, bChange = 0.00245907, totNum = 22
ROUND = 2214, SUM = 13208708, bChange = 0.00245908, totNum = 22
ROUND = 2215, SUM = 13208708, bChange = 0.00245909, totNum = 22
ROUND = 2216, SUM = 13208708, bChange = 0.0024591, totNum = 22
ROUND = 2217, SUM = 13208708, bChange = 0.00245911, totNum = 22
ROUND = 2218, SUM = 13208708, bChange = 0.00245912, totNum = 22
ROUND = 2219, SUM = 13208708, bChange = 0.00245913, totNum = 22
ROUND = 2220, SUM = 13208708, bChange = 0.00245914, totNum = 22
ROUND = 2221, SUM = 13208708, bChange = 0.00245915, totNum = 22
ROUND = 2222, SUM = 13208708, bChange = 0.00245916, totNum = 22
ROUND = 2223, SUM = 13208708, bChange = 0.00245917, totNum = 22
ROUND = 2224, SUM = 13208708, bChange = 0.00245918, totNum = 22
ROUND = 2225, SUM = 13208708, bChange = 0.00245919, totNum = 22
ROUND = 2226, SUM = 13208708, bChange = 0.0024592, totNum = 22
ROUND = 2227, SUM = 13208708, bChange = 0.00245921, totNum = 22
ROUND = 2228, SUM = 13208708, bChange = 0.00245922, totNum = 22
ROUND = 2229, SUM = 13208708, bChange = 0.00245923, totNum = 22
ROUND = 2230, SUM = 13208708, bChange = 0.00245924, totNum = 22
ROUND = 2231, SUM = 13208708, bChange = 0.00245925, totNum = 22
ROUND = 2232, SUM = 13208708, bChange = 0.00245926, totNum = 22
ROUND = 2233, SUM = 13208708, bChange = 0.00245927, totNum = 22
ROUND = 2234, SUM = 13208708, bChange = 0.00245928, totNum = 22
ROUND = 2235, SUM = 13208708, bChange = 0.00245929, totNum = 22
ROUND = 2236, SUM = 13208708, bChange = 0.0024593, totNum = 22
ROUND = 2237, SUM = 13208708, bChange = 0.00245931, totNum = 22
ROUND = 2238, SUM = 13208708, bChange = 0.00245932, totNum = 22
ROUND = 2239, SUM = 13208708, bChange = 0.00245932, totNum = 22
ROUND = 2240, SUM = 13208708, bChange = 0.00245933, totNum = 22
ROUND = 2241, SUM = 13208708, bChange = 0.00245934, totNum = 22
ROUND = 2242, SUM = 13208708, bChange = 0.00245935, totNum = 22
ROUND = 2243, SUM = 13208708, bChange = 0.00245936, totNum = 22
ROUND = 2244, SUM = 13208708, bChange = 0.00245937, totNum = 22
ROUND = 2245, SUM = 13208708, bChange = 0.00245938, totNum = 22
ROUND = 2246, SUM = 13208708, bChange = 0.00245939, totNum = 22
ROUND = 2247, SUM = 13208708, bChange = 0.0024594, totNum = 22
ROUND = 2248, SUM = 13208707.9999999, bChange = 0.00245941, totNum = 22
ROUND = 2249, SUM = 13208708, bChange = 0.00245942, totNum = 22
ROUND = 2250, SUM = 13208708, bChange = 0.00245943, totNum = 22
ROUND = 2251, SUM = 13208708, bChange = 0.00245944, totNum = 22
ROUND = 2252, SUM = 13208708, bChange = 0.00245945, totNum = 22
ROUND = 2253, SUM = 13208708, bChange = 0.00245946, totNum = 22
ROUND = 2254, SUM = 13208708, bChange = 0.00245946, totNum = 22
ROUND = 2255, SUM = 13208708, bChange = 0.00245947, totNum = 22
ROUND = 2256, SUM = 13208708, bChange = 0.00245948, totNum = 22
ROUND = 2257, SUM = 13208708, bChange = 0.00245949, totNum = 22
ROUND = 2258, SUM = 13208708, bChange = 0.0024595, totNum = 22
ROUND = 2259, SUM = 13208708, bChange = 0.00245951, totNum = 22
ROUND = 2260, SUM = 13208708, bChange = 0.00245952, totNum = 22
ROUND = 2261, SUM = 13208708, bChange = 0.00245953, totNum = 22
ROUND = 2262, SUM = 13208708, bChange = 0.00245954, totNum = 21
ROUND = 2263, SUM = 13208708, bChange = 0.00245955, totNum = 21
ROUND = 2264, SUM = 13208708, bChange = 0.00245956, totNum = 20
ROUND = 2265, SUM = 13208708, bChange = 0.00245956, totNum = 20
ROUND = 2266, SUM = 13208708, bChange = 0.00245957, totNum = 20
ROUND = 2267, SUM = 13208708, bChange = 0.00245958, totNum = 20
ROUND = 2268, SUM = 13208708, bChange = 0.00245959, totNum = 20
ROUND = 2269, SUM = 13208708, bChange = 0.0024596, totNum = 20
ROUND = 2270, SUM = 13208708, bChange = 0.00245961, totNum = 20
ROUND = 2271, SUM = 13208708, bChange = 0.00245962, totNum = 20
ROUND = 2272, SUM = 13208708, bChange = 0.00245963, totNum = 20
ROUND = 2273, SUM = 13208708, bChange = 0.00245964, totNum = 20
ROUND = 2274, SUM = 13208708, bChange = 0.00245964, totNum = 20
ROUND = 2275, SUM = 13208708, bChange = 0.00245965, totNum = 20
ROUND = 2276, SUM = 13208708, bChange = 0.00245966, totNum = 20
ROUND = 2277, SUM = 13208708, bChange = 0.00245967, totNum = 20
ROUND = 2278, SUM = 13208708, bChange = 0.00245968, totNum = 20
ROUND = 2279, SUM = 13208708, bChange = 0.00245969, totNum = 20
ROUND = 2280, SUM = 13208708, bChange = 0.0024597, totNum = 20
ROUND = 2281, SUM = 13208708, bChange = 0.0024597, totNum = 20
ROUND = 2282, SUM = 13208708, bChange = 0.00245971, totNum = 20
ROUND = 2283, SUM = 13208708, bChange = 0.00245972, totNum = 20
ROUND = 2284, SUM = 13208708, bChange = 0.00245973, totNum = 20
ROUND = 2285, SUM = 13208708, bChange = 0.00245974, totNum = 20
ROUND = 2286, SUM = 13208708, bChange = 0.00245975, totNum = 20
ROUND = 2287, SUM = 13208708, bChange = 0.00245976, totNum = 20
ROUND = 2288, SUM = 13208708, bChange = 0.00245976, totNum = 20
ROUND = 2289, SUM = 13208708, bChange = 0.00245977, totNum = 19
ROUND = 2290, SUM = 13208708, bChange = 0.00245978, totNum = 19
ROUND = 2291, SUM = 13208708, bChange = 0.00245979, totNum = 19
ROUND = 2292, SUM = 13208708, bChange = 0.0024598, totNum = 19
ROUND = 2293, SUM = 13208708, bChange = 0.00245981, totNum = 19
ROUND = 2294, SUM = 13208708, bChange = 0.00245981, totNum = 19
ROUND = 2295, SUM = 13208708, bChange = 0.00245982, totNum = 19
ROUND = 2296, SUM = 13208708, bChange = 0.00245983, totNum = 19
ROUND = 2297, SUM = 13208708, bChange = 0.00245984, totNum = 19
ROUND = 2298, SUM = 13208708, bChange = 0.00245985, totNum = 18
ROUND = 2299, SUM = 13208708, bChange = 0.00245986, totNum = 18
ROUND = 2300, SUM = 13208708, bChange = 0.00245986, totNum = 18
ROUND = 2301, SUM = 13208708, bChange = 0.00245987, totNum = 18
ROUND = 2302, SUM = 13208708, bChange = 0.00245988, totNum = 17
ROUND = 2303, SUM = 13208708, bChange = 0.00245989, totNum = 17
ROUND = 2304, SUM = 13208708, bChange = 0.0024599, totNum = 17
ROUND = 2305, SUM = 13208708, bChange = 0.0024599, totNum = 17
ROUND = 2306, SUM = 13208708, bChange = 0.00245991, totNum = 17
ROUND = 2307, SUM = 13208708, bChange = 0.00245992, totNum = 17
ROUND = 2308, SUM = 13208708, bChange = 0.00245993, totNum = 17
ROUND = 2309, SUM = 13208708, bChange = 0.00245994, totNum = 17
ROUND = 2310, SUM = 13208708, bChange = 0.00245994, totNum = 17
ROUND = 2311, SUM = 13208708, bChange = 0.00245995, totNum = 17
ROUND = 2312, SUM = 13208708, bChange = 0.00245996, totNum = 17
ROUND = 2313, SUM = 13208708, bChange = 0.00245997, totNum = 17
ROUND = 2314, SUM = 13208708, bChange = 0.00245998, totNum = 17
ROUND = 2315, SUM = 13208708, bChange = 0.00245998, totNum = 17
ROUND = 2316, SUM = 13208708, bChange = 0.00245999, totNum = 17
ROUND = 2317, SUM = 13208708, bChange = 0.00246, totNum = 17
ROUND = 2318, SUM = 13208708, bChange = 0.00246001, totNum = 17
ROUND = 2319, SUM = 13208708, bChange = 0.00246002, totNum = 17
ROUND = 2320, SUM = 13208708, bChange = 0.00246002, totNum = 17
ROUND = 2321, SUM = 13208708, bChange = 0.00246003, totNum = 17
ROUND = 2322, SUM = 13208708, bChange = 0.00246004, totNum = 17
ROUND = 2323, SUM = 13208708, bChange = 0.00246005, totNum = 17
ROUND = 2324, SUM = 13208708, bChange = 0.00246005, totNum = 17
ROUND = 2325, SUM = 13208708, bChange = 0.00246006, totNum = 17
ROUND = 2326, SUM = 13208708, bChange = 0.00246007, totNum = 17
ROUND = 2327, SUM = 13208708, bChange = 0.00246008, totNum = 17
ROUND = 2328, SUM = 13208708, bChange = 0.00246009, totNum = 17
ROUND = 2329, SUM = 13208708, bChange = 0.00246009, totNum = 17
ROUND = 2330, SUM = 13208708, bChange = 0.0024601, totNum = 17
ROUND = 2331, SUM = 13208708, bChange = 0.00246011, totNum = 17
ROUND = 2332, SUM = 13208708, bChange = 0.00246012, totNum = 17
ROUND = 2333, SUM = 13208708, bChange = 0.00246012, totNum = 17
ROUND = 2334, SUM = 13208708, bChange = 0.00246013, totNum = 17
ROUND = 2335, SUM = 13208708, bChange = 0.00246014, totNum = 17
ROUND = 2336, SUM = 13208708, bChange = 0.00246015, totNum = 17
ROUND = 2337, SUM = 13208708, bChange = 0.00246015, totNum = 17
ROUND = 2338, SUM = 13208708, bChange = 0.00246016, totNum = 17
ROUND = 2339, SUM = 13208708, bChange = 0.00246017, totNum = 17
ROUND = 2340, SUM = 13208708, bChange = 0.00246018, totNum = 17
ROUND = 2341, SUM = 13208708, bChange = 0.00246018, totNum = 17
ROUND = 2342, SUM = 13208708, bChange = 0.00246019, totNum = 17
ROUND = 2343, SUM = 13208708, bChange = 0.0024602, totNum = 17
ROUND = 2344, SUM = 13208708, bChange = 0.00246021, totNum = 17
ROUND = 2345, SUM = 13208708, bChange = 0.00246021, totNum = 17
ROUND = 2346, SUM = 13208708, bChange = 0.00246022, totNum = 17
ROUND = 2347, SUM = 13208708, bChange = 0.00246023, totNum = 17
ROUND = 2348, SUM = 13208708, bChange = 0.00246023, totNum = 17
ROUND = 2349, SUM = 13208708, bChange = 0.00246024, totNum = 17
ROUND = 2350, SUM = 13208708, bChange = 0.00246025, totNum = 17
ROUND = 2351, SUM = 13208708, bChange = 0.00246026, totNum = 17
ROUND = 2352, SUM = 13208708, bChange = 0.00246026, totNum = 17
ROUND = 2353, SUM = 13208708, bChange = 0.00246027, totNum = 17
ROUND = 2354, SUM = 13208708, bChange = 0.00246028, totNum = 16
ROUND = 2355, SUM = 13208708, bChange = 0.00246029, totNum = 16
ROUND = 2356, SUM = 13208708, bChange = 0.00246029, totNum = 16
ROUND = 2357, SUM = 13208708, bChange = 0.0024603, totNum = 16
ROUND = 2358, SUM = 13208708, bChange = 0.00246031, totNum = 16
ROUND = 2359, SUM = 13208708, bChange = 0.00246031, totNum = 16
ROUND = 2360, SUM = 13208708, bChange = 0.00246032, totNum = 16
ROUND = 2361, SUM = 13208708, bChange = 0.00246033, totNum = 16
ROUND = 2362, SUM = 13208708, bChange = 0.00246033, totNum = 16
ROUND = 2363, SUM = 13208708, bChange = 0.00246034, totNum = 16
ROUND = 2364, SUM = 13208708, bChange = 0.00246035, totNum = 16
ROUND = 2365, SUM = 13208708, bChange = 0.00246036, totNum = 16
ROUND = 2366, SUM = 13208708, bChange = 0.00246036, totNum = 16
ROUND = 2367, SUM = 13208708, bChange = 0.00246037, totNum = 16
ROUND = 2368, SUM = 13208708, bChange = 0.00246038, totNum = 16
ROUND = 2369, SUM = 13208708, bChange = 0.00246038, totNum = 16
ROUND = 2370, SUM = 13208708, bChange = 0.00246039, totNum = 16
ROUND = 2371, SUM = 13208708, bChange = 0.0024604, totNum = 16
ROUND = 2372, SUM = 13208708, bChange = 0.0024604, totNum = 16
ROUND = 2373, SUM = 13208708, bChange = 0.00246041, totNum = 16
ROUND = 2374, SUM = 13208708, bChange = 0.00246042, totNum = 16
ROUND = 2375, SUM = 13208708, bChange = 0.00246042, totNum = 16
ROUND = 2376, SUM = 13208708, bChange = 0.00246043, totNum = 16
ROUND = 2377, SUM = 13208708, bChange = 0.00246044, totNum = 16
ROUND = 2378, SUM = 13208708, bChange = 0.00246045, totNum = 16
ROUND = 2379, SUM = 13208708, bChange = 0.00246045, totNum = 16
ROUND = 2380, SUM = 13208708, bChange = 0.00246046, totNum = 16
ROUND = 2381, SUM = 13208708, bChange = 0.00246047, totNum = 16
ROUND = 2382, SUM = 13208708, bChange = 0.00246047, totNum = 16
ROUND = 2383, SUM = 13208708, bChange = 0.00246048, totNum = 16
ROUND = 2384, SUM = 13208708, bChange = 0.00246049, totNum = 16
ROUND = 2385, SUM = 13208708, bChange = 0.00246049, totNum = 16
ROUND = 2386, SUM = 13208708, bChange = 0.0024605, totNum = 16
ROUND = 2387, SUM = 13208708, bChange = 0.00246051, totNum = 16
ROUND = 2388, SUM = 13208708, bChange = 0.00246051, totNum = 16
ROUND = 2389, SUM = 13208708, bChange = 0.00246052, totNum = 16
ROUND = 2390, SUM = 13208708, bChange = 0.00246052, totNum = 16
ROUND = 2391, SUM = 13208708, bChange = 0.00246053, totNum = 16
ROUND = 2392, SUM = 13208708, bChange = 0.00246054, totNum = 16
ROUND = 2393, SUM = 13208708, bChange = 0.00246054, totNum = 16
ROUND = 2394, SUM = 13208708, bChange = 0.00246055, totNum = 16
ROUND = 2395, SUM = 13208708, bChange = 0.00246056, totNum = 16
ROUND = 2396, SUM = 13208708, bChange = 0.00246056, totNum = 16
ROUND = 2397, SUM = 13208708, bChange = 0.00246057, totNum = 16
ROUND = 2398, SUM = 13208708, bChange = 0.00246058, totNum = 16
ROUND = 2399, SUM = 13208708, bChange = 0.00246058, totNum = 16
ROUND = 2400, SUM = 13208708, bChange = 0.00246059, totNum = 16
ROUND = 2401, SUM = 13208708, bChange = 0.0024606, totNum = 16
ROUND = 2402, SUM = 13208708, bChange = 0.0024606, totNum = 16
ROUND = 2403, SUM = 13208708, bChange = 0.00246061, totNum = 16
ROUND = 2404, SUM = 13208708, bChange = 0.00246062, totNum = 16
ROUND = 2405, SUM = 13208708, bChange = 0.00246062, totNum = 16
ROUND = 2406, SUM = 13208708, bChange = 0.00246063, totNum = 16
ROUND = 2407, SUM = 13208708, bChange = 0.00246063, totNum = 16
ROUND = 2408, SUM = 13208708, bChange = 0.00246064, totNum = 16
ROUND = 2409, SUM = 13208708, bChange = 0.00246065, totNum = 16
ROUND = 2410, SUM = 13208708, bChange = 0.00246065, totNum = 16
ROUND = 2411, SUM = 13208708, bChange = 0.00246066, totNum = 16
ROUND = 2412, SUM = 13208708, bChange = 0.00246067, totNum = 16
ROUND = 2413, SUM = 13208708, bChange = 0.00246067, totNum = 16
ROUND = 2414, SUM = 13208708, bChange = 0.00246068, totNum = 16
ROUND = 2415, SUM = 13208708, bChange = 0.00246068, totNum = 15
ROUND = 2416, SUM = 13208708, bChange = 0.00246069, totNum = 15
ROUND = 2417, SUM = 13208708, bChange = 0.0024607, totNum = 15
ROUND = 2418, SUM = 13208708, bChange = 0.0024607, totNum = 15
ROUND = 2419, SUM = 13208708, bChange = 0.00246071, totNum = 15
ROUND = 2420, SUM = 13208708, bChange = 0.00246071, totNum = 15
ROUND = 2421, SUM = 13208708, bChange = 0.00246072, totNum = 15
ROUND = 2422, SUM = 13208708, bChange = 0.00246073, totNum = 15
ROUND = 2423, SUM = 13208708, bChange = 0.00246073, totNum = 15
ROUND = 2424, SUM = 13208708, bChange = 0.00246074, totNum = 15
ROUND = 2425, SUM = 13208708, bChange = 0.00246074, totNum = 15
ROUND = 2426, SUM = 13208708, bChange = 0.00246075, totNum = 15
ROUND = 2427, SUM = 13208708, bChange = 0.00246076, totNum = 15
ROUND = 2428, SUM = 13208708, bChange = 0.00246076, totNum = 15
ROUND = 2429, SUM = 13208708, bChange = 0.00246077, totNum = 15
ROUND = 2430, SUM = 13208708, bChange = 0.00246077, totNum = 15
ROUND = 2431, SUM = 13208707.9999999, bChange = 0.00246078, totNum = 15
ROUND = 2432, SUM = 13208708, bChange = 0.00246079, totNum = 15
ROUND = 2433, SUM = 13208708, bChange = 0.00246079, totNum = 15
ROUND = 2434, SUM = 13208708, bChange = 0.0024608, totNum = 15
ROUND = 2435, SUM = 13208708, bChange = 0.0024608, totNum = 15
ROUND = 2436, SUM = 13208708, bChange = 0.00246081, totNum = 15
ROUND = 2437, SUM = 13208708, bChange = 0.00246082, totNum = 15
ROUND = 2438, SUM = 13208708, bChange = 0.00246082, totNum = 15
ROUND = 2439, SUM = 13208708, bChange = 0.00246083, totNum = 15
ROUND = 2440, SUM = 13208708, bChange = 0.00246083, totNum = 15
ROUND = 2441, SUM = 13208708, bChange = 0.00246084, totNum = 15
ROUND = 2442, SUM = 13208708, bChange = 0.00246084, totNum = 15
ROUND = 2443, SUM = 13208708, bChange = 0.00246085, totNum = 15
ROUND = 2444, SUM = 13208708, bChange = 0.00246086, totNum = 15
ROUND = 2445, SUM = 13208708, bChange = 0.00246086, totNum = 15
ROUND = 2446, SUM = 13208708, bChange = 0.00246087, totNum = 15
ROUND = 2447, SUM = 13208707.9999999, bChange = 0.00246087, totNum = 15
ROUND = 2448, SUM = 13208707.9999999, bChange = 0.00246088, totNum = 15
ROUND = 2449, SUM = 13208708, bChange = 0.00246088, totNum = 15
ROUND = 2450, SUM = 13208708, bChange = 0.00246089, totNum = 15
ROUND = 2451, SUM = 13208708, bChange = 0.0024609, totNum = 15
ROUND = 2452, SUM = 13208708, bChange = 0.0024609, totNum = 15
ROUND = 2453, SUM = 13208708, bChange = 0.00246091, totNum = 15
ROUND = 2454, SUM = 13208708, bChange = 0.00246091, totNum = 15
ROUND = 2455, SUM = 13208708, bChange = 0.00246092, totNum = 15
ROUND = 2456, SUM = 13208708, bChange = 0.00246092, totNum = 15
ROUND = 2457, SUM = 13208708, bChange = 0.00246093, totNum = 15
ROUND = 2458, SUM = 13208708, bChange = 0.00246094, totNum = 15
ROUND = 2459, SUM = 13208708, bChange = 0.00246094, totNum = 15
ROUND = 2460, SUM = 13208707.9999999, bChange = 0.00246095, totNum = 15
ROUND = 2461, SUM = 13208708, bChange = 0.00246095, totNum = 15
ROUND = 2462, SUM = 13208707.9999999, bChange = 0.00246096, totNum = 15
ROUND = 2463, SUM = 13208708, bChange = 0.00246096, totNum = 15
ROUND = 2464, SUM = 13208708, bChange = 0.00246097, totNum = 15
ROUND = 2465, SUM = 13208708, bChange = 0.00246097, totNum = 15
ROUND = 2466, SUM = 13208708, bChange = 0.00246098, totNum = 15
ROUND = 2467, SUM = 13208708, bChange = 0.00246098, totNum = 15
ROUND = 2468, SUM = 13208708, bChange = 0.00246099, totNum = 15
ROUND = 2469, SUM = 13208708, bChange = 0.002461, totNum = 15
ROUND = 2470, SUM = 13208708, bChange = 0.002461, totNum = 15
ROUND = 2471, SUM = 13208708, bChange = 0.00246101, totNum = 15
ROUND = 2472, SUM = 13208708, bChange = 0.00246101, totNum = 15
ROUND = 2473, SUM = 13208708, bChange = 0.00246102, totNum = 15
ROUND = 2474, SUM = 13208708, bChange = 0.00246102, totNum = 15
ROUND = 2475, SUM = 13208708, bChange = 0.00246103, totNum = 15
ROUND = 2476, SUM = 13208708, bChange = 0.00246103, totNum = 15
ROUND = 2477, SUM = 13208708, bChange = 0.00246104, totNum = 15
ROUND = 2478, SUM = 13208708, bChange = 0.00246104, totNum = 15
ROUND = 2479, SUM = 13208708, bChange = 0.00246105, totNum = 15
ROUND = 2480, SUM = 13208708, bChange = 0.00246105, totNum = 15
ROUND = 2481, SUM = 13208708, bChange = 0.00246106, totNum = 15
ROUND = 2482, SUM = 13208708, bChange = 0.00246106, totNum = 15
ROUND = 2483, SUM = 13208708, bChange = 0.00246107, totNum = 15
ROUND = 2484, SUM = 13208708, bChange = 0.00246107, totNum = 15
ROUND = 2485, SUM = 13208708, bChange = 0.00246108, totNum = 15
ROUND = 2486, SUM = 13208708, bChange = 0.00246109, totNum = 15
ROUND = 2487, SUM = 13208708, bChange = 0.00246109, totNum = 15
ROUND = 2488, SUM = 13208708, bChange = 0.0024611, totNum = 15
ROUND = 2489, SUM = 13208708, bChange = 0.0024611, totNum = 15
ROUND = 2490, SUM = 13208708, bChange = 0.00246111, totNum = 15
ROUND = 2491, SUM = 13208708, bChange = 0.00246111, totNum = 15
ROUND = 2492, SUM = 13208708, bChange = 0.00246112, totNum = 15
ROUND = 2493, SUM = 13208708, bChange = 0.00246112, totNum = 15
ROUND = 2494, SUM = 13208708, bChange = 0.00246113, totNum = 14
ROUND = 2495, SUM = 13208708, bChange = 0.00246113, totNum = 14
ROUND = 2496, SUM = 13208708, bChange = 0.00246114, totNum = 14
ROUND = 2497, SUM = 13208708, bChange = 0.00246114, totNum = 14
ROUND = 2498, SUM = 13208708, bChange = 0.00246115, totNum = 14
ROUND = 2499, SUM = 13208708, bChange = 0.00246115, totNum = 14
ROUND = 2500, SUM = 13208708, bChange = 0.00246116, totNum = 14
ROUND = 2501, SUM = 13208708, bChange = 0.00246116, totNum = 14
ROUND = 2502, SUM = 13208708, bChange = 0.00246117, totNum = 14
ROUND = 2503, SUM = 13208708, bChange = 0.00246117, totNum = 14
ROUND = 2504, SUM = 13208708, bChange = 0.00246118, totNum = 14
ROUND = 2505, SUM = 13208708, bChange = 0.00246118, totNum = 14
ROUND = 2506, SUM = 13208708, bChange = 0.00246119, totNum = 14
ROUND = 2507, SUM = 13208708, bChange = 0.00246119, totNum = 14
ROUND = 2508, SUM = 13208708, bChange = 0.0024612, totNum = 14
ROUND = 2509, SUM = 13208708, bChange = 0.0024612, totNum = 14
ROUND = 2510, SUM = 13208708, bChange = 0.00246121, totNum = 14
ROUND = 2511, SUM = 13208708, bChange = 0.00246121, totNum = 14
ROUND = 2512, SUM = 13208708, bChange = 0.00246122, totNum = 14
ROUND = 2513, SUM = 13208708, bChange = 0.00246122, totNum = 14
ROUND = 2514, SUM = 13208708, bChange = 0.00246122, totNum = 14
ROUND = 2515, SUM = 13208708, bChange = 0.00246123, totNum = 14
ROUND = 2516, SUM = 13208708, bChange = 0.00246123, totNum = 14
ROUND = 2517, SUM = 13208708, bChange = 0.00246124, totNum = 13
ROUND = 2518, SUM = 13208708, bChange = 0.00246124, totNum = 13
ROUND = 2519, SUM = 13208708, bChange = 0.00246125, totNum = 13
ROUND = 2520, SUM = 13208708, bChange = 0.00246125, totNum = 13
ROUND = 2521, SUM = 13208708, bChange = 0.00246126, totNum = 13
ROUND = 2522, SUM = 13208708, bChange = 0.00246126, totNum = 13
ROUND = 2523, SUM = 13208708, bChange = 0.00246127, totNum = 13
ROUND = 2524, SUM = 13208708, bChange = 0.00246127, totNum = 13
ROUND = 2525, SUM = 13208708, bChange = 0.00246128, totNum = 13
ROUND = 2526, SUM = 13208708, bChange = 0.00246128, totNum = 13
ROUND = 2527, SUM = 13208708, bChange = 0.00246129, totNum = 13
ROUND = 2528, SUM = 13208708, bChange = 0.00246129, totNum = 13
ROUND = 2529, SUM = 13208708, bChange = 0.0024613, totNum = 13
ROUND = 2530, SUM = 13208708, bChange = 0.0024613, totNum = 13
ROUND = 2531, SUM = 13208708, bChange = 0.00246131, totNum = 13
ROUND = 2532, SUM = 13208708, bChange = 0.00246131, totNum = 13
ROUND = 2533, SUM = 13208708, bChange = 0.00246131, totNum = 13
ROUND = 2534, SUM = 13208708, bChange = 0.00246132, totNum = 13
ROUND = 2535, SUM = 13208708, bChange = 0.00246132, totNum = 13
ROUND = 2536, SUM = 13208708, bChange = 0.00246133, totNum = 13
ROUND = 2537, SUM = 13208708, bChange = 0.00246133, totNum = 13
ROUND = 2538, SUM = 13208708, bChange = 0.00246134, totNum = 13
ROUND = 2539, SUM = 13208708, bChange = 0.00246134, totNum = 13
ROUND = 2540, SUM = 13208708, bChange = 0.00246135, totNum = 13
ROUND = 2541, SUM = 13208708, bChange = 0.00246135, totNum = 13
ROUND = 2542, SUM = 13208708, bChange = 0.00246136, totNum = 13
ROUND = 2543, SUM = 13208708, bChange = 0.00246136, totNum = 13
ROUND = 2544, SUM = 13208708, bChange = 0.00246136, totNum = 13
ROUND = 2545, SUM = 13208708, bChange = 0.00246137, totNum = 13
ROUND = 2546, SUM = 13208708, bChange = 0.00246137, totNum = 13
ROUND = 2547, SUM = 13208708, bChange = 0.00246138, totNum = 13
ROUND = 2548, SUM = 13208708, bChange = 0.00246138, totNum = 13
ROUND = 2549, SUM = 13208708, bChange = 0.00246139, totNum = 13
ROUND = 2550, SUM = 13208708, bChange = 0.00246139, totNum = 13
ROUND = 2551, SUM = 13208708, bChange = 0.0024614, totNum = 13
ROUND = 2552, SUM = 13208708, bChange = 0.0024614, totNum = 13
ROUND = 2553, SUM = 13208708, bChange = 0.0024614, totNum = 13
ROUND = 2554, SUM = 13208708, bChange = 0.00246141, totNum = 13
ROUND = 2555, SUM = 13208708, bChange = 0.00246141, totNum = 13
ROUND = 2556, SUM = 13208708, bChange = 0.00246142, totNum = 13
ROUND = 2557, SUM = 13208708, bChange = 0.00246142, totNum = 13
ROUND = 2558, SUM = 13208708, bChange = 0.00246143, totNum = 13
ROUND = 2559, SUM = 13208708, bChange = 0.00246143, totNum = 13
ROUND = 2560, SUM = 13208708, bChange = 0.00246143, totNum = 13
ROUND = 2561, SUM = 13208708, bChange = 0.00246144, totNum = 13
ROUND = 2562, SUM = 13208708, bChange = 0.00246144, totNum = 13
ROUND = 2563, SUM = 13208708, bChange = 0.00246145, totNum = 13
ROUND = 2564, SUM = 13208708, bChange = 0.00246145, totNum = 13
ROUND = 2565, SUM = 13208708, bChange = 0.00246146, totNum = 13
ROUND = 2566, SUM = 13208708, bChange = 0.00246146, totNum = 13
ROUND = 2567, SUM = 13208708, bChange = 0.00246146, totNum = 13
ROUND = 2568, SUM = 13208708, bChange = 0.00246147, totNum = 13
ROUND = 2569, SUM = 13208708, bChange = 0.00246147, totNum = 13
ROUND = 2570, SUM = 13208708, bChange = 0.00246148, totNum = 13
ROUND = 2571, SUM = 13208708, bChange = 0.00246148, totNum = 13
ROUND = 2572, SUM = 13208708, bChange = 0.00246149, totNum = 13
ROUND = 2573, SUM = 13208708, bChange = 0.00246149, totNum = 13
ROUND = 2574, SUM = 13208708, bChange = 0.00246149, totNum = 13
ROUND = 2575, SUM = 13208708, bChange = 0.0024615, totNum = 13
ROUND = 2576, SUM = 13208708, bChange = 0.0024615, totNum = 13
ROUND = 2577, SUM = 13208708, bChange = 0.00246151, totNum = 13
ROUND = 2578, SUM = 13208708, bChange = 0.00246151, totNum = 13
ROUND = 2579, SUM = 13208708, bChange = 0.00246151, totNum = 13
ROUND = 2580, SUM = 13208708, bChange = 0.0019934, totNum = 12
ROUND = 2581, SUM = 13208708, bChange = 0.00199363, totNum = 12
ROUND = 2582, SUM = 13208708, bChange = 0.00199387, totNum = 12
ROUND = 2583, SUM = 13208708, bChange = 0.0019941, totNum = 12
ROUND = 2584, SUM = 13208708, bChange = 0.00199433, totNum = 12
ROUND = 2585, SUM = 13208708, bChange = 0.00199456, totNum = 12
ROUND = 2586, SUM = 13208708, bChange = 0.00199479, totNum = 12
ROUND = 2587, SUM = 13208708, bChange = 0.00199502, totNum = 12
ROUND = 2588, SUM = 13208708, bChange = 0.00199525, totNum = 12
ROUND = 2589, SUM = 13208708, bChange = 0.00199549, totNum = 11
ROUND = 2590, SUM = 13208708, bChange = 0.00199572, totNum = 11
ROUND = 2591, SUM = 13208708, bChange = 0.00199595, totNum = 11
ROUND = 2592, SUM = 13208708, bChange = 0.00199618, totNum = 10
ROUND = 2593, SUM = 13208708, bChange = 0.00199641, totNum = 10
ROUND = 2594, SUM = 13208708, bChange = 0.00199664, totNum = 10
ROUND = 2595, SUM = 13208708, bChange = 0.00199687, totNum = 10
ROUND = 2596, SUM = 13208708, bChange = 0.0019971, totNum = 10
ROUND = 2597, SUM = 13208708, bChange = 0.00199733, totNum = 9
ROUND = 2598, SUM = 13208708, bChange = 0.00199756, totNum = 9
ROUND = 2599, SUM = 13208708, bChange = 0.00199779, totNum = 9
ROUND = 2600, SUM = 13208708, bChange = 0.00199801, totNum = 9
ROUND = 2601, SUM = 13208708, bChange = 0.00199824, totNum = 9
ROUND = 2602, SUM = 13208708, bChange = 0.00199847, totNum = 9
ROUND = 2603, SUM = 13208708, bChange = 0.0019987, totNum = 9
ROUND = 2604, SUM = 13208708, bChange = 0.00199893, totNum = 9
ROUND = 2605, SUM = 13208708, bChange = 0.00199916, totNum = 9
ROUND = 2606, SUM = 13208708, bChange = 0.00199939, totNum = 9
ROUND = 2607, SUM = 13208708, bChange = 0.00199961, totNum = 9
ROUND = 2608, SUM = 13208708, bChange = 0.00199984, totNum = 9
ROUND = 2609, SUM = 13208708, bChange = 0.00200007, totNum = 9
ROUND = 2610, SUM = 13208708, bChange = 0.0020003, totNum = 9
ROUND = 2611, SUM = 13208708, bChange = 0.00200052, totNum = 9
ROUND = 2612, SUM = 13208708, bChange = 0.00200075, totNum = 9
ROUND = 2613, SUM = 13208708, bChange = 0.00200098, totNum = 9
ROUND = 2614, SUM = 13208708, bChange = 0.0020012, totNum = 9
ROUND = 2615, SUM = 13208708, bChange = 0.00200143, totNum = 9
ROUND = 2616, SUM = 13208708, bChange = 0.00200166, totNum = 9
ROUND = 2617, SUM = 13208708, bChange = 0.00200188, totNum = 9
ROUND = 2618, SUM = 13208708, bChange = 0.00190142, totNum = 8
ROUND = 2619, SUM = 13208708, bChange = 0.00190142, totNum = 8
ROUND = 2620, SUM = 13208708, bChange = 0.00190142, totNum = 8
ROUND = 2621, SUM = 13208708, bChange = 0.00190142, totNum = 8
ROUND = 2622, SUM = 13208708, bChange = 0.00190142, totNum = 8
ROUND = 2623, SUM = 13208708, bChange = 0.00190142, totNum = 8
ROUND = 2624, SUM = 13208708, bChange = 0.00190142, totNum = 8
ROUND = 2625, SUM = 13208708, bChange = 0.00190142, totNum = 8
ROUND = 2626, SUM = 13208708, bChange = 0.00190142, totNum = 8
ROUND = 2627, SUM = 13208708, bChange = 0.00190142, totNum = 8
ROUND = 2628, SUM = 13208708, bChange = 0.00190142, totNum = 8
ROUND = 2629, SUM = 13208708, bChange = 0.00190142, totNum = 8
ROUND = 2630, SUM = 13208708, bChange = 0.00190142, totNum = 8
ROUND = 2631, SUM = 13208708, bChange = 0.00190142, totNum = 8
ROUND = 2632, SUM = 13208708, bChange = 0.00190142, totNum = 8
ROUND = 2633, SUM = 13208708, bChange = 0.00190142, totNum = 8
ROUND = 2634, SUM = 13208708, bChange = 0.00190142, totNum = 8
ROUND = 2635, SUM = 13208708, bChange = 0.00190142, totNum = 8
ROUND = 2636, SUM = 13208708, bChange = 0.00190142, totNum = 8
ROUND = 2637, SUM = 13208708, bChange = 0.00190142, totNum = 8
ROUND = 2638, SUM = 13208708, bChange = 0.00190142, totNum = 8
ROUND = 2639, SUM = 13208708, bChange = 0.00190142, totNum = 8
ROUND = 2640, SUM = 13208708, bChange = 0.00190142, totNum = 8
ROUND = 2641, SUM = 13208708, bChange = 0.00190142, totNum = 8
ROUND = 2642, SUM = 13208708, bChange = 0.00190142, totNum = 8
ROUND = 2643, SUM = 13208708, bChange = 0.00190142, totNum = 8
ROUND = 2644, SUM = 13208708, bChange = 0.00190142, totNum = 8
ROUND = 2645, SUM = 13208708, bChange = 0.00190142, totNum = 8
ROUND = 2646, SUM = 13208708, bChange = 0.00190142, totNum = 8
ROUND = 2647, SUM = 13208708, bChange = 0.00190142, totNum = 8
ROUND = 2648, SUM = 13208708, bChange = 0.00190142, totNum = 8
ROUND = 2649, SUM = 13208708, bChange = 0.00190142, totNum = 8
ROUND = 2650, SUM = 13208708, bChange = 0.00190142, totNum = 8
ROUND = 2651, SUM = 13208708, bChange = 0.00190142, totNum = 8
ROUND = 2652, SUM = 13208708, bChange = 0.00190142, totNum = 8
ROUND = 2653, SUM = 13208708, bChange = 0.00190142, totNum = 8
ROUND = 2654, SUM = 13208708, bChange = 0.00190142, totNum = 8
ROUND = 2655, SUM = 13208708, bChange = 0.00190142, totNum = 8
ROUND = 2656, SUM = 13208708, bChange = 0.00190142, totNum = 8
ROUND = 2657, SUM = 13208708, bChange = 0.00190142, totNum = 7
ROUND = 2658, SUM = 13208708, bChange = 0.00190142, totNum = 7
ROUND = 2659, SUM = 13208708, bChange = 0.00190142, totNum = 7
ROUND = 2660, SUM = 13208708, bChange = 0.00190142, totNum = 7
ROUND = 2661, SUM = 13208708, bChange = 0.00190142, totNum = 7
ROUND = 2662, SUM = 13208708, bChange = 0.00190142, totNum = 7
ROUND = 2663, SUM = 13208708, bChange = 0.00190142, totNum = 7
ROUND = 2664, SUM = 13208708, bChange = 0.00190142, totNum = 7
ROUND = 2665, SUM = 13208708, bChange = 0.00190142, totNum = 7
ROUND = 2666, SUM = 13208708, bChange = 0.00190142, totNum = 7
ROUND = 2667, SUM = 13208708, bChange = 0.00190142, totNum = 7
ROUND = 2668, SUM = 13208708, bChange = 0.00190142, totNum = 7
ROUND = 2669, SUM = 13208708, bChange = 0.00190142, totNum = 7
ROUND = 2670, SUM = 13208708, bChange = 0.00190142, totNum = 7
ROUND = 2671, SUM = 13208708, bChange = 0.00190142, totNum = 7
ROUND = 2672, SUM = 13208708, bChange = 0.00190142, totNum = 7
ROUND = 2673, SUM = 13208708, bChange = 0.00190142, totNum = 7
ROUND = 2674, SUM = 13208708, bChange = 0.00190142, totNum = 7
ROUND = 2675, SUM = 13208708, bChange = 0.00190142, totNum = 7
ROUND = 2676, SUM = 13208708, bChange = 0.00190142, totNum = 7
ROUND = 2677, SUM = 13208708, bChange = 0.00190142, totNum = 7
ROUND = 2678, SUM = 13208708, bChange = 0.00190142, totNum = 7
ROUND = 2679, SUM = 13208708, bChange = 0.00190142, totNum = 7
ROUND = 2680, SUM = 13208708, bChange = 0.00190142, totNum = 7
ROUND = 2681, SUM = 13208708, bChange = 0.00190142, totNum = 7
ROUND = 2682, SUM = 13208708, bChange = 0.00190142, totNum = 7
ROUND = 2683, SUM = 13208708, bChange = 0.00190142, totNum = 7
ROUND = 2684, SUM = 13208708, bChange = 0.00190142, totNum = 7
ROUND = 2685, SUM = 13208708, bChange = 0.00190142, totNum = 7
ROUND = 2686, SUM = 13208708, bChange = 0.00190142, totNum = 7
ROUND = 2687, SUM = 13208708, bChange = 0.00190142, totNum = 7
ROUND = 2688, SUM = 13208708, bChange = 0.00190142, totNum = 7
ROUND = 2689, SUM = 13208708, bChange = 0.00190142, totNum = 7
ROUND = 2690, SUM = 13208708, bChange = 0.00190142, totNum = 7
ROUND = 2691, SUM = 13208708, bChange = 0.00190142, totNum = 7
ROUND = 2692, SUM = 13208708, bChange = 0.00190142, totNum = 7
ROUND = 2693, SUM = 13208708, bChange = 0.00190142, totNum = 7
ROUND = 2694, SUM = 13208708, bChange = 0.00190142, totNum = 7
ROUND = 2695, SUM = 13208708, bChange = 0.00190142, totNum = 7
ROUND = 2696, SUM = 13208708, bChange = 0.00190142, totNum = 7
ROUND = 2697, SUM = 13208708, bChange = 0.00190142, totNum = 7
ROUND = 2698, SUM = 13208708, bChange = 0.00190142, totNum = 7
ROUND = 2699, SUM = 13208707.9999999, bChange = 0.00190142, totNum = 7
ROUND = 2700, SUM = 13208708, bChange = 0.00190142, totNum = 7
ROUND = 2701, SUM = 13208708, bChange = 0.00190142, totNum = 7
ROUND = 2702, SUM = 13208708, bChange = 0.00190142, totNum = 7
ROUND = 2703, SUM = 13208708, bChange = 0.00190142, totNum = 7
ROUND = 2704, SUM = 13208708, bChange = 0.00190142, totNum = 7
ROUND = 2705, SUM = 13208708, bChange = 0.00190142, totNum = 7
ROUND = 2706, SUM = 13208708, bChange = 0.00190142, totNum = 7
ROUND = 2707, SUM = 13208708, bChange = 0.00190142, totNum = 6
ROUND = 2708, SUM = 13208708, bChange = 0.00190142, totNum = 6
ROUND = 2709, SUM = 13208708, bChange = 0.00190142, totNum = 6
ROUND = 2710, SUM = 13208708, bChange = 0.00190142, totNum = 6
ROUND = 2711, SUM = 13208708, bChange = 0.00190142, totNum = 6
ROUND = 2712, SUM = 13208708, bChange = 0.00190142, totNum = 6
ROUND = 2713, SUM = 13208708, bChange = 0.00190142, totNum = 6
ROUND = 2714, SUM = 13208708, bChange = 0.00190142, totNum = 6
ROUND = 2715, SUM = 13208708, bChange = 0.00190142, totNum = 6
ROUND = 2716, SUM = 13208708, bChange = 0.00190142, totNum = 6
ROUND = 2717, SUM = 13208708, bChange = 0.00190142, totNum = 6
ROUND = 2718, SUM = 13208708, bChange = 0.00190142, totNum = 6
ROUND = 2719, SUM = 13208708, bChange = 0.00190142, totNum = 6
ROUND = 2720, SUM = 13208708, bChange = 0.00190142, totNum = 6
ROUND = 2721, SUM = 13208708, bChange = 0.00183315, totNum = 5
ROUND = 2722, SUM = 13208708, bChange = 0.00183317, totNum = 5
ROUND = 2723, SUM = 13208708, bChange = 0.00183319, totNum = 5
ROUND = 2724, SUM = 13208708, bChange = 0.00183321, totNum = 5
ROUND = 2725, SUM = 13208708, bChange = 0.00183323, totNum = 5
ROUND = 2726, SUM = 13208708, bChange = 0.00183325, totNum = 5
ROUND = 2727, SUM = 13208708, bChange = 0.00183326, totNum = 5
ROUND = 2728, SUM = 13208708, bChange = 0.00183328, totNum = 5
ROUND = 2729, SUM = 13208708, bChange = 0.0018333, totNum = 5
ROUND = 2730, SUM = 13208708, bChange = 0.00183332, totNum = 5
ROUND = 2731, SUM = 13208708, bChange = 0.00183334, totNum = 5
ROUND = 2732, SUM = 13208708, bChange = 0.00183336, totNum = 5
ROUND = 2733, SUM = 13208708, bChange = 0.00183338, totNum = 5
ROUND = 2734, SUM = 13208708, bChange = 0.0018334, totNum = 5
ROUND = 2735, SUM = 13208708, bChange = 0.00183342, totNum = 5
ROUND = 2736, SUM = 13208708, bChange = 0.00183343, totNum = 5
ROUND = 2737, SUM = 13208708, bChange = 0.00183345, totNum = 5
ROUND = 2738, SUM = 13208708, bChange = 0.00183347, totNum = 5
ROUND = 2739, SUM = 13208708, bChange = 0.00183349, totNum = 5
ROUND = 2740, SUM = 13208708, bChange = 0.00183351, totNum = 5
ROUND = 2741, SUM = 13208708, bChange = 0.00183353, totNum = 5
ROUND = 2742, SUM = 13208708, bChange = 0.00183355, totNum = 4
ROUND = 2743, SUM = 13208708, bChange = 0.00183356, totNum = 4
ROUND = 2744, SUM = 13208708, bChange = 0.00183358, totNum = 4
ROUND = 2745, SUM = 13208708, bChange = 0.0018336, totNum = 4
ROUND = 2746, SUM = 13208708, bChange = 0.00183362, totNum = 4
ROUND = 2747, SUM = 13208708, bChange = 0.00183364, totNum = 4
ROUND = 2748, SUM = 13208708, bChange = 0.00183366, totNum = 4
ROUND = 2749, SUM = 13208708, bChange = 0.00183367, totNum = 4
ROUND = 2750, SUM = 13208708, bChange = 0.00183369, totNum = 4
ROUND = 2751, SUM = 13208708, bChange = 0.00183371, totNum = 4
ROUND = 2752, SUM = 13208708, bChange = 0.00183373, totNum = 4
ROUND = 2753, SUM = 13208708, bChange = 0.00183375, totNum = 4
ROUND = 2754, SUM = 13208708, bChange = 0.00183377, totNum = 4
ROUND = 2755, SUM = 13208708, bChange = 0.00183378, totNum = 4
ROUND = 2756, SUM = 13208708, bChange = 0.0018338, totNum = 4
ROUND = 2757, SUM = 13208708, bChange = 0.00183382, totNum = 4
ROUND = 2758, SUM = 13208708, bChange = 0.00183384, totNum = 4
ROUND = 2759, SUM = 13208708, bChange = 0.00183386, totNum = 4
ROUND = 2760, SUM = 13208708, bChange = 0.00183387, totNum = 4
ROUND = 2761, SUM = 13208708, bChange = 0.00183389, totNum = 4
ROUND = 2762, SUM = 13208708, bChange = 0.00183391, totNum = 4
ROUND = 2763, SUM = 13208708, bChange = 0.00183393, totNum = 4
ROUND = 2764, SUM = 13208708, bChange = 0.00183394, totNum = 4
ROUND = 2765, SUM = 13208708, bChange = 0.00183396, totNum = 4
ROUND = 2766, SUM = 13208708, bChange = 0.00183398, totNum = 4
ROUND = 2767, SUM = 13208708, bChange = 0.001834, totNum = 4
ROUND = 2768, SUM = 13208708, bChange = 0.00183402, totNum = 4
ROUND = 2769, SUM = 13208708, bChange = 0.00183403, totNum = 4
ROUND = 2770, SUM = 13208708, bChange = 0.00183405, totNum = 4
ROUND = 2771, SUM = 13208708, bChange = 0.00183407, totNum = 4
ROUND = 2772, SUM = 13208708, bChange = 0.00183409, totNum = 4
ROUND = 2773, SUM = 13208708, bChange = 0.0018341, totNum = 4
ROUND = 2774, SUM = 13208708, bChange = 0.00183412, totNum = 4
ROUND = 2775, SUM = 13208708, bChange = 0.00183414, totNum = 4
ROUND = 2776, SUM = 13208708, bChange = 0.00183416, totNum = 4
ROUND = 2777, SUM = 13208708, bChange = 0.00183417, totNum = 4
ROUND = 2778, SUM = 13208708, bChange = 0.00183419, totNum = 4
ROUND = 2779, SUM = 13208708, bChange = 0.00183421, totNum = 4
ROUND = 2780, SUM = 13208708, bChange = 0.00183422, totNum = 4
ROUND = 2781, SUM = 13208708, bChange = 0.00183424, totNum = 4
ROUND = 2782, SUM = 13208708, bChange = 0.00183426, totNum = 4
ROUND = 2783, SUM = 13208708, bChange = 0.00183428, totNum = 4
ROUND = 2784, SUM = 13208708, bChange = 0.00183429, totNum = 4
ROUND = 2785, SUM = 13208708, bChange = 0.00183431, totNum = 4
ROUND = 2786, SUM = 13208708, bChange = 0.00183433, totNum = 4
ROUND = 2787, SUM = 13208707.9999999, bChange = 0.00183434, totNum = 4
ROUND = 2788, SUM = 13208708, bChange = 0.00183436, totNum = 4
ROUND = 2789, SUM = 13208708, bChange = 0.00183438, totNum = 4
ROUND = 2790, SUM = 13208708, bChange = 0.0018344, totNum = 4
ROUND = 2791, SUM = 13208708, bChange = 0.00183441, totNum = 4
ROUND = 2792, SUM = 13208708, bChange = 0.00183443, totNum = 4
ROUND = 2793, SUM = 13208708, bChange = 0.00183445, totNum = 4
ROUND = 2794, SUM = 13208708, bChange = 0.00183446, totNum = 4
ROUND = 2795, SUM = 13208708, bChange = 0.00183448, totNum = 4
ROUND = 2796, SUM = 13208708, bChange = 0.0018345, totNum = 4
ROUND = 2797, SUM = 13208708, bChange = 0.00183451, totNum = 4
ROUND = 2798, SUM = 13208708, bChange = 0.00183453, totNum = 4
ROUND = 2799, SUM = 13208708, bChange = 0.00183455, totNum = 4
ROUND = 2800, SUM = 13208708, bChange = 0.00183456, totNum = 4
ROUND = 2801, SUM = 13208708, bChange = 0.00183458, totNum = 4
ROUND = 2802, SUM = 13208708, bChange = 0.0018346, totNum = 4
ROUND = 2803, SUM = 13208708, bChange = 0.00183461, totNum = 4
ROUND = 2804, SUM = 13208708, bChange = 0.00183463, totNum = 4
ROUND = 2805, SUM = 13208708, bChange = 0.00183465, totNum = 4
ROUND = 2806, SUM = 13208708, bChange = 0.00183466, totNum = 4
ROUND = 2807, SUM = 13208708, bChange = 0.00183468, totNum = 4
ROUND = 2808, SUM = 13208708, bChange = 0.00183469, totNum = 4
ROUND = 2809, SUM = 13208708, bChange = 0.00183471, totNum = 4
ROUND = 2810, SUM = 13208708, bChange = 0.00183473, totNum = 4
ROUND = 2811, SUM = 13208708, bChange = 0.00183474, totNum = 4
ROUND = 2812, SUM = 13208708, bChange = 0.00183476, totNum = 4
ROUND = 2813, SUM = 13208708, bChange = 0.00183478, totNum = 4
ROUND = 2814, SUM = 13208708, bChange = 0.00183479, totNum = 4
ROUND = 2815, SUM = 13208708, bChange = 0.00183481, totNum = 4
ROUND = 2816, SUM = 13208708, bChange = 0.00183482, totNum = 4
ROUND = 2817, SUM = 13208708, bChange = 0.00183484, totNum = 4
ROUND = 2818, SUM = 13208708, bChange = 0.00183486, totNum = 4
ROUND = 2819, SUM = 13208708, bChange = 0.00183487, totNum = 4
ROUND = 2820, SUM = 13208708, bChange = 0.00183489, totNum = 4
ROUND = 2821, SUM = 13208708, bChange = 0.00183491, totNum = 4
ROUND = 2822, SUM = 13208708, bChange = 0.00183492, totNum = 4
ROUND = 2823, SUM = 13208708, bChange = 0.00183494, totNum = 4
ROUND = 2824, SUM = 13208708, bChange = 0.00183495, totNum = 4
ROUND = 2825, SUM = 13208708, bChange = 0.00183497, totNum = 4
ROUND = 2826, SUM = 13208708, bChange = 0.00183498, totNum = 4
ROUND = 2827, SUM = 13208708, bChange = 0.001835, totNum = 4
ROUND = 2828, SUM = 13208708, bChange = 0.00183502, totNum = 4
ROUND = 2829, SUM = 13208708, bChange = 0.00183503, totNum = 4
ROUND = 2830, SUM = 13208708, bChange = 0.00183505, totNum = 4
ROUND = 2831, SUM = 13208708, bChange = 0.00183506, totNum = 4
ROUND = 2832, SUM = 13208708, bChange = 0.00183508, totNum = 4
ROUND = 2833, SUM = 13208708, bChange = 0.0018351, totNum = 4
ROUND = 2834, SUM = 13208708, bChange = 0.00183511, totNum = 4
ROUND = 2835, SUM = 13208708, bChange = 0.00183513, totNum = 4
ROUND = 2836, SUM = 13208708, bChange = 0.00183514, totNum = 4
ROUND = 2837, SUM = 13208708, bChange = 0.00183516, totNum = 4
ROUND = 2838, SUM = 13208708, bChange = 0.00183517, totNum = 4
ROUND = 2839, SUM = 13208708, bChange = 0.00183519, totNum = 4
ROUND = 2840, SUM = 13208708, bChange = 0.0018352, totNum = 4
ROUND = 2841, SUM = 13208708, bChange = 0.00183522, totNum = 4
ROUND = 2842, SUM = 13208708, bChange = 0.00183523, totNum = 4
ROUND = 2843, SUM = 13208708, bChange = 0.00183525, totNum = 4
ROUND = 2844, SUM = 13208708, bChange = 0.00183527, totNum = 4
ROUND = 2845, SUM = 13208708, bChange = 0.00183528, totNum = 4
ROUND = 2846, SUM = 13208708, bChange = 0.0018353, totNum = 4
ROUND = 2847, SUM = 13208708, bChange = 0.00183531, totNum = 4
ROUND = 2848, SUM = 13208708, bChange = 0.00183533, totNum = 4
ROUND = 2849, SUM = 13208708, bChange = 0.00183534, totNum = 4
ROUND = 2850, SUM = 13208708, bChange = 0.00183536, totNum = 4
ROUND = 2851, SUM = 13208708, bChange = 0.00183537, totNum = 4
ROUND = 2852, SUM = 13208708, bChange = 0.00183539, totNum = 4
ROUND = 2853, SUM = 13208708, bChange = 0.0018354, totNum = 4
ROUND = 2854, SUM = 13208708, bChange = 0.00183542, totNum = 4
ROUND = 2855, SUM = 13208708, bChange = 0.00183543, totNum = 4
ROUND = 2856, SUM = 13208708, bChange = 0.00183545, totNum = 4
ROUND = 2857, SUM = 13208708, bChange = 0.00183546, totNum = 4
ROUND = 2858, SUM = 13208708, bChange = 0.00183548, totNum = 4
ROUND = 2859, SUM = 13208708, bChange = 0.00183549, totNum = 4
ROUND = 2860, SUM = 13208708, bChange = 0.00183551, totNum = 4
ROUND = 2861, SUM = 13208708, bChange = 0.00183552, totNum = 4
ROUND = 2862, SUM = 13208708, bChange = 0.00183554, totNum = 4
ROUND = 2863, SUM = 13208708, bChange = 0.00183555, totNum = 4
ROUND = 2864, SUM = 13208708, bChange = 0.00183557, totNum = 4
ROUND = 2865, SUM = 13208708, bChange = 0.00183558, totNum = 4
ROUND = 2866, SUM = 13208708, bChange = 0.0018356, totNum = 4
ROUND = 2867, SUM = 13208708, bChange = 0.00183561, totNum = 4
ROUND = 2868, SUM = 13208708, bChange = 0.00183563, totNum = 4
ROUND = 2869, SUM = 13208708, bChange = 0.00183564, totNum = 4
ROUND = 2870, SUM = 13208708, bChange = 0.00183565, totNum = 4
ROUND = 2871, SUM = 13208708, bChange = 0.00183567, totNum = 4
ROUND = 2872, SUM = 13208708, bChange = 0.00183568, totNum = 4
ROUND = 2873, SUM = 13208708, bChange = 0.0018357, totNum = 4
ROUND = 2874, SUM = 13208707.9999999, bChange = 0.00183571, totNum = 4
ROUND = 2875, SUM = 13208708, bChange = 0.00183573, totNum = 4
ROUND = 2876, SUM = 13208708, bChange = 0.00183574, totNum = 4
ROUND = 2877, SUM = 13208708, bChange = 0.00183576, totNum = 4
ROUND = 2878, SUM = 13208708, bChange = 0.00183577, totNum = 4
ROUND = 2879, SUM = 13208708, bChange = 0.00183579, totNum = 4
ROUND = 2880, SUM = 13208708, bChange = 0.0018358, totNum = 4
ROUND = 2881, SUM = 13208708, bChange = 0.00183581, totNum = 4
ROUND = 2882, SUM = 13208708, bChange = 0.00183583, totNum = 4
ROUND = 2883, SUM = 13208708, bChange = 0.00183584, totNum = 4
ROUND = 2884, SUM = 13208708, bChange = 0.00183586, totNum = 4
ROUND = 2885, SUM = 13208708, bChange = 0.00183587, totNum = 4
ROUND = 2886, SUM = 13208708, bChange = 0.00183589, totNum = 4
ROUND = 2887, SUM = 13208708, bChange = 0.0018359, totNum = 4
ROUND = 2888, SUM = 13208708, bChange = 0.00183591, totNum = 4
ROUND = 2889, SUM = 13208708, bChange = 0.00183593, totNum = 4
ROUND = 2890, SUM = 13208708, bChange = 0.00183594, totNum = 4
ROUND = 2891, SUM = 13208708, bChange = 0.00183596, totNum = 4
ROUND = 2892, SUM = 13208708, bChange = 0.00183597, totNum = 4
ROUND = 2893, SUM = 13208708, bChange = 0.00183598, totNum = 4
ROUND = 2894, SUM = 13208708, bChange = 0.001836, totNum = 4
ROUND = 2895, SUM = 13208708, bChange = 0.00183601, totNum = 4
ROUND = 2896, SUM = 13208708, bChange = 0.00183603, totNum = 4
ROUND = 2897, SUM = 13208708, bChange = 0.00183604, totNum = 4
ROUND = 2898, SUM = 13208708, bChange = 0.00183605, totNum = 4
ROUND = 2899, SUM = 13208708, bChange = 0.00183607, totNum = 4
ROUND = 2900, SUM = 13208708, bChange = 0.00183608, totNum = 4
ROUND = 2901, SUM = 13208708, bChange = 0.0018361, totNum = 4
ROUND = 2902, SUM = 13208708, bChange = 0.00183611, totNum = 4
ROUND = 2903, SUM = 13208708, bChange = 0.00183612, totNum = 4
ROUND = 2904, SUM = 13208708, bChange = 0.00183614, totNum = 4
ROUND = 2905, SUM = 13208708, bChange = 0.00183615, totNum = 4
ROUND = 2906, SUM = 13208708, bChange = 0.00183616, totNum = 4
ROUND = 2907, SUM = 13208708, bChange = 0.00183618, totNum = 4
ROUND = 2908, SUM = 13208708, bChange = 0.00183619, totNum = 4
ROUND = 2909, SUM = 13208708, bChange = 0.00183621, totNum = 4
ROUND = 2910, SUM = 13208708, bChange = 0.00183622, totNum = 4
ROUND = 2911, SUM = 13208708, bChange = 0.00183623, totNum = 4
ROUND = 2912, SUM = 13208708, bChange = 0.00183625, totNum = 4
ROUND = 2913, SUM = 13208708, bChange = 0.00183626, totNum = 4
ROUND = 2914, SUM = 13208708, bChange = 0.00183627, totNum = 4
ROUND = 2915, SUM = 13208708, bChange = 0.00183629, totNum = 4
ROUND = 2916, SUM = 13208708, bChange = 0.0018363, totNum = 4
ROUND = 2917, SUM = 13208708, bChange = 0.00183631, totNum = 4
ROUND = 2918, SUM = 13208708, bChange = 0.00183633, totNum = 4
ROUND = 2919, SUM = 13208708, bChange = 0.00183634, totNum = 4
ROUND = 2920, SUM = 13208708, bChange = 0.00183635, totNum = 4
ROUND = 2921, SUM = 13208708, bChange = 0.00183637, totNum = 4
ROUND = 2922, SUM = 13208708, bChange = 0.00183638, totNum = 4
ROUND = 2923, SUM = 13208708, bChange = 0.00183639, totNum = 4
ROUND = 2924, SUM = 13208708, bChange = 0.00183641, totNum = 4
ROUND = 2925, SUM = 13208708, bChange = 0.00183642, totNum = 4
ROUND = 2926, SUM = 13208708, bChange = 0.00183643, totNum = 4
ROUND = 2927, SUM = 13208708, bChange = 0.00183645, totNum = 4
ROUND = 2928, SUM = 13208708, bChange = 0.00183646, totNum = 4
ROUND = 2929, SUM = 13208708, bChange = 0.00183647, totNum = 4
ROUND = 2930, SUM = 13208708, bChange = 0.00183649, totNum = 4
ROUND = 2931, SUM = 13208708, bChange = 0.0018365, totNum = 4
ROUND = 2932, SUM = 13208708, bChange = 0.00183651, totNum = 4
ROUND = 2933, SUM = 13208708, bChange = 0.00183652, totNum = 4
ROUND = 2934, SUM = 13208708, bChange = 0.00183654, totNum = 4
ROUND = 2935, SUM = 13208708, bChange = 0.00183655, totNum = 4
ROUND = 2936, SUM = 13208708, bChange = 0.00183656, totNum = 4
ROUND = 2937, SUM = 13208708, bChange = 0.00183658, totNum = 4
ROUND = 2938, SUM = 13208708, bChange = 0.00183659, totNum = 4
ROUND = 2939, SUM = 13208708, bChange = 0.0018366, totNum = 4
ROUND = 2940, SUM = 13208708, bChange = 0.00183662, totNum = 4
ROUND = 2941, SUM = 13208708, bChange = 0.00183663, totNum = 4
ROUND = 2942, SUM = 13208708, bChange = 0.00183664, totNum = 4
ROUND = 2943, SUM = 13208708, bChange = 0.00183665, totNum = 4
ROUND = 2944, SUM = 13208708, bChange = 0.00183667, totNum = 4
ROUND = 2945, SUM = 13208708, bChange = 0.00183668, totNum = 4
ROUND = 2946, SUM = 13208708, bChange = 0.00183669, totNum = 4
ROUND = 2947, SUM = 13208708, bChange = 0.00183671, totNum = 4
ROUND = 2948, SUM = 13208708, bChange = 0.00183672, totNum = 4
ROUND = 2949, SUM = 13208708, bChange = 0.00183673, totNum = 4
ROUND = 2950, SUM = 13208708, bChange = 0.00183674, totNum = 4
ROUND = 2951, SUM = 13208708, bChange = 0.00183676, totNum = 4
ROUND = 2952, SUM = 13208708, bChange = 0.00183677, totNum = 4
ROUND = 2953, SUM = 13208708, bChange = 0.00183678, totNum = 4
ROUND = 2954, SUM = 13208708, bChange = 0.00183679, totNum = 4
ROUND = 2955, SUM = 13208708, bChange = 0.00183681, totNum = 4
ROUND = 2956, SUM = 13208708, bChange = 0.00183682, totNum = 4
ROUND = 2957, SUM = 13208708, bChange = 0.00183683, totNum = 4
ROUND = 2958, SUM = 13208708, bChange = 0.00183684, totNum = 4
ROUND = 2959, SUM = 13208708, bChange = 0.00183686, totNum = 4
ROUND = 2960, SUM = 13208708, bChange = 0.00183687, totNum = 4
ROUND = 2961, SUM = 13208708, bChange = 0.00183688, totNum = 4
ROUND = 2962, SUM = 13208708, bChange = 0.00183689, totNum = 4
ROUND = 2963, SUM = 13208708, bChange = 0.00183691, totNum = 4
ROUND = 2964, SUM = 13208708, bChange = 0.00183692, totNum = 4
ROUND = 2965, SUM = 13208708, bChange = 0.00183693, totNum = 4
ROUND = 2966, SUM = 13208708, bChange = 0.00183694, totNum = 4
ROUND = 2967, SUM = 13208708, bChange = 0.00183695, totNum = 4
ROUND = 2968, SUM = 13208708, bChange = 0.00183697, totNum = 4
ROUND = 2969, SUM = 13208708, bChange = 0.00183698, totNum = 4
ROUND = 2970, SUM = 13208708, bChange = 0.00183699, totNum = 4
ROUND = 2971, SUM = 13208708, bChange = 0.001837, totNum = 4
ROUND = 2972, SUM = 13208708, bChange = 0.00183702, totNum = 4
ROUND = 2973, SUM = 13208708, bChange = 0.00183703, totNum = 4
ROUND = 2974, SUM = 13208708, bChange = 0.00183704, totNum = 4
ROUND = 2975, SUM = 13208708, bChange = 0.00183705, totNum = 4
ROUND = 2976, SUM = 13208708, bChange = 0.00183706, totNum = 4
ROUND = 2977, SUM = 13208708, bChange = 0.00183708, totNum = 4
ROUND = 2978, SUM = 13208708, bChange = 0.00183709, totNum = 4
ROUND = 2979, SUM = 13208708, bChange = 0.0018371, totNum = 4
ROUND = 2980, SUM = 13208708, bChange = 0.00183711, totNum = 4
ROUND = 2981, SUM = 13208708, bChange = 0.00183712, totNum = 4
ROUND = 2982, SUM = 13208708, bChange = 0.00183714, totNum = 4
ROUND = 2983, SUM = 13208708, bChange = 0.00183715, totNum = 4
ROUND = 2984, SUM = 13208708, bChange = 0.00183716, totNum = 3
ROUND = 2985, SUM = 13208708, bChange = 0.00183717, totNum = 3
ROUND = 2986, SUM = 13208708, bChange = 0.00183718, totNum = 3
ROUND = 2987, SUM = 13208708, bChange = 0.00183719, totNum = 3
ROUND = 2988, SUM = 13208708, bChange = 0.00183721, totNum = 3
ROUND = 2989, SUM = 13208708, bChange = 0.00183722, totNum = 3
ROUND = 2990, SUM = 13208708, bChange = 0.00183723, totNum = 3
ROUND = 2991, SUM = 13208708, bChange = 0.00183724, totNum = 3
ROUND = 2992, SUM = 13208708, bChange = 0.00183725, totNum = 3
ROUND = 2993, SUM = 13208708, bChange = 0.00183727, totNum = 3
ROUND = 2994, SUM = 13208708, bChange = 0.00183728, totNum = 3
ROUND = 2995, SUM = 13208708, bChange = 0.00183729, totNum = 3
ROUND = 2996, SUM = 13208708, bChange = 0.0018373, totNum = 3
ROUND = 2997, SUM = 13208708, bChange = 0.00183731, totNum = 3
ROUND = 2998, SUM = 13208708, bChange = 0.00183732, totNum = 3
ROUND = 2999, SUM = 13208708, bChange = 0.00183733, totNum = 3
ROUND = 3000, SUM = 13208708, bChange = 0.00183735, totNum = 3
ROUND = 3001, SUM = 13208708, bChange = 0.00183736, totNum = 3
ROUND = 3002, SUM = 13208708, bChange = 0.00183737, totNum = 3
ROUND = 3003, SUM = 13208708, bChange = 0.00183738, totNum = 3
ROUND = 3004, SUM = 13208708, bChange = 0.00183739, totNum = 3
ROUND = 3005, SUM = 13208708, bChange = 0.0018374, totNum = 3
ROUND = 3006, SUM = 13208708, bChange = 0.00183742, totNum = 3
ROUND = 3007, SUM = 13208708, bChange = 0.00183743, totNum = 3
ROUND = 3008, SUM = 13208708, bChange = 0.00183744, totNum = 3
ROUND = 3009, SUM = 13208708, bChange = 0.00183745, totNum = 3
ROUND = 3010, SUM = 13208708, bChange = 0.00183746, totNum = 3
ROUND = 3011, SUM = 13208708, bChange = 0.00183747, totNum = 3
ROUND = 3012, SUM = 13208707.9999999, bChange = 0.00183748, totNum = 3
ROUND = 3013, SUM = 13208707.9999999, bChange = 0.00183749, totNum = 3
ROUND = 3014, SUM = 13208708, bChange = 0.00183751, totNum = 3
ROUND = 3015, SUM = 13208708, bChange = 0.00183752, totNum = 3
ROUND = 3016, SUM = 13208708, bChange = 0.00183753, totNum = 3
ROUND = 3017, SUM = 13208708, bChange = 0.00183754, totNum = 3
ROUND = 3018, SUM = 13208708, bChange = 0.00183755, totNum = 3
ROUND = 3019, SUM = 13208708, bChange = 0.00183756, totNum = 3
ROUND = 3020, SUM = 13208708, bChange = 0.00183757, totNum = 3
ROUND = 3021, SUM = 13208708, bChange = 0.00183758, totNum = 3
ROUND = 3022, SUM = 13208708, bChange = 0.00183759, totNum = 3
ROUND = 3023, SUM = 13208708, bChange = 0.00183761, totNum = 3
ROUND = 3024, SUM = 13208708, bChange = 0.00183762, totNum = 3
ROUND = 3025, SUM = 13208708, bChange = 0.00183763, totNum = 3
ROUND = 3026, SUM = 13208708, bChange = 0.00183764, totNum = 3
ROUND = 3027, SUM = 13208708, bChange = 0.00183765, totNum = 3
ROUND = 3028, SUM = 13208708, bChange = 0.00183766, totNum = 3
ROUND = 3029, SUM = 13208708, bChange = 0.00183767, totNum = 3
ROUND = 3030, SUM = 13208708, bChange = 0.00183768, totNum = 3
ROUND = 3031, SUM = 13208708, bChange = 0.00183769, totNum = 3
ROUND = 3032, SUM = 13208708, bChange = 0.0018377, totNum = 3
ROUND = 3033, SUM = 13208708, bChange = 0.00183772, totNum = 3
ROUND = 3034, SUM = 13208708, bChange = 0.00183773, totNum = 3
ROUND = 3035, SUM = 13208708, bChange = 0.00183774, totNum = 3
ROUND = 3036, SUM = 13208708, bChange = 0.00183775, totNum = 3
ROUND = 3037, SUM = 13208708, bChange = 0.00183776, totNum = 3
ROUND = 3038, SUM = 13208708, bChange = 0.00183777, totNum = 3
ROUND = 3039, SUM = 13208708, bChange = 0.00183778, totNum = 3
ROUND = 3040, SUM = 13208708, bChange = 0.00183779, totNum = 3
ROUND = 3041, SUM = 13208708, bChange = 0.0018378, totNum = 3
ROUND = 3042, SUM = 13208708, bChange = 0.00183781, totNum = 3
ROUND = 3043, SUM = 13208708, bChange = 0.00183782, totNum = 3
ROUND = 3044, SUM = 13208708, bChange = 0.00183783, totNum = 3
ROUND = 3045, SUM = 13208708, bChange = 0.00183784, totNum = 3
ROUND = 3046, SUM = 13208708, bChange = 0.00183785, totNum = 3
ROUND = 3047, SUM = 13208708, bChange = 0.00183787, totNum = 3
ROUND = 3048, SUM = 13208708, bChange = 0.00183788, totNum = 3
ROUND = 3049, SUM = 13208708, bChange = 0.00183789, totNum = 3
ROUND = 3050, SUM = 13208708, bChange = 0.0018379, totNum = 3
ROUND = 3051, SUM = 13208708, bChange = 0.00183791, totNum = 3
ROUND = 3052, SUM = 13208708, bChange = 0.00183792, totNum = 3
ROUND = 3053, SUM = 13208708, bChange = 0.00183793, totNum = 3
ROUND = 3054, SUM = 13208708, bChange = 0.00183794, totNum = 3
ROUND = 3055, SUM = 13208708, bChange = 0.00183795, totNum = 3
ROUND = 3056, SUM = 13208708, bChange = 0.00183796, totNum = 3
ROUND = 3057, SUM = 13208708, bChange = 0.00183797, totNum = 3
ROUND = 3058, SUM = 13208708, bChange = 0.00183798, totNum = 3
ROUND = 3059, SUM = 13208708, bChange = 0.00183799, totNum = 3
ROUND = 3060, SUM = 13208708, bChange = 0.001838, totNum = 3
ROUND = 3061, SUM = 13208708, bChange = 0.00183801, totNum = 3
ROUND = 3062, SUM = 13208708, bChange = 0.00183802, totNum = 3
ROUND = 3063, SUM = 13208708, bChange = 0.00183803, totNum = 3
ROUND = 3064, SUM = 13208708, bChange = 0.00183804, totNum = 3
ROUND = 3065, SUM = 13208708, bChange = 0.00183805, totNum = 3
ROUND = 3066, SUM = 13208708, bChange = 0.00183806, totNum = 3
ROUND = 3067, SUM = 13208708, bChange = 0.00183807, totNum = 3
ROUND = 3068, SUM = 13208708, bChange = 0.00183808, totNum = 3
ROUND = 3069, SUM = 13208708, bChange = 0.00183809, totNum = 3
ROUND = 3070, SUM = 13208708, bChange = 0.0018381, totNum = 3
ROUND = 3071, SUM = 13208708, bChange = 0.00183811, totNum = 3
ROUND = 3072, SUM = 13208708, bChange = 0.00183812, totNum = 3
ROUND = 3073, SUM = 13208708, bChange = 0.00183813, totNum = 3
ROUND = 3074, SUM = 13208708, bChange = 0.00183814, totNum = 3
ROUND = 3075, SUM = 13208708, bChange = 0.00183815, totNum = 3
ROUND = 3076, SUM = 13208708, bChange = 0.00183816, totNum = 3
ROUND = 3077, SUM = 13208708, bChange = 0.00183817, totNum = 3
ROUND = 3078, SUM = 13208708, bChange = 0.00183818, totNum = 3
ROUND = 3079, SUM = 13208708, bChange = 0.00183819, totNum = 3
ROUND = 3080, SUM = 13208708, bChange = 0.0018382, totNum = 3
ROUND = 3081, SUM = 13208708, bChange = 0.00183821, totNum = 3
ROUND = 3082, SUM = 13208708, bChange = 0.00183822, totNum = 3
ROUND = 3083, SUM = 13208708, bChange = 0.00183823, totNum = 3
ROUND = 3084, SUM = 13208708, bChange = 0.00183824, totNum = 3
ROUND = 3085, SUM = 13208708, bChange = 0.00183825, totNum = 3
ROUND = 3086, SUM = 13208708, bChange = 0.00183826, totNum = 3
ROUND = 3087, SUM = 13208708, bChange = 0.00183827, totNum = 3
ROUND = 3088, SUM = 13208708, bChange = 0.00183828, totNum = 3
ROUND = 3089, SUM = 13208708, bChange = 0.00183829, totNum = 3
ROUND = 3090, SUM = 13208708, bChange = 0.0018383, totNum = 3
ROUND = 3091, SUM = 13208708, bChange = 0.00183831, totNum = 3
ROUND = 3092, SUM = 13208708, bChange = 0.00183832, totNum = 3
ROUND = 3093, SUM = 13208708, bChange = 0.00183833, totNum = 3
ROUND = 3094, SUM = 13208708, bChange = 0.00183834, totNum = 3
ROUND = 3095, SUM = 13208708, bChange = 0.00183835, totNum = 3
ROUND = 3096, SUM = 13208708, bChange = 0.00183836, totNum = 3
ROUND = 3097, SUM = 13208708, bChange = 0.00183837, totNum = 3
ROUND = 3098, SUM = 13208708, bChange = 0.00183838, totNum = 3
ROUND = 3099, SUM = 13208708, bChange = 0.00183839, totNum = 3
ROUND = 3100, SUM = 13208708, bChange = 0.0018384, totNum = 3
ROUND = 3101, SUM = 13208708, bChange = 0.00183841, totNum = 3
ROUND = 3102, SUM = 13208708, bChange = 0.00183842, totNum = 3
ROUND = 3103, SUM = 13208708, bChange = 0.00183843, totNum = 3
ROUND = 3104, SUM = 13208708, bChange = 0.00183844, totNum = 3
ROUND = 3105, SUM = 13208708, bChange = 0.00183845, totNum = 3
ROUND = 3106, SUM = 13208708, bChange = 0.00183846, totNum = 3
ROUND = 3107, SUM = 13208708, bChange = 0.00183847, totNum = 3
ROUND = 3108, SUM = 13208708, bChange = 0.00183848, totNum = 3
ROUND = 3109, SUM = 13208708, bChange = 0.00183848, totNum = 3
ROUND = 3110, SUM = 13208708, bChange = 0.00183849, totNum = 3
ROUND = 3111, SUM = 13208708, bChange = 0.0018385, totNum = 3
ROUND = 3112, SUM = 13208708, bChange = 0.00183851, totNum = 3
ROUND = 3113, SUM = 13208708, bChange = 0.00183852, totNum = 3
ROUND = 3114, SUM = 13208708, bChange = 0.00183853, totNum = 3
ROUND = 3115, SUM = 13208708, bChange = 0.00183854, totNum = 3
ROUND = 3116, SUM = 13208708, bChange = 0.00183855, totNum = 3
ROUND = 3117, SUM = 13208708, bChange = 0.00183856, totNum = 3
ROUND = 3118, SUM = 13208708, bChange = 0.00183857, totNum = 3
ROUND = 3119, SUM = 13208708, bChange = 0.00183858, totNum = 3
ROUND = 3120, SUM = 13208708, bChange = 0.00183859, totNum = 3
ROUND = 3121, SUM = 13208708, bChange = 0.0018386, totNum = 3
ROUND = 3122, SUM = 13208708, bChange = 0.00183861, totNum = 3
ROUND = 3123, SUM = 13208708, bChange = 0.00183861, totNum = 3
ROUND = 3124, SUM = 13208708, bChange = 0.00183862, totNum = 3
ROUND = 3125, SUM = 13208708, bChange = 0.00183863, totNum = 3
ROUND = 3126, SUM = 13208708, bChange = 0.00183864, totNum = 3
ROUND = 3127, SUM = 13208708, bChange = 0.00183865, totNum = 3
ROUND = 3128, SUM = 13208708, bChange = 0.00183866, totNum = 3
ROUND = 3129, SUM = 13208708, bChange = 0.00183867, totNum = 3
ROUND = 3130, SUM = 13208708, bChange = 0.00183868, totNum = 3
ROUND = 3131, SUM = 13208708, bChange = 0.00183869, totNum = 3
ROUND = 3132, SUM = 13208708, bChange = 0.0018387, totNum = 3
ROUND = 3133, SUM = 13208708, bChange = 0.00183871, totNum = 3
ROUND = 3134, SUM = 13208708, bChange = 0.00183872, totNum = 3
ROUND = 3135, SUM = 13208708, bChange = 0.00183872, totNum = 3
ROUND = 3136, SUM = 13208708, bChange = 0.00183873, totNum = 3
ROUND = 3137, SUM = 13208708, bChange = 0.00183874, totNum = 3
ROUND = 3138, SUM = 13208708, bChange = 0.00183875, totNum = 3
ROUND = 3139, SUM = 13208708, bChange = 0.00183876, totNum = 3
ROUND = 3140, SUM = 13208708, bChange = 0.00183877, totNum = 3
ROUND = 3141, SUM = 13208708, bChange = 0.00183878, totNum = 3
ROUND = 3142, SUM = 13208708, bChange = 0.00183879, totNum = 3
ROUND = 3143, SUM = 13208708, bChange = 0.0018388, totNum = 3
ROUND = 3144, SUM = 13208708, bChange = 0.0018388, totNum = 3
ROUND = 3145, SUM = 13208708, bChange = 0.00183881, totNum = 3
ROUND = 3146, SUM = 13208708, bChange = 0.00183882, totNum = 3
ROUND = 3147, SUM = 13208708, bChange = 0.00183883, totNum = 3
ROUND = 3148, SUM = 13208708, bChange = 0.00183884, totNum = 3
ROUND = 3149, SUM = 13208708, bChange = 0.00183885, totNum = 3
ROUND = 3150, SUM = 13208708, bChange = 0.00183886, totNum = 3
ROUND = 3151, SUM = 13208708, bChange = 0.00183887, totNum = 3
ROUND = 3152, SUM = 13208708, bChange = 0.00183887, totNum = 3
ROUND = 3153, SUM = 13208708, bChange = 0.00183888, totNum = 3
ROUND = 3154, SUM = 13208708, bChange = 0.00183889, totNum = 3
ROUND = 3155, SUM = 13208708, bChange = 0.0018389, totNum = 3
ROUND = 3156, SUM = 13208708, bChange = 0.00183891, totNum = 3
ROUND = 3157, SUM = 13208708, bChange = 0.00183892, totNum = 3
ROUND = 3158, SUM = 13208708, bChange = 0.00183893, totNum = 3
ROUND = 3159, SUM = 13208708, bChange = 0.00183894, totNum = 3
ROUND = 3160, SUM = 13208708, bChange = 0.00183894, totNum = 3
ROUND = 3161, SUM = 13208708, bChange = 0.00183895, totNum = 3
ROUND = 3162, SUM = 13208708, bChange = 0.00183896, totNum = 3
ROUND = 3163, SUM = 13208708, bChange = 0.00183897, totNum = 3
ROUND = 3164, SUM = 13208708, bChange = 0.00183898, totNum = 3
ROUND = 3165, SUM = 13208708, bChange = 0.00183899, totNum = 3
ROUND = 3166, SUM = 13208708, bChange = 0.001839, totNum = 3
ROUND = 3167, SUM = 13208708, bChange = 0.001839, totNum = 3
ROUND = 3168, SUM = 13208708, bChange = 0.00183901, totNum = 3
ROUND = 3169, SUM = 13208708, bChange = 0.00183902, totNum = 3
ROUND = 3170, SUM = 13208708, bChange = 0.00183903, totNum = 3
ROUND = 3171, SUM = 13208708, bChange = 0.00183904, totNum = 3
ROUND = 3172, SUM = 13208708, bChange = 0.00183905, totNum = 3
ROUND = 3173, SUM = 13208708, bChange = 0.00183905, totNum = 3
ROUND = 3174, SUM = 13208708, bChange = 0.00183906, totNum = 3
ROUND = 3175, SUM = 13208708, bChange = 0.00183907, totNum = 3
ROUND = 3176, SUM = 13208708, bChange = 0.00183908, totNum = 3
ROUND = 3177, SUM = 13208708, bChange = 0.00183909, totNum = 3
ROUND = 3178, SUM = 13208708, bChange = 0.0018391, totNum = 3
ROUND = 3179, SUM = 13208708, bChange = 0.0018391, totNum = 3
ROUND = 3180, SUM = 13208708, bChange = 0.00183911, totNum = 3
ROUND = 3181, SUM = 13208708, bChange = 0.00183912, totNum = 3
ROUND = 3182, SUM = 13208708, bChange = 0.00183913, totNum = 3
ROUND = 3183, SUM = 13208708, bChange = 0.00183914, totNum = 3
ROUND = 3184, SUM = 13208708, bChange = 0.00183915, totNum = 3
ROUND = 3185, SUM = 13208708, bChange = 0.00183915, totNum = 3
ROUND = 3186, SUM = 13208708, bChange = 0.00183916, totNum = 3
ROUND = 3187, SUM = 13208708, bChange = 0.00183917, totNum = 3
ROUND = 3188, SUM = 13208708, bChange = 0.00183918, totNum = 3
ROUND = 3189, SUM = 13208708, bChange = 0.00183919, totNum = 3
ROUND = 3190, SUM = 13208708, bChange = 0.00183919, totNum = 3
ROUND = 3191, SUM = 13208708, bChange = 0.0018392, totNum = 3
ROUND = 3192, SUM = 13208708, bChange = 0.00183921, totNum = 3
ROUND = 3193, SUM = 13208708, bChange = 0.00183922, totNum = 3
ROUND = 3194, SUM = 13208708, bChange = 0.00183923, totNum = 3
ROUND = 3195, SUM = 13208708, bChange = 0.00183924, totNum = 3
ROUND = 3196, SUM = 13208708, bChange = 0.00183924, totNum = 3
ROUND = 3197, SUM = 13208708, bChange = 0.00183925, totNum = 3
ROUND = 3198, SUM = 13208708, bChange = 0.00183926, totNum = 3
ROUND = 3199, SUM = 13208708, bChange = 0.00183927, totNum = 3
ROUND = 3200, SUM = 13208708, bChange = 0.00183928, totNum = 3
ROUND = 3201, SUM = 13208708, bChange = 0.00183928, totNum = 3
ROUND = 3202, SUM = 13208708, bChange = 0.00183929, totNum = 3
ROUND = 3203, SUM = 13208708, bChange = 0.0018393, totNum = 3
ROUND = 3204, SUM = 13208708, bChange = 0.00183931, totNum = 3
ROUND = 3205, SUM = 13208708, bChange = 0.00183931, totNum = 3
ROUND = 3206, SUM = 13208708, bChange = 0.00183932, totNum = 3
ROUND = 3207, SUM = 13208708, bChange = 0.00183933, totNum = 3
ROUND = 3208, SUM = 13208708, bChange = 0.00183934, totNum = 3
ROUND = 3209, SUM = 13208708, bChange = 0.00183935, totNum = 3
ROUND = 3210, SUM = 13208708, bChange = 0.00183935, totNum = 3
ROUND = 3211, SUM = 13208708, bChange = 0.00183936, totNum = 3
ROUND = 3212, SUM = 13208708, bChange = 0.00183937, totNum = 3
ROUND = 3213, SUM = 13208708, bChange = 0.00183938, totNum = 2
ROUND = 3214, SUM = 13208708, bChange = 0.00183939, totNum = 2
ROUND = 3215, SUM = 13208708, bChange = 0.00183939, totNum = 2
ROUND = 3216, SUM = 13208708, bChange = 0.0018394, totNum = 2
ROUND = 3217, SUM = 13208708, bChange = 0.00183941, totNum = 2
ROUND = 3218, SUM = 13208708, bChange = 0.00183942, totNum = 2
ROUND = 3219, SUM = 13208708, bChange = 0.00183942, totNum = 2
ROUND = 3220, SUM = 13208708, bChange = 0.00183943, totNum = 2
ROUND = 3221, SUM = 13208708, bChange = 0.00183944, totNum = 2
ROUND = 3222, SUM = 13208708, bChange = 0.00183945, totNum = 2
ROUND = 3223, SUM = 13208708, bChange = 0.00183945, totNum = 2
ROUND = 3224, SUM = 13208708, bChange = 0.00183946, totNum = 2
ROUND = 3225, SUM = 13208708, bChange = 0.00183947, totNum = 2
ROUND = 3226, SUM = 13208708, bChange = 0.00183948, totNum = 2
ROUND = 3227, SUM = 13208708, bChange = 0.00183949, totNum = 2
ROUND = 3228, SUM = 13208708, bChange = 0.00183949, totNum = 2
ROUND = 3229, SUM = 13208708, bChange = 0.0018395, totNum = 2
ROUND = 3230, SUM = 13208708, bChange = 0.00183951, totNum = 2
ROUND = 3231, SUM = 13208708, bChange = 0.00183952, totNum = 2
ROUND = 3232, SUM = 13208708, bChange = 0.00183952, totNum = 2
ROUND = 3233, SUM = 13208708, bChange = 0.00183953, totNum = 2
ROUND = 3234, SUM = 13208708, bChange = 0.00183954, totNum = 2
ROUND = 3235, SUM = 13208708, bChange = 0.00183955, totNum = 2
ROUND = 3236, SUM = 13208708, bChange = 0.00183955, totNum = 2
ROUND = 3237, SUM = 13208708, bChange = 0.00183956, totNum = 2
ROUND = 3238, SUM = 13208708, bChange = 0.00183957, totNum = 2
ROUND = 3239, SUM = 13208708, bChange = 0.00183958, totNum = 2
ROUND = 3240, SUM = 13208708, bChange = 0.00183958, totNum = 2
ROUND = 3241, SUM = 13208708, bChange = 0.00183959, totNum = 2
ROUND = 3242, SUM = 13208708, bChange = 0.0018396, totNum = 2
ROUND = 3243, SUM = 13208708, bChange = 0.00183961, totNum = 2
ROUND = 3244, SUM = 13208708, bChange = 0.00183961, totNum = 2
ROUND = 3245, SUM = 13208708, bChange = 0.00183962, totNum = 2
ROUND = 3246, SUM = 13208708, bChange = 0.00183963, totNum = 2
ROUND = 3247, SUM = 13208708, bChange = 0.00183963, totNum = 2
ROUND = 3248, SUM = 13208708, bChange = 0.00183964, totNum = 2
ROUND = 3249, SUM = 13208708, bChange = 0.00183965, totNum = 2
ROUND = 3250, SUM = 13208708, bChange = 0.00183966, totNum = 2
ROUND = 3251, SUM = 13208708, bChange = 0.00183966, totNum = 2
ROUND = 3252, SUM = 13208708, bChange = 0.00183967, totNum = 2
ROUND = 3253, SUM = 13208708, bChange = 0.00183968, totNum = 2
ROUND = 3254, SUM = 13208708, bChange = 0.00183969, totNum = 2
ROUND = 3255, SUM = 13208708, bChange = 0.00183969, totNum = 2
ROUND = 3256, SUM = 13208708, bChange = 0.0018397, totNum = 2
ROUND = 3257, SUM = 13208708, bChange = 0.00183971, totNum = 2
ROUND = 3258, SUM = 13208708, bChange = 0.00183971, totNum = 2
ROUND = 3259, SUM = 13208708, bChange = 0.00183972, totNum = 2
ROUND = 3260, SUM = 13208708, bChange = 0.00183973, totNum = 2
ROUND = 3261, SUM = 13208708, bChange = 0.00183974, totNum = 2
ROUND = 3262, SUM = 13208708, bChange = 0.00183974, totNum = 2
ROUND = 3263, SUM = 13208708, bChange = 0.00183975, totNum = 2
ROUND = 3264, SUM = 13208708, bChange = 0.00183976, totNum = 2
ROUND = 3265, SUM = 13208708, bChange = 0.00183976, totNum = 2
ROUND = 3266, SUM = 13208708, bChange = 0.00183977, totNum = 2
ROUND = 3267, SUM = 13208708, bChange = 0.00183978, totNum = 2
ROUND = 3268, SUM = 13208708, bChange = 0.00183979, totNum = 2
ROUND = 3269, SUM = 13208708, bChange = 0.00183979, totNum = 2
ROUND = 3270, SUM = 13208708, bChange = 0.0018398, totNum = 2
ROUND = 3271, SUM = 13208708, bChange = 0.00183981, totNum = 2
ROUND = 3272, SUM = 13208708, bChange = 0.00183981, totNum = 2
ROUND = 3273, SUM = 13208708, bChange = 0.00183982, totNum = 2
ROUND = 3274, SUM = 13208708, bChange = 0.00183983, totNum = 2
ROUND = 3275, SUM = 13208708, bChange = 0.00183983, totNum = 2
ROUND = 3276, SUM = 13208708, bChange = 0.00183984, totNum = 2
ROUND = 3277, SUM = 13208708, bChange = 0.00183985, totNum = 2
ROUND = 3278, SUM = 13208708, bChange = 0.00183986, totNum = 2
ROUND = 3279, SUM = 13208708, bChange = 0.00183986, totNum = 2
ROUND = 3280, SUM = 13208708, bChange = 0.00183987, totNum = 2
ROUND = 3281, SUM = 13208708, bChange = 0.00183988, totNum = 2
ROUND = 3282, SUM = 13208708, bChange = 0.00183988, totNum = 2
ROUND = 3283, SUM = 13208708, bChange = 0.00183989, totNum = 2
ROUND = 3284, SUM = 13208708, bChange = 0.0018399, totNum = 2
ROUND = 3285, SUM = 13208708, bChange = 0.0018399, totNum = 2
ROUND = 3286, SUM = 13208708, bChange = 0.00183991, totNum = 2
ROUND = 3287, SUM = 13208708, bChange = 0.00183992, totNum = 2
ROUND = 3288, SUM = 13208708, bChange = 0.00183992, totNum = 2
ROUND = 3289, SUM = 13208708, bChange = 0.00183993, totNum = 2
ROUND = 3290, SUM = 13208708, bChange = 0.00183994, totNum = 2
ROUND = 3291, SUM = 13208708, bChange = 0.00183994, totNum = 2
ROUND = 3292, SUM = 13208708, bChange = 0.00183995, totNum = 2
ROUND = 3293, SUM = 13208708, bChange = 0.00183996, totNum = 2
ROUND = 3294, SUM = 13208708, bChange = 0.00183996, totNum = 2
ROUND = 3295, SUM = 13208708, bChange = 0.00183997, totNum = 2
ROUND = 3296, SUM = 13208708, bChange = 0.00183998, totNum = 2
ROUND = 3297, SUM = 13208708, bChange = 0.00183998, totNum = 2
ROUND = 3298, SUM = 13208708, bChange = 0.00183999, totNum = 2
ROUND = 3299, SUM = 13208708, bChange = 0.00184, totNum = 2
ROUND = 3300, SUM = 13208708, bChange = 0.00184, totNum = 2
ROUND = 3301, SUM = 13208708, bChange = 0.00184001, totNum = 2
ROUND = 3302, SUM = 13208708, bChange = 0.00184002, totNum = 2
ROUND = 3303, SUM = 13208708, bChange = 0.00184002, totNum = 2
ROUND = 3304, SUM = 13208708, bChange = 0.00184003, totNum = 2
ROUND = 3305, SUM = 13208708, bChange = 0.00184004, totNum = 2
ROUND = 3306, SUM = 13208708, bChange = 0.00184004, totNum = 2
ROUND = 3307, SUM = 13208708, bChange = 0.00184005, totNum = 2
ROUND = 3308, SUM = 13208708, bChange = 0.00184006, totNum = 2
ROUND = 3309, SUM = 13208708, bChange = 0.00184006, totNum = 2
ROUND = 3310, SUM = 13208708, bChange = 0.00184007, totNum = 2
ROUND = 3311, SUM = 13208708, bChange = 0.00184008, totNum = 2
ROUND = 3312, SUM = 13208708, bChange = 0.00184008, totNum = 2
ROUND = 3313, SUM = 13208708, bChange = 0.00184009, totNum = 2
ROUND = 3314, SUM = 13208708, bChange = 0.0018401, totNum = 2
ROUND = 3315, SUM = 13208708, bChange = 0.0018401, totNum = 2
ROUND = 3316, SUM = 13208708, bChange = 0.00184011, totNum = 2
ROUND = 3317, SUM = 13208708, bChange = 0.00184012, totNum = 2
ROUND = 3318, SUM = 13208708, bChange = 0.00184012, totNum = 2
ROUND = 3319, SUM = 13208708, bChange = 0.00184013, totNum = 2
ROUND = 3320, SUM = 13208708, bChange = 0.00184013, totNum = 2
ROUND = 3321, SUM = 13208708, bChange = 0.00184014, totNum = 2
ROUND = 3322, SUM = 13208708, bChange = 0.00184015, totNum = 2
ROUND = 3323, SUM = 13208708, bChange = 0.00184015, totNum = 2
ROUND = 3324, SUM = 13208708, bChange = 0.00184016, totNum = 2
ROUND = 3325, SUM = 13208708, bChange = 0.00135293, totNum = 1
ROUND = 3326, SUM = 13208708, bChange = 0.00135292, totNum = 1
ROUND = 3327, SUM = 13208708, bChange = 0.0013529, totNum = 1
ROUND = 3328, SUM = 13208708, bChange = 0.00135289, totNum = 1
ROUND = 3329, SUM = 13208708, bChange = 0.00135287, totNum = 1
ROUND = 3330, SUM = 13208708, bChange = 0.00135286, totNum = 1
ROUND = 3331, SUM = 13208708, bChange = 0.00135284, totNum = 1
ROUND = 3332, SUM = 13208708, bChange = 0.00135283, totNum = 1
ROUND = 3333, SUM = 13208708, bChange = 0.00135281, totNum = 1
ROUND = 3334, SUM = 13208708, bChange = 0.00135279, totNum = 1
ROUND = 3335, SUM = 13208708, bChange = 0.00135278, totNum = 1
ROUND = 3336, SUM = 13208708, bChange = 0.00135276, totNum = 1
ROUND = 3337, SUM = 13208708, bChange = 0.00135275, totNum = 1
ROUND = 3338, SUM = 13208708, bChange = 0.00135273, totNum = 1
ROUND = 3339, SUM = 13208708, bChange = 0.00135272, totNum = 1
ROUND = 3340, SUM = 13208708, bChange = 0.0013527, totNum = 1
ROUND = 3341, SUM = 13208708, bChange = 0.00135269, totNum = 1
ROUND = 3342, SUM = 13208708, bChange = 0.00135267, totNum = 1
ROUND = 3343, SUM = 13208708, bChange = 0.00135266, totNum = 1
ROUND = 3344, SUM = 13208708, bChange = 0.00135264, totNum = 1
ROUND = 3345, SUM = 13208708, bChange = 0.00135263, totNum = 1
ROUND = 3346, SUM = 13208708, bChange = 0.00135261, totNum = 1
ROUND = 3347, SUM = 13208708, bChange = 0.0013526, totNum = 1
ROUND = 3348, SUM = 13208708, bChange = 0.00135258, totNum = 1
ROUND = 3349, SUM = 13208708, bChange = 0.00135257, totNum = 1
ROUND = 3350, SUM = 13208708, bChange = 0.00135255, totNum = 1
ROUND = 3351, SUM = 13208708, bChange = 0.00135254, totNum = 1
ROUND = 3352, SUM = 13208708, bChange = 0.00135252, totNum = 1
ROUND = 3353, SUM = 13208708, bChange = 0.00135251, totNum = 1
ROUND = 3354, SUM = 13208708, bChange = 0.00135249, totNum = 1
ROUND = 3355, SUM = 13208708, bChange = 0.00135248, totNum = 1
ROUND = 3356, SUM = 13208708, bChange = 0.00135246, totNum = 1
ROUND = 3357, SUM = 13208708, bChange = 0.00135245, totNum = 1
ROUND = 3358, SUM = 13208708, bChange = 0.00135243, totNum = 1
ROUND = 3359, SUM = 13208708, bChange = 0.00135242, totNum = 1
ROUND = 3360, SUM = 13208708, bChange = 0.0013524, totNum = 1
ROUND = 3361, SUM = 13208708, bChange = 0.00135239, totNum = 1
ROUND = 3362, SUM = 13208708, bChange = 0.00135237, totNum = 1
ROUND = 3363, SUM = 13208708, bChange = 0.00135236, totNum = 1
ROUND = 3364, SUM = 13208708, bChange = 0.00135234, totNum = 1
ROUND = 3365, SUM = 13208708, bChange = 0.00135233, totNum = 1
ROUND = 3366, SUM = 13208708, bChange = 0.00135232, totNum = 1
ROUND = 3367, SUM = 13208708, bChange = 0.0013523, totNum = 1
ROUND = 3368, SUM = 13208708, bChange = 0.00135229, totNum = 1
ROUND = 3369, SUM = 13208708, bChange = 0.00135227, totNum = 1
ROUND = 3370, SUM = 13208708, bChange = 0.00135226, totNum = 1
ROUND = 3371, SUM = 13208708, bChange = 0.00135224, totNum = 1
ROUND = 3372, SUM = 13208708, bChange = 0.00135223, totNum = 1
ROUND = 3373, SUM = 13208708, bChange = 0.00135221, totNum = 1
ROUND = 3374, SUM = 13208707.9999999, bChange = 0.0013522, totNum = 1
ROUND = 3375, SUM = 13208708, bChange = 0.00135218, totNum = 1
ROUND = 3376, SUM = 13208708, bChange = 0.00135217, totNum = 1
ROUND = 3377, SUM = 13208708, bChange = 0.00135216, totNum = 1
ROUND = 3378, SUM = 13208708, bChange = 0.00135214, totNum = 1
ROUND = 3379, SUM = 13208708, bChange = 0.00135213, totNum = 1
ROUND = 3380, SUM = 13208708, bChange = 0.00135211, totNum = 1
ROUND = 3381, SUM = 13208708, bChange = 0.0013521, totNum = 1
ROUND = 3382, SUM = 13208708, bChange = 0.00135208, totNum = 1
ROUND = 3383, SUM = 13208708, bChange = 0.00135207, totNum = 1
ROUND = 3384, SUM = 13208708, bChange = 0.00135205, totNum = 1
ROUND = 3385, SUM = 13208707.9999999, bChange = 0.00135204, totNum = 1
ROUND = 3386, SUM = 13208708, bChange = 0.00135203, totNum = 1
ROUND = 3387, SUM = 13208708, bChange = 0.00135201, totNum = 1
ROUND = 3388, SUM = 13208708, bChange = 0.001352, totNum = 1
ROUND = 3389, SUM = 13208708, bChange = 0.00135198, totNum = 1
ROUND = 3390, SUM = 13208708, bChange = 0.00135197, totNum = 1
ROUND = 3391, SUM = 13208708, bChange = 0.00135196, totNum = 1
ROUND = 3392, SUM = 13208708, bChange = 0.00135194, totNum = 1
ROUND = 3393, SUM = 13208708, bChange = 0.00135193, totNum = 1
ROUND = 3394, SUM = 13208708, bChange = 0.00135191, totNum = 1
ROUND = 3395, SUM = 13208708, bChange = 0.0013519, totNum = 1
ROUND = 3396, SUM = 13208708, bChange = 0.00135188, totNum = 1
ROUND = 3397, SUM = 13208708, bChange = 0.00135187, totNum = 1
ROUND = 3398, SUM = 13208708, bChange = 0.00135186, totNum = 1
ROUND = 3399, SUM = 13208708, bChange = 0.00135184, totNum = 1
ROUND = 3400, SUM = 13208708, bChange = 0.00135183, totNum = 1
ROUND = 3401, SUM = 13208708, bChange = 0.00135181, totNum = 1
ROUND = 3402, SUM = 13208708, bChange = 0.0013518, totNum = 1
ROUND = 3403, SUM = 13208708, bChange = 0.00135179, totNum = 1
ROUND = 3404, SUM = 13208708, bChange = 0.00135177, totNum = 1
ROUND = 3405, SUM = 13208708, bChange = 0.00135176, totNum = 1
ROUND = 3406, SUM = 13208708, bChange = 0.00135175, totNum = 1
ROUND = 3407, SUM = 13208708, bChange = 0.00135173, totNum = 1
ROUND = 3408, SUM = 13208708, bChange = 0.00135172, totNum = 1
ROUND = 3409, SUM = 13208708, bChange = 0.0013517, totNum = 1
ROUND = 3410, SUM = 13208708, bChange = 0.00135169, totNum = 1
ROUND = 3411, SUM = 13208707.9999999, bChange = 0.00135168, totNum = 1
ROUND = 3412, SUM = 13208707.9999999, bChange = 0.00135166, totNum = 1
ROUND = 3413, SUM = 13208707.9999999, bChange = 0.00135165, totNum = 1
ROUND = 3414, SUM = 13208707.9999999, bChange = 0.00135163, totNum = 1
ROUND = 3415, SUM = 13208708, bChange = 0.00135162, totNum = 1
ROUND = 3416, SUM = 13208708, bChange = 0.00135161, totNum = 1
ROUND = 3417, SUM = 13208708, bChange = 0.00135159, totNum = 1
ROUND = 3418, SUM = 13208708, bChange = 0.00135158, totNum = 1
ROUND = 3419, SUM = 13208708, bChange = 0.00135157, totNum = 1
ROUND = 3420, SUM = 13208708, bChange = 0.00135155, totNum = 1
ROUND = 3421, SUM = 13208708, bChange = 0.00135154, totNum = 1
ROUND = 3422, SUM = 13208708, bChange = 0.00135153, totNum = 1
ROUND = 3423, SUM = 13208708, bChange = 0.00135151, totNum = 1
ROUND = 3424, SUM = 13208708, bChange = 0.0013515, totNum = 1
ROUND = 3425, SUM = 13208708, bChange = 0.00135148, totNum = 1
ROUND = 3426, SUM = 13208708, bChange = 0.00135147, totNum = 1
ROUND = 3427, SUM = 13208708, bChange = 0.00135146, totNum = 1
ROUND = 3428, SUM = 13208708, bChange = 0.00135144, totNum = 1
ROUND = 3429, SUM = 13208708, bChange = 0.00135143, totNum = 1
ROUND = 3430, SUM = 13208708, bChange = 0.00135142, totNum = 1
ROUND = 3431, SUM = 13208708, bChange = 0.0013514, totNum = 1
ROUND = 3432, SUM = 13208708, bChange = 0.00135139, totNum = 1
ROUND = 3433, SUM = 13208708, bChange = 0.00135138, totNum = 1
ROUND = 3434, SUM = 13208708, bChange = 0.00135136, totNum = 1
ROUND = 3435, SUM = 13208708, bChange = 0.00135135, totNum = 1
ROUND = 3436, SUM = 13208708, bChange = 0.00135134, totNum = 1
ROUND = 3437, SUM = 13208708, bChange = 0.00135132, totNum = 1
ROUND = 3438, SUM = 13208708, bChange = 0.00135131, totNum = 1
ROUND = 3439, SUM = 13208708, bChange = 0.0013513, totNum = 1
ROUND = 3440, SUM = 13208708, bChange = 0.00135128, totNum = 1
ROUND = 3441, SUM = 13208708, bChange = 0.00135127, totNum = 1
ROUND = 3442, SUM = 13208708, bChange = 0.00135126, totNum = 1
ROUND = 3443, SUM = 13208708, bChange = 0.00135124, totNum = 1
ROUND = 3444, SUM = 13208708, bChange = 0.00135123, totNum = 1
ROUND = 3445, SUM = 13208708, bChange = 0.00135122, totNum = 1
ROUND = 3446, SUM = 13208708, bChange = 0.0013512, totNum = 1
ROUND = 3447, SUM = 13208708, bChange = 0.00135119, totNum = 1
ROUND = 3448, SUM = 13208708, bChange = 0.00135118, totNum = 1
ROUND = 3449, SUM = 13208708, bChange = 0.00135117, totNum = 1
ROUND = 3450, SUM = 13208708, bChange = 0.00135115, totNum = 1
ROUND = 3451, SUM = 13208708, bChange = 0.00135114, totNum = 1
ROUND = 3452, SUM = 13208708, bChange = 0.00135113, totNum = 1
ROUND = 3453, SUM = 13208708, bChange = 0.00135111, totNum = 1
ROUND = 3454, SUM = 13208708, bChange = 0.0013511, totNum = 1
ROUND = 3455, SUM = 13208708, bChange = 0.00135109, totNum = 1
ROUND = 3456, SUM = 13208708, bChange = 0.00135107, totNum = 1
ROUND = 3457, SUM = 13208708, bChange = 0.00135106, totNum = 1
ROUND = 3458, SUM = 13208708, bChange = 0.00135105, totNum = 1
ROUND = 3459, SUM = 13208708, bChange = 0.00135104, totNum = 1
ROUND = 3460, SUM = 13208708, bChange = 0.00135102, totNum = 1
ROUND = 3461, SUM = 13208708, bChange = 0.00135101, totNum = 1
ROUND = 3462, SUM = 13208708, bChange = 0.001351, totNum = 1
ROUND = 3463, SUM = 13208708, bChange = 0.00135098, totNum = 1
ROUND = 3464, SUM = 13208708, bChange = 0.00135097, totNum = 1
ROUND = 3465, SUM = 13208708, bChange = 0.00135096, totNum = 1
ROUND = 3466, SUM = 13208708, bChange = 0.00135095, totNum = 1
ROUND = 3467, SUM = 13208708, bChange = 0.00135093, totNum = 1
ROUND = 3468, SUM = 13208708, bChange = 0.00135092, totNum = 1
ROUND = 3469, SUM = 13208708, bChange = 0.00135091, totNum = 1
ROUND = 3470, SUM = 13208708, bChange = 0.00135089, totNum = 1
ROUND = 3471, SUM = 13208708, bChange = 0.00135088, totNum = 1
ROUND = 3472, SUM = 13208708, bChange = 0.00135087, totNum = 1
ROUND = 3473, SUM = 13208708, bChange = 0.00135086, totNum = 1
ROUND = 3474, SUM = 13208708, bChange = 0.00135084, totNum = 1
ROUND = 3475, SUM = 13208708, bChange = 0.00135083, totNum = 1
ROUND = 3476, SUM = 13208708, bChange = 0.00135082, totNum = 1
ROUND = 3477, SUM = 13208708, bChange = 0.00135081, totNum = 1
ROUND = 3478, SUM = 13208708, bChange = 0.00135079, totNum = 1
ROUND = 3479, SUM = 13208708, bChange = 0.00135078, totNum = 1
ROUND = 3480, SUM = 13208708, bChange = 0.00135077, totNum = 1
ROUND = 3481, SUM = 13208708, bChange = 0.00135076, totNum = 1
ROUND = 3482, SUM = 13208708, bChange = 0.00135074, totNum = 1
ROUND = 3483, SUM = 13208708, bChange = 0.00135073, totNum = 1
ROUND = 3484, SUM = 13208708, bChange = 0.00135072, totNum = 1
ROUND = 3485, SUM = 13208708, bChange = 0.00135071, totNum = 1
ROUND = 3486, SUM = 13208708, bChange = 0.00135069, totNum = 1
ROUND = 3487, SUM = 13208708, bChange = 0.00135068, totNum = 1
ROUND = 3488, SUM = 13208708, bChange = 0.00135067, totNum = 1
ROUND = 3489, SUM = 13208708, bChange = 0.00135066, totNum = 1
ROUND = 3490, SUM = 13208708, bChange = 0.00135064, totNum = 1
ROUND = 3491, SUM = 13208708, bChange = 0.00135063, totNum = 1
ROUND = 3492, SUM = 13208708, bChange = 0.00135062, totNum = 1
ROUND = 3493, SUM = 13208708, bChange = 0.00135061, totNum = 1
ROUND = 3494, SUM = 13208708, bChange = 0.00135059, totNum = 1
ROUND = 3495, SUM = 13208708, bChange = 0.00135058, totNum = 1
ROUND = 3496, SUM = 13208708, bChange = 0.00135057, totNum = 1
ROUND = 3497, SUM = 13208708, bChange = 0.00135056, totNum = 1
ROUND = 3498, SUM = 13208708, bChange = 0.00135055, totNum = 1
ROUND = 3499, SUM = 13208708, bChange = 0.00135053, totNum = 1
ROUND = 3500, SUM = 13208708, bChange = 0.00135052, totNum = 1
ROUND = 3501, SUM = 13208708, bChange = 0.00135051, totNum = 1
ROUND = 3502, SUM = 13208708, bChange = 0.0013505, totNum = 1
ROUND = 3503, SUM = 13208708, bChange = 0.00135048, totNum = 1
ROUND = 3504, SUM = 13208708, bChange = 0.00135047, totNum = 1
ROUND = 3505, SUM = 13208708, bChange = 0.00135046, totNum = 1
ROUND = 3506, SUM = 13208708, bChange = 0.00135045, totNum = 1
ROUND = 3507, SUM = 13208708, bChange = 0.00135044, totNum = 1
ROUND = 3508, SUM = 13208708, bChange = 0.00135042, totNum = 1
ROUND = 3509, SUM = 13208708, bChange = 0.00135041, totNum = 1
ROUND = 3510, SUM = 13208708, bChange = 0.0013504, totNum = 1
ROUND = 3511, SUM = 13208708, bChange = 0.00135039, totNum = 1
ROUND = 3512, SUM = 13208708, bChange = 0.00135038, totNum = 1
ROUND = 3513, SUM = 13208708, bChange = 0.00135036, totNum = 1
ROUND = 3514, SUM = 13208708, bChange = 0.00135035, totNum = 1
ROUND = 3515, SUM = 13208708, bChange = 0.00135034, totNum = 1
ROUND = 3516, SUM = 13208708, bChange = 0.00135033, totNum = 1
ROUND = 3517, SUM = 13208708, bChange = 0.00135032, totNum = 1
ROUND = 3518, SUM = 13208708, bChange = 0.0013503, totNum = 1
ROUND = 3519, SUM = 13208708, bChange = 0.00135029, totNum = 1
ROUND = 3520, SUM = 13208708, bChange = 0.00135028, totNum = 1
ROUND = 3521, SUM = 13208708, bChange = 0.00135027, totNum = 1
ROUND = 3522, SUM = 13208708, bChange = 0.00135026, totNum = 1
ROUND = 3523, SUM = 13208708, bChange = 0.00135024, totNum = 1
ROUND = 3524, SUM = 13208708, bChange = 0.00135023, totNum = 1
ROUND = 3525, SUM = 13208708, bChange = 0.00135022, totNum = 1
ROUND = 3526, SUM = 13208708, bChange = 0.00135021, totNum = 1
ROUND = 3527, SUM = 13208708, bChange = 0.0013502, totNum = 1
ROUND = 3528, SUM = 13208708, bChange = 0.00135018, totNum = 1
ROUND = 3529, SUM = 13208708, bChange = 0.00135017, totNum = 1
ROUND = 3530, SUM = 13208708, bChange = 0.00135016, totNum = 1
ROUND = 3531, SUM = 13208708, bChange = 0.00135015, totNum = 1
ROUND = 3532, SUM = 13208708, bChange = 0.00135014, totNum = 1
ROUND = 3533, SUM = 13208708, bChange = 0.00135013, totNum = 1
ROUND = 3534, SUM = 13208708, bChange = 0.00135011, totNum = 1
ROUND = 3535, SUM = 13208708, bChange = 0.0013501, totNum = 1
ROUND = 3536, SUM = 13208708, bChange = 0.00135009, totNum = 1
ROUND = 3537, SUM = 13208708, bChange = 0.00135008, totNum = 1
ROUND = 3538, SUM = 13208708, bChange = 0.00135007, totNum = 1
ROUND = 3539, SUM = 13208708, bChange = 0.00135006, totNum = 1
ROUND = 3540, SUM = 13208708, bChange = 0.00135005, totNum = 1
ROUND = 3541, SUM = 13208708, bChange = 0.00135003, totNum = 1
ROUND = 3542, SUM = 13208708, bChange = 0.00135002, totNum = 1
ROUND = 3543, SUM = 13208708, bChange = 0.00135001, totNum = 1
ROUND = 3544, SUM = 13208708, bChange = 0.00135, totNum = 1
ROUND = 3545, SUM = 13208708, bChange = 0.00134999, totNum = 1
ROUND = 3546, SUM = 13208708, bChange = 0.00134998, totNum = 1
ROUND = 3547, SUM = 13208708, bChange = 0.00134996, totNum = 1
ROUND = 3548, SUM = 13208708, bChange = 0.00134995, totNum = 1
ROUND = 3549, SUM = 13208708, bChange = 0.00134994, totNum = 1
ROUND = 3550, SUM = 13208708, bChange = 0.00134993, totNum = 1
ROUND = 3551, SUM = 13208708, bChange = 0.00134992, totNum = 1
ROUND = 3552, SUM = 13208708, bChange = 0.00134991, totNum = 1
ROUND = 3553, SUM = 13208708, bChange = 0.0013499, totNum = 1
ROUND = 3554, SUM = 13208708, bChange = 0.00134988, totNum = 1
ROUND = 3555, SUM = 13208708, bChange = 0.00134987, totNum = 1
ROUND = 3556, SUM = 13208708, bChange = 0.00134986, totNum = 1
ROUND = 3557, SUM = 13208708, bChange = 0.00134985, totNum = 1
ROUND = 3558, SUM = 13208708, bChange = 0.00134984, totNum = 1
ROUND = 3559, SUM = 13208708, bChange = 0.00134983, totNum = 1
ROUND = 3560, SUM = 13208708, bChange = 0.00134982, totNum = 1
ROUND = 3561, SUM = 13208708, bChange = 0.00134981, totNum = 1
ROUND = 3562, SUM = 13208708, bChange = 0.00134979, totNum = 1
ROUND = 3563, SUM = 13208708, bChange = 0.00134978, totNum = 1
ROUND = 3564, SUM = 13208708, bChange = 0.00134977, totNum = 1
ROUND = 3565, SUM = 13208708, bChange = 0.00134976, totNum = 1
ROUND = 3566, SUM = 13208708, bChange = 0.00094239, totNum = 0
Expression Results are written!
Time Used for EM.cpp : 0 h 06 m 02 s

rsem-run-gibbs /tmp/7bc5398e-130a-43d5-89f6-d2914dc7101b/rsem ER100014_anno_rsem.temp/ER100014_anno_rsem ER100014_anno_rsem.stat/ER100014_anno_rsem 200 1000 1 -p 44 --seed 1471891643
Refs.loadRefs finished!
Loading data is finished!
Loading group information is finished!
Gibbs started!
Initialization finished!
Thread 13, ROUND 100 is finished!
Thread 42, ROUND 100 is finished!
Thread 37, ROUND 100 is finished!
Thread 5, ROUND 100 is finished!
Thread 38, ROUND 100 is finished!
Thread 41, ROUND 100 is finished!
Thread 39, ROUND 100 is finished!
Thread 2, ROUND 100 is finished!
Thread 6, ROUND 100 is finished!
Thread 14, ROUND 100 is finished!
Thread 21, ROUND 100 is finished!
Thread 31, ROUND 100 is finished!
Thread 33, ROUND 100 is finished!
Thread 34, ROUND 100 is finished!
Thread 30, ROUND 100 is finished!
Thread 29, ROUND 100 is finished!
Thread 17, ROUND 100 is finished!
Thread 27, ROUND 100 is finished!
Thread 28, ROUND 100 is finished!
Thread 25, ROUND 100 is finished!
Thread 19, ROUND 100 is finished!
Thread 16, ROUND 100 is finished!
Thread 36, ROUND 100 is finished!
Thread 40, ROUND 100 is finished!
Thread 24, ROUND 100 is finished!
Thread 22, ROUND 100 is finished!
Thread 0, ROUND 100 is finished!
Thread 20, ROUND 100 is finished!
Thread 26, ROUND 100 is finished!
Thread 15, ROUND 100 is finished!
Thread 12, ROUND 100 is finished!
Thread 10, ROUND 100 is finished!
Thread 7, ROUND 100 is finished!
Thread 11, ROUND 100 is finished!
Thread 1, ROUND 100 is finished!
Thread 35, ROUND 100 is finished!
Thread 43, ROUND 100 is finished!
Thread 18, ROUND 100 is finished!
Thread 3, ROUND 100 is finished!
Thread 8, ROUND 100 is finished!
Thread 9, ROUND 100 is finished!
Thread 23, ROUND 100 is finished!
Thread 32, ROUND 100 is finished!
Thread 4, ROUND 100 is finished!
Thread 13, ROUND 200 is finished!
Thread 37, ROUND 200 is finished!
Thread 17, ROUND 200 is finished!
Thread 21, ROUND 200 is finished!
Thread 14, ROUND 200 is finished!
Thread 29, ROUND 200 is finished!
Thread 26, ROUND 200 is finished!
Thread 33, ROUND 200 is finished!
Thread 30, ROUND 200 is finished!
Thread 42, ROUND 200 is finished!
Thread 34, ROUND 200 is finished!
Thread 19, ROUND 200 is finished!
Thread 36, ROUND 200 is finished!
Thread 6, ROUND 200 is finished!
Thread 24, ROUND 200 is finished!
Thread 43, ROUND 200 is finished!
Thread 10, ROUND 200 is finished!
Thread 16, ROUND 200 is finished!
Thread 40, ROUND 200 is finished!
Thread 18, ROUND 200 is finished!
Thread 11, ROUND 200 is finished!
Thread 12, ROUND 200 is finished!
Thread 28, ROUND 200 is finished!
Thread 1, ROUND 200 is finished!
Thread 39, ROUND 200 is finished!
Thread 7, ROUND 200 is finished!
Thread 38, ROUND 200 is finished!
Thread 0, ROUND 200 is finished!
Thread 15, ROUND 200 is finished!
Thread 22, ROUND 200 is finished!
Thread 2, ROUND 200 is finished!
Thread 27, ROUND 200 is finished!
Thread 31, ROUND 200 is finished!
Thread 8, ROUND 200 is finished!
Thread 35, ROUND 200 is finished!
Thread 20, ROUND 200 is finished!
Thread 41, ROUND 200 is finished!
Thread 9, ROUND 200 is finished!
Thread 23, ROUND 200 is finished!
Thread 5, ROUND 200 is finished!
Thread 3, ROUND 200 is finished!
Thread 32, ROUND 200 is finished!
Thread 4, ROUND 200 is finished!
Thread 25, ROUND 200 is finished!
Gibbs finished!
Gibbs based expression values are written!

rsem-calculate-credibility-intervals /tmp/7bc5398e-130a-43d5-89f6-d2914dc7101b/rsem ER100014_anno_rsem.temp/ER100014_anno_rsem ER100014_anno_rsem.stat/ER100014_anno_rsem 0.95 1000 50 128000 -p 44 --seed 477107655
Refs.loadRefs finished!
Sampling is finished!
In thread 9, 1000 genes are processed for CI calculation!
In thread 27, 1000 genes are processed for CI calculation!
In thread 28, 1000 genes are processed for CI calculation!
In thread 38, 1000 genes are processed for CI calculation!
In thread 40, 1000 genes are processed for CI calculation!
In thread 35, 1000 genes are processed for CI calculation!
In thread 36, 1000 genes are processed for CI calculation!
In thread 26, 1000 genes are processed for CI calculation!
In thread 25, 1000 genes are processed for CI calculation!
In thread 17, 1000 genes are processed for CI calculation!
In thread 29, 1000 genes are processed for CI calculation!
In thread 41, 1000 genes are processed for CI calculation!
In thread 10, 1000 genes are processed for CI calculation!
In thread 37, 1000 genes are processed for CI calculation!
In thread 39, 1000 genes are processed for CI calculation!
In thread 16, 1000 genes are processed for CI calculation!
In thread 20, 1000 genes are processed for CI calculation!
In thread 18, 1000 genes are processed for CI calculation!
In thread 8, 1000 genes are processed for CI calculation!
In thread 24, 1000 genes are processed for CI calculation!
In thread 34, 1000 genes are processed for CI calculation!
In thread 23, 1000 genes are processed for CI calculation!
In thread 22, 1000 genes are processed for CI calculation!
In thread 11, 1000 genes are processed for CI calculation!
In thread 30, 1000 genes are processed for CI calculation!
In thread 15, 1000 genes are processed for CI calculation!
In thread 21, 1000 genes are processed for CI calculation!
In thread 42, 1000 genes are processed for CI calculation!
In thread 14, 1000 genes are processed for CI calculation!
In thread 31, 1000 genes are processed for CI calculation!
In thread 12, 1000 genes are processed for CI calculation!
In thread 19, 1000 genes are processed for CI calculation!
In thread 13, 1000 genes are processed for CI calculation!
In thread 32, 1000 genes are processed for CI calculation!
In thread 9, 2000 genes are processed for CI calculation!
In thread 28, 2000 genes are processed for CI calculation!
In thread 7, 1000 genes are processed for CI calculation!
In thread 27, 2000 genes are processed for CI calculation!
In thread 40, 2000 genes are processed for CI calculation!
In thread 38, 2000 genes are processed for CI calculation!
In thread 20, 2000 genes are processed for CI calculation!
In thread 4, 1000 genes are processed for CI calculation!
In thread 35, 2000 genes are processed for CI calculation!
In thread 10, 2000 genes are processed for CI calculation!
In thread 6, 1000 genes are processed for CI calculation!
In thread 5, 1000 genes are processed for CI calculation!
In thread 36, 2000 genes are processed for CI calculation!
In thread 26, 2000 genes are processed for CI calculation!
In thread 24, 2000 genes are processed for CI calculation!
In thread 41, 2000 genes are processed for CI calculation!
In thread 37, 2000 genes are processed for CI calculation!
In thread 3, 1000 genes are processed for CI calculation!
In thread 39, 2000 genes are processed for CI calculation!
In thread 25, 2000 genes are processed for CI calculation!
In thread 2, 1000 genes are processed for CI calculation!
In thread 1, 1000 genes are processed for CI calculation!
In thread 0, 1000 genes are processed for CI calculation!
In thread 34, 2000 genes are processed for CI calculation!
All credibility intervals are calculated!

rm -rf ER100014_anno_rsem.temp

/zata/zippy/ramirezc/rna-smk
Wed Jul 23 01:36:37 AM EDT 2025: Finished rsem quantification
