Mon Nov 10 03:23:34 PM EST 2025: Running rsem quantification
Mon Nov 10 03:23:34 PM EST 2025: ulimit set to 65536
2025-11-10 15:23:35,677 | INFO | __main__: Running RSEM command rsem-calculate-expression --bam --estimate-rspd --calc-ci --seed 42 -p 44 --no-bam-output --ci-memory 128000 --forward-prob 0 --paired-end results/align/ER100001/ER100001_anno.bam results/rsem_index/rsem results/rsem_quant/ER100001
rsem-parse-alignments results/rsem_index/rsem results/rsem_quant/ER100001.temp/ER100001 results/rsem_quant/ER100001.stat/ER100001 results/align/ER100001/ER100001_anno.bam 3 -tag XM
Parsed 1000000 entries
Parsed 2000000 entries
Parsed 3000000 entries
Parsed 4000000 entries
Parsed 5000000 entries
Parsed 6000000 entries
Parsed 7000000 entries
Parsed 8000000 entries
Parsed 9000000 entries
Parsed 10000000 entries
Parsed 11000000 entries
Parsed 12000000 entries
Parsed 13000000 entries
Parsed 14000000 entries
Parsed 15000000 entries
Parsed 16000000 entries
Parsed 17000000 entries
Parsed 18000000 entries
Parsed 19000000 entries
Parsed 20000000 entries
Parsed 21000000 entries
Parsed 22000000 entries
Parsed 23000000 entries
Parsed 24000000 entries
Parsed 25000000 entries
Parsed 26000000 entries
Parsed 27000000 entries
Parsed 28000000 entries
Parsed 29000000 entries
Parsed 30000000 entries
Parsed 31000000 entries
Parsed 32000000 entries
Parsed 33000000 entries
Parsed 34000000 entries
Parsed 35000000 entries
Parsed 36000000 entries
Parsed 37000000 entries
Parsed 38000000 entries
Parsed 39000000 entries
Parsed 40000000 entries
Parsed 41000000 entries
Parsed 42000000 entries
Parsed 43000000 entries
Parsed 44000000 entries
Parsed 45000000 entries
Parsed 46000000 entries
Parsed 47000000 entries
Parsed 48000000 entries
Parsed 49000000 entries
Parsed 50000000 entries
Parsed 51000000 entries
Parsed 52000000 entries
Parsed 53000000 entries
Parsed 54000000 entries
Parsed 55000000 entries
Parsed 56000000 entries
Parsed 57000000 entries
Parsed 58000000 entries
Parsed 59000000 entries
Parsed 60000000 entries
Parsed 61000000 entries
Parsed 62000000 entries
Parsed 63000000 entries
Parsed 64000000 entries
Parsed 65000000 entries
Parsed 66000000 entries
Parsed 67000000 entries
Parsed 68000000 entries
Parsed 69000000 entries
Parsed 70000000 entries
Parsed 71000000 entries
Parsed 72000000 entries
Parsed 73000000 entries
Parsed 74000000 entries
Parsed 75000000 entries
Parsed 76000000 entries
Parsed 77000000 entries
Parsed 78000000 entries
Parsed 79000000 entries
Parsed 80000000 entries
Parsed 81000000 entries
Parsed 82000000 entries
Parsed 83000000 entries
Parsed 84000000 entries
Parsed 85000000 entries
Parsed 86000000 entries
Parsed 87000000 entries
Parsed 88000000 entries
Parsed 89000000 entries
Parsed 90000000 entries
Parsed 91000000 entries
Parsed 92000000 entries
Parsed 93000000 entries
Parsed 94000000 entries
Parsed 95000000 entries
Parsed 96000000 entries
Parsed 97000000 entries
Parsed 98000000 entries
Parsed 99000000 entries
Parsed 100000000 entries
Parsed 101000000 entries
Parsed 102000000 entries
Parsed 103000000 entries
Parsed 104000000 entries
Parsed 105000000 entries
Parsed 106000000 entries
Parsed 107000000 entries
Parsed 108000000 entries
Parsed 109000000 entries
Parsed 110000000 entries
Parsed 111000000 entries
Parsed 112000000 entries
Parsed 113000000 entries
Parsed 114000000 entries
Parsed 115000000 entries
Parsed 116000000 entries
Parsed 117000000 entries
Parsed 118000000 entries
Parsed 119000000 entries
Parsed 120000000 entries
Parsed 121000000 entries
Parsed 122000000 entries
Parsed 123000000 entries
Parsed 124000000 entries
Parsed 125000000 entries
Parsed 126000000 entries
Parsed 127000000 entries
Parsed 128000000 entries
Parsed 129000000 entries
Parsed 130000000 entries
Parsed 131000000 entries
Parsed 132000000 entries
Done!

rsem-build-read-index 32 1 0 results/rsem_quant/ER100001.temp/ER100001_alignable_1.fq results/rsem_quant/ER100001.temp/ER100001_alignable_2.fq
FIN 1000000
FIN 2000000
FIN 3000000
FIN 4000000
FIN 5000000
FIN 6000000
FIN 7000000
FIN 8000000
FIN 9000000
FIN 10000000
FIN 11000000
FIN 12000000
FIN 13000000
FIN 14000000
FIN 15000000
Build Index results/rsem_quant/ER100001.temp/ER100001_alignable_1.fq is Done!
FIN 1000000
FIN 2000000
FIN 3000000
FIN 4000000
FIN 5000000
FIN 6000000
FIN 7000000
FIN 8000000
FIN 9000000
FIN 10000000
FIN 11000000
FIN 12000000
FIN 13000000
FIN 14000000
FIN 15000000
Build Index results/rsem_quant/ER100001.temp/ER100001_alignable_2.fq is Done!

rsem-run-em results/rsem_index/rsem 3 results/rsem_quant/ER100001 results/rsem_quant/ER100001.temp/ER100001 results/rsem_quant/ER100001.stat/ER100001 -p 44 --gibbs-out
Refs.loadRefs finished!
Thread 0 : N = 357678, NHit = 3006715
Thread 1 : N = 359203, NHit = 3006748
DAT 15000000 reads left
Thread 2 : N = 358712, NHit = 3006710
Thread 3 : N = 357305, NHit = 3006708
DAT 14000000 reads left
Thread 4 : N = 359017, NHit = 3006722
Thread 5 : N = 356928, NHit = 3006709
Thread 6 : N = 358677, NHit = 3006710
DAT 13000000 reads left
Thread 7 : N = 359029, NHit = 3006712
Thread 8 : N = 360701, NHit = 3006764
Thread 9 : N = 357925, NHit = 3006708
DAT 12000000 reads left
Thread 10 : N = 356871, NHit = 3006741
Thread 11 : N = 357889, NHit = 3006714
Thread 12 : N = 359336, NHit = 3006759
DAT 11000000 reads left
Thread 13 : N = 359404, NHit = 3006729
Thread 14 : N = 356618, NHit = 3006725
Thread 15 : N = 358719, NHit = 3006719
DAT 10000000 reads left
Thread 16 : N = 359152, NHit = 3006711
Thread 17 : N = 360786, NHit = 3006712
DAT 9000000 reads left
Thread 18 : N = 358282, NHit = 3006719
Thread 19 : N = 359024, NHit = 3006709
Thread 20 : N = 358305, NHit = 3006708
DAT 8000000 reads left
Thread 21 : N = 359053, NHit = 3006709
Thread 22 : N = 358417, NHit = 3006726
Thread 23 : N = 358839, NHit = 3006717
DAT 7000000 reads left
Thread 24 : N = 358832, NHit = 3006732
Thread 25 : N = 357310, NHit = 3006717
Thread 26 : N = 357476, NHit = 3006709
DAT 6000000 reads left
Thread 27 : N = 357536, NHit = 3006727
Thread 28 : N = 357564, NHit = 3006708
Thread 29 : N = 358513, NHit = 3006711
DAT 5000000 reads left
Thread 30 : N = 357810, NHit = 3006708
Thread 31 : N = 357137, NHit = 3006715
DAT 4000000 reads left
Thread 32 : N = 358221, NHit = 3006716
Thread 33 : N = 358009, NHit = 3006709
Thread 34 : N = 357369, NHit = 3006724
DAT 3000000 reads left
Thread 35 : N = 360572, NHit = 3006710
Thread 36 : N = 358339, NHit = 3006731
Thread 37 : N = 358961, NHit = 3006728
DAT 2000000 reads left
Thread 38 : N = 360645, NHit = 3006753
Thread 39 : N = 359452, NHit = 3006722
Thread 40 : N = 358627, NHit = 3006768
DAT 1000000 reads left
Thread 41 : N = 358723, NHit = 3006739
Thread 42 : N = 358082, NHit = 3006738
Thread 43 : N = 356900, NHit = 3006116
EM_init finished!
estimateFromReads, N0 finished.
1000000 READS PROCESSED
2000000 READS PROCESSED
3000000 READS PROCESSED
4000000 READS PROCESSED
5000000 READS PROCESSED
6000000 READS PROCESSED
7000000 READS PROCESSED
8000000 READS PROCESSED
9000000 READS PROCESSED
10000000 READS PROCESSED
11000000 READS PROCESSED
12000000 READS PROCESSED
13000000 READS PROCESSED
14000000 READS PROCESSED
15000000 READS PROCESSED
estimateFromReads, N1 finished.
ROUND = 1, SUM = 16418909, bChange = 20725.4, totNum = 279931
ROUND = 2, SUM = 16418908.9999999, bChange = 1.0973, totNum = 148694
ROUND = 3, SUM = 16418909, bChange = 0.983508, totNum = 143402
ROUND = 4, SUM = 16418909, bChange = 0.835383, totNum = 139301
ROUND = 5, SUM = 16418909, bChange = 0.783404, totNum = 135375
ROUND = 6, SUM = 16418908.9999998, bChange = 0.676115, totNum = 131653
ROUND = 7, SUM = 16418909, bChange = 0.683726, totNum = 128227
ROUND = 8, SUM = 16418908.9999999, bChange = 0.666875, totNum = 125040
ROUND = 9, SUM = 16418908.9999999, bChange = 0.666898, totNum = 122028
ROUND = 10, SUM = 16418909, bChange = 0.572554, totNum = 118958
ROUND = 11, SUM = 16418908.9999999, bChange = 0.573984, totNum = 116045
ROUND = 12, SUM = 16418909.0000002, bChange = 0.485281, totNum = 113100
ROUND = 13, SUM = 16418909, bChange = 0.476177, totNum = 110318
ROUND = 14, SUM = 16418909, bChange = 0.446377, totNum = 107637
ROUND = 15, SUM = 16418908.9999999, bChange = 0.44903, totNum = 105162
ROUND = 16, SUM = 16418909, bChange = 0.444625, totNum = 102798
ROUND = 17, SUM = 16418908.9999998, bChange = 0.390125, totNum = 100468
ROUND = 18, SUM = 16418909, bChange = 0.354407, totNum = 98312
ROUND = 19, SUM = 16418909.0000001, bChange = 0.326522, totNum = 96167
ROUND = 20, SUM = 16418908.9999999, bChange = 0.323731, totNum = 94147
ROUND = 21, SUM = 16418909.0000001, bChange = 0.316648, totNum = 92198
ROUND = 22, SUM = 16418909, bChange = 0.312222, totNum = 90225
ROUND = 23, SUM = 16418908.9999999, bChange = 0.299251, totNum = 88343
ROUND = 24, SUM = 16418909, bChange = 0.287927, totNum = 86705
ROUND = 25, SUM = 16418909.0000001, bChange = 0.289167, totNum = 85009
ROUND = 26, SUM = 16418908.9999997, bChange = 0.264814, totNum = 83373
ROUND = 27, SUM = 16418909, bChange = 0.250601, totNum = 81806
ROUND = 28, SUM = 16418908.9999998, bChange = 0.248406, totNum = 80244
ROUND = 29, SUM = 16418908.9999998, bChange = 0.246601, totNum = 78747
ROUND = 30, SUM = 16418909, bChange = 0.250756, totNum = 77148
ROUND = 31, SUM = 16418908.9999998, bChange = 0.228662, totNum = 75722
ROUND = 32, SUM = 16418909, bChange = 0.220079, totNum = 74268
ROUND = 33, SUM = 16418908.9999998, bChange = 0.220667, totNum = 72919
ROUND = 34, SUM = 16418909, bChange = 0.221873, totNum = 71551
ROUND = 35, SUM = 16418909.0000001, bChange = 0.222975, totNum = 70274
ROUND = 36, SUM = 16418908.9999999, bChange = 0.223977, totNum = 69053
ROUND = 37, SUM = 16418909, bChange = 0.224888, totNum = 67772
ROUND = 38, SUM = 16418908.9999999, bChange = 0.225714, totNum = 66520
ROUND = 39, SUM = 16418908.9999998, bChange = 0.226462, totNum = 65316
ROUND = 40, SUM = 16418908.9999999, bChange = 0.196486, totNum = 64163
ROUND = 41, SUM = 16418908.9999998, bChange = 0.196498, totNum = 63091
ROUND = 42, SUM = 16418908.9999998, bChange = 0.195899, totNum = 61996
ROUND = 43, SUM = 16418908.9999998, bChange = 0.188546, totNum = 60897
ROUND = 44, SUM = 16418908.9999999, bChange = 0.189019, totNum = 59929
ROUND = 45, SUM = 16418908.9999998, bChange = 0.189444, totNum = 58915
ROUND = 46, SUM = 16418909, bChange = 0.189826, totNum = 57959
ROUND = 47, SUM = 16418908.9999999, bChange = 0.190168, totNum = 57050
ROUND = 48, SUM = 16418908.9999998, bChange = 0.190474, totNum = 56109
ROUND = 49, SUM = 16418908.9999998, bChange = 0.167942, totNum = 55132
ROUND = 50, SUM = 16418908.9999998, bChange = 0.168264, totNum = 54226
ROUND = 51, SUM = 16418908.9999999, bChange = 0.159456, totNum = 53271
ROUND = 52, SUM = 16418908.9999998, bChange = 0.159789, totNum = 52420
ROUND = 53, SUM = 16418908.9999999, bChange = 0.160098, totNum = 51522
ROUND = 54, SUM = 16418908.9999998, bChange = 0.160388, totNum = 50682
ROUND = 55, SUM = 16418908.9999998, bChange = 0.160659, totNum = 49788
ROUND = 56, SUM = 16418908.9999997, bChange = 0.160914, totNum = 49015
ROUND = 57, SUM = 16418909, bChange = 0.13573, totNum = 48221
ROUND = 58, SUM = 16418908.9999999, bChange = 0.136157, totNum = 47431
ROUND = 59, SUM = 16418908.9999998, bChange = 0.132668, totNum = 46708
ROUND = 60, SUM = 16418908.9999996, bChange = 0.132515, totNum = 45957
ROUND = 61, SUM = 16418908.9999997, bChange = 0.28451, totNum = 45223
ROUND = 62, SUM = 16418908.9999998, bChange = 0.243083, totNum = 44534
ROUND = 63, SUM = 16418908.9999998, bChange = 0.201939, totNum = 43842
ROUND = 64, SUM = 16418908.9999998, bChange = 0.164006, totNum = 43162
ROUND = 65, SUM = 16418908.9999997, bChange = 0.131353, totNum = 42456
ROUND = 66, SUM = 16418908.9999998, bChange = 0.120692, totNum = 41803
ROUND = 67, SUM = 16418908.9999998, bChange = 0.120695, totNum = 41134
ROUND = 68, SUM = 16418908.9999999, bChange = 0.120698, totNum = 40500
ROUND = 69, SUM = 16418908.9999998, bChange = 0.110999, totNum = 39892
ROUND = 70, SUM = 16418908.9999999, bChange = 0.11095, totNum = 39241
ROUND = 71, SUM = 16418908.9999996, bChange = 0.111125, totNum = 38637
ROUND = 72, SUM = 16418908.9999998, bChange = 0.141503, totNum = 38048
ROUND = 73, SUM = 16418908.9999999, bChange = 0.140601, totNum = 37499
ROUND = 74, SUM = 16418908.9999997, bChange = 0.139477, totNum = 36961
ROUND = 75, SUM = 16418908.9999998, bChange = 0.138124, totNum = 36400
ROUND = 76, SUM = 16418908.9999997, bChange = 0.136538, totNum = 35837
ROUND = 77, SUM = 16418908.9999998, bChange = 0.134713, totNum = 35323
ROUND = 78, SUM = 16418908.9999996, bChange = 0.132646, totNum = 34784
ROUND = 79, SUM = 16418908.9999997, bChange = 0.130335, totNum = 34247
ROUND = 80, SUM = 16418908.9999997, bChange = 0.127781, totNum = 33733
ROUND = 81, SUM = 16418908.9999998, bChange = 0.124987, totNum = 33241
ROUND = 82, SUM = 16418908.9999998, bChange = 0.12196, totNum = 32770
ROUND = 83, SUM = 16418908.9999998, bChange = 0.11871, totNum = 32331
ROUND = 84, SUM = 16418908.9999998, bChange = 0.115251, totNum = 31868
ROUND = 85, SUM = 16418908.9999998, bChange = 0.1116, totNum = 31364
ROUND = 86, SUM = 16418908.9999998, bChange = 0.108247, totNum = 30908
ROUND = 87, SUM = 16418908.9999998, bChange = 0.108223, totNum = 30441
ROUND = 88, SUM = 16418908.9999997, bChange = 0.108199, totNum = 30007
ROUND = 89, SUM = 16418908.9999998, bChange = 0.108174, totNum = 29572
ROUND = 90, SUM = 16418908.9999998, bChange = 0.103941, totNum = 29163
ROUND = 91, SUM = 16418908.9999998, bChange = 0.103915, totNum = 28727
ROUND = 92, SUM = 16418908.9999997, bChange = 0.103889, totNum = 28299
ROUND = 93, SUM = 16418908.9999997, bChange = 0.103862, totNum = 27890
ROUND = 94, SUM = 16418908.9999998, bChange = 0.0907176, totNum = 27553
ROUND = 95, SUM = 16418908.9999996, bChange = 0.0906951, totNum = 27166
ROUND = 96, SUM = 16418908.9999996, bChange = 0.0827693, totNum = 26802
ROUND = 97, SUM = 16418908.9999997, bChange = 0.0829524, totNum = 26456
ROUND = 98, SUM = 16418908.9999996, bChange = 0.0754848, totNum = 26118
ROUND = 99, SUM = 16418908.9999997, bChange = 0.0755536, totNum = 25768
ROUND = 100, SUM = 16418908.9999998, bChange = 0.0788796, totNum = 25446
ROUND = 101, SUM = 16418908.9999998, bChange = 0.0768253, totNum = 25112
ROUND = 102, SUM = 16418908.9999995, bChange = 0.0757394, totNum = 24789
ROUND = 103, SUM = 16418908.9999998, bChange = 0.0757949, totNum = 24468
ROUND = 104, SUM = 16418908.9999997, bChange = 0.0758476, totNum = 24159
ROUND = 105, SUM = 16418908.9999998, bChange = 0.0753747, totNum = 23832
ROUND = 106, SUM = 16418908.9999998, bChange = 0.0755232, totNum = 23560
ROUND = 107, SUM = 16418908.9999997, bChange = 0.0756666, totNum = 23264
ROUND = 108, SUM = 16418908.9999996, bChange = 0.075805, totNum = 22951
ROUND = 109, SUM = 16418908.9999997, bChange = 0.0759385, totNum = 22641
ROUND = 110, SUM = 16418908.9999999, bChange = 0.0760673, totNum = 22358
ROUND = 111, SUM = 16418908.9999996, bChange = 0.071557, totNum = 22071
ROUND = 112, SUM = 16418908.9999997, bChange = 0.0715867, totNum = 21757
ROUND = 113, SUM = 16418908.9999997, bChange = 0.0716149, totNum = 21505
ROUND = 114, SUM = 16418908.9999997, bChange = 0.0716416, totNum = 21212
ROUND = 115, SUM = 16418908.9999996, bChange = 0.0716669, totNum = 20992
ROUND = 116, SUM = 16418908.9999997, bChange = 0.0716909, totNum = 20734
ROUND = 117, SUM = 16418908.9999999, bChange = 0.0717136, totNum = 20475
ROUND = 118, SUM = 16418908.9999997, bChange = 0.0717352, totNum = 20200
ROUND = 119, SUM = 16418908.9999997, bChange = 0.0717556, totNum = 19958
ROUND = 120, SUM = 16418908.9999997, bChange = 0.071775, totNum = 19704
ROUND = 121, SUM = 16418908.9999996, bChange = 0.0717934, totNum = 19475
ROUND = 122, SUM = 16418908.9999997, bChange = 0.0718109, totNum = 19255
ROUND = 123, SUM = 16418908.9999997, bChange = 0.0718274, totNum = 19002
ROUND = 124, SUM = 16418908.9999997, bChange = 0.0718432, totNum = 18777
ROUND = 125, SUM = 16418908.9999998, bChange = 0.0685508, totNum = 18542
ROUND = 126, SUM = 16418908.9999998, bChange = 0.0685659, totNum = 18310
ROUND = 127, SUM = 16418908.9999997, bChange = 0.0685803, totNum = 18106
ROUND = 128, SUM = 16418908.9999997, bChange = 0.0685939, totNum = 17907
ROUND = 129, SUM = 16418908.9999998, bChange = 0.0686068, totNum = 17711
ROUND = 130, SUM = 16418908.9999998, bChange = 0.0686191, totNum = 17511
ROUND = 131, SUM = 16418908.9999997, bChange = 0.0686307, totNum = 17314
ROUND = 132, SUM = 16418908.9999998, bChange = 0.0562071, totNum = 17115
ROUND = 133, SUM = 16418908.9999996, bChange = 0.0562178, totNum = 16912
ROUND = 134, SUM = 16418908.9999998, bChange = 0.056228, totNum = 16719
ROUND = 135, SUM = 16418908.9999997, bChange = 0.0562376, totNum = 16537
ROUND = 136, SUM = 16418908.9999997, bChange = 0.0562468, totNum = 16358
ROUND = 137, SUM = 16418908.9999998, bChange = 0.0562554, totNum = 16179
ROUND = 138, SUM = 16418908.9999997, bChange = 0.0562637, totNum = 16019
ROUND = 139, SUM = 16418908.9999996, bChange = 0.0562715, totNum = 15856
ROUND = 140, SUM = 16418908.9999997, bChange = 0.0562789, totNum = 15697
ROUND = 141, SUM = 16418908.9999998, bChange = 0.056286, totNum = 15523
ROUND = 142, SUM = 16418908.9999998, bChange = 0.0562927, totNum = 15348
ROUND = 143, SUM = 16418908.9999998, bChange = 0.056299, totNum = 15164
ROUND = 144, SUM = 16418908.9999997, bChange = 0.0563051, totNum = 15020
ROUND = 145, SUM = 16418908.9999996, bChange = 0.0563108, totNum = 14855
ROUND = 146, SUM = 16418908.9999997, bChange = 0.0563163, totNum = 14694
ROUND = 147, SUM = 16418908.9999998, bChange = 0.0563214, totNum = 14522
ROUND = 148, SUM = 16418908.9999997, bChange = 0.0563263, totNum = 14388
ROUND = 149, SUM = 16418908.9999998, bChange = 0.056331, totNum = 14224
ROUND = 150, SUM = 16418908.9999997, bChange = 0.0563355, totNum = 14079
ROUND = 151, SUM = 16418908.9999998, bChange = 0.0563397, totNum = 13932
ROUND = 152, SUM = 16418908.9999997, bChange = 0.0563437, totNum = 13792
ROUND = 153, SUM = 16418908.9999997, bChange = 0.0563475, totNum = 13643
ROUND = 154, SUM = 16418908.9999997, bChange = 0.0563511, totNum = 13502
ROUND = 155, SUM = 16418908.9999997, bChange = 0.0563546, totNum = 13368
ROUND = 156, SUM = 16418908.9999996, bChange = 0.0563579, totNum = 13234
ROUND = 157, SUM = 16418908.9999998, bChange = 0.056361, totNum = 13107
ROUND = 158, SUM = 16418908.9999998, bChange = 0.0563639, totNum = 12977
ROUND = 159, SUM = 16418908.9999998, bChange = 0.0563668, totNum = 12846
ROUND = 160, SUM = 16418908.9999997, bChange = 0.0563694, totNum = 12723
ROUND = 161, SUM = 16418908.9999998, bChange = 0.0448497, totNum = 12601
ROUND = 162, SUM = 16418908.9999997, bChange = 0.0448569, totNum = 12480
ROUND = 163, SUM = 16418908.9999998, bChange = 0.0448639, totNum = 12368
ROUND = 164, SUM = 16418908.9999997, bChange = 0.0448707, totNum = 12249
ROUND = 165, SUM = 16418908.9999997, bChange = 0.0448774, totNum = 12137
ROUND = 166, SUM = 16418908.9999996, bChange = 0.0448838, totNum = 12002
ROUND = 167, SUM = 16418908.9999995, bChange = 0.0448901, totNum = 11911
ROUND = 168, SUM = 16418908.9999997, bChange = 0.0448963, totNum = 11804
ROUND = 169, SUM = 16418908.9999997, bChange = 0.0449022, totNum = 11691
ROUND = 170, SUM = 16418908.9999996, bChange = 0.044908, totNum = 11599
ROUND = 171, SUM = 16418908.9999997, bChange = 0.0449137, totNum = 11496
ROUND = 172, SUM = 16418908.9999997, bChange = 0.0449192, totNum = 11387
ROUND = 173, SUM = 16418908.9999997, bChange = 0.0449245, totNum = 11285
ROUND = 174, SUM = 16418908.9999996, bChange = 0.0449297, totNum = 11194
ROUND = 175, SUM = 16418908.9999997, bChange = 0.0449348, totNum = 11103
ROUND = 176, SUM = 16418908.9999996, bChange = 0.0449397, totNum = 11011
ROUND = 177, SUM = 16418908.9999997, bChange = 0.0449445, totNum = 10903
ROUND = 178, SUM = 16418908.9999997, bChange = 0.0449492, totNum = 10791
ROUND = 179, SUM = 16418908.9999997, bChange = 0.0449538, totNum = 10689
ROUND = 180, SUM = 16418908.9999996, bChange = 0.0403055, totNum = 10586
ROUND = 181, SUM = 16418908.9999998, bChange = 0.0403317, totNum = 10481
ROUND = 182, SUM = 16418908.9999996, bChange = 0.0403574, totNum = 10377
ROUND = 183, SUM = 16418908.9999997, bChange = 0.0403828, totNum = 10283
ROUND = 184, SUM = 16418908.9999997, bChange = 0.0404078, totNum = 10196
ROUND = 185, SUM = 16418908.9999998, bChange = 0.0404325, totNum = 10104
ROUND = 186, SUM = 16418908.9999997, bChange = 0.0404567, totNum = 10026
ROUND = 187, SUM = 16418908.9999996, bChange = 0.0404807, totNum = 9942
ROUND = 188, SUM = 16418908.9999997, bChange = 0.0405043, totNum = 9865
ROUND = 189, SUM = 16418908.9999997, bChange = 0.0405275, totNum = 9749
ROUND = 190, SUM = 16418908.9999998, bChange = 0.0405505, totNum = 9654
ROUND = 191, SUM = 16418908.9999998, bChange = 0.0405731, totNum = 9572
ROUND = 192, SUM = 16418908.9999997, bChange = 0.0405953, totNum = 9485
ROUND = 193, SUM = 16418908.9999998, bChange = 0.0406173, totNum = 9394
ROUND = 194, SUM = 16418908.9999997, bChange = 0.0406389, totNum = 9318
ROUND = 195, SUM = 16418908.9999999, bChange = 0.0406603, totNum = 9240
ROUND = 196, SUM = 16418908.9999998, bChange = 0.0406813, totNum = 9171
ROUND = 197, SUM = 16418908.9999996, bChange = 0.0407021, totNum = 9083
ROUND = 198, SUM = 16418908.9999997, bChange = 0.0407225, totNum = 9020
ROUND = 199, SUM = 16418908.9999998, bChange = 0.0407427, totNum = 8943
ROUND = 200, SUM = 16418908.9999997, bChange = 0.0407626, totNum = 8879
ROUND = 201, SUM = 16418908.9999997, bChange = 0.0407822, totNum = 8817
ROUND = 202, SUM = 16418908.9999996, bChange = 0.039901, totNum = 8756
ROUND = 203, SUM = 16418908.9999998, bChange = 0.0399264, totNum = 8673
ROUND = 204, SUM = 16418908.9999996, bChange = 0.0399515, totNum = 8612
ROUND = 205, SUM = 16418908.9999997, bChange = 0.0399762, totNum = 8541
ROUND = 206, SUM = 16418908.9999997, bChange = 0.0400006, totNum = 8467
ROUND = 207, SUM = 16418908.9999997, bChange = 0.0400247, totNum = 8400
ROUND = 208, SUM = 16418908.9999998, bChange = 0.0400484, totNum = 8336
ROUND = 209, SUM = 16418908.9999997, bChange = 0.0400719, totNum = 8271
ROUND = 210, SUM = 16418908.9999997, bChange = 0.040095, totNum = 8204
ROUND = 211, SUM = 16418908.9999997, bChange = 0.0401178, totNum = 8148
ROUND = 212, SUM = 16418908.9999998, bChange = 0.0401403, totNum = 8083
ROUND = 213, SUM = 16418908.9999997, bChange = 0.0401625, totNum = 8025
ROUND = 214, SUM = 16418908.9999997, bChange = 0.0374639, totNum = 7977
ROUND = 215, SUM = 16418908.9999998, bChange = 0.037464, totNum = 7919
ROUND = 216, SUM = 16418908.9999997, bChange = 0.037464, totNum = 7852
ROUND = 217, SUM = 16418908.9999997, bChange = 0.0374641, totNum = 7802
ROUND = 218, SUM = 16418908.9999996, bChange = 0.0374642, totNum = 7745
ROUND = 219, SUM = 16418908.9999998, bChange = 0.0374642, totNum = 7685
ROUND = 220, SUM = 16418908.9999998, bChange = 0.0374643, totNum = 7637
ROUND = 221, SUM = 16418908.9999997, bChange = 0.0374644, totNum = 7581
ROUND = 222, SUM = 16418908.9999996, bChange = 0.0374644, totNum = 7519
ROUND = 223, SUM = 16418908.9999997, bChange = 0.0374645, totNum = 7451
ROUND = 224, SUM = 16418908.9999998, bChange = 0.0374646, totNum = 7403
ROUND = 225, SUM = 16418908.9999996, bChange = 0.0374646, totNum = 7357
ROUND = 226, SUM = 16418908.9999998, bChange = 0.0374647, totNum = 7302
ROUND = 227, SUM = 16418908.9999997, bChange = 0.0374648, totNum = 7250
ROUND = 228, SUM = 16418908.9999997, bChange = 0.0374648, totNum = 7202
ROUND = 229, SUM = 16418908.9999997, bChange = 0.0374649, totNum = 7159
ROUND = 230, SUM = 16418908.9999997, bChange = 0.0374649, totNum = 7107
ROUND = 231, SUM = 16418908.9999997, bChange = 0.037465, totNum = 7061
ROUND = 232, SUM = 16418908.9999996, bChange = 0.037465, totNum = 7003
ROUND = 233, SUM = 16418908.9999997, bChange = 0.0374651, totNum = 6952
ROUND = 234, SUM = 16418908.9999996, bChange = 0.0374651, totNum = 6895
ROUND = 235, SUM = 16418908.9999997, bChange = 0.0374652, totNum = 6844
ROUND = 236, SUM = 16418908.9999997, bChange = 0.0374652, totNum = 6786
ROUND = 237, SUM = 16418908.9999996, bChange = 0.0374653, totNum = 6737
ROUND = 238, SUM = 16418908.9999997, bChange = 0.0374653, totNum = 6677
ROUND = 239, SUM = 16418908.9999997, bChange = 0.0374654, totNum = 6631
ROUND = 240, SUM = 16418908.9999996, bChange = 0.0374654, totNum = 6593
ROUND = 241, SUM = 16418908.9999996, bChange = 0.0374655, totNum = 6544
ROUND = 242, SUM = 16418908.9999998, bChange = 0.0374655, totNum = 6501
ROUND = 243, SUM = 16418908.9999998, bChange = 0.0374656, totNum = 6451
ROUND = 244, SUM = 16418908.9999996, bChange = 0.0374656, totNum = 6404
ROUND = 245, SUM = 16418908.9999997, bChange = 0.0374656, totNum = 6362
ROUND = 246, SUM = 16418908.9999998, bChange = 0.0374657, totNum = 6311
ROUND = 247, SUM = 16418908.9999998, bChange = 0.0374657, totNum = 6276
ROUND = 248, SUM = 16418908.9999997, bChange = 0.0374658, totNum = 6227
ROUND = 249, SUM = 16418908.9999997, bChange = 0.0320143, totNum = 6190
ROUND = 250, SUM = 16418908.9999998, bChange = 0.0320146, totNum = 6156
ROUND = 251, SUM = 16418908.9999997, bChange = 0.032015, totNum = 6109
ROUND = 252, SUM = 16418908.9999998, bChange = 0.0320154, totNum = 6068
ROUND = 253, SUM = 16418908.9999997, bChange = 0.0320157, totNum = 6030
ROUND = 254, SUM = 16418908.9999998, bChange = 0.032016, totNum = 5979
ROUND = 255, SUM = 16418908.9999998, bChange = 0.0320164, totNum = 5933
ROUND = 256, SUM = 16418908.9999998, bChange = 0.0320167, totNum = 5888
ROUND = 257, SUM = 16418908.9999998, bChange = 0.032017, totNum = 5851
ROUND = 258, SUM = 16418908.9999996, bChange = 0.0320173, totNum = 5801
ROUND = 259, SUM = 16418908.9999998, bChange = 0.0320176, totNum = 5758
ROUND = 260, SUM = 16418908.9999997, bChange = 0.0320178, totNum = 5713
ROUND = 261, SUM = 16418908.9999997, bChange = 0.0320181, totNum = 5690
ROUND = 262, SUM = 16418908.9999998, bChange = 0.0320184, totNum = 5645
ROUND = 263, SUM = 16418908.9999996, bChange = 0.0320187, totNum = 5607
ROUND = 264, SUM = 16418908.9999997, bChange = 0.0320189, totNum = 5579
ROUND = 265, SUM = 16418908.9999997, bChange = 0.0310364, totNum = 5545
ROUND = 266, SUM = 16418908.9999997, bChange = 0.0310447, totNum = 5501
ROUND = 267, SUM = 16418908.9999997, bChange = 0.0310529, totNum = 5469
ROUND = 268, SUM = 16418908.9999999, bChange = 0.031061, totNum = 5427
ROUND = 269, SUM = 16418908.9999996, bChange = 0.0310691, totNum = 5399
ROUND = 270, SUM = 16418908.9999998, bChange = 0.0275666, totNum = 5366
ROUND = 271, SUM = 16418908.9999997, bChange = 0.0275668, totNum = 5319
ROUND = 272, SUM = 16418908.9999997, bChange = 0.0275669, totNum = 5277
ROUND = 273, SUM = 16418908.9999998, bChange = 0.027567, totNum = 5240
ROUND = 274, SUM = 16418908.9999997, bChange = 0.0275672, totNum = 5208
ROUND = 275, SUM = 16418908.9999998, bChange = 0.0275673, totNum = 5170
ROUND = 276, SUM = 16418908.9999997, bChange = 0.0275674, totNum = 5131
ROUND = 277, SUM = 16418908.9999996, bChange = 0.0275675, totNum = 5106
ROUND = 278, SUM = 16418908.9999999, bChange = 0.0275677, totNum = 5067
ROUND = 279, SUM = 16418908.9999998, bChange = 0.0275678, totNum = 5027
ROUND = 280, SUM = 16418908.9999998, bChange = 0.0275679, totNum = 4993
ROUND = 281, SUM = 16418908.9999996, bChange = 0.027568, totNum = 4956
ROUND = 282, SUM = 16418908.9999998, bChange = 0.0275681, totNum = 4930
ROUND = 283, SUM = 16418908.9999997, bChange = 0.0275682, totNum = 4897
ROUND = 284, SUM = 16418908.9999997, bChange = 0.0275683, totNum = 4869
ROUND = 285, SUM = 16418908.9999999, bChange = 0.0275684, totNum = 4836
ROUND = 286, SUM = 16418908.9999997, bChange = 0.0275685, totNum = 4813
ROUND = 287, SUM = 16418908.9999996, bChange = 0.0275686, totNum = 4784
ROUND = 288, SUM = 16418908.9999998, bChange = 0.0275686, totNum = 4745
ROUND = 289, SUM = 16418908.9999997, bChange = 0.0275687, totNum = 4708
ROUND = 290, SUM = 16418908.9999998, bChange = 0.0275688, totNum = 4678
ROUND = 291, SUM = 16418908.9999997, bChange = 0.0275689, totNum = 4654
ROUND = 292, SUM = 16418908.9999998, bChange = 0.027569, totNum = 4632
ROUND = 293, SUM = 16418908.9999999, bChange = 0.027569, totNum = 4597
ROUND = 294, SUM = 16418908.9999998, bChange = 0.0275691, totNum = 4569
ROUND = 295, SUM = 16418908.9999998, bChange = 0.0275692, totNum = 4542
ROUND = 296, SUM = 16418908.9999998, bChange = 0.0275692, totNum = 4518
ROUND = 297, SUM = 16418908.9999998, bChange = 0.0275693, totNum = 4489
ROUND = 298, SUM = 16418908.9999997, bChange = 0.0275694, totNum = 4462
ROUND = 299, SUM = 16418908.9999998, bChange = 0.0275694, totNum = 4428
ROUND = 300, SUM = 16418908.9999997, bChange = 0.0275695, totNum = 4395
ROUND = 301, SUM = 16418908.9999997, bChange = 0.0275696, totNum = 4360
ROUND = 302, SUM = 16418908.9999997, bChange = 0.0275696, totNum = 4328
ROUND = 303, SUM = 16418908.9999997, bChange = 0.0275697, totNum = 4297
ROUND = 304, SUM = 16418908.9999997, bChange = 0.0275697, totNum = 4275
ROUND = 305, SUM = 16418908.9999997, bChange = 0.0275698, totNum = 4254
ROUND = 306, SUM = 16418908.9999997, bChange = 0.0275698, totNum = 4236
ROUND = 307, SUM = 16418908.9999997, bChange = 0.0275699, totNum = 4211
ROUND = 308, SUM = 16418908.9999997, bChange = 0.0275699, totNum = 4187
ROUND = 309, SUM = 16418908.9999998, bChange = 0.02757, totNum = 4163
ROUND = 310, SUM = 16418908.9999997, bChange = 0.02757, totNum = 4146
ROUND = 311, SUM = 16418908.9999998, bChange = 0.02757, totNum = 4131
ROUND = 312, SUM = 16418908.9999998, bChange = 0.0275701, totNum = 4104
ROUND = 313, SUM = 16418908.9999997, bChange = 0.0275701, totNum = 4087
ROUND = 314, SUM = 16418908.9999999, bChange = 0.0275702, totNum = 4066
ROUND = 315, SUM = 16418908.9999998, bChange = 0.0275702, totNum = 4047
ROUND = 316, SUM = 16418908.9999998, bChange = 0.0275702, totNum = 4019
ROUND = 317, SUM = 16418908.9999997, bChange = 0.0275703, totNum = 3998
ROUND = 318, SUM = 16418908.9999998, bChange = 0.0275703, totNum = 3971
ROUND = 319, SUM = 16418908.9999998, bChange = 0.0236517, totNum = 3950
ROUND = 320, SUM = 16418908.9999997, bChange = 0.0236517, totNum = 3933
ROUND = 321, SUM = 16418908.9999998, bChange = 0.0236518, totNum = 3909
ROUND = 322, SUM = 16418908.9999998, bChange = 0.0236519, totNum = 3882
ROUND = 323, SUM = 16418908.9999997, bChange = 0.023652, totNum = 3863
ROUND = 324, SUM = 16418908.9999997, bChange = 0.0236521, totNum = 3831
ROUND = 325, SUM = 16418908.9999999, bChange = 0.0236522, totNum = 3810
ROUND = 326, SUM = 16418908.9999999, bChange = 0.0236523, totNum = 3792
ROUND = 327, SUM = 16418908.9999998, bChange = 0.0236523, totNum = 3780
ROUND = 328, SUM = 16418908.9999998, bChange = 0.0236524, totNum = 3760
ROUND = 329, SUM = 16418908.9999997, bChange = 0.0236525, totNum = 3740
ROUND = 330, SUM = 16418908.9999997, bChange = 0.0236526, totNum = 3720
ROUND = 331, SUM = 16418908.9999997, bChange = 0.0236526, totNum = 3701
ROUND = 332, SUM = 16418908.9999998, bChange = 0.0236527, totNum = 3679
ROUND = 333, SUM = 16418908.9999998, bChange = 0.0236528, totNum = 3657
ROUND = 334, SUM = 16418908.9999996, bChange = 0.0236528, totNum = 3641
ROUND = 335, SUM = 16418908.9999997, bChange = 0.0236529, totNum = 3632
ROUND = 336, SUM = 16418908.9999997, bChange = 0.023653, totNum = 3607
ROUND = 337, SUM = 16418908.9999998, bChange = 0.023653, totNum = 3594
ROUND = 338, SUM = 16418908.9999998, bChange = 0.0236531, totNum = 3573
ROUND = 339, SUM = 16418908.9999998, bChange = 0.0236532, totNum = 3565
ROUND = 340, SUM = 16418908.9999997, bChange = 0.0236532, totNum = 3548
ROUND = 341, SUM = 16418908.9999998, bChange = 0.0215886, totNum = 3532
ROUND = 342, SUM = 16418908.9999998, bChange = 0.0215891, totNum = 3518
ROUND = 343, SUM = 16418908.9999998, bChange = 0.0215897, totNum = 3504
ROUND = 344, SUM = 16418908.9999998, bChange = 0.0215903, totNum = 3493
ROUND = 345, SUM = 16418908.9999997, bChange = 0.0215908, totNum = 3473
ROUND = 346, SUM = 16418908.9999998, bChange = 0.0215914, totNum = 3456
ROUND = 347, SUM = 16418908.9999999, bChange = 0.0215919, totNum = 3442
ROUND = 348, SUM = 16418908.9999998, bChange = 0.0215925, totNum = 3428
ROUND = 349, SUM = 16418908.9999998, bChange = 0.021593, totNum = 3412
ROUND = 350, SUM = 16418908.9999997, bChange = 0.0215935, totNum = 3390
ROUND = 351, SUM = 16418908.9999997, bChange = 0.0215941, totNum = 3372
ROUND = 352, SUM = 16418908.9999998, bChange = 0.0215946, totNum = 3359
ROUND = 353, SUM = 16418908.9999997, bChange = 0.0215951, totNum = 3349
ROUND = 354, SUM = 16418908.9999997, bChange = 0.0215956, totNum = 3332
ROUND = 355, SUM = 16418908.9999998, bChange = 0.0215961, totNum = 3313
ROUND = 356, SUM = 16418908.9999997, bChange = 0.0215966, totNum = 3297
ROUND = 357, SUM = 16418908.9999998, bChange = 0.0215971, totNum = 3281
ROUND = 358, SUM = 16418908.9999997, bChange = 0.0215976, totNum = 3266
ROUND = 359, SUM = 16418908.9999998, bChange = 0.0215981, totNum = 3251
ROUND = 360, SUM = 16418908.9999998, bChange = 0.0215985, totNum = 3237
ROUND = 361, SUM = 16418908.9999998, bChange = 0.021599, totNum = 3222
ROUND = 362, SUM = 16418908.9999998, bChange = 0.0215995, totNum = 3203
ROUND = 363, SUM = 16418908.9999998, bChange = 0.0216, totNum = 3187
ROUND = 364, SUM = 16418908.9999999, bChange = 0.0216004, totNum = 3168
ROUND = 365, SUM = 16418908.9999998, bChange = 0.0216009, totNum = 3153
ROUND = 366, SUM = 16418908.9999998, bChange = 0.0216013, totNum = 3142
ROUND = 367, SUM = 16418908.9999998, bChange = 0.0216018, totNum = 3134
ROUND = 368, SUM = 16418908.9999997, bChange = 0.0216022, totNum = 3115
ROUND = 369, SUM = 16418908.9999998, bChange = 0.0216026, totNum = 3099
ROUND = 370, SUM = 16418908.9999998, bChange = 0.0216031, totNum = 3086
ROUND = 371, SUM = 16418908.9999998, bChange = 0.0216035, totNum = 3075
ROUND = 372, SUM = 16418908.9999998, bChange = 0.0216039, totNum = 3062
ROUND = 373, SUM = 16418908.9999998, bChange = 0.0216044, totNum = 3055
ROUND = 374, SUM = 16418908.9999998, bChange = 0.0216048, totNum = 3039
ROUND = 375, SUM = 16418908.9999998, bChange = 0.0216052, totNum = 3028
ROUND = 376, SUM = 16418908.9999997, bChange = 0.0216056, totNum = 3015
ROUND = 377, SUM = 16418908.9999997, bChange = 0.021606, totNum = 3004
ROUND = 378, SUM = 16418908.9999997, bChange = 0.0185177, totNum = 2994
ROUND = 379, SUM = 16418908.9999998, bChange = 0.0185177, totNum = 2978
ROUND = 380, SUM = 16418908.9999999, bChange = 0.0185176, totNum = 2970
ROUND = 381, SUM = 16418908.9999999, bChange = 0.0185176, totNum = 2954
ROUND = 382, SUM = 16418908.9999998, bChange = 0.0185175, totNum = 2942
ROUND = 383, SUM = 16418908.9999998, bChange = 0.0185175, totNum = 2927
ROUND = 384, SUM = 16418908.9999998, bChange = 0.0185174, totNum = 2912
ROUND = 385, SUM = 16418908.9999998, bChange = 0.0185174, totNum = 2897
ROUND = 386, SUM = 16418908.9999999, bChange = 0.0185173, totNum = 2874
ROUND = 387, SUM = 16418908.9999999, bChange = 0.0185173, totNum = 2860
ROUND = 388, SUM = 16418908.9999998, bChange = 0.0185172, totNum = 2849
ROUND = 389, SUM = 16418908.9999998, bChange = 0.0185172, totNum = 2844
ROUND = 390, SUM = 16418908.9999999, bChange = 0.0185172, totNum = 2829
ROUND = 391, SUM = 16418908.9999998, bChange = 0.0185171, totNum = 2809
ROUND = 392, SUM = 16418908.9999999, bChange = 0.0185171, totNum = 2799
ROUND = 393, SUM = 16418908.9999999, bChange = 0.018517, totNum = 2786
ROUND = 394, SUM = 16418908.9999997, bChange = 0.018517, totNum = 2779
ROUND = 395, SUM = 16418908.9999998, bChange = 0.018517, totNum = 2772
ROUND = 396, SUM = 16418908.9999998, bChange = 0.0185169, totNum = 2762
ROUND = 397, SUM = 16418908.9999998, bChange = 0.0169431, totNum = 2747
ROUND = 398, SUM = 16418908.9999998, bChange = 0.0169432, totNum = 2735
ROUND = 399, SUM = 16418908.9999998, bChange = 0.0169434, totNum = 2727
ROUND = 400, SUM = 16418908.9999999, bChange = 0.0169435, totNum = 2715
ROUND = 401, SUM = 16418908.9999998, bChange = 0.0169436, totNum = 2709
ROUND = 402, SUM = 16418908.9999999, bChange = 0.0169438, totNum = 2702
ROUND = 403, SUM = 16418908.9999997, bChange = 0.0169439, totNum = 2692
ROUND = 404, SUM = 16418908.9999999, bChange = 0.016944, totNum = 2685
ROUND = 405, SUM = 16418908.9999999, bChange = 0.0169441, totNum = 2673
ROUND = 406, SUM = 16418908.9999999, bChange = 0.0169443, totNum = 2663
ROUND = 407, SUM = 16418908.9999999, bChange = 0.0159734, totNum = 2649
ROUND = 408, SUM = 16418908.9999997, bChange = 0.0159737, totNum = 2635
ROUND = 409, SUM = 16418908.9999998, bChange = 0.015974, totNum = 2621
ROUND = 410, SUM = 16418908.9999998, bChange = 0.0159742, totNum = 2611
ROUND = 411, SUM = 16418908.9999997, bChange = 0.0159745, totNum = 2598
ROUND = 412, SUM = 16418908.9999998, bChange = 0.0159747, totNum = 2588
ROUND = 413, SUM = 16418908.9999997, bChange = 0.015975, totNum = 2577
ROUND = 414, SUM = 16418908.9999997, bChange = 0.0159752, totNum = 2562
ROUND = 415, SUM = 16418908.9999996, bChange = 0.0159754, totNum = 2545
ROUND = 416, SUM = 16418908.9999998, bChange = 0.0159757, totNum = 2537
ROUND = 417, SUM = 16418908.9999999, bChange = 0.0159759, totNum = 2527
ROUND = 418, SUM = 16418908.9999998, bChange = 0.0159761, totNum = 2515
ROUND = 419, SUM = 16418908.9999998, bChange = 0.0159764, totNum = 2505
ROUND = 420, SUM = 16418908.9999998, bChange = 0.0159766, totNum = 2494
ROUND = 421, SUM = 16418908.9999998, bChange = 0.0159768, totNum = 2478
ROUND = 422, SUM = 16418908.9999997, bChange = 0.015977, totNum = 2467
ROUND = 423, SUM = 16418908.9999998, bChange = 0.0159772, totNum = 2456
ROUND = 424, SUM = 16418908.9999998, bChange = 0.0159774, totNum = 2442
ROUND = 425, SUM = 16418908.9999999, bChange = 0.0159776, totNum = 2430
ROUND = 426, SUM = 16418908.9999997, bChange = 0.0159778, totNum = 2421
ROUND = 427, SUM = 16418908.9999998, bChange = 0.015978, totNum = 2413
ROUND = 428, SUM = 16418908.9999998, bChange = 0.0159782, totNum = 2404
ROUND = 429, SUM = 16418908.9999998, bChange = 0.0159784, totNum = 2398
ROUND = 430, SUM = 16418908.9999999, bChange = 0.0159786, totNum = 2388
ROUND = 431, SUM = 16418908.9999998, bChange = 0.0159788, totNum = 2380
ROUND = 432, SUM = 16418908.9999997, bChange = 0.015979, totNum = 2368
ROUND = 433, SUM = 16418908.9999998, bChange = 0.0159792, totNum = 2364
ROUND = 434, SUM = 16418908.9999998, bChange = 0.0159793, totNum = 2354
ROUND = 435, SUM = 16418908.9999998, bChange = 0.0159795, totNum = 2349
ROUND = 436, SUM = 16418908.9999998, bChange = 0.0159797, totNum = 2339
ROUND = 437, SUM = 16418908.9999999, bChange = 0.0159799, totNum = 2325
ROUND = 438, SUM = 16418908.9999998, bChange = 0.01598, totNum = 2318
ROUND = 439, SUM = 16418908.9999999, bChange = 0.0159802, totNum = 2313
ROUND = 440, SUM = 16418908.9999997, bChange = 0.0159804, totNum = 2305
ROUND = 441, SUM = 16418908.9999998, bChange = 0.0159805, totNum = 2290
ROUND = 442, SUM = 16418908.9999997, bChange = 0.0158356, totNum = 2281
ROUND = 443, SUM = 16418908.9999998, bChange = 0.0158353, totNum = 2267
ROUND = 444, SUM = 16418908.9999997, bChange = 0.0158349, totNum = 2257
ROUND = 445, SUM = 16418908.9999998, bChange = 0.0151308, totNum = 2252
ROUND = 446, SUM = 16418908.9999998, bChange = 0.0151307, totNum = 2246
ROUND = 447, SUM = 16418908.9999998, bChange = 0.0151306, totNum = 2234
ROUND = 448, SUM = 16418908.9999999, bChange = 0.0151304, totNum = 2225
ROUND = 449, SUM = 16418908.9999998, bChange = 0.0151303, totNum = 2211
ROUND = 450, SUM = 16418908.9999998, bChange = 0.0151302, totNum = 2205
ROUND = 451, SUM = 16418908.9999998, bChange = 0.0151301, totNum = 2191
ROUND = 452, SUM = 16418908.9999999, bChange = 0.01513, totNum = 2185
ROUND = 453, SUM = 16418908.9999998, bChange = 0.0151299, totNum = 2179
ROUND = 454, SUM = 16418908.9999997, bChange = 0.0151298, totNum = 2172
ROUND = 455, SUM = 16418908.9999997, bChange = 0.0151296, totNum = 2163
ROUND = 456, SUM = 16418908.9999997, bChange = 0.0151295, totNum = 2156
ROUND = 457, SUM = 16418908.9999998, bChange = 0.0151294, totNum = 2148
ROUND = 458, SUM = 16418908.9999998, bChange = 0.0151293, totNum = 2144
ROUND = 459, SUM = 16418908.9999998, bChange = 0.0151292, totNum = 2133
ROUND = 460, SUM = 16418908.9999999, bChange = 0.0151291, totNum = 2124
ROUND = 461, SUM = 16418908.9999998, bChange = 0.015129, totNum = 2113
ROUND = 462, SUM = 16418908.9999998, bChange = 0.0151289, totNum = 2108
ROUND = 463, SUM = 16418908.9999998, bChange = 0.0151288, totNum = 2099
ROUND = 464, SUM = 16418908.9999998, bChange = 0.0151287, totNum = 2094
ROUND = 465, SUM = 16418908.9999999, bChange = 0.0151286, totNum = 2084
ROUND = 466, SUM = 16418908.9999998, bChange = 0.0151285, totNum = 2078
ROUND = 467, SUM = 16418908.9999999, bChange = 0.0151284, totNum = 2064
ROUND = 468, SUM = 16418908.9999998, bChange = 0.0151284, totNum = 2059
ROUND = 469, SUM = 16418908.9999998, bChange = 0.0151283, totNum = 2054
ROUND = 470, SUM = 16418908.9999999, bChange = 0.0151282, totNum = 2052
ROUND = 471, SUM = 16418908.9999998, bChange = 0.0151281, totNum = 2043
ROUND = 472, SUM = 16418908.9999998, bChange = 0.015128, totNum = 2035
ROUND = 473, SUM = 16418908.9999998, bChange = 0.0151279, totNum = 2028
ROUND = 474, SUM = 16418908.9999998, bChange = 0.0151278, totNum = 2027
ROUND = 475, SUM = 16418908.9999998, bChange = 0.0151277, totNum = 2024
ROUND = 476, SUM = 16418908.9999997, bChange = 0.0151277, totNum = 2018
ROUND = 477, SUM = 16418908.9999999, bChange = 0.0151276, totNum = 2013
ROUND = 478, SUM = 16418908.9999998, bChange = 0.0151275, totNum = 2006
ROUND = 479, SUM = 16418908.9999998, bChange = 0.0151274, totNum = 2001
ROUND = 480, SUM = 16418908.9999998, bChange = 0.0151273, totNum = 1993
ROUND = 481, SUM = 16418908.9999998, bChange = 0.0151273, totNum = 1987
ROUND = 482, SUM = 16418908.9999997, bChange = 0.0151272, totNum = 1978
ROUND = 483, SUM = 16418908.9999998, bChange = 0.0151271, totNum = 1971
ROUND = 484, SUM = 16418908.9999998, bChange = 0.015127, totNum = 1966
ROUND = 485, SUM = 16418908.9999999, bChange = 0.015127, totNum = 1959
ROUND = 486, SUM = 16418908.9999997, bChange = 0.0151269, totNum = 1956
ROUND = 487, SUM = 16418908.9999998, bChange = 0.0151268, totNum = 1947
ROUND = 488, SUM = 16418908.9999999, bChange = 0.0151268, totNum = 1942
ROUND = 489, SUM = 16418908.9999999, bChange = 0.0151267, totNum = 1934
ROUND = 490, SUM = 16418908.9999998, bChange = 0.0151266, totNum = 1922
ROUND = 491, SUM = 16418908.9999998, bChange = 0.0151266, totNum = 1914
ROUND = 492, SUM = 16418908.9999998, bChange = 0.0151265, totNum = 1907
ROUND = 493, SUM = 16418908.9999999, bChange = 0.0151264, totNum = 1900
ROUND = 494, SUM = 16418908.9999998, bChange = 0.0151264, totNum = 1893
ROUND = 495, SUM = 16418908.9999998, bChange = 0.0151263, totNum = 1889
ROUND = 496, SUM = 16418908.9999998, bChange = 0.0151262, totNum = 1885
ROUND = 497, SUM = 16418908.9999999, bChange = 0.0151262, totNum = 1875
ROUND = 498, SUM = 16418908.9999997, bChange = 0.0151261, totNum = 1867
ROUND = 499, SUM = 16418908.9999999, bChange = 0.0151261, totNum = 1858
ROUND = 500, SUM = 16418908.9999999, bChange = 0.015126, totNum = 1854
ROUND = 501, SUM = 16418908.9999999, bChange = 0.0151259, totNum = 1842
ROUND = 502, SUM = 16418908.9999998, bChange = 0.0151259, totNum = 1836
ROUND = 503, SUM = 16418908.9999998, bChange = 0.0151258, totNum = 1831
ROUND = 504, SUM = 16418908.9999998, bChange = 0.0151258, totNum = 1826
ROUND = 505, SUM = 16418908.9999999, bChange = 0.0151257, totNum = 1815
ROUND = 506, SUM = 16418908.9999999, bChange = 0.0151257, totNum = 1809
ROUND = 507, SUM = 16418908.9999999, bChange = 0.0151256, totNum = 1799
ROUND = 508, SUM = 16418908.9999999, bChange = 0.0151256, totNum = 1793
ROUND = 509, SUM = 16418908.9999998, bChange = 0.0151255, totNum = 1785
ROUND = 510, SUM = 16418908.9999999, bChange = 0.0151255, totNum = 1783
ROUND = 511, SUM = 16418908.9999997, bChange = 0.0151254, totNum = 1775
ROUND = 512, SUM = 16418908.9999997, bChange = 0.0151254, totNum = 1771
ROUND = 513, SUM = 16418908.9999999, bChange = 0.0143194, totNum = 1760
ROUND = 514, SUM = 16418908.9999999, bChange = 0.0143201, totNum = 1751
ROUND = 515, SUM = 16418908.9999999, bChange = 0.0143207, totNum = 1742
ROUND = 516, SUM = 16418908.9999998, bChange = 0.0143213, totNum = 1742
ROUND = 517, SUM = 16418908.9999998, bChange = 0.0143219, totNum = 1734
ROUND = 518, SUM = 16418908.9999997, bChange = 0.0143225, totNum = 1728
ROUND = 519, SUM = 16418908.9999997, bChange = 0.0143231, totNum = 1719
ROUND = 520, SUM = 16418908.9999998, bChange = 0.0143237, totNum = 1715
ROUND = 521, SUM = 16418908.9999999, bChange = 0.0143242, totNum = 1710
ROUND = 522, SUM = 16418908.9999998, bChange = 0.0143248, totNum = 1705
ROUND = 523, SUM = 16418908.9999999, bChange = 0.0143254, totNum = 1702
ROUND = 524, SUM = 16418908.9999998, bChange = 0.014326, totNum = 1696
ROUND = 525, SUM = 16418908.9999999, bChange = 0.0143265, totNum = 1691
ROUND = 526, SUM = 16418908.9999999, bChange = 0.0143271, totNum = 1685
ROUND = 527, SUM = 16418908.9999998, bChange = 0.0143277, totNum = 1680
ROUND = 528, SUM = 16418908.9999998, bChange = 0.0143282, totNum = 1675
ROUND = 529, SUM = 16418908.9999998, bChange = 0.0143288, totNum = 1667
ROUND = 530, SUM = 16418908.9999998, bChange = 0.0143293, totNum = 1657
ROUND = 531, SUM = 16418908.9999999, bChange = 0.0143298, totNum = 1651
ROUND = 532, SUM = 16418908.9999998, bChange = 0.0143304, totNum = 1648
ROUND = 533, SUM = 16418908.9999998, bChange = 0.0143309, totNum = 1640
ROUND = 534, SUM = 16418908.9999999, bChange = 0.0140442, totNum = 1628
ROUND = 535, SUM = 16418908.9999998, bChange = 0.0140443, totNum = 1621
ROUND = 536, SUM = 16418908.9999999, bChange = 0.0140444, totNum = 1617
ROUND = 537, SUM = 16418908.9999999, bChange = 0.0140445, totNum = 1613
ROUND = 538, SUM = 16418908.9999998, bChange = 0.0140445, totNum = 1606
ROUND = 539, SUM = 16418908.9999998, bChange = 0.0140446, totNum = 1603
ROUND = 540, SUM = 16418909, bChange = 0.0140447, totNum = 1601
ROUND = 541, SUM = 16418908.9999998, bChange = 0.0140448, totNum = 1594
ROUND = 542, SUM = 16418908.9999998, bChange = 0.0140449, totNum = 1591
ROUND = 543, SUM = 16418908.9999997, bChange = 0.014045, totNum = 1587
ROUND = 544, SUM = 16418908.9999998, bChange = 0.0140451, totNum = 1583
ROUND = 545, SUM = 16418908.9999999, bChange = 0.0140452, totNum = 1579
ROUND = 546, SUM = 16418908.9999998, bChange = 0.0140453, totNum = 1572
ROUND = 547, SUM = 16418908.9999999, bChange = 0.0140453, totNum = 1566
ROUND = 548, SUM = 16418908.9999999, bChange = 0.0140454, totNum = 1561
ROUND = 549, SUM = 16418908.9999998, bChange = 0.0140455, totNum = 1557
ROUND = 550, SUM = 16418908.9999998, bChange = 0.0140456, totNum = 1554
ROUND = 551, SUM = 16418908.9999999, bChange = 0.0140457, totNum = 1548
ROUND = 552, SUM = 16418908.9999998, bChange = 0.0140457, totNum = 1543
ROUND = 553, SUM = 16418908.9999999, bChange = 0.0140458, totNum = 1536
ROUND = 554, SUM = 16418908.9999999, bChange = 0.0140459, totNum = 1531
ROUND = 555, SUM = 16418908.9999998, bChange = 0.014046, totNum = 1523
ROUND = 556, SUM = 16418908.9999998, bChange = 0.014046, totNum = 1520
ROUND = 557, SUM = 16418908.9999999, bChange = 0.0140461, totNum = 1517
ROUND = 558, SUM = 16418908.9999998, bChange = 0.0140462, totNum = 1513
ROUND = 559, SUM = 16418908.9999999, bChange = 0.0140462, totNum = 1510
ROUND = 560, SUM = 16418908.9999998, bChange = 0.0140463, totNum = 1506
ROUND = 561, SUM = 16418908.9999998, bChange = 0.0140464, totNum = 1500
ROUND = 562, SUM = 16418908.9999998, bChange = 0.0140465, totNum = 1494
ROUND = 563, SUM = 16418908.9999999, bChange = 0.0140465, totNum = 1489
ROUND = 564, SUM = 16418908.9999998, bChange = 0.012341, totNum = 1483
ROUND = 565, SUM = 16418908.9999998, bChange = 0.0123403, totNum = 1481
ROUND = 566, SUM = 16418908.9999998, bChange = 0.0123397, totNum = 1477
ROUND = 567, SUM = 16418908.9999999, bChange = 0.0123391, totNum = 1473
ROUND = 568, SUM = 16418908.9999999, bChange = 0.0123385, totNum = 1469
ROUND = 569, SUM = 16418908.9999998, bChange = 0.0123379, totNum = 1464
ROUND = 570, SUM = 16418908.9999999, bChange = 0.0123373, totNum = 1462
ROUND = 571, SUM = 16418908.9999998, bChange = 0.0123367, totNum = 1457
ROUND = 572, SUM = 16418908.9999997, bChange = 0.0123361, totNum = 1449
ROUND = 573, SUM = 16418908.9999999, bChange = 0.0123355, totNum = 1445
ROUND = 574, SUM = 16418908.9999998, bChange = 0.0123349, totNum = 1442
ROUND = 575, SUM = 16418908.9999999, bChange = 0.0123343, totNum = 1437
ROUND = 576, SUM = 16418908.9999999, bChange = 0.0123337, totNum = 1429
ROUND = 577, SUM = 16418908.9999998, bChange = 0.0123331, totNum = 1423
ROUND = 578, SUM = 16418908.9999998, bChange = 0.0123325, totNum = 1421
ROUND = 579, SUM = 16418908.9999998, bChange = 0.0123319, totNum = 1418
ROUND = 580, SUM = 16418908.9999998, bChange = 0.0123313, totNum = 1416
ROUND = 581, SUM = 16418908.9999999, bChange = 0.0123307, totNum = 1413
ROUND = 582, SUM = 16418908.9999998, bChange = 0.0123301, totNum = 1406
ROUND = 583, SUM = 16418908.9999998, bChange = 0.0123295, totNum = 1402
ROUND = 584, SUM = 16418908.9999999, bChange = 0.0123289, totNum = 1400
ROUND = 585, SUM = 16418908.9999998, bChange = 0.0123284, totNum = 1395
ROUND = 586, SUM = 16418908.9999999, bChange = 0.0123278, totNum = 1388
ROUND = 587, SUM = 16418908.9999998, bChange = 0.0123272, totNum = 1383
ROUND = 588, SUM = 16418908.9999998, bChange = 0.0123266, totNum = 1374
ROUND = 589, SUM = 16418908.9999998, bChange = 0.012326, totNum = 1369
ROUND = 590, SUM = 16418908.9999998, bChange = 0.0123255, totNum = 1366
ROUND = 591, SUM = 16418908.9999998, bChange = 0.0123249, totNum = 1361
ROUND = 592, SUM = 16418908.9999998, bChange = 0.0123243, totNum = 1359
ROUND = 593, SUM = 16418908.9999999, bChange = 0.0123237, totNum = 1352
ROUND = 594, SUM = 16418908.9999999, bChange = 0.0123232, totNum = 1350
ROUND = 595, SUM = 16418908.9999998, bChange = 0.0123226, totNum = 1345
ROUND = 596, SUM = 16418908.9999998, bChange = 0.0112108, totNum = 1340
ROUND = 597, SUM = 16418908.9999998, bChange = 0.0112109, totNum = 1340
ROUND = 598, SUM = 16418908.9999998, bChange = 0.011211, totNum = 1331
ROUND = 599, SUM = 16418908.9999998, bChange = 0.0112111, totNum = 1330
ROUND = 600, SUM = 16418908.9999999, bChange = 0.0112111, totNum = 1328
ROUND = 601, SUM = 16418909, bChange = 0.0112112, totNum = 1322
ROUND = 602, SUM = 16418908.9999999, bChange = 0.0112113, totNum = 1313
ROUND = 603, SUM = 16418908.9999999, bChange = 0.0112114, totNum = 1312
ROUND = 604, SUM = 16418908.9999998, bChange = 0.0112115, totNum = 1308
ROUND = 605, SUM = 16418908.9999998, bChange = 0.0112115, totNum = 1307
ROUND = 606, SUM = 16418908.9999998, bChange = 0.0110065, totNum = 1304
ROUND = 607, SUM = 16418908.9999998, bChange = 0.0110067, totNum = 1298
ROUND = 608, SUM = 16418908.9999998, bChange = 0.0110068, totNum = 1298
ROUND = 609, SUM = 16418908.9999998, bChange = 0.011007, totNum = 1295
ROUND = 610, SUM = 16418908.9999999, bChange = 0.0110071, totNum = 1292
ROUND = 611, SUM = 16418908.9999998, bChange = 0.0110073, totNum = 1290
ROUND = 612, SUM = 16418908.9999998, bChange = 0.0110074, totNum = 1287
ROUND = 613, SUM = 16418908.9999999, bChange = 0.0110075, totNum = 1284
ROUND = 614, SUM = 16418908.9999998, bChange = 0.0110077, totNum = 1279
ROUND = 615, SUM = 16418908.9999998, bChange = 0.0110078, totNum = 1276
ROUND = 616, SUM = 16418908.9999998, bChange = 0.0110079, totNum = 1268
ROUND = 617, SUM = 16418908.9999999, bChange = 0.0110081, totNum = 1262
ROUND = 618, SUM = 16418908.9999998, bChange = 0.0110082, totNum = 1259
ROUND = 619, SUM = 16418908.9999997, bChange = 0.0110083, totNum = 1256
ROUND = 620, SUM = 16418908.9999999, bChange = 0.0110084, totNum = 1250
ROUND = 621, SUM = 16418908.9999998, bChange = 0.0110086, totNum = 1248
ROUND = 622, SUM = 16418908.9999999, bChange = 0.0110087, totNum = 1242
ROUND = 623, SUM = 16418908.9999998, bChange = 0.0110088, totNum = 1237
ROUND = 624, SUM = 16418908.9999999, bChange = 0.0110089, totNum = 1234
ROUND = 625, SUM = 16418908.9999999, bChange = 0.011009, totNum = 1233
ROUND = 626, SUM = 16418908.9999998, bChange = 0.0110092, totNum = 1228
ROUND = 627, SUM = 16418908.9999998, bChange = 0.0110093, totNum = 1223
ROUND = 628, SUM = 16418908.9999998, bChange = 0.0110094, totNum = 1213
ROUND = 629, SUM = 16418908.9999998, bChange = 0.0110095, totNum = 1210
ROUND = 630, SUM = 16418908.9999999, bChange = 0.0110096, totNum = 1203
ROUND = 631, SUM = 16418908.9999999, bChange = 0.0110097, totNum = 1194
ROUND = 632, SUM = 16418908.9999999, bChange = 0.0110098, totNum = 1193
ROUND = 633, SUM = 16418908.9999999, bChange = 0.01101, totNum = 1188
ROUND = 634, SUM = 16418908.9999998, bChange = 0.0110101, totNum = 1182
ROUND = 635, SUM = 16418908.9999998, bChange = 0.0110102, totNum = 1175
ROUND = 636, SUM = 16418908.9999998, bChange = 0.0110103, totNum = 1172
ROUND = 637, SUM = 16418908.9999998, bChange = 0.0110104, totNum = 1168
ROUND = 638, SUM = 16418908.9999999, bChange = 0.0110105, totNum = 1165
ROUND = 639, SUM = 16418908.9999999, bChange = 0.0110106, totNum = 1162
ROUND = 640, SUM = 16418908.9999998, bChange = 0.0110107, totNum = 1158
ROUND = 641, SUM = 16418908.9999999, bChange = 0.0110108, totNum = 1155
ROUND = 642, SUM = 16418908.9999998, bChange = 0.0110109, totNum = 1152
ROUND = 643, SUM = 16418908.9999998, bChange = 0.011011, totNum = 1151
ROUND = 644, SUM = 16418908.9999999, bChange = 0.0110111, totNum = 1148
ROUND = 645, SUM = 16418908.9999997, bChange = 0.0110112, totNum = 1143
ROUND = 646, SUM = 16418908.9999998, bChange = 0.0110113, totNum = 1138
ROUND = 647, SUM = 16418908.9999998, bChange = 0.0110113, totNum = 1133
ROUND = 648, SUM = 16418908.9999999, bChange = 0.0110114, totNum = 1129
ROUND = 649, SUM = 16418908.9999998, bChange = 0.0110115, totNum = 1126
ROUND = 650, SUM = 16418908.9999999, bChange = 0.0110116, totNum = 1120
ROUND = 651, SUM = 16418908.9999999, bChange = 0.0110117, totNum = 1117
ROUND = 652, SUM = 16418908.9999999, bChange = 0.0110118, totNum = 1117
ROUND = 653, SUM = 16418908.9999998, bChange = 0.0110119, totNum = 1117
ROUND = 654, SUM = 16418908.9999999, bChange = 0.011012, totNum = 1112
ROUND = 655, SUM = 16418908.9999999, bChange = 0.0110121, totNum = 1108
ROUND = 656, SUM = 16418908.9999998, bChange = 0.0110121, totNum = 1105
ROUND = 657, SUM = 16418908.9999999, bChange = 0.0110122, totNum = 1102
ROUND = 658, SUM = 16418908.9999998, bChange = 0.0110123, totNum = 1099
ROUND = 659, SUM = 16418908.9999999, bChange = 0.0110124, totNum = 1097
ROUND = 660, SUM = 16418908.9999999, bChange = 0.0110125, totNum = 1094
ROUND = 661, SUM = 16418908.9999998, bChange = 0.0110125, totNum = 1092
ROUND = 662, SUM = 16418908.9999999, bChange = 0.0110126, totNum = 1088
ROUND = 663, SUM = 16418908.9999998, bChange = 0.0110127, totNum = 1087
ROUND = 664, SUM = 16418908.9999998, bChange = 0.0110128, totNum = 1085
ROUND = 665, SUM = 16418908.9999999, bChange = 0.0110129, totNum = 1082
ROUND = 666, SUM = 16418908.9999998, bChange = 0.0110129, totNum = 1076
ROUND = 667, SUM = 16418908.9999999, bChange = 0.011013, totNum = 1074
ROUND = 668, SUM = 16418908.9999998, bChange = 0.0110131, totNum = 1070
ROUND = 669, SUM = 16418908.9999998, bChange = 0.0110131, totNum = 1067
ROUND = 670, SUM = 16418908.9999999, bChange = 0.0110132, totNum = 1063
ROUND = 671, SUM = 16418908.9999999, bChange = 0.0110133, totNum = 1063
ROUND = 672, SUM = 16418908.9999999, bChange = 0.0102702, totNum = 1059
ROUND = 673, SUM = 16418908.9999999, bChange = 0.0102703, totNum = 1058
ROUND = 674, SUM = 16418908.9999998, bChange = 0.0102703, totNum = 1053
ROUND = 675, SUM = 16418908.9999998, bChange = 0.0102703, totNum = 1050
ROUND = 676, SUM = 16418908.9999998, bChange = 0.0102703, totNum = 1049
ROUND = 677, SUM = 16418909, bChange = 0.0102703, totNum = 1047
ROUND = 678, SUM = 16418908.9999998, bChange = 0.0102704, totNum = 1042
ROUND = 679, SUM = 16418908.9999999, bChange = 0.0101616, totNum = 1038
ROUND = 680, SUM = 16418908.9999999, bChange = 0.0101617, totNum = 1035
ROUND = 681, SUM = 16418908.9999998, bChange = 0.0101618, totNum = 1032
ROUND = 682, SUM = 16418908.9999998, bChange = 0.0101619, totNum = 1030
ROUND = 683, SUM = 16418908.9999999, bChange = 0.010162, totNum = 1026
ROUND = 684, SUM = 16418908.9999998, bChange = 0.0101621, totNum = 1024
ROUND = 685, SUM = 16418908.9999999, bChange = 0.0101622, totNum = 1023
ROUND = 686, SUM = 16418908.9999999, bChange = 0.0101623, totNum = 1020
ROUND = 687, SUM = 16418908.9999998, bChange = 0.0101624, totNum = 1017
ROUND = 688, SUM = 16418908.9999999, bChange = 0.0101625, totNum = 1015
ROUND = 689, SUM = 16418908.9999999, bChange = 0.0101626, totNum = 1012
ROUND = 690, SUM = 16418908.9999999, bChange = 0.00946947, totNum = 1005
ROUND = 691, SUM = 16418908.9999998, bChange = 0.00946934, totNum = 1004
ROUND = 692, SUM = 16418908.9999999, bChange = 0.00946921, totNum = 1001
ROUND = 693, SUM = 16418908.9999998, bChange = 0.00946908, totNum = 1000
ROUND = 694, SUM = 16418908.9999998, bChange = 0.00946895, totNum = 997
ROUND = 695, SUM = 16418908.9999999, bChange = 0.00946882, totNum = 994
ROUND = 696, SUM = 16418908.9999999, bChange = 0.00946869, totNum = 991
ROUND = 697, SUM = 16418908.9999999, bChange = 0.00946856, totNum = 986
ROUND = 698, SUM = 16418908.9999998, bChange = 0.00946844, totNum = 985
ROUND = 699, SUM = 16418908.9999998, bChange = 0.00946831, totNum = 982
ROUND = 700, SUM = 16418908.9999999, bChange = 0.00946819, totNum = 981
ROUND = 701, SUM = 16418908.9999999, bChange = 0.00946807, totNum = 979
ROUND = 702, SUM = 16418908.9999999, bChange = 0.00946795, totNum = 974
ROUND = 703, SUM = 16418908.9999999, bChange = 0.00946783, totNum = 969
ROUND = 704, SUM = 16418908.9999999, bChange = 0.00946771, totNum = 968
ROUND = 705, SUM = 16418908.9999999, bChange = 0.00946759, totNum = 965
ROUND = 706, SUM = 16418908.9999998, bChange = 0.00946747, totNum = 963
ROUND = 707, SUM = 16418908.9999998, bChange = 0.00946736, totNum = 960
ROUND = 708, SUM = 16418908.9999998, bChange = 0.00946724, totNum = 959
ROUND = 709, SUM = 16418908.9999998, bChange = 0.00946713, totNum = 957
ROUND = 710, SUM = 16418908.9999998, bChange = 0.00946702, totNum = 954
ROUND = 711, SUM = 16418908.9999998, bChange = 0.0094669, totNum = 951
ROUND = 712, SUM = 16418908.9999999, bChange = 0.00946679, totNum = 948
ROUND = 713, SUM = 16418908.9999998, bChange = 0.00946668, totNum = 947
ROUND = 714, SUM = 16418908.9999999, bChange = 0.00946657, totNum = 946
ROUND = 715, SUM = 16418908.9999999, bChange = 0.00946647, totNum = 944
ROUND = 716, SUM = 16418908.9999999, bChange = 0.00946636, totNum = 938
ROUND = 717, SUM = 16418908.9999999, bChange = 0.00946626, totNum = 935
ROUND = 718, SUM = 16418908.9999998, bChange = 0.00946615, totNum = 931
ROUND = 719, SUM = 16418908.9999999, bChange = 0.00946605, totNum = 929
ROUND = 720, SUM = 16418908.9999998, bChange = 0.00946594, totNum = 926
ROUND = 721, SUM = 16418908.9999998, bChange = 0.00946584, totNum = 923
ROUND = 722, SUM = 16418908.9999999, bChange = 0.00946574, totNum = 920
ROUND = 723, SUM = 16418908.9999998, bChange = 0.00946564, totNum = 919
ROUND = 724, SUM = 16418908.9999998, bChange = 0.00946554, totNum = 916
ROUND = 725, SUM = 16418909, bChange = 0.00946544, totNum = 913
ROUND = 726, SUM = 16418908.9999999, bChange = 0.00946535, totNum = 911
ROUND = 727, SUM = 16418908.9999998, bChange = 0.00946525, totNum = 909
ROUND = 728, SUM = 16418908.9999999, bChange = 0.00946515, totNum = 907
ROUND = 729, SUM = 16418908.9999999, bChange = 0.00946506, totNum = 903
ROUND = 730, SUM = 16418908.9999999, bChange = 0.00946497, totNum = 901
ROUND = 731, SUM = 16418908.9999999, bChange = 0.00880776, totNum = 896
ROUND = 732, SUM = 16418908.9999998, bChange = 0.00880786, totNum = 893
ROUND = 733, SUM = 16418908.9999999, bChange = 0.00880797, totNum = 889
ROUND = 734, SUM = 16418908.9999999, bChange = 0.00880807, totNum = 888
ROUND = 735, SUM = 16418908.9999999, bChange = 0.00880817, totNum = 885
ROUND = 736, SUM = 16418908.9999998, bChange = 0.00880827, totNum = 882
ROUND = 737, SUM = 16418908.9999998, bChange = 0.00880838, totNum = 879
ROUND = 738, SUM = 16418908.9999999, bChange = 0.00880848, totNum = 876
ROUND = 739, SUM = 16418908.9999999, bChange = 0.00880857, totNum = 873
ROUND = 740, SUM = 16418908.9999999, bChange = 0.00880867, totNum = 870
ROUND = 741, SUM = 16418908.9999999, bChange = 0.00880877, totNum = 866
ROUND = 742, SUM = 16418908.9999998, bChange = 0.00880887, totNum = 864
ROUND = 743, SUM = 16418908.9999999, bChange = 0.00880896, totNum = 863
ROUND = 744, SUM = 16418908.9999999, bChange = 0.00880906, totNum = 862
ROUND = 745, SUM = 16418908.9999998, bChange = 0.00880915, totNum = 861
ROUND = 746, SUM = 16418908.9999999, bChange = 0.00880925, totNum = 855
ROUND = 747, SUM = 16418908.9999999, bChange = 0.00880934, totNum = 852
ROUND = 748, SUM = 16418908.9999999, bChange = 0.00880943, totNum = 851
ROUND = 749, SUM = 16418908.9999999, bChange = 0.00880952, totNum = 849
ROUND = 750, SUM = 16418908.9999999, bChange = 0.00880961, totNum = 843
ROUND = 751, SUM = 16418908.9999999, bChange = 0.0088097, totNum = 842
ROUND = 752, SUM = 16418908.9999999, bChange = 0.00880979, totNum = 839
ROUND = 753, SUM = 16418908.9999999, bChange = 0.00880988, totNum = 838
ROUND = 754, SUM = 16418908.9999999, bChange = 0.00880996, totNum = 835
ROUND = 755, SUM = 16418908.9999999, bChange = 0.00881005, totNum = 832
ROUND = 756, SUM = 16418908.9999999, bChange = 0.00881014, totNum = 832
ROUND = 757, SUM = 16418908.9999999, bChange = 0.00881022, totNum = 830
ROUND = 758, SUM = 16418908.9999999, bChange = 0.0088103, totNum = 828
ROUND = 759, SUM = 16418908.9999999, bChange = 0.00881039, totNum = 826
ROUND = 760, SUM = 16418908.9999999, bChange = 0.00881047, totNum = 823
ROUND = 761, SUM = 16418908.9999999, bChange = 0.00881055, totNum = 822
ROUND = 762, SUM = 16418908.9999999, bChange = 0.00881063, totNum = 819
ROUND = 763, SUM = 16418908.9999999, bChange = 0.00881071, totNum = 816
ROUND = 764, SUM = 16418908.9999999, bChange = 0.00881079, totNum = 814
ROUND = 765, SUM = 16418908.9999998, bChange = 0.00881087, totNum = 812
ROUND = 766, SUM = 16418908.9999999, bChange = 0.00881095, totNum = 808
ROUND = 767, SUM = 16418908.9999999, bChange = 0.00881103, totNum = 804
ROUND = 768, SUM = 16418908.9999998, bChange = 0.0088111, totNum = 801
ROUND = 769, SUM = 16418908.9999999, bChange = 0.00881118, totNum = 798
ROUND = 770, SUM = 16418908.9999998, bChange = 0.00881126, totNum = 798
ROUND = 771, SUM = 16418908.9999999, bChange = 0.00881133, totNum = 798
ROUND = 772, SUM = 16418908.9999999, bChange = 0.0088114, totNum = 798
ROUND = 773, SUM = 16418908.9999998, bChange = 0.00881148, totNum = 796
ROUND = 774, SUM = 16418908.9999998, bChange = 0.00881155, totNum = 792
ROUND = 775, SUM = 16418908.9999998, bChange = 0.00855281, totNum = 789
ROUND = 776, SUM = 16418908.9999998, bChange = 0.00855408, totNum = 787
ROUND = 777, SUM = 16418908.9999998, bChange = 0.00855534, totNum = 786
ROUND = 778, SUM = 16418908.9999999, bChange = 0.00855661, totNum = 785
ROUND = 779, SUM = 16418908.9999999, bChange = 0.00812189, totNum = 783
ROUND = 780, SUM = 16418908.9999999, bChange = 0.00812446, totNum = 779
ROUND = 781, SUM = 16418908.9999999, bChange = 0.00812703, totNum = 777
ROUND = 782, SUM = 16418908.9999999, bChange = 0.00812958, totNum = 776
ROUND = 783, SUM = 16418908.9999998, bChange = 0.00813212, totNum = 773
ROUND = 784, SUM = 16418908.9999999, bChange = 0.00813464, totNum = 774
ROUND = 785, SUM = 16418908.9999999, bChange = 0.00813716, totNum = 770
ROUND = 786, SUM = 16418908.9999998, bChange = 0.00813966, totNum = 769
ROUND = 787, SUM = 16418908.9999999, bChange = 0.00814215, totNum = 768
ROUND = 788, SUM = 16418909, bChange = 0.00814463, totNum = 766
ROUND = 789, SUM = 16418908.9999998, bChange = 0.0081471, totNum = 764
ROUND = 790, SUM = 16418908.9999998, bChange = 0.00814955, totNum = 762
ROUND = 791, SUM = 16418908.9999998, bChange = 0.008152, totNum = 760
ROUND = 792, SUM = 16418908.9999999, bChange = 0.00815443, totNum = 759
ROUND = 793, SUM = 16418908.9999999, bChange = 0.00788369, totNum = 756
ROUND = 794, SUM = 16418908.9999999, bChange = 0.0078837, totNum = 753
ROUND = 795, SUM = 16418908.9999998, bChange = 0.0078837, totNum = 751
ROUND = 796, SUM = 16418908.9999999, bChange = 0.0078837, totNum = 749
ROUND = 797, SUM = 16418908.9999998, bChange = 0.0078837, totNum = 749
ROUND = 798, SUM = 16418908.9999999, bChange = 0.0078837, totNum = 747
ROUND = 799, SUM = 16418908.9999998, bChange = 0.0078837, totNum = 745
ROUND = 800, SUM = 16418908.9999999, bChange = 0.00788371, totNum = 742
ROUND = 801, SUM = 16418908.9999999, bChange = 0.00788371, totNum = 738
ROUND = 802, SUM = 16418908.9999998, bChange = 0.00788371, totNum = 736
ROUND = 803, SUM = 16418909, bChange = 0.00788371, totNum = 735
ROUND = 804, SUM = 16418908.9999999, bChange = 0.00788371, totNum = 734
ROUND = 805, SUM = 16418908.9999999, bChange = 0.00788371, totNum = 732
ROUND = 806, SUM = 16418909, bChange = 0.00788371, totNum = 729
ROUND = 807, SUM = 16418908.9999999, bChange = 0.00788372, totNum = 728
ROUND = 808, SUM = 16418908.9999999, bChange = 0.00788372, totNum = 724
ROUND = 809, SUM = 16418908.9999999, bChange = 0.00788372, totNum = 722
ROUND = 810, SUM = 16418908.9999999, bChange = 0.00788372, totNum = 722
ROUND = 811, SUM = 16418908.9999999, bChange = 0.00788372, totNum = 719
ROUND = 812, SUM = 16418908.9999999, bChange = 0.00788372, totNum = 717
ROUND = 813, SUM = 16418908.9999999, bChange = 0.00788372, totNum = 716
ROUND = 814, SUM = 16418908.9999998, bChange = 0.00788373, totNum = 715
ROUND = 815, SUM = 16418908.9999999, bChange = 0.00788373, totNum = 714
ROUND = 816, SUM = 16418908.9999998, bChange = 0.00788373, totNum = 714
ROUND = 817, SUM = 16418908.9999999, bChange = 0.00788373, totNum = 707
ROUND = 818, SUM = 16418908.9999999, bChange = 0.00788373, totNum = 704
ROUND = 819, SUM = 16418908.9999999, bChange = 0.00788373, totNum = 702
ROUND = 820, SUM = 16418908.9999998, bChange = 0.00788373, totNum = 699
ROUND = 821, SUM = 16418908.9999999, bChange = 0.00788373, totNum = 695
ROUND = 822, SUM = 16418908.9999998, bChange = 0.00788374, totNum = 693
ROUND = 823, SUM = 16418908.9999999, bChange = 0.00788374, totNum = 690
ROUND = 824, SUM = 16418908.9999999, bChange = 0.00788374, totNum = 689
ROUND = 825, SUM = 16418908.9999999, bChange = 0.00788374, totNum = 688
ROUND = 826, SUM = 16418908.9999999, bChange = 0.00788374, totNum = 686
ROUND = 827, SUM = 16418909, bChange = 0.00788374, totNum = 686
ROUND = 828, SUM = 16418908.9999999, bChange = 0.00788374, totNum = 685
ROUND = 829, SUM = 16418908.9999999, bChange = 0.00788374, totNum = 683
ROUND = 830, SUM = 16418908.9999999, bChange = 0.00788374, totNum = 682
ROUND = 831, SUM = 16418908.9999999, bChange = 0.00788375, totNum = 683
ROUND = 832, SUM = 16418908.9999998, bChange = 0.00788375, totNum = 682
ROUND = 833, SUM = 16418908.9999999, bChange = 0.00788375, totNum = 682
ROUND = 834, SUM = 16418908.9999998, bChange = 0.00788375, totNum = 680
ROUND = 835, SUM = 16418908.9999998, bChange = 0.00788375, totNum = 678
ROUND = 836, SUM = 16418908.9999999, bChange = 0.00788375, totNum = 677
ROUND = 837, SUM = 16418908.9999999, bChange = 0.00788375, totNum = 675
ROUND = 838, SUM = 16418908.9999998, bChange = 0.00788375, totNum = 675
ROUND = 839, SUM = 16418908.9999999, bChange = 0.00788375, totNum = 673
ROUND = 840, SUM = 16418908.9999998, bChange = 0.00788376, totNum = 673
ROUND = 841, SUM = 16418908.9999999, bChange = 0.00788376, totNum = 673
ROUND = 842, SUM = 16418908.9999999, bChange = 0.00788376, totNum = 671
ROUND = 843, SUM = 16418908.9999999, bChange = 0.00788376, totNum = 671
ROUND = 844, SUM = 16418908.9999999, bChange = 0.00788376, totNum = 671
ROUND = 845, SUM = 16418908.9999999, bChange = 0.00788376, totNum = 669
ROUND = 846, SUM = 16418908.9999999, bChange = 0.00788376, totNum = 667
ROUND = 847, SUM = 16418908.9999998, bChange = 0.00788376, totNum = 666
ROUND = 848, SUM = 16418908.9999999, bChange = 0.00788376, totNum = 666
ROUND = 849, SUM = 16418909, bChange = 0.00788376, totNum = 666
ROUND = 850, SUM = 16418908.9999999, bChange = 0.00788376, totNum = 663
ROUND = 851, SUM = 16418908.9999999, bChange = 0.00788377, totNum = 663
ROUND = 852, SUM = 16418908.9999998, bChange = 0.00788377, totNum = 660
ROUND = 853, SUM = 16418908.9999998, bChange = 0.00788377, totNum = 660
ROUND = 854, SUM = 16418908.9999999, bChange = 0.00788377, totNum = 657
ROUND = 855, SUM = 16418908.9999999, bChange = 0.00788377, totNum = 657
ROUND = 856, SUM = 16418908.9999999, bChange = 0.00788377, totNum = 655
ROUND = 857, SUM = 16418908.9999999, bChange = 0.00788377, totNum = 652
ROUND = 858, SUM = 16418908.9999998, bChange = 0.00788377, totNum = 651
ROUND = 859, SUM = 16418908.9999999, bChange = 0.00788377, totNum = 651
ROUND = 860, SUM = 16418908.9999998, bChange = 0.00788377, totNum = 651
ROUND = 861, SUM = 16418908.9999999, bChange = 0.00788377, totNum = 649
ROUND = 862, SUM = 16418908.9999999, bChange = 0.00788377, totNum = 647
ROUND = 863, SUM = 16418908.9999998, bChange = 0.00788377, totNum = 645
ROUND = 864, SUM = 16418908.9999999, bChange = 0.00788378, totNum = 643
ROUND = 865, SUM = 16418908.9999998, bChange = 0.00788378, totNum = 643
ROUND = 866, SUM = 16418908.9999999, bChange = 0.00788378, totNum = 641
ROUND = 867, SUM = 16418908.9999999, bChange = 0.00788378, totNum = 641
ROUND = 868, SUM = 16418908.9999999, bChange = 0.00788378, totNum = 639
ROUND = 869, SUM = 16418908.9999999, bChange = 0.00788378, totNum = 638
ROUND = 870, SUM = 16418908.9999999, bChange = 0.00788378, totNum = 638
ROUND = 871, SUM = 16418908.9999999, bChange = 0.00788378, totNum = 635
ROUND = 872, SUM = 16418908.9999998, bChange = 0.00788378, totNum = 634
ROUND = 873, SUM = 16418908.9999999, bChange = 0.00788378, totNum = 632
ROUND = 874, SUM = 16418908.9999999, bChange = 0.00788378, totNum = 631
ROUND = 875, SUM = 16418908.9999999, bChange = 0.00788378, totNum = 631
ROUND = 876, SUM = 16418908.9999999, bChange = 0.00788378, totNum = 631
ROUND = 877, SUM = 16418908.9999998, bChange = 0.00788378, totNum = 628
ROUND = 878, SUM = 16418908.9999998, bChange = 0.00788378, totNum = 628
ROUND = 879, SUM = 16418908.9999998, bChange = 0.00788379, totNum = 627
ROUND = 880, SUM = 16418908.9999999, bChange = 0.00788379, totNum = 627
ROUND = 881, SUM = 16418908.9999999, bChange = 0.00788379, totNum = 625
ROUND = 882, SUM = 16418908.9999999, bChange = 0.00788379, totNum = 623
ROUND = 883, SUM = 16418908.9999999, bChange = 0.00788379, totNum = 619
ROUND = 884, SUM = 16418909, bChange = 0.00788379, totNum = 618
ROUND = 885, SUM = 16418908.9999999, bChange = 0.00788379, totNum = 615
ROUND = 886, SUM = 16418908.9999999, bChange = 0.00788379, totNum = 614
ROUND = 887, SUM = 16418908.9999998, bChange = 0.00788379, totNum = 612
ROUND = 888, SUM = 16418908.9999999, bChange = 0.00788379, totNum = 611
ROUND = 889, SUM = 16418908.9999999, bChange = 0.00788379, totNum = 610
ROUND = 890, SUM = 16418908.9999999, bChange = 0.00788379, totNum = 609
ROUND = 891, SUM = 16418909, bChange = 0.00788379, totNum = 608
ROUND = 892, SUM = 16418908.9999999, bChange = 0.00788379, totNum = 607
ROUND = 893, SUM = 16418908.9999999, bChange = 0.00788379, totNum = 606
ROUND = 894, SUM = 16418908.9999999, bChange = 0.00788379, totNum = 605
ROUND = 895, SUM = 16418908.9999999, bChange = 0.00788379, totNum = 605
ROUND = 896, SUM = 16418908.9999999, bChange = 0.00788379, totNum = 604
ROUND = 897, SUM = 16418908.9999999, bChange = 0.00788379, totNum = 601
ROUND = 898, SUM = 16418908.9999998, bChange = 0.0078838, totNum = 598
ROUND = 899, SUM = 16418908.9999999, bChange = 0.0078838, totNum = 595
ROUND = 900, SUM = 16418908.9999999, bChange = 0.0078838, totNum = 595
ROUND = 901, SUM = 16418908.9999998, bChange = 0.0078838, totNum = 594
ROUND = 902, SUM = 16418908.9999998, bChange = 0.0078838, totNum = 592
ROUND = 903, SUM = 16418908.9999999, bChange = 0.0078838, totNum = 591
ROUND = 904, SUM = 16418908.9999998, bChange = 0.0078838, totNum = 590
ROUND = 905, SUM = 16418908.9999999, bChange = 0.0078838, totNum = 588
ROUND = 906, SUM = 16418908.9999999, bChange = 0.0078838, totNum = 585
ROUND = 907, SUM = 16418908.9999998, bChange = 0.0078838, totNum = 583
ROUND = 908, SUM = 16418909, bChange = 0.0078838, totNum = 583
ROUND = 909, SUM = 16418908.9999999, bChange = 0.0078838, totNum = 583
ROUND = 910, SUM = 16418909, bChange = 0.0078838, totNum = 581
ROUND = 911, SUM = 16418908.9999999, bChange = 0.0078838, totNum = 579
ROUND = 912, SUM = 16418908.9999999, bChange = 0.0078838, totNum = 580
ROUND = 913, SUM = 16418908.9999999, bChange = 0.0078838, totNum = 579
ROUND = 914, SUM = 16418908.9999999, bChange = 0.0078838, totNum = 578
ROUND = 915, SUM = 16418908.9999999, bChange = 0.0078838, totNum = 578
ROUND = 916, SUM = 16418908.9999999, bChange = 0.0078838, totNum = 578
ROUND = 917, SUM = 16418908.9999999, bChange = 0.0078838, totNum = 578
ROUND = 918, SUM = 16418908.9999999, bChange = 0.0078838, totNum = 578
ROUND = 919, SUM = 16418908.9999999, bChange = 0.0078838, totNum = 577
ROUND = 920, SUM = 16418908.9999999, bChange = 0.0078838, totNum = 577
ROUND = 921, SUM = 16418908.9999999, bChange = 0.00788381, totNum = 574
ROUND = 922, SUM = 16418908.9999999, bChange = 0.00788381, totNum = 574
ROUND = 923, SUM = 16418908.9999999, bChange = 0.00788381, totNum = 573
ROUND = 924, SUM = 16418908.9999999, bChange = 0.00788381, totNum = 570
ROUND = 925, SUM = 16418908.9999999, bChange = 0.00788381, totNum = 568
ROUND = 926, SUM = 16418908.9999999, bChange = 0.00788381, totNum = 568
ROUND = 927, SUM = 16418908.9999998, bChange = 0.00788381, totNum = 567
ROUND = 928, SUM = 16418909, bChange = 0.00788381, totNum = 564
ROUND = 929, SUM = 16418908.9999999, bChange = 0.00788381, totNum = 564
ROUND = 930, SUM = 16418909, bChange = 0.00788381, totNum = 562
ROUND = 931, SUM = 16418908.9999999, bChange = 0.00788381, totNum = 561
ROUND = 932, SUM = 16418908.9999999, bChange = 0.00788381, totNum = 559
ROUND = 933, SUM = 16418908.9999998, bChange = 0.00788381, totNum = 558
ROUND = 934, SUM = 16418908.9999999, bChange = 0.00788381, totNum = 557
ROUND = 935, SUM = 16418908.9999999, bChange = 0.00788381, totNum = 556
ROUND = 936, SUM = 16418908.9999999, bChange = 0.00788381, totNum = 556
ROUND = 937, SUM = 16418908.9999999, bChange = 0.00788381, totNum = 555
ROUND = 938, SUM = 16418908.9999999, bChange = 0.00788381, totNum = 552
ROUND = 939, SUM = 16418908.9999999, bChange = 0.00788381, totNum = 552
ROUND = 940, SUM = 16418908.9999999, bChange = 0.00788381, totNum = 551
ROUND = 941, SUM = 16418908.9999999, bChange = 0.00788381, totNum = 548
ROUND = 942, SUM = 16418909, bChange = 0.00788381, totNum = 547
ROUND = 943, SUM = 16418908.9999999, bChange = 0.00788381, totNum = 545
ROUND = 944, SUM = 16418908.9999999, bChange = 0.00788381, totNum = 543
ROUND = 945, SUM = 16418909, bChange = 0.00788381, totNum = 540
ROUND = 946, SUM = 16418909, bChange = 0.00788381, totNum = 539
ROUND = 947, SUM = 16418909, bChange = 0.00788381, totNum = 537
ROUND = 948, SUM = 16418908.9999999, bChange = 0.00788381, totNum = 537
ROUND = 949, SUM = 16418908.9999999, bChange = 0.00788381, totNum = 538
ROUND = 950, SUM = 16418908.9999999, bChange = 0.00788381, totNum = 537
ROUND = 951, SUM = 16418909, bChange = 0.00788381, totNum = 536
ROUND = 952, SUM = 16418908.9999999, bChange = 0.00788381, totNum = 536
ROUND = 953, SUM = 16418908.9999999, bChange = 0.00788381, totNum = 535
ROUND = 954, SUM = 16418909, bChange = 0.00788382, totNum = 535
ROUND = 955, SUM = 16418908.9999999, bChange = 0.00788382, totNum = 535
ROUND = 956, SUM = 16418908.9999999, bChange = 0.00788382, totNum = 533
ROUND = 957, SUM = 16418908.9999998, bChange = 0.00788382, totNum = 532
ROUND = 958, SUM = 16418909, bChange = 0.00788382, totNum = 531
ROUND = 959, SUM = 16418908.9999999, bChange = 0.00788382, totNum = 527
ROUND = 960, SUM = 16418908.9999999, bChange = 0.00788382, totNum = 526
ROUND = 961, SUM = 16418908.9999999, bChange = 0.00788382, totNum = 525
ROUND = 962, SUM = 16418908.9999999, bChange = 0.00788382, totNum = 524
ROUND = 963, SUM = 16418908.9999999, bChange = 0.00788382, totNum = 521
ROUND = 964, SUM = 16418908.9999999, bChange = 0.00788382, totNum = 520
ROUND = 965, SUM = 16418908.9999999, bChange = 0.00788382, totNum = 519
ROUND = 966, SUM = 16418908.9999999, bChange = 0.00788382, totNum = 519
ROUND = 967, SUM = 16418908.9999998, bChange = 0.00788382, totNum = 518
ROUND = 968, SUM = 16418908.9999999, bChange = 0.00788382, totNum = 518
ROUND = 969, SUM = 16418908.9999999, bChange = 0.00788382, totNum = 516
ROUND = 970, SUM = 16418909, bChange = 0.00788382, totNum = 514
ROUND = 971, SUM = 16418908.9999999, bChange = 0.00788382, totNum = 512
ROUND = 972, SUM = 16418908.9999999, bChange = 0.00788382, totNum = 510
ROUND = 973, SUM = 16418908.9999999, bChange = 0.00788382, totNum = 507
ROUND = 974, SUM = 16418909, bChange = 0.00788382, totNum = 505
ROUND = 975, SUM = 16418908.9999999, bChange = 0.00788382, totNum = 504
ROUND = 976, SUM = 16418909, bChange = 0.00788382, totNum = 500
ROUND = 977, SUM = 16418908.9999999, bChange = 0.00788382, totNum = 500
ROUND = 978, SUM = 16418908.9999998, bChange = 0.00788382, totNum = 500
ROUND = 979, SUM = 16418908.9999999, bChange = 0.00788382, totNum = 499
ROUND = 980, SUM = 16418908.9999998, bChange = 0.00788382, totNum = 497
ROUND = 981, SUM = 16418908.9999999, bChange = 0.00788382, totNum = 494
ROUND = 982, SUM = 16418908.9999999, bChange = 0.00788382, totNum = 494
ROUND = 983, SUM = 16418908.9999999, bChange = 0.00788382, totNum = 493
ROUND = 984, SUM = 16418908.9999999, bChange = 0.00788382, totNum = 493
ROUND = 985, SUM = 16418908.9999999, bChange = 0.00788382, totNum = 494
ROUND = 986, SUM = 16418908.9999999, bChange = 0.00788382, totNum = 493
ROUND = 987, SUM = 16418908.9999999, bChange = 0.00788382, totNum = 492
ROUND = 988, SUM = 16418909, bChange = 0.00788382, totNum = 491
ROUND = 989, SUM = 16418908.9999999, bChange = 0.00788382, totNum = 489
ROUND = 990, SUM = 16418908.9999999, bChange = 0.00788382, totNum = 489
ROUND = 991, SUM = 16418908.9999998, bChange = 0.00788382, totNum = 486
ROUND = 992, SUM = 16418908.9999998, bChange = 0.00788382, totNum = 486
ROUND = 993, SUM = 16418908.9999999, bChange = 0.00788382, totNum = 485
ROUND = 994, SUM = 16418908.9999999, bChange = 0.00788382, totNum = 484
ROUND = 995, SUM = 16418909, bChange = 0.00788382, totNum = 482
ROUND = 996, SUM = 16418908.9999999, bChange = 0.00788382, totNum = 482
ROUND = 997, SUM = 16418908.9999999, bChange = 0.00788382, totNum = 482
ROUND = 998, SUM = 16418908.9999999, bChange = 0.00788382, totNum = 481
ROUND = 999, SUM = 16418908.9999999, bChange = 0.00788382, totNum = 481
ROUND = 1000, SUM = 16418908.9999999, bChange = 0.00788382, totNum = 479
ROUND = 1001, SUM = 16418908.9999999, bChange = 0.00788382, totNum = 478
ROUND = 1002, SUM = 16418908.9999999, bChange = 0.00788382, totNum = 478
ROUND = 1003, SUM = 16418908.9999999, bChange = 0.00788382, totNum = 478
ROUND = 1004, SUM = 16418908.9999999, bChange = 0.00788383, totNum = 478
ROUND = 1005, SUM = 16418908.9999999, bChange = 0.00788383, totNum = 478
ROUND = 1006, SUM = 16418908.9999999, bChange = 0.00788383, totNum = 476
ROUND = 1007, SUM = 16418908.9999999, bChange = 0.00788383, totNum = 475
ROUND = 1008, SUM = 16418908.9999999, bChange = 0.00788383, totNum = 473
ROUND = 1009, SUM = 16418908.9999999, bChange = 0.00788383, totNum = 471
ROUND = 1010, SUM = 16418908.9999999, bChange = 0.00788383, totNum = 468
ROUND = 1011, SUM = 16418908.9999999, bChange = 0.00788383, totNum = 466
ROUND = 1012, SUM = 16418908.9999999, bChange = 0.00788383, totNum = 466
ROUND = 1013, SUM = 16418908.9999999, bChange = 0.00788383, totNum = 465
ROUND = 1014, SUM = 16418908.9999999, bChange = 0.00788383, totNum = 464
ROUND = 1015, SUM = 16418908.9999998, bChange = 0.00788383, totNum = 463
ROUND = 1016, SUM = 16418908.9999999, bChange = 0.00788383, totNum = 462
ROUND = 1017, SUM = 16418908.9999999, bChange = 0.00788383, totNum = 462
ROUND = 1018, SUM = 16418909, bChange = 0.00788383, totNum = 461
ROUND = 1019, SUM = 16418908.9999999, bChange = 0.00788383, totNum = 462
ROUND = 1020, SUM = 16418908.9999999, bChange = 0.00788383, totNum = 462
ROUND = 1021, SUM = 16418908.9999999, bChange = 0.00788383, totNum = 460
ROUND = 1022, SUM = 16418908.9999999, bChange = 0.00788383, totNum = 456
ROUND = 1023, SUM = 16418908.9999999, bChange = 0.00788383, totNum = 454
ROUND = 1024, SUM = 16418909, bChange = 0.00788383, totNum = 454
ROUND = 1025, SUM = 16418908.9999999, bChange = 0.00788383, totNum = 453
ROUND = 1026, SUM = 16418909, bChange = 0.00788383, totNum = 453
ROUND = 1027, SUM = 16418909, bChange = 0.00788383, totNum = 450
ROUND = 1028, SUM = 16418908.9999999, bChange = 0.00788383, totNum = 448
ROUND = 1029, SUM = 16418908.9999999, bChange = 0.00788383, totNum = 447
ROUND = 1030, SUM = 16418909, bChange = 0.00788383, totNum = 447
ROUND = 1031, SUM = 16418909, bChange = 0.00788383, totNum = 444
ROUND = 1032, SUM = 16418909, bChange = 0.00583267, totNum = 441
ROUND = 1033, SUM = 16418909, bChange = 0.00583262, totNum = 440
ROUND = 1034, SUM = 16418908.9999998, bChange = 0.00583256, totNum = 438
ROUND = 1035, SUM = 16418909, bChange = 0.0058325, totNum = 436
ROUND = 1036, SUM = 16418909, bChange = 0.00583245, totNum = 436
ROUND = 1037, SUM = 16418908.9999999, bChange = 0.00557136, totNum = 434
ROUND = 1038, SUM = 16418909, bChange = 0.00557344, totNum = 432
ROUND = 1039, SUM = 16418908.9999999, bChange = 0.00557552, totNum = 432
ROUND = 1040, SUM = 16418908.9999999, bChange = 0.00557758, totNum = 432
ROUND = 1041, SUM = 16418909, bChange = 0.00557964, totNum = 432
ROUND = 1042, SUM = 16418908.9999999, bChange = 0.00558169, totNum = 429
ROUND = 1043, SUM = 16418909, bChange = 0.00558373, totNum = 428
ROUND = 1044, SUM = 16418908.9999999, bChange = 0.00558576, totNum = 428
ROUND = 1045, SUM = 16418909, bChange = 0.00558778, totNum = 426
ROUND = 1046, SUM = 16418908.9999999, bChange = 0.0055898, totNum = 426
ROUND = 1047, SUM = 16418909, bChange = 0.0055918, totNum = 426
ROUND = 1048, SUM = 16418908.9999999, bChange = 0.0055938, totNum = 426
ROUND = 1049, SUM = 16418908.9999999, bChange = 0.00559579, totNum = 425
ROUND = 1050, SUM = 16418909, bChange = 0.00559777, totNum = 423
ROUND = 1051, SUM = 16418908.9999999, bChange = 0.00559975, totNum = 421
ROUND = 1052, SUM = 16418908.9999999, bChange = 0.00560171, totNum = 422
ROUND = 1053, SUM = 16418909, bChange = 0.00560367, totNum = 419
ROUND = 1054, SUM = 16418908.9999999, bChange = 0.00560562, totNum = 418
ROUND = 1055, SUM = 16418908.9999999, bChange = 0.00560756, totNum = 416
ROUND = 1056, SUM = 16418908.9999999, bChange = 0.00560949, totNum = 416
ROUND = 1057, SUM = 16418908.9999999, bChange = 0.00561142, totNum = 416
ROUND = 1058, SUM = 16418908.9999999, bChange = 0.00561333, totNum = 416
ROUND = 1059, SUM = 16418908.9999999, bChange = 0.00561524, totNum = 415
ROUND = 1060, SUM = 16418908.9999999, bChange = 0.00561714, totNum = 415
ROUND = 1061, SUM = 16418908.9999999, bChange = 0.00561904, totNum = 415
ROUND = 1062, SUM = 16418908.9999999, bChange = 0.00562092, totNum = 412
ROUND = 1063, SUM = 16418909, bChange = 0.0056228, totNum = 412
ROUND = 1064, SUM = 16418908.9999999, bChange = 0.00562467, totNum = 413
ROUND = 1065, SUM = 16418908.9999999, bChange = 0.00562653, totNum = 409
ROUND = 1066, SUM = 16418908.9999999, bChange = 0.00562838, totNum = 407
ROUND = 1067, SUM = 16418908.9999999, bChange = 0.00563023, totNum = 406
ROUND = 1068, SUM = 16418908.9999999, bChange = 0.00563207, totNum = 405
ROUND = 1069, SUM = 16418908.9999999, bChange = 0.0056339, totNum = 403
ROUND = 1070, SUM = 16418908.9999999, bChange = 0.00563572, totNum = 402
ROUND = 1071, SUM = 16418908.9999999, bChange = 0.00563754, totNum = 401
ROUND = 1072, SUM = 16418909, bChange = 0.00563934, totNum = 399
ROUND = 1073, SUM = 16418908.9999999, bChange = 0.00564114, totNum = 398
ROUND = 1074, SUM = 16418908.9999999, bChange = 0.00564294, totNum = 398
ROUND = 1075, SUM = 16418908.9999999, bChange = 0.00564472, totNum = 393
ROUND = 1076, SUM = 16418908.9999999, bChange = 0.0056465, totNum = 393
ROUND = 1077, SUM = 16418908.9999999, bChange = 0.00564827, totNum = 393
ROUND = 1078, SUM = 16418908.9999999, bChange = 0.00565003, totNum = 393
ROUND = 1079, SUM = 16418908.9999999, bChange = 0.00565178, totNum = 391
ROUND = 1080, SUM = 16418908.9999999, bChange = 0.00565353, totNum = 392
ROUND = 1081, SUM = 16418908.9999999, bChange = 0.00565527, totNum = 392
ROUND = 1082, SUM = 16418908.9999999, bChange = 0.005657, totNum = 391
ROUND = 1083, SUM = 16418908.9999999, bChange = 0.00565873, totNum = 391
ROUND = 1084, SUM = 16418908.9999999, bChange = 0.00566044, totNum = 389
ROUND = 1085, SUM = 16418908.9999999, bChange = 0.00566215, totNum = 389
ROUND = 1086, SUM = 16418908.9999999, bChange = 0.00566386, totNum = 387
ROUND = 1087, SUM = 16418908.9999999, bChange = 0.00566555, totNum = 386
ROUND = 1088, SUM = 16418908.9999999, bChange = 0.00566724, totNum = 382
ROUND = 1089, SUM = 16418908.9999999, bChange = 0.00566892, totNum = 382
ROUND = 1090, SUM = 16418908.9999999, bChange = 0.00567059, totNum = 382
ROUND = 1091, SUM = 16418908.9999999, bChange = 0.00567226, totNum = 382
ROUND = 1092, SUM = 16418908.9999999, bChange = 0.00567392, totNum = 379
ROUND = 1093, SUM = 16418909, bChange = 0.00567557, totNum = 378
ROUND = 1094, SUM = 16418909, bChange = 0.00567721, totNum = 377
ROUND = 1095, SUM = 16418908.9999999, bChange = 0.00567885, totNum = 376
ROUND = 1096, SUM = 16418908.9999999, bChange = 0.00568048, totNum = 376
ROUND = 1097, SUM = 16418908.9999999, bChange = 0.0056821, totNum = 375
ROUND = 1098, SUM = 16418908.9999999, bChange = 0.00568372, totNum = 374
ROUND = 1099, SUM = 16418909, bChange = 0.00568533, totNum = 373
ROUND = 1100, SUM = 16418909, bChange = 0.00568693, totNum = 372
ROUND = 1101, SUM = 16418908.9999999, bChange = 0.00568853, totNum = 371
ROUND = 1102, SUM = 16418908.9999999, bChange = 0.00569012, totNum = 370
ROUND = 1103, SUM = 16418908.9999999, bChange = 0.0056917, totNum = 370
ROUND = 1104, SUM = 16418909, bChange = 0.00569327, totNum = 370
ROUND = 1105, SUM = 16418908.9999999, bChange = 0.00569484, totNum = 370
ROUND = 1106, SUM = 16418908.9999999, bChange = 0.0056964, totNum = 370
ROUND = 1107, SUM = 16418908.9999999, bChange = 0.00569795, totNum = 370
ROUND = 1108, SUM = 16418908.9999999, bChange = 0.0056995, totNum = 369
ROUND = 1109, SUM = 16418908.9999998, bChange = 0.00570104, totNum = 369
ROUND = 1110, SUM = 16418908.9999999, bChange = 0.00570257, totNum = 365
ROUND = 1111, SUM = 16418908.9999999, bChange = 0.00555216, totNum = 364
ROUND = 1112, SUM = 16418908.9999999, bChange = 0.00555222, totNum = 364
ROUND = 1113, SUM = 16418908.9999998, bChange = 0.00555228, totNum = 362
ROUND = 1114, SUM = 16418908.9999999, bChange = 0.00555234, totNum = 360
ROUND = 1115, SUM = 16418908.9999999, bChange = 0.0055524, totNum = 359
ROUND = 1116, SUM = 16418909, bChange = 0.00555245, totNum = 359
ROUND = 1117, SUM = 16418908.9999999, bChange = 0.00555251, totNum = 359
ROUND = 1118, SUM = 16418909, bChange = 0.00555257, totNum = 358
ROUND = 1119, SUM = 16418908.9999999, bChange = 0.00555263, totNum = 357
ROUND = 1120, SUM = 16418909, bChange = 0.00555268, totNum = 355
ROUND = 1121, SUM = 16418909, bChange = 0.00555274, totNum = 355
ROUND = 1122, SUM = 16418908.9999999, bChange = 0.00555279, totNum = 355
ROUND = 1123, SUM = 16418909, bChange = 0.00555285, totNum = 355
ROUND = 1124, SUM = 16418908.9999999, bChange = 0.0055529, totNum = 355
ROUND = 1125, SUM = 16418909, bChange = 0.00555296, totNum = 355
ROUND = 1126, SUM = 16418908.9999999, bChange = 0.00555301, totNum = 355
ROUND = 1127, SUM = 16418908.9999999, bChange = 0.00555307, totNum = 355
ROUND = 1128, SUM = 16418908.9999999, bChange = 0.00555312, totNum = 355
ROUND = 1129, SUM = 16418908.9999999, bChange = 0.00555318, totNum = 355
ROUND = 1130, SUM = 16418909, bChange = 0.00555323, totNum = 354
ROUND = 1131, SUM = 16418909, bChange = 0.00555328, totNum = 354
ROUND = 1132, SUM = 16418908.9999999, bChange = 0.00555333, totNum = 353
ROUND = 1133, SUM = 16418908.9999999, bChange = 0.00555339, totNum = 353
ROUND = 1134, SUM = 16418908.9999999, bChange = 0.00555344, totNum = 353
ROUND = 1135, SUM = 16418908.9999999, bChange = 0.00555349, totNum = 353
ROUND = 1136, SUM = 16418909, bChange = 0.00555354, totNum = 351
ROUND = 1137, SUM = 16418908.9999999, bChange = 0.00555359, totNum = 350
ROUND = 1138, SUM = 16418908.9999999, bChange = 0.00555365, totNum = 350
ROUND = 1139, SUM = 16418909, bChange = 0.0055537, totNum = 350
ROUND = 1140, SUM = 16418909, bChange = 0.00555375, totNum = 350
ROUND = 1141, SUM = 16418908.9999999, bChange = 0.0055538, totNum = 350
ROUND = 1142, SUM = 16418909, bChange = 0.00555385, totNum = 350
ROUND = 1143, SUM = 16418909, bChange = 0.0055539, totNum = 350
ROUND = 1144, SUM = 16418908.9999999, bChange = 0.00555395, totNum = 349
ROUND = 1145, SUM = 16418909, bChange = 0.005554, totNum = 347
ROUND = 1146, SUM = 16418909, bChange = 0.00555404, totNum = 346
ROUND = 1147, SUM = 16418909, bChange = 0.00555409, totNum = 344
ROUND = 1148, SUM = 16418909, bChange = 0.00555414, totNum = 343
ROUND = 1149, SUM = 16418909, bChange = 0.00555419, totNum = 341
ROUND = 1150, SUM = 16418908.9999999, bChange = 0.00555424, totNum = 341
ROUND = 1151, SUM = 16418909, bChange = 0.00555428, totNum = 341
ROUND = 1152, SUM = 16418909, bChange = 0.00555433, totNum = 340
ROUND = 1153, SUM = 16418909, bChange = 0.00555438, totNum = 340
ROUND = 1154, SUM = 16418908.9999999, bChange = 0.00555443, totNum = 340
ROUND = 1155, SUM = 16418908.9999999, bChange = 0.00555447, totNum = 340
ROUND = 1156, SUM = 16418908.9999999, bChange = 0.00555452, totNum = 340
ROUND = 1157, SUM = 16418909, bChange = 0.00555456, totNum = 338
ROUND = 1158, SUM = 16418909, bChange = 0.00555461, totNum = 338
ROUND = 1159, SUM = 16418908.9999999, bChange = 0.00555465, totNum = 337
ROUND = 1160, SUM = 16418908.9999999, bChange = 0.0055547, totNum = 337
ROUND = 1161, SUM = 16418909, bChange = 0.00555474, totNum = 336
ROUND = 1162, SUM = 16418909, bChange = 0.00555479, totNum = 336
ROUND = 1163, SUM = 16418909, bChange = 0.00555483, totNum = 335
ROUND = 1164, SUM = 16418908.9999999, bChange = 0.00555488, totNum = 334
ROUND = 1165, SUM = 16418908.9999999, bChange = 0.00555492, totNum = 332
ROUND = 1166, SUM = 16418909, bChange = 0.00555497, totNum = 332
ROUND = 1167, SUM = 16418909, bChange = 0.00555501, totNum = 329
ROUND = 1168, SUM = 16418908.9999999, bChange = 0.00555505, totNum = 326
ROUND = 1169, SUM = 16418908.9999999, bChange = 0.0055551, totNum = 326
ROUND = 1170, SUM = 16418909, bChange = 0.00555514, totNum = 326
ROUND = 1171, SUM = 16418909, bChange = 0.00555518, totNum = 325
ROUND = 1172, SUM = 16418909, bChange = 0.00555522, totNum = 325
ROUND = 1173, SUM = 16418909, bChange = 0.00555527, totNum = 322
ROUND = 1174, SUM = 16418908.9999999, bChange = 0.00555531, totNum = 320
ROUND = 1175, SUM = 16418909, bChange = 0.00555535, totNum = 320
ROUND = 1176, SUM = 16418909, bChange = 0.00555539, totNum = 320
ROUND = 1177, SUM = 16418909, bChange = 0.00555543, totNum = 320
ROUND = 1178, SUM = 16418908.9999999, bChange = 0.00555547, totNum = 320
ROUND = 1179, SUM = 16418908.9999999, bChange = 0.00555551, totNum = 319
ROUND = 1180, SUM = 16418908.9999999, bChange = 0.00555555, totNum = 318
ROUND = 1181, SUM = 16418908.9999999, bChange = 0.00555559, totNum = 318
ROUND = 1182, SUM = 16418908.9999999, bChange = 0.00555563, totNum = 318
ROUND = 1183, SUM = 16418909, bChange = 0.00555567, totNum = 317
ROUND = 1184, SUM = 16418908.9999999, bChange = 0.00555571, totNum = 316
ROUND = 1185, SUM = 16418908.9999999, bChange = 0.00555575, totNum = 316
ROUND = 1186, SUM = 16418909, bChange = 0.00555579, totNum = 315
ROUND = 1187, SUM = 16418909, bChange = 0.00555583, totNum = 313
ROUND = 1188, SUM = 16418909, bChange = 0.00555587, totNum = 313
ROUND = 1189, SUM = 16418908.9999999, bChange = 0.00555591, totNum = 313
ROUND = 1190, SUM = 16418909, bChange = 0.00555594, totNum = 312
ROUND = 1191, SUM = 16418908.9999999, bChange = 0.00555598, totNum = 312
ROUND = 1192, SUM = 16418908.9999999, bChange = 0.00555602, totNum = 312
ROUND = 1193, SUM = 16418908.9999999, bChange = 0.00555606, totNum = 311
ROUND = 1194, SUM = 16418909, bChange = 0.0055561, totNum = 310
ROUND = 1195, SUM = 16418908.9999999, bChange = 0.00555613, totNum = 310
ROUND = 1196, SUM = 16418908.9999999, bChange = 0.00555617, totNum = 309
ROUND = 1197, SUM = 16418909, bChange = 0.00555621, totNum = 306
ROUND = 1198, SUM = 16418908.9999998, bChange = 0.00555624, totNum = 305
ROUND = 1199, SUM = 16418908.9999999, bChange = 0.00555628, totNum = 304
ROUND = 1200, SUM = 16418908.9999999, bChange = 0.00555632, totNum = 303
ROUND = 1201, SUM = 16418909, bChange = 0.00555635, totNum = 303
ROUND = 1202, SUM = 16418908.9999999, bChange = 0.00555639, totNum = 302
ROUND = 1203, SUM = 16418908.9999999, bChange = 0.00555642, totNum = 301
ROUND = 1204, SUM = 16418908.9999999, bChange = 0.00555646, totNum = 300
ROUND = 1205, SUM = 16418908.9999999, bChange = 0.00555649, totNum = 300
ROUND = 1206, SUM = 16418908.9999999, bChange = 0.00555653, totNum = 299
ROUND = 1207, SUM = 16418909, bChange = 0.00555656, totNum = 299
ROUND = 1208, SUM = 16418908.9999999, bChange = 0.0055566, totNum = 299
ROUND = 1209, SUM = 16418908.9999998, bChange = 0.00555663, totNum = 299
ROUND = 1210, SUM = 16418909, bChange = 0.00555667, totNum = 299
ROUND = 1211, SUM = 16418908.9999999, bChange = 0.0055567, totNum = 299
ROUND = 1212, SUM = 16418908.9999999, bChange = 0.00555673, totNum = 299
ROUND = 1213, SUM = 16418908.9999999, bChange = 0.00555677, totNum = 299
ROUND = 1214, SUM = 16418909, bChange = 0.0055568, totNum = 299
ROUND = 1215, SUM = 16418909, bChange = 0.00555683, totNum = 298
ROUND = 1216, SUM = 16418909, bChange = 0.00555687, totNum = 295
ROUND = 1217, SUM = 16418909, bChange = 0.0055569, totNum = 294
ROUND = 1218, SUM = 16418908.9999999, bChange = 0.00555693, totNum = 292
ROUND = 1219, SUM = 16418908.9999999, bChange = 0.00555697, totNum = 291
ROUND = 1220, SUM = 16418908.9999999, bChange = 0.005557, totNum = 290
ROUND = 1221, SUM = 16418909, bChange = 0.00555703, totNum = 289
ROUND = 1222, SUM = 16418908.9999999, bChange = 0.00555706, totNum = 288
ROUND = 1223, SUM = 16418909, bChange = 0.00555709, totNum = 287
ROUND = 1224, SUM = 16418909, bChange = 0.00555713, totNum = 286
ROUND = 1225, SUM = 16418908.9999999, bChange = 0.00555716, totNum = 286
ROUND = 1226, SUM = 16418908.9999999, bChange = 0.00555719, totNum = 283
ROUND = 1227, SUM = 16418908.9999999, bChange = 0.00555722, totNum = 282
ROUND = 1228, SUM = 16418909, bChange = 0.00555725, totNum = 282
ROUND = 1229, SUM = 16418909, bChange = 0.00555728, totNum = 281
ROUND = 1230, SUM = 16418909, bChange = 0.00555731, totNum = 280
ROUND = 1231, SUM = 16418909, bChange = 0.00555734, totNum = 280
ROUND = 1232, SUM = 16418909, bChange = 0.00555737, totNum = 276
ROUND = 1233, SUM = 16418909, bChange = 0.0055574, totNum = 276
ROUND = 1234, SUM = 16418908.9999999, bChange = 0.00555743, totNum = 276
ROUND = 1235, SUM = 16418908.9999999, bChange = 0.00555746, totNum = 274
ROUND = 1236, SUM = 16418909, bChange = 0.00555749, totNum = 271
ROUND = 1237, SUM = 16418909, bChange = 0.00555752, totNum = 270
ROUND = 1238, SUM = 16418908.9999999, bChange = 0.00555755, totNum = 270
ROUND = 1239, SUM = 16418908.9999999, bChange = 0.00555758, totNum = 270
ROUND = 1240, SUM = 16418909, bChange = 0.00555761, totNum = 270
ROUND = 1241, SUM = 16418908.9999999, bChange = 0.00555764, totNum = 270
ROUND = 1242, SUM = 16418908.9999999, bChange = 0.00555767, totNum = 269
ROUND = 1243, SUM = 16418908.9999999, bChange = 0.00555769, totNum = 269
ROUND = 1244, SUM = 16418908.9999999, bChange = 0.00555772, totNum = 268
ROUND = 1245, SUM = 16418908.9999999, bChange = 0.00524525, totNum = 267
ROUND = 1246, SUM = 16418909, bChange = 0.00524525, totNum = 267
ROUND = 1247, SUM = 16418908.9999999, bChange = 0.00524525, totNum = 265
ROUND = 1248, SUM = 16418908.9999999, bChange = 0.00524525, totNum = 265
ROUND = 1249, SUM = 16418909, bChange = 0.00524525, totNum = 265
ROUND = 1250, SUM = 16418909, bChange = 0.00524526, totNum = 265
ROUND = 1251, SUM = 16418909, bChange = 0.00524526, totNum = 265
ROUND = 1252, SUM = 16418909, bChange = 0.00524526, totNum = 265
ROUND = 1253, SUM = 16418909, bChange = 0.00524526, totNum = 265
ROUND = 1254, SUM = 16418909, bChange = 0.00524526, totNum = 265
ROUND = 1255, SUM = 16418908.9999999, bChange = 0.00435552, totNum = 264
ROUND = 1256, SUM = 16418908.9999999, bChange = 0.00435647, totNum = 264
ROUND = 1257, SUM = 16418909, bChange = 0.00435742, totNum = 264
ROUND = 1258, SUM = 16418909, bChange = 0.00435836, totNum = 264
ROUND = 1259, SUM = 16418909, bChange = 0.0043593, totNum = 264
ROUND = 1260, SUM = 16418908.9999999, bChange = 0.00436023, totNum = 264
ROUND = 1261, SUM = 16418908.9999999, bChange = 0.00436116, totNum = 263
ROUND = 1262, SUM = 16418909, bChange = 0.00436209, totNum = 262
ROUND = 1263, SUM = 16418908.9999999, bChange = 0.00436302, totNum = 262
ROUND = 1264, SUM = 16418908.9999999, bChange = 0.00436394, totNum = 262
ROUND = 1265, SUM = 16418909, bChange = 0.00436486, totNum = 262
ROUND = 1266, SUM = 16418909, bChange = 0.00436577, totNum = 262
ROUND = 1267, SUM = 16418908.9999999, bChange = 0.00436668, totNum = 262
ROUND = 1268, SUM = 16418908.9999999, bChange = 0.00436759, totNum = 262
ROUND = 1269, SUM = 16418909, bChange = 0.0043685, totNum = 262
ROUND = 1270, SUM = 16418908.9999999, bChange = 0.0043694, totNum = 262
ROUND = 1271, SUM = 16418908.9999999, bChange = 0.00437029, totNum = 261
ROUND = 1272, SUM = 16418909, bChange = 0.00437119, totNum = 261
ROUND = 1273, SUM = 16418908.9999999, bChange = 0.00437208, totNum = 261
ROUND = 1274, SUM = 16418909.0000001, bChange = 0.00437297, totNum = 261
ROUND = 1275, SUM = 16418909, bChange = 0.00437385, totNum = 260
ROUND = 1276, SUM = 16418909, bChange = 0.00437473, totNum = 261
ROUND = 1277, SUM = 16418908.9999999, bChange = 0.00437561, totNum = 261
ROUND = 1278, SUM = 16418909, bChange = 0.00434245, totNum = 260
ROUND = 1279, SUM = 16418908.9999999, bChange = 0.00434255, totNum = 260
ROUND = 1280, SUM = 16418909, bChange = 0.00434265, totNum = 259
ROUND = 1281, SUM = 16418909, bChange = 0.00434275, totNum = 258
ROUND = 1282, SUM = 16418909, bChange = 0.00434285, totNum = 258
ROUND = 1283, SUM = 16418909, bChange = 0.00434295, totNum = 255
ROUND = 1284, SUM = 16418908.9999999, bChange = 0.00434305, totNum = 255
ROUND = 1285, SUM = 16418909, bChange = 0.00434315, totNum = 255
ROUND = 1286, SUM = 16418909, bChange = 0.00434325, totNum = 255
ROUND = 1287, SUM = 16418908.9999999, bChange = 0.00434335, totNum = 254
ROUND = 1288, SUM = 16418909, bChange = 0.00434344, totNum = 254
ROUND = 1289, SUM = 16418909, bChange = 0.00434354, totNum = 254
ROUND = 1290, SUM = 16418908.9999999, bChange = 0.00434364, totNum = 253
ROUND = 1291, SUM = 16418909, bChange = 0.00434373, totNum = 252
ROUND = 1292, SUM = 16418909, bChange = 0.00434383, totNum = 252
ROUND = 1293, SUM = 16418908.9999999, bChange = 0.00434392, totNum = 251
ROUND = 1294, SUM = 16418908.9999999, bChange = 0.00434402, totNum = 251
ROUND = 1295, SUM = 16418908.9999999, bChange = 0.00434502, totNum = 251
ROUND = 1296, SUM = 16418908.9999999, bChange = 0.00434686, totNum = 251
ROUND = 1297, SUM = 16418909, bChange = 0.00434869, totNum = 251
ROUND = 1298, SUM = 16418909, bChange = 0.00435052, totNum = 251
ROUND = 1299, SUM = 16418909, bChange = 0.00435235, totNum = 251
ROUND = 1300, SUM = 16418909, bChange = 0.00435417, totNum = 251
ROUND = 1301, SUM = 16418909, bChange = 0.004356, totNum = 251
ROUND = 1302, SUM = 16418909.0000001, bChange = 0.00435782, totNum = 251
ROUND = 1303, SUM = 16418909, bChange = 0.00435964, totNum = 250
ROUND = 1304, SUM = 16418909, bChange = 0.00436146, totNum = 250
ROUND = 1305, SUM = 16418908.9999999, bChange = 0.00436328, totNum = 250
ROUND = 1306, SUM = 16418909, bChange = 0.00436509, totNum = 248
ROUND = 1307, SUM = 16418909.0000001, bChange = 0.00436691, totNum = 248
ROUND = 1308, SUM = 16418908.9999999, bChange = 0.00436872, totNum = 248
ROUND = 1309, SUM = 16418908.9999999, bChange = 0.00437053, totNum = 247
ROUND = 1310, SUM = 16418909, bChange = 0.00437234, totNum = 245
ROUND = 1311, SUM = 16418909, bChange = 0.00437415, totNum = 245
ROUND = 1312, SUM = 16418909, bChange = 0.00437595, totNum = 245
ROUND = 1313, SUM = 16418909, bChange = 0.00437776, totNum = 245
ROUND = 1314, SUM = 16418908.9999999, bChange = 0.00437956, totNum = 245
ROUND = 1315, SUM = 16418909, bChange = 0.00438136, totNum = 245
ROUND = 1316, SUM = 16418908.9999999, bChange = 0.00438316, totNum = 245
ROUND = 1317, SUM = 16418908.9999999, bChange = 0.00438495, totNum = 244
ROUND = 1318, SUM = 16418909, bChange = 0.00438675, totNum = 244
ROUND = 1319, SUM = 16418909, bChange = 0.00438854, totNum = 244
ROUND = 1320, SUM = 16418909, bChange = 0.00439033, totNum = 242
ROUND = 1321, SUM = 16418909, bChange = 0.00439213, totNum = 242
ROUND = 1322, SUM = 16418909, bChange = 0.00439391, totNum = 242
ROUND = 1323, SUM = 16418909, bChange = 0.0043957, totNum = 242
ROUND = 1324, SUM = 16418908.9999999, bChange = 0.00439749, totNum = 241
ROUND = 1325, SUM = 16418909, bChange = 0.00439927, totNum = 239
ROUND = 1326, SUM = 16418909, bChange = 0.00440105, totNum = 239
ROUND = 1327, SUM = 16418909, bChange = 0.00440283, totNum = 239
ROUND = 1328, SUM = 16418909, bChange = 0.00440461, totNum = 239
ROUND = 1329, SUM = 16418908.9999999, bChange = 0.00440639, totNum = 238
ROUND = 1330, SUM = 16418908.9999999, bChange = 0.00440816, totNum = 237
ROUND = 1331, SUM = 16418908.9999999, bChange = 0.00440993, totNum = 235
ROUND = 1332, SUM = 16418909, bChange = 0.0044117, totNum = 235
ROUND = 1333, SUM = 16418909, bChange = 0.00441347, totNum = 234
ROUND = 1334, SUM = 16418908.9999999, bChange = 0.00441524, totNum = 233
ROUND = 1335, SUM = 16418909, bChange = 0.00441701, totNum = 232
ROUND = 1336, SUM = 16418908.9999999, bChange = 0.00441877, totNum = 232
ROUND = 1337, SUM = 16418909, bChange = 0.00442054, totNum = 232
ROUND = 1338, SUM = 16418908.9999999, bChange = 0.0044223, totNum = 232
ROUND = 1339, SUM = 16418908.9999999, bChange = 0.00442406, totNum = 230
ROUND = 1340, SUM = 16418908.9999999, bChange = 0.00442581, totNum = 230
ROUND = 1341, SUM = 16418909, bChange = 0.00442757, totNum = 229
ROUND = 1342, SUM = 16418908.9999999, bChange = 0.00442932, totNum = 227
ROUND = 1343, SUM = 16418909, bChange = 0.00443108, totNum = 226
ROUND = 1344, SUM = 16418909, bChange = 0.00443283, totNum = 226
ROUND = 1345, SUM = 16418909, bChange = 0.00443458, totNum = 226
ROUND = 1346, SUM = 16418908.9999999, bChange = 0.00443632, totNum = 225
ROUND = 1347, SUM = 16418909, bChange = 0.00443807, totNum = 225
ROUND = 1348, SUM = 16418908.9999999, bChange = 0.00443981, totNum = 225
ROUND = 1349, SUM = 16418908.9999999, bChange = 0.00444155, totNum = 225
ROUND = 1350, SUM = 16418909, bChange = 0.00444329, totNum = 225
ROUND = 1351, SUM = 16418908.9999999, bChange = 0.00444503, totNum = 224
ROUND = 1352, SUM = 16418908.9999999, bChange = 0.00444677, totNum = 223
ROUND = 1353, SUM = 16418909, bChange = 0.0044485, totNum = 222
ROUND = 1354, SUM = 16418909, bChange = 0.00445024, totNum = 221
ROUND = 1355, SUM = 16418909, bChange = 0.00445197, totNum = 221
ROUND = 1356, SUM = 16418909, bChange = 0.0044537, totNum = 221
ROUND = 1357, SUM = 16418909, bChange = 0.00445543, totNum = 220
ROUND = 1358, SUM = 16418909, bChange = 0.00445715, totNum = 220
ROUND = 1359, SUM = 16418909, bChange = 0.00445888, totNum = 218
ROUND = 1360, SUM = 16418909, bChange = 0.0044606, totNum = 218
ROUND = 1361, SUM = 16418909, bChange = 0.00446232, totNum = 218
ROUND = 1362, SUM = 16418909, bChange = 0.00446404, totNum = 218
ROUND = 1363, SUM = 16418908.9999999, bChange = 0.00446576, totNum = 218
ROUND = 1364, SUM = 16418909, bChange = 0.00446747, totNum = 218
ROUND = 1365, SUM = 16418909, bChange = 0.00446919, totNum = 218
ROUND = 1366, SUM = 16418909, bChange = 0.0044709, totNum = 218
ROUND = 1367, SUM = 16418909, bChange = 0.00447261, totNum = 217
ROUND = 1368, SUM = 16418909, bChange = 0.00447432, totNum = 217
ROUND = 1369, SUM = 16418909, bChange = 0.00447603, totNum = 217
ROUND = 1370, SUM = 16418909, bChange = 0.00447773, totNum = 217
ROUND = 1371, SUM = 16418909, bChange = 0.00447944, totNum = 217
ROUND = 1372, SUM = 16418908.9999999, bChange = 0.00448114, totNum = 217
ROUND = 1373, SUM = 16418908.9999999, bChange = 0.00448284, totNum = 216
ROUND = 1374, SUM = 16418908.9999999, bChange = 0.00448454, totNum = 215
ROUND = 1375, SUM = 16418909, bChange = 0.00448623, totNum = 215
ROUND = 1376, SUM = 16418909, bChange = 0.00448793, totNum = 215
ROUND = 1377, SUM = 16418909, bChange = 0.00448962, totNum = 214
ROUND = 1378, SUM = 16418909, bChange = 0.00449131, totNum = 214
ROUND = 1379, SUM = 16418909, bChange = 0.004493, totNum = 214
ROUND = 1380, SUM = 16418909, bChange = 0.00449469, totNum = 213
ROUND = 1381, SUM = 16418909, bChange = 0.00449638, totNum = 212
ROUND = 1382, SUM = 16418909, bChange = 0.00449806, totNum = 212
ROUND = 1383, SUM = 16418909, bChange = 0.00449974, totNum = 212
ROUND = 1384, SUM = 16418908.9999999, bChange = 0.00450142, totNum = 212
ROUND = 1385, SUM = 16418909, bChange = 0.0045031, totNum = 212
ROUND = 1386, SUM = 16418909, bChange = 0.00450478, totNum = 212
ROUND = 1387, SUM = 16418909, bChange = 0.00450646, totNum = 212
ROUND = 1388, SUM = 16418908.9999999, bChange = 0.00450813, totNum = 212
ROUND = 1389, SUM = 16418909, bChange = 0.0045098, totNum = 211
ROUND = 1390, SUM = 16418909, bChange = 0.00451147, totNum = 211
ROUND = 1391, SUM = 16418909, bChange = 0.00451314, totNum = 210
ROUND = 1392, SUM = 16418909, bChange = 0.00451481, totNum = 210
ROUND = 1393, SUM = 16418908.9999999, bChange = 0.00451647, totNum = 210
ROUND = 1394, SUM = 16418908.9999999, bChange = 0.00451813, totNum = 210
ROUND = 1395, SUM = 16418908.9999999, bChange = 0.0045198, totNum = 210
ROUND = 1396, SUM = 16418908.9999999, bChange = 0.00452146, totNum = 211
ROUND = 1397, SUM = 16418909, bChange = 0.00452311, totNum = 210
ROUND = 1398, SUM = 16418909, bChange = 0.00452477, totNum = 210
ROUND = 1399, SUM = 16418908.9999999, bChange = 0.00452642, totNum = 210
ROUND = 1400, SUM = 16418909, bChange = 0.00452808, totNum = 210
ROUND = 1401, SUM = 16418909, bChange = 0.00452973, totNum = 210
ROUND = 1402, SUM = 16418909, bChange = 0.00453138, totNum = 210
ROUND = 1403, SUM = 16418909, bChange = 0.00453302, totNum = 210
ROUND = 1404, SUM = 16418908.9999999, bChange = 0.00453467, totNum = 210
ROUND = 1405, SUM = 16418909, bChange = 0.00453631, totNum = 210
ROUND = 1406, SUM = 16418909, bChange = 0.00453795, totNum = 210
ROUND = 1407, SUM = 16418908.9999999, bChange = 0.0045396, totNum = 209
ROUND = 1408, SUM = 16418909, bChange = 0.00454123, totNum = 208
ROUND = 1409, SUM = 16418908.9999999, bChange = 0.00454287, totNum = 207
ROUND = 1410, SUM = 16418909, bChange = 0.00454451, totNum = 207
ROUND = 1411, SUM = 16418909, bChange = 0.00454614, totNum = 206
ROUND = 1412, SUM = 16418909, bChange = 0.00454777, totNum = 206
ROUND = 1413, SUM = 16418909, bChange = 0.0045494, totNum = 206
ROUND = 1414, SUM = 16418908.9999999, bChange = 0.00455103, totNum = 204
ROUND = 1415, SUM = 16418909, bChange = 0.00455265, totNum = 204
ROUND = 1416, SUM = 16418908.9999999, bChange = 0.00455428, totNum = 204
ROUND = 1417, SUM = 16418909, bChange = 0.0045559, totNum = 204
ROUND = 1418, SUM = 16418908.9999999, bChange = 0.00455752, totNum = 204
ROUND = 1419, SUM = 16418909, bChange = 0.00455914, totNum = 204
ROUND = 1420, SUM = 16418909, bChange = 0.00456076, totNum = 204
ROUND = 1421, SUM = 16418909, bChange = 0.00456237, totNum = 202
ROUND = 1422, SUM = 16418908.9999999, bChange = 0.00456399, totNum = 202
ROUND = 1423, SUM = 16418908.9999999, bChange = 0.0045656, totNum = 202
ROUND = 1424, SUM = 16418908.9999999, bChange = 0.00456721, totNum = 202
ROUND = 1425, SUM = 16418909, bChange = 0.00456882, totNum = 201
ROUND = 1426, SUM = 16418908.9999999, bChange = 0.00457042, totNum = 201
ROUND = 1427, SUM = 16418908.9999999, bChange = 0.00457203, totNum = 201
ROUND = 1428, SUM = 16418909, bChange = 0.00457363, totNum = 201
ROUND = 1429, SUM = 16418908.9999999, bChange = 0.00457523, totNum = 201
ROUND = 1430, SUM = 16418908.9999999, bChange = 0.00457683, totNum = 199
ROUND = 1431, SUM = 16418908.9999999, bChange = 0.00457843, totNum = 199
ROUND = 1432, SUM = 16418908.9999999, bChange = 0.00458002, totNum = 197
ROUND = 1433, SUM = 16418908.9999999, bChange = 0.00458162, totNum = 198
ROUND = 1434, SUM = 16418908.9999999, bChange = 0.00458321, totNum = 197
ROUND = 1435, SUM = 16418908.9999999, bChange = 0.0045848, totNum = 197
ROUND = 1436, SUM = 16418908.9999999, bChange = 0.00458639, totNum = 197
ROUND = 1437, SUM = 16418908.9999999, bChange = 0.00458798, totNum = 197
ROUND = 1438, SUM = 16418908.9999999, bChange = 0.00458956, totNum = 197
ROUND = 1439, SUM = 16418908.9999999, bChange = 0.00459115, totNum = 197
ROUND = 1440, SUM = 16418908.9999999, bChange = 0.00459273, totNum = 197
ROUND = 1441, SUM = 16418908.9999999, bChange = 0.00459431, totNum = 197
ROUND = 1442, SUM = 16418909, bChange = 0.00459589, totNum = 197
ROUND = 1443, SUM = 16418908.9999999, bChange = 0.00459746, totNum = 197
ROUND = 1444, SUM = 16418909, bChange = 0.00459904, totNum = 196
ROUND = 1445, SUM = 16418908.9999999, bChange = 0.00460061, totNum = 196
ROUND = 1446, SUM = 16418908.9999999, bChange = 0.00460218, totNum = 196
ROUND = 1447, SUM = 16418909, bChange = 0.00460375, totNum = 196
ROUND = 1448, SUM = 16418908.9999999, bChange = 0.00460532, totNum = 196
ROUND = 1449, SUM = 16418909, bChange = 0.00460688, totNum = 196
ROUND = 1450, SUM = 16418909, bChange = 0.00460845, totNum = 195
ROUND = 1451, SUM = 16418908.9999999, bChange = 0.00461001, totNum = 195
ROUND = 1452, SUM = 16418909, bChange = 0.00461157, totNum = 195
ROUND = 1453, SUM = 16418908.9999999, bChange = 0.00461313, totNum = 195
ROUND = 1454, SUM = 16418909, bChange = 0.00461468, totNum = 195
ROUND = 1455, SUM = 16418908.9999999, bChange = 0.00461624, totNum = 195
ROUND = 1456, SUM = 16418909, bChange = 0.00461779, totNum = 195
ROUND = 1457, SUM = 16418908.9999999, bChange = 0.00461934, totNum = 195
ROUND = 1458, SUM = 16418908.9999999, bChange = 0.00462089, totNum = 195
ROUND = 1459, SUM = 16418909, bChange = 0.00462244, totNum = 195
ROUND = 1460, SUM = 16418908.9999999, bChange = 0.00462399, totNum = 195
ROUND = 1461, SUM = 16418908.9999999, bChange = 0.00462553, totNum = 195
ROUND = 1462, SUM = 16418908.9999999, bChange = 0.00462707, totNum = 195
ROUND = 1463, SUM = 16418909, bChange = 0.00462862, totNum = 195
ROUND = 1464, SUM = 16418909, bChange = 0.00463015, totNum = 195
ROUND = 1465, SUM = 16418909, bChange = 0.00463169, totNum = 195
ROUND = 1466, SUM = 16418908.9999999, bChange = 0.00463323, totNum = 194
ROUND = 1467, SUM = 16418908.9999999, bChange = 0.00463476, totNum = 194
ROUND = 1468, SUM = 16418908.9999999, bChange = 0.00463629, totNum = 194
ROUND = 1469, SUM = 16418909, bChange = 0.00463782, totNum = 194
ROUND = 1470, SUM = 16418909, bChange = 0.00463935, totNum = 194
ROUND = 1471, SUM = 16418909, bChange = 0.00464088, totNum = 194
ROUND = 1472, SUM = 16418909, bChange = 0.0046424, totNum = 194
ROUND = 1473, SUM = 16418909, bChange = 0.00464393, totNum = 194
ROUND = 1474, SUM = 16418908.9999999, bChange = 0.00464545, totNum = 194
ROUND = 1475, SUM = 16418909, bChange = 0.00464697, totNum = 194
ROUND = 1476, SUM = 16418908.9999999, bChange = 0.00464848, totNum = 194
ROUND = 1477, SUM = 16418909, bChange = 0.00465, totNum = 194
ROUND = 1478, SUM = 16418908.9999999, bChange = 0.00465151, totNum = 194
ROUND = 1479, SUM = 16418909, bChange = 0.00465303, totNum = 194
ROUND = 1480, SUM = 16418908.9999999, bChange = 0.00465454, totNum = 191
ROUND = 1481, SUM = 16418909, bChange = 0.00465605, totNum = 191
ROUND = 1482, SUM = 16418909, bChange = 0.00465755, totNum = 190
ROUND = 1483, SUM = 16418909, bChange = 0.00465906, totNum = 190
ROUND = 1484, SUM = 16418908.9999999, bChange = 0.00466056, totNum = 190
ROUND = 1485, SUM = 16418908.9999999, bChange = 0.00466206, totNum = 190
ROUND = 1486, SUM = 16418908.9999999, bChange = 0.00466356, totNum = 190
ROUND = 1487, SUM = 16418908.9999999, bChange = 0.00466506, totNum = 190
ROUND = 1488, SUM = 16418909, bChange = 0.00466656, totNum = 189
ROUND = 1489, SUM = 16418909, bChange = 0.00466805, totNum = 189
ROUND = 1490, SUM = 16418909, bChange = 0.00466954, totNum = 188
ROUND = 1491, SUM = 16418908.9999999, bChange = 0.00467104, totNum = 187
ROUND = 1492, SUM = 16418908.9999999, bChange = 0.00467253, totNum = 187
ROUND = 1493, SUM = 16418908.9999999, bChange = 0.00467401, totNum = 187
ROUND = 1494, SUM = 16418908.9999999, bChange = 0.0046755, totNum = 187
ROUND = 1495, SUM = 16418908.9999999, bChange = 0.00467698, totNum = 187
ROUND = 1496, SUM = 16418909, bChange = 0.00467846, totNum = 187
ROUND = 1497, SUM = 16418908.9999999, bChange = 0.00467994, totNum = 186
ROUND = 1498, SUM = 16418908.9999999, bChange = 0.00468142, totNum = 185
ROUND = 1499, SUM = 16418909, bChange = 0.0046829, totNum = 185
ROUND = 1500, SUM = 16418908.9999999, bChange = 0.00468438, totNum = 185
ROUND = 1501, SUM = 16418908.9999999, bChange = 0.00468585, totNum = 185
ROUND = 1502, SUM = 16418908.9999999, bChange = 0.00468732, totNum = 185
ROUND = 1503, SUM = 16418908.9999999, bChange = 0.00468879, totNum = 185
ROUND = 1504, SUM = 16418909, bChange = 0.00469026, totNum = 184
ROUND = 1505, SUM = 16418909, bChange = 0.00469172, totNum = 183
ROUND = 1506, SUM = 16418909, bChange = 0.00469319, totNum = 183
ROUND = 1507, SUM = 16418908.9999999, bChange = 0.00469465, totNum = 183
ROUND = 1508, SUM = 16418908.9999999, bChange = 0.00469611, totNum = 183
ROUND = 1509, SUM = 16418909, bChange = 0.00469757, totNum = 183
ROUND = 1510, SUM = 16418909, bChange = 0.00469903, totNum = 183
ROUND = 1511, SUM = 16418909, bChange = 0.00470048, totNum = 181
ROUND = 1512, SUM = 16418909, bChange = 0.00470194, totNum = 180
ROUND = 1513, SUM = 16418909, bChange = 0.00470339, totNum = 180
ROUND = 1514, SUM = 16418908.9999999, bChange = 0.00470484, totNum = 178
ROUND = 1515, SUM = 16418909, bChange = 0.00470629, totNum = 178
ROUND = 1516, SUM = 16418908.9999999, bChange = 0.00470774, totNum = 178
ROUND = 1517, SUM = 16418908.9999999, bChange = 0.00470918, totNum = 177
ROUND = 1518, SUM = 16418908.9999999, bChange = 0.00471062, totNum = 177
ROUND = 1519, SUM = 16418909, bChange = 0.00471207, totNum = 176
ROUND = 1520, SUM = 16418909, bChange = 0.00471351, totNum = 175
ROUND = 1521, SUM = 16418909, bChange = 0.00471494, totNum = 175
ROUND = 1522, SUM = 16418909, bChange = 0.00471638, totNum = 175
ROUND = 1523, SUM = 16418909, bChange = 0.00471781, totNum = 175
ROUND = 1524, SUM = 16418909, bChange = 0.00471925, totNum = 175
ROUND = 1525, SUM = 16418909, bChange = 0.00472068, totNum = 175
ROUND = 1526, SUM = 16418909, bChange = 0.00472211, totNum = 175
ROUND = 1527, SUM = 16418908.9999999, bChange = 0.00472353, totNum = 174
ROUND = 1528, SUM = 16418908.9999999, bChange = 0.00472496, totNum = 174
ROUND = 1529, SUM = 16418909, bChange = 0.00472638, totNum = 175
ROUND = 1530, SUM = 16418909, bChange = 0.00472781, totNum = 175
ROUND = 1531, SUM = 16418909, bChange = 0.00472923, totNum = 174
ROUND = 1532, SUM = 16418909, bChange = 0.00473065, totNum = 174
ROUND = 1533, SUM = 16418909, bChange = 0.00473206, totNum = 173
ROUND = 1534, SUM = 16418909, bChange = 0.00473348, totNum = 173
ROUND = 1535, SUM = 16418908.9999999, bChange = 0.00473489, totNum = 173
ROUND = 1536, SUM = 16418909, bChange = 0.0047363, totNum = 172
ROUND = 1537, SUM = 16418909, bChange = 0.00473771, totNum = 172
ROUND = 1538, SUM = 16418908.9999999, bChange = 0.00473912, totNum = 172
ROUND = 1539, SUM = 16418909, bChange = 0.00474053, totNum = 171
ROUND = 1540, SUM = 16418909, bChange = 0.00474193, totNum = 170
ROUND = 1541, SUM = 16418909, bChange = 0.00474333, totNum = 169
ROUND = 1542, SUM = 16418908.9999999, bChange = 0.00474474, totNum = 169
ROUND = 1543, SUM = 16418908.9999999, bChange = 0.00474613, totNum = 168
ROUND = 1544, SUM = 16418908.9999999, bChange = 0.00474753, totNum = 168
ROUND = 1545, SUM = 16418908.9999999, bChange = 0.00474893, totNum = 168
ROUND = 1546, SUM = 16418909, bChange = 0.00475032, totNum = 167
ROUND = 1547, SUM = 16418909, bChange = 0.00475171, totNum = 167
ROUND = 1548, SUM = 16418909, bChange = 0.00475311, totNum = 167
ROUND = 1549, SUM = 16418908.9999999, bChange = 0.00475449, totNum = 167
ROUND = 1550, SUM = 16418908.9999999, bChange = 0.00475588, totNum = 167
ROUND = 1551, SUM = 16418909, bChange = 0.00475727, totNum = 166
ROUND = 1552, SUM = 16418908.9999999, bChange = 0.00475865, totNum = 166
ROUND = 1553, SUM = 16418908.9999999, bChange = 0.00476003, totNum = 165
ROUND = 1554, SUM = 16418909, bChange = 0.00476141, totNum = 164
ROUND = 1555, SUM = 16418909, bChange = 0.00476279, totNum = 164
ROUND = 1556, SUM = 16418909, bChange = 0.00476417, totNum = 164
ROUND = 1557, SUM = 16418909, bChange = 0.00476554, totNum = 163
ROUND = 1558, SUM = 16418908.9999999, bChange = 0.00476692, totNum = 162
ROUND = 1559, SUM = 16418908.9999999, bChange = 0.00476829, totNum = 162
ROUND = 1560, SUM = 16418908.9999999, bChange = 0.00476966, totNum = 162
ROUND = 1561, SUM = 16418909, bChange = 0.00477102, totNum = 162
ROUND = 1562, SUM = 16418909, bChange = 0.00477239, totNum = 161
ROUND = 1563, SUM = 16418909, bChange = 0.00477376, totNum = 160
ROUND = 1564, SUM = 16418908.9999998, bChange = 0.00477512, totNum = 160
ROUND = 1565, SUM = 16418908.9999999, bChange = 0.00477648, totNum = 160
ROUND = 1566, SUM = 16418908.9999999, bChange = 0.00477784, totNum = 160
ROUND = 1567, SUM = 16418908.9999999, bChange = 0.0047792, totNum = 160
ROUND = 1568, SUM = 16418908.9999999, bChange = 0.00478055, totNum = 159
ROUND = 1569, SUM = 16418908.9999999, bChange = 0.00478191, totNum = 159
ROUND = 1570, SUM = 16418908.9999999, bChange = 0.00478326, totNum = 159
ROUND = 1571, SUM = 16418908.9999999, bChange = 0.00478461, totNum = 159
ROUND = 1572, SUM = 16418908.9999999, bChange = 0.00478596, totNum = 159
ROUND = 1573, SUM = 16418908.9999999, bChange = 0.00478731, totNum = 159
ROUND = 1574, SUM = 16418908.9999999, bChange = 0.00478865, totNum = 158
ROUND = 1575, SUM = 16418909, bChange = 0.00478999, totNum = 158
ROUND = 1576, SUM = 16418908.9999999, bChange = 0.00479134, totNum = 157
ROUND = 1577, SUM = 16418908.9999999, bChange = 0.00479268, totNum = 157
ROUND = 1578, SUM = 16418909, bChange = 0.00479402, totNum = 157
ROUND = 1579, SUM = 16418908.9999999, bChange = 0.00479535, totNum = 157
ROUND = 1580, SUM = 16418909, bChange = 0.00479669, totNum = 157
ROUND = 1581, SUM = 16418909, bChange = 0.00479802, totNum = 157
ROUND = 1582, SUM = 16418909, bChange = 0.00479935, totNum = 157
ROUND = 1583, SUM = 16418909, bChange = 0.00480068, totNum = 156
ROUND = 1584, SUM = 16418909, bChange = 0.00480201, totNum = 156
ROUND = 1585, SUM = 16418909, bChange = 0.00480334, totNum = 156
ROUND = 1586, SUM = 16418908.9999999, bChange = 0.00480466, totNum = 156
ROUND = 1587, SUM = 16418909, bChange = 0.00480599, totNum = 156
ROUND = 1588, SUM = 16418908.9999999, bChange = 0.00480731, totNum = 156
ROUND = 1589, SUM = 16418908.9999999, bChange = 0.00480863, totNum = 156
ROUND = 1590, SUM = 16418909, bChange = 0.00480994, totNum = 156
ROUND = 1591, SUM = 16418908.9999999, bChange = 0.00481126, totNum = 156
ROUND = 1592, SUM = 16418909, bChange = 0.00481257, totNum = 155
ROUND = 1593, SUM = 16418908.9999999, bChange = 0.00481389, totNum = 155
ROUND = 1594, SUM = 16418908.9999999, bChange = 0.0048152, totNum = 155
ROUND = 1595, SUM = 16418909, bChange = 0.00481651, totNum = 156
ROUND = 1596, SUM = 16418909, bChange = 0.00481782, totNum = 154
ROUND = 1597, SUM = 16418909, bChange = 0.00481912, totNum = 154
ROUND = 1598, SUM = 16418909, bChange = 0.00482043, totNum = 153
ROUND = 1599, SUM = 16418909, bChange = 0.00482173, totNum = 152
ROUND = 1600, SUM = 16418908.9999999, bChange = 0.00482303, totNum = 152
ROUND = 1601, SUM = 16418909, bChange = 0.00482433, totNum = 151
ROUND = 1602, SUM = 16418908.9999999, bChange = 0.00482563, totNum = 151
ROUND = 1603, SUM = 16418908.9999999, bChange = 0.00482692, totNum = 150
ROUND = 1604, SUM = 16418908.9999999, bChange = 0.00482822, totNum = 150
ROUND = 1605, SUM = 16418909, bChange = 0.00482951, totNum = 149
ROUND = 1606, SUM = 16418909, bChange = 0.0048308, totNum = 148
ROUND = 1607, SUM = 16418909, bChange = 0.00483209, totNum = 147
ROUND = 1608, SUM = 16418908.9999999, bChange = 0.00483338, totNum = 147
ROUND = 1609, SUM = 16418909, bChange = 0.00483466, totNum = 147
ROUND = 1610, SUM = 16418908.9999999, bChange = 0.00483595, totNum = 147
ROUND = 1611, SUM = 16418909, bChange = 0.00483723, totNum = 146
ROUND = 1612, SUM = 16418908.9999999, bChange = 0.00483851, totNum = 146
ROUND = 1613, SUM = 16418908.9999999, bChange = 0.00483979, totNum = 146
ROUND = 1614, SUM = 16418909, bChange = 0.00484106, totNum = 145
ROUND = 1615, SUM = 16418909, bChange = 0.00484234, totNum = 145
ROUND = 1616, SUM = 16418908.9999999, bChange = 0.00484361, totNum = 143
ROUND = 1617, SUM = 16418908.9999999, bChange = 0.00484489, totNum = 142
ROUND = 1618, SUM = 16418909, bChange = 0.00484616, totNum = 142
ROUND = 1619, SUM = 16418908.9999999, bChange = 0.00484742, totNum = 142
ROUND = 1620, SUM = 16418908.9999999, bChange = 0.00484869, totNum = 142
ROUND = 1621, SUM = 16418909, bChange = 0.00484996, totNum = 142
ROUND = 1622, SUM = 16418908.9999999, bChange = 0.00485122, totNum = 142
ROUND = 1623, SUM = 16418908.9999999, bChange = 0.00485248, totNum = 142
ROUND = 1624, SUM = 16418908.9999999, bChange = 0.00485374, totNum = 142
ROUND = 1625, SUM = 16418909, bChange = 0.004855, totNum = 142
ROUND = 1626, SUM = 16418908.9999999, bChange = 0.00485626, totNum = 142
ROUND = 1627, SUM = 16418908.9999999, bChange = 0.00485751, totNum = 142
ROUND = 1628, SUM = 16418908.9999999, bChange = 0.00485877, totNum = 142
ROUND = 1629, SUM = 16418908.9999999, bChange = 0.00486002, totNum = 141
ROUND = 1630, SUM = 16418909, bChange = 0.00486127, totNum = 141
ROUND = 1631, SUM = 16418909, bChange = 0.00486252, totNum = 141
ROUND = 1632, SUM = 16418909, bChange = 0.00486377, totNum = 141
ROUND = 1633, SUM = 16418909, bChange = 0.00486501, totNum = 141
ROUND = 1634, SUM = 16418909, bChange = 0.00486625, totNum = 140
ROUND = 1635, SUM = 16418909, bChange = 0.0048675, totNum = 139
ROUND = 1636, SUM = 16418909, bChange = 0.00486874, totNum = 139
ROUND = 1637, SUM = 16418908.9999999, bChange = 0.00486998, totNum = 139
ROUND = 1638, SUM = 16418908.9999999, bChange = 0.00487121, totNum = 139
ROUND = 1639, SUM = 16418909, bChange = 0.00487245, totNum = 139
ROUND = 1640, SUM = 16418909, bChange = 0.00487368, totNum = 139
ROUND = 1641, SUM = 16418909, bChange = 0.00487491, totNum = 139
ROUND = 1642, SUM = 16418909, bChange = 0.00487614, totNum = 138
ROUND = 1643, SUM = 16418909, bChange = 0.00487737, totNum = 137
ROUND = 1644, SUM = 16418909, bChange = 0.0048786, totNum = 137
ROUND = 1645, SUM = 16418908.9999999, bChange = 0.00487983, totNum = 136
ROUND = 1646, SUM = 16418908.9999999, bChange = 0.00488105, totNum = 136
ROUND = 1647, SUM = 16418909, bChange = 0.00488227, totNum = 136
ROUND = 1648, SUM = 16418908.9999999, bChange = 0.00488349, totNum = 136
ROUND = 1649, SUM = 16418909, bChange = 0.00488471, totNum = 136
ROUND = 1650, SUM = 16418908.9999999, bChange = 0.00488593, totNum = 136
ROUND = 1651, SUM = 16418909, bChange = 0.00488714, totNum = 136
ROUND = 1652, SUM = 16418909, bChange = 0.00488836, totNum = 136
ROUND = 1653, SUM = 16418908.9999999, bChange = 0.00488957, totNum = 136
ROUND = 1654, SUM = 16418908.9999999, bChange = 0.00489078, totNum = 135
ROUND = 1655, SUM = 16418909, bChange = 0.00489199, totNum = 135
ROUND = 1656, SUM = 16418908.9999999, bChange = 0.0048932, totNum = 135
ROUND = 1657, SUM = 16418908.9999999, bChange = 0.0048944, totNum = 133
ROUND = 1658, SUM = 16418909, bChange = 0.00489561, totNum = 132
ROUND = 1659, SUM = 16418909, bChange = 0.00489681, totNum = 132
ROUND = 1660, SUM = 16418908.9999999, bChange = 0.00489801, totNum = 131
ROUND = 1661, SUM = 16418909, bChange = 0.00489921, totNum = 131
ROUND = 1662, SUM = 16418909, bChange = 0.00490041, totNum = 131
ROUND = 1663, SUM = 16418909, bChange = 0.0049016, totNum = 130
ROUND = 1664, SUM = 16418908.9999999, bChange = 0.0049028, totNum = 128
ROUND = 1665, SUM = 16418909, bChange = 0.00490399, totNum = 127
ROUND = 1666, SUM = 16418909, bChange = 0.00490518, totNum = 127
ROUND = 1667, SUM = 16418909, bChange = 0.00490637, totNum = 127
ROUND = 1668, SUM = 16418909, bChange = 0.0034206, totNum = 126
ROUND = 1669, SUM = 16418909, bChange = 0.00342212, totNum = 125
ROUND = 1670, SUM = 16418908.9999999, bChange = 0.00342364, totNum = 124
ROUND = 1671, SUM = 16418909, bChange = 0.00342516, totNum = 124
ROUND = 1672, SUM = 16418908.9999999, bChange = 0.00342667, totNum = 124
ROUND = 1673, SUM = 16418908.9999999, bChange = 0.00342819, totNum = 124
ROUND = 1674, SUM = 16418908.9999999, bChange = 0.00342971, totNum = 124
ROUND = 1675, SUM = 16418908.9999999, bChange = 0.00343122, totNum = 124
ROUND = 1676, SUM = 16418909, bChange = 0.00343274, totNum = 124
ROUND = 1677, SUM = 16418909, bChange = 0.00343425, totNum = 124
ROUND = 1678, SUM = 16418908.9999999, bChange = 0.00343577, totNum = 124
ROUND = 1679, SUM = 16418909, bChange = 0.00343728, totNum = 124
ROUND = 1680, SUM = 16418909, bChange = 0.00343879, totNum = 124
ROUND = 1681, SUM = 16418909, bChange = 0.00344031, totNum = 124
ROUND = 1682, SUM = 16418908.9999999, bChange = 0.00344182, totNum = 124
ROUND = 1683, SUM = 16418909, bChange = 0.00344333, totNum = 124
ROUND = 1684, SUM = 16418908.9999999, bChange = 0.00344484, totNum = 124
ROUND = 1685, SUM = 16418909, bChange = 0.00344635, totNum = 124
ROUND = 1686, SUM = 16418909, bChange = 0.00344786, totNum = 124
ROUND = 1687, SUM = 16418908.9999999, bChange = 0.00344937, totNum = 124
ROUND = 1688, SUM = 16418909, bChange = 0.00345088, totNum = 124
ROUND = 1689, SUM = 16418908.9999999, bChange = 0.00345238, totNum = 124
ROUND = 1690, SUM = 16418909, bChange = 0.00345389, totNum = 124
ROUND = 1691, SUM = 16418909, bChange = 0.0034554, totNum = 124
ROUND = 1692, SUM = 16418908.9999999, bChange = 0.0034569, totNum = 124
ROUND = 1693, SUM = 16418909, bChange = 0.00345841, totNum = 124
ROUND = 1694, SUM = 16418908.9999999, bChange = 0.00345991, totNum = 124
ROUND = 1695, SUM = 16418909, bChange = 0.00346142, totNum = 124
ROUND = 1696, SUM = 16418909, bChange = 0.00346292, totNum = 124
ROUND = 1697, SUM = 16418909, bChange = 0.00346443, totNum = 124
ROUND = 1698, SUM = 16418909, bChange = 0.00346593, totNum = 124
ROUND = 1699, SUM = 16418909, bChange = 0.00346743, totNum = 124
ROUND = 1700, SUM = 16418909, bChange = 0.00346893, totNum = 124
ROUND = 1701, SUM = 16418909, bChange = 0.00347043, totNum = 124
ROUND = 1702, SUM = 16418909.0000001, bChange = 0.00347193, totNum = 124
ROUND = 1703, SUM = 16418909, bChange = 0.00347343, totNum = 124
ROUND = 1704, SUM = 16418909, bChange = 0.00347493, totNum = 124
ROUND = 1705, SUM = 16418909, bChange = 0.00347643, totNum = 124
ROUND = 1706, SUM = 16418909, bChange = 0.00347792, totNum = 124
ROUND = 1707, SUM = 16418909, bChange = 0.00347942, totNum = 124
ROUND = 1708, SUM = 16418909, bChange = 0.00348092, totNum = 124
ROUND = 1709, SUM = 16418909, bChange = 0.00348241, totNum = 124
ROUND = 1710, SUM = 16418909, bChange = 0.00348391, totNum = 124
ROUND = 1711, SUM = 16418909, bChange = 0.0034854, totNum = 124
ROUND = 1712, SUM = 16418909, bChange = 0.00348689, totNum = 124
ROUND = 1713, SUM = 16418909, bChange = 0.00348839, totNum = 124
ROUND = 1714, SUM = 16418909, bChange = 0.00348988, totNum = 124
ROUND = 1715, SUM = 16418908.9999999, bChange = 0.00349137, totNum = 124
ROUND = 1716, SUM = 16418909, bChange = 0.00349286, totNum = 124
ROUND = 1717, SUM = 16418909, bChange = 0.00349435, totNum = 124
ROUND = 1718, SUM = 16418908.9999999, bChange = 0.00349584, totNum = 124
ROUND = 1719, SUM = 16418909, bChange = 0.00349733, totNum = 124
ROUND = 1720, SUM = 16418909, bChange = 0.00349882, totNum = 125
ROUND = 1721, SUM = 16418909, bChange = 0.00350031, totNum = 125
ROUND = 1722, SUM = 16418908.9999999, bChange = 0.00350179, totNum = 125
ROUND = 1723, SUM = 16418908.9999999, bChange = 0.00350328, totNum = 123
ROUND = 1724, SUM = 16418908.9999999, bChange = 0.00350477, totNum = 123
ROUND = 1725, SUM = 16418909, bChange = 0.00350625, totNum = 123
ROUND = 1726, SUM = 16418909, bChange = 0.00350774, totNum = 123
ROUND = 1727, SUM = 16418909, bChange = 0.00350922, totNum = 122
ROUND = 1728, SUM = 16418908.9999999, bChange = 0.0035107, totNum = 122
ROUND = 1729, SUM = 16418908.9999999, bChange = 0.00351218, totNum = 122
ROUND = 1730, SUM = 16418909, bChange = 0.00351367, totNum = 121
ROUND = 1731, SUM = 16418908.9999999, bChange = 0.00351515, totNum = 121
ROUND = 1732, SUM = 16418909, bChange = 0.00351663, totNum = 121
ROUND = 1733, SUM = 16418909, bChange = 0.00351811, totNum = 121
ROUND = 1734, SUM = 16418909, bChange = 0.00351959, totNum = 121
ROUND = 1735, SUM = 16418909, bChange = 0.00352106, totNum = 121
ROUND = 1736, SUM = 16418909, bChange = 0.00352254, totNum = 121
ROUND = 1737, SUM = 16418908.9999999, bChange = 0.00352402, totNum = 120
ROUND = 1738, SUM = 16418909, bChange = 0.0035255, totNum = 120
ROUND = 1739, SUM = 16418909, bChange = 0.00352697, totNum = 120
ROUND = 1740, SUM = 16418909, bChange = 0.00352845, totNum = 120
ROUND = 1741, SUM = 16418909, bChange = 0.00352992, totNum = 120
ROUND = 1742, SUM = 16418909, bChange = 0.00353139, totNum = 120
ROUND = 1743, SUM = 16418909.0000001, bChange = 0.00353287, totNum = 120
ROUND = 1744, SUM = 16418909, bChange = 0.00353434, totNum = 120
ROUND = 1745, SUM = 16418909, bChange = 0.00353581, totNum = 120
ROUND = 1746, SUM = 16418908.9999999, bChange = 0.00353728, totNum = 120
ROUND = 1747, SUM = 16418909, bChange = 0.00353875, totNum = 120
ROUND = 1748, SUM = 16418909, bChange = 0.00354022, totNum = 119
ROUND = 1749, SUM = 16418908.9999999, bChange = 0.00354169, totNum = 119
ROUND = 1750, SUM = 16418909, bChange = 0.00354316, totNum = 119
ROUND = 1751, SUM = 16418909, bChange = 0.00354462, totNum = 117
ROUND = 1752, SUM = 16418909, bChange = 0.00354609, totNum = 117
ROUND = 1753, SUM = 16418909, bChange = 0.00354756, totNum = 117
ROUND = 1754, SUM = 16418909, bChange = 0.00354902, totNum = 117
ROUND = 1755, SUM = 16418909, bChange = 0.00355048, totNum = 116
ROUND = 1756, SUM = 16418909, bChange = 0.00355195, totNum = 116
ROUND = 1757, SUM = 16418909, bChange = 0.00355341, totNum = 116
ROUND = 1758, SUM = 16418909, bChange = 0.00355487, totNum = 116
ROUND = 1759, SUM = 16418909, bChange = 0.00355633, totNum = 116
ROUND = 1760, SUM = 16418909, bChange = 0.00355779, totNum = 116
ROUND = 1761, SUM = 16418909, bChange = 0.00355925, totNum = 116
ROUND = 1762, SUM = 16418909, bChange = 0.00356071, totNum = 116
ROUND = 1763, SUM = 16418909, bChange = 0.00356217, totNum = 116
ROUND = 1764, SUM = 16418908.9999999, bChange = 0.00356363, totNum = 115
ROUND = 1765, SUM = 16418909, bChange = 0.00356509, totNum = 115
ROUND = 1766, SUM = 16418909, bChange = 0.00356654, totNum = 115
ROUND = 1767, SUM = 16418909, bChange = 0.003568, totNum = 115
ROUND = 1768, SUM = 16418909, bChange = 0.00356945, totNum = 115
ROUND = 1769, SUM = 16418909, bChange = 0.00357091, totNum = 114
ROUND = 1770, SUM = 16418909.0000001, bChange = 0.00357236, totNum = 114
ROUND = 1771, SUM = 16418908.9999999, bChange = 0.00357381, totNum = 114
ROUND = 1772, SUM = 16418909, bChange = 0.00357526, totNum = 114
ROUND = 1773, SUM = 16418908.9999999, bChange = 0.00357672, totNum = 114
ROUND = 1774, SUM = 16418909, bChange = 0.00357817, totNum = 114
ROUND = 1775, SUM = 16418909, bChange = 0.00357962, totNum = 114
ROUND = 1776, SUM = 16418909.0000001, bChange = 0.00358106, totNum = 114
ROUND = 1777, SUM = 16418909, bChange = 0.00358251, totNum = 113
ROUND = 1778, SUM = 16418909, bChange = 0.00358396, totNum = 113
ROUND = 1779, SUM = 16418909, bChange = 0.00358541, totNum = 113
ROUND = 1780, SUM = 16418909, bChange = 0.00358685, totNum = 113
ROUND = 1781, SUM = 16418909, bChange = 0.0035883, totNum = 113
ROUND = 1782, SUM = 16418909.0000001, bChange = 0.00358974, totNum = 113
ROUND = 1783, SUM = 16418908.9999999, bChange = 0.00359118, totNum = 112
ROUND = 1784, SUM = 16418909, bChange = 0.00359263, totNum = 112
ROUND = 1785, SUM = 16418909, bChange = 0.00359407, totNum = 112
ROUND = 1786, SUM = 16418909, bChange = 0.00359551, totNum = 111
ROUND = 1787, SUM = 16418909, bChange = 0.00359695, totNum = 111
ROUND = 1788, SUM = 16418909, bChange = 0.00359839, totNum = 110
ROUND = 1789, SUM = 16418909, bChange = 0.00359983, totNum = 110
ROUND = 1790, SUM = 16418909, bChange = 0.00360127, totNum = 110
ROUND = 1791, SUM = 16418909, bChange = 0.0036027, totNum = 110
ROUND = 1792, SUM = 16418909, bChange = 0.00360414, totNum = 110
ROUND = 1793, SUM = 16418909, bChange = 0.00360558, totNum = 110
ROUND = 1794, SUM = 16418908.9999999, bChange = 0.00360701, totNum = 110
ROUND = 1795, SUM = 16418909, bChange = 0.00360845, totNum = 110
ROUND = 1796, SUM = 16418908.9999999, bChange = 0.00360988, totNum = 110
ROUND = 1797, SUM = 16418909, bChange = 0.00361131, totNum = 110
ROUND = 1798, SUM = 16418909, bChange = 0.00361274, totNum = 110
ROUND = 1799, SUM = 16418909, bChange = 0.00361417, totNum = 109
ROUND = 1800, SUM = 16418909, bChange = 0.0036156, totNum = 109
ROUND = 1801, SUM = 16418909, bChange = 0.00361703, totNum = 109
ROUND = 1802, SUM = 16418909, bChange = 0.00361846, totNum = 109
ROUND = 1803, SUM = 16418909, bChange = 0.00361989, totNum = 109
ROUND = 1804, SUM = 16418909, bChange = 0.00362132, totNum = 108
ROUND = 1805, SUM = 16418909, bChange = 0.00362274, totNum = 108
ROUND = 1806, SUM = 16418909, bChange = 0.00362417, totNum = 108
ROUND = 1807, SUM = 16418909, bChange = 0.00362559, totNum = 108
ROUND = 1808, SUM = 16418909, bChange = 0.00362702, totNum = 108
ROUND = 1809, SUM = 16418909, bChange = 0.00362844, totNum = 108
ROUND = 1810, SUM = 16418909, bChange = 0.00362986, totNum = 108
ROUND = 1811, SUM = 16418909, bChange = 0.00363128, totNum = 108
ROUND = 1812, SUM = 16418909, bChange = 0.0036327, totNum = 108
ROUND = 1813, SUM = 16418909, bChange = 0.00363412, totNum = 108
ROUND = 1814, SUM = 16418909, bChange = 0.00363554, totNum = 108
ROUND = 1815, SUM = 16418909, bChange = 0.00363696, totNum = 108
ROUND = 1816, SUM = 16418908.9999999, bChange = 0.00363838, totNum = 106
ROUND = 1817, SUM = 16418908.9999999, bChange = 0.0036398, totNum = 106
ROUND = 1818, SUM = 16418908.9999999, bChange = 0.00364121, totNum = 106
ROUND = 1819, SUM = 16418909, bChange = 0.00364263, totNum = 106
ROUND = 1820, SUM = 16418908.9999999, bChange = 0.00364404, totNum = 105
ROUND = 1821, SUM = 16418908.9999999, bChange = 0.00364545, totNum = 105
ROUND = 1822, SUM = 16418909, bChange = 0.00364687, totNum = 105
ROUND = 1823, SUM = 16418909, bChange = 0.00364828, totNum = 104
ROUND = 1824, SUM = 16418909, bChange = 0.00364969, totNum = 104
ROUND = 1825, SUM = 16418909, bChange = 0.0036511, totNum = 103
ROUND = 1826, SUM = 16418909, bChange = 0.00365251, totNum = 103
ROUND = 1827, SUM = 16418909, bChange = 0.00365392, totNum = 103
ROUND = 1828, SUM = 16418909, bChange = 0.00365532, totNum = 103
ROUND = 1829, SUM = 16418909, bChange = 0.00365673, totNum = 103
ROUND = 1830, SUM = 16418909, bChange = 0.00365814, totNum = 103
ROUND = 1831, SUM = 16418909, bChange = 0.00365954, totNum = 103
ROUND = 1832, SUM = 16418909, bChange = 0.00366094, totNum = 103
ROUND = 1833, SUM = 16418909, bChange = 0.00366235, totNum = 103
ROUND = 1834, SUM = 16418909, bChange = 0.00366375, totNum = 103
ROUND = 1835, SUM = 16418909, bChange = 0.00366515, totNum = 102
ROUND = 1836, SUM = 16418909, bChange = 0.00366655, totNum = 102
ROUND = 1837, SUM = 16418909, bChange = 0.00366795, totNum = 102
ROUND = 1838, SUM = 16418909, bChange = 0.00366935, totNum = 102
ROUND = 1839, SUM = 16418909, bChange = 0.00367075, totNum = 102
ROUND = 1840, SUM = 16418909, bChange = 0.00367215, totNum = 102
ROUND = 1841, SUM = 16418909, bChange = 0.00367354, totNum = 102
ROUND = 1842, SUM = 16418908.9999999, bChange = 0.00367494, totNum = 102
ROUND = 1843, SUM = 16418909, bChange = 0.00367633, totNum = 102
ROUND = 1844, SUM = 16418909, bChange = 0.00367773, totNum = 102
ROUND = 1845, SUM = 16418908.9999999, bChange = 0.00367912, totNum = 101
ROUND = 1846, SUM = 16418909, bChange = 0.00368051, totNum = 100
ROUND = 1847, SUM = 16418909, bChange = 0.00368191, totNum = 99
ROUND = 1848, SUM = 16418909, bChange = 0.0036833, totNum = 99
ROUND = 1849, SUM = 16418909, bChange = 0.00368469, totNum = 99
ROUND = 1850, SUM = 16418909, bChange = 0.00368608, totNum = 99
ROUND = 1851, SUM = 16418909, bChange = 0.00368746, totNum = 99
ROUND = 1852, SUM = 16418909, bChange = 0.00368885, totNum = 99
ROUND = 1853, SUM = 16418909, bChange = 0.00369024, totNum = 98
ROUND = 1854, SUM = 16418909, bChange = 0.00369162, totNum = 97
ROUND = 1855, SUM = 16418909, bChange = 0.00369301, totNum = 97
ROUND = 1856, SUM = 16418909, bChange = 0.00369439, totNum = 97
ROUND = 1857, SUM = 16418908.9999999, bChange = 0.00369577, totNum = 97
ROUND = 1858, SUM = 16418909, bChange = 0.00369716, totNum = 97
ROUND = 1859, SUM = 16418909, bChange = 0.00369854, totNum = 97
ROUND = 1860, SUM = 16418909, bChange = 0.00369992, totNum = 97
ROUND = 1861, SUM = 16418909, bChange = 0.0037013, totNum = 97
ROUND = 1862, SUM = 16418909, bChange = 0.00370267, totNum = 98
ROUND = 1863, SUM = 16418909, bChange = 0.00370405, totNum = 98
ROUND = 1864, SUM = 16418909, bChange = 0.00370543, totNum = 97
ROUND = 1865, SUM = 16418909, bChange = 0.0037068, totNum = 97
ROUND = 1866, SUM = 16418909, bChange = 0.00370818, totNum = 97
ROUND = 1867, SUM = 16418909, bChange = 0.00370955, totNum = 97
ROUND = 1868, SUM = 16418909, bChange = 0.00371093, totNum = 97
ROUND = 1869, SUM = 16418909, bChange = 0.0037123, totNum = 97
ROUND = 1870, SUM = 16418908.9999999, bChange = 0.00371367, totNum = 97
ROUND = 1871, SUM = 16418909, bChange = 0.00371504, totNum = 97
ROUND = 1872, SUM = 16418909, bChange = 0.00371641, totNum = 97
ROUND = 1873, SUM = 16418908.9999999, bChange = 0.00371778, totNum = 97
ROUND = 1874, SUM = 16418909, bChange = 0.00371915, totNum = 97
ROUND = 1875, SUM = 16418909, bChange = 0.00372052, totNum = 97
ROUND = 1876, SUM = 16418909, bChange = 0.00372188, totNum = 97
ROUND = 1877, SUM = 16418909, bChange = 0.00372325, totNum = 97
ROUND = 1878, SUM = 16418909, bChange = 0.00372461, totNum = 97
ROUND = 1879, SUM = 16418909, bChange = 0.00372597, totNum = 97
ROUND = 1880, SUM = 16418909, bChange = 0.00372734, totNum = 97
ROUND = 1881, SUM = 16418909, bChange = 0.0037287, totNum = 97
ROUND = 1882, SUM = 16418908.9999999, bChange = 0.00373006, totNum = 97
ROUND = 1883, SUM = 16418909, bChange = 0.00373142, totNum = 97
ROUND = 1884, SUM = 16418909, bChange = 0.00373278, totNum = 96
ROUND = 1885, SUM = 16418909, bChange = 0.00373414, totNum = 95
ROUND = 1886, SUM = 16418909, bChange = 0.00373549, totNum = 95
ROUND = 1887, SUM = 16418909, bChange = 0.00373685, totNum = 94
ROUND = 1888, SUM = 16418909, bChange = 0.00373821, totNum = 93
ROUND = 1889, SUM = 16418909, bChange = 0.00373956, totNum = 93
ROUND = 1890, SUM = 16418909, bChange = 0.00374091, totNum = 93
ROUND = 1891, SUM = 16418909, bChange = 0.00374227, totNum = 93
ROUND = 1892, SUM = 16418909, bChange = 0.00374362, totNum = 93
ROUND = 1893, SUM = 16418909, bChange = 0.00374497, totNum = 93
ROUND = 1894, SUM = 16418909.0000001, bChange = 0.00374632, totNum = 93
ROUND = 1895, SUM = 16418908.9999999, bChange = 0.00374767, totNum = 93
ROUND = 1896, SUM = 16418909, bChange = 0.00374902, totNum = 93
ROUND = 1897, SUM = 16418909, bChange = 0.00375037, totNum = 92
ROUND = 1898, SUM = 16418908.9999999, bChange = 0.00375171, totNum = 92
ROUND = 1899, SUM = 16418909, bChange = 0.00375306, totNum = 92
ROUND = 1900, SUM = 16418909, bChange = 0.0037544, totNum = 92
ROUND = 1901, SUM = 16418909, bChange = 0.00375575, totNum = 92
ROUND = 1902, SUM = 16418909, bChange = 0.00375709, totNum = 91
ROUND = 1903, SUM = 16418909, bChange = 0.00375843, totNum = 91
ROUND = 1904, SUM = 16418909, bChange = 0.00375977, totNum = 91
ROUND = 1905, SUM = 16418909, bChange = 0.00376111, totNum = 89
ROUND = 1906, SUM = 16418909, bChange = 0.00376245, totNum = 89
ROUND = 1907, SUM = 16418909, bChange = 0.00376379, totNum = 89
ROUND = 1908, SUM = 16418909, bChange = 0.00376513, totNum = 89
ROUND = 1909, SUM = 16418909, bChange = 0.00376646, totNum = 89
ROUND = 1910, SUM = 16418909.0000001, bChange = 0.0037678, totNum = 89
ROUND = 1911, SUM = 16418909, bChange = 0.00376913, totNum = 90
ROUND = 1912, SUM = 16418909, bChange = 0.00377047, totNum = 90
ROUND = 1913, SUM = 16418909, bChange = 0.0037718, totNum = 90
ROUND = 1914, SUM = 16418909.0000001, bChange = 0.00377313, totNum = 90
ROUND = 1915, SUM = 16418909.0000001, bChange = 0.00377446, totNum = 90
ROUND = 1916, SUM = 16418909, bChange = 0.00377579, totNum = 89
ROUND = 1917, SUM = 16418909, bChange = 0.00377712, totNum = 89
ROUND = 1918, SUM = 16418909, bChange = 0.00377845, totNum = 89
ROUND = 1919, SUM = 16418909, bChange = 0.00377978, totNum = 89
ROUND = 1920, SUM = 16418908.9999999, bChange = 0.0037811, totNum = 88
ROUND = 1921, SUM = 16418909, bChange = 0.00378243, totNum = 88
ROUND = 1922, SUM = 16418909, bChange = 0.00378375, totNum = 88
ROUND = 1923, SUM = 16418909, bChange = 0.00378508, totNum = 88
ROUND = 1924, SUM = 16418909, bChange = 0.0037864, totNum = 88
ROUND = 1925, SUM = 16418909, bChange = 0.00378772, totNum = 88
ROUND = 1926, SUM = 16418908.9999999, bChange = 0.00378904, totNum = 88
ROUND = 1927, SUM = 16418909, bChange = 0.00379036, totNum = 88
ROUND = 1928, SUM = 16418909.0000001, bChange = 0.00379168, totNum = 88
ROUND = 1929, SUM = 16418909, bChange = 0.003793, totNum = 88
ROUND = 1930, SUM = 16418909, bChange = 0.00379431, totNum = 88
ROUND = 1931, SUM = 16418909, bChange = 0.00379563, totNum = 88
ROUND = 1932, SUM = 16418909, bChange = 0.00379694, totNum = 88
ROUND = 1933, SUM = 16418909, bChange = 0.00379826, totNum = 88
ROUND = 1934, SUM = 16418909, bChange = 0.00379957, totNum = 88
ROUND = 1935, SUM = 16418909, bChange = 0.00380088, totNum = 88
ROUND = 1936, SUM = 16418908.9999999, bChange = 0.0038022, totNum = 88
ROUND = 1937, SUM = 16418909, bChange = 0.00380351, totNum = 88
ROUND = 1938, SUM = 16418909, bChange = 0.00380482, totNum = 88
ROUND = 1939, SUM = 16418909, bChange = 0.00380612, totNum = 88
ROUND = 1940, SUM = 16418909, bChange = 0.00380743, totNum = 88
ROUND = 1941, SUM = 16418909, bChange = 0.00380874, totNum = 88
ROUND = 1942, SUM = 16418909, bChange = 0.00381004, totNum = 88
ROUND = 1943, SUM = 16418909, bChange = 0.00381135, totNum = 87
ROUND = 1944, SUM = 16418908.9999999, bChange = 0.00381265, totNum = 87
ROUND = 1945, SUM = 16418909, bChange = 0.00381395, totNum = 87
ROUND = 1946, SUM = 16418909, bChange = 0.00381526, totNum = 87
ROUND = 1947, SUM = 16418908.9999999, bChange = 0.00381656, totNum = 87
ROUND = 1948, SUM = 16418909, bChange = 0.00381786, totNum = 87
ROUND = 1949, SUM = 16418909, bChange = 0.00381916, totNum = 87
ROUND = 1950, SUM = 16418909, bChange = 0.00382045, totNum = 87
ROUND = 1951, SUM = 16418909, bChange = 0.00382175, totNum = 87
ROUND = 1952, SUM = 16418908.9999999, bChange = 0.00382305, totNum = 87
ROUND = 1953, SUM = 16418909, bChange = 0.00382434, totNum = 87
ROUND = 1954, SUM = 16418909, bChange = 0.00382564, totNum = 87
ROUND = 1955, SUM = 16418909, bChange = 0.00382693, totNum = 87
ROUND = 1956, SUM = 16418909, bChange = 0.00382822, totNum = 86
ROUND = 1957, SUM = 16418909, bChange = 0.00382951, totNum = 86
ROUND = 1958, SUM = 16418909, bChange = 0.00383081, totNum = 86
ROUND = 1959, SUM = 16418909, bChange = 0.00383209, totNum = 86
ROUND = 1960, SUM = 16418909, bChange = 0.00383338, totNum = 86
ROUND = 1961, SUM = 16418909, bChange = 0.00383467, totNum = 86
ROUND = 1962, SUM = 16418909, bChange = 0.00383596, totNum = 86
ROUND = 1963, SUM = 16418909, bChange = 0.00383724, totNum = 86
ROUND = 1964, SUM = 16418908.9999999, bChange = 0.00383853, totNum = 86
ROUND = 1965, SUM = 16418908.9999999, bChange = 0.00383981, totNum = 86
ROUND = 1966, SUM = 16418909, bChange = 0.00384109, totNum = 86
ROUND = 1967, SUM = 16418909, bChange = 0.00384238, totNum = 86
ROUND = 1968, SUM = 16418909, bChange = 0.00384366, totNum = 87
ROUND = 1969, SUM = 16418908.9999999, bChange = 0.00384494, totNum = 87
ROUND = 1970, SUM = 16418908.9999999, bChange = 0.00384622, totNum = 87
ROUND = 1971, SUM = 16418909, bChange = 0.00384749, totNum = 87
ROUND = 1972, SUM = 16418909, bChange = 0.00384877, totNum = 87
ROUND = 1973, SUM = 16418909, bChange = 0.00385005, totNum = 87
ROUND = 1974, SUM = 16418909, bChange = 0.00385132, totNum = 87
ROUND = 1975, SUM = 16418909, bChange = 0.0038526, totNum = 86
ROUND = 1976, SUM = 16418909, bChange = 0.00385387, totNum = 85
ROUND = 1977, SUM = 16418908.9999999, bChange = 0.00385514, totNum = 85
ROUND = 1978, SUM = 16418909, bChange = 0.00385641, totNum = 84
ROUND = 1979, SUM = 16418909, bChange = 0.00385768, totNum = 84
ROUND = 1980, SUM = 16418909, bChange = 0.00385895, totNum = 84
ROUND = 1981, SUM = 16418909, bChange = 0.00386022, totNum = 84
ROUND = 1982, SUM = 16418908.9999999, bChange = 0.00386149, totNum = 84
ROUND = 1983, SUM = 16418909, bChange = 0.00386276, totNum = 84
ROUND = 1984, SUM = 16418909.0000001, bChange = 0.00386402, totNum = 84
ROUND = 1985, SUM = 16418909, bChange = 0.00386529, totNum = 84
ROUND = 1986, SUM = 16418909, bChange = 0.00386655, totNum = 84
ROUND = 1987, SUM = 16418909, bChange = 0.00386781, totNum = 84
ROUND = 1988, SUM = 16418909.0000001, bChange = 0.00386907, totNum = 83
ROUND = 1989, SUM = 16418909.0000001, bChange = 0.00387033, totNum = 83
ROUND = 1990, SUM = 16418909, bChange = 0.00387159, totNum = 83
ROUND = 1991, SUM = 16418909, bChange = 0.00387285, totNum = 83
ROUND = 1992, SUM = 16418909, bChange = 0.00387411, totNum = 83
ROUND = 1993, SUM = 16418909, bChange = 0.00387537, totNum = 82
ROUND = 1994, SUM = 16418909, bChange = 0.00387662, totNum = 82
ROUND = 1995, SUM = 16418909, bChange = 0.00387788, totNum = 82
ROUND = 1996, SUM = 16418909, bChange = 0.00387913, totNum = 82
ROUND = 1997, SUM = 16418909, bChange = 0.00388039, totNum = 82
ROUND = 1998, SUM = 16418909, bChange = 0.00388164, totNum = 82
ROUND = 1999, SUM = 16418909, bChange = 0.00388289, totNum = 81
ROUND = 2000, SUM = 16418909, bChange = 0.00388414, totNum = 81
ROUND = 2001, SUM = 16418909, bChange = 0.00388539, totNum = 81
ROUND = 2002, SUM = 16418909, bChange = 0.00388664, totNum = 81
ROUND = 2003, SUM = 16418909, bChange = 0.00388788, totNum = 81
ROUND = 2004, SUM = 16418909, bChange = 0.00388913, totNum = 80
ROUND = 2005, SUM = 16418909.0000001, bChange = 0.00389037, totNum = 80
ROUND = 2006, SUM = 16418909.0000001, bChange = 0.00389162, totNum = 80
ROUND = 2007, SUM = 16418909, bChange = 0.00389286, totNum = 80
ROUND = 2008, SUM = 16418909, bChange = 0.0038941, totNum = 79
ROUND = 2009, SUM = 16418909, bChange = 0.00389534, totNum = 79
ROUND = 2010, SUM = 16418909, bChange = 0.00389658, totNum = 79
ROUND = 2011, SUM = 16418909, bChange = 0.00389782, totNum = 79
ROUND = 2012, SUM = 16418909, bChange = 0.00389906, totNum = 78
ROUND = 2013, SUM = 16418909, bChange = 0.0039003, totNum = 77
ROUND = 2014, SUM = 16418909, bChange = 0.00390154, totNum = 77
ROUND = 2015, SUM = 16418909, bChange = 0.00390277, totNum = 77
ROUND = 2016, SUM = 16418909, bChange = 0.00390401, totNum = 77
ROUND = 2017, SUM = 16418909, bChange = 0.00390524, totNum = 77
ROUND = 2018, SUM = 16418909, bChange = 0.00390647, totNum = 77
ROUND = 2019, SUM = 16418909, bChange = 0.0039077, totNum = 76
ROUND = 2020, SUM = 16418909, bChange = 0.00390893, totNum = 76
ROUND = 2021, SUM = 16418909, bChange = 0.00310636, totNum = 75
ROUND = 2022, SUM = 16418909, bChange = 0.00310638, totNum = 75
ROUND = 2023, SUM = 16418909, bChange = 0.00310639, totNum = 75
ROUND = 2024, SUM = 16418909, bChange = 0.00310641, totNum = 75
ROUND = 2025, SUM = 16418909, bChange = 0.00310643, totNum = 75
ROUND = 2026, SUM = 16418908.9999999, bChange = 0.00310645, totNum = 75
ROUND = 2027, SUM = 16418908.9999999, bChange = 0.00310647, totNum = 75
ROUND = 2028, SUM = 16418909.0000001, bChange = 0.00274396, totNum = 74
ROUND = 2029, SUM = 16418909.0000001, bChange = 0.00274403, totNum = 74
ROUND = 2030, SUM = 16418909.0000001, bChange = 0.0027441, totNum = 74
ROUND = 2031, SUM = 16418909.0000001, bChange = 0.00274416, totNum = 74
ROUND = 2032, SUM = 16418909, bChange = 0.00274423, totNum = 74
ROUND = 2033, SUM = 16418909, bChange = 0.00274429, totNum = 74
ROUND = 2034, SUM = 16418909, bChange = 0.00274436, totNum = 74
ROUND = 2035, SUM = 16418909, bChange = 0.00274443, totNum = 74
ROUND = 2036, SUM = 16418909, bChange = 0.00274449, totNum = 74
ROUND = 2037, SUM = 16418909, bChange = 0.00274456, totNum = 73
ROUND = 2038, SUM = 16418909, bChange = 0.00274462, totNum = 73
ROUND = 2039, SUM = 16418908.9999999, bChange = 0.00274468, totNum = 73
ROUND = 2040, SUM = 16418908.9999999, bChange = 0.00274475, totNum = 73
ROUND = 2041, SUM = 16418908.9999999, bChange = 0.00274481, totNum = 73
ROUND = 2042, SUM = 16418909, bChange = 0.00274488, totNum = 73
ROUND = 2043, SUM = 16418909, bChange = 0.00274494, totNum = 73
ROUND = 2044, SUM = 16418909, bChange = 0.00274501, totNum = 73
ROUND = 2045, SUM = 16418909, bChange = 0.00274507, totNum = 73
ROUND = 2046, SUM = 16418909, bChange = 0.00274513, totNum = 73
ROUND = 2047, SUM = 16418909, bChange = 0.0027452, totNum = 72
ROUND = 2048, SUM = 16418908.9999999, bChange = 0.00274526, totNum = 73
ROUND = 2049, SUM = 16418909, bChange = 0.00274532, totNum = 73
ROUND = 2050, SUM = 16418909, bChange = 0.00274539, totNum = 73
ROUND = 2051, SUM = 16418909, bChange = 0.00274545, totNum = 73
ROUND = 2052, SUM = 16418909, bChange = 0.00274551, totNum = 73
ROUND = 2053, SUM = 16418909, bChange = 0.00274557, totNum = 73
ROUND = 2054, SUM = 16418909, bChange = 0.00274564, totNum = 73
ROUND = 2055, SUM = 16418909, bChange = 0.0027457, totNum = 73
ROUND = 2056, SUM = 16418909, bChange = 0.00274576, totNum = 73
ROUND = 2057, SUM = 16418909, bChange = 0.00274582, totNum = 73
ROUND = 2058, SUM = 16418909, bChange = 0.00274588, totNum = 73
ROUND = 2059, SUM = 16418909, bChange = 0.00274594, totNum = 73
ROUND = 2060, SUM = 16418909, bChange = 0.002746, totNum = 72
ROUND = 2061, SUM = 16418909, bChange = 0.00274607, totNum = 72
ROUND = 2062, SUM = 16418909, bChange = 0.00274613, totNum = 72
ROUND = 2063, SUM = 16418908.9999999, bChange = 0.00274619, totNum = 72
ROUND = 2064, SUM = 16418909, bChange = 0.00274625, totNum = 72
ROUND = 2065, SUM = 16418909, bChange = 0.00274631, totNum = 72
ROUND = 2066, SUM = 16418909, bChange = 0.00274637, totNum = 72
ROUND = 2067, SUM = 16418909, bChange = 0.00274643, totNum = 72
ROUND = 2068, SUM = 16418909, bChange = 0.00274649, totNum = 72
ROUND = 2069, SUM = 16418909, bChange = 0.00274655, totNum = 71
ROUND = 2070, SUM = 16418909, bChange = 0.00274661, totNum = 71
ROUND = 2071, SUM = 16418909, bChange = 0.00274667, totNum = 71
ROUND = 2072, SUM = 16418909, bChange = 0.00274673, totNum = 71
ROUND = 2073, SUM = 16418909, bChange = 0.00274679, totNum = 71
ROUND = 2074, SUM = 16418909, bChange = 0.00274684, totNum = 71
ROUND = 2075, SUM = 16418909, bChange = 0.0027469, totNum = 71
ROUND = 2076, SUM = 16418909, bChange = 0.00274696, totNum = 71
ROUND = 2077, SUM = 16418909.0000001, bChange = 0.00274702, totNum = 71
ROUND = 2078, SUM = 16418909, bChange = 0.00274708, totNum = 71
ROUND = 2079, SUM = 16418909, bChange = 0.00274714, totNum = 71
ROUND = 2080, SUM = 16418909, bChange = 0.0027472, totNum = 71
ROUND = 2081, SUM = 16418909, bChange = 0.00274725, totNum = 71
ROUND = 2082, SUM = 16418909, bChange = 0.00274731, totNum = 71
ROUND = 2083, SUM = 16418909, bChange = 0.00274737, totNum = 71
ROUND = 2084, SUM = 16418909, bChange = 0.00274743, totNum = 71
ROUND = 2085, SUM = 16418909, bChange = 0.00274748, totNum = 71
ROUND = 2086, SUM = 16418909, bChange = 0.00274754, totNum = 71
ROUND = 2087, SUM = 16418909, bChange = 0.0027476, totNum = 70
ROUND = 2088, SUM = 16418909, bChange = 0.00274765, totNum = 70
ROUND = 2089, SUM = 16418909, bChange = 0.00267668, totNum = 69
ROUND = 2090, SUM = 16418909, bChange = 0.00267668, totNum = 69
ROUND = 2091, SUM = 16418909, bChange = 0.00267668, totNum = 69
ROUND = 2092, SUM = 16418909, bChange = 0.00267668, totNum = 69
ROUND = 2093, SUM = 16418909, bChange = 0.00267668, totNum = 69
ROUND = 2094, SUM = 16418909, bChange = 0.00267668, totNum = 69
ROUND = 2095, SUM = 16418909, bChange = 0.00267667, totNum = 69
ROUND = 2096, SUM = 16418908.9999999, bChange = 0.00267667, totNum = 69
ROUND = 2097, SUM = 16418909, bChange = 0.00267667, totNum = 69
ROUND = 2098, SUM = 16418909, bChange = 0.00267667, totNum = 69
ROUND = 2099, SUM = 16418908.9999999, bChange = 0.00267667, totNum = 69
ROUND = 2100, SUM = 16418909, bChange = 0.00267667, totNum = 69
ROUND = 2101, SUM = 16418909, bChange = 0.00267667, totNum = 68
ROUND = 2102, SUM = 16418909, bChange = 0.00267667, totNum = 68
ROUND = 2103, SUM = 16418909, bChange = 0.00267666, totNum = 68
ROUND = 2104, SUM = 16418909, bChange = 0.00267666, totNum = 67
ROUND = 2105, SUM = 16418909.0000001, bChange = 0.00267666, totNum = 67
ROUND = 2106, SUM = 16418909.0000001, bChange = 0.00267666, totNum = 67
ROUND = 2107, SUM = 16418909, bChange = 0.00267666, totNum = 67
ROUND = 2108, SUM = 16418908.9999999, bChange = 0.00267666, totNum = 67
ROUND = 2109, SUM = 16418909, bChange = 0.00267666, totNum = 66
ROUND = 2110, SUM = 16418909, bChange = 0.00267666, totNum = 66
ROUND = 2111, SUM = 16418909, bChange = 0.00267666, totNum = 66
ROUND = 2112, SUM = 16418909, bChange = 0.00267665, totNum = 66
ROUND = 2113, SUM = 16418909.0000001, bChange = 0.00267665, totNum = 66
ROUND = 2114, SUM = 16418909, bChange = 0.00267665, totNum = 66
ROUND = 2115, SUM = 16418909, bChange = 0.00267665, totNum = 66
ROUND = 2116, SUM = 16418909, bChange = 0.00267665, totNum = 66
ROUND = 2117, SUM = 16418909, bChange = 0.00267665, totNum = 66
ROUND = 2118, SUM = 16418909.0000001, bChange = 0.00267665, totNum = 66
ROUND = 2119, SUM = 16418909, bChange = 0.00267665, totNum = 66
ROUND = 2120, SUM = 16418909.0000001, bChange = 0.00267665, totNum = 66
ROUND = 2121, SUM = 16418909, bChange = 0.00267664, totNum = 66
ROUND = 2122, SUM = 16418909, bChange = 0.00267664, totNum = 66
ROUND = 2123, SUM = 16418909, bChange = 0.00267664, totNum = 66
ROUND = 2124, SUM = 16418909, bChange = 0.00267664, totNum = 65
ROUND = 2125, SUM = 16418909, bChange = 0.00267664, totNum = 65
ROUND = 2126, SUM = 16418909, bChange = 0.00267664, totNum = 65
ROUND = 2127, SUM = 16418909, bChange = 0.00267664, totNum = 65
ROUND = 2128, SUM = 16418909, bChange = 0.00267664, totNum = 65
ROUND = 2129, SUM = 16418909, bChange = 0.00267664, totNum = 65
ROUND = 2130, SUM = 16418909, bChange = 0.00267663, totNum = 65
ROUND = 2131, SUM = 16418909, bChange = 0.00267663, totNum = 66
ROUND = 2132, SUM = 16418909, bChange = 0.00267663, totNum = 66
ROUND = 2133, SUM = 16418909, bChange = 0.00267663, totNum = 66
ROUND = 2134, SUM = 16418909, bChange = 0.00267663, totNum = 66
ROUND = 2135, SUM = 16418909, bChange = 0.00267663, totNum = 66
ROUND = 2136, SUM = 16418908.9999999, bChange = 0.00267663, totNum = 66
ROUND = 2137, SUM = 16418909, bChange = 0.00267663, totNum = 66
ROUND = 2138, SUM = 16418908.9999999, bChange = 0.00267663, totNum = 66
ROUND = 2139, SUM = 16418909, bChange = 0.00267663, totNum = 66
ROUND = 2140, SUM = 16418909, bChange = 0.00267662, totNum = 65
ROUND = 2141, SUM = 16418908.9999999, bChange = 0.00267662, totNum = 65
ROUND = 2142, SUM = 16418909, bChange = 0.00267662, totNum = 65
ROUND = 2143, SUM = 16418909, bChange = 0.00267662, totNum = 65
ROUND = 2144, SUM = 16418909.0000001, bChange = 0.00267662, totNum = 65
ROUND = 2145, SUM = 16418909, bChange = 0.00267662, totNum = 65
ROUND = 2146, SUM = 16418909, bChange = 0.00267662, totNum = 65
ROUND = 2147, SUM = 16418909, bChange = 0.00267662, totNum = 65
ROUND = 2148, SUM = 16418909, bChange = 0.00267662, totNum = 65
ROUND = 2149, SUM = 16418909, bChange = 0.00267661, totNum = 65
ROUND = 2150, SUM = 16418908.9999999, bChange = 0.00267661, totNum = 65
ROUND = 2151, SUM = 16418909, bChange = 0.00267661, totNum = 65
ROUND = 2152, SUM = 16418909, bChange = 0.00267661, totNum = 65
ROUND = 2153, SUM = 16418909, bChange = 0.00267661, totNum = 65
ROUND = 2154, SUM = 16418909, bChange = 0.00267661, totNum = 65
ROUND = 2155, SUM = 16418909, bChange = 0.00267661, totNum = 65
ROUND = 2156, SUM = 16418909, bChange = 0.00267661, totNum = 65
ROUND = 2157, SUM = 16418909, bChange = 0.00267661, totNum = 65
ROUND = 2158, SUM = 16418909, bChange = 0.00267661, totNum = 64
ROUND = 2159, SUM = 16418909, bChange = 0.0026766, totNum = 64
ROUND = 2160, SUM = 16418909, bChange = 0.0026766, totNum = 64
ROUND = 2161, SUM = 16418909, bChange = 0.0026766, totNum = 64
ROUND = 2162, SUM = 16418909, bChange = 0.0026766, totNum = 64
ROUND = 2163, SUM = 16418909, bChange = 0.0026766, totNum = 64
ROUND = 2164, SUM = 16418909, bChange = 0.0026766, totNum = 64
ROUND = 2165, SUM = 16418909, bChange = 0.0026766, totNum = 64
ROUND = 2166, SUM = 16418908.9999999, bChange = 0.0026766, totNum = 64
ROUND = 2167, SUM = 16418909, bChange = 0.0026766, totNum = 64
ROUND = 2168, SUM = 16418909, bChange = 0.0026766, totNum = 64
ROUND = 2169, SUM = 16418909, bChange = 0.00267659, totNum = 64
ROUND = 2170, SUM = 16418909.0000001, bChange = 0.00267659, totNum = 64
ROUND = 2171, SUM = 16418909, bChange = 0.00267659, totNum = 64
ROUND = 2172, SUM = 16418909, bChange = 0.00267659, totNum = 64
ROUND = 2173, SUM = 16418909, bChange = 0.00267659, totNum = 64
ROUND = 2174, SUM = 16418909, bChange = 0.00267659, totNum = 63
ROUND = 2175, SUM = 16418909.0000001, bChange = 0.00267659, totNum = 63
ROUND = 2176, SUM = 16418909, bChange = 0.00267659, totNum = 63
ROUND = 2177, SUM = 16418909, bChange = 0.00267659, totNum = 63
ROUND = 2178, SUM = 16418909, bChange = 0.00267659, totNum = 63
ROUND = 2179, SUM = 16418909, bChange = 0.00267659, totNum = 63
ROUND = 2180, SUM = 16418909, bChange = 0.00267658, totNum = 63
ROUND = 2181, SUM = 16418909, bChange = 0.00267658, totNum = 63
ROUND = 2182, SUM = 16418909, bChange = 0.00267658, totNum = 63
ROUND = 2183, SUM = 16418909, bChange = 0.00267658, totNum = 63
ROUND = 2184, SUM = 16418909, bChange = 0.00267658, totNum = 63
ROUND = 2185, SUM = 16418909, bChange = 0.00267658, totNum = 63
ROUND = 2186, SUM = 16418909.0000001, bChange = 0.00267658, totNum = 63
ROUND = 2187, SUM = 16418909, bChange = 0.00267658, totNum = 63
ROUND = 2188, SUM = 16418909, bChange = 0.00267658, totNum = 63
ROUND = 2189, SUM = 16418909, bChange = 0.00267658, totNum = 63
ROUND = 2190, SUM = 16418909, bChange = 0.00267658, totNum = 63
ROUND = 2191, SUM = 16418909, bChange = 0.00267657, totNum = 63
ROUND = 2192, SUM = 16418909, bChange = 0.00267657, totNum = 63
ROUND = 2193, SUM = 16418909, bChange = 0.00267657, totNum = 63
ROUND = 2194, SUM = 16418909, bChange = 0.00267657, totNum = 63
ROUND = 2195, SUM = 16418909, bChange = 0.00267657, totNum = 63
ROUND = 2196, SUM = 16418909, bChange = 0.00267657, totNum = 63
ROUND = 2197, SUM = 16418909, bChange = 0.00267657, totNum = 63
ROUND = 2198, SUM = 16418909, bChange = 0.00267657, totNum = 63
ROUND = 2199, SUM = 16418909, bChange = 0.00267657, totNum = 63
ROUND = 2200, SUM = 16418909, bChange = 0.00267657, totNum = 63
ROUND = 2201, SUM = 16418909, bChange = 0.00267657, totNum = 63
ROUND = 2202, SUM = 16418909.0000001, bChange = 0.00267656, totNum = 63
ROUND = 2203, SUM = 16418909, bChange = 0.00267656, totNum = 63
ROUND = 2204, SUM = 16418909.0000001, bChange = 0.00267656, totNum = 63
ROUND = 2205, SUM = 16418909, bChange = 0.00267656, totNum = 63
ROUND = 2206, SUM = 16418909, bChange = 0.00267656, totNum = 63
ROUND = 2207, SUM = 16418909, bChange = 0.00267656, totNum = 63
ROUND = 2208, SUM = 16418909, bChange = 0.00267656, totNum = 63
ROUND = 2209, SUM = 16418909, bChange = 0.00267656, totNum = 63
ROUND = 2210, SUM = 16418909, bChange = 0.00267656, totNum = 63
ROUND = 2211, SUM = 16418909, bChange = 0.00267656, totNum = 63
ROUND = 2212, SUM = 16418909, bChange = 0.00267656, totNum = 63
ROUND = 2213, SUM = 16418909, bChange = 0.00267655, totNum = 63
ROUND = 2214, SUM = 16418909, bChange = 0.00267655, totNum = 63
ROUND = 2215, SUM = 16418909, bChange = 0.00267655, totNum = 63
ROUND = 2216, SUM = 16418909, bChange = 0.00267655, totNum = 63
ROUND = 2217, SUM = 16418909, bChange = 0.00267655, totNum = 63
ROUND = 2218, SUM = 16418909, bChange = 0.00267655, totNum = 62
ROUND = 2219, SUM = 16418909, bChange = 0.00267655, totNum = 62
ROUND = 2220, SUM = 16418909, bChange = 0.00267655, totNum = 62
ROUND = 2221, SUM = 16418909, bChange = 0.00267655, totNum = 62
ROUND = 2222, SUM = 16418909.0000001, bChange = 0.00267655, totNum = 62
ROUND = 2223, SUM = 16418909, bChange = 0.00267655, totNum = 62
ROUND = 2224, SUM = 16418909, bChange = 0.00267655, totNum = 61
ROUND = 2225, SUM = 16418909, bChange = 0.00267654, totNum = 61
ROUND = 2226, SUM = 16418909, bChange = 0.00267654, totNum = 61
ROUND = 2227, SUM = 16418909, bChange = 0.00267654, totNum = 61
ROUND = 2228, SUM = 16418909, bChange = 0.00267654, totNum = 61
ROUND = 2229, SUM = 16418909, bChange = 0.00267654, totNum = 61
ROUND = 2230, SUM = 16418909, bChange = 0.00267654, totNum = 61
ROUND = 2231, SUM = 16418909, bChange = 0.00267654, totNum = 61
ROUND = 2232, SUM = 16418908.9999999, bChange = 0.00267654, totNum = 60
ROUND = 2233, SUM = 16418909, bChange = 0.00267654, totNum = 60
ROUND = 2234, SUM = 16418909, bChange = 0.00267654, totNum = 60
ROUND = 2235, SUM = 16418909, bChange = 0.00267654, totNum = 60
ROUND = 2236, SUM = 16418909, bChange = 0.00267654, totNum = 60
ROUND = 2237, SUM = 16418909, bChange = 0.00267653, totNum = 61
ROUND = 2238, SUM = 16418909, bChange = 0.00267653, totNum = 61
ROUND = 2239, SUM = 16418908.9999999, bChange = 0.00267653, totNum = 61
ROUND = 2240, SUM = 16418909, bChange = 0.00267653, totNum = 61
ROUND = 2241, SUM = 16418909, bChange = 0.00267653, totNum = 61
ROUND = 2242, SUM = 16418909, bChange = 0.00267653, totNum = 61
ROUND = 2243, SUM = 16418908.9999999, bChange = 0.00267653, totNum = 61
ROUND = 2244, SUM = 16418909.0000001, bChange = 0.00267653, totNum = 61
ROUND = 2245, SUM = 16418909, bChange = 0.00267653, totNum = 61
ROUND = 2246, SUM = 16418908.9999999, bChange = 0.00267653, totNum = 61
ROUND = 2247, SUM = 16418909, bChange = 0.00267653, totNum = 61
ROUND = 2248, SUM = 16418909.0000001, bChange = 0.00267653, totNum = 61
ROUND = 2249, SUM = 16418909, bChange = 0.00267653, totNum = 61
ROUND = 2250, SUM = 16418909, bChange = 0.00267652, totNum = 61
ROUND = 2251, SUM = 16418909, bChange = 0.00267652, totNum = 61
ROUND = 2252, SUM = 16418909, bChange = 0.00267652, totNum = 61
ROUND = 2253, SUM = 16418909, bChange = 0.00267652, totNum = 61
ROUND = 2254, SUM = 16418909, bChange = 0.00267652, totNum = 61
ROUND = 2255, SUM = 16418909, bChange = 0.00267652, totNum = 61
ROUND = 2256, SUM = 16418909, bChange = 0.00267652, totNum = 61
ROUND = 2257, SUM = 16418909.0000001, bChange = 0.00267652, totNum = 61
ROUND = 2258, SUM = 16418909, bChange = 0.00267652, totNum = 61
ROUND = 2259, SUM = 16418909, bChange = 0.00267652, totNum = 61
ROUND = 2260, SUM = 16418909, bChange = 0.00267652, totNum = 61
ROUND = 2261, SUM = 16418908.9999999, bChange = 0.00267652, totNum = 61
ROUND = 2262, SUM = 16418909, bChange = 0.00267652, totNum = 61
ROUND = 2263, SUM = 16418909, bChange = 0.00267651, totNum = 61
ROUND = 2264, SUM = 16418909, bChange = 0.00267651, totNum = 61
ROUND = 2265, SUM = 16418908.9999999, bChange = 0.00267651, totNum = 61
ROUND = 2266, SUM = 16418909, bChange = 0.00267651, totNum = 61
ROUND = 2267, SUM = 16418908.9999999, bChange = 0.00267651, totNum = 61
ROUND = 2268, SUM = 16418909.0000001, bChange = 0.00267651, totNum = 61
ROUND = 2269, SUM = 16418909, bChange = 0.00267651, totNum = 61
ROUND = 2270, SUM = 16418909, bChange = 0.00267651, totNum = 61
ROUND = 2271, SUM = 16418909, bChange = 0.00267651, totNum = 60
ROUND = 2272, SUM = 16418909, bChange = 0.00267651, totNum = 60
ROUND = 2273, SUM = 16418909, bChange = 0.00267651, totNum = 60
ROUND = 2274, SUM = 16418909, bChange = 0.00267651, totNum = 60
ROUND = 2275, SUM = 16418909, bChange = 0.00267651, totNum = 60
ROUND = 2276, SUM = 16418909, bChange = 0.00267651, totNum = 60
ROUND = 2277, SUM = 16418909, bChange = 0.0026765, totNum = 60
ROUND = 2278, SUM = 16418909, bChange = 0.0026765, totNum = 60
ROUND = 2279, SUM = 16418909, bChange = 0.0026765, totNum = 60
ROUND = 2280, SUM = 16418909, bChange = 0.0026765, totNum = 60
ROUND = 2281, SUM = 16418909, bChange = 0.0026765, totNum = 59
ROUND = 2282, SUM = 16418909, bChange = 0.0026765, totNum = 59
ROUND = 2283, SUM = 16418909, bChange = 0.0026765, totNum = 59
ROUND = 2284, SUM = 16418909, bChange = 0.0026765, totNum = 59
ROUND = 2285, SUM = 16418909, bChange = 0.0026765, totNum = 59
ROUND = 2286, SUM = 16418909, bChange = 0.0026765, totNum = 59
ROUND = 2287, SUM = 16418909, bChange = 0.0026765, totNum = 59
ROUND = 2288, SUM = 16418909, bChange = 0.0026765, totNum = 59
ROUND = 2289, SUM = 16418909.0000001, bChange = 0.0026765, totNum = 59
ROUND = 2290, SUM = 16418909, bChange = 0.0026765, totNum = 59
ROUND = 2291, SUM = 16418909, bChange = 0.00267649, totNum = 58
ROUND = 2292, SUM = 16418909, bChange = 0.00267649, totNum = 58
ROUND = 2293, SUM = 16418909, bChange = 0.00267649, totNum = 58
ROUND = 2294, SUM = 16418909, bChange = 0.00267649, totNum = 58
ROUND = 2295, SUM = 16418909, bChange = 0.00267649, totNum = 58
ROUND = 2296, SUM = 16418909, bChange = 0.00267649, totNum = 58
ROUND = 2297, SUM = 16418909.0000001, bChange = 0.00267649, totNum = 58
ROUND = 2298, SUM = 16418909, bChange = 0.00267649, totNum = 58
ROUND = 2299, SUM = 16418909, bChange = 0.00267649, totNum = 58
ROUND = 2300, SUM = 16418909, bChange = 0.00267649, totNum = 58
ROUND = 2301, SUM = 16418909, bChange = 0.00267649, totNum = 58
ROUND = 2302, SUM = 16418909, bChange = 0.00267649, totNum = 58
ROUND = 2303, SUM = 16418909, bChange = 0.00267649, totNum = 58
ROUND = 2304, SUM = 16418909, bChange = 0.00267649, totNum = 58
ROUND = 2305, SUM = 16418908.9999999, bChange = 0.00267648, totNum = 57
ROUND = 2306, SUM = 16418909, bChange = 0.00267648, totNum = 57
ROUND = 2307, SUM = 16418909, bChange = 0.00267648, totNum = 57
ROUND = 2308, SUM = 16418909, bChange = 0.00267648, totNum = 57
ROUND = 2309, SUM = 16418909, bChange = 0.00267648, totNum = 57
ROUND = 2310, SUM = 16418908.9999999, bChange = 0.00267648, totNum = 57
ROUND = 2311, SUM = 16418908.9999999, bChange = 0.00267648, totNum = 57
ROUND = 2312, SUM = 16418909, bChange = 0.00267648, totNum = 57
ROUND = 2313, SUM = 16418909, bChange = 0.00267648, totNum = 57
ROUND = 2314, SUM = 16418909, bChange = 0.00267648, totNum = 57
ROUND = 2315, SUM = 16418909, bChange = 0.00267648, totNum = 57
ROUND = 2316, SUM = 16418909, bChange = 0.00267648, totNum = 57
ROUND = 2317, SUM = 16418909, bChange = 0.00267648, totNum = 57
ROUND = 2318, SUM = 16418909, bChange = 0.00267648, totNum = 57
ROUND = 2319, SUM = 16418909, bChange = 0.00267648, totNum = 57
ROUND = 2320, SUM = 16418909, bChange = 0.00267648, totNum = 57
ROUND = 2321, SUM = 16418909, bChange = 0.00267647, totNum = 57
ROUND = 2322, SUM = 16418908.9999999, bChange = 0.00267647, totNum = 57
ROUND = 2323, SUM = 16418909, bChange = 0.00267647, totNum = 57
ROUND = 2324, SUM = 16418909, bChange = 0.00267647, totNum = 57
ROUND = 2325, SUM = 16418908.9999999, bChange = 0.00267647, totNum = 57
ROUND = 2326, SUM = 16418909, bChange = 0.00267647, totNum = 57
ROUND = 2327, SUM = 16418909, bChange = 0.00267647, totNum = 57
ROUND = 2328, SUM = 16418909, bChange = 0.00267647, totNum = 57
ROUND = 2329, SUM = 16418909, bChange = 0.00267647, totNum = 57
ROUND = 2330, SUM = 16418909, bChange = 0.00267647, totNum = 57
ROUND = 2331, SUM = 16418909, bChange = 0.00267647, totNum = 57
ROUND = 2332, SUM = 16418909, bChange = 0.00267647, totNum = 56
ROUND = 2333, SUM = 16418909, bChange = 0.00267647, totNum = 56
ROUND = 2334, SUM = 16418909, bChange = 0.00267647, totNum = 56
ROUND = 2335, SUM = 16418909, bChange = 0.00267647, totNum = 56
ROUND = 2336, SUM = 16418909.0000001, bChange = 0.00267646, totNum = 56
ROUND = 2337, SUM = 16418909, bChange = 0.00267646, totNum = 55
ROUND = 2338, SUM = 16418909.0000001, bChange = 0.00267646, totNum = 55
ROUND = 2339, SUM = 16418909, bChange = 0.00267646, totNum = 54
ROUND = 2340, SUM = 16418909, bChange = 0.00267646, totNum = 54
ROUND = 2341, SUM = 16418908.9999999, bChange = 0.00267646, totNum = 54
ROUND = 2342, SUM = 16418909, bChange = 0.00267646, totNum = 54
ROUND = 2343, SUM = 16418909, bChange = 0.00267646, totNum = 54
ROUND = 2344, SUM = 16418909, bChange = 0.00267646, totNum = 54
ROUND = 2345, SUM = 16418909, bChange = 0.00267646, totNum = 54
ROUND = 2346, SUM = 16418909, bChange = 0.00267646, totNum = 54
ROUND = 2347, SUM = 16418909, bChange = 0.00267646, totNum = 54
ROUND = 2348, SUM = 16418909, bChange = 0.00267646, totNum = 54
ROUND = 2349, SUM = 16418909, bChange = 0.00267646, totNum = 54
ROUND = 2350, SUM = 16418909, bChange = 0.00267646, totNum = 54
ROUND = 2351, SUM = 16418909, bChange = 0.00267646, totNum = 54
ROUND = 2352, SUM = 16418909, bChange = 0.00267646, totNum = 54
ROUND = 2353, SUM = 16418909, bChange = 0.00267645, totNum = 54
ROUND = 2354, SUM = 16418909, bChange = 0.00267645, totNum = 54
ROUND = 2355, SUM = 16418909.0000001, bChange = 0.00267645, totNum = 54
ROUND = 2356, SUM = 16418909.0000001, bChange = 0.00267645, totNum = 54
ROUND = 2357, SUM = 16418909, bChange = 0.00267645, totNum = 54
ROUND = 2358, SUM = 16418909, bChange = 0.00267645, totNum = 54
ROUND = 2359, SUM = 16418909, bChange = 0.00267645, totNum = 54
ROUND = 2360, SUM = 16418909, bChange = 0.00267645, totNum = 54
ROUND = 2361, SUM = 16418909, bChange = 0.00267645, totNum = 54
ROUND = 2362, SUM = 16418909.0000001, bChange = 0.00267645, totNum = 54
ROUND = 2363, SUM = 16418909, bChange = 0.00267645, totNum = 54
ROUND = 2364, SUM = 16418909.0000001, bChange = 0.00255874, totNum = 52
ROUND = 2365, SUM = 16418909, bChange = 0.00255875, totNum = 52
ROUND = 2366, SUM = 16418909, bChange = 0.00255877, totNum = 52
ROUND = 2367, SUM = 16418909, bChange = 0.00255878, totNum = 52
ROUND = 2368, SUM = 16418909, bChange = 0.00255879, totNum = 52
ROUND = 2369, SUM = 16418909, bChange = 0.00255881, totNum = 52
ROUND = 2370, SUM = 16418909, bChange = 0.00255882, totNum = 52
ROUND = 2371, SUM = 16418909.0000001, bChange = 0.00255883, totNum = 52
ROUND = 2372, SUM = 16418909, bChange = 0.00255885, totNum = 52
ROUND = 2373, SUM = 16418909, bChange = 0.00255886, totNum = 51
ROUND = 2374, SUM = 16418909.0000001, bChange = 0.00255888, totNum = 51
ROUND = 2375, SUM = 16418909, bChange = 0.00255889, totNum = 51
ROUND = 2376, SUM = 16418909, bChange = 0.0025589, totNum = 51
ROUND = 2377, SUM = 16418909.0000001, bChange = 0.00255892, totNum = 51
ROUND = 2378, SUM = 16418909, bChange = 0.00255893, totNum = 51
ROUND = 2379, SUM = 16418909, bChange = 0.00255894, totNum = 51
ROUND = 2380, SUM = 16418909, bChange = 0.00255896, totNum = 50
ROUND = 2381, SUM = 16418909.0000001, bChange = 0.00255897, totNum = 50
ROUND = 2382, SUM = 16418909, bChange = 0.00255898, totNum = 49
ROUND = 2383, SUM = 16418909, bChange = 0.002559, totNum = 49
ROUND = 2384, SUM = 16418909, bChange = 0.00255901, totNum = 49
ROUND = 2385, SUM = 16418909, bChange = 0.00255902, totNum = 49
ROUND = 2386, SUM = 16418909, bChange = 0.00255903, totNum = 49
ROUND = 2387, SUM = 16418909, bChange = 0.00255905, totNum = 49
ROUND = 2388, SUM = 16418909, bChange = 0.00255906, totNum = 49
ROUND = 2389, SUM = 16418909, bChange = 0.00255907, totNum = 49
ROUND = 2390, SUM = 16418909, bChange = 0.00255909, totNum = 49
ROUND = 2391, SUM = 16418909, bChange = 0.0025591, totNum = 49
ROUND = 2392, SUM = 16418909.0000001, bChange = 0.00255911, totNum = 49
ROUND = 2393, SUM = 16418909, bChange = 0.00255913, totNum = 49
ROUND = 2394, SUM = 16418909, bChange = 0.00255914, totNum = 49
ROUND = 2395, SUM = 16418909, bChange = 0.00255915, totNum = 49
ROUND = 2396, SUM = 16418909.0000001, bChange = 0.00255916, totNum = 49
ROUND = 2397, SUM = 16418908.9999999, bChange = 0.00255918, totNum = 49
ROUND = 2398, SUM = 16418909, bChange = 0.00255919, totNum = 49
ROUND = 2399, SUM = 16418909, bChange = 0.0025592, totNum = 49
ROUND = 2400, SUM = 16418909, bChange = 0.00255921, totNum = 49
ROUND = 2401, SUM = 16418909, bChange = 0.00255923, totNum = 49
ROUND = 2402, SUM = 16418909, bChange = 0.00255924, totNum = 49
ROUND = 2403, SUM = 16418909, bChange = 0.00255925, totNum = 49
ROUND = 2404, SUM = 16418909, bChange = 0.00255926, totNum = 49
ROUND = 2405, SUM = 16418909, bChange = 0.00255928, totNum = 49
ROUND = 2406, SUM = 16418909, bChange = 0.00255929, totNum = 49
ROUND = 2407, SUM = 16418909, bChange = 0.0025593, totNum = 49
ROUND = 2408, SUM = 16418909, bChange = 0.00255931, totNum = 49
ROUND = 2409, SUM = 16418909, bChange = 0.00255933, totNum = 49
ROUND = 2410, SUM = 16418909, bChange = 0.00255934, totNum = 49
ROUND = 2411, SUM = 16418909, bChange = 0.00255935, totNum = 49
ROUND = 2412, SUM = 16418909, bChange = 0.00255936, totNum = 49
ROUND = 2413, SUM = 16418909, bChange = 0.00255938, totNum = 48
ROUND = 2414, SUM = 16418909, bChange = 0.00255939, totNum = 48
ROUND = 2415, SUM = 16418909, bChange = 0.0025594, totNum = 48
ROUND = 2416, SUM = 16418909, bChange = 0.00255941, totNum = 48
ROUND = 2417, SUM = 16418909, bChange = 0.00255942, totNum = 48
ROUND = 2418, SUM = 16418909, bChange = 0.00255944, totNum = 47
ROUND = 2419, SUM = 16418909, bChange = 0.00255945, totNum = 47
ROUND = 2420, SUM = 16418909, bChange = 0.00255946, totNum = 47
ROUND = 2421, SUM = 16418909, bChange = 0.00255947, totNum = 46
ROUND = 2422, SUM = 16418909, bChange = 0.00255948, totNum = 46
ROUND = 2423, SUM = 16418909, bChange = 0.0025595, totNum = 46
ROUND = 2424, SUM = 16418909, bChange = 0.00255951, totNum = 45
ROUND = 2425, SUM = 16418909, bChange = 0.00255952, totNum = 45
ROUND = 2426, SUM = 16418909, bChange = 0.00255953, totNum = 45
ROUND = 2427, SUM = 16418909, bChange = 0.00255954, totNum = 45
ROUND = 2428, SUM = 16418909, bChange = 0.00255955, totNum = 45
ROUND = 2429, SUM = 16418909, bChange = 0.00255957, totNum = 45
ROUND = 2430, SUM = 16418909.0000001, bChange = 0.00255958, totNum = 45
ROUND = 2431, SUM = 16418909, bChange = 0.00255959, totNum = 45
ROUND = 2432, SUM = 16418909, bChange = 0.0025596, totNum = 45
ROUND = 2433, SUM = 16418908.9999999, bChange = 0.00255961, totNum = 45
ROUND = 2434, SUM = 16418909, bChange = 0.00255962, totNum = 45
ROUND = 2435, SUM = 16418909, bChange = 0.00255964, totNum = 45
ROUND = 2436, SUM = 16418909, bChange = 0.00255965, totNum = 45
ROUND = 2437, SUM = 16418909, bChange = 0.00255966, totNum = 45
ROUND = 2438, SUM = 16418909, bChange = 0.00255967, totNum = 45
ROUND = 2439, SUM = 16418909, bChange = 0.00255968, totNum = 45
ROUND = 2440, SUM = 16418909.0000001, bChange = 0.00255969, totNum = 45
ROUND = 2441, SUM = 16418909, bChange = 0.0025597, totNum = 45
ROUND = 2442, SUM = 16418909, bChange = 0.00255972, totNum = 45
ROUND = 2443, SUM = 16418909.0000001, bChange = 0.00255973, totNum = 45
ROUND = 2444, SUM = 16418909, bChange = 0.00255974, totNum = 45
ROUND = 2445, SUM = 16418909, bChange = 0.00255975, totNum = 45
ROUND = 2446, SUM = 16418909, bChange = 0.00255976, totNum = 45
ROUND = 2447, SUM = 16418908.9999999, bChange = 0.00255977, totNum = 45
ROUND = 2448, SUM = 16418909, bChange = 0.00255978, totNum = 45
ROUND = 2449, SUM = 16418909.0000001, bChange = 0.00255979, totNum = 45
ROUND = 2450, SUM = 16418909, bChange = 0.00255981, totNum = 45
ROUND = 2451, SUM = 16418909, bChange = 0.00255982, totNum = 45
ROUND = 2452, SUM = 16418909, bChange = 0.00255983, totNum = 45
ROUND = 2453, SUM = 16418909, bChange = 0.00255984, totNum = 45
ROUND = 2454, SUM = 16418909, bChange = 0.00255985, totNum = 45
ROUND = 2455, SUM = 16418909, bChange = 0.00255986, totNum = 45
ROUND = 2456, SUM = 16418909.0000001, bChange = 0.00255987, totNum = 45
ROUND = 2457, SUM = 16418909, bChange = 0.00255988, totNum = 45
ROUND = 2458, SUM = 16418909, bChange = 0.00255989, totNum = 45
ROUND = 2459, SUM = 16418909, bChange = 0.0025599, totNum = 45
ROUND = 2460, SUM = 16418909, bChange = 0.00255992, totNum = 45
ROUND = 2461, SUM = 16418909, bChange = 0.00255993, totNum = 45
ROUND = 2462, SUM = 16418909, bChange = 0.00255994, totNum = 45
ROUND = 2463, SUM = 16418909, bChange = 0.00255995, totNum = 45
ROUND = 2464, SUM = 16418909, bChange = 0.00255996, totNum = 45
ROUND = 2465, SUM = 16418909, bChange = 0.00255997, totNum = 45
ROUND = 2466, SUM = 16418909.0000001, bChange = 0.00224828, totNum = 44
ROUND = 2467, SUM = 16418909, bChange = 0.00224828, totNum = 44
ROUND = 2468, SUM = 16418909, bChange = 0.00224829, totNum = 44
ROUND = 2469, SUM = 16418909, bChange = 0.00224829, totNum = 44
ROUND = 2470, SUM = 16418909, bChange = 0.0022483, totNum = 44
ROUND = 2471, SUM = 16418909, bChange = 0.0022483, totNum = 43
ROUND = 2472, SUM = 16418909, bChange = 0.00224831, totNum = 43
ROUND = 2473, SUM = 16418908.9999999, bChange = 0.00224831, totNum = 43
ROUND = 2474, SUM = 16418909.0000001, bChange = 0.00224832, totNum = 43
ROUND = 2475, SUM = 16418909, bChange = 0.00224832, totNum = 43
ROUND = 2476, SUM = 16418909, bChange = 0.00224833, totNum = 43
ROUND = 2477, SUM = 16418909, bChange = 0.00224833, totNum = 43
ROUND = 2478, SUM = 16418909, bChange = 0.00224834, totNum = 43
ROUND = 2479, SUM = 16418909, bChange = 0.00224834, totNum = 43
ROUND = 2480, SUM = 16418909, bChange = 0.00224835, totNum = 43
ROUND = 2481, SUM = 16418909, bChange = 0.00224835, totNum = 43
ROUND = 2482, SUM = 16418909, bChange = 0.00224836, totNum = 43
ROUND = 2483, SUM = 16418909.0000001, bChange = 0.00224836, totNum = 43
ROUND = 2484, SUM = 16418909, bChange = 0.00224837, totNum = 43
ROUND = 2485, SUM = 16418909, bChange = 0.00224837, totNum = 42
ROUND = 2486, SUM = 16418909, bChange = 0.00224838, totNum = 42
ROUND = 2487, SUM = 16418909, bChange = 0.00224838, totNum = 42
ROUND = 2488, SUM = 16418909, bChange = 0.00224839, totNum = 42
ROUND = 2489, SUM = 16418909, bChange = 0.00224839, totNum = 42
ROUND = 2490, SUM = 16418909.0000001, bChange = 0.0022484, totNum = 42
ROUND = 2491, SUM = 16418909.0000001, bChange = 0.0022484, totNum = 42
ROUND = 2492, SUM = 16418909, bChange = 0.00224841, totNum = 42
ROUND = 2493, SUM = 16418908.9999999, bChange = 0.00224841, totNum = 42
ROUND = 2494, SUM = 16418909.0000001, bChange = 0.00224842, totNum = 42
ROUND = 2495, SUM = 16418909, bChange = 0.00224842, totNum = 42
ROUND = 2496, SUM = 16418909, bChange = 0.00224843, totNum = 42
ROUND = 2497, SUM = 16418909, bChange = 0.00224843, totNum = 42
ROUND = 2498, SUM = 16418909, bChange = 0.00224844, totNum = 42
ROUND = 2499, SUM = 16418909, bChange = 0.00224844, totNum = 42
ROUND = 2500, SUM = 16418909, bChange = 0.00224845, totNum = 42
ROUND = 2501, SUM = 16418909, bChange = 0.00224845, totNum = 42
ROUND = 2502, SUM = 16418909, bChange = 0.00224846, totNum = 42
ROUND = 2503, SUM = 16418908.9999999, bChange = 0.00224846, totNum = 42
ROUND = 2504, SUM = 16418909, bChange = 0.00224846, totNum = 42
ROUND = 2505, SUM = 16418909, bChange = 0.00224847, totNum = 42
ROUND = 2506, SUM = 16418909.0000001, bChange = 0.00224847, totNum = 42
ROUND = 2507, SUM = 16418909, bChange = 0.00224848, totNum = 42
ROUND = 2508, SUM = 16418909, bChange = 0.00224848, totNum = 42
ROUND = 2509, SUM = 16418909, bChange = 0.00224849, totNum = 42
ROUND = 2510, SUM = 16418909, bChange = 0.00224849, totNum = 42
ROUND = 2511, SUM = 16418909, bChange = 0.0022485, totNum = 42
ROUND = 2512, SUM = 16418909, bChange = 0.0022485, totNum = 42
ROUND = 2513, SUM = 16418909, bChange = 0.00224851, totNum = 42
ROUND = 2514, SUM = 16418909, bChange = 0.00224851, totNum = 42
ROUND = 2515, SUM = 16418909, bChange = 0.00224852, totNum = 42
ROUND = 2516, SUM = 16418909, bChange = 0.00224852, totNum = 42
ROUND = 2517, SUM = 16418909.0000001, bChange = 0.00224853, totNum = 42
ROUND = 2518, SUM = 16418909, bChange = 0.00224853, totNum = 42
ROUND = 2519, SUM = 16418909, bChange = 0.00224853, totNum = 42
ROUND = 2520, SUM = 16418909, bChange = 0.00224854, totNum = 42
ROUND = 2521, SUM = 16418909, bChange = 0.00224854, totNum = 42
ROUND = 2522, SUM = 16418909, bChange = 0.00224855, totNum = 42
ROUND = 2523, SUM = 16418909, bChange = 0.00224855, totNum = 42
ROUND = 2524, SUM = 16418909, bChange = 0.00224856, totNum = 42
ROUND = 2525, SUM = 16418909, bChange = 0.00224856, totNum = 42
ROUND = 2526, SUM = 16418909.0000001, bChange = 0.00224857, totNum = 42
ROUND = 2527, SUM = 16418909.0000001, bChange = 0.00224857, totNum = 42
ROUND = 2528, SUM = 16418909, bChange = 0.00224858, totNum = 42
ROUND = 2529, SUM = 16418909.0000001, bChange = 0.00224858, totNum = 42
ROUND = 2530, SUM = 16418909, bChange = 0.00224858, totNum = 42
ROUND = 2531, SUM = 16418909.0000001, bChange = 0.00224859, totNum = 42
ROUND = 2532, SUM = 16418909.0000001, bChange = 0.00221814, totNum = 40
ROUND = 2533, SUM = 16418909.0000001, bChange = 0.00221816, totNum = 40
ROUND = 2534, SUM = 16418909.0000001, bChange = 0.00221817, totNum = 40
ROUND = 2535, SUM = 16418909.0000001, bChange = 0.00221819, totNum = 40
ROUND = 2536, SUM = 16418909, bChange = 0.00221821, totNum = 40
ROUND = 2537, SUM = 16418909.0000001, bChange = 0.00221823, totNum = 40
ROUND = 2538, SUM = 16418909, bChange = 0.00221824, totNum = 40
ROUND = 2539, SUM = 16418909, bChange = 0.00221826, totNum = 40
ROUND = 2540, SUM = 16418909, bChange = 0.00221828, totNum = 40
ROUND = 2541, SUM = 16418909, bChange = 0.0022183, totNum = 40
ROUND = 2542, SUM = 16418909, bChange = 0.00221831, totNum = 40
ROUND = 2543, SUM = 16418909, bChange = 0.00221833, totNum = 40
ROUND = 2544, SUM = 16418909, bChange = 0.00221835, totNum = 40
ROUND = 2545, SUM = 16418909, bChange = 0.00221837, totNum = 40
ROUND = 2546, SUM = 16418909, bChange = 0.00221838, totNum = 40
ROUND = 2547, SUM = 16418909.0000001, bChange = 0.0022184, totNum = 40
ROUND = 2548, SUM = 16418909, bChange = 0.00221842, totNum = 40
ROUND = 2549, SUM = 16418909, bChange = 0.00221844, totNum = 40
ROUND = 2550, SUM = 16418909.0000001, bChange = 0.00221845, totNum = 39
ROUND = 2551, SUM = 16418909, bChange = 0.00221847, totNum = 39
ROUND = 2552, SUM = 16418909, bChange = 0.00221849, totNum = 39
ROUND = 2553, SUM = 16418909, bChange = 0.0022185, totNum = 39
ROUND = 2554, SUM = 16418909, bChange = 0.00221852, totNum = 39
ROUND = 2555, SUM = 16418909.0000001, bChange = 0.00221854, totNum = 39
ROUND = 2556, SUM = 16418909, bChange = 0.00221855, totNum = 39
ROUND = 2557, SUM = 16418909, bChange = 0.00221857, totNum = 39
ROUND = 2558, SUM = 16418909, bChange = 0.00221859, totNum = 39
ROUND = 2559, SUM = 16418909, bChange = 0.0022186, totNum = 39
ROUND = 2560, SUM = 16418909, bChange = 0.00221862, totNum = 39
ROUND = 2561, SUM = 16418909, bChange = 0.00221864, totNum = 39
ROUND = 2562, SUM = 16418909, bChange = 0.00221866, totNum = 39
ROUND = 2563, SUM = 16418909, bChange = 0.00221867, totNum = 39
ROUND = 2564, SUM = 16418909, bChange = 0.00221869, totNum = 38
ROUND = 2565, SUM = 16418909, bChange = 0.0022187, totNum = 38
ROUND = 2566, SUM = 16418909, bChange = 0.00221872, totNum = 38
ROUND = 2567, SUM = 16418908.9999999, bChange = 0.00221874, totNum = 38
ROUND = 2568, SUM = 16418909, bChange = 0.00221875, totNum = 38
ROUND = 2569, SUM = 16418909, bChange = 0.00221877, totNum = 37
ROUND = 2570, SUM = 16418909, bChange = 0.00221879, totNum = 37
ROUND = 2571, SUM = 16418909.0000001, bChange = 0.0022188, totNum = 37
ROUND = 2572, SUM = 16418909, bChange = 0.00221882, totNum = 37
ROUND = 2573, SUM = 16418909, bChange = 0.00221884, totNum = 37
ROUND = 2574, SUM = 16418909, bChange = 0.00221885, totNum = 37
ROUND = 2575, SUM = 16418909, bChange = 0.00221887, totNum = 36
ROUND = 2576, SUM = 16418909, bChange = 0.00221888, totNum = 36
ROUND = 2577, SUM = 16418909, bChange = 0.0022189, totNum = 36
ROUND = 2578, SUM = 16418909, bChange = 0.00221892, totNum = 36
ROUND = 2579, SUM = 16418909, bChange = 0.00221893, totNum = 36
ROUND = 2580, SUM = 16418909, bChange = 0.00221895, totNum = 36
ROUND = 2581, SUM = 16418909, bChange = 0.00221896, totNum = 36
ROUND = 2582, SUM = 16418909, bChange = 0.00221898, totNum = 36
ROUND = 2583, SUM = 16418909.0000001, bChange = 0.002219, totNum = 36
ROUND = 2584, SUM = 16418909.0000001, bChange = 0.00221901, totNum = 36
ROUND = 2585, SUM = 16418909, bChange = 0.00221903, totNum = 36
ROUND = 2586, SUM = 16418909, bChange = 0.00221904, totNum = 36
ROUND = 2587, SUM = 16418909, bChange = 0.00221906, totNum = 36
ROUND = 2588, SUM = 16418909.0000001, bChange = 0.00221908, totNum = 36
ROUND = 2589, SUM = 16418909, bChange = 0.00221909, totNum = 36
ROUND = 2590, SUM = 16418909, bChange = 0.00221911, totNum = 36
ROUND = 2591, SUM = 16418909, bChange = 0.00221912, totNum = 36
ROUND = 2592, SUM = 16418909, bChange = 0.00221914, totNum = 36
ROUND = 2593, SUM = 16418909.0000001, bChange = 0.00221915, totNum = 36
ROUND = 2594, SUM = 16418909, bChange = 0.00221917, totNum = 36
ROUND = 2595, SUM = 16418909, bChange = 0.00221918, totNum = 36
ROUND = 2596, SUM = 16418909, bChange = 0.0022192, totNum = 36
ROUND = 2597, SUM = 16418908.9999999, bChange = 0.00221922, totNum = 36
ROUND = 2598, SUM = 16418909, bChange = 0.00221923, totNum = 36
ROUND = 2599, SUM = 16418909, bChange = 0.00221925, totNum = 36
ROUND = 2600, SUM = 16418909, bChange = 0.00221926, totNum = 36
ROUND = 2601, SUM = 16418909, bChange = 0.00221928, totNum = 36
ROUND = 2602, SUM = 16418909, bChange = 0.00221929, totNum = 36
ROUND = 2603, SUM = 16418909, bChange = 0.00221931, totNum = 36
ROUND = 2604, SUM = 16418909, bChange = 0.00221932, totNum = 36
ROUND = 2605, SUM = 16418909, bChange = 0.00221934, totNum = 36
ROUND = 2606, SUM = 16418909, bChange = 0.00221935, totNum = 36
ROUND = 2607, SUM = 16418909.0000001, bChange = 0.00221937, totNum = 36
ROUND = 2608, SUM = 16418909, bChange = 0.00221938, totNum = 35
ROUND = 2609, SUM = 16418909, bChange = 0.0022194, totNum = 35
ROUND = 2610, SUM = 16418909, bChange = 0.00221941, totNum = 35
ROUND = 2611, SUM = 16418909, bChange = 0.00221943, totNum = 35
ROUND = 2612, SUM = 16418909, bChange = 0.00221944, totNum = 35
ROUND = 2613, SUM = 16418909, bChange = 0.00221946, totNum = 35
ROUND = 2614, SUM = 16418909, bChange = 0.00216874, totNum = 34
ROUND = 2615, SUM = 16418909, bChange = 0.00216873, totNum = 34
ROUND = 2616, SUM = 16418909, bChange = 0.00216873, totNum = 34
ROUND = 2617, SUM = 16418909, bChange = 0.00216873, totNum = 34
ROUND = 2618, SUM = 16418909, bChange = 0.00216872, totNum = 34
ROUND = 2619, SUM = 16418909, bChange = 0.00216872, totNum = 34
ROUND = 2620, SUM = 16418909, bChange = 0.00216871, totNum = 34
ROUND = 2621, SUM = 16418909, bChange = 0.00216871, totNum = 34
ROUND = 2622, SUM = 16418909, bChange = 0.00216871, totNum = 34
ROUND = 2623, SUM = 16418909, bChange = 0.0021687, totNum = 34
ROUND = 2624, SUM = 16418909, bChange = 0.0021687, totNum = 33
ROUND = 2625, SUM = 16418909, bChange = 0.00216869, totNum = 33
ROUND = 2626, SUM = 16418909, bChange = 0.00216869, totNum = 33
ROUND = 2627, SUM = 16418909, bChange = 0.00216869, totNum = 33
ROUND = 2628, SUM = 16418909, bChange = 0.00216868, totNum = 33
ROUND = 2629, SUM = 16418909, bChange = 0.00216868, totNum = 33
ROUND = 2630, SUM = 16418909, bChange = 0.00216868, totNum = 33
ROUND = 2631, SUM = 16418909, bChange = 0.00216867, totNum = 33
ROUND = 2632, SUM = 16418909, bChange = 0.00216867, totNum = 32
ROUND = 2633, SUM = 16418909, bChange = 0.00216866, totNum = 32
ROUND = 2634, SUM = 16418909, bChange = 0.00216866, totNum = 32
ROUND = 2635, SUM = 16418909, bChange = 0.00216866, totNum = 32
ROUND = 2636, SUM = 16418909, bChange = 0.00216865, totNum = 32
ROUND = 2637, SUM = 16418909, bChange = 0.00216865, totNum = 32
ROUND = 2638, SUM = 16418909, bChange = 0.00216864, totNum = 32
ROUND = 2639, SUM = 16418909, bChange = 0.00216864, totNum = 31
ROUND = 2640, SUM = 16418909.0000001, bChange = 0.00216864, totNum = 31
ROUND = 2641, SUM = 16418909, bChange = 0.00216863, totNum = 31
ROUND = 2642, SUM = 16418909, bChange = 0.00216863, totNum = 31
ROUND = 2643, SUM = 16418908.9999999, bChange = 0.00216863, totNum = 31
ROUND = 2644, SUM = 16418909, bChange = 0.00216862, totNum = 31
ROUND = 2645, SUM = 16418909, bChange = 0.00216862, totNum = 31
ROUND = 2646, SUM = 16418909, bChange = 0.00216861, totNum = 31
ROUND = 2647, SUM = 16418909, bChange = 0.00216861, totNum = 31
ROUND = 2648, SUM = 16418909, bChange = 0.00216861, totNum = 31
ROUND = 2649, SUM = 16418909, bChange = 0.0021686, totNum = 31
ROUND = 2650, SUM = 16418909, bChange = 0.0021686, totNum = 31
ROUND = 2651, SUM = 16418909, bChange = 0.0021686, totNum = 31
ROUND = 2652, SUM = 16418909, bChange = 0.00216859, totNum = 31
ROUND = 2653, SUM = 16418909, bChange = 0.00216859, totNum = 31
ROUND = 2654, SUM = 16418909, bChange = 0.00216859, totNum = 31
ROUND = 2655, SUM = 16418909, bChange = 0.00216858, totNum = 31
ROUND = 2656, SUM = 16418909, bChange = 0.00216858, totNum = 31
ROUND = 2657, SUM = 16418909.0000001, bChange = 0.00216857, totNum = 31
ROUND = 2658, SUM = 16418909, bChange = 0.00216857, totNum = 31
ROUND = 2659, SUM = 16418909, bChange = 0.00216857, totNum = 31
ROUND = 2660, SUM = 16418909, bChange = 0.00216856, totNum = 31
ROUND = 2661, SUM = 16418909, bChange = 0.00216856, totNum = 31
ROUND = 2662, SUM = 16418909, bChange = 0.00216856, totNum = 31
ROUND = 2663, SUM = 16418909.0000001, bChange = 0.00216855, totNum = 30
ROUND = 2664, SUM = 16418909, bChange = 0.00216855, totNum = 29
ROUND = 2665, SUM = 16418909, bChange = 0.00216855, totNum = 29
ROUND = 2666, SUM = 16418909, bChange = 0.00216854, totNum = 29
ROUND = 2667, SUM = 16418909, bChange = 0.00216854, totNum = 29
ROUND = 2668, SUM = 16418909, bChange = 0.00216854, totNum = 29
ROUND = 2669, SUM = 16418909, bChange = 0.00216853, totNum = 29
ROUND = 2670, SUM = 16418909, bChange = 0.00216853, totNum = 29
ROUND = 2671, SUM = 16418909, bChange = 0.00216852, totNum = 29
ROUND = 2672, SUM = 16418909, bChange = 0.00216852, totNum = 29
ROUND = 2673, SUM = 16418909, bChange = 0.00216852, totNum = 29
ROUND = 2674, SUM = 16418909, bChange = 0.00216851, totNum = 29
ROUND = 2675, SUM = 16418909, bChange = 0.00216851, totNum = 29
ROUND = 2676, SUM = 16418909, bChange = 0.00216851, totNum = 29
ROUND = 2677, SUM = 16418909, bChange = 0.0021685, totNum = 29
ROUND = 2678, SUM = 16418909, bChange = 0.0021685, totNum = 29
ROUND = 2679, SUM = 16418909, bChange = 0.0021685, totNum = 29
ROUND = 2680, SUM = 16418909, bChange = 0.00216849, totNum = 29
ROUND = 2681, SUM = 16418909, bChange = 0.00216849, totNum = 29
ROUND = 2682, SUM = 16418909, bChange = 0.00216849, totNum = 29
ROUND = 2683, SUM = 16418909, bChange = 0.00216848, totNum = 29
ROUND = 2684, SUM = 16418909, bChange = 0.00216848, totNum = 29
ROUND = 2685, SUM = 16418908.9999999, bChange = 0.00216848, totNum = 29
ROUND = 2686, SUM = 16418908.9999999, bChange = 0.00216847, totNum = 29
ROUND = 2687, SUM = 16418909, bChange = 0.00216847, totNum = 29
ROUND = 2688, SUM = 16418909, bChange = 0.00216847, totNum = 29
ROUND = 2689, SUM = 16418909, bChange = 0.00216846, totNum = 29
ROUND = 2690, SUM = 16418909, bChange = 0.00216846, totNum = 29
ROUND = 2691, SUM = 16418909, bChange = 0.00216846, totNum = 29
ROUND = 2692, SUM = 16418909, bChange = 0.00216845, totNum = 29
ROUND = 2693, SUM = 16418909, bChange = 0.00216845, totNum = 29
ROUND = 2694, SUM = 16418909, bChange = 0.00216845, totNum = 29
ROUND = 2695, SUM = 16418909, bChange = 0.00216844, totNum = 29
ROUND = 2696, SUM = 16418909, bChange = 0.00216844, totNum = 28
ROUND = 2697, SUM = 16418909, bChange = 0.00216844, totNum = 28
ROUND = 2698, SUM = 16418909, bChange = 0.00216843, totNum = 28
ROUND = 2699, SUM = 16418909.0000001, bChange = 0.00216843, totNum = 28
ROUND = 2700, SUM = 16418909, bChange = 0.00216843, totNum = 28
ROUND = 2701, SUM = 16418909, bChange = 0.00216842, totNum = 28
ROUND = 2702, SUM = 16418909, bChange = 0.00216842, totNum = 28
ROUND = 2703, SUM = 16418909, bChange = 0.00216842, totNum = 28
ROUND = 2704, SUM = 16418909, bChange = 0.00216841, totNum = 28
ROUND = 2705, SUM = 16418908.9999999, bChange = 0.00216841, totNum = 28
ROUND = 2706, SUM = 16418909, bChange = 0.00216841, totNum = 28
ROUND = 2707, SUM = 16418908.9999999, bChange = 0.0021684, totNum = 28
ROUND = 2708, SUM = 16418909, bChange = 0.0021684, totNum = 28
ROUND = 2709, SUM = 16418909, bChange = 0.0021684, totNum = 28
ROUND = 2710, SUM = 16418909, bChange = 0.00216839, totNum = 28
ROUND = 2711, SUM = 16418909, bChange = 0.00216839, totNum = 28
ROUND = 2712, SUM = 16418909, bChange = 0.00216839, totNum = 28
ROUND = 2713, SUM = 16418909, bChange = 0.00216838, totNum = 29
ROUND = 2714, SUM = 16418909, bChange = 0.00216838, totNum = 29
ROUND = 2715, SUM = 16418909, bChange = 0.00216838, totNum = 29
ROUND = 2716, SUM = 16418909, bChange = 0.00216837, totNum = 29
ROUND = 2717, SUM = 16418909, bChange = 0.00216837, totNum = 29
ROUND = 2718, SUM = 16418909, bChange = 0.00216837, totNum = 29
ROUND = 2719, SUM = 16418909, bChange = 0.00216836, totNum = 29
ROUND = 2720, SUM = 16418909, bChange = 0.00216836, totNum = 29
ROUND = 2721, SUM = 16418909, bChange = 0.00216836, totNum = 29
ROUND = 2722, SUM = 16418909, bChange = 0.00216835, totNum = 29
ROUND = 2723, SUM = 16418909, bChange = 0.00216835, totNum = 29
ROUND = 2724, SUM = 16418908.9999999, bChange = 0.00216835, totNum = 29
ROUND = 2725, SUM = 16418908.9999999, bChange = 0.00216835, totNum = 29
ROUND = 2726, SUM = 16418909, bChange = 0.00216834, totNum = 29
ROUND = 2727, SUM = 16418909, bChange = 0.00216834, totNum = 29
ROUND = 2728, SUM = 16418909, bChange = 0.00216834, totNum = 29
ROUND = 2729, SUM = 16418909, bChange = 0.00216833, totNum = 29
ROUND = 2730, SUM = 16418909, bChange = 0.00216833, totNum = 29
ROUND = 2731, SUM = 16418909, bChange = 0.00216833, totNum = 29
ROUND = 2732, SUM = 16418909, bChange = 0.00216832, totNum = 29
ROUND = 2733, SUM = 16418909, bChange = 0.00216832, totNum = 29
ROUND = 2734, SUM = 16418909, bChange = 0.00216832, totNum = 29
ROUND = 2735, SUM = 16418909, bChange = 0.00216831, totNum = 29
ROUND = 2736, SUM = 16418909, bChange = 0.00216831, totNum = 28
ROUND = 2737, SUM = 16418909, bChange = 0.00216831, totNum = 28
ROUND = 2738, SUM = 16418908.9999999, bChange = 0.0021683, totNum = 28
ROUND = 2739, SUM = 16418909, bChange = 0.0021683, totNum = 28
ROUND = 2740, SUM = 16418909, bChange = 0.0021683, totNum = 28
ROUND = 2741, SUM = 16418909, bChange = 0.0021683, totNum = 28
ROUND = 2742, SUM = 16418909, bChange = 0.00216829, totNum = 28
ROUND = 2743, SUM = 16418909, bChange = 0.00216829, totNum = 28
ROUND = 2744, SUM = 16418909, bChange = 0.00216829, totNum = 28
ROUND = 2745, SUM = 16418909, bChange = 0.00216828, totNum = 28
ROUND = 2746, SUM = 16418909, bChange = 0.00216828, totNum = 28
ROUND = 2747, SUM = 16418909, bChange = 0.00216828, totNum = 28
ROUND = 2748, SUM = 16418909, bChange = 0.00216827, totNum = 28
ROUND = 2749, SUM = 16418909, bChange = 0.00216827, totNum = 28
ROUND = 2750, SUM = 16418909, bChange = 0.00216827, totNum = 28
ROUND = 2751, SUM = 16418908.9999999, bChange = 0.00216827, totNum = 28
ROUND = 2752, SUM = 16418909.0000001, bChange = 0.00216826, totNum = 28
ROUND = 2753, SUM = 16418909, bChange = 0.00216826, totNum = 28
ROUND = 2754, SUM = 16418909, bChange = 0.00216826, totNum = 28
ROUND = 2755, SUM = 16418909, bChange = 0.00216825, totNum = 28
ROUND = 2756, SUM = 16418909, bChange = 0.00216825, totNum = 28
ROUND = 2757, SUM = 16418909, bChange = 0.00216825, totNum = 28
ROUND = 2758, SUM = 16418909, bChange = 0.00216824, totNum = 28
ROUND = 2759, SUM = 16418909, bChange = 0.00216824, totNum = 28
ROUND = 2760, SUM = 16418909, bChange = 0.00216824, totNum = 28
ROUND = 2761, SUM = 16418909, bChange = 0.00216824, totNum = 28
ROUND = 2762, SUM = 16418909, bChange = 0.00216823, totNum = 28
ROUND = 2763, SUM = 16418908.9999999, bChange = 0.00216823, totNum = 28
ROUND = 2764, SUM = 16418909, bChange = 0.00216823, totNum = 28
ROUND = 2765, SUM = 16418909, bChange = 0.00216822, totNum = 28
ROUND = 2766, SUM = 16418909, bChange = 0.00216822, totNum = 28
ROUND = 2767, SUM = 16418909, bChange = 0.00216822, totNum = 28
ROUND = 2768, SUM = 16418909, bChange = 0.00216822, totNum = 28
ROUND = 2769, SUM = 16418909, bChange = 0.00216821, totNum = 28
ROUND = 2770, SUM = 16418909, bChange = 0.00216821, totNum = 28
ROUND = 2771, SUM = 16418909, bChange = 0.00216821, totNum = 28
ROUND = 2772, SUM = 16418909, bChange = 0.0021682, totNum = 28
ROUND = 2773, SUM = 16418909, bChange = 0.0021682, totNum = 28
ROUND = 2774, SUM = 16418909, bChange = 0.0021682, totNum = 28
ROUND = 2775, SUM = 16418909, bChange = 0.0021682, totNum = 28
ROUND = 2776, SUM = 16418909, bChange = 0.00216819, totNum = 28
ROUND = 2777, SUM = 16418909, bChange = 0.00216819, totNum = 28
ROUND = 2778, SUM = 16418909, bChange = 0.00216819, totNum = 28
ROUND = 2779, SUM = 16418909, bChange = 0.00216818, totNum = 27
ROUND = 2780, SUM = 16418909, bChange = 0.00216818, totNum = 27
ROUND = 2781, SUM = 16418909, bChange = 0.00216818, totNum = 27
ROUND = 2782, SUM = 16418909, bChange = 0.00216818, totNum = 27
ROUND = 2783, SUM = 16418909, bChange = 0.00216817, totNum = 27
ROUND = 2784, SUM = 16418909, bChange = 0.00216817, totNum = 27
ROUND = 2785, SUM = 16418909, bChange = 0.00216817, totNum = 27
ROUND = 2786, SUM = 16418909, bChange = 0.00216817, totNum = 27
ROUND = 2787, SUM = 16418909, bChange = 0.00216816, totNum = 27
ROUND = 2788, SUM = 16418909, bChange = 0.00216816, totNum = 27
ROUND = 2789, SUM = 16418909, bChange = 0.00216816, totNum = 27
ROUND = 2790, SUM = 16418909, bChange = 0.00216815, totNum = 27
ROUND = 2791, SUM = 16418909, bChange = 0.00216815, totNum = 27
ROUND = 2792, SUM = 16418909, bChange = 0.00216815, totNum = 27
ROUND = 2793, SUM = 16418909.0000001, bChange = 0.00216815, totNum = 27
ROUND = 2794, SUM = 16418909.0000001, bChange = 0.00216814, totNum = 27
ROUND = 2795, SUM = 16418909, bChange = 0.00216814, totNum = 27
ROUND = 2796, SUM = 16418909, bChange = 0.00216814, totNum = 27
ROUND = 2797, SUM = 16418909.0000001, bChange = 0.00216814, totNum = 27
ROUND = 2798, SUM = 16418909, bChange = 0.00216813, totNum = 27
ROUND = 2799, SUM = 16418909, bChange = 0.00216813, totNum = 27
ROUND = 2800, SUM = 16418909, bChange = 0.00216813, totNum = 27
ROUND = 2801, SUM = 16418909, bChange = 0.00216812, totNum = 26
ROUND = 2802, SUM = 16418909, bChange = 0.00216812, totNum = 26
ROUND = 2803, SUM = 16418909, bChange = 0.00216812, totNum = 26
ROUND = 2804, SUM = 16418909, bChange = 0.00216812, totNum = 26
ROUND = 2805, SUM = 16418909, bChange = 0.00216811, totNum = 26
ROUND = 2806, SUM = 16418909, bChange = 0.00216811, totNum = 26
ROUND = 2807, SUM = 16418909, bChange = 0.00216811, totNum = 26
ROUND = 2808, SUM = 16418909.0000001, bChange = 0.00216811, totNum = 26
ROUND = 2809, SUM = 16418909, bChange = 0.0021681, totNum = 26
ROUND = 2810, SUM = 16418909, bChange = 0.0021681, totNum = 26
ROUND = 2811, SUM = 16418909.0000001, bChange = 0.0021681, totNum = 26
ROUND = 2812, SUM = 16418909, bChange = 0.0021681, totNum = 26
ROUND = 2813, SUM = 16418909, bChange = 0.00216809, totNum = 26
ROUND = 2814, SUM = 16418909.0000001, bChange = 0.00216809, totNum = 26
ROUND = 2815, SUM = 16418909, bChange = 0.00216809, totNum = 26
ROUND = 2816, SUM = 16418909, bChange = 0.00216808, totNum = 26
ROUND = 2817, SUM = 16418909, bChange = 0.00216808, totNum = 26
ROUND = 2818, SUM = 16418909.0000001, bChange = 0.00216808, totNum = 26
ROUND = 2819, SUM = 16418909, bChange = 0.00216808, totNum = 26
ROUND = 2820, SUM = 16418909, bChange = 0.00216807, totNum = 26
ROUND = 2821, SUM = 16418909, bChange = 0.00216807, totNum = 26
ROUND = 2822, SUM = 16418909, bChange = 0.00216807, totNum = 26
ROUND = 2823, SUM = 16418909, bChange = 0.00216807, totNum = 26
ROUND = 2824, SUM = 16418909.0000001, bChange = 0.00216806, totNum = 26
ROUND = 2825, SUM = 16418909, bChange = 0.00216806, totNum = 26
ROUND = 2826, SUM = 16418909, bChange = 0.00216806, totNum = 26
ROUND = 2827, SUM = 16418909, bChange = 0.00216806, totNum = 26
ROUND = 2828, SUM = 16418909, bChange = 0.00216805, totNum = 24
ROUND = 2829, SUM = 16418909, bChange = 0.00216805, totNum = 24
ROUND = 2830, SUM = 16418909, bChange = 0.00216805, totNum = 24
ROUND = 2831, SUM = 16418909, bChange = 0.00216805, totNum = 24
ROUND = 2832, SUM = 16418909, bChange = 0.00216804, totNum = 24
ROUND = 2833, SUM = 16418909, bChange = 0.00216804, totNum = 24
ROUND = 2834, SUM = 16418909, bChange = 0.00216804, totNum = 24
ROUND = 2835, SUM = 16418909, bChange = 0.00216804, totNum = 24
ROUND = 2836, SUM = 16418909.0000001, bChange = 0.00216803, totNum = 24
ROUND = 2837, SUM = 16418909, bChange = 0.00216803, totNum = 24
ROUND = 2838, SUM = 16418909, bChange = 0.00216803, totNum = 24
ROUND = 2839, SUM = 16418909, bChange = 0.00216803, totNum = 24
ROUND = 2840, SUM = 16418909, bChange = 0.00216802, totNum = 24
ROUND = 2841, SUM = 16418909, bChange = 0.00216802, totNum = 24
ROUND = 2842, SUM = 16418909, bChange = 0.00216802, totNum = 24
ROUND = 2843, SUM = 16418909, bChange = 0.00216802, totNum = 24
ROUND = 2844, SUM = 16418909.0000001, bChange = 0.00216801, totNum = 24
ROUND = 2845, SUM = 16418909, bChange = 0.00216801, totNum = 24
ROUND = 2846, SUM = 16418909, bChange = 0.00216801, totNum = 24
ROUND = 2847, SUM = 16418909.0000001, bChange = 0.00216801, totNum = 24
ROUND = 2848, SUM = 16418909, bChange = 0.002168, totNum = 24
ROUND = 2849, SUM = 16418909, bChange = 0.002168, totNum = 24
ROUND = 2850, SUM = 16418909, bChange = 0.002168, totNum = 24
ROUND = 2851, SUM = 16418909, bChange = 0.002168, totNum = 24
ROUND = 2852, SUM = 16418909, bChange = 0.00216799, totNum = 24
ROUND = 2853, SUM = 16418909, bChange = 0.00216799, totNum = 23
ROUND = 2854, SUM = 16418908.9999999, bChange = 0.00216799, totNum = 23
ROUND = 2855, SUM = 16418909, bChange = 0.00216799, totNum = 23
ROUND = 2856, SUM = 16418909, bChange = 0.00216799, totNum = 23
ROUND = 2857, SUM = 16418909, bChange = 0.00216798, totNum = 23
ROUND = 2858, SUM = 16418908.9999999, bChange = 0.00216798, totNum = 23
ROUND = 2859, SUM = 16418909, bChange = 0.00216798, totNum = 23
ROUND = 2860, SUM = 16418908.9999999, bChange = 0.00216798, totNum = 23
ROUND = 2861, SUM = 16418909, bChange = 0.00216797, totNum = 23
ROUND = 2862, SUM = 16418909, bChange = 0.00216797, totNum = 23
ROUND = 2863, SUM = 16418909, bChange = 0.00216797, totNum = 22
ROUND = 2864, SUM = 16418909, bChange = 0.00216797, totNum = 22
ROUND = 2865, SUM = 16418909, bChange = 0.00216796, totNum = 22
ROUND = 2866, SUM = 16418909, bChange = 0.00216796, totNum = 22
ROUND = 2867, SUM = 16418909, bChange = 0.00216796, totNum = 22
ROUND = 2868, SUM = 16418909, bChange = 0.00216796, totNum = 22
ROUND = 2869, SUM = 16418909, bChange = 0.00216795, totNum = 22
ROUND = 2870, SUM = 16418909, bChange = 0.00216795, totNum = 22
ROUND = 2871, SUM = 16418909, bChange = 0.00216795, totNum = 22
ROUND = 2872, SUM = 16418909, bChange = 0.00216795, totNum = 22
ROUND = 2873, SUM = 16418909, bChange = 0.00216795, totNum = 22
ROUND = 2874, SUM = 16418909, bChange = 0.00216794, totNum = 22
ROUND = 2875, SUM = 16418909, bChange = 0.00216794, totNum = 22
ROUND = 2876, SUM = 16418909.0000001, bChange = 0.00216794, totNum = 22
ROUND = 2877, SUM = 16418909.0000001, bChange = 0.00216794, totNum = 22
ROUND = 2878, SUM = 16418909, bChange = 0.00216793, totNum = 22
ROUND = 2879, SUM = 16418909, bChange = 0.00216793, totNum = 22
ROUND = 2880, SUM = 16418909.0000001, bChange = 0.00216793, totNum = 22
ROUND = 2881, SUM = 16418909, bChange = 0.00216793, totNum = 22
ROUND = 2882, SUM = 16418909, bChange = 0.00216792, totNum = 22
ROUND = 2883, SUM = 16418909, bChange = 0.00216792, totNum = 22
ROUND = 2884, SUM = 16418909, bChange = 0.00216792, totNum = 22
ROUND = 2885, SUM = 16418909, bChange = 0.00216792, totNum = 22
ROUND = 2886, SUM = 16418909, bChange = 0.00216792, totNum = 22
ROUND = 2887, SUM = 16418909, bChange = 0.00216791, totNum = 22
ROUND = 2888, SUM = 16418909, bChange = 0.00216791, totNum = 22
ROUND = 2889, SUM = 16418909, bChange = 0.00216791, totNum = 22
ROUND = 2890, SUM = 16418909, bChange = 0.00216791, totNum = 22
ROUND = 2891, SUM = 16418909, bChange = 0.0021679, totNum = 22
ROUND = 2892, SUM = 16418909, bChange = 0.0021679, totNum = 22
ROUND = 2893, SUM = 16418909, bChange = 0.0021679, totNum = 22
ROUND = 2894, SUM = 16418909, bChange = 0.0021679, totNum = 21
ROUND = 2895, SUM = 16418909, bChange = 0.0021679, totNum = 21
ROUND = 2896, SUM = 16418909, bChange = 0.00216789, totNum = 21
ROUND = 2897, SUM = 16418909, bChange = 0.00216789, totNum = 21
ROUND = 2898, SUM = 16418909, bChange = 0.00216789, totNum = 21
ROUND = 2899, SUM = 16418909, bChange = 0.00216789, totNum = 21
ROUND = 2900, SUM = 16418909, bChange = 0.00216789, totNum = 21
ROUND = 2901, SUM = 16418909, bChange = 0.00216788, totNum = 21
ROUND = 2902, SUM = 16418909, bChange = 0.00216788, totNum = 21
ROUND = 2903, SUM = 16418909, bChange = 0.00216788, totNum = 21
ROUND = 2904, SUM = 16418909, bChange = 0.00216788, totNum = 21
ROUND = 2905, SUM = 16418909, bChange = 0.00216787, totNum = 21
ROUND = 2906, SUM = 16418909, bChange = 0.00216787, totNum = 21
ROUND = 2907, SUM = 16418909, bChange = 0.00216787, totNum = 21
ROUND = 2908, SUM = 16418909, bChange = 0.00216787, totNum = 21
ROUND = 2909, SUM = 16418909, bChange = 0.00216787, totNum = 21
ROUND = 2910, SUM = 16418909, bChange = 0.00216786, totNum = 20
ROUND = 2911, SUM = 16418909, bChange = 0.00216786, totNum = 20
ROUND = 2912, SUM = 16418909.0000001, bChange = 0.00216786, totNum = 20
ROUND = 2913, SUM = 16418909.0000001, bChange = 0.00216786, totNum = 20
ROUND = 2914, SUM = 16418909.0000001, bChange = 0.00216786, totNum = 20
ROUND = 2915, SUM = 16418909, bChange = 0.00216785, totNum = 20
ROUND = 2916, SUM = 16418909, bChange = 0.00216785, totNum = 20
ROUND = 2917, SUM = 16418909, bChange = 0.00216785, totNum = 20
ROUND = 2918, SUM = 16418909, bChange = 0.00216785, totNum = 20
ROUND = 2919, SUM = 16418909, bChange = 0.00216784, totNum = 20
ROUND = 2920, SUM = 16418909.0000001, bChange = 0.00216784, totNum = 20
ROUND = 2921, SUM = 16418909, bChange = 0.00216784, totNum = 20
ROUND = 2922, SUM = 16418909, bChange = 0.00216784, totNum = 20
ROUND = 2923, SUM = 16418909, bChange = 0.00216784, totNum = 20
ROUND = 2924, SUM = 16418909, bChange = 0.00216783, totNum = 20
ROUND = 2925, SUM = 16418909, bChange = 0.00216783, totNum = 20
ROUND = 2926, SUM = 16418909, bChange = 0.00216783, totNum = 20
ROUND = 2927, SUM = 16418909, bChange = 0.00216783, totNum = 20
ROUND = 2928, SUM = 16418909, bChange = 0.00216783, totNum = 20
ROUND = 2929, SUM = 16418909, bChange = 0.00216782, totNum = 20
ROUND = 2930, SUM = 16418909, bChange = 0.00216782, totNum = 20
ROUND = 2931, SUM = 16418909, bChange = 0.00216782, totNum = 20
ROUND = 2932, SUM = 16418909, bChange = 0.00216782, totNum = 20
ROUND = 2933, SUM = 16418909, bChange = 0.00216782, totNum = 20
ROUND = 2934, SUM = 16418909, bChange = 0.00216781, totNum = 20
ROUND = 2935, SUM = 16418909, bChange = 0.00216781, totNum = 20
ROUND = 2936, SUM = 16418909.0000001, bChange = 0.00216781, totNum = 20
ROUND = 2937, SUM = 16418909, bChange = 0.00216781, totNum = 20
ROUND = 2938, SUM = 16418909, bChange = 0.00216781, totNum = 20
ROUND = 2939, SUM = 16418909, bChange = 0.0021678, totNum = 20
ROUND = 2940, SUM = 16418909, bChange = 0.0021678, totNum = 20
ROUND = 2941, SUM = 16418909, bChange = 0.0021678, totNum = 20
ROUND = 2942, SUM = 16418909, bChange = 0.0021678, totNum = 20
ROUND = 2943, SUM = 16418909, bChange = 0.0021678, totNum = 20
ROUND = 2944, SUM = 16418909, bChange = 0.00216779, totNum = 20
ROUND = 2945, SUM = 16418909, bChange = 0.00216779, totNum = 20
ROUND = 2946, SUM = 16418909, bChange = 0.00216779, totNum = 20
ROUND = 2947, SUM = 16418909, bChange = 0.00216779, totNum = 20
ROUND = 2948, SUM = 16418909, bChange = 0.00216779, totNum = 20
ROUND = 2949, SUM = 16418909, bChange = 0.00216778, totNum = 20
ROUND = 2950, SUM = 16418909, bChange = 0.00216778, totNum = 20
ROUND = 2951, SUM = 16418909, bChange = 0.00216778, totNum = 20
ROUND = 2952, SUM = 16418909, bChange = 0.00216778, totNum = 20
ROUND = 2953, SUM = 16418908.9999999, bChange = 0.00216778, totNum = 20
ROUND = 2954, SUM = 16418909, bChange = 0.00216777, totNum = 20
ROUND = 2955, SUM = 16418909.0000001, bChange = 0.00216777, totNum = 20
ROUND = 2956, SUM = 16418909, bChange = 0.00216777, totNum = 20
ROUND = 2957, SUM = 16418909, bChange = 0.00216777, totNum = 20
ROUND = 2958, SUM = 16418909.0000001, bChange = 0.00216777, totNum = 20
ROUND = 2959, SUM = 16418909, bChange = 0.00216776, totNum = 20
ROUND = 2960, SUM = 16418909, bChange = 0.00216776, totNum = 20
ROUND = 2961, SUM = 16418909, bChange = 0.00216776, totNum = 20
ROUND = 2962, SUM = 16418909, bChange = 0.00216776, totNum = 20
ROUND = 2963, SUM = 16418909, bChange = 0.00216776, totNum = 20
ROUND = 2964, SUM = 16418909, bChange = 0.00216775, totNum = 20
ROUND = 2965, SUM = 16418909, bChange = 0.00216775, totNum = 20
ROUND = 2966, SUM = 16418909, bChange = 0.00216775, totNum = 20
ROUND = 2967, SUM = 16418909, bChange = 0.00216775, totNum = 20
ROUND = 2968, SUM = 16418909, bChange = 0.00216775, totNum = 20
ROUND = 2969, SUM = 16418909, bChange = 0.00216775, totNum = 20
ROUND = 2970, SUM = 16418909, bChange = 0.00216774, totNum = 20
ROUND = 2971, SUM = 16418909.0000001, bChange = 0.00216774, totNum = 20
ROUND = 2972, SUM = 16418909, bChange = 0.00216774, totNum = 20
ROUND = 2973, SUM = 16418909, bChange = 0.00216774, totNum = 20
ROUND = 2974, SUM = 16418909, bChange = 0.00216774, totNum = 20
ROUND = 2975, SUM = 16418909, bChange = 0.00216773, totNum = 20
ROUND = 2976, SUM = 16418909.0000001, bChange = 0.00216773, totNum = 20
ROUND = 2977, SUM = 16418909, bChange = 0.00216773, totNum = 20
ROUND = 2978, SUM = 16418909, bChange = 0.00216773, totNum = 20
ROUND = 2979, SUM = 16418909.0000001, bChange = 0.00216773, totNum = 20
ROUND = 2980, SUM = 16418909, bChange = 0.00216773, totNum = 20
ROUND = 2981, SUM = 16418909, bChange = 0.00216772, totNum = 20
ROUND = 2982, SUM = 16418909, bChange = 0.00216772, totNum = 20
ROUND = 2983, SUM = 16418909, bChange = 0.00216772, totNum = 20
ROUND = 2984, SUM = 16418909, bChange = 0.00216772, totNum = 20
ROUND = 2985, SUM = 16418909, bChange = 0.00216772, totNum = 20
ROUND = 2986, SUM = 16418909, bChange = 0.00216771, totNum = 20
ROUND = 2987, SUM = 16418909.0000001, bChange = 0.00216771, totNum = 20
ROUND = 2988, SUM = 16418909.0000001, bChange = 0.00216771, totNum = 20
ROUND = 2989, SUM = 16418909.0000001, bChange = 0.00216771, totNum = 20
ROUND = 2990, SUM = 16418909.0000001, bChange = 0.00216771, totNum = 20
ROUND = 2991, SUM = 16418909, bChange = 0.00216771, totNum = 20
ROUND = 2992, SUM = 16418909, bChange = 0.0021677, totNum = 20
ROUND = 2993, SUM = 16418909, bChange = 0.0021677, totNum = 20
ROUND = 2994, SUM = 16418909, bChange = 0.0021677, totNum = 20
ROUND = 2995, SUM = 16418909, bChange = 0.0021677, totNum = 20
ROUND = 2996, SUM = 16418909, bChange = 0.0021677, totNum = 20
ROUND = 2997, SUM = 16418909, bChange = 0.00216769, totNum = 20
ROUND = 2998, SUM = 16418909, bChange = 0.00216769, totNum = 20
ROUND = 2999, SUM = 16418909.0000001, bChange = 0.00216769, totNum = 20
ROUND = 3000, SUM = 16418909.0000001, bChange = 0.00216769, totNum = 20
ROUND = 3001, SUM = 16418909.0000001, bChange = 0.00216769, totNum = 20
ROUND = 3002, SUM = 16418909, bChange = 0.00216769, totNum = 20
ROUND = 3003, SUM = 16418909.0000001, bChange = 0.00216768, totNum = 20
ROUND = 3004, SUM = 16418909, bChange = 0.00216768, totNum = 20
ROUND = 3005, SUM = 16418909, bChange = 0.00216768, totNum = 20
ROUND = 3006, SUM = 16418909, bChange = 0.00216768, totNum = 20
ROUND = 3007, SUM = 16418909, bChange = 0.00216768, totNum = 20
ROUND = 3008, SUM = 16418909, bChange = 0.00216768, totNum = 20
ROUND = 3009, SUM = 16418908.9999999, bChange = 0.00216767, totNum = 20
ROUND = 3010, SUM = 16418909.0000001, bChange = 0.00216767, totNum = 20
ROUND = 3011, SUM = 16418909, bChange = 0.00216767, totNum = 20
ROUND = 3012, SUM = 16418909, bChange = 0.00216767, totNum = 20
ROUND = 3013, SUM = 16418909, bChange = 0.00216767, totNum = 20
ROUND = 3014, SUM = 16418909, bChange = 0.00216766, totNum = 20
ROUND = 3015, SUM = 16418909, bChange = 0.00216766, totNum = 20
ROUND = 3016, SUM = 16418909, bChange = 0.00216766, totNum = 20
ROUND = 3017, SUM = 16418909, bChange = 0.00216766, totNum = 20
ROUND = 3018, SUM = 16418909, bChange = 0.00216766, totNum = 20
ROUND = 3019, SUM = 16418909, bChange = 0.00216766, totNum = 20
ROUND = 3020, SUM = 16418909.0000001, bChange = 0.00216765, totNum = 20
ROUND = 3021, SUM = 16418909.0000001, bChange = 0.00216765, totNum = 19
ROUND = 3022, SUM = 16418909, bChange = 0.00216765, totNum = 19
ROUND = 3023, SUM = 16418909, bChange = 0.00216765, totNum = 19
ROUND = 3024, SUM = 16418909, bChange = 0.00216765, totNum = 19
ROUND = 3025, SUM = 16418909, bChange = 0.00216765, totNum = 19
ROUND = 3026, SUM = 16418909, bChange = 0.00216764, totNum = 19
ROUND = 3027, SUM = 16418909, bChange = 0.00216764, totNum = 19
ROUND = 3028, SUM = 16418909.0000001, bChange = 0.00216764, totNum = 19
ROUND = 3029, SUM = 16418909, bChange = 0.00216764, totNum = 19
ROUND = 3030, SUM = 16418909, bChange = 0.00216764, totNum = 19
ROUND = 3031, SUM = 16418909, bChange = 0.00216764, totNum = 19
ROUND = 3032, SUM = 16418909.0000001, bChange = 0.00216763, totNum = 19
ROUND = 3033, SUM = 16418909, bChange = 0.00216763, totNum = 19
ROUND = 3034, SUM = 16418909, bChange = 0.00216763, totNum = 19
ROUND = 3035, SUM = 16418909, bChange = 0.00216763, totNum = 19
ROUND = 3036, SUM = 16418909, bChange = 0.00216763, totNum = 19
ROUND = 3037, SUM = 16418909.0000001, bChange = 0.00216763, totNum = 19
ROUND = 3038, SUM = 16418909.0000001, bChange = 0.00216762, totNum = 19
ROUND = 3039, SUM = 16418909, bChange = 0.00216762, totNum = 19
ROUND = 3040, SUM = 16418909, bChange = 0.00216762, totNum = 19
ROUND = 3041, SUM = 16418909, bChange = 0.00216762, totNum = 19
ROUND = 3042, SUM = 16418909, bChange = 0.00216762, totNum = 19
ROUND = 3043, SUM = 16418909.0000001, bChange = 0.00216762, totNum = 19
ROUND = 3044, SUM = 16418909, bChange = 0.00216762, totNum = 19
ROUND = 3045, SUM = 16418909, bChange = 0.00216761, totNum = 18
ROUND = 3046, SUM = 16418909, bChange = 0.00216761, totNum = 18
ROUND = 3047, SUM = 16418909, bChange = 0.00216761, totNum = 18
ROUND = 3048, SUM = 16418909, bChange = 0.00216761, totNum = 18
ROUND = 3049, SUM = 16418909, bChange = 0.00216761, totNum = 17
ROUND = 3050, SUM = 16418909.0000001, bChange = 0.00216761, totNum = 17
ROUND = 3051, SUM = 16418909, bChange = 0.0021676, totNum = 17
ROUND = 3052, SUM = 16418909, bChange = 0.0021676, totNum = 17
ROUND = 3053, SUM = 16418909.0000001, bChange = 0.0021676, totNum = 17
ROUND = 3054, SUM = 16418909.0000001, bChange = 0.0021676, totNum = 17
ROUND = 3055, SUM = 16418909, bChange = 0.0021676, totNum = 17
ROUND = 3056, SUM = 16418909.0000001, bChange = 0.0021676, totNum = 17
ROUND = 3057, SUM = 16418909, bChange = 0.00216759, totNum = 17
ROUND = 3058, SUM = 16418909.0000001, bChange = 0.00216759, totNum = 17
ROUND = 3059, SUM = 16418909, bChange = 0.00216759, totNum = 17
ROUND = 3060, SUM = 16418909, bChange = 0.00216759, totNum = 17
ROUND = 3061, SUM = 16418909.0000001, bChange = 0.00216759, totNum = 17
ROUND = 3062, SUM = 16418909, bChange = 0.00216759, totNum = 17
ROUND = 3063, SUM = 16418909, bChange = 0.00216759, totNum = 17
ROUND = 3064, SUM = 16418909, bChange = 0.00155644, totNum = 16
ROUND = 3065, SUM = 16418909, bChange = 0.00155644, totNum = 16
ROUND = 3066, SUM = 16418909.0000001, bChange = 0.00155645, totNum = 16
ROUND = 3067, SUM = 16418909, bChange = 0.00155646, totNum = 16
ROUND = 3068, SUM = 16418909, bChange = 0.00155647, totNum = 15
ROUND = 3069, SUM = 16418909, bChange = 0.00155647, totNum = 15
ROUND = 3070, SUM = 16418909, bChange = 0.00155648, totNum = 15
ROUND = 3071, SUM = 16418909, bChange = 0.00155649, totNum = 15
ROUND = 3072, SUM = 16418909, bChange = 0.00155649, totNum = 15
ROUND = 3073, SUM = 16418909, bChange = 0.0015565, totNum = 15
ROUND = 3074, SUM = 16418909, bChange = 0.00155651, totNum = 15
ROUND = 3075, SUM = 16418909, bChange = 0.00155652, totNum = 15
ROUND = 3076, SUM = 16418909, bChange = 0.00155652, totNum = 15
ROUND = 3077, SUM = 16418909.0000001, bChange = 0.00155653, totNum = 15
ROUND = 3078, SUM = 16418909, bChange = 0.00155654, totNum = 15
ROUND = 3079, SUM = 16418909.0000001, bChange = 0.00155655, totNum = 15
ROUND = 3080, SUM = 16418909, bChange = 0.00155655, totNum = 15
ROUND = 3081, SUM = 16418909, bChange = 0.00155656, totNum = 15
ROUND = 3082, SUM = 16418909.0000001, bChange = 0.00155657, totNum = 15
ROUND = 3083, SUM = 16418909, bChange = 0.00155657, totNum = 15
ROUND = 3084, SUM = 16418909, bChange = 0.00155658, totNum = 15
ROUND = 3085, SUM = 16418909, bChange = 0.00155659, totNum = 15
ROUND = 3086, SUM = 16418909, bChange = 0.0015566, totNum = 15
ROUND = 3087, SUM = 16418909, bChange = 0.0015566, totNum = 15
ROUND = 3088, SUM = 16418909, bChange = 0.00155661, totNum = 15
ROUND = 3089, SUM = 16418909.0000001, bChange = 0.00155662, totNum = 15
ROUND = 3090, SUM = 16418909, bChange = 0.00155662, totNum = 15
ROUND = 3091, SUM = 16418909.0000001, bChange = 0.00154632, totNum = 14
ROUND = 3092, SUM = 16418909, bChange = 0.00154633, totNum = 14
ROUND = 3093, SUM = 16418909, bChange = 0.00154635, totNum = 14
ROUND = 3094, SUM = 16418909.0000001, bChange = 0.00154637, totNum = 14
ROUND = 3095, SUM = 16418909, bChange = 0.00154638, totNum = 14
ROUND = 3096, SUM = 16418909.0000001, bChange = 0.0015464, totNum = 14
ROUND = 3097, SUM = 16418909, bChange = 0.00154641, totNum = 14
ROUND = 3098, SUM = 16418909.0000001, bChange = 0.00154643, totNum = 14
ROUND = 3099, SUM = 16418909.0000001, bChange = 0.00154645, totNum = 14
ROUND = 3100, SUM = 16418909, bChange = 0.00154646, totNum = 14
ROUND = 3101, SUM = 16418909.0000001, bChange = 0.00154648, totNum = 14
ROUND = 3102, SUM = 16418909, bChange = 0.00154649, totNum = 14
ROUND = 3103, SUM = 16418909, bChange = 0.00154651, totNum = 14
ROUND = 3104, SUM = 16418909, bChange = 0.00154653, totNum = 14
ROUND = 3105, SUM = 16418909.0000001, bChange = 0.00154654, totNum = 14
ROUND = 3106, SUM = 16418909, bChange = 0.00154656, totNum = 13
ROUND = 3107, SUM = 16418909, bChange = 0.00154657, totNum = 13
ROUND = 3108, SUM = 16418909.0000001, bChange = 0.00154659, totNum = 13
ROUND = 3109, SUM = 16418909, bChange = 0.00154661, totNum = 13
ROUND = 3110, SUM = 16418909, bChange = 0.00154662, totNum = 13
ROUND = 3111, SUM = 16418909, bChange = 0.00154664, totNum = 13
ROUND = 3112, SUM = 16418909, bChange = 0.00154665, totNum = 13
ROUND = 3113, SUM = 16418909, bChange = 0.00154667, totNum = 13
ROUND = 3114, SUM = 16418909, bChange = 0.00154668, totNum = 13
ROUND = 3115, SUM = 16418909, bChange = 0.0015467, totNum = 13
ROUND = 3116, SUM = 16418909, bChange = 0.00154672, totNum = 13
ROUND = 3117, SUM = 16418909, bChange = 0.00154673, totNum = 13
ROUND = 3118, SUM = 16418909, bChange = 0.00154675, totNum = 13
ROUND = 3119, SUM = 16418909, bChange = 0.00154676, totNum = 13
ROUND = 3120, SUM = 16418909, bChange = 0.00154678, totNum = 13
ROUND = 3121, SUM = 16418909, bChange = 0.00154679, totNum = 12
ROUND = 3122, SUM = 16418909, bChange = 0.00154681, totNum = 12
ROUND = 3123, SUM = 16418909, bChange = 0.00154682, totNum = 12
ROUND = 3124, SUM = 16418909, bChange = 0.00154684, totNum = 12
ROUND = 3125, SUM = 16418909, bChange = 0.00154685, totNum = 12
ROUND = 3126, SUM = 16418909, bChange = 0.00154687, totNum = 12
ROUND = 3127, SUM = 16418909, bChange = 0.00154688, totNum = 12
ROUND = 3128, SUM = 16418909, bChange = 0.0015469, totNum = 12
ROUND = 3129, SUM = 16418909, bChange = 0.00154692, totNum = 12
ROUND = 3130, SUM = 16418909, bChange = 0.00154693, totNum = 12
ROUND = 3131, SUM = 16418909.0000001, bChange = 0.00154695, totNum = 12
ROUND = 3132, SUM = 16418909.0000001, bChange = 0.00154696, totNum = 12
ROUND = 3133, SUM = 16418909.0000001, bChange = 0.00154698, totNum = 12
ROUND = 3134, SUM = 16418909, bChange = 0.00154699, totNum = 12
ROUND = 3135, SUM = 16418909, bChange = 0.00154701, totNum = 12
ROUND = 3136, SUM = 16418909.0000001, bChange = 0.00154702, totNum = 12
ROUND = 3137, SUM = 16418909, bChange = 0.00154704, totNum = 12
ROUND = 3138, SUM = 16418909, bChange = 0.00154705, totNum = 12
ROUND = 3139, SUM = 16418909, bChange = 0.00154707, totNum = 12
ROUND = 3140, SUM = 16418909, bChange = 0.00154708, totNum = 12
ROUND = 3141, SUM = 16418909, bChange = 0.0015471, totNum = 12
ROUND = 3142, SUM = 16418909, bChange = 0.00154711, totNum = 12
ROUND = 3143, SUM = 16418909, bChange = 0.00154713, totNum = 12
ROUND = 3144, SUM = 16418909, bChange = 0.00154714, totNum = 12
ROUND = 3145, SUM = 16418909, bChange = 0.00154716, totNum = 12
ROUND = 3146, SUM = 16418909, bChange = 0.00154717, totNum = 12
ROUND = 3147, SUM = 16418909.0000001, bChange = 0.00154719, totNum = 12
ROUND = 3148, SUM = 16418909, bChange = 0.0015472, totNum = 12
ROUND = 3149, SUM = 16418909, bChange = 0.00154722, totNum = 12
ROUND = 3150, SUM = 16418909, bChange = 0.00154723, totNum = 12
ROUND = 3151, SUM = 16418909, bChange = 0.00154725, totNum = 12
ROUND = 3152, SUM = 16418909, bChange = 0.00154726, totNum = 12
ROUND = 3153, SUM = 16418909, bChange = 0.00154727, totNum = 12
ROUND = 3154, SUM = 16418909, bChange = 0.00154729, totNum = 12
ROUND = 3155, SUM = 16418909, bChange = 0.0015473, totNum = 12
ROUND = 3156, SUM = 16418909, bChange = 0.00154732, totNum = 11
ROUND = 3157, SUM = 16418909, bChange = 0.00154733, totNum = 11
ROUND = 3158, SUM = 16418909, bChange = 0.00154735, totNum = 11
ROUND = 3159, SUM = 16418909, bChange = 0.00154736, totNum = 11
ROUND = 3160, SUM = 16418909, bChange = 0.00154738, totNum = 11
ROUND = 3161, SUM = 16418909, bChange = 0.00154739, totNum = 11
ROUND = 3162, SUM = 16418909, bChange = 0.00154741, totNum = 11
ROUND = 3163, SUM = 16418909, bChange = 0.00154742, totNum = 11
ROUND = 3164, SUM = 16418909, bChange = 0.00154744, totNum = 11
ROUND = 3165, SUM = 16418909, bChange = 0.00154745, totNum = 11
ROUND = 3166, SUM = 16418909, bChange = 0.00154746, totNum = 11
ROUND = 3167, SUM = 16418909, bChange = 0.00154748, totNum = 11
ROUND = 3168, SUM = 16418909, bChange = 0.00154749, totNum = 11
ROUND = 3169, SUM = 16418909, bChange = 0.00154751, totNum = 11
ROUND = 3170, SUM = 16418909, bChange = 0.00154752, totNum = 11
ROUND = 3171, SUM = 16418909, bChange = 0.00154754, totNum = 11
ROUND = 3172, SUM = 16418909, bChange = 0.00154755, totNum = 11
ROUND = 3173, SUM = 16418909, bChange = 0.00154756, totNum = 11
ROUND = 3174, SUM = 16418909, bChange = 0.00154758, totNum = 11
ROUND = 3175, SUM = 16418909, bChange = 0.00154759, totNum = 11
ROUND = 3176, SUM = 16418909, bChange = 0.00154761, totNum = 11
ROUND = 3177, SUM = 16418909, bChange = 0.00154762, totNum = 11
ROUND = 3178, SUM = 16418909, bChange = 0.00154764, totNum = 11
ROUND = 3179, SUM = 16418909, bChange = 0.00154765, totNum = 11
ROUND = 3180, SUM = 16418909, bChange = 0.00154766, totNum = 11
ROUND = 3181, SUM = 16418909, bChange = 0.00154768, totNum = 11
ROUND = 3182, SUM = 16418909, bChange = 0.00154769, totNum = 11
ROUND = 3183, SUM = 16418909.0000001, bChange = 0.00154771, totNum = 11
ROUND = 3184, SUM = 16418909, bChange = 0.00154772, totNum = 11
ROUND = 3185, SUM = 16418909.0000001, bChange = 0.00154773, totNum = 10
ROUND = 3186, SUM = 16418909, bChange = 0.00154775, totNum = 10
ROUND = 3187, SUM = 16418909, bChange = 0.00154776, totNum = 10
ROUND = 3188, SUM = 16418909, bChange = 0.00154778, totNum = 10
ROUND = 3189, SUM = 16418909, bChange = 0.00154779, totNum = 10
ROUND = 3190, SUM = 16418909, bChange = 0.0015478, totNum = 10
ROUND = 3191, SUM = 16418909, bChange = 0.00154782, totNum = 10
ROUND = 3192, SUM = 16418909, bChange = 0.00154783, totNum = 10
ROUND = 3193, SUM = 16418909, bChange = 0.00154785, totNum = 10
ROUND = 3194, SUM = 16418909, bChange = 0.00154786, totNum = 10
ROUND = 3195, SUM = 16418909, bChange = 0.00154787, totNum = 10
ROUND = 3196, SUM = 16418909, bChange = 0.00154789, totNum = 10
ROUND = 3197, SUM = 16418909, bChange = 0.0015479, totNum = 10
ROUND = 3198, SUM = 16418909, bChange = 0.00154791, totNum = 10
ROUND = 3199, SUM = 16418909, bChange = 0.00154793, totNum = 10
ROUND = 3200, SUM = 16418908.9999999, bChange = 0.00154794, totNum = 10
ROUND = 3201, SUM = 16418909, bChange = 0.00154796, totNum = 10
ROUND = 3202, SUM = 16418909.0000001, bChange = 0.00154797, totNum = 10
ROUND = 3203, SUM = 16418909, bChange = 0.00154798, totNum = 10
ROUND = 3204, SUM = 16418909.0000001, bChange = 0.001548, totNum = 10
ROUND = 3205, SUM = 16418909, bChange = 0.00154801, totNum = 10
ROUND = 3206, SUM = 16418909.0000001, bChange = 0.00154802, totNum = 10
ROUND = 3207, SUM = 16418909, bChange = 0.00154804, totNum = 10
ROUND = 3208, SUM = 16418909, bChange = 0.00154805, totNum = 10
ROUND = 3209, SUM = 16418909, bChange = 0.00154806, totNum = 10
ROUND = 3210, SUM = 16418909, bChange = 0.00154808, totNum = 10
ROUND = 3211, SUM = 16418909, bChange = 0.00154809, totNum = 10
ROUND = 3212, SUM = 16418909, bChange = 0.0015481, totNum = 10
ROUND = 3213, SUM = 16418909, bChange = 0.00154812, totNum = 10
ROUND = 3214, SUM = 16418909, bChange = 0.00154813, totNum = 10
ROUND = 3215, SUM = 16418909, bChange = 0.00154814, totNum = 10
ROUND = 3216, SUM = 16418909.0000001, bChange = 0.00154816, totNum = 10
ROUND = 3217, SUM = 16418909, bChange = 0.00154817, totNum = 10
ROUND = 3218, SUM = 16418909, bChange = 0.00154818, totNum = 10
ROUND = 3219, SUM = 16418909, bChange = 0.0015482, totNum = 10
ROUND = 3220, SUM = 16418909, bChange = 0.00154821, totNum = 10
ROUND = 3221, SUM = 16418909, bChange = 0.00154822, totNum = 10
ROUND = 3222, SUM = 16418909, bChange = 0.00154824, totNum = 10
ROUND = 3223, SUM = 16418909, bChange = 0.00154825, totNum = 10
ROUND = 3224, SUM = 16418909.0000001, bChange = 0.00154826, totNum = 10
ROUND = 3225, SUM = 16418909, bChange = 0.00154828, totNum = 10
ROUND = 3226, SUM = 16418909.0000001, bChange = 0.00154829, totNum = 10
ROUND = 3227, SUM = 16418909.0000001, bChange = 0.0015483, totNum = 10
ROUND = 3228, SUM = 16418909, bChange = 0.00154832, totNum = 10
ROUND = 3229, SUM = 16418909, bChange = 0.00154833, totNum = 10
ROUND = 3230, SUM = 16418909, bChange = 0.00154834, totNum = 10
ROUND = 3231, SUM = 16418909, bChange = 0.00154836, totNum = 10
ROUND = 3232, SUM = 16418909, bChange = 0.00154837, totNum = 10
ROUND = 3233, SUM = 16418909, bChange = 0.00154838, totNum = 10
ROUND = 3234, SUM = 16418909.0000001, bChange = 0.00154839, totNum = 10
ROUND = 3235, SUM = 16418909, bChange = 0.00154841, totNum = 10
ROUND = 3236, SUM = 16418909, bChange = 0.00154842, totNum = 10
ROUND = 3237, SUM = 16418909, bChange = 0.00154843, totNum = 10
ROUND = 3238, SUM = 16418909, bChange = 0.00154845, totNum = 10
ROUND = 3239, SUM = 16418909, bChange = 0.00154846, totNum = 10
ROUND = 3240, SUM = 16418909, bChange = 0.00154847, totNum = 10
ROUND = 3241, SUM = 16418909, bChange = 0.00154848, totNum = 10
ROUND = 3242, SUM = 16418909.0000001, bChange = 0.0015485, totNum = 10
ROUND = 3243, SUM = 16418909, bChange = 0.00154851, totNum = 10
ROUND = 3244, SUM = 16418909.0000001, bChange = 0.00154852, totNum = 10
ROUND = 3245, SUM = 16418909, bChange = 0.00154854, totNum = 10
ROUND = 3246, SUM = 16418909, bChange = 0.00154855, totNum = 10
ROUND = 3247, SUM = 16418909, bChange = 0.00154856, totNum = 10
ROUND = 3248, SUM = 16418909, bChange = 0.00154857, totNum = 10
ROUND = 3249, SUM = 16418909, bChange = 0.00154859, totNum = 10
ROUND = 3250, SUM = 16418909, bChange = 0.0015486, totNum = 10
ROUND = 3251, SUM = 16418909.0000001, bChange = 0.00154861, totNum = 10
ROUND = 3252, SUM = 16418909, bChange = 0.00154862, totNum = 10
ROUND = 3253, SUM = 16418909, bChange = 0.00154864, totNum = 10
ROUND = 3254, SUM = 16418909, bChange = 0.00154865, totNum = 10
ROUND = 3255, SUM = 16418909, bChange = 0.00154866, totNum = 10
ROUND = 3256, SUM = 16418909, bChange = 0.00154867, totNum = 10
ROUND = 3257, SUM = 16418909, bChange = 0.00154869, totNum = 10
ROUND = 3258, SUM = 16418909, bChange = 0.0015487, totNum = 10
ROUND = 3259, SUM = 16418909, bChange = 0.00154871, totNum = 10
ROUND = 3260, SUM = 16418909, bChange = 0.00154872, totNum = 10
ROUND = 3261, SUM = 16418909, bChange = 0.00154874, totNum = 10
ROUND = 3262, SUM = 16418909, bChange = 0.00154875, totNum = 10
ROUND = 3263, SUM = 16418909, bChange = 0.00154876, totNum = 10
ROUND = 3264, SUM = 16418909, bChange = 0.00154877, totNum = 10
ROUND = 3265, SUM = 16418909, bChange = 0.00154879, totNum = 10
ROUND = 3266, SUM = 16418909, bChange = 0.0015488, totNum = 10
ROUND = 3267, SUM = 16418909, bChange = 0.00154881, totNum = 10
ROUND = 3268, SUM = 16418909, bChange = 0.00154882, totNum = 10
ROUND = 3269, SUM = 16418909, bChange = 0.00154884, totNum = 10
ROUND = 3270, SUM = 16418909, bChange = 0.00154885, totNum = 10
ROUND = 3271, SUM = 16418909, bChange = 0.00154886, totNum = 10
ROUND = 3272, SUM = 16418909, bChange = 0.00154887, totNum = 10
ROUND = 3273, SUM = 16418909, bChange = 0.00154889, totNum = 10
ROUND = 3274, SUM = 16418909, bChange = 0.0015489, totNum = 10
ROUND = 3275, SUM = 16418909, bChange = 0.00154891, totNum = 10
ROUND = 3276, SUM = 16418909, bChange = 0.00154892, totNum = 10
ROUND = 3277, SUM = 16418909, bChange = 0.00154893, totNum = 10
ROUND = 3278, SUM = 16418909, bChange = 0.00154895, totNum = 10
ROUND = 3279, SUM = 16418909, bChange = 0.00154896, totNum = 10
ROUND = 3280, SUM = 16418909, bChange = 0.00154897, totNum = 10
ROUND = 3281, SUM = 16418909, bChange = 0.00154898, totNum = 10
ROUND = 3282, SUM = 16418909, bChange = 0.00154899, totNum = 10
ROUND = 3283, SUM = 16418909, bChange = 0.00154901, totNum = 10
ROUND = 3284, SUM = 16418909, bChange = 0.00154902, totNum = 10
ROUND = 3285, SUM = 16418909, bChange = 0.00154903, totNum = 10
ROUND = 3286, SUM = 16418909, bChange = 0.00154904, totNum = 10
ROUND = 3287, SUM = 16418909, bChange = 0.00154905, totNum = 10
ROUND = 3288, SUM = 16418909, bChange = 0.00154907, totNum = 10
ROUND = 3289, SUM = 16418909, bChange = 0.00154908, totNum = 10
ROUND = 3290, SUM = 16418909, bChange = 0.00154909, totNum = 10
ROUND = 3291, SUM = 16418909, bChange = 0.0015491, totNum = 10
ROUND = 3292, SUM = 16418909, bChange = 0.00154911, totNum = 10
ROUND = 3293, SUM = 16418909, bChange = 0.00154913, totNum = 10
ROUND = 3294, SUM = 16418909, bChange = 0.00154914, totNum = 10
ROUND = 3295, SUM = 16418909, bChange = 0.00154915, totNum = 10
ROUND = 3296, SUM = 16418909, bChange = 0.00154916, totNum = 10
ROUND = 3297, SUM = 16418909, bChange = 0.00154917, totNum = 10
ROUND = 3298, SUM = 16418909, bChange = 0.00154918, totNum = 10
ROUND = 3299, SUM = 16418909, bChange = 0.0015492, totNum = 10
ROUND = 3300, SUM = 16418909, bChange = 0.00154921, totNum = 10
ROUND = 3301, SUM = 16418909, bChange = 0.00154922, totNum = 10
ROUND = 3302, SUM = 16418909, bChange = 0.00154923, totNum = 10
ROUND = 3303, SUM = 16418909.0000001, bChange = 0.00154924, totNum = 10
ROUND = 3304, SUM = 16418909, bChange = 0.00154925, totNum = 10
ROUND = 3305, SUM = 16418909, bChange = 0.00154927, totNum = 10
ROUND = 3306, SUM = 16418909.0000001, bChange = 0.00154928, totNum = 10
ROUND = 3307, SUM = 16418909, bChange = 0.00154929, totNum = 10
ROUND = 3308, SUM = 16418909, bChange = 0.0015493, totNum = 10
ROUND = 3309, SUM = 16418909, bChange = 0.00154931, totNum = 10
ROUND = 3310, SUM = 16418909, bChange = 0.00154932, totNum = 10
ROUND = 3311, SUM = 16418909, bChange = 0.00154934, totNum = 10
ROUND = 3312, SUM = 16418909, bChange = 0.00154935, totNum = 10
ROUND = 3313, SUM = 16418909, bChange = 0.00154936, totNum = 10
ROUND = 3314, SUM = 16418909, bChange = 0.00154937, totNum = 10
ROUND = 3315, SUM = 16418909, bChange = 0.00154938, totNum = 10
ROUND = 3316, SUM = 16418909, bChange = 0.00154939, totNum = 10
ROUND = 3317, SUM = 16418909, bChange = 0.0015494, totNum = 10
ROUND = 3318, SUM = 16418909, bChange = 0.00154942, totNum = 10
ROUND = 3319, SUM = 16418909, bChange = 0.00154943, totNum = 10
ROUND = 3320, SUM = 16418909, bChange = 0.00154944, totNum = 10
ROUND = 3321, SUM = 16418909.0000001, bChange = 0.00154945, totNum = 10
ROUND = 3322, SUM = 16418909, bChange = 0.00154946, totNum = 10
ROUND = 3323, SUM = 16418909.0000001, bChange = 0.00154947, totNum = 10
ROUND = 3324, SUM = 16418909, bChange = 0.00154948, totNum = 10
ROUND = 3325, SUM = 16418909, bChange = 0.0015495, totNum = 10
ROUND = 3326, SUM = 16418909, bChange = 0.00154951, totNum = 10
ROUND = 3327, SUM = 16418909, bChange = 0.00154952, totNum = 10
ROUND = 3328, SUM = 16418909, bChange = 0.00154953, totNum = 10
ROUND = 3329, SUM = 16418909, bChange = 0.00154954, totNum = 10
ROUND = 3330, SUM = 16418909, bChange = 0.00154955, totNum = 10
ROUND = 3331, SUM = 16418909.0000001, bChange = 0.00154956, totNum = 10
ROUND = 3332, SUM = 16418909.0000001, bChange = 0.00154957, totNum = 10
ROUND = 3333, SUM = 16418909, bChange = 0.00154958, totNum = 10
ROUND = 3334, SUM = 16418909, bChange = 0.0015496, totNum = 10
ROUND = 3335, SUM = 16418909, bChange = 0.00154961, totNum = 10
ROUND = 3336, SUM = 16418909, bChange = 0.00154962, totNum = 10
ROUND = 3337, SUM = 16418909, bChange = 0.00154963, totNum = 10
ROUND = 3338, SUM = 16418909.0000001, bChange = 0.00154964, totNum = 10
ROUND = 3339, SUM = 16418909.0000001, bChange = 0.00154965, totNum = 10
ROUND = 3340, SUM = 16418909, bChange = 0.00154966, totNum = 10
ROUND = 3341, SUM = 16418909, bChange = 0.00154967, totNum = 10
ROUND = 3342, SUM = 16418909, bChange = 0.00154968, totNum = 10
ROUND = 3343, SUM = 16418909, bChange = 0.0015497, totNum = 10
ROUND = 3344, SUM = 16418909, bChange = 0.00154971, totNum = 10
ROUND = 3345, SUM = 16418909, bChange = 0.00154972, totNum = 10
ROUND = 3346, SUM = 16418909, bChange = 0.00154973, totNum = 10
ROUND = 3347, SUM = 16418909, bChange = 0.00154974, totNum = 10
ROUND = 3348, SUM = 16418909, bChange = 0.00154975, totNum = 10
ROUND = 3349, SUM = 16418909, bChange = 0.00154976, totNum = 10
ROUND = 3350, SUM = 16418909, bChange = 0.00154977, totNum = 10
ROUND = 3351, SUM = 16418909.0000001, bChange = 0.00154978, totNum = 10
ROUND = 3352, SUM = 16418909, bChange = 0.00154979, totNum = 10
ROUND = 3353, SUM = 16418909, bChange = 0.0015498, totNum = 10
ROUND = 3354, SUM = 16418909, bChange = 0.00154981, totNum = 10
ROUND = 3355, SUM = 16418909, bChange = 0.00154983, totNum = 10
ROUND = 3356, SUM = 16418909, bChange = 0.00154984, totNum = 10
ROUND = 3357, SUM = 16418909, bChange = 0.00154985, totNum = 10
ROUND = 3358, SUM = 16418909.0000001, bChange = 0.00154986, totNum = 10
ROUND = 3359, SUM = 16418909, bChange = 0.00154987, totNum = 9
ROUND = 3360, SUM = 16418909, bChange = 0.00154988, totNum = 9
ROUND = 3361, SUM = 16418909, bChange = 0.00154989, totNum = 9
ROUND = 3362, SUM = 16418909, bChange = 0.0015499, totNum = 9
ROUND = 3363, SUM = 16418909.0000001, bChange = 0.00154991, totNum = 9
ROUND = 3364, SUM = 16418909, bChange = 0.00154992, totNum = 9
ROUND = 3365, SUM = 16418909, bChange = 0.00154993, totNum = 9
ROUND = 3366, SUM = 16418909, bChange = 0.00154994, totNum = 9
ROUND = 3367, SUM = 16418909, bChange = 0.00154995, totNum = 9
ROUND = 3368, SUM = 16418909, bChange = 0.00154996, totNum = 9
ROUND = 3369, SUM = 16418909.0000001, bChange = 0.00154997, totNum = 9
ROUND = 3370, SUM = 16418909.0000001, bChange = 0.00154998, totNum = 9
ROUND = 3371, SUM = 16418909, bChange = 0.00155, totNum = 9
ROUND = 3372, SUM = 16418909.0000001, bChange = 0.00155001, totNum = 9
ROUND = 3373, SUM = 16418909, bChange = 0.00155002, totNum = 9
ROUND = 3374, SUM = 16418909.0000001, bChange = 0.00155003, totNum = 9
ROUND = 3375, SUM = 16418909, bChange = 0.00155004, totNum = 9
ROUND = 3376, SUM = 16418909.0000001, bChange = 0.00155005, totNum = 9
ROUND = 3377, SUM = 16418909, bChange = 0.00155006, totNum = 9
ROUND = 3378, SUM = 16418909, bChange = 0.00155007, totNum = 9
ROUND = 3379, SUM = 16418909.0000001, bChange = 0.00155008, totNum = 9
ROUND = 3380, SUM = 16418909, bChange = 0.00155009, totNum = 9
ROUND = 3381, SUM = 16418909.0000001, bChange = 0.0015501, totNum = 9
ROUND = 3382, SUM = 16418909, bChange = 0.00155011, totNum = 9
ROUND = 3383, SUM = 16418909.0000001, bChange = 0.00155012, totNum = 9
ROUND = 3384, SUM = 16418909, bChange = 0.00155013, totNum = 9
ROUND = 3385, SUM = 16418909, bChange = 0.00155014, totNum = 9
ROUND = 3386, SUM = 16418909, bChange = 0.00155015, totNum = 9
ROUND = 3387, SUM = 16418909, bChange = 0.00155016, totNum = 9
ROUND = 3388, SUM = 16418909, bChange = 0.00155017, totNum = 9
ROUND = 3389, SUM = 16418909, bChange = 0.00155018, totNum = 9
ROUND = 3390, SUM = 16418909.0000001, bChange = 0.00155019, totNum = 9
ROUND = 3391, SUM = 16418909, bChange = 0.0015502, totNum = 9
ROUND = 3392, SUM = 16418909.0000001, bChange = 0.00155021, totNum = 9
ROUND = 3393, SUM = 16418909.0000001, bChange = 0.00155022, totNum = 9
ROUND = 3394, SUM = 16418909, bChange = 0.00155023, totNum = 9
ROUND = 3395, SUM = 16418909.0000001, bChange = 0.00155024, totNum = 9
ROUND = 3396, SUM = 16418909, bChange = 0.00155025, totNum = 9
ROUND = 3397, SUM = 16418909, bChange = 0.00155026, totNum = 9
ROUND = 3398, SUM = 16418909, bChange = 0.00155027, totNum = 9
ROUND = 3399, SUM = 16418909.0000001, bChange = 0.00155028, totNum = 9
ROUND = 3400, SUM = 16418909, bChange = 0.00155029, totNum = 8
ROUND = 3401, SUM = 16418909, bChange = 0.0015503, totNum = 8
ROUND = 3402, SUM = 16418909, bChange = 0.00155031, totNum = 8
ROUND = 3403, SUM = 16418909, bChange = 0.00155032, totNum = 8
ROUND = 3404, SUM = 16418909, bChange = 0.00155033, totNum = 8
ROUND = 3405, SUM = 16418909, bChange = 0.00155034, totNum = 8
ROUND = 3406, SUM = 16418909, bChange = 0.00155035, totNum = 8
ROUND = 3407, SUM = 16418909.0000001, bChange = 0.00155036, totNum = 8
ROUND = 3408, SUM = 16418909.0000001, bChange = 0.00155037, totNum = 8
ROUND = 3409, SUM = 16418909, bChange = 0.00155038, totNum = 8
ROUND = 3410, SUM = 16418909, bChange = 0.00155039, totNum = 8
ROUND = 3411, SUM = 16418909, bChange = 0.0015504, totNum = 8
ROUND = 3412, SUM = 16418909, bChange = 0.00155041, totNum = 8
ROUND = 3413, SUM = 16418909, bChange = 0.00155042, totNum = 8
ROUND = 3414, SUM = 16418909, bChange = 0.0015505, totNum = 8
ROUND = 3415, SUM = 16418909, bChange = 0.00155074, totNum = 8
ROUND = 3416, SUM = 16418909, bChange = 0.00155098, totNum = 8
ROUND = 3417, SUM = 16418909, bChange = 0.00155123, totNum = 8
ROUND = 3418, SUM = 16418909.0000001, bChange = 0.00155147, totNum = 8
ROUND = 3419, SUM = 16418909, bChange = 0.00155172, totNum = 8
ROUND = 3420, SUM = 16418909.0000001, bChange = 0.00155196, totNum = 8
ROUND = 3421, SUM = 16418909.0000001, bChange = 0.0015522, totNum = 8
ROUND = 3422, SUM = 16418909, bChange = 0.00155245, totNum = 8
ROUND = 3423, SUM = 16418909, bChange = 0.00155269, totNum = 8
ROUND = 3424, SUM = 16418909.0000001, bChange = 0.00155293, totNum = 8
ROUND = 3425, SUM = 16418909.0000001, bChange = 0.00155318, totNum = 8
ROUND = 3426, SUM = 16418909, bChange = 0.00155342, totNum = 8
ROUND = 3427, SUM = 16418909.0000001, bChange = 0.00155366, totNum = 8
ROUND = 3428, SUM = 16418909, bChange = 0.0015539, totNum = 8
ROUND = 3429, SUM = 16418909.0000001, bChange = 0.00155415, totNum = 8
ROUND = 3430, SUM = 16418909, bChange = 0.00155439, totNum = 8
ROUND = 3431, SUM = 16418909.0000001, bChange = 0.00155463, totNum = 8
ROUND = 3432, SUM = 16418909, bChange = 0.00155487, totNum = 8
ROUND = 3433, SUM = 16418909, bChange = 0.00155512, totNum = 8
ROUND = 3434, SUM = 16418909, bChange = 0.00155536, totNum = 8
ROUND = 3435, SUM = 16418909, bChange = 0.0015556, totNum = 8
ROUND = 3436, SUM = 16418909, bChange = 0.00155584, totNum = 8
ROUND = 3437, SUM = 16418909, bChange = 0.00155608, totNum = 8
ROUND = 3438, SUM = 16418909.0000001, bChange = 0.00155633, totNum = 8
ROUND = 3439, SUM = 16418909, bChange = 0.00155657, totNum = 8
ROUND = 3440, SUM = 16418909, bChange = 0.00155681, totNum = 8
ROUND = 3441, SUM = 16418909.0000001, bChange = 0.00155705, totNum = 8
ROUND = 3442, SUM = 16418909, bChange = 0.00155729, totNum = 8
ROUND = 3443, SUM = 16418909.0000001, bChange = 0.00155753, totNum = 8
ROUND = 3444, SUM = 16418909, bChange = 0.00155777, totNum = 8
ROUND = 3445, SUM = 16418909, bChange = 0.00155801, totNum = 8
ROUND = 3446, SUM = 16418909, bChange = 0.00155825, totNum = 8
ROUND = 3447, SUM = 16418909, bChange = 0.0015585, totNum = 8
ROUND = 3448, SUM = 16418909.0000001, bChange = 0.00155874, totNum = 8
ROUND = 3449, SUM = 16418909, bChange = 0.00155898, totNum = 8
ROUND = 3450, SUM = 16418909.0000001, bChange = 0.00155922, totNum = 8
ROUND = 3451, SUM = 16418909, bChange = 0.00155946, totNum = 8
ROUND = 3452, SUM = 16418909, bChange = 0.0015597, totNum = 8
ROUND = 3453, SUM = 16418909, bChange = 0.00155994, totNum = 8
ROUND = 3454, SUM = 16418909.0000001, bChange = 0.00156018, totNum = 8
ROUND = 3455, SUM = 16418909, bChange = 0.00156042, totNum = 8
ROUND = 3456, SUM = 16418909, bChange = 0.00156066, totNum = 8
ROUND = 3457, SUM = 16418909, bChange = 0.0015609, totNum = 8
ROUND = 3458, SUM = 16418909, bChange = 0.00156114, totNum = 8
ROUND = 3459, SUM = 16418909, bChange = 0.00156138, totNum = 8
ROUND = 3460, SUM = 16418909, bChange = 0.00156161, totNum = 8
ROUND = 3461, SUM = 16418909, bChange = 0.00156185, totNum = 8
ROUND = 3462, SUM = 16418909, bChange = 0.00156209, totNum = 8
ROUND = 3463, SUM = 16418909, bChange = 0.00156233, totNum = 8
ROUND = 3464, SUM = 16418909.0000001, bChange = 0.00156257, totNum = 8
ROUND = 3465, SUM = 16418909, bChange = 0.00156281, totNum = 8
ROUND = 3466, SUM = 16418909, bChange = 0.00156305, totNum = 8
ROUND = 3467, SUM = 16418909.0000001, bChange = 0.00156329, totNum = 8
ROUND = 3468, SUM = 16418909, bChange = 0.00156353, totNum = 8
ROUND = 3469, SUM = 16418909, bChange = 0.00156376, totNum = 8
ROUND = 3470, SUM = 16418909, bChange = 0.001564, totNum = 8
ROUND = 3471, SUM = 16418909, bChange = 0.00156424, totNum = 8
ROUND = 3472, SUM = 16418909, bChange = 0.00156448, totNum = 8
ROUND = 3473, SUM = 16418909, bChange = 0.00156472, totNum = 8
ROUND = 3474, SUM = 16418909, bChange = 0.00156495, totNum = 8
ROUND = 3475, SUM = 16418909, bChange = 0.00156519, totNum = 8
ROUND = 3476, SUM = 16418909, bChange = 0.00156543, totNum = 8
ROUND = 3477, SUM = 16418909.0000001, bChange = 0.00156567, totNum = 8
ROUND = 3478, SUM = 16418909, bChange = 0.0015659, totNum = 8
ROUND = 3479, SUM = 16418909, bChange = 0.00156614, totNum = 8
ROUND = 3480, SUM = 16418909, bChange = 0.00156638, totNum = 8
ROUND = 3481, SUM = 16418909, bChange = 0.00156662, totNum = 8
ROUND = 3482, SUM = 16418909.0000001, bChange = 0.00156685, totNum = 8
ROUND = 3483, SUM = 16418909, bChange = 0.00156709, totNum = 8
ROUND = 3484, SUM = 16418909, bChange = 0.00156733, totNum = 8
ROUND = 3485, SUM = 16418909, bChange = 0.00156756, totNum = 8
ROUND = 3486, SUM = 16418909.0000001, bChange = 0.0015678, totNum = 8
ROUND = 3487, SUM = 16418909, bChange = 0.00156804, totNum = 8
ROUND = 3488, SUM = 16418909, bChange = 0.00156827, totNum = 8
ROUND = 3489, SUM = 16418909, bChange = 0.00156851, totNum = 8
ROUND = 3490, SUM = 16418909.0000001, bChange = 0.00156875, totNum = 8
ROUND = 3491, SUM = 16418909, bChange = 0.00156898, totNum = 8
ROUND = 3492, SUM = 16418909.0000001, bChange = 0.00156922, totNum = 8
ROUND = 3493, SUM = 16418909.0000001, bChange = 0.00156945, totNum = 8
ROUND = 3494, SUM = 16418909, bChange = 0.00156969, totNum = 8
ROUND = 3495, SUM = 16418909, bChange = 0.00156993, totNum = 8
ROUND = 3496, SUM = 16418909, bChange = 0.00157016, totNum = 8
ROUND = 3497, SUM = 16418909, bChange = 0.0015704, totNum = 8
ROUND = 3498, SUM = 16418909, bChange = 0.00157063, totNum = 8
ROUND = 3499, SUM = 16418909.0000001, bChange = 0.00157087, totNum = 8
ROUND = 3500, SUM = 16418909, bChange = 0.0015711, totNum = 8
ROUND = 3501, SUM = 16418909.0000001, bChange = 0.00157134, totNum = 8
ROUND = 3502, SUM = 16418909, bChange = 0.00157157, totNum = 8
ROUND = 3503, SUM = 16418909, bChange = 0.00157181, totNum = 7
ROUND = 3504, SUM = 16418909.0000001, bChange = 0.00157204, totNum = 7
ROUND = 3505, SUM = 16418909.0000001, bChange = 0.00157228, totNum = 7
ROUND = 3506, SUM = 16418909, bChange = 0.00157251, totNum = 7
ROUND = 3507, SUM = 16418909.0000001, bChange = 0.00157275, totNum = 7
ROUND = 3508, SUM = 16418909.0000001, bChange = 0.00157298, totNum = 7
ROUND = 3509, SUM = 16418909.0000001, bChange = 0.00157321, totNum = 7
ROUND = 3510, SUM = 16418909.0000001, bChange = 0.00157345, totNum = 7
ROUND = 3511, SUM = 16418909, bChange = 0.00157368, totNum = 7
ROUND = 3512, SUM = 16418909, bChange = 0.00157392, totNum = 7
ROUND = 3513, SUM = 16418909, bChange = 0.00157415, totNum = 7
ROUND = 3514, SUM = 16418909, bChange = 0.00157438, totNum = 7
ROUND = 3515, SUM = 16418909.0000001, bChange = 0.00157462, totNum = 7
ROUND = 3516, SUM = 16418909.0000001, bChange = 0.00157485, totNum = 7
ROUND = 3517, SUM = 16418909, bChange = 0.00157508, totNum = 7
ROUND = 3518, SUM = 16418909.0000001, bChange = 0.00157532, totNum = 7
ROUND = 3519, SUM = 16418909.0000001, bChange = 0.00157555, totNum = 7
ROUND = 3520, SUM = 16418909, bChange = 0.00157578, totNum = 7
ROUND = 3521, SUM = 16418909, bChange = 0.00157602, totNum = 7
ROUND = 3522, SUM = 16418909, bChange = 0.00157625, totNum = 7
ROUND = 3523, SUM = 16418909.0000001, bChange = 0.00157648, totNum = 7
ROUND = 3524, SUM = 16418909, bChange = 0.00157671, totNum = 7
ROUND = 3525, SUM = 16418909, bChange = 0.00157695, totNum = 7
ROUND = 3526, SUM = 16418909, bChange = 0.00157718, totNum = 7
ROUND = 3527, SUM = 16418909, bChange = 0.00157741, totNum = 7
ROUND = 3528, SUM = 16418909, bChange = 0.00157764, totNum = 7
ROUND = 3529, SUM = 16418909, bChange = 0.00157788, totNum = 7
ROUND = 3530, SUM = 16418909, bChange = 0.00157811, totNum = 7
ROUND = 3531, SUM = 16418909, bChange = 0.00157834, totNum = 7
ROUND = 3532, SUM = 16418909, bChange = 0.00157857, totNum = 7
ROUND = 3533, SUM = 16418909, bChange = 0.0015788, totNum = 7
ROUND = 3534, SUM = 16418909, bChange = 0.00157904, totNum = 7
ROUND = 3535, SUM = 16418909, bChange = 0.00157927, totNum = 7
ROUND = 3536, SUM = 16418909, bChange = 0.0015795, totNum = 7
ROUND = 3537, SUM = 16418909, bChange = 0.00157973, totNum = 7
ROUND = 3538, SUM = 16418909, bChange = 0.00157996, totNum = 7
ROUND = 3539, SUM = 16418909, bChange = 0.00158019, totNum = 7
ROUND = 3540, SUM = 16418909, bChange = 0.00158042, totNum = 7
ROUND = 3541, SUM = 16418909, bChange = 0.00158066, totNum = 7
ROUND = 3542, SUM = 16418909.0000001, bChange = 0.00158089, totNum = 7
ROUND = 3543, SUM = 16418909, bChange = 0.00158112, totNum = 7
ROUND = 3544, SUM = 16418909, bChange = 0.00158135, totNum = 7
ROUND = 3545, SUM = 16418909, bChange = 0.00158158, totNum = 7
ROUND = 3546, SUM = 16418909, bChange = 0.00158181, totNum = 7
ROUND = 3547, SUM = 16418909, bChange = 0.00158204, totNum = 7
ROUND = 3548, SUM = 16418909, bChange = 0.00158227, totNum = 7
ROUND = 3549, SUM = 16418909, bChange = 0.0015825, totNum = 7
ROUND = 3550, SUM = 16418909.0000001, bChange = 0.00158273, totNum = 7
ROUND = 3551, SUM = 16418909, bChange = 0.00158296, totNum = 7
ROUND = 3552, SUM = 16418909, bChange = 0.00158319, totNum = 7
ROUND = 3553, SUM = 16418909, bChange = 0.00158342, totNum = 7
ROUND = 3554, SUM = 16418909, bChange = 0.00158365, totNum = 7
ROUND = 3555, SUM = 16418909, bChange = 0.00158388, totNum = 7
ROUND = 3556, SUM = 16418909, bChange = 0.00158411, totNum = 7
ROUND = 3557, SUM = 16418909, bChange = 0.00158434, totNum = 7
ROUND = 3558, SUM = 16418909, bChange = 0.00158457, totNum = 7
ROUND = 3559, SUM = 16418909, bChange = 0.0015848, totNum = 7
ROUND = 3560, SUM = 16418909, bChange = 0.00158502, totNum = 7
ROUND = 3561, SUM = 16418909, bChange = 0.00158525, totNum = 7
ROUND = 3562, SUM = 16418909, bChange = 0.00158548, totNum = 7
ROUND = 3563, SUM = 16418909, bChange = 0.00158571, totNum = 7
ROUND = 3564, SUM = 16418909, bChange = 0.00158594, totNum = 7
ROUND = 3565, SUM = 16418909, bChange = 0.00158617, totNum = 7
ROUND = 3566, SUM = 16418908.9999999, bChange = 0.0015864, totNum = 7
ROUND = 3567, SUM = 16418909, bChange = 0.00158663, totNum = 7
ROUND = 3568, SUM = 16418909, bChange = 0.00158685, totNum = 7
ROUND = 3569, SUM = 16418909, bChange = 0.00158708, totNum = 7
ROUND = 3570, SUM = 16418909, bChange = 0.00158731, totNum = 7
ROUND = 3571, SUM = 16418909.0000001, bChange = 0.00158754, totNum = 7
ROUND = 3572, SUM = 16418909, bChange = 0.00158777, totNum = 7
ROUND = 3573, SUM = 16418909, bChange = 0.00158799, totNum = 7
ROUND = 3574, SUM = 16418909, bChange = 0.00158822, totNum = 7
ROUND = 3575, SUM = 16418909.0000001, bChange = 0.00158845, totNum = 7
ROUND = 3576, SUM = 16418909, bChange = 0.00158868, totNum = 7
ROUND = 3577, SUM = 16418909, bChange = 0.0015889, totNum = 7
ROUND = 3578, SUM = 16418909, bChange = 0.00158913, totNum = 7
ROUND = 3579, SUM = 16418909, bChange = 0.00158936, totNum = 7
ROUND = 3580, SUM = 16418909, bChange = 0.00158958, totNum = 7
ROUND = 3581, SUM = 16418909, bChange = 0.00158981, totNum = 7
ROUND = 3582, SUM = 16418909, bChange = 0.00159004, totNum = 7
ROUND = 3583, SUM = 16418909.0000001, bChange = 0.00159027, totNum = 7
ROUND = 3584, SUM = 16418909.0000001, bChange = 0.00159049, totNum = 7
ROUND = 3585, SUM = 16418909.0000001, bChange = 0.00159072, totNum = 7
ROUND = 3586, SUM = 16418909, bChange = 0.00159095, totNum = 7
ROUND = 3587, SUM = 16418909, bChange = 0.00159117, totNum = 7
ROUND = 3588, SUM = 16418909, bChange = 0.0015914, totNum = 7
ROUND = 3589, SUM = 16418909, bChange = 0.00159162, totNum = 7
ROUND = 3590, SUM = 16418909.0000001, bChange = 0.00159185, totNum = 7
ROUND = 3591, SUM = 16418909.0000001, bChange = 0.00159208, totNum = 7
ROUND = 3592, SUM = 16418909, bChange = 0.0015923, totNum = 7
ROUND = 3593, SUM = 16418909.0000001, bChange = 0.00159253, totNum = 7
ROUND = 3594, SUM = 16418909, bChange = 0.00159275, totNum = 7
ROUND = 3595, SUM = 16418909, bChange = 0.00159298, totNum = 7
ROUND = 3596, SUM = 16418909, bChange = 0.0015932, totNum = 7
ROUND = 3597, SUM = 16418909, bChange = 0.00159343, totNum = 7
ROUND = 3598, SUM = 16418909, bChange = 0.00159366, totNum = 7
ROUND = 3599, SUM = 16418909, bChange = 0.00159388, totNum = 7
ROUND = 3600, SUM = 16418909, bChange = 0.00159411, totNum = 7
ROUND = 3601, SUM = 16418909.0000001, bChange = 0.00159433, totNum = 7
ROUND = 3602, SUM = 16418909, bChange = 0.00159456, totNum = 7
ROUND = 3603, SUM = 16418909, bChange = 0.00159478, totNum = 6
ROUND = 3604, SUM = 16418909, bChange = 0.001595, totNum = 6
ROUND = 3605, SUM = 16418909, bChange = 0.00159523, totNum = 6
ROUND = 3606, SUM = 16418909.0000001, bChange = 0.00159545, totNum = 6
ROUND = 3607, SUM = 16418909, bChange = 0.00159568, totNum = 6
ROUND = 3608, SUM = 16418909.0000001, bChange = 0.0015959, totNum = 6
ROUND = 3609, SUM = 16418909, bChange = 0.00159613, totNum = 6
ROUND = 3610, SUM = 16418909.0000001, bChange = 0.00159635, totNum = 6
ROUND = 3611, SUM = 16418909.0000001, bChange = 0.00159658, totNum = 6
ROUND = 3612, SUM = 16418909, bChange = 0.0015968, totNum = 6
ROUND = 3613, SUM = 16418909, bChange = 0.00159702, totNum = 6
ROUND = 3614, SUM = 16418909, bChange = 0.00159725, totNum = 6
ROUND = 3615, SUM = 16418909, bChange = 0.00159747, totNum = 6
ROUND = 3616, SUM = 16418909, bChange = 0.00159769, totNum = 6
ROUND = 3617, SUM = 16418909.0000001, bChange = 0.00159792, totNum = 6
ROUND = 3618, SUM = 16418909, bChange = 0.00159814, totNum = 6
ROUND = 3619, SUM = 16418909, bChange = 0.00159836, totNum = 6
ROUND = 3620, SUM = 16418909, bChange = 0.00159859, totNum = 6
ROUND = 3621, SUM = 16418909, bChange = 0.00159881, totNum = 6
ROUND = 3622, SUM = 16418909, bChange = 0.00159903, totNum = 6
ROUND = 3623, SUM = 16418909, bChange = 0.00159926, totNum = 6
ROUND = 3624, SUM = 16418909, bChange = 0.00159948, totNum = 6
ROUND = 3625, SUM = 16418909, bChange = 0.0015997, totNum = 6
ROUND = 3626, SUM = 16418909, bChange = 0.00159992, totNum = 6
ROUND = 3627, SUM = 16418909, bChange = 0.00160015, totNum = 6
ROUND = 3628, SUM = 16418909, bChange = 0.00160037, totNum = 6
ROUND = 3629, SUM = 16418909.0000001, bChange = 0.00160059, totNum = 6
ROUND = 3630, SUM = 16418909, bChange = 0.00160081, totNum = 6
ROUND = 3631, SUM = 16418909, bChange = 0.00160103, totNum = 6
ROUND = 3632, SUM = 16418909, bChange = 0.00160126, totNum = 6
ROUND = 3633, SUM = 16418909.0000001, bChange = 0.00160148, totNum = 6
ROUND = 3634, SUM = 16418909.0000001, bChange = 0.0016017, totNum = 6
ROUND = 3635, SUM = 16418909.0000001, bChange = 0.00160192, totNum = 6
ROUND = 3636, SUM = 16418909.0000001, bChange = 0.00160214, totNum = 6
ROUND = 3637, SUM = 16418909, bChange = 0.00160237, totNum = 6
ROUND = 3638, SUM = 16418909, bChange = 0.00160259, totNum = 6
ROUND = 3639, SUM = 16418909.0000001, bChange = 0.00160281, totNum = 6
ROUND = 3640, SUM = 16418909.0000001, bChange = 0.00160303, totNum = 6
ROUND = 3641, SUM = 16418909.0000001, bChange = 0.00160325, totNum = 6
ROUND = 3642, SUM = 16418909.0000001, bChange = 0.00160347, totNum = 6
ROUND = 3643, SUM = 16418909, bChange = 0.00160369, totNum = 6
ROUND = 3644, SUM = 16418909, bChange = 0.00160391, totNum = 6
ROUND = 3645, SUM = 16418909, bChange = 0.00160413, totNum = 6
ROUND = 3646, SUM = 16418909, bChange = 0.00160435, totNum = 6
ROUND = 3647, SUM = 16418909, bChange = 0.00160457, totNum = 6
ROUND = 3648, SUM = 16418909.0000001, bChange = 0.00160479, totNum = 6
ROUND = 3649, SUM = 16418909, bChange = 0.00160502, totNum = 5
ROUND = 3650, SUM = 16418909, bChange = 0.00160524, totNum = 5
ROUND = 3651, SUM = 16418909, bChange = 0.00160546, totNum = 5
ROUND = 3652, SUM = 16418909, bChange = 0.00160568, totNum = 5
ROUND = 3653, SUM = 16418909, bChange = 0.0016059, totNum = 5
ROUND = 3654, SUM = 16418909, bChange = 0.00160612, totNum = 5
ROUND = 3655, SUM = 16418909.0000001, bChange = 0.00160633, totNum = 5
ROUND = 3656, SUM = 16418909, bChange = 0.00160655, totNum = 5
ROUND = 3657, SUM = 16418909, bChange = 0.00160677, totNum = 5
ROUND = 3658, SUM = 16418909, bChange = 0.00160699, totNum = 5
ROUND = 3659, SUM = 16418909.0000001, bChange = 0.00160721, totNum = 5
ROUND = 3660, SUM = 16418909.0000001, bChange = 0.00160743, totNum = 5
ROUND = 3661, SUM = 16418909.0000001, bChange = 0.00160765, totNum = 5
ROUND = 3662, SUM = 16418909, bChange = 0.00160787, totNum = 5
ROUND = 3663, SUM = 16418909, bChange = 0.00160809, totNum = 5
ROUND = 3664, SUM = 16418909.0000001, bChange = 0.00160831, totNum = 5
ROUND = 3665, SUM = 16418909, bChange = 0.00160853, totNum = 5
ROUND = 3666, SUM = 16418909.0000001, bChange = 0.00160875, totNum = 5
ROUND = 3667, SUM = 16418909, bChange = 0.00160896, totNum = 5
ROUND = 3668, SUM = 16418909, bChange = 0.00160918, totNum = 5
ROUND = 3669, SUM = 16418909, bChange = 0.0016094, totNum = 5
ROUND = 3670, SUM = 16418909, bChange = 0.00160962, totNum = 5
ROUND = 3671, SUM = 16418909.0000001, bChange = 0.00160984, totNum = 5
ROUND = 3672, SUM = 16418909, bChange = 0.00161006, totNum = 5
ROUND = 3673, SUM = 16418909, bChange = 0.00161027, totNum = 5
ROUND = 3674, SUM = 16418909, bChange = 0.00161049, totNum = 5
ROUND = 3675, SUM = 16418909, bChange = 0.00161071, totNum = 5
ROUND = 3676, SUM = 16418909, bChange = 0.00161093, totNum = 5
ROUND = 3677, SUM = 16418909, bChange = 0.00161114, totNum = 5
ROUND = 3678, SUM = 16418909, bChange = 0.00161136, totNum = 5
ROUND = 3679, SUM = 16418909, bChange = 0.00161158, totNum = 5
ROUND = 3680, SUM = 16418909, bChange = 0.0016118, totNum = 5
ROUND = 3681, SUM = 16418909, bChange = 0.00161201, totNum = 5
ROUND = 3682, SUM = 16418909, bChange = 0.00161223, totNum = 5
ROUND = 3683, SUM = 16418909, bChange = 0.00161245, totNum = 5
ROUND = 3684, SUM = 16418909, bChange = 0.00161267, totNum = 5
ROUND = 3685, SUM = 16418909, bChange = 0.00161288, totNum = 5
ROUND = 3686, SUM = 16418909, bChange = 0.0016131, totNum = 5
ROUND = 3687, SUM = 16418909, bChange = 0.00161332, totNum = 5
ROUND = 3688, SUM = 16418909, bChange = 0.00161353, totNum = 5
ROUND = 3689, SUM = 16418909, bChange = 0.00161375, totNum = 5
ROUND = 3690, SUM = 16418909, bChange = 0.00161397, totNum = 5
ROUND = 3691, SUM = 16418909, bChange = 0.00161418, totNum = 5
ROUND = 3692, SUM = 16418909, bChange = 0.0016144, totNum = 5
ROUND = 3693, SUM = 16418909, bChange = 0.00161461, totNum = 5
ROUND = 3694, SUM = 16418909, bChange = 0.00161483, totNum = 5
ROUND = 3695, SUM = 16418909, bChange = 0.00161505, totNum = 5
ROUND = 3696, SUM = 16418909, bChange = 0.00161526, totNum = 5
ROUND = 3697, SUM = 16418909, bChange = 0.00161548, totNum = 5
ROUND = 3698, SUM = 16418909, bChange = 0.00161569, totNum = 5
ROUND = 3699, SUM = 16418909.0000001, bChange = 0.00161591, totNum = 5
ROUND = 3700, SUM = 16418909, bChange = 0.00161612, totNum = 5
ROUND = 3701, SUM = 16418909, bChange = 0.00161634, totNum = 5
ROUND = 3702, SUM = 16418909.0000001, bChange = 0.00161655, totNum = 5
ROUND = 3703, SUM = 16418909, bChange = 0.00161677, totNum = 5
ROUND = 3704, SUM = 16418909, bChange = 0.00161698, totNum = 5
ROUND = 3705, SUM = 16418909, bChange = 0.0016172, totNum = 5
ROUND = 3706, SUM = 16418909, bChange = 0.00161741, totNum = 5
ROUND = 3707, SUM = 16418909, bChange = 0.00161763, totNum = 5
ROUND = 3708, SUM = 16418909, bChange = 0.00161784, totNum = 5
ROUND = 3709, SUM = 16418909, bChange = 0.00161806, totNum = 5
ROUND = 3710, SUM = 16418909.0000001, bChange = 0.00161827, totNum = 5
ROUND = 3711, SUM = 16418909, bChange = 0.00161849, totNum = 5
ROUND = 3712, SUM = 16418909, bChange = 0.0016187, totNum = 5
ROUND = 3713, SUM = 16418909, bChange = 0.00161892, totNum = 5
ROUND = 3714, SUM = 16418909, bChange = 0.00161913, totNum = 5
ROUND = 3715, SUM = 16418909, bChange = 0.00161934, totNum = 5
ROUND = 3716, SUM = 16418909, bChange = 0.00161956, totNum = 5
ROUND = 3717, SUM = 16418909, bChange = 0.00161977, totNum = 5
ROUND = 3718, SUM = 16418909, bChange = 0.00161998, totNum = 5
ROUND = 3719, SUM = 16418909, bChange = 0.0016202, totNum = 5
ROUND = 3720, SUM = 16418909, bChange = 0.00162041, totNum = 5
ROUND = 3721, SUM = 16418909.0000001, bChange = 0.00162063, totNum = 5
ROUND = 3722, SUM = 16418909.0000001, bChange = 0.00162084, totNum = 5
ROUND = 3723, SUM = 16418909.0000001, bChange = 0.00162105, totNum = 5
ROUND = 3724, SUM = 16418909.0000001, bChange = 0.00162127, totNum = 5
ROUND = 3725, SUM = 16418909, bChange = 0.00162148, totNum = 5
ROUND = 3726, SUM = 16418909.0000001, bChange = 0.00162169, totNum = 5
ROUND = 3727, SUM = 16418909.0000001, bChange = 0.0016219, totNum = 5
ROUND = 3728, SUM = 16418909, bChange = 0.00162212, totNum = 5
ROUND = 3729, SUM = 16418909, bChange = 0.00162233, totNum = 5
ROUND = 3730, SUM = 16418909, bChange = 0.00162254, totNum = 5
ROUND = 3731, SUM = 16418909, bChange = 0.00162275, totNum = 5
ROUND = 3732, SUM = 16418909.0000001, bChange = 0.00162297, totNum = 5
ROUND = 3733, SUM = 16418909.0000001, bChange = 0.00162318, totNum = 5
ROUND = 3734, SUM = 16418909, bChange = 0.00162339, totNum = 5
ROUND = 3735, SUM = 16418909, bChange = 0.0016236, totNum = 5
ROUND = 3736, SUM = 16418909, bChange = 0.00162382, totNum = 5
ROUND = 3737, SUM = 16418909, bChange = 0.00162403, totNum = 5
ROUND = 3738, SUM = 16418909, bChange = 0.00162424, totNum = 5
ROUND = 3739, SUM = 16418909, bChange = 0.00162445, totNum = 5
ROUND = 3740, SUM = 16418909, bChange = 0.00162466, totNum = 5
ROUND = 3741, SUM = 16418909, bChange = 0.00162487, totNum = 5
ROUND = 3742, SUM = 16418909.0000001, bChange = 0.00162509, totNum = 5
ROUND = 3743, SUM = 16418909, bChange = 0.0016253, totNum = 5
ROUND = 3744, SUM = 16418909, bChange = 0.00162551, totNum = 5
ROUND = 3745, SUM = 16418909, bChange = 0.00162572, totNum = 5
ROUND = 3746, SUM = 16418909, bChange = 0.00162593, totNum = 5
ROUND = 3747, SUM = 16418909, bChange = 0.00162614, totNum = 5
ROUND = 3748, SUM = 16418909, bChange = 0.00162635, totNum = 5
ROUND = 3749, SUM = 16418909, bChange = 0.00162656, totNum = 5
ROUND = 3750, SUM = 16418909, bChange = 0.00162677, totNum = 5
ROUND = 3751, SUM = 16418909, bChange = 0.00162698, totNum = 5
ROUND = 3752, SUM = 16418909, bChange = 0.0016272, totNum = 5
ROUND = 3753, SUM = 16418909, bChange = 0.00162741, totNum = 5
ROUND = 3754, SUM = 16418909, bChange = 0.00162762, totNum = 5
ROUND = 3755, SUM = 16418909, bChange = 0.00162783, totNum = 5
ROUND = 3756, SUM = 16418909, bChange = 0.00162804, totNum = 5
ROUND = 3757, SUM = 16418909, bChange = 0.00162825, totNum = 5
ROUND = 3758, SUM = 16418909, bChange = 0.00162846, totNum = 5
ROUND = 3759, SUM = 16418909.0000001, bChange = 0.00162867, totNum = 5
ROUND = 3760, SUM = 16418909, bChange = 0.00162888, totNum = 5
ROUND = 3761, SUM = 16418909.0000001, bChange = 0.00162909, totNum = 5
ROUND = 3762, SUM = 16418909.0000001, bChange = 0.0016293, totNum = 5
ROUND = 3763, SUM = 16418909, bChange = 0.0016295, totNum = 5
ROUND = 3764, SUM = 16418909, bChange = 0.00162971, totNum = 5
ROUND = 3765, SUM = 16418909, bChange = 0.00162992, totNum = 5
ROUND = 3766, SUM = 16418909, bChange = 0.00163013, totNum = 5
ROUND = 3767, SUM = 16418909, bChange = 0.00163034, totNum = 5
ROUND = 3768, SUM = 16418909, bChange = 0.00163055, totNum = 5
ROUND = 3769, SUM = 16418909, bChange = 0.00163076, totNum = 5
ROUND = 3770, SUM = 16418909, bChange = 0.00163097, totNum = 5
ROUND = 3771, SUM = 16418909, bChange = 0.00163118, totNum = 5
ROUND = 3772, SUM = 16418909, bChange = 0.00163139, totNum = 5
ROUND = 3773, SUM = 16418909.0000001, bChange = 0.00163159, totNum = 5
ROUND = 3774, SUM = 16418909, bChange = 0.0016318, totNum = 5
ROUND = 3775, SUM = 16418909.0000001, bChange = 0.00163201, totNum = 5
ROUND = 3776, SUM = 16418909, bChange = 0.00163222, totNum = 5
ROUND = 3777, SUM = 16418909, bChange = 0.00163243, totNum = 4
ROUND = 3778, SUM = 16418909, bChange = 0.00163264, totNum = 4
ROUND = 3779, SUM = 16418909, bChange = 0.00163284, totNum = 4
ROUND = 3780, SUM = 16418909.0000001, bChange = 0.00163305, totNum = 4
ROUND = 3781, SUM = 16418909, bChange = 0.00163326, totNum = 4
ROUND = 3782, SUM = 16418909, bChange = 0.00163347, totNum = 4
ROUND = 3783, SUM = 16418909, bChange = 0.00163368, totNum = 4
ROUND = 3784, SUM = 16418909, bChange = 0.00163388, totNum = 4
ROUND = 3785, SUM = 16418909, bChange = 0.00163409, totNum = 4
ROUND = 3786, SUM = 16418909.0000001, bChange = 0.0016343, totNum = 4
ROUND = 3787, SUM = 16418909, bChange = 0.0016345, totNum = 4
ROUND = 3788, SUM = 16418909, bChange = 0.00163471, totNum = 4
ROUND = 3789, SUM = 16418909, bChange = 0.00163492, totNum = 4
ROUND = 3790, SUM = 16418909.0000001, bChange = 0.00163513, totNum = 4
ROUND = 3791, SUM = 16418909.0000001, bChange = 0.00163533, totNum = 4
ROUND = 3792, SUM = 16418909, bChange = 0.00163554, totNum = 4
ROUND = 3793, SUM = 16418909, bChange = 0.00163575, totNum = 4
ROUND = 3794, SUM = 16418909.0000001, bChange = 0.00163595, totNum = 4
ROUND = 3795, SUM = 16418909, bChange = 0.00163616, totNum = 4
ROUND = 3796, SUM = 16418909.0000001, bChange = 0.00163637, totNum = 4
ROUND = 3797, SUM = 16418909.0000001, bChange = 0.00163657, totNum = 4
ROUND = 3798, SUM = 16418909.0000001, bChange = 0.00163678, totNum = 4
ROUND = 3799, SUM = 16418909.0000001, bChange = 0.00163698, totNum = 4
ROUND = 3800, SUM = 16418909.0000001, bChange = 0.00163719, totNum = 4
ROUND = 3801, SUM = 16418909, bChange = 0.0016374, totNum = 4
ROUND = 3802, SUM = 16418909, bChange = 0.0016376, totNum = 4
ROUND = 3803, SUM = 16418909.0000001, bChange = 0.00163781, totNum = 4
ROUND = 3804, SUM = 16418909.0000001, bChange = 0.00163801, totNum = 4
ROUND = 3805, SUM = 16418909.0000001, bChange = 0.00163822, totNum = 4
ROUND = 3806, SUM = 16418909, bChange = 0.00163843, totNum = 4
ROUND = 3807, SUM = 16418909, bChange = 0.00163863, totNum = 4
ROUND = 3808, SUM = 16418909.0000001, bChange = 0.00163884, totNum = 4
ROUND = 3809, SUM = 16418909, bChange = 0.00163904, totNum = 4
ROUND = 3810, SUM = 16418909, bChange = 0.00163925, totNum = 4
ROUND = 3811, SUM = 16418909.0000001, bChange = 0.00163945, totNum = 4
ROUND = 3812, SUM = 16418909.0000001, bChange = 0.00146222, totNum = 3
ROUND = 3813, SUM = 16418909, bChange = 0.00146222, totNum = 3
ROUND = 3814, SUM = 16418909.0000001, bChange = 0.00146223, totNum = 3
ROUND = 3815, SUM = 16418909.0000001, bChange = 0.00146224, totNum = 3
ROUND = 3816, SUM = 16418909.0000001, bChange = 0.00146224, totNum = 3
ROUND = 3817, SUM = 16418909, bChange = 0.00146225, totNum = 3
ROUND = 3818, SUM = 16418909, bChange = 0.00146225, totNum = 3
ROUND = 3819, SUM = 16418909.0000001, bChange = 0.00146226, totNum = 3
ROUND = 3820, SUM = 16418909, bChange = 0.00146227, totNum = 3
ROUND = 3821, SUM = 16418909.0000001, bChange = 0.00146227, totNum = 3
ROUND = 3822, SUM = 16418909.0000001, bChange = 0.00146228, totNum = 3
ROUND = 3823, SUM = 16418909, bChange = 0.00146228, totNum = 3
ROUND = 3824, SUM = 16418909, bChange = 0.00146229, totNum = 3
ROUND = 3825, SUM = 16418909, bChange = 0.0014623, totNum = 3
ROUND = 3826, SUM = 16418909.0000001, bChange = 0.0014623, totNum = 3
ROUND = 3827, SUM = 16418909, bChange = 0.00146231, totNum = 3
ROUND = 3828, SUM = 16418909, bChange = 0.00146231, totNum = 3
ROUND = 3829, SUM = 16418909.0000001, bChange = 0.00146232, totNum = 3
ROUND = 3830, SUM = 16418909.0000001, bChange = 0.00146233, totNum = 3
ROUND = 3831, SUM = 16418909.0000001, bChange = 0.00146233, totNum = 3
ROUND = 3832, SUM = 16418909.0000001, bChange = 0.00146234, totNum = 3
ROUND = 3833, SUM = 16418909.0000001, bChange = 0.00146234, totNum = 3
ROUND = 3834, SUM = 16418909, bChange = 0.00146235, totNum = 3
ROUND = 3835, SUM = 16418909, bChange = 0.00146236, totNum = 3
ROUND = 3836, SUM = 16418909, bChange = 0.00146236, totNum = 3
ROUND = 3837, SUM = 16418909.0000001, bChange = 0.00146237, totNum = 3
ROUND = 3838, SUM = 16418909, bChange = 0.00146237, totNum = 3
ROUND = 3839, SUM = 16418909, bChange = 0.00146238, totNum = 3
ROUND = 3840, SUM = 16418909, bChange = 0.00146239, totNum = 3
ROUND = 3841, SUM = 16418909, bChange = 0.00146239, totNum = 3
ROUND = 3842, SUM = 16418909.0000001, bChange = 0.0014624, totNum = 3
ROUND = 3843, SUM = 16418909, bChange = 0.0014624, totNum = 3
ROUND = 3844, SUM = 16418909.0000001, bChange = 0.00146241, totNum = 3
ROUND = 3845, SUM = 16418909, bChange = 0.00146242, totNum = 3
ROUND = 3846, SUM = 16418909, bChange = 0.00146242, totNum = 3
ROUND = 3847, SUM = 16418909, bChange = 0.00146243, totNum = 3
ROUND = 3848, SUM = 16418909.0000001, bChange = 0.00146243, totNum = 3
ROUND = 3849, SUM = 16418909.0000001, bChange = 0.00146244, totNum = 3
ROUND = 3850, SUM = 16418909, bChange = 0.00146244, totNum = 3
ROUND = 3851, SUM = 16418909, bChange = 0.00146245, totNum = 3
ROUND = 3852, SUM = 16418909, bChange = 0.00146246, totNum = 3
ROUND = 3853, SUM = 16418909.0000001, bChange = 0.00146246, totNum = 3
ROUND = 3854, SUM = 16418909, bChange = 0.00146247, totNum = 3
ROUND = 3855, SUM = 16418909.0000001, bChange = 0.00146247, totNum = 3
ROUND = 3856, SUM = 16418909, bChange = 0.00146248, totNum = 3
ROUND = 3857, SUM = 16418909, bChange = 0.00146248, totNum = 3
ROUND = 3858, SUM = 16418909, bChange = 0.00146249, totNum = 3
ROUND = 3859, SUM = 16418909.0000001, bChange = 0.0014625, totNum = 3
ROUND = 3860, SUM = 16418909, bChange = 0.0014625, totNum = 3
ROUND = 3861, SUM = 16418909.0000001, bChange = 0.00146251, totNum = 3
ROUND = 3862, SUM = 16418909, bChange = 0.00146251, totNum = 3
ROUND = 3863, SUM = 16418909, bChange = 0.00146252, totNum = 3
ROUND = 3864, SUM = 16418909, bChange = 0.00146252, totNum = 3
ROUND = 3865, SUM = 16418909, bChange = 0.00146253, totNum = 3
ROUND = 3866, SUM = 16418909, bChange = 0.00146254, totNum = 3
ROUND = 3867, SUM = 16418909, bChange = 0.00146254, totNum = 3
ROUND = 3868, SUM = 16418909.0000001, bChange = 0.00146255, totNum = 3
ROUND = 3869, SUM = 16418909, bChange = 0.00146255, totNum = 3
ROUND = 3870, SUM = 16418909, bChange = 0.00146256, totNum = 3
ROUND = 3871, SUM = 16418909, bChange = 0.00146256, totNum = 3
ROUND = 3872, SUM = 16418909, bChange = 0.00146257, totNum = 3
ROUND = 3873, SUM = 16418909, bChange = 0.00146258, totNum = 3
ROUND = 3874, SUM = 16418909, bChange = 0.00146258, totNum = 3
ROUND = 3875, SUM = 16418909, bChange = 0.00146259, totNum = 3
ROUND = 3876, SUM = 16418909, bChange = 0.00146259, totNum = 3
ROUND = 3877, SUM = 16418909, bChange = 0.0014626, totNum = 3
ROUND = 3878, SUM = 16418909, bChange = 0.0014626, totNum = 3
ROUND = 3879, SUM = 16418909, bChange = 0.00146261, totNum = 3
ROUND = 3880, SUM = 16418909, bChange = 0.00146261, totNum = 3
ROUND = 3881, SUM = 16418909, bChange = 0.00146262, totNum = 3
ROUND = 3882, SUM = 16418909, bChange = 0.00146263, totNum = 3
ROUND = 3883, SUM = 16418909, bChange = 0.00146263, totNum = 3
ROUND = 3884, SUM = 16418909, bChange = 0.00146264, totNum = 3
ROUND = 3885, SUM = 16418909, bChange = 0.00146264, totNum = 3
ROUND = 3886, SUM = 16418909, bChange = 0.00146265, totNum = 3
ROUND = 3887, SUM = 16418909, bChange = 0.00146265, totNum = 3
ROUND = 3888, SUM = 16418909.0000001, bChange = 0.00146266, totNum = 3
ROUND = 3889, SUM = 16418909, bChange = 0.00146266, totNum = 3
ROUND = 3890, SUM = 16418909, bChange = 0.00146267, totNum = 3
ROUND = 3891, SUM = 16418909, bChange = 0.00146268, totNum = 3
ROUND = 3892, SUM = 16418909, bChange = 0.00146268, totNum = 3
ROUND = 3893, SUM = 16418909, bChange = 0.00146269, totNum = 3
ROUND = 3894, SUM = 16418909, bChange = 0.00146269, totNum = 3
ROUND = 3895, SUM = 16418909, bChange = 0.0014627, totNum = 3
ROUND = 3896, SUM = 16418909, bChange = 0.0014627, totNum = 3
ROUND = 3897, SUM = 16418909, bChange = 0.00146271, totNum = 3
ROUND = 3898, SUM = 16418909, bChange = 0.00146271, totNum = 3
ROUND = 3899, SUM = 16418909, bChange = 0.00146272, totNum = 3
ROUND = 3900, SUM = 16418909.0000001, bChange = 0.00146272, totNum = 3
ROUND = 3901, SUM = 16418909, bChange = 0.00146273, totNum = 3
ROUND = 3902, SUM = 16418909, bChange = 0.00146273, totNum = 3
ROUND = 3903, SUM = 16418909.0000001, bChange = 0.00146274, totNum = 3
ROUND = 3904, SUM = 16418909, bChange = 0.00146275, totNum = 3
ROUND = 3905, SUM = 16418909.0000001, bChange = 0.00146275, totNum = 3
ROUND = 3906, SUM = 16418909, bChange = 0.00146276, totNum = 3
ROUND = 3907, SUM = 16418909, bChange = 0.00146276, totNum = 3
ROUND = 3908, SUM = 16418909, bChange = 0.00146277, totNum = 3
ROUND = 3909, SUM = 16418909, bChange = 0.00146277, totNum = 3
ROUND = 3910, SUM = 16418909.0000001, bChange = 0.00146278, totNum = 3
ROUND = 3911, SUM = 16418909, bChange = 0.00146278, totNum = 3
ROUND = 3912, SUM = 16418909, bChange = 0.00146279, totNum = 3
ROUND = 3913, SUM = 16418909.0000001, bChange = 0.00146279, totNum = 3
ROUND = 3914, SUM = 16418909, bChange = 0.0014628, totNum = 3
ROUND = 3915, SUM = 16418909, bChange = 0.0014628, totNum = 3
ROUND = 3916, SUM = 16418909.0000001, bChange = 0.00146281, totNum = 3
ROUND = 3917, SUM = 16418909, bChange = 0.00146281, totNum = 3
ROUND = 3918, SUM = 16418909, bChange = 0.00146282, totNum = 3
ROUND = 3919, SUM = 16418909, bChange = 0.00146283, totNum = 3
ROUND = 3920, SUM = 16418909, bChange = 0.00146283, totNum = 3
ROUND = 3921, SUM = 16418909, bChange = 0.00146284, totNum = 3
ROUND = 3922, SUM = 16418909, bChange = 0.00146284, totNum = 3
ROUND = 3923, SUM = 16418909, bChange = 0.00146285, totNum = 3
ROUND = 3924, SUM = 16418909.0000001, bChange = 0.00146285, totNum = 3
ROUND = 3925, SUM = 16418909, bChange = 0.00146286, totNum = 3
ROUND = 3926, SUM = 16418909.0000001, bChange = 0.00146286, totNum = 3
ROUND = 3927, SUM = 16418909.0000001, bChange = 0.00146287, totNum = 3
ROUND = 3928, SUM = 16418909, bChange = 0.00146287, totNum = 3
ROUND = 3929, SUM = 16418909, bChange = 0.00146288, totNum = 3
ROUND = 3930, SUM = 16418909, bChange = 0.00146288, totNum = 3
ROUND = 3931, SUM = 16418909.0000001, bChange = 0.00146289, totNum = 3
ROUND = 3932, SUM = 16418909, bChange = 0.00146289, totNum = 3
ROUND = 3933, SUM = 16418909.0000001, bChange = 0.0014629, totNum = 3
ROUND = 3934, SUM = 16418909.0000001, bChange = 0.0014629, totNum = 3
ROUND = 3935, SUM = 16418909.0000001, bChange = 0.00146291, totNum = 3
ROUND = 3936, SUM = 16418909, bChange = 0.00146291, totNum = 3
ROUND = 3937, SUM = 16418909.0000001, bChange = 0.00146292, totNum = 3
ROUND = 3938, SUM = 16418909.0000001, bChange = 0.00146292, totNum = 3
ROUND = 3939, SUM = 16418909.0000001, bChange = 0.00146293, totNum = 3
ROUND = 3940, SUM = 16418909.0000001, bChange = 0.00146293, totNum = 3
ROUND = 3941, SUM = 16418909, bChange = 0.00146294, totNum = 3
ROUND = 3942, SUM = 16418909.0000001, bChange = 0.00146294, totNum = 3
ROUND = 3943, SUM = 16418909.0000001, bChange = 0.00146295, totNum = 3
ROUND = 3944, SUM = 16418909, bChange = 0.00146295, totNum = 3
ROUND = 3945, SUM = 16418909, bChange = 0.00146296, totNum = 3
ROUND = 3946, SUM = 16418909.0000001, bChange = 0.00146296, totNum = 3
ROUND = 3947, SUM = 16418909, bChange = 0.00146297, totNum = 3
ROUND = 3948, SUM = 16418909.0000001, bChange = 0.00146297, totNum = 3
ROUND = 3949, SUM = 16418909.0000001, bChange = 0.00146298, totNum = 3
ROUND = 3950, SUM = 16418909, bChange = 0.00146298, totNum = 3
ROUND = 3951, SUM = 16418909.0000001, bChange = 0.00146299, totNum = 3
ROUND = 3952, SUM = 16418909, bChange = 0.00146299, totNum = 3
ROUND = 3953, SUM = 16418909.0000001, bChange = 0.001463, totNum = 3
ROUND = 3954, SUM = 16418909.0000001, bChange = 0.001463, totNum = 3
ROUND = 3955, SUM = 16418909.0000001, bChange = 0.00146301, totNum = 3
ROUND = 3956, SUM = 16418909.0000001, bChange = 0.00146301, totNum = 3
ROUND = 3957, SUM = 16418909, bChange = 0.00146302, totNum = 3
ROUND = 3958, SUM = 16418909.0000001, bChange = 0.00146302, totNum = 3
ROUND = 3959, SUM = 16418909.0000001, bChange = 0.00146303, totNum = 3
ROUND = 3960, SUM = 16418909.0000001, bChange = 0.00146303, totNum = 3
ROUND = 3961, SUM = 16418909.0000001, bChange = 0.00146304, totNum = 3
ROUND = 3962, SUM = 16418909, bChange = 0.00146304, totNum = 3
ROUND = 3963, SUM = 16418909, bChange = 0.00146305, totNum = 3
ROUND = 3964, SUM = 16418909, bChange = 0.00146305, totNum = 3
ROUND = 3965, SUM = 16418909, bChange = 0.00123193, totNum = 2
ROUND = 3966, SUM = 16418909, bChange = 0.00123195, totNum = 2
ROUND = 3967, SUM = 16418909, bChange = 0.00123196, totNum = 2
ROUND = 3968, SUM = 16418909.0000001, bChange = 0.00123197, totNum = 2
ROUND = 3969, SUM = 16418909.0000001, bChange = 0.00123198, totNum = 2
ROUND = 3970, SUM = 16418909.0000001, bChange = 0.00123199, totNum = 2
ROUND = 3971, SUM = 16418909.0000001, bChange = 0.001232, totNum = 2
ROUND = 3972, SUM = 16418909.0000001, bChange = 0.00123201, totNum = 2
ROUND = 3973, SUM = 16418909.0000001, bChange = 0.00123202, totNum = 2
ROUND = 3974, SUM = 16418909, bChange = 0.00123203, totNum = 2
ROUND = 3975, SUM = 16418909.0000001, bChange = 0.00123204, totNum = 2
ROUND = 3976, SUM = 16418909, bChange = 0.00123205, totNum = 2
ROUND = 3977, SUM = 16418909, bChange = 0.00123206, totNum = 2
ROUND = 3978, SUM = 16418909, bChange = 0.00123207, totNum = 2
ROUND = 3979, SUM = 16418909, bChange = 0.00123208, totNum = 2
ROUND = 3980, SUM = 16418909.0000001, bChange = 0.00123209, totNum = 2
ROUND = 3981, SUM = 16418909, bChange = 0.0012321, totNum = 2
ROUND = 3982, SUM = 16418909.0000001, bChange = 0.00123211, totNum = 2
ROUND = 3983, SUM = 16418909, bChange = 0.00123212, totNum = 2
ROUND = 3984, SUM = 16418909, bChange = 0.00123213, totNum = 2
ROUND = 3985, SUM = 16418909, bChange = 0.00123214, totNum = 2
ROUND = 3986, SUM = 16418909.0000001, bChange = 0.00123215, totNum = 2
ROUND = 3987, SUM = 16418909, bChange = 0.00123216, totNum = 2
ROUND = 3988, SUM = 16418909.0000001, bChange = 0.00123217, totNum = 2
ROUND = 3989, SUM = 16418909.0000001, bChange = 0.00123218, totNum = 2
ROUND = 3990, SUM = 16418909, bChange = 0.00123219, totNum = 2
ROUND = 3991, SUM = 16418909, bChange = 0.0012322, totNum = 2
ROUND = 3992, SUM = 16418909, bChange = 0.00123221, totNum = 2
ROUND = 3993, SUM = 16418909.0000001, bChange = 0.00123222, totNum = 2
ROUND = 3994, SUM = 16418909.0000001, bChange = 0.00123223, totNum = 2
ROUND = 3995, SUM = 16418909, bChange = 0.00123224, totNum = 2
ROUND = 3996, SUM = 16418909, bChange = 0.00123225, totNum = 2
ROUND = 3997, SUM = 16418909, bChange = 0.00123226, totNum = 2
ROUND = 3998, SUM = 16418909.0000001, bChange = 0.00123227, totNum = 2
ROUND = 3999, SUM = 16418909.0000001, bChange = 0.00123228, totNum = 2
ROUND = 4000, SUM = 16418909, bChange = 0.00123229, totNum = 2
ROUND = 4001, SUM = 16418909.0000001, bChange = 0.0012323, totNum = 2
ROUND = 4002, SUM = 16418909, bChange = 0.00123231, totNum = 2
ROUND = 4003, SUM = 16418909, bChange = 0.00123232, totNum = 2
ROUND = 4004, SUM = 16418909.0000001, bChange = 0.00123233, totNum = 2
ROUND = 4005, SUM = 16418909, bChange = 0.00123234, totNum = 2
ROUND = 4006, SUM = 16418909, bChange = 0.00123235, totNum = 2
ROUND = 4007, SUM = 16418909.0000001, bChange = 0.00123236, totNum = 2
ROUND = 4008, SUM = 16418909.0000001, bChange = 0.00123237, totNum = 2
ROUND = 4009, SUM = 16418909, bChange = 0.00123238, totNum = 2
ROUND = 4010, SUM = 16418909.0000001, bChange = 0.00123239, totNum = 2
ROUND = 4011, SUM = 16418909.0000001, bChange = 0.0012324, totNum = 2
ROUND = 4012, SUM = 16418909.0000001, bChange = 0.00123241, totNum = 2
ROUND = 4013, SUM = 16418909, bChange = 0.00123242, totNum = 2
ROUND = 4014, SUM = 16418909, bChange = 0.00123243, totNum = 2
ROUND = 4015, SUM = 16418909, bChange = 0.00123244, totNum = 2
ROUND = 4016, SUM = 16418909.0000001, bChange = 0.00123245, totNum = 2
ROUND = 4017, SUM = 16418909, bChange = 0.00123246, totNum = 2
ROUND = 4018, SUM = 16418909.0000001, bChange = 0.00123247, totNum = 2
ROUND = 4019, SUM = 16418909, bChange = 0.00123248, totNum = 2
ROUND = 4020, SUM = 16418909, bChange = 0.00123249, totNum = 2
ROUND = 4021, SUM = 16418909, bChange = 0.0012325, totNum = 2
ROUND = 4022, SUM = 16418909, bChange = 0.00123251, totNum = 2
ROUND = 4023, SUM = 16418909.0000001, bChange = 0.00123252, totNum = 2
ROUND = 4024, SUM = 16418909.0000001, bChange = 0.00123252, totNum = 2
ROUND = 4025, SUM = 16418909, bChange = 0.00123253, totNum = 2
ROUND = 4026, SUM = 16418909, bChange = 0.00123254, totNum = 2
ROUND = 4027, SUM = 16418909, bChange = 0.00123255, totNum = 2
ROUND = 4028, SUM = 16418909, bChange = 0.00123256, totNum = 2
ROUND = 4029, SUM = 16418909, bChange = 0.00123257, totNum = 2
ROUND = 4030, SUM = 16418909, bChange = 0.00123258, totNum = 2
ROUND = 4031, SUM = 16418909, bChange = 0.00123259, totNum = 2
ROUND = 4032, SUM = 16418909, bChange = 0.0012326, totNum = 2
ROUND = 4033, SUM = 16418909, bChange = 0.00123261, totNum = 2
ROUND = 4034, SUM = 16418909, bChange = 0.00123262, totNum = 2
ROUND = 4035, SUM = 16418909, bChange = 0.00123263, totNum = 2
ROUND = 4036, SUM = 16418909, bChange = 0.00123264, totNum = 2
ROUND = 4037, SUM = 16418909, bChange = 0.00123265, totNum = 2
ROUND = 4038, SUM = 16418909, bChange = 0.00123266, totNum = 2
ROUND = 4039, SUM = 16418909, bChange = 0.00123267, totNum = 2
ROUND = 4040, SUM = 16418909, bChange = 0.00123268, totNum = 2
ROUND = 4041, SUM = 16418909, bChange = 0.00123269, totNum = 2
ROUND = 4042, SUM = 16418909.0000001, bChange = 0.0012327, totNum = 2
ROUND = 4043, SUM = 16418909, bChange = 0.00123271, totNum = 2
ROUND = 4044, SUM = 16418909, bChange = 0.00123272, totNum = 2
ROUND = 4045, SUM = 16418909.0000001, bChange = 0.00123272, totNum = 2
ROUND = 4046, SUM = 16418909, bChange = 0.00123273, totNum = 2
ROUND = 4047, SUM = 16418909, bChange = 0.00123274, totNum = 2
ROUND = 4048, SUM = 16418909.0000001, bChange = 0.00123275, totNum = 2
ROUND = 4049, SUM = 16418909, bChange = 0.00123276, totNum = 2
ROUND = 4050, SUM = 16418909, bChange = 0.00123277, totNum = 2
ROUND = 4051, SUM = 16418909, bChange = 0.00123278, totNum = 2
ROUND = 4052, SUM = 16418909, bChange = 0.00123279, totNum = 2
ROUND = 4053, SUM = 16418909, bChange = 0.0012328, totNum = 2
ROUND = 4054, SUM = 16418909, bChange = 0.00123281, totNum = 2
ROUND = 4055, SUM = 16418909, bChange = 0.00123282, totNum = 2
ROUND = 4056, SUM = 16418909, bChange = 0.00123283, totNum = 2
ROUND = 4057, SUM = 16418909, bChange = 0.00123284, totNum = 2
ROUND = 4058, SUM = 16418909, bChange = 0.00123285, totNum = 2
ROUND = 4059, SUM = 16418909, bChange = 0.00123286, totNum = 2
ROUND = 4060, SUM = 16418909, bChange = 0.00123286, totNum = 2
ROUND = 4061, SUM = 16418909, bChange = 0.00123287, totNum = 2
ROUND = 4062, SUM = 16418909, bChange = 0.00123288, totNum = 2
ROUND = 4063, SUM = 16418909, bChange = 0.00123289, totNum = 2
ROUND = 4064, SUM = 16418909, bChange = 0.0012329, totNum = 2
ROUND = 4065, SUM = 16418909.0000001, bChange = 0.00123291, totNum = 2
ROUND = 4066, SUM = 16418909, bChange = 0.00123292, totNum = 2
ROUND = 4067, SUM = 16418909, bChange = 0.00123293, totNum = 2
ROUND = 4068, SUM = 16418909, bChange = 0.00123294, totNum = 2
ROUND = 4069, SUM = 16418909, bChange = 0.00123295, totNum = 2
ROUND = 4070, SUM = 16418909, bChange = 0.00123296, totNum = 2
ROUND = 4071, SUM = 16418909, bChange = 0.00123297, totNum = 2
ROUND = 4072, SUM = 16418909, bChange = 0.00123297, totNum = 2
ROUND = 4073, SUM = 16418909, bChange = 0.00123298, totNum = 2
ROUND = 4074, SUM = 16418909, bChange = 0.00123299, totNum = 2
ROUND = 4075, SUM = 16418909, bChange = 0.001233, totNum = 2
ROUND = 4076, SUM = 16418909, bChange = 0.00123301, totNum = 2
ROUND = 4077, SUM = 16418909, bChange = 0.00123302, totNum = 2
ROUND = 4078, SUM = 16418909, bChange = 0.00123303, totNum = 2
ROUND = 4079, SUM = 16418909, bChange = 0.00123304, totNum = 2
ROUND = 4080, SUM = 16418909, bChange = 0.00123305, totNum = 2
ROUND = 4081, SUM = 16418909.0000001, bChange = 0.00123306, totNum = 2
ROUND = 4082, SUM = 16418909, bChange = 0.00123306, totNum = 2
ROUND = 4083, SUM = 16418909, bChange = 0.00123307, totNum = 2
ROUND = 4084, SUM = 16418909, bChange = 0.00123308, totNum = 2
ROUND = 4085, SUM = 16418909, bChange = 0.00123309, totNum = 2
ROUND = 4086, SUM = 16418909, bChange = 0.0012331, totNum = 2
ROUND = 4087, SUM = 16418909, bChange = 0.00123311, totNum = 2
ROUND = 4088, SUM = 16418909.0000001, bChange = 0.00123312, totNum = 2
ROUND = 4089, SUM = 16418909, bChange = 0.00123313, totNum = 2
ROUND = 4090, SUM = 16418909.0000001, bChange = 0.00123314, totNum = 2
ROUND = 4091, SUM = 16418909.0000001, bChange = 0.00123315, totNum = 2
ROUND = 4092, SUM = 16418909, bChange = 0.00123315, totNum = 2
ROUND = 4093, SUM = 16418909.0000001, bChange = 0.00123316, totNum = 2
ROUND = 4094, SUM = 16418909.0000001, bChange = 0.00123317, totNum = 2
ROUND = 4095, SUM = 16418909.0000001, bChange = 0.00123318, totNum = 2
ROUND = 4096, SUM = 16418909.0000001, bChange = 0.00123319, totNum = 2
ROUND = 4097, SUM = 16418909.0000001, bChange = 0.0012332, totNum = 2
ROUND = 4098, SUM = 16418909.0000001, bChange = 0.00123321, totNum = 2
ROUND = 4099, SUM = 16418909.0000001, bChange = 0.00123322, totNum = 2
ROUND = 4100, SUM = 16418909, bChange = 0.00123322, totNum = 2
ROUND = 4101, SUM = 16418909, bChange = 0.00123323, totNum = 2
ROUND = 4102, SUM = 16418909.0000001, bChange = 0.00123324, totNum = 2
ROUND = 4103, SUM = 16418909, bChange = 0.00123325, totNum = 2
ROUND = 4104, SUM = 16418909.0000001, bChange = 0.00123326, totNum = 2
ROUND = 4105, SUM = 16418909, bChange = 0.00123327, totNum = 2
ROUND = 4106, SUM = 16418909.0000001, bChange = 0.00123328, totNum = 2
ROUND = 4107, SUM = 16418909, bChange = 0.00123329, totNum = 2
ROUND = 4108, SUM = 16418909, bChange = 0.00123329, totNum = 2
ROUND = 4109, SUM = 16418909, bChange = 0.0012333, totNum = 2
ROUND = 4110, SUM = 16418909.0000001, bChange = 0.00123331, totNum = 2
ROUND = 4111, SUM = 16418909, bChange = 0.00123332, totNum = 2
ROUND = 4112, SUM = 16418909, bChange = 0.00123333, totNum = 2
ROUND = 4113, SUM = 16418909, bChange = 0.00123334, totNum = 2
ROUND = 4114, SUM = 16418909, bChange = 0.00123335, totNum = 2
ROUND = 4115, SUM = 16418909, bChange = 0.00123336, totNum = 2
ROUND = 4116, SUM = 16418909, bChange = 0.00123336, totNum = 2
ROUND = 4117, SUM = 16418909, bChange = 0.00123337, totNum = 2
ROUND = 4118, SUM = 16418909, bChange = 0.00123338, totNum = 2
ROUND = 4119, SUM = 16418909, bChange = 0.00123339, totNum = 2
ROUND = 4120, SUM = 16418909.0000001, bChange = 0.0012334, totNum = 2
ROUND = 4121, SUM = 16418909, bChange = 0.00123341, totNum = 2
ROUND = 4122, SUM = 16418909, bChange = 0.00123342, totNum = 2
ROUND = 4123, SUM = 16418909.0000001, bChange = 0.00123342, totNum = 2
ROUND = 4124, SUM = 16418909, bChange = 0.00123343, totNum = 2
ROUND = 4125, SUM = 16418909, bChange = 0.00123344, totNum = 2
ROUND = 4126, SUM = 16418909, bChange = 0.00123345, totNum = 2
ROUND = 4127, SUM = 16418909, bChange = 0.00123346, totNum = 2
ROUND = 4128, SUM = 16418909, bChange = 0.00123347, totNum = 2
ROUND = 4129, SUM = 16418909.0000001, bChange = 0.00123348, totNum = 2
ROUND = 4130, SUM = 16418909, bChange = 0.00123348, totNum = 2
ROUND = 4131, SUM = 16418909, bChange = 0.00123349, totNum = 2
ROUND = 4132, SUM = 16418909.0000001, bChange = 0.0012335, totNum = 2
ROUND = 4133, SUM = 16418909.0000001, bChange = 0.00123351, totNum = 2
ROUND = 4134, SUM = 16418909, bChange = 0.00123352, totNum = 2
ROUND = 4135, SUM = 16418909.0000001, bChange = 0.00123353, totNum = 2
ROUND = 4136, SUM = 16418909, bChange = 0.00123353, totNum = 2
ROUND = 4137, SUM = 16418909.0000001, bChange = 0.00123354, totNum = 2
ROUND = 4138, SUM = 16418909, bChange = 0.00123355, totNum = 2
ROUND = 4139, SUM = 16418909, bChange = 0.00123356, totNum = 2
ROUND = 4140, SUM = 16418909.0000001, bChange = 0.00123357, totNum = 2
ROUND = 4141, SUM = 16418909, bChange = 0.00123358, totNum = 2
ROUND = 4142, SUM = 16418909, bChange = 0.00123358, totNum = 2
ROUND = 4143, SUM = 16418909, bChange = 0.00123359, totNum = 2
ROUND = 4144, SUM = 16418909, bChange = 0.0012336, totNum = 2
ROUND = 4145, SUM = 16418909, bChange = 0.00123361, totNum = 2
ROUND = 4146, SUM = 16418909, bChange = 0.00123362, totNum = 2
ROUND = 4147, SUM = 16418909.0000001, bChange = 0.00123363, totNum = 2
ROUND = 4148, SUM = 16418909, bChange = 0.00123363, totNum = 2
ROUND = 4149, SUM = 16418909.0000001, bChange = 0.00123364, totNum = 2
ROUND = 4150, SUM = 16418909, bChange = 0.00123365, totNum = 2
ROUND = 4151, SUM = 16418909, bChange = 0.00123366, totNum = 2
ROUND = 4152, SUM = 16418909.0000001, bChange = 0.00123367, totNum = 2
ROUND = 4153, SUM = 16418909, bChange = 0.00123368, totNum = 2
ROUND = 4154, SUM = 16418909, bChange = 0.00123368, totNum = 2
ROUND = 4155, SUM = 16418909, bChange = 0.00123369, totNum = 2
ROUND = 4156, SUM = 16418909, bChange = 0.0012337, totNum = 2
ROUND = 4157, SUM = 16418909, bChange = 0.00123371, totNum = 2
ROUND = 4158, SUM = 16418909.0000001, bChange = 0.00123372, totNum = 2
ROUND = 4159, SUM = 16418909, bChange = 0.00123372, totNum = 2
ROUND = 4160, SUM = 16418909, bChange = 0.00123373, totNum = 2
ROUND = 4161, SUM = 16418909, bChange = 0.00123374, totNum = 2
ROUND = 4162, SUM = 16418909.0000001, bChange = 0.00123375, totNum = 2
ROUND = 4163, SUM = 16418909.0000001, bChange = 0.00123376, totNum = 2
ROUND = 4164, SUM = 16418909.0000001, bChange = 0.00123377, totNum = 2
ROUND = 4165, SUM = 16418909, bChange = 0.00123377, totNum = 2
ROUND = 4166, SUM = 16418909, bChange = 0.00123378, totNum = 2
ROUND = 4167, SUM = 16418909, bChange = 0.00123379, totNum = 2
ROUND = 4168, SUM = 16418909, bChange = 0.0012338, totNum = 2
ROUND = 4169, SUM = 16418909.0000001, bChange = 0.00123381, totNum = 2
ROUND = 4170, SUM = 16418909.0000001, bChange = 0.00123381, totNum = 2
ROUND = 4171, SUM = 16418909.0000001, bChange = 0.00123382, totNum = 2
ROUND = 4172, SUM = 16418909, bChange = 0.00123383, totNum = 2
ROUND = 4173, SUM = 16418909, bChange = 0.00123384, totNum = 2
ROUND = 4174, SUM = 16418909.0000001, bChange = 0.00123385, totNum = 2
ROUND = 4175, SUM = 16418909.0000001, bChange = 0.00123385, totNum = 2
ROUND = 4176, SUM = 16418909, bChange = 0.00123386, totNum = 2
ROUND = 4177, SUM = 16418909, bChange = 0.00123387, totNum = 2
ROUND = 4178, SUM = 16418909.0000001, bChange = 0.00123388, totNum = 2
ROUND = 4179, SUM = 16418909.0000001, bChange = 0.00123389, totNum = 2
ROUND = 4180, SUM = 16418909.0000001, bChange = 0.00123389, totNum = 2
ROUND = 4181, SUM = 16418909.0000001, bChange = 0.0012339, totNum = 2
ROUND = 4182, SUM = 16418909, bChange = 0.00123391, totNum = 2
ROUND = 4183, SUM = 16418909.0000001, bChange = 0.00123392, totNum = 2
ROUND = 4184, SUM = 16418909.0000001, bChange = 0.00123393, totNum = 2
ROUND = 4185, SUM = 16418909.0000001, bChange = 0.00123393, totNum = 2
ROUND = 4186, SUM = 16418909, bChange = 0.00123394, totNum = 2
ROUND = 4187, SUM = 16418909.0000001, bChange = 0.00123395, totNum = 2
ROUND = 4188, SUM = 16418909, bChange = 0.00123396, totNum = 2
ROUND = 4189, SUM = 16418909.0000001, bChange = 0.00123397, totNum = 2
ROUND = 4190, SUM = 16418909, bChange = 0.00123397, totNum = 2
ROUND = 4191, SUM = 16418909.0000001, bChange = 0.00123398, totNum = 2
ROUND = 4192, SUM = 16418909, bChange = 0.00123399, totNum = 2
ROUND = 4193, SUM = 16418909.0000001, bChange = 0.001234, totNum = 2
ROUND = 4194, SUM = 16418909.0000001, bChange = 0.001234, totNum = 2
ROUND = 4195, SUM = 16418909, bChange = 0.00123401, totNum = 2
ROUND = 4196, SUM = 16418909, bChange = 0.00123402, totNum = 2
ROUND = 4197, SUM = 16418909, bChange = 0.00123403, totNum = 2
ROUND = 4198, SUM = 16418909, bChange = 0.00123404, totNum = 2
ROUND = 4199, SUM = 16418909.0000001, bChange = 0.00123404, totNum = 2
ROUND = 4200, SUM = 16418909, bChange = 0.00123405, totNum = 2
ROUND = 4201, SUM = 16418909.0000001, bChange = 0.00123406, totNum = 2
ROUND = 4202, SUM = 16418909, bChange = 0.00123407, totNum = 2
ROUND = 4203, SUM = 16418909.0000001, bChange = 0.00123407, totNum = 2
ROUND = 4204, SUM = 16418909.0000001, bChange = 0.00123408, totNum = 2
ROUND = 4205, SUM = 16418909, bChange = 0.00123409, totNum = 2
ROUND = 4206, SUM = 16418909.0000001, bChange = 0.0012341, totNum = 2
ROUND = 4207, SUM = 16418909.0000001, bChange = 0.00123411, totNum = 2
ROUND = 4208, SUM = 16418909, bChange = 0.00123411, totNum = 2
ROUND = 4209, SUM = 16418909.0000001, bChange = 0.00123412, totNum = 2
ROUND = 4210, SUM = 16418909.0000001, bChange = 0.00123413, totNum = 2
ROUND = 4211, SUM = 16418909, bChange = 0.00123414, totNum = 2
ROUND = 4212, SUM = 16418909.0000001, bChange = 0.00123414, totNum = 2
ROUND = 4213, SUM = 16418909.0000001, bChange = 0.00123415, totNum = 2
ROUND = 4214, SUM = 16418909.0000001, bChange = 0.00123416, totNum = 2
ROUND = 4215, SUM = 16418909, bChange = 0.00123417, totNum = 2
ROUND = 4216, SUM = 16418909.0000001, bChange = 0.00123417, totNum = 2
ROUND = 4217, SUM = 16418909.0000001, bChange = 0.00123418, totNum = 2
ROUND = 4218, SUM = 16418909, bChange = 0.00123419, totNum = 2
ROUND = 4219, SUM = 16418909.0000001, bChange = 0.0012342, totNum = 2
ROUND = 4220, SUM = 16418909.0000001, bChange = 0.00123421, totNum = 2
ROUND = 4221, SUM = 16418909.0000001, bChange = 0.00123421, totNum = 2
ROUND = 4222, SUM = 16418909.0000001, bChange = 0.00123422, totNum = 2
ROUND = 4223, SUM = 16418909.0000001, bChange = 0.00123423, totNum = 2
ROUND = 4224, SUM = 16418909.0000001, bChange = 0.00123424, totNum = 2
ROUND = 4225, SUM = 16418909.0000001, bChange = 0.00123424, totNum = 2
ROUND = 4226, SUM = 16418909, bChange = 0.00123425, totNum = 2
ROUND = 4227, SUM = 16418909, bChange = 0.00123426, totNum = 2
ROUND = 4228, SUM = 16418909.0000001, bChange = 0.00123427, totNum = 2
ROUND = 4229, SUM = 16418909.0000001, bChange = 0.00123427, totNum = 2
ROUND = 4230, SUM = 16418909, bChange = 0.00123428, totNum = 2
ROUND = 4231, SUM = 16418909.0000001, bChange = 0.00123429, totNum = 2
ROUND = 4232, SUM = 16418909.0000001, bChange = 0.0012343, totNum = 2
ROUND = 4233, SUM = 16418909, bChange = 0.0012343, totNum = 2
ROUND = 4234, SUM = 16418909, bChange = 0.00123431, totNum = 2
ROUND = 4235, SUM = 16418909.0000001, bChange = 0.00123432, totNum = 2
ROUND = 4236, SUM = 16418909.0000001, bChange = 0.00123433, totNum = 2
ROUND = 4237, SUM = 16418909, bChange = 0.00123433, totNum = 2
ROUND = 4238, SUM = 16418909.0000001, bChange = 0.00123434, totNum = 2
ROUND = 4239, SUM = 16418909.0000001, bChange = 0.00123435, totNum = 2
ROUND = 4240, SUM = 16418909.0000001, bChange = 0.00123436, totNum = 2
ROUND = 4241, SUM = 16418909.0000001, bChange = 0.00123436, totNum = 2
ROUND = 4242, SUM = 16418909, bChange = 0.00123437, totNum = 2
ROUND = 4243, SUM = 16418909.0000001, bChange = 0.00123438, totNum = 2
ROUND = 4244, SUM = 16418909.0000001, bChange = 0.00123438, totNum = 2
ROUND = 4245, SUM = 16418909, bChange = 0.00123439, totNum = 2
ROUND = 4246, SUM = 16418909, bChange = 0.0012344, totNum = 2
ROUND = 4247, SUM = 16418909, bChange = 0.00123441, totNum = 2
ROUND = 4248, SUM = 16418909, bChange = 0.00123441, totNum = 2
ROUND = 4249, SUM = 16418909, bChange = 0.00123442, totNum = 2
ROUND = 4250, SUM = 16418909, bChange = 0.00123443, totNum = 2
ROUND = 4251, SUM = 16418909, bChange = 0.00123444, totNum = 2
ROUND = 4252, SUM = 16418909, bChange = 0.00123444, totNum = 2
ROUND = 4253, SUM = 16418909, bChange = 0.00123445, totNum = 2
ROUND = 4254, SUM = 16418909, bChange = 0.00123446, totNum = 2
ROUND = 4255, SUM = 16418909.0000001, bChange = 0.00123446, totNum = 2
ROUND = 4256, SUM = 16418909.0000001, bChange = 0.00123447, totNum = 2
ROUND = 4257, SUM = 16418909.0000001, bChange = 0.00123448, totNum = 2
ROUND = 4258, SUM = 16418909.0000001, bChange = 0.00123449, totNum = 2
ROUND = 4259, SUM = 16418909, bChange = 0.00123449, totNum = 2
ROUND = 4260, SUM = 16418909, bChange = 0.0012345, totNum = 2
ROUND = 4261, SUM = 16418909, bChange = 0.00123451, totNum = 2
ROUND = 4262, SUM = 16418909, bChange = 0.00123452, totNum = 2
ROUND = 4263, SUM = 16418909, bChange = 0.00123452, totNum = 2
ROUND = 4264, SUM = 16418909, bChange = 0.00123453, totNum = 2
ROUND = 4265, SUM = 16418909, bChange = 0.00123454, totNum = 2
ROUND = 4266, SUM = 16418909, bChange = 0.00123454, totNum = 2
ROUND = 4267, SUM = 16418909, bChange = 0.00123455, totNum = 2
ROUND = 4268, SUM = 16418909, bChange = 0.00123456, totNum = 2
ROUND = 4269, SUM = 16418909, bChange = 0.00123457, totNum = 2
ROUND = 4270, SUM = 16418909, bChange = 0.00123457, totNum = 2
ROUND = 4271, SUM = 16418909, bChange = 0.00123458, totNum = 2
ROUND = 4272, SUM = 16418909, bChange = 0.00123459, totNum = 2
ROUND = 4273, SUM = 16418909.0000001, bChange = 0.00123459, totNum = 2
ROUND = 4274, SUM = 16418909, bChange = 0.0012346, totNum = 2
ROUND = 4275, SUM = 16418909, bChange = 0.00123461, totNum = 2
ROUND = 4276, SUM = 16418909, bChange = 0.00123462, totNum = 2
ROUND = 4277, SUM = 16418909, bChange = 0.00123462, totNum = 2
ROUND = 4278, SUM = 16418909, bChange = 0.00123463, totNum = 2
ROUND = 4279, SUM = 16418909, bChange = 0.00123464, totNum = 2
ROUND = 4280, SUM = 16418909, bChange = 0.00123464, totNum = 2
ROUND = 4281, SUM = 16418909, bChange = 0.00123465, totNum = 2
ROUND = 4282, SUM = 16418909, bChange = 0.00123466, totNum = 2
ROUND = 4283, SUM = 16418909, bChange = 0.00123466, totNum = 2
ROUND = 4284, SUM = 16418909.0000001, bChange = 0.00123467, totNum = 2
ROUND = 4285, SUM = 16418909, bChange = 0.00123468, totNum = 2
ROUND = 4286, SUM = 16418909, bChange = 0.00123469, totNum = 2
ROUND = 4287, SUM = 16418909.0000001, bChange = 0.00123469, totNum = 2
ROUND = 4288, SUM = 16418909.0000001, bChange = 0.0012347, totNum = 2
ROUND = 4289, SUM = 16418909.0000001, bChange = 0.00123471, totNum = 2
ROUND = 4290, SUM = 16418909, bChange = 0.00123471, totNum = 2
ROUND = 4291, SUM = 16418909, bChange = 0.00123472, totNum = 2
ROUND = 4292, SUM = 16418909, bChange = 0.00123473, totNum = 2
ROUND = 4293, SUM = 16418909, bChange = 0.00123473, totNum = 2
ROUND = 4294, SUM = 16418909, bChange = 0.00123474, totNum = 2
ROUND = 4295, SUM = 16418909, bChange = 0.00123475, totNum = 2
ROUND = 4296, SUM = 16418909, bChange = 0.00123476, totNum = 2
ROUND = 4297, SUM = 16418909, bChange = 0.00123476, totNum = 2
ROUND = 4298, SUM = 16418909.0000001, bChange = 0.00123477, totNum = 2
ROUND = 4299, SUM = 16418909, bChange = 0.00123478, totNum = 2
ROUND = 4300, SUM = 16418909, bChange = 0.00123478, totNum = 2
ROUND = 4301, SUM = 16418909, bChange = 0.00123479, totNum = 2
ROUND = 4302, SUM = 16418909, bChange = 0.0012348, totNum = 2
ROUND = 4303, SUM = 16418909.0000001, bChange = 0.0012348, totNum = 2
ROUND = 4304, SUM = 16418909, bChange = 0.00123481, totNum = 2
ROUND = 4305, SUM = 16418909.0000001, bChange = 0.00123482, totNum = 2
ROUND = 4306, SUM = 16418909, bChange = 0.00123482, totNum = 2
ROUND = 4307, SUM = 16418909.0000001, bChange = 0.00123483, totNum = 2
ROUND = 4308, SUM = 16418909, bChange = 0.00123484, totNum = 2
ROUND = 4309, SUM = 16418909, bChange = 0.00123484, totNum = 2
ROUND = 4310, SUM = 16418909, bChange = 0.00123485, totNum = 2
ROUND = 4311, SUM = 16418909, bChange = 0.00123486, totNum = 2
ROUND = 4312, SUM = 16418909, bChange = 0.00123486, totNum = 2
ROUND = 4313, SUM = 16418909, bChange = 0.00123487, totNum = 2
ROUND = 4314, SUM = 16418909, bChange = 0.00123488, totNum = 2
ROUND = 4315, SUM = 16418909, bChange = 0.00123489, totNum = 2
ROUND = 4316, SUM = 16418909.0000001, bChange = 0.00123489, totNum = 2
ROUND = 4317, SUM = 16418909, bChange = 0.0012349, totNum = 2
ROUND = 4318, SUM = 16418909, bChange = 0.00123491, totNum = 2
ROUND = 4319, SUM = 16418909, bChange = 0.00123491, totNum = 2
ROUND = 4320, SUM = 16418909.0000001, bChange = 0.00123492, totNum = 2
ROUND = 4321, SUM = 16418909, bChange = 0.00123493, totNum = 2
ROUND = 4322, SUM = 16418909, bChange = 0.00123493, totNum = 2
ROUND = 4323, SUM = 16418909, bChange = 0.00123494, totNum = 2
ROUND = 4324, SUM = 16418909.0000001, bChange = 0.00123495, totNum = 2
ROUND = 4325, SUM = 16418909, bChange = 0.00123495, totNum = 2
ROUND = 4326, SUM = 16418909, bChange = 0.00123496, totNum = 2
ROUND = 4327, SUM = 16418909, bChange = 0.00123497, totNum = 2
ROUND = 4328, SUM = 16418909, bChange = 0.00123497, totNum = 2
ROUND = 4329, SUM = 16418909, bChange = 0.00123498, totNum = 2
ROUND = 4330, SUM = 16418909, bChange = 0.00123499, totNum = 2
ROUND = 4331, SUM = 16418909.0000001, bChange = 0.00123499, totNum = 2
ROUND = 4332, SUM = 16418909, bChange = 0.001235, totNum = 2
ROUND = 4333, SUM = 16418909, bChange = 0.00123501, totNum = 2
ROUND = 4334, SUM = 16418909, bChange = 0.00123501, totNum = 2
ROUND = 4335, SUM = 16418909, bChange = 0.00123502, totNum = 2
ROUND = 4336, SUM = 16418909, bChange = 0.00123502, totNum = 2
ROUND = 4337, SUM = 16418909, bChange = 0.00123503, totNum = 2
ROUND = 4338, SUM = 16418909.0000001, bChange = 0.00123504, totNum = 2
ROUND = 4339, SUM = 16418909, bChange = 0.00123504, totNum = 2
ROUND = 4340, SUM = 16418909.0000001, bChange = 0.00123505, totNum = 2
ROUND = 4341, SUM = 16418909, bChange = 0.00123506, totNum = 2
ROUND = 4342, SUM = 16418909, bChange = 0.00123506, totNum = 2
ROUND = 4343, SUM = 16418909, bChange = 0.00123507, totNum = 2
ROUND = 4344, SUM = 16418909.0000001, bChange = 0.00123508, totNum = 2
ROUND = 4345, SUM = 16418909, bChange = 0.00123508, totNum = 2
ROUND = 4346, SUM = 16418909.0000001, bChange = 0.00123509, totNum = 2
ROUND = 4347, SUM = 16418909, bChange = 0.0012351, totNum = 2
ROUND = 4348, SUM = 16418909.0000001, bChange = 0.0012351, totNum = 2
ROUND = 4349, SUM = 16418909, bChange = 0.00123511, totNum = 2
ROUND = 4350, SUM = 16418909, bChange = 0.00123512, totNum = 2
ROUND = 4351, SUM = 16418909, bChange = 0.00123512, totNum = 2
ROUND = 4352, SUM = 16418909, bChange = 0.00123513, totNum = 2
ROUND = 4353, SUM = 16418909, bChange = 0.00123514, totNum = 2
ROUND = 4354, SUM = 16418909, bChange = 0.00123514, totNum = 2
ROUND = 4355, SUM = 16418909, bChange = 0.00123515, totNum = 2
ROUND = 4356, SUM = 16418909, bChange = 0.00123515, totNum = 2
ROUND = 4357, SUM = 16418909, bChange = 0.00123516, totNum = 2
ROUND = 4358, SUM = 16418909, bChange = 0.00123517, totNum = 2
ROUND = 4359, SUM = 16418909, bChange = 0.00123517, totNum = 2
ROUND = 4360, SUM = 16418909, bChange = 0.00123518, totNum = 2
ROUND = 4361, SUM = 16418909, bChange = 0.00123519, totNum = 2
ROUND = 4362, SUM = 16418909, bChange = 0.00123519, totNum = 2
ROUND = 4363, SUM = 16418909, bChange = 0.0012352, totNum = 2
ROUND = 4364, SUM = 16418909, bChange = 0.00123521, totNum = 2
ROUND = 4365, SUM = 16418909, bChange = 0.00123521, totNum = 2
ROUND = 4366, SUM = 16418909, bChange = 0.00123522, totNum = 2
ROUND = 4367, SUM = 16418909, bChange = 0.00123522, totNum = 2
ROUND = 4368, SUM = 16418909, bChange = 0.00123523, totNum = 2
ROUND = 4369, SUM = 16418909, bChange = 0.00123524, totNum = 2
ROUND = 4370, SUM = 16418909, bChange = 0.00123524, totNum = 2
ROUND = 4371, SUM = 16418909, bChange = 0.00123525, totNum = 2
ROUND = 4372, SUM = 16418909, bChange = 0.00123526, totNum = 2
ROUND = 4373, SUM = 16418909, bChange = 0.00123526, totNum = 2
ROUND = 4374, SUM = 16418909, bChange = 0.00123527, totNum = 1
ROUND = 4375, SUM = 16418909, bChange = 0.00123528, totNum = 1
ROUND = 4376, SUM = 16418909, bChange = 0.00123528, totNum = 1
ROUND = 4377, SUM = 16418909, bChange = 0.00123529, totNum = 1
ROUND = 4378, SUM = 16418909, bChange = 0.00123529, totNum = 1
ROUND = 4379, SUM = 16418909, bChange = 0.0012353, totNum = 1
ROUND = 4380, SUM = 16418909, bChange = 0.00123531, totNum = 1
ROUND = 4381, SUM = 16418909, bChange = 0.00123531, totNum = 1
ROUND = 4382, SUM = 16418909, bChange = 0.00123532, totNum = 1
ROUND = 4383, SUM = 16418909, bChange = 0.00123533, totNum = 1
ROUND = 4384, SUM = 16418909, bChange = 0.00123533, totNum = 1
ROUND = 4385, SUM = 16418909, bChange = 0.00123534, totNum = 1
ROUND = 4386, SUM = 16418909, bChange = 0.00123534, totNum = 1
ROUND = 4387, SUM = 16418909, bChange = 0.00123535, totNum = 1
ROUND = 4388, SUM = 16418909, bChange = 0.00123536, totNum = 1
ROUND = 4389, SUM = 16418909, bChange = 0.00123536, totNum = 1
ROUND = 4390, SUM = 16418909, bChange = 0.00123537, totNum = 1
ROUND = 4391, SUM = 16418909, bChange = 0.00123537, totNum = 1
ROUND = 4392, SUM = 16418909.0000001, bChange = 0.00123538, totNum = 1
ROUND = 4393, SUM = 16418909, bChange = 0.00123539, totNum = 1
ROUND = 4394, SUM = 16418909, bChange = 0.00123539, totNum = 1
ROUND = 4395, SUM = 16418909.0000001, bChange = 0.0012354, totNum = 1
ROUND = 4396, SUM = 16418909.0000001, bChange = 0.00123541, totNum = 1
ROUND = 4397, SUM = 16418909.0000001, bChange = 0.00123541, totNum = 1
ROUND = 4398, SUM = 16418909, bChange = 0.00123542, totNum = 1
ROUND = 4399, SUM = 16418909, bChange = 0.00123542, totNum = 1
ROUND = 4400, SUM = 16418909, bChange = 0.00123543, totNum = 1
ROUND = 4401, SUM = 16418909, bChange = 0.00123544, totNum = 1
ROUND = 4402, SUM = 16418909.0000001, bChange = 0.00123544, totNum = 1
ROUND = 4403, SUM = 16418909.0000001, bChange = 0.00123545, totNum = 1
ROUND = 4404, SUM = 16418909.0000001, bChange = 0.00123545, totNum = 1
ROUND = 4405, SUM = 16418909, bChange = 0.00123546, totNum = 1
ROUND = 4406, SUM = 16418909.0000001, bChange = 0.00123547, totNum = 1
ROUND = 4407, SUM = 16418909.0000001, bChange = 0.00123547, totNum = 1
ROUND = 4408, SUM = 16418909, bChange = 0.00123548, totNum = 1
ROUND = 4409, SUM = 16418909, bChange = 0.00123548, totNum = 1
ROUND = 4410, SUM = 16418909, bChange = 0.00123549, totNum = 1
ROUND = 4411, SUM = 16418909, bChange = 0.0012355, totNum = 1
ROUND = 4412, SUM = 16418909, bChange = 0.0012355, totNum = 1
ROUND = 4413, SUM = 16418909.0000001, bChange = 0.00123551, totNum = 1
ROUND = 4414, SUM = 16418909, bChange = 0.00123551, totNum = 1
ROUND = 4415, SUM = 16418909, bChange = 0.00123552, totNum = 1
ROUND = 4416, SUM = 16418909, bChange = 0.00123553, totNum = 1
ROUND = 4417, SUM = 16418909.0000001, bChange = 0.00123553, totNum = 1
ROUND = 4418, SUM = 16418909, bChange = 0.00123554, totNum = 1
ROUND = 4419, SUM = 16418909.0000001, bChange = 0.00123554, totNum = 1
ROUND = 4420, SUM = 16418909, bChange = 0.00123555, totNum = 1
ROUND = 4421, SUM = 16418909, bChange = 0.00123556, totNum = 1
ROUND = 4422, SUM = 16418909, bChange = 0.00123556, totNum = 1
ROUND = 4423, SUM = 16418909, bChange = 0.00123557, totNum = 1
ROUND = 4424, SUM = 16418909, bChange = 0.00123557, totNum = 1
ROUND = 4425, SUM = 16418909.0000001, bChange = 0.00123558, totNum = 1
ROUND = 4426, SUM = 16418909.0000001, bChange = 0.00123558, totNum = 1
ROUND = 4427, SUM = 16418909.0000001, bChange = 0.00123559, totNum = 1
ROUND = 4428, SUM = 16418909, bChange = 0.0012356, totNum = 1
ROUND = 4429, SUM = 16418909, bChange = 0.0012356, totNum = 1
ROUND = 4430, SUM = 16418909, bChange = 0.00123561, totNum = 1
ROUND = 4431, SUM = 16418909, bChange = 0.00123561, totNum = 1
ROUND = 4432, SUM = 16418909, bChange = 0.00123562, totNum = 1
ROUND = 4433, SUM = 16418909, bChange = 0.00123563, totNum = 1
ROUND = 4434, SUM = 16418909, bChange = 0.00123563, totNum = 1
ROUND = 4435, SUM = 16418909, bChange = 0.00123564, totNum = 1
ROUND = 4436, SUM = 16418909, bChange = 0.00123564, totNum = 1
ROUND = 4437, SUM = 16418909, bChange = 0.00123565, totNum = 1
ROUND = 4438, SUM = 16418909, bChange = 0.00123566, totNum = 1
ROUND = 4439, SUM = 16418909, bChange = 0.00123566, totNum = 1
ROUND = 4440, SUM = 16418909, bChange = 0.00123567, totNum = 1
ROUND = 4441, SUM = 16418909, bChange = 0.00123567, totNum = 1
ROUND = 4442, SUM = 16418909, bChange = 0.00123568, totNum = 1
ROUND = 4443, SUM = 16418909, bChange = 0.00123568, totNum = 1
ROUND = 4444, SUM = 16418909, bChange = 0.00123569, totNum = 1
ROUND = 4445, SUM = 16418909, bChange = 0.0012357, totNum = 1
ROUND = 4446, SUM = 16418909, bChange = 0.0012357, totNum = 1
ROUND = 4447, SUM = 16418909, bChange = 0.00123571, totNum = 1
ROUND = 4448, SUM = 16418909, bChange = 0.00123571, totNum = 1
ROUND = 4449, SUM = 16418909, bChange = 0.00123572, totNum = 1
ROUND = 4450, SUM = 16418909, bChange = 0.00123572, totNum = 1
ROUND = 4451, SUM = 16418909, bChange = 0.00123573, totNum = 1
ROUND = 4452, SUM = 16418909, bChange = 0.00123574, totNum = 1
ROUND = 4453, SUM = 16418909, bChange = 0.00123574, totNum = 1
ROUND = 4454, SUM = 16418909, bChange = 0.00123575, totNum = 1
ROUND = 4455, SUM = 16418909, bChange = 0.00123575, totNum = 1
ROUND = 4456, SUM = 16418909, bChange = 0.00123576, totNum = 1
ROUND = 4457, SUM = 16418909, bChange = 0.00123576, totNum = 1
ROUND = 4458, SUM = 16418909, bChange = 0.00123577, totNum = 1
ROUND = 4459, SUM = 16418909, bChange = 0.00123578, totNum = 1
ROUND = 4460, SUM = 16418909, bChange = 0.00123578, totNum = 1
ROUND = 4461, SUM = 16418909, bChange = 0.00123579, totNum = 1
ROUND = 4462, SUM = 16418909, bChange = 0.00123579, totNum = 1
ROUND = 4463, SUM = 16418909, bChange = 0.0012358, totNum = 1
ROUND = 4464, SUM = 16418909, bChange = 0.0012358, totNum = 1
ROUND = 4465, SUM = 16418909, bChange = 0.00123581, totNum = 1
ROUND = 4466, SUM = 16418909, bChange = 0.00123581, totNum = 1
ROUND = 4467, SUM = 16418909, bChange = 0.00123582, totNum = 1
ROUND = 4468, SUM = 16418909, bChange = 0.00123583, totNum = 1
ROUND = 4469, SUM = 16418909, bChange = 0.00123583, totNum = 1
ROUND = 4470, SUM = 16418909.0000001, bChange = 0.00123584, totNum = 1
ROUND = 4471, SUM = 16418909.0000001, bChange = 0.00123584, totNum = 1
ROUND = 4472, SUM = 16418909.0000001, bChange = 0.00123585, totNum = 1
ROUND = 4473, SUM = 16418909.0000001, bChange = 0.00123585, totNum = 1
ROUND = 4474, SUM = 16418909, bChange = 0.00123586, totNum = 1
ROUND = 4475, SUM = 16418909, bChange = 0.00123586, totNum = 1
ROUND = 4476, SUM = 16418909, bChange = 0.00123587, totNum = 1
ROUND = 4477, SUM = 16418909.0000001, bChange = 0.00123588, totNum = 1
ROUND = 4478, SUM = 16418909, bChange = 0.00123588, totNum = 1
ROUND = 4479, SUM = 16418909, bChange = 0.00123589, totNum = 1
ROUND = 4480, SUM = 16418909, bChange = 0.00123589, totNum = 1
ROUND = 4481, SUM = 16418909, bChange = 0.0012359, totNum = 1
ROUND = 4482, SUM = 16418909, bChange = 0.0012359, totNum = 1
ROUND = 4483, SUM = 16418909.0000001, bChange = 0.00123591, totNum = 1
ROUND = 4484, SUM = 16418909, bChange = 0.00123591, totNum = 1
ROUND = 4485, SUM = 16418909.0000001, bChange = 0.00123592, totNum = 1
ROUND = 4486, SUM = 16418909, bChange = 0.00123593, totNum = 1
ROUND = 4487, SUM = 16418909, bChange = 0.00123593, totNum = 1
ROUND = 4488, SUM = 16418909, bChange = 0.00123594, totNum = 1
ROUND = 4489, SUM = 16418909, bChange = 0.00123594, totNum = 1
ROUND = 4490, SUM = 16418909, bChange = 0.00123595, totNum = 1
ROUND = 4491, SUM = 16418909, bChange = 0.00123595, totNum = 1
ROUND = 4492, SUM = 16418909, bChange = 0.00123596, totNum = 1
ROUND = 4493, SUM = 16418909, bChange = 0.00123596, totNum = 1
ROUND = 4494, SUM = 16418909, bChange = 0.00123597, totNum = 1
ROUND = 4495, SUM = 16418909, bChange = 0.00123597, totNum = 1
ROUND = 4496, SUM = 16418909, bChange = 0.00123598, totNum = 1
ROUND = 4497, SUM = 16418909.0000001, bChange = 0.00123599, totNum = 1
ROUND = 4498, SUM = 16418909.0000001, bChange = 0.00123599, totNum = 1
ROUND = 4499, SUM = 16418909, bChange = 0.001236, totNum = 1
ROUND = 4500, SUM = 16418909, bChange = 0.001236, totNum = 1
ROUND = 4501, SUM = 16418909, bChange = 0.00123601, totNum = 1
ROUND = 4502, SUM = 16418909, bChange = 0.00123601, totNum = 1
ROUND = 4503, SUM = 16418909, bChange = 0.00123602, totNum = 1
ROUND = 4504, SUM = 16418909, bChange = 0.00123602, totNum = 1
ROUND = 4505, SUM = 16418909, bChange = 0.00123603, totNum = 1
ROUND = 4506, SUM = 16418909, bChange = 0.00123603, totNum = 1
ROUND = 4507, SUM = 16418909, bChange = 0.00123604, totNum = 1
ROUND = 4508, SUM = 16418909, bChange = 0.00123604, totNum = 1
ROUND = 4509, SUM = 16418909, bChange = 0.00123605, totNum = 1
ROUND = 4510, SUM = 16418909.0000001, bChange = 0.00123605, totNum = 1
ROUND = 4511, SUM = 16418909, bChange = 0.00123606, totNum = 1
ROUND = 4512, SUM = 16418909, bChange = 0.00123607, totNum = 1
ROUND = 4513, SUM = 16418909, bChange = 0.00123607, totNum = 1
ROUND = 4514, SUM = 16418909.0000001, bChange = 0.00123608, totNum = 1
ROUND = 4515, SUM = 16418909, bChange = 0.00123608, totNum = 1
ROUND = 4516, SUM = 16418909, bChange = 0.00123609, totNum = 1
ROUND = 4517, SUM = 16418909.0000001, bChange = 0.00123609, totNum = 1
ROUND = 4518, SUM = 16418909, bChange = 0.0012361, totNum = 1
ROUND = 4519, SUM = 16418909, bChange = 0.0012361, totNum = 1
ROUND = 4520, SUM = 16418909, bChange = 0.00123611, totNum = 1
ROUND = 4521, SUM = 16418909.0000001, bChange = 0.00123611, totNum = 1
ROUND = 4522, SUM = 16418909, bChange = 0.00123612, totNum = 1
ROUND = 4523, SUM = 16418909, bChange = 0.00123612, totNum = 1
ROUND = 4524, SUM = 16418909, bChange = 0.00123613, totNum = 1
ROUND = 4525, SUM = 16418909.0000001, bChange = 0.00123613, totNum = 1
ROUND = 4526, SUM = 16418909, bChange = 0.00123614, totNum = 1
ROUND = 4527, SUM = 16418909.0000001, bChange = 0.00123614, totNum = 1
ROUND = 4528, SUM = 16418909.0000001, bChange = 0.00123615, totNum = 1
ROUND = 4529, SUM = 16418909, bChange = 0.00123615, totNum = 1
ROUND = 4530, SUM = 16418909.0000001, bChange = 0.00123616, totNum = 1
ROUND = 4531, SUM = 16418909.0000001, bChange = 0.00123616, totNum = 1
ROUND = 4532, SUM = 16418909, bChange = 0.00123617, totNum = 1
ROUND = 4533, SUM = 16418909, bChange = 0.00123617, totNum = 1
ROUND = 4534, SUM = 16418909, bChange = 0.00123618, totNum = 1
ROUND = 4535, SUM = 16418909, bChange = 0.00123619, totNum = 1
ROUND = 4536, SUM = 16418909.0000001, bChange = 0.00123619, totNum = 1
ROUND = 4537, SUM = 16418909, bChange = 0.0012362, totNum = 1
ROUND = 4538, SUM = 16418909, bChange = 0.0012362, totNum = 1
ROUND = 4539, SUM = 16418909, bChange = 0.00123621, totNum = 1
ROUND = 4540, SUM = 16418909, bChange = 0.00123621, totNum = 1
ROUND = 4541, SUM = 16418909.0000001, bChange = 0.00123622, totNum = 1
ROUND = 4542, SUM = 16418909, bChange = 0.00123622, totNum = 1
ROUND = 4543, SUM = 16418909, bChange = 0.00123623, totNum = 1
ROUND = 4544, SUM = 16418909, bChange = 0.00123623, totNum = 1
ROUND = 4545, SUM = 16418909, bChange = 0.00123624, totNum = 1
ROUND = 4546, SUM = 16418909, bChange = 0.00123624, totNum = 1
ROUND = 4547, SUM = 16418909.0000001, bChange = 0.00123625, totNum = 1
ROUND = 4548, SUM = 16418909.0000001, bChange = 0.00123625, totNum = 1
ROUND = 4549, SUM = 16418909.0000001, bChange = 0.00123626, totNum = 1
ROUND = 4550, SUM = 16418909.0000001, bChange = 0.00123626, totNum = 1
ROUND = 4551, SUM = 16418909.0000001, bChange = 0.00123627, totNum = 1
ROUND = 4552, SUM = 16418909, bChange = 0.00123627, totNum = 1
ROUND = 4553, SUM = 16418909, bChange = 0.00123628, totNum = 1
ROUND = 4554, SUM = 16418909.0000001, bChange = 0.00123628, totNum = 1
ROUND = 4555, SUM = 16418909, bChange = 0.00123629, totNum = 1
ROUND = 4556, SUM = 16418909.0000001, bChange = 0.00123629, totNum = 1
ROUND = 4557, SUM = 16418909, bChange = 0.0012363, totNum = 1
ROUND = 4558, SUM = 16418909, bChange = 0.0012363, totNum = 1
ROUND = 4559, SUM = 16418909, bChange = 0.00123631, totNum = 1
ROUND = 4560, SUM = 16418909, bChange = 0.00123631, totNum = 1
ROUND = 4561, SUM = 16418909, bChange = 0.00123632, totNum = 1
ROUND = 4562, SUM = 16418909, bChange = 0.00123632, totNum = 1
ROUND = 4563, SUM = 16418909, bChange = 0.00123633, totNum = 1
ROUND = 4564, SUM = 16418909, bChange = 0.00123633, totNum = 1
ROUND = 4565, SUM = 16418909, bChange = 0.00123634, totNum = 1
ROUND = 4566, SUM = 16418909, bChange = 0.00123634, totNum = 1
ROUND = 4567, SUM = 16418909, bChange = 0.00123635, totNum = 1
ROUND = 4568, SUM = 16418909, bChange = 0.00123635, totNum = 1
ROUND = 4569, SUM = 16418909, bChange = 0.00123636, totNum = 1
ROUND = 4570, SUM = 16418909.0000001, bChange = 0.00123636, totNum = 1
ROUND = 4571, SUM = 16418909, bChange = 0.00123637, totNum = 1
ROUND = 4572, SUM = 16418909, bChange = 0.00123637, totNum = 1
ROUND = 4573, SUM = 16418909, bChange = 0.00123638, totNum = 1
ROUND = 4574, SUM = 16418909, bChange = 0.00123638, totNum = 1
ROUND = 4575, SUM = 16418909, bChange = 0.00123639, totNum = 1
ROUND = 4576, SUM = 16418909, bChange = 0.00123639, totNum = 1
ROUND = 4577, SUM = 16418909, bChange = 0.0012364, totNum = 1
ROUND = 4578, SUM = 16418909, bChange = 0.0012364, totNum = 1
ROUND = 4579, SUM = 16418909, bChange = 0.00123641, totNum = 1
ROUND = 4580, SUM = 16418909, bChange = 0.00123641, totNum = 1
ROUND = 4581, SUM = 16418909, bChange = 0.00123642, totNum = 1
ROUND = 4582, SUM = 16418909, bChange = 0.00123642, totNum = 1
ROUND = 4583, SUM = 16418909, bChange = 0.00123642, totNum = 1
ROUND = 4584, SUM = 16418909, bChange = 0.00123643, totNum = 1
ROUND = 4585, SUM = 16418908.9999999, bChange = 0.00123643, totNum = 1
ROUND = 4586, SUM = 16418909, bChange = 0.00123644, totNum = 1
ROUND = 4587, SUM = 16418909, bChange = 0.00123644, totNum = 1
ROUND = 4588, SUM = 16418909, bChange = 0.00123645, totNum = 1
ROUND = 4589, SUM = 16418909, bChange = 0.00123645, totNum = 1
ROUND = 4590, SUM = 16418909, bChange = 0.00123646, totNum = 1
ROUND = 4591, SUM = 16418909, bChange = 0.00123646, totNum = 1
ROUND = 4592, SUM = 16418909, bChange = 0.00123647, totNum = 1
ROUND = 4593, SUM = 16418909, bChange = 0.00123647, totNum = 1
ROUND = 4594, SUM = 16418909.0000001, bChange = 0.00123648, totNum = 1
ROUND = 4595, SUM = 16418909, bChange = 0.00123648, totNum = 1
ROUND = 4596, SUM = 16418909, bChange = 0.00123649, totNum = 1
ROUND = 4597, SUM = 16418909, bChange = 0.00123649, totNum = 1
ROUND = 4598, SUM = 16418909, bChange = 0.0012365, totNum = 1
ROUND = 4599, SUM = 16418909, bChange = 0.0012365, totNum = 1
ROUND = 4600, SUM = 16418909, bChange = 0.00123651, totNum = 1
ROUND = 4601, SUM = 16418909, bChange = 0.00123651, totNum = 1
ROUND = 4602, SUM = 16418909, bChange = 0.00123652, totNum = 1
ROUND = 4603, SUM = 16418909, bChange = 0.00123652, totNum = 1
ROUND = 4604, SUM = 16418909, bChange = 0.00123653, totNum = 1
ROUND = 4605, SUM = 16418909, bChange = 0.00123653, totNum = 1
ROUND = 4606, SUM = 16418909, bChange = 0.00123653, totNum = 1
ROUND = 4607, SUM = 16418909.0000001, bChange = 0.00123654, totNum = 1
ROUND = 4608, SUM = 16418909, bChange = 0.00123654, totNum = 1
ROUND = 4609, SUM = 16418909, bChange = 0.00123655, totNum = 1
ROUND = 4610, SUM = 16418909, bChange = 0.00123655, totNum = 1
ROUND = 4611, SUM = 16418909, bChange = 0.00123656, totNum = 1
ROUND = 4612, SUM = 16418909, bChange = 0.00123656, totNum = 1
ROUND = 4613, SUM = 16418909, bChange = 0.00123657, totNum = 1
ROUND = 4614, SUM = 16418909, bChange = 0.00123657, totNum = 1
ROUND = 4615, SUM = 16418909, bChange = 0.00123658, totNum = 1
ROUND = 4616, SUM = 16418909, bChange = 0.00123658, totNum = 1
ROUND = 4617, SUM = 16418909, bChange = 0.00123659, totNum = 1
ROUND = 4618, SUM = 16418909, bChange = 0.00123659, totNum = 1
ROUND = 4619, SUM = 16418909, bChange = 0.0012366, totNum = 1
ROUND = 4620, SUM = 16418909.0000001, bChange = 0.0012366, totNum = 1
ROUND = 4621, SUM = 16418909, bChange = 0.0012366, totNum = 1
ROUND = 4622, SUM = 16418909, bChange = 0.00123661, totNum = 1
ROUND = 4623, SUM = 16418909.0000001, bChange = 0.00123661, totNum = 1
ROUND = 4624, SUM = 16418909, bChange = 0.00123662, totNum = 1
ROUND = 4625, SUM = 16418909, bChange = 0.00123662, totNum = 1
ROUND = 4626, SUM = 16418909, bChange = 0.00123663, totNum = 1
ROUND = 4627, SUM = 16418909, bChange = 0.00123663, totNum = 1
ROUND = 4628, SUM = 16418909, bChange = 0.00123664, totNum = 1
ROUND = 4629, SUM = 16418909, bChange = 0.00123664, totNum = 1
ROUND = 4630, SUM = 16418909, bChange = 0.00123665, totNum = 1
ROUND = 4631, SUM = 16418909.0000001, bChange = 0.00123665, totNum = 1
ROUND = 4632, SUM = 16418909, bChange = 0.00123666, totNum = 1
ROUND = 4633, SUM = 16418909, bChange = 0.00123666, totNum = 1
ROUND = 4634, SUM = 16418909, bChange = 0.00123666, totNum = 1
ROUND = 4635, SUM = 16418909, bChange = 0.00123667, totNum = 1
ROUND = 4636, SUM = 16418909.0000001, bChange = 0.00123667, totNum = 1
ROUND = 4637, SUM = 16418909.0000001, bChange = 0.00123668, totNum = 1
ROUND = 4638, SUM = 16418909.0000001, bChange = 0.00123668, totNum = 1
ROUND = 4639, SUM = 16418909, bChange = 0.00123669, totNum = 1
ROUND = 4640, SUM = 16418909, bChange = 0.00123669, totNum = 1
ROUND = 4641, SUM = 16418909, bChange = 0.0012367, totNum = 1
ROUND = 4642, SUM = 16418909, bChange = 0.0012367, totNum = 1
ROUND = 4643, SUM = 16418909, bChange = 0.00123671, totNum = 1
ROUND = 4644, SUM = 16418909, bChange = 0.00123671, totNum = 1
ROUND = 4645, SUM = 16418909.0000001, bChange = 0.00123671, totNum = 1
ROUND = 4646, SUM = 16418909, bChange = 0.00123672, totNum = 1
ROUND = 4647, SUM = 16418909, bChange = 0.00123672, totNum = 1
ROUND = 4648, SUM = 16418909, bChange = 0.00123673, totNum = 1
ROUND = 4649, SUM = 16418909, bChange = 0.00123673, totNum = 1
ROUND = 4650, SUM = 16418909.0000001, bChange = 0.00123674, totNum = 1
ROUND = 4651, SUM = 16418909, bChange = 0.00123674, totNum = 1
ROUND = 4652, SUM = 16418909, bChange = 0.00123675, totNum = 1
ROUND = 4653, SUM = 16418909, bChange = 0.00123675, totNum = 1
ROUND = 4654, SUM = 16418909, bChange = 0.00123675, totNum = 1
ROUND = 4655, SUM = 16418909, bChange = 0.00123676, totNum = 1
ROUND = 4656, SUM = 16418909.0000001, bChange = 0.00123676, totNum = 1
ROUND = 4657, SUM = 16418909, bChange = 0.00123677, totNum = 1
ROUND = 4658, SUM = 16418909.0000001, bChange = 0.00123677, totNum = 1
ROUND = 4659, SUM = 16418909, bChange = 0.00123678, totNum = 1
ROUND = 4660, SUM = 16418909.0000001, bChange = 0.00123678, totNum = 1
ROUND = 4661, SUM = 16418909.0000001, bChange = 0.00123679, totNum = 1
ROUND = 4662, SUM = 16418909, bChange = 0.00123679, totNum = 1
ROUND = 4663, SUM = 16418909, bChange = 0.00123679, totNum = 1
ROUND = 4664, SUM = 16418909, bChange = 0.0012368, totNum = 1
ROUND = 4665, SUM = 16418909, bChange = 0.0012368, totNum = 1
ROUND = 4666, SUM = 16418909, bChange = 0.00123681, totNum = 1
ROUND = 4667, SUM = 16418909.0000001, bChange = 0.00123681, totNum = 1
ROUND = 4668, SUM = 16418909.0000001, bChange = 0.00123682, totNum = 1
ROUND = 4669, SUM = 16418909.0000001, bChange = 0.00123682, totNum = 1
ROUND = 4670, SUM = 16418909, bChange = 0.00123682, totNum = 1
ROUND = 4671, SUM = 16418909, bChange = 0.00123683, totNum = 1
ROUND = 4672, SUM = 16418909, bChange = 0.00123683, totNum = 1
ROUND = 4673, SUM = 16418909, bChange = 0.00123684, totNum = 1
ROUND = 4674, SUM = 16418909.0000001, bChange = 0.00123684, totNum = 1
ROUND = 4675, SUM = 16418909.0000001, bChange = 0.00123685, totNum = 1
ROUND = 4676, SUM = 16418909.0000001, bChange = 0.00123685, totNum = 1
ROUND = 4677, SUM = 16418909.0000001, bChange = 0.00123686, totNum = 1
ROUND = 4678, SUM = 16418909.0000001, bChange = 0.00123686, totNum = 1
ROUND = 4679, SUM = 16418909.0000001, bChange = 0.00123686, totNum = 1
ROUND = 4680, SUM = 16418909, bChange = 0.00123687, totNum = 1
ROUND = 4681, SUM = 16418909.0000001, bChange = 0.00123687, totNum = 1
ROUND = 4682, SUM = 16418909, bChange = 0.00123688, totNum = 1
ROUND = 4683, SUM = 16418909, bChange = 0.00123688, totNum = 1
ROUND = 4684, SUM = 16418909.0000001, bChange = 0.00123689, totNum = 1
ROUND = 4685, SUM = 16418909, bChange = 0.00123689, totNum = 1
ROUND = 4686, SUM = 16418909, bChange = 0.00123689, totNum = 1
ROUND = 4687, SUM = 16418909, bChange = 0.0012369, totNum = 1
ROUND = 4688, SUM = 16418909.0000001, bChange = 0.0012369, totNum = 1
ROUND = 4689, SUM = 16418909, bChange = 0.00123691, totNum = 1
ROUND = 4690, SUM = 16418909.0000001, bChange = 0.00123691, totNum = 1
ROUND = 4691, SUM = 16418909, bChange = 0.00123692, totNum = 1
ROUND = 4692, SUM = 16418909.0000001, bChange = 0.00123692, totNum = 1
ROUND = 4693, SUM = 16418909.0000001, bChange = 0.00123692, totNum = 1
ROUND = 4694, SUM = 16418909.0000001, bChange = 0.00123693, totNum = 1
ROUND = 4695, SUM = 16418909, bChange = 0.00123693, totNum = 1
ROUND = 4696, SUM = 16418909.0000001, bChange = 0.00123694, totNum = 1
ROUND = 4697, SUM = 16418909.0000001, bChange = 0.00123694, totNum = 1
ROUND = 4698, SUM = 16418909.0000001, bChange = 0.00123694, totNum = 1
ROUND = 4699, SUM = 16418909, bChange = 0.00123695, totNum = 1
ROUND = 4700, SUM = 16418909.0000001, bChange = 0.00123695, totNum = 1
ROUND = 4701, SUM = 16418909, bChange = 0.00123696, totNum = 1
ROUND = 4702, SUM = 16418909, bChange = 0.00123696, totNum = 1
ROUND = 4703, SUM = 16418909, bChange = 0.00123697, totNum = 1
ROUND = 4704, SUM = 16418909, bChange = 0.00123697, totNum = 1
ROUND = 4705, SUM = 16418909.0000001, bChange = 0.00123697, totNum = 1
ROUND = 4706, SUM = 16418909.0000001, bChange = 0.00123698, totNum = 1
ROUND = 4707, SUM = 16418909, bChange = 0.00123698, totNum = 1
ROUND = 4708, SUM = 16418909.0000001, bChange = 0.00123699, totNum = 1
ROUND = 4709, SUM = 16418909, bChange = 0.00123699, totNum = 1
ROUND = 4710, SUM = 16418909.0000001, bChange = 0.00123699, totNum = 1
ROUND = 4711, SUM = 16418909.0000001, bChange = 0.001237, totNum = 1
ROUND = 4712, SUM = 16418909, bChange = 0.001237, totNum = 1
ROUND = 4713, SUM = 16418909, bChange = 0.00123701, totNum = 1
ROUND = 4714, SUM = 16418909, bChange = 0.00123701, totNum = 1
ROUND = 4715, SUM = 16418909, bChange = 0.00123702, totNum = 1
ROUND = 4716, SUM = 16418909, bChange = 0.00123702, totNum = 1
ROUND = 4717, SUM = 16418909, bChange = 0.00123702, totNum = 1
ROUND = 4718, SUM = 16418909.0000001, bChange = 0.00123703, totNum = 1
ROUND = 4719, SUM = 16418909.0000001, bChange = 0.00123703, totNum = 1
ROUND = 4720, SUM = 16418909.0000001, bChange = 0.00123704, totNum = 1
ROUND = 4721, SUM = 16418909, bChange = 0.00123704, totNum = 1
ROUND = 4722, SUM = 16418909, bChange = 0.00123704, totNum = 1
ROUND = 4723, SUM = 16418909, bChange = 0.00123705, totNum = 1
ROUND = 4724, SUM = 16418909, bChange = 0.00123705, totNum = 1
ROUND = 4725, SUM = 16418909, bChange = 0.00123706, totNum = 1
ROUND = 4726, SUM = 16418909, bChange = 0.00123706, totNum = 1
ROUND = 4727, SUM = 16418909.0000001, bChange = 0.00123706, totNum = 1
ROUND = 4728, SUM = 16418909.0000001, bChange = 0.00123707, totNum = 1
ROUND = 4729, SUM = 16418909, bChange = 0.00123707, totNum = 1
ROUND = 4730, SUM = 16418909, bChange = 0.00123708, totNum = 1
ROUND = 4731, SUM = 16418909.0000001, bChange = 0.00123708, totNum = 1
ROUND = 4732, SUM = 16418909.0000001, bChange = 0.00123708, totNum = 1
ROUND = 4733, SUM = 16418909.0000001, bChange = 0.00123709, totNum = 1
ROUND = 4734, SUM = 16418909.0000001, bChange = 0.00123709, totNum = 1
ROUND = 4735, SUM = 16418909.0000001, bChange = 0.0012371, totNum = 1
ROUND = 4736, SUM = 16418909.0000001, bChange = 0.0012371, totNum = 1
ROUND = 4737, SUM = 16418909, bChange = 0.0012371, totNum = 1
ROUND = 4738, SUM = 16418909.0000001, bChange = 0.00123711, totNum = 1
ROUND = 4739, SUM = 16418909.0000001, bChange = 0.00123711, totNum = 1
ROUND = 4740, SUM = 16418909.0000001, bChange = 0.00123712, totNum = 1
ROUND = 4741, SUM = 16418909, bChange = 0.00123712, totNum = 1
ROUND = 4742, SUM = 16418909.0000001, bChange = 0.00123712, totNum = 1
ROUND = 4743, SUM = 16418909.0000001, bChange = 0.00123713, totNum = 1
ROUND = 4744, SUM = 16418909.0000001, bChange = 0.00123713, totNum = 1
ROUND = 4745, SUM = 16418909.0000001, bChange = 0.00123714, totNum = 1
ROUND = 4746, SUM = 16418909.0000001, bChange = 0.00123714, totNum = 1
ROUND = 4747, SUM = 16418909, bChange = 0.00123714, totNum = 1
ROUND = 4748, SUM = 16418909.0000001, bChange = 0.00123715, totNum = 1
ROUND = 4749, SUM = 16418909, bChange = 0.00123715, totNum = 1
ROUND = 4750, SUM = 16418909.0000001, bChange = 0.00123716, totNum = 1
ROUND = 4751, SUM = 16418909, bChange = 0.00123716, totNum = 1
ROUND = 4752, SUM = 16418909.0000001, bChange = 0.00123716, totNum = 1
ROUND = 4753, SUM = 16418909.0000001, bChange = 0.00123717, totNum = 1
ROUND = 4754, SUM = 16418909, bChange = 0.00123717, totNum = 1
ROUND = 4755, SUM = 16418909.0000001, bChange = 0.00123718, totNum = 1
ROUND = 4756, SUM = 16418909.0000001, bChange = 0.00123718, totNum = 1
ROUND = 4757, SUM = 16418909, bChange = 0.00123718, totNum = 1
ROUND = 4758, SUM = 16418909.0000001, bChange = 0.00123719, totNum = 1
ROUND = 4759, SUM = 16418909, bChange = 0.00123719, totNum = 1
ROUND = 4760, SUM = 16418909, bChange = 0.0012372, totNum = 1
ROUND = 4761, SUM = 16418909, bChange = 0.0012372, totNum = 1
ROUND = 4762, SUM = 16418909.0000001, bChange = 0.0012372, totNum = 1
ROUND = 4763, SUM = 16418909.0000001, bChange = 0.00123721, totNum = 1
ROUND = 4764, SUM = 16418909, bChange = 0.00123721, totNum = 1
ROUND = 4765, SUM = 16418909.0000001, bChange = 0.00123722, totNum = 1
ROUND = 4766, SUM = 16418909, bChange = 0.00123722, totNum = 1
ROUND = 4767, SUM = 16418909, bChange = 0.00123722, totNum = 1
ROUND = 4768, SUM = 16418909.0000001, bChange = 0.00123723, totNum = 1
ROUND = 4769, SUM = 16418909.0000001, bChange = 0.00123723, totNum = 1
ROUND = 4770, SUM = 16418909.0000001, bChange = 0.00123723, totNum = 1
ROUND = 4771, SUM = 16418909.0000001, bChange = 0.00123724, totNum = 1
ROUND = 4772, SUM = 16418909, bChange = 0.00123724, totNum = 1
ROUND = 4773, SUM = 16418909.0000001, bChange = 0.00123725, totNum = 1
ROUND = 4774, SUM = 16418909.0000001, bChange = 0.00123725, totNum = 1
ROUND = 4775, SUM = 16418909.0000001, bChange = 0.00123725, totNum = 1
ROUND = 4776, SUM = 16418909.0000001, bChange = 0.00123726, totNum = 1
ROUND = 4777, SUM = 16418909, bChange = 0.00123726, totNum = 1
ROUND = 4778, SUM = 16418909.0000001, bChange = 0.00123727, totNum = 1
ROUND = 4779, SUM = 16418909.0000001, bChange = 0.00123727, totNum = 1
ROUND = 4780, SUM = 16418909.0000001, bChange = 0.00123727, totNum = 1
ROUND = 4781, SUM = 16418909, bChange = 0.00123728, totNum = 1
ROUND = 4782, SUM = 16418909.0000001, bChange = 0.00123728, totNum = 1
ROUND = 4783, SUM = 16418909, bChange = 0.00123728, totNum = 1
ROUND = 4784, SUM = 16418909, bChange = 0.00123729, totNum = 1
ROUND = 4785, SUM = 16418909, bChange = 0.00123729, totNum = 1
ROUND = 4786, SUM = 16418909.0000001, bChange = 0.0012373, totNum = 1
ROUND = 4787, SUM = 16418909, bChange = 0.0012373, totNum = 1
ROUND = 4788, SUM = 16418909, bChange = 0.0012373, totNum = 1
ROUND = 4789, SUM = 16418909, bChange = 0.00123731, totNum = 1
ROUND = 4790, SUM = 16418909, bChange = 0.00123731, totNum = 1
ROUND = 4791, SUM = 16418909.0000001, bChange = 0.00123731, totNum = 1
ROUND = 4792, SUM = 16418909, bChange = 0.00123732, totNum = 1
ROUND = 4793, SUM = 16418909.0000001, bChange = 0.00123732, totNum = 1
ROUND = 4794, SUM = 16418909, bChange = 0.00123733, totNum = 1
ROUND = 4795, SUM = 16418909, bChange = 0.00123733, totNum = 1
ROUND = 4796, SUM = 16418909, bChange = 0.00123733, totNum = 1
ROUND = 4797, SUM = 16418909.0000001, bChange = 0.00123734, totNum = 1
ROUND = 4798, SUM = 16418909, bChange = 0.00123734, totNum = 1
ROUND = 4799, SUM = 16418909.0000001, bChange = 0.00123734, totNum = 1
ROUND = 4800, SUM = 16418909, bChange = 0.00123735, totNum = 1
ROUND = 4801, SUM = 16418909, bChange = 0.00123735, totNum = 1
ROUND = 4802, SUM = 16418909, bChange = 0.00123736, totNum = 1
ROUND = 4803, SUM = 16418909, bChange = 0.00123736, totNum = 1
ROUND = 4804, SUM = 16418909.0000001, bChange = 0.00123736, totNum = 1
ROUND = 4805, SUM = 16418909, bChange = 0.00123737, totNum = 1
ROUND = 4806, SUM = 16418909, bChange = 0.00123737, totNum = 1
ROUND = 4807, SUM = 16418909, bChange = 0.00123737, totNum = 1
ROUND = 4808, SUM = 16418909, bChange = 0.00123738, totNum = 1
ROUND = 4809, SUM = 16418909.0000001, bChange = 0.00123738, totNum = 1
ROUND = 4810, SUM = 16418909.0000001, bChange = 0.00123738, totNum = 1
ROUND = 4811, SUM = 16418909.0000001, bChange = 0.00123739, totNum = 1
ROUND = 4812, SUM = 16418909.0000001, bChange = 0.00123739, totNum = 1
ROUND = 4813, SUM = 16418909, bChange = 0.0012374, totNum = 1
ROUND = 4814, SUM = 16418909, bChange = 0.0012374, totNum = 1
ROUND = 4815, SUM = 16418909, bChange = 0.0012374, totNum = 1
ROUND = 4816, SUM = 16418909.0000001, bChange = 0.00123741, totNum = 1
ROUND = 4817, SUM = 16418909, bChange = 0.00123741, totNum = 1
ROUND = 4818, SUM = 16418909.0000001, bChange = 0.00123741, totNum = 1
ROUND = 4819, SUM = 16418909, bChange = 0.00123742, totNum = 1
ROUND = 4820, SUM = 16418909.0000001, bChange = 0.00123742, totNum = 1
ROUND = 4821, SUM = 16418909, bChange = 0.00123742, totNum = 1
ROUND = 4822, SUM = 16418909, bChange = 0.00123743, totNum = 1
ROUND = 4823, SUM = 16418909, bChange = 0.00123743, totNum = 1
ROUND = 4824, SUM = 16418909, bChange = 0.00123744, totNum = 1
ROUND = 4825, SUM = 16418909.0000001, bChange = 0.00123744, totNum = 1
ROUND = 4826, SUM = 16418909.0000001, bChange = 0.00123744, totNum = 1
ROUND = 4827, SUM = 16418909, bChange = 0.00123745, totNum = 1
ROUND = 4828, SUM = 16418909.0000001, bChange = 0.00123745, totNum = 1
ROUND = 4829, SUM = 16418909, bChange = 0.00123745, totNum = 1
ROUND = 4830, SUM = 16418909, bChange = 0.00123746, totNum = 1
ROUND = 4831, SUM = 16418909, bChange = 0.00123746, totNum = 1
ROUND = 4832, SUM = 16418909, bChange = 0.00123746, totNum = 1
ROUND = 4833, SUM = 16418909, bChange = 0.00123747, totNum = 1
ROUND = 4834, SUM = 16418909, bChange = 0.00123747, totNum = 1
ROUND = 4835, SUM = 16418909.0000001, bChange = 0.00123748, totNum = 1
ROUND = 4836, SUM = 16418909, bChange = 0.00123748, totNum = 1
ROUND = 4837, SUM = 16418909.0000001, bChange = 0.00123748, totNum = 1
ROUND = 4838, SUM = 16418909, bChange = 0.00123749, totNum = 1
ROUND = 4839, SUM = 16418909, bChange = 0.00123749, totNum = 1
ROUND = 4840, SUM = 16418909, bChange = 0.00123749, totNum = 1
ROUND = 4841, SUM = 16418909.0000001, bChange = 0.0012375, totNum = 1
ROUND = 4842, SUM = 16418909, bChange = 0.0012375, totNum = 1
ROUND = 4843, SUM = 16418909, bChange = 0.0012375, totNum = 1
ROUND = 4844, SUM = 16418909, bChange = 0.00123751, totNum = 1
ROUND = 4845, SUM = 16418909, bChange = 0.00123751, totNum = 1
ROUND = 4846, SUM = 16418909, bChange = 0.00123751, totNum = 1
ROUND = 4847, SUM = 16418909, bChange = 0.00123752, totNum = 1
ROUND = 4848, SUM = 16418909, bChange = 0.00123752, totNum = 1
ROUND = 4849, SUM = 16418909, bChange = 0.00123752, totNum = 1
ROUND = 4850, SUM = 16418909, bChange = 0.00123753, totNum = 1
ROUND = 4851, SUM = 16418909.0000001, bChange = 0.00123753, totNum = 1
ROUND = 4852, SUM = 16418909, bChange = 0.00123753, totNum = 1
ROUND = 4853, SUM = 16418909, bChange = 0.00123754, totNum = 1
ROUND = 4854, SUM = 16418909, bChange = 0.00123754, totNum = 1
ROUND = 4855, SUM = 16418909, bChange = 0.00123755, totNum = 1
ROUND = 4856, SUM = 16418909.0000001, bChange = 0.00123755, totNum = 1
ROUND = 4857, SUM = 16418909, bChange = 0.00123755, totNum = 1
ROUND = 4858, SUM = 16418909, bChange = 0.00123756, totNum = 1
ROUND = 4859, SUM = 16418909.0000001, bChange = 0.00123756, totNum = 1
ROUND = 4860, SUM = 16418909, bChange = 0.00123756, totNum = 1
ROUND = 4861, SUM = 16418909.0000001, bChange = 0.00123757, totNum = 1
ROUND = 4862, SUM = 16418909.0000001, bChange = 0.00123757, totNum = 1
ROUND = 4863, SUM = 16418909, bChange = 0.00123757, totNum = 1
ROUND = 4864, SUM = 16418909, bChange = 0.00123758, totNum = 1
ROUND = 4865, SUM = 16418909, bChange = 0.00123758, totNum = 1
ROUND = 4866, SUM = 16418909, bChange = 0.00123758, totNum = 1
ROUND = 4867, SUM = 16418909, bChange = 0.00123759, totNum = 1
ROUND = 4868, SUM = 16418909, bChange = 0.00123759, totNum = 1
ROUND = 4869, SUM = 16418909, bChange = 0.00123759, totNum = 1
ROUND = 4870, SUM = 16418909, bChange = 0.0012376, totNum = 1
ROUND = 4871, SUM = 16418909, bChange = 0.0012376, totNum = 1
ROUND = 4872, SUM = 16418909, bChange = 0.0012376, totNum = 1
ROUND = 4873, SUM = 16418909.0000001, bChange = 0.00123761, totNum = 1
ROUND = 4874, SUM = 16418909, bChange = 0.00123761, totNum = 1
ROUND = 4875, SUM = 16418909.0000001, bChange = 0.00123761, totNum = 1
ROUND = 4876, SUM = 16418909.0000001, bChange = 0.00123762, totNum = 1
ROUND = 4877, SUM = 16418909, bChange = 0.00123762, totNum = 1
ROUND = 4878, SUM = 16418909, bChange = 0.00123762, totNum = 1
ROUND = 4879, SUM = 16418909, bChange = 0.00123763, totNum = 1
ROUND = 4880, SUM = 16418909, bChange = 0.00123763, totNum = 1
ROUND = 4881, SUM = 16418909, bChange = 0.00123763, totNum = 1
ROUND = 4882, SUM = 16418909, bChange = 0.00123764, totNum = 1
ROUND = 4883, SUM = 16418909, bChange = 0.00123764, totNum = 1
ROUND = 4884, SUM = 16418909, bChange = 0.00123764, totNum = 1
ROUND = 4885, SUM = 16418909, bChange = 0.00123765, totNum = 1
ROUND = 4886, SUM = 16418909, bChange = 0.00123765, totNum = 1
ROUND = 4887, SUM = 16418909.0000001, bChange = 0.00123765, totNum = 1
ROUND = 4888, SUM = 16418909.0000001, bChange = 0.00123766, totNum = 1
ROUND = 4889, SUM = 16418909, bChange = 0.00123766, totNum = 1
ROUND = 4890, SUM = 16418909, bChange = 0.00123766, totNum = 1
ROUND = 4891, SUM = 16418909, bChange = 0.00123767, totNum = 1
ROUND = 4892, SUM = 16418909, bChange = 0.00123767, totNum = 1
ROUND = 4893, SUM = 16418909, bChange = 0.00123767, totNum = 1
ROUND = 4894, SUM = 16418909, bChange = 0.00123768, totNum = 1
ROUND = 4895, SUM = 16418909, bChange = 0.00123768, totNum = 1
ROUND = 4896, SUM = 16418909, bChange = 0.00123768, totNum = 1
ROUND = 4897, SUM = 16418909, bChange = 0.00123769, totNum = 1
ROUND = 4898, SUM = 16418909, bChange = 0.00123769, totNum = 1
ROUND = 4899, SUM = 16418909, bChange = 0.00123769, totNum = 1
ROUND = 4900, SUM = 16418909, bChange = 0.0012377, totNum = 1
ROUND = 4901, SUM = 16418909, bChange = 0.0012377, totNum = 1
ROUND = 4902, SUM = 16418909, bChange = 0.0012377, totNum = 1
ROUND = 4903, SUM = 16418909, bChange = 0.00123771, totNum = 1
ROUND = 4904, SUM = 16418909, bChange = 0.00123771, totNum = 1
ROUND = 4905, SUM = 16418909, bChange = 0.00123771, totNum = 1
ROUND = 4906, SUM = 16418909, bChange = 0.00123772, totNum = 1
ROUND = 4907, SUM = 16418909, bChange = 0.00123772, totNum = 1
ROUND = 4908, SUM = 16418909, bChange = 0.00123772, totNum = 1
ROUND = 4909, SUM = 16418909, bChange = 0.00123773, totNum = 1
ROUND = 4910, SUM = 16418909, bChange = 0.00123773, totNum = 1
ROUND = 4911, SUM = 16418909, bChange = 0.00123773, totNum = 1
ROUND = 4912, SUM = 16418909, bChange = 0.00123774, totNum = 1
ROUND = 4913, SUM = 16418909, bChange = 0.00123774, totNum = 1
ROUND = 4914, SUM = 16418909, bChange = 0.00123774, totNum = 1
ROUND = 4915, SUM = 16418909, bChange = 0.00123775, totNum = 1
ROUND = 4916, SUM = 16418909, bChange = 0.00123775, totNum = 1
ROUND = 4917, SUM = 16418909, bChange = 0.00123775, totNum = 1
ROUND = 4918, SUM = 16418909, bChange = 0.00123776, totNum = 1
ROUND = 4919, SUM = 16418909, bChange = 0.00123776, totNum = 1
ROUND = 4920, SUM = 16418909, bChange = 0.00123776, totNum = 1
ROUND = 4921, SUM = 16418909, bChange = 0.00123776, totNum = 1
ROUND = 4922, SUM = 16418909, bChange = 0.00123777, totNum = 1
ROUND = 4923, SUM = 16418909, bChange = 0.00123777, totNum = 1
ROUND = 4924, SUM = 16418909, bChange = 0.00123777, totNum = 1
ROUND = 4925, SUM = 16418909, bChange = 0.00123778, totNum = 1
ROUND = 4926, SUM = 16418909, bChange = 0.00123778, totNum = 1
ROUND = 4927, SUM = 16418909, bChange = 0.00123778, totNum = 1
ROUND = 4928, SUM = 16418909, bChange = 0.00123779, totNum = 1
ROUND = 4929, SUM = 16418909, bChange = 0.00123779, totNum = 1
ROUND = 4930, SUM = 16418909, bChange = 0.00123779, totNum = 1
ROUND = 4931, SUM = 16418909, bChange = 0.0012378, totNum = 1
ROUND = 4932, SUM = 16418909, bChange = 0.0012378, totNum = 1
ROUND = 4933, SUM = 16418909, bChange = 0.0012378, totNum = 1
ROUND = 4934, SUM = 16418909, bChange = 0.00123781, totNum = 1
ROUND = 4935, SUM = 16418909.0000001, bChange = 0.00123781, totNum = 1
ROUND = 4936, SUM = 16418909, bChange = 0.00123781, totNum = 1
ROUND = 4937, SUM = 16418909, bChange = 0.00123782, totNum = 1
ROUND = 4938, SUM = 16418909, bChange = 0.00123782, totNum = 1
ROUND = 4939, SUM = 16418909, bChange = 0.00123782, totNum = 1
ROUND = 4940, SUM = 16418909, bChange = 0.00123782, totNum = 1
ROUND = 4941, SUM = 16418909, bChange = 0.00123783, totNum = 1
ROUND = 4942, SUM = 16418909, bChange = 0.00123783, totNum = 1
ROUND = 4943, SUM = 16418909, bChange = 0.00123783, totNum = 1
ROUND = 4944, SUM = 16418909, bChange = 0.00123784, totNum = 1
ROUND = 4945, SUM = 16418909, bChange = 0.00123784, totNum = 1
ROUND = 4946, SUM = 16418909, bChange = 0.00123784, totNum = 1
ROUND = 4947, SUM = 16418909, bChange = 0.00123785, totNum = 1
ROUND = 4948, SUM = 16418909, bChange = 0.00123785, totNum = 1
ROUND = 4949, SUM = 16418909, bChange = 0.00123785, totNum = 1
ROUND = 4950, SUM = 16418909, bChange = 0.00123786, totNum = 1
ROUND = 4951, SUM = 16418909.0000001, bChange = 0.00123786, totNum = 1
ROUND = 4952, SUM = 16418909, bChange = 0.00123786, totNum = 1
ROUND = 4953, SUM = 16418909, bChange = 0.00123787, totNum = 1
ROUND = 4954, SUM = 16418909, bChange = 0.00123787, totNum = 1
ROUND = 4955, SUM = 16418909, bChange = 0.00123787, totNum = 1
ROUND = 4956, SUM = 16418909, bChange = 0.00123787, totNum = 1
ROUND = 4957, SUM = 16418909, bChange = 0.00123788, totNum = 1
ROUND = 4958, SUM = 16418909, bChange = 0.00123788, totNum = 1
ROUND = 4959, SUM = 16418909, bChange = 0.00123788, totNum = 1
ROUND = 4960, SUM = 16418909, bChange = 0.00123789, totNum = 1
ROUND = 4961, SUM = 16418909, bChange = 0.00123789, totNum = 1
ROUND = 4962, SUM = 16418909, bChange = 0.00123789, totNum = 1
ROUND = 4963, SUM = 16418909, bChange = 0.0012379, totNum = 1
ROUND = 4964, SUM = 16418909, bChange = 0.0012379, totNum = 1
ROUND = 4965, SUM = 16418909, bChange = 0.0012379, totNum = 1
ROUND = 4966, SUM = 16418909.0000001, bChange = 0.0012379, totNum = 1
ROUND = 4967, SUM = 16418909, bChange = 0.00123791, totNum = 1
ROUND = 4968, SUM = 16418909, bChange = 0.00123791, totNum = 1
ROUND = 4969, SUM = 16418909, bChange = 0.00123791, totNum = 1
ROUND = 4970, SUM = 16418909, bChange = 0.00123792, totNum = 1
ROUND = 4971, SUM = 16418909, bChange = 0.00123792, totNum = 1
ROUND = 4972, SUM = 16418909, bChange = 0.00123792, totNum = 1
ROUND = 4973, SUM = 16418909, bChange = 0.00123793, totNum = 1
ROUND = 4974, SUM = 16418909, bChange = 0.00123793, totNum = 1
ROUND = 4975, SUM = 16418909, bChange = 0.00123793, totNum = 1
ROUND = 4976, SUM = 16418909, bChange = 0.00123793, totNum = 1
ROUND = 4977, SUM = 16418909, bChange = 0.00123794, totNum = 1
ROUND = 4978, SUM = 16418909, bChange = 0.00123794, totNum = 1
ROUND = 4979, SUM = 16418909, bChange = 0.00123794, totNum = 1
ROUND = 4980, SUM = 16418909, bChange = 0.00123795, totNum = 1
ROUND = 4981, SUM = 16418909, bChange = 0.00123795, totNum = 1
ROUND = 4982, SUM = 16418909, bChange = 0.00123795, totNum = 1
ROUND = 4983, SUM = 16418909, bChange = 0.00123796, totNum = 1
ROUND = 4984, SUM = 16418909, bChange = 0.00123796, totNum = 1
ROUND = 4985, SUM = 16418909, bChange = 0.00123796, totNum = 1
ROUND = 4986, SUM = 16418909, bChange = 0.00123796, totNum = 1
ROUND = 4987, SUM = 16418909, bChange = 0.00123797, totNum = 1
ROUND = 4988, SUM = 16418909, bChange = 0.00123797, totNum = 1
ROUND = 4989, SUM = 16418909, bChange = 0.00123797, totNum = 1
ROUND = 4990, SUM = 16418909, bChange = 0.00123798, totNum = 1
ROUND = 4991, SUM = 16418909.0000001, bChange = 0.00123798, totNum = 1
ROUND = 4992, SUM = 16418909, bChange = 0.00123798, totNum = 1
ROUND = 4993, SUM = 16418909, bChange = 0.00123798, totNum = 1
ROUND = 4994, SUM = 16418909, bChange = 0.00123799, totNum = 1
ROUND = 4995, SUM = 16418909, bChange = 0.00123799, totNum = 1
ROUND = 4996, SUM = 16418909, bChange = 0.00123799, totNum = 1
ROUND = 4997, SUM = 16418909, bChange = 0.001238, totNum = 1
ROUND = 4998, SUM = 16418909, bChange = 0.001238, totNum = 1
ROUND = 4999, SUM = 16418909, bChange = 0.001238, totNum = 1
ROUND = 5000, SUM = 16418909, bChange = 0.00123801, totNum = 1
ROUND = 5001, SUM = 16418909.0000001, bChange = 0.00123801, totNum = 1
ROUND = 5002, SUM = 16418909, bChange = 0.00123801, totNum = 1
ROUND = 5003, SUM = 16418909, bChange = 0.00123801, totNum = 1
ROUND = 5004, SUM = 16418909.0000001, bChange = 0.00123802, totNum = 1
ROUND = 5005, SUM = 16418909.0000001, bChange = 0.00123802, totNum = 1
ROUND = 5006, SUM = 16418909, bChange = 0.00123802, totNum = 1
ROUND = 5007, SUM = 16418909.0000001, bChange = 0.00123803, totNum = 1
ROUND = 5008, SUM = 16418909.0000001, bChange = 0.00123803, totNum = 1
ROUND = 5009, SUM = 16418909, bChange = 0.00123803, totNum = 1
ROUND = 5010, SUM = 16418909, bChange = 0.00123803, totNum = 1
ROUND = 5011, SUM = 16418909.0000001, bChange = 0.00123804, totNum = 1
ROUND = 5012, SUM = 16418909, bChange = 0.00123804, totNum = 1
ROUND = 5013, SUM = 16418909, bChange = 0.00123804, totNum = 1
ROUND = 5014, SUM = 16418909, bChange = 0.00123805, totNum = 1
ROUND = 5015, SUM = 16418909, bChange = 0.00123805, totNum = 1
ROUND = 5016, SUM = 16418909, bChange = 0.00123805, totNum = 1
ROUND = 5017, SUM = 16418909, bChange = 0.00123805, totNum = 1
ROUND = 5018, SUM = 16418909, bChange = 0.00123806, totNum = 1
ROUND = 5019, SUM = 16418909, bChange = 0.00123806, totNum = 1
ROUND = 5020, SUM = 16418909, bChange = 0.00123806, totNum = 1
ROUND = 5021, SUM = 16418909.0000001, bChange = 0.00123807, totNum = 1
ROUND = 5022, SUM = 16418909.0000001, bChange = 0.00123807, totNum = 1
ROUND = 5023, SUM = 16418909, bChange = 0.00123807, totNum = 1
ROUND = 5024, SUM = 16418909, bChange = 0.00123807, totNum = 1
ROUND = 5025, SUM = 16418909, bChange = 0.00123808, totNum = 1
ROUND = 5026, SUM = 16418909, bChange = 0.00123808, totNum = 1
ROUND = 5027, SUM = 16418909, bChange = 0.00123808, totNum = 1
ROUND = 5028, SUM = 16418909, bChange = 0.00123808, totNum = 1
ROUND = 5029, SUM = 16418909, bChange = 0.00123809, totNum = 1
ROUND = 5030, SUM = 16418909, bChange = 0.00123809, totNum = 1
ROUND = 5031, SUM = 16418909, bChange = 0.00123809, totNum = 1
ROUND = 5032, SUM = 16418909, bChange = 0.0012381, totNum = 1
ROUND = 5033, SUM = 16418909.0000001, bChange = 0.0012381, totNum = 1
ROUND = 5034, SUM = 16418909, bChange = 0.0012381, totNum = 1
ROUND = 5035, SUM = 16418909, bChange = 0.0012381, totNum = 1
ROUND = 5036, SUM = 16418909, bChange = 0.00123811, totNum = 1
ROUND = 5037, SUM = 16418909, bChange = 0.00123811, totNum = 1
ROUND = 5038, SUM = 16418909, bChange = 0.00123811, totNum = 1
ROUND = 5039, SUM = 16418909, bChange = 0.00123812, totNum = 1
ROUND = 5040, SUM = 16418909, bChange = 0.00123812, totNum = 1
ROUND = 5041, SUM = 16418909, bChange = 0.00123812, totNum = 1
ROUND = 5042, SUM = 16418909, bChange = 0.00123812, totNum = 1
ROUND = 5043, SUM = 16418909, bChange = 0.00123813, totNum = 1
ROUND = 5044, SUM = 16418909, bChange = 0.00123813, totNum = 1
ROUND = 5045, SUM = 16418909, bChange = 0.00123813, totNum = 1
ROUND = 5046, SUM = 16418909, bChange = 0.00123813, totNum = 1
ROUND = 5047, SUM = 16418909, bChange = 0.00123814, totNum = 1
ROUND = 5048, SUM = 16418909, bChange = 0.00123814, totNum = 1
ROUND = 5049, SUM = 16418909, bChange = 0.00123814, totNum = 1
ROUND = 5050, SUM = 16418909.0000001, bChange = 0.00123815, totNum = 1
ROUND = 5051, SUM = 16418909.0000001, bChange = 0.00123815, totNum = 1
ROUND = 5052, SUM = 16418909, bChange = 0.00123815, totNum = 1
ROUND = 5053, SUM = 16418909, bChange = 0.00123815, totNum = 1
ROUND = 5054, SUM = 16418909, bChange = 0.00123816, totNum = 1
ROUND = 5055, SUM = 16418909, bChange = 0.00123816, totNum = 1
ROUND = 5056, SUM = 16418909, bChange = 0.00123816, totNum = 1
ROUND = 5057, SUM = 16418909, bChange = 0.00123816, totNum = 1
ROUND = 5058, SUM = 16418909, bChange = 0.00123817, totNum = 1
ROUND = 5059, SUM = 16418909.0000001, bChange = 0.00123817, totNum = 1
ROUND = 5060, SUM = 16418909, bChange = 0.00123817, totNum = 1
ROUND = 5061, SUM = 16418909.0000001, bChange = 0.00123818, totNum = 1
ROUND = 5062, SUM = 16418909, bChange = 0.00123818, totNum = 1
ROUND = 5063, SUM = 16418909, bChange = 0.00123818, totNum = 1
ROUND = 5064, SUM = 16418909.0000001, bChange = 0.00123818, totNum = 1
ROUND = 5065, SUM = 16418909.0000001, bChange = 0.00123819, totNum = 1
ROUND = 5066, SUM = 16418909, bChange = 0.00123819, totNum = 1
ROUND = 5067, SUM = 16418909, bChange = 0.00123819, totNum = 1
ROUND = 5068, SUM = 16418909, bChange = 0.00123819, totNum = 1
ROUND = 5069, SUM = 16418909, bChange = 0.0012382, totNum = 1
ROUND = 5070, SUM = 16418909, bChange = 0.0012382, totNum = 1
ROUND = 5071, SUM = 16418909, bChange = 0.0012382, totNum = 1
ROUND = 5072, SUM = 16418909, bChange = 0.0012382, totNum = 1
ROUND = 5073, SUM = 16418909, bChange = 0.00123821, totNum = 1
ROUND = 5074, SUM = 16418909, bChange = 0.00123821, totNum = 1
ROUND = 5075, SUM = 16418909, bChange = 0.00123821, totNum = 1
ROUND = 5076, SUM = 16418909, bChange = 0.00123822, totNum = 1
ROUND = 5077, SUM = 16418909, bChange = 0.00123822, totNum = 1
ROUND = 5078, SUM = 16418909, bChange = 0.00123822, totNum = 1
ROUND = 5079, SUM = 16418909, bChange = 0.00123822, totNum = 1
ROUND = 5080, SUM = 16418909, bChange = 0.00123823, totNum = 1
ROUND = 5081, SUM = 16418909, bChange = 0.00123823, totNum = 1
ROUND = 5082, SUM = 16418909, bChange = 0.00123823, totNum = 1
ROUND = 5083, SUM = 16418909, bChange = 0.00123823, totNum = 1
ROUND = 5084, SUM = 16418909, bChange = 0.00123824, totNum = 1
ROUND = 5085, SUM = 16418909, bChange = 0.00123824, totNum = 1
ROUND = 5086, SUM = 16418909.0000001, bChange = 0.00123824, totNum = 1
ROUND = 5087, SUM = 16418909.0000001, bChange = 0.00123824, totNum = 1
ROUND = 5088, SUM = 16418909, bChange = 0.00123825, totNum = 1
ROUND = 5089, SUM = 16418909, bChange = 0.00123825, totNum = 1
ROUND = 5090, SUM = 16418909, bChange = 0.00123825, totNum = 1
ROUND = 5091, SUM = 16418909.0000001, bChange = 0.00123825, totNum = 1
ROUND = 5092, SUM = 16418909, bChange = 0.00123826, totNum = 1
ROUND = 5093, SUM = 16418909, bChange = 0.00123826, totNum = 1
ROUND = 5094, SUM = 16418909, bChange = 0.00123826, totNum = 1
ROUND = 5095, SUM = 16418909, bChange = 0.00123826, totNum = 1
ROUND = 5096, SUM = 16418909, bChange = 0.00123827, totNum = 1
ROUND = 5097, SUM = 16418909, bChange = 0.00123827, totNum = 1
ROUND = 5098, SUM = 16418909, bChange = 0.00123827, totNum = 1
ROUND = 5099, SUM = 16418909, bChange = 0.00123828, totNum = 1
ROUND = 5100, SUM = 16418909, bChange = 0.00123828, totNum = 1
ROUND = 5101, SUM = 16418909, bChange = 0.00123828, totNum = 1
ROUND = 5102, SUM = 16418909, bChange = 0.00123828, totNum = 1
ROUND = 5103, SUM = 16418909, bChange = 0.00123829, totNum = 1
ROUND = 5104, SUM = 16418909, bChange = 0.00123829, totNum = 1
ROUND = 5105, SUM = 16418909, bChange = 0.00123829, totNum = 1
ROUND = 5106, SUM = 16418909, bChange = 0.00123829, totNum = 1
ROUND = 5107, SUM = 16418909, bChange = 0.0012383, totNum = 1
ROUND = 5108, SUM = 16418909, bChange = 0.0012383, totNum = 1
ROUND = 5109, SUM = 16418909, bChange = 0.0012383, totNum = 1
ROUND = 5110, SUM = 16418909, bChange = 0.0012383, totNum = 1
ROUND = 5111, SUM = 16418909, bChange = 0.00123831, totNum = 1
ROUND = 5112, SUM = 16418909, bChange = 0.00123831, totNum = 1
ROUND = 5113, SUM = 16418909, bChange = 0.00123831, totNum = 1
ROUND = 5114, SUM = 16418909, bChange = 0.00123831, totNum = 1
ROUND = 5115, SUM = 16418909, bChange = 0.00123832, totNum = 1
ROUND = 5116, SUM = 16418909, bChange = 0.00123832, totNum = 1
ROUND = 5117, SUM = 16418909, bChange = 0.00123832, totNum = 1
ROUND = 5118, SUM = 16418909.0000001, bChange = 0.00123832, totNum = 1
ROUND = 5119, SUM = 16418909, bChange = 0.00123833, totNum = 1
ROUND = 5120, SUM = 16418909, bChange = 0.00123833, totNum = 1
ROUND = 5121, SUM = 16418909, bChange = 0.00123833, totNum = 1
ROUND = 5122, SUM = 16418909, bChange = 0.00123833, totNum = 1
ROUND = 5123, SUM = 16418909.0000001, bChange = 0.00123834, totNum = 1
ROUND = 5124, SUM = 16418909, bChange = 0.00123834, totNum = 1
ROUND = 5125, SUM = 16418909, bChange = 0.00123834, totNum = 1
ROUND = 5126, SUM = 16418909, bChange = 0.00123834, totNum = 1
ROUND = 5127, SUM = 16418909, bChange = 0.00123835, totNum = 1
ROUND = 5128, SUM = 16418909, bChange = 0.00123835, totNum = 1
ROUND = 5129, SUM = 16418909, bChange = 0.00123835, totNum = 1
ROUND = 5130, SUM = 16418909.0000001, bChange = 0.00123835, totNum = 1
ROUND = 5131, SUM = 16418909, bChange = 0.00123836, totNum = 1
ROUND = 5132, SUM = 16418909, bChange = 0.00123836, totNum = 1
ROUND = 5133, SUM = 16418909, bChange = 0.00123836, totNum = 1
ROUND = 5134, SUM = 16418909, bChange = 0.00123836, totNum = 1
ROUND = 5135, SUM = 16418909, bChange = 0.00123837, totNum = 1
ROUND = 5136, SUM = 16418909, bChange = 0.00123837, totNum = 1
ROUND = 5137, SUM = 16418909, bChange = 0.00123837, totNum = 1
ROUND = 5138, SUM = 16418909, bChange = 0.00123837, totNum = 1
ROUND = 5139, SUM = 16418909, bChange = 0.00123838, totNum = 1
ROUND = 5140, SUM = 16418909, bChange = 0.00123838, totNum = 1
ROUND = 5141, SUM = 16418909, bChange = 0.00123838, totNum = 1
ROUND = 5142, SUM = 16418909, bChange = 0.00093679, totNum = 0
Expression Results are written!
Time Used for EM.cpp : 0 h 14 m 53 s

rsem-run-gibbs results/rsem_index/rsem results/rsem_quant/ER100001.temp/ER100001 results/rsem_quant/ER100001.stat/ER100001 200 1000 1 -p 44 --seed 1471891643
Refs.loadRefs finished!
Loading data is finished!
Loading group information is finished!
Gibbs started!
Initialization finished!
Thread 21, ROUND 100 is finished!
Thread 3, ROUND 100 is finished!
Thread 24, ROUND 100 is finished!
Thread 31, ROUND 100 is finished!
Thread 38, ROUND 100 is finished!
Thread 37, ROUND 100 is finished!
Thread 17, ROUND 100 is finished!
Thread 14, ROUND 100 is finished!
Thread 27, ROUND 100 is finished!
Thread 41, ROUND 100 is finished!
Thread 26, ROUND 100 is finished!
Thread 15, ROUND 100 is finished!
Thread 1, ROUND 100 is finished!
Thread 20, ROUND 100 is finished!
Thread 29, ROUND 100 is finished!
Thread 16, ROUND 100 is finished!
Thread 18, ROUND 100 is finished!
Thread 12, ROUND 100 is finished!
Thread 40, ROUND 100 is finished!
Thread 2, ROUND 100 is finished!
Thread 4, ROUND 100 is finished!
Thread 23, ROUND 100 is finished!
Thread 5, ROUND 100 is finished!
Thread 13, ROUND 100 is finished!
Thread 35, ROUND 100 is finished!
Thread 7, ROUND 100 is finished!
Thread 39, ROUND 100 is finished!
Thread 8, ROUND 100 is finished!
Thread 6, ROUND 100 is finished!
Thread 43, ROUND 100 is finished!
Thread 42, ROUND 100 is finished!
Thread 0, ROUND 100 is finished!
Thread 19, ROUND 100 is finished!
Thread 22, ROUND 100 is finished!
Thread 34, ROUND 100 is finished!
Thread 9, ROUND 100 is finished!
Thread 30, ROUND 100 is finished!
Thread 11, ROUND 100 is finished!
Thread 32, ROUND 100 is finished!
Thread 36, ROUND 100 is finished!
Thread 10, ROUND 100 is finished!
Thread 33, ROUND 100 is finished!
Thread 28, ROUND 100 is finished!
Thread 25, ROUND 100 is finished!
Thread 39, ROUND 200 is finished!
Thread 18, ROUND 200 is finished!
Thread 1, ROUND 200 is finished!
Thread 24, ROUND 200 is finished!
Thread 35, ROUND 200 is finished!
Thread 26, ROUND 200 is finished!
Thread 4, ROUND 200 is finished!
Thread 42, ROUND 200 is finished!
Thread 2, ROUND 200 is finished!
Thread 16, ROUND 200 is finished!
Thread 20, ROUND 200 is finished!
Thread 6, ROUND 200 is finished!
Thread 5, ROUND 200 is finished!
Thread 27, ROUND 200 is finished!
Thread 21, ROUND 200 is finished!
Thread 8, ROUND 200 is finished!
Thread 0, ROUND 200 is finished!
Thread 29, ROUND 200 is finished!
Thread 38, ROUND 200 is finished!
Thread 3, ROUND 200 is finished!
Thread 14, ROUND 200 is finished!
Thread 30, ROUND 200 is finished!
Thread 19, ROUND 200 is finished!
Thread 12, ROUND 200 is finished!
Thread 7, ROUND 200 is finished!
Thread 11, ROUND 200 is finished!
Thread 15, ROUND 200 is finished!
Thread 17, ROUND 200 is finished!
Thread 13, ROUND 200 is finished!
Thread 43, ROUND 200 is finished!
Thread 41, ROUND 200 is finished!
Thread 10, ROUND 200 is finished!
Thread 28, ROUND 200 is finished!
Thread 34, ROUND 200 is finished!
Thread 37, ROUND 200 is finished!
Thread 31, ROUND 200 is finished!
Thread 32, ROUND 200 is finished!
Thread 23, ROUND 200 is finished!
Thread 40, ROUND 200 is finished!
Thread 9, ROUND 200 is finished!
Thread 36, ROUND 200 is finished!
Thread 33, ROUND 200 is finished!
Thread 22, ROUND 200 is finished!
Thread 25, ROUND 200 is finished!
Gibbs finished!
Gibbs based expression values are written!

rsem-calculate-credibility-intervals results/rsem_index/rsem results/rsem_quant/ER100001.temp/ER100001 results/rsem_quant/ER100001.stat/ER100001 0.95 1000 50 128000 -p 44 --seed 477107655
Refs.loadRefs finished!
Sampling is finished!
In thread 34, 1000 genes are processed for CI calculation!
In thread 36, 1000 genes are processed for CI calculation!
In thread 38, 1000 genes are processed for CI calculation!
In thread 43, 1000 genes are processed for CI calculation!
In thread 41, 1000 genes are processed for CI calculation!
In thread 42, 1000 genes are processed for CI calculation!
In thread 37, 1000 genes are processed for CI calculation!
In thread 32, 1000 genes are processed for CI calculation!
In thread 29, 1000 genes are processed for CI calculation!
In thread 31, 1000 genes are processed for CI calculation!
In thread 35, 1000 genes are processed for CI calculation!
In thread 30, 1000 genes are processed for CI calculation!
In thread 39, 1000 genes are processed for CI calculation!
In thread 40, 1000 genes are processed for CI calculation!
In thread 33, 1000 genes are processed for CI calculation!
In thread 34, 2000 genes are processed for CI calculation!
In thread 41, 2000 genes are processed for CI calculation!
In thread 43, 2000 genes are processed for CI calculation!
In thread 42, 2000 genes are processed for CI calculation!
In thread 36, 2000 genes are processed for CI calculation!
In thread 37, 2000 genes are processed for CI calculation!
In thread 38, 2000 genes are processed for CI calculation!
In thread 29, 2000 genes are processed for CI calculation!
In thread 32, 2000 genes are processed for CI calculation!
In thread 28, 1000 genes are processed for CI calculation!
In thread 31, 2000 genes are processed for CI calculation!
In thread 35, 2000 genes are processed for CI calculation!
In thread 40, 2000 genes are processed for CI calculation!
In thread 30, 2000 genes are processed for CI calculation!
In thread 37, 3000 genes are processed for CI calculation!
In thread 28, 2000 genes are processed for CI calculation!
In thread 41, 3000 genes are processed for CI calculation!
In thread 43, 3000 genes are processed for CI calculation!
In thread 42, 3000 genes are processed for CI calculation!
In thread 27, 1000 genes are processed for CI calculation!
In thread 34, 3000 genes are processed for CI calculation!
In thread 36, 3000 genes are processed for CI calculation!
In thread 33, 2000 genes are processed for CI calculation!
In thread 39, 2000 genes are processed for CI calculation!
In thread 38, 3000 genes are processed for CI calculation!
In thread 29, 3000 genes are processed for CI calculation!
In thread 32, 3000 genes are processed for CI calculation!
In thread 37, 4000 genes are processed for CI calculation!
In thread 27, 2000 genes are processed for CI calculation!
In thread 40, 3000 genes are processed for CI calculation!
In thread 35, 3000 genes are processed for CI calculation!
In thread 43, 4000 genes are processed for CI calculation!
In thread 41, 4000 genes are processed for CI calculation!
In thread 42, 4000 genes are processed for CI calculation!
In thread 30, 3000 genes are processed for CI calculation!
In thread 36, 4000 genes are processed for CI calculation!
In thread 31, 3000 genes are processed for CI calculation!
In thread 25, 1000 genes are processed for CI calculation!
All credibility intervals are calculated!

rm -rf results/rsem_quant/ER100001.temp

2025-11-10 16:09:52,111 | INFO | __main__: Number of genes greater than 1 TPM: 13412
Mon Nov 10 04:09:52 PM EST 2025: Finished rsem quantification
