Mon Nov 10 01:02:04 PM EST 2025: Running rsem quantification
Mon Nov 10 01:02:04 PM EST 2025: ulimit set to 65536
2025-11-10 13:02:06,214 | INFO | __main__: Running RSEM command rsem-calculate-expression --bam --estimate-rspd --calc-ci --seed 42 -p 44 --no-bam-output --ci-memory 128000 --forward-prob 0 --paired-end results/align/ER100003/ER100003_anno.bam results/rsem_index/rsem results/rsem_quant/ER100003
rsem-parse-alignments results/rsem_index/rsem results/rsem_quant/ER100003.temp/ER100003 results/rsem_quant/ER100003.stat/ER100003 results/align/ER100003/ER100003_anno.bam 3 -tag XM
Parsed 1000000 entries
Parsed 2000000 entries
Parsed 3000000 entries
Parsed 4000000 entries
Parsed 5000000 entries
Parsed 6000000 entries
Parsed 7000000 entries
Parsed 8000000 entries
Parsed 9000000 entries
Parsed 10000000 entries
Parsed 11000000 entries
Parsed 12000000 entries
Parsed 13000000 entries
Parsed 14000000 entries
Parsed 15000000 entries
Parsed 16000000 entries
Parsed 17000000 entries
Parsed 18000000 entries
Parsed 19000000 entries
Parsed 20000000 entries
Parsed 21000000 entries
Parsed 22000000 entries
Parsed 23000000 entries
Parsed 24000000 entries
Parsed 25000000 entries
Parsed 26000000 entries
Parsed 27000000 entries
Parsed 28000000 entries
Parsed 29000000 entries
Parsed 30000000 entries
Parsed 31000000 entries
Parsed 32000000 entries
Parsed 33000000 entries
Parsed 34000000 entries
Parsed 35000000 entries
Parsed 36000000 entries
Parsed 37000000 entries
Parsed 38000000 entries
Parsed 39000000 entries
Parsed 40000000 entries
Parsed 41000000 entries
Parsed 42000000 entries
Parsed 43000000 entries
Parsed 44000000 entries
Parsed 45000000 entries
Parsed 46000000 entries
Parsed 47000000 entries
Parsed 48000000 entries
Parsed 49000000 entries
Parsed 50000000 entries
Parsed 51000000 entries
Parsed 52000000 entries
Parsed 53000000 entries
Parsed 54000000 entries
Parsed 55000000 entries
Parsed 56000000 entries
Parsed 57000000 entries
Parsed 58000000 entries
Parsed 59000000 entries
Parsed 60000000 entries
Parsed 61000000 entries
Parsed 62000000 entries
Parsed 63000000 entries
Parsed 64000000 entries
Parsed 65000000 entries
Parsed 66000000 entries
Parsed 67000000 entries
Parsed 68000000 entries
Parsed 69000000 entries
Parsed 70000000 entries
Parsed 71000000 entries
Parsed 72000000 entries
Parsed 73000000 entries
Parsed 74000000 entries
Parsed 75000000 entries
Parsed 76000000 entries
Parsed 77000000 entries
Parsed 78000000 entries
Parsed 79000000 entries
Parsed 80000000 entries
Parsed 81000000 entries
Parsed 82000000 entries
Parsed 83000000 entries
Parsed 84000000 entries
Parsed 85000000 entries
Parsed 86000000 entries
Parsed 87000000 entries
Parsed 88000000 entries
Parsed 89000000 entries
Parsed 90000000 entries
Parsed 91000000 entries
Parsed 92000000 entries
Parsed 93000000 entries
Parsed 94000000 entries
Parsed 95000000 entries
Parsed 96000000 entries
Parsed 97000000 entries
Parsed 98000000 entries
Parsed 99000000 entries
Parsed 100000000 entries
Parsed 101000000 entries
Parsed 102000000 entries
Parsed 103000000 entries
Parsed 104000000 entries
Parsed 105000000 entries
Parsed 106000000 entries
Parsed 107000000 entries
Parsed 108000000 entries
Parsed 109000000 entries
Parsed 110000000 entries
Parsed 111000000 entries
Parsed 112000000 entries
Parsed 113000000 entries
Parsed 114000000 entries
Parsed 115000000 entries
Done!

rsem-build-read-index 32 1 0 results/rsem_quant/ER100003.temp/ER100003_alignable_1.fq results/rsem_quant/ER100003.temp/ER100003_alignable_2.fq
FIN 1000000
FIN 2000000
FIN 3000000
FIN 4000000
FIN 5000000
FIN 6000000
FIN 7000000
FIN 8000000
FIN 9000000
FIN 10000000
FIN 11000000
FIN 12000000
FIN 13000000
Build Index results/rsem_quant/ER100003.temp/ER100003_alignable_1.fq is Done!
FIN 1000000
FIN 2000000
FIN 3000000
FIN 4000000
FIN 5000000
FIN 6000000
FIN 7000000
FIN 8000000
FIN 9000000
FIN 10000000
FIN 11000000
FIN 12000000
FIN 13000000
Build Index results/rsem_quant/ER100003.temp/ER100003_alignable_2.fq is Done!

rsem-run-em results/rsem_index/rsem 3 results/rsem_quant/ER100003 results/rsem_quant/ER100003.temp/ER100003 results/rsem_quant/ER100003.stat/ER100003 -p 44 --gibbs-out
Refs.loadRefs finished!
Thread 0 : N = 310318, NHit = 2610822
DAT 13000000 reads left
Thread 1 : N = 309395, NHit = 2610812
Thread 2 : N = 309620, NHit = 2610800
Thread 3 : N = 307808, NHit = 2610828
Thread 4 : N = 309762, NHit = 2610799
DAT 12000000 reads left
Thread 5 : N = 309283, NHit = 2610813
Thread 6 : N = 310110, NHit = 2610829
Thread 7 : N = 308983, NHit = 2610803
DAT 11000000 reads left
Thread 8 : N = 309285, NHit = 2610800
Thread 9 : N = 308597, NHit = 2610805
Thread 10 : N = 307285, NHit = 2610800
DAT 10000000 reads left
Thread 11 : N = 308813, NHit = 2610802
Thread 12 : N = 307011, NHit = 2610800
Thread 13 : N = 309352, NHit = 2610804
DAT 9000000 reads left
Thread 14 : N = 310274, NHit = 2610800
Thread 15 : N = 308589, NHit = 2610813
Thread 16 : N = 309963, NHit = 2610801
Thread 17 : N = 309389, NHit = 2610799
DAT 8000000 reads left
Thread 18 : N = 309013, NHit = 2610817
Thread 19 : N = 310464, NHit = 2610800
Thread 20 : N = 308832, NHit = 2610809
DAT 7000000 reads left
Thread 21 : N = 308887, NHit = 2610811
Thread 22 : N = 309838, NHit = 2610810
Thread 23 : N = 309037, NHit = 2610800
DAT 6000000 reads left
Thread 24 : N = 308363, NHit = 2610799
Thread 25 : N = 307938, NHit = 2610823
Thread 26 : N = 309335, NHit = 2610802
DAT 5000000 reads left
Thread 27 : N = 308390, NHit = 2610810
Thread 28 : N = 308812, NHit = 2610800
Thread 29 : N = 310008, NHit = 2610804
Thread 30 : N = 309234, NHit = 2610849
DAT 4000000 reads left
Thread 31 : N = 307561, NHit = 2610802
Thread 32 : N = 308390, NHit = 2610805
Thread 33 : N = 309213, NHit = 2610803
DAT 3000000 reads left
Thread 34 : N = 308890, NHit = 2610803
Thread 35 : N = 309730, NHit = 2610810
Thread 36 : N = 307372, NHit = 2610815
DAT 2000000 reads left
Thread 37 : N = 308539, NHit = 2610799
Thread 38 : N = 309194, NHit = 2610818
Thread 39 : N = 309413, NHit = 2610822
DAT 1000000 reads left
Thread 40 : N = 309952, NHit = 2610801
Thread 41 : N = 308883, NHit = 2610843
Thread 42 : N = 311164, NHit = 2610811
Thread 43 : N = 306735, NHit = 2610377
EM_init finished!
estimateFromReads, N0 finished.
1000000 READS PROCESSED
2000000 READS PROCESSED
3000000 READS PROCESSED
4000000 READS PROCESSED
5000000 READS PROCESSED
6000000 READS PROCESSED
7000000 READS PROCESSED
8000000 READS PROCESSED
9000000 READS PROCESSED
10000000 READS PROCESSED
11000000 READS PROCESSED
12000000 READS PROCESSED
13000000 READS PROCESSED
estimateFromReads, N1 finished.
ROUND = 1, SUM = 14170637.9999999, bChange = 17420.8, totNum = 279942
ROUND = 2, SUM = 14170638, bChange = 1.13659, totNum = 145023
ROUND = 3, SUM = 14170638.0000001, bChange = 0.943583, totNum = 139971
ROUND = 4, SUM = 14170638, bChange = 0.924039, totNum = 135853
ROUND = 5, SUM = 14170637.9999999, bChange = 0.775864, totNum = 132013
ROUND = 6, SUM = 14170638, bChange = 0.695051, totNum = 128447
ROUND = 7, SUM = 14170638, bChange = 0.665363, totNum = 125156
ROUND = 8, SUM = 14170638.0000001, bChange = 0.637474, totNum = 121878
ROUND = 9, SUM = 14170638.0000001, bChange = 0.639342, totNum = 118899
ROUND = 10, SUM = 14170638, bChange = 0.597014, totNum = 116049
ROUND = 11, SUM = 14170637.9999999, bChange = 0.555202, totNum = 113190
ROUND = 12, SUM = 14170638, bChange = 0.469791, totNum = 110176
ROUND = 13, SUM = 14170638, bChange = 0.472651, totNum = 107276
ROUND = 14, SUM = 14170637.9999999, bChange = 0.417485, totNum = 104774
ROUND = 15, SUM = 14170637.9999999, bChange = 0.413507, totNum = 102341
ROUND = 16, SUM = 14170637.9999999, bChange = 0.415587, totNum = 100061
ROUND = 17, SUM = 14170638.0000001, bChange = 0.397349, totNum = 97869
ROUND = 18, SUM = 14170637.9999999, bChange = 0.367223, totNum = 95711
ROUND = 19, SUM = 14170637.9999999, bChange = 0.359193, totNum = 93545
ROUND = 20, SUM = 14170638, bChange = 0.358399, totNum = 91550
ROUND = 21, SUM = 14170638, bChange = 0.343968, totNum = 89533
ROUND = 22, SUM = 14170638, bChange = 0.307466, totNum = 87809
ROUND = 23, SUM = 14170637.9999999, bChange = 0.301303, totNum = 86009
ROUND = 24, SUM = 14170638, bChange = 0.305086, totNum = 84315
ROUND = 25, SUM = 14170638, bChange = 0.274043, totNum = 82580
ROUND = 26, SUM = 14170637.9999999, bChange = 0.274085, totNum = 80996
ROUND = 27, SUM = 14170638.0000001, bChange = 0.274117, totNum = 79397
ROUND = 28, SUM = 14170637.9999999, bChange = 0.234762, totNum = 77896
ROUND = 29, SUM = 14170637.9999999, bChange = 0.233652, totNum = 76415
ROUND = 30, SUM = 14170637.9999999, bChange = 0.23359, totNum = 74988
ROUND = 31, SUM = 14170637.9999999, bChange = 0.233972, totNum = 73633
ROUND = 32, SUM = 14170638, bChange = 0.233656, totNum = 72308
ROUND = 33, SUM = 14170637.9999999, bChange = 0.23466, totNum = 70935
ROUND = 34, SUM = 14170637.9999999, bChange = 0.227998, totNum = 69576
ROUND = 35, SUM = 14170637.9999998, bChange = 0.229142, totNum = 68344
ROUND = 36, SUM = 14170637.9999999, bChange = 0.230184, totNum = 67105
ROUND = 37, SUM = 14170637.9999998, bChange = 0.231131, totNum = 65863
ROUND = 38, SUM = 14170637.9999999, bChange = 0.23199, totNum = 64704
ROUND = 39, SUM = 14170637.9999998, bChange = 0.204091, totNum = 63570
ROUND = 40, SUM = 14170637.9999999, bChange = 0.204101, totNum = 62437
ROUND = 41, SUM = 14170637.9999999, bChange = 0.204112, totNum = 61307
ROUND = 42, SUM = 14170638, bChange = 0.197545, totNum = 60188
ROUND = 43, SUM = 14170638, bChange = 0.198199, totNum = 59171
ROUND = 44, SUM = 14170637.9999999, bChange = 0.175013, totNum = 58217
ROUND = 45, SUM = 14170637.9999999, bChange = 0.175329, totNum = 57205
ROUND = 46, SUM = 14170637.9999997, bChange = 0.170523, totNum = 56225
ROUND = 47, SUM = 14170637.9999998, bChange = 0.156825, totNum = 55270
ROUND = 48, SUM = 14170637.9999999, bChange = 0.156914, totNum = 54283
ROUND = 49, SUM = 14170637.9999999, bChange = 0.157257, totNum = 53314
ROUND = 50, SUM = 14170637.9999999, bChange = 0.157752, totNum = 52394
ROUND = 51, SUM = 14170637.9999997, bChange = 0.15823, totNum = 51564
ROUND = 52, SUM = 14170637.9999997, bChange = 0.153963, totNum = 50686
ROUND = 53, SUM = 14170637.9999999, bChange = 0.154338, totNum = 49863
ROUND = 54, SUM = 14170637.9999999, bChange = 0.154709, totNum = 49020
ROUND = 55, SUM = 14170637.9999998, bChange = 0.155076, totNum = 48236
ROUND = 56, SUM = 14170637.9999999, bChange = 0.155441, totNum = 47467
ROUND = 57, SUM = 14170637.9999998, bChange = 0.148539, totNum = 46651
ROUND = 58, SUM = 14170637.9999999, bChange = 0.128845, totNum = 45908
ROUND = 59, SUM = 14170637.9999998, bChange = 0.128406, totNum = 45146
ROUND = 60, SUM = 14170637.9999998, bChange = 0.128512, totNum = 44452
ROUND = 61, SUM = 14170637.9999998, bChange = 0.12428, totNum = 43790
ROUND = 62, SUM = 14170637.9999998, bChange = 0.12215, totNum = 43119
ROUND = 63, SUM = 14170637.9999999, bChange = 0.119247, totNum = 42429
ROUND = 64, SUM = 14170637.9999999, bChange = 0.119419, totNum = 41751
ROUND = 65, SUM = 14170637.9999999, bChange = 0.117755, totNum = 41101
ROUND = 66, SUM = 14170637.9999999, bChange = 0.1177, totNum = 40432
ROUND = 67, SUM = 14170637.9999998, bChange = 0.117527, totNum = 39800
ROUND = 68, SUM = 14170637.9999998, bChange = 0.117526, totNum = 39159
ROUND = 69, SUM = 14170637.9999998, bChange = 0.117525, totNum = 38570
ROUND = 70, SUM = 14170637.9999997, bChange = 0.117524, totNum = 37967
ROUND = 71, SUM = 14170637.9999998, bChange = 0.117524, totNum = 37396
ROUND = 72, SUM = 14170637.9999998, bChange = 0.117523, totNum = 36824
ROUND = 73, SUM = 14170637.9999998, bChange = 0.116354, totNum = 36270
ROUND = 74, SUM = 14170637.9999998, bChange = 0.116333, totNum = 35738
ROUND = 75, SUM = 14170638, bChange = 0.11631, totNum = 35205
ROUND = 76, SUM = 14170637.9999997, bChange = 0.116285, totNum = 34723
ROUND = 77, SUM = 14170638, bChange = 0.116259, totNum = 34197
ROUND = 78, SUM = 14170637.9999998, bChange = 0.11623, totNum = 33677
ROUND = 79, SUM = 14170637.9999998, bChange = 0.116201, totNum = 33162
ROUND = 80, SUM = 14170637.9999998, bChange = 0.116171, totNum = 32697
ROUND = 81, SUM = 14170637.9999999, bChange = 0.116139, totNum = 32223
ROUND = 82, SUM = 14170637.9999998, bChange = 0.116108, totNum = 31741
ROUND = 83, SUM = 14170637.9999996, bChange = 0.116075, totNum = 31280
ROUND = 84, SUM = 14170637.9999999, bChange = 0.111772, totNum = 30802
ROUND = 85, SUM = 14170637.9999998, bChange = 0.111739, totNum = 30358
ROUND = 86, SUM = 14170637.9999998, bChange = 0.111707, totNum = 29928
ROUND = 87, SUM = 14170637.9999998, bChange = 0.097067, totNum = 29536
ROUND = 88, SUM = 14170637.9999998, bChange = 0.0939583, totNum = 29121
ROUND = 89, SUM = 14170637.9999997, bChange = 0.0907497, totNum = 28728
ROUND = 90, SUM = 14170637.9999997, bChange = 0.090432, totNum = 28335
ROUND = 91, SUM = 14170637.9999998, bChange = 0.0904916, totNum = 27963
ROUND = 92, SUM = 14170637.9999998, bChange = 0.0905484, totNum = 27598
ROUND = 93, SUM = 14170637.9999998, bChange = 0.154938, totNum = 27214
ROUND = 94, SUM = 14170637.9999998, bChange = 0.129938, totNum = 26822
ROUND = 95, SUM = 14170637.9999997, bChange = 0.108608, totNum = 26494
ROUND = 96, SUM = 14170637.9999998, bChange = 0.0910575, totNum = 26117
ROUND = 97, SUM = 14170637.9999998, bChange = 0.0821944, totNum = 25787
ROUND = 98, SUM = 14170637.9999997, bChange = 0.0781323, totNum = 25387
ROUND = 99, SUM = 14170637.9999998, bChange = 0.0781617, totNum = 25047
ROUND = 100, SUM = 14170637.9999997, bChange = 0.07819, totNum = 24695
ROUND = 101, SUM = 14170637.9999997, bChange = 0.078217, totNum = 24375
ROUND = 102, SUM = 14170637.9999999, bChange = 0.078243, totNum = 24040
ROUND = 103, SUM = 14170637.9999999, bChange = 0.078268, totNum = 23733
ROUND = 104, SUM = 14170637.9999997, bChange = 0.0782919, totNum = 23363
ROUND = 105, SUM = 14170637.9999998, bChange = 0.0748767, totNum = 23048
ROUND = 106, SUM = 14170637.9999997, bChange = 0.0749607, totNum = 22773
ROUND = 107, SUM = 14170637.9999999, bChange = 0.0750409, totNum = 22483
ROUND = 108, SUM = 14170637.9999998, bChange = 0.072634, totNum = 22176
ROUND = 109, SUM = 14170637.9999998, bChange = 0.0726745, totNum = 21903
ROUND = 110, SUM = 14170637.9999998, bChange = 0.0727129, totNum = 21606
ROUND = 111, SUM = 14170637.9999998, bChange = 0.0727493, totNum = 21333
ROUND = 112, SUM = 14170637.9999998, bChange = 0.0727838, totNum = 21067
ROUND = 113, SUM = 14170637.9999998, bChange = 0.0728165, totNum = 20820
ROUND = 114, SUM = 14170637.9999997, bChange = 0.0728475, totNum = 20562
ROUND = 115, SUM = 14170637.9999998, bChange = 0.0728768, totNum = 20308
ROUND = 116, SUM = 14170637.9999998, bChange = 0.0729046, totNum = 20044
ROUND = 117, SUM = 14170637.9999998, bChange = 0.072931, totNum = 19839
ROUND = 118, SUM = 14170637.9999997, bChange = 0.072956, totNum = 19618
ROUND = 119, SUM = 14170637.9999998, bChange = 0.0729796, totNum = 19391
ROUND = 120, SUM = 14170637.9999998, bChange = 0.0700836, totNum = 19124
ROUND = 121, SUM = 14170637.9999998, bChange = 0.0700671, totNum = 18894
ROUND = 122, SUM = 14170637.9999998, bChange = 0.0700503, totNum = 18675
ROUND = 123, SUM = 14170637.9999998, bChange = 0.0700333, totNum = 18435
ROUND = 124, SUM = 14170637.9999997, bChange = 0.070016, totNum = 18229
ROUND = 125, SUM = 14170637.9999999, bChange = 0.0699985, totNum = 18011
ROUND = 126, SUM = 14170637.9999997, bChange = 0.0699807, totNum = 17834
ROUND = 127, SUM = 14170637.9999998, bChange = 0.0699628, totNum = 17625
ROUND = 128, SUM = 14170637.9999998, bChange = 0.067947, totNum = 17419
ROUND = 129, SUM = 14170637.9999998, bChange = 0.0596727, totNum = 17220
ROUND = 130, SUM = 14170637.9999997, bChange = 0.0596664, totNum = 17047
ROUND = 131, SUM = 14170637.9999999, bChange = 0.056995, totNum = 16867
ROUND = 132, SUM = 14170637.9999998, bChange = 0.0569947, totNum = 16683
ROUND = 133, SUM = 14170637.9999998, bChange = 0.0569944, totNum = 16479
ROUND = 134, SUM = 14170637.9999998, bChange = 0.0569941, totNum = 16284
ROUND = 135, SUM = 14170637.9999999, bChange = 0.0569938, totNum = 16086
ROUND = 136, SUM = 14170637.9999999, bChange = 0.0569936, totNum = 15901
ROUND = 137, SUM = 14170637.9999999, bChange = 0.0569934, totNum = 15696
ROUND = 138, SUM = 14170637.9999999, bChange = 0.0566089, totNum = 15517
ROUND = 139, SUM = 14170637.9999998, bChange = 0.0565933, totNum = 15346
ROUND = 140, SUM = 14170637.9999997, bChange = 0.0565778, totNum = 15160
ROUND = 141, SUM = 14170637.9999998, bChange = 0.0565624, totNum = 14999
ROUND = 142, SUM = 14170637.9999998, bChange = 0.0565471, totNum = 14827
ROUND = 143, SUM = 14170637.9999998, bChange = 0.0565119, totNum = 14693
ROUND = 144, SUM = 14170637.9999997, bChange = 0.0565185, totNum = 14526
ROUND = 145, SUM = 14170637.9999997, bChange = 0.0565248, totNum = 14371
ROUND = 146, SUM = 14170637.9999996, bChange = 0.0565308, totNum = 14213
ROUND = 147, SUM = 14170637.9999997, bChange = 0.0565365, totNum = 14057
ROUND = 148, SUM = 14170637.9999999, bChange = 0.056542, totNum = 13910
ROUND = 149, SUM = 14170637.9999999, bChange = 0.0565471, totNum = 13774
ROUND = 150, SUM = 14170637.9999998, bChange = 0.056552, totNum = 13641
ROUND = 151, SUM = 14170637.9999997, bChange = 0.0565567, totNum = 13492
ROUND = 152, SUM = 14170637.9999998, bChange = 0.0565612, totNum = 13343
ROUND = 153, SUM = 14170637.9999998, bChange = 0.0565654, totNum = 13223
ROUND = 154, SUM = 14170637.9999998, bChange = 0.0565695, totNum = 13089
ROUND = 155, SUM = 14170637.9999999, bChange = 0.0565733, totNum = 12958
ROUND = 156, SUM = 14170637.9999998, bChange = 0.0530305, totNum = 12816
ROUND = 157, SUM = 14170637.9999998, bChange = 0.0530356, totNum = 12657
ROUND = 158, SUM = 14170637.9999997, bChange = 0.0530405, totNum = 12534
ROUND = 159, SUM = 14170637.9999997, bChange = 0.0530453, totNum = 12399
ROUND = 160, SUM = 14170637.9999999, bChange = 0.0530499, totNum = 12275
ROUND = 161, SUM = 14170637.9999998, bChange = 0.0530543, totNum = 12154
ROUND = 162, SUM = 14170637.9999997, bChange = 0.0530586, totNum = 12034
ROUND = 163, SUM = 14170637.9999997, bChange = 0.0530628, totNum = 11922
ROUND = 164, SUM = 14170637.9999998, bChange = 0.0530669, totNum = 11803
ROUND = 165, SUM = 14170637.9999998, bChange = 0.0530708, totNum = 11677
ROUND = 166, SUM = 14170637.9999998, bChange = 0.0530746, totNum = 11537
ROUND = 167, SUM = 14170637.9999997, bChange = 0.0530783, totNum = 11425
ROUND = 168, SUM = 14170637.9999998, bChange = 0.0530818, totNum = 11305
ROUND = 169, SUM = 14170637.9999996, bChange = 0.0530853, totNum = 11202
ROUND = 170, SUM = 14170637.9999997, bChange = 0.0489196, totNum = 11090
ROUND = 171, SUM = 14170637.9999998, bChange = 0.0489207, totNum = 10990
ROUND = 172, SUM = 14170637.9999998, bChange = 0.0407663, totNum = 10891
ROUND = 173, SUM = 14170637.9999998, bChange = 0.0402963, totNum = 10791
ROUND = 174, SUM = 14170637.9999998, bChange = 0.0403253, totNum = 10686
ROUND = 175, SUM = 14170637.9999997, bChange = 0.0403537, totNum = 10604
ROUND = 176, SUM = 14170637.9999998, bChange = 0.0403818, totNum = 10512
ROUND = 177, SUM = 14170637.9999998, bChange = 0.0404095, totNum = 10424
ROUND = 178, SUM = 14170637.9999997, bChange = 0.0404368, totNum = 10324
ROUND = 179, SUM = 14170637.9999998, bChange = 0.0404638, totNum = 10243
ROUND = 180, SUM = 14170637.9999998, bChange = 0.0404903, totNum = 10137
ROUND = 181, SUM = 14170637.9999997, bChange = 0.0405165, totNum = 10044
ROUND = 182, SUM = 14170637.9999998, bChange = 0.0405423, totNum = 9970
ROUND = 183, SUM = 14170637.9999998, bChange = 0.0405678, totNum = 9885
ROUND = 184, SUM = 14170637.9999999, bChange = 0.0405929, totNum = 9812
ROUND = 185, SUM = 14170637.9999998, bChange = 0.0406176, totNum = 9706
ROUND = 186, SUM = 14170637.9999997, bChange = 0.040642, totNum = 9619
ROUND = 187, SUM = 14170637.9999998, bChange = 0.0406661, totNum = 9543
ROUND = 188, SUM = 14170637.9999999, bChange = 0.0406898, totNum = 9457
ROUND = 189, SUM = 14170637.9999998, bChange = 0.0407133, totNum = 9378
ROUND = 190, SUM = 14170637.9999998, bChange = 0.0407364, totNum = 9296
ROUND = 191, SUM = 14170637.9999997, bChange = 0.0407592, totNum = 9210
ROUND = 192, SUM = 14170637.9999998, bChange = 0.0407816, totNum = 9141
ROUND = 193, SUM = 14170637.9999998, bChange = 0.0408038, totNum = 9076
ROUND = 194, SUM = 14170637.9999997, bChange = 0.0408257, totNum = 8985
ROUND = 195, SUM = 14170637.9999998, bChange = 0.0408473, totNum = 8898
ROUND = 196, SUM = 14170637.9999998, bChange = 0.0408686, totNum = 8821
ROUND = 197, SUM = 14170637.9999998, bChange = 0.0408896, totNum = 8734
ROUND = 198, SUM = 14170637.9999998, bChange = 0.0401914, totNum = 8680
ROUND = 199, SUM = 14170637.9999998, bChange = 0.0402196, totNum = 8622
ROUND = 200, SUM = 14170637.9999998, bChange = 0.0402474, totNum = 8561
ROUND = 201, SUM = 14170637.9999997, bChange = 0.0402748, totNum = 8501
ROUND = 202, SUM = 14170637.9999998, bChange = 0.0403019, totNum = 8429
ROUND = 203, SUM = 14170637.9999999, bChange = 0.0403286, totNum = 8364
ROUND = 204, SUM = 14170637.9999998, bChange = 0.0403549, totNum = 8297
ROUND = 205, SUM = 14170637.9999997, bChange = 0.0403809, totNum = 8229
ROUND = 206, SUM = 14170637.9999999, bChange = 0.0404066, totNum = 8172
ROUND = 207, SUM = 14170637.9999998, bChange = 0.0404319, totNum = 8114
ROUND = 208, SUM = 14170637.9999998, bChange = 0.0404569, totNum = 8053
ROUND = 209, SUM = 14170637.9999999, bChange = 0.0404815, totNum = 7976
ROUND = 210, SUM = 14170637.9999999, bChange = 0.0386092, totNum = 7914
ROUND = 211, SUM = 14170637.9999998, bChange = 0.0386107, totNum = 7864
ROUND = 212, SUM = 14170637.9999999, bChange = 0.0386121, totNum = 7801
ROUND = 213, SUM = 14170637.9999998, bChange = 0.0386134, totNum = 7743
ROUND = 214, SUM = 14170637.9999998, bChange = 0.0386148, totNum = 7680
ROUND = 215, SUM = 14170637.9999997, bChange = 0.0386161, totNum = 7622
ROUND = 216, SUM = 14170637.9999998, bChange = 0.0386173, totNum = 7545
ROUND = 217, SUM = 14170637.9999998, bChange = 0.0386186, totNum = 7489
ROUND = 218, SUM = 14170637.9999999, bChange = 0.036525, totNum = 7428
ROUND = 219, SUM = 14170637.9999998, bChange = 0.036525, totNum = 7371
ROUND = 220, SUM = 14170637.9999998, bChange = 0.036525, totNum = 7321
ROUND = 221, SUM = 14170637.9999998, bChange = 0.036525, totNum = 7264
ROUND = 222, SUM = 14170637.9999999, bChange = 0.036525, totNum = 7207
ROUND = 223, SUM = 14170637.9999999, bChange = 0.036525, totNum = 7155
ROUND = 224, SUM = 14170637.9999999, bChange = 0.036525, totNum = 7109
ROUND = 225, SUM = 14170637.9999997, bChange = 0.0365251, totNum = 7049
ROUND = 226, SUM = 14170637.9999998, bChange = 0.0365251, totNum = 7002
ROUND = 227, SUM = 14170637.9999999, bChange = 0.0365251, totNum = 6958
ROUND = 228, SUM = 14170638, bChange = 0.0365251, totNum = 6903
ROUND = 229, SUM = 14170637.9999999, bChange = 0.0365251, totNum = 6846
ROUND = 230, SUM = 14170637.9999999, bChange = 0.0365251, totNum = 6799
ROUND = 231, SUM = 14170637.9999997, bChange = 0.0365252, totNum = 6735
ROUND = 232, SUM = 14170637.9999999, bChange = 0.0365252, totNum = 6683
ROUND = 233, SUM = 14170637.9999998, bChange = 0.0365252, totNum = 6627
ROUND = 234, SUM = 14170637.9999998, bChange = 0.0365252, totNum = 6585
ROUND = 235, SUM = 14170637.9999998, bChange = 0.0365252, totNum = 6536
ROUND = 236, SUM = 14170637.9999999, bChange = 0.0365252, totNum = 6488
ROUND = 237, SUM = 14170637.9999998, bChange = 0.0365253, totNum = 6441
ROUND = 238, SUM = 14170637.9999998, bChange = 0.0365253, totNum = 6387
ROUND = 239, SUM = 14170637.9999999, bChange = 0.0365253, totNum = 6339
ROUND = 240, SUM = 14170637.9999998, bChange = 0.0365253, totNum = 6283
ROUND = 241, SUM = 14170637.9999998, bChange = 0.0365253, totNum = 6241
ROUND = 242, SUM = 14170637.9999998, bChange = 0.0365253, totNum = 6195
ROUND = 243, SUM = 14170637.9999999, bChange = 0.0365254, totNum = 6156
ROUND = 244, SUM = 14170637.9999999, bChange = 0.0365254, totNum = 6112
ROUND = 245, SUM = 14170637.9999999, bChange = 0.0365254, totNum = 6063
ROUND = 246, SUM = 14170637.9999997, bChange = 0.0365254, totNum = 6006
ROUND = 247, SUM = 14170637.9999999, bChange = 0.0365254, totNum = 5974
ROUND = 248, SUM = 14170637.9999999, bChange = 0.0365254, totNum = 5920
ROUND = 249, SUM = 14170637.9999998, bChange = 0.0365255, totNum = 5882
ROUND = 250, SUM = 14170637.9999998, bChange = 0.0365255, totNum = 5858
ROUND = 251, SUM = 14170637.9999997, bChange = 0.0365255, totNum = 5827
ROUND = 252, SUM = 14170637.9999999, bChange = 0.0365255, totNum = 5791
ROUND = 253, SUM = 14170637.9999998, bChange = 0.0365255, totNum = 5748
ROUND = 254, SUM = 14170637.9999998, bChange = 0.0365256, totNum = 5714
ROUND = 255, SUM = 14170637.9999998, bChange = 0.0365256, totNum = 5681
ROUND = 256, SUM = 14170637.9999999, bChange = 0.0365256, totNum = 5641
ROUND = 257, SUM = 14170637.9999998, bChange = 0.0309386, totNum = 5596
ROUND = 258, SUM = 14170637.9999998, bChange = 0.0309389, totNum = 5557
ROUND = 259, SUM = 14170637.9999998, bChange = 0.0309391, totNum = 5511
ROUND = 260, SUM = 14170637.9999998, bChange = 0.0309393, totNum = 5472
ROUND = 261, SUM = 14170637.9999998, bChange = 0.0309395, totNum = 5441
ROUND = 262, SUM = 14170637.9999997, bChange = 0.0309397, totNum = 5406
ROUND = 263, SUM = 14170637.9999999, bChange = 0.0309399, totNum = 5353
ROUND = 264, SUM = 14170637.9999998, bChange = 0.0309401, totNum = 5301
ROUND = 265, SUM = 14170637.9999999, bChange = 0.0309403, totNum = 5269
ROUND = 266, SUM = 14170637.9999998, bChange = 0.0309405, totNum = 5232
ROUND = 267, SUM = 14170637.9999999, bChange = 0.0309406, totNum = 5199
ROUND = 268, SUM = 14170637.9999998, bChange = 0.028036, totNum = 5172
ROUND = 269, SUM = 14170637.9999998, bChange = 0.026548, totNum = 5144
ROUND = 270, SUM = 14170637.9999998, bChange = 0.0265482, totNum = 5102
ROUND = 271, SUM = 14170637.9999998, bChange = 0.0265483, totNum = 5069
ROUND = 272, SUM = 14170637.9999998, bChange = 0.0265484, totNum = 5041
ROUND = 273, SUM = 14170637.9999997, bChange = 0.0265486, totNum = 5009
ROUND = 274, SUM = 14170637.9999998, bChange = 0.0265487, totNum = 4976
ROUND = 275, SUM = 14170637.9999998, bChange = 0.0265488, totNum = 4945
ROUND = 276, SUM = 14170637.9999998, bChange = 0.0265489, totNum = 4912
ROUND = 277, SUM = 14170637.9999999, bChange = 0.026549, totNum = 4877
ROUND = 278, SUM = 14170637.9999999, bChange = 0.0261858, totNum = 4840
ROUND = 279, SUM = 14170637.9999998, bChange = 0.0261858, totNum = 4806
ROUND = 280, SUM = 14170637.9999998, bChange = 0.0261858, totNum = 4773
ROUND = 281, SUM = 14170637.9999998, bChange = 0.0261858, totNum = 4738
ROUND = 282, SUM = 14170637.9999998, bChange = 0.0261857, totNum = 4713
ROUND = 283, SUM = 14170637.9999998, bChange = 0.0261857, totNum = 4679
ROUND = 284, SUM = 14170637.9999998, bChange = 0.0261857, totNum = 4656
ROUND = 285, SUM = 14170637.9999999, bChange = 0.0261857, totNum = 4623
ROUND = 286, SUM = 14170637.9999998, bChange = 0.0261857, totNum = 4599
ROUND = 287, SUM = 14170637.9999998, bChange = 0.0261856, totNum = 4573
ROUND = 288, SUM = 14170637.9999999, bChange = 0.0261856, totNum = 4541
ROUND = 289, SUM = 14170637.9999998, bChange = 0.0261856, totNum = 4518
ROUND = 290, SUM = 14170637.9999998, bChange = 0.0261856, totNum = 4497
ROUND = 291, SUM = 14170637.9999998, bChange = 0.0261856, totNum = 4466
ROUND = 292, SUM = 14170637.9999999, bChange = 0.0261855, totNum = 4447
ROUND = 293, SUM = 14170637.9999998, bChange = 0.0261855, totNum = 4425
ROUND = 294, SUM = 14170637.9999998, bChange = 0.0261855, totNum = 4402
ROUND = 295, SUM = 14170637.9999998, bChange = 0.0261855, totNum = 4378
ROUND = 296, SUM = 14170637.9999999, bChange = 0.0261855, totNum = 4350
ROUND = 297, SUM = 14170637.9999998, bChange = 0.0261854, totNum = 4327
ROUND = 298, SUM = 14170637.9999999, bChange = 0.0261854, totNum = 4301
ROUND = 299, SUM = 14170637.9999999, bChange = 0.0261854, totNum = 4275
ROUND = 300, SUM = 14170637.9999998, bChange = 0.0261854, totNum = 4245
ROUND = 301, SUM = 14170637.9999999, bChange = 0.0259899, totNum = 4220
ROUND = 302, SUM = 14170637.9999998, bChange = 0.0259878, totNum = 4198
ROUND = 303, SUM = 14170637.9999999, bChange = 0.0259856, totNum = 4166
ROUND = 304, SUM = 14170637.9999999, bChange = 0.0259834, totNum = 4136
ROUND = 305, SUM = 14170637.9999998, bChange = 0.0259812, totNum = 4111
ROUND = 306, SUM = 14170637.9999998, bChange = 0.0259789, totNum = 4086
ROUND = 307, SUM = 14170637.9999998, bChange = 0.0259767, totNum = 4067
ROUND = 308, SUM = 14170637.9999998, bChange = 0.0259743, totNum = 4043
ROUND = 309, SUM = 14170637.9999998, bChange = 0.0249748, totNum = 4011
ROUND = 310, SUM = 14170637.9999998, bChange = 0.0249755, totNum = 4000
ROUND = 311, SUM = 14170637.9999999, bChange = 0.0223931, totNum = 3988
ROUND = 312, SUM = 14170637.9999999, bChange = 0.0223931, totNum = 3960
ROUND = 313, SUM = 14170637.9999999, bChange = 0.0223931, totNum = 3941
ROUND = 314, SUM = 14170637.9999999, bChange = 0.0223932, totNum = 3921
ROUND = 315, SUM = 14170637.9999998, bChange = 0.0223932, totNum = 3904
ROUND = 316, SUM = 14170637.9999999, bChange = 0.0223932, totNum = 3886
ROUND = 317, SUM = 14170637.9999998, bChange = 0.0223932, totNum = 3870
ROUND = 318, SUM = 14170637.9999998, bChange = 0.0223932, totNum = 3848
ROUND = 319, SUM = 14170638, bChange = 0.0223932, totNum = 3831
ROUND = 320, SUM = 14170637.9999998, bChange = 0.0223933, totNum = 3812
ROUND = 321, SUM = 14170637.9999999, bChange = 0.0223933, totNum = 3791
ROUND = 322, SUM = 14170637.9999999, bChange = 0.0223933, totNum = 3770
ROUND = 323, SUM = 14170637.9999998, bChange = 0.0223933, totNum = 3763
ROUND = 324, SUM = 14170637.9999998, bChange = 0.0223934, totNum = 3745
ROUND = 325, SUM = 14170638, bChange = 0.0223934, totNum = 3730
ROUND = 326, SUM = 14170637.9999998, bChange = 0.0223934, totNum = 3703
ROUND = 327, SUM = 14170637.9999999, bChange = 0.0223934, totNum = 3681
ROUND = 328, SUM = 14170637.9999999, bChange = 0.0223935, totNum = 3665
ROUND = 329, SUM = 14170637.9999999, bChange = 0.0223935, totNum = 3649
ROUND = 330, SUM = 14170637.9999998, bChange = 0.0223935, totNum = 3640
ROUND = 331, SUM = 14170637.9999999, bChange = 0.0223936, totNum = 3624
ROUND = 332, SUM = 14170637.9999999, bChange = 0.0223936, totNum = 3597
ROUND = 333, SUM = 14170637.9999998, bChange = 0.0223937, totNum = 3580
ROUND = 334, SUM = 14170637.9999998, bChange = 0.0223937, totNum = 3565
ROUND = 335, SUM = 14170637.9999999, bChange = 0.0223937, totNum = 3546
ROUND = 336, SUM = 14170637.9999998, bChange = 0.0223938, totNum = 3528
ROUND = 337, SUM = 14170637.9999998, bChange = 0.0223938, totNum = 3521
ROUND = 338, SUM = 14170637.9999998, bChange = 0.0223939, totNum = 3497
ROUND = 339, SUM = 14170637.9999999, bChange = 0.0223939, totNum = 3479
ROUND = 340, SUM = 14170637.9999999, bChange = 0.0223939, totNum = 3466
ROUND = 341, SUM = 14170637.9999999, bChange = 0.022394, totNum = 3447
ROUND = 342, SUM = 14170637.9999999, bChange = 0.022394, totNum = 3427
ROUND = 343, SUM = 14170637.9999998, bChange = 0.0223941, totNum = 3413
ROUND = 344, SUM = 14170637.9999999, bChange = 0.0223941, totNum = 3392
ROUND = 345, SUM = 14170637.9999998, bChange = 0.0223942, totNum = 3377
ROUND = 346, SUM = 14170637.9999997, bChange = 0.0223942, totNum = 3363
ROUND = 347, SUM = 14170637.9999999, bChange = 0.0223943, totNum = 3352
ROUND = 348, SUM = 14170637.9999998, bChange = 0.0223943, totNum = 3337
ROUND = 349, SUM = 14170637.9999999, bChange = 0.0223944, totNum = 3325
ROUND = 350, SUM = 14170638, bChange = 0.0223944, totNum = 3316
ROUND = 351, SUM = 14170637.9999999, bChange = 0.0223945, totNum = 3306
ROUND = 352, SUM = 14170637.9999998, bChange = 0.0223945, totNum = 3288
ROUND = 353, SUM = 14170637.9999998, bChange = 0.0223946, totNum = 3279
ROUND = 354, SUM = 14170637.9999999, bChange = 0.0223946, totNum = 3262
ROUND = 355, SUM = 14170637.9999999, bChange = 0.0223947, totNum = 3244
ROUND = 356, SUM = 14170637.9999998, bChange = 0.0223947, totNum = 3229
ROUND = 357, SUM = 14170637.9999999, bChange = 0.0223948, totNum = 3215
ROUND = 358, SUM = 14170637.9999999, bChange = 0.0223948, totNum = 3202
ROUND = 359, SUM = 14170637.9999999, bChange = 0.0215513, totNum = 3186
ROUND = 360, SUM = 14170637.9999999, bChange = 0.0215515, totNum = 3176
ROUND = 361, SUM = 14170637.9999999, bChange = 0.0215517, totNum = 3170
ROUND = 362, SUM = 14170637.9999999, bChange = 0.0215519, totNum = 3149
ROUND = 363, SUM = 14170637.9999999, bChange = 0.0215521, totNum = 3135
ROUND = 364, SUM = 14170637.9999998, bChange = 0.0215523, totNum = 3120
ROUND = 365, SUM = 14170637.9999998, bChange = 0.0215525, totNum = 3101
ROUND = 366, SUM = 14170637.9999999, bChange = 0.0215527, totNum = 3087
ROUND = 367, SUM = 14170637.9999998, bChange = 0.0215529, totNum = 3079
ROUND = 368, SUM = 14170637.9999998, bChange = 0.0215531, totNum = 3066
ROUND = 369, SUM = 14170637.9999999, bChange = 0.0215532, totNum = 3056
ROUND = 370, SUM = 14170637.9999999, bChange = 0.0215534, totNum = 3048
ROUND = 371, SUM = 14170637.9999998, bChange = 0.0215536, totNum = 3035
ROUND = 372, SUM = 14170637.9999998, bChange = 0.0215538, totNum = 3022
ROUND = 373, SUM = 14170637.9999999, bChange = 0.0215539, totNum = 3012
ROUND = 374, SUM = 14170637.9999998, bChange = 0.0215541, totNum = 3000
ROUND = 375, SUM = 14170637.9999999, bChange = 0.0215543, totNum = 2990
ROUND = 376, SUM = 14170637.9999999, bChange = 0.0215544, totNum = 2975
ROUND = 377, SUM = 14170638, bChange = 0.0215546, totNum = 2963
ROUND = 378, SUM = 14170637.9999999, bChange = 0.0215548, totNum = 2949
ROUND = 379, SUM = 14170637.9999998, bChange = 0.0215549, totNum = 2931
ROUND = 380, SUM = 14170637.9999998, bChange = 0.0215551, totNum = 2914
ROUND = 381, SUM = 14170637.9999998, bChange = 0.0215552, totNum = 2906
ROUND = 382, SUM = 14170637.9999999, bChange = 0.0215554, totNum = 2884
ROUND = 383, SUM = 14170637.9999999, bChange = 0.0215555, totNum = 2876
ROUND = 384, SUM = 14170638, bChange = 0.0215557, totNum = 2868
ROUND = 385, SUM = 14170637.9999999, bChange = 0.0189401, totNum = 2855
ROUND = 386, SUM = 14170637.9999999, bChange = 0.0189405, totNum = 2844
ROUND = 387, SUM = 14170637.9999999, bChange = 0.018941, totNum = 2838
ROUND = 388, SUM = 14170637.9999999, bChange = 0.0189414, totNum = 2831
ROUND = 389, SUM = 14170637.9999999, bChange = 0.0189418, totNum = 2825
ROUND = 390, SUM = 14170637.9999998, bChange = 0.0189422, totNum = 2813
ROUND = 391, SUM = 14170637.9999999, bChange = 0.0184789, totNum = 2801
ROUND = 392, SUM = 14170637.9999999, bChange = 0.0184811, totNum = 2785
ROUND = 393, SUM = 14170637.9999999, bChange = 0.0184832, totNum = 2779
ROUND = 394, SUM = 14170637.9999998, bChange = 0.0184853, totNum = 2770
ROUND = 395, SUM = 14170637.9999999, bChange = 0.0184874, totNum = 2760
ROUND = 396, SUM = 14170637.9999999, bChange = 0.0184895, totNum = 2749
ROUND = 397, SUM = 14170637.9999999, bChange = 0.0184916, totNum = 2737
ROUND = 398, SUM = 14170637.9999999, bChange = 0.0184936, totNum = 2728
ROUND = 399, SUM = 14170637.9999999, bChange = 0.0184957, totNum = 2723
ROUND = 400, SUM = 14170638, bChange = 0.0184977, totNum = 2708
ROUND = 401, SUM = 14170637.9999998, bChange = 0.0184997, totNum = 2696
ROUND = 402, SUM = 14170637.9999999, bChange = 0.0185018, totNum = 2680
ROUND = 403, SUM = 14170637.9999999, bChange = 0.0185038, totNum = 2669
ROUND = 404, SUM = 14170637.9999999, bChange = 0.0185058, totNum = 2658
ROUND = 405, SUM = 14170638, bChange = 0.0185077, totNum = 2654
ROUND = 406, SUM = 14170637.9999999, bChange = 0.0185097, totNum = 2649
ROUND = 407, SUM = 14170637.9999999, bChange = 0.0185117, totNum = 2638
ROUND = 408, SUM = 14170637.9999998, bChange = 0.0185136, totNum = 2631
ROUND = 409, SUM = 14170637.9999999, bChange = 0.0185155, totNum = 2626
ROUND = 410, SUM = 14170637.9999998, bChange = 0.0185174, totNum = 2616
ROUND = 411, SUM = 14170637.9999999, bChange = 0.0185194, totNum = 2606
ROUND = 412, SUM = 14170637.9999999, bChange = 0.0185213, totNum = 2597
ROUND = 413, SUM = 14170637.9999999, bChange = 0.0156637, totNum = 2588
ROUND = 414, SUM = 14170637.9999998, bChange = 0.015664, totNum = 2576
ROUND = 415, SUM = 14170637.9999999, bChange = 0.0156643, totNum = 2567
ROUND = 416, SUM = 14170637.9999999, bChange = 0.0156646, totNum = 2557
ROUND = 417, SUM = 14170637.9999999, bChange = 0.0156649, totNum = 2545
ROUND = 418, SUM = 14170637.9999999, bChange = 0.0156652, totNum = 2540
ROUND = 419, SUM = 14170637.9999999, bChange = 0.0156654, totNum = 2533
ROUND = 420, SUM = 14170638, bChange = 0.0156657, totNum = 2523
ROUND = 421, SUM = 14170637.9999999, bChange = 0.015666, totNum = 2518
ROUND = 422, SUM = 14170637.9999999, bChange = 0.0156663, totNum = 2505
ROUND = 423, SUM = 14170637.9999999, bChange = 0.0156665, totNum = 2494
ROUND = 424, SUM = 14170637.9999999, bChange = 0.0156668, totNum = 2484
ROUND = 425, SUM = 14170637.9999999, bChange = 0.0156671, totNum = 2473
ROUND = 426, SUM = 14170638, bChange = 0.0156673, totNum = 2460
ROUND = 427, SUM = 14170638, bChange = 0.0156676, totNum = 2452
ROUND = 428, SUM = 14170637.9999998, bChange = 0.0156678, totNum = 2441
ROUND = 429, SUM = 14170637.9999999, bChange = 0.0156681, totNum = 2437
ROUND = 430, SUM = 14170637.9999999, bChange = 0.0156683, totNum = 2430
ROUND = 431, SUM = 14170638, bChange = 0.0156685, totNum = 2417
ROUND = 432, SUM = 14170637.9999999, bChange = 0.0156688, totNum = 2406
ROUND = 433, SUM = 14170637.9999999, bChange = 0.015669, totNum = 2396
ROUND = 434, SUM = 14170637.9999999, bChange = 0.0156692, totNum = 2390
ROUND = 435, SUM = 14170637.9999998, bChange = 0.0156695, totNum = 2380
ROUND = 436, SUM = 14170637.9999998, bChange = 0.0156697, totNum = 2370
ROUND = 437, SUM = 14170637.9999999, bChange = 0.0156699, totNum = 2358
ROUND = 438, SUM = 14170637.9999999, bChange = 0.0156701, totNum = 2353
ROUND = 439, SUM = 14170637.9999999, bChange = 0.0156703, totNum = 2342
ROUND = 440, SUM = 14170637.9999999, bChange = 0.0156705, totNum = 2332
ROUND = 441, SUM = 14170637.9999999, bChange = 0.0156707, totNum = 2324
ROUND = 442, SUM = 14170637.9999999, bChange = 0.0156709, totNum = 2314
ROUND = 443, SUM = 14170638, bChange = 0.0156711, totNum = 2309
ROUND = 444, SUM = 14170637.9999999, bChange = 0.0156713, totNum = 2300
ROUND = 445, SUM = 14170637.9999999, bChange = 0.0156715, totNum = 2295
ROUND = 446, SUM = 14170637.9999999, bChange = 0.0156717, totNum = 2285
ROUND = 447, SUM = 14170637.9999998, bChange = 0.0156719, totNum = 2274
ROUND = 448, SUM = 14170637.9999999, bChange = 0.015672, totNum = 2266
ROUND = 449, SUM = 14170637.9999999, bChange = 0.0156722, totNum = 2259
ROUND = 450, SUM = 14170637.9999998, bChange = 0.0156724, totNum = 2249
ROUND = 451, SUM = 14170637.9999999, bChange = 0.0156726, totNum = 2234
ROUND = 452, SUM = 14170638, bChange = 0.0156727, totNum = 2227
ROUND = 453, SUM = 14170638, bChange = 0.0156729, totNum = 2217
ROUND = 454, SUM = 14170637.9999999, bChange = 0.0156731, totNum = 2210
ROUND = 455, SUM = 14170637.9999999, bChange = 0.0156732, totNum = 2199
ROUND = 456, SUM = 14170637.9999999, bChange = 0.0156734, totNum = 2194
ROUND = 457, SUM = 14170637.9999998, bChange = 0.0156736, totNum = 2188
ROUND = 458, SUM = 14170637.9999999, bChange = 0.0156737, totNum = 2183
ROUND = 459, SUM = 14170637.9999999, bChange = 0.0156739, totNum = 2168
ROUND = 460, SUM = 14170637.9999999, bChange = 0.015674, totNum = 2158
ROUND = 461, SUM = 14170637.9999999, bChange = 0.0156742, totNum = 2147
ROUND = 462, SUM = 14170637.9999999, bChange = 0.0156743, totNum = 2137
ROUND = 463, SUM = 14170637.9999999, bChange = 0.0156744, totNum = 2130
ROUND = 464, SUM = 14170637.9999999, bChange = 0.0156746, totNum = 2124
ROUND = 465, SUM = 14170637.9999999, bChange = 0.0156747, totNum = 2122
ROUND = 466, SUM = 14170637.9999999, bChange = 0.0156749, totNum = 2116
ROUND = 467, SUM = 14170637.9999999, bChange = 0.015675, totNum = 2109
ROUND = 468, SUM = 14170637.9999999, bChange = 0.0156751, totNum = 2103
ROUND = 469, SUM = 14170637.9999999, bChange = 0.0156753, totNum = 2097
ROUND = 470, SUM = 14170637.9999999, bChange = 0.0156754, totNum = 2090
ROUND = 471, SUM = 14170638, bChange = 0.0156755, totNum = 2079
ROUND = 472, SUM = 14170637.9999999, bChange = 0.0156756, totNum = 2076
ROUND = 473, SUM = 14170638, bChange = 0.0156758, totNum = 2065
ROUND = 474, SUM = 14170637.9999999, bChange = 0.0156759, totNum = 2059
ROUND = 475, SUM = 14170637.9999999, bChange = 0.015676, totNum = 2053
ROUND = 476, SUM = 14170637.9999999, bChange = 0.0156761, totNum = 2047
ROUND = 477, SUM = 14170638, bChange = 0.0156762, totNum = 2033
ROUND = 478, SUM = 14170638, bChange = 0.0156763, totNum = 2023
ROUND = 479, SUM = 14170638, bChange = 0.0156765, totNum = 2015
ROUND = 480, SUM = 14170637.9999999, bChange = 0.0156766, totNum = 2007
ROUND = 481, SUM = 14170638, bChange = 0.0156767, totNum = 2002
ROUND = 482, SUM = 14170637.9999999, bChange = 0.0156768, totNum = 1998
ROUND = 483, SUM = 14170637.9999999, bChange = 0.0156769, totNum = 1992
ROUND = 484, SUM = 14170637.9999999, bChange = 0.015677, totNum = 1989
ROUND = 485, SUM = 14170637.9999999, bChange = 0.0156771, totNum = 1979
ROUND = 486, SUM = 14170637.9999999, bChange = 0.0129673, totNum = 1974
ROUND = 487, SUM = 14170637.9999999, bChange = 0.0129672, totNum = 1967
ROUND = 488, SUM = 14170638, bChange = 0.0129672, totNum = 1964
ROUND = 489, SUM = 14170637.9999999, bChange = 0.0129671, totNum = 1955
ROUND = 490, SUM = 14170637.9999999, bChange = 0.012967, totNum = 1951
ROUND = 491, SUM = 14170637.9999999, bChange = 0.012967, totNum = 1950
ROUND = 492, SUM = 14170637.9999999, bChange = 0.0129669, totNum = 1943
ROUND = 493, SUM = 14170637.9999999, bChange = 0.0129668, totNum = 1936
ROUND = 494, SUM = 14170637.9999999, bChange = 0.0129667, totNum = 1927
ROUND = 495, SUM = 14170638, bChange = 0.0129667, totNum = 1921
ROUND = 496, SUM = 14170638.0000001, bChange = 0.0129666, totNum = 1913
ROUND = 497, SUM = 14170637.9999999, bChange = 0.0129665, totNum = 1904
ROUND = 498, SUM = 14170637.9999999, bChange = 0.0129665, totNum = 1897
ROUND = 499, SUM = 14170638, bChange = 0.0129664, totNum = 1890
ROUND = 500, SUM = 14170638, bChange = 0.0129663, totNum = 1882
ROUND = 501, SUM = 14170637.9999999, bChange = 0.0129663, totNum = 1874
ROUND = 502, SUM = 14170637.9999999, bChange = 0.0129662, totNum = 1871
ROUND = 503, SUM = 14170637.9999999, bChange = 0.0129662, totNum = 1865
ROUND = 504, SUM = 14170637.9999999, bChange = 0.0129661, totNum = 1860
ROUND = 505, SUM = 14170637.9999998, bChange = 0.012966, totNum = 1852
ROUND = 506, SUM = 14170638, bChange = 0.012966, totNum = 1846
ROUND = 507, SUM = 14170637.9999999, bChange = 0.0129659, totNum = 1839
ROUND = 508, SUM = 14170637.9999999, bChange = 0.0124713, totNum = 1836
ROUND = 509, SUM = 14170638, bChange = 0.0124904, totNum = 1826
ROUND = 510, SUM = 14170637.9999999, bChange = 0.0125095, totNum = 1821
ROUND = 511, SUM = 14170637.9999999, bChange = 0.0125285, totNum = 1815
ROUND = 512, SUM = 14170637.9999999, bChange = 0.0125475, totNum = 1807
ROUND = 513, SUM = 14170637.9999999, bChange = 0.0125665, totNum = 1796
ROUND = 514, SUM = 14170637.9999999, bChange = 0.0125853, totNum = 1787
ROUND = 515, SUM = 14170637.9999998, bChange = 0.0126042, totNum = 1784
ROUND = 516, SUM = 14170637.9999999, bChange = 0.012623, totNum = 1781
ROUND = 517, SUM = 14170637.9999999, bChange = 0.0126417, totNum = 1776
ROUND = 518, SUM = 14170637.9999999, bChange = 0.0126604, totNum = 1771
ROUND = 519, SUM = 14170637.9999999, bChange = 0.012679, totNum = 1765
ROUND = 520, SUM = 14170638, bChange = 0.0126976, totNum = 1759
ROUND = 521, SUM = 14170637.9999999, bChange = 0.0127161, totNum = 1755
ROUND = 522, SUM = 14170638, bChange = 0.0127346, totNum = 1752
ROUND = 523, SUM = 14170637.9999999, bChange = 0.012753, totNum = 1751
ROUND = 524, SUM = 14170637.9999999, bChange = 0.0127714, totNum = 1747
ROUND = 525, SUM = 14170637.9999999, bChange = 0.0127898, totNum = 1742
ROUND = 526, SUM = 14170638, bChange = 0.012808, totNum = 1737
ROUND = 527, SUM = 14170638, bChange = 0.0128263, totNum = 1732
ROUND = 528, SUM = 14170637.9999999, bChange = 0.0128444, totNum = 1724
ROUND = 529, SUM = 14170637.9999999, bChange = 0.0128626, totNum = 1723
ROUND = 530, SUM = 14170637.9999999, bChange = 0.0128806, totNum = 1714
ROUND = 531, SUM = 14170637.9999998, bChange = 0.0128987, totNum = 1706
ROUND = 532, SUM = 14170637.9999999, bChange = 0.0129166, totNum = 1702
ROUND = 533, SUM = 14170637.9999999, bChange = 0.0129346, totNum = 1699
ROUND = 534, SUM = 14170638, bChange = 0.0129525, totNum = 1695
ROUND = 535, SUM = 14170637.9999999, bChange = 0.0129703, totNum = 1692
ROUND = 536, SUM = 14170637.9999999, bChange = 0.0129881, totNum = 1690
ROUND = 537, SUM = 14170637.9999999, bChange = 0.0130058, totNum = 1683
ROUND = 538, SUM = 14170637.9999999, bChange = 0.0130234, totNum = 1675
ROUND = 539, SUM = 14170637.9999999, bChange = 0.0130411, totNum = 1669
ROUND = 540, SUM = 14170637.9999999, bChange = 0.0130586, totNum = 1664
ROUND = 541, SUM = 14170638, bChange = 0.0130762, totNum = 1656
ROUND = 542, SUM = 14170637.9999999, bChange = 0.0121165, totNum = 1645
ROUND = 543, SUM = 14170637.9999999, bChange = 0.0121166, totNum = 1643
ROUND = 544, SUM = 14170637.9999999, bChange = 0.0121166, totNum = 1642
ROUND = 545, SUM = 14170637.9999999, bChange = 0.0121167, totNum = 1637
ROUND = 546, SUM = 14170637.9999998, bChange = 0.0121167, totNum = 1632
ROUND = 547, SUM = 14170637.9999999, bChange = 0.0121168, totNum = 1624
ROUND = 548, SUM = 14170637.9999999, bChange = 0.0121168, totNum = 1617
ROUND = 549, SUM = 14170637.9999999, bChange = 0.0121169, totNum = 1614
ROUND = 550, SUM = 14170637.9999999, bChange = 0.0121169, totNum = 1607
ROUND = 551, SUM = 14170637.9999999, bChange = 0.012117, totNum = 1601
ROUND = 552, SUM = 14170637.9999999, bChange = 0.012117, totNum = 1593
ROUND = 553, SUM = 14170637.9999999, bChange = 0.011939, totNum = 1587
ROUND = 554, SUM = 14170637.9999999, bChange = 0.0119432, totNum = 1583
ROUND = 555, SUM = 14170638, bChange = 0.0119475, totNum = 1577
ROUND = 556, SUM = 14170637.9999999, bChange = 0.0119517, totNum = 1569
ROUND = 557, SUM = 14170637.9999998, bChange = 0.0119559, totNum = 1564
ROUND = 558, SUM = 14170637.9999999, bChange = 0.0119601, totNum = 1559
ROUND = 559, SUM = 14170637.9999999, bChange = 0.0119642, totNum = 1552
ROUND = 560, SUM = 14170637.9999999, bChange = 0.0119684, totNum = 1549
ROUND = 561, SUM = 14170637.9999999, bChange = 0.0119726, totNum = 1540
ROUND = 562, SUM = 14170637.9999999, bChange = 0.0119767, totNum = 1538
ROUND = 563, SUM = 14170637.9999999, bChange = 0.0119808, totNum = 1532
ROUND = 564, SUM = 14170637.9999999, bChange = 0.0119849, totNum = 1529
ROUND = 565, SUM = 14170637.9999999, bChange = 0.011989, totNum = 1525
ROUND = 566, SUM = 14170637.9999999, bChange = 0.0119931, totNum = 1522
ROUND = 567, SUM = 14170638, bChange = 0.0119972, totNum = 1520
ROUND = 568, SUM = 14170637.9999999, bChange = 0.0120013, totNum = 1514
ROUND = 569, SUM = 14170637.9999999, bChange = 0.0120053, totNum = 1508
ROUND = 570, SUM = 14170638, bChange = 0.0120093, totNum = 1503
ROUND = 571, SUM = 14170637.9999999, bChange = 0.0120134, totNum = 1501
ROUND = 572, SUM = 14170637.9999999, bChange = 0.0120174, totNum = 1498
ROUND = 573, SUM = 14170637.9999999, bChange = 0.0120214, totNum = 1494
ROUND = 574, SUM = 14170637.9999999, bChange = 0.0120254, totNum = 1489
ROUND = 575, SUM = 14170637.9999999, bChange = 0.0120293, totNum = 1482
ROUND = 576, SUM = 14170638, bChange = 0.0120333, totNum = 1479
ROUND = 577, SUM = 14170638, bChange = 0.0120372, totNum = 1477
ROUND = 578, SUM = 14170637.9999999, bChange = 0.0120412, totNum = 1471
ROUND = 579, SUM = 14170637.9999999, bChange = 0.0120451, totNum = 1466
ROUND = 580, SUM = 14170638, bChange = 0.012049, totNum = 1463
ROUND = 581, SUM = 14170637.9999999, bChange = 0.0120529, totNum = 1459
ROUND = 582, SUM = 14170637.9999999, bChange = 0.0120568, totNum = 1456
ROUND = 583, SUM = 14170638, bChange = 0.0120606, totNum = 1450
ROUND = 584, SUM = 14170637.9999999, bChange = 0.0120645, totNum = 1447
ROUND = 585, SUM = 14170637.9999999, bChange = 0.0120683, totNum = 1443
ROUND = 586, SUM = 14170638, bChange = 0.0120722, totNum = 1434
ROUND = 587, SUM = 14170637.9999999, bChange = 0.012076, totNum = 1427
ROUND = 588, SUM = 14170637.9999999, bChange = 0.0120798, totNum = 1418
ROUND = 589, SUM = 14170637.9999999, bChange = 0.0120836, totNum = 1413
ROUND = 590, SUM = 14170637.9999999, bChange = 0.0120874, totNum = 1410
ROUND = 591, SUM = 14170637.9999999, bChange = 0.0120911, totNum = 1402
ROUND = 592, SUM = 14170637.9999999, bChange = 0.0120949, totNum = 1399
ROUND = 593, SUM = 14170637.9999999, bChange = 0.0120986, totNum = 1395
ROUND = 594, SUM = 14170637.9999999, bChange = 0.0121024, totNum = 1390
ROUND = 595, SUM = 14170637.9999999, bChange = 0.0121061, totNum = 1387
ROUND = 596, SUM = 14170638, bChange = 0.0121098, totNum = 1384
ROUND = 597, SUM = 14170638, bChange = 0.0121135, totNum = 1378
ROUND = 598, SUM = 14170637.9999999, bChange = 0.0121172, totNum = 1376
ROUND = 599, SUM = 14170637.9999999, bChange = 0.0121209, totNum = 1376
ROUND = 600, SUM = 14170637.9999999, bChange = 0.0121245, totNum = 1371
ROUND = 601, SUM = 14170637.9999999, bChange = 0.0121282, totNum = 1370
ROUND = 602, SUM = 14170637.9999999, bChange = 0.0121318, totNum = 1369
ROUND = 603, SUM = 14170637.9999999, bChange = 0.0121355, totNum = 1366
ROUND = 604, SUM = 14170637.9999999, bChange = 0.0121391, totNum = 1358
ROUND = 605, SUM = 14170637.9999999, bChange = 0.0121427, totNum = 1354
ROUND = 606, SUM = 14170637.9999999, bChange = 0.0121463, totNum = 1353
ROUND = 607, SUM = 14170637.9999999, bChange = 0.0121499, totNum = 1350
ROUND = 608, SUM = 14170637.9999999, bChange = 0.0121535, totNum = 1343
ROUND = 609, SUM = 14170637.9999999, bChange = 0.012157, totNum = 1337
ROUND = 610, SUM = 14170637.9999999, bChange = 0.0121606, totNum = 1332
ROUND = 611, SUM = 14170637.9999999, bChange = 0.0121641, totNum = 1329
ROUND = 612, SUM = 14170638, bChange = 0.0121676, totNum = 1328
ROUND = 613, SUM = 14170638, bChange = 0.0121711, totNum = 1324
ROUND = 614, SUM = 14170638, bChange = 0.0121747, totNum = 1320
ROUND = 615, SUM = 14170637.9999999, bChange = 0.0121781, totNum = 1312
ROUND = 616, SUM = 14170638, bChange = 0.0121816, totNum = 1306
ROUND = 617, SUM = 14170638, bChange = 0.0121851, totNum = 1301
ROUND = 618, SUM = 14170637.9999999, bChange = 0.0121886, totNum = 1295
ROUND = 619, SUM = 14170638, bChange = 0.012192, totNum = 1291
ROUND = 620, SUM = 14170637.9999999, bChange = 0.0121955, totNum = 1287
ROUND = 621, SUM = 14170637.9999999, bChange = 0.0121989, totNum = 1284
ROUND = 622, SUM = 14170637.9999999, bChange = 0.0122023, totNum = 1279
ROUND = 623, SUM = 14170637.9999999, bChange = 0.0122057, totNum = 1273
ROUND = 624, SUM = 14170637.9999999, bChange = 0.0122091, totNum = 1268
ROUND = 625, SUM = 14170637.9999999, bChange = 0.0122125, totNum = 1265
ROUND = 626, SUM = 14170638, bChange = 0.0122159, totNum = 1263
ROUND = 627, SUM = 14170638, bChange = 0.0122192, totNum = 1261
ROUND = 628, SUM = 14170637.9999999, bChange = 0.0122226, totNum = 1258
ROUND = 629, SUM = 14170637.9999999, bChange = 0.0122259, totNum = 1255
ROUND = 630, SUM = 14170637.9999999, bChange = 0.0122292, totNum = 1251
ROUND = 631, SUM = 14170637.9999999, bChange = 0.0122326, totNum = 1246
ROUND = 632, SUM = 14170638, bChange = 0.0122359, totNum = 1241
ROUND = 633, SUM = 14170637.9999999, bChange = 0.0116598, totNum = 1233
ROUND = 634, SUM = 14170637.9999999, bChange = 0.01166, totNum = 1227
ROUND = 635, SUM = 14170637.9999999, bChange = 0.0116601, totNum = 1226
ROUND = 636, SUM = 14170638, bChange = 0.0116603, totNum = 1225
ROUND = 637, SUM = 14170637.9999999, bChange = 0.0116604, totNum = 1223
ROUND = 638, SUM = 14170638, bChange = 0.0116606, totNum = 1220
ROUND = 639, SUM = 14170637.9999999, bChange = 0.0116607, totNum = 1220
ROUND = 640, SUM = 14170637.9999998, bChange = 0.0116609, totNum = 1214
ROUND = 641, SUM = 14170637.9999999, bChange = 0.011661, totNum = 1209
ROUND = 642, SUM = 14170637.9999998, bChange = 0.0116611, totNum = 1204
ROUND = 643, SUM = 14170637.9999999, bChange = 0.0116613, totNum = 1202
ROUND = 644, SUM = 14170637.9999999, bChange = 0.0116614, totNum = 1200
ROUND = 645, SUM = 14170637.9999999, bChange = 0.0116616, totNum = 1193
ROUND = 646, SUM = 14170638, bChange = 0.0116617, totNum = 1188
ROUND = 647, SUM = 14170638, bChange = 0.0116618, totNum = 1186
ROUND = 648, SUM = 14170637.9999999, bChange = 0.0116619, totNum = 1184
ROUND = 649, SUM = 14170637.9999999, bChange = 0.0116621, totNum = 1181
ROUND = 650, SUM = 14170638, bChange = 0.0116622, totNum = 1178
ROUND = 651, SUM = 14170638, bChange = 0.0116623, totNum = 1175
ROUND = 652, SUM = 14170637.9999999, bChange = 0.0116625, totNum = 1173
ROUND = 653, SUM = 14170637.9999999, bChange = 0.0116626, totNum = 1171
ROUND = 654, SUM = 14170638, bChange = 0.0116627, totNum = 1168
ROUND = 655, SUM = 14170637.9999999, bChange = 0.0116628, totNum = 1163
ROUND = 656, SUM = 14170637.9999999, bChange = 0.00993966, totNum = 1159
ROUND = 657, SUM = 14170637.9999999, bChange = 0.00994898, totNum = 1155
ROUND = 658, SUM = 14170638, bChange = 0.00995827, totNum = 1152
ROUND = 659, SUM = 14170637.9999999, bChange = 0.00996752, totNum = 1151
ROUND = 660, SUM = 14170638, bChange = 0.00997674, totNum = 1147
ROUND = 661, SUM = 14170637.9999999, bChange = 0.00998592, totNum = 1144
ROUND = 662, SUM = 14170637.9999999, bChange = 0.00999506, totNum = 1144
ROUND = 663, SUM = 14170638, bChange = 0.0100042, totNum = 1142
ROUND = 664, SUM = 14170637.9999999, bChange = 0.0100132, totNum = 1137
ROUND = 665, SUM = 14170638, bChange = 0.0100223, totNum = 1136
ROUND = 666, SUM = 14170637.9999999, bChange = 0.0100313, totNum = 1132
ROUND = 667, SUM = 14170638, bChange = 0.0100402, totNum = 1131
ROUND = 668, SUM = 14170638, bChange = 0.0100492, totNum = 1127
ROUND = 669, SUM = 14170638, bChange = 0.010058, totNum = 1126
ROUND = 670, SUM = 14170637.9999999, bChange = 0.0100669, totNum = 1123
ROUND = 671, SUM = 14170637.9999999, bChange = 0.0100757, totNum = 1118
ROUND = 672, SUM = 14170637.9999999, bChange = 0.0100845, totNum = 1118
ROUND = 673, SUM = 14170638, bChange = 0.0100933, totNum = 1118
ROUND = 674, SUM = 14170638, bChange = 0.010102, totNum = 1116
ROUND = 675, SUM = 14170638, bChange = 0.0101106, totNum = 1114
ROUND = 676, SUM = 14170637.9999999, bChange = 0.0101193, totNum = 1112
ROUND = 677, SUM = 14170637.9999999, bChange = 0.0101279, totNum = 1107
ROUND = 678, SUM = 14170637.9999999, bChange = 0.0101365, totNum = 1102
ROUND = 679, SUM = 14170637.9999999, bChange = 0.010145, totNum = 1097
ROUND = 680, SUM = 14170637.9999999, bChange = 0.0101535, totNum = 1095
ROUND = 681, SUM = 14170637.9999999, bChange = 0.010162, totNum = 1092
ROUND = 682, SUM = 14170637.9999999, bChange = 0.0101704, totNum = 1087
ROUND = 683, SUM = 14170637.9999999, bChange = 0.0101788, totNum = 1083
ROUND = 684, SUM = 14170637.9999999, bChange = 0.0101872, totNum = 1080
ROUND = 685, SUM = 14170638, bChange = 0.0101955, totNum = 1079
ROUND = 686, SUM = 14170637.9999999, bChange = 0.0102038, totNum = 1076
ROUND = 687, SUM = 14170638, bChange = 0.010212, totNum = 1074
ROUND = 688, SUM = 14170637.9999999, bChange = 0.0102203, totNum = 1073
ROUND = 689, SUM = 14170637.9999999, bChange = 0.0102284, totNum = 1068
ROUND = 690, SUM = 14170638, bChange = 0.0102366, totNum = 1064
ROUND = 691, SUM = 14170637.9999999, bChange = 0.0102447, totNum = 1062
ROUND = 692, SUM = 14170637.9999999, bChange = 0.0102528, totNum = 1058
ROUND = 693, SUM = 14170638, bChange = 0.0102609, totNum = 1054
ROUND = 694, SUM = 14170638, bChange = 0.0102689, totNum = 1051
ROUND = 695, SUM = 14170638, bChange = 0.0102769, totNum = 1047
ROUND = 696, SUM = 14170637.9999999, bChange = 0.0102848, totNum = 1043
ROUND = 697, SUM = 14170637.9999999, bChange = 0.0102927, totNum = 1043
ROUND = 698, SUM = 14170637.9999999, bChange = 0.0103006, totNum = 1043
ROUND = 699, SUM = 14170638, bChange = 0.0103085, totNum = 1039
ROUND = 700, SUM = 14170638, bChange = 0.0103163, totNum = 1037
ROUND = 701, SUM = 14170637.9999999, bChange = 0.0103241, totNum = 1034
ROUND = 702, SUM = 14170637.9999999, bChange = 0.0103318, totNum = 1029
ROUND = 703, SUM = 14170637.9999999, bChange = 0.0103395, totNum = 1026
ROUND = 704, SUM = 14170637.9999999, bChange = 0.0103472, totNum = 1025
ROUND = 705, SUM = 14170638, bChange = 0.0103548, totNum = 1021
ROUND = 706, SUM = 14170637.9999999, bChange = 0.0103625, totNum = 1020
ROUND = 707, SUM = 14170638, bChange = 0.01037, totNum = 1017
ROUND = 708, SUM = 14170637.9999998, bChange = 0.0103776, totNum = 1013
ROUND = 709, SUM = 14170637.9999999, bChange = 0.0103851, totNum = 1008
ROUND = 710, SUM = 14170637.9999999, bChange = 0.0103926, totNum = 1005
ROUND = 711, SUM = 14170638, bChange = 0.0104001, totNum = 1004
ROUND = 712, SUM = 14170637.9999999, bChange = 0.0104075, totNum = 999
ROUND = 713, SUM = 14170637.9999999, bChange = 0.0104149, totNum = 996
ROUND = 714, SUM = 14170637.9999999, bChange = 0.00986777, totNum = 991
ROUND = 715, SUM = 14170637.9999999, bChange = 0.00986775, totNum = 989
ROUND = 716, SUM = 14170637.9999999, bChange = 0.00986773, totNum = 987
ROUND = 717, SUM = 14170637.9999999, bChange = 0.00986771, totNum = 985
ROUND = 718, SUM = 14170638, bChange = 0.00986769, totNum = 983
ROUND = 719, SUM = 14170637.9999999, bChange = 0.00977888, totNum = 979
ROUND = 720, SUM = 14170637.9999999, bChange = 0.00977889, totNum = 977
ROUND = 721, SUM = 14170637.9999999, bChange = 0.0097789, totNum = 975
ROUND = 722, SUM = 14170637.9999999, bChange = 0.00977891, totNum = 970
ROUND = 723, SUM = 14170637.9999999, bChange = 0.00977892, totNum = 970
ROUND = 724, SUM = 14170637.9999999, bChange = 0.00977893, totNum = 970
ROUND = 725, SUM = 14170637.9999998, bChange = 0.00977894, totNum = 965
ROUND = 726, SUM = 14170637.9999999, bChange = 0.00977895, totNum = 964
ROUND = 727, SUM = 14170637.9999999, bChange = 0.00977895, totNum = 962
ROUND = 728, SUM = 14170637.9999999, bChange = 0.00977896, totNum = 960
ROUND = 729, SUM = 14170637.9999999, bChange = 0.00977897, totNum = 958
ROUND = 730, SUM = 14170638, bChange = 0.00977898, totNum = 958
ROUND = 731, SUM = 14170638, bChange = 0.00977899, totNum = 956
ROUND = 732, SUM = 14170638, bChange = 0.009779, totNum = 953
ROUND = 733, SUM = 14170638, bChange = 0.00977901, totNum = 951
ROUND = 734, SUM = 14170637.9999999, bChange = 0.00977901, totNum = 949
ROUND = 735, SUM = 14170637.9999999, bChange = 0.00977902, totNum = 945
ROUND = 736, SUM = 14170637.9999999, bChange = 0.00977903, totNum = 942
ROUND = 737, SUM = 14170637.9999999, bChange = 0.00977904, totNum = 941
ROUND = 738, SUM = 14170638, bChange = 0.00977905, totNum = 937
ROUND = 739, SUM = 14170637.9999999, bChange = 0.00977905, totNum = 936
ROUND = 740, SUM = 14170638, bChange = 0.00977906, totNum = 932
ROUND = 741, SUM = 14170638, bChange = 0.00977907, totNum = 929
ROUND = 742, SUM = 14170637.9999999, bChange = 0.00977908, totNum = 928
ROUND = 743, SUM = 14170637.9999999, bChange = 0.00977908, totNum = 924
ROUND = 744, SUM = 14170638, bChange = 0.00977909, totNum = 922
ROUND = 745, SUM = 14170638, bChange = 0.0097791, totNum = 919
ROUND = 746, SUM = 14170637.9999999, bChange = 0.00977911, totNum = 916
ROUND = 747, SUM = 14170637.9999999, bChange = 0.00977911, totNum = 914
ROUND = 748, SUM = 14170637.9999999, bChange = 0.00977912, totNum = 909
ROUND = 749, SUM = 14170637.9999999, bChange = 0.00977913, totNum = 907
ROUND = 750, SUM = 14170637.9999999, bChange = 0.00977914, totNum = 902
ROUND = 751, SUM = 14170637.9999999, bChange = 0.00977914, totNum = 901
ROUND = 752, SUM = 14170637.9999999, bChange = 0.00977915, totNum = 898
ROUND = 753, SUM = 14170638, bChange = 0.00977916, totNum = 898
ROUND = 754, SUM = 14170637.9999999, bChange = 0.00977916, totNum = 897
ROUND = 755, SUM = 14170638, bChange = 0.00977917, totNum = 895
ROUND = 756, SUM = 14170637.9999999, bChange = 0.00977918, totNum = 893
ROUND = 757, SUM = 14170637.9999999, bChange = 0.00977918, totNum = 892
ROUND = 758, SUM = 14170638, bChange = 0.00977919, totNum = 890
ROUND = 759, SUM = 14170638, bChange = 0.0097792, totNum = 888
ROUND = 760, SUM = 14170637.9999999, bChange = 0.0097792, totNum = 887
ROUND = 761, SUM = 14170637.9999999, bChange = 0.00977921, totNum = 884
ROUND = 762, SUM = 14170638, bChange = 0.00977921, totNum = 884
ROUND = 763, SUM = 14170638, bChange = 0.00977922, totNum = 883
ROUND = 764, SUM = 14170638, bChange = 0.00801395, totNum = 881
ROUND = 765, SUM = 14170637.9999999, bChange = 0.00801532, totNum = 879
ROUND = 766, SUM = 14170637.9999999, bChange = 0.00801668, totNum = 876
ROUND = 767, SUM = 14170637.9999999, bChange = 0.00801803, totNum = 876
ROUND = 768, SUM = 14170638, bChange = 0.00801938, totNum = 874
ROUND = 769, SUM = 14170638, bChange = 0.00802072, totNum = 872
ROUND = 770, SUM = 14170637.9999999, bChange = 0.00802205, totNum = 869
ROUND = 771, SUM = 14170638, bChange = 0.00802338, totNum = 863
ROUND = 772, SUM = 14170637.9999999, bChange = 0.00802469, totNum = 862
ROUND = 773, SUM = 14170638, bChange = 0.008026, totNum = 858
ROUND = 774, SUM = 14170638, bChange = 0.00802731, totNum = 857
ROUND = 775, SUM = 14170637.9999999, bChange = 0.00802861, totNum = 854
ROUND = 776, SUM = 14170637.9999999, bChange = 0.00799208, totNum = 850
ROUND = 777, SUM = 14170637.9999999, bChange = 0.00799208, totNum = 849
ROUND = 778, SUM = 14170637.9999999, bChange = 0.00799208, totNum = 850
ROUND = 779, SUM = 14170637.9999999, bChange = 0.00799209, totNum = 846
ROUND = 780, SUM = 14170637.9999999, bChange = 0.00799209, totNum = 843
ROUND = 781, SUM = 14170637.9999999, bChange = 0.00799209, totNum = 840
ROUND = 782, SUM = 14170637.9999999, bChange = 0.00799209, totNum = 840
ROUND = 783, SUM = 14170637.9999999, bChange = 0.00799209, totNum = 837
ROUND = 784, SUM = 14170637.9999999, bChange = 0.00799209, totNum = 834
ROUND = 785, SUM = 14170637.9999999, bChange = 0.00799209, totNum = 832
ROUND = 786, SUM = 14170637.9999999, bChange = 0.00799209, totNum = 828
ROUND = 787, SUM = 14170638, bChange = 0.0079921, totNum = 828
ROUND = 788, SUM = 14170637.9999999, bChange = 0.0079921, totNum = 825
ROUND = 789, SUM = 14170637.9999999, bChange = 0.0079921, totNum = 825
ROUND = 790, SUM = 14170637.9999999, bChange = 0.0079921, totNum = 825
ROUND = 791, SUM = 14170637.9999999, bChange = 0.0079921, totNum = 822
ROUND = 792, SUM = 14170637.9999999, bChange = 0.0079921, totNum = 819
ROUND = 793, SUM = 14170637.9999999, bChange = 0.0079921, totNum = 815
ROUND = 794, SUM = 14170637.9999999, bChange = 0.0079921, totNum = 812
ROUND = 795, SUM = 14170638, bChange = 0.00799211, totNum = 808
ROUND = 796, SUM = 14170637.9999999, bChange = 0.00799211, totNum = 805
ROUND = 797, SUM = 14170637.9999999, bChange = 0.00799211, totNum = 803
ROUND = 798, SUM = 14170637.9999999, bChange = 0.00799211, totNum = 800
ROUND = 799, SUM = 14170637.9999999, bChange = 0.00799211, totNum = 798
ROUND = 800, SUM = 14170637.9999999, bChange = 0.00799211, totNum = 797
ROUND = 801, SUM = 14170638, bChange = 0.00799211, totNum = 794
ROUND = 802, SUM = 14170638, bChange = 0.00799211, totNum = 792
ROUND = 803, SUM = 14170637.9999998, bChange = 0.00799211, totNum = 792
ROUND = 804, SUM = 14170637.9999999, bChange = 0.00799211, totNum = 791
ROUND = 805, SUM = 14170637.9999999, bChange = 0.00799212, totNum = 788
ROUND = 806, SUM = 14170637.9999999, bChange = 0.00799212, totNum = 785
ROUND = 807, SUM = 14170638, bChange = 0.00799212, totNum = 784
ROUND = 808, SUM = 14170638, bChange = 0.00799212, totNum = 783
ROUND = 809, SUM = 14170637.9999999, bChange = 0.00799212, totNum = 778
ROUND = 810, SUM = 14170637.9999999, bChange = 0.00799212, totNum = 777
ROUND = 811, SUM = 14170637.9999999, bChange = 0.00799212, totNum = 777
ROUND = 812, SUM = 14170637.9999999, bChange = 0.00799212, totNum = 775
ROUND = 813, SUM = 14170637.9999999, bChange = 0.00799212, totNum = 770
ROUND = 814, SUM = 14170637.9999999, bChange = 0.00799212, totNum = 770
ROUND = 815, SUM = 14170637.9999999, bChange = 0.00799213, totNum = 770
ROUND = 816, SUM = 14170637.9999999, bChange = 0.00799213, totNum = 766
ROUND = 817, SUM = 14170638, bChange = 0.00799213, totNum = 764
ROUND = 818, SUM = 14170637.9999999, bChange = 0.00799213, totNum = 764
ROUND = 819, SUM = 14170637.9999999, bChange = 0.00761226, totNum = 760
ROUND = 820, SUM = 14170637.9999999, bChange = 0.00761305, totNum = 758
ROUND = 821, SUM = 14170637.9999999, bChange = 0.00761384, totNum = 754
ROUND = 822, SUM = 14170637.9999999, bChange = 0.00761462, totNum = 752
ROUND = 823, SUM = 14170637.9999999, bChange = 0.00761541, totNum = 749
ROUND = 824, SUM = 14170637.9999999, bChange = 0.00761619, totNum = 748
ROUND = 825, SUM = 14170638, bChange = 0.00761697, totNum = 748
ROUND = 826, SUM = 14170638, bChange = 0.00761774, totNum = 747
ROUND = 827, SUM = 14170638, bChange = 0.00761852, totNum = 746
ROUND = 828, SUM = 14170638, bChange = 0.00761929, totNum = 745
ROUND = 829, SUM = 14170638, bChange = 0.00762006, totNum = 744
ROUND = 830, SUM = 14170638, bChange = 0.00762083, totNum = 741
ROUND = 831, SUM = 14170637.9999999, bChange = 0.0076216, totNum = 739
ROUND = 832, SUM = 14170638, bChange = 0.00762236, totNum = 735
ROUND = 833, SUM = 14170637.9999999, bChange = 0.00762312, totNum = 731
ROUND = 834, SUM = 14170638, bChange = 0.00762388, totNum = 723
ROUND = 835, SUM = 14170638, bChange = 0.00762464, totNum = 720
ROUND = 836, SUM = 14170637.9999999, bChange = 0.0076254, totNum = 715
ROUND = 837, SUM = 14170638, bChange = 0.00762615, totNum = 712
ROUND = 838, SUM = 14170637.9999999, bChange = 0.0076269, totNum = 708
ROUND = 839, SUM = 14170637.9999999, bChange = 0.00762765, totNum = 707
ROUND = 840, SUM = 14170637.9999999, bChange = 0.0076284, totNum = 703
ROUND = 841, SUM = 14170637.9999999, bChange = 0.00762914, totNum = 702
ROUND = 842, SUM = 14170637.9999999, bChange = 0.00762989, totNum = 699
ROUND = 843, SUM = 14170638, bChange = 0.00763063, totNum = 697
ROUND = 844, SUM = 14170637.9999999, bChange = 0.00763137, totNum = 695
ROUND = 845, SUM = 14170638, bChange = 0.0076321, totNum = 692
ROUND = 846, SUM = 14170637.9999999, bChange = 0.00763284, totNum = 690
ROUND = 847, SUM = 14170637.9999999, bChange = 0.00763357, totNum = 689
ROUND = 848, SUM = 14170638, bChange = 0.0076343, totNum = 688
ROUND = 849, SUM = 14170637.9999999, bChange = 0.00763503, totNum = 686
ROUND = 850, SUM = 14170638, bChange = 0.00763576, totNum = 684
ROUND = 851, SUM = 14170637.9999999, bChange = 0.00763648, totNum = 682
ROUND = 852, SUM = 14170637.9999999, bChange = 0.0076372, totNum = 681
ROUND = 853, SUM = 14170637.9999999, bChange = 0.00763792, totNum = 676
ROUND = 854, SUM = 14170637.9999998, bChange = 0.00763864, totNum = 675
ROUND = 855, SUM = 14170637.9999999, bChange = 0.00763936, totNum = 675
ROUND = 856, SUM = 14170637.9999999, bChange = 0.00764007, totNum = 673
ROUND = 857, SUM = 14170637.9999999, bChange = 0.00764079, totNum = 671
ROUND = 858, SUM = 14170637.9999999, bChange = 0.0076415, totNum = 670
ROUND = 859, SUM = 14170638, bChange = 0.0076422, totNum = 669
ROUND = 860, SUM = 14170637.9999999, bChange = 0.00764291, totNum = 669
ROUND = 861, SUM = 14170638, bChange = 0.00764361, totNum = 667
ROUND = 862, SUM = 14170638, bChange = 0.00764432, totNum = 666
ROUND = 863, SUM = 14170638, bChange = 0.00764502, totNum = 666
ROUND = 864, SUM = 14170638, bChange = 0.00764571, totNum = 664
ROUND = 865, SUM = 14170638, bChange = 0.00764641, totNum = 664
ROUND = 866, SUM = 14170637.9999999, bChange = 0.0076471, totNum = 662
ROUND = 867, SUM = 14170637.9999999, bChange = 0.0076478, totNum = 660
ROUND = 868, SUM = 14170637.9999999, bChange = 0.00764849, totNum = 659
ROUND = 869, SUM = 14170638, bChange = 0.00764918, totNum = 656
ROUND = 870, SUM = 14170638, bChange = 0.00764986, totNum = 653
ROUND = 871, SUM = 14170637.9999999, bChange = 0.00765055, totNum = 651
ROUND = 872, SUM = 14170637.9999999, bChange = 0.00765123, totNum = 651
ROUND = 873, SUM = 14170637.9999999, bChange = 0.00765191, totNum = 651
ROUND = 874, SUM = 14170637.9999999, bChange = 0.00765259, totNum = 650
ROUND = 875, SUM = 14170638, bChange = 0.00765326, totNum = 649
ROUND = 876, SUM = 14170638, bChange = 0.00765394, totNum = 649
ROUND = 877, SUM = 14170637.9999999, bChange = 0.00765461, totNum = 649
ROUND = 878, SUM = 14170637.9999999, bChange = 0.00765528, totNum = 647
ROUND = 879, SUM = 14170638, bChange = 0.00765595, totNum = 646
ROUND = 880, SUM = 14170637.9999999, bChange = 0.00765662, totNum = 646
ROUND = 881, SUM = 14170637.9999999, bChange = 0.00765728, totNum = 645
ROUND = 882, SUM = 14170638, bChange = 0.00765795, totNum = 643
ROUND = 883, SUM = 14170638, bChange = 0.00765861, totNum = 643
ROUND = 884, SUM = 14170637.9999999, bChange = 0.00765927, totNum = 642
ROUND = 885, SUM = 14170637.9999999, bChange = 0.00765993, totNum = 642
ROUND = 886, SUM = 14170637.9999999, bChange = 0.00766058, totNum = 640
ROUND = 887, SUM = 14170637.9999999, bChange = 0.00766123, totNum = 639
ROUND = 888, SUM = 14170638, bChange = 0.00766189, totNum = 638
ROUND = 889, SUM = 14170638, bChange = 0.00766254, totNum = 638
ROUND = 890, SUM = 14170638, bChange = 0.00766319, totNum = 637
ROUND = 891, SUM = 14170638, bChange = 0.00723764, totNum = 633
ROUND = 892, SUM = 14170637.9999999, bChange = 0.00723977, totNum = 631
ROUND = 893, SUM = 14170637.9999999, bChange = 0.00724189, totNum = 628
ROUND = 894, SUM = 14170637.9999999, bChange = 0.00724401, totNum = 625
ROUND = 895, SUM = 14170637.9999999, bChange = 0.00724612, totNum = 622
ROUND = 896, SUM = 14170638, bChange = 0.00724822, totNum = 621
ROUND = 897, SUM = 14170638, bChange = 0.00725031, totNum = 620
ROUND = 898, SUM = 14170637.9999998, bChange = 0.0072524, totNum = 619
ROUND = 899, SUM = 14170637.9999999, bChange = 0.00725448, totNum = 617
ROUND = 900, SUM = 14170637.9999999, bChange = 0.00725655, totNum = 614
ROUND = 901, SUM = 14170637.9999999, bChange = 0.00725862, totNum = 614
ROUND = 902, SUM = 14170637.9999999, bChange = 0.00726068, totNum = 613
ROUND = 903, SUM = 14170637.9999999, bChange = 0.00726273, totNum = 611
ROUND = 904, SUM = 14170638, bChange = 0.00726478, totNum = 610
ROUND = 905, SUM = 14170637.9999999, bChange = 0.00726682, totNum = 610
ROUND = 906, SUM = 14170637.9999999, bChange = 0.00726885, totNum = 609
ROUND = 907, SUM = 14170637.9999999, bChange = 0.00727087, totNum = 606
ROUND = 908, SUM = 14170637.9999999, bChange = 0.00727289, totNum = 604
ROUND = 909, SUM = 14170637.9999999, bChange = 0.0072749, totNum = 603
ROUND = 910, SUM = 14170637.9999999, bChange = 0.00727691, totNum = 602
ROUND = 911, SUM = 14170637.9999999, bChange = 0.00727891, totNum = 599
ROUND = 912, SUM = 14170637.9999999, bChange = 0.0072809, totNum = 598
ROUND = 913, SUM = 14170637.9999999, bChange = 0.00728288, totNum = 598
ROUND = 914, SUM = 14170637.9999999, bChange = 0.00728486, totNum = 597
ROUND = 915, SUM = 14170637.9999999, bChange = 0.00728683, totNum = 594
ROUND = 916, SUM = 14170638, bChange = 0.00728879, totNum = 594
ROUND = 917, SUM = 14170637.9999999, bChange = 0.00729075, totNum = 593
ROUND = 918, SUM = 14170638, bChange = 0.0072927, totNum = 592
ROUND = 919, SUM = 14170637.9999999, bChange = 0.00729464, totNum = 591
ROUND = 920, SUM = 14170638, bChange = 0.00729658, totNum = 589
ROUND = 921, SUM = 14170637.9999999, bChange = 0.00729851, totNum = 588
ROUND = 922, SUM = 14170638, bChange = 0.00730043, totNum = 587
ROUND = 923, SUM = 14170637.9999999, bChange = 0.00730235, totNum = 587
ROUND = 924, SUM = 14170638, bChange = 0.00730426, totNum = 585
ROUND = 925, SUM = 14170638, bChange = 0.00730617, totNum = 583
ROUND = 926, SUM = 14170637.9999999, bChange = 0.00730806, totNum = 579
ROUND = 927, SUM = 14170637.9999999, bChange = 0.00730995, totNum = 576
ROUND = 928, SUM = 14170638, bChange = 0.00731184, totNum = 577
ROUND = 929, SUM = 14170638, bChange = 0.00731372, totNum = 576
ROUND = 930, SUM = 14170637.9999999, bChange = 0.00731559, totNum = 575
ROUND = 931, SUM = 14170637.9999999, bChange = 0.00731745, totNum = 575
ROUND = 932, SUM = 14170638, bChange = 0.00731931, totNum = 575
ROUND = 933, SUM = 14170637.9999999, bChange = 0.00732116, totNum = 573
ROUND = 934, SUM = 14170637.9999999, bChange = 0.00732301, totNum = 570
ROUND = 935, SUM = 14170637.9999999, bChange = 0.00732485, totNum = 569
ROUND = 936, SUM = 14170637.9999999, bChange = 0.00732668, totNum = 569
ROUND = 937, SUM = 14170637.9999999, bChange = 0.00732851, totNum = 567
ROUND = 938, SUM = 14170637.9999999, bChange = 0.00733033, totNum = 566
ROUND = 939, SUM = 14170637.9999999, bChange = 0.00733214, totNum = 562
ROUND = 940, SUM = 14170637.9999999, bChange = 0.00733395, totNum = 562
ROUND = 941, SUM = 14170638, bChange = 0.00733575, totNum = 562
ROUND = 942, SUM = 14170638, bChange = 0.00733754, totNum = 561
ROUND = 943, SUM = 14170637.9999999, bChange = 0.00733933, totNum = 560
ROUND = 944, SUM = 14170638, bChange = 0.00734111, totNum = 559
ROUND = 945, SUM = 14170637.9999999, bChange = 0.00734289, totNum = 558
ROUND = 946, SUM = 14170637.9999999, bChange = 0.00734466, totNum = 558
ROUND = 947, SUM = 14170637.9999999, bChange = 0.00734642, totNum = 556
ROUND = 948, SUM = 14170637.9999999, bChange = 0.00734818, totNum = 554
ROUND = 949, SUM = 14170637.9999999, bChange = 0.00734993, totNum = 553
ROUND = 950, SUM = 14170637.9999999, bChange = 0.00735168, totNum = 552
ROUND = 951, SUM = 14170638, bChange = 0.00735342, totNum = 551
ROUND = 952, SUM = 14170638, bChange = 0.00735515, totNum = 551
ROUND = 953, SUM = 14170637.9999999, bChange = 0.00735687, totNum = 549
ROUND = 954, SUM = 14170638, bChange = 0.00735859, totNum = 548
ROUND = 955, SUM = 14170637.9999999, bChange = 0.00736031, totNum = 547
ROUND = 956, SUM = 14170637.9999999, bChange = 0.00736202, totNum = 546
ROUND = 957, SUM = 14170637.9999999, bChange = 0.00736372, totNum = 546
ROUND = 958, SUM = 14170637.9999999, bChange = 0.00736542, totNum = 544
ROUND = 959, SUM = 14170638, bChange = 0.00736711, totNum = 543
ROUND = 960, SUM = 14170637.9999999, bChange = 0.00736879, totNum = 542
ROUND = 961, SUM = 14170638, bChange = 0.00737047, totNum = 542
ROUND = 962, SUM = 14170638, bChange = 0.00737214, totNum = 538
ROUND = 963, SUM = 14170637.9999999, bChange = 0.00737381, totNum = 537
ROUND = 964, SUM = 14170638, bChange = 0.00737547, totNum = 537
ROUND = 965, SUM = 14170638, bChange = 0.00737712, totNum = 535
ROUND = 966, SUM = 14170637.9999999, bChange = 0.00737877, totNum = 532
ROUND = 967, SUM = 14170637.9999999, bChange = 0.00738041, totNum = 531
ROUND = 968, SUM = 14170638, bChange = 0.0061972, totNum = 530
ROUND = 969, SUM = 14170638, bChange = 0.00619717, totNum = 528
ROUND = 970, SUM = 14170637.9999999, bChange = 0.00619714, totNum = 528
ROUND = 971, SUM = 14170638, bChange = 0.0061971, totNum = 524
ROUND = 972, SUM = 14170638, bChange = 0.00619707, totNum = 522
ROUND = 973, SUM = 14170638, bChange = 0.00619704, totNum = 522
ROUND = 974, SUM = 14170637.9999999, bChange = 0.00619701, totNum = 519
ROUND = 975, SUM = 14170638, bChange = 0.00619698, totNum = 518
ROUND = 976, SUM = 14170638, bChange = 0.00619695, totNum = 513
ROUND = 977, SUM = 14170638, bChange = 0.00619692, totNum = 513
ROUND = 978, SUM = 14170638, bChange = 0.00619688, totNum = 512
ROUND = 979, SUM = 14170638, bChange = 0.00619685, totNum = 512
ROUND = 980, SUM = 14170638, bChange = 0.00619682, totNum = 510
ROUND = 981, SUM = 14170637.9999999, bChange = 0.00619679, totNum = 508
ROUND = 982, SUM = 14170637.9999999, bChange = 0.00619676, totNum = 505
ROUND = 983, SUM = 14170638, bChange = 0.00619673, totNum = 503
ROUND = 984, SUM = 14170638, bChange = 0.0061967, totNum = 503
ROUND = 985, SUM = 14170638.0000001, bChange = 0.00619667, totNum = 502
ROUND = 986, SUM = 14170637.9999999, bChange = 0.00619665, totNum = 502
ROUND = 987, SUM = 14170638, bChange = 0.00619662, totNum = 501
ROUND = 988, SUM = 14170638, bChange = 0.00619659, totNum = 499
ROUND = 989, SUM = 14170637.9999999, bChange = 0.00619656, totNum = 499
ROUND = 990, SUM = 14170637.9999999, bChange = 0.00619653, totNum = 499
ROUND = 991, SUM = 14170637.9999999, bChange = 0.0061965, totNum = 497
ROUND = 992, SUM = 14170638, bChange = 0.00619647, totNum = 496
ROUND = 993, SUM = 14170638, bChange = 0.00619645, totNum = 494
ROUND = 994, SUM = 14170638, bChange = 0.00619642, totNum = 494
ROUND = 995, SUM = 14170637.9999999, bChange = 0.00619639, totNum = 493
ROUND = 996, SUM = 14170638, bChange = 0.00619636, totNum = 493
ROUND = 997, SUM = 14170637.9999999, bChange = 0.00619634, totNum = 490
ROUND = 998, SUM = 14170637.9999999, bChange = 0.00619631, totNum = 488
ROUND = 999, SUM = 14170638, bChange = 0.00619628, totNum = 485
ROUND = 1000, SUM = 14170638, bChange = 0.00619626, totNum = 484
ROUND = 1001, SUM = 14170638, bChange = 0.00619623, totNum = 484
ROUND = 1002, SUM = 14170638, bChange = 0.0061962, totNum = 484
ROUND = 1003, SUM = 14170637.9999999, bChange = 0.00619618, totNum = 483
ROUND = 1004, SUM = 14170638, bChange = 0.00619615, totNum = 483
ROUND = 1005, SUM = 14170638, bChange = 0.00619613, totNum = 481
ROUND = 1006, SUM = 14170637.9999999, bChange = 0.0061961, totNum = 479
ROUND = 1007, SUM = 14170637.9999999, bChange = 0.00619608, totNum = 479
ROUND = 1008, SUM = 14170637.9999999, bChange = 0.00619605, totNum = 478
ROUND = 1009, SUM = 14170638, bChange = 0.00619602, totNum = 478
ROUND = 1010, SUM = 14170638, bChange = 0.006196, totNum = 478
ROUND = 1011, SUM = 14170638, bChange = 0.00619598, totNum = 478
ROUND = 1012, SUM = 14170638, bChange = 0.00619595, totNum = 478
ROUND = 1013, SUM = 14170638, bChange = 0.00619593, totNum = 478
ROUND = 1014, SUM = 14170638, bChange = 0.0061959, totNum = 478
ROUND = 1015, SUM = 14170638, bChange = 0.00619588, totNum = 475
ROUND = 1016, SUM = 14170637.9999999, bChange = 0.00619585, totNum = 475
ROUND = 1017, SUM = 14170638, bChange = 0.00619583, totNum = 472
ROUND = 1018, SUM = 14170638, bChange = 0.00619581, totNum = 472
ROUND = 1019, SUM = 14170637.9999999, bChange = 0.00619578, totNum = 472
ROUND = 1020, SUM = 14170637.9999999, bChange = 0.00619576, totNum = 471
ROUND = 1021, SUM = 14170638, bChange = 0.00619574, totNum = 471
ROUND = 1022, SUM = 14170638, bChange = 0.00619571, totNum = 470
ROUND = 1023, SUM = 14170637.9999999, bChange = 0.00619569, totNum = 470
ROUND = 1024, SUM = 14170637.9999999, bChange = 0.00619567, totNum = 469
ROUND = 1025, SUM = 14170638, bChange = 0.00619564, totNum = 469
ROUND = 1026, SUM = 14170637.9999999, bChange = 0.00619562, totNum = 469
ROUND = 1027, SUM = 14170637.9999999, bChange = 0.0061956, totNum = 468
ROUND = 1028, SUM = 14170637.9999999, bChange = 0.00619558, totNum = 464
ROUND = 1029, SUM = 14170637.9999999, bChange = 0.00619556, totNum = 463
ROUND = 1030, SUM = 14170638, bChange = 0.00619553, totNum = 462
ROUND = 1031, SUM = 14170637.9999999, bChange = 0.00619551, totNum = 461
ROUND = 1032, SUM = 14170638, bChange = 0.00619549, totNum = 459
ROUND = 1033, SUM = 14170637.9999999, bChange = 0.00619547, totNum = 457
ROUND = 1034, SUM = 14170637.9999999, bChange = 0.00619545, totNum = 457
ROUND = 1035, SUM = 14170638, bChange = 0.00619543, totNum = 457
ROUND = 1036, SUM = 14170638, bChange = 0.00619541, totNum = 457
ROUND = 1037, SUM = 14170638, bChange = 0.00619538, totNum = 456
ROUND = 1038, SUM = 14170638, bChange = 0.00619536, totNum = 456
ROUND = 1039, SUM = 14170637.9999999, bChange = 0.00619534, totNum = 454
ROUND = 1040, SUM = 14170638, bChange = 0.00619532, totNum = 454
ROUND = 1041, SUM = 14170638, bChange = 0.0061953, totNum = 452
ROUND = 1042, SUM = 14170637.9999999, bChange = 0.00619528, totNum = 451
ROUND = 1043, SUM = 14170637.9999999, bChange = 0.00619526, totNum = 451
ROUND = 1044, SUM = 14170637.9999999, bChange = 0.00619524, totNum = 450
ROUND = 1045, SUM = 14170637.9999999, bChange = 0.00619522, totNum = 450
ROUND = 1046, SUM = 14170637.9999999, bChange = 0.0061952, totNum = 449
ROUND = 1047, SUM = 14170638, bChange = 0.00619518, totNum = 448
ROUND = 1048, SUM = 14170638, bChange = 0.00619516, totNum = 445
ROUND = 1049, SUM = 14170638, bChange = 0.00619514, totNum = 442
ROUND = 1050, SUM = 14170638, bChange = 0.00619513, totNum = 441
ROUND = 1051, SUM = 14170637.9999999, bChange = 0.00619511, totNum = 441
ROUND = 1052, SUM = 14170638, bChange = 0.00619509, totNum = 440
ROUND = 1053, SUM = 14170638, bChange = 0.00619507, totNum = 440
ROUND = 1054, SUM = 14170638, bChange = 0.00619505, totNum = 440
ROUND = 1055, SUM = 14170638, bChange = 0.00619503, totNum = 439
ROUND = 1056, SUM = 14170638, bChange = 0.00619501, totNum = 437
ROUND = 1057, SUM = 14170638, bChange = 0.00619499, totNum = 436
ROUND = 1058, SUM = 14170638, bChange = 0.00619498, totNum = 434
ROUND = 1059, SUM = 14170637.9999999, bChange = 0.00619496, totNum = 434
ROUND = 1060, SUM = 14170637.9999999, bChange = 0.00619494, totNum = 433
ROUND = 1061, SUM = 14170638, bChange = 0.00619492, totNum = 431
ROUND = 1062, SUM = 14170638, bChange = 0.0061949, totNum = 431
ROUND = 1063, SUM = 14170637.9999999, bChange = 0.00619489, totNum = 431
ROUND = 1064, SUM = 14170638, bChange = 0.00619487, totNum = 430
ROUND = 1065, SUM = 14170638, bChange = 0.00619485, totNum = 430
ROUND = 1066, SUM = 14170638, bChange = 0.00619483, totNum = 427
ROUND = 1067, SUM = 14170637.9999999, bChange = 0.00619482, totNum = 427
ROUND = 1068, SUM = 14170637.9999999, bChange = 0.0061948, totNum = 425
ROUND = 1069, SUM = 14170638, bChange = 0.00619478, totNum = 425
ROUND = 1070, SUM = 14170637.9999999, bChange = 0.00619477, totNum = 424
ROUND = 1071, SUM = 14170638, bChange = 0.00619475, totNum = 421
ROUND = 1072, SUM = 14170638, bChange = 0.00619473, totNum = 417
ROUND = 1073, SUM = 14170637.9999999, bChange = 0.00619472, totNum = 417
ROUND = 1074, SUM = 14170637.9999999, bChange = 0.0061947, totNum = 417
ROUND = 1075, SUM = 14170638, bChange = 0.00619468, totNum = 415
ROUND = 1076, SUM = 14170638, bChange = 0.00619467, totNum = 415
ROUND = 1077, SUM = 14170637.9999999, bChange = 0.00619465, totNum = 414
ROUND = 1078, SUM = 14170637.9999999, bChange = 0.00619464, totNum = 414
ROUND = 1079, SUM = 14170638, bChange = 0.00619462, totNum = 414
ROUND = 1080, SUM = 14170638, bChange = 0.0061946, totNum = 413
ROUND = 1081, SUM = 14170637.9999999, bChange = 0.00619459, totNum = 412
ROUND = 1082, SUM = 14170638, bChange = 0.00619457, totNum = 411
ROUND = 1083, SUM = 14170638, bChange = 0.00619456, totNum = 409
ROUND = 1084, SUM = 14170638, bChange = 0.00619454, totNum = 408
ROUND = 1085, SUM = 14170638, bChange = 0.00619453, totNum = 407
ROUND = 1086, SUM = 14170638, bChange = 0.00619451, totNum = 406
ROUND = 1087, SUM = 14170637.9999999, bChange = 0.0061945, totNum = 405
ROUND = 1088, SUM = 14170638, bChange = 0.00619448, totNum = 405
ROUND = 1089, SUM = 14170638, bChange = 0.00619447, totNum = 404
ROUND = 1090, SUM = 14170638, bChange = 0.00619445, totNum = 402
ROUND = 1091, SUM = 14170638, bChange = 0.00619444, totNum = 401
ROUND = 1092, SUM = 14170637.9999999, bChange = 0.00619442, totNum = 401
ROUND = 1093, SUM = 14170638, bChange = 0.00619441, totNum = 399
ROUND = 1094, SUM = 14170637.9999999, bChange = 0.00619439, totNum = 399
ROUND = 1095, SUM = 14170638, bChange = 0.00619438, totNum = 399
ROUND = 1096, SUM = 14170638, bChange = 0.00619436, totNum = 397
ROUND = 1097, SUM = 14170637.9999999, bChange = 0.00619435, totNum = 396
ROUND = 1098, SUM = 14170638, bChange = 0.00619434, totNum = 396
ROUND = 1099, SUM = 14170637.9999999, bChange = 0.00619432, totNum = 396
ROUND = 1100, SUM = 14170638, bChange = 0.00619431, totNum = 396
ROUND = 1101, SUM = 14170638, bChange = 0.00619429, totNum = 396
ROUND = 1102, SUM = 14170638, bChange = 0.00619428, totNum = 396
ROUND = 1103, SUM = 14170637.9999999, bChange = 0.00619427, totNum = 395
ROUND = 1104, SUM = 14170637.9999999, bChange = 0.00619425, totNum = 393
ROUND = 1105, SUM = 14170638, bChange = 0.00619424, totNum = 393
ROUND = 1106, SUM = 14170638, bChange = 0.00619423, totNum = 391
ROUND = 1107, SUM = 14170638, bChange = 0.00619421, totNum = 391
ROUND = 1108, SUM = 14170638, bChange = 0.0061942, totNum = 390
ROUND = 1109, SUM = 14170637.9999999, bChange = 0.00619419, totNum = 389
ROUND = 1110, SUM = 14170638, bChange = 0.00619417, totNum = 388
ROUND = 1111, SUM = 14170638, bChange = 0.00619416, totNum = 387
ROUND = 1112, SUM = 14170637.9999999, bChange = 0.00619415, totNum = 387
ROUND = 1113, SUM = 14170637.9999999, bChange = 0.00619414, totNum = 388
ROUND = 1114, SUM = 14170637.9999999, bChange = 0.00619412, totNum = 388
ROUND = 1115, SUM = 14170638, bChange = 0.00619411, totNum = 387
ROUND = 1116, SUM = 14170638, bChange = 0.0061941, totNum = 387
ROUND = 1117, SUM = 14170638, bChange = 0.00619409, totNum = 387
ROUND = 1118, SUM = 14170637.9999999, bChange = 0.00619407, totNum = 386
ROUND = 1119, SUM = 14170638, bChange = 0.00619406, totNum = 386
ROUND = 1120, SUM = 14170637.9999999, bChange = 0.00619405, totNum = 385
ROUND = 1121, SUM = 14170638, bChange = 0.00619404, totNum = 384
ROUND = 1122, SUM = 14170637.9999999, bChange = 0.00619403, totNum = 384
ROUND = 1123, SUM = 14170637.9999999, bChange = 0.00619401, totNum = 384
ROUND = 1124, SUM = 14170637.9999999, bChange = 0.006194, totNum = 384
ROUND = 1125, SUM = 14170638, bChange = 0.00619399, totNum = 382
ROUND = 1126, SUM = 14170637.9999999, bChange = 0.00619398, totNum = 381
ROUND = 1127, SUM = 14170637.9999999, bChange = 0.00619397, totNum = 377
ROUND = 1128, SUM = 14170638, bChange = 0.00619395, totNum = 376
ROUND = 1129, SUM = 14170637.9999999, bChange = 0.00619394, totNum = 376
ROUND = 1130, SUM = 14170637.9999999, bChange = 0.00619393, totNum = 376
ROUND = 1131, SUM = 14170637.9999999, bChange = 0.00619392, totNum = 375
ROUND = 1132, SUM = 14170638, bChange = 0.00619391, totNum = 374
ROUND = 1133, SUM = 14170637.9999999, bChange = 0.0061939, totNum = 374
ROUND = 1134, SUM = 14170638, bChange = 0.00619389, totNum = 373
ROUND = 1135, SUM = 14170638, bChange = 0.00619388, totNum = 372
ROUND = 1136, SUM = 14170637.9999999, bChange = 0.00619386, totNum = 372
ROUND = 1137, SUM = 14170638, bChange = 0.00619385, totNum = 372
ROUND = 1138, SUM = 14170637.9999999, bChange = 0.00619384, totNum = 372
ROUND = 1139, SUM = 14170638, bChange = 0.00619383, totNum = 372
ROUND = 1140, SUM = 14170637.9999999, bChange = 0.00619382, totNum = 370
ROUND = 1141, SUM = 14170638, bChange = 0.00619381, totNum = 369
ROUND = 1142, SUM = 14170638, bChange = 0.0061938, totNum = 369
ROUND = 1143, SUM = 14170637.9999999, bChange = 0.00619379, totNum = 368
ROUND = 1144, SUM = 14170637.9999999, bChange = 0.00619378, totNum = 367
ROUND = 1145, SUM = 14170637.9999999, bChange = 0.00619377, totNum = 367
ROUND = 1146, SUM = 14170637.9999999, bChange = 0.00619376, totNum = 366
ROUND = 1147, SUM = 14170638, bChange = 0.00619375, totNum = 366
ROUND = 1148, SUM = 14170637.9999999, bChange = 0.00619374, totNum = 365
ROUND = 1149, SUM = 14170638, bChange = 0.00619373, totNum = 364
ROUND = 1150, SUM = 14170638, bChange = 0.00619372, totNum = 365
ROUND = 1151, SUM = 14170638, bChange = 0.00619371, totNum = 363
ROUND = 1152, SUM = 14170638, bChange = 0.0061937, totNum = 363
ROUND = 1153, SUM = 14170637.9999999, bChange = 0.00619369, totNum = 362
ROUND = 1154, SUM = 14170637.9999999, bChange = 0.00619368, totNum = 362
ROUND = 1155, SUM = 14170638, bChange = 0.00619367, totNum = 363
ROUND = 1156, SUM = 14170638, bChange = 0.00619366, totNum = 362
ROUND = 1157, SUM = 14170637.9999999, bChange = 0.00619365, totNum = 362
ROUND = 1158, SUM = 14170638, bChange = 0.00619364, totNum = 359
ROUND = 1159, SUM = 14170637.9999999, bChange = 0.00619363, totNum = 358
ROUND = 1160, SUM = 14170638, bChange = 0.00619362, totNum = 359
ROUND = 1161, SUM = 14170638, bChange = 0.00619361, totNum = 359
ROUND = 1162, SUM = 14170638, bChange = 0.0061936, totNum = 358
ROUND = 1163, SUM = 14170638, bChange = 0.00619359, totNum = 357
ROUND = 1164, SUM = 14170637.9999999, bChange = 0.00619358, totNum = 357
ROUND = 1165, SUM = 14170638, bChange = 0.00619358, totNum = 356
ROUND = 1166, SUM = 14170637.9999999, bChange = 0.00619357, totNum = 356
ROUND = 1167, SUM = 14170638, bChange = 0.00619356, totNum = 354
ROUND = 1168, SUM = 14170637.9999999, bChange = 0.00619355, totNum = 353
ROUND = 1169, SUM = 14170637.9999999, bChange = 0.00619354, totNum = 353
ROUND = 1170, SUM = 14170637.9999999, bChange = 0.00619353, totNum = 353
ROUND = 1171, SUM = 14170637.9999999, bChange = 0.00619352, totNum = 352
ROUND = 1172, SUM = 14170637.9999999, bChange = 0.00619351, totNum = 351
ROUND = 1173, SUM = 14170637.9999999, bChange = 0.00619351, totNum = 351
ROUND = 1174, SUM = 14170637.9999999, bChange = 0.0061935, totNum = 351
ROUND = 1175, SUM = 14170637.9999999, bChange = 0.00619349, totNum = 351
ROUND = 1176, SUM = 14170638, bChange = 0.00619348, totNum = 349
ROUND = 1177, SUM = 14170638, bChange = 0.00619347, totNum = 349
ROUND = 1178, SUM = 14170637.9999999, bChange = 0.00619346, totNum = 349
ROUND = 1179, SUM = 14170637.9999999, bChange = 0.00619345, totNum = 349
ROUND = 1180, SUM = 14170637.9999999, bChange = 0.00619345, totNum = 349
ROUND = 1181, SUM = 14170637.9999999, bChange = 0.00619344, totNum = 349
ROUND = 1182, SUM = 14170637.9999999, bChange = 0.00619343, totNum = 349
ROUND = 1183, SUM = 14170638, bChange = 0.00619342, totNum = 349
ROUND = 1184, SUM = 14170637.9999999, bChange = 0.00619341, totNum = 347
ROUND = 1185, SUM = 14170637.9999999, bChange = 0.00619341, totNum = 347
ROUND = 1186, SUM = 14170637.9999999, bChange = 0.0061934, totNum = 347
ROUND = 1187, SUM = 14170637.9999999, bChange = 0.00619339, totNum = 346
ROUND = 1188, SUM = 14170637.9999999, bChange = 0.00619338, totNum = 346
ROUND = 1189, SUM = 14170638, bChange = 0.00619337, totNum = 346
ROUND = 1190, SUM = 14170638, bChange = 0.00619337, totNum = 345
ROUND = 1191, SUM = 14170637.9999999, bChange = 0.00619336, totNum = 345
ROUND = 1192, SUM = 14170637.9999999, bChange = 0.00619335, totNum = 344
ROUND = 1193, SUM = 14170637.9999999, bChange = 0.00619334, totNum = 343
ROUND = 1194, SUM = 14170638, bChange = 0.00619334, totNum = 343
ROUND = 1195, SUM = 14170637.9999999, bChange = 0.00619333, totNum = 343
ROUND = 1196, SUM = 14170638, bChange = 0.00619332, totNum = 342
ROUND = 1197, SUM = 14170638, bChange = 0.00619331, totNum = 342
ROUND = 1198, SUM = 14170638, bChange = 0.00619331, totNum = 342
ROUND = 1199, SUM = 14170638, bChange = 0.0061933, totNum = 342
ROUND = 1200, SUM = 14170638, bChange = 0.00619329, totNum = 341
ROUND = 1201, SUM = 14170638, bChange = 0.00619328, totNum = 340
ROUND = 1202, SUM = 14170637.9999999, bChange = 0.00619328, totNum = 340
ROUND = 1203, SUM = 14170637.9999999, bChange = 0.00619327, totNum = 340
ROUND = 1204, SUM = 14170637.9999999, bChange = 0.00619326, totNum = 340
ROUND = 1205, SUM = 14170637.9999999, bChange = 0.00569393, totNum = 339
ROUND = 1206, SUM = 14170638, bChange = 0.00569396, totNum = 339
ROUND = 1207, SUM = 14170638, bChange = 0.00569399, totNum = 338
ROUND = 1208, SUM = 14170637.9999999, bChange = 0.00569402, totNum = 336
ROUND = 1209, SUM = 14170637.9999999, bChange = 0.00569405, totNum = 336
ROUND = 1210, SUM = 14170637.9999999, bChange = 0.00569408, totNum = 336
ROUND = 1211, SUM = 14170637.9999999, bChange = 0.00569411, totNum = 335
ROUND = 1212, SUM = 14170638, bChange = 0.00569414, totNum = 335
ROUND = 1213, SUM = 14170638, bChange = 0.00569417, totNum = 333
ROUND = 1214, SUM = 14170638, bChange = 0.0056942, totNum = 332
ROUND = 1215, SUM = 14170638, bChange = 0.00569423, totNum = 331
ROUND = 1216, SUM = 14170638, bChange = 0.00569426, totNum = 330
ROUND = 1217, SUM = 14170637.9999999, bChange = 0.00569429, totNum = 330
ROUND = 1218, SUM = 14170638, bChange = 0.00569432, totNum = 330
ROUND = 1219, SUM = 14170638, bChange = 0.00569435, totNum = 330
ROUND = 1220, SUM = 14170638, bChange = 0.00569438, totNum = 329
ROUND = 1221, SUM = 14170637.9999999, bChange = 0.00569441, totNum = 327
ROUND = 1222, SUM = 14170638, bChange = 0.00569444, totNum = 327
ROUND = 1223, SUM = 14170637.9999999, bChange = 0.00569447, totNum = 327
ROUND = 1224, SUM = 14170637.9999999, bChange = 0.0056945, totNum = 327
ROUND = 1225, SUM = 14170638, bChange = 0.00569453, totNum = 326
ROUND = 1226, SUM = 14170637.9999999, bChange = 0.00569455, totNum = 326
ROUND = 1227, SUM = 14170638, bChange = 0.00569458, totNum = 326
ROUND = 1228, SUM = 14170637.9999999, bChange = 0.00569461, totNum = 325
ROUND = 1229, SUM = 14170638, bChange = 0.00569464, totNum = 325
ROUND = 1230, SUM = 14170637.9999999, bChange = 0.00569467, totNum = 324
ROUND = 1231, SUM = 14170638, bChange = 0.00569469, totNum = 324
ROUND = 1232, SUM = 14170638, bChange = 0.00569472, totNum = 323
ROUND = 1233, SUM = 14170637.9999999, bChange = 0.00569475, totNum = 323
ROUND = 1234, SUM = 14170638, bChange = 0.00563424, totNum = 322
ROUND = 1235, SUM = 14170638, bChange = 0.00563424, totNum = 322
ROUND = 1236, SUM = 14170638, bChange = 0.00563424, totNum = 322
ROUND = 1237, SUM = 14170638, bChange = 0.00563424, totNum = 321
ROUND = 1238, SUM = 14170638, bChange = 0.00563424, totNum = 319
ROUND = 1239, SUM = 14170638, bChange = 0.00563424, totNum = 319
ROUND = 1240, SUM = 14170638, bChange = 0.00563424, totNum = 319
ROUND = 1241, SUM = 14170638, bChange = 0.00563424, totNum = 319
ROUND = 1242, SUM = 14170638, bChange = 0.00563424, totNum = 317
ROUND = 1243, SUM = 14170638, bChange = 0.00563424, totNum = 317
ROUND = 1244, SUM = 14170638, bChange = 0.00563424, totNum = 316
ROUND = 1245, SUM = 14170638, bChange = 0.00563424, totNum = 314
ROUND = 1246, SUM = 14170637.9999999, bChange = 0.00563424, totNum = 313
ROUND = 1247, SUM = 14170638, bChange = 0.00563424, totNum = 313
ROUND = 1248, SUM = 14170637.9999999, bChange = 0.00563424, totNum = 313
ROUND = 1249, SUM = 14170637.9999999, bChange = 0.00563424, totNum = 313
ROUND = 1250, SUM = 14170637.9999999, bChange = 0.00563424, totNum = 312
ROUND = 1251, SUM = 14170637.9999999, bChange = 0.00563424, totNum = 312
ROUND = 1252, SUM = 14170637.9999999, bChange = 0.00563424, totNum = 312
ROUND = 1253, SUM = 14170637.9999999, bChange = 0.00563424, totNum = 310
ROUND = 1254, SUM = 14170638, bChange = 0.00563424, totNum = 310
ROUND = 1255, SUM = 14170637.9999999, bChange = 0.00563424, totNum = 310
ROUND = 1256, SUM = 14170637.9999999, bChange = 0.00563424, totNum = 310
ROUND = 1257, SUM = 14170637.9999999, bChange = 0.00563424, totNum = 309
ROUND = 1258, SUM = 14170637.9999999, bChange = 0.00563424, totNum = 309
ROUND = 1259, SUM = 14170638, bChange = 0.00563424, totNum = 309
ROUND = 1260, SUM = 14170638, bChange = 0.00563424, totNum = 310
ROUND = 1261, SUM = 14170637.9999999, bChange = 0.00563424, totNum = 310
ROUND = 1262, SUM = 14170637.9999999, bChange = 0.00563424, totNum = 309
ROUND = 1263, SUM = 14170637.9999999, bChange = 0.00563424, totNum = 309
ROUND = 1264, SUM = 14170637.9999999, bChange = 0.00563425, totNum = 309
ROUND = 1265, SUM = 14170638, bChange = 0.00563425, totNum = 309
ROUND = 1266, SUM = 14170637.9999999, bChange = 0.00563425, totNum = 309
ROUND = 1267, SUM = 14170637.9999999, bChange = 0.00563425, totNum = 308
ROUND = 1268, SUM = 14170637.9999999, bChange = 0.00563425, totNum = 308
ROUND = 1269, SUM = 14170637.9999999, bChange = 0.00563425, totNum = 307
ROUND = 1270, SUM = 14170637.9999999, bChange = 0.00563425, totNum = 306
ROUND = 1271, SUM = 14170637.9999999, bChange = 0.00563425, totNum = 306
ROUND = 1272, SUM = 14170638, bChange = 0.00563425, totNum = 305
ROUND = 1273, SUM = 14170637.9999999, bChange = 0.00563425, totNum = 303
ROUND = 1274, SUM = 14170638, bChange = 0.00563425, totNum = 303
ROUND = 1275, SUM = 14170638, bChange = 0.00563425, totNum = 303
ROUND = 1276, SUM = 14170637.9999999, bChange = 0.00563425, totNum = 303
ROUND = 1277, SUM = 14170638, bChange = 0.00563425, totNum = 303
ROUND = 1278, SUM = 14170637.9999999, bChange = 0.00563425, totNum = 303
ROUND = 1279, SUM = 14170637.9999999, bChange = 0.00563425, totNum = 300
ROUND = 1280, SUM = 14170637.9999999, bChange = 0.00563425, totNum = 299
ROUND = 1281, SUM = 14170637.9999998, bChange = 0.00563425, totNum = 299
ROUND = 1282, SUM = 14170637.9999999, bChange = 0.00563425, totNum = 296
ROUND = 1283, SUM = 14170637.9999999, bChange = 0.00563425, totNum = 296
ROUND = 1284, SUM = 14170637.9999999, bChange = 0.00563425, totNum = 296
ROUND = 1285, SUM = 14170638, bChange = 0.00563425, totNum = 296
ROUND = 1286, SUM = 14170637.9999999, bChange = 0.00563425, totNum = 295
ROUND = 1287, SUM = 14170637.9999999, bChange = 0.00563425, totNum = 295
ROUND = 1288, SUM = 14170637.9999999, bChange = 0.00563425, totNum = 295
ROUND = 1289, SUM = 14170637.9999999, bChange = 0.00563425, totNum = 295
ROUND = 1290, SUM = 14170637.9999999, bChange = 0.00563425, totNum = 295
ROUND = 1291, SUM = 14170638, bChange = 0.00563425, totNum = 295
ROUND = 1292, SUM = 14170638, bChange = 0.00563425, totNum = 295
ROUND = 1293, SUM = 14170638, bChange = 0.00563425, totNum = 294
ROUND = 1294, SUM = 14170637.9999999, bChange = 0.00563425, totNum = 292
ROUND = 1295, SUM = 14170637.9999999, bChange = 0.00563425, totNum = 292
ROUND = 1296, SUM = 14170637.9999999, bChange = 0.00563425, totNum = 292
ROUND = 1297, SUM = 14170637.9999999, bChange = 0.00563425, totNum = 291
ROUND = 1298, SUM = 14170637.9999999, bChange = 0.00563425, totNum = 291
ROUND = 1299, SUM = 14170638, bChange = 0.00563425, totNum = 291
ROUND = 1300, SUM = 14170638, bChange = 0.00563425, totNum = 290
ROUND = 1301, SUM = 14170637.9999999, bChange = 0.00563425, totNum = 290
ROUND = 1302, SUM = 14170638, bChange = 0.00563425, totNum = 290
ROUND = 1303, SUM = 14170638, bChange = 0.00563425, totNum = 288
ROUND = 1304, SUM = 14170637.9999999, bChange = 0.00563425, totNum = 288
ROUND = 1305, SUM = 14170638, bChange = 0.00563426, totNum = 288
ROUND = 1306, SUM = 14170638, bChange = 0.00563426, totNum = 288
ROUND = 1307, SUM = 14170637.9999999, bChange = 0.00563426, totNum = 288
ROUND = 1308, SUM = 14170637.9999999, bChange = 0.00563426, totNum = 288
ROUND = 1309, SUM = 14170638, bChange = 0.00563426, totNum = 288
ROUND = 1310, SUM = 14170637.9999999, bChange = 0.00563426, totNum = 288
ROUND = 1311, SUM = 14170637.9999999, bChange = 0.00563426, totNum = 288
ROUND = 1312, SUM = 14170638, bChange = 0.00563426, totNum = 287
ROUND = 1313, SUM = 14170637.9999999, bChange = 0.00563426, totNum = 287
ROUND = 1314, SUM = 14170638, bChange = 0.00563426, totNum = 286
ROUND = 1315, SUM = 14170637.9999999, bChange = 0.00563426, totNum = 286
ROUND = 1316, SUM = 14170638, bChange = 0.00563426, totNum = 286
ROUND = 1317, SUM = 14170638, bChange = 0.00563426, totNum = 286
ROUND = 1318, SUM = 14170638, bChange = 0.00563426, totNum = 285
ROUND = 1319, SUM = 14170638, bChange = 0.00563426, totNum = 285
ROUND = 1320, SUM = 14170637.9999999, bChange = 0.00563426, totNum = 285
ROUND = 1321, SUM = 14170638, bChange = 0.00563426, totNum = 285
ROUND = 1322, SUM = 14170638, bChange = 0.00563426, totNum = 284
ROUND = 1323, SUM = 14170637.9999999, bChange = 0.00563426, totNum = 284
ROUND = 1324, SUM = 14170638, bChange = 0.00563426, totNum = 284
ROUND = 1325, SUM = 14170637.9999999, bChange = 0.00563426, totNum = 282
ROUND = 1326, SUM = 14170637.9999999, bChange = 0.00563426, totNum = 282
ROUND = 1327, SUM = 14170637.9999999, bChange = 0.00563426, totNum = 282
ROUND = 1328, SUM = 14170638, bChange = 0.00563426, totNum = 282
ROUND = 1329, SUM = 14170638, bChange = 0.00563426, totNum = 281
ROUND = 1330, SUM = 14170638, bChange = 0.00563426, totNum = 281
ROUND = 1331, SUM = 14170638, bChange = 0.00563426, totNum = 280
ROUND = 1332, SUM = 14170638, bChange = 0.00563426, totNum = 279
ROUND = 1333, SUM = 14170638, bChange = 0.00563426, totNum = 278
ROUND = 1334, SUM = 14170638, bChange = 0.00563426, totNum = 278
ROUND = 1335, SUM = 14170637.9999999, bChange = 0.00563426, totNum = 278
ROUND = 1336, SUM = 14170638, bChange = 0.00563426, totNum = 278
ROUND = 1337, SUM = 14170638, bChange = 0.00563426, totNum = 278
ROUND = 1338, SUM = 14170637.9999999, bChange = 0.00563426, totNum = 277
ROUND = 1339, SUM = 14170638, bChange = 0.00563426, totNum = 277
ROUND = 1340, SUM = 14170638, bChange = 0.00563426, totNum = 277
ROUND = 1341, SUM = 14170637.9999999, bChange = 0.00563426, totNum = 275
ROUND = 1342, SUM = 14170638, bChange = 0.00563426, totNum = 271
ROUND = 1343, SUM = 14170638, bChange = 0.00563426, totNum = 271
ROUND = 1344, SUM = 14170638, bChange = 0.00563426, totNum = 270
ROUND = 1345, SUM = 14170638, bChange = 0.00563426, totNum = 268
ROUND = 1346, SUM = 14170637.9999999, bChange = 0.00563426, totNum = 268
ROUND = 1347, SUM = 14170638, bChange = 0.00563426, totNum = 268
ROUND = 1348, SUM = 14170638, bChange = 0.00563426, totNum = 266
ROUND = 1349, SUM = 14170638, bChange = 0.00563426, totNum = 265
ROUND = 1350, SUM = 14170637.9999999, bChange = 0.00563426, totNum = 265
ROUND = 1351, SUM = 14170638, bChange = 0.00563426, totNum = 265
ROUND = 1352, SUM = 14170637.9999999, bChange = 0.00563426, totNum = 265
ROUND = 1353, SUM = 14170638, bChange = 0.00563426, totNum = 265
ROUND = 1354, SUM = 14170637.9999999, bChange = 0.00563426, totNum = 265
ROUND = 1355, SUM = 14170637.9999999, bChange = 0.00563426, totNum = 264
ROUND = 1356, SUM = 14170637.9999999, bChange = 0.00563426, totNum = 264
ROUND = 1357, SUM = 14170637.9999999, bChange = 0.00563426, totNum = 265
ROUND = 1358, SUM = 14170637.9999999, bChange = 0.00563427, totNum = 264
ROUND = 1359, SUM = 14170637.9999999, bChange = 0.00563427, totNum = 264
ROUND = 1360, SUM = 14170637.9999999, bChange = 0.00563427, totNum = 264
ROUND = 1361, SUM = 14170637.9999999, bChange = 0.00563427, totNum = 264
ROUND = 1362, SUM = 14170637.9999999, bChange = 0.00563427, totNum = 264
ROUND = 1363, SUM = 14170638, bChange = 0.00563427, totNum = 264
ROUND = 1364, SUM = 14170638, bChange = 0.00563427, totNum = 264
ROUND = 1365, SUM = 14170637.9999999, bChange = 0.00563427, totNum = 263
ROUND = 1366, SUM = 14170638, bChange = 0.00563427, totNum = 261
ROUND = 1367, SUM = 14170638, bChange = 0.00563427, totNum = 260
ROUND = 1368, SUM = 14170637.9999999, bChange = 0.00563427, totNum = 260
ROUND = 1369, SUM = 14170638, bChange = 0.00563427, totNum = 260
ROUND = 1370, SUM = 14170638, bChange = 0.00563427, totNum = 260
ROUND = 1371, SUM = 14170637.9999999, bChange = 0.00563427, totNum = 259
ROUND = 1372, SUM = 14170638, bChange = 0.00563427, totNum = 259
ROUND = 1373, SUM = 14170637.9999999, bChange = 0.00563427, totNum = 259
ROUND = 1374, SUM = 14170637.9999999, bChange = 0.00563427, totNum = 259
ROUND = 1375, SUM = 14170638, bChange = 0.00563427, totNum = 259
ROUND = 1376, SUM = 14170638, bChange = 0.00563427, totNum = 259
ROUND = 1377, SUM = 14170638, bChange = 0.00563427, totNum = 259
ROUND = 1378, SUM = 14170638, bChange = 0.00563427, totNum = 259
ROUND = 1379, SUM = 14170638, bChange = 0.00563427, totNum = 259
ROUND = 1380, SUM = 14170637.9999999, bChange = 0.00563427, totNum = 259
ROUND = 1381, SUM = 14170638, bChange = 0.00563427, totNum = 259
ROUND = 1382, SUM = 14170638, bChange = 0.00563427, totNum = 258
ROUND = 1383, SUM = 14170637.9999999, bChange = 0.00563427, totNum = 257
ROUND = 1384, SUM = 14170638, bChange = 0.00563427, totNum = 255
ROUND = 1385, SUM = 14170637.9999999, bChange = 0.00563427, totNum = 253
ROUND = 1386, SUM = 14170637.9999999, bChange = 0.00563427, totNum = 253
ROUND = 1387, SUM = 14170637.9999999, bChange = 0.00563427, totNum = 253
ROUND = 1388, SUM = 14170638, bChange = 0.00563427, totNum = 253
ROUND = 1389, SUM = 14170638, bChange = 0.00563427, totNum = 253
ROUND = 1390, SUM = 14170638, bChange = 0.00563427, totNum = 252
ROUND = 1391, SUM = 14170637.9999999, bChange = 0.00563427, totNum = 252
ROUND = 1392, SUM = 14170637.9999999, bChange = 0.00563427, totNum = 251
ROUND = 1393, SUM = 14170638, bChange = 0.00563427, totNum = 251
ROUND = 1394, SUM = 14170637.9999999, bChange = 0.00563427, totNum = 251
ROUND = 1395, SUM = 14170637.9999999, bChange = 0.00563427, totNum = 251
ROUND = 1396, SUM = 14170638, bChange = 0.00563427, totNum = 251
ROUND = 1397, SUM = 14170638, bChange = 0.00563427, totNum = 251
ROUND = 1398, SUM = 14170638, bChange = 0.00563427, totNum = 251
ROUND = 1399, SUM = 14170637.9999999, bChange = 0.00563427, totNum = 251
ROUND = 1400, SUM = 14170637.9999999, bChange = 0.00563427, totNum = 249
ROUND = 1401, SUM = 14170637.9999999, bChange = 0.00563427, totNum = 249
ROUND = 1402, SUM = 14170638, bChange = 0.00563427, totNum = 249
ROUND = 1403, SUM = 14170637.9999999, bChange = 0.00563427, totNum = 247
ROUND = 1404, SUM = 14170638, bChange = 0.00563427, totNum = 247
ROUND = 1405, SUM = 14170637.9999999, bChange = 0.00563427, totNum = 247
ROUND = 1406, SUM = 14170637.9999999, bChange = 0.00563427, totNum = 247
ROUND = 1407, SUM = 14170637.9999999, bChange = 0.00563427, totNum = 246
ROUND = 1408, SUM = 14170637.9999999, bChange = 0.00563427, totNum = 245
ROUND = 1409, SUM = 14170638, bChange = 0.00563427, totNum = 245
ROUND = 1410, SUM = 14170638, bChange = 0.00563427, totNum = 245
ROUND = 1411, SUM = 14170637.9999999, bChange = 0.00563427, totNum = 245
ROUND = 1412, SUM = 14170638, bChange = 0.00563427, totNum = 243
ROUND = 1413, SUM = 14170637.9999999, bChange = 0.00563427, totNum = 243
ROUND = 1414, SUM = 14170638, bChange = 0.00563427, totNum = 243
ROUND = 1415, SUM = 14170638, bChange = 0.00563427, totNum = 241
ROUND = 1416, SUM = 14170637.9999999, bChange = 0.00563427, totNum = 241
ROUND = 1417, SUM = 14170637.9999999, bChange = 0.00563427, totNum = 239
ROUND = 1418, SUM = 14170637.9999999, bChange = 0.00563427, totNum = 238
ROUND = 1419, SUM = 14170637.9999999, bChange = 0.00563427, totNum = 238
ROUND = 1420, SUM = 14170638, bChange = 0.00563427, totNum = 239
ROUND = 1421, SUM = 14170637.9999999, bChange = 0.00563427, totNum = 238
ROUND = 1422, SUM = 14170638, bChange = 0.00563427, totNum = 236
ROUND = 1423, SUM = 14170638, bChange = 0.00563427, totNum = 236
ROUND = 1424, SUM = 14170637.9999999, bChange = 0.00563427, totNum = 236
ROUND = 1425, SUM = 14170637.9999999, bChange = 0.00563427, totNum = 236
ROUND = 1426, SUM = 14170638, bChange = 0.00563427, totNum = 235
ROUND = 1427, SUM = 14170638, bChange = 0.00563427, totNum = 235
ROUND = 1428, SUM = 14170638, bChange = 0.00563427, totNum = 235
ROUND = 1429, SUM = 14170637.9999999, bChange = 0.00563427, totNum = 235
ROUND = 1430, SUM = 14170637.9999999, bChange = 0.00563427, totNum = 235
ROUND = 1431, SUM = 14170638, bChange = 0.00563427, totNum = 235
ROUND = 1432, SUM = 14170637.9999999, bChange = 0.00563427, totNum = 235
ROUND = 1433, SUM = 14170638, bChange = 0.00563427, totNum = 235
ROUND = 1434, SUM = 14170637.9999999, bChange = 0.00563427, totNum = 235
ROUND = 1435, SUM = 14170638, bChange = 0.00563428, totNum = 234
ROUND = 1436, SUM = 14170637.9999999, bChange = 0.00563428, totNum = 232
ROUND = 1437, SUM = 14170638, bChange = 0.00563428, totNum = 232
ROUND = 1438, SUM = 14170637.9999999, bChange = 0.00563428, totNum = 232
ROUND = 1439, SUM = 14170637.9999999, bChange = 0.00563428, totNum = 232
ROUND = 1440, SUM = 14170637.9999999, bChange = 0.00563428, totNum = 231
ROUND = 1441, SUM = 14170637.9999999, bChange = 0.00563428, totNum = 230
ROUND = 1442, SUM = 14170638, bChange = 0.00563428, totNum = 230
ROUND = 1443, SUM = 14170637.9999999, bChange = 0.00563428, totNum = 230
ROUND = 1444, SUM = 14170637.9999999, bChange = 0.00563428, totNum = 230
ROUND = 1445, SUM = 14170637.9999999, bChange = 0.00563428, totNum = 229
ROUND = 1446, SUM = 14170638, bChange = 0.00563428, totNum = 228
ROUND = 1447, SUM = 14170638, bChange = 0.00563428, totNum = 228
ROUND = 1448, SUM = 14170638, bChange = 0.00563428, totNum = 227
ROUND = 1449, SUM = 14170638, bChange = 0.00563428, totNum = 226
ROUND = 1450, SUM = 14170637.9999999, bChange = 0.00563428, totNum = 225
ROUND = 1451, SUM = 14170638, bChange = 0.00563428, totNum = 225
ROUND = 1452, SUM = 14170637.9999999, bChange = 0.00563428, totNum = 224
ROUND = 1453, SUM = 14170637.9999999, bChange = 0.0050908, totNum = 223
ROUND = 1454, SUM = 14170638, bChange = 0.0050917, totNum = 222
ROUND = 1455, SUM = 14170637.9999999, bChange = 0.0050926, totNum = 222
ROUND = 1456, SUM = 14170638, bChange = 0.00509349, totNum = 222
ROUND = 1457, SUM = 14170638, bChange = 0.00509438, totNum = 222
ROUND = 1458, SUM = 14170637.9999999, bChange = 0.00509527, totNum = 221
ROUND = 1459, SUM = 14170638, bChange = 0.00509615, totNum = 221
ROUND = 1460, SUM = 14170638, bChange = 0.00509704, totNum = 221
ROUND = 1461, SUM = 14170638, bChange = 0.00509791, totNum = 221
ROUND = 1462, SUM = 14170638, bChange = 0.00509879, totNum = 220
ROUND = 1463, SUM = 14170638, bChange = 0.00509966, totNum = 220
ROUND = 1464, SUM = 14170638, bChange = 0.00510053, totNum = 220
ROUND = 1465, SUM = 14170638, bChange = 0.0051014, totNum = 220
ROUND = 1466, SUM = 14170638, bChange = 0.00510227, totNum = 219
ROUND = 1467, SUM = 14170638, bChange = 0.00510313, totNum = 219
ROUND = 1468, SUM = 14170638, bChange = 0.00510399, totNum = 219
ROUND = 1469, SUM = 14170637.9999999, bChange = 0.00510484, totNum = 219
ROUND = 1470, SUM = 14170638, bChange = 0.00510569, totNum = 219
ROUND = 1471, SUM = 14170637.9999999, bChange = 0.00510654, totNum = 219
ROUND = 1472, SUM = 14170638, bChange = 0.00510739, totNum = 219
ROUND = 1473, SUM = 14170638, bChange = 0.00510824, totNum = 219
ROUND = 1474, SUM = 14170638, bChange = 0.00510908, totNum = 218
ROUND = 1475, SUM = 14170637.9999999, bChange = 0.00510992, totNum = 218
ROUND = 1476, SUM = 14170638, bChange = 0.00511075, totNum = 218
ROUND = 1477, SUM = 14170638, bChange = 0.00511159, totNum = 218
ROUND = 1478, SUM = 14170637.9999999, bChange = 0.00511242, totNum = 218
ROUND = 1479, SUM = 14170638, bChange = 0.00511325, totNum = 218
ROUND = 1480, SUM = 14170638.0000001, bChange = 0.00511407, totNum = 217
ROUND = 1481, SUM = 14170638, bChange = 0.00511489, totNum = 217
ROUND = 1482, SUM = 14170637.9999999, bChange = 0.00511571, totNum = 217
ROUND = 1483, SUM = 14170638, bChange = 0.00511653, totNum = 217
ROUND = 1484, SUM = 14170638, bChange = 0.00511734, totNum = 216
ROUND = 1485, SUM = 14170638, bChange = 0.00511816, totNum = 216
ROUND = 1486, SUM = 14170638, bChange = 0.0043489, totNum = 214
ROUND = 1487, SUM = 14170638, bChange = 0.00435009, totNum = 214
ROUND = 1488, SUM = 14170638, bChange = 0.00435127, totNum = 214
ROUND = 1489, SUM = 14170638, bChange = 0.00435245, totNum = 214
ROUND = 1490, SUM = 14170637.9999999, bChange = 0.00435363, totNum = 214
ROUND = 1491, SUM = 14170638, bChange = 0.0043548, totNum = 213
ROUND = 1492, SUM = 14170638, bChange = 0.00435598, totNum = 213
ROUND = 1493, SUM = 14170638, bChange = 0.00435715, totNum = 213
ROUND = 1494, SUM = 14170637.9999999, bChange = 0.00435832, totNum = 213
ROUND = 1495, SUM = 14170638, bChange = 0.0043595, totNum = 213
ROUND = 1496, SUM = 14170638, bChange = 0.00436067, totNum = 213
ROUND = 1497, SUM = 14170638, bChange = 0.00436183, totNum = 213
ROUND = 1498, SUM = 14170637.9999999, bChange = 0.004363, totNum = 212
ROUND = 1499, SUM = 14170638, bChange = 0.00436417, totNum = 212
ROUND = 1500, SUM = 14170637.9999999, bChange = 0.00436533, totNum = 211
ROUND = 1501, SUM = 14170638, bChange = 0.00436649, totNum = 211
ROUND = 1502, SUM = 14170638, bChange = 0.00436765, totNum = 211
ROUND = 1503, SUM = 14170638, bChange = 0.00436881, totNum = 210
ROUND = 1504, SUM = 14170638, bChange = 0.00436997, totNum = 209
ROUND = 1505, SUM = 14170638, bChange = 0.00437113, totNum = 207
ROUND = 1506, SUM = 14170638, bChange = 0.00437228, totNum = 207
ROUND = 1507, SUM = 14170638, bChange = 0.00437344, totNum = 207
ROUND = 1508, SUM = 14170638, bChange = 0.00437459, totNum = 207
ROUND = 1509, SUM = 14170638, bChange = 0.00437574, totNum = 206
ROUND = 1510, SUM = 14170638, bChange = 0.00437689, totNum = 204
ROUND = 1511, SUM = 14170638, bChange = 0.00437804, totNum = 204
ROUND = 1512, SUM = 14170638, bChange = 0.00437918, totNum = 203
ROUND = 1513, SUM = 14170638, bChange = 0.00438033, totNum = 203
ROUND = 1514, SUM = 14170637.9999999, bChange = 0.00438147, totNum = 203
ROUND = 1515, SUM = 14170638, bChange = 0.00438262, totNum = 203
ROUND = 1516, SUM = 14170638, bChange = 0.00438376, totNum = 202
ROUND = 1517, SUM = 14170638, bChange = 0.0043849, totNum = 202
ROUND = 1518, SUM = 14170638, bChange = 0.00438603, totNum = 200
ROUND = 1519, SUM = 14170638, bChange = 0.00438717, totNum = 199
ROUND = 1520, SUM = 14170638, bChange = 0.00438831, totNum = 199
ROUND = 1521, SUM = 14170638, bChange = 0.00438944, totNum = 198
ROUND = 1522, SUM = 14170638, bChange = 0.00439057, totNum = 198
ROUND = 1523, SUM = 14170638, bChange = 0.0043917, totNum = 198
ROUND = 1524, SUM = 14170638, bChange = 0.00439283, totNum = 198
ROUND = 1525, SUM = 14170638, bChange = 0.00439396, totNum = 198
ROUND = 1526, SUM = 14170637.9999999, bChange = 0.00439509, totNum = 198
ROUND = 1527, SUM = 14170638, bChange = 0.00439621, totNum = 198
ROUND = 1528, SUM = 14170638, bChange = 0.00439734, totNum = 198
ROUND = 1529, SUM = 14170638, bChange = 0.00439846, totNum = 198
ROUND = 1530, SUM = 14170638, bChange = 0.00439958, totNum = 198
ROUND = 1531, SUM = 14170637.9999999, bChange = 0.0044007, totNum = 198
ROUND = 1532, SUM = 14170637.9999999, bChange = 0.00440182, totNum = 198
ROUND = 1533, SUM = 14170637.9999999, bChange = 0.00440293, totNum = 198
ROUND = 1534, SUM = 14170637.9999999, bChange = 0.00440405, totNum = 198
ROUND = 1535, SUM = 14170638, bChange = 0.00440516, totNum = 198
ROUND = 1536, SUM = 14170637.9999999, bChange = 0.00440627, totNum = 197
ROUND = 1537, SUM = 14170638, bChange = 0.00440738, totNum = 197
ROUND = 1538, SUM = 14170638, bChange = 0.00440849, totNum = 197
ROUND = 1539, SUM = 14170637.9999999, bChange = 0.0044096, totNum = 196
ROUND = 1540, SUM = 14170637.9999999, bChange = 0.00441071, totNum = 196
ROUND = 1541, SUM = 14170637.9999999, bChange = 0.00441181, totNum = 195
ROUND = 1542, SUM = 14170637.9999999, bChange = 0.00441292, totNum = 195
ROUND = 1543, SUM = 14170637.9999999, bChange = 0.00441402, totNum = 195
ROUND = 1544, SUM = 14170638, bChange = 0.00441512, totNum = 195
ROUND = 1545, SUM = 14170638, bChange = 0.00441622, totNum = 195
ROUND = 1546, SUM = 14170638, bChange = 0.00441732, totNum = 195
ROUND = 1547, SUM = 14170638, bChange = 0.00441842, totNum = 195
ROUND = 1548, SUM = 14170638, bChange = 0.00441951, totNum = 195
ROUND = 1549, SUM = 14170638, bChange = 0.00442061, totNum = 195
ROUND = 1550, SUM = 14170638, bChange = 0.0044217, totNum = 195
ROUND = 1551, SUM = 14170638, bChange = 0.00442279, totNum = 194
ROUND = 1552, SUM = 14170638, bChange = 0.00442388, totNum = 194
ROUND = 1553, SUM = 14170638, bChange = 0.00442497, totNum = 192
ROUND = 1554, SUM = 14170638, bChange = 0.00442605, totNum = 192
ROUND = 1555, SUM = 14170638, bChange = 0.00442714, totNum = 192
ROUND = 1556, SUM = 14170638, bChange = 0.00442822, totNum = 192
ROUND = 1557, SUM = 14170637.9999999, bChange = 0.00442931, totNum = 191
ROUND = 1558, SUM = 14170638, bChange = 0.00443039, totNum = 191
ROUND = 1559, SUM = 14170638, bChange = 0.00443147, totNum = 191
ROUND = 1560, SUM = 14170638, bChange = 0.00443255, totNum = 191
ROUND = 1561, SUM = 14170638, bChange = 0.00443362, totNum = 191
ROUND = 1562, SUM = 14170637.9999999, bChange = 0.0044347, totNum = 191
ROUND = 1563, SUM = 14170637.9999999, bChange = 0.00443577, totNum = 191
ROUND = 1564, SUM = 14170637.9999999, bChange = 0.00443685, totNum = 191
ROUND = 1565, SUM = 14170638, bChange = 0.00443792, totNum = 191
ROUND = 1566, SUM = 14170637.9999999, bChange = 0.00443899, totNum = 191
ROUND = 1567, SUM = 14170638, bChange = 0.00444006, totNum = 190
ROUND = 1568, SUM = 14170638, bChange = 0.00444113, totNum = 188
ROUND = 1569, SUM = 14170637.9999999, bChange = 0.00444219, totNum = 188
ROUND = 1570, SUM = 14170637.9999999, bChange = 0.00444326, totNum = 187
ROUND = 1571, SUM = 14170637.9999999, bChange = 0.00444432, totNum = 185
ROUND = 1572, SUM = 14170638, bChange = 0.00444538, totNum = 185
ROUND = 1573, SUM = 14170638, bChange = 0.00444644, totNum = 185
ROUND = 1574, SUM = 14170637.9999999, bChange = 0.0044475, totNum = 184
ROUND = 1575, SUM = 14170638, bChange = 0.00444856, totNum = 183
ROUND = 1576, SUM = 14170638, bChange = 0.00444961, totNum = 183
ROUND = 1577, SUM = 14170638, bChange = 0.00445067, totNum = 183
ROUND = 1578, SUM = 14170637.9999999, bChange = 0.00445172, totNum = 183
ROUND = 1579, SUM = 14170637.9999999, bChange = 0.00445277, totNum = 181
ROUND = 1580, SUM = 14170638, bChange = 0.00445383, totNum = 180
ROUND = 1581, SUM = 14170638, bChange = 0.00445487, totNum = 180
ROUND = 1582, SUM = 14170638, bChange = 0.00445592, totNum = 179
ROUND = 1583, SUM = 14170637.9999999, bChange = 0.00445697, totNum = 179
ROUND = 1584, SUM = 14170637.9999999, bChange = 0.00445801, totNum = 179
ROUND = 1585, SUM = 14170638, bChange = 0.00445906, totNum = 179
ROUND = 1586, SUM = 14170637.9999999, bChange = 0.0044601, totNum = 178
ROUND = 1587, SUM = 14170637.9999999, bChange = 0.00446114, totNum = 177
ROUND = 1588, SUM = 14170637.9999999, bChange = 0.00446218, totNum = 177
ROUND = 1589, SUM = 14170638, bChange = 0.00446322, totNum = 175
ROUND = 1590, SUM = 14170637.9999999, bChange = 0.00446426, totNum = 174
ROUND = 1591, SUM = 14170638, bChange = 0.00446529, totNum = 174
ROUND = 1592, SUM = 14170637.9999999, bChange = 0.00446633, totNum = 173
ROUND = 1593, SUM = 14170638, bChange = 0.00446736, totNum = 172
ROUND = 1594, SUM = 14170637.9999999, bChange = 0.00446839, totNum = 172
ROUND = 1595, SUM = 14170638, bChange = 0.00446942, totNum = 172
ROUND = 1596, SUM = 14170637.9999999, bChange = 0.00447045, totNum = 172
ROUND = 1597, SUM = 14170638, bChange = 0.00447148, totNum = 172
ROUND = 1598, SUM = 14170638, bChange = 0.0044725, totNum = 171
ROUND = 1599, SUM = 14170638, bChange = 0.00447353, totNum = 171
ROUND = 1600, SUM = 14170638, bChange = 0.00447455, totNum = 171
ROUND = 1601, SUM = 14170637.9999999, bChange = 0.00447557, totNum = 171
ROUND = 1602, SUM = 14170638, bChange = 0.00447659, totNum = 171
ROUND = 1603, SUM = 14170638, bChange = 0.00447761, totNum = 170
ROUND = 1604, SUM = 14170638, bChange = 0.00447863, totNum = 170
ROUND = 1605, SUM = 14170637.9999999, bChange = 0.00447965, totNum = 169
ROUND = 1606, SUM = 14170638, bChange = 0.00448066, totNum = 168
ROUND = 1607, SUM = 14170637.9999999, bChange = 0.00448168, totNum = 168
ROUND = 1608, SUM = 14170638, bChange = 0.00448269, totNum = 167
ROUND = 1609, SUM = 14170638, bChange = 0.0044837, totNum = 166
ROUND = 1610, SUM = 14170637.9999999, bChange = 0.00448471, totNum = 166
ROUND = 1611, SUM = 14170638, bChange = 0.00448572, totNum = 166
ROUND = 1612, SUM = 14170638, bChange = 0.00448673, totNum = 166
ROUND = 1613, SUM = 14170637.9999999, bChange = 0.00448773, totNum = 165
ROUND = 1614, SUM = 14170638, bChange = 0.00448874, totNum = 164
ROUND = 1615, SUM = 14170638, bChange = 0.00448974, totNum = 164
ROUND = 1616, SUM = 14170637.9999999, bChange = 0.00449074, totNum = 164
ROUND = 1617, SUM = 14170638, bChange = 0.00449174, totNum = 164
ROUND = 1618, SUM = 14170638, bChange = 0.00449274, totNum = 164
ROUND = 1619, SUM = 14170638, bChange = 0.00449374, totNum = 164
ROUND = 1620, SUM = 14170638, bChange = 0.00449473, totNum = 164
ROUND = 1621, SUM = 14170638, bChange = 0.00449573, totNum = 164
ROUND = 1622, SUM = 14170638, bChange = 0.00449672, totNum = 164
ROUND = 1623, SUM = 14170637.9999999, bChange = 0.00449771, totNum = 165
ROUND = 1624, SUM = 14170637.9999999, bChange = 0.0044987, totNum = 164
ROUND = 1625, SUM = 14170638, bChange = 0.00449969, totNum = 164
ROUND = 1626, SUM = 14170638, bChange = 0.00450068, totNum = 165
ROUND = 1627, SUM = 14170638, bChange = 0.00450167, totNum = 165
ROUND = 1628, SUM = 14170638, bChange = 0.00450265, totNum = 165
ROUND = 1629, SUM = 14170638, bChange = 0.00450364, totNum = 165
ROUND = 1630, SUM = 14170638, bChange = 0.00450462, totNum = 165
ROUND = 1631, SUM = 14170638, bChange = 0.0045056, totNum = 165
ROUND = 1632, SUM = 14170637.9999999, bChange = 0.00450658, totNum = 165
ROUND = 1633, SUM = 14170638, bChange = 0.00450756, totNum = 165
ROUND = 1634, SUM = 14170637.9999999, bChange = 0.00450854, totNum = 164
ROUND = 1635, SUM = 14170638, bChange = 0.00450952, totNum = 164
ROUND = 1636, SUM = 14170638, bChange = 0.00451049, totNum = 163
ROUND = 1637, SUM = 14170638, bChange = 0.00451146, totNum = 163
ROUND = 1638, SUM = 14170638, bChange = 0.00451244, totNum = 163
ROUND = 1639, SUM = 14170638, bChange = 0.00451341, totNum = 163
ROUND = 1640, SUM = 14170637.9999999, bChange = 0.00451438, totNum = 162
ROUND = 1641, SUM = 14170638, bChange = 0.00451535, totNum = 162
ROUND = 1642, SUM = 14170637.9999999, bChange = 0.00451631, totNum = 162
ROUND = 1643, SUM = 14170638, bChange = 0.00451728, totNum = 162
ROUND = 1644, SUM = 14170638, bChange = 0.00451824, totNum = 162
ROUND = 1645, SUM = 14170638, bChange = 0.00451921, totNum = 162
ROUND = 1646, SUM = 14170637.9999999, bChange = 0.00452017, totNum = 162
ROUND = 1647, SUM = 14170638, bChange = 0.00452113, totNum = 162
ROUND = 1648, SUM = 14170637.9999999, bChange = 0.00452209, totNum = 162
ROUND = 1649, SUM = 14170638, bChange = 0.00452304, totNum = 162
ROUND = 1650, SUM = 14170638, bChange = 0.004524, totNum = 161
ROUND = 1651, SUM = 14170637.9999999, bChange = 0.00452496, totNum = 161
ROUND = 1652, SUM = 14170638, bChange = 0.00452591, totNum = 161
ROUND = 1653, SUM = 14170638, bChange = 0.00452686, totNum = 160
ROUND = 1654, SUM = 14170637.9999999, bChange = 0.00452781, totNum = 160
ROUND = 1655, SUM = 14170637.9999999, bChange = 0.00452876, totNum = 160
ROUND = 1656, SUM = 14170638, bChange = 0.00452971, totNum = 160
ROUND = 1657, SUM = 14170638, bChange = 0.00453066, totNum = 160
ROUND = 1658, SUM = 14170637.9999999, bChange = 0.00453161, totNum = 161
ROUND = 1659, SUM = 14170637.9999999, bChange = 0.00453255, totNum = 161
ROUND = 1660, SUM = 14170638, bChange = 0.00453349, totNum = 160
ROUND = 1661, SUM = 14170638, bChange = 0.00453444, totNum = 159
ROUND = 1662, SUM = 14170638, bChange = 0.00453538, totNum = 159
ROUND = 1663, SUM = 14170637.9999999, bChange = 0.00453632, totNum = 158
ROUND = 1664, SUM = 14170637.9999999, bChange = 0.00453725, totNum = 158
ROUND = 1665, SUM = 14170638, bChange = 0.00453819, totNum = 158
ROUND = 1666, SUM = 14170638, bChange = 0.00453913, totNum = 157
ROUND = 1667, SUM = 14170638, bChange = 0.00454006, totNum = 156
ROUND = 1668, SUM = 14170638, bChange = 0.00454099, totNum = 156
ROUND = 1669, SUM = 14170638, bChange = 0.00454193, totNum = 156
ROUND = 1670, SUM = 14170637.9999999, bChange = 0.00454286, totNum = 156
ROUND = 1671, SUM = 14170638, bChange = 0.00454379, totNum = 155
ROUND = 1672, SUM = 14170637.9999999, bChange = 0.00454471, totNum = 155
ROUND = 1673, SUM = 14170638, bChange = 0.00454564, totNum = 155
ROUND = 1674, SUM = 14170638, bChange = 0.00454657, totNum = 155
ROUND = 1675, SUM = 14170637.9999999, bChange = 0.00454749, totNum = 155
ROUND = 1676, SUM = 14170638, bChange = 0.00454841, totNum = 155
ROUND = 1677, SUM = 14170638, bChange = 0.00454933, totNum = 155
ROUND = 1678, SUM = 14170638, bChange = 0.00455025, totNum = 155
ROUND = 1679, SUM = 14170637.9999999, bChange = 0.00455117, totNum = 155
ROUND = 1680, SUM = 14170638, bChange = 0.00455209, totNum = 155
ROUND = 1681, SUM = 14170638, bChange = 0.00455301, totNum = 153
ROUND = 1682, SUM = 14170638, bChange = 0.00455392, totNum = 152
ROUND = 1683, SUM = 14170637.9999999, bChange = 0.00455484, totNum = 151
ROUND = 1684, SUM = 14170637.9999999, bChange = 0.00455575, totNum = 150
ROUND = 1685, SUM = 14170638, bChange = 0.00455666, totNum = 150
ROUND = 1686, SUM = 14170637.9999999, bChange = 0.00455757, totNum = 150
ROUND = 1687, SUM = 14170638, bChange = 0.00455848, totNum = 149
ROUND = 1688, SUM = 14170638, bChange = 0.00455939, totNum = 149
ROUND = 1689, SUM = 14170638, bChange = 0.00456029, totNum = 149
ROUND = 1690, SUM = 14170638, bChange = 0.0045612, totNum = 148
ROUND = 1691, SUM = 14170638, bChange = 0.0045621, totNum = 148
ROUND = 1692, SUM = 14170638, bChange = 0.004563, totNum = 148
ROUND = 1693, SUM = 14170637.9999999, bChange = 0.00456391, totNum = 148
ROUND = 1694, SUM = 14170638, bChange = 0.00456481, totNum = 148
ROUND = 1695, SUM = 14170638, bChange = 0.0045657, totNum = 148
ROUND = 1696, SUM = 14170638, bChange = 0.0045666, totNum = 148
ROUND = 1697, SUM = 14170638, bChange = 0.0045675, totNum = 148
ROUND = 1698, SUM = 14170638, bChange = 0.00456839, totNum = 148
ROUND = 1699, SUM = 14170637.9999999, bChange = 0.00456929, totNum = 147
ROUND = 1700, SUM = 14170638, bChange = 0.00457018, totNum = 147
ROUND = 1701, SUM = 14170637.9999999, bChange = 0.00457107, totNum = 146
ROUND = 1702, SUM = 14170638, bChange = 0.00457196, totNum = 146
ROUND = 1703, SUM = 14170638, bChange = 0.00457285, totNum = 146
ROUND = 1704, SUM = 14170638, bChange = 0.00457374, totNum = 146
ROUND = 1705, SUM = 14170638.0000001, bChange = 0.00457462, totNum = 146
ROUND = 1706, SUM = 14170638, bChange = 0.00457551, totNum = 146
ROUND = 1707, SUM = 14170638, bChange = 0.00457639, totNum = 146
ROUND = 1708, SUM = 14170638, bChange = 0.00457727, totNum = 145
ROUND = 1709, SUM = 14170638, bChange = 0.00457815, totNum = 145
ROUND = 1710, SUM = 14170638, bChange = 0.00457903, totNum = 145
ROUND = 1711, SUM = 14170637.9999999, bChange = 0.00457991, totNum = 145
ROUND = 1712, SUM = 14170638, bChange = 0.00458079, totNum = 145
ROUND = 1713, SUM = 14170638, bChange = 0.00458167, totNum = 145
ROUND = 1714, SUM = 14170638, bChange = 0.00458254, totNum = 145
ROUND = 1715, SUM = 14170638, bChange = 0.00458342, totNum = 145
ROUND = 1716, SUM = 14170638, bChange = 0.00458429, totNum = 145
ROUND = 1717, SUM = 14170638, bChange = 0.00458516, totNum = 145
ROUND = 1718, SUM = 14170637.9999999, bChange = 0.00458603, totNum = 144
ROUND = 1719, SUM = 14170638, bChange = 0.0045869, totNum = 144
ROUND = 1720, SUM = 14170637.9999999, bChange = 0.00458777, totNum = 143
ROUND = 1721, SUM = 14170638, bChange = 0.00458863, totNum = 143
ROUND = 1722, SUM = 14170638, bChange = 0.0045895, totNum = 143
ROUND = 1723, SUM = 14170637.9999999, bChange = 0.00459036, totNum = 143
ROUND = 1724, SUM = 14170638, bChange = 0.00459122, totNum = 142
ROUND = 1725, SUM = 14170637.9999999, bChange = 0.00459209, totNum = 141
ROUND = 1726, SUM = 14170638, bChange = 0.00459295, totNum = 141
ROUND = 1727, SUM = 14170638, bChange = 0.0045938, totNum = 140
ROUND = 1728, SUM = 14170637.9999999, bChange = 0.00459466, totNum = 140
ROUND = 1729, SUM = 14170638, bChange = 0.00459552, totNum = 140
ROUND = 1730, SUM = 14170638, bChange = 0.00459637, totNum = 140
ROUND = 1731, SUM = 14170638, bChange = 0.00459723, totNum = 140
ROUND = 1732, SUM = 14170638, bChange = 0.00459808, totNum = 140
ROUND = 1733, SUM = 14170638, bChange = 0.00459893, totNum = 140
ROUND = 1734, SUM = 14170637.9999999, bChange = 0.00459978, totNum = 140
ROUND = 1735, SUM = 14170638, bChange = 0.00460063, totNum = 140
ROUND = 1736, SUM = 14170638, bChange = 0.00460148, totNum = 140
ROUND = 1737, SUM = 14170638, bChange = 0.00460233, totNum = 140
ROUND = 1738, SUM = 14170637.9999999, bChange = 0.00460317, totNum = 140
ROUND = 1739, SUM = 14170638, bChange = 0.00460402, totNum = 140
ROUND = 1740, SUM = 14170638, bChange = 0.00460486, totNum = 140
ROUND = 1741, SUM = 14170638.0000001, bChange = 0.0046057, totNum = 140
ROUND = 1742, SUM = 14170638, bChange = 0.00460654, totNum = 140
ROUND = 1743, SUM = 14170638, bChange = 0.00460738, totNum = 140
ROUND = 1744, SUM = 14170638, bChange = 0.00460822, totNum = 140
ROUND = 1745, SUM = 14170638, bChange = 0.00460906, totNum = 140
ROUND = 1746, SUM = 14170638, bChange = 0.0046099, totNum = 139
ROUND = 1747, SUM = 14170638, bChange = 0.00461073, totNum = 139
ROUND = 1748, SUM = 14170638, bChange = 0.00461157, totNum = 138
ROUND = 1749, SUM = 14170638, bChange = 0.0046124, totNum = 138
ROUND = 1750, SUM = 14170638, bChange = 0.00461323, totNum = 138
ROUND = 1751, SUM = 14170638, bChange = 0.00461406, totNum = 137
ROUND = 1752, SUM = 14170638, bChange = 0.00461489, totNum = 137
ROUND = 1753, SUM = 14170638, bChange = 0.00461572, totNum = 137
ROUND = 1754, SUM = 14170638, bChange = 0.00461654, totNum = 137
ROUND = 1755, SUM = 14170638, bChange = 0.00461737, totNum = 136
ROUND = 1756, SUM = 14170638, bChange = 0.00461819, totNum = 135
ROUND = 1757, SUM = 14170638, bChange = 0.00461902, totNum = 135
ROUND = 1758, SUM = 14170638, bChange = 0.00461984, totNum = 135
ROUND = 1759, SUM = 14170638, bChange = 0.00462066, totNum = 135
ROUND = 1760, SUM = 14170638, bChange = 0.00462148, totNum = 134
ROUND = 1761, SUM = 14170638, bChange = 0.0046223, totNum = 134
ROUND = 1762, SUM = 14170638, bChange = 0.00462311, totNum = 134
ROUND = 1763, SUM = 14170638, bChange = 0.00462393, totNum = 134
ROUND = 1764, SUM = 14170637.9999999, bChange = 0.00462474, totNum = 133
ROUND = 1765, SUM = 14170638, bChange = 0.00462556, totNum = 133
ROUND = 1766, SUM = 14170638, bChange = 0.00462637, totNum = 132
ROUND = 1767, SUM = 14170638, bChange = 0.00462718, totNum = 132
ROUND = 1768, SUM = 14170638, bChange = 0.00462799, totNum = 132
ROUND = 1769, SUM = 14170638, bChange = 0.0046288, totNum = 132
ROUND = 1770, SUM = 14170638, bChange = 0.00462961, totNum = 131
ROUND = 1771, SUM = 14170638, bChange = 0.00463042, totNum = 131
ROUND = 1772, SUM = 14170638, bChange = 0.00354427, totNum = 130
ROUND = 1773, SUM = 14170638.0000001, bChange = 0.00354527, totNum = 130
ROUND = 1774, SUM = 14170638, bChange = 0.00354628, totNum = 130
ROUND = 1775, SUM = 14170638, bChange = 0.00354728, totNum = 130
ROUND = 1776, SUM = 14170638, bChange = 0.00354827, totNum = 130
ROUND = 1777, SUM = 14170638, bChange = 0.00354927, totNum = 129
ROUND = 1778, SUM = 14170638, bChange = 0.00355026, totNum = 128
ROUND = 1779, SUM = 14170638, bChange = 0.00355125, totNum = 128
ROUND = 1780, SUM = 14170638, bChange = 0.00355224, totNum = 128
ROUND = 1781, SUM = 14170638, bChange = 0.00355323, totNum = 128
ROUND = 1782, SUM = 14170638, bChange = 0.00355421, totNum = 128
ROUND = 1783, SUM = 14170638, bChange = 0.0035552, totNum = 128
ROUND = 1784, SUM = 14170638, bChange = 0.00355618, totNum = 128
ROUND = 1785, SUM = 14170638, bChange = 0.00355715, totNum = 128
ROUND = 1786, SUM = 14170638, bChange = 0.00355813, totNum = 128
ROUND = 1787, SUM = 14170638, bChange = 0.0035591, totNum = 128
ROUND = 1788, SUM = 14170638, bChange = 0.00356007, totNum = 127
ROUND = 1789, SUM = 14170638, bChange = 0.00356104, totNum = 127
ROUND = 1790, SUM = 14170638, bChange = 0.00356201, totNum = 127
ROUND = 1791, SUM = 14170638, bChange = 0.00356297, totNum = 127
ROUND = 1792, SUM = 14170638, bChange = 0.00356393, totNum = 127
ROUND = 1793, SUM = 14170638, bChange = 0.00356489, totNum = 126
ROUND = 1794, SUM = 14170638, bChange = 0.00356585, totNum = 124
ROUND = 1795, SUM = 14170638, bChange = 0.00356681, totNum = 124
ROUND = 1796, SUM = 14170638, bChange = 0.00356776, totNum = 124
ROUND = 1797, SUM = 14170638, bChange = 0.00356871, totNum = 124
ROUND = 1798, SUM = 14170638, bChange = 0.00356966, totNum = 123
ROUND = 1799, SUM = 14170638, bChange = 0.00357061, totNum = 123
ROUND = 1800, SUM = 14170638, bChange = 0.00357155, totNum = 122
ROUND = 1801, SUM = 14170638, bChange = 0.00357249, totNum = 122
ROUND = 1802, SUM = 14170638, bChange = 0.00357343, totNum = 121
ROUND = 1803, SUM = 14170638, bChange = 0.00357437, totNum = 121
ROUND = 1804, SUM = 14170638, bChange = 0.00357531, totNum = 121
ROUND = 1805, SUM = 14170638, bChange = 0.00357624, totNum = 120
ROUND = 1806, SUM = 14170638, bChange = 0.00357717, totNum = 120
ROUND = 1807, SUM = 14170638, bChange = 0.0035781, totNum = 119
ROUND = 1808, SUM = 14170638, bChange = 0.00357903, totNum = 119
ROUND = 1809, SUM = 14170638, bChange = 0.00357995, totNum = 118
ROUND = 1810, SUM = 14170638.0000001, bChange = 0.00358088, totNum = 118
ROUND = 1811, SUM = 14170638, bChange = 0.0035818, totNum = 118
ROUND = 1812, SUM = 14170638, bChange = 0.00358272, totNum = 118
ROUND = 1813, SUM = 14170638, bChange = 0.00358363, totNum = 118
ROUND = 1814, SUM = 14170638, bChange = 0.00358455, totNum = 118
ROUND = 1815, SUM = 14170638, bChange = 0.00358546, totNum = 118
ROUND = 1816, SUM = 14170638, bChange = 0.00358637, totNum = 118
ROUND = 1817, SUM = 14170638, bChange = 0.00358728, totNum = 117
ROUND = 1818, SUM = 14170638, bChange = 0.00358818, totNum = 117
ROUND = 1819, SUM = 14170638, bChange = 0.00358908, totNum = 117
ROUND = 1820, SUM = 14170638, bChange = 0.00358999, totNum = 116
ROUND = 1821, SUM = 14170638, bChange = 0.00359089, totNum = 116
ROUND = 1822, SUM = 14170638, bChange = 0.00359178, totNum = 115
ROUND = 1823, SUM = 14170638, bChange = 0.00359268, totNum = 115
ROUND = 1824, SUM = 14170638, bChange = 0.00359357, totNum = 115
ROUND = 1825, SUM = 14170638, bChange = 0.00359446, totNum = 114
ROUND = 1826, SUM = 14170638.0000001, bChange = 0.00359535, totNum = 113
ROUND = 1827, SUM = 14170638, bChange = 0.00359624, totNum = 112
ROUND = 1828, SUM = 14170638, bChange = 0.00359712, totNum = 112
ROUND = 1829, SUM = 14170638, bChange = 0.003598, totNum = 112
ROUND = 1830, SUM = 14170638, bChange = 0.00359888, totNum = 111
ROUND = 1831, SUM = 14170638, bChange = 0.00359976, totNum = 111
ROUND = 1832, SUM = 14170638, bChange = 0.00360064, totNum = 110
ROUND = 1833, SUM = 14170638, bChange = 0.00360151, totNum = 110
ROUND = 1834, SUM = 14170638, bChange = 0.00360238, totNum = 110
ROUND = 1835, SUM = 14170638, bChange = 0.00360325, totNum = 110
ROUND = 1836, SUM = 14170637.9999999, bChange = 0.00360412, totNum = 110
ROUND = 1837, SUM = 14170638, bChange = 0.00360499, totNum = 110
ROUND = 1838, SUM = 14170638, bChange = 0.00360585, totNum = 110
ROUND = 1839, SUM = 14170637.9999999, bChange = 0.00360671, totNum = 110
ROUND = 1840, SUM = 14170637.9999999, bChange = 0.00360757, totNum = 110
ROUND = 1841, SUM = 14170637.9999999, bChange = 0.00360843, totNum = 110
ROUND = 1842, SUM = 14170638, bChange = 0.00360928, totNum = 110
ROUND = 1843, SUM = 14170638, bChange = 0.00361014, totNum = 110
ROUND = 1844, SUM = 14170637.9999999, bChange = 0.00361099, totNum = 110
ROUND = 1845, SUM = 14170638, bChange = 0.00361184, totNum = 110
ROUND = 1846, SUM = 14170637.9999999, bChange = 0.00361268, totNum = 110
ROUND = 1847, SUM = 14170638, bChange = 0.00361353, totNum = 110
ROUND = 1848, SUM = 14170637.9999999, bChange = 0.00361437, totNum = 110
ROUND = 1849, SUM = 14170637.9999999, bChange = 0.00361521, totNum = 110
ROUND = 1850, SUM = 14170638, bChange = 0.00361605, totNum = 110
ROUND = 1851, SUM = 14170638, bChange = 0.00361689, totNum = 109
ROUND = 1852, SUM = 14170637.9999999, bChange = 0.00361772, totNum = 108
ROUND = 1853, SUM = 14170638, bChange = 0.00361856, totNum = 108
ROUND = 1854, SUM = 14170638, bChange = 0.00361939, totNum = 108
ROUND = 1855, SUM = 14170637.9999999, bChange = 0.00362022, totNum = 108
ROUND = 1856, SUM = 14170638, bChange = 0.00362104, totNum = 108
ROUND = 1857, SUM = 14170637.9999999, bChange = 0.00362187, totNum = 108
ROUND = 1858, SUM = 14170637.9999999, bChange = 0.00362269, totNum = 108
ROUND = 1859, SUM = 14170637.9999999, bChange = 0.00362351, totNum = 107
ROUND = 1860, SUM = 14170637.9999999, bChange = 0.00362433, totNum = 107
ROUND = 1861, SUM = 14170638, bChange = 0.00362515, totNum = 107
ROUND = 1862, SUM = 14170637.9999999, bChange = 0.00362596, totNum = 106
ROUND = 1863, SUM = 14170638, bChange = 0.00362677, totNum = 106
ROUND = 1864, SUM = 14170638, bChange = 0.00362758, totNum = 106
ROUND = 1865, SUM = 14170638, bChange = 0.00362839, totNum = 106
ROUND = 1866, SUM = 14170637.9999999, bChange = 0.0036292, totNum = 106
ROUND = 1867, SUM = 14170638, bChange = 0.00363001, totNum = 106
ROUND = 1868, SUM = 14170638, bChange = 0.00363081, totNum = 105
ROUND = 1869, SUM = 14170638, bChange = 0.00363161, totNum = 105
ROUND = 1870, SUM = 14170638, bChange = 0.00363241, totNum = 105
ROUND = 1871, SUM = 14170638, bChange = 0.00363321, totNum = 105
ROUND = 1872, SUM = 14170637.9999999, bChange = 0.003634, totNum = 105
ROUND = 1873, SUM = 14170638, bChange = 0.00363479, totNum = 105
ROUND = 1874, SUM = 14170638, bChange = 0.00363559, totNum = 105
ROUND = 1875, SUM = 14170637.9999999, bChange = 0.00363637, totNum = 105
ROUND = 1876, SUM = 14170638, bChange = 0.00363716, totNum = 105
ROUND = 1877, SUM = 14170638, bChange = 0.00363795, totNum = 105
ROUND = 1878, SUM = 14170637.9999999, bChange = 0.00363873, totNum = 105
ROUND = 1879, SUM = 14170638, bChange = 0.00363951, totNum = 105
ROUND = 1880, SUM = 14170637.9999999, bChange = 0.00364029, totNum = 105
ROUND = 1881, SUM = 14170638, bChange = 0.00364107, totNum = 105
ROUND = 1882, SUM = 14170638, bChange = 0.00364185, totNum = 104
ROUND = 1883, SUM = 14170637.9999999, bChange = 0.00364262, totNum = 104
ROUND = 1884, SUM = 14170638, bChange = 0.00364339, totNum = 103
ROUND = 1885, SUM = 14170638, bChange = 0.00364416, totNum = 103
ROUND = 1886, SUM = 14170637.9999999, bChange = 0.00364493, totNum = 102
ROUND = 1887, SUM = 14170638, bChange = 0.0036457, totNum = 102
ROUND = 1888, SUM = 14170638, bChange = 0.00364646, totNum = 102
ROUND = 1889, SUM = 14170638, bChange = 0.00364722, totNum = 102
ROUND = 1890, SUM = 14170638, bChange = 0.00364798, totNum = 102
ROUND = 1891, SUM = 14170638, bChange = 0.00364874, totNum = 102
ROUND = 1892, SUM = 14170638, bChange = 0.0036495, totNum = 102
ROUND = 1893, SUM = 14170638, bChange = 0.00365025, totNum = 102
ROUND = 1894, SUM = 14170638, bChange = 0.00365101, totNum = 102
ROUND = 1895, SUM = 14170638, bChange = 0.00365176, totNum = 102
ROUND = 1896, SUM = 14170638, bChange = 0.00365251, totNum = 102
ROUND = 1897, SUM = 14170638, bChange = 0.00365325, totNum = 101
ROUND = 1898, SUM = 14170638, bChange = 0.003654, totNum = 101
ROUND = 1899, SUM = 14170638, bChange = 0.00365474, totNum = 100
ROUND = 1900, SUM = 14170638, bChange = 0.00365549, totNum = 99
ROUND = 1901, SUM = 14170638, bChange = 0.00365623, totNum = 99
ROUND = 1902, SUM = 14170637.9999999, bChange = 0.00365696, totNum = 98
ROUND = 1903, SUM = 14170637.9999999, bChange = 0.0036577, totNum = 98
ROUND = 1904, SUM = 14170638, bChange = 0.00365843, totNum = 98
ROUND = 1905, SUM = 14170638, bChange = 0.00365917, totNum = 98
ROUND = 1906, SUM = 14170638, bChange = 0.0036599, totNum = 98
ROUND = 1907, SUM = 14170638, bChange = 0.00366063, totNum = 97
ROUND = 1908, SUM = 14170638, bChange = 0.00366135, totNum = 97
ROUND = 1909, SUM = 14170638, bChange = 0.00366208, totNum = 97
ROUND = 1910, SUM = 14170638, bChange = 0.0036628, totNum = 97
ROUND = 1911, SUM = 14170638, bChange = 0.00366352, totNum = 97
ROUND = 1912, SUM = 14170638, bChange = 0.00366424, totNum = 97
ROUND = 1913, SUM = 14170638, bChange = 0.00366496, totNum = 97
ROUND = 1914, SUM = 14170638, bChange = 0.00366568, totNum = 97
ROUND = 1915, SUM = 14170638, bChange = 0.00366639, totNum = 97
ROUND = 1916, SUM = 14170638, bChange = 0.0036671, totNum = 97
ROUND = 1917, SUM = 14170638, bChange = 0.00366782, totNum = 97
ROUND = 1918, SUM = 14170637.9999999, bChange = 0.00366852, totNum = 97
ROUND = 1919, SUM = 14170638, bChange = 0.00366923, totNum = 97
ROUND = 1920, SUM = 14170638, bChange = 0.00366994, totNum = 97
ROUND = 1921, SUM = 14170638, bChange = 0.00367064, totNum = 95
ROUND = 1922, SUM = 14170638, bChange = 0.00367134, totNum = 95
ROUND = 1923, SUM = 14170637.9999999, bChange = 0.00367204, totNum = 95
ROUND = 1924, SUM = 14170638, bChange = 0.00367274, totNum = 95
ROUND = 1925, SUM = 14170638, bChange = 0.00367344, totNum = 95
ROUND = 1926, SUM = 14170638, bChange = 0.00367413, totNum = 95
ROUND = 1927, SUM = 14170638, bChange = 0.00367482, totNum = 95
ROUND = 1928, SUM = 14170638, bChange = 0.00367552, totNum = 95
ROUND = 1929, SUM = 14170638, bChange = 0.00367621, totNum = 95
ROUND = 1930, SUM = 14170638, bChange = 0.00367689, totNum = 94
ROUND = 1931, SUM = 14170638, bChange = 0.00367758, totNum = 94
ROUND = 1932, SUM = 14170638, bChange = 0.00367826, totNum = 94
ROUND = 1933, SUM = 14170638, bChange = 0.00367895, totNum = 94
ROUND = 1934, SUM = 14170638, bChange = 0.00367963, totNum = 94
ROUND = 1935, SUM = 14170638, bChange = 0.0036803, totNum = 93
ROUND = 1936, SUM = 14170638, bChange = 0.00368098, totNum = 93
ROUND = 1937, SUM = 14170638, bChange = 0.00368166, totNum = 93
ROUND = 1938, SUM = 14170638, bChange = 0.00368233, totNum = 93
ROUND = 1939, SUM = 14170638, bChange = 0.003683, totNum = 92
ROUND = 1940, SUM = 14170638, bChange = 0.00368367, totNum = 92
ROUND = 1941, SUM = 14170638, bChange = 0.00368434, totNum = 92
ROUND = 1942, SUM = 14170638, bChange = 0.00368501, totNum = 92
ROUND = 1943, SUM = 14170638, bChange = 0.00368567, totNum = 92
ROUND = 1944, SUM = 14170638, bChange = 0.00368634, totNum = 91
ROUND = 1945, SUM = 14170638, bChange = 0.003687, totNum = 91
ROUND = 1946, SUM = 14170638, bChange = 0.00368766, totNum = 91
ROUND = 1947, SUM = 14170638, bChange = 0.00368832, totNum = 91
ROUND = 1948, SUM = 14170638, bChange = 0.00368897, totNum = 91
ROUND = 1949, SUM = 14170637.9999999, bChange = 0.00368963, totNum = 90
ROUND = 1950, SUM = 14170638, bChange = 0.00369028, totNum = 90
ROUND = 1951, SUM = 14170638, bChange = 0.00369093, totNum = 90
ROUND = 1952, SUM = 14170638, bChange = 0.00369158, totNum = 90
ROUND = 1953, SUM = 14170638, bChange = 0.00369223, totNum = 90
ROUND = 1954, SUM = 14170638, bChange = 0.00369288, totNum = 90
ROUND = 1955, SUM = 14170638, bChange = 0.00369352, totNum = 90
ROUND = 1956, SUM = 14170638, bChange = 0.00369417, totNum = 90
ROUND = 1957, SUM = 14170638, bChange = 0.00369481, totNum = 88
ROUND = 1958, SUM = 14170638, bChange = 0.00369545, totNum = 88
ROUND = 1959, SUM = 14170637.9999999, bChange = 0.00369609, totNum = 88
ROUND = 1960, SUM = 14170638, bChange = 0.00369672, totNum = 88
ROUND = 1961, SUM = 14170638, bChange = 0.00369736, totNum = 88
ROUND = 1962, SUM = 14170638, bChange = 0.00369799, totNum = 88
ROUND = 1963, SUM = 14170638, bChange = 0.00369862, totNum = 88
ROUND = 1964, SUM = 14170638, bChange = 0.00369925, totNum = 88
ROUND = 1965, SUM = 14170638, bChange = 0.00369988, totNum = 88
ROUND = 1966, SUM = 14170638, bChange = 0.00370051, totNum = 88
ROUND = 1967, SUM = 14170638, bChange = 0.00370113, totNum = 88
ROUND = 1968, SUM = 14170638, bChange = 0.00370176, totNum = 88
ROUND = 1969, SUM = 14170638, bChange = 0.00370238, totNum = 88
ROUND = 1970, SUM = 14170638, bChange = 0.003703, totNum = 88
ROUND = 1971, SUM = 14170638, bChange = 0.00370362, totNum = 88
ROUND = 1972, SUM = 14170637.9999999, bChange = 0.00370424, totNum = 88
ROUND = 1973, SUM = 14170638, bChange = 0.00370485, totNum = 88
ROUND = 1974, SUM = 14170638, bChange = 0.00370546, totNum = 88
ROUND = 1975, SUM = 14170638, bChange = 0.00370608, totNum = 88
ROUND = 1976, SUM = 14170638, bChange = 0.00370669, totNum = 88
ROUND = 1977, SUM = 14170638, bChange = 0.0037073, totNum = 88
ROUND = 1978, SUM = 14170638, bChange = 0.0030168, totNum = 87
ROUND = 1979, SUM = 14170638.0000001, bChange = 0.00301689, totNum = 87
ROUND = 1980, SUM = 14170638, bChange = 0.00301698, totNum = 87
ROUND = 1981, SUM = 14170638, bChange = 0.00301707, totNum = 87
ROUND = 1982, SUM = 14170638, bChange = 0.00301716, totNum = 87
ROUND = 1983, SUM = 14170638, bChange = 0.00301725, totNum = 87
ROUND = 1984, SUM = 14170638, bChange = 0.00301734, totNum = 87
ROUND = 1985, SUM = 14170638, bChange = 0.00301742, totNum = 87
ROUND = 1986, SUM = 14170638, bChange = 0.00301751, totNum = 86
ROUND = 1987, SUM = 14170637.9999999, bChange = 0.0030176, totNum = 86
ROUND = 1988, SUM = 14170638, bChange = 0.00301769, totNum = 86
ROUND = 1989, SUM = 14170638, bChange = 0.00301777, totNum = 86
ROUND = 1990, SUM = 14170638, bChange = 0.00301786, totNum = 86
ROUND = 1991, SUM = 14170638, bChange = 0.00301795, totNum = 86
ROUND = 1992, SUM = 14170638, bChange = 0.00301803, totNum = 86
ROUND = 1993, SUM = 14170638, bChange = 0.00301812, totNum = 86
ROUND = 1994, SUM = 14170638, bChange = 0.00301821, totNum = 86
ROUND = 1995, SUM = 14170637.9999999, bChange = 0.00301829, totNum = 86
ROUND = 1996, SUM = 14170638, bChange = 0.00301838, totNum = 86
ROUND = 1997, SUM = 14170638, bChange = 0.00301846, totNum = 86
ROUND = 1998, SUM = 14170638, bChange = 0.00301855, totNum = 85
ROUND = 1999, SUM = 14170638, bChange = 0.00301863, totNum = 85
ROUND = 2000, SUM = 14170637.9999999, bChange = 0.00301872, totNum = 85
ROUND = 2001, SUM = 14170638, bChange = 0.0030188, totNum = 85
ROUND = 2002, SUM = 14170638, bChange = 0.00301889, totNum = 85
ROUND = 2003, SUM = 14170638, bChange = 0.00301897, totNum = 85
ROUND = 2004, SUM = 14170638, bChange = 0.00301906, totNum = 85
ROUND = 2005, SUM = 14170638, bChange = 0.00301914, totNum = 85
ROUND = 2006, SUM = 14170637.9999999, bChange = 0.00301923, totNum = 84
ROUND = 2007, SUM = 14170638, bChange = 0.00301931, totNum = 84
ROUND = 2008, SUM = 14170638, bChange = 0.00301939, totNum = 84
ROUND = 2009, SUM = 14170637.9999999, bChange = 0.00301948, totNum = 84
ROUND = 2010, SUM = 14170637.9999999, bChange = 0.00301956, totNum = 84
ROUND = 2011, SUM = 14170638, bChange = 0.00301964, totNum = 84
ROUND = 2012, SUM = 14170638, bChange = 0.00301972, totNum = 84
ROUND = 2013, SUM = 14170638, bChange = 0.00301981, totNum = 84
ROUND = 2014, SUM = 14170638, bChange = 0.00301989, totNum = 84
ROUND = 2015, SUM = 14170638, bChange = 0.00301997, totNum = 84
ROUND = 2016, SUM = 14170638, bChange = 0.00302005, totNum = 84
ROUND = 2017, SUM = 14170638, bChange = 0.00302013, totNum = 84
ROUND = 2018, SUM = 14170637.9999999, bChange = 0.00302022, totNum = 84
ROUND = 2019, SUM = 14170638, bChange = 0.0030203, totNum = 84
ROUND = 2020, SUM = 14170637.9999999, bChange = 0.00302038, totNum = 84
ROUND = 2021, SUM = 14170638, bChange = 0.00302046, totNum = 84
ROUND = 2022, SUM = 14170638, bChange = 0.00302054, totNum = 84
ROUND = 2023, SUM = 14170638, bChange = 0.00302062, totNum = 83
ROUND = 2024, SUM = 14170638, bChange = 0.0030207, totNum = 83
ROUND = 2025, SUM = 14170638, bChange = 0.00302078, totNum = 83
ROUND = 2026, SUM = 14170638, bChange = 0.00302086, totNum = 82
ROUND = 2027, SUM = 14170638, bChange = 0.00302094, totNum = 82
ROUND = 2028, SUM = 14170638, bChange = 0.00302102, totNum = 82
ROUND = 2029, SUM = 14170637.9999999, bChange = 0.0030211, totNum = 82
ROUND = 2030, SUM = 14170638, bChange = 0.00302118, totNum = 82
ROUND = 2031, SUM = 14170638, bChange = 0.00302126, totNum = 82
ROUND = 2032, SUM = 14170638, bChange = 0.00302134, totNum = 82
ROUND = 2033, SUM = 14170638, bChange = 0.00302142, totNum = 82
ROUND = 2034, SUM = 14170638, bChange = 0.0030215, totNum = 82
ROUND = 2035, SUM = 14170638, bChange = 0.00302157, totNum = 82
ROUND = 2036, SUM = 14170638, bChange = 0.00302165, totNum = 82
ROUND = 2037, SUM = 14170638, bChange = 0.00302173, totNum = 82
ROUND = 2038, SUM = 14170638, bChange = 0.00302181, totNum = 82
ROUND = 2039, SUM = 14170637.9999999, bChange = 0.00302189, totNum = 82
ROUND = 2040, SUM = 14170638, bChange = 0.00302196, totNum = 82
ROUND = 2041, SUM = 14170638, bChange = 0.00302204, totNum = 82
ROUND = 2042, SUM = 14170638, bChange = 0.00302212, totNum = 82
ROUND = 2043, SUM = 14170638, bChange = 0.00302219, totNum = 81
ROUND = 2044, SUM = 14170638, bChange = 0.00302227, totNum = 81
ROUND = 2045, SUM = 14170637.9999999, bChange = 0.00302235, totNum = 81
ROUND = 2046, SUM = 14170637.9999999, bChange = 0.00302242, totNum = 81
ROUND = 2047, SUM = 14170638, bChange = 0.0030225, totNum = 81
ROUND = 2048, SUM = 14170638, bChange = 0.00302258, totNum = 80
ROUND = 2049, SUM = 14170638, bChange = 0.00302265, totNum = 80
ROUND = 2050, SUM = 14170637.9999999, bChange = 0.00302273, totNum = 80
ROUND = 2051, SUM = 14170638, bChange = 0.0030228, totNum = 79
ROUND = 2052, SUM = 14170637.9999999, bChange = 0.00302288, totNum = 79
ROUND = 2053, SUM = 14170638, bChange = 0.00302295, totNum = 79
ROUND = 2054, SUM = 14170638, bChange = 0.00302303, totNum = 79
ROUND = 2055, SUM = 14170638, bChange = 0.0030231, totNum = 79
ROUND = 2056, SUM = 14170637.9999999, bChange = 0.00302318, totNum = 79
ROUND = 2057, SUM = 14170638, bChange = 0.00302325, totNum = 79
ROUND = 2058, SUM = 14170638, bChange = 0.00302333, totNum = 79
ROUND = 2059, SUM = 14170638, bChange = 0.0030234, totNum = 78
ROUND = 2060, SUM = 14170638, bChange = 0.00302348, totNum = 78
ROUND = 2061, SUM = 14170637.9999999, bChange = 0.00302355, totNum = 78
ROUND = 2062, SUM = 14170638, bChange = 0.00302362, totNum = 78
ROUND = 2063, SUM = 14170638, bChange = 0.0030237, totNum = 78
ROUND = 2064, SUM = 14170638, bChange = 0.00302377, totNum = 78
ROUND = 2065, SUM = 14170638, bChange = 0.00302384, totNum = 78
ROUND = 2066, SUM = 14170638, bChange = 0.00302392, totNum = 78
ROUND = 2067, SUM = 14170638, bChange = 0.00302399, totNum = 78
ROUND = 2068, SUM = 14170638, bChange = 0.00302406, totNum = 78
ROUND = 2069, SUM = 14170638, bChange = 0.00302413, totNum = 78
ROUND = 2070, SUM = 14170637.9999999, bChange = 0.00302421, totNum = 78
ROUND = 2071, SUM = 14170638, bChange = 0.00302428, totNum = 78
ROUND = 2072, SUM = 14170638, bChange = 0.00302435, totNum = 78
ROUND = 2073, SUM = 14170638.0000001, bChange = 0.00302442, totNum = 78
ROUND = 2074, SUM = 14170638, bChange = 0.00302449, totNum = 78
ROUND = 2075, SUM = 14170638, bChange = 0.00302456, totNum = 78
ROUND = 2076, SUM = 14170638, bChange = 0.00302464, totNum = 78
ROUND = 2077, SUM = 14170638, bChange = 0.00302471, totNum = 78
ROUND = 2078, SUM = 14170638, bChange = 0.00302478, totNum = 78
ROUND = 2079, SUM = 14170638, bChange = 0.00302485, totNum = 78
ROUND = 2080, SUM = 14170638, bChange = 0.00302492, totNum = 78
ROUND = 2081, SUM = 14170638, bChange = 0.00302499, totNum = 78
ROUND = 2082, SUM = 14170638, bChange = 0.00302506, totNum = 78
ROUND = 2083, SUM = 14170638, bChange = 0.00302513, totNum = 77
ROUND = 2084, SUM = 14170638, bChange = 0.0030252, totNum = 77
ROUND = 2085, SUM = 14170638, bChange = 0.00302527, totNum = 77
ROUND = 2086, SUM = 14170638, bChange = 0.00302534, totNum = 77
ROUND = 2087, SUM = 14170638, bChange = 0.00302541, totNum = 77
ROUND = 2088, SUM = 14170638, bChange = 0.00302548, totNum = 76
ROUND = 2089, SUM = 14170638, bChange = 0.00302555, totNum = 76
ROUND = 2090, SUM = 14170638, bChange = 0.00302562, totNum = 76
ROUND = 2091, SUM = 14170638, bChange = 0.00302569, totNum = 76
ROUND = 2092, SUM = 14170638, bChange = 0.00302575, totNum = 76
ROUND = 2093, SUM = 14170638, bChange = 0.00302582, totNum = 76
ROUND = 2094, SUM = 14170638, bChange = 0.00302589, totNum = 76
ROUND = 2095, SUM = 14170637.9999999, bChange = 0.00302596, totNum = 76
ROUND = 2096, SUM = 14170638, bChange = 0.00296094, totNum = 75
ROUND = 2097, SUM = 14170638, bChange = 0.00296094, totNum = 75
ROUND = 2098, SUM = 14170637.9999999, bChange = 0.00296094, totNum = 75
ROUND = 2099, SUM = 14170638, bChange = 0.00296095, totNum = 75
ROUND = 2100, SUM = 14170638, bChange = 0.00296095, totNum = 75
ROUND = 2101, SUM = 14170638, bChange = 0.00296095, totNum = 75
ROUND = 2102, SUM = 14170638, bChange = 0.00296095, totNum = 75
ROUND = 2103, SUM = 14170637.9999999, bChange = 0.00296095, totNum = 74
ROUND = 2104, SUM = 14170638, bChange = 0.00296095, totNum = 74
ROUND = 2105, SUM = 14170638, bChange = 0.00296095, totNum = 74
ROUND = 2106, SUM = 14170638, bChange = 0.00296095, totNum = 74
ROUND = 2107, SUM = 14170638, bChange = 0.00296095, totNum = 74
ROUND = 2108, SUM = 14170638, bChange = 0.00296095, totNum = 73
ROUND = 2109, SUM = 14170638, bChange = 0.00296095, totNum = 73
ROUND = 2110, SUM = 14170638, bChange = 0.00296095, totNum = 73
ROUND = 2111, SUM = 14170638, bChange = 0.00296095, totNum = 73
ROUND = 2112, SUM = 14170638, bChange = 0.00296096, totNum = 73
ROUND = 2113, SUM = 14170638, bChange = 0.00296096, totNum = 73
ROUND = 2114, SUM = 14170637.9999999, bChange = 0.00296096, totNum = 73
ROUND = 2115, SUM = 14170637.9999999, bChange = 0.00296096, totNum = 73
ROUND = 2116, SUM = 14170638, bChange = 0.00296096, totNum = 72
ROUND = 2117, SUM = 14170638, bChange = 0.00296096, totNum = 72
ROUND = 2118, SUM = 14170638, bChange = 0.00296096, totNum = 72
ROUND = 2119, SUM = 14170638, bChange = 0.00296096, totNum = 72
ROUND = 2120, SUM = 14170638, bChange = 0.00296096, totNum = 72
ROUND = 2121, SUM = 14170638, bChange = 0.00296096, totNum = 72
ROUND = 2122, SUM = 14170638, bChange = 0.00296096, totNum = 72
ROUND = 2123, SUM = 14170638, bChange = 0.00296096, totNum = 72
ROUND = 2124, SUM = 14170637.9999999, bChange = 0.00296096, totNum = 72
ROUND = 2125, SUM = 14170638, bChange = 0.00296097, totNum = 72
ROUND = 2126, SUM = 14170638, bChange = 0.00296097, totNum = 72
ROUND = 2127, SUM = 14170637.9999999, bChange = 0.00296097, totNum = 71
ROUND = 2128, SUM = 14170638, bChange = 0.00296097, totNum = 71
ROUND = 2129, SUM = 14170638, bChange = 0.00296097, totNum = 71
ROUND = 2130, SUM = 14170638, bChange = 0.00296097, totNum = 71
ROUND = 2131, SUM = 14170638, bChange = 0.00296097, totNum = 71
ROUND = 2132, SUM = 14170638, bChange = 0.00296097, totNum = 71
ROUND = 2133, SUM = 14170638, bChange = 0.00296097, totNum = 71
ROUND = 2134, SUM = 14170638, bChange = 0.00296097, totNum = 71
ROUND = 2135, SUM = 14170638, bChange = 0.00296097, totNum = 71
ROUND = 2136, SUM = 14170637.9999999, bChange = 0.00296097, totNum = 71
ROUND = 2137, SUM = 14170638, bChange = 0.00296097, totNum = 70
ROUND = 2138, SUM = 14170638, bChange = 0.00296097, totNum = 70
ROUND = 2139, SUM = 14170638, bChange = 0.00296098, totNum = 70
ROUND = 2140, SUM = 14170638, bChange = 0.00296098, totNum = 70
ROUND = 2141, SUM = 14170638, bChange = 0.00296098, totNum = 70
ROUND = 2142, SUM = 14170638, bChange = 0.00296098, totNum = 69
ROUND = 2143, SUM = 14170638, bChange = 0.00296098, totNum = 69
ROUND = 2144, SUM = 14170638, bChange = 0.00296098, totNum = 68
ROUND = 2145, SUM = 14170638, bChange = 0.00296098, totNum = 68
ROUND = 2146, SUM = 14170638, bChange = 0.00296098, totNum = 68
ROUND = 2147, SUM = 14170637.9999999, bChange = 0.00296098, totNum = 68
ROUND = 2148, SUM = 14170638, bChange = 0.00296098, totNum = 68
ROUND = 2149, SUM = 14170637.9999999, bChange = 0.00296098, totNum = 68
ROUND = 2150, SUM = 14170638, bChange = 0.00296098, totNum = 68
ROUND = 2151, SUM = 14170637.9999999, bChange = 0.00296098, totNum = 68
ROUND = 2152, SUM = 14170638, bChange = 0.00296098, totNum = 68
ROUND = 2153, SUM = 14170638, bChange = 0.00296098, totNum = 68
ROUND = 2154, SUM = 14170638, bChange = 0.00296099, totNum = 68
ROUND = 2155, SUM = 14170638, bChange = 0.00296099, totNum = 68
ROUND = 2156, SUM = 14170638, bChange = 0.00296099, totNum = 68
ROUND = 2157, SUM = 14170637.9999999, bChange = 0.00296099, totNum = 68
ROUND = 2158, SUM = 14170638, bChange = 0.00296099, totNum = 67
ROUND = 2159, SUM = 14170637.9999999, bChange = 0.00296099, totNum = 67
ROUND = 2160, SUM = 14170638, bChange = 0.00296099, totNum = 67
ROUND = 2161, SUM = 14170638, bChange = 0.00296099, totNum = 67
ROUND = 2162, SUM = 14170638, bChange = 0.00296099, totNum = 67
ROUND = 2163, SUM = 14170638, bChange = 0.00296099, totNum = 67
ROUND = 2164, SUM = 14170638, bChange = 0.00296099, totNum = 67
ROUND = 2165, SUM = 14170638, bChange = 0.00296099, totNum = 67
ROUND = 2166, SUM = 14170638, bChange = 0.00296099, totNum = 67
ROUND = 2167, SUM = 14170638, bChange = 0.00296099, totNum = 67
ROUND = 2168, SUM = 14170638, bChange = 0.00296099, totNum = 67
ROUND = 2169, SUM = 14170638, bChange = 0.002961, totNum = 67
ROUND = 2170, SUM = 14170638, bChange = 0.002961, totNum = 67
ROUND = 2171, SUM = 14170638, bChange = 0.002961, totNum = 67
ROUND = 2172, SUM = 14170638, bChange = 0.002961, totNum = 67
ROUND = 2173, SUM = 14170638, bChange = 0.002961, totNum = 67
ROUND = 2174, SUM = 14170638, bChange = 0.002961, totNum = 67
ROUND = 2175, SUM = 14170638, bChange = 0.002961, totNum = 67
ROUND = 2176, SUM = 14170638, bChange = 0.002961, totNum = 67
ROUND = 2177, SUM = 14170638, bChange = 0.002961, totNum = 67
ROUND = 2178, SUM = 14170638, bChange = 0.002961, totNum = 67
ROUND = 2179, SUM = 14170638, bChange = 0.002961, totNum = 67
ROUND = 2180, SUM = 14170638, bChange = 0.002961, totNum = 67
ROUND = 2181, SUM = 14170638, bChange = 0.002961, totNum = 66
ROUND = 2182, SUM = 14170638, bChange = 0.002961, totNum = 66
ROUND = 2183, SUM = 14170638, bChange = 0.002961, totNum = 66
ROUND = 2184, SUM = 14170638, bChange = 0.002961, totNum = 66
ROUND = 2185, SUM = 14170638, bChange = 0.00296101, totNum = 66
ROUND = 2186, SUM = 14170638, bChange = 0.00296101, totNum = 66
ROUND = 2187, SUM = 14170638, bChange = 0.00296101, totNum = 66
ROUND = 2188, SUM = 14170638, bChange = 0.00296101, totNum = 66
ROUND = 2189, SUM = 14170638, bChange = 0.00296101, totNum = 66
ROUND = 2190, SUM = 14170638, bChange = 0.00296101, totNum = 66
ROUND = 2191, SUM = 14170638, bChange = 0.00296101, totNum = 66
ROUND = 2192, SUM = 14170638, bChange = 0.00296101, totNum = 66
ROUND = 2193, SUM = 14170638, bChange = 0.00296101, totNum = 66
ROUND = 2194, SUM = 14170638, bChange = 0.00296101, totNum = 66
ROUND = 2195, SUM = 14170637.9999999, bChange = 0.00296101, totNum = 66
ROUND = 2196, SUM = 14170638, bChange = 0.00296101, totNum = 66
ROUND = 2197, SUM = 14170638, bChange = 0.00296101, totNum = 66
ROUND = 2198, SUM = 14170638, bChange = 0.00296101, totNum = 66
ROUND = 2199, SUM = 14170638, bChange = 0.00296101, totNum = 66
ROUND = 2200, SUM = 14170638, bChange = 0.00296101, totNum = 66
ROUND = 2201, SUM = 14170638, bChange = 0.00296101, totNum = 66
ROUND = 2202, SUM = 14170638.0000001, bChange = 0.00296102, totNum = 66
ROUND = 2203, SUM = 14170638, bChange = 0.00296102, totNum = 66
ROUND = 2204, SUM = 14170638, bChange = 0.00296102, totNum = 66
ROUND = 2205, SUM = 14170638, bChange = 0.00296102, totNum = 66
ROUND = 2206, SUM = 14170638, bChange = 0.00296102, totNum = 66
ROUND = 2207, SUM = 14170638, bChange = 0.00296102, totNum = 66
ROUND = 2208, SUM = 14170638, bChange = 0.00296102, totNum = 66
ROUND = 2209, SUM = 14170637.9999999, bChange = 0.00296102, totNum = 66
ROUND = 2210, SUM = 14170638, bChange = 0.00296102, totNum = 66
ROUND = 2211, SUM = 14170637.9999999, bChange = 0.00296102, totNum = 66
ROUND = 2212, SUM = 14170637.9999999, bChange = 0.00296102, totNum = 66
ROUND = 2213, SUM = 14170638, bChange = 0.00296102, totNum = 66
ROUND = 2214, SUM = 14170638, bChange = 0.00296102, totNum = 66
ROUND = 2215, SUM = 14170638, bChange = 0.00296102, totNum = 66
ROUND = 2216, SUM = 14170638, bChange = 0.00296102, totNum = 66
ROUND = 2217, SUM = 14170638, bChange = 0.00296102, totNum = 66
ROUND = 2218, SUM = 14170638, bChange = 0.00296102, totNum = 66
ROUND = 2219, SUM = 14170638, bChange = 0.00296102, totNum = 66
ROUND = 2220, SUM = 14170638, bChange = 0.00296103, totNum = 66
ROUND = 2221, SUM = 14170638, bChange = 0.00296103, totNum = 66
ROUND = 2222, SUM = 14170638, bChange = 0.00296103, totNum = 66
ROUND = 2223, SUM = 14170638, bChange = 0.00296103, totNum = 66
ROUND = 2224, SUM = 14170637.9999999, bChange = 0.00296103, totNum = 66
ROUND = 2225, SUM = 14170638, bChange = 0.00296103, totNum = 66
ROUND = 2226, SUM = 14170638, bChange = 0.00296103, totNum = 66
ROUND = 2227, SUM = 14170638, bChange = 0.00296103, totNum = 66
ROUND = 2228, SUM = 14170638, bChange = 0.00296103, totNum = 66
ROUND = 2229, SUM = 14170638, bChange = 0.00281565, totNum = 65
ROUND = 2230, SUM = 14170638, bChange = 0.00281567, totNum = 65
ROUND = 2231, SUM = 14170638, bChange = 0.00281568, totNum = 65
ROUND = 2232, SUM = 14170638, bChange = 0.00281569, totNum = 65
ROUND = 2233, SUM = 14170637.9999999, bChange = 0.0028157, totNum = 65
ROUND = 2234, SUM = 14170638, bChange = 0.00281572, totNum = 65
ROUND = 2235, SUM = 14170638, bChange = 0.00281573, totNum = 65
ROUND = 2236, SUM = 14170637.9999999, bChange = 0.00281574, totNum = 65
ROUND = 2237, SUM = 14170638, bChange = 0.00281576, totNum = 65
ROUND = 2238, SUM = 14170638, bChange = 0.00281577, totNum = 65
ROUND = 2239, SUM = 14170637.9999999, bChange = 0.00281578, totNum = 65
ROUND = 2240, SUM = 14170638, bChange = 0.0028158, totNum = 64
ROUND = 2241, SUM = 14170637.9999999, bChange = 0.00281581, totNum = 64
ROUND = 2242, SUM = 14170638, bChange = 0.00281582, totNum = 64
ROUND = 2243, SUM = 14170637.9999999, bChange = 0.00281583, totNum = 64
ROUND = 2244, SUM = 14170638, bChange = 0.00281585, totNum = 64
ROUND = 2245, SUM = 14170637.9999999, bChange = 0.00281586, totNum = 64
ROUND = 2246, SUM = 14170637.9999999, bChange = 0.00281587, totNum = 64
ROUND = 2247, SUM = 14170637.9999999, bChange = 0.00281589, totNum = 63
ROUND = 2248, SUM = 14170638, bChange = 0.0028159, totNum = 63
ROUND = 2249, SUM = 14170638, bChange = 0.00281591, totNum = 63
ROUND = 2250, SUM = 14170638, bChange = 0.00281592, totNum = 63
ROUND = 2251, SUM = 14170638, bChange = 0.00281594, totNum = 63
ROUND = 2252, SUM = 14170638, bChange = 0.00281595, totNum = 63
ROUND = 2253, SUM = 14170638, bChange = 0.00281596, totNum = 63
ROUND = 2254, SUM = 14170638, bChange = 0.00281597, totNum = 63
ROUND = 2255, SUM = 14170638, bChange = 0.00281599, totNum = 63
ROUND = 2256, SUM = 14170638, bChange = 0.002816, totNum = 63
ROUND = 2257, SUM = 14170638, bChange = 0.00281601, totNum = 63
ROUND = 2258, SUM = 14170638, bChange = 0.00281602, totNum = 63
ROUND = 2259, SUM = 14170638, bChange = 0.00281604, totNum = 63
ROUND = 2260, SUM = 14170638, bChange = 0.00281605, totNum = 63
ROUND = 2261, SUM = 14170638, bChange = 0.00281606, totNum = 63
ROUND = 2262, SUM = 14170637.9999999, bChange = 0.00281607, totNum = 63
ROUND = 2263, SUM = 14170637.9999999, bChange = 0.00281608, totNum = 63
ROUND = 2264, SUM = 14170638, bChange = 0.0028161, totNum = 63
ROUND = 2265, SUM = 14170638, bChange = 0.00281611, totNum = 63
ROUND = 2266, SUM = 14170638, bChange = 0.00281612, totNum = 63
ROUND = 2267, SUM = 14170638, bChange = 0.00281613, totNum = 63
ROUND = 2268, SUM = 14170638, bChange = 0.00281614, totNum = 63
ROUND = 2269, SUM = 14170638, bChange = 0.00281616, totNum = 63
ROUND = 2270, SUM = 14170638, bChange = 0.00281617, totNum = 63
ROUND = 2271, SUM = 14170638, bChange = 0.00281618, totNum = 63
ROUND = 2272, SUM = 14170638, bChange = 0.00281619, totNum = 63
ROUND = 2273, SUM = 14170637.9999999, bChange = 0.0028162, totNum = 63
ROUND = 2274, SUM = 14170638, bChange = 0.00281622, totNum = 63
ROUND = 2275, SUM = 14170638, bChange = 0.00281623, totNum = 63
ROUND = 2276, SUM = 14170638, bChange = 0.00281624, totNum = 63
ROUND = 2277, SUM = 14170638, bChange = 0.00281625, totNum = 63
ROUND = 2278, SUM = 14170638, bChange = 0.00281626, totNum = 62
ROUND = 2279, SUM = 14170638, bChange = 0.00281627, totNum = 62
ROUND = 2280, SUM = 14170638, bChange = 0.00281629, totNum = 62
ROUND = 2281, SUM = 14170638, bChange = 0.0028163, totNum = 61
ROUND = 2282, SUM = 14170638, bChange = 0.00281631, totNum = 61
ROUND = 2283, SUM = 14170638, bChange = 0.00281632, totNum = 61
ROUND = 2284, SUM = 14170638, bChange = 0.00281633, totNum = 61
ROUND = 2285, SUM = 14170638, bChange = 0.00281634, totNum = 61
ROUND = 2286, SUM = 14170638, bChange = 0.00281635, totNum = 61
ROUND = 2287, SUM = 14170638, bChange = 0.00281637, totNum = 61
ROUND = 2288, SUM = 14170638, bChange = 0.00281638, totNum = 61
ROUND = 2289, SUM = 14170638, bChange = 0.00281639, totNum = 61
ROUND = 2290, SUM = 14170638, bChange = 0.0028164, totNum = 61
ROUND = 2291, SUM = 14170637.9999999, bChange = 0.00281641, totNum = 61
ROUND = 2292, SUM = 14170638, bChange = 0.00281642, totNum = 61
ROUND = 2293, SUM = 14170638, bChange = 0.00281643, totNum = 61
ROUND = 2294, SUM = 14170638, bChange = 0.00281644, totNum = 61
ROUND = 2295, SUM = 14170638, bChange = 0.00281645, totNum = 61
ROUND = 2296, SUM = 14170638, bChange = 0.00281647, totNum = 60
ROUND = 2297, SUM = 14170638, bChange = 0.00281648, totNum = 60
ROUND = 2298, SUM = 14170638, bChange = 0.00281649, totNum = 60
ROUND = 2299, SUM = 14170638, bChange = 0.0028165, totNum = 60
ROUND = 2300, SUM = 14170638, bChange = 0.00281651, totNum = 60
ROUND = 2301, SUM = 14170638, bChange = 0.00281652, totNum = 60
ROUND = 2302, SUM = 14170638, bChange = 0.00281653, totNum = 60
ROUND = 2303, SUM = 14170638, bChange = 0.00281654, totNum = 60
ROUND = 2304, SUM = 14170638, bChange = 0.00281655, totNum = 60
ROUND = 2305, SUM = 14170638, bChange = 0.00281656, totNum = 60
ROUND = 2306, SUM = 14170638, bChange = 0.00281657, totNum = 60
ROUND = 2307, SUM = 14170637.9999999, bChange = 0.00281659, totNum = 60
ROUND = 2308, SUM = 14170638, bChange = 0.0028166, totNum = 60
ROUND = 2309, SUM = 14170638, bChange = 0.00281661, totNum = 60
ROUND = 2310, SUM = 14170638, bChange = 0.00281662, totNum = 60
ROUND = 2311, SUM = 14170638, bChange = 0.00281663, totNum = 60
ROUND = 2312, SUM = 14170638, bChange = 0.00281664, totNum = 60
ROUND = 2313, SUM = 14170638, bChange = 0.00281665, totNum = 60
ROUND = 2314, SUM = 14170638, bChange = 0.00281666, totNum = 60
ROUND = 2315, SUM = 14170638, bChange = 0.00281667, totNum = 60
ROUND = 2316, SUM = 14170638, bChange = 0.00281668, totNum = 60
ROUND = 2317, SUM = 14170638, bChange = 0.00281669, totNum = 60
ROUND = 2318, SUM = 14170638, bChange = 0.0028167, totNum = 60
ROUND = 2319, SUM = 14170638, bChange = 0.00281671, totNum = 60
ROUND = 2320, SUM = 14170637.9999999, bChange = 0.00281672, totNum = 60
ROUND = 2321, SUM = 14170638, bChange = 0.00281673, totNum = 59
ROUND = 2322, SUM = 14170638, bChange = 0.00281674, totNum = 59
ROUND = 2323, SUM = 14170638, bChange = 0.00281675, totNum = 59
ROUND = 2324, SUM = 14170638, bChange = 0.00281676, totNum = 59
ROUND = 2325, SUM = 14170638, bChange = 0.00281677, totNum = 58
ROUND = 2326, SUM = 14170638, bChange = 0.00281678, totNum = 58
ROUND = 2327, SUM = 14170638, bChange = 0.00281679, totNum = 58
ROUND = 2328, SUM = 14170638, bChange = 0.0028168, totNum = 58
ROUND = 2329, SUM = 14170638, bChange = 0.00281681, totNum = 57
ROUND = 2330, SUM = 14170638, bChange = 0.00281682, totNum = 57
ROUND = 2331, SUM = 14170638, bChange = 0.00281683, totNum = 56
ROUND = 2332, SUM = 14170638, bChange = 0.00281684, totNum = 56
ROUND = 2333, SUM = 14170638, bChange = 0.00281685, totNum = 56
ROUND = 2334, SUM = 14170638, bChange = 0.00281686, totNum = 56
ROUND = 2335, SUM = 14170638, bChange = 0.00281687, totNum = 56
ROUND = 2336, SUM = 14170638, bChange = 0.00281688, totNum = 56
ROUND = 2337, SUM = 14170638, bChange = 0.00281689, totNum = 56
ROUND = 2338, SUM = 14170638, bChange = 0.0028169, totNum = 56
ROUND = 2339, SUM = 14170637.9999999, bChange = 0.00281691, totNum = 56
ROUND = 2340, SUM = 14170638, bChange = 0.00281692, totNum = 56
ROUND = 2341, SUM = 14170638, bChange = 0.00281693, totNum = 56
ROUND = 2342, SUM = 14170638, bChange = 0.00281694, totNum = 56
ROUND = 2343, SUM = 14170638, bChange = 0.00281695, totNum = 56
ROUND = 2344, SUM = 14170638, bChange = 0.00281696, totNum = 56
ROUND = 2345, SUM = 14170638, bChange = 0.00281697, totNum = 56
ROUND = 2346, SUM = 14170638, bChange = 0.00281698, totNum = 56
ROUND = 2347, SUM = 14170638, bChange = 0.00281699, totNum = 56
ROUND = 2348, SUM = 14170638, bChange = 0.002817, totNum = 56
ROUND = 2349, SUM = 14170638, bChange = 0.00281701, totNum = 56
ROUND = 2350, SUM = 14170638, bChange = 0.00281702, totNum = 56
ROUND = 2351, SUM = 14170637.9999999, bChange = 0.00281703, totNum = 56
ROUND = 2352, SUM = 14170638, bChange = 0.00281704, totNum = 56
ROUND = 2353, SUM = 14170638, bChange = 0.00281705, totNum = 56
ROUND = 2354, SUM = 14170638, bChange = 0.00281706, totNum = 55
ROUND = 2355, SUM = 14170638, bChange = 0.00281707, totNum = 55
ROUND = 2356, SUM = 14170638, bChange = 0.00281708, totNum = 55
ROUND = 2357, SUM = 14170638, bChange = 0.00281708, totNum = 55
ROUND = 2358, SUM = 14170638, bChange = 0.00281709, totNum = 54
ROUND = 2359, SUM = 14170638, bChange = 0.0028171, totNum = 54
ROUND = 2360, SUM = 14170638, bChange = 0.00281711, totNum = 54
ROUND = 2361, SUM = 14170638, bChange = 0.00281712, totNum = 53
ROUND = 2362, SUM = 14170638, bChange = 0.00281713, totNum = 53
ROUND = 2363, SUM = 14170638, bChange = 0.00281714, totNum = 52
ROUND = 2364, SUM = 14170638, bChange = 0.00281715, totNum = 52
ROUND = 2365, SUM = 14170638, bChange = 0.00281716, totNum = 52
ROUND = 2366, SUM = 14170638, bChange = 0.00281717, totNum = 52
ROUND = 2367, SUM = 14170638, bChange = 0.00281718, totNum = 52
ROUND = 2368, SUM = 14170638, bChange = 0.00281719, totNum = 52
ROUND = 2369, SUM = 14170638, bChange = 0.00281741, totNum = 52
ROUND = 2370, SUM = 14170638, bChange = 0.00281813, totNum = 51
ROUND = 2371, SUM = 14170638, bChange = 0.00281884, totNum = 51
ROUND = 2372, SUM = 14170638, bChange = 0.00281955, totNum = 51
ROUND = 2373, SUM = 14170638, bChange = 0.00282026, totNum = 51
ROUND = 2374, SUM = 14170638, bChange = 0.00282097, totNum = 51
ROUND = 2375, SUM = 14170638, bChange = 0.00282168, totNum = 51
ROUND = 2376, SUM = 14170637.9999999, bChange = 0.00282239, totNum = 51
ROUND = 2377, SUM = 14170638.0000001, bChange = 0.0028231, totNum = 51
ROUND = 2378, SUM = 14170638, bChange = 0.0028238, totNum = 51
ROUND = 2379, SUM = 14170638, bChange = 0.00282451, totNum = 50
ROUND = 2380, SUM = 14170637.9999999, bChange = 0.00282522, totNum = 50
ROUND = 2381, SUM = 14170638, bChange = 0.00282592, totNum = 50
ROUND = 2382, SUM = 14170638, bChange = 0.00282662, totNum = 49
ROUND = 2383, SUM = 14170638, bChange = 0.00282733, totNum = 49
ROUND = 2384, SUM = 14170638, bChange = 0.00282803, totNum = 49
ROUND = 2385, SUM = 14170638, bChange = 0.00282873, totNum = 49
ROUND = 2386, SUM = 14170638, bChange = 0.00282943, totNum = 49
ROUND = 2387, SUM = 14170638, bChange = 0.00283013, totNum = 49
ROUND = 2388, SUM = 14170638, bChange = 0.00283083, totNum = 49
ROUND = 2389, SUM = 14170638, bChange = 0.00283153, totNum = 49
ROUND = 2390, SUM = 14170638, bChange = 0.00283222, totNum = 49
ROUND = 2391, SUM = 14170638, bChange = 0.00283292, totNum = 49
ROUND = 2392, SUM = 14170638.0000001, bChange = 0.00283362, totNum = 49
ROUND = 2393, SUM = 14170638, bChange = 0.00283431, totNum = 49
ROUND = 2394, SUM = 14170638, bChange = 0.00283501, totNum = 49
ROUND = 2395, SUM = 14170638, bChange = 0.0028357, totNum = 49
ROUND = 2396, SUM = 14170638, bChange = 0.00283639, totNum = 49
ROUND = 2397, SUM = 14170638, bChange = 0.00283708, totNum = 49
ROUND = 2398, SUM = 14170638, bChange = 0.00283777, totNum = 49
ROUND = 2399, SUM = 14170638, bChange = 0.00283846, totNum = 49
ROUND = 2400, SUM = 14170637.9999999, bChange = 0.00283915, totNum = 49
ROUND = 2401, SUM = 14170638, bChange = 0.00283984, totNum = 49
ROUND = 2402, SUM = 14170638, bChange = 0.00284053, totNum = 49
ROUND = 2403, SUM = 14170638, bChange = 0.00284122, totNum = 49
ROUND = 2404, SUM = 14170638, bChange = 0.0028419, totNum = 48
ROUND = 2405, SUM = 14170638, bChange = 0.00284259, totNum = 48
ROUND = 2406, SUM = 14170638, bChange = 0.00284327, totNum = 48
ROUND = 2407, SUM = 14170638, bChange = 0.00284396, totNum = 48
ROUND = 2408, SUM = 14170638, bChange = 0.00284464, totNum = 48
ROUND = 2409, SUM = 14170638, bChange = 0.00284532, totNum = 48
ROUND = 2410, SUM = 14170638, bChange = 0.002846, totNum = 48
ROUND = 2411, SUM = 14170638, bChange = 0.00284668, totNum = 48
ROUND = 2412, SUM = 14170638, bChange = 0.00284736, totNum = 48
ROUND = 2413, SUM = 14170638, bChange = 0.00284804, totNum = 48
ROUND = 2414, SUM = 14170638, bChange = 0.00284872, totNum = 48
ROUND = 2415, SUM = 14170638, bChange = 0.0028494, totNum = 48
ROUND = 2416, SUM = 14170638, bChange = 0.00285007, totNum = 48
ROUND = 2417, SUM = 14170638, bChange = 0.00285075, totNum = 48
ROUND = 2418, SUM = 14170638, bChange = 0.00285142, totNum = 48
ROUND = 2419, SUM = 14170638, bChange = 0.0028521, totNum = 48
ROUND = 2420, SUM = 14170638, bChange = 0.00285277, totNum = 48
ROUND = 2421, SUM = 14170638, bChange = 0.00285344, totNum = 48
ROUND = 2422, SUM = 14170638, bChange = 0.00285412, totNum = 48
ROUND = 2423, SUM = 14170638, bChange = 0.00285479, totNum = 48
ROUND = 2424, SUM = 14170638, bChange = 0.00285546, totNum = 48
ROUND = 2425, SUM = 14170638, bChange = 0.00285613, totNum = 48
ROUND = 2426, SUM = 14170638, bChange = 0.0028568, totNum = 48
ROUND = 2427, SUM = 14170638, bChange = 0.00285746, totNum = 48
ROUND = 2428, SUM = 14170638, bChange = 0.00285813, totNum = 48
ROUND = 2429, SUM = 14170637.9999999, bChange = 0.0028588, totNum = 48
ROUND = 2430, SUM = 14170638, bChange = 0.00285946, totNum = 48
ROUND = 2431, SUM = 14170638, bChange = 0.00286013, totNum = 48
ROUND = 2432, SUM = 14170638.0000001, bChange = 0.00286079, totNum = 48
ROUND = 2433, SUM = 14170638, bChange = 0.00286145, totNum = 48
ROUND = 2434, SUM = 14170638, bChange = 0.00286212, totNum = 48
ROUND = 2435, SUM = 14170638, bChange = 0.00286278, totNum = 48
ROUND = 2436, SUM = 14170638, bChange = 0.00286344, totNum = 48
ROUND = 2437, SUM = 14170638, bChange = 0.0028641, totNum = 48
ROUND = 2438, SUM = 14170638, bChange = 0.00286476, totNum = 48
ROUND = 2439, SUM = 14170638, bChange = 0.00286542, totNum = 48
ROUND = 2440, SUM = 14170638, bChange = 0.00286607, totNum = 48
ROUND = 2441, SUM = 14170638, bChange = 0.00286673, totNum = 48
ROUND = 2442, SUM = 14170638.0000001, bChange = 0.00286739, totNum = 48
ROUND = 2443, SUM = 14170638, bChange = 0.00286804, totNum = 48
ROUND = 2444, SUM = 14170638, bChange = 0.0028687, totNum = 48
ROUND = 2445, SUM = 14170638, bChange = 0.00286935, totNum = 48
ROUND = 2446, SUM = 14170638, bChange = 0.00287, totNum = 48
ROUND = 2447, SUM = 14170638, bChange = 0.00287066, totNum = 48
ROUND = 2448, SUM = 14170638, bChange = 0.00287131, totNum = 48
ROUND = 2449, SUM = 14170638, bChange = 0.00287196, totNum = 47
ROUND = 2450, SUM = 14170638, bChange = 0.00287261, totNum = 47
ROUND = 2451, SUM = 14170638, bChange = 0.00287326, totNum = 47
ROUND = 2452, SUM = 14170638, bChange = 0.0028739, totNum = 47
ROUND = 2453, SUM = 14170638, bChange = 0.00287455, totNum = 47
ROUND = 2454, SUM = 14170638.0000001, bChange = 0.0028752, totNum = 47
ROUND = 2455, SUM = 14170638, bChange = 0.00287584, totNum = 47
ROUND = 2456, SUM = 14170638, bChange = 0.00287649, totNum = 47
ROUND = 2457, SUM = 14170638, bChange = 0.00287713, totNum = 47
ROUND = 2458, SUM = 14170638, bChange = 0.00287778, totNum = 47
ROUND = 2459, SUM = 14170638, bChange = 0.00287842, totNum = 47
ROUND = 2460, SUM = 14170638, bChange = 0.00287906, totNum = 47
ROUND = 2461, SUM = 14170637.9999999, bChange = 0.0028797, totNum = 46
ROUND = 2462, SUM = 14170638, bChange = 0.00288034, totNum = 46
ROUND = 2463, SUM = 14170638, bChange = 0.00288098, totNum = 46
ROUND = 2464, SUM = 14170638, bChange = 0.00288162, totNum = 46
ROUND = 2465, SUM = 14170638, bChange = 0.00288226, totNum = 46
ROUND = 2466, SUM = 14170638, bChange = 0.0028829, totNum = 45
ROUND = 2467, SUM = 14170638, bChange = 0.00288353, totNum = 45
ROUND = 2468, SUM = 14170638, bChange = 0.00288417, totNum = 45
ROUND = 2469, SUM = 14170638, bChange = 0.0028848, totNum = 45
ROUND = 2470, SUM = 14170638, bChange = 0.00288544, totNum = 44
ROUND = 2471, SUM = 14170638, bChange = 0.00288607, totNum = 44
ROUND = 2472, SUM = 14170638, bChange = 0.0028867, totNum = 44
ROUND = 2473, SUM = 14170638, bChange = 0.00288733, totNum = 43
ROUND = 2474, SUM = 14170638, bChange = 0.00288796, totNum = 43
ROUND = 2475, SUM = 14170638, bChange = 0.00288859, totNum = 41
ROUND = 2476, SUM = 14170638, bChange = 0.00288922, totNum = 41
ROUND = 2477, SUM = 14170638, bChange = 0.00288985, totNum = 41
ROUND = 2478, SUM = 14170638, bChange = 0.00289048, totNum = 41
ROUND = 2479, SUM = 14170638, bChange = 0.00289111, totNum = 41
ROUND = 2480, SUM = 14170638, bChange = 0.00289173, totNum = 40
ROUND = 2481, SUM = 14170638, bChange = 0.00289236, totNum = 40
ROUND = 2482, SUM = 14170638, bChange = 0.00289298, totNum = 40
ROUND = 2483, SUM = 14170638, bChange = 0.00289361, totNum = 40
ROUND = 2484, SUM = 14170638, bChange = 0.00289423, totNum = 40
ROUND = 2485, SUM = 14170638, bChange = 0.00289485, totNum = 40
ROUND = 2486, SUM = 14170638, bChange = 0.00289547, totNum = 40
ROUND = 2487, SUM = 14170638, bChange = 0.00289609, totNum = 40
ROUND = 2488, SUM = 14170638, bChange = 0.00289671, totNum = 40
ROUND = 2489, SUM = 14170638.0000001, bChange = 0.00289733, totNum = 40
ROUND = 2490, SUM = 14170638, bChange = 0.00289795, totNum = 40
ROUND = 2491, SUM = 14170638, bChange = 0.00289857, totNum = 40
ROUND = 2492, SUM = 14170637.9999999, bChange = 0.00289919, totNum = 40
ROUND = 2493, SUM = 14170638, bChange = 0.0028998, totNum = 40
ROUND = 2494, SUM = 14170638, bChange = 0.00290042, totNum = 40
ROUND = 2495, SUM = 14170638, bChange = 0.00290103, totNum = 40
ROUND = 2496, SUM = 14170638, bChange = 0.00290165, totNum = 40
ROUND = 2497, SUM = 14170637.9999999, bChange = 0.00290226, totNum = 40
ROUND = 2498, SUM = 14170638.0000001, bChange = 0.00290287, totNum = 40
ROUND = 2499, SUM = 14170638, bChange = 0.00290348, totNum = 40
ROUND = 2500, SUM = 14170638, bChange = 0.00290409, totNum = 40
ROUND = 2501, SUM = 14170637.9999999, bChange = 0.0029047, totNum = 40
ROUND = 2502, SUM = 14170638, bChange = 0.00290531, totNum = 40
ROUND = 2503, SUM = 14170638, bChange = 0.00290592, totNum = 40
ROUND = 2504, SUM = 14170638, bChange = 0.00290653, totNum = 39
ROUND = 2505, SUM = 14170638, bChange = 0.00290714, totNum = 39
ROUND = 2506, SUM = 14170638, bChange = 0.00290774, totNum = 39
ROUND = 2507, SUM = 14170638.0000001, bChange = 0.00290835, totNum = 39
ROUND = 2508, SUM = 14170638, bChange = 0.00290895, totNum = 39
ROUND = 2509, SUM = 14170638, bChange = 0.00290956, totNum = 39
ROUND = 2510, SUM = 14170638, bChange = 0.00291016, totNum = 39
ROUND = 2511, SUM = 14170638, bChange = 0.00291076, totNum = 38
ROUND = 2512, SUM = 14170638, bChange = 0.00291136, totNum = 38
ROUND = 2513, SUM = 14170638, bChange = 0.00291196, totNum = 38
ROUND = 2514, SUM = 14170638, bChange = 0.00291256, totNum = 38
ROUND = 2515, SUM = 14170638, bChange = 0.00291316, totNum = 38
ROUND = 2516, SUM = 14170638, bChange = 0.00291376, totNum = 38
ROUND = 2517, SUM = 14170638, bChange = 0.00291436, totNum = 38
ROUND = 2518, SUM = 14170638, bChange = 0.00291495, totNum = 38
ROUND = 2519, SUM = 14170638, bChange = 0.00291555, totNum = 38
ROUND = 2520, SUM = 14170638, bChange = 0.00291615, totNum = 38
ROUND = 2521, SUM = 14170638, bChange = 0.00291674, totNum = 38
ROUND = 2522, SUM = 14170638, bChange = 0.00291733, totNum = 38
ROUND = 2523, SUM = 14170637.9999999, bChange = 0.00291793, totNum = 38
ROUND = 2524, SUM = 14170638, bChange = 0.00291852, totNum = 38
ROUND = 2525, SUM = 14170638, bChange = 0.00291911, totNum = 38
ROUND = 2526, SUM = 14170638, bChange = 0.0029197, totNum = 38
ROUND = 2527, SUM = 14170638, bChange = 0.00292029, totNum = 38
ROUND = 2528, SUM = 14170638, bChange = 0.00292088, totNum = 38
ROUND = 2529, SUM = 14170638, bChange = 0.00292147, totNum = 38
ROUND = 2530, SUM = 14170638, bChange = 0.00292206, totNum = 38
ROUND = 2531, SUM = 14170638, bChange = 0.00292264, totNum = 38
ROUND = 2532, SUM = 14170638, bChange = 0.00292323, totNum = 38
ROUND = 2533, SUM = 14170637.9999999, bChange = 0.00292381, totNum = 38
ROUND = 2534, SUM = 14170637.9999999, bChange = 0.0029244, totNum = 38
ROUND = 2535, SUM = 14170638, bChange = 0.00292498, totNum = 38
ROUND = 2536, SUM = 14170638, bChange = 0.00292557, totNum = 38
ROUND = 2537, SUM = 14170638, bChange = 0.00292615, totNum = 38
ROUND = 2538, SUM = 14170638, bChange = 0.00292673, totNum = 38
ROUND = 2539, SUM = 14170638, bChange = 0.00292731, totNum = 38
ROUND = 2540, SUM = 14170638, bChange = 0.00292789, totNum = 38
ROUND = 2541, SUM = 14170638, bChange = 0.00292847, totNum = 38
ROUND = 2542, SUM = 14170638, bChange = 0.00292905, totNum = 38
ROUND = 2543, SUM = 14170638, bChange = 0.00292962, totNum = 38
ROUND = 2544, SUM = 14170638, bChange = 0.0029302, totNum = 38
ROUND = 2545, SUM = 14170638, bChange = 0.00293078, totNum = 38
ROUND = 2546, SUM = 14170638, bChange = 0.00293135, totNum = 38
ROUND = 2547, SUM = 14170638, bChange = 0.00293193, totNum = 38
ROUND = 2548, SUM = 14170638, bChange = 0.0029325, totNum = 38
ROUND = 2549, SUM = 14170638, bChange = 0.00293308, totNum = 38
ROUND = 2550, SUM = 14170638, bChange = 0.00293365, totNum = 38
ROUND = 2551, SUM = 14170638, bChange = 0.00293422, totNum = 38
ROUND = 2552, SUM = 14170638, bChange = 0.00293479, totNum = 38
ROUND = 2553, SUM = 14170638, bChange = 0.00293536, totNum = 38
ROUND = 2554, SUM = 14170638, bChange = 0.00293593, totNum = 38
ROUND = 2555, SUM = 14170638, bChange = 0.0029365, totNum = 38
ROUND = 2556, SUM = 14170638, bChange = 0.00293707, totNum = 38
ROUND = 2557, SUM = 14170637.9999999, bChange = 0.00293763, totNum = 38
ROUND = 2558, SUM = 14170638, bChange = 0.0029382, totNum = 38
ROUND = 2559, SUM = 14170638, bChange = 0.00293876, totNum = 38
ROUND = 2560, SUM = 14170637.9999999, bChange = 0.00293933, totNum = 38
ROUND = 2561, SUM = 14170638, bChange = 0.00293989, totNum = 38
ROUND = 2562, SUM = 14170638, bChange = 0.00294046, totNum = 37
ROUND = 2563, SUM = 14170638, bChange = 0.00294102, totNum = 37
ROUND = 2564, SUM = 14170638, bChange = 0.00294158, totNum = 36
ROUND = 2565, SUM = 14170638, bChange = 0.00294214, totNum = 36
ROUND = 2566, SUM = 14170638, bChange = 0.0029427, totNum = 36
ROUND = 2567, SUM = 14170638, bChange = 0.00294326, totNum = 36
ROUND = 2568, SUM = 14170638, bChange = 0.00294382, totNum = 36
ROUND = 2569, SUM = 14170638, bChange = 0.00294438, totNum = 36
ROUND = 2570, SUM = 14170638, bChange = 0.00294494, totNum = 36
ROUND = 2571, SUM = 14170638, bChange = 0.00294549, totNum = 36
ROUND = 2572, SUM = 14170638, bChange = 0.00294605, totNum = 36
ROUND = 2573, SUM = 14170638, bChange = 0.0029466, totNum = 36
ROUND = 2574, SUM = 14170638, bChange = 0.00294716, totNum = 36
ROUND = 2575, SUM = 14170638, bChange = 0.00294771, totNum = 36
ROUND = 2576, SUM = 14170637.9999999, bChange = 0.00294826, totNum = 36
ROUND = 2577, SUM = 14170638, bChange = 0.00294882, totNum = 36
ROUND = 2578, SUM = 14170638, bChange = 0.00294937, totNum = 36
ROUND = 2579, SUM = 14170638, bChange = 0.00294992, totNum = 36
ROUND = 2580, SUM = 14170638, bChange = 0.00295047, totNum = 36
ROUND = 2581, SUM = 14170638, bChange = 0.00295102, totNum = 36
ROUND = 2582, SUM = 14170637.9999999, bChange = 0.00295157, totNum = 35
ROUND = 2583, SUM = 14170638, bChange = 0.00295211, totNum = 35
ROUND = 2584, SUM = 14170638, bChange = 0.00295266, totNum = 35
ROUND = 2585, SUM = 14170638, bChange = 0.00295321, totNum = 35
ROUND = 2586, SUM = 14170638, bChange = 0.00295375, totNum = 35
ROUND = 2587, SUM = 14170638, bChange = 0.0029543, totNum = 35
ROUND = 2588, SUM = 14170637.9999999, bChange = 0.00295484, totNum = 35
ROUND = 2589, SUM = 14170638, bChange = 0.00295538, totNum = 35
ROUND = 2590, SUM = 14170638, bChange = 0.00295593, totNum = 35
ROUND = 2591, SUM = 14170638, bChange = 0.00295647, totNum = 35
ROUND = 2592, SUM = 14170638, bChange = 0.00295701, totNum = 35
ROUND = 2593, SUM = 14170638, bChange = 0.00295755, totNum = 35
ROUND = 2594, SUM = 14170638, bChange = 0.00295809, totNum = 35
ROUND = 2595, SUM = 14170638, bChange = 0.00295863, totNum = 35
ROUND = 2596, SUM = 14170638.0000001, bChange = 0.00295917, totNum = 35
ROUND = 2597, SUM = 14170638, bChange = 0.0029597, totNum = 35
ROUND = 2598, SUM = 14170638, bChange = 0.00296024, totNum = 35
ROUND = 2599, SUM = 14170638, bChange = 0.00296078, totNum = 35
ROUND = 2600, SUM = 14170638, bChange = 0.00296131, totNum = 35
ROUND = 2601, SUM = 14170638, bChange = 0.00296184, totNum = 35
ROUND = 2602, SUM = 14170638, bChange = 0.00296238, totNum = 35
ROUND = 2603, SUM = 14170638, bChange = 0.00296291, totNum = 35
ROUND = 2604, SUM = 14170638, bChange = 0.00296344, totNum = 35
ROUND = 2605, SUM = 14170638, bChange = 0.00296397, totNum = 35
ROUND = 2606, SUM = 14170638.0000001, bChange = 0.0029645, totNum = 35
ROUND = 2607, SUM = 14170638, bChange = 0.00296503, totNum = 35
ROUND = 2608, SUM = 14170638, bChange = 0.00296556, totNum = 35
ROUND = 2609, SUM = 14170638, bChange = 0.00296609, totNum = 35
ROUND = 2610, SUM = 14170638, bChange = 0.00296662, totNum = 34
ROUND = 2611, SUM = 14170638, bChange = 0.00296715, totNum = 34
ROUND = 2612, SUM = 14170637.9999999, bChange = 0.00296767, totNum = 34
ROUND = 2613, SUM = 14170638, bChange = 0.0029682, totNum = 34
ROUND = 2614, SUM = 14170638, bChange = 0.00296872, totNum = 34
ROUND = 2615, SUM = 14170638, bChange = 0.00296925, totNum = 34
ROUND = 2616, SUM = 14170638, bChange = 0.00296977, totNum = 34
ROUND = 2617, SUM = 14170638, bChange = 0.00297029, totNum = 34
ROUND = 2618, SUM = 14170638, bChange = 0.00297082, totNum = 34
ROUND = 2619, SUM = 14170638, bChange = 0.00297134, totNum = 34
ROUND = 2620, SUM = 14170638, bChange = 0.00297186, totNum = 34
ROUND = 2621, SUM = 14170638, bChange = 0.00297238, totNum = 34
ROUND = 2622, SUM = 14170638, bChange = 0.0029729, totNum = 34
ROUND = 2623, SUM = 14170638.0000001, bChange = 0.00297341, totNum = 34
ROUND = 2624, SUM = 14170638.0000001, bChange = 0.00297393, totNum = 34
ROUND = 2625, SUM = 14170638, bChange = 0.00297445, totNum = 34
ROUND = 2626, SUM = 14170638, bChange = 0.00297496, totNum = 34
ROUND = 2627, SUM = 14170638, bChange = 0.00297548, totNum = 34
ROUND = 2628, SUM = 14170638.0000001, bChange = 0.00297599, totNum = 33
ROUND = 2629, SUM = 14170638, bChange = 0.00297651, totNum = 33
ROUND = 2630, SUM = 14170638, bChange = 0.00297702, totNum = 33
ROUND = 2631, SUM = 14170638, bChange = 0.00297753, totNum = 33
ROUND = 2632, SUM = 14170638, bChange = 0.00297805, totNum = 33
ROUND = 2633, SUM = 14170638, bChange = 0.00297856, totNum = 33
ROUND = 2634, SUM = 14170638, bChange = 0.00213349, totNum = 32
ROUND = 2635, SUM = 14170638, bChange = 0.00213368, totNum = 32
ROUND = 2636, SUM = 14170638, bChange = 0.00213387, totNum = 31
ROUND = 2637, SUM = 14170638, bChange = 0.00213406, totNum = 31
ROUND = 2638, SUM = 14170638, bChange = 0.00213425, totNum = 31
ROUND = 2639, SUM = 14170638, bChange = 0.00213444, totNum = 31
ROUND = 2640, SUM = 14170638, bChange = 0.00213463, totNum = 31
ROUND = 2641, SUM = 14170638, bChange = 0.00213482, totNum = 31
ROUND = 2642, SUM = 14170638, bChange = 0.00213501, totNum = 31
ROUND = 2643, SUM = 14170638, bChange = 0.00213519, totNum = 31
ROUND = 2644, SUM = 14170638, bChange = 0.00213538, totNum = 31
ROUND = 2645, SUM = 14170638, bChange = 0.00213557, totNum = 31
ROUND = 2646, SUM = 14170638, bChange = 0.00213576, totNum = 31
ROUND = 2647, SUM = 14170638, bChange = 0.00213595, totNum = 31
ROUND = 2648, SUM = 14170638, bChange = 0.00213613, totNum = 31
ROUND = 2649, SUM = 14170638, bChange = 0.00213632, totNum = 31
ROUND = 2650, SUM = 14170638, bChange = 0.00213651, totNum = 31
ROUND = 2651, SUM = 14170638, bChange = 0.00213669, totNum = 31
ROUND = 2652, SUM = 14170638, bChange = 0.00213688, totNum = 31
ROUND = 2653, SUM = 14170638, bChange = 0.00213707, totNum = 31
ROUND = 2654, SUM = 14170638.0000001, bChange = 0.00213725, totNum = 31
ROUND = 2655, SUM = 14170638, bChange = 0.00213744, totNum = 31
ROUND = 2656, SUM = 14170638, bChange = 0.00213762, totNum = 31
ROUND = 2657, SUM = 14170638, bChange = 0.00213781, totNum = 31
ROUND = 2658, SUM = 14170638, bChange = 0.00213799, totNum = 31
ROUND = 2659, SUM = 14170638, bChange = 0.00213818, totNum = 31
ROUND = 2660, SUM = 14170638, bChange = 0.00213836, totNum = 31
ROUND = 2661, SUM = 14170638, bChange = 0.00213855, totNum = 31
ROUND = 2662, SUM = 14170638, bChange = 0.00213873, totNum = 31
ROUND = 2663, SUM = 14170638, bChange = 0.00213892, totNum = 31
ROUND = 2664, SUM = 14170638, bChange = 0.0021391, totNum = 31
ROUND = 2665, SUM = 14170638, bChange = 0.00213928, totNum = 30
ROUND = 2666, SUM = 14170638, bChange = 0.00213947, totNum = 30
ROUND = 2667, SUM = 14170638, bChange = 0.00213965, totNum = 30
ROUND = 2668, SUM = 14170638, bChange = 0.00213983, totNum = 30
ROUND = 2669, SUM = 14170638, bChange = 0.00214002, totNum = 30
ROUND = 2670, SUM = 14170638, bChange = 0.0021402, totNum = 30
ROUND = 2671, SUM = 14170638, bChange = 0.00214038, totNum = 30
ROUND = 2672, SUM = 14170638, bChange = 0.00214056, totNum = 30
ROUND = 2673, SUM = 14170638, bChange = 0.00214074, totNum = 30
ROUND = 2674, SUM = 14170638, bChange = 0.00214093, totNum = 30
ROUND = 2675, SUM = 14170638, bChange = 0.00214111, totNum = 30
ROUND = 2676, SUM = 14170638, bChange = 0.00214129, totNum = 30
ROUND = 2677, SUM = 14170638, bChange = 0.00214147, totNum = 30
ROUND = 2678, SUM = 14170638, bChange = 0.00214165, totNum = 30
ROUND = 2679, SUM = 14170638, bChange = 0.00214183, totNum = 30
ROUND = 2680, SUM = 14170638, bChange = 0.00214201, totNum = 30
ROUND = 2681, SUM = 14170638, bChange = 0.00214219, totNum = 30
ROUND = 2682, SUM = 14170638, bChange = 0.00214237, totNum = 30
ROUND = 2683, SUM = 14170638, bChange = 0.00214255, totNum = 30
ROUND = 2684, SUM = 14170638, bChange = 0.00214273, totNum = 30
ROUND = 2685, SUM = 14170638, bChange = 0.00214291, totNum = 30
ROUND = 2686, SUM = 14170638, bChange = 0.00214309, totNum = 30
ROUND = 2687, SUM = 14170638, bChange = 0.00214327, totNum = 30
ROUND = 2688, SUM = 14170638, bChange = 0.00214345, totNum = 30
ROUND = 2689, SUM = 14170638, bChange = 0.00214363, totNum = 29
ROUND = 2690, SUM = 14170638, bChange = 0.00214381, totNum = 29
ROUND = 2691, SUM = 14170638, bChange = 0.00214398, totNum = 29
ROUND = 2692, SUM = 14170638, bChange = 0.00214416, totNum = 29
ROUND = 2693, SUM = 14170638, bChange = 0.00214434, totNum = 29
ROUND = 2694, SUM = 14170638, bChange = 0.00214452, totNum = 29
ROUND = 2695, SUM = 14170638, bChange = 0.00214469, totNum = 29
ROUND = 2696, SUM = 14170638, bChange = 0.00214487, totNum = 29
ROUND = 2697, SUM = 14170638.0000001, bChange = 0.00214505, totNum = 29
ROUND = 2698, SUM = 14170638, bChange = 0.00214522, totNum = 29
ROUND = 2699, SUM = 14170638, bChange = 0.0021454, totNum = 29
ROUND = 2700, SUM = 14170638, bChange = 0.00214558, totNum = 29
ROUND = 2701, SUM = 14170637.9999999, bChange = 0.00214575, totNum = 29
ROUND = 2702, SUM = 14170638, bChange = 0.00214593, totNum = 29
ROUND = 2703, SUM = 14170637.9999999, bChange = 0.00214611, totNum = 29
ROUND = 2704, SUM = 14170638, bChange = 0.00214628, totNum = 29
ROUND = 2705, SUM = 14170638, bChange = 0.00214646, totNum = 29
ROUND = 2706, SUM = 14170638, bChange = 0.00214663, totNum = 29
ROUND = 2707, SUM = 14170638, bChange = 0.00214681, totNum = 29
ROUND = 2708, SUM = 14170638, bChange = 0.00214698, totNum = 29
ROUND = 2709, SUM = 14170638, bChange = 0.00214716, totNum = 29
ROUND = 2710, SUM = 14170638, bChange = 0.00214733, totNum = 29
ROUND = 2711, SUM = 14170637.9999999, bChange = 0.0021475, totNum = 28
ROUND = 2712, SUM = 14170638, bChange = 0.00214768, totNum = 28
ROUND = 2713, SUM = 14170638, bChange = 0.00214785, totNum = 28
ROUND = 2714, SUM = 14170638, bChange = 0.00214803, totNum = 28
ROUND = 2715, SUM = 14170638, bChange = 0.0021482, totNum = 27
ROUND = 2716, SUM = 14170638, bChange = 0.00214837, totNum = 27
ROUND = 2717, SUM = 14170638, bChange = 0.00214854, totNum = 27
ROUND = 2718, SUM = 14170638, bChange = 0.00214872, totNum = 27
ROUND = 2719, SUM = 14170638, bChange = 0.00214889, totNum = 27
ROUND = 2720, SUM = 14170638, bChange = 0.00214906, totNum = 27
ROUND = 2721, SUM = 14170638, bChange = 0.00214923, totNum = 27
ROUND = 2722, SUM = 14170638, bChange = 0.00214941, totNum = 27
ROUND = 2723, SUM = 14170638, bChange = 0.00214958, totNum = 27
ROUND = 2724, SUM = 14170638, bChange = 0.00214975, totNum = 27
ROUND = 2725, SUM = 14170638, bChange = 0.00214992, totNum = 27
ROUND = 2726, SUM = 14170638, bChange = 0.00215009, totNum = 27
ROUND = 2727, SUM = 14170638, bChange = 0.00215026, totNum = 27
ROUND = 2728, SUM = 14170638, bChange = 0.00215043, totNum = 27
ROUND = 2729, SUM = 14170638, bChange = 0.0021506, totNum = 27
ROUND = 2730, SUM = 14170638, bChange = 0.00215077, totNum = 27
ROUND = 2731, SUM = 14170638, bChange = 0.00215095, totNum = 27
ROUND = 2732, SUM = 14170638, bChange = 0.00215111, totNum = 27
ROUND = 2733, SUM = 14170638, bChange = 0.00215128, totNum = 26
ROUND = 2734, SUM = 14170638, bChange = 0.00215145, totNum = 25
ROUND = 2735, SUM = 14170638, bChange = 0.00215162, totNum = 25
ROUND = 2736, SUM = 14170638, bChange = 0.00215179, totNum = 25
ROUND = 2737, SUM = 14170638, bChange = 0.00215196, totNum = 25
ROUND = 2738, SUM = 14170638, bChange = 0.00215213, totNum = 25
ROUND = 2739, SUM = 14170638, bChange = 0.0021523, totNum = 25
ROUND = 2740, SUM = 14170638.0000001, bChange = 0.00215247, totNum = 25
ROUND = 2741, SUM = 14170638, bChange = 0.00215264, totNum = 25
ROUND = 2742, SUM = 14170638, bChange = 0.0021528, totNum = 26
ROUND = 2743, SUM = 14170637.9999999, bChange = 0.00215297, totNum = 26
ROUND = 2744, SUM = 14170638, bChange = 0.00215314, totNum = 26
ROUND = 2745, SUM = 14170638, bChange = 0.00215331, totNum = 26
ROUND = 2746, SUM = 14170638, bChange = 0.00215347, totNum = 26
ROUND = 2747, SUM = 14170638.0000001, bChange = 0.00215364, totNum = 26
ROUND = 2748, SUM = 14170638, bChange = 0.00215381, totNum = 27
ROUND = 2749, SUM = 14170638, bChange = 0.00215397, totNum = 27
ROUND = 2750, SUM = 14170638, bChange = 0.00215414, totNum = 27
ROUND = 2751, SUM = 14170638, bChange = 0.00215431, totNum = 27
ROUND = 2752, SUM = 14170638, bChange = 0.00215447, totNum = 27
ROUND = 2753, SUM = 14170638, bChange = 0.00215464, totNum = 27
ROUND = 2754, SUM = 14170638, bChange = 0.00215481, totNum = 27
ROUND = 2755, SUM = 14170638.0000001, bChange = 0.00215497, totNum = 26
ROUND = 2756, SUM = 14170638, bChange = 0.00215514, totNum = 26
ROUND = 2757, SUM = 14170638, bChange = 0.0021553, totNum = 26
ROUND = 2758, SUM = 14170638.0000001, bChange = 0.00215547, totNum = 25
ROUND = 2759, SUM = 14170638.0000001, bChange = 0.00215563, totNum = 25
ROUND = 2760, SUM = 14170638, bChange = 0.0021558, totNum = 25
ROUND = 2761, SUM = 14170638, bChange = 0.00215596, totNum = 25
ROUND = 2762, SUM = 14170638, bChange = 0.00215612, totNum = 25
ROUND = 2763, SUM = 14170638, bChange = 0.00215629, totNum = 25
ROUND = 2764, SUM = 14170638, bChange = 0.00215645, totNum = 25
ROUND = 2765, SUM = 14170638, bChange = 0.00215662, totNum = 25
ROUND = 2766, SUM = 14170638, bChange = 0.00215678, totNum = 25
ROUND = 2767, SUM = 14170638, bChange = 0.00215694, totNum = 25
ROUND = 2768, SUM = 14170638, bChange = 0.00215711, totNum = 25
ROUND = 2769, SUM = 14170638, bChange = 0.00215727, totNum = 25
ROUND = 2770, SUM = 14170638, bChange = 0.00215743, totNum = 25
ROUND = 2771, SUM = 14170638, bChange = 0.00215759, totNum = 25
ROUND = 2772, SUM = 14170638, bChange = 0.00215776, totNum = 25
ROUND = 2773, SUM = 14170638, bChange = 0.00215792, totNum = 25
ROUND = 2774, SUM = 14170638.0000001, bChange = 0.00215808, totNum = 25
ROUND = 2775, SUM = 14170638, bChange = 0.00215824, totNum = 25
ROUND = 2776, SUM = 14170638, bChange = 0.0021584, totNum = 25
ROUND = 2777, SUM = 14170638.0000001, bChange = 0.00215857, totNum = 24
ROUND = 2778, SUM = 14170638, bChange = 0.00215873, totNum = 24
ROUND = 2779, SUM = 14170638, bChange = 0.00215889, totNum = 24
ROUND = 2780, SUM = 14170638, bChange = 0.00215905, totNum = 24
ROUND = 2781, SUM = 14170638, bChange = 0.00215921, totNum = 24
ROUND = 2782, SUM = 14170638, bChange = 0.00215937, totNum = 24
ROUND = 2783, SUM = 14170638, bChange = 0.00215953, totNum = 24
ROUND = 2784, SUM = 14170638, bChange = 0.00215969, totNum = 24
ROUND = 2785, SUM = 14170638, bChange = 0.00215985, totNum = 24
ROUND = 2786, SUM = 14170638, bChange = 0.00216001, totNum = 24
ROUND = 2787, SUM = 14170638, bChange = 0.00216017, totNum = 24
ROUND = 2788, SUM = 14170638, bChange = 0.00216033, totNum = 24
ROUND = 2789, SUM = 14170638, bChange = 0.00216049, totNum = 24
ROUND = 2790, SUM = 14170638, bChange = 0.00216065, totNum = 24
ROUND = 2791, SUM = 14170638, bChange = 0.00216081, totNum = 24
ROUND = 2792, SUM = 14170638, bChange = 0.00216097, totNum = 23
ROUND = 2793, SUM = 14170638, bChange = 0.00216112, totNum = 23
ROUND = 2794, SUM = 14170638, bChange = 0.00216128, totNum = 23
ROUND = 2795, SUM = 14170637.9999999, bChange = 0.00216144, totNum = 23
ROUND = 2796, SUM = 14170638, bChange = 0.0021616, totNum = 23
ROUND = 2797, SUM = 14170638, bChange = 0.00216176, totNum = 23
ROUND = 2798, SUM = 14170638, bChange = 0.00216191, totNum = 23
ROUND = 2799, SUM = 14170638, bChange = 0.00216207, totNum = 23
ROUND = 2800, SUM = 14170638, bChange = 0.00216223, totNum = 23
ROUND = 2801, SUM = 14170638, bChange = 0.00216239, totNum = 23
ROUND = 2802, SUM = 14170638, bChange = 0.00216254, totNum = 23
ROUND = 2803, SUM = 14170638, bChange = 0.0021627, totNum = 23
ROUND = 2804, SUM = 14170638, bChange = 0.00216286, totNum = 23
ROUND = 2805, SUM = 14170638, bChange = 0.00216301, totNum = 23
ROUND = 2806, SUM = 14170638, bChange = 0.00216317, totNum = 23
ROUND = 2807, SUM = 14170638, bChange = 0.00216332, totNum = 23
ROUND = 2808, SUM = 14170638, bChange = 0.00216348, totNum = 23
ROUND = 2809, SUM = 14170638, bChange = 0.00216364, totNum = 23
ROUND = 2810, SUM = 14170638, bChange = 0.00216379, totNum = 23
ROUND = 2811, SUM = 14170638, bChange = 0.00216395, totNum = 23
ROUND = 2812, SUM = 14170638, bChange = 0.0021641, totNum = 23
ROUND = 2813, SUM = 14170638, bChange = 0.00216426, totNum = 23
ROUND = 2814, SUM = 14170638, bChange = 0.00216441, totNum = 23
ROUND = 2815, SUM = 14170638, bChange = 0.00216457, totNum = 23
ROUND = 2816, SUM = 14170638, bChange = 0.00216472, totNum = 23
ROUND = 2817, SUM = 14170638, bChange = 0.00216487, totNum = 23
ROUND = 2818, SUM = 14170638, bChange = 0.00216503, totNum = 23
ROUND = 2819, SUM = 14170638, bChange = 0.00216518, totNum = 23
ROUND = 2820, SUM = 14170638, bChange = 0.00216534, totNum = 23
ROUND = 2821, SUM = 14170638, bChange = 0.00216549, totNum = 23
ROUND = 2822, SUM = 14170638, bChange = 0.00216564, totNum = 23
ROUND = 2823, SUM = 14170638.0000001, bChange = 0.0021658, totNum = 23
ROUND = 2824, SUM = 14170638, bChange = 0.00216595, totNum = 23
ROUND = 2825, SUM = 14170638, bChange = 0.0021661, totNum = 23
ROUND = 2826, SUM = 14170638, bChange = 0.00216625, totNum = 23
ROUND = 2827, SUM = 14170638, bChange = 0.00216641, totNum = 23
ROUND = 2828, SUM = 14170638.0000001, bChange = 0.00216656, totNum = 23
ROUND = 2829, SUM = 14170638, bChange = 0.00216671, totNum = 23
ROUND = 2830, SUM = 14170638, bChange = 0.00216686, totNum = 23
ROUND = 2831, SUM = 14170638, bChange = 0.00216701, totNum = 23
ROUND = 2832, SUM = 14170638, bChange = 0.00216717, totNum = 23
ROUND = 2833, SUM = 14170638, bChange = 0.00216732, totNum = 23
ROUND = 2834, SUM = 14170638, bChange = 0.00216747, totNum = 23
ROUND = 2835, SUM = 14170638, bChange = 0.00216762, totNum = 23
ROUND = 2836, SUM = 14170638, bChange = 0.00216777, totNum = 23
ROUND = 2837, SUM = 14170638, bChange = 0.00216792, totNum = 23
ROUND = 2838, SUM = 14170638.0000001, bChange = 0.00216807, totNum = 23
ROUND = 2839, SUM = 14170638, bChange = 0.00216822, totNum = 23
ROUND = 2840, SUM = 14170638, bChange = 0.00216837, totNum = 23
ROUND = 2841, SUM = 14170638, bChange = 0.00216852, totNum = 23
ROUND = 2842, SUM = 14170638, bChange = 0.00216867, totNum = 23
ROUND = 2843, SUM = 14170638, bChange = 0.00216882, totNum = 23
ROUND = 2844, SUM = 14170638, bChange = 0.00216897, totNum = 23
ROUND = 2845, SUM = 14170638, bChange = 0.00216912, totNum = 23
ROUND = 2846, SUM = 14170638, bChange = 0.00216927, totNum = 22
ROUND = 2847, SUM = 14170638, bChange = 0.00216942, totNum = 22
ROUND = 2848, SUM = 14170638.0000001, bChange = 0.00216957, totNum = 22
ROUND = 2849, SUM = 14170638, bChange = 0.00216972, totNum = 22
ROUND = 2850, SUM = 14170638, bChange = 0.00216987, totNum = 22
ROUND = 2851, SUM = 14170638, bChange = 0.00217001, totNum = 22
ROUND = 2852, SUM = 14170638, bChange = 0.00217016, totNum = 22
ROUND = 2853, SUM = 14170638, bChange = 0.00217031, totNum = 22
ROUND = 2854, SUM = 14170638, bChange = 0.00217046, totNum = 22
ROUND = 2855, SUM = 14170638, bChange = 0.00217061, totNum = 22
ROUND = 2856, SUM = 14170638, bChange = 0.00217075, totNum = 22
ROUND = 2857, SUM = 14170638, bChange = 0.0021709, totNum = 22
ROUND = 2858, SUM = 14170637.9999999, bChange = 0.00217105, totNum = 22
ROUND = 2859, SUM = 14170638, bChange = 0.0021712, totNum = 22
ROUND = 2860, SUM = 14170638, bChange = 0.00217134, totNum = 22
ROUND = 2861, SUM = 14170637.9999999, bChange = 0.00217149, totNum = 22
ROUND = 2862, SUM = 14170638, bChange = 0.00217164, totNum = 22
ROUND = 2863, SUM = 14170638, bChange = 0.00217178, totNum = 22
ROUND = 2864, SUM = 14170638, bChange = 0.00217193, totNum = 22
ROUND = 2865, SUM = 14170638, bChange = 0.00217207, totNum = 22
ROUND = 2866, SUM = 14170638, bChange = 0.00217222, totNum = 22
ROUND = 2867, SUM = 14170638, bChange = 0.00217237, totNum = 22
ROUND = 2868, SUM = 14170638, bChange = 0.00217251, totNum = 22
ROUND = 2869, SUM = 14170638, bChange = 0.00217266, totNum = 22
ROUND = 2870, SUM = 14170638, bChange = 0.0021728, totNum = 22
ROUND = 2871, SUM = 14170638, bChange = 0.00217295, totNum = 22
ROUND = 2872, SUM = 14170638, bChange = 0.00217309, totNum = 22
ROUND = 2873, SUM = 14170638, bChange = 0.00217324, totNum = 22
ROUND = 2874, SUM = 14170638, bChange = 0.00217338, totNum = 22
ROUND = 2875, SUM = 14170638, bChange = 0.00217353, totNum = 21
ROUND = 2876, SUM = 14170638, bChange = 0.00217367, totNum = 21
ROUND = 2877, SUM = 14170638, bChange = 0.00217381, totNum = 21
ROUND = 2878, SUM = 14170638, bChange = 0.00217396, totNum = 21
ROUND = 2879, SUM = 14170638, bChange = 0.0021741, totNum = 21
ROUND = 2880, SUM = 14170638, bChange = 0.00217425, totNum = 21
ROUND = 2881, SUM = 14170638, bChange = 0.00217439, totNum = 21
ROUND = 2882, SUM = 14170638, bChange = 0.00217453, totNum = 21
ROUND = 2883, SUM = 14170638, bChange = 0.00217468, totNum = 21
ROUND = 2884, SUM = 14170638, bChange = 0.00217482, totNum = 21
ROUND = 2885, SUM = 14170638.0000001, bChange = 0.00217496, totNum = 21
ROUND = 2886, SUM = 14170638, bChange = 0.0021751, totNum = 21
ROUND = 2887, SUM = 14170638, bChange = 0.00217525, totNum = 21
ROUND = 2888, SUM = 14170638, bChange = 0.00217539, totNum = 20
ROUND = 2889, SUM = 14170638, bChange = 0.00217553, totNum = 20
ROUND = 2890, SUM = 14170638, bChange = 0.00217567, totNum = 20
ROUND = 2891, SUM = 14170638, bChange = 0.00217581, totNum = 20
ROUND = 2892, SUM = 14170638, bChange = 0.00217596, totNum = 20
ROUND = 2893, SUM = 14170638, bChange = 0.0021761, totNum = 20
ROUND = 2894, SUM = 14170638, bChange = 0.00217624, totNum = 20
ROUND = 2895, SUM = 14170638, bChange = 0.00217638, totNum = 20
ROUND = 2896, SUM = 14170638, bChange = 0.00217652, totNum = 20
ROUND = 2897, SUM = 14170638, bChange = 0.00217666, totNum = 20
ROUND = 2898, SUM = 14170638, bChange = 0.0021768, totNum = 20
ROUND = 2899, SUM = 14170638, bChange = 0.00217694, totNum = 20
ROUND = 2900, SUM = 14170638, bChange = 0.00217708, totNum = 20
ROUND = 2901, SUM = 14170638, bChange = 0.00217722, totNum = 20
ROUND = 2902, SUM = 14170637.9999999, bChange = 0.00217736, totNum = 20
ROUND = 2903, SUM = 14170637.9999999, bChange = 0.0021775, totNum = 20
ROUND = 2904, SUM = 14170637.9999999, bChange = 0.00217764, totNum = 20
ROUND = 2905, SUM = 14170638, bChange = 0.00217778, totNum = 20
ROUND = 2906, SUM = 14170638, bChange = 0.00217792, totNum = 20
ROUND = 2907, SUM = 14170638, bChange = 0.00217806, totNum = 20
ROUND = 2908, SUM = 14170638, bChange = 0.0021782, totNum = 20
ROUND = 2909, SUM = 14170638, bChange = 0.00217834, totNum = 20
ROUND = 2910, SUM = 14170638, bChange = 0.00217848, totNum = 20
ROUND = 2911, SUM = 14170638, bChange = 0.00217862, totNum = 20
ROUND = 2912, SUM = 14170638, bChange = 0.00217876, totNum = 20
ROUND = 2913, SUM = 14170638, bChange = 0.00217889, totNum = 20
ROUND = 2914, SUM = 14170638, bChange = 0.00217903, totNum = 20
ROUND = 2915, SUM = 14170638, bChange = 0.00217917, totNum = 20
ROUND = 2916, SUM = 14170638, bChange = 0.00217931, totNum = 20
ROUND = 2917, SUM = 14170638, bChange = 0.00217945, totNum = 20
ROUND = 2918, SUM = 14170638.0000001, bChange = 0.00217958, totNum = 20
ROUND = 2919, SUM = 14170638, bChange = 0.00217972, totNum = 20
ROUND = 2920, SUM = 14170638, bChange = 0.00217986, totNum = 20
ROUND = 2921, SUM = 14170638, bChange = 0.00218, totNum = 20
ROUND = 2922, SUM = 14170638, bChange = 0.00218013, totNum = 20
ROUND = 2923, SUM = 14170637.9999999, bChange = 0.00218027, totNum = 20
ROUND = 2924, SUM = 14170638, bChange = 0.00218041, totNum = 20
ROUND = 2925, SUM = 14170638, bChange = 0.00218054, totNum = 20
ROUND = 2926, SUM = 14170638, bChange = 0.00218068, totNum = 20
ROUND = 2927, SUM = 14170638, bChange = 0.00218081, totNum = 20
ROUND = 2928, SUM = 14170638, bChange = 0.00154811, totNum = 19
ROUND = 2929, SUM = 14170637.9999999, bChange = 0.00154811, totNum = 19
ROUND = 2930, SUM = 14170638, bChange = 0.00154811, totNum = 19
ROUND = 2931, SUM = 14170638.0000001, bChange = 0.00154811, totNum = 19
ROUND = 2932, SUM = 14170638, bChange = 0.00154811, totNum = 19
ROUND = 2933, SUM = 14170638, bChange = 0.00154811, totNum = 19
ROUND = 2934, SUM = 14170638, bChange = 0.00154811, totNum = 19
ROUND = 2935, SUM = 14170638, bChange = 0.0015481, totNum = 19
ROUND = 2936, SUM = 14170638, bChange = 0.0015481, totNum = 19
ROUND = 2937, SUM = 14170638, bChange = 0.0015481, totNum = 19
ROUND = 2938, SUM = 14170638, bChange = 0.0015481, totNum = 19
ROUND = 2939, SUM = 14170638, bChange = 0.0015481, totNum = 19
ROUND = 2940, SUM = 14170638, bChange = 0.0015481, totNum = 19
ROUND = 2941, SUM = 14170638, bChange = 0.0015481, totNum = 19
ROUND = 2942, SUM = 14170638, bChange = 0.0015481, totNum = 19
ROUND = 2943, SUM = 14170638, bChange = 0.0015481, totNum = 19
ROUND = 2944, SUM = 14170638, bChange = 0.0015481, totNum = 19
ROUND = 2945, SUM = 14170638, bChange = 0.00154809, totNum = 18
ROUND = 2946, SUM = 14170638, bChange = 0.00154809, totNum = 18
ROUND = 2947, SUM = 14170638, bChange = 0.00154809, totNum = 18
ROUND = 2948, SUM = 14170638, bChange = 0.00154809, totNum = 18
ROUND = 2949, SUM = 14170638, bChange = 0.00154809, totNum = 18
ROUND = 2950, SUM = 14170638, bChange = 0.00154809, totNum = 18
ROUND = 2951, SUM = 14170638, bChange = 0.00154809, totNum = 18
ROUND = 2952, SUM = 14170638, bChange = 0.00154809, totNum = 18
ROUND = 2953, SUM = 14170638, bChange = 0.00154809, totNum = 18
ROUND = 2954, SUM = 14170638, bChange = 0.00154809, totNum = 18
ROUND = 2955, SUM = 14170638, bChange = 0.00154808, totNum = 18
ROUND = 2956, SUM = 14170638, bChange = 0.00154808, totNum = 18
ROUND = 2957, SUM = 14170638, bChange = 0.00154808, totNum = 18
ROUND = 2958, SUM = 14170638, bChange = 0.00154808, totNum = 18
ROUND = 2959, SUM = 14170638, bChange = 0.00154808, totNum = 18
ROUND = 2960, SUM = 14170638, bChange = 0.00154808, totNum = 18
ROUND = 2961, SUM = 14170638, bChange = 0.00154808, totNum = 18
ROUND = 2962, SUM = 14170638, bChange = 0.00154808, totNum = 18
ROUND = 2963, SUM = 14170638, bChange = 0.00154808, totNum = 18
ROUND = 2964, SUM = 14170638, bChange = 0.00154808, totNum = 18
ROUND = 2965, SUM = 14170638, bChange = 0.00154808, totNum = 18
ROUND = 2966, SUM = 14170638, bChange = 0.00154807, totNum = 18
ROUND = 2967, SUM = 14170638, bChange = 0.00154807, totNum = 18
ROUND = 2968, SUM = 14170638, bChange = 0.00154807, totNum = 18
ROUND = 2969, SUM = 14170638.0000001, bChange = 0.00154807, totNum = 17
ROUND = 2970, SUM = 14170638, bChange = 0.00154807, totNum = 17
ROUND = 2971, SUM = 14170638, bChange = 0.00154807, totNum = 17
ROUND = 2972, SUM = 14170638, bChange = 0.00154807, totNum = 17
ROUND = 2973, SUM = 14170638, bChange = 0.00154807, totNum = 17
ROUND = 2974, SUM = 14170638, bChange = 0.00154807, totNum = 17
ROUND = 2975, SUM = 14170638.0000001, bChange = 0.00154807, totNum = 17
ROUND = 2976, SUM = 14170638, bChange = 0.00154806, totNum = 17
ROUND = 2977, SUM = 14170638, bChange = 0.00154806, totNum = 17
ROUND = 2978, SUM = 14170638, bChange = 0.00154806, totNum = 17
ROUND = 2979, SUM = 14170638, bChange = 0.00154806, totNum = 16
ROUND = 2980, SUM = 14170638, bChange = 0.00154806, totNum = 16
ROUND = 2981, SUM = 14170638, bChange = 0.00154806, totNum = 16
ROUND = 2982, SUM = 14170638, bChange = 0.00154806, totNum = 16
ROUND = 2983, SUM = 14170638, bChange = 0.00154806, totNum = 16
ROUND = 2984, SUM = 14170638, bChange = 0.00154806, totNum = 16
ROUND = 2985, SUM = 14170638, bChange = 0.00154806, totNum = 16
ROUND = 2986, SUM = 14170638, bChange = 0.00154806, totNum = 16
ROUND = 2987, SUM = 14170638, bChange = 0.00154805, totNum = 16
ROUND = 2988, SUM = 14170638, bChange = 0.00154805, totNum = 16
ROUND = 2989, SUM = 14170638, bChange = 0.00154805, totNum = 16
ROUND = 2990, SUM = 14170638, bChange = 0.00154805, totNum = 16
ROUND = 2991, SUM = 14170638, bChange = 0.00154805, totNum = 16
ROUND = 2992, SUM = 14170638, bChange = 0.00154805, totNum = 16
ROUND = 2993, SUM = 14170638, bChange = 0.00154805, totNum = 16
ROUND = 2994, SUM = 14170638, bChange = 0.00154805, totNum = 16
ROUND = 2995, SUM = 14170638, bChange = 0.00154805, totNum = 16
ROUND = 2996, SUM = 14170638, bChange = 0.00154805, totNum = 16
ROUND = 2997, SUM = 14170638, bChange = 0.00154804, totNum = 16
ROUND = 2998, SUM = 14170638, bChange = 0.00154804, totNum = 16
ROUND = 2999, SUM = 14170638, bChange = 0.00154804, totNum = 16
ROUND = 3000, SUM = 14170638, bChange = 0.00154804, totNum = 16
ROUND = 3001, SUM = 14170638, bChange = 0.00154804, totNum = 16
ROUND = 3002, SUM = 14170638, bChange = 0.00154804, totNum = 16
ROUND = 3003, SUM = 14170638, bChange = 0.00154804, totNum = 16
ROUND = 3004, SUM = 14170638, bChange = 0.00154804, totNum = 16
ROUND = 3005, SUM = 14170638, bChange = 0.00154804, totNum = 16
ROUND = 3006, SUM = 14170638, bChange = 0.00154804, totNum = 16
ROUND = 3007, SUM = 14170638, bChange = 0.00154804, totNum = 16
ROUND = 3008, SUM = 14170638, bChange = 0.00154803, totNum = 16
ROUND = 3009, SUM = 14170638, bChange = 0.00154803, totNum = 16
ROUND = 3010, SUM = 14170638, bChange = 0.00154803, totNum = 16
ROUND = 3011, SUM = 14170638, bChange = 0.00154803, totNum = 16
ROUND = 3012, SUM = 14170638, bChange = 0.00154803, totNum = 16
ROUND = 3013, SUM = 14170638, bChange = 0.00154803, totNum = 16
ROUND = 3014, SUM = 14170638, bChange = 0.00154803, totNum = 16
ROUND = 3015, SUM = 14170638, bChange = 0.00154803, totNum = 16
ROUND = 3016, SUM = 14170638, bChange = 0.00154803, totNum = 16
ROUND = 3017, SUM = 14170638, bChange = 0.00154803, totNum = 16
ROUND = 3018, SUM = 14170638, bChange = 0.00150837, totNum = 15
ROUND = 3019, SUM = 14170638, bChange = 0.00150849, totNum = 15
ROUND = 3020, SUM = 14170638, bChange = 0.00150862, totNum = 15
ROUND = 3021, SUM = 14170638, bChange = 0.00150874, totNum = 15
ROUND = 3022, SUM = 14170638, bChange = 0.00150887, totNum = 15
ROUND = 3023, SUM = 14170638, bChange = 0.00150899, totNum = 15
ROUND = 3024, SUM = 14170638, bChange = 0.00150912, totNum = 15
ROUND = 3025, SUM = 14170638.0000001, bChange = 0.00150924, totNum = 15
ROUND = 3026, SUM = 14170638, bChange = 0.00150937, totNum = 15
ROUND = 3027, SUM = 14170638, bChange = 0.00150949, totNum = 15
ROUND = 3028, SUM = 14170638, bChange = 0.00150962, totNum = 15
ROUND = 3029, SUM = 14170638, bChange = 0.00150974, totNum = 15
ROUND = 3030, SUM = 14170638, bChange = 0.00150987, totNum = 15
ROUND = 3031, SUM = 14170638, bChange = 0.00150999, totNum = 15
ROUND = 3032, SUM = 14170638, bChange = 0.00151012, totNum = 15
ROUND = 3033, SUM = 14170638, bChange = 0.00151024, totNum = 15
ROUND = 3034, SUM = 14170638, bChange = 0.00151037, totNum = 15
ROUND = 3035, SUM = 14170638, bChange = 0.00151049, totNum = 15
ROUND = 3036, SUM = 14170638, bChange = 0.00151061, totNum = 15
ROUND = 3037, SUM = 14170638, bChange = 0.00151074, totNum = 15
ROUND = 3038, SUM = 14170638, bChange = 0.00151086, totNum = 15
ROUND = 3039, SUM = 14170638, bChange = 0.00151099, totNum = 14
ROUND = 3040, SUM = 14170638, bChange = 0.00151111, totNum = 14
ROUND = 3041, SUM = 14170638.0000001, bChange = 0.00151124, totNum = 14
ROUND = 3042, SUM = 14170638, bChange = 0.00151136, totNum = 14
ROUND = 3043, SUM = 14170638, bChange = 0.00151149, totNum = 14
ROUND = 3044, SUM = 14170638, bChange = 0.00151161, totNum = 14
ROUND = 3045, SUM = 14170638, bChange = 0.00151173, totNum = 14
ROUND = 3046, SUM = 14170638, bChange = 0.00151186, totNum = 14
ROUND = 3047, SUM = 14170638, bChange = 0.00151198, totNum = 14
ROUND = 3048, SUM = 14170638, bChange = 0.00151211, totNum = 14
ROUND = 3049, SUM = 14170638, bChange = 0.00151223, totNum = 14
ROUND = 3050, SUM = 14170638, bChange = 0.00151236, totNum = 14
ROUND = 3051, SUM = 14170638, bChange = 0.00151248, totNum = 14
ROUND = 3052, SUM = 14170638, bChange = 0.0015126, totNum = 14
ROUND = 3053, SUM = 14170638, bChange = 0.00151273, totNum = 14
ROUND = 3054, SUM = 14170638, bChange = 0.00151285, totNum = 14
ROUND = 3055, SUM = 14170638, bChange = 0.00151298, totNum = 14
ROUND = 3056, SUM = 14170638, bChange = 0.0015131, totNum = 14
ROUND = 3057, SUM = 14170638, bChange = 0.00151322, totNum = 14
ROUND = 3058, SUM = 14170638, bChange = 0.00151335, totNum = 14
ROUND = 3059, SUM = 14170638, bChange = 0.00151347, totNum = 14
ROUND = 3060, SUM = 14170638, bChange = 0.00151359, totNum = 14
ROUND = 3061, SUM = 14170638, bChange = 0.00151372, totNum = 14
ROUND = 3062, SUM = 14170638, bChange = 0.00151384, totNum = 14
ROUND = 3063, SUM = 14170638, bChange = 0.00151397, totNum = 14
ROUND = 3064, SUM = 14170638, bChange = 0.00151409, totNum = 14
ROUND = 3065, SUM = 14170638, bChange = 0.00151421, totNum = 14
ROUND = 3066, SUM = 14170638, bChange = 0.00151434, totNum = 14
ROUND = 3067, SUM = 14170638, bChange = 0.00151446, totNum = 14
ROUND = 3068, SUM = 14170638, bChange = 0.00151458, totNum = 15
ROUND = 3069, SUM = 14170638, bChange = 0.00151471, totNum = 15
ROUND = 3070, SUM = 14170638, bChange = 0.00151483, totNum = 15
ROUND = 3071, SUM = 14170638.0000001, bChange = 0.00151495, totNum = 15
ROUND = 3072, SUM = 14170638, bChange = 0.00151508, totNum = 15
ROUND = 3073, SUM = 14170637.9999999, bChange = 0.0015152, totNum = 15
ROUND = 3074, SUM = 14170638, bChange = 0.00151532, totNum = 15
ROUND = 3075, SUM = 14170638, bChange = 0.00151545, totNum = 15
ROUND = 3076, SUM = 14170638, bChange = 0.00151557, totNum = 15
ROUND = 3077, SUM = 14170638, bChange = 0.00151569, totNum = 15
ROUND = 3078, SUM = 14170638, bChange = 0.00151582, totNum = 15
ROUND = 3079, SUM = 14170638, bChange = 0.00151594, totNum = 15
ROUND = 3080, SUM = 14170638, bChange = 0.00151606, totNum = 15
ROUND = 3081, SUM = 14170638, bChange = 0.00151619, totNum = 15
ROUND = 3082, SUM = 14170638, bChange = 0.00151631, totNum = 15
ROUND = 3083, SUM = 14170638, bChange = 0.00151643, totNum = 15
ROUND = 3084, SUM = 14170638, bChange = 0.00151656, totNum = 15
ROUND = 3085, SUM = 14170638, bChange = 0.00151668, totNum = 15
ROUND = 3086, SUM = 14170638, bChange = 0.0015168, totNum = 15
ROUND = 3087, SUM = 14170637.9999999, bChange = 0.00151692, totNum = 15
ROUND = 3088, SUM = 14170638, bChange = 0.00151705, totNum = 15
ROUND = 3089, SUM = 14170638, bChange = 0.00151717, totNum = 15
ROUND = 3090, SUM = 14170638, bChange = 0.00151729, totNum = 15
ROUND = 3091, SUM = 14170638, bChange = 0.00151741, totNum = 15
ROUND = 3092, SUM = 14170638, bChange = 0.00151754, totNum = 15
ROUND = 3093, SUM = 14170638, bChange = 0.00151766, totNum = 15
ROUND = 3094, SUM = 14170638, bChange = 0.00151778, totNum = 15
ROUND = 3095, SUM = 14170638, bChange = 0.00151791, totNum = 15
ROUND = 3096, SUM = 14170638, bChange = 0.00151803, totNum = 15
ROUND = 3097, SUM = 14170638, bChange = 0.00151815, totNum = 15
ROUND = 3098, SUM = 14170638, bChange = 0.00151827, totNum = 15
ROUND = 3099, SUM = 14170638, bChange = 0.0015184, totNum = 15
ROUND = 3100, SUM = 14170637.9999999, bChange = 0.00151852, totNum = 15
ROUND = 3101, SUM = 14170638, bChange = 0.00151864, totNum = 15
ROUND = 3102, SUM = 14170638, bChange = 0.00151876, totNum = 15
ROUND = 3103, SUM = 14170638, bChange = 0.00151888, totNum = 15
ROUND = 3104, SUM = 14170638, bChange = 0.00151901, totNum = 15
ROUND = 3105, SUM = 14170638, bChange = 0.00151913, totNum = 15
ROUND = 3106, SUM = 14170638, bChange = 0.00151925, totNum = 15
ROUND = 3107, SUM = 14170638, bChange = 0.00151937, totNum = 15
ROUND = 3108, SUM = 14170638, bChange = 0.0015195, totNum = 15
ROUND = 3109, SUM = 14170638, bChange = 0.00151962, totNum = 15
ROUND = 3110, SUM = 14170638, bChange = 0.00151974, totNum = 15
ROUND = 3111, SUM = 14170638, bChange = 0.00151986, totNum = 15
ROUND = 3112, SUM = 14170638, bChange = 0.00151998, totNum = 15
ROUND = 3113, SUM = 14170638, bChange = 0.00152011, totNum = 15
ROUND = 3114, SUM = 14170638, bChange = 0.00152023, totNum = 15
ROUND = 3115, SUM = 14170638, bChange = 0.00152035, totNum = 15
ROUND = 3116, SUM = 14170638, bChange = 0.00152047, totNum = 15
ROUND = 3117, SUM = 14170638, bChange = 0.00152059, totNum = 15
ROUND = 3118, SUM = 14170638, bChange = 0.00152071, totNum = 15
ROUND = 3119, SUM = 14170638, bChange = 0.00152084, totNum = 15
ROUND = 3120, SUM = 14170638, bChange = 0.00152096, totNum = 15
ROUND = 3121, SUM = 14170638, bChange = 0.00152108, totNum = 15
ROUND = 3122, SUM = 14170638, bChange = 0.0015212, totNum = 15
ROUND = 3123, SUM = 14170638, bChange = 0.00152132, totNum = 15
ROUND = 3124, SUM = 14170638, bChange = 0.00152144, totNum = 15
ROUND = 3125, SUM = 14170638, bChange = 0.00152157, totNum = 15
ROUND = 3126, SUM = 14170638, bChange = 0.00152169, totNum = 15
ROUND = 3127, SUM = 14170638, bChange = 0.00152181, totNum = 15
ROUND = 3128, SUM = 14170637.9999999, bChange = 0.00152193, totNum = 15
ROUND = 3129, SUM = 14170638, bChange = 0.00152205, totNum = 15
ROUND = 3130, SUM = 14170638, bChange = 0.00152217, totNum = 15
ROUND = 3131, SUM = 14170638, bChange = 0.00152229, totNum = 15
ROUND = 3132, SUM = 14170638, bChange = 0.00152242, totNum = 15
ROUND = 3133, SUM = 14170638, bChange = 0.00152254, totNum = 15
ROUND = 3134, SUM = 14170638, bChange = 0.00152266, totNum = 15
ROUND = 3135, SUM = 14170638, bChange = 0.00152278, totNum = 15
ROUND = 3136, SUM = 14170638, bChange = 0.0015229, totNum = 15
ROUND = 3137, SUM = 14170638, bChange = 0.00152302, totNum = 15
ROUND = 3138, SUM = 14170638, bChange = 0.00152314, totNum = 15
ROUND = 3139, SUM = 14170638, bChange = 0.00152326, totNum = 15
ROUND = 3140, SUM = 14170638, bChange = 0.00152338, totNum = 15
ROUND = 3141, SUM = 14170638, bChange = 0.0015235, totNum = 15
ROUND = 3142, SUM = 14170638, bChange = 0.00152363, totNum = 15
ROUND = 3143, SUM = 14170637.9999999, bChange = 0.00152375, totNum = 15
ROUND = 3144, SUM = 14170638, bChange = 0.00152387, totNum = 15
ROUND = 3145, SUM = 14170638, bChange = 0.00152399, totNum = 15
ROUND = 3146, SUM = 14170638, bChange = 0.00152411, totNum = 15
ROUND = 3147, SUM = 14170638, bChange = 0.00152423, totNum = 15
ROUND = 3148, SUM = 14170638, bChange = 0.00152435, totNum = 15
ROUND = 3149, SUM = 14170637.9999999, bChange = 0.00152447, totNum = 15
ROUND = 3150, SUM = 14170638, bChange = 0.00152459, totNum = 15
ROUND = 3151, SUM = 14170638, bChange = 0.00152471, totNum = 15
ROUND = 3152, SUM = 14170638, bChange = 0.00152483, totNum = 15
ROUND = 3153, SUM = 14170638, bChange = 0.00152495, totNum = 15
ROUND = 3154, SUM = 14170638, bChange = 0.00152507, totNum = 15
ROUND = 3155, SUM = 14170638, bChange = 0.00152519, totNum = 15
ROUND = 3156, SUM = 14170638.0000001, bChange = 0.00152531, totNum = 15
ROUND = 3157, SUM = 14170638, bChange = 0.00152543, totNum = 15
ROUND = 3158, SUM = 14170638, bChange = 0.00152555, totNum = 15
ROUND = 3159, SUM = 14170638, bChange = 0.00152567, totNum = 15
ROUND = 3160, SUM = 14170638, bChange = 0.0015258, totNum = 15
ROUND = 3161, SUM = 14170637.9999999, bChange = 0.00152592, totNum = 15
ROUND = 3162, SUM = 14170638, bChange = 0.00152604, totNum = 15
ROUND = 3163, SUM = 14170638, bChange = 0.00152616, totNum = 15
ROUND = 3164, SUM = 14170638, bChange = 0.00152628, totNum = 15
ROUND = 3165, SUM = 14170638, bChange = 0.0015264, totNum = 15
ROUND = 3166, SUM = 14170638, bChange = 0.00152652, totNum = 15
ROUND = 3167, SUM = 14170638, bChange = 0.00152664, totNum = 15
ROUND = 3168, SUM = 14170638, bChange = 0.00152676, totNum = 15
ROUND = 3169, SUM = 14170638, bChange = 0.00152688, totNum = 15
ROUND = 3170, SUM = 14170638, bChange = 0.00152699, totNum = 15
ROUND = 3171, SUM = 14170638, bChange = 0.00152711, totNum = 15
ROUND = 3172, SUM = 14170638, bChange = 0.00152723, totNum = 15
ROUND = 3173, SUM = 14170638, bChange = 0.00152735, totNum = 15
ROUND = 3174, SUM = 14170638, bChange = 0.00152747, totNum = 15
ROUND = 3175, SUM = 14170638, bChange = 0.00152759, totNum = 15
ROUND = 3176, SUM = 14170638, bChange = 0.00152771, totNum = 15
ROUND = 3177, SUM = 14170638, bChange = 0.00152783, totNum = 15
ROUND = 3178, SUM = 14170638, bChange = 0.00152795, totNum = 15
ROUND = 3179, SUM = 14170638, bChange = 0.00152807, totNum = 15
ROUND = 3180, SUM = 14170638, bChange = 0.00152819, totNum = 15
ROUND = 3181, SUM = 14170638, bChange = 0.00152831, totNum = 15
ROUND = 3182, SUM = 14170637.9999999, bChange = 0.00152843, totNum = 15
ROUND = 3183, SUM = 14170638, bChange = 0.00152855, totNum = 15
ROUND = 3184, SUM = 14170638, bChange = 0.00152867, totNum = 15
ROUND = 3185, SUM = 14170638, bChange = 0.00152879, totNum = 15
ROUND = 3186, SUM = 14170638, bChange = 0.00152891, totNum = 15
ROUND = 3187, SUM = 14170638, bChange = 0.00152903, totNum = 15
ROUND = 3188, SUM = 14170638, bChange = 0.00152915, totNum = 15
ROUND = 3189, SUM = 14170638, bChange = 0.00152926, totNum = 15
ROUND = 3190, SUM = 14170638, bChange = 0.00152938, totNum = 15
ROUND = 3191, SUM = 14170638, bChange = 0.0015295, totNum = 15
ROUND = 3192, SUM = 14170638, bChange = 0.00152962, totNum = 15
ROUND = 3193, SUM = 14170637.9999999, bChange = 0.00152974, totNum = 15
ROUND = 3194, SUM = 14170638, bChange = 0.00152986, totNum = 15
ROUND = 3195, SUM = 14170638, bChange = 0.00152998, totNum = 15
ROUND = 3196, SUM = 14170638, bChange = 0.0015301, totNum = 15
ROUND = 3197, SUM = 14170638, bChange = 0.00153022, totNum = 15
ROUND = 3198, SUM = 14170638, bChange = 0.00153033, totNum = 15
ROUND = 3199, SUM = 14170638, bChange = 0.00153045, totNum = 15
ROUND = 3200, SUM = 14170638, bChange = 0.00153057, totNum = 15
ROUND = 3201, SUM = 14170638, bChange = 0.00153069, totNum = 15
ROUND = 3202, SUM = 14170637.9999999, bChange = 0.00153081, totNum = 15
ROUND = 3203, SUM = 14170638, bChange = 0.00153093, totNum = 15
ROUND = 3204, SUM = 14170638, bChange = 0.00153105, totNum = 15
ROUND = 3205, SUM = 14170638, bChange = 0.00153116, totNum = 15
ROUND = 3206, SUM = 14170638, bChange = 0.00153128, totNum = 15
ROUND = 3207, SUM = 14170638, bChange = 0.0015314, totNum = 15
ROUND = 3208, SUM = 14170638, bChange = 0.00153152, totNum = 15
ROUND = 3209, SUM = 14170638, bChange = 0.00153164, totNum = 15
ROUND = 3210, SUM = 14170638, bChange = 0.00153176, totNum = 15
ROUND = 3211, SUM = 14170638, bChange = 0.00153187, totNum = 15
ROUND = 3212, SUM = 14170638, bChange = 0.00153199, totNum = 15
ROUND = 3213, SUM = 14170638, bChange = 0.00153211, totNum = 15
ROUND = 3214, SUM = 14170638, bChange = 0.00153223, totNum = 15
ROUND = 3215, SUM = 14170638, bChange = 0.00153235, totNum = 15
ROUND = 3216, SUM = 14170638, bChange = 0.00153246, totNum = 15
ROUND = 3217, SUM = 14170638, bChange = 0.00153258, totNum = 15
ROUND = 3218, SUM = 14170638, bChange = 0.0015327, totNum = 15
ROUND = 3219, SUM = 14170638, bChange = 0.00153282, totNum = 15
ROUND = 3220, SUM = 14170638, bChange = 0.00153294, totNum = 15
ROUND = 3221, SUM = 14170638.0000001, bChange = 0.00153305, totNum = 15
ROUND = 3222, SUM = 14170638, bChange = 0.00153317, totNum = 15
ROUND = 3223, SUM = 14170638, bChange = 0.00153329, totNum = 15
ROUND = 3224, SUM = 14170638, bChange = 0.00153341, totNum = 15
ROUND = 3225, SUM = 14170638, bChange = 0.00153353, totNum = 15
ROUND = 3226, SUM = 14170638, bChange = 0.00153364, totNum = 15
ROUND = 3227, SUM = 14170638, bChange = 0.00153376, totNum = 15
ROUND = 3228, SUM = 14170638, bChange = 0.00153388, totNum = 15
ROUND = 3229, SUM = 14170637.9999999, bChange = 0.001534, totNum = 15
ROUND = 3230, SUM = 14170638, bChange = 0.00153411, totNum = 15
ROUND = 3231, SUM = 14170638, bChange = 0.00153423, totNum = 15
ROUND = 3232, SUM = 14170638, bChange = 0.00153435, totNum = 15
ROUND = 3233, SUM = 14170638, bChange = 0.00153447, totNum = 15
ROUND = 3234, SUM = 14170638.0000001, bChange = 0.00153458, totNum = 15
ROUND = 3235, SUM = 14170638, bChange = 0.0015347, totNum = 15
ROUND = 3236, SUM = 14170638, bChange = 0.00153482, totNum = 15
ROUND = 3237, SUM = 14170638, bChange = 0.00153493, totNum = 15
ROUND = 3238, SUM = 14170638, bChange = 0.00153505, totNum = 15
ROUND = 3239, SUM = 14170638, bChange = 0.00153517, totNum = 15
ROUND = 3240, SUM = 14170638, bChange = 0.00153529, totNum = 15
ROUND = 3241, SUM = 14170638.0000001, bChange = 0.0015354, totNum = 15
ROUND = 3242, SUM = 14170638, bChange = 0.00153552, totNum = 15
ROUND = 3243, SUM = 14170638, bChange = 0.00153564, totNum = 15
ROUND = 3244, SUM = 14170638, bChange = 0.00153575, totNum = 15
ROUND = 3245, SUM = 14170638, bChange = 0.00153587, totNum = 15
ROUND = 3246, SUM = 14170638, bChange = 0.00153599, totNum = 15
ROUND = 3247, SUM = 14170638, bChange = 0.0015361, totNum = 15
ROUND = 3248, SUM = 14170638, bChange = 0.00153622, totNum = 15
ROUND = 3249, SUM = 14170638, bChange = 0.00153634, totNum = 15
ROUND = 3250, SUM = 14170638, bChange = 0.00153645, totNum = 15
ROUND = 3251, SUM = 14170638, bChange = 0.00153657, totNum = 15
ROUND = 3252, SUM = 14170638, bChange = 0.00153669, totNum = 15
ROUND = 3253, SUM = 14170638, bChange = 0.0015368, totNum = 15
ROUND = 3254, SUM = 14170638, bChange = 0.00153692, totNum = 15
ROUND = 3255, SUM = 14170637.9999999, bChange = 0.00153704, totNum = 15
ROUND = 3256, SUM = 14170638, bChange = 0.00153715, totNum = 15
ROUND = 3257, SUM = 14170637.9999999, bChange = 0.00153727, totNum = 15
ROUND = 3258, SUM = 14170638, bChange = 0.00153739, totNum = 15
ROUND = 3259, SUM = 14170638, bChange = 0.0015375, totNum = 15
ROUND = 3260, SUM = 14170637.9999999, bChange = 0.00153762, totNum = 15
ROUND = 3261, SUM = 14170638, bChange = 0.00153773, totNum = 15
ROUND = 3262, SUM = 14170638, bChange = 0.00153785, totNum = 15
ROUND = 3263, SUM = 14170638, bChange = 0.00153797, totNum = 15
ROUND = 3264, SUM = 14170637.9999999, bChange = 0.00153808, totNum = 15
ROUND = 3265, SUM = 14170638, bChange = 0.0015382, totNum = 15
ROUND = 3266, SUM = 14170638, bChange = 0.00153832, totNum = 15
ROUND = 3267, SUM = 14170638, bChange = 0.00153843, totNum = 15
ROUND = 3268, SUM = 14170638, bChange = 0.00153855, totNum = 15
ROUND = 3269, SUM = 14170638, bChange = 0.00153866, totNum = 15
ROUND = 3270, SUM = 14170638, bChange = 0.00153878, totNum = 15
ROUND = 3271, SUM = 14170638, bChange = 0.00153889, totNum = 15
ROUND = 3272, SUM = 14170638, bChange = 0.00153901, totNum = 15
ROUND = 3273, SUM = 14170638, bChange = 0.00153913, totNum = 15
ROUND = 3274, SUM = 14170638, bChange = 0.00153924, totNum = 15
ROUND = 3275, SUM = 14170638, bChange = 0.00153936, totNum = 15
ROUND = 3276, SUM = 14170638, bChange = 0.00153947, totNum = 15
ROUND = 3277, SUM = 14170638, bChange = 0.00153959, totNum = 15
ROUND = 3278, SUM = 14170638, bChange = 0.0015397, totNum = 15
ROUND = 3279, SUM = 14170638, bChange = 0.00153982, totNum = 15
ROUND = 3280, SUM = 14170638, bChange = 0.00153994, totNum = 15
ROUND = 3281, SUM = 14170638, bChange = 0.00154005, totNum = 15
ROUND = 3282, SUM = 14170638, bChange = 0.00154017, totNum = 15
ROUND = 3283, SUM = 14170638, bChange = 0.00154028, totNum = 15
ROUND = 3284, SUM = 14170638, bChange = 0.0015404, totNum = 15
ROUND = 3285, SUM = 14170638, bChange = 0.00154051, totNum = 15
ROUND = 3286, SUM = 14170638, bChange = 0.00154063, totNum = 15
ROUND = 3287, SUM = 14170638, bChange = 0.00154074, totNum = 15
ROUND = 3288, SUM = 14170638, bChange = 0.00154086, totNum = 15
ROUND = 3289, SUM = 14170638, bChange = 0.00154097, totNum = 15
ROUND = 3290, SUM = 14170638, bChange = 0.00154109, totNum = 15
ROUND = 3291, SUM = 14170638, bChange = 0.0015412, totNum = 15
ROUND = 3292, SUM = 14170638, bChange = 0.00154132, totNum = 15
ROUND = 3293, SUM = 14170638, bChange = 0.00154143, totNum = 15
ROUND = 3294, SUM = 14170638, bChange = 0.00154155, totNum = 15
ROUND = 3295, SUM = 14170638, bChange = 0.00154166, totNum = 15
ROUND = 3296, SUM = 14170638, bChange = 0.00154178, totNum = 15
ROUND = 3297, SUM = 14170638, bChange = 0.00154189, totNum = 15
ROUND = 3298, SUM = 14170638, bChange = 0.00154201, totNum = 15
ROUND = 3299, SUM = 14170638, bChange = 0.00154212, totNum = 15
ROUND = 3300, SUM = 14170638, bChange = 0.00154224, totNum = 15
ROUND = 3301, SUM = 14170638, bChange = 0.00154235, totNum = 15
ROUND = 3302, SUM = 14170638, bChange = 0.00154246, totNum = 15
ROUND = 3303, SUM = 14170638, bChange = 0.00154258, totNum = 15
ROUND = 3304, SUM = 14170638, bChange = 0.00154269, totNum = 15
ROUND = 3305, SUM = 14170638, bChange = 0.00154281, totNum = 15
ROUND = 3306, SUM = 14170638, bChange = 0.00154292, totNum = 15
ROUND = 3307, SUM = 14170638, bChange = 0.00154304, totNum = 15
ROUND = 3308, SUM = 14170638, bChange = 0.00154315, totNum = 15
ROUND = 3309, SUM = 14170638, bChange = 0.00154326, totNum = 15
ROUND = 3310, SUM = 14170638, bChange = 0.00154338, totNum = 15
ROUND = 3311, SUM = 14170638, bChange = 0.00154349, totNum = 15
ROUND = 3312, SUM = 14170638, bChange = 0.00154361, totNum = 15
ROUND = 3313, SUM = 14170638, bChange = 0.00154372, totNum = 15
ROUND = 3314, SUM = 14170638, bChange = 0.00154384, totNum = 15
ROUND = 3315, SUM = 14170638, bChange = 0.00154395, totNum = 15
ROUND = 3316, SUM = 14170638, bChange = 0.00154406, totNum = 15
ROUND = 3317, SUM = 14170638, bChange = 0.00154418, totNum = 15
ROUND = 3318, SUM = 14170638, bChange = 0.00154429, totNum = 15
ROUND = 3319, SUM = 14170638, bChange = 0.0015444, totNum = 15
ROUND = 3320, SUM = 14170638, bChange = 0.00154452, totNum = 15
ROUND = 3321, SUM = 14170638, bChange = 0.00154463, totNum = 15
ROUND = 3322, SUM = 14170638, bChange = 0.00154475, totNum = 15
ROUND = 3323, SUM = 14170638, bChange = 0.00154486, totNum = 15
ROUND = 3324, SUM = 14170638, bChange = 0.00154497, totNum = 15
ROUND = 3325, SUM = 14170638.0000001, bChange = 0.00154509, totNum = 15
ROUND = 3326, SUM = 14170638.0000001, bChange = 0.0015452, totNum = 15
ROUND = 3327, SUM = 14170638, bChange = 0.00154531, totNum = 15
ROUND = 3328, SUM = 14170638.0000001, bChange = 0.00154543, totNum = 15
ROUND = 3329, SUM = 14170638, bChange = 0.00154554, totNum = 15
ROUND = 3330, SUM = 14170638, bChange = 0.00154565, totNum = 15
ROUND = 3331, SUM = 14170638, bChange = 0.00154577, totNum = 15
ROUND = 3332, SUM = 14170638.0000001, bChange = 0.00154588, totNum = 15
ROUND = 3333, SUM = 14170638, bChange = 0.00154599, totNum = 15
ROUND = 3334, SUM = 14170638, bChange = 0.00154611, totNum = 15
ROUND = 3335, SUM = 14170638, bChange = 0.00154622, totNum = 15
ROUND = 3336, SUM = 14170638, bChange = 0.00154633, totNum = 15
ROUND = 3337, SUM = 14170638, bChange = 0.00154645, totNum = 15
ROUND = 3338, SUM = 14170638, bChange = 0.00154656, totNum = 15
ROUND = 3339, SUM = 14170638.0000001, bChange = 0.00154667, totNum = 15
ROUND = 3340, SUM = 14170638.0000001, bChange = 0.00154678, totNum = 15
ROUND = 3341, SUM = 14170638, bChange = 0.0015469, totNum = 15
ROUND = 3342, SUM = 14170638, bChange = 0.00154701, totNum = 15
ROUND = 3343, SUM = 14170638, bChange = 0.00154712, totNum = 15
ROUND = 3344, SUM = 14170638, bChange = 0.00154724, totNum = 15
ROUND = 3345, SUM = 14170638, bChange = 0.00154735, totNum = 15
ROUND = 3346, SUM = 14170638, bChange = 0.00154746, totNum = 15
ROUND = 3347, SUM = 14170638, bChange = 0.00154757, totNum = 15
ROUND = 3348, SUM = 14170638, bChange = 0.00154769, totNum = 15
ROUND = 3349, SUM = 14170638, bChange = 0.0015478, totNum = 15
ROUND = 3350, SUM = 14170638, bChange = 0.00154791, totNum = 15
ROUND = 3351, SUM = 14170638, bChange = 0.00154802, totNum = 15
ROUND = 3352, SUM = 14170638, bChange = 0.00154814, totNum = 15
ROUND = 3353, SUM = 14170637.9999999, bChange = 0.00154825, totNum = 15
ROUND = 3354, SUM = 14170638, bChange = 0.00154836, totNum = 15
ROUND = 3355, SUM = 14170638, bChange = 0.00154847, totNum = 15
ROUND = 3356, SUM = 14170638.0000001, bChange = 0.00154858, totNum = 15
ROUND = 3357, SUM = 14170638, bChange = 0.0015487, totNum = 15
ROUND = 3358, SUM = 14170638, bChange = 0.00154881, totNum = 15
ROUND = 3359, SUM = 14170638, bChange = 0.00154892, totNum = 15
ROUND = 3360, SUM = 14170638, bChange = 0.00154903, totNum = 15
ROUND = 3361, SUM = 14170638, bChange = 0.00154915, totNum = 15
ROUND = 3362, SUM = 14170638, bChange = 0.00154926, totNum = 15
ROUND = 3363, SUM = 14170638, bChange = 0.00154937, totNum = 15
ROUND = 3364, SUM = 14170638, bChange = 0.00154948, totNum = 15
ROUND = 3365, SUM = 14170638, bChange = 0.00154959, totNum = 15
ROUND = 3366, SUM = 14170638, bChange = 0.0015497, totNum = 15
ROUND = 3367, SUM = 14170638, bChange = 0.00154982, totNum = 15
ROUND = 3368, SUM = 14170638, bChange = 0.00154993, totNum = 15
ROUND = 3369, SUM = 14170638, bChange = 0.00155004, totNum = 15
ROUND = 3370, SUM = 14170638, bChange = 0.00155015, totNum = 15
ROUND = 3371, SUM = 14170638.0000001, bChange = 0.00155026, totNum = 15
ROUND = 3372, SUM = 14170638, bChange = 0.00155037, totNum = 15
ROUND = 3373, SUM = 14170638, bChange = 0.00155049, totNum = 15
ROUND = 3374, SUM = 14170638, bChange = 0.0015506, totNum = 15
ROUND = 3375, SUM = 14170638, bChange = 0.00155071, totNum = 15
ROUND = 3376, SUM = 14170638, bChange = 0.00155082, totNum = 15
ROUND = 3377, SUM = 14170638.0000001, bChange = 0.00155093, totNum = 15
ROUND = 3378, SUM = 14170638, bChange = 0.00155104, totNum = 15
ROUND = 3379, SUM = 14170638, bChange = 0.00155115, totNum = 15
ROUND = 3380, SUM = 14170638, bChange = 0.00155126, totNum = 15
ROUND = 3381, SUM = 14170638, bChange = 0.00155138, totNum = 15
ROUND = 3382, SUM = 14170638.0000001, bChange = 0.00155149, totNum = 15
ROUND = 3383, SUM = 14170638, bChange = 0.0015516, totNum = 15
ROUND = 3384, SUM = 14170638, bChange = 0.00155171, totNum = 15
ROUND = 3385, SUM = 14170638, bChange = 0.00155182, totNum = 15
ROUND = 3386, SUM = 14170638, bChange = 0.00155193, totNum = 15
ROUND = 3387, SUM = 14170638, bChange = 0.00155204, totNum = 15
ROUND = 3388, SUM = 14170638, bChange = 0.00155215, totNum = 15
ROUND = 3389, SUM = 14170638, bChange = 0.00155226, totNum = 15
ROUND = 3390, SUM = 14170638, bChange = 0.00155237, totNum = 15
ROUND = 3391, SUM = 14170638, bChange = 0.00155248, totNum = 15
ROUND = 3392, SUM = 14170638, bChange = 0.00155259, totNum = 15
ROUND = 3393, SUM = 14170638, bChange = 0.00155271, totNum = 15
ROUND = 3394, SUM = 14170638, bChange = 0.00155282, totNum = 15
ROUND = 3395, SUM = 14170638, bChange = 0.00155293, totNum = 15
ROUND = 3396, SUM = 14170638, bChange = 0.00155304, totNum = 15
ROUND = 3397, SUM = 14170638, bChange = 0.00155315, totNum = 15
ROUND = 3398, SUM = 14170638, bChange = 0.00155326, totNum = 15
ROUND = 3399, SUM = 14170638, bChange = 0.00155337, totNum = 15
ROUND = 3400, SUM = 14170638, bChange = 0.00155348, totNum = 15
ROUND = 3401, SUM = 14170638, bChange = 0.00155359, totNum = 15
ROUND = 3402, SUM = 14170638, bChange = 0.0015537, totNum = 15
ROUND = 3403, SUM = 14170638, bChange = 0.00155381, totNum = 15
ROUND = 3404, SUM = 14170638, bChange = 0.00155392, totNum = 15
ROUND = 3405, SUM = 14170638, bChange = 0.00155403, totNum = 15
ROUND = 3406, SUM = 14170638, bChange = 0.00155414, totNum = 15
ROUND = 3407, SUM = 14170638, bChange = 0.00155425, totNum = 15
ROUND = 3408, SUM = 14170638, bChange = 0.00155436, totNum = 15
ROUND = 3409, SUM = 14170638, bChange = 0.00155447, totNum = 15
ROUND = 3410, SUM = 14170638, bChange = 0.00155458, totNum = 15
ROUND = 3411, SUM = 14170638, bChange = 0.00155469, totNum = 15
ROUND = 3412, SUM = 14170638, bChange = 0.0015548, totNum = 15
ROUND = 3413, SUM = 14170638, bChange = 0.00155491, totNum = 15
ROUND = 3414, SUM = 14170638, bChange = 0.00155502, totNum = 15
ROUND = 3415, SUM = 14170638, bChange = 0.00155513, totNum = 15
ROUND = 3416, SUM = 14170638, bChange = 0.00155524, totNum = 15
ROUND = 3417, SUM = 14170637.9999999, bChange = 0.00155535, totNum = 15
ROUND = 3418, SUM = 14170638, bChange = 0.00155546, totNum = 15
ROUND = 3419, SUM = 14170638, bChange = 0.00155556, totNum = 15
ROUND = 3420, SUM = 14170638, bChange = 0.00155567, totNum = 15
ROUND = 3421, SUM = 14170638, bChange = 0.00155578, totNum = 15
ROUND = 3422, SUM = 14170638, bChange = 0.00155589, totNum = 15
ROUND = 3423, SUM = 14170638, bChange = 0.001556, totNum = 15
ROUND = 3424, SUM = 14170638, bChange = 0.00155611, totNum = 15
ROUND = 3425, SUM = 14170638, bChange = 0.00155622, totNum = 15
ROUND = 3426, SUM = 14170638, bChange = 0.00155633, totNum = 15
ROUND = 3427, SUM = 14170638, bChange = 0.00155644, totNum = 15
ROUND = 3428, SUM = 14170638, bChange = 0.00155655, totNum = 15
ROUND = 3429, SUM = 14170638, bChange = 0.00155666, totNum = 15
ROUND = 3430, SUM = 14170638, bChange = 0.00155677, totNum = 15
ROUND = 3431, SUM = 14170638, bChange = 0.00155687, totNum = 15
ROUND = 3432, SUM = 14170638, bChange = 0.00155698, totNum = 15
ROUND = 3433, SUM = 14170638, bChange = 0.00155709, totNum = 15
ROUND = 3434, SUM = 14170638, bChange = 0.0015572, totNum = 15
ROUND = 3435, SUM = 14170638, bChange = 0.00155731, totNum = 15
ROUND = 3436, SUM = 14170638, bChange = 0.00155742, totNum = 15
ROUND = 3437, SUM = 14170638.0000001, bChange = 0.00155753, totNum = 15
ROUND = 3438, SUM = 14170638, bChange = 0.00155764, totNum = 15
ROUND = 3439, SUM = 14170638, bChange = 0.00155774, totNum = 15
ROUND = 3440, SUM = 14170638, bChange = 0.00155785, totNum = 15
ROUND = 3441, SUM = 14170638, bChange = 0.00155796, totNum = 15
ROUND = 3442, SUM = 14170638, bChange = 0.00155807, totNum = 15
ROUND = 3443, SUM = 14170638, bChange = 0.00155818, totNum = 15
ROUND = 3444, SUM = 14170638, bChange = 0.00155829, totNum = 15
ROUND = 3445, SUM = 14170638, bChange = 0.00155839, totNum = 15
ROUND = 3446, SUM = 14170638, bChange = 0.0015585, totNum = 15
ROUND = 3447, SUM = 14170638, bChange = 0.00155861, totNum = 15
ROUND = 3448, SUM = 14170638, bChange = 0.00155872, totNum = 15
ROUND = 3449, SUM = 14170638, bChange = 0.00155883, totNum = 15
ROUND = 3450, SUM = 14170638, bChange = 0.00155893, totNum = 15
ROUND = 3451, SUM = 14170638, bChange = 0.00155904, totNum = 15
ROUND = 3452, SUM = 14170638, bChange = 0.00155915, totNum = 15
ROUND = 3453, SUM = 14170638, bChange = 0.00155926, totNum = 15
ROUND = 3454, SUM = 14170638, bChange = 0.00155937, totNum = 15
ROUND = 3455, SUM = 14170638, bChange = 0.00155947, totNum = 15
ROUND = 3456, SUM = 14170638, bChange = 0.00155958, totNum = 15
ROUND = 3457, SUM = 14170638, bChange = 0.00155969, totNum = 15
ROUND = 3458, SUM = 14170638, bChange = 0.0015598, totNum = 15
ROUND = 3459, SUM = 14170638, bChange = 0.0015599, totNum = 15
ROUND = 3460, SUM = 14170638, bChange = 0.00156001, totNum = 15
ROUND = 3461, SUM = 14170638, bChange = 0.00156012, totNum = 15
ROUND = 3462, SUM = 14170638, bChange = 0.00156023, totNum = 15
ROUND = 3463, SUM = 14170638, bChange = 0.00156033, totNum = 15
ROUND = 3464, SUM = 14170638, bChange = 0.00156044, totNum = 15
ROUND = 3465, SUM = 14170638, bChange = 0.00156055, totNum = 15
ROUND = 3466, SUM = 14170638, bChange = 0.00156066, totNum = 15
ROUND = 3467, SUM = 14170638, bChange = 0.00156076, totNum = 15
ROUND = 3468, SUM = 14170638, bChange = 0.00156087, totNum = 15
ROUND = 3469, SUM = 14170638, bChange = 0.00156098, totNum = 15
ROUND = 3470, SUM = 14170638, bChange = 0.00156109, totNum = 15
ROUND = 3471, SUM = 14170638.0000001, bChange = 0.00156119, totNum = 15
ROUND = 3472, SUM = 14170638, bChange = 0.0015613, totNum = 15
ROUND = 3473, SUM = 14170638.0000001, bChange = 0.00156141, totNum = 15
ROUND = 3474, SUM = 14170638, bChange = 0.00156151, totNum = 15
ROUND = 3475, SUM = 14170638, bChange = 0.00156162, totNum = 15
ROUND = 3476, SUM = 14170638, bChange = 0.00156173, totNum = 15
ROUND = 3477, SUM = 14170638, bChange = 0.00156183, totNum = 15
ROUND = 3478, SUM = 14170638, bChange = 0.00156194, totNum = 15
ROUND = 3479, SUM = 14170638, bChange = 0.00156205, totNum = 15
ROUND = 3480, SUM = 14170638, bChange = 0.00156215, totNum = 15
ROUND = 3481, SUM = 14170638, bChange = 0.00156226, totNum = 15
ROUND = 3482, SUM = 14170638, bChange = 0.00156237, totNum = 15
ROUND = 3483, SUM = 14170638, bChange = 0.00156247, totNum = 15
ROUND = 3484, SUM = 14170638, bChange = 0.00156258, totNum = 15
ROUND = 3485, SUM = 14170638, bChange = 0.00156269, totNum = 15
ROUND = 3486, SUM = 14170638, bChange = 0.00156279, totNum = 15
ROUND = 3487, SUM = 14170638, bChange = 0.0015629, totNum = 15
ROUND = 3488, SUM = 14170638, bChange = 0.00156301, totNum = 15
ROUND = 3489, SUM = 14170638, bChange = 0.00156311, totNum = 15
ROUND = 3490, SUM = 14170638, bChange = 0.00156322, totNum = 15
ROUND = 3491, SUM = 14170638, bChange = 0.00156332, totNum = 15
ROUND = 3492, SUM = 14170638, bChange = 0.00156343, totNum = 15
ROUND = 3493, SUM = 14170638, bChange = 0.00156354, totNum = 15
ROUND = 3494, SUM = 14170638, bChange = 0.00156364, totNum = 15
ROUND = 3495, SUM = 14170638, bChange = 0.00156375, totNum = 15
ROUND = 3496, SUM = 14170638, bChange = 0.00156385, totNum = 15
ROUND = 3497, SUM = 14170638, bChange = 0.00156396, totNum = 15
ROUND = 3498, SUM = 14170638, bChange = 0.00156407, totNum = 15
ROUND = 3499, SUM = 14170637.9999999, bChange = 0.00156417, totNum = 15
ROUND = 3500, SUM = 14170638, bChange = 0.00156428, totNum = 15
ROUND = 3501, SUM = 14170638, bChange = 0.00156438, totNum = 15
ROUND = 3502, SUM = 14170638, bChange = 0.00156449, totNum = 15
ROUND = 3503, SUM = 14170638, bChange = 0.00156459, totNum = 15
ROUND = 3504, SUM = 14170638, bChange = 0.0015647, totNum = 15
ROUND = 3505, SUM = 14170638, bChange = 0.0015648, totNum = 15
ROUND = 3506, SUM = 14170638, bChange = 0.00156491, totNum = 15
ROUND = 3507, SUM = 14170638, bChange = 0.00156502, totNum = 15
ROUND = 3508, SUM = 14170638, bChange = 0.00156512, totNum = 15
ROUND = 3509, SUM = 14170638, bChange = 0.00156523, totNum = 15
ROUND = 3510, SUM = 14170638, bChange = 0.00156533, totNum = 15
ROUND = 3511, SUM = 14170638, bChange = 0.00156544, totNum = 15
ROUND = 3512, SUM = 14170638, bChange = 0.00156554, totNum = 15
ROUND = 3513, SUM = 14170638, bChange = 0.00156565, totNum = 15
ROUND = 3514, SUM = 14170638, bChange = 0.00156575, totNum = 15
ROUND = 3515, SUM = 14170638.0000001, bChange = 0.00156586, totNum = 15
ROUND = 3516, SUM = 14170638, bChange = 0.00156596, totNum = 15
ROUND = 3517, SUM = 14170638, bChange = 0.00156607, totNum = 15
ROUND = 3518, SUM = 14170638, bChange = 0.00156617, totNum = 15
ROUND = 3519, SUM = 14170638, bChange = 0.00156628, totNum = 15
ROUND = 3520, SUM = 14170638, bChange = 0.00156638, totNum = 15
ROUND = 3521, SUM = 14170638, bChange = 0.00156649, totNum = 15
ROUND = 3522, SUM = 14170638, bChange = 0.00156659, totNum = 15
ROUND = 3523, SUM = 14170638, bChange = 0.0015667, totNum = 15
ROUND = 3524, SUM = 14170638, bChange = 0.0015668, totNum = 15
ROUND = 3525, SUM = 14170638, bChange = 0.0015669, totNum = 15
ROUND = 3526, SUM = 14170638, bChange = 0.00156701, totNum = 15
ROUND = 3527, SUM = 14170638, bChange = 0.00156711, totNum = 15
ROUND = 3528, SUM = 14170638, bChange = 0.00156722, totNum = 15
ROUND = 3529, SUM = 14170638, bChange = 0.00156732, totNum = 15
ROUND = 3530, SUM = 14170638, bChange = 0.00156743, totNum = 15
ROUND = 3531, SUM = 14170638, bChange = 0.00156753, totNum = 15
ROUND = 3532, SUM = 14170637.9999999, bChange = 0.00156764, totNum = 15
ROUND = 3533, SUM = 14170638, bChange = 0.00156774, totNum = 15
ROUND = 3534, SUM = 14170638, bChange = 0.00156784, totNum = 15
ROUND = 3535, SUM = 14170638, bChange = 0.00156795, totNum = 15
ROUND = 3536, SUM = 14170638, bChange = 0.00156805, totNum = 15
ROUND = 3537, SUM = 14170638, bChange = 0.00156816, totNum = 15
ROUND = 3538, SUM = 14170638, bChange = 0.00156826, totNum = 15
ROUND = 3539, SUM = 14170638, bChange = 0.00156836, totNum = 15
ROUND = 3540, SUM = 14170638, bChange = 0.00156847, totNum = 15
ROUND = 3541, SUM = 14170638, bChange = 0.00156857, totNum = 15
ROUND = 3542, SUM = 14170638, bChange = 0.00156868, totNum = 15
ROUND = 3543, SUM = 14170638, bChange = 0.00156878, totNum = 15
ROUND = 3544, SUM = 14170638, bChange = 0.00156888, totNum = 15
ROUND = 3545, SUM = 14170638, bChange = 0.00156899, totNum = 15
ROUND = 3546, SUM = 14170638, bChange = 0.00156909, totNum = 15
ROUND = 3547, SUM = 14170638, bChange = 0.00156919, totNum = 15
ROUND = 3548, SUM = 14170638, bChange = 0.0015693, totNum = 15
ROUND = 3549, SUM = 14170638, bChange = 0.0015694, totNum = 15
ROUND = 3550, SUM = 14170638, bChange = 0.0015695, totNum = 15
ROUND = 3551, SUM = 14170638, bChange = 0.00156961, totNum = 15
ROUND = 3552, SUM = 14170638, bChange = 0.00156971, totNum = 15
ROUND = 3553, SUM = 14170638, bChange = 0.00156981, totNum = 15
ROUND = 3554, SUM = 14170638, bChange = 0.00156992, totNum = 15
ROUND = 3555, SUM = 14170638, bChange = 0.00157002, totNum = 15
ROUND = 3556, SUM = 14170638, bChange = 0.00157012, totNum = 15
ROUND = 3557, SUM = 14170638, bChange = 0.00157023, totNum = 15
ROUND = 3558, SUM = 14170638.0000001, bChange = 0.00157033, totNum = 15
ROUND = 3559, SUM = 14170638, bChange = 0.00157043, totNum = 15
ROUND = 3560, SUM = 14170638, bChange = 0.00157054, totNum = 15
ROUND = 3561, SUM = 14170638, bChange = 0.00157064, totNum = 15
ROUND = 3562, SUM = 14170638, bChange = 0.00157074, totNum = 15
ROUND = 3563, SUM = 14170638, bChange = 0.00157084, totNum = 15
ROUND = 3564, SUM = 14170638, bChange = 0.00157095, totNum = 15
ROUND = 3565, SUM = 14170638, bChange = 0.00157105, totNum = 15
ROUND = 3566, SUM = 14170638, bChange = 0.00157115, totNum = 15
ROUND = 3567, SUM = 14170638, bChange = 0.00157125, totNum = 15
ROUND = 3568, SUM = 14170638, bChange = 0.00157136, totNum = 15
ROUND = 3569, SUM = 14170638, bChange = 0.00157146, totNum = 15
ROUND = 3570, SUM = 14170638, bChange = 0.00157156, totNum = 15
ROUND = 3571, SUM = 14170638, bChange = 0.00157166, totNum = 15
ROUND = 3572, SUM = 14170638, bChange = 0.00157177, totNum = 15
ROUND = 3573, SUM = 14170638, bChange = 0.00157187, totNum = 15
ROUND = 3574, SUM = 14170638, bChange = 0.00157197, totNum = 15
ROUND = 3575, SUM = 14170638, bChange = 0.00157207, totNum = 15
ROUND = 3576, SUM = 14170638, bChange = 0.00157218, totNum = 16
ROUND = 3577, SUM = 14170638, bChange = 0.00157228, totNum = 16
ROUND = 3578, SUM = 14170638, bChange = 0.00157238, totNum = 16
ROUND = 3579, SUM = 14170638, bChange = 0.00157248, totNum = 16
ROUND = 3580, SUM = 14170638, bChange = 0.00157258, totNum = 16
ROUND = 3581, SUM = 14170638, bChange = 0.00157269, totNum = 16
ROUND = 3582, SUM = 14170638, bChange = 0.00157279, totNum = 16
ROUND = 3583, SUM = 14170638, bChange = 0.00157289, totNum = 16
ROUND = 3584, SUM = 14170638, bChange = 0.00157299, totNum = 16
ROUND = 3585, SUM = 14170638, bChange = 0.00157309, totNum = 16
ROUND = 3586, SUM = 14170638, bChange = 0.00157319, totNum = 16
ROUND = 3587, SUM = 14170638, bChange = 0.0015733, totNum = 16
ROUND = 3588, SUM = 14170638, bChange = 0.0015734, totNum = 16
ROUND = 3589, SUM = 14170638, bChange = 0.0015735, totNum = 16
ROUND = 3590, SUM = 14170638, bChange = 0.0015736, totNum = 16
ROUND = 3591, SUM = 14170638, bChange = 0.0015737, totNum = 16
ROUND = 3592, SUM = 14170638, bChange = 0.0015738, totNum = 16
ROUND = 3593, SUM = 14170638, bChange = 0.0015739, totNum = 16
ROUND = 3594, SUM = 14170638, bChange = 0.00157401, totNum = 16
ROUND = 3595, SUM = 14170638, bChange = 0.00157411, totNum = 16
ROUND = 3596, SUM = 14170638, bChange = 0.00157421, totNum = 16
ROUND = 3597, SUM = 14170638, bChange = 0.00157431, totNum = 16
ROUND = 3598, SUM = 14170638, bChange = 0.00157441, totNum = 16
ROUND = 3599, SUM = 14170638, bChange = 0.00157451, totNum = 16
ROUND = 3600, SUM = 14170638, bChange = 0.00157461, totNum = 16
ROUND = 3601, SUM = 14170638, bChange = 0.00157471, totNum = 16
ROUND = 3602, SUM = 14170638, bChange = 0.00157481, totNum = 16
ROUND = 3603, SUM = 14170638, bChange = 0.00157492, totNum = 16
ROUND = 3604, SUM = 14170638, bChange = 0.00157502, totNum = 16
ROUND = 3605, SUM = 14170638, bChange = 0.00157512, totNum = 16
ROUND = 3606, SUM = 14170638, bChange = 0.00157522, totNum = 16
ROUND = 3607, SUM = 14170638, bChange = 0.00157532, totNum = 16
ROUND = 3608, SUM = 14170638, bChange = 0.00157542, totNum = 16
ROUND = 3609, SUM = 14170638, bChange = 0.00157552, totNum = 16
ROUND = 3610, SUM = 14170638, bChange = 0.00157562, totNum = 16
ROUND = 3611, SUM = 14170638, bChange = 0.00157572, totNum = 16
ROUND = 3612, SUM = 14170638, bChange = 0.00157582, totNum = 16
ROUND = 3613, SUM = 14170638, bChange = 0.00157592, totNum = 16
ROUND = 3614, SUM = 14170638, bChange = 0.00157602, totNum = 16
ROUND = 3615, SUM = 14170638, bChange = 0.00157612, totNum = 16
ROUND = 3616, SUM = 14170638, bChange = 0.00157622, totNum = 16
ROUND = 3617, SUM = 14170638, bChange = 0.00157632, totNum = 16
ROUND = 3618, SUM = 14170638, bChange = 0.00157642, totNum = 16
ROUND = 3619, SUM = 14170638, bChange = 0.00157652, totNum = 16
ROUND = 3620, SUM = 14170638, bChange = 0.00157662, totNum = 16
ROUND = 3621, SUM = 14170638, bChange = 0.00157672, totNum = 16
ROUND = 3622, SUM = 14170638, bChange = 0.00157682, totNum = 16
ROUND = 3623, SUM = 14170638, bChange = 0.00157692, totNum = 16
ROUND = 3624, SUM = 14170638, bChange = 0.00157702, totNum = 16
ROUND = 3625, SUM = 14170638, bChange = 0.00157712, totNum = 16
ROUND = 3626, SUM = 14170638, bChange = 0.00157722, totNum = 16
ROUND = 3627, SUM = 14170638, bChange = 0.00157732, totNum = 16
ROUND = 3628, SUM = 14170638, bChange = 0.00157742, totNum = 16
ROUND = 3629, SUM = 14170638, bChange = 0.00157752, totNum = 16
ROUND = 3630, SUM = 14170638, bChange = 0.00157762, totNum = 16
ROUND = 3631, SUM = 14170638, bChange = 0.00157772, totNum = 16
ROUND = 3632, SUM = 14170638, bChange = 0.00157782, totNum = 16
ROUND = 3633, SUM = 14170638, bChange = 0.00157792, totNum = 16
ROUND = 3634, SUM = 14170638, bChange = 0.00157802, totNum = 16
ROUND = 3635, SUM = 14170638, bChange = 0.00157812, totNum = 16
ROUND = 3636, SUM = 14170638, bChange = 0.00157822, totNum = 16
ROUND = 3637, SUM = 14170638, bChange = 0.00157832, totNum = 16
ROUND = 3638, SUM = 14170638, bChange = 0.00157842, totNum = 16
ROUND = 3639, SUM = 14170638, bChange = 0.00157852, totNum = 16
ROUND = 3640, SUM = 14170638, bChange = 0.00157861, totNum = 16
ROUND = 3641, SUM = 14170638, bChange = 0.00157871, totNum = 16
ROUND = 3642, SUM = 14170638, bChange = 0.00157881, totNum = 16
ROUND = 3643, SUM = 14170638, bChange = 0.00157891, totNum = 16
ROUND = 3644, SUM = 14170638, bChange = 0.00157901, totNum = 16
ROUND = 3645, SUM = 14170638, bChange = 0.00157911, totNum = 16
ROUND = 3646, SUM = 14170638, bChange = 0.00157921, totNum = 16
ROUND = 3647, SUM = 14170638, bChange = 0.00157931, totNum = 16
ROUND = 3648, SUM = 14170638, bChange = 0.00157941, totNum = 16
ROUND = 3649, SUM = 14170638, bChange = 0.0015795, totNum = 16
ROUND = 3650, SUM = 14170638, bChange = 0.0015796, totNum = 16
ROUND = 3651, SUM = 14170638, bChange = 0.0015797, totNum = 16
ROUND = 3652, SUM = 14170638, bChange = 0.0015798, totNum = 16
ROUND = 3653, SUM = 14170638, bChange = 0.0015799, totNum = 16
ROUND = 3654, SUM = 14170638, bChange = 0.00158, totNum = 16
ROUND = 3655, SUM = 14170638, bChange = 0.0015801, totNum = 16
ROUND = 3656, SUM = 14170638, bChange = 0.00158019, totNum = 16
ROUND = 3657, SUM = 14170638, bChange = 0.00158029, totNum = 16
ROUND = 3658, SUM = 14170638, bChange = 0.00158039, totNum = 16
ROUND = 3659, SUM = 14170638, bChange = 0.00158049, totNum = 16
ROUND = 3660, SUM = 14170638, bChange = 0.00158059, totNum = 16
ROUND = 3661, SUM = 14170638, bChange = 0.00158069, totNum = 16
ROUND = 3662, SUM = 14170638, bChange = 0.00158078, totNum = 16
ROUND = 3663, SUM = 14170638, bChange = 0.00158088, totNum = 16
ROUND = 3664, SUM = 14170638, bChange = 0.00158098, totNum = 16
ROUND = 3665, SUM = 14170638, bChange = 0.00158108, totNum = 16
ROUND = 3666, SUM = 14170638, bChange = 0.00158118, totNum = 16
ROUND = 3667, SUM = 14170638, bChange = 0.00158127, totNum = 16
ROUND = 3668, SUM = 14170638, bChange = 0.00158137, totNum = 16
ROUND = 3669, SUM = 14170638, bChange = 0.00158147, totNum = 16
ROUND = 3670, SUM = 14170638, bChange = 0.00158157, totNum = 16
ROUND = 3671, SUM = 14170638, bChange = 0.00158166, totNum = 16
ROUND = 3672, SUM = 14170638, bChange = 0.00158176, totNum = 16
ROUND = 3673, SUM = 14170638, bChange = 0.00158186, totNum = 16
ROUND = 3674, SUM = 14170638, bChange = 0.00158196, totNum = 16
ROUND = 3675, SUM = 14170638, bChange = 0.00158205, totNum = 16
ROUND = 3676, SUM = 14170637.9999999, bChange = 0.00158215, totNum = 16
ROUND = 3677, SUM = 14170638, bChange = 0.00158225, totNum = 16
ROUND = 3678, SUM = 14170638, bChange = 0.00158235, totNum = 16
ROUND = 3679, SUM = 14170638, bChange = 0.00158244, totNum = 16
ROUND = 3680, SUM = 14170638, bChange = 0.00158254, totNum = 16
ROUND = 3681, SUM = 14170637.9999999, bChange = 0.00158264, totNum = 16
ROUND = 3682, SUM = 14170638, bChange = 0.00158273, totNum = 16
ROUND = 3683, SUM = 14170638, bChange = 0.00158283, totNum = 16
ROUND = 3684, SUM = 14170638, bChange = 0.00158293, totNum = 16
ROUND = 3685, SUM = 14170638, bChange = 0.00158303, totNum = 16
ROUND = 3686, SUM = 14170638, bChange = 0.00158312, totNum = 16
ROUND = 3687, SUM = 14170638, bChange = 0.00158322, totNum = 16
ROUND = 3688, SUM = 14170638, bChange = 0.00158332, totNum = 16
ROUND = 3689, SUM = 14170638, bChange = 0.00158341, totNum = 16
ROUND = 3690, SUM = 14170638, bChange = 0.00158351, totNum = 16
ROUND = 3691, SUM = 14170638, bChange = 0.00158361, totNum = 16
ROUND = 3692, SUM = 14170638, bChange = 0.0015837, totNum = 16
ROUND = 3693, SUM = 14170638, bChange = 0.0015838, totNum = 16
ROUND = 3694, SUM = 14170638, bChange = 0.0015839, totNum = 16
ROUND = 3695, SUM = 14170638, bChange = 0.00158399, totNum = 16
ROUND = 3696, SUM = 14170638, bChange = 0.00158409, totNum = 16
ROUND = 3697, SUM = 14170638, bChange = 0.00158419, totNum = 16
ROUND = 3698, SUM = 14170638, bChange = 0.00158428, totNum = 16
ROUND = 3699, SUM = 14170638, bChange = 0.00158438, totNum = 16
ROUND = 3700, SUM = 14170638, bChange = 0.00158447, totNum = 16
ROUND = 3701, SUM = 14170638, bChange = 0.00158457, totNum = 16
ROUND = 3702, SUM = 14170637.9999999, bChange = 0.00158467, totNum = 16
ROUND = 3703, SUM = 14170638, bChange = 0.00158476, totNum = 16
ROUND = 3704, SUM = 14170638, bChange = 0.00158486, totNum = 16
ROUND = 3705, SUM = 14170638, bChange = 0.00158495, totNum = 16
ROUND = 3706, SUM = 14170638, bChange = 0.00158505, totNum = 16
ROUND = 3707, SUM = 14170638, bChange = 0.00158515, totNum = 16
ROUND = 3708, SUM = 14170637.9999999, bChange = 0.00158524, totNum = 16
ROUND = 3709, SUM = 14170638, bChange = 0.00158534, totNum = 16
ROUND = 3710, SUM = 14170638, bChange = 0.00158543, totNum = 16
ROUND = 3711, SUM = 14170638, bChange = 0.00158553, totNum = 16
ROUND = 3712, SUM = 14170638, bChange = 0.00158563, totNum = 16
ROUND = 3713, SUM = 14170638, bChange = 0.00158572, totNum = 16
ROUND = 3714, SUM = 14170638, bChange = 0.00158582, totNum = 16
ROUND = 3715, SUM = 14170638, bChange = 0.00158591, totNum = 16
ROUND = 3716, SUM = 14170638, bChange = 0.00158601, totNum = 16
ROUND = 3717, SUM = 14170638, bChange = 0.0015861, totNum = 16
ROUND = 3718, SUM = 14170638, bChange = 0.0015862, totNum = 16
ROUND = 3719, SUM = 14170638, bChange = 0.00158629, totNum = 16
ROUND = 3720, SUM = 14170638, bChange = 0.00158639, totNum = 16
ROUND = 3721, SUM = 14170638, bChange = 0.00158648, totNum = 16
ROUND = 3722, SUM = 14170638, bChange = 0.00158658, totNum = 16
ROUND = 3723, SUM = 14170638, bChange = 0.00158667, totNum = 16
ROUND = 3724, SUM = 14170638, bChange = 0.00158677, totNum = 16
ROUND = 3725, SUM = 14170638, bChange = 0.00158686, totNum = 16
ROUND = 3726, SUM = 14170638, bChange = 0.00158696, totNum = 16
ROUND = 3727, SUM = 14170638, bChange = 0.00158705, totNum = 16
ROUND = 3728, SUM = 14170638.0000001, bChange = 0.00158715, totNum = 16
ROUND = 3729, SUM = 14170638, bChange = 0.00158724, totNum = 16
ROUND = 3730, SUM = 14170638, bChange = 0.00158734, totNum = 16
ROUND = 3731, SUM = 14170638, bChange = 0.00158743, totNum = 16
ROUND = 3732, SUM = 14170638, bChange = 0.00158753, totNum = 16
ROUND = 3733, SUM = 14170638, bChange = 0.00158762, totNum = 16
ROUND = 3734, SUM = 14170638, bChange = 0.00158772, totNum = 16
ROUND = 3735, SUM = 14170638, bChange = 0.00158781, totNum = 16
ROUND = 3736, SUM = 14170638, bChange = 0.00158791, totNum = 16
ROUND = 3737, SUM = 14170638, bChange = 0.001588, totNum = 16
ROUND = 3738, SUM = 14170638, bChange = 0.0015881, totNum = 16
ROUND = 3739, SUM = 14170638, bChange = 0.00158819, totNum = 16
ROUND = 3740, SUM = 14170638, bChange = 0.00158828, totNum = 16
ROUND = 3741, SUM = 14170638, bChange = 0.00158838, totNum = 16
ROUND = 3742, SUM = 14170638, bChange = 0.00158847, totNum = 16
ROUND = 3743, SUM = 14170638, bChange = 0.00158857, totNum = 16
ROUND = 3744, SUM = 14170638, bChange = 0.00158866, totNum = 16
ROUND = 3745, SUM = 14170638, bChange = 0.00158875, totNum = 16
ROUND = 3746, SUM = 14170638, bChange = 0.00158885, totNum = 16
ROUND = 3747, SUM = 14170638, bChange = 0.00158894, totNum = 16
ROUND = 3748, SUM = 14170638, bChange = 0.00158904, totNum = 16
ROUND = 3749, SUM = 14170638, bChange = 0.00158913, totNum = 16
ROUND = 3750, SUM = 14170638, bChange = 0.00158922, totNum = 16
ROUND = 3751, SUM = 14170638, bChange = 0.00158932, totNum = 16
ROUND = 3752, SUM = 14170638, bChange = 0.00158941, totNum = 16
ROUND = 3753, SUM = 14170638, bChange = 0.00158951, totNum = 16
ROUND = 3754, SUM = 14170638, bChange = 0.0015896, totNum = 16
ROUND = 3755, SUM = 14170638, bChange = 0.00158969, totNum = 16
ROUND = 3756, SUM = 14170638, bChange = 0.00158979, totNum = 16
ROUND = 3757, SUM = 14170638, bChange = 0.00158988, totNum = 16
ROUND = 3758, SUM = 14170638, bChange = 0.00158997, totNum = 16
ROUND = 3759, SUM = 14170638, bChange = 0.00159007, totNum = 16
ROUND = 3760, SUM = 14170638, bChange = 0.00159016, totNum = 16
ROUND = 3761, SUM = 14170638, bChange = 0.00159025, totNum = 16
ROUND = 3762, SUM = 14170638, bChange = 0.00159035, totNum = 16
ROUND = 3763, SUM = 14170638, bChange = 0.00159044, totNum = 16
ROUND = 3764, SUM = 14170638, bChange = 0.00159053, totNum = 16
ROUND = 3765, SUM = 14170638, bChange = 0.00159063, totNum = 16
ROUND = 3766, SUM = 14170638, bChange = 0.00159072, totNum = 16
ROUND = 3767, SUM = 14170638, bChange = 0.00159081, totNum = 16
ROUND = 3768, SUM = 14170637.9999999, bChange = 0.0015909, totNum = 16
ROUND = 3769, SUM = 14170638, bChange = 0.001591, totNum = 16
ROUND = 3770, SUM = 14170638, bChange = 0.00159109, totNum = 16
ROUND = 3771, SUM = 14170638, bChange = 0.00159118, totNum = 16
ROUND = 3772, SUM = 14170638, bChange = 0.00159128, totNum = 16
ROUND = 3773, SUM = 14170638, bChange = 0.00159137, totNum = 16
ROUND = 3774, SUM = 14170638, bChange = 0.00159146, totNum = 16
ROUND = 3775, SUM = 14170638, bChange = 0.00159155, totNum = 16
ROUND = 3776, SUM = 14170637.9999999, bChange = 0.00159165, totNum = 16
ROUND = 3777, SUM = 14170638, bChange = 0.00159174, totNum = 16
ROUND = 3778, SUM = 14170638, bChange = 0.00159183, totNum = 16
ROUND = 3779, SUM = 14170638, bChange = 0.00159192, totNum = 16
ROUND = 3780, SUM = 14170638, bChange = 0.00159202, totNum = 16
ROUND = 3781, SUM = 14170638, bChange = 0.00159211, totNum = 16
ROUND = 3782, SUM = 14170638, bChange = 0.0015922, totNum = 16
ROUND = 3783, SUM = 14170638, bChange = 0.00159229, totNum = 16
ROUND = 3784, SUM = 14170638, bChange = 0.00159238, totNum = 16
ROUND = 3785, SUM = 14170638, bChange = 0.00159248, totNum = 16
ROUND = 3786, SUM = 14170638, bChange = 0.00159257, totNum = 16
ROUND = 3787, SUM = 14170638, bChange = 0.00159266, totNum = 16
ROUND = 3788, SUM = 14170638, bChange = 0.00159275, totNum = 16
ROUND = 3789, SUM = 14170638, bChange = 0.00159284, totNum = 15
ROUND = 3790, SUM = 14170638, bChange = 0.00159294, totNum = 15
ROUND = 3791, SUM = 14170638, bChange = 0.00159303, totNum = 15
ROUND = 3792, SUM = 14170638, bChange = 0.00159312, totNum = 15
ROUND = 3793, SUM = 14170638, bChange = 0.00159321, totNum = 15
ROUND = 3794, SUM = 14170638, bChange = 0.0015933, totNum = 15
ROUND = 3795, SUM = 14170638, bChange = 0.0015934, totNum = 15
ROUND = 3796, SUM = 14170638, bChange = 0.00159349, totNum = 15
ROUND = 3797, SUM = 14170638, bChange = 0.00159358, totNum = 15
ROUND = 3798, SUM = 14170638, bChange = 0.00159367, totNum = 15
ROUND = 3799, SUM = 14170638, bChange = 0.00159376, totNum = 15
ROUND = 3800, SUM = 14170638, bChange = 0.00159385, totNum = 15
ROUND = 3801, SUM = 14170637.9999999, bChange = 0.00159394, totNum = 15
ROUND = 3802, SUM = 14170637.9999999, bChange = 0.00159404, totNum = 15
ROUND = 3803, SUM = 14170638, bChange = 0.00159413, totNum = 15
ROUND = 3804, SUM = 14170638, bChange = 0.00159422, totNum = 15
ROUND = 3805, SUM = 14170638, bChange = 0.00159431, totNum = 15
ROUND = 3806, SUM = 14170638, bChange = 0.0015944, totNum = 15
ROUND = 3807, SUM = 14170638, bChange = 0.00159449, totNum = 15
ROUND = 3808, SUM = 14170638, bChange = 0.00159458, totNum = 15
ROUND = 3809, SUM = 14170638, bChange = 0.00159467, totNum = 15
ROUND = 3810, SUM = 14170638, bChange = 0.00159476, totNum = 15
ROUND = 3811, SUM = 14170638, bChange = 0.00159485, totNum = 15
ROUND = 3812, SUM = 14170638, bChange = 0.00159495, totNum = 15
ROUND = 3813, SUM = 14170638, bChange = 0.00159504, totNum = 15
ROUND = 3814, SUM = 14170638, bChange = 0.00159513, totNum = 15
ROUND = 3815, SUM = 14170638, bChange = 0.00159522, totNum = 15
ROUND = 3816, SUM = 14170638, bChange = 0.00159531, totNum = 14
ROUND = 3817, SUM = 14170638, bChange = 0.0015954, totNum = 14
ROUND = 3818, SUM = 14170638, bChange = 0.00159549, totNum = 14
ROUND = 3819, SUM = 14170638, bChange = 0.00159558, totNum = 14
ROUND = 3820, SUM = 14170638, bChange = 0.00159567, totNum = 14
ROUND = 3821, SUM = 14170638, bChange = 0.00159576, totNum = 14
ROUND = 3822, SUM = 14170638, bChange = 0.00159585, totNum = 14
ROUND = 3823, SUM = 14170638, bChange = 0.00159594, totNum = 14
ROUND = 3824, SUM = 14170638, bChange = 0.00159603, totNum = 14
ROUND = 3825, SUM = 14170638, bChange = 0.00159612, totNum = 14
ROUND = 3826, SUM = 14170638, bChange = 0.00159621, totNum = 14
ROUND = 3827, SUM = 14170638, bChange = 0.0015963, totNum = 14
ROUND = 3828, SUM = 14170638, bChange = 0.00159639, totNum = 14
ROUND = 3829, SUM = 14170638, bChange = 0.00159648, totNum = 14
ROUND = 3830, SUM = 14170638, bChange = 0.00159657, totNum = 14
ROUND = 3831, SUM = 14170638, bChange = 0.00159666, totNum = 14
ROUND = 3832, SUM = 14170638, bChange = 0.00159675, totNum = 14
ROUND = 3833, SUM = 14170638, bChange = 0.00159684, totNum = 14
ROUND = 3834, SUM = 14170638, bChange = 0.00159693, totNum = 14
ROUND = 3835, SUM = 14170638, bChange = 0.00159702, totNum = 14
ROUND = 3836, SUM = 14170638, bChange = 0.00159711, totNum = 13
ROUND = 3837, SUM = 14170638, bChange = 0.0015972, totNum = 13
ROUND = 3838, SUM = 14170638, bChange = 0.00159729, totNum = 13
ROUND = 3839, SUM = 14170638, bChange = 0.00159738, totNum = 13
ROUND = 3840, SUM = 14170638, bChange = 0.00159747, totNum = 13
ROUND = 3841, SUM = 14170638, bChange = 0.00159756, totNum = 13
ROUND = 3842, SUM = 14170638, bChange = 0.00159765, totNum = 13
ROUND = 3843, SUM = 14170638, bChange = 0.00159774, totNum = 13
ROUND = 3844, SUM = 14170638, bChange = 0.00159783, totNum = 13
ROUND = 3845, SUM = 14170638, bChange = 0.00159792, totNum = 13
ROUND = 3846, SUM = 14170638, bChange = 0.001598, totNum = 13
ROUND = 3847, SUM = 14170638, bChange = 0.00159809, totNum = 13
ROUND = 3848, SUM = 14170638, bChange = 0.00159818, totNum = 13
ROUND = 3849, SUM = 14170638, bChange = 0.00159827, totNum = 13
ROUND = 3850, SUM = 14170638, bChange = 0.00159836, totNum = 13
ROUND = 3851, SUM = 14170638, bChange = 0.00159845, totNum = 13
ROUND = 3852, SUM = 14170638, bChange = 0.00159854, totNum = 13
ROUND = 3853, SUM = 14170638, bChange = 0.00159863, totNum = 13
ROUND = 3854, SUM = 14170638, bChange = 0.00159872, totNum = 13
ROUND = 3855, SUM = 14170638, bChange = 0.0015988, totNum = 13
ROUND = 3856, SUM = 14170638, bChange = 0.00159889, totNum = 13
ROUND = 3857, SUM = 14170638, bChange = 0.00159898, totNum = 13
ROUND = 3858, SUM = 14170638, bChange = 0.00159907, totNum = 13
ROUND = 3859, SUM = 14170638, bChange = 0.00159916, totNum = 13
ROUND = 3860, SUM = 14170638, bChange = 0.00159925, totNum = 13
ROUND = 3861, SUM = 14170638, bChange = 0.00159934, totNum = 13
ROUND = 3862, SUM = 14170638, bChange = 0.00159942, totNum = 12
ROUND = 3863, SUM = 14170638, bChange = 0.00159951, totNum = 12
ROUND = 3864, SUM = 14170638, bChange = 0.0015996, totNum = 12
ROUND = 3865, SUM = 14170638, bChange = 0.00159969, totNum = 12
ROUND = 3866, SUM = 14170638, bChange = 0.00159978, totNum = 12
ROUND = 3867, SUM = 14170638, bChange = 0.00159987, totNum = 12
ROUND = 3868, SUM = 14170638, bChange = 0.00159995, totNum = 12
ROUND = 3869, SUM = 14170638, bChange = 0.00160004, totNum = 12
ROUND = 3870, SUM = 14170638, bChange = 0.00160013, totNum = 12
ROUND = 3871, SUM = 14170638, bChange = 0.00160022, totNum = 12
ROUND = 3872, SUM = 14170638, bChange = 0.00160031, totNum = 12
ROUND = 3873, SUM = 14170638, bChange = 0.00160039, totNum = 12
ROUND = 3874, SUM = 14170638, bChange = 0.00160048, totNum = 12
ROUND = 3875, SUM = 14170638, bChange = 0.00160057, totNum = 12
ROUND = 3876, SUM = 14170638, bChange = 0.00160066, totNum = 12
ROUND = 3877, SUM = 14170638, bChange = 0.00160074, totNum = 12
ROUND = 3878, SUM = 14170638, bChange = 0.00160083, totNum = 12
ROUND = 3879, SUM = 14170638, bChange = 0.00160092, totNum = 12
ROUND = 3880, SUM = 14170638, bChange = 0.00160101, totNum = 12
ROUND = 3881, SUM = 14170638, bChange = 0.00160109, totNum = 11
ROUND = 3882, SUM = 14170638, bChange = 0.00160118, totNum = 11
ROUND = 3883, SUM = 14170638, bChange = 0.00160127, totNum = 11
ROUND = 3884, SUM = 14170638, bChange = 0.00160136, totNum = 11
ROUND = 3885, SUM = 14170638, bChange = 0.00160144, totNum = 11
ROUND = 3886, SUM = 14170638, bChange = 0.00160153, totNum = 11
ROUND = 3887, SUM = 14170637.9999999, bChange = 0.00160162, totNum = 11
ROUND = 3888, SUM = 14170638, bChange = 0.00160171, totNum = 11
ROUND = 3889, SUM = 14170638, bChange = 0.00160179, totNum = 11
ROUND = 3890, SUM = 14170638, bChange = 0.00160188, totNum = 11
ROUND = 3891, SUM = 14170638, bChange = 0.00160197, totNum = 11
ROUND = 3892, SUM = 14170638, bChange = 0.00160205, totNum = 11
ROUND = 3893, SUM = 14170638, bChange = 0.00160214, totNum = 11
ROUND = 3894, SUM = 14170638, bChange = 0.00160223, totNum = 11
ROUND = 3895, SUM = 14170638, bChange = 0.00160231, totNum = 11
ROUND = 3896, SUM = 14170638, bChange = 0.0016024, totNum = 11
ROUND = 3897, SUM = 14170638, bChange = 0.00160249, totNum = 11
ROUND = 3898, SUM = 14170638, bChange = 0.00160257, totNum = 11
ROUND = 3899, SUM = 14170638, bChange = 0.00160266, totNum = 11
ROUND = 3900, SUM = 14170638, bChange = 0.00160275, totNum = 11
ROUND = 3901, SUM = 14170638, bChange = 0.00160283, totNum = 11
ROUND = 3902, SUM = 14170638, bChange = 0.00160292, totNum = 11
ROUND = 3903, SUM = 14170638, bChange = 0.00160301, totNum = 11
ROUND = 3904, SUM = 14170638, bChange = 0.00160309, totNum = 11
ROUND = 3905, SUM = 14170638, bChange = 0.00160318, totNum = 11
ROUND = 3906, SUM = 14170638, bChange = 0.00160327, totNum = 11
ROUND = 3907, SUM = 14170638, bChange = 0.00160335, totNum = 11
ROUND = 3908, SUM = 14170638, bChange = 0.00160344, totNum = 11
ROUND = 3909, SUM = 14170638, bChange = 0.00160352, totNum = 11
ROUND = 3910, SUM = 14170638, bChange = 0.00160361, totNum = 11
ROUND = 3911, SUM = 14170638, bChange = 0.0016037, totNum = 11
ROUND = 3912, SUM = 14170638, bChange = 0.00160378, totNum = 11
ROUND = 3913, SUM = 14170638, bChange = 0.00160387, totNum = 11
ROUND = 3914, SUM = 14170638, bChange = 0.00160395, totNum = 11
ROUND = 3915, SUM = 14170638, bChange = 0.00160404, totNum = 11
ROUND = 3916, SUM = 14170638, bChange = 0.00160412, totNum = 11
ROUND = 3917, SUM = 14170638, bChange = 0.00160421, totNum = 11
ROUND = 3918, SUM = 14170638, bChange = 0.0016043, totNum = 11
ROUND = 3919, SUM = 14170638, bChange = 0.00160438, totNum = 11
ROUND = 3920, SUM = 14170638, bChange = 0.00160447, totNum = 11
ROUND = 3921, SUM = 14170638, bChange = 0.00160455, totNum = 11
ROUND = 3922, SUM = 14170638, bChange = 0.00160464, totNum = 11
ROUND = 3923, SUM = 14170638, bChange = 0.00160472, totNum = 11
ROUND = 3924, SUM = 14170638, bChange = 0.00160481, totNum = 11
ROUND = 3925, SUM = 14170638, bChange = 0.00160489, totNum = 11
ROUND = 3926, SUM = 14170638, bChange = 0.00160498, totNum = 11
ROUND = 3927, SUM = 14170638, bChange = 0.00160507, totNum = 11
ROUND = 3928, SUM = 14170638, bChange = 0.00160515, totNum = 11
ROUND = 3929, SUM = 14170638, bChange = 0.00160524, totNum = 11
ROUND = 3930, SUM = 14170638, bChange = 0.00160532, totNum = 11
ROUND = 3931, SUM = 14170638, bChange = 0.00160541, totNum = 11
ROUND = 3932, SUM = 14170638, bChange = 0.00160549, totNum = 11
ROUND = 3933, SUM = 14170638, bChange = 0.00160558, totNum = 11
ROUND = 3934, SUM = 14170637.9999999, bChange = 0.00160566, totNum = 11
ROUND = 3935, SUM = 14170638, bChange = 0.00160575, totNum = 11
ROUND = 3936, SUM = 14170638, bChange = 0.00160583, totNum = 11
ROUND = 3937, SUM = 14170638, bChange = 0.00160592, totNum = 11
ROUND = 3938, SUM = 14170638, bChange = 0.001606, totNum = 11
ROUND = 3939, SUM = 14170638, bChange = 0.00160608, totNum = 11
ROUND = 3940, SUM = 14170638, bChange = 0.00160617, totNum = 11
ROUND = 3941, SUM = 14170638, bChange = 0.00160625, totNum = 11
ROUND = 3942, SUM = 14170638, bChange = 0.00160634, totNum = 11
ROUND = 3943, SUM = 14170638, bChange = 0.00160642, totNum = 11
ROUND = 3944, SUM = 14170638, bChange = 0.00160651, totNum = 11
ROUND = 3945, SUM = 14170638, bChange = 0.00160659, totNum = 11
ROUND = 3946, SUM = 14170638, bChange = 0.00160668, totNum = 11
ROUND = 3947, SUM = 14170638, bChange = 0.00160676, totNum = 11
ROUND = 3948, SUM = 14170638, bChange = 0.00160684, totNum = 11
ROUND = 3949, SUM = 14170638, bChange = 0.00160693, totNum = 11
ROUND = 3950, SUM = 14170638, bChange = 0.00160701, totNum = 11
ROUND = 3951, SUM = 14170638, bChange = 0.0016071, totNum = 11
ROUND = 3952, SUM = 14170638, bChange = 0.00160718, totNum = 11
ROUND = 3953, SUM = 14170638, bChange = 0.00160726, totNum = 11
ROUND = 3954, SUM = 14170638, bChange = 0.00160735, totNum = 11
ROUND = 3955, SUM = 14170638, bChange = 0.00160743, totNum = 11
ROUND = 3956, SUM = 14170638, bChange = 0.00160752, totNum = 11
ROUND = 3957, SUM = 14170638, bChange = 0.0016076, totNum = 11
ROUND = 3958, SUM = 14170638, bChange = 0.00160768, totNum = 11
ROUND = 3959, SUM = 14170638, bChange = 0.00160777, totNum = 11
ROUND = 3960, SUM = 14170638, bChange = 0.00160785, totNum = 11
ROUND = 3961, SUM = 14170637.9999999, bChange = 0.00160793, totNum = 11
ROUND = 3962, SUM = 14170638, bChange = 0.00160802, totNum = 11
ROUND = 3963, SUM = 14170638, bChange = 0.0016081, totNum = 11
ROUND = 3964, SUM = 14170638, bChange = 0.00160819, totNum = 10
ROUND = 3965, SUM = 14170638, bChange = 0.00160827, totNum = 10
ROUND = 3966, SUM = 14170638, bChange = 0.00160835, totNum = 10
ROUND = 3967, SUM = 14170638, bChange = 0.00160844, totNum = 10
ROUND = 3968, SUM = 14170638, bChange = 0.00160852, totNum = 10
ROUND = 3969, SUM = 14170638, bChange = 0.0016086, totNum = 10
ROUND = 3970, SUM = 14170638, bChange = 0.00160869, totNum = 10
ROUND = 3971, SUM = 14170638, bChange = 0.00160877, totNum = 10
ROUND = 3972, SUM = 14170638, bChange = 0.00160885, totNum = 10
ROUND = 3973, SUM = 14170638, bChange = 0.00160893, totNum = 10
ROUND = 3974, SUM = 14170638, bChange = 0.00160902, totNum = 10
ROUND = 3975, SUM = 14170638, bChange = 0.0016091, totNum = 10
ROUND = 3976, SUM = 14170638, bChange = 0.00160918, totNum = 10
ROUND = 3977, SUM = 14170638, bChange = 0.00160927, totNum = 10
ROUND = 3978, SUM = 14170638, bChange = 0.00160935, totNum = 10
ROUND = 3979, SUM = 14170638, bChange = 0.00160943, totNum = 10
ROUND = 3980, SUM = 14170638, bChange = 0.00160951, totNum = 10
ROUND = 3981, SUM = 14170638, bChange = 0.0016096, totNum = 10
ROUND = 3982, SUM = 14170638, bChange = 0.00160968, totNum = 10
ROUND = 3983, SUM = 14170638, bChange = 0.00160976, totNum = 10
ROUND = 3984, SUM = 14170638, bChange = 0.00160984, totNum = 10
ROUND = 3985, SUM = 14170638, bChange = 0.00160993, totNum = 10
ROUND = 3986, SUM = 14170638, bChange = 0.00161001, totNum = 10
ROUND = 3987, SUM = 14170638, bChange = 0.00161009, totNum = 10
ROUND = 3988, SUM = 14170638, bChange = 0.00161017, totNum = 10
ROUND = 3989, SUM = 14170638, bChange = 0.00161026, totNum = 10
ROUND = 3990, SUM = 14170638, bChange = 0.00161034, totNum = 10
ROUND = 3991, SUM = 14170638, bChange = 0.00161042, totNum = 10
ROUND = 3992, SUM = 14170638, bChange = 0.0016105, totNum = 10
ROUND = 3993, SUM = 14170637.9999999, bChange = 0.00161058, totNum = 10
ROUND = 3994, SUM = 14170638, bChange = 0.00161067, totNum = 10
ROUND = 3995, SUM = 14170638, bChange = 0.00161075, totNum = 9
ROUND = 3996, SUM = 14170638, bChange = 0.00161083, totNum = 9
ROUND = 3997, SUM = 14170638, bChange = 0.00161091, totNum = 9
ROUND = 3998, SUM = 14170638, bChange = 0.00161099, totNum = 9
ROUND = 3999, SUM = 14170638, bChange = 0.00161108, totNum = 9
ROUND = 4000, SUM = 14170638, bChange = 0.00161116, totNum = 9
ROUND = 4001, SUM = 14170638, bChange = 0.00161124, totNum = 9
ROUND = 4002, SUM = 14170638, bChange = 0.00161132, totNum = 9
ROUND = 4003, SUM = 14170638, bChange = 0.0016114, totNum = 9
ROUND = 4004, SUM = 14170638, bChange = 0.00161148, totNum = 9
ROUND = 4005, SUM = 14170638, bChange = 0.00161157, totNum = 9
ROUND = 4006, SUM = 14170638, bChange = 0.00161165, totNum = 9
ROUND = 4007, SUM = 14170638, bChange = 0.00161173, totNum = 9
ROUND = 4008, SUM = 14170638, bChange = 0.00161181, totNum = 9
ROUND = 4009, SUM = 14170637.9999999, bChange = 0.00161189, totNum = 9
ROUND = 4010, SUM = 14170638, bChange = 0.00161197, totNum = 9
ROUND = 4011, SUM = 14170638, bChange = 0.00161205, totNum = 9
ROUND = 4012, SUM = 14170638, bChange = 0.00161214, totNum = 9
ROUND = 4013, SUM = 14170638, bChange = 0.00161222, totNum = 9
ROUND = 4014, SUM = 14170638, bChange = 0.0016123, totNum = 9
ROUND = 4015, SUM = 14170638, bChange = 0.00161238, totNum = 9
ROUND = 4016, SUM = 14170637.9999999, bChange = 0.00161246, totNum = 9
ROUND = 4017, SUM = 14170638, bChange = 0.00161254, totNum = 9
ROUND = 4018, SUM = 14170637.9999999, bChange = 0.00161262, totNum = 9
ROUND = 4019, SUM = 14170638, bChange = 0.0016127, totNum = 9
ROUND = 4020, SUM = 14170638, bChange = 0.00161278, totNum = 9
ROUND = 4021, SUM = 14170638, bChange = 0.00161286, totNum = 9
ROUND = 4022, SUM = 14170637.9999999, bChange = 0.00161294, totNum = 9
ROUND = 4023, SUM = 14170638, bChange = 0.00161302, totNum = 9
ROUND = 4024, SUM = 14170638, bChange = 0.00161311, totNum = 9
ROUND = 4025, SUM = 14170638, bChange = 0.00161319, totNum = 9
ROUND = 4026, SUM = 14170638, bChange = 0.00161327, totNum = 9
ROUND = 4027, SUM = 14170638, bChange = 0.00161335, totNum = 9
ROUND = 4028, SUM = 14170638, bChange = 0.00161343, totNum = 9
ROUND = 4029, SUM = 14170638, bChange = 0.00161351, totNum = 9
ROUND = 4030, SUM = 14170638, bChange = 0.00161359, totNum = 9
ROUND = 4031, SUM = 14170638, bChange = 0.00161367, totNum = 9
ROUND = 4032, SUM = 14170638, bChange = 0.00161375, totNum = 9
ROUND = 4033, SUM = 14170638, bChange = 0.00161383, totNum = 9
ROUND = 4034, SUM = 14170638, bChange = 0.00161391, totNum = 9
ROUND = 4035, SUM = 14170638, bChange = 0.00161399, totNum = 9
ROUND = 4036, SUM = 14170638, bChange = 0.00161407, totNum = 9
ROUND = 4037, SUM = 14170638, bChange = 0.00161415, totNum = 9
ROUND = 4038, SUM = 14170638, bChange = 0.00161423, totNum = 9
ROUND = 4039, SUM = 14170638, bChange = 0.00161431, totNum = 9
ROUND = 4040, SUM = 14170637.9999999, bChange = 0.00161439, totNum = 9
ROUND = 4041, SUM = 14170637.9999999, bChange = 0.00161447, totNum = 9
ROUND = 4042, SUM = 14170638, bChange = 0.00161455, totNum = 9
ROUND = 4043, SUM = 14170638, bChange = 0.00161463, totNum = 9
ROUND = 4044, SUM = 14170638, bChange = 0.00161471, totNum = 9
ROUND = 4045, SUM = 14170638, bChange = 0.00161479, totNum = 9
ROUND = 4046, SUM = 14170638, bChange = 0.00161487, totNum = 9
ROUND = 4047, SUM = 14170638, bChange = 0.00161495, totNum = 9
ROUND = 4048, SUM = 14170638, bChange = 0.00161503, totNum = 9
ROUND = 4049, SUM = 14170638, bChange = 0.0016151, totNum = 9
ROUND = 4050, SUM = 14170638, bChange = 0.00161518, totNum = 9
ROUND = 4051, SUM = 14170638, bChange = 0.00161526, totNum = 9
ROUND = 4052, SUM = 14170638, bChange = 0.00161534, totNum = 9
ROUND = 4053, SUM = 14170638, bChange = 0.00161542, totNum = 9
ROUND = 4054, SUM = 14170638, bChange = 0.0016155, totNum = 9
ROUND = 4055, SUM = 14170638, bChange = 0.00161558, totNum = 9
ROUND = 4056, SUM = 14170638, bChange = 0.00161566, totNum = 9
ROUND = 4057, SUM = 14170637.9999999, bChange = 0.00161574, totNum = 9
ROUND = 4058, SUM = 14170638, bChange = 0.00161582, totNum = 9
ROUND = 4059, SUM = 14170638, bChange = 0.0016159, totNum = 9
ROUND = 4060, SUM = 14170638, bChange = 0.00161598, totNum = 9
ROUND = 4061, SUM = 14170638, bChange = 0.00161605, totNum = 9
ROUND = 4062, SUM = 14170638, bChange = 0.00161613, totNum = 9
ROUND = 4063, SUM = 14170638, bChange = 0.00161621, totNum = 9
ROUND = 4064, SUM = 14170638, bChange = 0.00161629, totNum = 9
ROUND = 4065, SUM = 14170638, bChange = 0.00161637, totNum = 9
ROUND = 4066, SUM = 14170638, bChange = 0.00161645, totNum = 9
ROUND = 4067, SUM = 14170638, bChange = 0.00161653, totNum = 9
ROUND = 4068, SUM = 14170638, bChange = 0.0016166, totNum = 9
ROUND = 4069, SUM = 14170638, bChange = 0.00161668, totNum = 9
ROUND = 4070, SUM = 14170638, bChange = 0.00161676, totNum = 9
ROUND = 4071, SUM = 14170637.9999999, bChange = 0.00161684, totNum = 9
ROUND = 4072, SUM = 14170638, bChange = 0.00161692, totNum = 9
ROUND = 4073, SUM = 14170638, bChange = 0.001617, totNum = 9
ROUND = 4074, SUM = 14170638, bChange = 0.00161707, totNum = 9
ROUND = 4075, SUM = 14170638, bChange = 0.00120764, totNum = 8
ROUND = 4076, SUM = 14170638, bChange = 0.00120765, totNum = 8
ROUND = 4077, SUM = 14170638, bChange = 0.00120766, totNum = 8
ROUND = 4078, SUM = 14170638, bChange = 0.00120767, totNum = 8
ROUND = 4079, SUM = 14170638, bChange = 0.00120768, totNum = 8
ROUND = 4080, SUM = 14170638, bChange = 0.00120769, totNum = 8
ROUND = 4081, SUM = 14170638, bChange = 0.0012077, totNum = 8
ROUND = 4082, SUM = 14170638, bChange = 0.00120771, totNum = 8
ROUND = 4083, SUM = 14170638, bChange = 0.00120772, totNum = 8
ROUND = 4084, SUM = 14170638, bChange = 0.00120773, totNum = 8
ROUND = 4085, SUM = 14170638, bChange = 0.00120774, totNum = 8
ROUND = 4086, SUM = 14170638, bChange = 0.00120775, totNum = 8
ROUND = 4087, SUM = 14170638, bChange = 0.00120776, totNum = 8
ROUND = 4088, SUM = 14170638, bChange = 0.00120777, totNum = 8
ROUND = 4089, SUM = 14170638, bChange = 0.00120778, totNum = 8
ROUND = 4090, SUM = 14170638, bChange = 0.00120779, totNum = 8
ROUND = 4091, SUM = 14170638, bChange = 0.0012078, totNum = 8
ROUND = 4092, SUM = 14170638, bChange = 0.00120781, totNum = 8
ROUND = 4093, SUM = 14170638, bChange = 0.00120782, totNum = 8
ROUND = 4094, SUM = 14170638, bChange = 0.00120783, totNum = 8
ROUND = 4095, SUM = 14170638, bChange = 0.00120784, totNum = 8
ROUND = 4096, SUM = 14170638, bChange = 0.00120785, totNum = 8
ROUND = 4097, SUM = 14170638, bChange = 0.00120786, totNum = 8
ROUND = 4098, SUM = 14170638, bChange = 0.00120787, totNum = 8
ROUND = 4099, SUM = 14170638, bChange = 0.00120788, totNum = 8
ROUND = 4100, SUM = 14170638, bChange = 0.00120789, totNum = 8
ROUND = 4101, SUM = 14170638, bChange = 0.0012079, totNum = 8
ROUND = 4102, SUM = 14170638, bChange = 0.00120791, totNum = 8
ROUND = 4103, SUM = 14170638, bChange = 0.00120792, totNum = 8
ROUND = 4104, SUM = 14170638, bChange = 0.00120793, totNum = 7
ROUND = 4105, SUM = 14170638, bChange = 0.00120794, totNum = 7
ROUND = 4106, SUM = 14170638, bChange = 0.00120795, totNum = 7
ROUND = 4107, SUM = 14170638, bChange = 0.00120796, totNum = 7
ROUND = 4108, SUM = 14170638, bChange = 0.00120797, totNum = 7
ROUND = 4109, SUM = 14170638, bChange = 0.00120798, totNum = 7
ROUND = 4110, SUM = 14170638, bChange = 0.00120799, totNum = 7
ROUND = 4111, SUM = 14170638, bChange = 0.001208, totNum = 7
ROUND = 4112, SUM = 14170638, bChange = 0.00120801, totNum = 7
ROUND = 4113, SUM = 14170638, bChange = 0.00120802, totNum = 7
ROUND = 4114, SUM = 14170638, bChange = 0.00120803, totNum = 7
ROUND = 4115, SUM = 14170638, bChange = 0.00120804, totNum = 7
ROUND = 4116, SUM = 14170638, bChange = 0.00120805, totNum = 7
ROUND = 4117, SUM = 14170638, bChange = 0.00120806, totNum = 7
ROUND = 4118, SUM = 14170638, bChange = 0.00120807, totNum = 7
ROUND = 4119, SUM = 14170638, bChange = 0.00120808, totNum = 7
ROUND = 4120, SUM = 14170638, bChange = 0.00120808, totNum = 7
ROUND = 4121, SUM = 14170638, bChange = 0.00120809, totNum = 7
ROUND = 4122, SUM = 14170638, bChange = 0.0012081, totNum = 7
ROUND = 4123, SUM = 14170638, bChange = 0.00120811, totNum = 7
ROUND = 4124, SUM = 14170638, bChange = 0.0011429, totNum = 6
ROUND = 4125, SUM = 14170638, bChange = 0.00114291, totNum = 6
ROUND = 4126, SUM = 14170638, bChange = 0.00114292, totNum = 6
ROUND = 4127, SUM = 14170638, bChange = 0.00114293, totNum = 6
ROUND = 4128, SUM = 14170638, bChange = 0.00114294, totNum = 6
ROUND = 4129, SUM = 14170638, bChange = 0.00114294, totNum = 6
ROUND = 4130, SUM = 14170638, bChange = 0.00114295, totNum = 6
ROUND = 4131, SUM = 14170638, bChange = 0.00114296, totNum = 6
ROUND = 4132, SUM = 14170638, bChange = 0.00114297, totNum = 6
ROUND = 4133, SUM = 14170638, bChange = 0.00114298, totNum = 6
ROUND = 4134, SUM = 14170638, bChange = 0.00114299, totNum = 6
ROUND = 4135, SUM = 14170638, bChange = 0.00114299, totNum = 6
ROUND = 4136, SUM = 14170638, bChange = 0.001143, totNum = 6
ROUND = 4137, SUM = 14170638, bChange = 0.00114301, totNum = 6
ROUND = 4138, SUM = 14170638, bChange = 0.00114302, totNum = 5
ROUND = 4139, SUM = 14170638, bChange = 0.00114303, totNum = 5
ROUND = 4140, SUM = 14170638, bChange = 0.00114304, totNum = 5
ROUND = 4141, SUM = 14170638, bChange = 0.00114304, totNum = 5
ROUND = 4142, SUM = 14170638, bChange = 0.00114305, totNum = 5
ROUND = 4143, SUM = 14170638, bChange = 0.00114306, totNum = 5
ROUND = 4144, SUM = 14170638, bChange = 0.00114307, totNum = 5
ROUND = 4145, SUM = 14170638, bChange = 0.00114308, totNum = 5
ROUND = 4146, SUM = 14170638, bChange = 0.00114309, totNum = 5
ROUND = 4147, SUM = 14170638, bChange = 0.00114309, totNum = 5
ROUND = 4148, SUM = 14170638, bChange = 0.0011431, totNum = 5
ROUND = 4149, SUM = 14170638, bChange = 0.00114311, totNum = 5
ROUND = 4150, SUM = 14170638, bChange = 0.00114312, totNum = 5
ROUND = 4151, SUM = 14170638, bChange = 0.00114313, totNum = 5
ROUND = 4152, SUM = 14170638, bChange = 0.00114313, totNum = 5
ROUND = 4153, SUM = 14170638.0000001, bChange = 0.00114314, totNum = 5
ROUND = 4154, SUM = 14170638, bChange = 0.00114315, totNum = 5
ROUND = 4155, SUM = 14170638, bChange = 0.00114316, totNum = 5
ROUND = 4156, SUM = 14170638, bChange = 0.00114317, totNum = 5
ROUND = 4157, SUM = 14170638, bChange = 0.00114318, totNum = 5
ROUND = 4158, SUM = 14170638, bChange = 0.00114318, totNum = 4
ROUND = 4159, SUM = 14170638, bChange = 0.00114319, totNum = 4
ROUND = 4160, SUM = 14170638, bChange = 0.0011432, totNum = 4
ROUND = 4161, SUM = 14170638, bChange = 0.00114321, totNum = 4
ROUND = 4162, SUM = 14170638, bChange = 0.00114322, totNum = 4
ROUND = 4163, SUM = 14170638, bChange = 0.00114322, totNum = 4
ROUND = 4164, SUM = 14170638, bChange = 0.00114323, totNum = 4
ROUND = 4165, SUM = 14170638, bChange = 0.00114324, totNum = 4
ROUND = 4166, SUM = 14170638, bChange = 0.00114325, totNum = 4
ROUND = 4167, SUM = 14170638, bChange = 0.00114326, totNum = 4
ROUND = 4168, SUM = 14170638, bChange = 0.00114326, totNum = 4
ROUND = 4169, SUM = 14170638, bChange = 0.00114327, totNum = 4
ROUND = 4170, SUM = 14170638, bChange = 0.00114328, totNum = 4
ROUND = 4171, SUM = 14170638, bChange = 0.00114329, totNum = 4
ROUND = 4172, SUM = 14170638, bChange = 0.0011433, totNum = 4
ROUND = 4173, SUM = 14170638, bChange = 0.0011433, totNum = 4
ROUND = 4174, SUM = 14170638, bChange = 0.00114331, totNum = 4
ROUND = 4175, SUM = 14170638, bChange = 0.00114332, totNum = 4
ROUND = 4176, SUM = 14170638, bChange = 0.00114333, totNum = 4
ROUND = 4177, SUM = 14170638, bChange = 0.00114334, totNum = 4
ROUND = 4178, SUM = 14170638, bChange = 0.00114334, totNum = 4
ROUND = 4179, SUM = 14170638, bChange = 0.00114335, totNum = 4
ROUND = 4180, SUM = 14170638, bChange = 0.00114336, totNum = 4
ROUND = 4181, SUM = 14170638, bChange = 0.00114337, totNum = 4
ROUND = 4182, SUM = 14170638, bChange = 0.00114338, totNum = 4
ROUND = 4183, SUM = 14170638, bChange = 0.00114338, totNum = 4
ROUND = 4184, SUM = 14170638, bChange = 0.00114339, totNum = 4
ROUND = 4185, SUM = 14170638.0000001, bChange = 0.0011434, totNum = 4
ROUND = 4186, SUM = 14170638, bChange = 0.00114341, totNum = 4
ROUND = 4187, SUM = 14170638, bChange = 0.00114342, totNum = 4
ROUND = 4188, SUM = 14170638, bChange = 0.00114342, totNum = 4
ROUND = 4189, SUM = 14170638, bChange = 0.00114343, totNum = 4
ROUND = 4190, SUM = 14170638, bChange = 0.00114344, totNum = 4
ROUND = 4191, SUM = 14170638, bChange = 0.00114345, totNum = 4
ROUND = 4192, SUM = 14170638, bChange = 0.00114345, totNum = 4
ROUND = 4193, SUM = 14170638, bChange = 0.00114346, totNum = 4
ROUND = 4194, SUM = 14170638, bChange = 0.00114347, totNum = 4
ROUND = 4195, SUM = 14170638, bChange = 0.00114348, totNum = 4
ROUND = 4196, SUM = 14170638, bChange = 0.00114349, totNum = 4
ROUND = 4197, SUM = 14170638, bChange = 0.00114349, totNum = 4
ROUND = 4198, SUM = 14170638, bChange = 0.0011435, totNum = 4
ROUND = 4199, SUM = 14170638, bChange = 0.00114351, totNum = 4
ROUND = 4200, SUM = 14170638, bChange = 0.00114352, totNum = 4
ROUND = 4201, SUM = 14170637.9999999, bChange = 0.00114352, totNum = 4
ROUND = 4202, SUM = 14170638, bChange = 0.00114353, totNum = 4
ROUND = 4203, SUM = 14170638, bChange = 0.00114354, totNum = 4
ROUND = 4204, SUM = 14170637.9999999, bChange = 0.00114355, totNum = 4
ROUND = 4205, SUM = 14170638, bChange = 0.00114356, totNum = 4
ROUND = 4206, SUM = 14170638, bChange = 0.00114356, totNum = 4
ROUND = 4207, SUM = 14170638, bChange = 0.00114357, totNum = 4
ROUND = 4208, SUM = 14170638, bChange = 0.00114358, totNum = 4
ROUND = 4209, SUM = 14170638, bChange = 0.00114359, totNum = 4
ROUND = 4210, SUM = 14170638, bChange = 0.00114359, totNum = 4
ROUND = 4211, SUM = 14170638, bChange = 0.0011436, totNum = 4
ROUND = 4212, SUM = 14170638, bChange = 0.00114361, totNum = 4
ROUND = 4213, SUM = 14170638, bChange = 0.00114362, totNum = 4
ROUND = 4214, SUM = 14170638, bChange = 0.00114362, totNum = 4
ROUND = 4215, SUM = 14170638, bChange = 0.00114363, totNum = 4
ROUND = 4216, SUM = 14170638.0000001, bChange = 0.00114364, totNum = 4
ROUND = 4217, SUM = 14170638, bChange = 0.00114365, totNum = 4
ROUND = 4218, SUM = 14170638, bChange = 0.00114366, totNum = 4
ROUND = 4219, SUM = 14170638, bChange = 0.00114366, totNum = 4
ROUND = 4220, SUM = 14170638, bChange = 0.00114367, totNum = 4
ROUND = 4221, SUM = 14170638, bChange = 0.00114368, totNum = 4
ROUND = 4222, SUM = 14170638, bChange = 0.00114369, totNum = 4
ROUND = 4223, SUM = 14170638, bChange = 0.00114369, totNum = 4
ROUND = 4224, SUM = 14170638, bChange = 0.0011437, totNum = 4
ROUND = 4225, SUM = 14170638, bChange = 0.00114371, totNum = 4
ROUND = 4226, SUM = 14170637.9999999, bChange = 0.00114372, totNum = 4
ROUND = 4227, SUM = 14170638, bChange = 0.00114372, totNum = 4
ROUND = 4228, SUM = 14170638, bChange = 0.00114373, totNum = 4
ROUND = 4229, SUM = 14170637.9999999, bChange = 0.00114374, totNum = 4
ROUND = 4230, SUM = 14170638, bChange = 0.00114375, totNum = 4
ROUND = 4231, SUM = 14170638, bChange = 0.00114375, totNum = 4
ROUND = 4232, SUM = 14170638, bChange = 0.00114376, totNum = 4
ROUND = 4233, SUM = 14170638, bChange = 0.00114377, totNum = 4
ROUND = 4234, SUM = 14170638, bChange = 0.00114378, totNum = 4
ROUND = 4235, SUM = 14170638, bChange = 0.00114378, totNum = 4
ROUND = 4236, SUM = 14170638, bChange = 0.00114379, totNum = 4
ROUND = 4237, SUM = 14170638, bChange = 0.0011438, totNum = 4
ROUND = 4238, SUM = 14170638, bChange = 0.00114381, totNum = 4
ROUND = 4239, SUM = 14170638, bChange = 0.00114381, totNum = 4
ROUND = 4240, SUM = 14170638, bChange = 0.00114382, totNum = 4
ROUND = 4241, SUM = 14170638, bChange = 0.00114383, totNum = 4
ROUND = 4242, SUM = 14170638, bChange = 0.00114384, totNum = 4
ROUND = 4243, SUM = 14170638, bChange = 0.00114384, totNum = 4
ROUND = 4244, SUM = 14170638, bChange = 0.00114385, totNum = 4
ROUND = 4245, SUM = 14170638, bChange = 0.00114386, totNum = 4
ROUND = 4246, SUM = 14170638, bChange = 0.00114386, totNum = 4
ROUND = 4247, SUM = 14170638, bChange = 0.00114387, totNum = 4
ROUND = 4248, SUM = 14170638, bChange = 0.00114388, totNum = 4
ROUND = 4249, SUM = 14170638, bChange = 0.00114389, totNum = 4
ROUND = 4250, SUM = 14170638, bChange = 0.00114389, totNum = 4
ROUND = 4251, SUM = 14170638, bChange = 0.0011439, totNum = 4
ROUND = 4252, SUM = 14170638, bChange = 0.00114391, totNum = 4
ROUND = 4253, SUM = 14170638, bChange = 0.00114392, totNum = 4
ROUND = 4254, SUM = 14170638.0000001, bChange = 0.00114392, totNum = 4
ROUND = 4255, SUM = 14170638, bChange = 0.00114393, totNum = 4
ROUND = 4256, SUM = 14170638, bChange = 0.00114394, totNum = 4
ROUND = 4257, SUM = 14170638, bChange = 0.00114395, totNum = 4
ROUND = 4258, SUM = 14170638, bChange = 0.00114395, totNum = 4
ROUND = 4259, SUM = 14170638, bChange = 0.00114396, totNum = 4
ROUND = 4260, SUM = 14170638, bChange = 0.00114397, totNum = 4
ROUND = 4261, SUM = 14170638, bChange = 0.00114397, totNum = 3
ROUND = 4262, SUM = 14170638, bChange = 0.00114398, totNum = 3
ROUND = 4263, SUM = 14170638, bChange = 0.00114399, totNum = 3
ROUND = 4264, SUM = 14170638, bChange = 0.001144, totNum = 3
ROUND = 4265, SUM = 14170637.9999999, bChange = 0.001144, totNum = 3
ROUND = 4266, SUM = 14170638, bChange = 0.00114401, totNum = 3
ROUND = 4267, SUM = 14170638, bChange = 0.00114402, totNum = 3
ROUND = 4268, SUM = 14170638, bChange = 0.00114402, totNum = 3
ROUND = 4269, SUM = 14170638, bChange = 0.00114403, totNum = 3
ROUND = 4270, SUM = 14170638, bChange = 0.00114404, totNum = 3
ROUND = 4271, SUM = 14170638, bChange = 0.00114405, totNum = 3
ROUND = 4272, SUM = 14170638, bChange = 0.00114405, totNum = 3
ROUND = 4273, SUM = 14170638, bChange = 0.00114406, totNum = 3
ROUND = 4274, SUM = 14170638, bChange = 0.00114407, totNum = 3
ROUND = 4275, SUM = 14170638, bChange = 0.00114407, totNum = 3
ROUND = 4276, SUM = 14170638, bChange = 0.00114408, totNum = 3
ROUND = 4277, SUM = 14170638, bChange = 0.00114409, totNum = 3
ROUND = 4278, SUM = 14170638, bChange = 0.0011441, totNum = 3
ROUND = 4279, SUM = 14170638, bChange = 0.0011441, totNum = 3
ROUND = 4280, SUM = 14170638, bChange = 0.00114411, totNum = 3
ROUND = 4281, SUM = 14170638, bChange = 0.00114412, totNum = 3
ROUND = 4282, SUM = 14170638, bChange = 0.00114412, totNum = 3
ROUND = 4283, SUM = 14170638, bChange = 0.00114413, totNum = 3
ROUND = 4284, SUM = 14170638, bChange = 0.00114414, totNum = 3
ROUND = 4285, SUM = 14170638, bChange = 0.00114415, totNum = 3
ROUND = 4286, SUM = 14170638, bChange = 0.00114415, totNum = 3
ROUND = 4287, SUM = 14170637.9999999, bChange = 0.00114416, totNum = 3
ROUND = 4288, SUM = 14170638, bChange = 0.00114417, totNum = 3
ROUND = 4289, SUM = 14170637.9999999, bChange = 0.00114417, totNum = 3
ROUND = 4290, SUM = 14170638, bChange = 0.00114418, totNum = 3
ROUND = 4291, SUM = 14170638, bChange = 0.00114419, totNum = 3
ROUND = 4292, SUM = 14170638, bChange = 0.00114419, totNum = 3
ROUND = 4293, SUM = 14170638, bChange = 0.0011442, totNum = 3
ROUND = 4294, SUM = 14170638, bChange = 0.00114421, totNum = 3
ROUND = 4295, SUM = 14170638, bChange = 0.00114422, totNum = 3
ROUND = 4296, SUM = 14170638, bChange = 0.00114422, totNum = 3
ROUND = 4297, SUM = 14170638, bChange = 0.00114423, totNum = 3
ROUND = 4298, SUM = 14170638, bChange = 0.00114424, totNum = 3
ROUND = 4299, SUM = 14170638, bChange = 0.00114424, totNum = 3
ROUND = 4300, SUM = 14170638, bChange = 0.00114425, totNum = 3
ROUND = 4301, SUM = 14170638, bChange = 0.00114426, totNum = 3
ROUND = 4302, SUM = 14170638, bChange = 0.00114426, totNum = 3
ROUND = 4303, SUM = 14170638, bChange = 0.00114427, totNum = 3
ROUND = 4304, SUM = 14170637.9999999, bChange = 0.00114428, totNum = 3
ROUND = 4305, SUM = 14170638, bChange = 0.00114428, totNum = 3
ROUND = 4306, SUM = 14170638, bChange = 0.00114429, totNum = 3
ROUND = 4307, SUM = 14170638, bChange = 0.0011443, totNum = 3
ROUND = 4308, SUM = 14170638, bChange = 0.00114431, totNum = 3
ROUND = 4309, SUM = 14170638, bChange = 0.00114431, totNum = 3
ROUND = 4310, SUM = 14170638, bChange = 0.00114432, totNum = 3
ROUND = 4311, SUM = 14170638, bChange = 0.00114433, totNum = 3
ROUND = 4312, SUM = 14170638, bChange = 0.00114433, totNum = 3
ROUND = 4313, SUM = 14170638, bChange = 0.00114434, totNum = 3
ROUND = 4314, SUM = 14170638, bChange = 0.00114435, totNum = 3
ROUND = 4315, SUM = 14170638, bChange = 0.00114435, totNum = 3
ROUND = 4316, SUM = 14170638, bChange = 0.00114436, totNum = 3
ROUND = 4317, SUM = 14170638, bChange = 0.00114437, totNum = 3
ROUND = 4318, SUM = 14170638, bChange = 0.00114437, totNum = 3
ROUND = 4319, SUM = 14170638, bChange = 0.00114438, totNum = 3
ROUND = 4320, SUM = 14170638, bChange = 0.00114439, totNum = 3
ROUND = 4321, SUM = 14170638, bChange = 0.00114439, totNum = 3
ROUND = 4322, SUM = 14170638, bChange = 0.0011444, totNum = 3
ROUND = 4323, SUM = 14170638, bChange = 0.00114441, totNum = 3
ROUND = 4324, SUM = 14170638, bChange = 0.00114441, totNum = 3
ROUND = 4325, SUM = 14170638, bChange = 0.00114442, totNum = 3
ROUND = 4326, SUM = 14170638, bChange = 0.00114443, totNum = 3
ROUND = 4327, SUM = 14170638, bChange = 0.00114443, totNum = 3
ROUND = 4328, SUM = 14170638, bChange = 0.00114444, totNum = 3
ROUND = 4329, SUM = 14170638, bChange = 0.00114445, totNum = 3
ROUND = 4330, SUM = 14170638, bChange = 0.00114445, totNum = 3
ROUND = 4331, SUM = 14170638, bChange = 0.00114446, totNum = 3
ROUND = 4332, SUM = 14170638, bChange = 0.00114447, totNum = 3
ROUND = 4333, SUM = 14170638, bChange = 0.00114447, totNum = 3
ROUND = 4334, SUM = 14170638, bChange = 0.00114448, totNum = 3
ROUND = 4335, SUM = 14170638, bChange = 0.00114449, totNum = 3
ROUND = 4336, SUM = 14170638, bChange = 0.00114449, totNum = 3
ROUND = 4337, SUM = 14170638, bChange = 0.0011445, totNum = 3
ROUND = 4338, SUM = 14170638, bChange = 0.00114451, totNum = 3
ROUND = 4339, SUM = 14170638, bChange = 0.00114451, totNum = 3
ROUND = 4340, SUM = 14170638, bChange = 0.00114452, totNum = 3
ROUND = 4341, SUM = 14170638, bChange = 0.00114453, totNum = 3
ROUND = 4342, SUM = 14170638, bChange = 0.00114453, totNum = 3
ROUND = 4343, SUM = 14170638, bChange = 0.00114454, totNum = 3
ROUND = 4344, SUM = 14170638, bChange = 0.00114455, totNum = 3
ROUND = 4345, SUM = 14170638, bChange = 0.00114455, totNum = 3
ROUND = 4346, SUM = 14170638, bChange = 0.00114456, totNum = 3
ROUND = 4347, SUM = 14170638, bChange = 0.00114457, totNum = 3
ROUND = 4348, SUM = 14170638, bChange = 0.00114457, totNum = 3
ROUND = 4349, SUM = 14170638, bChange = 0.00114458, totNum = 3
ROUND = 4350, SUM = 14170638, bChange = 0.00114459, totNum = 3
ROUND = 4351, SUM = 14170638, bChange = 0.00114459, totNum = 3
ROUND = 4352, SUM = 14170638, bChange = 0.0011446, totNum = 3
ROUND = 4353, SUM = 14170638, bChange = 0.00114461, totNum = 3
ROUND = 4354, SUM = 14170638, bChange = 0.00114461, totNum = 3
ROUND = 4355, SUM = 14170638, bChange = 0.00114462, totNum = 3
ROUND = 4356, SUM = 14170638, bChange = 0.00114463, totNum = 3
ROUND = 4357, SUM = 14170638, bChange = 0.00114463, totNum = 3
ROUND = 4358, SUM = 14170638, bChange = 0.00114464, totNum = 3
ROUND = 4359, SUM = 14170638, bChange = 0.00114464, totNum = 3
ROUND = 4360, SUM = 14170638, bChange = 0.00114465, totNum = 3
ROUND = 4361, SUM = 14170637.9999999, bChange = 0.00114466, totNum = 3
ROUND = 4362, SUM = 14170638, bChange = 0.00114466, totNum = 3
ROUND = 4363, SUM = 14170638, bChange = 0.00114467, totNum = 3
ROUND = 4364, SUM = 14170638, bChange = 0.00114468, totNum = 3
ROUND = 4365, SUM = 14170638, bChange = 0.00114468, totNum = 3
ROUND = 4366, SUM = 14170638, bChange = 0.00114469, totNum = 3
ROUND = 4367, SUM = 14170638, bChange = 0.0011447, totNum = 3
ROUND = 4368, SUM = 14170638, bChange = 0.0011447, totNum = 3
ROUND = 4369, SUM = 14170638, bChange = 0.00114471, totNum = 3
ROUND = 4370, SUM = 14170638, bChange = 0.00114472, totNum = 3
ROUND = 4371, SUM = 14170638, bChange = 0.00114472, totNum = 3
ROUND = 4372, SUM = 14170638, bChange = 0.00114473, totNum = 3
ROUND = 4373, SUM = 14170638, bChange = 0.00114473, totNum = 3
ROUND = 4374, SUM = 14170638, bChange = 0.00114474, totNum = 3
ROUND = 4375, SUM = 14170638, bChange = 0.00114475, totNum = 3
ROUND = 4376, SUM = 14170638, bChange = 0.00114475, totNum = 3
ROUND = 4377, SUM = 14170638, bChange = 0.00114476, totNum = 3
ROUND = 4378, SUM = 14170638, bChange = 0.00114477, totNum = 3
ROUND = 4379, SUM = 14170638, bChange = 0.00114477, totNum = 3
ROUND = 4380, SUM = 14170638, bChange = 0.00114478, totNum = 3
ROUND = 4381, SUM = 14170638, bChange = 0.00114479, totNum = 3
ROUND = 4382, SUM = 14170638, bChange = 0.00114479, totNum = 3
ROUND = 4383, SUM = 14170638, bChange = 0.0011448, totNum = 3
ROUND = 4384, SUM = 14170638, bChange = 0.0011448, totNum = 3
ROUND = 4385, SUM = 14170638, bChange = 0.00114481, totNum = 3
ROUND = 4386, SUM = 14170638, bChange = 0.00114482, totNum = 3
ROUND = 4387, SUM = 14170638, bChange = 0.00114482, totNum = 3
ROUND = 4388, SUM = 14170637.9999999, bChange = 0.00114483, totNum = 3
ROUND = 4389, SUM = 14170638, bChange = 0.00114484, totNum = 3
ROUND = 4390, SUM = 14170638, bChange = 0.00114484, totNum = 3
ROUND = 4391, SUM = 14170638, bChange = 0.00114485, totNum = 3
ROUND = 4392, SUM = 14170638, bChange = 0.00114485, totNum = 3
ROUND = 4393, SUM = 14170638, bChange = 0.00114486, totNum = 3
ROUND = 4394, SUM = 14170638, bChange = 0.00114487, totNum = 3
ROUND = 4395, SUM = 14170638, bChange = 0.00114487, totNum = 3
ROUND = 4396, SUM = 14170638, bChange = 0.00114488, totNum = 3
ROUND = 4397, SUM = 14170637.9999999, bChange = 0.00114489, totNum = 3
ROUND = 4398, SUM = 14170638, bChange = 0.00114489, totNum = 3
ROUND = 4399, SUM = 14170638, bChange = 0.0011449, totNum = 3
ROUND = 4400, SUM = 14170638, bChange = 0.0011449, totNum = 3
ROUND = 4401, SUM = 14170638, bChange = 0.00114491, totNum = 3
ROUND = 4402, SUM = 14170638, bChange = 0.00114492, totNum = 3
ROUND = 4403, SUM = 14170638.0000001, bChange = 0.00114492, totNum = 3
ROUND = 4404, SUM = 14170638, bChange = 0.00114493, totNum = 3
ROUND = 4405, SUM = 14170638, bChange = 0.00114493, totNum = 3
ROUND = 4406, SUM = 14170638, bChange = 0.00114494, totNum = 3
ROUND = 4407, SUM = 14170638, bChange = 0.00114495, totNum = 3
ROUND = 4408, SUM = 14170638, bChange = 0.00114495, totNum = 3
ROUND = 4409, SUM = 14170638, bChange = 0.00114496, totNum = 3
ROUND = 4410, SUM = 14170638, bChange = 0.00114497, totNum = 3
ROUND = 4411, SUM = 14170638, bChange = 0.00114497, totNum = 3
ROUND = 4412, SUM = 14170638, bChange = 0.00114498, totNum = 3
ROUND = 4413, SUM = 14170638, bChange = 0.00114498, totNum = 3
ROUND = 4414, SUM = 14170638, bChange = 0.00114499, totNum = 3
ROUND = 4415, SUM = 14170638, bChange = 0.001145, totNum = 3
ROUND = 4416, SUM = 14170638, bChange = 0.001145, totNum = 3
ROUND = 4417, SUM = 14170638, bChange = 0.00114501, totNum = 3
ROUND = 4418, SUM = 14170638, bChange = 0.00114501, totNum = 3
ROUND = 4419, SUM = 14170638, bChange = 0.00114502, totNum = 3
ROUND = 4420, SUM = 14170638, bChange = 0.00114503, totNum = 3
ROUND = 4421, SUM = 14170638, bChange = 0.00114503, totNum = 3
ROUND = 4422, SUM = 14170638, bChange = 0.00114504, totNum = 3
ROUND = 4423, SUM = 14170638, bChange = 0.00114504, totNum = 3
ROUND = 4424, SUM = 14170638, bChange = 0.00114505, totNum = 3
ROUND = 4425, SUM = 14170638, bChange = 0.00114506, totNum = 3
ROUND = 4426, SUM = 14170638, bChange = 0.00114506, totNum = 3
ROUND = 4427, SUM = 14170638, bChange = 0.00114507, totNum = 3
ROUND = 4428, SUM = 14170638, bChange = 0.00114507, totNum = 3
ROUND = 4429, SUM = 14170638, bChange = 0.00114508, totNum = 3
ROUND = 4430, SUM = 14170638, bChange = 0.00114509, totNum = 3
ROUND = 4431, SUM = 14170638, bChange = 0.00114509, totNum = 3
ROUND = 4432, SUM = 14170638, bChange = 0.0011451, totNum = 3
ROUND = 4433, SUM = 14170638, bChange = 0.0011451, totNum = 3
ROUND = 4434, SUM = 14170638, bChange = 0.00114511, totNum = 3
ROUND = 4435, SUM = 14170638, bChange = 0.00114512, totNum = 3
ROUND = 4436, SUM = 14170638, bChange = 0.00114512, totNum = 3
ROUND = 4437, SUM = 14170638, bChange = 0.00114513, totNum = 3
ROUND = 4438, SUM = 14170638, bChange = 0.00114513, totNum = 3
ROUND = 4439, SUM = 14170638, bChange = 0.00114514, totNum = 3
ROUND = 4440, SUM = 14170638, bChange = 0.00114515, totNum = 3
ROUND = 4441, SUM = 14170638, bChange = 0.00114515, totNum = 3
ROUND = 4442, SUM = 14170638, bChange = 0.00114516, totNum = 3
ROUND = 4443, SUM = 14170638, bChange = 0.00114516, totNum = 3
ROUND = 4444, SUM = 14170638, bChange = 0.00114517, totNum = 3
ROUND = 4445, SUM = 14170638, bChange = 0.00114517, totNum = 3
ROUND = 4446, SUM = 14170638, bChange = 0.00114518, totNum = 3
ROUND = 4447, SUM = 14170638, bChange = 0.00114519, totNum = 3
ROUND = 4448, SUM = 14170638, bChange = 0.00114519, totNum = 3
ROUND = 4449, SUM = 14170638, bChange = 0.0011452, totNum = 3
ROUND = 4450, SUM = 14170638, bChange = 0.0011452, totNum = 3
ROUND = 4451, SUM = 14170638, bChange = 0.00114521, totNum = 3
ROUND = 4452, SUM = 14170638, bChange = 0.00114522, totNum = 3
ROUND = 4453, SUM = 14170638, bChange = 0.00114522, totNum = 3
ROUND = 4454, SUM = 14170638, bChange = 0.00114523, totNum = 3
ROUND = 4455, SUM = 14170638, bChange = 0.00114523, totNum = 3
ROUND = 4456, SUM = 14170638, bChange = 0.00114524, totNum = 3
ROUND = 4457, SUM = 14170638, bChange = 0.00114524, totNum = 3
ROUND = 4458, SUM = 14170638, bChange = 0.00114525, totNum = 3
ROUND = 4459, SUM = 14170638, bChange = 0.00114526, totNum = 3
ROUND = 4460, SUM = 14170638, bChange = 0.00114526, totNum = 3
ROUND = 4461, SUM = 14170638, bChange = 0.00114527, totNum = 3
ROUND = 4462, SUM = 14170638, bChange = 0.00114527, totNum = 3
ROUND = 4463, SUM = 14170638, bChange = 0.00114528, totNum = 3
ROUND = 4464, SUM = 14170638, bChange = 0.00114528, totNum = 3
ROUND = 4465, SUM = 14170638, bChange = 0.00114529, totNum = 3
ROUND = 4466, SUM = 14170638, bChange = 0.0011453, totNum = 3
ROUND = 4467, SUM = 14170638, bChange = 0.0011453, totNum = 3
ROUND = 4468, SUM = 14170638, bChange = 0.00114531, totNum = 3
ROUND = 4469, SUM = 14170638, bChange = 0.00114531, totNum = 3
ROUND = 4470, SUM = 14170638, bChange = 0.00114532, totNum = 3
ROUND = 4471, SUM = 14170638, bChange = 0.00114532, totNum = 3
ROUND = 4472, SUM = 14170638, bChange = 0.00114533, totNum = 3
ROUND = 4473, SUM = 14170638, bChange = 0.00114534, totNum = 3
ROUND = 4474, SUM = 14170638, bChange = 0.00114534, totNum = 3
ROUND = 4475, SUM = 14170638, bChange = 0.00114535, totNum = 3
ROUND = 4476, SUM = 14170638, bChange = 0.00114535, totNum = 3
ROUND = 4477, SUM = 14170638, bChange = 0.00114536, totNum = 3
ROUND = 4478, SUM = 14170638, bChange = 0.00114536, totNum = 3
ROUND = 4479, SUM = 14170638, bChange = 0.00114537, totNum = 3
ROUND = 4480, SUM = 14170638, bChange = 0.00114538, totNum = 3
ROUND = 4481, SUM = 14170638, bChange = 0.00114538, totNum = 3
ROUND = 4482, SUM = 14170638, bChange = 0.00114539, totNum = 3
ROUND = 4483, SUM = 14170638, bChange = 0.00114539, totNum = 3
ROUND = 4484, SUM = 14170638, bChange = 0.0011454, totNum = 3
ROUND = 4485, SUM = 14170638, bChange = 0.0011454, totNum = 3
ROUND = 4486, SUM = 14170638, bChange = 0.00114541, totNum = 3
ROUND = 4487, SUM = 14170638, bChange = 0.00114542, totNum = 3
ROUND = 4488, SUM = 14170638, bChange = 0.00114542, totNum = 3
ROUND = 4489, SUM = 14170638, bChange = 0.00114543, totNum = 3
ROUND = 4490, SUM = 14170638, bChange = 0.00114543, totNum = 3
ROUND = 4491, SUM = 14170638, bChange = 0.00114544, totNum = 3
ROUND = 4492, SUM = 14170638, bChange = 0.00114544, totNum = 3
ROUND = 4493, SUM = 14170638, bChange = 0.00114545, totNum = 3
ROUND = 4494, SUM = 14170638, bChange = 0.00114545, totNum = 3
ROUND = 4495, SUM = 14170638, bChange = 0.00114546, totNum = 3
ROUND = 4496, SUM = 14170638, bChange = 0.00114547, totNum = 3
ROUND = 4497, SUM = 14170638, bChange = 0.00114547, totNum = 3
ROUND = 4498, SUM = 14170638, bChange = 0.00114548, totNum = 3
ROUND = 4499, SUM = 14170638, bChange = 0.00114548, totNum = 3
ROUND = 4500, SUM = 14170638, bChange = 0.00114549, totNum = 3
ROUND = 4501, SUM = 14170638, bChange = 0.00114549, totNum = 3
ROUND = 4502, SUM = 14170638, bChange = 0.0011455, totNum = 3
ROUND = 4503, SUM = 14170638, bChange = 0.0011455, totNum = 3
ROUND = 4504, SUM = 14170638, bChange = 0.00114551, totNum = 3
ROUND = 4505, SUM = 14170638, bChange = 0.00114551, totNum = 3
ROUND = 4506, SUM = 14170637.9999999, bChange = 0.00114552, totNum = 3
ROUND = 4507, SUM = 14170638, bChange = 0.00114553, totNum = 3
ROUND = 4508, SUM = 14170638, bChange = 0.00114553, totNum = 3
ROUND = 4509, SUM = 14170638, bChange = 0.00114554, totNum = 3
ROUND = 4510, SUM = 14170638, bChange = 0.00114554, totNum = 3
ROUND = 4511, SUM = 14170638, bChange = 0.00114555, totNum = 3
ROUND = 4512, SUM = 14170638, bChange = 0.00114555, totNum = 3
ROUND = 4513, SUM = 14170638, bChange = 0.00114556, totNum = 3
ROUND = 4514, SUM = 14170638, bChange = 0.00114556, totNum = 3
ROUND = 4515, SUM = 14170638, bChange = 0.00114557, totNum = 3
ROUND = 4516, SUM = 14170638, bChange = 0.00114557, totNum = 3
ROUND = 4517, SUM = 14170638, bChange = 0.00114558, totNum = 3
ROUND = 4518, SUM = 14170637.9999999, bChange = 0.00114559, totNum = 3
ROUND = 4519, SUM = 14170638, bChange = 0.00114559, totNum = 3
ROUND = 4520, SUM = 14170638, bChange = 0.0011456, totNum = 3
ROUND = 4521, SUM = 14170638, bChange = 0.0011456, totNum = 3
ROUND = 4522, SUM = 14170638, bChange = 0.00114561, totNum = 3
ROUND = 4523, SUM = 14170638, bChange = 0.00114561, totNum = 3
ROUND = 4524, SUM = 14170638, bChange = 0.00114562, totNum = 3
ROUND = 4525, SUM = 14170638, bChange = 0.00114562, totNum = 3
ROUND = 4526, SUM = 14170638, bChange = 0.00114563, totNum = 3
ROUND = 4527, SUM = 14170638, bChange = 0.00114563, totNum = 3
ROUND = 4528, SUM = 14170638, bChange = 0.00114564, totNum = 3
ROUND = 4529, SUM = 14170638, bChange = 0.00114564, totNum = 3
ROUND = 4530, SUM = 14170638, bChange = 0.00114565, totNum = 3
ROUND = 4531, SUM = 14170638, bChange = 0.00114565, totNum = 3
ROUND = 4532, SUM = 14170638, bChange = 0.00114566, totNum = 3
ROUND = 4533, SUM = 14170638, bChange = 0.00114567, totNum = 3
ROUND = 4534, SUM = 14170638, bChange = 0.00114567, totNum = 3
ROUND = 4535, SUM = 14170638, bChange = 0.00114568, totNum = 3
ROUND = 4536, SUM = 14170637.9999999, bChange = 0.00114568, totNum = 3
ROUND = 4537, SUM = 14170638, bChange = 0.00114569, totNum = 3
ROUND = 4538, SUM = 14170638, bChange = 0.00114569, totNum = 3
ROUND = 4539, SUM = 14170638, bChange = 0.0011457, totNum = 3
ROUND = 4540, SUM = 14170638, bChange = 0.0011457, totNum = 3
ROUND = 4541, SUM = 14170638, bChange = 0.00114571, totNum = 3
ROUND = 4542, SUM = 14170638, bChange = 0.00114571, totNum = 3
ROUND = 4543, SUM = 14170638, bChange = 0.00114572, totNum = 3
ROUND = 4544, SUM = 14170638, bChange = 0.00114572, totNum = 3
ROUND = 4545, SUM = 14170638, bChange = 0.00114573, totNum = 3
ROUND = 4546, SUM = 14170638, bChange = 0.00114573, totNum = 3
ROUND = 4547, SUM = 14170638, bChange = 0.00114574, totNum = 3
ROUND = 4548, SUM = 14170638, bChange = 0.00114574, totNum = 3
ROUND = 4549, SUM = 14170638, bChange = 0.00114575, totNum = 3
ROUND = 4550, SUM = 14170638, bChange = 0.00114575, totNum = 3
ROUND = 4551, SUM = 14170637.9999999, bChange = 0.00114576, totNum = 3
ROUND = 4552, SUM = 14170638, bChange = 0.00114577, totNum = 3
ROUND = 4553, SUM = 14170637.9999999, bChange = 0.00114577, totNum = 3
ROUND = 4554, SUM = 14170637.9999999, bChange = 0.00114578, totNum = 3
ROUND = 4555, SUM = 14170638, bChange = 0.00114578, totNum = 3
ROUND = 4556, SUM = 14170638, bChange = 0.00114579, totNum = 3
ROUND = 4557, SUM = 14170638, bChange = 0.00114579, totNum = 3
ROUND = 4558, SUM = 14170637.9999999, bChange = 0.0011458, totNum = 3
ROUND = 4559, SUM = 14170638, bChange = 0.0011458, totNum = 3
ROUND = 4560, SUM = 14170638, bChange = 0.00114581, totNum = 3
ROUND = 4561, SUM = 14170638, bChange = 0.00114581, totNum = 3
ROUND = 4562, SUM = 14170638, bChange = 0.00114582, totNum = 3
ROUND = 4563, SUM = 14170638, bChange = 0.00114582, totNum = 3
ROUND = 4564, SUM = 14170638, bChange = 0.00114583, totNum = 3
ROUND = 4565, SUM = 14170638, bChange = 0.00114583, totNum = 3
ROUND = 4566, SUM = 14170638, bChange = 0.00114584, totNum = 3
ROUND = 4567, SUM = 14170638, bChange = 0.00114584, totNum = 3
ROUND = 4568, SUM = 14170638, bChange = 0.00114585, totNum = 3
ROUND = 4569, SUM = 14170638, bChange = 0.00114585, totNum = 3
ROUND = 4570, SUM = 14170638, bChange = 0.00114586, totNum = 3
ROUND = 4571, SUM = 14170638, bChange = 0.00114586, totNum = 3
ROUND = 4572, SUM = 14170638, bChange = 0.00114587, totNum = 3
ROUND = 4573, SUM = 14170638, bChange = 0.00114587, totNum = 3
ROUND = 4574, SUM = 14170638, bChange = 0.00114588, totNum = 3
ROUND = 4575, SUM = 14170638, bChange = 0.00114588, totNum = 3
ROUND = 4576, SUM = 14170638, bChange = 0.00114589, totNum = 3
ROUND = 4577, SUM = 14170638, bChange = 0.00114589, totNum = 3
ROUND = 4578, SUM = 14170638, bChange = 0.0011459, totNum = 3
ROUND = 4579, SUM = 14170638, bChange = 0.0011459, totNum = 3
ROUND = 4580, SUM = 14170638, bChange = 0.00114591, totNum = 3
ROUND = 4581, SUM = 14170638, bChange = 0.00114591, totNum = 3
ROUND = 4582, SUM = 14170638, bChange = 0.00114592, totNum = 3
ROUND = 4583, SUM = 14170638, bChange = 0.00114592, totNum = 3
ROUND = 4584, SUM = 14170638, bChange = 0.00114593, totNum = 3
ROUND = 4585, SUM = 14170638, bChange = 0.00114593, totNum = 3
ROUND = 4586, SUM = 14170638, bChange = 0.00114594, totNum = 3
ROUND = 4587, SUM = 14170638, bChange = 0.00114594, totNum = 3
ROUND = 4588, SUM = 14170638, bChange = 0.00114595, totNum = 3
ROUND = 4589, SUM = 14170638, bChange = 0.00114595, totNum = 3
ROUND = 4590, SUM = 14170638, bChange = 0.00114596, totNum = 3
ROUND = 4591, SUM = 14170638, bChange = 0.00114596, totNum = 3
ROUND = 4592, SUM = 14170638, bChange = 0.00114597, totNum = 3
ROUND = 4593, SUM = 14170638, bChange = 0.00114597, totNum = 3
ROUND = 4594, SUM = 14170638, bChange = 0.00114598, totNum = 3
ROUND = 4595, SUM = 14170638, bChange = 0.00114598, totNum = 3
ROUND = 4596, SUM = 14170638, bChange = 0.00114599, totNum = 3
ROUND = 4597, SUM = 14170638, bChange = 0.00114599, totNum = 3
ROUND = 4598, SUM = 14170638, bChange = 0.001146, totNum = 3
ROUND = 4599, SUM = 14170638, bChange = 0.001146, totNum = 3
ROUND = 4600, SUM = 14170638, bChange = 0.00114601, totNum = 3
ROUND = 4601, SUM = 14170638, bChange = 0.00114601, totNum = 3
ROUND = 4602, SUM = 14170638, bChange = 0.00114602, totNum = 3
ROUND = 4603, SUM = 14170638, bChange = 0.00114602, totNum = 3
ROUND = 4604, SUM = 14170638, bChange = 0.00114603, totNum = 3
ROUND = 4605, SUM = 14170638, bChange = 0.00114603, totNum = 3
ROUND = 4606, SUM = 14170638, bChange = 0.00114604, totNum = 3
ROUND = 4607, SUM = 14170638, bChange = 0.00114604, totNum = 3
ROUND = 4608, SUM = 14170638, bChange = 0.00114605, totNum = 3
ROUND = 4609, SUM = 14170638, bChange = 0.00114605, totNum = 3
ROUND = 4610, SUM = 14170638, bChange = 0.00114606, totNum = 3
ROUND = 4611, SUM = 14170638, bChange = 0.00114606, totNum = 3
ROUND = 4612, SUM = 14170638, bChange = 0.00114607, totNum = 3
ROUND = 4613, SUM = 14170638, bChange = 0.00114607, totNum = 3
ROUND = 4614, SUM = 14170638, bChange = 0.00114608, totNum = 3
ROUND = 4615, SUM = 14170638, bChange = 0.00114608, totNum = 3
ROUND = 4616, SUM = 14170638, bChange = 0.00114609, totNum = 3
ROUND = 4617, SUM = 14170638, bChange = 0.00114609, totNum = 3
ROUND = 4618, SUM = 14170638, bChange = 0.00114609, totNum = 3
ROUND = 4619, SUM = 14170638, bChange = 0.0011461, totNum = 3
ROUND = 4620, SUM = 14170638, bChange = 0.0011461, totNum = 3
ROUND = 4621, SUM = 14170638, bChange = 0.00114611, totNum = 3
ROUND = 4622, SUM = 14170638, bChange = 0.00114611, totNum = 3
ROUND = 4623, SUM = 14170638, bChange = 0.00114612, totNum = 3
ROUND = 4624, SUM = 14170638, bChange = 0.00114612, totNum = 3
ROUND = 4625, SUM = 14170638, bChange = 0.00114613, totNum = 3
ROUND = 4626, SUM = 14170638, bChange = 0.00114613, totNum = 3
ROUND = 4627, SUM = 14170638, bChange = 0.00114614, totNum = 3
ROUND = 4628, SUM = 14170638, bChange = 0.00114614, totNum = 3
ROUND = 4629, SUM = 14170638, bChange = 0.00114615, totNum = 3
ROUND = 4630, SUM = 14170638, bChange = 0.00114615, totNum = 3
ROUND = 4631, SUM = 14170638, bChange = 0.00114616, totNum = 3
ROUND = 4632, SUM = 14170638, bChange = 0.00114616, totNum = 3
ROUND = 4633, SUM = 14170638, bChange = 0.00114617, totNum = 3
ROUND = 4634, SUM = 14170638, bChange = 0.00114617, totNum = 3
ROUND = 4635, SUM = 14170638, bChange = 0.00114618, totNum = 3
ROUND = 4636, SUM = 14170638, bChange = 0.00114618, totNum = 3
ROUND = 4637, SUM = 14170638, bChange = 0.00114619, totNum = 3
ROUND = 4638, SUM = 14170638, bChange = 0.00114619, totNum = 3
ROUND = 4639, SUM = 14170638, bChange = 0.00114619, totNum = 3
ROUND = 4640, SUM = 14170638, bChange = 0.0011462, totNum = 3
ROUND = 4641, SUM = 14170638, bChange = 0.0011462, totNum = 3
ROUND = 4642, SUM = 14170638, bChange = 0.00114621, totNum = 3
ROUND = 4643, SUM = 14170638, bChange = 0.00114621, totNum = 3
ROUND = 4644, SUM = 14170638, bChange = 0.00114622, totNum = 3
ROUND = 4645, SUM = 14170638, bChange = 0.00114622, totNum = 3
ROUND = 4646, SUM = 14170637.9999999, bChange = 0.00114623, totNum = 3
ROUND = 4647, SUM = 14170638, bChange = 0.00114623, totNum = 3
ROUND = 4648, SUM = 14170638, bChange = 0.00114624, totNum = 3
ROUND = 4649, SUM = 14170638, bChange = 0.00114624, totNum = 3
ROUND = 4650, SUM = 14170638, bChange = 0.00114625, totNum = 3
ROUND = 4651, SUM = 14170638, bChange = 0.00114625, totNum = 3
ROUND = 4652, SUM = 14170638, bChange = 0.00114626, totNum = 3
ROUND = 4653, SUM = 14170638, bChange = 0.00114626, totNum = 3
ROUND = 4654, SUM = 14170638, bChange = 0.00114626, totNum = 3
ROUND = 4655, SUM = 14170638, bChange = 0.00114627, totNum = 3
ROUND = 4656, SUM = 14170638, bChange = 0.00114627, totNum = 3
ROUND = 4657, SUM = 14170638, bChange = 0.00114628, totNum = 3
ROUND = 4658, SUM = 14170638, bChange = 0.00114628, totNum = 3
ROUND = 4659, SUM = 14170638, bChange = 0.00114629, totNum = 3
ROUND = 4660, SUM = 14170638, bChange = 0.00114629, totNum = 3
ROUND = 4661, SUM = 14170638, bChange = 0.0011463, totNum = 3
ROUND = 4662, SUM = 14170638, bChange = 0.0011463, totNum = 3
ROUND = 4663, SUM = 14170638, bChange = 0.00114631, totNum = 3
ROUND = 4664, SUM = 14170638, bChange = 0.00114631, totNum = 3
ROUND = 4665, SUM = 14170638, bChange = 0.00114631, totNum = 3
ROUND = 4666, SUM = 14170638, bChange = 0.00114632, totNum = 3
ROUND = 4667, SUM = 14170638, bChange = 0.00114632, totNum = 3
ROUND = 4668, SUM = 14170638, bChange = 0.00114633, totNum = 3
ROUND = 4669, SUM = 14170638, bChange = 0.00114633, totNum = 3
ROUND = 4670, SUM = 14170638, bChange = 0.00114634, totNum = 3
ROUND = 4671, SUM = 14170638, bChange = 0.00114634, totNum = 3
ROUND = 4672, SUM = 14170638, bChange = 0.00114635, totNum = 3
ROUND = 4673, SUM = 14170638, bChange = 0.00114635, totNum = 3
ROUND = 4674, SUM = 14170638, bChange = 0.00114636, totNum = 3
ROUND = 4675, SUM = 14170638, bChange = 0.00114636, totNum = 3
ROUND = 4676, SUM = 14170638, bChange = 0.00114636, totNum = 3
ROUND = 4677, SUM = 14170638, bChange = 0.00114637, totNum = 3
ROUND = 4678, SUM = 14170638, bChange = 0.00114637, totNum = 3
ROUND = 4679, SUM = 14170638, bChange = 0.00114638, totNum = 3
ROUND = 4680, SUM = 14170638, bChange = 0.00114638, totNum = 3
ROUND = 4681, SUM = 14170638, bChange = 0.00114639, totNum = 3
ROUND = 4682, SUM = 14170638, bChange = 0.00114639, totNum = 3
ROUND = 4683, SUM = 14170638, bChange = 0.0011464, totNum = 3
ROUND = 4684, SUM = 14170638, bChange = 0.0011464, totNum = 3
ROUND = 4685, SUM = 14170638, bChange = 0.00114641, totNum = 3
ROUND = 4686, SUM = 14170638, bChange = 0.00114641, totNum = 3
ROUND = 4687, SUM = 14170638, bChange = 0.00114641, totNum = 3
ROUND = 4688, SUM = 14170638, bChange = 0.00114642, totNum = 3
ROUND = 4689, SUM = 14170638, bChange = 0.00114642, totNum = 3
ROUND = 4690, SUM = 14170638, bChange = 0.00114643, totNum = 3
ROUND = 4691, SUM = 14170637.9999999, bChange = 0.00114643, totNum = 3
ROUND = 4692, SUM = 14170638, bChange = 0.00114644, totNum = 3
ROUND = 4693, SUM = 14170638, bChange = 0.00114644, totNum = 3
ROUND = 4694, SUM = 14170638, bChange = 0.00114644, totNum = 3
ROUND = 4695, SUM = 14170638, bChange = 0.00114645, totNum = 3
ROUND = 4696, SUM = 14170638, bChange = 0.00114645, totNum = 3
ROUND = 4697, SUM = 14170638, bChange = 0.00114646, totNum = 3
ROUND = 4698, SUM = 14170638, bChange = 0.00114646, totNum = 3
ROUND = 4699, SUM = 14170638, bChange = 0.00114647, totNum = 3
ROUND = 4700, SUM = 14170638, bChange = 0.00114647, totNum = 3
ROUND = 4701, SUM = 14170638, bChange = 0.00114648, totNum = 3
ROUND = 4702, SUM = 14170638, bChange = 0.00114648, totNum = 3
ROUND = 4703, SUM = 14170638, bChange = 0.00114648, totNum = 3
ROUND = 4704, SUM = 14170638, bChange = 0.00114649, totNum = 3
ROUND = 4705, SUM = 14170638, bChange = 0.00114649, totNum = 3
ROUND = 4706, SUM = 14170638, bChange = 0.0011465, totNum = 3
ROUND = 4707, SUM = 14170638, bChange = 0.0011465, totNum = 3
ROUND = 4708, SUM = 14170638, bChange = 0.00114651, totNum = 3
ROUND = 4709, SUM = 14170637.9999999, bChange = 0.00114651, totNum = 3
ROUND = 4710, SUM = 14170638, bChange = 0.00114651, totNum = 3
ROUND = 4711, SUM = 14170638, bChange = 0.00114652, totNum = 3
ROUND = 4712, SUM = 14170638, bChange = 0.00114652, totNum = 3
ROUND = 4713, SUM = 14170638, bChange = 0.00114653, totNum = 3
ROUND = 4714, SUM = 14170638, bChange = 0.00114653, totNum = 3
ROUND = 4715, SUM = 14170638, bChange = 0.00114654, totNum = 3
ROUND = 4716, SUM = 14170637.9999999, bChange = 0.00114654, totNum = 3
ROUND = 4717, SUM = 14170638, bChange = 0.00114654, totNum = 3
ROUND = 4718, SUM = 14170638, bChange = 0.00114655, totNum = 3
ROUND = 4719, SUM = 14170638, bChange = 0.00114655, totNum = 3
ROUND = 4720, SUM = 14170638, bChange = 0.00114656, totNum = 3
ROUND = 4721, SUM = 14170638, bChange = 0.00114656, totNum = 3
ROUND = 4722, SUM = 14170638, bChange = 0.00114657, totNum = 3
ROUND = 4723, SUM = 14170638, bChange = 0.00114657, totNum = 3
ROUND = 4724, SUM = 14170637.9999999, bChange = 0.00114657, totNum = 3
ROUND = 4725, SUM = 14170638, bChange = 0.00114658, totNum = 3
ROUND = 4726, SUM = 14170638, bChange = 0.00114658, totNum = 3
ROUND = 4727, SUM = 14170638, bChange = 0.00114659, totNum = 3
ROUND = 4728, SUM = 14170638, bChange = 0.00114659, totNum = 3
ROUND = 4729, SUM = 14170638, bChange = 0.0011466, totNum = 3
ROUND = 4730, SUM = 14170638, bChange = 0.0011466, totNum = 3
ROUND = 4731, SUM = 14170638, bChange = 0.0011466, totNum = 3
ROUND = 4732, SUM = 14170637.9999999, bChange = 0.00114661, totNum = 3
ROUND = 4733, SUM = 14170638, bChange = 0.00114661, totNum = 3
ROUND = 4734, SUM = 14170638, bChange = 0.00114662, totNum = 3
ROUND = 4735, SUM = 14170638, bChange = 0.00114662, totNum = 3
ROUND = 4736, SUM = 14170638, bChange = 0.00114663, totNum = 3
ROUND = 4737, SUM = 14170638, bChange = 0.00114663, totNum = 3
ROUND = 4738, SUM = 14170638, bChange = 0.00114663, totNum = 3
ROUND = 4739, SUM = 14170638, bChange = 0.00114664, totNum = 3
ROUND = 4740, SUM = 14170638, bChange = 0.00114664, totNum = 3
ROUND = 4741, SUM = 14170638, bChange = 0.00114665, totNum = 3
ROUND = 4742, SUM = 14170638, bChange = 0.00114665, totNum = 3
ROUND = 4743, SUM = 14170638, bChange = 0.00114665, totNum = 3
ROUND = 4744, SUM = 14170638, bChange = 0.00114666, totNum = 3
ROUND = 4745, SUM = 14170638, bChange = 0.00114666, totNum = 3
ROUND = 4746, SUM = 14170638, bChange = 0.00114667, totNum = 3
ROUND = 4747, SUM = 14170638, bChange = 0.00114667, totNum = 3
ROUND = 4748, SUM = 14170638, bChange = 0.00114668, totNum = 3
ROUND = 4749, SUM = 14170638, bChange = 0.00114668, totNum = 3
ROUND = 4750, SUM = 14170638, bChange = 0.00114668, totNum = 3
ROUND = 4751, SUM = 14170638, bChange = 0.00114669, totNum = 3
ROUND = 4752, SUM = 14170638, bChange = 0.00114669, totNum = 3
ROUND = 4753, SUM = 14170638, bChange = 0.0011467, totNum = 3
ROUND = 4754, SUM = 14170638, bChange = 0.0011467, totNum = 3
ROUND = 4755, SUM = 14170638, bChange = 0.0011467, totNum = 3
ROUND = 4756, SUM = 14170638, bChange = 0.00114671, totNum = 3
ROUND = 4757, SUM = 14170638, bChange = 0.00114671, totNum = 3
ROUND = 4758, SUM = 14170638, bChange = 0.00114672, totNum = 3
ROUND = 4759, SUM = 14170638, bChange = 0.00114672, totNum = 3
ROUND = 4760, SUM = 14170638, bChange = 0.00114673, totNum = 3
ROUND = 4761, SUM = 14170638, bChange = 0.00114673, totNum = 3
ROUND = 4762, SUM = 14170638, bChange = 0.00114673, totNum = 3
ROUND = 4763, SUM = 14170638, bChange = 0.00114674, totNum = 3
ROUND = 4764, SUM = 14170637.9999999, bChange = 0.00114674, totNum = 3
ROUND = 4765, SUM = 14170638, bChange = 0.00114675, totNum = 3
ROUND = 4766, SUM = 14170638, bChange = 0.00114675, totNum = 3
ROUND = 4767, SUM = 14170638, bChange = 0.00114675, totNum = 3
ROUND = 4768, SUM = 14170638, bChange = 0.00114676, totNum = 3
ROUND = 4769, SUM = 14170637.9999999, bChange = 0.00114676, totNum = 3
ROUND = 4770, SUM = 14170638, bChange = 0.00114677, totNum = 3
ROUND = 4771, SUM = 14170637.9999999, bChange = 0.00114677, totNum = 3
ROUND = 4772, SUM = 14170637.9999999, bChange = 0.00114677, totNum = 3
ROUND = 4773, SUM = 14170638, bChange = 0.00114678, totNum = 3
ROUND = 4774, SUM = 14170637.9999999, bChange = 0.00114678, totNum = 3
ROUND = 4775, SUM = 14170638, bChange = 0.00114679, totNum = 3
ROUND = 4776, SUM = 14170637.9999999, bChange = 0.00114679, totNum = 3
ROUND = 4777, SUM = 14170638, bChange = 0.00114679, totNum = 3
ROUND = 4778, SUM = 14170638, bChange = 0.0011468, totNum = 3
ROUND = 4779, SUM = 14170638, bChange = 0.0011468, totNum = 3
ROUND = 4780, SUM = 14170638, bChange = 0.00114681, totNum = 3
ROUND = 4781, SUM = 14170638, bChange = 0.00114681, totNum = 3
ROUND = 4782, SUM = 14170638, bChange = 0.00114681, totNum = 3
ROUND = 4783, SUM = 14170638, bChange = 0.00114682, totNum = 3
ROUND = 4784, SUM = 14170637.9999999, bChange = 0.00114682, totNum = 3
ROUND = 4785, SUM = 14170638, bChange = 0.00114683, totNum = 3
ROUND = 4786, SUM = 14170638, bChange = 0.00114683, totNum = 3
ROUND = 4787, SUM = 14170638, bChange = 0.00114683, totNum = 3
ROUND = 4788, SUM = 14170638, bChange = 0.00114684, totNum = 3
ROUND = 4789, SUM = 14170638, bChange = 0.00114684, totNum = 3
ROUND = 4790, SUM = 14170638, bChange = 0.00114685, totNum = 3
ROUND = 4791, SUM = 14170637.9999999, bChange = 0.00114685, totNum = 3
ROUND = 4792, SUM = 14170638, bChange = 0.00114685, totNum = 3
ROUND = 4793, SUM = 14170638, bChange = 0.00114686, totNum = 3
ROUND = 4794, SUM = 14170638, bChange = 0.00114686, totNum = 3
ROUND = 4795, SUM = 14170638, bChange = 0.00114687, totNum = 3
ROUND = 4796, SUM = 14170637.9999999, bChange = 0.00114687, totNum = 3
ROUND = 4797, SUM = 14170638, bChange = 0.00114687, totNum = 3
ROUND = 4798, SUM = 14170638, bChange = 0.00114688, totNum = 3
ROUND = 4799, SUM = 14170638, bChange = 0.00114688, totNum = 3
ROUND = 4800, SUM = 14170638, bChange = 0.00114688, totNum = 3
ROUND = 4801, SUM = 14170638, bChange = 0.00114689, totNum = 3
ROUND = 4802, SUM = 14170638, bChange = 0.00114689, totNum = 3
ROUND = 4803, SUM = 14170637.9999999, bChange = 0.0011469, totNum = 3
ROUND = 4804, SUM = 14170638, bChange = 0.0011469, totNum = 3
ROUND = 4805, SUM = 14170638, bChange = 0.0011469, totNum = 3
ROUND = 4806, SUM = 14170638, bChange = 0.00114691, totNum = 3
ROUND = 4807, SUM = 14170638, bChange = 0.00114691, totNum = 3
ROUND = 4808, SUM = 14170638, bChange = 0.00114692, totNum = 3
ROUND = 4809, SUM = 14170638, bChange = 0.00114692, totNum = 3
ROUND = 4810, SUM = 14170638, bChange = 0.00114692, totNum = 3
ROUND = 4811, SUM = 14170638, bChange = 0.00114693, totNum = 3
ROUND = 4812, SUM = 14170638, bChange = 0.00114693, totNum = 3
ROUND = 4813, SUM = 14170638, bChange = 0.00114694, totNum = 3
ROUND = 4814, SUM = 14170638, bChange = 0.00114694, totNum = 3
ROUND = 4815, SUM = 14170638, bChange = 0.00114694, totNum = 3
ROUND = 4816, SUM = 14170638, bChange = 0.00114695, totNum = 3
ROUND = 4817, SUM = 14170638, bChange = 0.00114695, totNum = 3
ROUND = 4818, SUM = 14170638, bChange = 0.00114695, totNum = 3
ROUND = 4819, SUM = 14170638, bChange = 0.00114696, totNum = 3
ROUND = 4820, SUM = 14170638, bChange = 0.00114696, totNum = 3
ROUND = 4821, SUM = 14170638, bChange = 0.00114697, totNum = 3
ROUND = 4822, SUM = 14170638, bChange = 0.00114697, totNum = 3
ROUND = 4823, SUM = 14170638, bChange = 0.00114697, totNum = 3
ROUND = 4824, SUM = 14170638, bChange = 0.00114698, totNum = 3
ROUND = 4825, SUM = 14170638, bChange = 0.00114698, totNum = 3
ROUND = 4826, SUM = 14170638, bChange = 0.00114699, totNum = 3
ROUND = 4827, SUM = 14170638, bChange = 0.00114699, totNum = 3
ROUND = 4828, SUM = 14170638, bChange = 0.00114699, totNum = 3
ROUND = 4829, SUM = 14170638, bChange = 0.001147, totNum = 3
ROUND = 4830, SUM = 14170638, bChange = 0.001147, totNum = 3
ROUND = 4831, SUM = 14170638, bChange = 0.001147, totNum = 3
ROUND = 4832, SUM = 14170637.9999999, bChange = 0.00114701, totNum = 3
ROUND = 4833, SUM = 14170638, bChange = 0.00114701, totNum = 3
ROUND = 4834, SUM = 14170638, bChange = 0.00114702, totNum = 3
ROUND = 4835, SUM = 14170638, bChange = 0.00114702, totNum = 3
ROUND = 4836, SUM = 14170638, bChange = 0.00114702, totNum = 3
ROUND = 4837, SUM = 14170638, bChange = 0.00114703, totNum = 3
ROUND = 4838, SUM = 14170638, bChange = 0.00114703, totNum = 3
ROUND = 4839, SUM = 14170638, bChange = 0.00114703, totNum = 3
ROUND = 4840, SUM = 14170638, bChange = 0.00114704, totNum = 3
ROUND = 4841, SUM = 14170638, bChange = 0.00114704, totNum = 3
ROUND = 4842, SUM = 14170638, bChange = 0.00114705, totNum = 3
ROUND = 4843, SUM = 14170638, bChange = 0.00114705, totNum = 3
ROUND = 4844, SUM = 14170638, bChange = 0.00114705, totNum = 3
ROUND = 4845, SUM = 14170637.9999999, bChange = 0.00114706, totNum = 3
ROUND = 4846, SUM = 14170638, bChange = 0.00114706, totNum = 3
ROUND = 4847, SUM = 14170638, bChange = 0.00114706, totNum = 3
ROUND = 4848, SUM = 14170638, bChange = 0.00114707, totNum = 3
ROUND = 4849, SUM = 14170638, bChange = 0.00114707, totNum = 3
ROUND = 4850, SUM = 14170638, bChange = 0.00114707, totNum = 3
ROUND = 4851, SUM = 14170638, bChange = 0.00114708, totNum = 3
ROUND = 4852, SUM = 14170638, bChange = 0.00114708, totNum = 3
ROUND = 4853, SUM = 14170637.9999999, bChange = 0.00114709, totNum = 3
ROUND = 4854, SUM = 14170638, bChange = 0.00114709, totNum = 3
ROUND = 4855, SUM = 14170638, bChange = 0.00114709, totNum = 3
ROUND = 4856, SUM = 14170638, bChange = 0.0011471, totNum = 3
ROUND = 4857, SUM = 14170638, bChange = 0.0011471, totNum = 3
ROUND = 4858, SUM = 14170638, bChange = 0.0011471, totNum = 3
ROUND = 4859, SUM = 14170637.9999999, bChange = 0.00114711, totNum = 3
ROUND = 4860, SUM = 14170637.9999999, bChange = 0.00114711, totNum = 3
ROUND = 4861, SUM = 14170638, bChange = 0.00114712, totNum = 3
ROUND = 4862, SUM = 14170638, bChange = 0.00114712, totNum = 3
ROUND = 4863, SUM = 14170638, bChange = 0.00114712, totNum = 3
ROUND = 4864, SUM = 14170638, bChange = 0.00114713, totNum = 3
ROUND = 4865, SUM = 14170638, bChange = 0.00114713, totNum = 3
ROUND = 4866, SUM = 14170638, bChange = 0.00114713, totNum = 3
ROUND = 4867, SUM = 14170638, bChange = 0.00114714, totNum = 3
ROUND = 4868, SUM = 14170638, bChange = 0.00114714, totNum = 3
ROUND = 4869, SUM = 14170638, bChange = 0.00114714, totNum = 3
ROUND = 4870, SUM = 14170638, bChange = 0.00114715, totNum = 3
ROUND = 4871, SUM = 14170638, bChange = 0.00114715, totNum = 3
ROUND = 4872, SUM = 14170638, bChange = 0.00114715, totNum = 3
ROUND = 4873, SUM = 14170638, bChange = 0.00114716, totNum = 3
ROUND = 4874, SUM = 14170638, bChange = 0.00114716, totNum = 3
ROUND = 4875, SUM = 14170638, bChange = 0.00114717, totNum = 3
ROUND = 4876, SUM = 14170638, bChange = 0.00114717, totNum = 3
ROUND = 4877, SUM = 14170638, bChange = 0.00114717, totNum = 3
ROUND = 4878, SUM = 14170638, bChange = 0.00114718, totNum = 3
ROUND = 4879, SUM = 14170638, bChange = 0.00114718, totNum = 3
ROUND = 4880, SUM = 14170638, bChange = 0.00114718, totNum = 3
ROUND = 4881, SUM = 14170638, bChange = 0.00114719, totNum = 3
ROUND = 4882, SUM = 14170638, bChange = 0.00114719, totNum = 3
ROUND = 4883, SUM = 14170638, bChange = 0.00114719, totNum = 3
ROUND = 4884, SUM = 14170638, bChange = 0.0011472, totNum = 3
ROUND = 4885, SUM = 14170638, bChange = 0.0011472, totNum = 3
ROUND = 4886, SUM = 14170638, bChange = 0.0011472, totNum = 3
ROUND = 4887, SUM = 14170638, bChange = 0.00114721, totNum = 3
ROUND = 4888, SUM = 14170637.9999999, bChange = 0.00114721, totNum = 3
ROUND = 4889, SUM = 14170638, bChange = 0.00114722, totNum = 3
ROUND = 4890, SUM = 14170638, bChange = 0.00114722, totNum = 3
ROUND = 4891, SUM = 14170638, bChange = 0.00114722, totNum = 3
ROUND = 4892, SUM = 14170638, bChange = 0.00114723, totNum = 3
ROUND = 4893, SUM = 14170638, bChange = 0.00114723, totNum = 3
ROUND = 4894, SUM = 14170638, bChange = 0.00114723, totNum = 3
ROUND = 4895, SUM = 14170638, bChange = 0.00114724, totNum = 3
ROUND = 4896, SUM = 14170637.9999999, bChange = 0.00114724, totNum = 3
ROUND = 4897, SUM = 14170638, bChange = 0.00114724, totNum = 3
ROUND = 4898, SUM = 14170638, bChange = 0.00114725, totNum = 3
ROUND = 4899, SUM = 14170637.9999999, bChange = 0.00114725, totNum = 3
ROUND = 4900, SUM = 14170638, bChange = 0.00114725, totNum = 3
ROUND = 4901, SUM = 14170637.9999999, bChange = 0.00114726, totNum = 3
ROUND = 4902, SUM = 14170638, bChange = 0.00114726, totNum = 3
ROUND = 4903, SUM = 14170638, bChange = 0.00114726, totNum = 3
ROUND = 4904, SUM = 14170638, bChange = 0.00114727, totNum = 3
ROUND = 4905, SUM = 14170638, bChange = 0.00114727, totNum = 3
ROUND = 4906, SUM = 14170638, bChange = 0.00114727, totNum = 3
ROUND = 4907, SUM = 14170638, bChange = 0.00114728, totNum = 3
ROUND = 4908, SUM = 14170637.9999999, bChange = 0.00106391, totNum = 2
ROUND = 4909, SUM = 14170638, bChange = 0.0010639, totNum = 2
ROUND = 4910, SUM = 14170638, bChange = 0.0010639, totNum = 2
ROUND = 4911, SUM = 14170638, bChange = 0.0010639, totNum = 2
ROUND = 4912, SUM = 14170638, bChange = 0.0010639, totNum = 2
ROUND = 4913, SUM = 14170638, bChange = 0.0010639, totNum = 2
ROUND = 4914, SUM = 14170638, bChange = 0.0010639, totNum = 2
ROUND = 4915, SUM = 14170638, bChange = 0.0010639, totNum = 2
ROUND = 4916, SUM = 14170638, bChange = 0.0010639, totNum = 2
ROUND = 4917, SUM = 14170638, bChange = 0.0010639, totNum = 2
ROUND = 4918, SUM = 14170638, bChange = 0.0010639, totNum = 2
ROUND = 4919, SUM = 14170638, bChange = 0.0010639, totNum = 2
ROUND = 4920, SUM = 14170638, bChange = 0.0010639, totNum = 2
ROUND = 4921, SUM = 14170638, bChange = 0.0010639, totNum = 2
ROUND = 4922, SUM = 14170638, bChange = 0.0010639, totNum = 2
ROUND = 4923, SUM = 14170638, bChange = 0.0010639, totNum = 2
ROUND = 4924, SUM = 14170638, bChange = 0.0010639, totNum = 2
ROUND = 4925, SUM = 14170638, bChange = 0.0010639, totNum = 2
ROUND = 4926, SUM = 14170638, bChange = 0.0010639, totNum = 2
ROUND = 4927, SUM = 14170638, bChange = 0.0010639, totNum = 2
ROUND = 4928, SUM = 14170638, bChange = 0.0010639, totNum = 2
ROUND = 4929, SUM = 14170637.9999999, bChange = 0.0010639, totNum = 2
ROUND = 4930, SUM = 14170638, bChange = 0.0010639, totNum = 2
ROUND = 4931, SUM = 14170638, bChange = 0.0010639, totNum = 2
ROUND = 4932, SUM = 14170638, bChange = 0.0010639, totNum = 2
ROUND = 4933, SUM = 14170638, bChange = 0.0010639, totNum = 2
ROUND = 4934, SUM = 14170638, bChange = 0.0010639, totNum = 2
ROUND = 4935, SUM = 14170638, bChange = 0.0010639, totNum = 2
ROUND = 4936, SUM = 14170638, bChange = 0.0010639, totNum = 2
ROUND = 4937, SUM = 14170638, bChange = 0.0010639, totNum = 2
ROUND = 4938, SUM = 14170638, bChange = 0.00106389, totNum = 2
ROUND = 4939, SUM = 14170638, bChange = 0.00106389, totNum = 2
ROUND = 4940, SUM = 14170638, bChange = 0.00106389, totNum = 2
ROUND = 4941, SUM = 14170638, bChange = 0.00106389, totNum = 2
ROUND = 4942, SUM = 14170638, bChange = 0.00106389, totNum = 2
ROUND = 4943, SUM = 14170638, bChange = 0.00106389, totNum = 2
ROUND = 4944, SUM = 14170638, bChange = 0.00106389, totNum = 2
ROUND = 4945, SUM = 14170638, bChange = 0.00106389, totNum = 2
ROUND = 4946, SUM = 14170638, bChange = 0.00106389, totNum = 2
ROUND = 4947, SUM = 14170638, bChange = 0.00106389, totNum = 2
ROUND = 4948, SUM = 14170638, bChange = 0.00106389, totNum = 2
ROUND = 4949, SUM = 14170638, bChange = 0.00106389, totNum = 2
ROUND = 4950, SUM = 14170638, bChange = 0.00106389, totNum = 2
ROUND = 4951, SUM = 14170638, bChange = 0.00106389, totNum = 2
ROUND = 4952, SUM = 14170638, bChange = 0.00106389, totNum = 2
ROUND = 4953, SUM = 14170638, bChange = 0.00106389, totNum = 2
ROUND = 4954, SUM = 14170638, bChange = 0.00106389, totNum = 2
ROUND = 4955, SUM = 14170638, bChange = 0.00106389, totNum = 2
ROUND = 4956, SUM = 14170638, bChange = 0.00106389, totNum = 2
ROUND = 4957, SUM = 14170638, bChange = 0.00106389, totNum = 2
ROUND = 4958, SUM = 14170638, bChange = 0.00106389, totNum = 2
ROUND = 4959, SUM = 14170638, bChange = 0.00106389, totNum = 2
ROUND = 4960, SUM = 14170638, bChange = 0.00106389, totNum = 2
ROUND = 4961, SUM = 14170638, bChange = 0.00106389, totNum = 2
ROUND = 4962, SUM = 14170638, bChange = 0.00106389, totNum = 2
ROUND = 4963, SUM = 14170638, bChange = 0.00106389, totNum = 2
ROUND = 4964, SUM = 14170638, bChange = 0.00106389, totNum = 2
ROUND = 4965, SUM = 14170638, bChange = 0.00106389, totNum = 2
ROUND = 4966, SUM = 14170638, bChange = 0.00106389, totNum = 2
ROUND = 4967, SUM = 14170638, bChange = 0.00106389, totNum = 2
ROUND = 4968, SUM = 14170638, bChange = 0.00106388, totNum = 2
ROUND = 4969, SUM = 14170638, bChange = 0.00106388, totNum = 2
ROUND = 4970, SUM = 14170638, bChange = 0.00106388, totNum = 2
ROUND = 4971, SUM = 14170638, bChange = 0.00106388, totNum = 2
ROUND = 4972, SUM = 14170638, bChange = 0.00106388, totNum = 2
ROUND = 4973, SUM = 14170638, bChange = 0.00106388, totNum = 2
ROUND = 4974, SUM = 14170638, bChange = 0.00106388, totNum = 2
ROUND = 4975, SUM = 14170638, bChange = 0.00106388, totNum = 2
ROUND = 4976, SUM = 14170638, bChange = 0.00106388, totNum = 2
ROUND = 4977, SUM = 14170638, bChange = 0.00106388, totNum = 2
ROUND = 4978, SUM = 14170638, bChange = 0.00106388, totNum = 2
ROUND = 4979, SUM = 14170638, bChange = 0.00106388, totNum = 2
ROUND = 4980, SUM = 14170638, bChange = 0.00106388, totNum = 2
ROUND = 4981, SUM = 14170638, bChange = 0.00106388, totNum = 2
ROUND = 4982, SUM = 14170638, bChange = 0.00106388, totNum = 2
ROUND = 4983, SUM = 14170638, bChange = 0.00106388, totNum = 2
ROUND = 4984, SUM = 14170638, bChange = 0.00106388, totNum = 2
ROUND = 4985, SUM = 14170638, bChange = 0.00106388, totNum = 2
ROUND = 4986, SUM = 14170638, bChange = 0.00106388, totNum = 2
ROUND = 4987, SUM = 14170638, bChange = 0.00106388, totNum = 2
ROUND = 4988, SUM = 14170638, bChange = 0.00106388, totNum = 2
ROUND = 4989, SUM = 14170638, bChange = 0.00106388, totNum = 2
ROUND = 4990, SUM = 14170638, bChange = 0.00106388, totNum = 2
ROUND = 4991, SUM = 14170638, bChange = 0.00106388, totNum = 2
ROUND = 4992, SUM = 14170638, bChange = 0.00106388, totNum = 2
ROUND = 4993, SUM = 14170638, bChange = 0.00106388, totNum = 2
ROUND = 4994, SUM = 14170638, bChange = 0.00106388, totNum = 2
ROUND = 4995, SUM = 14170638, bChange = 0.00106388, totNum = 2
ROUND = 4996, SUM = 14170638, bChange = 0.00106388, totNum = 2
ROUND = 4997, SUM = 14170638, bChange = 0.00106388, totNum = 2
ROUND = 4998, SUM = 14170638, bChange = 0.00106388, totNum = 2
ROUND = 4999, SUM = 14170638, bChange = 0.00106388, totNum = 2
ROUND = 5000, SUM = 14170638, bChange = 0.00106387, totNum = 2
ROUND = 5001, SUM = 14170638, bChange = 0.00106387, totNum = 2
ROUND = 5002, SUM = 14170638, bChange = 0.00106387, totNum = 2
ROUND = 5003, SUM = 14170638, bChange = 0.00106387, totNum = 2
ROUND = 5004, SUM = 14170638, bChange = 0.00106387, totNum = 2
ROUND = 5005, SUM = 14170638, bChange = 0.00106387, totNum = 2
ROUND = 5006, SUM = 14170638, bChange = 0.00106387, totNum = 2
ROUND = 5007, SUM = 14170638, bChange = 0.00106387, totNum = 2
ROUND = 5008, SUM = 14170638, bChange = 0.00106387, totNum = 2
ROUND = 5009, SUM = 14170638, bChange = 0.00106387, totNum = 2
ROUND = 5010, SUM = 14170638, bChange = 0.00106387, totNum = 2
ROUND = 5011, SUM = 14170638, bChange = 0.00106387, totNum = 2
ROUND = 5012, SUM = 14170638, bChange = 0.00106387, totNum = 2
ROUND = 5013, SUM = 14170638, bChange = 0.00106387, totNum = 2
ROUND = 5014, SUM = 14170638, bChange = 0.00106387, totNum = 2
ROUND = 5015, SUM = 14170638, bChange = 0.00106387, totNum = 2
ROUND = 5016, SUM = 14170638, bChange = 0.00106387, totNum = 2
ROUND = 5017, SUM = 14170638, bChange = 0.00106387, totNum = 2
ROUND = 5018, SUM = 14170638, bChange = 0.00106387, totNum = 2
ROUND = 5019, SUM = 14170638, bChange = 0.00106387, totNum = 2
ROUND = 5020, SUM = 14170638, bChange = 0.00106387, totNum = 2
ROUND = 5021, SUM = 14170638, bChange = 0.00106387, totNum = 2
ROUND = 5022, SUM = 14170638, bChange = 0.00106387, totNum = 2
ROUND = 5023, SUM = 14170638, bChange = 0.00106387, totNum = 2
ROUND = 5024, SUM = 14170638, bChange = 0.00106387, totNum = 2
ROUND = 5025, SUM = 14170638, bChange = 0.00106387, totNum = 2
ROUND = 5026, SUM = 14170638, bChange = 0.00106387, totNum = 2
ROUND = 5027, SUM = 14170638, bChange = 0.00106387, totNum = 2
ROUND = 5028, SUM = 14170638, bChange = 0.00106387, totNum = 2
ROUND = 5029, SUM = 14170638, bChange = 0.00106387, totNum = 2
ROUND = 5030, SUM = 14170638, bChange = 0.00106387, totNum = 2
ROUND = 5031, SUM = 14170638, bChange = 0.00106387, totNum = 2
ROUND = 5032, SUM = 14170638, bChange = 0.00106386, totNum = 2
ROUND = 5033, SUM = 14170638, bChange = 0.00106386, totNum = 2
ROUND = 5034, SUM = 14170638, bChange = 0.00106386, totNum = 2
ROUND = 5035, SUM = 14170638, bChange = 0.00106386, totNum = 2
ROUND = 5036, SUM = 14170638, bChange = 0.00106386, totNum = 2
ROUND = 5037, SUM = 14170638, bChange = 0.00106386, totNum = 2
ROUND = 5038, SUM = 14170637.9999999, bChange = 0.00106386, totNum = 2
ROUND = 5039, SUM = 14170638, bChange = 0.00106386, totNum = 2
ROUND = 5040, SUM = 14170638, bChange = 0.00106386, totNum = 2
ROUND = 5041, SUM = 14170638, bChange = 0.00106386, totNum = 2
ROUND = 5042, SUM = 14170638, bChange = 0.00106386, totNum = 2
ROUND = 5043, SUM = 14170638, bChange = 0.00106386, totNum = 2
ROUND = 5044, SUM = 14170638, bChange = 0.00106386, totNum = 2
ROUND = 5045, SUM = 14170638, bChange = 0.00106386, totNum = 2
ROUND = 5046, SUM = 14170638, bChange = 0.00106386, totNum = 2
ROUND = 5047, SUM = 14170638, bChange = 0.00106386, totNum = 2
ROUND = 5048, SUM = 14170638, bChange = 0.00106386, totNum = 2
ROUND = 5049, SUM = 14170638, bChange = 0.00106386, totNum = 2
ROUND = 5050, SUM = 14170638, bChange = 0.00106386, totNum = 2
ROUND = 5051, SUM = 14170638, bChange = 0.00106386, totNum = 2
ROUND = 5052, SUM = 14170638, bChange = 0.00106386, totNum = 2
ROUND = 5053, SUM = 14170638, bChange = 0.00106386, totNum = 2
ROUND = 5054, SUM = 14170638, bChange = 0.00106386, totNum = 2
ROUND = 5055, SUM = 14170638, bChange = 0.00106386, totNum = 2
ROUND = 5056, SUM = 14170638, bChange = 0.00106386, totNum = 2
ROUND = 5057, SUM = 14170638, bChange = 0.00106386, totNum = 2
ROUND = 5058, SUM = 14170638, bChange = 0.00106386, totNum = 2
ROUND = 5059, SUM = 14170638, bChange = 0.00106386, totNum = 2
ROUND = 5060, SUM = 14170638, bChange = 0.00106386, totNum = 2
ROUND = 5061, SUM = 14170638, bChange = 0.00106386, totNum = 2
ROUND = 5062, SUM = 14170638, bChange = 0.00106386, totNum = 2
ROUND = 5063, SUM = 14170638, bChange = 0.00106386, totNum = 2
ROUND = 5064, SUM = 14170638, bChange = 0.00106386, totNum = 2
ROUND = 5065, SUM = 14170638, bChange = 0.00106386, totNum = 2
ROUND = 5066, SUM = 14170638, bChange = 0.00106385, totNum = 2
ROUND = 5067, SUM = 14170637.9999999, bChange = 0.00106385, totNum = 2
ROUND = 5068, SUM = 14170638, bChange = 0.00106385, totNum = 2
ROUND = 5069, SUM = 14170638, bChange = 0.00106385, totNum = 2
ROUND = 5070, SUM = 14170638, bChange = 0.00106385, totNum = 2
ROUND = 5071, SUM = 14170638, bChange = 0.00106385, totNum = 2
ROUND = 5072, SUM = 14170638, bChange = 0.00106385, totNum = 2
ROUND = 5073, SUM = 14170638, bChange = 0.00106385, totNum = 2
ROUND = 5074, SUM = 14170638, bChange = 0.00106385, totNum = 2
ROUND = 5075, SUM = 14170638, bChange = 0.00106385, totNum = 2
ROUND = 5076, SUM = 14170638, bChange = 0.00106385, totNum = 2
ROUND = 5077, SUM = 14170638, bChange = 0.00106385, totNum = 2
ROUND = 5078, SUM = 14170638, bChange = 0.00106385, totNum = 2
ROUND = 5079, SUM = 14170638, bChange = 0.00106385, totNum = 2
ROUND = 5080, SUM = 14170638, bChange = 0.00106385, totNum = 2
ROUND = 5081, SUM = 14170637.9999999, bChange = 0.00106385, totNum = 2
ROUND = 5082, SUM = 14170638, bChange = 0.00106385, totNum = 2
ROUND = 5083, SUM = 14170638, bChange = 0.00106385, totNum = 2
ROUND = 5084, SUM = 14170638, bChange = 0.00106385, totNum = 2
ROUND = 5085, SUM = 14170638, bChange = 0.00106385, totNum = 2
ROUND = 5086, SUM = 14170638, bChange = 0.00106385, totNum = 2
ROUND = 5087, SUM = 14170638, bChange = 0.00106385, totNum = 2
ROUND = 5088, SUM = 14170638, bChange = 0.00106385, totNum = 2
ROUND = 5089, SUM = 14170638, bChange = 0.00106385, totNum = 2
ROUND = 5090, SUM = 14170638, bChange = 0.00106385, totNum = 2
ROUND = 5091, SUM = 14170638, bChange = 0.00106385, totNum = 2
ROUND = 5092, SUM = 14170638, bChange = 0.00106385, totNum = 2
ROUND = 5093, SUM = 14170638, bChange = 0.00106385, totNum = 2
ROUND = 5094, SUM = 14170638, bChange = 0.00106385, totNum = 2
ROUND = 5095, SUM = 14170638, bChange = 0.00106385, totNum = 2
ROUND = 5096, SUM = 14170638, bChange = 0.00106385, totNum = 2
ROUND = 5097, SUM = 14170638, bChange = 0.00106385, totNum = 2
ROUND = 5098, SUM = 14170638, bChange = 0.00106385, totNum = 2
ROUND = 5099, SUM = 14170638, bChange = 0.00106385, totNum = 2
ROUND = 5100, SUM = 14170638, bChange = 0.00106384, totNum = 2
ROUND = 5101, SUM = 14170638, bChange = 0.00106384, totNum = 2
ROUND = 5102, SUM = 14170638, bChange = 0.00106384, totNum = 2
ROUND = 5103, SUM = 14170638, bChange = 0.00106384, totNum = 2
ROUND = 5104, SUM = 14170638, bChange = 0.00106384, totNum = 2
ROUND = 5105, SUM = 14170638, bChange = 0.00106384, totNum = 2
ROUND = 5106, SUM = 14170638, bChange = 0.00106384, totNum = 2
ROUND = 5107, SUM = 14170638, bChange = 0.00106384, totNum = 2
ROUND = 5108, SUM = 14170638, bChange = 0.00106384, totNum = 2
ROUND = 5109, SUM = 14170638, bChange = 0.00106384, totNum = 2
ROUND = 5110, SUM = 14170638, bChange = 0.00106384, totNum = 2
ROUND = 5111, SUM = 14170638, bChange = 0.00106384, totNum = 2
ROUND = 5112, SUM = 14170638, bChange = 0.00106384, totNum = 2
ROUND = 5113, SUM = 14170638, bChange = 0.00106384, totNum = 2
ROUND = 5114, SUM = 14170638, bChange = 0.00106384, totNum = 2
ROUND = 5115, SUM = 14170638, bChange = 0.00106384, totNum = 2
ROUND = 5116, SUM = 14170638, bChange = 0.00106384, totNum = 2
ROUND = 5117, SUM = 14170638, bChange = 0.00106384, totNum = 2
ROUND = 5118, SUM = 14170638, bChange = 0.00106384, totNum = 2
ROUND = 5119, SUM = 14170638, bChange = 0.00106384, totNum = 2
ROUND = 5120, SUM = 14170638, bChange = 0.00106384, totNum = 2
ROUND = 5121, SUM = 14170637.9999999, bChange = 0.00106384, totNum = 2
ROUND = 5122, SUM = 14170638, bChange = 0.00106384, totNum = 2
ROUND = 5123, SUM = 14170638, bChange = 0.00106384, totNum = 2
ROUND = 5124, SUM = 14170638, bChange = 0.00106384, totNum = 2
ROUND = 5125, SUM = 14170638, bChange = 0.00106384, totNum = 2
ROUND = 5126, SUM = 14170638, bChange = 0.00106384, totNum = 2
ROUND = 5127, SUM = 14170638, bChange = 0.00106384, totNum = 2
ROUND = 5128, SUM = 14170638, bChange = 0.00106384, totNum = 2
ROUND = 5129, SUM = 14170638, bChange = 0.00106384, totNum = 2
ROUND = 5130, SUM = 14170638, bChange = 0.00106384, totNum = 2
ROUND = 5131, SUM = 14170638, bChange = 0.00106384, totNum = 2
ROUND = 5132, SUM = 14170638, bChange = 0.00106384, totNum = 2
ROUND = 5133, SUM = 14170638, bChange = 0.00106384, totNum = 2
ROUND = 5134, SUM = 14170638, bChange = 0.00106384, totNum = 2
ROUND = 5135, SUM = 14170638, bChange = 0.00106384, totNum = 2
ROUND = 5136, SUM = 14170638, bChange = 0.00106384, totNum = 2
ROUND = 5137, SUM = 14170637.9999999, bChange = 0.00106383, totNum = 2
ROUND = 5138, SUM = 14170638, bChange = 0.00106383, totNum = 2
ROUND = 5139, SUM = 14170638, bChange = 0.00106383, totNum = 2
ROUND = 5140, SUM = 14170638, bChange = 0.00106383, totNum = 2
ROUND = 5141, SUM = 14170638, bChange = 0.00106383, totNum = 2
ROUND = 5142, SUM = 14170638, bChange = 0.00106383, totNum = 2
ROUND = 5143, SUM = 14170638, bChange = 0.00106383, totNum = 2
ROUND = 5144, SUM = 14170638, bChange = 0.00106383, totNum = 2
ROUND = 5145, SUM = 14170637.9999999, bChange = 0.00106383, totNum = 2
ROUND = 5146, SUM = 14170638, bChange = 0.00106383, totNum = 2
ROUND = 5147, SUM = 14170638, bChange = 0.00106383, totNum = 2
ROUND = 5148, SUM = 14170637.9999999, bChange = 0.00106383, totNum = 2
ROUND = 5149, SUM = 14170638, bChange = 0.00106383, totNum = 2
ROUND = 5150, SUM = 14170637.9999999, bChange = 0.00106383, totNum = 2
ROUND = 5151, SUM = 14170637.9999999, bChange = 0.00106383, totNum = 2
ROUND = 5152, SUM = 14170638, bChange = 0.00106383, totNum = 2
ROUND = 5153, SUM = 14170638, bChange = 0.00106383, totNum = 2
ROUND = 5154, SUM = 14170638, bChange = 0.00106383, totNum = 2
ROUND = 5155, SUM = 14170638, bChange = 0.00106383, totNum = 2
ROUND = 5156, SUM = 14170638, bChange = 0.00106383, totNum = 2
ROUND = 5157, SUM = 14170638, bChange = 0.00106383, totNum = 2
ROUND = 5158, SUM = 14170638, bChange = 0.00106383, totNum = 2
ROUND = 5159, SUM = 14170638, bChange = 0.00106383, totNum = 2
ROUND = 5160, SUM = 14170638, bChange = 0.00106383, totNum = 2
ROUND = 5161, SUM = 14170638, bChange = 0.00106383, totNum = 2
ROUND = 5162, SUM = 14170638, bChange = 0.00106383, totNum = 2
ROUND = 5163, SUM = 14170638, bChange = 0.00106383, totNum = 2
ROUND = 5164, SUM = 14170638, bChange = 0.00106383, totNum = 2
ROUND = 5165, SUM = 14170638, bChange = 0.00106383, totNum = 2
ROUND = 5166, SUM = 14170638, bChange = 0.00106383, totNum = 2
ROUND = 5167, SUM = 14170638, bChange = 0.00106383, totNum = 2
ROUND = 5168, SUM = 14170638, bChange = 0.00106383, totNum = 2
ROUND = 5169, SUM = 14170638, bChange = 0.00106383, totNum = 2
ROUND = 5170, SUM = 14170638, bChange = 0.00106383, totNum = 2
ROUND = 5171, SUM = 14170638, bChange = 0.00106383, totNum = 2
ROUND = 5172, SUM = 14170638, bChange = 0.00106383, totNum = 2
ROUND = 5173, SUM = 14170638, bChange = 0.00106383, totNum = 2
ROUND = 5174, SUM = 14170638, bChange = 0.00106382, totNum = 2
ROUND = 5175, SUM = 14170638, bChange = 0.00106382, totNum = 2
ROUND = 5176, SUM = 14170638, bChange = 0.00106382, totNum = 2
ROUND = 5177, SUM = 14170638, bChange = 0.00106382, totNum = 2
ROUND = 5178, SUM = 14170638, bChange = 0.00106382, totNum = 2
ROUND = 5179, SUM = 14170638, bChange = 0.00106382, totNum = 2
ROUND = 5180, SUM = 14170638, bChange = 0.00106382, totNum = 2
ROUND = 5181, SUM = 14170638, bChange = 0.00106382, totNum = 2
ROUND = 5182, SUM = 14170638, bChange = 0.00106382, totNum = 2
ROUND = 5183, SUM = 14170638, bChange = 0.00106382, totNum = 2
ROUND = 5184, SUM = 14170638, bChange = 0.00106382, totNum = 2
ROUND = 5185, SUM = 14170638, bChange = 0.00106382, totNum = 2
ROUND = 5186, SUM = 14170638, bChange = 0.00106382, totNum = 2
ROUND = 5187, SUM = 14170638, bChange = 0.00106382, totNum = 2
ROUND = 5188, SUM = 14170638, bChange = 0.00106382, totNum = 2
ROUND = 5189, SUM = 14170638, bChange = 0.00106382, totNum = 2
ROUND = 5190, SUM = 14170638, bChange = 0.00106382, totNum = 2
ROUND = 5191, SUM = 14170638, bChange = 0.00106382, totNum = 2
ROUND = 5192, SUM = 14170638, bChange = 0.00106382, totNum = 2
ROUND = 5193, SUM = 14170638, bChange = 0.00106382, totNum = 2
ROUND = 5194, SUM = 14170638, bChange = 0.00106382, totNum = 2
ROUND = 5195, SUM = 14170637.9999999, bChange = 0.00106382, totNum = 2
ROUND = 5196, SUM = 14170638, bChange = 0.00106382, totNum = 2
ROUND = 5197, SUM = 14170638, bChange = 0.00106382, totNum = 2
ROUND = 5198, SUM = 14170638, bChange = 0.00106382, totNum = 2
ROUND = 5199, SUM = 14170638, bChange = 0.00106382, totNum = 2
ROUND = 5200, SUM = 14170638, bChange = 0.00106382, totNum = 2
ROUND = 5201, SUM = 14170638, bChange = 0.00106382, totNum = 2
ROUND = 5202, SUM = 14170638, bChange = 0.00106382, totNum = 2
ROUND = 5203, SUM = 14170638, bChange = 0.00106382, totNum = 2
ROUND = 5204, SUM = 14170638, bChange = 0.00106382, totNum = 2
ROUND = 5205, SUM = 14170638, bChange = 0.00106382, totNum = 2
ROUND = 5206, SUM = 14170638, bChange = 0.00106382, totNum = 2
ROUND = 5207, SUM = 14170638, bChange = 0.00106382, totNum = 2
ROUND = 5208, SUM = 14170638, bChange = 0.00106382, totNum = 2
ROUND = 5209, SUM = 14170638, bChange = 0.00106382, totNum = 2
ROUND = 5210, SUM = 14170638, bChange = 0.00106382, totNum = 2
ROUND = 5211, SUM = 14170638, bChange = 0.00106382, totNum = 2
ROUND = 5212, SUM = 14170638, bChange = 0.00106382, totNum = 2
ROUND = 5213, SUM = 14170638, bChange = 0.00106381, totNum = 2
ROUND = 5214, SUM = 14170638, bChange = 0.00106381, totNum = 2
ROUND = 5215, SUM = 14170638, bChange = 0.00106381, totNum = 2
ROUND = 5216, SUM = 14170638, bChange = 0.00106381, totNum = 2
ROUND = 5217, SUM = 14170638, bChange = 0.00106381, totNum = 2
ROUND = 5218, SUM = 14170638, bChange = 0.00106381, totNum = 2
ROUND = 5219, SUM = 14170638, bChange = 0.00106381, totNum = 2
ROUND = 5220, SUM = 14170638, bChange = 0.00106381, totNum = 2
ROUND = 5221, SUM = 14170638, bChange = 0.00106381, totNum = 2
ROUND = 5222, SUM = 14170638, bChange = 0.00106381, totNum = 2
ROUND = 5223, SUM = 14170638, bChange = 0.00106381, totNum = 2
ROUND = 5224, SUM = 14170638, bChange = 0.00106381, totNum = 2
ROUND = 5225, SUM = 14170638, bChange = 0.00106381, totNum = 2
ROUND = 5226, SUM = 14170638, bChange = 0.00106381, totNum = 2
ROUND = 5227, SUM = 14170638, bChange = 0.00106381, totNum = 2
ROUND = 5228, SUM = 14170638, bChange = 0.00106381, totNum = 2
ROUND = 5229, SUM = 14170638, bChange = 0.00106381, totNum = 2
ROUND = 5230, SUM = 14170638, bChange = 0.00106381, totNum = 2
ROUND = 5231, SUM = 14170638, bChange = 0.00106381, totNum = 2
ROUND = 5232, SUM = 14170638, bChange = 0.00106381, totNum = 2
ROUND = 5233, SUM = 14170638, bChange = 0.00106381, totNum = 2
ROUND = 5234, SUM = 14170638, bChange = 0.00106381, totNum = 2
ROUND = 5235, SUM = 14170638, bChange = 0.00106381, totNum = 2
ROUND = 5236, SUM = 14170638, bChange = 0.00106381, totNum = 2
ROUND = 5237, SUM = 14170638, bChange = 0.00106381, totNum = 2
ROUND = 5238, SUM = 14170638, bChange = 0.00106381, totNum = 2
ROUND = 5239, SUM = 14170638, bChange = 0.00106381, totNum = 2
ROUND = 5240, SUM = 14170638, bChange = 0.00106381, totNum = 2
ROUND = 5241, SUM = 14170638, bChange = 0.00106381, totNum = 2
ROUND = 5242, SUM = 14170638, bChange = 0.00106381, totNum = 2
ROUND = 5243, SUM = 14170638, bChange = 0.00106381, totNum = 2
ROUND = 5244, SUM = 14170638, bChange = 0.00106381, totNum = 2
ROUND = 5245, SUM = 14170638, bChange = 0.00106381, totNum = 2
ROUND = 5246, SUM = 14170638, bChange = 0.00106381, totNum = 2
ROUND = 5247, SUM = 14170638, bChange = 0.00106381, totNum = 2
ROUND = 5248, SUM = 14170638, bChange = 0.00106381, totNum = 2
ROUND = 5249, SUM = 14170638, bChange = 0.00106381, totNum = 2
ROUND = 5250, SUM = 14170638, bChange = 0.00106381, totNum = 2
ROUND = 5251, SUM = 14170638, bChange = 0.00106381, totNum = 2
ROUND = 5252, SUM = 14170638, bChange = 0.00106381, totNum = 2
ROUND = 5253, SUM = 14170638, bChange = 0.0010638, totNum = 2
ROUND = 5254, SUM = 14170638, bChange = 0.0010638, totNum = 2
ROUND = 5255, SUM = 14170638, bChange = 0.0010638, totNum = 2
ROUND = 5256, SUM = 14170638, bChange = 0.0010638, totNum = 2
ROUND = 5257, SUM = 14170638, bChange = 0.0010638, totNum = 2
ROUND = 5258, SUM = 14170638, bChange = 0.0010638, totNum = 2
ROUND = 5259, SUM = 14170638, bChange = 0.0010638, totNum = 2
ROUND = 5260, SUM = 14170638, bChange = 0.0010638, totNum = 2
ROUND = 5261, SUM = 14170638, bChange = 0.0010638, totNum = 2
ROUND = 5262, SUM = 14170638, bChange = 0.0010638, totNum = 2
ROUND = 5263, SUM = 14170638, bChange = 0.0010638, totNum = 2
ROUND = 5264, SUM = 14170638, bChange = 0.0010638, totNum = 2
ROUND = 5265, SUM = 14170638, bChange = 0.0010638, totNum = 2
ROUND = 5266, SUM = 14170638, bChange = 0.0010638, totNum = 2
ROUND = 5267, SUM = 14170637.9999999, bChange = 0.0010638, totNum = 2
ROUND = 5268, SUM = 14170638, bChange = 0.0010638, totNum = 2
ROUND = 5269, SUM = 14170638, bChange = 0.0010638, totNum = 2
ROUND = 5270, SUM = 14170638, bChange = 0.0010638, totNum = 2
ROUND = 5271, SUM = 14170638, bChange = 0.0010638, totNum = 2
ROUND = 5272, SUM = 14170638, bChange = 0.0010638, totNum = 2
ROUND = 5273, SUM = 14170638, bChange = 0.0010638, totNum = 2
ROUND = 5274, SUM = 14170638, bChange = 0.0010638, totNum = 2
ROUND = 5275, SUM = 14170637.9999999, bChange = 0.0010638, totNum = 2
ROUND = 5276, SUM = 14170637.9999999, bChange = 0.0010638, totNum = 1
ROUND = 5277, SUM = 14170637.9999999, bChange = 0.0010638, totNum = 1
ROUND = 5278, SUM = 14170638, bChange = 0.0010638, totNum = 1
ROUND = 5279, SUM = 14170638, bChange = 0.0010638, totNum = 1
ROUND = 5280, SUM = 14170638, bChange = 0.0010638, totNum = 1
ROUND = 5281, SUM = 14170638, bChange = 0.0010638, totNum = 1
ROUND = 5282, SUM = 14170638, bChange = 0.0010638, totNum = 1
ROUND = 5283, SUM = 14170638, bChange = 0.0010638, totNum = 1
ROUND = 5284, SUM = 14170638, bChange = 0.0010638, totNum = 1
ROUND = 5285, SUM = 14170638, bChange = 0.0010638, totNum = 1
ROUND = 5286, SUM = 14170638, bChange = 0.0010638, totNum = 1
ROUND = 5287, SUM = 14170638, bChange = 0.0010638, totNum = 1
ROUND = 5288, SUM = 14170638, bChange = 0.0010638, totNum = 1
ROUND = 5289, SUM = 14170638, bChange = 0.0010638, totNum = 1
ROUND = 5290, SUM = 14170638, bChange = 0.0010638, totNum = 1
ROUND = 5291, SUM = 14170638, bChange = 0.0010638, totNum = 1
ROUND = 5292, SUM = 14170638, bChange = 0.0010638, totNum = 1
ROUND = 5293, SUM = 14170638, bChange = 0.0010638, totNum = 1
ROUND = 5294, SUM = 14170638, bChange = 0.0010638, totNum = 1
ROUND = 5295, SUM = 14170638, bChange = 0.0010638, totNum = 1
ROUND = 5296, SUM = 14170638, bChange = 0.00106379, totNum = 1
ROUND = 5297, SUM = 14170638, bChange = 0.00106379, totNum = 1
ROUND = 5298, SUM = 14170638, bChange = 0.00106379, totNum = 1
ROUND = 5299, SUM = 14170638, bChange = 0.00106379, totNum = 1
ROUND = 5300, SUM = 14170638, bChange = 0.00106379, totNum = 1
ROUND = 5301, SUM = 14170638, bChange = 0.00106379, totNum = 1
ROUND = 5302, SUM = 14170638, bChange = 0.00106379, totNum = 1
ROUND = 5303, SUM = 14170638, bChange = 0.00106379, totNum = 1
ROUND = 5304, SUM = 14170638, bChange = 0.00106379, totNum = 1
ROUND = 5305, SUM = 14170638, bChange = 0.00106379, totNum = 1
ROUND = 5306, SUM = 14170638, bChange = 0.00106379, totNum = 1
ROUND = 5307, SUM = 14170638, bChange = 0.00106379, totNum = 1
ROUND = 5308, SUM = 14170638, bChange = 0.00106379, totNum = 1
ROUND = 5309, SUM = 14170638, bChange = 0.00106379, totNum = 1
ROUND = 5310, SUM = 14170638, bChange = 0.00106379, totNum = 1
ROUND = 5311, SUM = 14170638, bChange = 0.00106379, totNum = 1
ROUND = 5312, SUM = 14170638, bChange = 0.00106379, totNum = 1
ROUND = 5313, SUM = 14170638, bChange = 0.00106379, totNum = 1
ROUND = 5314, SUM = 14170638, bChange = 0.00106379, totNum = 1
ROUND = 5315, SUM = 14170638, bChange = 0.00106379, totNum = 1
ROUND = 5316, SUM = 14170638, bChange = 0.00106379, totNum = 1
ROUND = 5317, SUM = 14170638, bChange = 0.00106379, totNum = 1
ROUND = 5318, SUM = 14170638, bChange = 0.00106379, totNum = 1
ROUND = 5319, SUM = 14170638, bChange = 0.00106379, totNum = 1
ROUND = 5320, SUM = 14170638, bChange = 0.00106379, totNum = 1
ROUND = 5321, SUM = 14170638, bChange = 0.00106379, totNum = 1
ROUND = 5322, SUM = 14170638, bChange = 0.00106379, totNum = 1
ROUND = 5323, SUM = 14170638, bChange = 0.00106379, totNum = 1
ROUND = 5324, SUM = 14170638, bChange = 0.00106379, totNum = 1
ROUND = 5325, SUM = 14170638, bChange = 0.00106379, totNum = 1
ROUND = 5326, SUM = 14170638, bChange = 0.00106379, totNum = 1
ROUND = 5327, SUM = 14170638, bChange = 0.00106379, totNum = 1
ROUND = 5328, SUM = 14170638, bChange = 0.00106379, totNum = 1
ROUND = 5329, SUM = 14170637.9999999, bChange = 0.00106379, totNum = 1
ROUND = 5330, SUM = 14170638, bChange = 0.00106379, totNum = 1
ROUND = 5331, SUM = 14170638, bChange = 0.00106379, totNum = 1
ROUND = 5332, SUM = 14170638, bChange = 0.00106379, totNum = 1
ROUND = 5333, SUM = 14170638, bChange = 0.00106379, totNum = 1
ROUND = 5334, SUM = 14170638, bChange = 0.00106379, totNum = 1
ROUND = 5335, SUM = 14170638, bChange = 0.00106379, totNum = 1
ROUND = 5336, SUM = 14170638, bChange = 0.00106379, totNum = 1
ROUND = 5337, SUM = 14170638, bChange = 0.00106379, totNum = 1
ROUND = 5338, SUM = 14170638, bChange = 0.00106379, totNum = 1
ROUND = 5339, SUM = 14170638, bChange = 0.00106379, totNum = 1
ROUND = 5340, SUM = 14170637.9999999, bChange = 0.00106378, totNum = 1
ROUND = 5341, SUM = 14170638, bChange = 0.00106378, totNum = 1
ROUND = 5342, SUM = 14170638, bChange = 0.00106378, totNum = 1
ROUND = 5343, SUM = 14170638, bChange = 0.00106378, totNum = 1
ROUND = 5344, SUM = 14170638, bChange = 0.00106378, totNum = 1
ROUND = 5345, SUM = 14170638, bChange = 0.00106378, totNum = 1
ROUND = 5346, SUM = 14170638, bChange = 0.00106378, totNum = 1
ROUND = 5347, SUM = 14170638, bChange = 0.00106378, totNum = 1
ROUND = 5348, SUM = 14170638, bChange = 0.00106378, totNum = 1
ROUND = 5349, SUM = 14170638, bChange = 0.00106378, totNum = 1
ROUND = 5350, SUM = 14170638, bChange = 0.00106378, totNum = 1
ROUND = 5351, SUM = 14170638, bChange = 0.00106378, totNum = 1
ROUND = 5352, SUM = 14170638, bChange = 0.00106378, totNum = 1
ROUND = 5353, SUM = 14170638, bChange = 0.00106378, totNum = 1
ROUND = 5354, SUM = 14170638, bChange = 0.00106378, totNum = 1
ROUND = 5355, SUM = 14170638, bChange = 0.00106378, totNum = 1
ROUND = 5356, SUM = 14170638, bChange = 0.00106378, totNum = 1
ROUND = 5357, SUM = 14170638, bChange = 0.00106378, totNum = 1
ROUND = 5358, SUM = 14170637.9999999, bChange = 0.00106378, totNum = 1
ROUND = 5359, SUM = 14170637.9999999, bChange = 0.00106378, totNum = 1
ROUND = 5360, SUM = 14170638, bChange = 0.00106378, totNum = 1
ROUND = 5361, SUM = 14170638, bChange = 0.00106378, totNum = 1
ROUND = 5362, SUM = 14170638, bChange = 0.00106378, totNum = 1
ROUND = 5363, SUM = 14170638, bChange = 0.00106378, totNum = 1
ROUND = 5364, SUM = 14170638, bChange = 0.00106378, totNum = 1
ROUND = 5365, SUM = 14170638, bChange = 0.00106378, totNum = 1
ROUND = 5366, SUM = 14170638, bChange = 0.00106378, totNum = 1
ROUND = 5367, SUM = 14170638, bChange = 0.00106378, totNum = 1
ROUND = 5368, SUM = 14170638, bChange = 0.00106378, totNum = 1
ROUND = 5369, SUM = 14170638, bChange = 0.00106378, totNum = 1
ROUND = 5370, SUM = 14170638, bChange = 0.00106378, totNum = 1
ROUND = 5371, SUM = 14170638, bChange = 0.00106378, totNum = 1
ROUND = 5372, SUM = 14170638, bChange = 0.00106378, totNum = 1
ROUND = 5373, SUM = 14170638, bChange = 0.00106378, totNum = 1
ROUND = 5374, SUM = 14170638, bChange = 0.00106378, totNum = 1
ROUND = 5375, SUM = 14170638, bChange = 0.00106378, totNum = 1
ROUND = 5376, SUM = 14170638, bChange = 0.00106378, totNum = 1
ROUND = 5377, SUM = 14170638, bChange = 0.00106378, totNum = 1
ROUND = 5378, SUM = 14170638, bChange = 0.00106378, totNum = 1
ROUND = 5379, SUM = 14170638, bChange = 0.00106378, totNum = 1
ROUND = 5380, SUM = 14170638, bChange = 0.00106378, totNum = 1
ROUND = 5381, SUM = 14170638, bChange = 0.00106378, totNum = 1
ROUND = 5382, SUM = 14170638, bChange = 0.00106378, totNum = 1
ROUND = 5383, SUM = 14170638, bChange = 0.00106378, totNum = 1
ROUND = 5384, SUM = 14170638, bChange = 0.00106378, totNum = 1
ROUND = 5385, SUM = 14170638, bChange = 0.00106378, totNum = 1
ROUND = 5386, SUM = 14170638, bChange = 0.00106377, totNum = 1
ROUND = 5387, SUM = 14170637.9999999, bChange = 0.00106377, totNum = 1
ROUND = 5388, SUM = 14170638, bChange = 0.00106377, totNum = 1
ROUND = 5389, SUM = 14170638, bChange = 0.00106377, totNum = 1
ROUND = 5390, SUM = 14170638, bChange = 0.00106377, totNum = 1
ROUND = 5391, SUM = 14170638, bChange = 0.00106377, totNum = 1
ROUND = 5392, SUM = 14170638, bChange = 0.00106377, totNum = 1
ROUND = 5393, SUM = 14170638, bChange = 0.00106377, totNum = 1
ROUND = 5394, SUM = 14170638, bChange = 0.00106377, totNum = 1
ROUND = 5395, SUM = 14170638, bChange = 0.00106377, totNum = 1
ROUND = 5396, SUM = 14170638, bChange = 0.00106377, totNum = 1
ROUND = 5397, SUM = 14170638, bChange = 0.00106377, totNum = 1
ROUND = 5398, SUM = 14170638, bChange = 0.00106377, totNum = 1
ROUND = 5399, SUM = 14170638, bChange = 0.00106377, totNum = 1
ROUND = 5400, SUM = 14170637.9999999, bChange = 0.00106377, totNum = 1
ROUND = 5401, SUM = 14170638, bChange = 0.00106377, totNum = 1
ROUND = 5402, SUM = 14170638, bChange = 0.00106377, totNum = 1
ROUND = 5403, SUM = 14170638, bChange = 0.00106377, totNum = 1
ROUND = 5404, SUM = 14170638, bChange = 0.00106377, totNum = 1
ROUND = 5405, SUM = 14170638, bChange = 0.00106377, totNum = 1
ROUND = 5406, SUM = 14170638, bChange = 0.00106377, totNum = 1
ROUND = 5407, SUM = 14170638, bChange = 0.00106377, totNum = 1
ROUND = 5408, SUM = 14170638, bChange = 0.00106377, totNum = 1
ROUND = 5409, SUM = 14170638, bChange = 0.00106377, totNum = 1
ROUND = 5410, SUM = 14170638, bChange = 0.00106377, totNum = 1
ROUND = 5411, SUM = 14170638, bChange = 0.00106377, totNum = 1
ROUND = 5412, SUM = 14170638, bChange = 0.00106377, totNum = 1
ROUND = 5413, SUM = 14170638, bChange = 0.00106377, totNum = 1
ROUND = 5414, SUM = 14170638, bChange = 0.00106377, totNum = 1
ROUND = 5415, SUM = 14170638, bChange = 0.00106377, totNum = 1
ROUND = 5416, SUM = 14170638, bChange = 0.00106377, totNum = 1
ROUND = 5417, SUM = 14170638, bChange = 0.00106377, totNum = 1
ROUND = 5418, SUM = 14170638, bChange = 0.00106377, totNum = 1
ROUND = 5419, SUM = 14170638, bChange = 0.00106377, totNum = 1
ROUND = 5420, SUM = 14170638, bChange = 0.00106377, totNum = 1
ROUND = 5421, SUM = 14170638, bChange = 0.00106377, totNum = 1
ROUND = 5422, SUM = 14170638, bChange = 0.00106377, totNum = 1
ROUND = 5423, SUM = 14170637.9999999, bChange = 0.00106377, totNum = 1
ROUND = 5424, SUM = 14170638, bChange = 0.00106377, totNum = 1
ROUND = 5425, SUM = 14170638, bChange = 0.00106377, totNum = 1
ROUND = 5426, SUM = 14170638, bChange = 0.00106377, totNum = 1
ROUND = 5427, SUM = 14170638, bChange = 0.00106377, totNum = 1
ROUND = 5428, SUM = 14170638, bChange = 0.00106377, totNum = 1
ROUND = 5429, SUM = 14170638, bChange = 0.00106377, totNum = 1
ROUND = 5430, SUM = 14170638, bChange = 0.00106377, totNum = 1
ROUND = 5431, SUM = 14170638, bChange = 0.00106377, totNum = 1
ROUND = 5432, SUM = 14170638, bChange = 0.00106377, totNum = 1
ROUND = 5433, SUM = 14170638, bChange = 0.00106377, totNum = 1
ROUND = 5434, SUM = 14170638, bChange = 0.00106377, totNum = 1
ROUND = 5435, SUM = 14170638, bChange = 0.00106376, totNum = 1
ROUND = 5436, SUM = 14170638, bChange = 0.00106376, totNum = 1
ROUND = 5437, SUM = 14170638, bChange = 0.00106376, totNum = 1
ROUND = 5438, SUM = 14170638, bChange = 0.00106376, totNum = 1
ROUND = 5439, SUM = 14170638, bChange = 0.00106376, totNum = 1
ROUND = 5440, SUM = 14170638, bChange = 0.00106376, totNum = 1
ROUND = 5441, SUM = 14170638, bChange = 0.00106376, totNum = 1
ROUND = 5442, SUM = 14170638, bChange = 0.00106376, totNum = 1
ROUND = 5443, SUM = 14170638, bChange = 0.00106376, totNum = 1
ROUND = 5444, SUM = 14170638, bChange = 0.00106376, totNum = 1
ROUND = 5445, SUM = 14170638, bChange = 0.00106376, totNum = 1
ROUND = 5446, SUM = 14170638, bChange = 0.00106376, totNum = 1
ROUND = 5447, SUM = 14170638, bChange = 0.00106376, totNum = 1
ROUND = 5448, SUM = 14170638, bChange = 0.00106376, totNum = 1
ROUND = 5449, SUM = 14170638, bChange = 0.00106376, totNum = 1
ROUND = 5450, SUM = 14170638, bChange = 0.00106376, totNum = 1
ROUND = 5451, SUM = 14170637.9999999, bChange = 0.00106376, totNum = 1
ROUND = 5452, SUM = 14170638, bChange = 0.00106376, totNum = 1
ROUND = 5453, SUM = 14170638, bChange = 0.00106376, totNum = 1
ROUND = 5454, SUM = 14170638, bChange = 0.00106376, totNum = 1
ROUND = 5455, SUM = 14170637.9999999, bChange = 0.00106376, totNum = 1
ROUND = 5456, SUM = 14170638, bChange = 0.00106376, totNum = 1
ROUND = 5457, SUM = 14170638, bChange = 0.00106376, totNum = 1
ROUND = 5458, SUM = 14170638, bChange = 0.00106376, totNum = 1
ROUND = 5459, SUM = 14170638, bChange = 0.00106376, totNum = 1
ROUND = 5460, SUM = 14170638, bChange = 0.00106376, totNum = 1
ROUND = 5461, SUM = 14170638, bChange = 0.00106376, totNum = 1
ROUND = 5462, SUM = 14170638, bChange = 0.00106376, totNum = 1
ROUND = 5463, SUM = 14170638, bChange = 0.00106376, totNum = 1
ROUND = 5464, SUM = 14170638, bChange = 0.00106376, totNum = 1
ROUND = 5465, SUM = 14170638, bChange = 0.00106376, totNum = 1
ROUND = 5466, SUM = 14170638, bChange = 0.00106376, totNum = 1
ROUND = 5467, SUM = 14170637.9999999, bChange = 0.00106376, totNum = 1
ROUND = 5468, SUM = 14170638, bChange = 0.00106376, totNum = 1
ROUND = 5469, SUM = 14170638, bChange = 0.00106376, totNum = 1
ROUND = 5470, SUM = 14170638, bChange = 0.00106376, totNum = 1
ROUND = 5471, SUM = 14170638, bChange = 0.00106376, totNum = 1
ROUND = 5472, SUM = 14170638, bChange = 0.00106376, totNum = 1
ROUND = 5473, SUM = 14170638, bChange = 0.00106376, totNum = 1
ROUND = 5474, SUM = 14170638, bChange = 0.00106376, totNum = 1
ROUND = 5475, SUM = 14170638, bChange = 0.00106376, totNum = 1
ROUND = 5476, SUM = 14170638, bChange = 0.00106376, totNum = 1
ROUND = 5477, SUM = 14170638, bChange = 0.00106376, totNum = 1
ROUND = 5478, SUM = 14170638, bChange = 0.00106376, totNum = 1
ROUND = 5479, SUM = 14170638, bChange = 0.00106376, totNum = 1
ROUND = 5480, SUM = 14170638, bChange = 0.00106376, totNum = 1
ROUND = 5481, SUM = 14170638, bChange = 0.00106376, totNum = 1
ROUND = 5482, SUM = 14170638, bChange = 0.00106376, totNum = 1
ROUND = 5483, SUM = 14170638, bChange = 0.00106376, totNum = 1
ROUND = 5484, SUM = 14170638, bChange = 0.00106376, totNum = 1
ROUND = 5485, SUM = 14170638, bChange = 0.00106376, totNum = 1
ROUND = 5486, SUM = 14170638, bChange = 0.00106376, totNum = 1
ROUND = 5487, SUM = 14170638, bChange = 0.00106375, totNum = 1
ROUND = 5488, SUM = 14170638, bChange = 0.00106375, totNum = 1
ROUND = 5489, SUM = 14170638, bChange = 0.00106375, totNum = 1
ROUND = 5490, SUM = 14170638, bChange = 0.00106375, totNum = 1
ROUND = 5491, SUM = 14170638, bChange = 0.00106375, totNum = 1
ROUND = 5492, SUM = 14170638, bChange = 0.00106375, totNum = 1
ROUND = 5493, SUM = 14170638, bChange = 0.00106375, totNum = 1
ROUND = 5494, SUM = 14170638, bChange = 0.00106375, totNum = 1
ROUND = 5495, SUM = 14170638, bChange = 0.00106375, totNum = 1
ROUND = 5496, SUM = 14170638, bChange = 0.00106375, totNum = 1
ROUND = 5497, SUM = 14170638, bChange = 0.00106375, totNum = 1
ROUND = 5498, SUM = 14170638, bChange = 0.00106375, totNum = 1
ROUND = 5499, SUM = 14170638, bChange = 0.00106375, totNum = 1
ROUND = 5500, SUM = 14170638, bChange = 0.00106375, totNum = 1
ROUND = 5501, SUM = 14170638, bChange = 0.00106375, totNum = 1
ROUND = 5502, SUM = 14170638, bChange = 0.00106375, totNum = 1
ROUND = 5503, SUM = 14170638, bChange = 0.00106375, totNum = 1
ROUND = 5504, SUM = 14170638, bChange = 0.00106375, totNum = 1
ROUND = 5505, SUM = 14170638, bChange = 0.00106375, totNum = 1
ROUND = 5506, SUM = 14170638, bChange = 0.00106375, totNum = 1
ROUND = 5507, SUM = 14170638, bChange = 0.00106375, totNum = 1
ROUND = 5508, SUM = 14170638, bChange = 0.00106375, totNum = 1
ROUND = 5509, SUM = 14170638, bChange = 0.00106375, totNum = 1
ROUND = 5510, SUM = 14170638, bChange = 0.00106375, totNum = 1
ROUND = 5511, SUM = 14170638, bChange = 0.00106375, totNum = 1
ROUND = 5512, SUM = 14170638, bChange = 0.00106375, totNum = 1
ROUND = 5513, SUM = 14170638, bChange = 0.00106375, totNum = 1
ROUND = 5514, SUM = 14170638, bChange = 0.00106375, totNum = 1
ROUND = 5515, SUM = 14170638, bChange = 0.00106375, totNum = 1
ROUND = 5516, SUM = 14170638, bChange = 0.00106375, totNum = 1
ROUND = 5517, SUM = 14170638, bChange = 0.00106375, totNum = 1
ROUND = 5518, SUM = 14170638, bChange = 0.00106375, totNum = 1
ROUND = 5519, SUM = 14170638, bChange = 0.00106375, totNum = 1
ROUND = 5520, SUM = 14170638, bChange = 0.00106375, totNum = 1
ROUND = 5521, SUM = 14170638, bChange = 0.00106375, totNum = 1
ROUND = 5522, SUM = 14170638, bChange = 0.00106375, totNum = 1
ROUND = 5523, SUM = 14170638, bChange = 0.00106375, totNum = 1
ROUND = 5524, SUM = 14170638, bChange = 0.00106375, totNum = 1
ROUND = 5525, SUM = 14170638, bChange = 0.00106375, totNum = 1
ROUND = 5526, SUM = 14170638, bChange = 0.00106375, totNum = 1
ROUND = 5527, SUM = 14170638, bChange = 0.00106375, totNum = 1
ROUND = 5528, SUM = 14170638, bChange = 0.00106375, totNum = 1
ROUND = 5529, SUM = 14170638, bChange = 0.00106375, totNum = 1
ROUND = 5530, SUM = 14170638, bChange = 0.00106375, totNum = 1
ROUND = 5531, SUM = 14170638, bChange = 0.00106375, totNum = 1
ROUND = 5532, SUM = 14170637.9999999, bChange = 0.00106375, totNum = 1
ROUND = 5533, SUM = 14170638, bChange = 0.00106375, totNum = 1
ROUND = 5534, SUM = 14170638, bChange = 0.00106375, totNum = 1
ROUND = 5535, SUM = 14170638, bChange = 0.00106375, totNum = 1
ROUND = 5536, SUM = 14170638, bChange = 0.00106375, totNum = 1
ROUND = 5537, SUM = 14170638, bChange = 0.00106375, totNum = 1
ROUND = 5538, SUM = 14170638, bChange = 0.00106375, totNum = 1
ROUND = 5539, SUM = 14170638, bChange = 0.00106375, totNum = 1
ROUND = 5540, SUM = 14170637.9999999, bChange = 0.00106375, totNum = 1
ROUND = 5541, SUM = 14170638, bChange = 0.00106374, totNum = 1
ROUND = 5542, SUM = 14170638, bChange = 0.00106374, totNum = 1
ROUND = 5543, SUM = 14170638, bChange = 0.00106374, totNum = 1
ROUND = 5544, SUM = 14170638, bChange = 0.00106374, totNum = 1
ROUND = 5545, SUM = 14170638, bChange = 0.00106374, totNum = 1
ROUND = 5546, SUM = 14170638, bChange = 0.00106374, totNum = 1
ROUND = 5547, SUM = 14170638, bChange = 0.00106374, totNum = 1
ROUND = 5548, SUM = 14170638, bChange = 0.00106374, totNum = 1
ROUND = 5549, SUM = 14170638, bChange = 0.00106374, totNum = 1
ROUND = 5550, SUM = 14170638, bChange = 0.00106374, totNum = 1
ROUND = 5551, SUM = 14170638, bChange = 0.00106374, totNum = 1
ROUND = 5552, SUM = 14170638, bChange = 0.00106374, totNum = 1
ROUND = 5553, SUM = 14170638, bChange = 0.00106374, totNum = 1
ROUND = 5554, SUM = 14170638, bChange = 0.00106374, totNum = 1
ROUND = 5555, SUM = 14170638, bChange = 0.00106374, totNum = 1
ROUND = 5556, SUM = 14170638, bChange = 0.00106374, totNum = 1
ROUND = 5557, SUM = 14170638, bChange = 0.00106374, totNum = 1
ROUND = 5558, SUM = 14170638, bChange = 0.00106374, totNum = 1
ROUND = 5559, SUM = 14170638, bChange = 0.00106374, totNum = 1
ROUND = 5560, SUM = 14170638, bChange = 0.00106374, totNum = 1
ROUND = 5561, SUM = 14170638, bChange = 0.00106374, totNum = 1
ROUND = 5562, SUM = 14170638, bChange = 0.00106374, totNum = 1
ROUND = 5563, SUM = 14170638, bChange = 0.00106374, totNum = 1
ROUND = 5564, SUM = 14170638, bChange = 0.00106374, totNum = 1
ROUND = 5565, SUM = 14170638, bChange = 0.00106374, totNum = 1
ROUND = 5566, SUM = 14170638, bChange = 0.00106374, totNum = 1
ROUND = 5567, SUM = 14170638, bChange = 0.00106374, totNum = 1
ROUND = 5568, SUM = 14170638, bChange = 0.00106374, totNum = 1
ROUND = 5569, SUM = 14170638, bChange = 0.00106374, totNum = 1
ROUND = 5570, SUM = 14170638, bChange = 0.00106374, totNum = 1
ROUND = 5571, SUM = 14170638, bChange = 0.00106374, totNum = 1
ROUND = 5572, SUM = 14170638, bChange = 0.00106374, totNum = 1
ROUND = 5573, SUM = 14170638, bChange = 0.00106374, totNum = 1
ROUND = 5574, SUM = 14170638, bChange = 0.00106374, totNum = 1
ROUND = 5575, SUM = 14170638, bChange = 0.00106374, totNum = 1
ROUND = 5576, SUM = 14170638, bChange = 0.00106374, totNum = 1
ROUND = 5577, SUM = 14170638, bChange = 0.00106374, totNum = 1
ROUND = 5578, SUM = 14170638, bChange = 0.00106374, totNum = 1
ROUND = 5579, SUM = 14170638, bChange = 0.00106374, totNum = 1
ROUND = 5580, SUM = 14170638, bChange = 0.00106374, totNum = 1
ROUND = 5581, SUM = 14170638, bChange = 0.00106374, totNum = 1
ROUND = 5582, SUM = 14170638, bChange = 0.00106374, totNum = 1
ROUND = 5583, SUM = 14170638, bChange = 0.00106374, totNum = 1
ROUND = 5584, SUM = 14170638, bChange = 0.00106374, totNum = 1
ROUND = 5585, SUM = 14170638, bChange = 0.00106374, totNum = 1
ROUND = 5586, SUM = 14170638, bChange = 0.00106374, totNum = 1
ROUND = 5587, SUM = 14170638, bChange = 0.00106374, totNum = 1
ROUND = 5588, SUM = 14170638, bChange = 0.000769408, totNum = 0
Expression Results are written!
Time Used for EM.cpp : 0 h 16 m 23 s

rsem-run-gibbs results/rsem_index/rsem results/rsem_quant/ER100003.temp/ER100003 results/rsem_quant/ER100003.stat/ER100003 200 1000 1 -p 44 --seed 1471891643
Refs.loadRefs finished!
Loading data is finished!
Loading group information is finished!
Gibbs started!
Initialization finished!
Thread 13, ROUND 100 is finished!
Thread 4, ROUND 100 is finished!
Thread 32, ROUND 100 is finished!
Thread 37, ROUND 100 is finished!
Thread 14, ROUND 100 is finished!
Thread 6, ROUND 100 is finished!
Thread 25, ROUND 100 is finished!
Thread 41, ROUND 100 is finished!
Thread 18, ROUND 100 is finished!
Thread 22, ROUND 100 is finished!
Thread 0, ROUND 100 is finished!
Thread 3, ROUND 100 is finished!
Thread 9, ROUND 100 is finished!
Thread 29, ROUND 100 is finished!
Thread 28, ROUND 100 is finished!
Thread 8, ROUND 100 is finished!
Thread 21, ROUND 100 is finished!
Thread 38, ROUND 100 is finished!
Thread 19, ROUND 100 is finished!
Thread 39, ROUND 100 is finished!
Thread 2, ROUND 100 is finished!
Thread 20, ROUND 100 is finished!
Thread 5, ROUND 100 is finished!
Thread 11, ROUND 100 is finished!
Thread 30, ROUND 100 is finished!
Thread 23, ROUND 100 is finished!
Thread 10, ROUND 100 is finished!
Thread 17, ROUND 100 is finished!
Thread 40, ROUND 100 is finished!
Thread 31, ROUND 100 is finished!
Thread 43, ROUND 100 is finished!
Thread 15, ROUND 100 is finished!
Thread 34, ROUND 100 is finished!
Thread 33, ROUND 100 is finished!
Thread 7, ROUND 100 is finished!
Thread 16, ROUND 100 is finished!
Thread 12, ROUND 100 is finished!
Thread 42, ROUND 100 is finished!
Thread 24, ROUND 100 is finished!
Thread 35, ROUND 100 is finished!
Thread 36, ROUND 100 is finished!
Thread 26, ROUND 100 is finished!
Thread 1, ROUND 100 is finished!
Thread 27, ROUND 100 is finished!
Thread 40, ROUND 200 is finished!
Thread 11, ROUND 200 is finished!
Thread 14, ROUND 200 is finished!
Thread 2, ROUND 200 is finished!
Thread 37, ROUND 200 is finished!
Thread 25, ROUND 200 is finished!
Thread 9, ROUND 200 is finished!
Thread 29, ROUND 200 is finished!
Thread 10, ROUND 200 is finished!
Thread 6, ROUND 200 is finished!
Thread 21, ROUND 200 is finished!
Thread 22, ROUND 200 is finished!
Thread 7, ROUND 200 is finished!
Thread 18, ROUND 200 is finished!
Thread 36, ROUND 200 is finished!
Thread 4, ROUND 200 is finished!
Thread 27, ROUND 200 is finished!
Thread 41, ROUND 200 is finished!
Thread 8, ROUND 200 is finished!
Thread 5, ROUND 200 is finished!
Thread 16, ROUND 200 is finished!
Thread 0, ROUND 200 is finished!
Thread 35, ROUND 200 is finished!
Thread 13, ROUND 200 is finished!
Thread 19, ROUND 200 is finished!
Thread 34, ROUND 200 is finished!
Thread 24, ROUND 200 is finished!
Thread 39, ROUND 200 is finished!
Thread 43, ROUND 200 is finished!
Thread 3, ROUND 200 is finished!
Thread 20, ROUND 200 is finished!
Thread 42, ROUND 200 is finished!
Thread 32, ROUND 200 is finished!
Thread 33, ROUND 200 is finished!
Thread 38, ROUND 200 is finished!
Thread 26, ROUND 200 is finished!
Thread 17, ROUND 200 is finished!
Thread 31, ROUND 200 is finished!
Thread 1, ROUND 200 is finished!
Thread 15, ROUND 200 is finished!
Thread 30, ROUND 200 is finished!
Thread 28, ROUND 200 is finished!
Thread 12, ROUND 200 is finished!
Thread 23, ROUND 200 is finished!
Gibbs finished!
Gibbs based expression values are written!

rsem-calculate-credibility-intervals results/rsem_index/rsem results/rsem_quant/ER100003.temp/ER100003 results/rsem_quant/ER100003.stat/ER100003 0.95 1000 50 128000 -p 44 --seed 477107655
Refs.loadRefs finished!
Sampling is finished!
In thread 34, 1000 genes are processed for CI calculation!
In thread 36, 1000 genes are processed for CI calculation!
In thread 43, 1000 genes are processed for CI calculation!
In thread 38, 1000 genes are processed for CI calculation!
In thread 41, 1000 genes are processed for CI calculation!
In thread 42, 1000 genes are processed for CI calculation!
In thread 37, 1000 genes are processed for CI calculation!
In thread 32, 1000 genes are processed for CI calculation!
In thread 29, 1000 genes are processed for CI calculation!
In thread 31, 1000 genes are processed for CI calculation!
In thread 35, 1000 genes are processed for CI calculation!
In thread 30, 1000 genes are processed for CI calculation!
In thread 39, 1000 genes are processed for CI calculation!
In thread 40, 1000 genes are processed for CI calculation!
In thread 33, 1000 genes are processed for CI calculation!
In thread 43, 2000 genes are processed for CI calculation!
In thread 41, 2000 genes are processed for CI calculation!
In thread 34, 2000 genes are processed for CI calculation!
In thread 42, 2000 genes are processed for CI calculation!
In thread 37, 2000 genes are processed for CI calculation!
In thread 36, 2000 genes are processed for CI calculation!
In thread 38, 2000 genes are processed for CI calculation!
In thread 29, 2000 genes are processed for CI calculation!
In thread 32, 2000 genes are processed for CI calculation!
In thread 28, 1000 genes are processed for CI calculation!
In thread 31, 2000 genes are processed for CI calculation!
In thread 35, 2000 genes are processed for CI calculation!
In thread 40, 2000 genes are processed for CI calculation!
In thread 30, 2000 genes are processed for CI calculation!
In thread 37, 3000 genes are processed for CI calculation!
In thread 43, 3000 genes are processed for CI calculation!
In thread 41, 3000 genes are processed for CI calculation!
In thread 28, 2000 genes are processed for CI calculation!
In thread 27, 1000 genes are processed for CI calculation!
In thread 42, 3000 genes are processed for CI calculation!
In thread 34, 3000 genes are processed for CI calculation!
In thread 36, 3000 genes are processed for CI calculation!
In thread 33, 2000 genes are processed for CI calculation!
In thread 39, 2000 genes are processed for CI calculation!
In thread 38, 3000 genes are processed for CI calculation!
In thread 29, 3000 genes are processed for CI calculation!
In thread 32, 3000 genes are processed for CI calculation!
In thread 27, 2000 genes are processed for CI calculation!
In thread 37, 4000 genes are processed for CI calculation!
In thread 40, 3000 genes are processed for CI calculation!
In thread 43, 4000 genes are processed for CI calculation!
In thread 35, 3000 genes are processed for CI calculation!
In thread 41, 4000 genes are processed for CI calculation!
In thread 42, 4000 genes are processed for CI calculation!
In thread 30, 3000 genes are processed for CI calculation!
In thread 31, 3000 genes are processed for CI calculation!
In thread 36, 4000 genes are processed for CI calculation!
In thread 25, 1000 genes are processed for CI calculation!
All credibility intervals are calculated!

rm -rf results/rsem_quant/ER100003.temp

2025-11-10 13:45:12,797 | INFO | __main__: Number of genes greater than 1 TPM: 13152
Mon Nov 10 01:45:13 PM EST 2025: Finished rsem quantification
