Mon Nov 10 06:35:35 PM EST 2025: Running rsem quantification
Mon Nov 10 06:35:35 PM EST 2025: ulimit set to 65536
2025-11-10 18:35:36,698 | INFO | __main__: Running RSEM command rsem-calculate-expression --bam --estimate-rspd --calc-ci --seed 42 -p 44 --no-bam-output --ci-memory 128000 --forward-prob 0 --paired-end results/align/ER100007/ER100007_anno.bam results/rsem_index/rsem results/rsem_quant/ER100007
rsem-parse-alignments results/rsem_index/rsem results/rsem_quant/ER100007.temp/ER100007 results/rsem_quant/ER100007.stat/ER100007 results/align/ER100007/ER100007_anno.bam 3 -tag XM
Parsed 1000000 entries
Parsed 2000000 entries
Parsed 3000000 entries
Parsed 4000000 entries
Parsed 5000000 entries
Parsed 6000000 entries
Parsed 7000000 entries
Parsed 8000000 entries
Parsed 9000000 entries
Parsed 10000000 entries
Parsed 11000000 entries
Parsed 12000000 entries
Parsed 13000000 entries
Parsed 14000000 entries
Parsed 15000000 entries
Parsed 16000000 entries
Parsed 17000000 entries
Parsed 18000000 entries
Parsed 19000000 entries
Parsed 20000000 entries
Parsed 21000000 entries
Parsed 22000000 entries
Parsed 23000000 entries
Parsed 24000000 entries
Parsed 25000000 entries
Parsed 26000000 entries
Parsed 27000000 entries
Parsed 28000000 entries
Parsed 29000000 entries
Parsed 30000000 entries
Parsed 31000000 entries
Parsed 32000000 entries
Parsed 33000000 entries
Parsed 34000000 entries
Parsed 35000000 entries
Parsed 36000000 entries
Parsed 37000000 entries
Parsed 38000000 entries
Parsed 39000000 entries
Parsed 40000000 entries
Parsed 41000000 entries
Parsed 42000000 entries
Parsed 43000000 entries
Parsed 44000000 entries
Parsed 45000000 entries
Parsed 46000000 entries
Parsed 47000000 entries
Parsed 48000000 entries
Parsed 49000000 entries
Parsed 50000000 entries
Parsed 51000000 entries
Parsed 52000000 entries
Parsed 53000000 entries
Parsed 54000000 entries
Parsed 55000000 entries
Parsed 56000000 entries
Parsed 57000000 entries
Parsed 58000000 entries
Parsed 59000000 entries
Parsed 60000000 entries
Parsed 61000000 entries
Parsed 62000000 entries
Parsed 63000000 entries
Parsed 64000000 entries
Parsed 65000000 entries
Parsed 66000000 entries
Parsed 67000000 entries
Parsed 68000000 entries
Parsed 69000000 entries
Parsed 70000000 entries
Parsed 71000000 entries
Parsed 72000000 entries
Parsed 73000000 entries
Parsed 74000000 entries
Parsed 75000000 entries
Parsed 76000000 entries
Parsed 77000000 entries
Parsed 78000000 entries
Parsed 79000000 entries
Parsed 80000000 entries
Parsed 81000000 entries
Parsed 82000000 entries
Parsed 83000000 entries
Parsed 84000000 entries
Parsed 85000000 entries
Parsed 86000000 entries
Parsed 87000000 entries
Parsed 88000000 entries
Parsed 89000000 entries
Parsed 90000000 entries
Parsed 91000000 entries
Parsed 92000000 entries
Parsed 93000000 entries
Parsed 94000000 entries
Parsed 95000000 entries
Parsed 96000000 entries
Parsed 97000000 entries
Parsed 98000000 entries
Parsed 99000000 entries
Parsed 100000000 entries
Parsed 101000000 entries
Parsed 102000000 entries
Parsed 103000000 entries
Parsed 104000000 entries
Parsed 105000000 entries
Parsed 106000000 entries
Parsed 107000000 entries
Parsed 108000000 entries
Parsed 109000000 entries
Parsed 110000000 entries
Parsed 111000000 entries
Parsed 112000000 entries
Parsed 113000000 entries
Parsed 114000000 entries
Parsed 115000000 entries
Parsed 116000000 entries
Parsed 117000000 entries
Parsed 118000000 entries
Parsed 119000000 entries
Parsed 120000000 entries
Parsed 121000000 entries
Parsed 122000000 entries
Parsed 123000000 entries
Parsed 124000000 entries
Parsed 125000000 entries
Parsed 126000000 entries
Parsed 127000000 entries
Parsed 128000000 entries
Parsed 129000000 entries
Parsed 130000000 entries
Parsed 131000000 entries
Parsed 132000000 entries
Parsed 133000000 entries
Parsed 134000000 entries
Parsed 135000000 entries
Parsed 136000000 entries
Parsed 137000000 entries
Parsed 138000000 entries
Parsed 139000000 entries
Parsed 140000000 entries
Parsed 141000000 entries
Parsed 142000000 entries
Parsed 143000000 entries
Parsed 144000000 entries
Parsed 145000000 entries
Parsed 146000000 entries
Parsed 147000000 entries
Parsed 148000000 entries
Parsed 149000000 entries
Parsed 150000000 entries
Parsed 151000000 entries
Parsed 152000000 entries
Parsed 153000000 entries
Parsed 154000000 entries
Parsed 155000000 entries
Parsed 156000000 entries
Parsed 157000000 entries
Parsed 158000000 entries
Parsed 159000000 entries
Parsed 160000000 entries
Parsed 161000000 entries
Parsed 162000000 entries
Parsed 163000000 entries
Parsed 164000000 entries
Parsed 165000000 entries
Parsed 166000000 entries
Parsed 167000000 entries
Parsed 168000000 entries
Parsed 169000000 entries
Parsed 170000000 entries
Parsed 171000000 entries
Parsed 172000000 entries
Parsed 173000000 entries
Parsed 174000000 entries
Parsed 175000000 entries
Parsed 176000000 entries
Parsed 177000000 entries
Parsed 178000000 entries
Parsed 179000000 entries
Parsed 180000000 entries
Parsed 181000000 entries
Parsed 182000000 entries
Parsed 183000000 entries
Parsed 184000000 entries
Parsed 185000000 entries
Done!

rsem-build-read-index 32 1 0 results/rsem_quant/ER100007.temp/ER100007_alignable_1.fq results/rsem_quant/ER100007.temp/ER100007_alignable_2.fq
FIN 1000000
FIN 2000000
FIN 3000000
FIN 4000000
FIN 5000000
FIN 6000000
FIN 7000000
FIN 8000000
FIN 9000000
FIN 10000000
FIN 11000000
FIN 12000000
FIN 13000000
FIN 14000000
FIN 15000000
FIN 16000000
FIN 17000000
FIN 18000000
FIN 19000000
FIN 20000000
FIN 21000000
Build Index results/rsem_quant/ER100007.temp/ER100007_alignable_1.fq is Done!
FIN 1000000
FIN 2000000
FIN 3000000
FIN 4000000
FIN 5000000
FIN 6000000
FIN 7000000
FIN 8000000
FIN 9000000
FIN 10000000
FIN 11000000
FIN 12000000
FIN 13000000
FIN 14000000
FIN 15000000
FIN 16000000
FIN 17000000
FIN 18000000
FIN 19000000
FIN 20000000
FIN 21000000
Build Index results/rsem_quant/ER100007.temp/ER100007_alignable_2.fq is Done!

rsem-run-em results/rsem_index/rsem 3 results/rsem_quant/ER100007 results/rsem_quant/ER100007.temp/ER100007 results/rsem_quant/ER100007.stat/ER100007 -p 44 --gibbs-out
Refs.loadRefs finished!
Thread 0 : N = 491458, NHit = 4191064
DAT 21000000 reads left
Thread 1 : N = 492622, NHit = 4191066
Thread 2 : N = 491077, NHit = 4191098
DAT 20000000 reads left
Thread 3 : N = 493953, NHit = 4191082
Thread 4 : N = 490799, NHit = 4191118
DAT 19000000 reads left
Thread 5 : N = 491378, NHit = 4191063
Thread 6 : N = 490544, NHit = 4191075
DAT 18000000 reads left
Thread 7 : N = 491412, NHit = 4191075
Thread 8 : N = 491495, NHit = 4191069
DAT 17000000 reads left
Thread 9 : N = 492083, NHit = 4191061
Thread 10 : N = 491514, NHit = 4191068
DAT 16000000 reads left
Thread 11 : N = 491508, NHit = 4191063
Thread 12 : N = 490137, NHit = 4191085
DAT 15000000 reads left
Thread 13 : N = 491564, NHit = 4191094
Thread 14 : N = 493072, NHit = 4191083
DAT 14000000 reads left
Thread 15 : N = 492616, NHit = 4191064
Thread 16 : N = 492429, NHit = 4191062
DAT 13000000 reads left
Thread 17 : N = 493447, NHit = 4191072
Thread 18 : N = 491210, NHit = 4191064
DAT 12000000 reads left
Thread 19 : N = 490379, NHit = 4191061
Thread 20 : N = 490767, NHit = 4191136
DAT 11000000 reads left
Thread 21 : N = 491396, NHit = 4191066
Thread 22 : N = 491764, NHit = 4191082
DAT 10000000 reads left
Thread 23 : N = 492285, NHit = 4191086
Thread 24 : N = 490489, NHit = 4191067
DAT 9000000 reads left
Thread 25 : N = 492666, NHit = 4191062
Thread 26 : N = 490683, NHit = 4191066
DAT 8000000 reads left
Thread 27 : N = 490704, NHit = 4191062
Thread 28 : N = 491310, NHit = 4191072
DAT 7000000 reads left
Thread 29 : N = 492564, NHit = 4191062
Thread 30 : N = 492021, NHit = 4191063
DAT 6000000 reads left
Thread 31 : N = 489688, NHit = 4191083
Thread 32 : N = 490280, NHit = 4191062
DAT 5000000 reads left
Thread 33 : N = 491715, NHit = 4191066
Thread 34 : N = 491889, NHit = 4191063
DAT 4000000 reads left
Thread 35 : N = 494005, NHit = 4191063
Thread 36 : N = 491338, NHit = 4191085
DAT 3000000 reads left
Thread 37 : N = 490185, NHit = 4191086
Thread 38 : N = 490347, NHit = 4191074
DAT 2000000 reads left
Thread 39 : N = 491012, NHit = 4191071
Thread 40 : N = 491726, NHit = 4191089
DAT 1000000 reads left
Thread 41 : N = 491232, NHit = 4191061
Thread 42 : N = 489714, NHit = 4191064
Thread 43 : N = 489314, NHit = 4190535
EM_init finished!
estimateFromReads, N0 finished.
1000000 READS PROCESSED
2000000 READS PROCESSED
3000000 READS PROCESSED
4000000 READS PROCESSED
5000000 READS PROCESSED
6000000 READS PROCESSED
7000000 READS PROCESSED
8000000 READS PROCESSED
9000000 READS PROCESSED
10000000 READS PROCESSED
11000000 READS PROCESSED
12000000 READS PROCESSED
13000000 READS PROCESSED
14000000 READS PROCESSED
15000000 READS PROCESSED
16000000 READS PROCESSED
17000000 READS PROCESSED
18000000 READS PROCESSED
19000000 READS PROCESSED
20000000 READS PROCESSED
21000000 READS PROCESSED
estimateFromReads, N1 finished.
ROUND = 1, SUM = 22584884.0000002, bChange = 13268.5, totNum = 279929
ROUND = 2, SUM = 22584883.9999999, bChange = 1.17555, totNum = 149967
ROUND = 3, SUM = 22584884, bChange = 0.981869, totNum = 144949
ROUND = 4, SUM = 22584884.0000001, bChange = 0.925758, totNum = 140922
ROUND = 5, SUM = 22584883.9999998, bChange = 0.749578, totNum = 137286
ROUND = 6, SUM = 22584883.9999998, bChange = 0.695681, totNum = 133736
ROUND = 7, SUM = 22584883.9999999, bChange = 0.652692, totNum = 130514
ROUND = 8, SUM = 22584883.9999998, bChange = 0.65933, totNum = 127440
ROUND = 9, SUM = 22584884, bChange = 0.583281, totNum = 124400
ROUND = 10, SUM = 22584884, bChange = 0.581636, totNum = 121514
ROUND = 11, SUM = 22584883.9999998, bChange = 0.521984, totNum = 118783
ROUND = 12, SUM = 22584883.9999999, bChange = 0.469089, totNum = 115974
ROUND = 13, SUM = 22584883.9999999, bChange = 0.438743, totNum = 113289
ROUND = 14, SUM = 22584883.9999998, bChange = 0.433658, totNum = 110852
ROUND = 15, SUM = 22584883.9999998, bChange = 0.400804, totNum = 108535
ROUND = 16, SUM = 22584883.9999999, bChange = 0.40539, totNum = 106305
ROUND = 17, SUM = 22584883.9999999, bChange = 0.409205, totNum = 103996
ROUND = 18, SUM = 22584884.0000001, bChange = 0.412393, totNum = 101884
ROUND = 19, SUM = 22584883.9999999, bChange = 0.361543, totNum = 99806
ROUND = 20, SUM = 22584884, bChange = 0.362676, totNum = 97752
ROUND = 21, SUM = 22584883.9999998, bChange = 0.363667, totNum = 95864
ROUND = 22, SUM = 22584884, bChange = 0.364536, totNum = 93977
ROUND = 23, SUM = 22584884, bChange = 0.340085, totNum = 92227
ROUND = 24, SUM = 22584884.0000001, bChange = 0.340796, totNum = 90465
ROUND = 25, SUM = 22584884.0000001, bChange = 0.288805, totNum = 88742
ROUND = 26, SUM = 22584883.9999999, bChange = 0.272335, totNum = 87176
ROUND = 27, SUM = 22584883.9999999, bChange = 0.268596, totNum = 85559
ROUND = 28, SUM = 22584883.9999997, bChange = 0.269394, totNum = 83996
ROUND = 29, SUM = 22584883.9999999, bChange = 0.229145, totNum = 82492
ROUND = 30, SUM = 22584883.9999999, bChange = 0.231075, totNum = 80903
ROUND = 31, SUM = 22584883.9999999, bChange = 0.229313, totNum = 79458
ROUND = 32, SUM = 22584883.9999997, bChange = 0.22983, totNum = 78033
ROUND = 33, SUM = 22584883.9999999, bChange = 0.221466, totNum = 76707
ROUND = 34, SUM = 22584883.9999997, bChange = 0.222797, totNum = 75425
ROUND = 35, SUM = 22584883.9999998, bChange = 0.224011, totNum = 74125
ROUND = 36, SUM = 22584883.9999999, bChange = 0.225117, totNum = 72818
ROUND = 37, SUM = 22584884, bChange = 0.226122, totNum = 71559
ROUND = 38, SUM = 22584883.9999998, bChange = 0.227033, totNum = 70282
ROUND = 39, SUM = 22584883.9999998, bChange = 0.227858, totNum = 69085
ROUND = 40, SUM = 22584883.9999998, bChange = 0.203135, totNum = 67894
ROUND = 41, SUM = 22584884, bChange = 0.189523, totNum = 66740
ROUND = 42, SUM = 22584883.9999999, bChange = 0.427681, totNum = 65566
ROUND = 43, SUM = 22584883.9999997, bChange = 0.293125, totNum = 64442
ROUND = 44, SUM = 22584883.9999999, bChange = 0.191471, totNum = 63392
ROUND = 45, SUM = 22584883.9999997, bChange = 0.191718, totNum = 62330
ROUND = 46, SUM = 22584883.9999996, bChange = 0.192134, totNum = 61270
ROUND = 47, SUM = 22584884.0000002, bChange = 0.192506, totNum = 60285
ROUND = 48, SUM = 22584883.9999998, bChange = 0.192838, totNum = 59279
ROUND = 49, SUM = 22584883.9999999, bChange = 0.151773, totNum = 58293
ROUND = 50, SUM = 22584883.9999997, bChange = 0.151848, totNum = 57365
ROUND = 51, SUM = 22584883.9999998, bChange = 0.149759, totNum = 56402
ROUND = 52, SUM = 22584883.9999998, bChange = 0.150114, totNum = 55509
ROUND = 53, SUM = 22584883.9999997, bChange = 0.150459, totNum = 54643
ROUND = 54, SUM = 22584883.9999999, bChange = 0.150796, totNum = 53752
ROUND = 55, SUM = 22584883.9999997, bChange = 0.151126, totNum = 52902
ROUND = 56, SUM = 22584883.9999997, bChange = 0.151451, totNum = 52003
ROUND = 57, SUM = 22584883.9999998, bChange = 0.15177, totNum = 51196
ROUND = 58, SUM = 22584883.9999996, bChange = 0.152086, totNum = 50349
ROUND = 59, SUM = 22584883.9999998, bChange = 0.144035, totNum = 49518
ROUND = 60, SUM = 22584883.9999997, bChange = 0.144389, totNum = 48731
ROUND = 61, SUM = 22584883.9999998, bChange = 0.144744, totNum = 47936
ROUND = 62, SUM = 22584883.9999996, bChange = 0.121738, totNum = 47161
ROUND = 63, SUM = 22584883.9999997, bChange = 0.121824, totNum = 46367
ROUND = 64, SUM = 22584883.9999996, bChange = 0.122154, totNum = 45656
ROUND = 65, SUM = 22584883.9999996, bChange = 0.122473, totNum = 44909
ROUND = 66, SUM = 22584883.9999996, bChange = 0.118789, totNum = 44178
ROUND = 67, SUM = 22584883.9999997, bChange = 0.118803, totNum = 43511
ROUND = 68, SUM = 22584883.9999997, bChange = 0.118811, totNum = 42855
ROUND = 69, SUM = 22584883.9999996, bChange = 0.118814, totNum = 42203
ROUND = 70, SUM = 22584883.9999999, bChange = 0.118812, totNum = 41579
ROUND = 71, SUM = 22584883.9999998, bChange = 0.118807, totNum = 40979
ROUND = 72, SUM = 22584883.9999997, bChange = 0.118798, totNum = 40371
ROUND = 73, SUM = 22584883.9999996, bChange = 0.118786, totNum = 39793
ROUND = 74, SUM = 22584883.9999996, bChange = 0.118772, totNum = 39217
ROUND = 75, SUM = 22584883.9999999, bChange = 0.118755, totNum = 38610
ROUND = 76, SUM = 22584883.9999999, bChange = 0.118736, totNum = 38022
ROUND = 77, SUM = 22584883.9999998, bChange = 0.118716, totNum = 37442
ROUND = 78, SUM = 22584883.9999995, bChange = 0.118694, totNum = 36927
ROUND = 79, SUM = 22584883.9999996, bChange = 0.118672, totNum = 36441
ROUND = 80, SUM = 22584883.9999999, bChange = 0.118648, totNum = 35929
ROUND = 81, SUM = 22584883.9999998, bChange = 0.118623, totNum = 35354
ROUND = 82, SUM = 22584883.9999996, bChange = 0.11084, totNum = 34838
ROUND = 83, SUM = 22584884, bChange = 0.110806, totNum = 34331
ROUND = 84, SUM = 22584883.9999995, bChange = 0.110772, totNum = 33867
ROUND = 85, SUM = 22584883.9999997, bChange = 0.110738, totNum = 33423
ROUND = 86, SUM = 22584883.9999995, bChange = 0.096121, totNum = 32926
ROUND = 87, SUM = 22584883.9999997, bChange = 0.0961964, totNum = 32482
ROUND = 88, SUM = 22584883.9999997, bChange = 0.0962683, totNum = 32036
ROUND = 89, SUM = 22584883.9999997, bChange = 0.0963371, totNum = 31620
ROUND = 90, SUM = 22584883.9999998, bChange = 0.0964028, totNum = 31204
ROUND = 91, SUM = 22584883.9999995, bChange = 0.0964656, totNum = 30767
ROUND = 92, SUM = 22584883.9999995, bChange = 0.0896671, totNum = 30328
ROUND = 93, SUM = 22584883.9999997, bChange = 0.0897691, totNum = 29884
ROUND = 94, SUM = 22584883.9999998, bChange = 0.0898683, totNum = 29515
ROUND = 95, SUM = 22584883.9999997, bChange = 0.0899646, totNum = 29067
ROUND = 96, SUM = 22584883.9999996, bChange = 0.0900582, totNum = 28680
ROUND = 97, SUM = 22584883.9999996, bChange = 0.0901493, totNum = 28322
ROUND = 98, SUM = 22584883.9999997, bChange = 0.0902378, totNum = 27884
ROUND = 99, SUM = 22584883.9999996, bChange = 0.0903239, totNum = 27509
ROUND = 100, SUM = 22584883.9999998, bChange = 0.0821856, totNum = 27124
ROUND = 101, SUM = 22584883.9999996, bChange = 0.0821892, totNum = 26759
ROUND = 102, SUM = 22584883.9999997, bChange = 0.0821926, totNum = 26412
ROUND = 103, SUM = 22584883.9999997, bChange = 0.0821957, totNum = 26030
ROUND = 104, SUM = 22584883.9999997, bChange = 0.0821986, totNum = 25682
ROUND = 105, SUM = 22584883.9999997, bChange = 0.0822012, totNum = 25351
ROUND = 106, SUM = 22584883.9999997, bChange = 0.0822036, totNum = 25026
ROUND = 107, SUM = 22584883.9999996, bChange = 0.0748308, totNum = 24697
ROUND = 108, SUM = 22584883.9999999, bChange = 0.0747368, totNum = 24371
ROUND = 109, SUM = 22584883.9999997, bChange = 0.0746432, totNum = 24044
ROUND = 110, SUM = 22584883.9999997, bChange = 0.07455, totNum = 23724
ROUND = 111, SUM = 22584883.9999998, bChange = 0.0744573, totNum = 23419
ROUND = 112, SUM = 22584883.9999996, bChange = 0.0743653, totNum = 23089
ROUND = 113, SUM = 22584883.9999996, bChange = 0.0744193, totNum = 22795
ROUND = 114, SUM = 22584883.9999998, bChange = 0.0745361, totNum = 22511
ROUND = 115, SUM = 22584883.9999997, bChange = 0.0746491, totNum = 22215
ROUND = 116, SUM = 22584883.9999997, bChange = 0.0747585, totNum = 21938
ROUND = 117, SUM = 22584883.9999999, bChange = 0.0696863, totNum = 21660
ROUND = 118, SUM = 22584883.9999997, bChange = 0.0697005, totNum = 21390
ROUND = 119, SUM = 22584883.9999996, bChange = 0.138444, totNum = 21105
ROUND = 120, SUM = 22584883.9999997, bChange = 0.125433, totNum = 20821
ROUND = 121, SUM = 22584883.9999997, bChange = 0.112914, totNum = 20563
ROUND = 122, SUM = 22584883.9999996, bChange = 0.101174, totNum = 20329
ROUND = 123, SUM = 22584883.9999996, bChange = 0.0904238, totNum = 20070
ROUND = 124, SUM = 22584883.9999998, bChange = 0.0807898, totNum = 19833
ROUND = 125, SUM = 22584883.9999997, bChange = 0.0723144, totNum = 19605
ROUND = 126, SUM = 22584883.9999999, bChange = 0.0689954, totNum = 19378
ROUND = 127, SUM = 22584883.9999997, bChange = 0.065802, totNum = 19152
ROUND = 128, SUM = 22584883.9999997, bChange = 0.0658669, totNum = 18928
ROUND = 129, SUM = 22584883.9999998, bChange = 0.0678756, totNum = 18686
ROUND = 130, SUM = 22584883.9999997, bChange = 0.0659907, totNum = 18449
ROUND = 131, SUM = 22584883.9999997, bChange = 0.0660496, totNum = 18227
ROUND = 132, SUM = 22584883.9999997, bChange = 0.0661068, totNum = 18047
ROUND = 133, SUM = 22584883.9999996, bChange = 0.0652308, totNum = 17817
ROUND = 134, SUM = 22584883.9999998, bChange = 0.0652432, totNum = 17611
ROUND = 135, SUM = 22584883.9999998, bChange = 0.0652549, totNum = 17384
ROUND = 136, SUM = 22584883.9999998, bChange = 0.0652661, totNum = 17146
ROUND = 137, SUM = 22584883.9999996, bChange = 0.0652768, totNum = 16970
ROUND = 138, SUM = 22584883.9999995, bChange = 0.0652869, totNum = 16769
ROUND = 139, SUM = 22584883.9999995, bChange = 0.0652965, totNum = 16586
ROUND = 140, SUM = 22584883.9999997, bChange = 0.0541126, totNum = 16404
ROUND = 141, SUM = 22584883.9999996, bChange = 0.0541199, totNum = 16219
ROUND = 142, SUM = 22584883.9999997, bChange = 0.054127, totNum = 16049
ROUND = 143, SUM = 22584883.9999996, bChange = 0.0541338, totNum = 15863
ROUND = 144, SUM = 22584883.9999998, bChange = 0.0541403, totNum = 15699
ROUND = 145, SUM = 22584883.9999998, bChange = 0.0541466, totNum = 15539
ROUND = 146, SUM = 22584883.9999998, bChange = 0.0541526, totNum = 15380
ROUND = 147, SUM = 22584883.9999995, bChange = 0.0541584, totNum = 15205
ROUND = 148, SUM = 22584883.9999996, bChange = 0.054164, totNum = 15042
ROUND = 149, SUM = 22584883.9999995, bChange = 0.0541694, totNum = 14907
ROUND = 150, SUM = 22584883.9999996, bChange = 0.0541746, totNum = 14752
ROUND = 151, SUM = 22584883.9999996, bChange = 0.0541796, totNum = 14587
ROUND = 152, SUM = 22584883.9999996, bChange = 0.0541844, totNum = 14443
ROUND = 153, SUM = 22584883.9999997, bChange = 0.054189, totNum = 14264
ROUND = 154, SUM = 22584883.9999996, bChange = 0.0541934, totNum = 14110
ROUND = 155, SUM = 22584883.9999996, bChange = 0.0541977, totNum = 13975
ROUND = 156, SUM = 22584883.9999997, bChange = 0.0542019, totNum = 13815
ROUND = 157, SUM = 22584883.9999996, bChange = 0.0542058, totNum = 13692
ROUND = 158, SUM = 22584883.9999996, bChange = 0.0542097, totNum = 13560
ROUND = 159, SUM = 22584883.9999998, bChange = 0.0542134, totNum = 13412
ROUND = 160, SUM = 22584883.9999998, bChange = 0.054217, totNum = 13296
ROUND = 161, SUM = 22584883.9999996, bChange = 0.0542204, totNum = 13160
ROUND = 162, SUM = 22584883.9999996, bChange = 0.0542238, totNum = 13003
ROUND = 163, SUM = 22584883.9999997, bChange = 0.0508579, totNum = 12862
ROUND = 164, SUM = 22584883.9999996, bChange = 0.0508587, totNum = 12732
ROUND = 165, SUM = 22584883.9999998, bChange = 0.0440749, totNum = 12595
ROUND = 166, SUM = 22584883.9999996, bChange = 0.0440884, totNum = 12485
ROUND = 167, SUM = 22584883.9999996, bChange = 0.0441016, totNum = 12355
ROUND = 168, SUM = 22584883.9999996, bChange = 0.0441145, totNum = 12239
ROUND = 169, SUM = 22584883.9999996, bChange = 0.0441271, totNum = 12114
ROUND = 170, SUM = 22584883.9999998, bChange = 0.0441394, totNum = 11988
ROUND = 171, SUM = 22584883.9999998, bChange = 0.0441515, totNum = 11879
ROUND = 172, SUM = 22584883.9999997, bChange = 0.0441633, totNum = 11763
ROUND = 173, SUM = 22584883.9999997, bChange = 0.0441748, totNum = 11641
ROUND = 174, SUM = 22584883.9999996, bChange = 0.0441862, totNum = 11529
ROUND = 175, SUM = 22584883.9999999, bChange = 0.0441973, totNum = 11407
ROUND = 176, SUM = 22584883.9999995, bChange = 0.0442081, totNum = 11281
ROUND = 177, SUM = 22584883.9999996, bChange = 0.0442187, totNum = 11170
ROUND = 178, SUM = 22584883.9999999, bChange = 0.0442292, totNum = 11070
ROUND = 179, SUM = 22584883.9999997, bChange = 0.0442394, totNum = 10964
ROUND = 180, SUM = 22584883.9999999, bChange = 0.0442494, totNum = 10858
ROUND = 181, SUM = 22584884, bChange = 0.0442592, totNum = 10768
ROUND = 182, SUM = 22584883.9999995, bChange = 0.0442688, totNum = 10676
ROUND = 183, SUM = 22584883.9999997, bChange = 0.0429999, totNum = 10585
ROUND = 184, SUM = 22584883.9999997, bChange = 0.0430037, totNum = 10502
ROUND = 185, SUM = 22584883.9999997, bChange = 0.0430073, totNum = 10404
ROUND = 186, SUM = 22584883.9999996, bChange = 0.0430109, totNum = 10312
ROUND = 187, SUM = 22584883.9999997, bChange = 0.0430143, totNum = 10228
ROUND = 188, SUM = 22584883.9999998, bChange = 0.0430177, totNum = 10135
ROUND = 189, SUM = 22584883.9999997, bChange = 0.043021, totNum = 10041
ROUND = 190, SUM = 22584883.9999997, bChange = 0.0430242, totNum = 9961
ROUND = 191, SUM = 22584883.9999996, bChange = 0.0430273, totNum = 9864
ROUND = 192, SUM = 22584883.9999998, bChange = 0.0430303, totNum = 9789
ROUND = 193, SUM = 22584883.9999997, bChange = 0.0430332, totNum = 9704
ROUND = 194, SUM = 22584883.9999997, bChange = 0.0430361, totNum = 9630
ROUND = 195, SUM = 22584883.9999997, bChange = 0.039398, totNum = 9553
ROUND = 196, SUM = 22584883.9999996, bChange = 0.0394005, totNum = 9467
ROUND = 197, SUM = 22584883.9999995, bChange = 0.0394029, totNum = 9400
ROUND = 198, SUM = 22584883.9999997, bChange = 0.0394053, totNum = 9325
ROUND = 199, SUM = 22584883.9999996, bChange = 0.0394076, totNum = 9258
ROUND = 200, SUM = 22584883.9999997, bChange = 0.0394099, totNum = 9188
ROUND = 201, SUM = 22584883.9999995, bChange = 0.0394121, totNum = 9116
ROUND = 202, SUM = 22584883.9999995, bChange = 0.0394216, totNum = 9020
ROUND = 203, SUM = 22584883.9999998, bChange = 0.0394493, totNum = 8937
ROUND = 204, SUM = 22584883.9999996, bChange = 0.0394767, totNum = 8844
ROUND = 205, SUM = 22584883.9999997, bChange = 0.0395036, totNum = 8775
ROUND = 206, SUM = 22584883.9999998, bChange = 0.0395301, totNum = 8710
ROUND = 207, SUM = 22584883.9999996, bChange = 0.0395563, totNum = 8627
ROUND = 208, SUM = 22584883.9999996, bChange = 0.039582, totNum = 8550
ROUND = 209, SUM = 22584883.9999996, bChange = 0.0396074, totNum = 8494
ROUND = 210, SUM = 22584883.9999997, bChange = 0.0396324, totNum = 8423
ROUND = 211, SUM = 22584883.9999998, bChange = 0.039657, totNum = 8351
ROUND = 212, SUM = 22584883.9999995, bChange = 0.0396812, totNum = 8280
ROUND = 213, SUM = 22584883.9999997, bChange = 0.0397051, totNum = 8206
ROUND = 214, SUM = 22584883.9999999, bChange = 0.0397287, totNum = 8152
ROUND = 215, SUM = 22584883.9999996, bChange = 0.0397519, totNum = 8093
ROUND = 216, SUM = 22584883.9999997, bChange = 0.0397748, totNum = 8032
ROUND = 217, SUM = 22584883.9999996, bChange = 0.0397973, totNum = 7967
ROUND = 218, SUM = 22584883.9999996, bChange = 0.0398195, totNum = 7904
ROUND = 219, SUM = 22584883.9999996, bChange = 0.0398414, totNum = 7838
ROUND = 220, SUM = 22584883.9999996, bChange = 0.0350148, totNum = 7774
ROUND = 221, SUM = 22584883.9999997, bChange = 0.0350223, totNum = 7714
ROUND = 222, SUM = 22584883.9999997, bChange = 0.0350295, totNum = 7657
ROUND = 223, SUM = 22584883.9999998, bChange = 0.0350366, totNum = 7608
ROUND = 224, SUM = 22584883.9999996, bChange = 0.0350435, totNum = 7543
ROUND = 225, SUM = 22584883.9999997, bChange = 0.0350502, totNum = 7498
ROUND = 226, SUM = 22584883.9999998, bChange = 0.0308987, totNum = 7418
ROUND = 227, SUM = 22584883.9999998, bChange = 0.0308983, totNum = 7368
ROUND = 228, SUM = 22584883.9999996, bChange = 0.030898, totNum = 7304
ROUND = 229, SUM = 22584883.9999996, bChange = 0.0308976, totNum = 7241
ROUND = 230, SUM = 22584883.9999998, bChange = 0.0308973, totNum = 7177
ROUND = 231, SUM = 22584883.9999997, bChange = 0.0308969, totNum = 7120
ROUND = 232, SUM = 22584883.9999998, bChange = 0.0308966, totNum = 7054
ROUND = 233, SUM = 22584883.9999995, bChange = 0.0308963, totNum = 7006
ROUND = 234, SUM = 22584883.9999996, bChange = 0.030896, totNum = 6970
ROUND = 235, SUM = 22584883.9999996, bChange = 0.0308957, totNum = 6926
ROUND = 236, SUM = 22584883.9999996, bChange = 0.0308954, totNum = 6870
ROUND = 237, SUM = 22584883.9999995, bChange = 0.0308951, totNum = 6814
ROUND = 238, SUM = 22584883.9999996, bChange = 0.0308948, totNum = 6749
ROUND = 239, SUM = 22584883.9999997, bChange = 0.0308945, totNum = 6700
ROUND = 240, SUM = 22584883.9999996, bChange = 0.0308943, totNum = 6645
ROUND = 241, SUM = 22584883.9999996, bChange = 0.030894, totNum = 6604
ROUND = 242, SUM = 22584883.9999998, bChange = 0.0308938, totNum = 6551
ROUND = 243, SUM = 22584883.9999995, bChange = 0.0308936, totNum = 6484
ROUND = 244, SUM = 22584883.9999996, bChange = 0.0308933, totNum = 6437
ROUND = 245, SUM = 22584883.9999998, bChange = 0.0292, totNum = 6393
ROUND = 246, SUM = 22584883.9999997, bChange = 0.0289927, totNum = 6349
ROUND = 247, SUM = 22584883.9999997, bChange = 0.0280958, totNum = 6320
ROUND = 248, SUM = 22584883.9999997, bChange = 0.0280959, totNum = 6265
ROUND = 249, SUM = 22584883.9999995, bChange = 0.0280959, totNum = 6222
ROUND = 250, SUM = 22584883.9999995, bChange = 0.028096, totNum = 6181
ROUND = 251, SUM = 22584883.9999996, bChange = 0.028096, totNum = 6136
ROUND = 252, SUM = 22584883.9999998, bChange = 0.0280961, totNum = 6090
ROUND = 253, SUM = 22584883.9999996, bChange = 0.0280961, totNum = 6048
ROUND = 254, SUM = 22584883.9999998, bChange = 0.0280961, totNum = 6000
ROUND = 255, SUM = 22584883.9999997, bChange = 0.0280989, totNum = 5948
ROUND = 256, SUM = 22584883.9999997, bChange = 0.0281078, totNum = 5904
ROUND = 257, SUM = 22584883.9999997, bChange = 0.0281166, totNum = 5858
ROUND = 258, SUM = 22584883.9999995, bChange = 0.0281253, totNum = 5825
ROUND = 259, SUM = 22584883.9999997, bChange = 0.0281339, totNum = 5780
ROUND = 260, SUM = 22584883.9999998, bChange = 0.0281424, totNum = 5746
ROUND = 261, SUM = 22584883.9999997, bChange = 0.0281508, totNum = 5708
ROUND = 262, SUM = 22584883.9999997, bChange = 0.0281591, totNum = 5673
ROUND = 263, SUM = 22584883.9999997, bChange = 0.0281673, totNum = 5643
ROUND = 264, SUM = 22584883.9999996, bChange = 0.0281755, totNum = 5613
ROUND = 265, SUM = 22584883.9999996, bChange = 0.0281835, totNum = 5569
ROUND = 266, SUM = 22584883.9999997, bChange = 0.0281915, totNum = 5526
ROUND = 267, SUM = 22584883.9999995, bChange = 0.0281994, totNum = 5487
ROUND = 268, SUM = 22584883.9999995, bChange = 0.0282071, totNum = 5449
ROUND = 269, SUM = 22584883.9999997, bChange = 0.0282148, totNum = 5408
ROUND = 270, SUM = 22584883.9999997, bChange = 0.0265524, totNum = 5361
ROUND = 271, SUM = 22584883.9999996, bChange = 0.0265523, totNum = 5333
ROUND = 272, SUM = 22584883.9999997, bChange = 0.0265523, totNum = 5298
ROUND = 273, SUM = 22584883.9999996, bChange = 0.0265523, totNum = 5263
ROUND = 274, SUM = 22584883.9999998, bChange = 0.0265522, totNum = 5221
ROUND = 275, SUM = 22584883.9999996, bChange = 0.0265522, totNum = 5177
ROUND = 276, SUM = 22584883.9999997, bChange = 0.0265522, totNum = 5139
ROUND = 277, SUM = 22584883.9999997, bChange = 0.0265521, totNum = 5102
ROUND = 278, SUM = 22584883.9999997, bChange = 0.0265521, totNum = 5069
ROUND = 279, SUM = 22584883.9999995, bChange = 0.0265521, totNum = 5027
ROUND = 280, SUM = 22584883.9999996, bChange = 0.0265521, totNum = 4996
ROUND = 281, SUM = 22584883.9999997, bChange = 0.026552, totNum = 4973
ROUND = 282, SUM = 22584883.9999997, bChange = 0.026552, totNum = 4944
ROUND = 283, SUM = 22584883.9999998, bChange = 0.026552, totNum = 4915
ROUND = 284, SUM = 22584883.9999996, bChange = 0.026552, totNum = 4886
ROUND = 285, SUM = 22584883.9999996, bChange = 0.026552, totNum = 4848
ROUND = 286, SUM = 22584883.9999996, bChange = 0.0265519, totNum = 4822
ROUND = 287, SUM = 22584883.9999997, bChange = 0.0265519, totNum = 4792
ROUND = 288, SUM = 22584883.9999997, bChange = 0.025903, totNum = 4752
ROUND = 289, SUM = 22584883.9999997, bChange = 0.0259039, totNum = 4723
ROUND = 290, SUM = 22584883.9999999, bChange = 0.0259047, totNum = 4688
ROUND = 291, SUM = 22584883.9999998, bChange = 0.0259056, totNum = 4667
ROUND = 292, SUM = 22584883.9999996, bChange = 0.0259064, totNum = 4641
ROUND = 293, SUM = 22584883.9999996, bChange = 0.0259072, totNum = 4620
ROUND = 294, SUM = 22584883.9999998, bChange = 0.025908, totNum = 4584
ROUND = 295, SUM = 22584883.9999999, bChange = 0.0259088, totNum = 4559
ROUND = 296, SUM = 22584883.9999999, bChange = 0.0259096, totNum = 4541
ROUND = 297, SUM = 22584883.9999997, bChange = 0.0259104, totNum = 4515
ROUND = 298, SUM = 22584883.9999998, bChange = 0.0259111, totNum = 4482
ROUND = 299, SUM = 22584883.9999997, bChange = 0.0259119, totNum = 4457
ROUND = 300, SUM = 22584883.9999998, bChange = 0.0259126, totNum = 4433
ROUND = 301, SUM = 22584883.9999996, bChange = 0.0244053, totNum = 4410
ROUND = 302, SUM = 22584883.9999997, bChange = 0.0244054, totNum = 4385
ROUND = 303, SUM = 22584883.9999998, bChange = 0.0244055, totNum = 4357
ROUND = 304, SUM = 22584883.9999995, bChange = 0.0244056, totNum = 4332
ROUND = 305, SUM = 22584883.9999998, bChange = 0.0244057, totNum = 4312
ROUND = 306, SUM = 22584883.9999998, bChange = 0.0244058, totNum = 4295
ROUND = 307, SUM = 22584883.9999999, bChange = 0.0244058, totNum = 4271
ROUND = 308, SUM = 22584883.9999996, bChange = 0.0244059, totNum = 4246
ROUND = 309, SUM = 22584883.9999999, bChange = 0.024406, totNum = 4211
ROUND = 310, SUM = 22584883.9999998, bChange = 0.0244061, totNum = 4194
ROUND = 311, SUM = 22584883.9999997, bChange = 0.0244062, totNum = 4178
ROUND = 312, SUM = 22584883.9999997, bChange = 0.0244063, totNum = 4163
ROUND = 313, SUM = 22584883.9999997, bChange = 0.0244063, totNum = 4150
ROUND = 314, SUM = 22584883.9999998, bChange = 0.0244064, totNum = 4127
ROUND = 315, SUM = 22584883.9999997, bChange = 0.0244065, totNum = 4108
ROUND = 316, SUM = 22584883.9999997, bChange = 0.0244066, totNum = 4091
ROUND = 317, SUM = 22584883.9999997, bChange = 0.0244066, totNum = 4065
ROUND = 318, SUM = 22584883.9999999, bChange = 0.0244067, totNum = 4040
ROUND = 319, SUM = 22584883.9999999, bChange = 0.0244068, totNum = 4019
ROUND = 320, SUM = 22584883.9999997, bChange = 0.0244068, totNum = 4000
ROUND = 321, SUM = 22584883.9999996, bChange = 0.0244069, totNum = 3977
ROUND = 322, SUM = 22584883.9999997, bChange = 0.024407, totNum = 3952
ROUND = 323, SUM = 22584883.9999997, bChange = 0.024407, totNum = 3933
ROUND = 324, SUM = 22584883.9999998, bChange = 0.0244071, totNum = 3910
ROUND = 325, SUM = 22584883.9999998, bChange = 0.0244071, totNum = 3887
ROUND = 326, SUM = 22584883.9999997, bChange = 0.0244072, totNum = 3867
ROUND = 327, SUM = 22584883.9999997, bChange = 0.0244072, totNum = 3848
ROUND = 328, SUM = 22584883.9999996, bChange = 0.0244073, totNum = 3823
ROUND = 329, SUM = 22584883.9999999, bChange = 0.0244073, totNum = 3799
ROUND = 330, SUM = 22584883.9999996, bChange = 0.0244074, totNum = 3781
ROUND = 331, SUM = 22584883.9999998, bChange = 0.0244074, totNum = 3764
ROUND = 332, SUM = 22584883.9999996, bChange = 0.0244075, totNum = 3747
ROUND = 333, SUM = 22584883.9999996, bChange = 0.0244075, totNum = 3724
ROUND = 334, SUM = 22584883.9999998, bChange = 0.0244076, totNum = 3709
ROUND = 335, SUM = 22584883.9999997, bChange = 0.0244076, totNum = 3687
ROUND = 336, SUM = 22584883.9999999, bChange = 0.0244077, totNum = 3670
ROUND = 337, SUM = 22584883.9999997, bChange = 0.0244077, totNum = 3653
ROUND = 338, SUM = 22584883.9999997, bChange = 0.0244078, totNum = 3635
ROUND = 339, SUM = 22584883.9999996, bChange = 0.0244078, totNum = 3617
ROUND = 340, SUM = 22584883.9999997, bChange = 0.0221788, totNum = 3604
ROUND = 341, SUM = 22584883.9999997, bChange = 0.022179, totNum = 3588
ROUND = 342, SUM = 22584883.9999997, bChange = 0.0221793, totNum = 3574
ROUND = 343, SUM = 22584883.9999998, bChange = 0.0221795, totNum = 3557
ROUND = 344, SUM = 22584883.9999996, bChange = 0.0221797, totNum = 3539
ROUND = 345, SUM = 22584883.9999999, bChange = 0.0221799, totNum = 3520
ROUND = 346, SUM = 22584883.9999996, bChange = 0.0193714, totNum = 3499
ROUND = 347, SUM = 22584883.9999999, bChange = 0.0193718, totNum = 3485
ROUND = 348, SUM = 22584883.9999999, bChange = 0.0193721, totNum = 3467
ROUND = 349, SUM = 22584883.9999999, bChange = 0.0193725, totNum = 3453
ROUND = 350, SUM = 22584883.9999998, bChange = 0.0193728, totNum = 3439
ROUND = 351, SUM = 22584883.9999999, bChange = 0.0193731, totNum = 3428
ROUND = 352, SUM = 22584883.9999998, bChange = 0.0193734, totNum = 3409
ROUND = 353, SUM = 22584883.9999997, bChange = 0.0193738, totNum = 3397
ROUND = 354, SUM = 22584883.9999998, bChange = 0.0193741, totNum = 3386
ROUND = 355, SUM = 22584883.9999998, bChange = 0.0193744, totNum = 3373
ROUND = 356, SUM = 22584883.9999997, bChange = 0.0193747, totNum = 3360
ROUND = 357, SUM = 22584883.9999997, bChange = 0.0193751, totNum = 3346
ROUND = 358, SUM = 22584883.9999996, bChange = 0.0193554, totNum = 3329
ROUND = 359, SUM = 22584883.9999998, bChange = 0.0193553, totNum = 3319
ROUND = 360, SUM = 22584883.9999996, bChange = 0.0193553, totNum = 3304
ROUND = 361, SUM = 22584883.9999997, bChange = 0.0193552, totNum = 3286
ROUND = 362, SUM = 22584883.9999998, bChange = 0.0193552, totNum = 3261
ROUND = 363, SUM = 22584883.9999999, bChange = 0.0193551, totNum = 3248
ROUND = 364, SUM = 22584883.9999999, bChange = 0.0193551, totNum = 3236
ROUND = 365, SUM = 22584883.9999998, bChange = 0.0193551, totNum = 3219
ROUND = 366, SUM = 22584883.9999997, bChange = 0.019355, totNum = 3204
ROUND = 367, SUM = 22584884, bChange = 0.019355, totNum = 3186
ROUND = 368, SUM = 22584883.9999998, bChange = 0.0193549, totNum = 3175
ROUND = 369, SUM = 22584883.9999999, bChange = 0.0193549, totNum = 3163
ROUND = 370, SUM = 22584883.9999998, bChange = 0.0193549, totNum = 3142
ROUND = 371, SUM = 22584883.9999999, bChange = 0.0193548, totNum = 3130
ROUND = 372, SUM = 22584883.9999999, bChange = 0.0193548, totNum = 3114
ROUND = 373, SUM = 22584883.9999999, bChange = 0.0193547, totNum = 3094
ROUND = 374, SUM = 22584883.9999999, bChange = 0.0193547, totNum = 3078
ROUND = 375, SUM = 22584883.9999998, bChange = 0.0193547, totNum = 3070
ROUND = 376, SUM = 22584883.9999997, bChange = 0.0193546, totNum = 3059
ROUND = 377, SUM = 22584883.9999998, bChange = 0.0193546, totNum = 3046
ROUND = 378, SUM = 22584883.9999996, bChange = 0.0193546, totNum = 3035
ROUND = 379, SUM = 22584883.9999998, bChange = 0.0193545, totNum = 3020
ROUND = 380, SUM = 22584883.9999998, bChange = 0.0193545, totNum = 3010
ROUND = 381, SUM = 22584883.9999997, bChange = 0.0193545, totNum = 3002
ROUND = 382, SUM = 22584883.9999999, bChange = 0.0193544, totNum = 2985
ROUND = 383, SUM = 22584883.9999998, bChange = 0.0193544, totNum = 2977
ROUND = 384, SUM = 22584883.9999998, bChange = 0.0193544, totNum = 2960
ROUND = 385, SUM = 22584883.9999998, bChange = 0.0193543, totNum = 2948
ROUND = 386, SUM = 22584883.9999999, bChange = 0.0193543, totNum = 2936
ROUND = 387, SUM = 22584883.9999996, bChange = 0.0186536, totNum = 2919
ROUND = 388, SUM = 22584883.9999998, bChange = 0.0186541, totNum = 2911
ROUND = 389, SUM = 22584883.9999996, bChange = 0.0177852, totNum = 2897
ROUND = 390, SUM = 22584883.9999998, bChange = 0.0177852, totNum = 2885
ROUND = 391, SUM = 22584883.9999999, bChange = 0.0177852, totNum = 2875
ROUND = 392, SUM = 22584883.9999998, bChange = 0.0177853, totNum = 2867
ROUND = 393, SUM = 22584883.9999998, bChange = 0.0177853, totNum = 2854
ROUND = 394, SUM = 22584884, bChange = 0.0177854, totNum = 2840
ROUND = 395, SUM = 22584883.9999999, bChange = 0.0177854, totNum = 2827
ROUND = 396, SUM = 22584883.9999996, bChange = 0.0177855, totNum = 2812
ROUND = 397, SUM = 22584883.9999998, bChange = 0.0177855, totNum = 2804
ROUND = 398, SUM = 22584883.9999998, bChange = 0.0177856, totNum = 2792
ROUND = 399, SUM = 22584883.9999998, bChange = 0.0177856, totNum = 2778
ROUND = 400, SUM = 22584883.9999999, bChange = 0.0177857, totNum = 2767
ROUND = 401, SUM = 22584883.9999998, bChange = 0.0177858, totNum = 2758
ROUND = 402, SUM = 22584883.9999997, bChange = 0.0177858, totNum = 2752
ROUND = 403, SUM = 22584883.9999998, bChange = 0.0177859, totNum = 2742
ROUND = 404, SUM = 22584884, bChange = 0.017786, totNum = 2731
ROUND = 405, SUM = 22584883.9999997, bChange = 0.017786, totNum = 2719
ROUND = 406, SUM = 22584883.9999998, bChange = 0.0177861, totNum = 2708
ROUND = 407, SUM = 22584883.9999998, bChange = 0.0177862, totNum = 2697
ROUND = 408, SUM = 22584883.9999998, bChange = 0.0177862, totNum = 2690
ROUND = 409, SUM = 22584883.9999999, bChange = 0.016212, totNum = 2677
ROUND = 410, SUM = 22584883.9999999, bChange = 0.0162121, totNum = 2669
ROUND = 411, SUM = 22584883.9999999, bChange = 0.0162122, totNum = 2656
ROUND = 412, SUM = 22584883.9999998, bChange = 0.0162123, totNum = 2642
ROUND = 413, SUM = 22584883.9999997, bChange = 0.0162125, totNum = 2631
ROUND = 414, SUM = 22584883.9999999, bChange = 0.0162126, totNum = 2622
ROUND = 415, SUM = 22584883.9999998, bChange = 0.0162127, totNum = 2607
ROUND = 416, SUM = 22584883.9999998, bChange = 0.0162128, totNum = 2598
ROUND = 417, SUM = 22584883.9999997, bChange = 0.016213, totNum = 2586
ROUND = 418, SUM = 22584883.9999999, bChange = 0.0162131, totNum = 2577
ROUND = 419, SUM = 22584883.9999997, bChange = 0.0162132, totNum = 2570
ROUND = 420, SUM = 22584883.9999999, bChange = 0.0162133, totNum = 2560
ROUND = 421, SUM = 22584883.9999998, bChange = 0.0162134, totNum = 2548
ROUND = 422, SUM = 22584883.9999998, bChange = 0.0162135, totNum = 2531
ROUND = 423, SUM = 22584883.9999999, bChange = 0.0162137, totNum = 2523
ROUND = 424, SUM = 22584883.9999996, bChange = 0.0162138, totNum = 2516
ROUND = 425, SUM = 22584883.9999996, bChange = 0.0162139, totNum = 2506
ROUND = 426, SUM = 22584883.9999998, bChange = 0.016214, totNum = 2497
ROUND = 427, SUM = 22584883.9999999, bChange = 0.0162141, totNum = 2489
ROUND = 428, SUM = 22584883.9999997, bChange = 0.0162142, totNum = 2482
ROUND = 429, SUM = 22584884, bChange = 0.0162143, totNum = 2472
ROUND = 430, SUM = 22584883.9999998, bChange = 0.0162144, totNum = 2462
ROUND = 431, SUM = 22584883.9999999, bChange = 0.0162145, totNum = 2453
ROUND = 432, SUM = 22584883.9999998, bChange = 0.0162146, totNum = 2445
ROUND = 433, SUM = 22584883.9999998, bChange = 0.0162147, totNum = 2431
ROUND = 434, SUM = 22584883.9999998, bChange = 0.0162148, totNum = 2421
ROUND = 435, SUM = 22584883.9999996, bChange = 0.0162149, totNum = 2413
ROUND = 436, SUM = 22584883.9999998, bChange = 0.016215, totNum = 2399
ROUND = 437, SUM = 22584883.9999997, bChange = 0.0162151, totNum = 2388
ROUND = 438, SUM = 22584883.9999998, bChange = 0.0162152, totNum = 2385
ROUND = 439, SUM = 22584883.9999997, bChange = 0.0162153, totNum = 2371
ROUND = 440, SUM = 22584883.9999999, bChange = 0.0162153, totNum = 2356
ROUND = 441, SUM = 22584883.9999998, bChange = 0.0162154, totNum = 2345
ROUND = 442, SUM = 22584883.9999998, bChange = 0.0162155, totNum = 2333
ROUND = 443, SUM = 22584883.9999998, bChange = 0.0162156, totNum = 2322
ROUND = 444, SUM = 22584883.9999997, bChange = 0.0162157, totNum = 2321
ROUND = 445, SUM = 22584883.9999997, bChange = 0.0162158, totNum = 2308
ROUND = 446, SUM = 22584883.9999997, bChange = 0.0162159, totNum = 2302
ROUND = 447, SUM = 22584883.9999999, bChange = 0.0162159, totNum = 2292
ROUND = 448, SUM = 22584883.9999998, bChange = 0.016216, totNum = 2282
ROUND = 449, SUM = 22584883.9999997, bChange = 0.0162161, totNum = 2271
ROUND = 450, SUM = 22584883.9999999, bChange = 0.0162162, totNum = 2268
ROUND = 451, SUM = 22584883.9999998, bChange = 0.0156132, totNum = 2256
ROUND = 452, SUM = 22584883.9999999, bChange = 0.0156133, totNum = 2251
ROUND = 453, SUM = 22584883.9999998, bChange = 0.0156134, totNum = 2233
ROUND = 454, SUM = 22584883.9999999, bChange = 0.0156135, totNum = 2225
ROUND = 455, SUM = 22584883.9999999, bChange = 0.0156137, totNum = 2212
ROUND = 456, SUM = 22584884, bChange = 0.0156138, totNum = 2205
ROUND = 457, SUM = 22584883.9999999, bChange = 0.0156139, totNum = 2200
ROUND = 458, SUM = 22584883.9999998, bChange = 0.015614, totNum = 2188
ROUND = 459, SUM = 22584883.9999998, bChange = 0.0156141, totNum = 2181
ROUND = 460, SUM = 22584883.9999999, bChange = 0.0156142, totNum = 2168
ROUND = 461, SUM = 22584883.9999999, bChange = 0.0156143, totNum = 2162
ROUND = 462, SUM = 22584883.9999999, bChange = 0.0156144, totNum = 2156
ROUND = 463, SUM = 22584883.9999999, bChange = 0.0156145, totNum = 2147
ROUND = 464, SUM = 22584883.9999998, bChange = 0.0156146, totNum = 2140
ROUND = 465, SUM = 22584884, bChange = 0.0156147, totNum = 2131
ROUND = 466, SUM = 22584883.9999998, bChange = 0.0156148, totNum = 2123
ROUND = 467, SUM = 22584883.9999999, bChange = 0.0156149, totNum = 2114
ROUND = 468, SUM = 22584883.9999998, bChange = 0.015615, totNum = 2110
ROUND = 469, SUM = 22584883.9999998, bChange = 0.0141757, totNum = 2099
ROUND = 470, SUM = 22584883.9999999, bChange = 0.0141757, totNum = 2094
ROUND = 471, SUM = 22584883.9999999, bChange = 0.0141757, totNum = 2088
ROUND = 472, SUM = 22584883.9999999, bChange = 0.0141757, totNum = 2083
ROUND = 473, SUM = 22584884, bChange = 0.0141758, totNum = 2073
ROUND = 474, SUM = 22584883.9999997, bChange = 0.0141758, totNum = 2062
ROUND = 475, SUM = 22584883.9999998, bChange = 0.0141758, totNum = 2058
ROUND = 476, SUM = 22584883.9999999, bChange = 0.0141758, totNum = 2054
ROUND = 477, SUM = 22584884, bChange = 0.0141758, totNum = 2049
ROUND = 478, SUM = 22584884, bChange = 0.0141759, totNum = 2039
ROUND = 479, SUM = 22584883.9999999, bChange = 0.0141759, totNum = 2032
ROUND = 480, SUM = 22584883.9999999, bChange = 0.0141759, totNum = 2024
ROUND = 481, SUM = 22584883.9999999, bChange = 0.0141759, totNum = 2012
ROUND = 482, SUM = 22584883.9999998, bChange = 0.0141759, totNum = 2005
ROUND = 483, SUM = 22584883.9999999, bChange = 0.0141759, totNum = 1996
ROUND = 484, SUM = 22584883.9999998, bChange = 0.014176, totNum = 1990
ROUND = 485, SUM = 22584883.9999998, bChange = 0.014176, totNum = 1982
ROUND = 486, SUM = 22584883.9999999, bChange = 0.014176, totNum = 1972
ROUND = 487, SUM = 22584883.9999997, bChange = 0.014176, totNum = 1968
ROUND = 488, SUM = 22584883.9999999, bChange = 0.014176, totNum = 1961
ROUND = 489, SUM = 22584883.9999998, bChange = 0.014176, totNum = 1952
ROUND = 490, SUM = 22584883.9999999, bChange = 0.0136649, totNum = 1942
ROUND = 491, SUM = 22584883.9999998, bChange = 0.0136651, totNum = 1938
ROUND = 492, SUM = 22584883.9999999, bChange = 0.0136653, totNum = 1932
ROUND = 493, SUM = 22584883.9999997, bChange = 0.0136655, totNum = 1926
ROUND = 494, SUM = 22584883.9999998, bChange = 0.0136656, totNum = 1919
ROUND = 495, SUM = 22584883.9999999, bChange = 0.0136658, totNum = 1915
ROUND = 496, SUM = 22584883.9999998, bChange = 0.013666, totNum = 1912
ROUND = 497, SUM = 22584883.9999999, bChange = 0.0136662, totNum = 1906
ROUND = 498, SUM = 22584883.9999998, bChange = 0.0136664, totNum = 1900
ROUND = 499, SUM = 22584883.9999999, bChange = 0.0136665, totNum = 1895
ROUND = 500, SUM = 22584883.9999998, bChange = 0.0136667, totNum = 1890
ROUND = 501, SUM = 22584883.9999999, bChange = 0.0136669, totNum = 1884
ROUND = 502, SUM = 22584883.9999999, bChange = 0.013667, totNum = 1879
ROUND = 503, SUM = 22584883.9999997, bChange = 0.0136672, totNum = 1874
ROUND = 504, SUM = 22584883.9999999, bChange = 0.0136674, totNum = 1868
ROUND = 505, SUM = 22584883.9999999, bChange = 0.0136675, totNum = 1861
ROUND = 506, SUM = 22584884, bChange = 0.0136677, totNum = 1859
ROUND = 507, SUM = 22584884, bChange = 0.0136678, totNum = 1853
ROUND = 508, SUM = 22584883.9999999, bChange = 0.013668, totNum = 1846
ROUND = 509, SUM = 22584883.9999999, bChange = 0.0136681, totNum = 1840
ROUND = 510, SUM = 22584883.9999999, bChange = 0.0136683, totNum = 1834
ROUND = 511, SUM = 22584883.9999997, bChange = 0.0136684, totNum = 1829
ROUND = 512, SUM = 22584883.9999999, bChange = 0.0136686, totNum = 1823
ROUND = 513, SUM = 22584883.9999999, bChange = 0.0136687, totNum = 1812
ROUND = 514, SUM = 22584883.9999999, bChange = 0.0136689, totNum = 1804
ROUND = 515, SUM = 22584883.9999999, bChange = 0.013669, totNum = 1796
ROUND = 516, SUM = 22584883.9999999, bChange = 0.0136691, totNum = 1792
ROUND = 517, SUM = 22584883.9999999, bChange = 0.0136693, totNum = 1790
ROUND = 518, SUM = 22584883.9999998, bChange = 0.0136694, totNum = 1787
ROUND = 519, SUM = 22584883.9999999, bChange = 0.0136696, totNum = 1782
ROUND = 520, SUM = 22584883.9999998, bChange = 0.0136697, totNum = 1780
ROUND = 521, SUM = 22584883.9999998, bChange = 0.0136698, totNum = 1771
ROUND = 522, SUM = 22584883.9999999, bChange = 0.0136699, totNum = 1763
ROUND = 523, SUM = 22584883.9999999, bChange = 0.0136701, totNum = 1754
ROUND = 524, SUM = 22584883.9999999, bChange = 0.0136702, totNum = 1749
ROUND = 525, SUM = 22584883.9999999, bChange = 0.0136703, totNum = 1743
ROUND = 526, SUM = 22584883.9999998, bChange = 0.0136704, totNum = 1734
ROUND = 527, SUM = 22584883.9999997, bChange = 0.0136705, totNum = 1728
ROUND = 528, SUM = 22584883.9999998, bChange = 0.0136707, totNum = 1725
ROUND = 529, SUM = 22584883.9999997, bChange = 0.0136708, totNum = 1720
ROUND = 530, SUM = 22584883.9999998, bChange = 0.0136709, totNum = 1715
ROUND = 531, SUM = 22584883.9999999, bChange = 0.013671, totNum = 1708
ROUND = 532, SUM = 22584883.9999998, bChange = 0.0136711, totNum = 1704
ROUND = 533, SUM = 22584883.9999999, bChange = 0.0136712, totNum = 1701
ROUND = 534, SUM = 22584883.9999998, bChange = 0.0136713, totNum = 1693
ROUND = 535, SUM = 22584883.9999998, bChange = 0.0136714, totNum = 1688
ROUND = 536, SUM = 22584883.9999999, bChange = 0.0136715, totNum = 1681
ROUND = 537, SUM = 22584883.9999999, bChange = 0.0136716, totNum = 1676
ROUND = 538, SUM = 22584883.9999999, bChange = 0.0136717, totNum = 1663
ROUND = 539, SUM = 22584883.9999998, bChange = 0.012234, totNum = 1657
ROUND = 540, SUM = 22584884, bChange = 0.0122338, totNum = 1650
ROUND = 541, SUM = 22584884, bChange = 0.0122337, totNum = 1643
ROUND = 542, SUM = 22584883.9999998, bChange = 0.0122335, totNum = 1638
ROUND = 543, SUM = 22584883.9999997, bChange = 0.0122333, totNum = 1632
ROUND = 544, SUM = 22584883.9999998, bChange = 0.0122331, totNum = 1627
ROUND = 545, SUM = 22584883.9999998, bChange = 0.0122329, totNum = 1620
ROUND = 546, SUM = 22584883.9999998, bChange = 0.0122328, totNum = 1612
ROUND = 547, SUM = 22584883.9999998, bChange = 0.0122326, totNum = 1605
ROUND = 548, SUM = 22584883.9999997, bChange = 0.0122324, totNum = 1599
ROUND = 549, SUM = 22584883.9999997, bChange = 0.0122323, totNum = 1594
ROUND = 550, SUM = 22584883.9999998, bChange = 0.0122321, totNum = 1588
ROUND = 551, SUM = 22584883.9999998, bChange = 0.0122319, totNum = 1583
ROUND = 552, SUM = 22584883.9999997, bChange = 0.0115975, totNum = 1580
ROUND = 553, SUM = 22584883.9999997, bChange = 0.0115977, totNum = 1573
ROUND = 554, SUM = 22584883.9999999, bChange = 0.0115979, totNum = 1566
ROUND = 555, SUM = 22584883.9999998, bChange = 0.0115981, totNum = 1563
ROUND = 556, SUM = 22584883.9999997, bChange = 0.0115983, totNum = 1556
ROUND = 557, SUM = 22584883.9999999, bChange = 0.0115984, totNum = 1549
ROUND = 558, SUM = 22584883.9999999, bChange = 0.0115986, totNum = 1544
ROUND = 559, SUM = 22584884, bChange = 0.0115988, totNum = 1537
ROUND = 560, SUM = 22584883.9999998, bChange = 0.011599, totNum = 1531
ROUND = 561, SUM = 22584883.9999999, bChange = 0.0115992, totNum = 1524
ROUND = 562, SUM = 22584883.9999997, bChange = 0.0115994, totNum = 1520
ROUND = 563, SUM = 22584883.9999998, bChange = 0.0115996, totNum = 1514
ROUND = 564, SUM = 22584883.9999998, bChange = 0.0115997, totNum = 1512
ROUND = 565, SUM = 22584883.9999998, bChange = 0.0115999, totNum = 1509
ROUND = 566, SUM = 22584884, bChange = 0.0116001, totNum = 1505
ROUND = 567, SUM = 22584883.9999998, bChange = 0.0116003, totNum = 1496
ROUND = 568, SUM = 22584883.9999999, bChange = 0.0116004, totNum = 1493
ROUND = 569, SUM = 22584883.9999999, bChange = 0.0116006, totNum = 1489
ROUND = 570, SUM = 22584883.9999997, bChange = 0.0116008, totNum = 1485
ROUND = 571, SUM = 22584883.9999999, bChange = 0.0116009, totNum = 1479
ROUND = 572, SUM = 22584883.9999999, bChange = 0.0116011, totNum = 1470
ROUND = 573, SUM = 22584883.9999998, bChange = 0.0116012, totNum = 1464
ROUND = 574, SUM = 22584883.9999999, bChange = 0.0116014, totNum = 1462
ROUND = 575, SUM = 22584884, bChange = 0.0116016, totNum = 1456
ROUND = 576, SUM = 22584883.9999998, bChange = 0.0116017, totNum = 1450
ROUND = 577, SUM = 22584883.9999998, bChange = 0.0116019, totNum = 1448
ROUND = 578, SUM = 22584883.9999998, bChange = 0.011602, totNum = 1444
ROUND = 579, SUM = 22584883.9999999, bChange = 0.0116022, totNum = 1442
ROUND = 580, SUM = 22584883.9999999, bChange = 0.0116023, totNum = 1436
ROUND = 581, SUM = 22584883.9999998, bChange = 0.0116025, totNum = 1432
ROUND = 582, SUM = 22584883.9999999, bChange = 0.0116026, totNum = 1425
ROUND = 583, SUM = 22584883.9999999, bChange = 0.0116027, totNum = 1419
ROUND = 584, SUM = 22584883.9999999, bChange = 0.0116029, totNum = 1417
ROUND = 585, SUM = 22584883.9999999, bChange = 0.011603, totNum = 1410
ROUND = 586, SUM = 22584883.9999997, bChange = 0.011163, totNum = 1406
ROUND = 587, SUM = 22584883.9999998, bChange = 0.0111633, totNum = 1404
ROUND = 588, SUM = 22584883.9999998, bChange = 0.0111636, totNum = 1400
ROUND = 589, SUM = 22584883.9999999, bChange = 0.0111639, totNum = 1397
ROUND = 590, SUM = 22584884, bChange = 0.0111642, totNum = 1394
ROUND = 591, SUM = 22584883.9999998, bChange = 0.0111645, totNum = 1391
ROUND = 592, SUM = 22584883.9999999, bChange = 0.0111648, totNum = 1385
ROUND = 593, SUM = 22584883.9999999, bChange = 0.0111651, totNum = 1384
ROUND = 594, SUM = 22584883.9999999, bChange = 0.0111654, totNum = 1379
ROUND = 595, SUM = 22584883.9999999, bChange = 0.0111656, totNum = 1373
ROUND = 596, SUM = 22584883.9999999, bChange = 0.0111659, totNum = 1372
ROUND = 597, SUM = 22584884, bChange = 0.0111662, totNum = 1370
ROUND = 598, SUM = 22584883.9999999, bChange = 0.0111665, totNum = 1361
ROUND = 599, SUM = 22584884, bChange = 0.0111667, totNum = 1357
ROUND = 600, SUM = 22584883.9999998, bChange = 0.011167, totNum = 1355
ROUND = 601, SUM = 22584883.9999999, bChange = 0.0111673, totNum = 1352
ROUND = 602, SUM = 22584883.9999998, bChange = 0.0111675, totNum = 1347
ROUND = 603, SUM = 22584883.9999999, bChange = 0.0111678, totNum = 1344
ROUND = 604, SUM = 22584883.9999999, bChange = 0.011168, totNum = 1341
ROUND = 605, SUM = 22584883.9999999, bChange = 0.0111683, totNum = 1339
ROUND = 606, SUM = 22584884, bChange = 0.0111685, totNum = 1332
ROUND = 607, SUM = 22584884, bChange = 0.0111688, totNum = 1329
ROUND = 608, SUM = 22584883.9999999, bChange = 0.011169, totNum = 1326
ROUND = 609, SUM = 22584883.9999998, bChange = 0.0111693, totNum = 1320
ROUND = 610, SUM = 22584883.9999999, bChange = 0.0111695, totNum = 1317
ROUND = 611, SUM = 22584884, bChange = 0.0111698, totNum = 1309
ROUND = 612, SUM = 22584884, bChange = 0.01117, totNum = 1308
ROUND = 613, SUM = 22584883.9999999, bChange = 0.0111702, totNum = 1305
ROUND = 614, SUM = 22584883.9999999, bChange = 0.0111705, totNum = 1300
ROUND = 615, SUM = 22584883.9999998, bChange = 0.0111707, totNum = 1296
ROUND = 616, SUM = 22584883.9999999, bChange = 0.0111709, totNum = 1290
ROUND = 617, SUM = 22584883.9999999, bChange = 0.0111711, totNum = 1289
ROUND = 618, SUM = 22584883.9999999, bChange = 0.0111714, totNum = 1288
ROUND = 619, SUM = 22584883.9999999, bChange = 0.0111716, totNum = 1284
ROUND = 620, SUM = 22584883.9999998, bChange = 0.0111718, totNum = 1278
ROUND = 621, SUM = 22584883.9999998, bChange = 0.011172, totNum = 1273
ROUND = 622, SUM = 22584883.9999998, bChange = 0.0111722, totNum = 1273
ROUND = 623, SUM = 22584883.9999999, bChange = 0.0111725, totNum = 1266
ROUND = 624, SUM = 22584883.9999999, bChange = 0.0111727, totNum = 1264
ROUND = 625, SUM = 22584883.9999999, bChange = 0.0111729, totNum = 1258
ROUND = 626, SUM = 22584883.9999999, bChange = 0.0111731, totNum = 1254
ROUND = 627, SUM = 22584883.9999999, bChange = 0.0111733, totNum = 1249
ROUND = 628, SUM = 22584883.9999998, bChange = 0.0111735, totNum = 1244
ROUND = 629, SUM = 22584883.9999998, bChange = 0.0111737, totNum = 1242
ROUND = 630, SUM = 22584883.9999999, bChange = 0.0111739, totNum = 1236
ROUND = 631, SUM = 22584884, bChange = 0.0111741, totNum = 1231
ROUND = 632, SUM = 22584883.9999998, bChange = 0.0111743, totNum = 1225
ROUND = 633, SUM = 22584883.9999998, bChange = 0.0111745, totNum = 1222
ROUND = 634, SUM = 22584883.9999998, bChange = 0.0111747, totNum = 1216
ROUND = 635, SUM = 22584883.9999999, bChange = 0.0111748, totNum = 1213
ROUND = 636, SUM = 22584883.9999999, bChange = 0.011175, totNum = 1212
ROUND = 637, SUM = 22584883.9999999, bChange = 0.0111752, totNum = 1209
ROUND = 638, SUM = 22584883.9999999, bChange = 0.0111754, totNum = 1204
ROUND = 639, SUM = 22584883.9999998, bChange = 0.0111756, totNum = 1200
ROUND = 640, SUM = 22584883.9999998, bChange = 0.0111758, totNum = 1194
ROUND = 641, SUM = 22584883.9999999, bChange = 0.0111759, totNum = 1193
ROUND = 642, SUM = 22584883.9999997, bChange = 0.0111761, totNum = 1191
ROUND = 643, SUM = 22584883.9999999, bChange = 0.0111763, totNum = 1188
ROUND = 644, SUM = 22584883.9999998, bChange = 0.0111765, totNum = 1187
ROUND = 645, SUM = 22584883.9999998, bChange = 0.0111766, totNum = 1182
ROUND = 646, SUM = 22584883.9999999, bChange = 0.0111768, totNum = 1176
ROUND = 647, SUM = 22584884, bChange = 0.011177, totNum = 1174
ROUND = 648, SUM = 22584883.9999998, bChange = 0.0111772, totNum = 1171
ROUND = 649, SUM = 22584883.9999997, bChange = 0.0111773, totNum = 1165
ROUND = 650, SUM = 22584883.9999998, bChange = 0.0111775, totNum = 1164
ROUND = 651, SUM = 22584884, bChange = 0.0111776, totNum = 1161
ROUND = 652, SUM = 22584883.9999998, bChange = 0.0111778, totNum = 1157
ROUND = 653, SUM = 22584883.9999999, bChange = 0.011178, totNum = 1156
ROUND = 654, SUM = 22584883.9999999, bChange = 0.0111781, totNum = 1153
ROUND = 655, SUM = 22584883.9999998, bChange = 0.0111783, totNum = 1152
ROUND = 656, SUM = 22584883.9999997, bChange = 0.0111784, totNum = 1150
ROUND = 657, SUM = 22584883.9999997, bChange = 0.0111786, totNum = 1146
ROUND = 658, SUM = 22584883.9999997, bChange = 0.0111787, totNum = 1142
ROUND = 659, SUM = 22584883.9999999, bChange = 0.0111789, totNum = 1139
ROUND = 660, SUM = 22584883.9999997, bChange = 0.011179, totNum = 1137
ROUND = 661, SUM = 22584883.9999999, bChange = 0.0111792, totNum = 1135
ROUND = 662, SUM = 22584883.9999999, bChange = 0.0111793, totNum = 1129
ROUND = 663, SUM = 22584883.9999999, bChange = 0.0111795, totNum = 1126
ROUND = 664, SUM = 22584883.9999998, bChange = 0.0111796, totNum = 1121
ROUND = 665, SUM = 22584883.9999998, bChange = 0.0111798, totNum = 1118
ROUND = 666, SUM = 22584883.9999998, bChange = 0.0111799, totNum = 1115
ROUND = 667, SUM = 22584883.9999998, bChange = 0.01118, totNum = 1112
ROUND = 668, SUM = 22584883.9999998, bChange = 0.0111802, totNum = 1109
ROUND = 669, SUM = 22584883.9999999, bChange = 0.0111803, totNum = 1108
ROUND = 670, SUM = 22584883.9999999, bChange = 0.0111804, totNum = 1108
ROUND = 671, SUM = 22584883.9999998, bChange = 0.0111806, totNum = 1103
ROUND = 672, SUM = 22584883.9999999, bChange = 0.0111807, totNum = 1097
ROUND = 673, SUM = 22584883.9999999, bChange = 0.0111808, totNum = 1093
ROUND = 674, SUM = 22584883.9999998, bChange = 0.011181, totNum = 1089
ROUND = 675, SUM = 22584883.9999998, bChange = 0.0111811, totNum = 1083
ROUND = 676, SUM = 22584883.9999999, bChange = 0.0111812, totNum = 1079
ROUND = 677, SUM = 22584883.9999998, bChange = 0.0111814, totNum = 1077
ROUND = 678, SUM = 22584883.9999999, bChange = 0.0111815, totNum = 1072
ROUND = 679, SUM = 22584883.9999999, bChange = 0.0111816, totNum = 1068
ROUND = 680, SUM = 22584883.9999999, bChange = 0.0111817, totNum = 1067
ROUND = 681, SUM = 22584883.9999998, bChange = 0.0111819, totNum = 1063
ROUND = 682, SUM = 22584883.9999999, bChange = 0.011182, totNum = 1058
ROUND = 683, SUM = 22584884, bChange = 0.0111821, totNum = 1058
ROUND = 684, SUM = 22584883.9999999, bChange = 0.0111822, totNum = 1055
ROUND = 685, SUM = 22584883.9999998, bChange = 0.0111823, totNum = 1048
ROUND = 686, SUM = 22584883.9999999, bChange = 0.0111824, totNum = 1047
ROUND = 687, SUM = 22584883.9999999, bChange = 0.0111826, totNum = 1046
ROUND = 688, SUM = 22584883.9999998, bChange = 0.0111827, totNum = 1045
ROUND = 689, SUM = 22584883.9999997, bChange = 0.0111828, totNum = 1041
ROUND = 690, SUM = 22584884, bChange = 0.0111829, totNum = 1040
ROUND = 691, SUM = 22584883.9999998, bChange = 0.011183, totNum = 1039
ROUND = 692, SUM = 22584883.9999998, bChange = 0.0111831, totNum = 1035
ROUND = 693, SUM = 22584883.9999998, bChange = 0.0111832, totNum = 1034
ROUND = 694, SUM = 22584883.9999999, bChange = 0.0111833, totNum = 1032
ROUND = 695, SUM = 22584883.9999999, bChange = 0.0111834, totNum = 1024
ROUND = 696, SUM = 22584883.9999998, bChange = 0.0111836, totNum = 1024
ROUND = 697, SUM = 22584883.9999999, bChange = 0.0111837, totNum = 1023
ROUND = 698, SUM = 22584883.9999999, bChange = 0.0111838, totNum = 1020
ROUND = 699, SUM = 22584883.9999999, bChange = 0.0111839, totNum = 1019
ROUND = 700, SUM = 22584884, bChange = 0.011184, totNum = 1019
ROUND = 701, SUM = 22584883.9999999, bChange = 0.0111841, totNum = 1017
ROUND = 702, SUM = 22584883.9999998, bChange = 0.0111842, totNum = 1016
ROUND = 703, SUM = 22584883.9999999, bChange = 0.0111843, totNum = 1015
ROUND = 704, SUM = 22584884, bChange = 0.0111844, totNum = 1011
ROUND = 705, SUM = 22584883.9999998, bChange = 0.0111845, totNum = 1009
ROUND = 706, SUM = 22584883.9999998, bChange = 0.0111846, totNum = 1005
ROUND = 707, SUM = 22584884, bChange = 0.0111846, totNum = 1003
ROUND = 708, SUM = 22584884, bChange = 0.0111847, totNum = 1001
ROUND = 709, SUM = 22584883.9999998, bChange = 0.0111848, totNum = 998
ROUND = 710, SUM = 22584883.9999998, bChange = 0.0110774, totNum = 993
ROUND = 711, SUM = 22584883.9999998, bChange = 0.0110775, totNum = 989
ROUND = 712, SUM = 22584883.9999999, bChange = 0.0110776, totNum = 988
ROUND = 713, SUM = 22584884, bChange = 0.0110777, totNum = 988
ROUND = 714, SUM = 22584884, bChange = 0.0110778, totNum = 987
ROUND = 715, SUM = 22584883.9999998, bChange = 0.011078, totNum = 983
ROUND = 716, SUM = 22584883.9999998, bChange = 0.0110781, totNum = 980
ROUND = 717, SUM = 22584883.9999999, bChange = 0.0110782, totNum = 976
ROUND = 718, SUM = 22584884, bChange = 0.0110783, totNum = 975
ROUND = 719, SUM = 22584883.9999999, bChange = 0.0110784, totNum = 973
ROUND = 720, SUM = 22584883.9999999, bChange = 0.0110785, totNum = 968
ROUND = 721, SUM = 22584883.9999998, bChange = 0.0110786, totNum = 967
ROUND = 722, SUM = 22584883.9999999, bChange = 0.0110788, totNum = 961
ROUND = 723, SUM = 22584884, bChange = 0.0110789, totNum = 958
ROUND = 724, SUM = 22584883.9999999, bChange = 0.011079, totNum = 954
ROUND = 725, SUM = 22584883.9999999, bChange = 0.0110791, totNum = 951
ROUND = 726, SUM = 22584884, bChange = 0.0110792, totNum = 950
ROUND = 727, SUM = 22584883.9999999, bChange = 0.0110793, totNum = 945
ROUND = 728, SUM = 22584884, bChange = 0.0110794, totNum = 945
ROUND = 729, SUM = 22584884, bChange = 0.0110795, totNum = 938
ROUND = 730, SUM = 22584883.9999999, bChange = 0.0110796, totNum = 935
ROUND = 731, SUM = 22584883.9999999, bChange = 0.0110797, totNum = 931
ROUND = 732, SUM = 22584883.9999999, bChange = 0.0110798, totNum = 929
ROUND = 733, SUM = 22584883.9999999, bChange = 0.0110799, totNum = 929
ROUND = 734, SUM = 22584883.9999999, bChange = 0.01108, totNum = 926
ROUND = 735, SUM = 22584883.9999999, bChange = 0.0110801, totNum = 926
ROUND = 736, SUM = 22584884, bChange = 0.0110802, totNum = 924
ROUND = 737, SUM = 22584883.9999999, bChange = 0.0110803, totNum = 923
ROUND = 738, SUM = 22584884, bChange = 0.0110804, totNum = 919
ROUND = 739, SUM = 22584883.9999999, bChange = 0.0110805, totNum = 915
ROUND = 740, SUM = 22584884, bChange = 0.0110806, totNum = 914
ROUND = 741, SUM = 22584884, bChange = 0.0110807, totNum = 912
ROUND = 742, SUM = 22584883.9999997, bChange = 0.0110808, totNum = 911
ROUND = 743, SUM = 22584884, bChange = 0.0110809, totNum = 907
ROUND = 744, SUM = 22584883.9999999, bChange = 0.011081, totNum = 907
ROUND = 745, SUM = 22584884, bChange = 0.0110811, totNum = 907
ROUND = 746, SUM = 22584883.9999997, bChange = 0.0110812, totNum = 903
ROUND = 747, SUM = 22584883.9999998, bChange = 0.0110813, totNum = 903
ROUND = 748, SUM = 22584883.9999998, bChange = 0.0110814, totNum = 902
ROUND = 749, SUM = 22584883.9999998, bChange = 0.0110815, totNum = 901
ROUND = 750, SUM = 22584883.9999999, bChange = 0.0110816, totNum = 898
ROUND = 751, SUM = 22584883.9999999, bChange = 0.0110817, totNum = 897
ROUND = 752, SUM = 22584883.9999999, bChange = 0.0110818, totNum = 893
ROUND = 753, SUM = 22584883.9999999, bChange = 0.0110819, totNum = 891
ROUND = 754, SUM = 22584883.9999999, bChange = 0.0110819, totNum = 887
ROUND = 755, SUM = 22584883.9999999, bChange = 0.011082, totNum = 886
ROUND = 756, SUM = 22584883.9999999, bChange = 0.0110821, totNum = 886
ROUND = 757, SUM = 22584883.9999999, bChange = 0.0110822, totNum = 882
ROUND = 758, SUM = 22584883.9999999, bChange = 0.0110823, totNum = 880
ROUND = 759, SUM = 22584883.9999998, bChange = 0.0110824, totNum = 878
ROUND = 760, SUM = 22584884, bChange = 0.0110825, totNum = 878
ROUND = 761, SUM = 22584883.9999999, bChange = 0.0110826, totNum = 875
ROUND = 762, SUM = 22584883.9999999, bChange = 0.0110826, totNum = 872
ROUND = 763, SUM = 22584883.9999998, bChange = 0.0110827, totNum = 872
ROUND = 764, SUM = 22584883.9999998, bChange = 0.0110828, totNum = 867
ROUND = 765, SUM = 22584883.9999999, bChange = 0.0110829, totNum = 867
ROUND = 766, SUM = 22584883.9999999, bChange = 0.011083, totNum = 863
ROUND = 767, SUM = 22584883.9999999, bChange = 0.0110831, totNum = 862
ROUND = 768, SUM = 22584883.9999998, bChange = 0.0110831, totNum = 861
ROUND = 769, SUM = 22584883.9999998, bChange = 0.0110832, totNum = 859
ROUND = 770, SUM = 22584884, bChange = 0.0110833, totNum = 859
ROUND = 771, SUM = 22584884, bChange = 0.0110834, totNum = 856
ROUND = 772, SUM = 22584883.9999999, bChange = 0.0110835, totNum = 854
ROUND = 773, SUM = 22584883.9999998, bChange = 0.0110835, totNum = 853
ROUND = 774, SUM = 22584883.9999999, bChange = 0.0110836, totNum = 852
ROUND = 775, SUM = 22584883.9999997, bChange = 0.0110837, totNum = 850
ROUND = 776, SUM = 22584883.9999998, bChange = 0.0110838, totNum = 847
ROUND = 777, SUM = 22584883.9999998, bChange = 0.0110839, totNum = 844
ROUND = 778, SUM = 22584884, bChange = 0.0110839, totNum = 841
ROUND = 779, SUM = 22584883.9999998, bChange = 0.011084, totNum = 836
ROUND = 780, SUM = 22584884, bChange = 0.0110841, totNum = 834
ROUND = 781, SUM = 22584883.9999999, bChange = 0.0110842, totNum = 834
ROUND = 782, SUM = 22584884, bChange = 0.0110842, totNum = 830
ROUND = 783, SUM = 22584884, bChange = 0.0110843, totNum = 827
ROUND = 784, SUM = 22584884, bChange = 0.0110844, totNum = 825
ROUND = 785, SUM = 22584883.9999998, bChange = 0.0110845, totNum = 823
ROUND = 786, SUM = 22584883.9999999, bChange = 0.0110845, totNum = 821
ROUND = 787, SUM = 22584883.9999999, bChange = 0.0110846, totNum = 819
ROUND = 788, SUM = 22584883.9999998, bChange = 0.0110847, totNum = 817
ROUND = 789, SUM = 22584883.9999999, bChange = 0.0110847, totNum = 815
ROUND = 790, SUM = 22584883.9999999, bChange = 0.0110848, totNum = 812
ROUND = 791, SUM = 22584883.9999999, bChange = 0.0110849, totNum = 811
ROUND = 792, SUM = 22584884, bChange = 0.011085, totNum = 809
ROUND = 793, SUM = 22584883.9999999, bChange = 0.011085, totNum = 803
ROUND = 794, SUM = 22584883.9999999, bChange = 0.0110851, totNum = 801
ROUND = 795, SUM = 22584884, bChange = 0.0110852, totNum = 798
ROUND = 796, SUM = 22584883.9999999, bChange = 0.0110852, totNum = 795
ROUND = 797, SUM = 22584884, bChange = 0.0110853, totNum = 792
ROUND = 798, SUM = 22584884, bChange = 0.0110854, totNum = 791
ROUND = 799, SUM = 22584884, bChange = 0.0110854, totNum = 787
ROUND = 800, SUM = 22584883.9999999, bChange = 0.0110855, totNum = 787
ROUND = 801, SUM = 22584884.0000001, bChange = 0.0110856, totNum = 785
ROUND = 802, SUM = 22584883.9999999, bChange = 0.0110856, totNum = 782
ROUND = 803, SUM = 22584883.9999997, bChange = 0.0110857, totNum = 778
ROUND = 804, SUM = 22584883.9999999, bChange = 0.0110858, totNum = 778
ROUND = 805, SUM = 22584884, bChange = 0.0110858, totNum = 778
ROUND = 806, SUM = 22584884, bChange = 0.0110859, totNum = 776
ROUND = 807, SUM = 22584883.9999999, bChange = 0.011086, totNum = 775
ROUND = 808, SUM = 22584883.9999999, bChange = 0.011086, totNum = 773
ROUND = 809, SUM = 22584883.9999998, bChange = 0.0110861, totNum = 773
ROUND = 810, SUM = 22584883.9999999, bChange = 0.0110861, totNum = 772
ROUND = 811, SUM = 22584883.9999999, bChange = 0.0110862, totNum = 770
ROUND = 812, SUM = 22584884, bChange = 0.0110863, totNum = 769
ROUND = 813, SUM = 22584883.9999999, bChange = 0.0110863, totNum = 766
ROUND = 814, SUM = 22584883.9999999, bChange = 0.0110864, totNum = 763
ROUND = 815, SUM = 22584883.9999998, bChange = 0.0110865, totNum = 762
ROUND = 816, SUM = 22584883.9999999, bChange = 0.0110865, totNum = 759
ROUND = 817, SUM = 22584884, bChange = 0.0110866, totNum = 758
ROUND = 818, SUM = 22584883.9999999, bChange = 0.0110866, totNum = 756
ROUND = 819, SUM = 22584884, bChange = 0.0110867, totNum = 755
ROUND = 820, SUM = 22584883.9999999, bChange = 0.00855006, totNum = 753
ROUND = 821, SUM = 22584883.9999999, bChange = 0.00855134, totNum = 750
ROUND = 822, SUM = 22584883.9999999, bChange = 0.00855262, totNum = 748
ROUND = 823, SUM = 22584883.9999999, bChange = 0.00855389, totNum = 746
ROUND = 824, SUM = 22584883.9999999, bChange = 0.00855516, totNum = 743
ROUND = 825, SUM = 22584883.9999999, bChange = 0.00855643, totNum = 742
ROUND = 826, SUM = 22584884, bChange = 0.00811753, totNum = 738
ROUND = 827, SUM = 22584884, bChange = 0.00811749, totNum = 738
ROUND = 828, SUM = 22584883.9999999, bChange = 0.00811746, totNum = 737
ROUND = 829, SUM = 22584884, bChange = 0.00811743, totNum = 735
ROUND = 830, SUM = 22584883.9999999, bChange = 0.0081174, totNum = 735
ROUND = 831, SUM = 22584884.0000001, bChange = 0.00811737, totNum = 734
ROUND = 832, SUM = 22584883.9999999, bChange = 0.00811733, totNum = 732
ROUND = 833, SUM = 22584883.9999999, bChange = 0.0081173, totNum = 731
ROUND = 834, SUM = 22584883.9999999, bChange = 0.00811727, totNum = 730
ROUND = 835, SUM = 22584883.9999998, bChange = 0.00811724, totNum = 727
ROUND = 836, SUM = 22584884, bChange = 0.00811721, totNum = 726
ROUND = 837, SUM = 22584884, bChange = 0.00811718, totNum = 723
ROUND = 838, SUM = 22584883.9999998, bChange = 0.00800547, totNum = 723
ROUND = 839, SUM = 22584883.9999999, bChange = 0.00793438, totNum = 720
ROUND = 840, SUM = 22584883.9999999, bChange = 0.00793446, totNum = 720
ROUND = 841, SUM = 22584883.9999998, bChange = 0.00793454, totNum = 718
ROUND = 842, SUM = 22584883.9999999, bChange = 0.00793462, totNum = 715
ROUND = 843, SUM = 22584883.9999999, bChange = 0.00793469, totNum = 713
ROUND = 844, SUM = 22584883.9999998, bChange = 0.00793477, totNum = 712
ROUND = 845, SUM = 22584883.9999999, bChange = 0.00793485, totNum = 710
ROUND = 846, SUM = 22584884.0000001, bChange = 0.00793492, totNum = 707
ROUND = 847, SUM = 22584883.9999999, bChange = 0.007935, totNum = 707
ROUND = 848, SUM = 22584883.9999999, bChange = 0.00793507, totNum = 703
ROUND = 849, SUM = 22584884, bChange = 0.00793514, totNum = 699
ROUND = 850, SUM = 22584883.9999999, bChange = 0.00793522, totNum = 699
ROUND = 851, SUM = 22584883.9999999, bChange = 0.00793529, totNum = 695
ROUND = 852, SUM = 22584883.9999999, bChange = 0.00793536, totNum = 692
ROUND = 853, SUM = 22584883.9999999, bChange = 0.00793543, totNum = 689
ROUND = 854, SUM = 22584883.9999998, bChange = 0.0079355, totNum = 687
ROUND = 855, SUM = 22584883.9999999, bChange = 0.00793557, totNum = 686
ROUND = 856, SUM = 22584883.9999998, bChange = 0.00793564, totNum = 684
ROUND = 857, SUM = 22584883.9999999, bChange = 0.00793571, totNum = 684
ROUND = 858, SUM = 22584883.9999999, bChange = 0.00793578, totNum = 684
ROUND = 859, SUM = 22584884, bChange = 0.00793585, totNum = 684
ROUND = 860, SUM = 22584883.9999999, bChange = 0.00793592, totNum = 682
ROUND = 861, SUM = 22584883.9999999, bChange = 0.00793598, totNum = 682
ROUND = 862, SUM = 22584884, bChange = 0.00793605, totNum = 679
ROUND = 863, SUM = 22584884, bChange = 0.00793612, totNum = 677
ROUND = 864, SUM = 22584883.9999999, bChange = 0.00793618, totNum = 676
ROUND = 865, SUM = 22584883.9999998, bChange = 0.00793625, totNum = 673
ROUND = 866, SUM = 22584883.9999999, bChange = 0.00793631, totNum = 670
ROUND = 867, SUM = 22584883.9999999, bChange = 0.00793638, totNum = 669
ROUND = 868, SUM = 22584884, bChange = 0.00793644, totNum = 663
ROUND = 869, SUM = 22584883.9999999, bChange = 0.0079365, totNum = 662
ROUND = 870, SUM = 22584883.9999999, bChange = 0.00793657, totNum = 659
ROUND = 871, SUM = 22584884, bChange = 0.00793663, totNum = 657
ROUND = 872, SUM = 22584884, bChange = 0.00793669, totNum = 655
ROUND = 873, SUM = 22584883.9999999, bChange = 0.00793675, totNum = 653
ROUND = 874, SUM = 22584883.9999999, bChange = 0.00793681, totNum = 653
ROUND = 875, SUM = 22584884, bChange = 0.00793687, totNum = 651
ROUND = 876, SUM = 22584884.0000001, bChange = 0.00793693, totNum = 651
ROUND = 877, SUM = 22584884, bChange = 0.00793699, totNum = 650
ROUND = 878, SUM = 22584883.9999999, bChange = 0.00793705, totNum = 649
ROUND = 879, SUM = 22584884, bChange = 0.00793711, totNum = 649
ROUND = 880, SUM = 22584884, bChange = 0.00793717, totNum = 649
ROUND = 881, SUM = 22584883.9999999, bChange = 0.00793723, totNum = 648
ROUND = 882, SUM = 22584884, bChange = 0.00793728, totNum = 646
ROUND = 883, SUM = 22584883.9999999, bChange = 0.00793734, totNum = 646
ROUND = 884, SUM = 22584883.9999998, bChange = 0.0079374, totNum = 645
ROUND = 885, SUM = 22584884, bChange = 0.00793745, totNum = 644
ROUND = 886, SUM = 22584883.9999999, bChange = 0.00793751, totNum = 641
ROUND = 887, SUM = 22584883.9999999, bChange = 0.00793756, totNum = 641
ROUND = 888, SUM = 22584884, bChange = 0.00793762, totNum = 638
ROUND = 889, SUM = 22584884, bChange = 0.00793767, totNum = 634
ROUND = 890, SUM = 22584884.0000001, bChange = 0.00793773, totNum = 633
ROUND = 891, SUM = 22584884.0000001, bChange = 0.00793778, totNum = 632
ROUND = 892, SUM = 22584883.9999999, bChange = 0.00793783, totNum = 631
ROUND = 893, SUM = 22584883.9999999, bChange = 0.00730023, totNum = 628
ROUND = 894, SUM = 22584884, bChange = 0.00730023, totNum = 628
ROUND = 895, SUM = 22584884, bChange = 0.00730023, totNum = 628
ROUND = 896, SUM = 22584883.9999999, bChange = 0.00730023, totNum = 627
ROUND = 897, SUM = 22584884, bChange = 0.00730023, totNum = 625
ROUND = 898, SUM = 22584883.9999999, bChange = 0.00730024, totNum = 624
ROUND = 899, SUM = 22584883.9999999, bChange = 0.00730024, totNum = 621
ROUND = 900, SUM = 22584883.9999999, bChange = 0.00730024, totNum = 621
ROUND = 901, SUM = 22584883.9999999, bChange = 0.00730024, totNum = 617
ROUND = 902, SUM = 22584883.9999999, bChange = 0.00730024, totNum = 614
ROUND = 903, SUM = 22584884, bChange = 0.00730025, totNum = 612
ROUND = 904, SUM = 22584884, bChange = 0.00730025, totNum = 609
ROUND = 905, SUM = 22584883.9999999, bChange = 0.00730025, totNum = 607
ROUND = 906, SUM = 22584883.9999999, bChange = 0.00730025, totNum = 606
ROUND = 907, SUM = 22584883.9999999, bChange = 0.00730025, totNum = 604
ROUND = 908, SUM = 22584883.9999999, bChange = 0.00730025, totNum = 603
ROUND = 909, SUM = 22584884, bChange = 0.00730026, totNum = 602
ROUND = 910, SUM = 22584883.9999998, bChange = 0.00730026, totNum = 601
ROUND = 911, SUM = 22584883.9999999, bChange = 0.00730026, totNum = 599
ROUND = 912, SUM = 22584883.9999999, bChange = 0.00730026, totNum = 596
ROUND = 913, SUM = 22584884, bChange = 0.00730026, totNum = 595
ROUND = 914, SUM = 22584883.9999999, bChange = 0.00730027, totNum = 595
ROUND = 915, SUM = 22584884, bChange = 0.00730027, totNum = 593
ROUND = 916, SUM = 22584883.9999999, bChange = 0.00730027, totNum = 591
ROUND = 917, SUM = 22584883.9999999, bChange = 0.00730027, totNum = 590
ROUND = 918, SUM = 22584883.9999999, bChange = 0.00730027, totNum = 589
ROUND = 919, SUM = 22584884, bChange = 0.00730027, totNum = 589
ROUND = 920, SUM = 22584883.9999999, bChange = 0.00730028, totNum = 589
ROUND = 921, SUM = 22584884, bChange = 0.00730028, totNum = 588
ROUND = 922, SUM = 22584884, bChange = 0.00730028, totNum = 587
ROUND = 923, SUM = 22584884, bChange = 0.00730028, totNum = 584
ROUND = 924, SUM = 22584883.9999999, bChange = 0.00730028, totNum = 584
ROUND = 925, SUM = 22584884, bChange = 0.00730028, totNum = 584
ROUND = 926, SUM = 22584884.0000001, bChange = 0.00730028, totNum = 583
ROUND = 927, SUM = 22584883.9999999, bChange = 0.00730029, totNum = 581
ROUND = 928, SUM = 22584884, bChange = 0.00730029, totNum = 580
ROUND = 929, SUM = 22584884, bChange = 0.00730029, totNum = 577
ROUND = 930, SUM = 22584884, bChange = 0.00730029, totNum = 575
ROUND = 931, SUM = 22584884, bChange = 0.00730029, totNum = 575
ROUND = 932, SUM = 22584884, bChange = 0.00730029, totNum = 575
ROUND = 933, SUM = 22584884.0000001, bChange = 0.0073003, totNum = 572
ROUND = 934, SUM = 22584883.9999999, bChange = 0.0073003, totNum = 569
ROUND = 935, SUM = 22584883.9999999, bChange = 0.0073003, totNum = 568
ROUND = 936, SUM = 22584883.9999998, bChange = 0.0073003, totNum = 567
ROUND = 937, SUM = 22584883.9999999, bChange = 0.0073003, totNum = 565
ROUND = 938, SUM = 22584883.9999999, bChange = 0.0073003, totNum = 563
ROUND = 939, SUM = 22584883.9999999, bChange = 0.0073003, totNum = 559
ROUND = 940, SUM = 22584883.9999999, bChange = 0.00730031, totNum = 557
ROUND = 941, SUM = 22584883.9999999, bChange = 0.00730031, totNum = 557
ROUND = 942, SUM = 22584883.9999999, bChange = 0.00730031, totNum = 555
ROUND = 943, SUM = 22584883.9999999, bChange = 0.00730031, totNum = 555
ROUND = 944, SUM = 22584883.9999999, bChange = 0.00730031, totNum = 554
ROUND = 945, SUM = 22584883.9999999, bChange = 0.00730031, totNum = 553
ROUND = 946, SUM = 22584884, bChange = 0.00730031, totNum = 553
ROUND = 947, SUM = 22584883.9999999, bChange = 0.00730032, totNum = 553
ROUND = 948, SUM = 22584883.9999998, bChange = 0.00730032, totNum = 552
ROUND = 949, SUM = 22584884, bChange = 0.00730032, totNum = 551
ROUND = 950, SUM = 22584883.9999999, bChange = 0.00730032, totNum = 548
ROUND = 951, SUM = 22584883.9999999, bChange = 0.00730032, totNum = 547
ROUND = 952, SUM = 22584883.9999999, bChange = 0.00730032, totNum = 547
ROUND = 953, SUM = 22584884, bChange = 0.00730032, totNum = 547
ROUND = 954, SUM = 22584883.9999999, bChange = 0.00730032, totNum = 546
ROUND = 955, SUM = 22584883.9999999, bChange = 0.00730033, totNum = 542
ROUND = 956, SUM = 22584883.9999999, bChange = 0.00730033, totNum = 540
ROUND = 957, SUM = 22584883.9999998, bChange = 0.00730033, totNum = 540
ROUND = 958, SUM = 22584883.9999999, bChange = 0.00730033, totNum = 536
ROUND = 959, SUM = 22584883.9999999, bChange = 0.00730033, totNum = 535
ROUND = 960, SUM = 22584884, bChange = 0.00730033, totNum = 533
ROUND = 961, SUM = 22584883.9999999, bChange = 0.00730033, totNum = 532
ROUND = 962, SUM = 22584884, bChange = 0.00730033, totNum = 528
ROUND = 963, SUM = 22584883.9999999, bChange = 0.00730034, totNum = 528
ROUND = 964, SUM = 22584884, bChange = 0.00730034, totNum = 527
ROUND = 965, SUM = 22584884, bChange = 0.00730034, totNum = 527
ROUND = 966, SUM = 22584883.9999998, bChange = 0.00730034, totNum = 527
ROUND = 967, SUM = 22584883.9999999, bChange = 0.00730034, totNum = 526
ROUND = 968, SUM = 22584883.9999998, bChange = 0.00730034, totNum = 523
ROUND = 969, SUM = 22584883.9999999, bChange = 0.00730034, totNum = 520
ROUND = 970, SUM = 22584883.9999999, bChange = 0.00730034, totNum = 519
ROUND = 971, SUM = 22584883.9999999, bChange = 0.00730034, totNum = 518
ROUND = 972, SUM = 22584884, bChange = 0.00730035, totNum = 517
ROUND = 973, SUM = 22584884, bChange = 0.00730035, totNum = 516
ROUND = 974, SUM = 22584883.9999999, bChange = 0.00730035, totNum = 516
ROUND = 975, SUM = 22584883.9999999, bChange = 0.00730035, totNum = 515
ROUND = 976, SUM = 22584883.9999999, bChange = 0.00730035, totNum = 514
ROUND = 977, SUM = 22584883.9999999, bChange = 0.00730035, totNum = 514
ROUND = 978, SUM = 22584883.9999998, bChange = 0.00730035, totNum = 513
ROUND = 979, SUM = 22584883.9999999, bChange = 0.00730035, totNum = 512
ROUND = 980, SUM = 22584883.9999999, bChange = 0.00730035, totNum = 512
ROUND = 981, SUM = 22584883.9999998, bChange = 0.00730036, totNum = 510
ROUND = 982, SUM = 22584884, bChange = 0.00730036, totNum = 509
ROUND = 983, SUM = 22584883.9999999, bChange = 0.00730036, totNum = 507
ROUND = 984, SUM = 22584884, bChange = 0.00730036, totNum = 506
ROUND = 985, SUM = 22584883.9999999, bChange = 0.00730036, totNum = 505
ROUND = 986, SUM = 22584884, bChange = 0.00730036, totNum = 504
ROUND = 987, SUM = 22584884, bChange = 0.00730036, totNum = 503
ROUND = 988, SUM = 22584883.9999999, bChange = 0.00730036, totNum = 500
ROUND = 989, SUM = 22584884, bChange = 0.00730036, totNum = 499
ROUND = 990, SUM = 22584884, bChange = 0.00730036, totNum = 498
ROUND = 991, SUM = 22584884, bChange = 0.00730037, totNum = 498
ROUND = 992, SUM = 22584883.9999999, bChange = 0.00730037, totNum = 496
ROUND = 993, SUM = 22584883.9999999, bChange = 0.00730037, totNum = 494
ROUND = 994, SUM = 22584883.9999999, bChange = 0.00730037, totNum = 492
ROUND = 995, SUM = 22584884, bChange = 0.00730037, totNum = 490
ROUND = 996, SUM = 22584883.9999999, bChange = 0.00730037, totNum = 490
ROUND = 997, SUM = 22584883.9999999, bChange = 0.00730037, totNum = 489
ROUND = 998, SUM = 22584884, bChange = 0.00730037, totNum = 488
ROUND = 999, SUM = 22584883.9999999, bChange = 0.00730037, totNum = 487
ROUND = 1000, SUM = 22584883.9999999, bChange = 0.00730037, totNum = 486
ROUND = 1001, SUM = 22584883.9999999, bChange = 0.00730038, totNum = 483
ROUND = 1002, SUM = 22584884, bChange = 0.00730038, totNum = 482
ROUND = 1003, SUM = 22584883.9999999, bChange = 0.00730038, totNum = 482
ROUND = 1004, SUM = 22584883.9999999, bChange = 0.00730038, totNum = 482
ROUND = 1005, SUM = 22584883.9999999, bChange = 0.00730038, totNum = 479
ROUND = 1006, SUM = 22584883.9999998, bChange = 0.00730038, totNum = 477
ROUND = 1007, SUM = 22584884, bChange = 0.00730038, totNum = 475
ROUND = 1008, SUM = 22584883.9999999, bChange = 0.00730038, totNum = 474
ROUND = 1009, SUM = 22584884, bChange = 0.00730038, totNum = 473
ROUND = 1010, SUM = 22584884, bChange = 0.00730038, totNum = 471
ROUND = 1011, SUM = 22584883.9999999, bChange = 0.00730038, totNum = 469
ROUND = 1012, SUM = 22584884, bChange = 0.00730038, totNum = 469
ROUND = 1013, SUM = 22584884, bChange = 0.00730039, totNum = 469
ROUND = 1014, SUM = 22584884, bChange = 0.00730039, totNum = 468
ROUND = 1015, SUM = 22584884, bChange = 0.00730039, totNum = 466
ROUND = 1016, SUM = 22584884, bChange = 0.00730039, totNum = 463
ROUND = 1017, SUM = 22584884, bChange = 0.00730039, totNum = 463
ROUND = 1018, SUM = 22584884, bChange = 0.00730039, totNum = 463
ROUND = 1019, SUM = 22584883.9999998, bChange = 0.00730039, totNum = 461
ROUND = 1020, SUM = 22584883.9999999, bChange = 0.00730039, totNum = 459
ROUND = 1021, SUM = 22584884, bChange = 0.00730039, totNum = 458
ROUND = 1022, SUM = 22584883.9999999, bChange = 0.00730039, totNum = 457
ROUND = 1023, SUM = 22584883.9999999, bChange = 0.00730039, totNum = 456
ROUND = 1024, SUM = 22584883.9999999, bChange = 0.00730039, totNum = 454
ROUND = 1025, SUM = 22584884, bChange = 0.0073004, totNum = 453
ROUND = 1026, SUM = 22584883.9999998, bChange = 0.0073004, totNum = 451
ROUND = 1027, SUM = 22584883.9999999, bChange = 0.0073004, totNum = 448
ROUND = 1028, SUM = 22584883.9999999, bChange = 0.0073004, totNum = 445
ROUND = 1029, SUM = 22584883.9999999, bChange = 0.0073004, totNum = 444
ROUND = 1030, SUM = 22584884, bChange = 0.0073004, totNum = 443
ROUND = 1031, SUM = 22584883.9999999, bChange = 0.0073004, totNum = 442
ROUND = 1032, SUM = 22584883.9999999, bChange = 0.0073004, totNum = 439
ROUND = 1033, SUM = 22584884, bChange = 0.0073004, totNum = 439
ROUND = 1034, SUM = 22584883.9999999, bChange = 0.0073004, totNum = 439
ROUND = 1035, SUM = 22584883.9999999, bChange = 0.0073004, totNum = 439
ROUND = 1036, SUM = 22584884, bChange = 0.0073004, totNum = 438
ROUND = 1037, SUM = 22584884.0000001, bChange = 0.0073004, totNum = 437
ROUND = 1038, SUM = 22584884, bChange = 0.0073004, totNum = 437
ROUND = 1039, SUM = 22584884, bChange = 0.00730041, totNum = 436
ROUND = 1040, SUM = 22584883.9999998, bChange = 0.00730041, totNum = 435
ROUND = 1041, SUM = 22584884, bChange = 0.00730041, totNum = 435
ROUND = 1042, SUM = 22584883.9999998, bChange = 0.00730041, totNum = 435
ROUND = 1043, SUM = 22584883.9999999, bChange = 0.00730041, totNum = 433
ROUND = 1044, SUM = 22584884, bChange = 0.00730041, totNum = 430
ROUND = 1045, SUM = 22584883.9999999, bChange = 0.00730041, totNum = 429
ROUND = 1046, SUM = 22584883.9999999, bChange = 0.00730041, totNum = 429
ROUND = 1047, SUM = 22584884, bChange = 0.00730041, totNum = 429
ROUND = 1048, SUM = 22584883.9999999, bChange = 0.00730041, totNum = 428
ROUND = 1049, SUM = 22584883.9999999, bChange = 0.00730041, totNum = 428
ROUND = 1050, SUM = 22584883.9999999, bChange = 0.00730041, totNum = 427
ROUND = 1051, SUM = 22584883.9999999, bChange = 0.00730041, totNum = 427
ROUND = 1052, SUM = 22584883.9999999, bChange = 0.00730041, totNum = 427
ROUND = 1053, SUM = 22584883.9999999, bChange = 0.00730041, totNum = 424
ROUND = 1054, SUM = 22584883.9999999, bChange = 0.00730041, totNum = 424
ROUND = 1055, SUM = 22584883.9999999, bChange = 0.00730042, totNum = 424
ROUND = 1056, SUM = 22584883.9999998, bChange = 0.00730042, totNum = 423
ROUND = 1057, SUM = 22584883.9999999, bChange = 0.00730042, totNum = 421
ROUND = 1058, SUM = 22584883.9999999, bChange = 0.00730042, totNum = 420
ROUND = 1059, SUM = 22584884, bChange = 0.00730042, totNum = 420
ROUND = 1060, SUM = 22584884, bChange = 0.00730042, totNum = 420
ROUND = 1061, SUM = 22584883.9999999, bChange = 0.00730042, totNum = 419
ROUND = 1062, SUM = 22584884, bChange = 0.00730042, totNum = 419
ROUND = 1063, SUM = 22584883.9999999, bChange = 0.00730042, totNum = 420
ROUND = 1064, SUM = 22584883.9999999, bChange = 0.00730042, totNum = 419
ROUND = 1065, SUM = 22584883.9999999, bChange = 0.00730042, totNum = 418
ROUND = 1066, SUM = 22584884, bChange = 0.00730042, totNum = 418
ROUND = 1067, SUM = 22584883.9999999, bChange = 0.00730042, totNum = 417
ROUND = 1068, SUM = 22584883.9999999, bChange = 0.00730042, totNum = 417
ROUND = 1069, SUM = 22584883.9999999, bChange = 0.00730042, totNum = 416
ROUND = 1070, SUM = 22584883.9999999, bChange = 0.00730042, totNum = 415
ROUND = 1071, SUM = 22584883.9999998, bChange = 0.00730042, totNum = 414
ROUND = 1072, SUM = 22584884, bChange = 0.00730043, totNum = 410
ROUND = 1073, SUM = 22584884, bChange = 0.00730043, totNum = 409
ROUND = 1074, SUM = 22584883.9999998, bChange = 0.00730043, totNum = 408
ROUND = 1075, SUM = 22584883.9999999, bChange = 0.00730043, totNum = 408
ROUND = 1076, SUM = 22584884, bChange = 0.00730043, totNum = 408
ROUND = 1077, SUM = 22584884, bChange = 0.00730043, totNum = 407
ROUND = 1078, SUM = 22584884, bChange = 0.00730043, totNum = 407
ROUND = 1079, SUM = 22584884, bChange = 0.00730043, totNum = 405
ROUND = 1080, SUM = 22584883.9999999, bChange = 0.00730043, totNum = 404
ROUND = 1081, SUM = 22584883.9999999, bChange = 0.00730043, totNum = 401
ROUND = 1082, SUM = 22584884, bChange = 0.00730043, totNum = 400
ROUND = 1083, SUM = 22584883.9999999, bChange = 0.00730043, totNum = 397
ROUND = 1084, SUM = 22584883.9999999, bChange = 0.00730043, totNum = 397
ROUND = 1085, SUM = 22584884, bChange = 0.00730043, totNum = 396
ROUND = 1086, SUM = 22584883.9999999, bChange = 0.00730043, totNum = 395
ROUND = 1087, SUM = 22584884, bChange = 0.00730043, totNum = 394
ROUND = 1088, SUM = 22584884, bChange = 0.00730043, totNum = 394
ROUND = 1089, SUM = 22584883.9999999, bChange = 0.00613242, totNum = 392
ROUND = 1090, SUM = 22584883.9999999, bChange = 0.00613246, totNum = 391
ROUND = 1091, SUM = 22584883.9999999, bChange = 0.0061325, totNum = 390
ROUND = 1092, SUM = 22584883.9999999, bChange = 0.00613253, totNum = 390
ROUND = 1093, SUM = 22584883.9999999, bChange = 0.00613257, totNum = 390
ROUND = 1094, SUM = 22584884, bChange = 0.00613261, totNum = 390
ROUND = 1095, SUM = 22584883.9999998, bChange = 0.00613264, totNum = 390
ROUND = 1096, SUM = 22584884, bChange = 0.00613268, totNum = 390
ROUND = 1097, SUM = 22584883.9999999, bChange = 0.00613272, totNum = 389
ROUND = 1098, SUM = 22584883.9999999, bChange = 0.00613275, totNum = 388
ROUND = 1099, SUM = 22584883.9999999, bChange = 0.00613279, totNum = 387
ROUND = 1100, SUM = 22584883.9999999, bChange = 0.00613283, totNum = 385
ROUND = 1101, SUM = 22584884, bChange = 0.00613286, totNum = 384
ROUND = 1102, SUM = 22584883.9999999, bChange = 0.0061329, totNum = 382
ROUND = 1103, SUM = 22584883.9999999, bChange = 0.00613293, totNum = 381
ROUND = 1104, SUM = 22584883.9999998, bChange = 0.00613297, totNum = 380
ROUND = 1105, SUM = 22584883.9999999, bChange = 0.006133, totNum = 380
ROUND = 1106, SUM = 22584883.9999999, bChange = 0.00613304, totNum = 379
ROUND = 1107, SUM = 22584884, bChange = 0.00613307, totNum = 378
ROUND = 1108, SUM = 22584883.9999999, bChange = 0.0061331, totNum = 378
ROUND = 1109, SUM = 22584883.9999999, bChange = 0.00613314, totNum = 375
ROUND = 1110, SUM = 22584884, bChange = 0.00613317, totNum = 373
ROUND = 1111, SUM = 22584883.9999999, bChange = 0.00613321, totNum = 369
ROUND = 1112, SUM = 22584883.9999999, bChange = 0.00613324, totNum = 369
ROUND = 1113, SUM = 22584884, bChange = 0.00613327, totNum = 369
ROUND = 1114, SUM = 22584883.9999998, bChange = 0.00601816, totNum = 368
ROUND = 1115, SUM = 22584883.9999998, bChange = 0.00601813, totNum = 368
ROUND = 1116, SUM = 22584884, bChange = 0.00601809, totNum = 368
ROUND = 1117, SUM = 22584883.9999999, bChange = 0.00601806, totNum = 367
ROUND = 1118, SUM = 22584883.9999999, bChange = 0.00601802, totNum = 367
ROUND = 1119, SUM = 22584883.9999999, bChange = 0.00601799, totNum = 367
ROUND = 1120, SUM = 22584883.9999999, bChange = 0.00601795, totNum = 366
ROUND = 1121, SUM = 22584883.9999999, bChange = 0.00601792, totNum = 366
ROUND = 1122, SUM = 22584883.9999999, bChange = 0.00601789, totNum = 366
ROUND = 1123, SUM = 22584883.9999999, bChange = 0.00601785, totNum = 364
ROUND = 1124, SUM = 22584884, bChange = 0.00601782, totNum = 364
ROUND = 1125, SUM = 22584884, bChange = 0.00601779, totNum = 362
ROUND = 1126, SUM = 22584883.9999999, bChange = 0.00601776, totNum = 362
ROUND = 1127, SUM = 22584883.9999999, bChange = 0.00601772, totNum = 362
ROUND = 1128, SUM = 22584884, bChange = 0.00601769, totNum = 360
ROUND = 1129, SUM = 22584884, bChange = 0.00601766, totNum = 359
ROUND = 1130, SUM = 22584883.9999998, bChange = 0.00601763, totNum = 358
ROUND = 1131, SUM = 22584883.9999999, bChange = 0.0060176, totNum = 358
ROUND = 1132, SUM = 22584884, bChange = 0.00601756, totNum = 357
ROUND = 1133, SUM = 22584883.9999999, bChange = 0.00601753, totNum = 355
ROUND = 1134, SUM = 22584884, bChange = 0.0060175, totNum = 354
ROUND = 1135, SUM = 22584884, bChange = 0.00601747, totNum = 353
ROUND = 1136, SUM = 22584884, bChange = 0.00601744, totNum = 353
ROUND = 1137, SUM = 22584883.9999999, bChange = 0.00601741, totNum = 352
ROUND = 1138, SUM = 22584883.9999999, bChange = 0.00601738, totNum = 350
ROUND = 1139, SUM = 22584884, bChange = 0.00601735, totNum = 350
ROUND = 1140, SUM = 22584884, bChange = 0.00601732, totNum = 350
ROUND = 1141, SUM = 22584884, bChange = 0.00601729, totNum = 350
ROUND = 1142, SUM = 22584884, bChange = 0.00601726, totNum = 349
ROUND = 1143, SUM = 22584884, bChange = 0.00601723, totNum = 349
ROUND = 1144, SUM = 22584883.9999999, bChange = 0.0060172, totNum = 348
ROUND = 1145, SUM = 22584883.9999998, bChange = 0.00601717, totNum = 348
ROUND = 1146, SUM = 22584884, bChange = 0.00601714, totNum = 348
ROUND = 1147, SUM = 22584884.0000001, bChange = 0.00601711, totNum = 347
ROUND = 1148, SUM = 22584883.9999999, bChange = 0.00601709, totNum = 346
ROUND = 1149, SUM = 22584884, bChange = 0.00601706, totNum = 346
ROUND = 1150, SUM = 22584884, bChange = 0.00601703, totNum = 346
ROUND = 1151, SUM = 22584883.9999999, bChange = 0.006017, totNum = 345
ROUND = 1152, SUM = 22584884, bChange = 0.00601697, totNum = 345
ROUND = 1153, SUM = 22584884, bChange = 0.00601695, totNum = 345
ROUND = 1154, SUM = 22584883.9999999, bChange = 0.00601692, totNum = 343
ROUND = 1155, SUM = 22584884, bChange = 0.00601689, totNum = 342
ROUND = 1156, SUM = 22584884, bChange = 0.00601686, totNum = 342
ROUND = 1157, SUM = 22584883.9999999, bChange = 0.00601684, totNum = 341
ROUND = 1158, SUM = 22584883.9999999, bChange = 0.00601681, totNum = 341
ROUND = 1159, SUM = 22584883.9999999, bChange = 0.00601678, totNum = 341
ROUND = 1160, SUM = 22584883.9999999, bChange = 0.00601676, totNum = 341
ROUND = 1161, SUM = 22584883.9999999, bChange = 0.00601673, totNum = 341
ROUND = 1162, SUM = 22584883.9999999, bChange = 0.0060167, totNum = 341
ROUND = 1163, SUM = 22584883.9999999, bChange = 0.00601668, totNum = 341
ROUND = 1164, SUM = 22584883.9999999, bChange = 0.00601665, totNum = 340
ROUND = 1165, SUM = 22584884, bChange = 0.00601663, totNum = 340
ROUND = 1166, SUM = 22584883.9999999, bChange = 0.0060166, totNum = 339
ROUND = 1167, SUM = 22584883.9999999, bChange = 0.00601657, totNum = 338
ROUND = 1168, SUM = 22584883.9999999, bChange = 0.00601655, totNum = 337
ROUND = 1169, SUM = 22584883.9999998, bChange = 0.00601652, totNum = 337
ROUND = 1170, SUM = 22584883.9999999, bChange = 0.0060165, totNum = 335
ROUND = 1171, SUM = 22584884, bChange = 0.00601647, totNum = 333
ROUND = 1172, SUM = 22584883.9999999, bChange = 0.00601645, totNum = 332
ROUND = 1173, SUM = 22584883.9999999, bChange = 0.00601642, totNum = 331
ROUND = 1174, SUM = 22584884, bChange = 0.0060164, totNum = 330
ROUND = 1175, SUM = 22584884, bChange = 0.00601638, totNum = 330
ROUND = 1176, SUM = 22584884, bChange = 0.00601635, totNum = 330
ROUND = 1177, SUM = 22584883.9999999, bChange = 0.00601633, totNum = 330
ROUND = 1178, SUM = 22584884, bChange = 0.0060163, totNum = 330
ROUND = 1179, SUM = 22584884.0000001, bChange = 0.00601628, totNum = 330
ROUND = 1180, SUM = 22584883.9999999, bChange = 0.00601626, totNum = 330
ROUND = 1181, SUM = 22584884, bChange = 0.00601623, totNum = 328
ROUND = 1182, SUM = 22584883.9999999, bChange = 0.00601621, totNum = 328
ROUND = 1183, SUM = 22584883.9999999, bChange = 0.00601619, totNum = 328
ROUND = 1184, SUM = 22584883.9999999, bChange = 0.00601616, totNum = 328
ROUND = 1185, SUM = 22584883.9999999, bChange = 0.00601614, totNum = 328
ROUND = 1186, SUM = 22584883.9999999, bChange = 0.00601612, totNum = 328
ROUND = 1187, SUM = 22584883.9999999, bChange = 0.00601609, totNum = 328
ROUND = 1188, SUM = 22584884, bChange = 0.00601607, totNum = 324
ROUND = 1189, SUM = 22584883.9999999, bChange = 0.00601605, totNum = 323
ROUND = 1190, SUM = 22584883.9999999, bChange = 0.00601603, totNum = 323
ROUND = 1191, SUM = 22584884, bChange = 0.00601601, totNum = 322
ROUND = 1192, SUM = 22584884, bChange = 0.00601598, totNum = 319
ROUND = 1193, SUM = 22584884.0000001, bChange = 0.00601596, totNum = 319
ROUND = 1194, SUM = 22584884, bChange = 0.00601594, totNum = 317
ROUND = 1195, SUM = 22584884, bChange = 0.00601592, totNum = 317
ROUND = 1196, SUM = 22584884, bChange = 0.0060159, totNum = 317
ROUND = 1197, SUM = 22584884, bChange = 0.00601588, totNum = 317
ROUND = 1198, SUM = 22584884.0000001, bChange = 0.00601585, totNum = 315
ROUND = 1199, SUM = 22584884, bChange = 0.00601583, totNum = 315
ROUND = 1200, SUM = 22584884, bChange = 0.00601581, totNum = 315
ROUND = 1201, SUM = 22584884.0000001, bChange = 0.00601579, totNum = 314
ROUND = 1202, SUM = 22584883.9999999, bChange = 0.00601577, totNum = 313
ROUND = 1203, SUM = 22584883.9999999, bChange = 0.00601575, totNum = 312
ROUND = 1204, SUM = 22584883.9999999, bChange = 0.00601573, totNum = 312
ROUND = 1205, SUM = 22584883.9999999, bChange = 0.00601571, totNum = 312
ROUND = 1206, SUM = 22584883.9999998, bChange = 0.00601569, totNum = 312
ROUND = 1207, SUM = 22584883.9999999, bChange = 0.00601567, totNum = 313
ROUND = 1208, SUM = 22584884, bChange = 0.00601565, totNum = 311
ROUND = 1209, SUM = 22584884, bChange = 0.00601563, totNum = 310
ROUND = 1210, SUM = 22584883.9999999, bChange = 0.00601561, totNum = 310
ROUND = 1211, SUM = 22584884, bChange = 0.00601559, totNum = 310
ROUND = 1212, SUM = 22584884, bChange = 0.00601557, totNum = 310
ROUND = 1213, SUM = 22584883.9999999, bChange = 0.00601555, totNum = 310
ROUND = 1214, SUM = 22584883.9999999, bChange = 0.00601553, totNum = 310
ROUND = 1215, SUM = 22584884, bChange = 0.00601551, totNum = 308
ROUND = 1216, SUM = 22584883.9999999, bChange = 0.00601549, totNum = 306
ROUND = 1217, SUM = 22584883.9999999, bChange = 0.00601547, totNum = 304
ROUND = 1218, SUM = 22584883.9999999, bChange = 0.00601546, totNum = 302
ROUND = 1219, SUM = 22584884, bChange = 0.00601544, totNum = 302
ROUND = 1220, SUM = 22584884, bChange = 0.00601542, totNum = 302
ROUND = 1221, SUM = 22584884, bChange = 0.0060154, totNum = 301
ROUND = 1222, SUM = 22584883.9999999, bChange = 0.00601538, totNum = 301
ROUND = 1223, SUM = 22584884, bChange = 0.00601536, totNum = 301
ROUND = 1224, SUM = 22584884, bChange = 0.00601535, totNum = 299
ROUND = 1225, SUM = 22584884, bChange = 0.00601533, totNum = 298
ROUND = 1226, SUM = 22584883.9999998, bChange = 0.00601531, totNum = 298
ROUND = 1227, SUM = 22584883.9999999, bChange = 0.00601529, totNum = 298
ROUND = 1228, SUM = 22584883.9999999, bChange = 0.00601527, totNum = 297
ROUND = 1229, SUM = 22584883.9999998, bChange = 0.00601526, totNum = 296
ROUND = 1230, SUM = 22584883.9999999, bChange = 0.00601524, totNum = 294
ROUND = 1231, SUM = 22584884, bChange = 0.00601522, totNum = 294
ROUND = 1232, SUM = 22584883.9999999, bChange = 0.0060152, totNum = 294
ROUND = 1233, SUM = 22584884, bChange = 0.00601519, totNum = 294
ROUND = 1234, SUM = 22584883.9999999, bChange = 0.00601517, totNum = 294
ROUND = 1235, SUM = 22584884, bChange = 0.00601515, totNum = 294
ROUND = 1236, SUM = 22584883.9999999, bChange = 0.00601514, totNum = 294
ROUND = 1237, SUM = 22584884, bChange = 0.00601512, totNum = 294
ROUND = 1238, SUM = 22584883.9999999, bChange = 0.0060151, totNum = 294
ROUND = 1239, SUM = 22584884, bChange = 0.00601509, totNum = 294
ROUND = 1240, SUM = 22584883.9999999, bChange = 0.00601507, totNum = 294
ROUND = 1241, SUM = 22584883.9999999, bChange = 0.00601505, totNum = 294
ROUND = 1242, SUM = 22584883.9999999, bChange = 0.00601504, totNum = 293
ROUND = 1243, SUM = 22584884, bChange = 0.00601502, totNum = 292
ROUND = 1244, SUM = 22584883.9999999, bChange = 0.00601501, totNum = 292
ROUND = 1245, SUM = 22584883.9999999, bChange = 0.00601499, totNum = 292
ROUND = 1246, SUM = 22584884, bChange = 0.00601497, totNum = 290
ROUND = 1247, SUM = 22584884, bChange = 0.00601496, totNum = 290
ROUND = 1248, SUM = 22584884, bChange = 0.00601494, totNum = 289
ROUND = 1249, SUM = 22584883.9999999, bChange = 0.00601493, totNum = 289
ROUND = 1250, SUM = 22584884, bChange = 0.00601491, totNum = 288
ROUND = 1251, SUM = 22584884, bChange = 0.0060149, totNum = 288
ROUND = 1252, SUM = 22584884, bChange = 0.00601488, totNum = 288
ROUND = 1253, SUM = 22584884, bChange = 0.00601486, totNum = 287
ROUND = 1254, SUM = 22584883.9999999, bChange = 0.00601485, totNum = 287
ROUND = 1255, SUM = 22584883.9999998, bChange = 0.00601483, totNum = 285
ROUND = 1256, SUM = 22584884, bChange = 0.00601482, totNum = 284
ROUND = 1257, SUM = 22584884, bChange = 0.0060148, totNum = 284
ROUND = 1258, SUM = 22584883.9999999, bChange = 0.00601479, totNum = 284
ROUND = 1259, SUM = 22584884, bChange = 0.00601478, totNum = 284
ROUND = 1260, SUM = 22584883.9999999, bChange = 0.00601476, totNum = 283
ROUND = 1261, SUM = 22584883.9999999, bChange = 0.00601475, totNum = 283
ROUND = 1262, SUM = 22584884, bChange = 0.00601473, totNum = 282
ROUND = 1263, SUM = 22584883.9999999, bChange = 0.00601472, totNum = 282
ROUND = 1264, SUM = 22584884, bChange = 0.0060147, totNum = 282
ROUND = 1265, SUM = 22584884, bChange = 0.00601469, totNum = 282
ROUND = 1266, SUM = 22584883.9999999, bChange = 0.00601467, totNum = 282
ROUND = 1267, SUM = 22584883.9999999, bChange = 0.00601466, totNum = 282
ROUND = 1268, SUM = 22584884, bChange = 0.00601465, totNum = 282
ROUND = 1269, SUM = 22584884, bChange = 0.00601463, totNum = 280
ROUND = 1270, SUM = 22584883.9999999, bChange = 0.00601462, totNum = 281
ROUND = 1271, SUM = 22584884, bChange = 0.00601461, totNum = 281
ROUND = 1272, SUM = 22584884, bChange = 0.00601459, totNum = 280
ROUND = 1273, SUM = 22584884, bChange = 0.00601458, totNum = 279
ROUND = 1274, SUM = 22584883.9999999, bChange = 0.00601457, totNum = 279
ROUND = 1275, SUM = 22584884.0000001, bChange = 0.00601455, totNum = 279
ROUND = 1276, SUM = 22584884, bChange = 0.00601454, totNum = 279
ROUND = 1277, SUM = 22584884.0000002, bChange = 0.00601453, totNum = 279
ROUND = 1278, SUM = 22584883.9999999, bChange = 0.00601451, totNum = 279
ROUND = 1279, SUM = 22584884, bChange = 0.0060145, totNum = 279
ROUND = 1280, SUM = 22584884, bChange = 0.00601449, totNum = 279
ROUND = 1281, SUM = 22584884, bChange = 0.00601447, totNum = 277
ROUND = 1282, SUM = 22584884, bChange = 0.00601446, totNum = 277
ROUND = 1283, SUM = 22584884, bChange = 0.00601445, totNum = 277
ROUND = 1284, SUM = 22584884, bChange = 0.00601444, totNum = 276
ROUND = 1285, SUM = 22584884.0000001, bChange = 0.00601442, totNum = 276
ROUND = 1286, SUM = 22584884, bChange = 0.00601441, totNum = 276
ROUND = 1287, SUM = 22584884, bChange = 0.0060144, totNum = 275
ROUND = 1288, SUM = 22584884, bChange = 0.00601439, totNum = 274
ROUND = 1289, SUM = 22584884.0000001, bChange = 0.00601437, totNum = 274
ROUND = 1290, SUM = 22584883.9999999, bChange = 0.00601436, totNum = 272
ROUND = 1291, SUM = 22584884, bChange = 0.00601435, totNum = 271
ROUND = 1292, SUM = 22584884.0000001, bChange = 0.00601434, totNum = 271
ROUND = 1293, SUM = 22584883.9999999, bChange = 0.00601432, totNum = 271
ROUND = 1294, SUM = 22584883.9999999, bChange = 0.00601431, totNum = 271
ROUND = 1295, SUM = 22584884.0000001, bChange = 0.00519458, totNum = 270
ROUND = 1296, SUM = 22584884, bChange = 0.00519576, totNum = 270
ROUND = 1297, SUM = 22584884, bChange = 0.00519694, totNum = 269
ROUND = 1298, SUM = 22584884, bChange = 0.00519811, totNum = 269
ROUND = 1299, SUM = 22584884, bChange = 0.00519929, totNum = 266
ROUND = 1300, SUM = 22584883.9999999, bChange = 0.00520046, totNum = 266
ROUND = 1301, SUM = 22584884, bChange = 0.00520163, totNum = 266
ROUND = 1302, SUM = 22584884, bChange = 0.0052028, totNum = 266
ROUND = 1303, SUM = 22584884, bChange = 0.00520397, totNum = 266
ROUND = 1304, SUM = 22584884, bChange = 0.00520513, totNum = 266
ROUND = 1305, SUM = 22584883.9999999, bChange = 0.0052063, totNum = 265
ROUND = 1306, SUM = 22584884, bChange = 0.00520746, totNum = 264
ROUND = 1307, SUM = 22584884, bChange = 0.00520862, totNum = 264
ROUND = 1308, SUM = 22584884, bChange = 0.00520979, totNum = 263
ROUND = 1309, SUM = 22584883.9999999, bChange = 0.00521094, totNum = 261
ROUND = 1310, SUM = 22584883.9999999, bChange = 0.0052121, totNum = 261
ROUND = 1311, SUM = 22584884.0000001, bChange = 0.00521326, totNum = 261
ROUND = 1312, SUM = 22584884, bChange = 0.00521441, totNum = 261
ROUND = 1313, SUM = 22584884.0000001, bChange = 0.00521557, totNum = 261
ROUND = 1314, SUM = 22584883.9999998, bChange = 0.00521672, totNum = 261
ROUND = 1315, SUM = 22584883.9999999, bChange = 0.00521787, totNum = 261
ROUND = 1316, SUM = 22584883.9999999, bChange = 0.00521902, totNum = 261
ROUND = 1317, SUM = 22584883.9999999, bChange = 0.00522016, totNum = 260
ROUND = 1318, SUM = 22584883.9999999, bChange = 0.00522131, totNum = 259
ROUND = 1319, SUM = 22584884, bChange = 0.00522245, totNum = 258
ROUND = 1320, SUM = 22584883.9999999, bChange = 0.00522359, totNum = 258
ROUND = 1321, SUM = 22584883.9999999, bChange = 0.00522474, totNum = 258
ROUND = 1322, SUM = 22584884, bChange = 0.00522588, totNum = 258
ROUND = 1323, SUM = 22584883.9999999, bChange = 0.00522701, totNum = 258
ROUND = 1324, SUM = 22584883.9999999, bChange = 0.00522815, totNum = 258
ROUND = 1325, SUM = 22584884, bChange = 0.00522929, totNum = 257
ROUND = 1326, SUM = 22584884, bChange = 0.00523042, totNum = 257
ROUND = 1327, SUM = 22584884, bChange = 0.00523155, totNum = 257
ROUND = 1328, SUM = 22584884.0000001, bChange = 0.00523268, totNum = 257
ROUND = 1329, SUM = 22584883.9999999, bChange = 0.00523381, totNum = 256
ROUND = 1330, SUM = 22584884, bChange = 0.00523494, totNum = 256
ROUND = 1331, SUM = 22584883.9999999, bChange = 0.00523607, totNum = 255
ROUND = 1332, SUM = 22584883.9999999, bChange = 0.00523719, totNum = 255
ROUND = 1333, SUM = 22584883.9999999, bChange = 0.00523831, totNum = 255
ROUND = 1334, SUM = 22584884, bChange = 0.00523944, totNum = 255
ROUND = 1335, SUM = 22584883.9999999, bChange = 0.00524056, totNum = 255
ROUND = 1336, SUM = 22584884, bChange = 0.00524168, totNum = 255
ROUND = 1337, SUM = 22584883.9999999, bChange = 0.00524279, totNum = 254
ROUND = 1338, SUM = 22584884, bChange = 0.00524391, totNum = 254
ROUND = 1339, SUM = 22584884, bChange = 0.00524502, totNum = 254
ROUND = 1340, SUM = 22584884.0000001, bChange = 0.00524614, totNum = 253
ROUND = 1341, SUM = 22584884, bChange = 0.00524725, totNum = 252
ROUND = 1342, SUM = 22584884, bChange = 0.00524836, totNum = 252
ROUND = 1343, SUM = 22584883.9999999, bChange = 0.00524947, totNum = 252
ROUND = 1344, SUM = 22584883.9999999, bChange = 0.00525057, totNum = 251
ROUND = 1345, SUM = 22584884, bChange = 0.00525168, totNum = 250
ROUND = 1346, SUM = 22584884, bChange = 0.00525278, totNum = 250
ROUND = 1347, SUM = 22584884.0000001, bChange = 0.00525389, totNum = 250
ROUND = 1348, SUM = 22584883.9999999, bChange = 0.00525499, totNum = 250
ROUND = 1349, SUM = 22584884, bChange = 0.00525609, totNum = 250
ROUND = 1350, SUM = 22584884.0000001, bChange = 0.00422801, totNum = 249
ROUND = 1351, SUM = 22584884, bChange = 0.00422801, totNum = 249
ROUND = 1352, SUM = 22584884, bChange = 0.00422801, totNum = 248
ROUND = 1353, SUM = 22584884, bChange = 0.004228, totNum = 248
ROUND = 1354, SUM = 22584884, bChange = 0.004228, totNum = 248
ROUND = 1355, SUM = 22584884.0000001, bChange = 0.004228, totNum = 247
ROUND = 1356, SUM = 22584883.9999998, bChange = 0.00422799, totNum = 247
ROUND = 1357, SUM = 22584884, bChange = 0.00422799, totNum = 246
ROUND = 1358, SUM = 22584883.9999999, bChange = 0.00422799, totNum = 246
ROUND = 1359, SUM = 22584884, bChange = 0.00422798, totNum = 245
ROUND = 1360, SUM = 22584884, bChange = 0.00422798, totNum = 245
ROUND = 1361, SUM = 22584883.9999999, bChange = 0.00422798, totNum = 245
ROUND = 1362, SUM = 22584884, bChange = 0.00422797, totNum = 245
ROUND = 1363, SUM = 22584884, bChange = 0.00422797, totNum = 245
ROUND = 1364, SUM = 22584884, bChange = 0.00422797, totNum = 244
ROUND = 1365, SUM = 22584884, bChange = 0.00422797, totNum = 244
ROUND = 1366, SUM = 22584884.0000001, bChange = 0.00422796, totNum = 243
ROUND = 1367, SUM = 22584883.9999999, bChange = 0.00422796, totNum = 242
ROUND = 1368, SUM = 22584883.9999999, bChange = 0.00422796, totNum = 242
ROUND = 1369, SUM = 22584883.9999999, bChange = 0.00422795, totNum = 242
ROUND = 1370, SUM = 22584884.0000001, bChange = 0.00422795, totNum = 242
ROUND = 1371, SUM = 22584883.9999998, bChange = 0.00422795, totNum = 241
ROUND = 1372, SUM = 22584884, bChange = 0.00422794, totNum = 239
ROUND = 1373, SUM = 22584884, bChange = 0.00422794, totNum = 239
ROUND = 1374, SUM = 22584883.9999999, bChange = 0.00422794, totNum = 237
ROUND = 1375, SUM = 22584884, bChange = 0.00422794, totNum = 237
ROUND = 1376, SUM = 22584884, bChange = 0.00422793, totNum = 237
ROUND = 1377, SUM = 22584883.9999999, bChange = 0.00422793, totNum = 237
ROUND = 1378, SUM = 22584883.9999999, bChange = 0.00422793, totNum = 235
ROUND = 1379, SUM = 22584883.9999999, bChange = 0.00422792, totNum = 235
ROUND = 1380, SUM = 22584884, bChange = 0.00422792, totNum = 235
ROUND = 1381, SUM = 22584884, bChange = 0.00422792, totNum = 235
ROUND = 1382, SUM = 22584883.9999999, bChange = 0.00422792, totNum = 235
ROUND = 1383, SUM = 22584884, bChange = 0.00422791, totNum = 235
ROUND = 1384, SUM = 22584883.9999999, bChange = 0.00422791, totNum = 235
ROUND = 1385, SUM = 22584883.9999999, bChange = 0.00422791, totNum = 234
ROUND = 1386, SUM = 22584883.9999999, bChange = 0.0042279, totNum = 234
ROUND = 1387, SUM = 22584884, bChange = 0.0042279, totNum = 234
ROUND = 1388, SUM = 22584884, bChange = 0.0042279, totNum = 234
ROUND = 1389, SUM = 22584883.9999999, bChange = 0.0042279, totNum = 234
ROUND = 1390, SUM = 22584883.9999999, bChange = 0.00422789, totNum = 234
ROUND = 1391, SUM = 22584884, bChange = 0.00422789, totNum = 233
ROUND = 1392, SUM = 22584883.9999999, bChange = 0.00422789, totNum = 232
ROUND = 1393, SUM = 22584884, bChange = 0.00422789, totNum = 232
ROUND = 1394, SUM = 22584884, bChange = 0.00422788, totNum = 232
ROUND = 1395, SUM = 22584884, bChange = 0.00422788, totNum = 231
ROUND = 1396, SUM = 22584884, bChange = 0.00422788, totNum = 230
ROUND = 1397, SUM = 22584884, bChange = 0.00422788, totNum = 229
ROUND = 1398, SUM = 22584884.0000001, bChange = 0.00422787, totNum = 229
ROUND = 1399, SUM = 22584884, bChange = 0.00422787, totNum = 228
ROUND = 1400, SUM = 22584883.9999999, bChange = 0.00422787, totNum = 226
ROUND = 1401, SUM = 22584884, bChange = 0.00422786, totNum = 226
ROUND = 1402, SUM = 22584883.9999999, bChange = 0.00422786, totNum = 226
ROUND = 1403, SUM = 22584884, bChange = 0.00422786, totNum = 225
ROUND = 1404, SUM = 22584883.9999999, bChange = 0.00422786, totNum = 225
ROUND = 1405, SUM = 22584883.9999999, bChange = 0.00422785, totNum = 223
ROUND = 1406, SUM = 22584884, bChange = 0.00422785, totNum = 223
ROUND = 1407, SUM = 22584884.0000001, bChange = 0.00422785, totNum = 222
ROUND = 1408, SUM = 22584883.9999999, bChange = 0.00422785, totNum = 222
ROUND = 1409, SUM = 22584884, bChange = 0.00422784, totNum = 220
ROUND = 1410, SUM = 22584883.9999999, bChange = 0.00422784, totNum = 220
ROUND = 1411, SUM = 22584884, bChange = 0.00422784, totNum = 220
ROUND = 1412, SUM = 22584883.9999999, bChange = 0.00422784, totNum = 220
ROUND = 1413, SUM = 22584884, bChange = 0.00422783, totNum = 220
ROUND = 1414, SUM = 22584884, bChange = 0.00422783, totNum = 220
ROUND = 1415, SUM = 22584884, bChange = 0.00422783, totNum = 220
ROUND = 1416, SUM = 22584884.0000001, bChange = 0.00422783, totNum = 219
ROUND = 1417, SUM = 22584884, bChange = 0.00422782, totNum = 219
ROUND = 1418, SUM = 22584884, bChange = 0.00422782, totNum = 219
ROUND = 1419, SUM = 22584884, bChange = 0.00422782, totNum = 219
ROUND = 1420, SUM = 22584884, bChange = 0.00422782, totNum = 217
ROUND = 1421, SUM = 22584883.9999999, bChange = 0.00422781, totNum = 216
ROUND = 1422, SUM = 22584884.0000001, bChange = 0.00422781, totNum = 216
ROUND = 1423, SUM = 22584883.9999999, bChange = 0.00422781, totNum = 216
ROUND = 1424, SUM = 22584884, bChange = 0.00422781, totNum = 216
ROUND = 1425, SUM = 22584884, bChange = 0.00422781, totNum = 216
ROUND = 1426, SUM = 22584884, bChange = 0.0042278, totNum = 216
ROUND = 1427, SUM = 22584883.9999999, bChange = 0.0042278, totNum = 214
ROUND = 1428, SUM = 22584884, bChange = 0.0042278, totNum = 214
ROUND = 1429, SUM = 22584883.9999999, bChange = 0.0042278, totNum = 214
ROUND = 1430, SUM = 22584884, bChange = 0.00422779, totNum = 212
ROUND = 1431, SUM = 22584884, bChange = 0.00422779, totNum = 212
ROUND = 1432, SUM = 22584884, bChange = 0.00422779, totNum = 212
ROUND = 1433, SUM = 22584884, bChange = 0.00422779, totNum = 212
ROUND = 1434, SUM = 22584884.0000001, bChange = 0.00422778, totNum = 212
ROUND = 1435, SUM = 22584884, bChange = 0.00422778, totNum = 212
ROUND = 1436, SUM = 22584884, bChange = 0.00422778, totNum = 212
ROUND = 1437, SUM = 22584884, bChange = 0.00422778, totNum = 211
ROUND = 1438, SUM = 22584883.9999999, bChange = 0.00422778, totNum = 210
ROUND = 1439, SUM = 22584883.9999999, bChange = 0.00422777, totNum = 210
ROUND = 1440, SUM = 22584884, bChange = 0.00383304, totNum = 209
ROUND = 1441, SUM = 22584884.0000001, bChange = 0.00383303, totNum = 209
ROUND = 1442, SUM = 22584884, bChange = 0.00383303, totNum = 209
ROUND = 1443, SUM = 22584884, bChange = 0.00383303, totNum = 209
ROUND = 1444, SUM = 22584884, bChange = 0.00383302, totNum = 209
ROUND = 1445, SUM = 22584884, bChange = 0.00383302, totNum = 209
ROUND = 1446, SUM = 22584884, bChange = 0.00383301, totNum = 208
ROUND = 1447, SUM = 22584883.9999999, bChange = 0.00383301, totNum = 208
ROUND = 1448, SUM = 22584883.9999999, bChange = 0.003833, totNum = 207
ROUND = 1449, SUM = 22584884.0000001, bChange = 0.003833, totNum = 207
ROUND = 1450, SUM = 22584883.9999998, bChange = 0.00383299, totNum = 206
ROUND = 1451, SUM = 22584884, bChange = 0.00383299, totNum = 206
ROUND = 1452, SUM = 22584884, bChange = 0.00383298, totNum = 205
ROUND = 1453, SUM = 22584883.9999999, bChange = 0.00383298, totNum = 204
ROUND = 1454, SUM = 22584883.9999999, bChange = 0.00383298, totNum = 204
ROUND = 1455, SUM = 22584884, bChange = 0.00383297, totNum = 203
ROUND = 1456, SUM = 22584884, bChange = 0.00383297, totNum = 203
ROUND = 1457, SUM = 22584884, bChange = 0.00383296, totNum = 202
ROUND = 1458, SUM = 22584883.9999999, bChange = 0.00383296, totNum = 202
ROUND = 1459, SUM = 22584883.9999999, bChange = 0.00383295, totNum = 201
ROUND = 1460, SUM = 22584884, bChange = 0.00383295, totNum = 201
ROUND = 1461, SUM = 22584883.9999999, bChange = 0.00383294, totNum = 201
ROUND = 1462, SUM = 22584884, bChange = 0.00383294, totNum = 201
ROUND = 1463, SUM = 22584884, bChange = 0.00383294, totNum = 201
ROUND = 1464, SUM = 22584883.9999999, bChange = 0.00383293, totNum = 200
ROUND = 1465, SUM = 22584883.9999999, bChange = 0.00383293, totNum = 199
ROUND = 1466, SUM = 22584884, bChange = 0.00383292, totNum = 199
ROUND = 1467, SUM = 22584883.9999999, bChange = 0.00383292, totNum = 198
ROUND = 1468, SUM = 22584884, bChange = 0.00383292, totNum = 197
ROUND = 1469, SUM = 22584884, bChange = 0.00383291, totNum = 195
ROUND = 1470, SUM = 22584883.9999999, bChange = 0.00383291, totNum = 195
ROUND = 1471, SUM = 22584884, bChange = 0.0038329, totNum = 195
ROUND = 1472, SUM = 22584884, bChange = 0.0038329, totNum = 195
ROUND = 1473, SUM = 22584884.0000001, bChange = 0.00383289, totNum = 195
ROUND = 1474, SUM = 22584884.0000001, bChange = 0.00383289, totNum = 195
ROUND = 1475, SUM = 22584884.0000001, bChange = 0.00383289, totNum = 192
ROUND = 1476, SUM = 22584884, bChange = 0.00383288, totNum = 191
ROUND = 1477, SUM = 22584884, bChange = 0.00383288, totNum = 191
ROUND = 1478, SUM = 22584884, bChange = 0.00383287, totNum = 191
ROUND = 1479, SUM = 22584883.9999999, bChange = 0.00383287, totNum = 190
ROUND = 1480, SUM = 22584883.9999999, bChange = 0.00383287, totNum = 190
ROUND = 1481, SUM = 22584884, bChange = 0.00383286, totNum = 190
ROUND = 1482, SUM = 22584884, bChange = 0.00383286, totNum = 190
ROUND = 1483, SUM = 22584884, bChange = 0.00383285, totNum = 190
ROUND = 1484, SUM = 22584884, bChange = 0.00383285, totNum = 189
ROUND = 1485, SUM = 22584884, bChange = 0.00383285, totNum = 189
ROUND = 1486, SUM = 22584883.9999999, bChange = 0.00383284, totNum = 188
ROUND = 1487, SUM = 22584883.9999999, bChange = 0.00383284, totNum = 188
ROUND = 1488, SUM = 22584883.9999999, bChange = 0.00383283, totNum = 187
ROUND = 1489, SUM = 22584883.9999999, bChange = 0.00383283, totNum = 187
ROUND = 1490, SUM = 22584883.9999999, bChange = 0.00383283, totNum = 187
ROUND = 1491, SUM = 22584884, bChange = 0.00383282, totNum = 186
ROUND = 1492, SUM = 22584884, bChange = 0.00383282, totNum = 186
ROUND = 1493, SUM = 22584884, bChange = 0.00383281, totNum = 186
ROUND = 1494, SUM = 22584884, bChange = 0.00383281, totNum = 186
ROUND = 1495, SUM = 22584884.0000001, bChange = 0.00383281, totNum = 186
ROUND = 1496, SUM = 22584884, bChange = 0.0038328, totNum = 186
ROUND = 1497, SUM = 22584884, bChange = 0.0038328, totNum = 187
ROUND = 1498, SUM = 22584883.9999999, bChange = 0.0038328, totNum = 187
ROUND = 1499, SUM = 22584883.9999999, bChange = 0.00383279, totNum = 187
ROUND = 1500, SUM = 22584883.9999999, bChange = 0.00383279, totNum = 187
ROUND = 1501, SUM = 22584884, bChange = 0.00383278, totNum = 187
ROUND = 1502, SUM = 22584884.0000001, bChange = 0.00383278, totNum = 186
ROUND = 1503, SUM = 22584883.9999999, bChange = 0.00383278, totNum = 186
ROUND = 1504, SUM = 22584884.0000001, bChange = 0.00383277, totNum = 185
ROUND = 1505, SUM = 22584884, bChange = 0.00375367, totNum = 184
ROUND = 1506, SUM = 22584884, bChange = 0.00375548, totNum = 183
ROUND = 1507, SUM = 22584884, bChange = 0.00375729, totNum = 183
ROUND = 1508, SUM = 22584884, bChange = 0.00375909, totNum = 183
ROUND = 1509, SUM = 22584884, bChange = 0.00376089, totNum = 183
ROUND = 1510, SUM = 22584884, bChange = 0.00376269, totNum = 183
ROUND = 1511, SUM = 22584884, bChange = 0.00376448, totNum = 183
ROUND = 1512, SUM = 22584884, bChange = 0.00376627, totNum = 183
ROUND = 1513, SUM = 22584884, bChange = 0.00376806, totNum = 183
ROUND = 1514, SUM = 22584883.9999999, bChange = 0.00376984, totNum = 183
ROUND = 1515, SUM = 22584884, bChange = 0.00377162, totNum = 183
ROUND = 1516, SUM = 22584884, bChange = 0.00377339, totNum = 182
ROUND = 1517, SUM = 22584884, bChange = 0.00377516, totNum = 182
ROUND = 1518, SUM = 22584884, bChange = 0.00377693, totNum = 182
ROUND = 1519, SUM = 22584884.0000001, bChange = 0.0037787, totNum = 182
ROUND = 1520, SUM = 22584884, bChange = 0.00354919, totNum = 180
ROUND = 1521, SUM = 22584884.0000001, bChange = 0.00354986, totNum = 177
ROUND = 1522, SUM = 22584884, bChange = 0.00355052, totNum = 176
ROUND = 1523, SUM = 22584884, bChange = 0.00355119, totNum = 177
ROUND = 1524, SUM = 22584884, bChange = 0.00355186, totNum = 177
ROUND = 1525, SUM = 22584884, bChange = 0.00355252, totNum = 177
ROUND = 1526, SUM = 22584884, bChange = 0.00355318, totNum = 177
ROUND = 1527, SUM = 22584884.0000001, bChange = 0.00355384, totNum = 177
ROUND = 1528, SUM = 22584884, bChange = 0.0035545, totNum = 176
ROUND = 1529, SUM = 22584883.9999999, bChange = 0.00355516, totNum = 175
ROUND = 1530, SUM = 22584884, bChange = 0.00355582, totNum = 174
ROUND = 1531, SUM = 22584884, bChange = 0.00355647, totNum = 174
ROUND = 1532, SUM = 22584884, bChange = 0.00355712, totNum = 173
ROUND = 1533, SUM = 22584884, bChange = 0.00355778, totNum = 173
ROUND = 1534, SUM = 22584884, bChange = 0.00355843, totNum = 173
ROUND = 1535, SUM = 22584884, bChange = 0.00355907, totNum = 173
ROUND = 1536, SUM = 22584883.9999999, bChange = 0.00355972, totNum = 173
ROUND = 1537, SUM = 22584884.0000001, bChange = 0.00356037, totNum = 173
ROUND = 1538, SUM = 22584884.0000001, bChange = 0.00356101, totNum = 173
ROUND = 1539, SUM = 22584884.0000001, bChange = 0.00356165, totNum = 173
ROUND = 1540, SUM = 22584883.9999999, bChange = 0.00356229, totNum = 173
ROUND = 1541, SUM = 22584884.0000001, bChange = 0.00356293, totNum = 173
ROUND = 1542, SUM = 22584884.0000001, bChange = 0.00356357, totNum = 173
ROUND = 1543, SUM = 22584884.0000001, bChange = 0.00356421, totNum = 173
ROUND = 1544, SUM = 22584883.9999999, bChange = 0.00356484, totNum = 173
ROUND = 1545, SUM = 22584884.0000001, bChange = 0.00356547, totNum = 173
ROUND = 1546, SUM = 22584884.0000001, bChange = 0.00356611, totNum = 172
ROUND = 1547, SUM = 22584884, bChange = 0.00356674, totNum = 172
ROUND = 1548, SUM = 22584884, bChange = 0.00356736, totNum = 172
ROUND = 1549, SUM = 22584884, bChange = 0.00356799, totNum = 172
ROUND = 1550, SUM = 22584884, bChange = 0.00356862, totNum = 172
ROUND = 1551, SUM = 22584884, bChange = 0.00356924, totNum = 172
ROUND = 1552, SUM = 22584884.0000001, bChange = 0.00356987, totNum = 172
ROUND = 1553, SUM = 22584883.9999999, bChange = 0.00357049, totNum = 172
ROUND = 1554, SUM = 22584884, bChange = 0.00357111, totNum = 171
ROUND = 1555, SUM = 22584883.9999999, bChange = 0.00357173, totNum = 170
ROUND = 1556, SUM = 22584884, bChange = 0.00357234, totNum = 169
ROUND = 1557, SUM = 22584884, bChange = 0.00357296, totNum = 169
ROUND = 1558, SUM = 22584884.0000001, bChange = 0.00357357, totNum = 168
ROUND = 1559, SUM = 22584884, bChange = 0.00357418, totNum = 168
ROUND = 1560, SUM = 22584883.9999999, bChange = 0.0035748, totNum = 166
ROUND = 1561, SUM = 22584884, bChange = 0.00357541, totNum = 166
ROUND = 1562, SUM = 22584884.0000001, bChange = 0.00357601, totNum = 165
ROUND = 1563, SUM = 22584884, bChange = 0.00357662, totNum = 164
ROUND = 1564, SUM = 22584884.0000001, bChange = 0.00357723, totNum = 163
ROUND = 1565, SUM = 22584883.9999999, bChange = 0.00357783, totNum = 163
ROUND = 1566, SUM = 22584884, bChange = 0.00357843, totNum = 163
ROUND = 1567, SUM = 22584884, bChange = 0.00357903, totNum = 163
ROUND = 1568, SUM = 22584883.9999999, bChange = 0.00351879, totNum = 161
ROUND = 1569, SUM = 22584884, bChange = 0.00352001, totNum = 161
ROUND = 1570, SUM = 22584884, bChange = 0.00352124, totNum = 160
ROUND = 1571, SUM = 22584883.9999999, bChange = 0.00352246, totNum = 159
ROUND = 1572, SUM = 22584884, bChange = 0.00352368, totNum = 159
ROUND = 1573, SUM = 22584884, bChange = 0.0035249, totNum = 159
ROUND = 1574, SUM = 22584883.9999999, bChange = 0.00352611, totNum = 159
ROUND = 1575, SUM = 22584884, bChange = 0.00352733, totNum = 160
ROUND = 1576, SUM = 22584883.9999999, bChange = 0.00352854, totNum = 161
ROUND = 1577, SUM = 22584884.0000001, bChange = 0.00352975, totNum = 161
ROUND = 1578, SUM = 22584884, bChange = 0.00353096, totNum = 161
ROUND = 1579, SUM = 22584884, bChange = 0.00353216, totNum = 161
ROUND = 1580, SUM = 22584884, bChange = 0.00353337, totNum = 161
ROUND = 1581, SUM = 22584884, bChange = 0.00353457, totNum = 160
ROUND = 1582, SUM = 22584884, bChange = 0.00353577, totNum = 160
ROUND = 1583, SUM = 22584884, bChange = 0.00353697, totNum = 160
ROUND = 1584, SUM = 22584884, bChange = 0.00353817, totNum = 159
ROUND = 1585, SUM = 22584884, bChange = 0.00353936, totNum = 159
ROUND = 1586, SUM = 22584883.9999999, bChange = 0.00354056, totNum = 158
ROUND = 1587, SUM = 22584884, bChange = 0.00354175, totNum = 158
ROUND = 1588, SUM = 22584884, bChange = 0.00354294, totNum = 158
ROUND = 1589, SUM = 22584884.0000001, bChange = 0.00354412, totNum = 155
ROUND = 1590, SUM = 22584884, bChange = 0.00354531, totNum = 155
ROUND = 1591, SUM = 22584884.0000001, bChange = 0.00354649, totNum = 154
ROUND = 1592, SUM = 22584884, bChange = 0.00354768, totNum = 154
ROUND = 1593, SUM = 22584883.9999999, bChange = 0.00354886, totNum = 154
ROUND = 1594, SUM = 22584883.9999999, bChange = 0.00355004, totNum = 154
ROUND = 1595, SUM = 22584884, bChange = 0.00355121, totNum = 154
ROUND = 1596, SUM = 22584884, bChange = 0.00355239, totNum = 154
ROUND = 1597, SUM = 22584884.0000001, bChange = 0.00355356, totNum = 153
ROUND = 1598, SUM = 22584884, bChange = 0.00355473, totNum = 153
ROUND = 1599, SUM = 22584884.0000001, bChange = 0.0035559, totNum = 153
ROUND = 1600, SUM = 22584883.9999999, bChange = 0.00355707, totNum = 153
ROUND = 1601, SUM = 22584883.9999999, bChange = 0.00355823, totNum = 153
ROUND = 1602, SUM = 22584884, bChange = 0.0035594, totNum = 152
ROUND = 1603, SUM = 22584884, bChange = 0.00356056, totNum = 151
ROUND = 1604, SUM = 22584884, bChange = 0.00356172, totNum = 151
ROUND = 1605, SUM = 22584884.0000001, bChange = 0.00356288, totNum = 150
ROUND = 1606, SUM = 22584884, bChange = 0.00356403, totNum = 150
ROUND = 1607, SUM = 22584884, bChange = 0.00356519, totNum = 150
ROUND = 1608, SUM = 22584884, bChange = 0.00356634, totNum = 150
ROUND = 1609, SUM = 22584884, bChange = 0.00356749, totNum = 150
ROUND = 1610, SUM = 22584884.0000001, bChange = 0.00356864, totNum = 150
ROUND = 1611, SUM = 22584884, bChange = 0.00356978, totNum = 150
ROUND = 1612, SUM = 22584884, bChange = 0.00357093, totNum = 148
ROUND = 1613, SUM = 22584884, bChange = 0.00357207, totNum = 148
ROUND = 1614, SUM = 22584883.9999999, bChange = 0.00357321, totNum = 146
ROUND = 1615, SUM = 22584884, bChange = 0.00357435, totNum = 146
ROUND = 1616, SUM = 22584884.0000001, bChange = 0.00357549, totNum = 146
ROUND = 1617, SUM = 22584884, bChange = 0.00357663, totNum = 146
ROUND = 1618, SUM = 22584884, bChange = 0.00357776, totNum = 146
ROUND = 1619, SUM = 22584884, bChange = 0.00357889, totNum = 146
ROUND = 1620, SUM = 22584884, bChange = 0.00358002, totNum = 146
ROUND = 1621, SUM = 22584884, bChange = 0.00358115, totNum = 146
ROUND = 1622, SUM = 22584884, bChange = 0.00358228, totNum = 146
ROUND = 1623, SUM = 22584884, bChange = 0.0035834, totNum = 145
ROUND = 1624, SUM = 22584884, bChange = 0.00358453, totNum = 145
ROUND = 1625, SUM = 22584884, bChange = 0.00358565, totNum = 145
ROUND = 1626, SUM = 22584884, bChange = 0.00358677, totNum = 145
ROUND = 1627, SUM = 22584884, bChange = 0.00358789, totNum = 145
ROUND = 1628, SUM = 22584883.9999999, bChange = 0.003589, totNum = 145
ROUND = 1629, SUM = 22584883.9999999, bChange = 0.00359011, totNum = 145
ROUND = 1630, SUM = 22584884, bChange = 0.00359123, totNum = 144
ROUND = 1631, SUM = 22584883.9999999, bChange = 0.00359234, totNum = 143
ROUND = 1632, SUM = 22584884, bChange = 0.00359345, totNum = 143
ROUND = 1633, SUM = 22584884, bChange = 0.00359455, totNum = 142
ROUND = 1634, SUM = 22584884, bChange = 0.00359566, totNum = 142
ROUND = 1635, SUM = 22584884, bChange = 0.00359676, totNum = 141
ROUND = 1636, SUM = 22584884, bChange = 0.00359786, totNum = 141
ROUND = 1637, SUM = 22584884.0000001, bChange = 0.00359896, totNum = 140
ROUND = 1638, SUM = 22584884.0000001, bChange = 0.00360006, totNum = 140
ROUND = 1639, SUM = 22584884.0000001, bChange = 0.00360115, totNum = 140
ROUND = 1640, SUM = 22584883.9999999, bChange = 0.00360225, totNum = 139
ROUND = 1641, SUM = 22584884.0000001, bChange = 0.00360334, totNum = 138
ROUND = 1642, SUM = 22584884, bChange = 0.00360443, totNum = 138
ROUND = 1643, SUM = 22584884, bChange = 0.00360552, totNum = 138
ROUND = 1644, SUM = 22584884, bChange = 0.0036066, totNum = 138
ROUND = 1645, SUM = 22584883.9999999, bChange = 0.00360769, totNum = 138
ROUND = 1646, SUM = 22584883.9999999, bChange = 0.00360877, totNum = 137
ROUND = 1647, SUM = 22584884, bChange = 0.00360985, totNum = 137
ROUND = 1648, SUM = 22584884, bChange = 0.00361093, totNum = 137
ROUND = 1649, SUM = 22584884, bChange = 0.00361201, totNum = 137
ROUND = 1650, SUM = 22584884, bChange = 0.00361308, totNum = 137
ROUND = 1651, SUM = 22584883.9999999, bChange = 0.00361416, totNum = 136
ROUND = 1652, SUM = 22584883.9999999, bChange = 0.00361523, totNum = 135
ROUND = 1653, SUM = 22584884, bChange = 0.0036163, totNum = 135
ROUND = 1654, SUM = 22584884.0000001, bChange = 0.00361737, totNum = 135
ROUND = 1655, SUM = 22584884, bChange = 0.00361844, totNum = 135
ROUND = 1656, SUM = 22584884.0000001, bChange = 0.0036195, totNum = 133
ROUND = 1657, SUM = 22584884, bChange = 0.00362056, totNum = 133
ROUND = 1658, SUM = 22584884.0000001, bChange = 0.00362162, totNum = 133
ROUND = 1659, SUM = 22584884, bChange = 0.00362268, totNum = 133
ROUND = 1660, SUM = 22584884.0000001, bChange = 0.00362374, totNum = 133
ROUND = 1661, SUM = 22584884, bChange = 0.0036248, totNum = 133
ROUND = 1662, SUM = 22584883.9999999, bChange = 0.00362585, totNum = 133
ROUND = 1663, SUM = 22584884, bChange = 0.0036269, totNum = 133
ROUND = 1664, SUM = 22584884.0000001, bChange = 0.00362795, totNum = 132
ROUND = 1665, SUM = 22584884, bChange = 0.003629, totNum = 132
ROUND = 1666, SUM = 22584884, bChange = 0.00363005, totNum = 132
ROUND = 1667, SUM = 22584884, bChange = 0.0036311, totNum = 132
ROUND = 1668, SUM = 22584884.0000001, bChange = 0.00363214, totNum = 132
ROUND = 1669, SUM = 22584884, bChange = 0.00363318, totNum = 131
ROUND = 1670, SUM = 22584884.0000001, bChange = 0.00363422, totNum = 130
ROUND = 1671, SUM = 22584883.9999999, bChange = 0.00363526, totNum = 130
ROUND = 1672, SUM = 22584884, bChange = 0.00363629, totNum = 130
ROUND = 1673, SUM = 22584884.0000001, bChange = 0.00363733, totNum = 130
ROUND = 1674, SUM = 22584884, bChange = 0.00363836, totNum = 130
ROUND = 1675, SUM = 22584883.9999999, bChange = 0.00363939, totNum = 129
ROUND = 1676, SUM = 22584884.0000001, bChange = 0.00364042, totNum = 129
ROUND = 1677, SUM = 22584884.0000001, bChange = 0.00364145, totNum = 129
ROUND = 1678, SUM = 22584884.0000001, bChange = 0.00364247, totNum = 128
ROUND = 1679, SUM = 22584884.0000001, bChange = 0.0036435, totNum = 126
ROUND = 1680, SUM = 22584884, bChange = 0.00364452, totNum = 126
ROUND = 1681, SUM = 22584884, bChange = 0.00364554, totNum = 126
ROUND = 1682, SUM = 22584884, bChange = 0.00364656, totNum = 126
ROUND = 1683, SUM = 22584884, bChange = 0.00364757, totNum = 126
ROUND = 1684, SUM = 22584884, bChange = 0.00364859, totNum = 125
ROUND = 1685, SUM = 22584883.9999999, bChange = 0.0036496, totNum = 124
ROUND = 1686, SUM = 22584884, bChange = 0.00365061, totNum = 124
ROUND = 1687, SUM = 22584884, bChange = 0.00365162, totNum = 124
ROUND = 1688, SUM = 22584884, bChange = 0.00365263, totNum = 122
ROUND = 1689, SUM = 22584884, bChange = 0.00365364, totNum = 121
ROUND = 1690, SUM = 22584884.0000001, bChange = 0.00365464, totNum = 121
ROUND = 1691, SUM = 22584884.0000001, bChange = 0.00365564, totNum = 121
ROUND = 1692, SUM = 22584884, bChange = 0.00365664, totNum = 121
ROUND = 1693, SUM = 22584884, bChange = 0.00365764, totNum = 121
ROUND = 1694, SUM = 22584884, bChange = 0.00365864, totNum = 121
ROUND = 1695, SUM = 22584884, bChange = 0.00365964, totNum = 121
ROUND = 1696, SUM = 22584884, bChange = 0.00366063, totNum = 121
ROUND = 1697, SUM = 22584884, bChange = 0.00366162, totNum = 121
ROUND = 1698, SUM = 22584884, bChange = 0.00366261, totNum = 120
ROUND = 1699, SUM = 22584883.9999999, bChange = 0.0036636, totNum = 120
ROUND = 1700, SUM = 22584884.0000001, bChange = 0.00366459, totNum = 119
ROUND = 1701, SUM = 22584884.0000001, bChange = 0.00366557, totNum = 119
ROUND = 1702, SUM = 22584884, bChange = 0.00366656, totNum = 118
ROUND = 1703, SUM = 22584884.0000001, bChange = 0.00366754, totNum = 119
ROUND = 1704, SUM = 22584883.9999999, bChange = 0.00366852, totNum = 119
ROUND = 1705, SUM = 22584884.0000001, bChange = 0.0036695, totNum = 119
ROUND = 1706, SUM = 22584884.0000001, bChange = 0.00367047, totNum = 119
ROUND = 1707, SUM = 22584884, bChange = 0.00367145, totNum = 119
ROUND = 1708, SUM = 22584884, bChange = 0.00367242, totNum = 119
ROUND = 1709, SUM = 22584884, bChange = 0.00367339, totNum = 119
ROUND = 1710, SUM = 22584883.9999999, bChange = 0.00367436, totNum = 119
ROUND = 1711, SUM = 22584884.0000001, bChange = 0.00367533, totNum = 119
ROUND = 1712, SUM = 22584884, bChange = 0.00367629, totNum = 119
ROUND = 1713, SUM = 22584884, bChange = 0.00367726, totNum = 119
ROUND = 1714, SUM = 22584884, bChange = 0.00367822, totNum = 119
ROUND = 1715, SUM = 22584884.0000001, bChange = 0.00367918, totNum = 118
ROUND = 1716, SUM = 22584884, bChange = 0.00368014, totNum = 117
ROUND = 1717, SUM = 22584884, bChange = 0.0036811, totNum = 116
ROUND = 1718, SUM = 22584884, bChange = 0.00368205, totNum = 116
ROUND = 1719, SUM = 22584884.0000001, bChange = 0.00368301, totNum = 115
ROUND = 1720, SUM = 22584884, bChange = 0.00368396, totNum = 114
ROUND = 1721, SUM = 22584884, bChange = 0.00368491, totNum = 114
ROUND = 1722, SUM = 22584884.0000001, bChange = 0.00368586, totNum = 114
ROUND = 1723, SUM = 22584884.0000001, bChange = 0.00368681, totNum = 114
ROUND = 1724, SUM = 22584884, bChange = 0.00368775, totNum = 114
ROUND = 1725, SUM = 22584884.0000001, bChange = 0.00368869, totNum = 114
ROUND = 1726, SUM = 22584884, bChange = 0.00368964, totNum = 114
ROUND = 1727, SUM = 22584884.0000001, bChange = 0.00369058, totNum = 114
ROUND = 1728, SUM = 22584884, bChange = 0.00369151, totNum = 114
ROUND = 1729, SUM = 22584884.0000001, bChange = 0.00369245, totNum = 113
ROUND = 1730, SUM = 22584884.0000001, bChange = 0.00369339, totNum = 113
ROUND = 1731, SUM = 22584884, bChange = 0.00369432, totNum = 112
ROUND = 1732, SUM = 22584884, bChange = 0.00369525, totNum = 112
ROUND = 1733, SUM = 22584884, bChange = 0.00369618, totNum = 112
ROUND = 1734, SUM = 22584884, bChange = 0.00369711, totNum = 112
ROUND = 1735, SUM = 22584884, bChange = 0.00369804, totNum = 112
ROUND = 1736, SUM = 22584884, bChange = 0.00369896, totNum = 112
ROUND = 1737, SUM = 22584884, bChange = 0.00369988, totNum = 112
ROUND = 1738, SUM = 22584884.0000001, bChange = 0.00370081, totNum = 112
ROUND = 1739, SUM = 22584884.0000001, bChange = 0.00370172, totNum = 112
ROUND = 1740, SUM = 22584883.9999999, bChange = 0.00370264, totNum = 112
ROUND = 1741, SUM = 22584884.0000001, bChange = 0.00370356, totNum = 112
ROUND = 1742, SUM = 22584884.0000001, bChange = 0.00370447, totNum = 112
ROUND = 1743, SUM = 22584884, bChange = 0.00370539, totNum = 112
ROUND = 1744, SUM = 22584884.0000001, bChange = 0.0037063, totNum = 112
ROUND = 1745, SUM = 22584884, bChange = 0.00370721, totNum = 112
ROUND = 1746, SUM = 22584884.0000001, bChange = 0.00370812, totNum = 112
ROUND = 1747, SUM = 22584884.0000001, bChange = 0.00370902, totNum = 111
ROUND = 1748, SUM = 22584884, bChange = 0.00370993, totNum = 111
ROUND = 1749, SUM = 22584884.0000001, bChange = 0.00371083, totNum = 111
ROUND = 1750, SUM = 22584884.0000001, bChange = 0.00371173, totNum = 111
ROUND = 1751, SUM = 22584884.0000001, bChange = 0.00371263, totNum = 111
ROUND = 1752, SUM = 22584884, bChange = 0.00371353, totNum = 111
ROUND = 1753, SUM = 22584884.0000001, bChange = 0.00371442, totNum = 111
ROUND = 1754, SUM = 22584884.0000001, bChange = 0.00371532, totNum = 111
ROUND = 1755, SUM = 22584884, bChange = 0.00371621, totNum = 110
ROUND = 1756, SUM = 22584884, bChange = 0.0037171, totNum = 110
ROUND = 1757, SUM = 22584884, bChange = 0.00371799, totNum = 109
ROUND = 1758, SUM = 22584884.0000001, bChange = 0.00371888, totNum = 109
ROUND = 1759, SUM = 22584884.0000001, bChange = 0.00371977, totNum = 109
ROUND = 1760, SUM = 22584884, bChange = 0.00372065, totNum = 109
ROUND = 1761, SUM = 22584883.9999999, bChange = 0.00372153, totNum = 109
ROUND = 1762, SUM = 22584883.9999999, bChange = 0.00372242, totNum = 108
ROUND = 1763, SUM = 22584884.0000001, bChange = 0.0037233, totNum = 108
ROUND = 1764, SUM = 22584884, bChange = 0.00372417, totNum = 108
ROUND = 1765, SUM = 22584884.0000001, bChange = 0.00372505, totNum = 108
ROUND = 1766, SUM = 22584884, bChange = 0.00372592, totNum = 107
ROUND = 1767, SUM = 22584884, bChange = 0.0037268, totNum = 106
ROUND = 1768, SUM = 22584884.0000001, bChange = 0.00372767, totNum = 106
ROUND = 1769, SUM = 22584884, bChange = 0.00372854, totNum = 106
ROUND = 1770, SUM = 22584883.9999999, bChange = 0.00372941, totNum = 106
ROUND = 1771, SUM = 22584884, bChange = 0.00373027, totNum = 106
ROUND = 1772, SUM = 22584883.9999999, bChange = 0.00373114, totNum = 106
ROUND = 1773, SUM = 22584884, bChange = 0.003732, totNum = 106
ROUND = 1774, SUM = 22584884, bChange = 0.00373286, totNum = 106
ROUND = 1775, SUM = 22584884, bChange = 0.00373372, totNum = 106
ROUND = 1776, SUM = 22584884, bChange = 0.00373458, totNum = 105
ROUND = 1777, SUM = 22584883.9999999, bChange = 0.00373544, totNum = 105
ROUND = 1778, SUM = 22584884.0000001, bChange = 0.00373629, totNum = 105
ROUND = 1779, SUM = 22584884, bChange = 0.00373715, totNum = 105
ROUND = 1780, SUM = 22584884.0000001, bChange = 0.003738, totNum = 103
ROUND = 1781, SUM = 22584884.0000001, bChange = 0.00373885, totNum = 103
ROUND = 1782, SUM = 22584884, bChange = 0.0037397, totNum = 103
ROUND = 1783, SUM = 22584884, bChange = 0.00374054, totNum = 103
ROUND = 1784, SUM = 22584884, bChange = 0.00374139, totNum = 103
ROUND = 1785, SUM = 22584883.9999999, bChange = 0.00374223, totNum = 103
ROUND = 1786, SUM = 22584884, bChange = 0.00374307, totNum = 103
ROUND = 1787, SUM = 22584884, bChange = 0.00374392, totNum = 103
ROUND = 1788, SUM = 22584884.0000001, bChange = 0.00374475, totNum = 103
ROUND = 1789, SUM = 22584884, bChange = 0.00374559, totNum = 103
ROUND = 1790, SUM = 22584883.9999999, bChange = 0.00374643, totNum = 103
ROUND = 1791, SUM = 22584884, bChange = 0.00374726, totNum = 103
ROUND = 1792, SUM = 22584883.9999999, bChange = 0.00374809, totNum = 103
ROUND = 1793, SUM = 22584884, bChange = 0.00374892, totNum = 103
ROUND = 1794, SUM = 22584884, bChange = 0.00374975, totNum = 103
ROUND = 1795, SUM = 22584884, bChange = 0.00375058, totNum = 103
ROUND = 1796, SUM = 22584884.0000001, bChange = 0.00375141, totNum = 103
ROUND = 1797, SUM = 22584884, bChange = 0.00375223, totNum = 103
ROUND = 1798, SUM = 22584884, bChange = 0.00375305, totNum = 103
ROUND = 1799, SUM = 22584883.9999999, bChange = 0.00375388, totNum = 103
ROUND = 1800, SUM = 22584884, bChange = 0.00375469, totNum = 103
ROUND = 1801, SUM = 22584884, bChange = 0.00375551, totNum = 102
ROUND = 1802, SUM = 22584884.0000001, bChange = 0.00375633, totNum = 102
ROUND = 1803, SUM = 22584884.0000001, bChange = 0.00375714, totNum = 102
ROUND = 1804, SUM = 22584883.9999999, bChange = 0.00375796, totNum = 102
ROUND = 1805, SUM = 22584883.9999999, bChange = 0.00375877, totNum = 102
ROUND = 1806, SUM = 22584884, bChange = 0.00375958, totNum = 102
ROUND = 1807, SUM = 22584884.0000001, bChange = 0.00376039, totNum = 101
ROUND = 1808, SUM = 22584884, bChange = 0.00376119, totNum = 101
ROUND = 1809, SUM = 22584884, bChange = 0.003762, totNum = 101
ROUND = 1810, SUM = 22584884.0000001, bChange = 0.0037628, totNum = 101
ROUND = 1811, SUM = 22584884.0000001, bChange = 0.00376361, totNum = 101
ROUND = 1812, SUM = 22584884, bChange = 0.00376441, totNum = 101
ROUND = 1813, SUM = 22584884, bChange = 0.00376521, totNum = 100
ROUND = 1814, SUM = 22584884, bChange = 0.003766, totNum = 100
ROUND = 1815, SUM = 22584884, bChange = 0.0037668, totNum = 100
ROUND = 1816, SUM = 22584884.0000001, bChange = 0.00376759, totNum = 99
ROUND = 1817, SUM = 22584884, bChange = 0.00376839, totNum = 99
ROUND = 1818, SUM = 22584883.9999999, bChange = 0.00376918, totNum = 99
ROUND = 1819, SUM = 22584884.0000001, bChange = 0.00376997, totNum = 99
ROUND = 1820, SUM = 22584883.9999999, bChange = 0.00377076, totNum = 99
ROUND = 1821, SUM = 22584884, bChange = 0.00377154, totNum = 99
ROUND = 1822, SUM = 22584884, bChange = 0.00377233, totNum = 98
ROUND = 1823, SUM = 22584884, bChange = 0.00377311, totNum = 98
ROUND = 1824, SUM = 22584884, bChange = 0.00377389, totNum = 98
ROUND = 1825, SUM = 22584884, bChange = 0.00377467, totNum = 98
ROUND = 1826, SUM = 22584884, bChange = 0.00377545, totNum = 98
ROUND = 1827, SUM = 22584884, bChange = 0.00377623, totNum = 98
ROUND = 1828, SUM = 22584884.0000001, bChange = 0.003777, totNum = 98
ROUND = 1829, SUM = 22584883.9999999, bChange = 0.00377778, totNum = 97
ROUND = 1830, SUM = 22584884, bChange = 0.00377855, totNum = 97
ROUND = 1831, SUM = 22584883.9999999, bChange = 0.00377932, totNum = 97
ROUND = 1832, SUM = 22584884.0000001, bChange = 0.00378009, totNum = 97
ROUND = 1833, SUM = 22584884, bChange = 0.00378086, totNum = 96
ROUND = 1834, SUM = 22584883.9999999, bChange = 0.00378163, totNum = 95
ROUND = 1835, SUM = 22584884, bChange = 0.00378239, totNum = 95
ROUND = 1836, SUM = 22584884.0000001, bChange = 0.00378316, totNum = 95
ROUND = 1837, SUM = 22584883.9999999, bChange = 0.00378392, totNum = 95
ROUND = 1838, SUM = 22584884.0000001, bChange = 0.00378468, totNum = 94
ROUND = 1839, SUM = 22584884.0000001, bChange = 0.00378544, totNum = 94
ROUND = 1840, SUM = 22584884, bChange = 0.00378619, totNum = 94
ROUND = 1841, SUM = 22584884.0000001, bChange = 0.00378695, totNum = 93
ROUND = 1842, SUM = 22584884, bChange = 0.0037877, totNum = 93
ROUND = 1843, SUM = 22584884.0000001, bChange = 0.00378846, totNum = 93
ROUND = 1844, SUM = 22584883.9999999, bChange = 0.00323349, totNum = 90
ROUND = 1845, SUM = 22584884, bChange = 0.00323348, totNum = 90
ROUND = 1846, SUM = 22584884, bChange = 0.00323348, totNum = 90
ROUND = 1847, SUM = 22584884, bChange = 0.00323348, totNum = 89
ROUND = 1848, SUM = 22584884.0000001, bChange = 0.00323348, totNum = 89
ROUND = 1849, SUM = 22584883.9999999, bChange = 0.00323348, totNum = 89
ROUND = 1850, SUM = 22584884.0000001, bChange = 0.00323348, totNum = 88
ROUND = 1851, SUM = 22584883.9999999, bChange = 0.00323348, totNum = 88
ROUND = 1852, SUM = 22584884.0000001, bChange = 0.00323348, totNum = 88
ROUND = 1853, SUM = 22584883.9999999, bChange = 0.00323348, totNum = 88
ROUND = 1854, SUM = 22584884, bChange = 0.00323348, totNum = 88
ROUND = 1855, SUM = 22584883.9999999, bChange = 0.00323348, totNum = 88
ROUND = 1856, SUM = 22584884, bChange = 0.00323348, totNum = 88
ROUND = 1857, SUM = 22584884, bChange = 0.00323348, totNum = 88
ROUND = 1858, SUM = 22584883.9999999, bChange = 0.00323348, totNum = 88
ROUND = 1859, SUM = 22584884, bChange = 0.00323348, totNum = 88
ROUND = 1860, SUM = 22584884, bChange = 0.00323348, totNum = 88
ROUND = 1861, SUM = 22584884, bChange = 0.00323348, totNum = 88
ROUND = 1862, SUM = 22584884, bChange = 0.00323347, totNum = 88
ROUND = 1863, SUM = 22584884, bChange = 0.00323347, totNum = 88
ROUND = 1864, SUM = 22584884, bChange = 0.00323347, totNum = 87
ROUND = 1865, SUM = 22584883.9999999, bChange = 0.00323347, totNum = 87
ROUND = 1866, SUM = 22584884, bChange = 0.00323347, totNum = 87
ROUND = 1867, SUM = 22584884, bChange = 0.00323347, totNum = 86
ROUND = 1868, SUM = 22584884.0000001, bChange = 0.00323347, totNum = 86
ROUND = 1869, SUM = 22584884.0000001, bChange = 0.00323347, totNum = 86
ROUND = 1870, SUM = 22584884, bChange = 0.00323347, totNum = 85
ROUND = 1871, SUM = 22584884, bChange = 0.00323347, totNum = 84
ROUND = 1872, SUM = 22584884, bChange = 0.00323347, totNum = 84
ROUND = 1873, SUM = 22584884, bChange = 0.00323347, totNum = 84
ROUND = 1874, SUM = 22584884, bChange = 0.00323347, totNum = 84
ROUND = 1875, SUM = 22584884, bChange = 0.00323347, totNum = 84
ROUND = 1876, SUM = 22584884.0000001, bChange = 0.00323347, totNum = 84
ROUND = 1877, SUM = 22584884, bChange = 0.00323346, totNum = 83
ROUND = 1878, SUM = 22584884, bChange = 0.00323346, totNum = 83
ROUND = 1879, SUM = 22584884.0000001, bChange = 0.00323346, totNum = 83
ROUND = 1880, SUM = 22584884, bChange = 0.00323346, totNum = 83
ROUND = 1881, SUM = 22584883.9999999, bChange = 0.00323346, totNum = 83
ROUND = 1882, SUM = 22584884, bChange = 0.00323346, totNum = 83
ROUND = 1883, SUM = 22584884, bChange = 0.00323346, totNum = 82
ROUND = 1884, SUM = 22584884, bChange = 0.00323346, totNum = 82
ROUND = 1885, SUM = 22584884, bChange = 0.00323346, totNum = 80
ROUND = 1886, SUM = 22584883.9999998, bChange = 0.00323346, totNum = 80
ROUND = 1887, SUM = 22584884, bChange = 0.00323346, totNum = 80
ROUND = 1888, SUM = 22584884, bChange = 0.00323346, totNum = 80
ROUND = 1889, SUM = 22584884, bChange = 0.00323346, totNum = 80
ROUND = 1890, SUM = 22584883.9999999, bChange = 0.00323346, totNum = 80
ROUND = 1891, SUM = 22584884, bChange = 0.00323345, totNum = 80
ROUND = 1892, SUM = 22584884, bChange = 0.00323345, totNum = 80
ROUND = 1893, SUM = 22584883.9999999, bChange = 0.00323345, totNum = 80
ROUND = 1894, SUM = 22584884, bChange = 0.00323345, totNum = 79
ROUND = 1895, SUM = 22584884, bChange = 0.00323345, totNum = 79
ROUND = 1896, SUM = 22584884, bChange = 0.00323345, totNum = 79
ROUND = 1897, SUM = 22584884, bChange = 0.00323345, totNum = 80
ROUND = 1898, SUM = 22584884, bChange = 0.00323345, totNum = 80
ROUND = 1899, SUM = 22584884.0000001, bChange = 0.00323345, totNum = 80
ROUND = 1900, SUM = 22584884, bChange = 0.00323345, totNum = 80
ROUND = 1901, SUM = 22584884, bChange = 0.00323345, totNum = 80
ROUND = 1902, SUM = 22584883.9999999, bChange = 0.00323345, totNum = 80
ROUND = 1903, SUM = 22584884, bChange = 0.00323345, totNum = 80
ROUND = 1904, SUM = 22584884, bChange = 0.00323345, totNum = 80
ROUND = 1905, SUM = 22584884, bChange = 0.00323344, totNum = 80
ROUND = 1906, SUM = 22584884, bChange = 0.00323344, totNum = 80
ROUND = 1907, SUM = 22584884, bChange = 0.00323344, totNum = 80
ROUND = 1908, SUM = 22584884.0000001, bChange = 0.00323344, totNum = 79
ROUND = 1909, SUM = 22584884, bChange = 0.00323344, totNum = 79
ROUND = 1910, SUM = 22584884.0000001, bChange = 0.00323344, totNum = 79
ROUND = 1911, SUM = 22584884, bChange = 0.00323344, totNum = 79
ROUND = 1912, SUM = 22584883.9999999, bChange = 0.00323344, totNum = 78
ROUND = 1913, SUM = 22584884.0000001, bChange = 0.00323344, totNum = 78
ROUND = 1914, SUM = 22584884.0000001, bChange = 0.00323344, totNum = 78
ROUND = 1915, SUM = 22584884, bChange = 0.00323344, totNum = 77
ROUND = 1916, SUM = 22584884, bChange = 0.00323344, totNum = 77
ROUND = 1917, SUM = 22584884, bChange = 0.00323344, totNum = 77
ROUND = 1918, SUM = 22584884, bChange = 0.00323343, totNum = 77
ROUND = 1919, SUM = 22584884, bChange = 0.00323343, totNum = 77
ROUND = 1920, SUM = 22584884.0000001, bChange = 0.00323343, totNum = 77
ROUND = 1921, SUM = 22584884, bChange = 0.00323343, totNum = 77
ROUND = 1922, SUM = 22584883.9999999, bChange = 0.00323343, totNum = 76
ROUND = 1923, SUM = 22584884, bChange = 0.00323343, totNum = 76
ROUND = 1924, SUM = 22584884, bChange = 0.00323343, totNum = 76
ROUND = 1925, SUM = 22584884, bChange = 0.00323343, totNum = 76
ROUND = 1926, SUM = 22584884.0000001, bChange = 0.00323343, totNum = 75
ROUND = 1927, SUM = 22584884, bChange = 0.00323343, totNum = 75
ROUND = 1928, SUM = 22584883.9999999, bChange = 0.00323343, totNum = 75
ROUND = 1929, SUM = 22584884, bChange = 0.00323343, totNum = 75
ROUND = 1930, SUM = 22584884, bChange = 0.00323343, totNum = 75
ROUND = 1931, SUM = 22584884, bChange = 0.00323342, totNum = 75
ROUND = 1932, SUM = 22584884, bChange = 0.00323342, totNum = 75
ROUND = 1933, SUM = 22584884, bChange = 0.00323342, totNum = 75
ROUND = 1934, SUM = 22584884.0000001, bChange = 0.00323342, totNum = 75
ROUND = 1935, SUM = 22584883.9999999, bChange = 0.00323342, totNum = 74
ROUND = 1936, SUM = 22584883.9999999, bChange = 0.00323342, totNum = 74
ROUND = 1937, SUM = 22584883.9999999, bChange = 0.00323342, totNum = 74
ROUND = 1938, SUM = 22584884, bChange = 0.00323342, totNum = 74
ROUND = 1939, SUM = 22584884, bChange = 0.00323342, totNum = 74
ROUND = 1940, SUM = 22584883.9999999, bChange = 0.00323342, totNum = 74
ROUND = 1941, SUM = 22584884.0000001, bChange = 0.00323342, totNum = 74
ROUND = 1942, SUM = 22584884, bChange = 0.00323342, totNum = 74
ROUND = 1943, SUM = 22584883.9999999, bChange = 0.00323341, totNum = 74
ROUND = 1944, SUM = 22584884.0000001, bChange = 0.00323341, totNum = 74
ROUND = 1945, SUM = 22584884, bChange = 0.00323341, totNum = 74
ROUND = 1946, SUM = 22584884, bChange = 0.00323341, totNum = 74
ROUND = 1947, SUM = 22584884, bChange = 0.00323341, totNum = 74
ROUND = 1948, SUM = 22584884.0000001, bChange = 0.00323341, totNum = 74
ROUND = 1949, SUM = 22584884, bChange = 0.00323341, totNum = 74
ROUND = 1950, SUM = 22584884, bChange = 0.00323341, totNum = 74
ROUND = 1951, SUM = 22584884.0000001, bChange = 0.00294856, totNum = 73
ROUND = 1952, SUM = 22584883.9999999, bChange = 0.00294855, totNum = 73
ROUND = 1953, SUM = 22584883.9999999, bChange = 0.00294854, totNum = 73
ROUND = 1954, SUM = 22584884.0000001, bChange = 0.00294852, totNum = 73
ROUND = 1955, SUM = 22584883.9999999, bChange = 0.00294851, totNum = 73
ROUND = 1956, SUM = 22584884.0000001, bChange = 0.0029485, totNum = 73
ROUND = 1957, SUM = 22584884, bChange = 0.00294849, totNum = 73
ROUND = 1958, SUM = 22584884, bChange = 0.00294847, totNum = 73
ROUND = 1959, SUM = 22584884.0000001, bChange = 0.00294846, totNum = 73
ROUND = 1960, SUM = 22584884.0000001, bChange = 0.00294845, totNum = 72
ROUND = 1961, SUM = 22584884, bChange = 0.00294844, totNum = 73
ROUND = 1962, SUM = 22584884.0000001, bChange = 0.00294842, totNum = 73
ROUND = 1963, SUM = 22584884, bChange = 0.00294841, totNum = 73
ROUND = 1964, SUM = 22584884, bChange = 0.0029484, totNum = 73
ROUND = 1965, SUM = 22584883.9999999, bChange = 0.00294839, totNum = 73
ROUND = 1966, SUM = 22584884, bChange = 0.00294837, totNum = 73
ROUND = 1967, SUM = 22584884, bChange = 0.00294836, totNum = 73
ROUND = 1968, SUM = 22584884, bChange = 0.00294835, totNum = 73
ROUND = 1969, SUM = 22584884, bChange = 0.00294834, totNum = 73
ROUND = 1970, SUM = 22584884, bChange = 0.00294833, totNum = 73
ROUND = 1971, SUM = 22584883.9999999, bChange = 0.00294831, totNum = 73
ROUND = 1972, SUM = 22584884, bChange = 0.0029483, totNum = 73
ROUND = 1973, SUM = 22584884.0000001, bChange = 0.00294829, totNum = 73
ROUND = 1974, SUM = 22584884, bChange = 0.00294828, totNum = 73
ROUND = 1975, SUM = 22584884, bChange = 0.00294827, totNum = 73
ROUND = 1976, SUM = 22584884, bChange = 0.00294825, totNum = 73
ROUND = 1977, SUM = 22584884, bChange = 0.00294824, totNum = 73
ROUND = 1978, SUM = 22584884, bChange = 0.00294823, totNum = 73
ROUND = 1979, SUM = 22584883.9999999, bChange = 0.00294822, totNum = 73
ROUND = 1980, SUM = 22584884, bChange = 0.00294821, totNum = 73
ROUND = 1981, SUM = 22584883.9999999, bChange = 0.0029482, totNum = 72
ROUND = 1982, SUM = 22584884, bChange = 0.00294818, totNum = 72
ROUND = 1983, SUM = 22584883.9999999, bChange = 0.00294817, totNum = 72
ROUND = 1984, SUM = 22584883.9999999, bChange = 0.00294816, totNum = 71
ROUND = 1985, SUM = 22584884, bChange = 0.00294815, totNum = 71
ROUND = 1986, SUM = 22584883.9999999, bChange = 0.00294814, totNum = 71
ROUND = 1987, SUM = 22584884, bChange = 0.00294813, totNum = 71
ROUND = 1988, SUM = 22584883.9999999, bChange = 0.00294811, totNum = 71
ROUND = 1989, SUM = 22584884, bChange = 0.0029481, totNum = 71
ROUND = 1990, SUM = 22584884.0000001, bChange = 0.00294809, totNum = 71
ROUND = 1991, SUM = 22584884, bChange = 0.00294808, totNum = 71
ROUND = 1992, SUM = 22584884.0000001, bChange = 0.00294807, totNum = 71
ROUND = 1993, SUM = 22584883.9999999, bChange = 0.00294806, totNum = 71
ROUND = 1994, SUM = 22584884, bChange = 0.00294805, totNum = 71
ROUND = 1995, SUM = 22584884, bChange = 0.00294804, totNum = 70
ROUND = 1996, SUM = 22584884, bChange = 0.00294802, totNum = 70
ROUND = 1997, SUM = 22584884.0000001, bChange = 0.00294801, totNum = 70
ROUND = 1998, SUM = 22584884.0000001, bChange = 0.002948, totNum = 70
ROUND = 1999, SUM = 22584884, bChange = 0.00294799, totNum = 69
ROUND = 2000, SUM = 22584884, bChange = 0.00294798, totNum = 69
ROUND = 2001, SUM = 22584884.0000001, bChange = 0.00294797, totNum = 69
ROUND = 2002, SUM = 22584884, bChange = 0.00294796, totNum = 69
ROUND = 2003, SUM = 22584884, bChange = 0.00294795, totNum = 69
ROUND = 2004, SUM = 22584884, bChange = 0.00294794, totNum = 68
ROUND = 2005, SUM = 22584884.0000001, bChange = 0.00294793, totNum = 68
ROUND = 2006, SUM = 22584884, bChange = 0.00294791, totNum = 68
ROUND = 2007, SUM = 22584884, bChange = 0.0029479, totNum = 68
ROUND = 2008, SUM = 22584884.0000001, bChange = 0.00294789, totNum = 68
ROUND = 2009, SUM = 22584884, bChange = 0.00294788, totNum = 68
ROUND = 2010, SUM = 22584884.0000001, bChange = 0.00294787, totNum = 68
ROUND = 2011, SUM = 22584884, bChange = 0.00294786, totNum = 68
ROUND = 2012, SUM = 22584884.0000001, bChange = 0.00294785, totNum = 68
ROUND = 2013, SUM = 22584884, bChange = 0.00294784, totNum = 68
ROUND = 2014, SUM = 22584884, bChange = 0.00294783, totNum = 68
ROUND = 2015, SUM = 22584884, bChange = 0.00294782, totNum = 68
ROUND = 2016, SUM = 22584884, bChange = 0.00294781, totNum = 68
ROUND = 2017, SUM = 22584884, bChange = 0.0029478, totNum = 68
ROUND = 2018, SUM = 22584884.0000001, bChange = 0.00294779, totNum = 68
ROUND = 2019, SUM = 22584884, bChange = 0.00294778, totNum = 68
ROUND = 2020, SUM = 22584884, bChange = 0.00294777, totNum = 68
ROUND = 2021, SUM = 22584883.9999999, bChange = 0.00294776, totNum = 68
ROUND = 2022, SUM = 22584884, bChange = 0.00294774, totNum = 68
ROUND = 2023, SUM = 22584884, bChange = 0.00294773, totNum = 67
ROUND = 2024, SUM = 22584884, bChange = 0.00294772, totNum = 67
ROUND = 2025, SUM = 22584884.0000001, bChange = 0.00294771, totNum = 66
ROUND = 2026, SUM = 22584884.0000001, bChange = 0.0029477, totNum = 66
ROUND = 2027, SUM = 22584884.0000001, bChange = 0.00294769, totNum = 66
ROUND = 2028, SUM = 22584883.9999999, bChange = 0.00294768, totNum = 66
ROUND = 2029, SUM = 22584884, bChange = 0.00294767, totNum = 66
ROUND = 2030, SUM = 22584884, bChange = 0.00294766, totNum = 66
ROUND = 2031, SUM = 22584884, bChange = 0.00294765, totNum = 66
ROUND = 2032, SUM = 22584884, bChange = 0.00294764, totNum = 66
ROUND = 2033, SUM = 22584884, bChange = 0.00294763, totNum = 66
ROUND = 2034, SUM = 22584884, bChange = 0.00294762, totNum = 66
ROUND = 2035, SUM = 22584884.0000001, bChange = 0.00294761, totNum = 66
ROUND = 2036, SUM = 22584884, bChange = 0.0029476, totNum = 66
ROUND = 2037, SUM = 22584884, bChange = 0.00294759, totNum = 66
ROUND = 2038, SUM = 22584884, bChange = 0.00294758, totNum = 66
ROUND = 2039, SUM = 22584884, bChange = 0.00294757, totNum = 66
ROUND = 2040, SUM = 22584884, bChange = 0.00294756, totNum = 66
ROUND = 2041, SUM = 22584884.0000001, bChange = 0.00294755, totNum = 66
ROUND = 2042, SUM = 22584884, bChange = 0.00294754, totNum = 66
ROUND = 2043, SUM = 22584884, bChange = 0.00294753, totNum = 65
ROUND = 2044, SUM = 22584884, bChange = 0.00294752, totNum = 65
ROUND = 2045, SUM = 22584884, bChange = 0.00294751, totNum = 65
ROUND = 2046, SUM = 22584883.9999999, bChange = 0.0029475, totNum = 65
ROUND = 2047, SUM = 22584884, bChange = 0.0029475, totNum = 65
ROUND = 2048, SUM = 22584884, bChange = 0.00294749, totNum = 65
ROUND = 2049, SUM = 22584884, bChange = 0.00294748, totNum = 65
ROUND = 2050, SUM = 22584884, bChange = 0.00294747, totNum = 64
ROUND = 2051, SUM = 22584884.0000001, bChange = 0.00294746, totNum = 64
ROUND = 2052, SUM = 22584884, bChange = 0.00294745, totNum = 64
ROUND = 2053, SUM = 22584884, bChange = 0.00294744, totNum = 64
ROUND = 2054, SUM = 22584883.9999999, bChange = 0.00294743, totNum = 64
ROUND = 2055, SUM = 22584883.9999999, bChange = 0.00294742, totNum = 64
ROUND = 2056, SUM = 22584884, bChange = 0.00294741, totNum = 64
ROUND = 2057, SUM = 22584884, bChange = 0.0029474, totNum = 64
ROUND = 2058, SUM = 22584884, bChange = 0.00294739, totNum = 64
ROUND = 2059, SUM = 22584884, bChange = 0.00294738, totNum = 64
ROUND = 2060, SUM = 22584883.9999999, bChange = 0.00294737, totNum = 64
ROUND = 2061, SUM = 22584883.9999999, bChange = 0.00294736, totNum = 64
ROUND = 2062, SUM = 22584883.9999999, bChange = 0.00294735, totNum = 64
ROUND = 2063, SUM = 22584884, bChange = 0.00294734, totNum = 64
ROUND = 2064, SUM = 22584884, bChange = 0.00294734, totNum = 64
ROUND = 2065, SUM = 22584883.9999999, bChange = 0.00294733, totNum = 64
ROUND = 2066, SUM = 22584884, bChange = 0.00294732, totNum = 63
ROUND = 2067, SUM = 22584884, bChange = 0.00294731, totNum = 63
ROUND = 2068, SUM = 22584884.0000001, bChange = 0.0029473, totNum = 63
ROUND = 2069, SUM = 22584884, bChange = 0.00294729, totNum = 63
ROUND = 2070, SUM = 22584884, bChange = 0.00294728, totNum = 62
ROUND = 2071, SUM = 22584884, bChange = 0.00294727, totNum = 62
ROUND = 2072, SUM = 22584883.9999999, bChange = 0.00294726, totNum = 62
ROUND = 2073, SUM = 22584884, bChange = 0.00294725, totNum = 62
ROUND = 2074, SUM = 22584884, bChange = 0.00294725, totNum = 62
ROUND = 2075, SUM = 22584884, bChange = 0.00294724, totNum = 62
ROUND = 2076, SUM = 22584884, bChange = 0.00294723, totNum = 62
ROUND = 2077, SUM = 22584883.9999999, bChange = 0.00294722, totNum = 62
ROUND = 2078, SUM = 22584884.0000001, bChange = 0.00294721, totNum = 62
ROUND = 2079, SUM = 22584883.9999999, bChange = 0.0029472, totNum = 62
ROUND = 2080, SUM = 22584884, bChange = 0.00294719, totNum = 62
ROUND = 2081, SUM = 22584883.9999999, bChange = 0.00294718, totNum = 62
ROUND = 2082, SUM = 22584884, bChange = 0.00294717, totNum = 62
ROUND = 2083, SUM = 22584884, bChange = 0.00294717, totNum = 62
ROUND = 2084, SUM = 22584884, bChange = 0.00294716, totNum = 62
ROUND = 2085, SUM = 22584884, bChange = 0.00294715, totNum = 62
ROUND = 2086, SUM = 22584884, bChange = 0.00294714, totNum = 61
ROUND = 2087, SUM = 22584884.0000001, bChange = 0.00294713, totNum = 61
ROUND = 2088, SUM = 22584884, bChange = 0.00294712, totNum = 61
ROUND = 2089, SUM = 22584883.9999999, bChange = 0.00294711, totNum = 61
ROUND = 2090, SUM = 22584884, bChange = 0.00294711, totNum = 61
ROUND = 2091, SUM = 22584884, bChange = 0.0029471, totNum = 61
ROUND = 2092, SUM = 22584884, bChange = 0.00294709, totNum = 61
ROUND = 2093, SUM = 22584883.9999999, bChange = 0.00294708, totNum = 59
ROUND = 2094, SUM = 22584883.9999999, bChange = 0.00294707, totNum = 58
ROUND = 2095, SUM = 22584884, bChange = 0.00294706, totNum = 58
ROUND = 2096, SUM = 22584884, bChange = 0.00294706, totNum = 58
ROUND = 2097, SUM = 22584883.9999999, bChange = 0.00294705, totNum = 58
ROUND = 2098, SUM = 22584884, bChange = 0.00294704, totNum = 58
ROUND = 2099, SUM = 22584883.9999999, bChange = 0.00294703, totNum = 58
ROUND = 2100, SUM = 22584884, bChange = 0.00294702, totNum = 58
ROUND = 2101, SUM = 22584883.9999999, bChange = 0.00294701, totNum = 58
ROUND = 2102, SUM = 22584884, bChange = 0.00294701, totNum = 58
ROUND = 2103, SUM = 22584884, bChange = 0.002947, totNum = 58
ROUND = 2104, SUM = 22584884, bChange = 0.00294699, totNum = 58
ROUND = 2105, SUM = 22584884, bChange = 0.00294698, totNum = 58
ROUND = 2106, SUM = 22584884, bChange = 0.00294697, totNum = 58
ROUND = 2107, SUM = 22584883.9999999, bChange = 0.00294697, totNum = 58
ROUND = 2108, SUM = 22584883.9999999, bChange = 0.00294696, totNum = 57
ROUND = 2109, SUM = 22584883.9999999, bChange = 0.00294695, totNum = 57
ROUND = 2110, SUM = 22584884, bChange = 0.00294694, totNum = 56
ROUND = 2111, SUM = 22584884, bChange = 0.00294693, totNum = 56
ROUND = 2112, SUM = 22584884, bChange = 0.00294693, totNum = 56
ROUND = 2113, SUM = 22584884, bChange = 0.00294692, totNum = 56
ROUND = 2114, SUM = 22584884, bChange = 0.00294691, totNum = 56
ROUND = 2115, SUM = 22584883.9999999, bChange = 0.0029469, totNum = 56
ROUND = 2116, SUM = 22584884, bChange = 0.00294689, totNum = 56
ROUND = 2117, SUM = 22584883.9999999, bChange = 0.00294689, totNum = 56
ROUND = 2118, SUM = 22584884.0000001, bChange = 0.00294688, totNum = 56
ROUND = 2119, SUM = 22584883.9999998, bChange = 0.00294687, totNum = 56
ROUND = 2120, SUM = 22584883.9999999, bChange = 0.00294686, totNum = 56
ROUND = 2121, SUM = 22584883.9999999, bChange = 0.00294685, totNum = 56
ROUND = 2122, SUM = 22584883.9999999, bChange = 0.00294685, totNum = 56
ROUND = 2123, SUM = 22584884, bChange = 0.00294684, totNum = 56
ROUND = 2124, SUM = 22584884, bChange = 0.00294683, totNum = 56
ROUND = 2125, SUM = 22584883.9999999, bChange = 0.00294682, totNum = 56
ROUND = 2126, SUM = 22584884.0000001, bChange = 0.00294682, totNum = 56
ROUND = 2127, SUM = 22584884, bChange = 0.00294681, totNum = 56
ROUND = 2128, SUM = 22584883.9999999, bChange = 0.0029468, totNum = 56
ROUND = 2129, SUM = 22584884.0000001, bChange = 0.00294679, totNum = 56
ROUND = 2130, SUM = 22584884, bChange = 0.00294679, totNum = 56
ROUND = 2131, SUM = 22584883.9999999, bChange = 0.00294678, totNum = 56
ROUND = 2132, SUM = 22584884.0000001, bChange = 0.00294677, totNum = 55
ROUND = 2133, SUM = 22584884, bChange = 0.00294676, totNum = 55
ROUND = 2134, SUM = 22584884.0000001, bChange = 0.00294676, totNum = 55
ROUND = 2135, SUM = 22584884, bChange = 0.00294675, totNum = 55
ROUND = 2136, SUM = 22584884.0000001, bChange = 0.00294674, totNum = 55
ROUND = 2137, SUM = 22584884, bChange = 0.00294673, totNum = 55
ROUND = 2138, SUM = 22584884, bChange = 0.00294673, totNum = 55
ROUND = 2139, SUM = 22584884, bChange = 0.00294672, totNum = 55
ROUND = 2140, SUM = 22584884, bChange = 0.00294671, totNum = 55
ROUND = 2141, SUM = 22584884, bChange = 0.0029467, totNum = 55
ROUND = 2142, SUM = 22584883.9999999, bChange = 0.0029467, totNum = 55
ROUND = 2143, SUM = 22584884, bChange = 0.00294669, totNum = 55
ROUND = 2144, SUM = 22584884, bChange = 0.00294668, totNum = 55
ROUND = 2145, SUM = 22584884, bChange = 0.00294668, totNum = 55
ROUND = 2146, SUM = 22584883.9999999, bChange = 0.00294667, totNum = 54
ROUND = 2147, SUM = 22584884, bChange = 0.00294666, totNum = 54
ROUND = 2148, SUM = 22584883.9999999, bChange = 0.00294665, totNum = 54
ROUND = 2149, SUM = 22584883.9999998, bChange = 0.00294665, totNum = 54
ROUND = 2150, SUM = 22584884, bChange = 0.00294664, totNum = 54
ROUND = 2151, SUM = 22584884, bChange = 0.00294663, totNum = 54
ROUND = 2152, SUM = 22584884, bChange = 0.00294663, totNum = 54
ROUND = 2153, SUM = 22584883.9999999, bChange = 0.00294662, totNum = 54
ROUND = 2154, SUM = 22584884, bChange = 0.00294661, totNum = 54
ROUND = 2155, SUM = 22584884, bChange = 0.0029466, totNum = 54
ROUND = 2156, SUM = 22584884, bChange = 0.0029466, totNum = 54
ROUND = 2157, SUM = 22584884, bChange = 0.00294659, totNum = 54
ROUND = 2158, SUM = 22584884, bChange = 0.00294658, totNum = 54
ROUND = 2159, SUM = 22584884, bChange = 0.00294658, totNum = 54
ROUND = 2160, SUM = 22584883.9999999, bChange = 0.00294657, totNum = 54
ROUND = 2161, SUM = 22584884, bChange = 0.00294656, totNum = 54
ROUND = 2162, SUM = 22584884.0000001, bChange = 0.00294656, totNum = 54
ROUND = 2163, SUM = 22584884, bChange = 0.00294655, totNum = 54
ROUND = 2164, SUM = 22584884, bChange = 0.00294654, totNum = 54
ROUND = 2165, SUM = 22584884, bChange = 0.00294653, totNum = 54
ROUND = 2166, SUM = 22584884.0000001, bChange = 0.00294653, totNum = 54
ROUND = 2167, SUM = 22584884, bChange = 0.00294652, totNum = 54
ROUND = 2168, SUM = 22584884, bChange = 0.00294651, totNum = 54
ROUND = 2169, SUM = 22584884, bChange = 0.00294651, totNum = 53
ROUND = 2170, SUM = 22584883.9999999, bChange = 0.0029465, totNum = 53
ROUND = 2171, SUM = 22584884, bChange = 0.00294649, totNum = 53
ROUND = 2172, SUM = 22584883.9999999, bChange = 0.00294649, totNum = 53
ROUND = 2173, SUM = 22584884, bChange = 0.00294648, totNum = 53
ROUND = 2174, SUM = 22584883.9999999, bChange = 0.00294647, totNum = 52
ROUND = 2175, SUM = 22584883.9999999, bChange = 0.00294647, totNum = 52
ROUND = 2176, SUM = 22584884, bChange = 0.00294646, totNum = 52
ROUND = 2177, SUM = 22584884, bChange = 0.00294645, totNum = 52
ROUND = 2178, SUM = 22584883.9999999, bChange = 0.00294645, totNum = 52
ROUND = 2179, SUM = 22584884, bChange = 0.00294644, totNum = 52
ROUND = 2180, SUM = 22584883.9999999, bChange = 0.00294643, totNum = 52
ROUND = 2181, SUM = 22584884, bChange = 0.00294643, totNum = 52
ROUND = 2182, SUM = 22584884, bChange = 0.00294642, totNum = 51
ROUND = 2183, SUM = 22584883.9999999, bChange = 0.00294642, totNum = 51
ROUND = 2184, SUM = 22584884, bChange = 0.00294641, totNum = 51
ROUND = 2185, SUM = 22584884, bChange = 0.0029464, totNum = 51
ROUND = 2186, SUM = 22584884, bChange = 0.0029464, totNum = 51
ROUND = 2187, SUM = 22584884, bChange = 0.00294639, totNum = 50
ROUND = 2188, SUM = 22584883.9999999, bChange = 0.00294638, totNum = 49
ROUND = 2189, SUM = 22584884.0000001, bChange = 0.00294638, totNum = 49
ROUND = 2190, SUM = 22584883.9999999, bChange = 0.00294637, totNum = 49
ROUND = 2191, SUM = 22584883.9999999, bChange = 0.00294636, totNum = 49
ROUND = 2192, SUM = 22584884, bChange = 0.00294636, totNum = 49
ROUND = 2193, SUM = 22584884, bChange = 0.00294635, totNum = 49
ROUND = 2194, SUM = 22584884, bChange = 0.00294635, totNum = 49
ROUND = 2195, SUM = 22584884, bChange = 0.00294634, totNum = 49
ROUND = 2196, SUM = 22584884, bChange = 0.00294633, totNum = 49
ROUND = 2197, SUM = 22584883.9999999, bChange = 0.00294633, totNum = 49
ROUND = 2198, SUM = 22584883.9999999, bChange = 0.00294632, totNum = 49
ROUND = 2199, SUM = 22584883.9999999, bChange = 0.00294631, totNum = 49
ROUND = 2200, SUM = 22584884, bChange = 0.00294631, totNum = 49
ROUND = 2201, SUM = 22584884, bChange = 0.0029463, totNum = 49
ROUND = 2202, SUM = 22584884, bChange = 0.0029463, totNum = 48
ROUND = 2203, SUM = 22584884, bChange = 0.00294629, totNum = 47
ROUND = 2204, SUM = 22584884.0000001, bChange = 0.00294628, totNum = 47
ROUND = 2205, SUM = 22584884, bChange = 0.00294628, totNum = 47
ROUND = 2206, SUM = 22584883.9999999, bChange = 0.00294627, totNum = 47
ROUND = 2207, SUM = 22584884, bChange = 0.00294627, totNum = 47
ROUND = 2208, SUM = 22584884, bChange = 0.00294626, totNum = 47
ROUND = 2209, SUM = 22584884, bChange = 0.00294625, totNum = 47
ROUND = 2210, SUM = 22584884, bChange = 0.00294625, totNum = 46
ROUND = 2211, SUM = 22584884, bChange = 0.00294624, totNum = 45
ROUND = 2212, SUM = 22584884, bChange = 0.00294624, totNum = 44
ROUND = 2213, SUM = 22584884, bChange = 0.00294623, totNum = 44
ROUND = 2214, SUM = 22584884.0000001, bChange = 0.00294622, totNum = 44
ROUND = 2215, SUM = 22584884, bChange = 0.00294622, totNum = 44
ROUND = 2216, SUM = 22584884, bChange = 0.00294621, totNum = 44
ROUND = 2217, SUM = 22584884, bChange = 0.00294621, totNum = 44
ROUND = 2218, SUM = 22584884.0000001, bChange = 0.0029462, totNum = 44
ROUND = 2219, SUM = 22584884.0000001, bChange = 0.00294619, totNum = 44
ROUND = 2220, SUM = 22584884, bChange = 0.00294619, totNum = 44
ROUND = 2221, SUM = 22584884, bChange = 0.00294618, totNum = 44
ROUND = 2222, SUM = 22584883.9999999, bChange = 0.00294618, totNum = 44
ROUND = 2223, SUM = 22584884, bChange = 0.00294617, totNum = 44
ROUND = 2224, SUM = 22584884, bChange = 0.00294617, totNum = 44
ROUND = 2225, SUM = 22584883.9999999, bChange = 0.00294616, totNum = 44
ROUND = 2226, SUM = 22584884, bChange = 0.00294615, totNum = 44
ROUND = 2227, SUM = 22584884, bChange = 0.00294615, totNum = 44
ROUND = 2228, SUM = 22584883.9999999, bChange = 0.00294614, totNum = 44
ROUND = 2229, SUM = 22584884, bChange = 0.00294614, totNum = 44
ROUND = 2230, SUM = 22584884, bChange = 0.00294613, totNum = 44
ROUND = 2231, SUM = 22584884, bChange = 0.00294613, totNum = 44
ROUND = 2232, SUM = 22584884, bChange = 0.00294612, totNum = 44
ROUND = 2233, SUM = 22584884.0000001, bChange = 0.00294611, totNum = 44
ROUND = 2234, SUM = 22584884.0000001, bChange = 0.00294611, totNum = 44
ROUND = 2235, SUM = 22584884, bChange = 0.0029461, totNum = 44
ROUND = 2236, SUM = 22584884, bChange = 0.0029461, totNum = 44
ROUND = 2237, SUM = 22584884, bChange = 0.00294609, totNum = 44
ROUND = 2238, SUM = 22584884, bChange = 0.00294609, totNum = 44
ROUND = 2239, SUM = 22584884.0000001, bChange = 0.00294608, totNum = 44
ROUND = 2240, SUM = 22584884.0000001, bChange = 0.00294608, totNum = 44
ROUND = 2241, SUM = 22584884, bChange = 0.00294607, totNum = 44
ROUND = 2242, SUM = 22584884, bChange = 0.00294606, totNum = 44
ROUND = 2243, SUM = 22584884.0000001, bChange = 0.00294606, totNum = 44
ROUND = 2244, SUM = 22584884.0000001, bChange = 0.00294605, totNum = 44
ROUND = 2245, SUM = 22584884.0000001, bChange = 0.00294605, totNum = 44
ROUND = 2246, SUM = 22584884, bChange = 0.00294604, totNum = 44
ROUND = 2247, SUM = 22584884.0000001, bChange = 0.00294604, totNum = 44
ROUND = 2248, SUM = 22584884, bChange = 0.00294603, totNum = 44
ROUND = 2249, SUM = 22584884, bChange = 0.00294603, totNum = 44
ROUND = 2250, SUM = 22584884.0000001, bChange = 0.00294602, totNum = 44
ROUND = 2251, SUM = 22584884, bChange = 0.00294602, totNum = 44
ROUND = 2252, SUM = 22584884.0000001, bChange = 0.00294601, totNum = 44
ROUND = 2253, SUM = 22584884, bChange = 0.00294601, totNum = 43
ROUND = 2254, SUM = 22584884.0000001, bChange = 0.002946, totNum = 43
ROUND = 2255, SUM = 22584884, bChange = 0.002946, totNum = 43
ROUND = 2256, SUM = 22584884.0000001, bChange = 0.00294599, totNum = 43
ROUND = 2257, SUM = 22584884.0000001, bChange = 0.00294599, totNum = 43
ROUND = 2258, SUM = 22584884, bChange = 0.00294598, totNum = 43
ROUND = 2259, SUM = 22584884, bChange = 0.00294597, totNum = 43
ROUND = 2260, SUM = 22584884.0000001, bChange = 0.00294597, totNum = 43
ROUND = 2261, SUM = 22584884, bChange = 0.00294596, totNum = 43
ROUND = 2262, SUM = 22584884.0000001, bChange = 0.00294596, totNum = 43
ROUND = 2263, SUM = 22584884, bChange = 0.00294595, totNum = 43
ROUND = 2264, SUM = 22584884.0000001, bChange = 0.00294595, totNum = 43
ROUND = 2265, SUM = 22584884, bChange = 0.00294594, totNum = 43
ROUND = 2266, SUM = 22584884, bChange = 0.00294594, totNum = 43
ROUND = 2267, SUM = 22584884, bChange = 0.00294593, totNum = 42
ROUND = 2268, SUM = 22584884.0000001, bChange = 0.00294593, totNum = 42
ROUND = 2269, SUM = 22584884.0000001, bChange = 0.00294592, totNum = 42
ROUND = 2270, SUM = 22584884.0000001, bChange = 0.00294592, totNum = 42
ROUND = 2271, SUM = 22584883.9999999, bChange = 0.00294591, totNum = 42
ROUND = 2272, SUM = 22584884, bChange = 0.00294591, totNum = 42
ROUND = 2273, SUM = 22584884, bChange = 0.0029459, totNum = 42
ROUND = 2274, SUM = 22584884, bChange = 0.0029459, totNum = 42
ROUND = 2275, SUM = 22584884, bChange = 0.00294589, totNum = 42
ROUND = 2276, SUM = 22584884, bChange = 0.00294589, totNum = 42
ROUND = 2277, SUM = 22584884.0000001, bChange = 0.00294588, totNum = 42
ROUND = 2278, SUM = 22584884, bChange = 0.00294588, totNum = 42
ROUND = 2279, SUM = 22584884, bChange = 0.00294587, totNum = 42
ROUND = 2280, SUM = 22584884, bChange = 0.00294587, totNum = 42
ROUND = 2281, SUM = 22584884.0000001, bChange = 0.00294586, totNum = 42
ROUND = 2282, SUM = 22584884.0000001, bChange = 0.00294586, totNum = 42
ROUND = 2283, SUM = 22584884, bChange = 0.00294585, totNum = 42
ROUND = 2284, SUM = 22584884.0000001, bChange = 0.00294585, totNum = 42
ROUND = 2285, SUM = 22584884.0000001, bChange = 0.00294585, totNum = 41
ROUND = 2286, SUM = 22584884, bChange = 0.00294584, totNum = 41
ROUND = 2287, SUM = 22584884, bChange = 0.00294584, totNum = 41
ROUND = 2288, SUM = 22584884.0000001, bChange = 0.00294583, totNum = 41
ROUND = 2289, SUM = 22584884, bChange = 0.00294583, totNum = 41
ROUND = 2290, SUM = 22584884.0000001, bChange = 0.00294582, totNum = 41
ROUND = 2291, SUM = 22584884.0000001, bChange = 0.00294582, totNum = 41
ROUND = 2292, SUM = 22584884.0000001, bChange = 0.00294581, totNum = 41
ROUND = 2293, SUM = 22584884, bChange = 0.00294581, totNum = 41
ROUND = 2294, SUM = 22584884.0000001, bChange = 0.0029458, totNum = 41
ROUND = 2295, SUM = 22584884, bChange = 0.0029458, totNum = 41
ROUND = 2296, SUM = 22584884.0000001, bChange = 0.00294579, totNum = 41
ROUND = 2297, SUM = 22584884.0000001, bChange = 0.00294579, totNum = 41
ROUND = 2298, SUM = 22584884, bChange = 0.00294578, totNum = 41
ROUND = 2299, SUM = 22584884, bChange = 0.00294578, totNum = 41
ROUND = 2300, SUM = 22584884, bChange = 0.00294577, totNum = 41
ROUND = 2301, SUM = 22584884, bChange = 0.00294577, totNum = 41
ROUND = 2302, SUM = 22584884, bChange = 0.00294577, totNum = 41
ROUND = 2303, SUM = 22584884.0000001, bChange = 0.00294576, totNum = 41
ROUND = 2304, SUM = 22584884, bChange = 0.00294576, totNum = 41
ROUND = 2305, SUM = 22584884, bChange = 0.00294575, totNum = 41
ROUND = 2306, SUM = 22584884, bChange = 0.00294575, totNum = 40
ROUND = 2307, SUM = 22584884, bChange = 0.00294574, totNum = 40
ROUND = 2308, SUM = 22584884, bChange = 0.00294574, totNum = 40
ROUND = 2309, SUM = 22584884, bChange = 0.00294573, totNum = 40
ROUND = 2310, SUM = 22584884.0000001, bChange = 0.00294573, totNum = 40
ROUND = 2311, SUM = 22584884.0000001, bChange = 0.00294573, totNum = 40
ROUND = 2312, SUM = 22584884, bChange = 0.00294572, totNum = 40
ROUND = 2313, SUM = 22584884.0000001, bChange = 0.00294572, totNum = 40
ROUND = 2314, SUM = 22584884.0000001, bChange = 0.00294571, totNum = 40
ROUND = 2315, SUM = 22584884, bChange = 0.00294571, totNum = 40
ROUND = 2316, SUM = 22584884.0000001, bChange = 0.0029457, totNum = 40
ROUND = 2317, SUM = 22584884, bChange = 0.0029457, totNum = 40
ROUND = 2318, SUM = 22584884.0000002, bChange = 0.00294569, totNum = 40
ROUND = 2319, SUM = 22584884, bChange = 0.00294569, totNum = 40
ROUND = 2320, SUM = 22584884.0000001, bChange = 0.00294569, totNum = 40
ROUND = 2321, SUM = 22584884.0000001, bChange = 0.00294568, totNum = 40
ROUND = 2322, SUM = 22584884, bChange = 0.00294568, totNum = 40
ROUND = 2323, SUM = 22584884, bChange = 0.00294567, totNum = 40
ROUND = 2324, SUM = 22584884, bChange = 0.00294567, totNum = 39
ROUND = 2325, SUM = 22584884.0000001, bChange = 0.00294566, totNum = 39
ROUND = 2326, SUM = 22584884, bChange = 0.00294566, totNum = 39
ROUND = 2327, SUM = 22584884.0000001, bChange = 0.00294566, totNum = 40
ROUND = 2328, SUM = 22584884, bChange = 0.00294565, totNum = 40
ROUND = 2329, SUM = 22584884.0000001, bChange = 0.00294565, totNum = 40
ROUND = 2330, SUM = 22584884, bChange = 0.00294564, totNum = 40
ROUND = 2331, SUM = 22584884.0000001, bChange = 0.00294564, totNum = 40
ROUND = 2332, SUM = 22584884, bChange = 0.00294563, totNum = 40
ROUND = 2333, SUM = 22584884.0000001, bChange = 0.00294563, totNum = 40
ROUND = 2334, SUM = 22584884.0000001, bChange = 0.00294563, totNum = 40
ROUND = 2335, SUM = 22584884.0000001, bChange = 0.00294562, totNum = 40
ROUND = 2336, SUM = 22584884.0000001, bChange = 0.00294562, totNum = 40
ROUND = 2337, SUM = 22584884, bChange = 0.00294561, totNum = 40
ROUND = 2338, SUM = 22584884, bChange = 0.00294561, totNum = 40
ROUND = 2339, SUM = 22584884, bChange = 0.00294561, totNum = 40
ROUND = 2340, SUM = 22584884.0000001, bChange = 0.0029456, totNum = 40
ROUND = 2341, SUM = 22584884, bChange = 0.0029456, totNum = 40
ROUND = 2342, SUM = 22584883.9999999, bChange = 0.00294559, totNum = 40
ROUND = 2343, SUM = 22584884, bChange = 0.00294559, totNum = 40
ROUND = 2344, SUM = 22584884.0000001, bChange = 0.00294559, totNum = 40
ROUND = 2345, SUM = 22584884, bChange = 0.00294558, totNum = 40
ROUND = 2346, SUM = 22584884, bChange = 0.00294558, totNum = 40
ROUND = 2347, SUM = 22584884.0000001, bChange = 0.00294557, totNum = 40
ROUND = 2348, SUM = 22584884.0000001, bChange = 0.00294557, totNum = 40
ROUND = 2349, SUM = 22584884, bChange = 0.00294557, totNum = 40
ROUND = 2350, SUM = 22584884.0000001, bChange = 0.00294556, totNum = 40
ROUND = 2351, SUM = 22584884.0000001, bChange = 0.00294556, totNum = 39
ROUND = 2352, SUM = 22584884.0000001, bChange = 0.00294555, totNum = 39
ROUND = 2353, SUM = 22584884, bChange = 0.00294555, totNum = 39
ROUND = 2354, SUM = 22584884.0000001, bChange = 0.00294555, totNum = 39
ROUND = 2355, SUM = 22584884, bChange = 0.00294554, totNum = 39
ROUND = 2356, SUM = 22584884, bChange = 0.00294554, totNum = 39
ROUND = 2357, SUM = 22584884, bChange = 0.00294553, totNum = 39
ROUND = 2358, SUM = 22584883.9999999, bChange = 0.00294553, totNum = 39
ROUND = 2359, SUM = 22584884, bChange = 0.00294553, totNum = 39
ROUND = 2360, SUM = 22584884, bChange = 0.00294552, totNum = 39
ROUND = 2361, SUM = 22584883.9999999, bChange = 0.00294552, totNum = 39
ROUND = 2362, SUM = 22584884, bChange = 0.00294552, totNum = 39
ROUND = 2363, SUM = 22584884.0000001, bChange = 0.00294551, totNum = 39
ROUND = 2364, SUM = 22584884, bChange = 0.00294551, totNum = 39
ROUND = 2365, SUM = 22584884, bChange = 0.0029455, totNum = 39
ROUND = 2366, SUM = 22584884, bChange = 0.0029455, totNum = 39
ROUND = 2367, SUM = 22584884, bChange = 0.0029455, totNum = 39
ROUND = 2368, SUM = 22584884, bChange = 0.00294549, totNum = 39
ROUND = 2369, SUM = 22584884, bChange = 0.00294549, totNum = 39
ROUND = 2370, SUM = 22584884.0000001, bChange = 0.00294548, totNum = 39
ROUND = 2371, SUM = 22584884.0000001, bChange = 0.00294548, totNum = 39
ROUND = 2372, SUM = 22584884, bChange = 0.00294548, totNum = 38
ROUND = 2373, SUM = 22584884.0000001, bChange = 0.00294547, totNum = 38
ROUND = 2374, SUM = 22584884.0000001, bChange = 0.00294547, totNum = 38
ROUND = 2375, SUM = 22584884.0000001, bChange = 0.00294547, totNum = 38
ROUND = 2376, SUM = 22584884, bChange = 0.00294546, totNum = 38
ROUND = 2377, SUM = 22584884, bChange = 0.00294546, totNum = 37
ROUND = 2378, SUM = 22584884.0000001, bChange = 0.00294546, totNum = 37
ROUND = 2379, SUM = 22584884, bChange = 0.00294545, totNum = 37
ROUND = 2380, SUM = 22584884.0000001, bChange = 0.00294545, totNum = 37
ROUND = 2381, SUM = 22584884.0000001, bChange = 0.00294544, totNum = 36
ROUND = 2382, SUM = 22584884.0000001, bChange = 0.00294544, totNum = 36
ROUND = 2383, SUM = 22584884.0000001, bChange = 0.00294544, totNum = 36
ROUND = 2384, SUM = 22584884, bChange = 0.00294543, totNum = 36
ROUND = 2385, SUM = 22584884, bChange = 0.00294543, totNum = 36
ROUND = 2386, SUM = 22584884.0000001, bChange = 0.00294543, totNum = 36
ROUND = 2387, SUM = 22584884.0000001, bChange = 0.00294542, totNum = 36
ROUND = 2388, SUM = 22584884, bChange = 0.00294542, totNum = 36
ROUND = 2389, SUM = 22584884, bChange = 0.00294542, totNum = 36
ROUND = 2390, SUM = 22584884, bChange = 0.00294541, totNum = 36
ROUND = 2391, SUM = 22584884, bChange = 0.00294541, totNum = 36
ROUND = 2392, SUM = 22584884.0000001, bChange = 0.00294541, totNum = 36
ROUND = 2393, SUM = 22584884.0000001, bChange = 0.0029454, totNum = 36
ROUND = 2394, SUM = 22584884, bChange = 0.0029454, totNum = 36
ROUND = 2395, SUM = 22584884.0000001, bChange = 0.00294539, totNum = 36
ROUND = 2396, SUM = 22584884.0000001, bChange = 0.00294539, totNum = 36
ROUND = 2397, SUM = 22584884, bChange = 0.00294539, totNum = 36
ROUND = 2398, SUM = 22584884, bChange = 0.00294538, totNum = 36
ROUND = 2399, SUM = 22584884.0000001, bChange = 0.00294538, totNum = 35
ROUND = 2400, SUM = 22584884.0000002, bChange = 0.00294538, totNum = 35
ROUND = 2401, SUM = 22584884, bChange = 0.00294537, totNum = 35
ROUND = 2402, SUM = 22584884, bChange = 0.00294537, totNum = 34
ROUND = 2403, SUM = 22584884.0000001, bChange = 0.00294537, totNum = 34
ROUND = 2404, SUM = 22584884, bChange = 0.00294536, totNum = 34
ROUND = 2405, SUM = 22584884, bChange = 0.00294536, totNum = 34
ROUND = 2406, SUM = 22584884.0000001, bChange = 0.00294536, totNum = 34
ROUND = 2407, SUM = 22584884.0000001, bChange = 0.00294535, totNum = 34
ROUND = 2408, SUM = 22584884.0000001, bChange = 0.00294535, totNum = 35
ROUND = 2409, SUM = 22584884, bChange = 0.00294535, totNum = 35
ROUND = 2410, SUM = 22584884, bChange = 0.00294534, totNum = 35
ROUND = 2411, SUM = 22584884.0000001, bChange = 0.00294534, totNum = 35
ROUND = 2412, SUM = 22584884, bChange = 0.00294534, totNum = 35
ROUND = 2413, SUM = 22584884.0000001, bChange = 0.00294533, totNum = 35
ROUND = 2414, SUM = 22584884, bChange = 0.00294533, totNum = 35
ROUND = 2415, SUM = 22584884, bChange = 0.00294533, totNum = 35
ROUND = 2416, SUM = 22584884.0000001, bChange = 0.00294532, totNum = 35
ROUND = 2417, SUM = 22584884, bChange = 0.00294532, totNum = 35
ROUND = 2418, SUM = 22584884.0000001, bChange = 0.00294532, totNum = 35
ROUND = 2419, SUM = 22584884, bChange = 0.00294531, totNum = 35
ROUND = 2420, SUM = 22584884, bChange = 0.00294531, totNum = 35
ROUND = 2421, SUM = 22584884, bChange = 0.00294531, totNum = 35
ROUND = 2422, SUM = 22584884, bChange = 0.0029453, totNum = 35
ROUND = 2423, SUM = 22584884, bChange = 0.0029453, totNum = 35
ROUND = 2424, SUM = 22584884, bChange = 0.0029453, totNum = 35
ROUND = 2425, SUM = 22584884, bChange = 0.0029453, totNum = 35
ROUND = 2426, SUM = 22584884, bChange = 0.00294529, totNum = 35
ROUND = 2427, SUM = 22584884, bChange = 0.00294529, totNum = 35
ROUND = 2428, SUM = 22584884, bChange = 0.00294529, totNum = 35
ROUND = 2429, SUM = 22584884.0000001, bChange = 0.00294528, totNum = 35
ROUND = 2430, SUM = 22584884.0000001, bChange = 0.00294528, totNum = 35
ROUND = 2431, SUM = 22584884.0000001, bChange = 0.00294528, totNum = 35
ROUND = 2432, SUM = 22584884.0000001, bChange = 0.00294527, totNum = 35
ROUND = 2433, SUM = 22584884.0000001, bChange = 0.00294527, totNum = 35
ROUND = 2434, SUM = 22584884.0000001, bChange = 0.00294527, totNum = 35
ROUND = 2435, SUM = 22584884.0000001, bChange = 0.00294526, totNum = 35
ROUND = 2436, SUM = 22584884.0000001, bChange = 0.00294526, totNum = 35
ROUND = 2437, SUM = 22584884.0000001, bChange = 0.00294526, totNum = 35
ROUND = 2438, SUM = 22584884.0000001, bChange = 0.00294525, totNum = 35
ROUND = 2439, SUM = 22584884.0000001, bChange = 0.00294525, totNum = 35
ROUND = 2440, SUM = 22584884.0000001, bChange = 0.00294525, totNum = 35
ROUND = 2441, SUM = 22584884.0000001, bChange = 0.00294525, totNum = 35
ROUND = 2442, SUM = 22584884, bChange = 0.00294524, totNum = 35
ROUND = 2443, SUM = 22584884, bChange = 0.00294524, totNum = 35
ROUND = 2444, SUM = 22584884.0000001, bChange = 0.00294524, totNum = 35
ROUND = 2445, SUM = 22584884, bChange = 0.00294523, totNum = 35
ROUND = 2446, SUM = 22584884, bChange = 0.00294523, totNum = 35
ROUND = 2447, SUM = 22584884.0000001, bChange = 0.00294523, totNum = 35
ROUND = 2448, SUM = 22584884, bChange = 0.00294522, totNum = 35
ROUND = 2449, SUM = 22584884.0000001, bChange = 0.00294522, totNum = 35
ROUND = 2450, SUM = 22584884.0000001, bChange = 0.00294522, totNum = 35
ROUND = 2451, SUM = 22584884, bChange = 0.00294522, totNum = 35
ROUND = 2452, SUM = 22584884, bChange = 0.00294521, totNum = 35
ROUND = 2453, SUM = 22584884, bChange = 0.00294521, totNum = 35
ROUND = 2454, SUM = 22584884, bChange = 0.00294521, totNum = 34
ROUND = 2455, SUM = 22584884, bChange = 0.0029452, totNum = 34
ROUND = 2456, SUM = 22584884, bChange = 0.0029452, totNum = 34
ROUND = 2457, SUM = 22584884, bChange = 0.0029452, totNum = 34
ROUND = 2458, SUM = 22584884, bChange = 0.0029452, totNum = 34
ROUND = 2459, SUM = 22584884, bChange = 0.00294519, totNum = 34
ROUND = 2460, SUM = 22584884, bChange = 0.00294519, totNum = 34
ROUND = 2461, SUM = 22584884, bChange = 0.00294519, totNum = 34
ROUND = 2462, SUM = 22584884.0000001, bChange = 0.00294518, totNum = 34
ROUND = 2463, SUM = 22584884, bChange = 0.00294518, totNum = 34
ROUND = 2464, SUM = 22584884.0000001, bChange = 0.00221124, totNum = 33
ROUND = 2465, SUM = 22584884, bChange = 0.00221124, totNum = 33
ROUND = 2466, SUM = 22584884, bChange = 0.00221125, totNum = 33
ROUND = 2467, SUM = 22584884.0000001, bChange = 0.00221125, totNum = 33
ROUND = 2468, SUM = 22584884.0000001, bChange = 0.00221126, totNum = 33
ROUND = 2469, SUM = 22584884.0000001, bChange = 0.00221126, totNum = 33
ROUND = 2470, SUM = 22584884.0000001, bChange = 0.00221127, totNum = 33
ROUND = 2471, SUM = 22584884.0000001, bChange = 0.00221127, totNum = 33
ROUND = 2472, SUM = 22584884, bChange = 0.00221128, totNum = 33
ROUND = 2473, SUM = 22584884.0000001, bChange = 0.00221128, totNum = 33
ROUND = 2474, SUM = 22584884.0000001, bChange = 0.00221129, totNum = 33
ROUND = 2475, SUM = 22584884, bChange = 0.0022113, totNum = 33
ROUND = 2476, SUM = 22584884, bChange = 0.0022113, totNum = 33
ROUND = 2477, SUM = 22584884.0000001, bChange = 0.00221131, totNum = 33
ROUND = 2478, SUM = 22584884, bChange = 0.00221131, totNum = 33
ROUND = 2479, SUM = 22584884, bChange = 0.00221132, totNum = 33
ROUND = 2480, SUM = 22584884, bChange = 0.00221132, totNum = 33
ROUND = 2481, SUM = 22584884.0000001, bChange = 0.00221133, totNum = 33
ROUND = 2482, SUM = 22584884.0000001, bChange = 0.00221133, totNum = 33
ROUND = 2483, SUM = 22584884.0000001, bChange = 0.00221134, totNum = 33
ROUND = 2484, SUM = 22584884.0000001, bChange = 0.00221134, totNum = 33
ROUND = 2485, SUM = 22584884, bChange = 0.00221135, totNum = 33
ROUND = 2486, SUM = 22584884.0000001, bChange = 0.00221135, totNum = 33
ROUND = 2487, SUM = 22584884.0000001, bChange = 0.00221136, totNum = 33
ROUND = 2488, SUM = 22584884.0000002, bChange = 0.00221136, totNum = 33
ROUND = 2489, SUM = 22584884, bChange = 0.00221137, totNum = 33
ROUND = 2490, SUM = 22584884.0000001, bChange = 0.00221137, totNum = 33
ROUND = 2491, SUM = 22584884, bChange = 0.00221138, totNum = 33
ROUND = 2492, SUM = 22584884.0000001, bChange = 0.00221138, totNum = 32
ROUND = 2493, SUM = 22584884.0000001, bChange = 0.00221139, totNum = 32
ROUND = 2494, SUM = 22584884.0000001, bChange = 0.00221139, totNum = 32
ROUND = 2495, SUM = 22584884.0000001, bChange = 0.0022114, totNum = 32
ROUND = 2496, SUM = 22584884.0000001, bChange = 0.0022114, totNum = 32
ROUND = 2497, SUM = 22584884, bChange = 0.00221141, totNum = 32
ROUND = 2498, SUM = 22584884.0000001, bChange = 0.00221141, totNum = 32
ROUND = 2499, SUM = 22584884.0000001, bChange = 0.00221142, totNum = 32
ROUND = 2500, SUM = 22584884, bChange = 0.00221142, totNum = 32
ROUND = 2501, SUM = 22584883.9999999, bChange = 0.00221143, totNum = 31
ROUND = 2502, SUM = 22584884.0000001, bChange = 0.00221143, totNum = 31
ROUND = 2503, SUM = 22584884, bChange = 0.00221144, totNum = 31
ROUND = 2504, SUM = 22584884.0000001, bChange = 0.00221144, totNum = 31
ROUND = 2505, SUM = 22584884, bChange = 0.00221145, totNum = 31
ROUND = 2506, SUM = 22584884, bChange = 0.00221145, totNum = 31
ROUND = 2507, SUM = 22584884, bChange = 0.00221146, totNum = 31
ROUND = 2508, SUM = 22584884.0000001, bChange = 0.00221146, totNum = 31
ROUND = 2509, SUM = 22584884, bChange = 0.00221147, totNum = 31
ROUND = 2510, SUM = 22584884, bChange = 0.00221147, totNum = 31
ROUND = 2511, SUM = 22584884.0000002, bChange = 0.00221148, totNum = 31
ROUND = 2512, SUM = 22584884.0000001, bChange = 0.00221148, totNum = 31
ROUND = 2513, SUM = 22584884, bChange = 0.00221149, totNum = 31
ROUND = 2514, SUM = 22584884.0000001, bChange = 0.00221149, totNum = 31
ROUND = 2515, SUM = 22584884, bChange = 0.0022115, totNum = 30
ROUND = 2516, SUM = 22584884.0000001, bChange = 0.0022115, totNum = 30
ROUND = 2517, SUM = 22584884, bChange = 0.00221151, totNum = 30
ROUND = 2518, SUM = 22584884.0000001, bChange = 0.00221151, totNum = 31
ROUND = 2519, SUM = 22584883.9999999, bChange = 0.00221152, totNum = 31
ROUND = 2520, SUM = 22584884.0000001, bChange = 0.00221152, totNum = 31
ROUND = 2521, SUM = 22584884, bChange = 0.00221153, totNum = 31
ROUND = 2522, SUM = 22584884.0000001, bChange = 0.00221153, totNum = 31
ROUND = 2523, SUM = 22584884, bChange = 0.00221154, totNum = 31
ROUND = 2524, SUM = 22584884.0000001, bChange = 0.00221154, totNum = 30
ROUND = 2525, SUM = 22584884.0000001, bChange = 0.00221154, totNum = 30
ROUND = 2526, SUM = 22584884.0000001, bChange = 0.00221155, totNum = 30
ROUND = 2527, SUM = 22584884, bChange = 0.00221155, totNum = 30
ROUND = 2528, SUM = 22584884.0000001, bChange = 0.00221156, totNum = 30
ROUND = 2529, SUM = 22584884, bChange = 0.00221156, totNum = 30
ROUND = 2530, SUM = 22584884, bChange = 0.00221157, totNum = 30
ROUND = 2531, SUM = 22584884, bChange = 0.00221157, totNum = 30
ROUND = 2532, SUM = 22584884, bChange = 0.00221158, totNum = 30
ROUND = 2533, SUM = 22584884, bChange = 0.00221158, totNum = 30
ROUND = 2534, SUM = 22584884, bChange = 0.00221159, totNum = 30
ROUND = 2535, SUM = 22584884, bChange = 0.00221159, totNum = 30
ROUND = 2536, SUM = 22584884.0000001, bChange = 0.0022116, totNum = 30
ROUND = 2537, SUM = 22584884, bChange = 0.0022116, totNum = 30
ROUND = 2538, SUM = 22584884.0000001, bChange = 0.0022116, totNum = 30
ROUND = 2539, SUM = 22584884.0000001, bChange = 0.00221161, totNum = 30
ROUND = 2540, SUM = 22584884.0000001, bChange = 0.00221161, totNum = 30
ROUND = 2541, SUM = 22584884.0000002, bChange = 0.00221162, totNum = 30
ROUND = 2542, SUM = 22584884.0000001, bChange = 0.00221162, totNum = 30
ROUND = 2543, SUM = 22584884.0000001, bChange = 0.00221163, totNum = 30
ROUND = 2544, SUM = 22584884.0000001, bChange = 0.00221163, totNum = 30
ROUND = 2545, SUM = 22584884.0000001, bChange = 0.00221164, totNum = 30
ROUND = 2546, SUM = 22584884.0000001, bChange = 0.00221164, totNum = 30
ROUND = 2547, SUM = 22584884.0000001, bChange = 0.00168379, totNum = 28
ROUND = 2548, SUM = 22584884, bChange = 0.00168375, totNum = 28
ROUND = 2549, SUM = 22584884.0000001, bChange = 0.00168371, totNum = 28
ROUND = 2550, SUM = 22584884, bChange = 0.00168367, totNum = 28
ROUND = 2551, SUM = 22584884, bChange = 0.00168363, totNum = 28
ROUND = 2552, SUM = 22584884, bChange = 0.00168359, totNum = 28
ROUND = 2553, SUM = 22584884, bChange = 0.00168355, totNum = 28
ROUND = 2554, SUM = 22584884, bChange = 0.0016835, totNum = 28
ROUND = 2555, SUM = 22584883.9999999, bChange = 0.00168346, totNum = 28
ROUND = 2556, SUM = 22584884.0000001, bChange = 0.00168342, totNum = 28
ROUND = 2557, SUM = 22584884.0000001, bChange = 0.00168338, totNum = 28
ROUND = 2558, SUM = 22584884.0000001, bChange = 0.00168334, totNum = 28
ROUND = 2559, SUM = 22584884, bChange = 0.0016833, totNum = 28
ROUND = 2560, SUM = 22584884, bChange = 0.00168326, totNum = 28
ROUND = 2561, SUM = 22584884.0000001, bChange = 0.00168322, totNum = 27
ROUND = 2562, SUM = 22584884.0000001, bChange = 0.00168318, totNum = 27
ROUND = 2563, SUM = 22584884, bChange = 0.00168314, totNum = 27
ROUND = 2564, SUM = 22584884.0000001, bChange = 0.0016831, totNum = 27
ROUND = 2565, SUM = 22584883.9999999, bChange = 0.00168306, totNum = 27
ROUND = 2566, SUM = 22584884, bChange = 0.00168301, totNum = 27
ROUND = 2567, SUM = 22584884, bChange = 0.00168297, totNum = 27
ROUND = 2568, SUM = 22584884, bChange = 0.00168293, totNum = 27
ROUND = 2569, SUM = 22584884.0000001, bChange = 0.00168289, totNum = 27
ROUND = 2570, SUM = 22584884.0000001, bChange = 0.00168285, totNum = 27
ROUND = 2571, SUM = 22584884, bChange = 0.00168281, totNum = 27
ROUND = 2572, SUM = 22584884.0000001, bChange = 0.00168277, totNum = 26
ROUND = 2573, SUM = 22584884.0000001, bChange = 0.00168273, totNum = 26
ROUND = 2574, SUM = 22584883.9999999, bChange = 0.00168269, totNum = 26
ROUND = 2575, SUM = 22584884, bChange = 0.00168265, totNum = 26
ROUND = 2576, SUM = 22584884.0000001, bChange = 0.00168261, totNum = 26
ROUND = 2577, SUM = 22584884, bChange = 0.00168257, totNum = 26
ROUND = 2578, SUM = 22584884.0000001, bChange = 0.00168253, totNum = 26
ROUND = 2579, SUM = 22584884.0000001, bChange = 0.0016825, totNum = 26
ROUND = 2580, SUM = 22584884.0000001, bChange = 0.00168246, totNum = 26
ROUND = 2581, SUM = 22584884.0000001, bChange = 0.00168242, totNum = 26
ROUND = 2582, SUM = 22584884.0000001, bChange = 0.00168238, totNum = 26
ROUND = 2583, SUM = 22584884.0000001, bChange = 0.00168234, totNum = 26
ROUND = 2584, SUM = 22584884, bChange = 0.0016823, totNum = 26
ROUND = 2585, SUM = 22584884, bChange = 0.00168226, totNum = 26
ROUND = 2586, SUM = 22584884, bChange = 0.00168222, totNum = 25
ROUND = 2587, SUM = 22584884.0000001, bChange = 0.00168218, totNum = 25
ROUND = 2588, SUM = 22584884, bChange = 0.00168214, totNum = 25
ROUND = 2589, SUM = 22584884.0000001, bChange = 0.0016821, totNum = 25
ROUND = 2590, SUM = 22584884, bChange = 0.00168206, totNum = 25
ROUND = 2591, SUM = 22584884.0000001, bChange = 0.00168203, totNum = 25
ROUND = 2592, SUM = 22584884.0000001, bChange = 0.00168199, totNum = 25
ROUND = 2593, SUM = 22584884, bChange = 0.00168195, totNum = 25
ROUND = 2594, SUM = 22584884.0000001, bChange = 0.00168191, totNum = 25
ROUND = 2595, SUM = 22584884, bChange = 0.00168187, totNum = 25
ROUND = 2596, SUM = 22584884.0000001, bChange = 0.00168183, totNum = 25
ROUND = 2597, SUM = 22584884.0000001, bChange = 0.0016818, totNum = 25
ROUND = 2598, SUM = 22584884.0000001, bChange = 0.00168176, totNum = 25
ROUND = 2599, SUM = 22584884, bChange = 0.00168172, totNum = 25
ROUND = 2600, SUM = 22584884, bChange = 0.00168168, totNum = 25
ROUND = 2601, SUM = 22584884, bChange = 0.00168164, totNum = 25
ROUND = 2602, SUM = 22584884, bChange = 0.0016816, totNum = 25
ROUND = 2603, SUM = 22584884.0000001, bChange = 0.00168157, totNum = 25
ROUND = 2604, SUM = 22584884, bChange = 0.00168153, totNum = 25
ROUND = 2605, SUM = 22584884.0000001, bChange = 0.00168149, totNum = 25
ROUND = 2606, SUM = 22584884, bChange = 0.00168145, totNum = 25
ROUND = 2607, SUM = 22584883.9999999, bChange = 0.00168142, totNum = 25
ROUND = 2608, SUM = 22584884.0000001, bChange = 0.00168138, totNum = 25
ROUND = 2609, SUM = 22584884.0000001, bChange = 0.00168134, totNum = 25
ROUND = 2610, SUM = 22584884, bChange = 0.0016813, totNum = 25
ROUND = 2611, SUM = 22584884.0000001, bChange = 0.00168127, totNum = 25
ROUND = 2612, SUM = 22584884.0000001, bChange = 0.00168123, totNum = 25
ROUND = 2613, SUM = 22584884, bChange = 0.00168119, totNum = 25
ROUND = 2614, SUM = 22584884, bChange = 0.00168115, totNum = 25
ROUND = 2615, SUM = 22584884.0000001, bChange = 0.00168112, totNum = 25
ROUND = 2616, SUM = 22584884, bChange = 0.00168108, totNum = 25
ROUND = 2617, SUM = 22584884.0000001, bChange = 0.00168104, totNum = 25
ROUND = 2618, SUM = 22584884.0000001, bChange = 0.001681, totNum = 25
ROUND = 2619, SUM = 22584884.0000001, bChange = 0.00168097, totNum = 25
ROUND = 2620, SUM = 22584884.0000001, bChange = 0.00168093, totNum = 25
ROUND = 2621, SUM = 22584884.0000001, bChange = 0.00168089, totNum = 25
ROUND = 2622, SUM = 22584884, bChange = 0.00168086, totNum = 25
ROUND = 2623, SUM = 22584884.0000001, bChange = 0.00168082, totNum = 25
ROUND = 2624, SUM = 22584884.0000002, bChange = 0.00168078, totNum = 24
ROUND = 2625, SUM = 22584884.0000001, bChange = 0.00168075, totNum = 24
ROUND = 2626, SUM = 22584884.0000001, bChange = 0.00158264, totNum = 23
ROUND = 2627, SUM = 22584884.0000001, bChange = 0.0015826, totNum = 23
ROUND = 2628, SUM = 22584884, bChange = 0.00158255, totNum = 23
ROUND = 2629, SUM = 22584884, bChange = 0.00158251, totNum = 23
ROUND = 2630, SUM = 22584884, bChange = 0.00158246, totNum = 23
ROUND = 2631, SUM = 22584884.0000001, bChange = 0.00158242, totNum = 23
ROUND = 2632, SUM = 22584884.0000001, bChange = 0.00158237, totNum = 23
ROUND = 2633, SUM = 22584884.0000001, bChange = 0.00158232, totNum = 23
ROUND = 2634, SUM = 22584884, bChange = 0.00158228, totNum = 23
ROUND = 2635, SUM = 22584884, bChange = 0.00158223, totNum = 23
ROUND = 2636, SUM = 22584884.0000001, bChange = 0.00158219, totNum = 23
ROUND = 2637, SUM = 22584884, bChange = 0.00158214, totNum = 23
ROUND = 2638, SUM = 22584884, bChange = 0.0015821, totNum = 23
ROUND = 2639, SUM = 22584884, bChange = 0.00158205, totNum = 23
ROUND = 2640, SUM = 22584884, bChange = 0.00158201, totNum = 23
ROUND = 2641, SUM = 22584884, bChange = 0.00158196, totNum = 23
ROUND = 2642, SUM = 22584884.0000001, bChange = 0.00158192, totNum = 23
ROUND = 2643, SUM = 22584883.9999999, bChange = 0.00158187, totNum = 23
ROUND = 2644, SUM = 22584884, bChange = 0.00158183, totNum = 23
ROUND = 2645, SUM = 22584884, bChange = 0.00158178, totNum = 22
ROUND = 2646, SUM = 22584884, bChange = 0.00158174, totNum = 22
ROUND = 2647, SUM = 22584884.0000001, bChange = 0.00158169, totNum = 22
ROUND = 2648, SUM = 22584883.9999999, bChange = 0.00158165, totNum = 22
ROUND = 2649, SUM = 22584884, bChange = 0.0015816, totNum = 22
ROUND = 2650, SUM = 22584884.0000001, bChange = 0.00158156, totNum = 22
ROUND = 2651, SUM = 22584884, bChange = 0.00158151, totNum = 22
ROUND = 2652, SUM = 22584884, bChange = 0.00158147, totNum = 22
ROUND = 2653, SUM = 22584884, bChange = 0.00158143, totNum = 22
ROUND = 2654, SUM = 22584884, bChange = 0.00158138, totNum = 22
ROUND = 2655, SUM = 22584884, bChange = 0.00158134, totNum = 22
ROUND = 2656, SUM = 22584884, bChange = 0.00158129, totNum = 22
ROUND = 2657, SUM = 22584884.0000001, bChange = 0.00158125, totNum = 22
ROUND = 2658, SUM = 22584884.0000001, bChange = 0.00158121, totNum = 22
ROUND = 2659, SUM = 22584884, bChange = 0.00158116, totNum = 22
ROUND = 2660, SUM = 22584884.0000001, bChange = 0.00158112, totNum = 22
ROUND = 2661, SUM = 22584884, bChange = 0.00158107, totNum = 22
ROUND = 2662, SUM = 22584884, bChange = 0.00158103, totNum = 22
ROUND = 2663, SUM = 22584884, bChange = 0.00158099, totNum = 22
ROUND = 2664, SUM = 22584884, bChange = 0.00158094, totNum = 22
ROUND = 2665, SUM = 22584884, bChange = 0.0015809, totNum = 22
ROUND = 2666, SUM = 22584884, bChange = 0.00158086, totNum = 21
ROUND = 2667, SUM = 22584884.0000001, bChange = 0.00158081, totNum = 21
ROUND = 2668, SUM = 22584884, bChange = 0.00158077, totNum = 21
ROUND = 2669, SUM = 22584884, bChange = 0.00158073, totNum = 21
ROUND = 2670, SUM = 22584884, bChange = 0.00158068, totNum = 21
ROUND = 2671, SUM = 22584884.0000001, bChange = 0.00158064, totNum = 21
ROUND = 2672, SUM = 22584884, bChange = 0.0015806, totNum = 21
ROUND = 2673, SUM = 22584884.0000001, bChange = 0.00158056, totNum = 21
ROUND = 2674, SUM = 22584884, bChange = 0.00158051, totNum = 21
ROUND = 2675, SUM = 22584884, bChange = 0.00158047, totNum = 21
ROUND = 2676, SUM = 22584884.0000001, bChange = 0.00158043, totNum = 21
ROUND = 2677, SUM = 22584884, bChange = 0.00158039, totNum = 21
ROUND = 2678, SUM = 22584884, bChange = 0.00158034, totNum = 21
ROUND = 2679, SUM = 22584884.0000001, bChange = 0.0015803, totNum = 21
ROUND = 2680, SUM = 22584884, bChange = 0.00158026, totNum = 21
ROUND = 2681, SUM = 22584884.0000001, bChange = 0.00158022, totNum = 21
ROUND = 2682, SUM = 22584884, bChange = 0.00158017, totNum = 21
ROUND = 2683, SUM = 22584884, bChange = 0.00158013, totNum = 21
ROUND = 2684, SUM = 22584884, bChange = 0.00158009, totNum = 21
ROUND = 2685, SUM = 22584884.0000001, bChange = 0.00158005, totNum = 21
ROUND = 2686, SUM = 22584884.0000001, bChange = 0.00158001, totNum = 21
ROUND = 2687, SUM = 22584884.0000001, bChange = 0.00157996, totNum = 21
ROUND = 2688, SUM = 22584884.0000001, bChange = 0.00157992, totNum = 21
ROUND = 2689, SUM = 22584884.0000001, bChange = 0.00157988, totNum = 21
ROUND = 2690, SUM = 22584884.0000001, bChange = 0.00157984, totNum = 21
ROUND = 2691, SUM = 22584884.0000001, bChange = 0.0015798, totNum = 21
ROUND = 2692, SUM = 22584884.0000001, bChange = 0.00157975, totNum = 21
ROUND = 2693, SUM = 22584884.0000001, bChange = 0.00157971, totNum = 21
ROUND = 2694, SUM = 22584884.0000001, bChange = 0.00157967, totNum = 21
ROUND = 2695, SUM = 22584884.0000001, bChange = 0.00157963, totNum = 20
ROUND = 2696, SUM = 22584884.0000001, bChange = 0.00157959, totNum = 20
ROUND = 2697, SUM = 22584884, bChange = 0.00157955, totNum = 20
ROUND = 2698, SUM = 22584884.0000001, bChange = 0.00157951, totNum = 20
ROUND = 2699, SUM = 22584884.0000001, bChange = 0.00157947, totNum = 20
ROUND = 2700, SUM = 22584884.0000001, bChange = 0.00157942, totNum = 20
ROUND = 2701, SUM = 22584884.0000002, bChange = 0.00157938, totNum = 20
ROUND = 2702, SUM = 22584884.0000001, bChange = 0.00157934, totNum = 20
ROUND = 2703, SUM = 22584884.0000001, bChange = 0.0015793, totNum = 20
ROUND = 2704, SUM = 22584884.0000001, bChange = 0.00157926, totNum = 20
ROUND = 2705, SUM = 22584884.0000001, bChange = 0.00157922, totNum = 20
ROUND = 2706, SUM = 22584884.0000001, bChange = 0.00157918, totNum = 20
ROUND = 2707, SUM = 22584884.0000001, bChange = 0.00157914, totNum = 20
ROUND = 2708, SUM = 22584884.0000001, bChange = 0.0015791, totNum = 20
ROUND = 2709, SUM = 22584884.0000001, bChange = 0.00157906, totNum = 20
ROUND = 2710, SUM = 22584884, bChange = 0.00157902, totNum = 20
ROUND = 2711, SUM = 22584884, bChange = 0.00157898, totNum = 20
ROUND = 2712, SUM = 22584884.0000001, bChange = 0.00157894, totNum = 20
ROUND = 2713, SUM = 22584884.0000001, bChange = 0.0015789, totNum = 20
ROUND = 2714, SUM = 22584884.0000002, bChange = 0.00157886, totNum = 20
ROUND = 2715, SUM = 22584884.0000001, bChange = 0.00157882, totNum = 20
ROUND = 2716, SUM = 22584884.0000001, bChange = 0.00157878, totNum = 20
ROUND = 2717, SUM = 22584884, bChange = 0.00157874, totNum = 20
ROUND = 2718, SUM = 22584884.0000001, bChange = 0.0015787, totNum = 20
ROUND = 2719, SUM = 22584884.0000001, bChange = 0.00157866, totNum = 20
ROUND = 2720, SUM = 22584884, bChange = 0.00157862, totNum = 20
ROUND = 2721, SUM = 22584884.0000001, bChange = 0.00157858, totNum = 19
ROUND = 2722, SUM = 22584884, bChange = 0.00157854, totNum = 19
ROUND = 2723, SUM = 22584884.0000001, bChange = 0.0015785, totNum = 19
ROUND = 2724, SUM = 22584884, bChange = 0.00157846, totNum = 19
ROUND = 2725, SUM = 22584884, bChange = 0.00157842, totNum = 19
ROUND = 2726, SUM = 22584884, bChange = 0.00157838, totNum = 19
ROUND = 2727, SUM = 22584884, bChange = 0.00157834, totNum = 19
ROUND = 2728, SUM = 22584884.0000001, bChange = 0.0015783, totNum = 19
ROUND = 2729, SUM = 22584884.0000002, bChange = 0.00157826, totNum = 19
ROUND = 2730, SUM = 22584884, bChange = 0.00157822, totNum = 19
ROUND = 2731, SUM = 22584884.0000001, bChange = 0.00157819, totNum = 19
ROUND = 2732, SUM = 22584884.0000001, bChange = 0.00157815, totNum = 19
ROUND = 2733, SUM = 22584884.0000001, bChange = 0.00157811, totNum = 19
ROUND = 2734, SUM = 22584884.0000001, bChange = 0.00157807, totNum = 19
ROUND = 2735, SUM = 22584884, bChange = 0.00157803, totNum = 19
ROUND = 2736, SUM = 22584884, bChange = 0.00157799, totNum = 19
ROUND = 2737, SUM = 22584884.0000001, bChange = 0.00157795, totNum = 19
ROUND = 2738, SUM = 22584884, bChange = 0.00157791, totNum = 19
ROUND = 2739, SUM = 22584884, bChange = 0.00157788, totNum = 19
ROUND = 2740, SUM = 22584884, bChange = 0.00157784, totNum = 19
ROUND = 2741, SUM = 22584884, bChange = 0.0015778, totNum = 18
ROUND = 2742, SUM = 22584884.0000001, bChange = 0.00157776, totNum = 18
ROUND = 2743, SUM = 22584884.0000002, bChange = 0.00157772, totNum = 18
ROUND = 2744, SUM = 22584884.0000001, bChange = 0.00157768, totNum = 18
ROUND = 2745, SUM = 22584884, bChange = 0.00157765, totNum = 18
ROUND = 2746, SUM = 22584884, bChange = 0.00157761, totNum = 18
ROUND = 2747, SUM = 22584884.0000001, bChange = 0.00157757, totNum = 17
ROUND = 2748, SUM = 22584884.0000001, bChange = 0.00157753, totNum = 17
ROUND = 2749, SUM = 22584884, bChange = 0.00157749, totNum = 17
ROUND = 2750, SUM = 22584884.0000001, bChange = 0.00157746, totNum = 17
ROUND = 2751, SUM = 22584884, bChange = 0.00157742, totNum = 17
ROUND = 2752, SUM = 22584883.9999999, bChange = 0.00157738, totNum = 17
ROUND = 2753, SUM = 22584884.0000001, bChange = 0.00157734, totNum = 17
ROUND = 2754, SUM = 22584884, bChange = 0.0015773, totNum = 17
ROUND = 2755, SUM = 22584884, bChange = 0.00157727, totNum = 17
ROUND = 2756, SUM = 22584884, bChange = 0.00157723, totNum = 17
ROUND = 2757, SUM = 22584884.0000001, bChange = 0.00157719, totNum = 17
ROUND = 2758, SUM = 22584884.0000001, bChange = 0.00157715, totNum = 17
ROUND = 2759, SUM = 22584884, bChange = 0.00157712, totNum = 17
ROUND = 2760, SUM = 22584884, bChange = 0.00157708, totNum = 17
ROUND = 2761, SUM = 22584884.0000001, bChange = 0.00157704, totNum = 17
ROUND = 2762, SUM = 22584884, bChange = 0.00157701, totNum = 17
ROUND = 2763, SUM = 22584884, bChange = 0.00157697, totNum = 17
ROUND = 2764, SUM = 22584884.0000001, bChange = 0.00157693, totNum = 17
ROUND = 2765, SUM = 22584884, bChange = 0.00157689, totNum = 17
ROUND = 2766, SUM = 22584884, bChange = 0.00157686, totNum = 17
ROUND = 2767, SUM = 22584884.0000001, bChange = 0.00157682, totNum = 17
ROUND = 2768, SUM = 22584884, bChange = 0.00157678, totNum = 17
ROUND = 2769, SUM = 22584883.9999999, bChange = 0.00157675, totNum = 17
ROUND = 2770, SUM = 22584884.0000001, bChange = 0.00157671, totNum = 17
ROUND = 2771, SUM = 22584884.0000001, bChange = 0.00157667, totNum = 17
ROUND = 2772, SUM = 22584884, bChange = 0.00157664, totNum = 17
ROUND = 2773, SUM = 22584884.0000001, bChange = 0.0015766, totNum = 17
ROUND = 2774, SUM = 22584884.0000001, bChange = 0.00157656, totNum = 17
ROUND = 2775, SUM = 22584884, bChange = 0.00157653, totNum = 17
ROUND = 2776, SUM = 22584884, bChange = 0.00157649, totNum = 17
ROUND = 2777, SUM = 22584884, bChange = 0.00157646, totNum = 17
ROUND = 2778, SUM = 22584884, bChange = 0.00157642, totNum = 17
ROUND = 2779, SUM = 22584884, bChange = 0.00157638, totNum = 17
ROUND = 2780, SUM = 22584884, bChange = 0.00157635, totNum = 17
ROUND = 2781, SUM = 22584884.0000001, bChange = 0.00157631, totNum = 16
ROUND = 2782, SUM = 22584884, bChange = 0.00157627, totNum = 16
ROUND = 2783, SUM = 22584884, bChange = 0.00157624, totNum = 16
ROUND = 2784, SUM = 22584884, bChange = 0.0015762, totNum = 16
ROUND = 2785, SUM = 22584884.0000001, bChange = 0.00157617, totNum = 16
ROUND = 2786, SUM = 22584884, bChange = 0.00157613, totNum = 16
ROUND = 2787, SUM = 22584884, bChange = 0.0015761, totNum = 16
ROUND = 2788, SUM = 22584884, bChange = 0.00157606, totNum = 16
ROUND = 2789, SUM = 22584884, bChange = 0.00157602, totNum = 16
ROUND = 2790, SUM = 22584884, bChange = 0.00157599, totNum = 16
ROUND = 2791, SUM = 22584884.0000001, bChange = 0.00157595, totNum = 16
ROUND = 2792, SUM = 22584884, bChange = 0.00157592, totNum = 16
ROUND = 2793, SUM = 22584884.0000001, bChange = 0.00157588, totNum = 16
ROUND = 2794, SUM = 22584884.0000001, bChange = 0.00157585, totNum = 16
ROUND = 2795, SUM = 22584884.0000001, bChange = 0.00157581, totNum = 16
ROUND = 2796, SUM = 22584883.9999999, bChange = 0.00157578, totNum = 16
ROUND = 2797, SUM = 22584884.0000001, bChange = 0.00157574, totNum = 16
ROUND = 2798, SUM = 22584884, bChange = 0.00157571, totNum = 16
ROUND = 2799, SUM = 22584884, bChange = 0.00157567, totNum = 16
ROUND = 2800, SUM = 22584884, bChange = 0.00157564, totNum = 16
ROUND = 2801, SUM = 22584884.0000001, bChange = 0.0015756, totNum = 16
ROUND = 2802, SUM = 22584884, bChange = 0.00157557, totNum = 16
ROUND = 2803, SUM = 22584884.0000001, bChange = 0.00157553, totNum = 16
ROUND = 2804, SUM = 22584884, bChange = 0.0015755, totNum = 16
ROUND = 2805, SUM = 22584884.0000001, bChange = 0.00157546, totNum = 16
ROUND = 2806, SUM = 22584884, bChange = 0.00157543, totNum = 16
ROUND = 2807, SUM = 22584884.0000001, bChange = 0.00157539, totNum = 16
ROUND = 2808, SUM = 22584884, bChange = 0.00157536, totNum = 16
ROUND = 2809, SUM = 22584884, bChange = 0.00157532, totNum = 16
ROUND = 2810, SUM = 22584884.0000001, bChange = 0.00157529, totNum = 16
ROUND = 2811, SUM = 22584884, bChange = 0.00157526, totNum = 16
ROUND = 2812, SUM = 22584884.0000001, bChange = 0.00157522, totNum = 16
ROUND = 2813, SUM = 22584884.0000001, bChange = 0.00157519, totNum = 16
ROUND = 2814, SUM = 22584884.0000001, bChange = 0.00157515, totNum = 16
ROUND = 2815, SUM = 22584884, bChange = 0.00157512, totNum = 16
ROUND = 2816, SUM = 22584884, bChange = 0.00157508, totNum = 16
ROUND = 2817, SUM = 22584884, bChange = 0.00157505, totNum = 16
ROUND = 2818, SUM = 22584884, bChange = 0.00157502, totNum = 16
ROUND = 2819, SUM = 22584884, bChange = 0.00157498, totNum = 16
ROUND = 2820, SUM = 22584884.0000001, bChange = 0.00157495, totNum = 16
ROUND = 2821, SUM = 22584884.0000001, bChange = 0.00157492, totNum = 16
ROUND = 2822, SUM = 22584884.0000001, bChange = 0.00157488, totNum = 16
ROUND = 2823, SUM = 22584884.0000002, bChange = 0.00157485, totNum = 16
ROUND = 2824, SUM = 22584884.0000001, bChange = 0.00157481, totNum = 16
ROUND = 2825, SUM = 22584884.0000001, bChange = 0.00157478, totNum = 16
ROUND = 2826, SUM = 22584884.0000001, bChange = 0.00157475, totNum = 16
ROUND = 2827, SUM = 22584884.0000001, bChange = 0.00157471, totNum = 16
ROUND = 2828, SUM = 22584884.0000001, bChange = 0.00157468, totNum = 16
ROUND = 2829, SUM = 22584884, bChange = 0.00157465, totNum = 16
ROUND = 2830, SUM = 22584884.0000001, bChange = 0.00157461, totNum = 16
ROUND = 2831, SUM = 22584884.0000001, bChange = 0.00157458, totNum = 16
ROUND = 2832, SUM = 22584884.0000001, bChange = 0.00157455, totNum = 16
ROUND = 2833, SUM = 22584884, bChange = 0.00157451, totNum = 16
ROUND = 2834, SUM = 22584884.0000002, bChange = 0.00157448, totNum = 15
ROUND = 2835, SUM = 22584884.0000001, bChange = 0.00157445, totNum = 15
ROUND = 2836, SUM = 22584884, bChange = 0.00157441, totNum = 15
ROUND = 2837, SUM = 22584884, bChange = 0.00157438, totNum = 15
ROUND = 2838, SUM = 22584884.0000001, bChange = 0.00157435, totNum = 14
ROUND = 2839, SUM = 22584884, bChange = 0.00157432, totNum = 14
ROUND = 2840, SUM = 22584884, bChange = 0.00157428, totNum = 14
ROUND = 2841, SUM = 22584884.0000001, bChange = 0.00157425, totNum = 14
ROUND = 2842, SUM = 22584884.0000001, bChange = 0.00157422, totNum = 14
ROUND = 2843, SUM = 22584884, bChange = 0.00157418, totNum = 14
ROUND = 2844, SUM = 22584884.0000002, bChange = 0.00157415, totNum = 14
ROUND = 2845, SUM = 22584884.0000001, bChange = 0.00157412, totNum = 14
ROUND = 2846, SUM = 22584884.0000001, bChange = 0.00157409, totNum = 14
ROUND = 2847, SUM = 22584884.0000001, bChange = 0.00157405, totNum = 14
ROUND = 2848, SUM = 22584884, bChange = 0.00157402, totNum = 14
ROUND = 2849, SUM = 22584884, bChange = 0.00157399, totNum = 14
ROUND = 2850, SUM = 22584884.0000001, bChange = 0.00157396, totNum = 14
ROUND = 2851, SUM = 22584884.0000001, bChange = 0.00157393, totNum = 14
ROUND = 2852, SUM = 22584884.0000001, bChange = 0.00157389, totNum = 14
ROUND = 2853, SUM = 22584884, bChange = 0.00157386, totNum = 14
ROUND = 2854, SUM = 22584884, bChange = 0.00157383, totNum = 14
ROUND = 2855, SUM = 22584884.0000001, bChange = 0.0015738, totNum = 14
ROUND = 2856, SUM = 22584884.0000001, bChange = 0.00157376, totNum = 14
ROUND = 2857, SUM = 22584884, bChange = 0.00157373, totNum = 13
ROUND = 2858, SUM = 22584884.0000001, bChange = 0.0015737, totNum = 13
ROUND = 2859, SUM = 22584884.0000001, bChange = 0.00157367, totNum = 13
ROUND = 2860, SUM = 22584884.0000001, bChange = 0.00157364, totNum = 13
ROUND = 2861, SUM = 22584884, bChange = 0.00157361, totNum = 13
ROUND = 2862, SUM = 22584884, bChange = 0.00157357, totNum = 13
ROUND = 2863, SUM = 22584884.0000001, bChange = 0.00157354, totNum = 13
ROUND = 2864, SUM = 22584884.0000001, bChange = 0.00157351, totNum = 13
ROUND = 2865, SUM = 22584884, bChange = 0.00157348, totNum = 13
ROUND = 2866, SUM = 22584884.0000001, bChange = 0.00157345, totNum = 13
ROUND = 2867, SUM = 22584884, bChange = 0.00157342, totNum = 13
ROUND = 2868, SUM = 22584884, bChange = 0.00157338, totNum = 13
ROUND = 2869, SUM = 22584884, bChange = 0.00157335, totNum = 13
ROUND = 2870, SUM = 22584884, bChange = 0.00157332, totNum = 13
ROUND = 2871, SUM = 22584884, bChange = 0.00157329, totNum = 13
ROUND = 2872, SUM = 22584884.0000001, bChange = 0.00157326, totNum = 13
ROUND = 2873, SUM = 22584884, bChange = 0.00157323, totNum = 13
ROUND = 2874, SUM = 22584884, bChange = 0.0015732, totNum = 13
ROUND = 2875, SUM = 22584884.0000001, bChange = 0.00157317, totNum = 13
ROUND = 2876, SUM = 22584884, bChange = 0.00157314, totNum = 13
ROUND = 2877, SUM = 22584884.0000001, bChange = 0.0015731, totNum = 13
ROUND = 2878, SUM = 22584884.0000001, bChange = 0.00157307, totNum = 13
ROUND = 2879, SUM = 22584884, bChange = 0.00157304, totNum = 13
ROUND = 2880, SUM = 22584884, bChange = 0.00157301, totNum = 13
ROUND = 2881, SUM = 22584884, bChange = 0.00157298, totNum = 13
ROUND = 2882, SUM = 22584884, bChange = 0.00157295, totNum = 13
ROUND = 2883, SUM = 22584884, bChange = 0.00157292, totNum = 13
ROUND = 2884, SUM = 22584884, bChange = 0.00157289, totNum = 12
ROUND = 2885, SUM = 22584884, bChange = 0.00157286, totNum = 12
ROUND = 2886, SUM = 22584884, bChange = 0.00157283, totNum = 12
ROUND = 2887, SUM = 22584884, bChange = 0.0015728, totNum = 12
ROUND = 2888, SUM = 22584884, bChange = 0.00157277, totNum = 12
ROUND = 2889, SUM = 22584884, bChange = 0.00157274, totNum = 12
ROUND = 2890, SUM = 22584884, bChange = 0.00157271, totNum = 12
ROUND = 2891, SUM = 22584884, bChange = 0.00157268, totNum = 12
ROUND = 2892, SUM = 22584884, bChange = 0.00157265, totNum = 12
ROUND = 2893, SUM = 22584884, bChange = 0.00157262, totNum = 12
ROUND = 2894, SUM = 22584884, bChange = 0.00157259, totNum = 12
ROUND = 2895, SUM = 22584884.0000001, bChange = 0.00157256, totNum = 12
ROUND = 2896, SUM = 22584884, bChange = 0.00157253, totNum = 12
ROUND = 2897, SUM = 22584884, bChange = 0.0015725, totNum = 12
ROUND = 2898, SUM = 22584884.0000001, bChange = 0.00157247, totNum = 12
ROUND = 2899, SUM = 22584884.0000001, bChange = 0.00157244, totNum = 12
ROUND = 2900, SUM = 22584884.0000001, bChange = 0.00157241, totNum = 12
ROUND = 2901, SUM = 22584884, bChange = 0.00157238, totNum = 12
ROUND = 2902, SUM = 22584884.0000001, bChange = 0.00157235, totNum = 12
ROUND = 2903, SUM = 22584884, bChange = 0.00157232, totNum = 12
ROUND = 2904, SUM = 22584884, bChange = 0.00157229, totNum = 12
ROUND = 2905, SUM = 22584884, bChange = 0.00157226, totNum = 12
ROUND = 2906, SUM = 22584884, bChange = 0.00157223, totNum = 12
ROUND = 2907, SUM = 22584884, bChange = 0.0015722, totNum = 12
ROUND = 2908, SUM = 22584884, bChange = 0.00157217, totNum = 12
ROUND = 2909, SUM = 22584884.0000001, bChange = 0.00157214, totNum = 12
ROUND = 2910, SUM = 22584884, bChange = 0.00157211, totNum = 12
ROUND = 2911, SUM = 22584884, bChange = 0.00157208, totNum = 12
ROUND = 2912, SUM = 22584884, bChange = 0.00157205, totNum = 12
ROUND = 2913, SUM = 22584884, bChange = 0.00157202, totNum = 12
ROUND = 2914, SUM = 22584884, bChange = 0.00157199, totNum = 12
ROUND = 2915, SUM = 22584884, bChange = 0.00157196, totNum = 12
ROUND = 2916, SUM = 22584884, bChange = 0.00157194, totNum = 12
ROUND = 2917, SUM = 22584884, bChange = 0.00157191, totNum = 12
ROUND = 2918, SUM = 22584884, bChange = 0.00157188, totNum = 12
ROUND = 2919, SUM = 22584884, bChange = 0.00157185, totNum = 12
ROUND = 2920, SUM = 22584884, bChange = 0.00157182, totNum = 12
ROUND = 2921, SUM = 22584884, bChange = 0.00157179, totNum = 12
ROUND = 2922, SUM = 22584884, bChange = 0.00157176, totNum = 12
ROUND = 2923, SUM = 22584884, bChange = 0.00157173, totNum = 12
ROUND = 2924, SUM = 22584884, bChange = 0.0015717, totNum = 12
ROUND = 2925, SUM = 22584884, bChange = 0.00157168, totNum = 12
ROUND = 2926, SUM = 22584884, bChange = 0.00157165, totNum = 12
ROUND = 2927, SUM = 22584884, bChange = 0.00157162, totNum = 12
ROUND = 2928, SUM = 22584884, bChange = 0.00157159, totNum = 12
ROUND = 2929, SUM = 22584884, bChange = 0.00157156, totNum = 12
ROUND = 2930, SUM = 22584884, bChange = 0.00157153, totNum = 12
ROUND = 2931, SUM = 22584884, bChange = 0.00157151, totNum = 12
ROUND = 2932, SUM = 22584883.9999999, bChange = 0.00157148, totNum = 12
ROUND = 2933, SUM = 22584884, bChange = 0.00157145, totNum = 12
ROUND = 2934, SUM = 22584883.9999999, bChange = 0.00157142, totNum = 12
ROUND = 2935, SUM = 22584884, bChange = 0.00157139, totNum = 13
ROUND = 2936, SUM = 22584884, bChange = 0.00157136, totNum = 13
ROUND = 2937, SUM = 22584884.0000001, bChange = 0.00157134, totNum = 13
ROUND = 2938, SUM = 22584884, bChange = 0.00157131, totNum = 13
ROUND = 2939, SUM = 22584884.0000001, bChange = 0.00157128, totNum = 13
ROUND = 2940, SUM = 22584884.0000001, bChange = 0.00157125, totNum = 13
ROUND = 2941, SUM = 22584884, bChange = 0.00157122, totNum = 13
ROUND = 2942, SUM = 22584884.0000001, bChange = 0.0015712, totNum = 13
ROUND = 2943, SUM = 22584884, bChange = 0.00157117, totNum = 13
ROUND = 2944, SUM = 22584884, bChange = 0.00157114, totNum = 13
ROUND = 2945, SUM = 22584884, bChange = 0.00157111, totNum = 13
ROUND = 2946, SUM = 22584884, bChange = 0.00157108, totNum = 13
ROUND = 2947, SUM = 22584884, bChange = 0.00157106, totNum = 13
ROUND = 2948, SUM = 22584884, bChange = 0.00157103, totNum = 13
ROUND = 2949, SUM = 22584884, bChange = 0.001571, totNum = 13
ROUND = 2950, SUM = 22584884, bChange = 0.00157097, totNum = 13
ROUND = 2951, SUM = 22584884, bChange = 0.00157095, totNum = 13
ROUND = 2952, SUM = 22584884, bChange = 0.00157092, totNum = 13
ROUND = 2953, SUM = 22584884.0000001, bChange = 0.00157089, totNum = 13
ROUND = 2954, SUM = 22584884, bChange = 0.00157086, totNum = 13
ROUND = 2955, SUM = 22584884, bChange = 0.00157084, totNum = 13
ROUND = 2956, SUM = 22584884, bChange = 0.00157081, totNum = 13
ROUND = 2957, SUM = 22584884, bChange = 0.00157078, totNum = 13
ROUND = 2958, SUM = 22584884, bChange = 0.00157076, totNum = 13
ROUND = 2959, SUM = 22584884, bChange = 0.00157073, totNum = 13
ROUND = 2960, SUM = 22584884, bChange = 0.0015707, totNum = 13
ROUND = 2961, SUM = 22584884, bChange = 0.00157067, totNum = 13
ROUND = 2962, SUM = 22584884, bChange = 0.00157065, totNum = 13
ROUND = 2963, SUM = 22584884, bChange = 0.00157062, totNum = 13
ROUND = 2964, SUM = 22584884, bChange = 0.00157059, totNum = 13
ROUND = 2965, SUM = 22584884.0000001, bChange = 0.00157057, totNum = 13
ROUND = 2966, SUM = 22584884, bChange = 0.00157054, totNum = 13
ROUND = 2967, SUM = 22584884, bChange = 0.00157051, totNum = 13
ROUND = 2968, SUM = 22584884, bChange = 0.00157049, totNum = 13
ROUND = 2969, SUM = 22584884, bChange = 0.00157046, totNum = 13
ROUND = 2970, SUM = 22584884.0000001, bChange = 0.00157043, totNum = 13
ROUND = 2971, SUM = 22584884.0000001, bChange = 0.00157041, totNum = 13
ROUND = 2972, SUM = 22584884.0000001, bChange = 0.00157038, totNum = 13
ROUND = 2973, SUM = 22584884, bChange = 0.00157035, totNum = 13
ROUND = 2974, SUM = 22584884, bChange = 0.00157033, totNum = 13
ROUND = 2975, SUM = 22584884.0000001, bChange = 0.0015703, totNum = 13
ROUND = 2976, SUM = 22584884, bChange = 0.00157027, totNum = 13
ROUND = 2977, SUM = 22584884, bChange = 0.00157025, totNum = 13
ROUND = 2978, SUM = 22584884.0000001, bChange = 0.00157022, totNum = 13
ROUND = 2979, SUM = 22584884.0000001, bChange = 0.00157019, totNum = 13
ROUND = 2980, SUM = 22584884, bChange = 0.00157017, totNum = 13
ROUND = 2981, SUM = 22584884.0000001, bChange = 0.00157014, totNum = 13
ROUND = 2982, SUM = 22584884, bChange = 0.00157012, totNum = 13
ROUND = 2983, SUM = 22584884.0000001, bChange = 0.00157009, totNum = 13
ROUND = 2984, SUM = 22584884.0000001, bChange = 0.00157006, totNum = 13
ROUND = 2985, SUM = 22584884.0000001, bChange = 0.00157004, totNum = 13
ROUND = 2986, SUM = 22584884.0000001, bChange = 0.00157001, totNum = 13
ROUND = 2987, SUM = 22584884, bChange = 0.00156998, totNum = 13
ROUND = 2988, SUM = 22584884, bChange = 0.00156996, totNum = 13
ROUND = 2989, SUM = 22584884, bChange = 0.00156993, totNum = 13
ROUND = 2990, SUM = 22584884.0000001, bChange = 0.00156991, totNum = 13
ROUND = 2991, SUM = 22584884, bChange = 0.00156988, totNum = 13
ROUND = 2992, SUM = 22584884, bChange = 0.00156986, totNum = 13
ROUND = 2993, SUM = 22584884.0000001, bChange = 0.00156983, totNum = 13
ROUND = 2994, SUM = 22584884, bChange = 0.0015698, totNum = 13
ROUND = 2995, SUM = 22584884, bChange = 0.00156978, totNum = 13
ROUND = 2996, SUM = 22584884.0000001, bChange = 0.00156975, totNum = 13
ROUND = 2997, SUM = 22584884, bChange = 0.00156973, totNum = 13
ROUND = 2998, SUM = 22584884, bChange = 0.0015697, totNum = 13
ROUND = 2999, SUM = 22584884.0000001, bChange = 0.00156968, totNum = 13
ROUND = 3000, SUM = 22584884, bChange = 0.00156965, totNum = 13
ROUND = 3001, SUM = 22584884.0000001, bChange = 0.00156963, totNum = 13
ROUND = 3002, SUM = 22584884.0000001, bChange = 0.0015696, totNum = 13
ROUND = 3003, SUM = 22584884, bChange = 0.00156957, totNum = 13
ROUND = 3004, SUM = 22584884, bChange = 0.00156955, totNum = 13
ROUND = 3005, SUM = 22584884.0000001, bChange = 0.00156952, totNum = 13
ROUND = 3006, SUM = 22584884, bChange = 0.0015695, totNum = 13
ROUND = 3007, SUM = 22584884, bChange = 0.00156947, totNum = 13
ROUND = 3008, SUM = 22584883.9999999, bChange = 0.00156945, totNum = 13
ROUND = 3009, SUM = 22584884.0000001, bChange = 0.00156942, totNum = 13
ROUND = 3010, SUM = 22584884, bChange = 0.0015694, totNum = 13
ROUND = 3011, SUM = 22584884, bChange = 0.00156937, totNum = 13
ROUND = 3012, SUM = 22584884.0000001, bChange = 0.00156935, totNum = 13
ROUND = 3013, SUM = 22584884, bChange = 0.00156932, totNum = 12
ROUND = 3014, SUM = 22584884.0000001, bChange = 0.0015693, totNum = 12
ROUND = 3015, SUM = 22584884, bChange = 0.00156927, totNum = 12
ROUND = 3016, SUM = 22584884, bChange = 0.00156925, totNum = 12
ROUND = 3017, SUM = 22584884.0000001, bChange = 0.00156922, totNum = 12
ROUND = 3018, SUM = 22584884, bChange = 0.0015692, totNum = 12
ROUND = 3019, SUM = 22584884, bChange = 0.00156917, totNum = 12
ROUND = 3020, SUM = 22584884, bChange = 0.00156915, totNum = 12
ROUND = 3021, SUM = 22584884, bChange = 0.00156913, totNum = 12
ROUND = 3022, SUM = 22584884, bChange = 0.0015691, totNum = 12
ROUND = 3023, SUM = 22584884, bChange = 0.00156908, totNum = 12
ROUND = 3024, SUM = 22584884.0000001, bChange = 0.00156905, totNum = 12
ROUND = 3025, SUM = 22584884.0000001, bChange = 0.00156903, totNum = 12
ROUND = 3026, SUM = 22584884.0000001, bChange = 0.001569, totNum = 12
ROUND = 3027, SUM = 22584884.0000001, bChange = 0.00156898, totNum = 12
ROUND = 3028, SUM = 22584884, bChange = 0.00156895, totNum = 12
ROUND = 3029, SUM = 22584884, bChange = 0.00156893, totNum = 12
ROUND = 3030, SUM = 22584884, bChange = 0.00156891, totNum = 12
ROUND = 3031, SUM = 22584884.0000001, bChange = 0.00156888, totNum = 12
ROUND = 3032, SUM = 22584884.0000001, bChange = 0.00156886, totNum = 12
ROUND = 3033, SUM = 22584884.0000001, bChange = 0.00156883, totNum = 12
ROUND = 3034, SUM = 22584884.0000001, bChange = 0.00156881, totNum = 12
ROUND = 3035, SUM = 22584884, bChange = 0.00156878, totNum = 12
ROUND = 3036, SUM = 22584884, bChange = 0.00156876, totNum = 12
ROUND = 3037, SUM = 22584884, bChange = 0.00156874, totNum = 12
ROUND = 3038, SUM = 22584884, bChange = 0.00156871, totNum = 12
ROUND = 3039, SUM = 22584884, bChange = 0.00156869, totNum = 13
ROUND = 3040, SUM = 22584884.0000001, bChange = 0.00156867, totNum = 13
ROUND = 3041, SUM = 22584884.0000001, bChange = 0.00156864, totNum = 13
ROUND = 3042, SUM = 22584884, bChange = 0.00156862, totNum = 13
ROUND = 3043, SUM = 22584884, bChange = 0.00156859, totNum = 13
ROUND = 3044, SUM = 22584884.0000001, bChange = 0.00156857, totNum = 12
ROUND = 3045, SUM = 22584884, bChange = 0.00156855, totNum = 12
ROUND = 3046, SUM = 22584884, bChange = 0.00156852, totNum = 12
ROUND = 3047, SUM = 22584884, bChange = 0.0015685, totNum = 12
ROUND = 3048, SUM = 22584884, bChange = 0.00156848, totNum = 12
ROUND = 3049, SUM = 22584884.0000001, bChange = 0.00156845, totNum = 12
ROUND = 3050, SUM = 22584884, bChange = 0.00156843, totNum = 12
ROUND = 3051, SUM = 22584884, bChange = 0.0015684, totNum = 12
ROUND = 3052, SUM = 22584884.0000001, bChange = 0.00156838, totNum = 12
ROUND = 3053, SUM = 22584884, bChange = 0.00156836, totNum = 12
ROUND = 3054, SUM = 22584884.0000001, bChange = 0.00156833, totNum = 12
ROUND = 3055, SUM = 22584884, bChange = 0.00156831, totNum = 12
ROUND = 3056, SUM = 22584884, bChange = 0.00156829, totNum = 12
ROUND = 3057, SUM = 22584884, bChange = 0.00156826, totNum = 12
ROUND = 3058, SUM = 22584884, bChange = 0.00156824, totNum = 12
ROUND = 3059, SUM = 22584884.0000001, bChange = 0.00156822, totNum = 12
ROUND = 3060, SUM = 22584884, bChange = 0.0015682, totNum = 12
ROUND = 3061, SUM = 22584884, bChange = 0.00156817, totNum = 12
ROUND = 3062, SUM = 22584884, bChange = 0.00156815, totNum = 12
ROUND = 3063, SUM = 22584884.0000001, bChange = 0.00156813, totNum = 12
ROUND = 3064, SUM = 22584884.0000001, bChange = 0.0015681, totNum = 12
ROUND = 3065, SUM = 22584884.0000001, bChange = 0.00156808, totNum = 12
ROUND = 3066, SUM = 22584884, bChange = 0.00156806, totNum = 12
ROUND = 3067, SUM = 22584884.0000001, bChange = 0.00156803, totNum = 12
ROUND = 3068, SUM = 22584884.0000001, bChange = 0.00156801, totNum = 12
ROUND = 3069, SUM = 22584884.0000001, bChange = 0.00156799, totNum = 12
ROUND = 3070, SUM = 22584884.0000001, bChange = 0.00156797, totNum = 12
ROUND = 3071, SUM = 22584884.0000001, bChange = 0.00156794, totNum = 12
ROUND = 3072, SUM = 22584884.0000001, bChange = 0.00156792, totNum = 12
ROUND = 3073, SUM = 22584884.0000001, bChange = 0.0015679, totNum = 12
ROUND = 3074, SUM = 22584884.0000001, bChange = 0.00156787, totNum = 12
ROUND = 3075, SUM = 22584884.0000002, bChange = 0.00156785, totNum = 12
ROUND = 3076, SUM = 22584884.0000001, bChange = 0.00156783, totNum = 12
ROUND = 3077, SUM = 22584884, bChange = 0.00156781, totNum = 12
ROUND = 3078, SUM = 22584884, bChange = 0.00156778, totNum = 12
ROUND = 3079, SUM = 22584884.0000001, bChange = 0.00156776, totNum = 12
ROUND = 3080, SUM = 22584884.0000001, bChange = 0.00156774, totNum = 12
ROUND = 3081, SUM = 22584884, bChange = 0.00156772, totNum = 12
ROUND = 3082, SUM = 22584884.0000002, bChange = 0.0015677, totNum = 12
ROUND = 3083, SUM = 22584884, bChange = 0.00156767, totNum = 12
ROUND = 3084, SUM = 22584884.0000001, bChange = 0.00156765, totNum = 12
ROUND = 3085, SUM = 22584884, bChange = 0.00156763, totNum = 12
ROUND = 3086, SUM = 22584884, bChange = 0.00156761, totNum = 12
ROUND = 3087, SUM = 22584884, bChange = 0.00156758, totNum = 12
ROUND = 3088, SUM = 22584884, bChange = 0.00156756, totNum = 12
ROUND = 3089, SUM = 22584884, bChange = 0.00156754, totNum = 12
ROUND = 3090, SUM = 22584884.0000001, bChange = 0.00156752, totNum = 12
ROUND = 3091, SUM = 22584884, bChange = 0.0015675, totNum = 12
ROUND = 3092, SUM = 22584884, bChange = 0.00156747, totNum = 12
ROUND = 3093, SUM = 22584884.0000001, bChange = 0.00156745, totNum = 12
ROUND = 3094, SUM = 22584884, bChange = 0.00156743, totNum = 12
ROUND = 3095, SUM = 22584884, bChange = 0.00156741, totNum = 12
ROUND = 3096, SUM = 22584884.0000001, bChange = 0.00156739, totNum = 12
ROUND = 3097, SUM = 22584884.0000001, bChange = 0.00156736, totNum = 12
ROUND = 3098, SUM = 22584884, bChange = 0.00156734, totNum = 12
ROUND = 3099, SUM = 22584884, bChange = 0.00156732, totNum = 12
ROUND = 3100, SUM = 22584884.0000001, bChange = 0.0015673, totNum = 12
ROUND = 3101, SUM = 22584884, bChange = 0.00156728, totNum = 12
ROUND = 3102, SUM = 22584884.0000001, bChange = 0.00156726, totNum = 12
ROUND = 3103, SUM = 22584884, bChange = 0.00156723, totNum = 12
ROUND = 3104, SUM = 22584884.0000001, bChange = 0.00156721, totNum = 12
ROUND = 3105, SUM = 22584884.0000001, bChange = 0.00156719, totNum = 12
ROUND = 3106, SUM = 22584884, bChange = 0.00156717, totNum = 12
ROUND = 3107, SUM = 22584884, bChange = 0.00156715, totNum = 12
ROUND = 3108, SUM = 22584884, bChange = 0.00156713, totNum = 12
ROUND = 3109, SUM = 22584884, bChange = 0.0015671, totNum = 12
ROUND = 3110, SUM = 22584884.0000001, bChange = 0.00156708, totNum = 12
ROUND = 3111, SUM = 22584884, bChange = 0.00156706, totNum = 12
ROUND = 3112, SUM = 22584884.0000001, bChange = 0.00156704, totNum = 12
ROUND = 3113, SUM = 22584884, bChange = 0.00156702, totNum = 12
ROUND = 3114, SUM = 22584884, bChange = 0.001567, totNum = 12
ROUND = 3115, SUM = 22584884.0000001, bChange = 0.00156698, totNum = 12
ROUND = 3116, SUM = 22584884, bChange = 0.00156696, totNum = 12
ROUND = 3117, SUM = 22584884, bChange = 0.00156693, totNum = 12
ROUND = 3118, SUM = 22584884, bChange = 0.00156691, totNum = 12
ROUND = 3119, SUM = 22584884.0000001, bChange = 0.00156689, totNum = 12
ROUND = 3120, SUM = 22584884, bChange = 0.00156687, totNum = 12
ROUND = 3121, SUM = 22584884.0000001, bChange = 0.00156685, totNum = 12
ROUND = 3122, SUM = 22584884, bChange = 0.00156683, totNum = 12
ROUND = 3123, SUM = 22584884.0000001, bChange = 0.00156681, totNum = 12
ROUND = 3124, SUM = 22584884, bChange = 0.00156679, totNum = 12
ROUND = 3125, SUM = 22584884.0000001, bChange = 0.00156677, totNum = 12
ROUND = 3126, SUM = 22584884.0000001, bChange = 0.00156675, totNum = 12
ROUND = 3127, SUM = 22584884.0000001, bChange = 0.00156672, totNum = 12
ROUND = 3128, SUM = 22584884, bChange = 0.0015667, totNum = 11
ROUND = 3129, SUM = 22584884, bChange = 0.00156668, totNum = 11
ROUND = 3130, SUM = 22584884, bChange = 0.00156666, totNum = 11
ROUND = 3131, SUM = 22584884, bChange = 0.00156664, totNum = 11
ROUND = 3132, SUM = 22584884, bChange = 0.00156662, totNum = 11
ROUND = 3133, SUM = 22584884, bChange = 0.0015666, totNum = 11
ROUND = 3134, SUM = 22584884, bChange = 0.00156658, totNum = 11
ROUND = 3135, SUM = 22584884.0000001, bChange = 0.00156656, totNum = 11
ROUND = 3136, SUM = 22584884, bChange = 0.00156654, totNum = 11
ROUND = 3137, SUM = 22584884.0000001, bChange = 0.00156652, totNum = 11
ROUND = 3138, SUM = 22584884.0000001, bChange = 0.0015665, totNum = 10
ROUND = 3139, SUM = 22584884, bChange = 0.00156648, totNum = 10
ROUND = 3140, SUM = 22584884.0000001, bChange = 0.00156646, totNum = 10
ROUND = 3141, SUM = 22584884.0000001, bChange = 0.00156644, totNum = 10
ROUND = 3142, SUM = 22584884, bChange = 0.00156642, totNum = 10
ROUND = 3143, SUM = 22584884.0000001, bChange = 0.0015664, totNum = 10
ROUND = 3144, SUM = 22584884, bChange = 0.00156638, totNum = 10
ROUND = 3145, SUM = 22584884.0000001, bChange = 0.00156636, totNum = 10
ROUND = 3146, SUM = 22584884.0000001, bChange = 0.00156634, totNum = 10
ROUND = 3147, SUM = 22584884.0000001, bChange = 0.00156631, totNum = 10
ROUND = 3148, SUM = 22584884, bChange = 0.00156629, totNum = 10
ROUND = 3149, SUM = 22584884, bChange = 0.00156627, totNum = 10
ROUND = 3150, SUM = 22584884.0000001, bChange = 0.00156625, totNum = 10
ROUND = 3151, SUM = 22584884, bChange = 0.00156623, totNum = 10
ROUND = 3152, SUM = 22584884, bChange = 0.00156621, totNum = 10
ROUND = 3153, SUM = 22584883.9999999, bChange = 0.00156619, totNum = 10
ROUND = 3154, SUM = 22584884.0000001, bChange = 0.00156617, totNum = 10
ROUND = 3155, SUM = 22584884, bChange = 0.00156615, totNum = 10
ROUND = 3156, SUM = 22584884, bChange = 0.00156613, totNum = 10
ROUND = 3157, SUM = 22584884, bChange = 0.00156611, totNum = 10
ROUND = 3158, SUM = 22584884, bChange = 0.0015661, totNum = 10
ROUND = 3159, SUM = 22584884, bChange = 0.00156608, totNum = 10
ROUND = 3160, SUM = 22584884, bChange = 0.00156606, totNum = 10
ROUND = 3161, SUM = 22584884, bChange = 0.00156604, totNum = 10
ROUND = 3162, SUM = 22584884, bChange = 0.00156602, totNum = 10
ROUND = 3163, SUM = 22584884, bChange = 0.001566, totNum = 10
ROUND = 3164, SUM = 22584884, bChange = 0.00156598, totNum = 10
ROUND = 3165, SUM = 22584884.0000001, bChange = 0.00156596, totNum = 10
ROUND = 3166, SUM = 22584884.0000001, bChange = 0.00156594, totNum = 10
ROUND = 3167, SUM = 22584884.0000001, bChange = 0.00156592, totNum = 10
ROUND = 3168, SUM = 22584884, bChange = 0.0015659, totNum = 10
ROUND = 3169, SUM = 22584884, bChange = 0.00156588, totNum = 10
ROUND = 3170, SUM = 22584884, bChange = 0.00156586, totNum = 10
ROUND = 3171, SUM = 22584884, bChange = 0.00156584, totNum = 10
ROUND = 3172, SUM = 22584884, bChange = 0.00156582, totNum = 10
ROUND = 3173, SUM = 22584884.0000001, bChange = 0.0015658, totNum = 10
ROUND = 3174, SUM = 22584884, bChange = 0.00156578, totNum = 10
ROUND = 3175, SUM = 22584884, bChange = 0.00156576, totNum = 10
ROUND = 3176, SUM = 22584884, bChange = 0.00156574, totNum = 10
ROUND = 3177, SUM = 22584884, bChange = 0.00156572, totNum = 10
ROUND = 3178, SUM = 22584884, bChange = 0.00156571, totNum = 10
ROUND = 3179, SUM = 22584884, bChange = 0.00156569, totNum = 10
ROUND = 3180, SUM = 22584884, bChange = 0.00156567, totNum = 10
ROUND = 3181, SUM = 22584884, bChange = 0.00156565, totNum = 10
ROUND = 3182, SUM = 22584884.0000001, bChange = 0.00156563, totNum = 10
ROUND = 3183, SUM = 22584883.9999999, bChange = 0.00156561, totNum = 10
ROUND = 3184, SUM = 22584884, bChange = 0.00156559, totNum = 10
ROUND = 3185, SUM = 22584884, bChange = 0.00156557, totNum = 10
ROUND = 3186, SUM = 22584884, bChange = 0.00156555, totNum = 10
ROUND = 3187, SUM = 22584884, bChange = 0.00156553, totNum = 10
ROUND = 3188, SUM = 22584884, bChange = 0.00156551, totNum = 10
ROUND = 3189, SUM = 22584883.9999999, bChange = 0.0015655, totNum = 10
ROUND = 3190, SUM = 22584884, bChange = 0.00156548, totNum = 10
ROUND = 3191, SUM = 22584884, bChange = 0.00156546, totNum = 10
ROUND = 3192, SUM = 22584884.0000001, bChange = 0.00156544, totNum = 10
ROUND = 3193, SUM = 22584884, bChange = 0.00156542, totNum = 10
ROUND = 3194, SUM = 22584884, bChange = 0.0015654, totNum = 10
ROUND = 3195, SUM = 22584884, bChange = 0.00156538, totNum = 10
ROUND = 3196, SUM = 22584884, bChange = 0.00156536, totNum = 10
ROUND = 3197, SUM = 22584884.0000001, bChange = 0.00156535, totNum = 10
ROUND = 3198, SUM = 22584884, bChange = 0.00156533, totNum = 10
ROUND = 3199, SUM = 22584884, bChange = 0.00156531, totNum = 10
ROUND = 3200, SUM = 22584884, bChange = 0.00156529, totNum = 10
ROUND = 3201, SUM = 22584884, bChange = 0.00156527, totNum = 10
ROUND = 3202, SUM = 22584884.0000001, bChange = 0.00156525, totNum = 10
ROUND = 3203, SUM = 22584884, bChange = 0.00156523, totNum = 10
ROUND = 3204, SUM = 22584884, bChange = 0.00156522, totNum = 10
ROUND = 3205, SUM = 22584884.0000001, bChange = 0.0015652, totNum = 10
ROUND = 3206, SUM = 22584884.0000001, bChange = 0.00156518, totNum = 10
ROUND = 3207, SUM = 22584884.0000001, bChange = 0.00156516, totNum = 10
ROUND = 3208, SUM = 22584884, bChange = 0.00156514, totNum = 10
ROUND = 3209, SUM = 22584884.0000001, bChange = 0.00156512, totNum = 10
ROUND = 3210, SUM = 22584884.0000001, bChange = 0.00156511, totNum = 10
ROUND = 3211, SUM = 22584884, bChange = 0.00156509, totNum = 10
ROUND = 3212, SUM = 22584884.0000001, bChange = 0.00156507, totNum = 10
ROUND = 3213, SUM = 22584884.0000001, bChange = 0.00156505, totNum = 10
ROUND = 3214, SUM = 22584884.0000001, bChange = 0.00156503, totNum = 10
ROUND = 3215, SUM = 22584884.0000001, bChange = 0.00156501, totNum = 10
ROUND = 3216, SUM = 22584884, bChange = 0.001565, totNum = 10
ROUND = 3217, SUM = 22584884.0000001, bChange = 0.00156498, totNum = 10
ROUND = 3218, SUM = 22584884, bChange = 0.00156496, totNum = 10
ROUND = 3219, SUM = 22584884.0000002, bChange = 0.00156494, totNum = 10
ROUND = 3220, SUM = 22584884.0000001, bChange = 0.00156492, totNum = 10
ROUND = 3221, SUM = 22584884.0000001, bChange = 0.00156491, totNum = 10
ROUND = 3222, SUM = 22584884, bChange = 0.00156489, totNum = 10
ROUND = 3223, SUM = 22584884, bChange = 0.00156487, totNum = 10
ROUND = 3224, SUM = 22584884, bChange = 0.00156485, totNum = 10
ROUND = 3225, SUM = 22584884.0000001, bChange = 0.00156484, totNum = 10
ROUND = 3226, SUM = 22584884, bChange = 0.00156482, totNum = 10
ROUND = 3227, SUM = 22584884, bChange = 0.0015648, totNum = 10
ROUND = 3228, SUM = 22584884, bChange = 0.00156478, totNum = 10
ROUND = 3229, SUM = 22584884.0000001, bChange = 0.00156476, totNum = 10
ROUND = 3230, SUM = 22584884, bChange = 0.00156475, totNum = 10
ROUND = 3231, SUM = 22584884, bChange = 0.00156473, totNum = 10
ROUND = 3232, SUM = 22584884.0000001, bChange = 0.00156471, totNum = 10
ROUND = 3233, SUM = 22584884.0000001, bChange = 0.00156469, totNum = 10
ROUND = 3234, SUM = 22584884, bChange = 0.00156468, totNum = 10
ROUND = 3235, SUM = 22584884, bChange = 0.00156466, totNum = 10
ROUND = 3236, SUM = 22584884.0000001, bChange = 0.00156464, totNum = 10
ROUND = 3237, SUM = 22584884.0000001, bChange = 0.00156462, totNum = 10
ROUND = 3238, SUM = 22584884, bChange = 0.00156461, totNum = 10
ROUND = 3239, SUM = 22584884.0000001, bChange = 0.00156459, totNum = 10
ROUND = 3240, SUM = 22584884, bChange = 0.00156457, totNum = 10
ROUND = 3241, SUM = 22584884.0000001, bChange = 0.00156455, totNum = 10
ROUND = 3242, SUM = 22584884.0000001, bChange = 0.00156454, totNum = 10
ROUND = 3243, SUM = 22584884, bChange = 0.00156452, totNum = 10
ROUND = 3244, SUM = 22584883.9999999, bChange = 0.0015645, totNum = 10
ROUND = 3245, SUM = 22584884, bChange = 0.00156448, totNum = 10
ROUND = 3246, SUM = 22584884, bChange = 0.00156447, totNum = 10
ROUND = 3247, SUM = 22584884, bChange = 0.00156445, totNum = 10
ROUND = 3248, SUM = 22584884, bChange = 0.00156443, totNum = 10
ROUND = 3249, SUM = 22584884, bChange = 0.00156442, totNum = 10
ROUND = 3250, SUM = 22584884, bChange = 0.0015644, totNum = 10
ROUND = 3251, SUM = 22584884, bChange = 0.00156438, totNum = 10
ROUND = 3252, SUM = 22584884, bChange = 0.00156436, totNum = 9
ROUND = 3253, SUM = 22584884, bChange = 0.00156435, totNum = 9
ROUND = 3254, SUM = 22584884.0000001, bChange = 0.00156433, totNum = 9
ROUND = 3255, SUM = 22584884, bChange = 0.00156431, totNum = 9
ROUND = 3256, SUM = 22584884, bChange = 0.0015643, totNum = 9
ROUND = 3257, SUM = 22584884, bChange = 0.00156428, totNum = 9
ROUND = 3258, SUM = 22584883.9999999, bChange = 0.00156426, totNum = 9
ROUND = 3259, SUM = 22584884.0000001, bChange = 0.00156424, totNum = 9
ROUND = 3260, SUM = 22584884, bChange = 0.00156423, totNum = 9
ROUND = 3261, SUM = 22584884, bChange = 0.00156421, totNum = 9
ROUND = 3262, SUM = 22584884, bChange = 0.00156419, totNum = 9
ROUND = 3263, SUM = 22584884.0000001, bChange = 0.00156418, totNum = 9
ROUND = 3264, SUM = 22584884, bChange = 0.00156416, totNum = 9
ROUND = 3265, SUM = 22584884.0000001, bChange = 0.00156414, totNum = 9
ROUND = 3266, SUM = 22584884, bChange = 0.00156413, totNum = 9
ROUND = 3267, SUM = 22584884.0000001, bChange = 0.00156411, totNum = 9
ROUND = 3268, SUM = 22584884.0000001, bChange = 0.00156409, totNum = 9
ROUND = 3269, SUM = 22584884, bChange = 0.00156408, totNum = 9
ROUND = 3270, SUM = 22584884.0000001, bChange = 0.00156406, totNum = 9
ROUND = 3271, SUM = 22584884, bChange = 0.00156404, totNum = 9
ROUND = 3272, SUM = 22584884, bChange = 0.00156403, totNum = 9
ROUND = 3273, SUM = 22584884, bChange = 0.00156401, totNum = 9
ROUND = 3274, SUM = 22584884, bChange = 0.00156399, totNum = 9
ROUND = 3275, SUM = 22584884, bChange = 0.00156398, totNum = 9
ROUND = 3276, SUM = 22584884, bChange = 0.00156396, totNum = 9
ROUND = 3277, SUM = 22584884, bChange = 0.00156395, totNum = 9
ROUND = 3278, SUM = 22584884, bChange = 0.00156393, totNum = 9
ROUND = 3279, SUM = 22584884, bChange = 0.00156391, totNum = 9
ROUND = 3280, SUM = 22584884, bChange = 0.0015639, totNum = 9
ROUND = 3281, SUM = 22584884, bChange = 0.00156388, totNum = 9
ROUND = 3282, SUM = 22584884, bChange = 0.00156386, totNum = 9
ROUND = 3283, SUM = 22584884, bChange = 0.00156385, totNum = 9
ROUND = 3284, SUM = 22584884, bChange = 0.00156383, totNum = 9
ROUND = 3285, SUM = 22584884, bChange = 0.00156381, totNum = 9
ROUND = 3286, SUM = 22584884, bChange = 0.0015638, totNum = 9
ROUND = 3287, SUM = 22584884, bChange = 0.00156378, totNum = 9
ROUND = 3288, SUM = 22584884, bChange = 0.00156377, totNum = 9
ROUND = 3289, SUM = 22584884, bChange = 0.00156375, totNum = 9
ROUND = 3290, SUM = 22584884, bChange = 0.00156373, totNum = 9
ROUND = 3291, SUM = 22584884, bChange = 0.00156372, totNum = 9
ROUND = 3292, SUM = 22584884, bChange = 0.0015637, totNum = 9
ROUND = 3293, SUM = 22584884.0000001, bChange = 0.00156369, totNum = 9
ROUND = 3294, SUM = 22584884, bChange = 0.00156367, totNum = 9
ROUND = 3295, SUM = 22584884.0000001, bChange = 0.00156365, totNum = 9
ROUND = 3296, SUM = 22584883.9999999, bChange = 0.00156364, totNum = 9
ROUND = 3297, SUM = 22584883.9999999, bChange = 0.00156362, totNum = 9
ROUND = 3298, SUM = 22584884, bChange = 0.00156361, totNum = 9
ROUND = 3299, SUM = 22584884, bChange = 0.00156359, totNum = 9
ROUND = 3300, SUM = 22584883.9999999, bChange = 0.00156357, totNum = 9
ROUND = 3301, SUM = 22584884, bChange = 0.00156356, totNum = 9
ROUND = 3302, SUM = 22584884, bChange = 0.00156354, totNum = 9
ROUND = 3303, SUM = 22584884, bChange = 0.00156353, totNum = 9
ROUND = 3304, SUM = 22584884, bChange = 0.00156351, totNum = 9
ROUND = 3305, SUM = 22584884, bChange = 0.0015635, totNum = 9
ROUND = 3306, SUM = 22584884.0000001, bChange = 0.00156348, totNum = 9
ROUND = 3307, SUM = 22584884, bChange = 0.00156346, totNum = 9
ROUND = 3308, SUM = 22584884, bChange = 0.00156345, totNum = 9
ROUND = 3309, SUM = 22584884, bChange = 0.00156343, totNum = 9
ROUND = 3310, SUM = 22584884, bChange = 0.00156342, totNum = 9
ROUND = 3311, SUM = 22584884, bChange = 0.0015634, totNum = 9
ROUND = 3312, SUM = 22584884, bChange = 0.00156339, totNum = 9
ROUND = 3313, SUM = 22584884, bChange = 0.00156337, totNum = 9
ROUND = 3314, SUM = 22584884, bChange = 0.00156335, totNum = 9
ROUND = 3315, SUM = 22584884, bChange = 0.00156334, totNum = 9
ROUND = 3316, SUM = 22584884.0000001, bChange = 0.00156332, totNum = 9
ROUND = 3317, SUM = 22584884, bChange = 0.00156331, totNum = 9
ROUND = 3318, SUM = 22584884, bChange = 0.00156329, totNum = 9
ROUND = 3319, SUM = 22584884.0000001, bChange = 0.00156328, totNum = 9
ROUND = 3320, SUM = 22584884.0000001, bChange = 0.00156326, totNum = 9
ROUND = 3321, SUM = 22584884.0000001, bChange = 0.00156325, totNum = 9
ROUND = 3322, SUM = 22584884, bChange = 0.00156323, totNum = 9
ROUND = 3323, SUM = 22584884.0000001, bChange = 0.00156322, totNum = 9
ROUND = 3324, SUM = 22584884, bChange = 0.0015632, totNum = 9
ROUND = 3325, SUM = 22584884, bChange = 0.00156319, totNum = 9
ROUND = 3326, SUM = 22584884, bChange = 0.00156317, totNum = 9
ROUND = 3327, SUM = 22584884, bChange = 0.00156316, totNum = 9
ROUND = 3328, SUM = 22584884, bChange = 0.00156314, totNum = 9
ROUND = 3329, SUM = 22584884, bChange = 0.00156312, totNum = 9
ROUND = 3330, SUM = 22584884, bChange = 0.00156311, totNum = 9
ROUND = 3331, SUM = 22584884.0000001, bChange = 0.00156309, totNum = 9
ROUND = 3332, SUM = 22584884, bChange = 0.00156308, totNum = 9
ROUND = 3333, SUM = 22584884, bChange = 0.00156306, totNum = 9
ROUND = 3334, SUM = 22584884, bChange = 0.00156305, totNum = 9
ROUND = 3335, SUM = 22584884, bChange = 0.00156303, totNum = 9
ROUND = 3336, SUM = 22584884, bChange = 0.00156302, totNum = 9
ROUND = 3337, SUM = 22584884.0000001, bChange = 0.001563, totNum = 9
ROUND = 3338, SUM = 22584884, bChange = 0.00156299, totNum = 9
ROUND = 3339, SUM = 22584884, bChange = 0.00156297, totNum = 9
ROUND = 3340, SUM = 22584884.0000001, bChange = 0.00156296, totNum = 9
ROUND = 3341, SUM = 22584884.0000001, bChange = 0.00156294, totNum = 9
ROUND = 3342, SUM = 22584884, bChange = 0.00156293, totNum = 9
ROUND = 3343, SUM = 22584884, bChange = 0.00156292, totNum = 9
ROUND = 3344, SUM = 22584884, bChange = 0.0015629, totNum = 9
ROUND = 3345, SUM = 22584884.0000001, bChange = 0.00156289, totNum = 9
ROUND = 3346, SUM = 22584884, bChange = 0.00156287, totNum = 9
ROUND = 3347, SUM = 22584884, bChange = 0.00156286, totNum = 9
ROUND = 3348, SUM = 22584884.0000001, bChange = 0.00156284, totNum = 9
ROUND = 3349, SUM = 22584884.0000001, bChange = 0.00156283, totNum = 9
ROUND = 3350, SUM = 22584884, bChange = 0.00156281, totNum = 9
ROUND = 3351, SUM = 22584884, bChange = 0.0015628, totNum = 9
ROUND = 3352, SUM = 22584884.0000001, bChange = 0.00156278, totNum = 9
ROUND = 3353, SUM = 22584884, bChange = 0.00156277, totNum = 9
ROUND = 3354, SUM = 22584884, bChange = 0.00156275, totNum = 9
ROUND = 3355, SUM = 22584884, bChange = 0.00156274, totNum = 9
ROUND = 3356, SUM = 22584884.0000001, bChange = 0.00156272, totNum = 9
ROUND = 3357, SUM = 22584884, bChange = 0.00156271, totNum = 9
ROUND = 3358, SUM = 22584884, bChange = 0.0015627, totNum = 9
ROUND = 3359, SUM = 22584884, bChange = 0.00156268, totNum = 9
ROUND = 3360, SUM = 22584884.0000001, bChange = 0.00156267, totNum = 9
ROUND = 3361, SUM = 22584884.0000001, bChange = 0.00156265, totNum = 9
ROUND = 3362, SUM = 22584884, bChange = 0.00156264, totNum = 9
ROUND = 3363, SUM = 22584884, bChange = 0.00156262, totNum = 9
ROUND = 3364, SUM = 22584884.0000001, bChange = 0.00156261, totNum = 9
ROUND = 3365, SUM = 22584884.0000001, bChange = 0.00156259, totNum = 9
ROUND = 3366, SUM = 22584884, bChange = 0.00156258, totNum = 9
ROUND = 3367, SUM = 22584884, bChange = 0.00156257, totNum = 9
ROUND = 3368, SUM = 22584884, bChange = 0.00156255, totNum = 9
ROUND = 3369, SUM = 22584884, bChange = 0.00156254, totNum = 9
ROUND = 3370, SUM = 22584884, bChange = 0.00156252, totNum = 9
ROUND = 3371, SUM = 22584884, bChange = 0.00156251, totNum = 9
ROUND = 3372, SUM = 22584884, bChange = 0.0015625, totNum = 9
ROUND = 3373, SUM = 22584884, bChange = 0.00156248, totNum = 9
ROUND = 3374, SUM = 22584884, bChange = 0.00156247, totNum = 9
ROUND = 3375, SUM = 22584884, bChange = 0.00156245, totNum = 9
ROUND = 3376, SUM = 22584883.9999999, bChange = 0.00156244, totNum = 9
ROUND = 3377, SUM = 22584884, bChange = 0.00156242, totNum = 9
ROUND = 3378, SUM = 22584884, bChange = 0.00156241, totNum = 9
ROUND = 3379, SUM = 22584884, bChange = 0.0015624, totNum = 9
ROUND = 3380, SUM = 22584884, bChange = 0.00156238, totNum = 9
ROUND = 3381, SUM = 22584884.0000001, bChange = 0.00156237, totNum = 9
ROUND = 3382, SUM = 22584884, bChange = 0.00156235, totNum = 9
ROUND = 3383, SUM = 22584884, bChange = 0.00156234, totNum = 9
ROUND = 3384, SUM = 22584884.0000001, bChange = 0.00156233, totNum = 9
ROUND = 3385, SUM = 22584884, bChange = 0.00156231, totNum = 9
ROUND = 3386, SUM = 22584884.0000001, bChange = 0.0015623, totNum = 9
ROUND = 3387, SUM = 22584884, bChange = 0.00156229, totNum = 9
ROUND = 3388, SUM = 22584884, bChange = 0.00156227, totNum = 9
ROUND = 3389, SUM = 22584884.0000001, bChange = 0.00156226, totNum = 9
ROUND = 3390, SUM = 22584884, bChange = 0.00156224, totNum = 9
ROUND = 3391, SUM = 22584884, bChange = 0.00156223, totNum = 9
ROUND = 3392, SUM = 22584884.0000001, bChange = 0.00156222, totNum = 9
ROUND = 3393, SUM = 22584884, bChange = 0.0015622, totNum = 9
ROUND = 3394, SUM = 22584884, bChange = 0.00156219, totNum = 9
ROUND = 3395, SUM = 22584884, bChange = 0.00156218, totNum = 9
ROUND = 3396, SUM = 22584884.0000001, bChange = 0.00156216, totNum = 9
ROUND = 3397, SUM = 22584884.0000001, bChange = 0.00156215, totNum = 9
ROUND = 3398, SUM = 22584883.9999999, bChange = 0.00156213, totNum = 9
ROUND = 3399, SUM = 22584884.0000001, bChange = 0.00156212, totNum = 8
ROUND = 3400, SUM = 22584884, bChange = 0.00156211, totNum = 8
ROUND = 3401, SUM = 22584884.0000001, bChange = 0.00156209, totNum = 8
ROUND = 3402, SUM = 22584884, bChange = 0.00156208, totNum = 8
ROUND = 3403, SUM = 22584884.0000001, bChange = 0.00156207, totNum = 8
ROUND = 3404, SUM = 22584884, bChange = 0.00156205, totNum = 8
ROUND = 3405, SUM = 22584884, bChange = 0.00156204, totNum = 8
ROUND = 3406, SUM = 22584884, bChange = 0.00156203, totNum = 8
ROUND = 3407, SUM = 22584884, bChange = 0.00156201, totNum = 8
ROUND = 3408, SUM = 22584884.0000001, bChange = 0.001562, totNum = 8
ROUND = 3409, SUM = 22584884, bChange = 0.00156199, totNum = 8
ROUND = 3410, SUM = 22584884, bChange = 0.00156197, totNum = 8
ROUND = 3411, SUM = 22584884, bChange = 0.00156196, totNum = 8
ROUND = 3412, SUM = 22584884, bChange = 0.00156195, totNum = 8
ROUND = 3413, SUM = 22584884, bChange = 0.00156193, totNum = 8
ROUND = 3414, SUM = 22584884, bChange = 0.00156192, totNum = 8
ROUND = 3415, SUM = 22584884.0000001, bChange = 0.00156191, totNum = 8
ROUND = 3416, SUM = 22584884, bChange = 0.00156189, totNum = 8
ROUND = 3417, SUM = 22584883.9999999, bChange = 0.00156188, totNum = 8
ROUND = 3418, SUM = 22584884, bChange = 0.00156187, totNum = 8
ROUND = 3419, SUM = 22584884, bChange = 0.00156185, totNum = 8
ROUND = 3420, SUM = 22584884.0000001, bChange = 0.00156184, totNum = 7
ROUND = 3421, SUM = 22584884, bChange = 0.00156183, totNum = 7
ROUND = 3422, SUM = 22584884, bChange = 0.00156181, totNum = 7
ROUND = 3423, SUM = 22584884, bChange = 0.0015618, totNum = 7
ROUND = 3424, SUM = 22584883.9999999, bChange = 0.00156179, totNum = 7
ROUND = 3425, SUM = 22584884.0000001, bChange = 0.00156178, totNum = 7
ROUND = 3426, SUM = 22584883.9999999, bChange = 0.00156176, totNum = 7
ROUND = 3427, SUM = 22584884, bChange = 0.00156175, totNum = 7
ROUND = 3428, SUM = 22584884, bChange = 0.00156174, totNum = 7
ROUND = 3429, SUM = 22584884, bChange = 0.00156172, totNum = 7
ROUND = 3430, SUM = 22584884, bChange = 0.00156171, totNum = 7
ROUND = 3431, SUM = 22584884.0000001, bChange = 0.0015617, totNum = 7
ROUND = 3432, SUM = 22584884.0000001, bChange = 0.00156169, totNum = 7
ROUND = 3433, SUM = 22584884, bChange = 0.00156167, totNum = 7
ROUND = 3434, SUM = 22584884.0000001, bChange = 0.00156166, totNum = 7
ROUND = 3435, SUM = 22584884, bChange = 0.00156165, totNum = 7
ROUND = 3436, SUM = 22584884.0000001, bChange = 0.00156163, totNum = 7
ROUND = 3437, SUM = 22584884.0000001, bChange = 0.00156162, totNum = 7
ROUND = 3438, SUM = 22584884.0000002, bChange = 0.00156161, totNum = 7
ROUND = 3439, SUM = 22584884, bChange = 0.0015616, totNum = 7
ROUND = 3440, SUM = 22584884.0000001, bChange = 0.00156158, totNum = 7
ROUND = 3441, SUM = 22584884, bChange = 0.00156157, totNum = 7
ROUND = 3442, SUM = 22584884, bChange = 0.00156156, totNum = 7
ROUND = 3443, SUM = 22584884, bChange = 0.00156154, totNum = 7
ROUND = 3444, SUM = 22584884, bChange = 0.00156153, totNum = 7
ROUND = 3445, SUM = 22584884, bChange = 0.00156152, totNum = 7
ROUND = 3446, SUM = 22584884, bChange = 0.00156151, totNum = 7
ROUND = 3447, SUM = 22584884, bChange = 0.00156149, totNum = 7
ROUND = 3448, SUM = 22584884, bChange = 0.00156148, totNum = 7
ROUND = 3449, SUM = 22584884, bChange = 0.00156147, totNum = 7
ROUND = 3450, SUM = 22584884, bChange = 0.00156146, totNum = 6
ROUND = 3451, SUM = 22584883.9999999, bChange = 0.00156144, totNum = 6
ROUND = 3452, SUM = 22584884, bChange = 0.00156143, totNum = 6
ROUND = 3453, SUM = 22584884, bChange = 0.00156142, totNum = 6
ROUND = 3454, SUM = 22584884, bChange = 0.00156141, totNum = 5
ROUND = 3455, SUM = 22584884, bChange = 0.00156139, totNum = 5
ROUND = 3456, SUM = 22584884, bChange = 0.00156138, totNum = 5
ROUND = 3457, SUM = 22584884, bChange = 0.00156137, totNum = 5
ROUND = 3458, SUM = 22584884.0000001, bChange = 0.00156136, totNum = 5
ROUND = 3459, SUM = 22584884.0000001, bChange = 0.00156134, totNum = 5
ROUND = 3460, SUM = 22584884, bChange = 0.00156133, totNum = 5
ROUND = 3461, SUM = 22584884, bChange = 0.00156132, totNum = 5
ROUND = 3462, SUM = 22584884, bChange = 0.00156131, totNum = 5
ROUND = 3463, SUM = 22584884, bChange = 0.0015613, totNum = 5
ROUND = 3464, SUM = 22584884, bChange = 0.00156128, totNum = 5
ROUND = 3465, SUM = 22584884.0000001, bChange = 0.00156127, totNum = 5
ROUND = 3466, SUM = 22584884, bChange = 0.00156126, totNum = 5
ROUND = 3467, SUM = 22584884, bChange = 0.00156125, totNum = 5
ROUND = 3468, SUM = 22584883.9999999, bChange = 0.00156123, totNum = 5
ROUND = 3469, SUM = 22584884, bChange = 0.00156122, totNum = 5
ROUND = 3470, SUM = 22584884, bChange = 0.00156121, totNum = 5
ROUND = 3471, SUM = 22584884.0000001, bChange = 0.0015612, totNum = 5
ROUND = 3472, SUM = 22584884, bChange = 0.00156119, totNum = 5
ROUND = 3473, SUM = 22584884, bChange = 0.00156117, totNum = 5
ROUND = 3474, SUM = 22584884, bChange = 0.00156116, totNum = 5
ROUND = 3475, SUM = 22584884, bChange = 0.00156115, totNum = 5
ROUND = 3476, SUM = 22584884, bChange = 0.00156114, totNum = 5
ROUND = 3477, SUM = 22584884, bChange = 0.00156113, totNum = 5
ROUND = 3478, SUM = 22584884, bChange = 0.00156111, totNum = 5
ROUND = 3479, SUM = 22584884, bChange = 0.0015611, totNum = 5
ROUND = 3480, SUM = 22584884, bChange = 0.00156109, totNum = 5
ROUND = 3481, SUM = 22584884.0000001, bChange = 0.00156108, totNum = 5
ROUND = 3482, SUM = 22584884, bChange = 0.00156107, totNum = 5
ROUND = 3483, SUM = 22584884.0000001, bChange = 0.00156105, totNum = 5
ROUND = 3484, SUM = 22584884, bChange = 0.00156104, totNum = 5
ROUND = 3485, SUM = 22584884, bChange = 0.00156103, totNum = 5
ROUND = 3486, SUM = 22584884, bChange = 0.00156102, totNum = 5
ROUND = 3487, SUM = 22584884, bChange = 0.00156101, totNum = 5
ROUND = 3488, SUM = 22584884, bChange = 0.00156099, totNum = 5
ROUND = 3489, SUM = 22584884, bChange = 0.00156098, totNum = 5
ROUND = 3490, SUM = 22584884, bChange = 0.00156097, totNum = 5
ROUND = 3491, SUM = 22584884.0000001, bChange = 0.00156096, totNum = 5
ROUND = 3492, SUM = 22584884, bChange = 0.00156095, totNum = 5
ROUND = 3493, SUM = 22584884, bChange = 0.00156094, totNum = 5
ROUND = 3494, SUM = 22584884.0000001, bChange = 0.00156092, totNum = 5
ROUND = 3495, SUM = 22584884.0000001, bChange = 0.00156091, totNum = 5
ROUND = 3496, SUM = 22584884, bChange = 0.0015609, totNum = 5
ROUND = 3497, SUM = 22584884, bChange = 0.00156089, totNum = 5
ROUND = 3498, SUM = 22584884, bChange = 0.00156088, totNum = 5
ROUND = 3499, SUM = 22584884, bChange = 0.00156087, totNum = 5
ROUND = 3500, SUM = 22584884.0000001, bChange = 0.00156085, totNum = 5
ROUND = 3501, SUM = 22584884, bChange = 0.00156084, totNum = 5
ROUND = 3502, SUM = 22584884.0000001, bChange = 0.00156083, totNum = 5
ROUND = 3503, SUM = 22584884, bChange = 0.00156082, totNum = 5
ROUND = 3504, SUM = 22584884, bChange = 0.00156081, totNum = 5
ROUND = 3505, SUM = 22584884, bChange = 0.0015608, totNum = 5
ROUND = 3506, SUM = 22584884, bChange = 0.00156079, totNum = 5
ROUND = 3507, SUM = 22584884.0000001, bChange = 0.00156077, totNum = 5
ROUND = 3508, SUM = 22584884, bChange = 0.00156076, totNum = 5
ROUND = 3509, SUM = 22584884.0000001, bChange = 0.00156075, totNum = 5
ROUND = 3510, SUM = 22584884.0000001, bChange = 0.00156074, totNum = 5
ROUND = 3511, SUM = 22584884.0000001, bChange = 0.00156073, totNum = 5
ROUND = 3512, SUM = 22584884.0000001, bChange = 0.00156072, totNum = 5
ROUND = 3513, SUM = 22584884.0000002, bChange = 0.00156071, totNum = 5
ROUND = 3514, SUM = 22584884.0000001, bChange = 0.00156069, totNum = 5
ROUND = 3515, SUM = 22584884, bChange = 0.00156068, totNum = 5
ROUND = 3516, SUM = 22584884.0000001, bChange = 0.00156067, totNum = 5
ROUND = 3517, SUM = 22584884, bChange = 0.00156066, totNum = 5
ROUND = 3518, SUM = 22584884, bChange = 0.00156065, totNum = 5
ROUND = 3519, SUM = 22584884, bChange = 0.00156064, totNum = 5
ROUND = 3520, SUM = 22584884.0000001, bChange = 0.00156063, totNum = 5
ROUND = 3521, SUM = 22584884, bChange = 0.00156062, totNum = 5
ROUND = 3522, SUM = 22584884.0000001, bChange = 0.0015606, totNum = 5
ROUND = 3523, SUM = 22584884, bChange = 0.00156059, totNum = 5
ROUND = 3524, SUM = 22584884, bChange = 0.00156058, totNum = 5
ROUND = 3525, SUM = 22584884, bChange = 0.00156057, totNum = 5
ROUND = 3526, SUM = 22584884, bChange = 0.00156056, totNum = 5
ROUND = 3527, SUM = 22584884, bChange = 0.00156055, totNum = 5
ROUND = 3528, SUM = 22584884.0000001, bChange = 0.00156054, totNum = 5
ROUND = 3529, SUM = 22584884, bChange = 0.00156053, totNum = 5
ROUND = 3530, SUM = 22584884, bChange = 0.00156052, totNum = 5
ROUND = 3531, SUM = 22584884.0000002, bChange = 0.0015605, totNum = 5
ROUND = 3532, SUM = 22584884.0000001, bChange = 0.00156049, totNum = 5
ROUND = 3533, SUM = 22584884.0000001, bChange = 0.00156048, totNum = 5
ROUND = 3534, SUM = 22584884.0000001, bChange = 0.00156047, totNum = 5
ROUND = 3535, SUM = 22584884, bChange = 0.00156046, totNum = 5
ROUND = 3536, SUM = 22584884, bChange = 0.00156045, totNum = 5
ROUND = 3537, SUM = 22584884.0000001, bChange = 0.00156044, totNum = 5
ROUND = 3538, SUM = 22584884.0000001, bChange = 0.00156043, totNum = 5
ROUND = 3539, SUM = 22584884.0000001, bChange = 0.00156042, totNum = 5
ROUND = 3540, SUM = 22584884.0000001, bChange = 0.00156041, totNum = 5
ROUND = 3541, SUM = 22584884.0000001, bChange = 0.00156039, totNum = 5
ROUND = 3542, SUM = 22584884, bChange = 0.00156038, totNum = 5
ROUND = 3543, SUM = 22584884, bChange = 0.00156037, totNum = 5
ROUND = 3544, SUM = 22584884, bChange = 0.00156036, totNum = 5
ROUND = 3545, SUM = 22584884, bChange = 0.00156035, totNum = 5
ROUND = 3546, SUM = 22584884.0000001, bChange = 0.00156034, totNum = 5
ROUND = 3547, SUM = 22584884.0000001, bChange = 0.00156033, totNum = 5
ROUND = 3548, SUM = 22584884.0000001, bChange = 0.00156032, totNum = 5
ROUND = 3549, SUM = 22584884.0000001, bChange = 0.00156031, totNum = 5
ROUND = 3550, SUM = 22584884, bChange = 0.0015603, totNum = 5
ROUND = 3551, SUM = 22584884.0000001, bChange = 0.00156029, totNum = 5
ROUND = 3552, SUM = 22584884.0000001, bChange = 0.00156028, totNum = 5
ROUND = 3553, SUM = 22584884, bChange = 0.00156027, totNum = 5
ROUND = 3554, SUM = 22584884, bChange = 0.00156026, totNum = 5
ROUND = 3555, SUM = 22584884.0000001, bChange = 0.00156024, totNum = 5
ROUND = 3556, SUM = 22584884, bChange = 0.00156023, totNum = 5
ROUND = 3557, SUM = 22584884, bChange = 0.00156022, totNum = 5
ROUND = 3558, SUM = 22584884, bChange = 0.00156021, totNum = 5
ROUND = 3559, SUM = 22584884.0000001, bChange = 0.0015602, totNum = 5
ROUND = 3560, SUM = 22584884.0000001, bChange = 0.00156019, totNum = 5
ROUND = 3561, SUM = 22584884.0000001, bChange = 0.00156018, totNum = 5
ROUND = 3562, SUM = 22584884.0000001, bChange = 0.00156017, totNum = 5
ROUND = 3563, SUM = 22584884, bChange = 0.00156016, totNum = 5
ROUND = 3564, SUM = 22584884.0000001, bChange = 0.00156015, totNum = 5
ROUND = 3565, SUM = 22584884, bChange = 0.00156014, totNum = 5
ROUND = 3566, SUM = 22584884.0000001, bChange = 0.00156013, totNum = 5
ROUND = 3567, SUM = 22584884, bChange = 0.00156012, totNum = 5
ROUND = 3568, SUM = 22584884.0000001, bChange = 0.00156011, totNum = 5
ROUND = 3569, SUM = 22584884.0000001, bChange = 0.0015601, totNum = 5
ROUND = 3570, SUM = 22584884.0000001, bChange = 0.00156009, totNum = 5
ROUND = 3571, SUM = 22584884, bChange = 0.00156008, totNum = 5
ROUND = 3572, SUM = 22584884, bChange = 0.00156007, totNum = 5
ROUND = 3573, SUM = 22584884, bChange = 0.00156006, totNum = 5
ROUND = 3574, SUM = 22584884, bChange = 0.00156005, totNum = 5
ROUND = 3575, SUM = 22584884, bChange = 0.00156004, totNum = 5
ROUND = 3576, SUM = 22584884, bChange = 0.00156003, totNum = 5
ROUND = 3577, SUM = 22584884.0000001, bChange = 0.00156001, totNum = 5
ROUND = 3578, SUM = 22584884, bChange = 0.00156, totNum = 5
ROUND = 3579, SUM = 22584884, bChange = 0.00155999, totNum = 5
ROUND = 3580, SUM = 22584884.0000001, bChange = 0.00155998, totNum = 5
ROUND = 3581, SUM = 22584884.0000001, bChange = 0.00155997, totNum = 5
ROUND = 3582, SUM = 22584884.0000001, bChange = 0.00155996, totNum = 5
ROUND = 3583, SUM = 22584884.0000002, bChange = 0.00155995, totNum = 5
ROUND = 3584, SUM = 22584884, bChange = 0.00155994, totNum = 5
ROUND = 3585, SUM = 22584884, bChange = 0.00155993, totNum = 5
ROUND = 3586, SUM = 22584884, bChange = 0.00155992, totNum = 5
ROUND = 3587, SUM = 22584884.0000001, bChange = 0.00155991, totNum = 4
ROUND = 3588, SUM = 22584884.0000001, bChange = 0.0015599, totNum = 4
ROUND = 3589, SUM = 22584884, bChange = 0.00155989, totNum = 4
ROUND = 3590, SUM = 22584884, bChange = 0.00155988, totNum = 4
ROUND = 3591, SUM = 22584884.0000001, bChange = 0.00155987, totNum = 4
ROUND = 3592, SUM = 22584884.0000001, bChange = 0.00155986, totNum = 4
ROUND = 3593, SUM = 22584884.0000001, bChange = 0.00155985, totNum = 4
ROUND = 3594, SUM = 22584884, bChange = 0.00155984, totNum = 4
ROUND = 3595, SUM = 22584884.0000001, bChange = 0.00155983, totNum = 4
ROUND = 3596, SUM = 22584884.0000001, bChange = 0.00155982, totNum = 4
ROUND = 3597, SUM = 22584884.0000001, bChange = 0.00155981, totNum = 4
ROUND = 3598, SUM = 22584884.0000001, bChange = 0.0015598, totNum = 4
ROUND = 3599, SUM = 22584884.0000001, bChange = 0.00155979, totNum = 4
ROUND = 3600, SUM = 22584884.0000001, bChange = 0.00155978, totNum = 4
ROUND = 3601, SUM = 22584884.0000001, bChange = 0.00155977, totNum = 4
ROUND = 3602, SUM = 22584884, bChange = 0.00155976, totNum = 4
ROUND = 3603, SUM = 22584884, bChange = 0.00155975, totNum = 4
ROUND = 3604, SUM = 22584884.0000001, bChange = 0.00155974, totNum = 4
ROUND = 3605, SUM = 22584884, bChange = 0.00155973, totNum = 4
ROUND = 3606, SUM = 22584884, bChange = 0.00155972, totNum = 4
ROUND = 3607, SUM = 22584884.0000001, bChange = 0.00155971, totNum = 4
ROUND = 3608, SUM = 22584884.0000001, bChange = 0.0015597, totNum = 4
ROUND = 3609, SUM = 22584884, bChange = 0.00155969, totNum = 4
ROUND = 3610, SUM = 22584884.0000001, bChange = 0.00155968, totNum = 4
ROUND = 3611, SUM = 22584884, bChange = 0.00155968, totNum = 4
ROUND = 3612, SUM = 22584884, bChange = 0.00155967, totNum = 4
ROUND = 3613, SUM = 22584884.0000001, bChange = 0.00155966, totNum = 4
ROUND = 3614, SUM = 22584884.0000001, bChange = 0.00155965, totNum = 4
ROUND = 3615, SUM = 22584884, bChange = 0.00155964, totNum = 4
ROUND = 3616, SUM = 22584884, bChange = 0.00155963, totNum = 4
ROUND = 3617, SUM = 22584884, bChange = 0.00155962, totNum = 4
ROUND = 3618, SUM = 22584884, bChange = 0.00155961, totNum = 4
ROUND = 3619, SUM = 22584884.0000002, bChange = 0.0015596, totNum = 4
ROUND = 3620, SUM = 22584884, bChange = 0.00155959, totNum = 4
ROUND = 3621, SUM = 22584884, bChange = 0.00155958, totNum = 4
ROUND = 3622, SUM = 22584884, bChange = 0.00155957, totNum = 4
ROUND = 3623, SUM = 22584884, bChange = 0.00155956, totNum = 4
ROUND = 3624, SUM = 22584884.0000001, bChange = 0.00155955, totNum = 4
ROUND = 3625, SUM = 22584884, bChange = 0.00155954, totNum = 4
ROUND = 3626, SUM = 22584884.0000001, bChange = 0.00155953, totNum = 4
ROUND = 3627, SUM = 22584884, bChange = 0.00155952, totNum = 4
ROUND = 3628, SUM = 22584884.0000001, bChange = 0.00155951, totNum = 4
ROUND = 3629, SUM = 22584884.0000001, bChange = 0.0015595, totNum = 4
ROUND = 3630, SUM = 22584884.0000001, bChange = 0.00155949, totNum = 4
ROUND = 3631, SUM = 22584884, bChange = 0.00155948, totNum = 4
ROUND = 3632, SUM = 22584884.0000001, bChange = 0.00155947, totNum = 4
ROUND = 3633, SUM = 22584884, bChange = 0.00155946, totNum = 4
ROUND = 3634, SUM = 22584884.0000001, bChange = 0.00155946, totNum = 4
ROUND = 3635, SUM = 22584884.0000001, bChange = 0.00155945, totNum = 4
ROUND = 3636, SUM = 22584884.0000001, bChange = 0.00155944, totNum = 4
ROUND = 3637, SUM = 22584884.0000001, bChange = 0.00155943, totNum = 4
ROUND = 3638, SUM = 22584884.0000001, bChange = 0.00155942, totNum = 4
ROUND = 3639, SUM = 22584884.0000001, bChange = 0.00155941, totNum = 4
ROUND = 3640, SUM = 22584884.0000001, bChange = 0.0015594, totNum = 4
ROUND = 3641, SUM = 22584884.0000001, bChange = 0.00155939, totNum = 4
ROUND = 3642, SUM = 22584884.0000001, bChange = 0.00155938, totNum = 4
ROUND = 3643, SUM = 22584884.0000001, bChange = 0.00155937, totNum = 4
ROUND = 3644, SUM = 22584884.0000002, bChange = 0.00155936, totNum = 4
ROUND = 3645, SUM = 22584884.0000001, bChange = 0.00155935, totNum = 4
ROUND = 3646, SUM = 22584884.0000001, bChange = 0.00155934, totNum = 4
ROUND = 3647, SUM = 22584884, bChange = 0.00155933, totNum = 4
ROUND = 3648, SUM = 22584884.0000001, bChange = 0.00155933, totNum = 4
ROUND = 3649, SUM = 22584884, bChange = 0.00155932, totNum = 4
ROUND = 3650, SUM = 22584884.0000001, bChange = 0.00155931, totNum = 4
ROUND = 3651, SUM = 22584884.0000001, bChange = 0.0015593, totNum = 4
ROUND = 3652, SUM = 22584884.0000001, bChange = 0.00155929, totNum = 4
ROUND = 3653, SUM = 22584884.0000001, bChange = 0.00155928, totNum = 4
ROUND = 3654, SUM = 22584884.0000001, bChange = 0.00155927, totNum = 4
ROUND = 3655, SUM = 22584884.0000001, bChange = 0.00155926, totNum = 4
ROUND = 3656, SUM = 22584884.0000001, bChange = 0.00155925, totNum = 4
ROUND = 3657, SUM = 22584884.0000001, bChange = 0.00155924, totNum = 4
ROUND = 3658, SUM = 22584884, bChange = 0.00155923, totNum = 4
ROUND = 3659, SUM = 22584884.0000001, bChange = 0.00155923, totNum = 4
ROUND = 3660, SUM = 22584884, bChange = 0.00155922, totNum = 4
ROUND = 3661, SUM = 22584884.0000001, bChange = 0.00155921, totNum = 4
ROUND = 3662, SUM = 22584884, bChange = 0.0015592, totNum = 4
ROUND = 3663, SUM = 22584884.0000001, bChange = 0.00155919, totNum = 4
ROUND = 3664, SUM = 22584884.0000001, bChange = 0.00155918, totNum = 4
ROUND = 3665, SUM = 22584884.0000002, bChange = 0.00155917, totNum = 4
ROUND = 3666, SUM = 22584884.0000001, bChange = 0.00155916, totNum = 4
ROUND = 3667, SUM = 22584884.0000001, bChange = 0.00155915, totNum = 4
ROUND = 3668, SUM = 22584884.0000001, bChange = 0.00155914, totNum = 4
ROUND = 3669, SUM = 22584884, bChange = 0.00155914, totNum = 4
ROUND = 3670, SUM = 22584884.0000001, bChange = 0.00155913, totNum = 4
ROUND = 3671, SUM = 22584884.0000001, bChange = 0.00155912, totNum = 4
ROUND = 3672, SUM = 22584884.0000001, bChange = 0.00155911, totNum = 4
ROUND = 3673, SUM = 22584884.0000002, bChange = 0.0015591, totNum = 4
ROUND = 3674, SUM = 22584884.0000001, bChange = 0.00155909, totNum = 4
ROUND = 3675, SUM = 22584884.0000001, bChange = 0.00155908, totNum = 4
ROUND = 3676, SUM = 22584884.0000001, bChange = 0.00155907, totNum = 4
ROUND = 3677, SUM = 22584884.0000001, bChange = 0.00155907, totNum = 4
ROUND = 3678, SUM = 22584884.0000001, bChange = 0.00155906, totNum = 4
ROUND = 3679, SUM = 22584884, bChange = 0.00155905, totNum = 4
ROUND = 3680, SUM = 22584884.0000001, bChange = 0.00155904, totNum = 4
ROUND = 3681, SUM = 22584884.0000001, bChange = 0.00155903, totNum = 4
ROUND = 3682, SUM = 22584884.0000001, bChange = 0.00155902, totNum = 4
ROUND = 3683, SUM = 22584884, bChange = 0.00155901, totNum = 4
ROUND = 3684, SUM = 22584884.0000001, bChange = 0.001559, totNum = 4
ROUND = 3685, SUM = 22584884, bChange = 0.001559, totNum = 4
ROUND = 3686, SUM = 22584884, bChange = 0.00155899, totNum = 4
ROUND = 3687, SUM = 22584884, bChange = 0.00155898, totNum = 4
ROUND = 3688, SUM = 22584884, bChange = 0.00155897, totNum = 4
ROUND = 3689, SUM = 22584884.0000001, bChange = 0.00155896, totNum = 3
ROUND = 3690, SUM = 22584884, bChange = 0.00155895, totNum = 3
ROUND = 3691, SUM = 22584884, bChange = 0.00155894, totNum = 3
ROUND = 3692, SUM = 22584884.0000001, bChange = 0.00155894, totNum = 3
ROUND = 3693, SUM = 22584884.0000001, bChange = 0.00155893, totNum = 3
ROUND = 3694, SUM = 22584884.0000001, bChange = 0.00155892, totNum = 3
ROUND = 3695, SUM = 22584884.0000001, bChange = 0.00155891, totNum = 3
ROUND = 3696, SUM = 22584884.0000001, bChange = 0.0015589, totNum = 3
ROUND = 3697, SUM = 22584884, bChange = 0.00155889, totNum = 3
ROUND = 3698, SUM = 22584884.0000001, bChange = 0.00155888, totNum = 3
ROUND = 3699, SUM = 22584884.0000001, bChange = 0.00155888, totNum = 3
ROUND = 3700, SUM = 22584884.0000001, bChange = 0.00155887, totNum = 3
ROUND = 3701, SUM = 22584884.0000001, bChange = 0.00155886, totNum = 3
ROUND = 3702, SUM = 22584884.0000002, bChange = 0.00155885, totNum = 3
ROUND = 3703, SUM = 22584884.0000001, bChange = 0.00155884, totNum = 3
ROUND = 3704, SUM = 22584884.0000001, bChange = 0.00155883, totNum = 3
ROUND = 3705, SUM = 22584884, bChange = 0.00155882, totNum = 3
ROUND = 3706, SUM = 22584884.0000001, bChange = 0.00155882, totNum = 3
ROUND = 3707, SUM = 22584884.0000001, bChange = 0.00155881, totNum = 3
ROUND = 3708, SUM = 22584884.0000001, bChange = 0.0015588, totNum = 3
ROUND = 3709, SUM = 22584884.0000001, bChange = 0.00155879, totNum = 3
ROUND = 3710, SUM = 22584884.0000001, bChange = 0.00155878, totNum = 3
ROUND = 3711, SUM = 22584884.0000001, bChange = 0.00155877, totNum = 3
ROUND = 3712, SUM = 22584884.0000001, bChange = 0.00155877, totNum = 3
ROUND = 3713, SUM = 22584884.0000001, bChange = 0.00155876, totNum = 3
ROUND = 3714, SUM = 22584884.0000001, bChange = 0.00155875, totNum = 3
ROUND = 3715, SUM = 22584884.0000001, bChange = 0.00155874, totNum = 3
ROUND = 3716, SUM = 22584884.0000001, bChange = 0.00155873, totNum = 3
ROUND = 3717, SUM = 22584884, bChange = 0.00155872, totNum = 3
ROUND = 3718, SUM = 22584884.0000001, bChange = 0.00155872, totNum = 3
ROUND = 3719, SUM = 22584884, bChange = 0.00155871, totNum = 3
ROUND = 3720, SUM = 22584884, bChange = 0.0015587, totNum = 3
ROUND = 3721, SUM = 22584884.0000001, bChange = 0.00155869, totNum = 3
ROUND = 3722, SUM = 22584884.0000001, bChange = 0.00155868, totNum = 3
ROUND = 3723, SUM = 22584884.0000001, bChange = 0.00155868, totNum = 3
ROUND = 3724, SUM = 22584884.0000001, bChange = 0.00155867, totNum = 3
ROUND = 3725, SUM = 22584884.0000001, bChange = 0.00155866, totNum = 3
ROUND = 3726, SUM = 22584884.0000001, bChange = 0.00155865, totNum = 3
ROUND = 3727, SUM = 22584884.0000001, bChange = 0.00155864, totNum = 3
ROUND = 3728, SUM = 22584884.0000001, bChange = 0.00155864, totNum = 3
ROUND = 3729, SUM = 22584884.0000001, bChange = 0.00155863, totNum = 3
ROUND = 3730, SUM = 22584884, bChange = 0.00155862, totNum = 3
ROUND = 3731, SUM = 22584884.0000001, bChange = 0.00155861, totNum = 3
ROUND = 3732, SUM = 22584884.0000001, bChange = 0.0015586, totNum = 3
ROUND = 3733, SUM = 22584884.0000001, bChange = 0.00155859, totNum = 3
ROUND = 3734, SUM = 22584884.0000001, bChange = 0.00155859, totNum = 3
ROUND = 3735, SUM = 22584884, bChange = 0.00155858, totNum = 3
ROUND = 3736, SUM = 22584884.0000001, bChange = 0.00155857, totNum = 3
ROUND = 3737, SUM = 22584884.0000001, bChange = 0.00155856, totNum = 3
ROUND = 3738, SUM = 22584884.0000001, bChange = 0.00155855, totNum = 3
ROUND = 3739, SUM = 22584884, bChange = 0.00155855, totNum = 3
ROUND = 3740, SUM = 22584884, bChange = 0.00155854, totNum = 3
ROUND = 3741, SUM = 22584884.0000001, bChange = 0.00155853, totNum = 3
ROUND = 3742, SUM = 22584884, bChange = 0.00155852, totNum = 3
ROUND = 3743, SUM = 22584884.0000001, bChange = 0.00155851, totNum = 3
ROUND = 3744, SUM = 22584884, bChange = 0.00155851, totNum = 3
ROUND = 3745, SUM = 22584884.0000001, bChange = 0.0015585, totNum = 3
ROUND = 3746, SUM = 22584884.0000002, bChange = 0.00155849, totNum = 3
ROUND = 3747, SUM = 22584884.0000001, bChange = 0.00155848, totNum = 3
ROUND = 3748, SUM = 22584884, bChange = 0.00155848, totNum = 3
ROUND = 3749, SUM = 22584884.0000001, bChange = 0.00155847, totNum = 3
ROUND = 3750, SUM = 22584884.0000001, bChange = 0.00155846, totNum = 3
ROUND = 3751, SUM = 22584884.0000001, bChange = 0.00155845, totNum = 3
ROUND = 3752, SUM = 22584884, bChange = 0.00155844, totNum = 3
ROUND = 3753, SUM = 22584884, bChange = 0.00155844, totNum = 3
ROUND = 3754, SUM = 22584884.0000001, bChange = 0.00155843, totNum = 3
ROUND = 3755, SUM = 22584884.0000002, bChange = 0.00155842, totNum = 3
ROUND = 3756, SUM = 22584884.0000001, bChange = 0.00155841, totNum = 3
ROUND = 3757, SUM = 22584884.0000001, bChange = 0.00155841, totNum = 3
ROUND = 3758, SUM = 22584884, bChange = 0.0015584, totNum = 3
ROUND = 3759, SUM = 22584884.0000001, bChange = 0.00155839, totNum = 3
ROUND = 3760, SUM = 22584884.0000001, bChange = 0.00155838, totNum = 3
ROUND = 3761, SUM = 22584884.0000001, bChange = 0.00155837, totNum = 3
ROUND = 3762, SUM = 22584884.0000001, bChange = 0.00155837, totNum = 3
ROUND = 3763, SUM = 22584884.0000001, bChange = 0.00155836, totNum = 3
ROUND = 3764, SUM = 22584884.0000001, bChange = 0.00155835, totNum = 3
ROUND = 3765, SUM = 22584884, bChange = 0.00155834, totNum = 3
ROUND = 3766, SUM = 22584884.0000001, bChange = 0.00155834, totNum = 3
ROUND = 3767, SUM = 22584884, bChange = 0.00155833, totNum = 3
ROUND = 3768, SUM = 22584884.0000001, bChange = 0.00155832, totNum = 3
ROUND = 3769, SUM = 22584884, bChange = 0.00155831, totNum = 3
ROUND = 3770, SUM = 22584884, bChange = 0.00155831, totNum = 3
ROUND = 3771, SUM = 22584884.0000001, bChange = 0.0015583, totNum = 3
ROUND = 3772, SUM = 22584884, bChange = 0.00155829, totNum = 3
ROUND = 3773, SUM = 22584884.0000001, bChange = 0.00155828, totNum = 3
ROUND = 3774, SUM = 22584884.0000001, bChange = 0.00155828, totNum = 3
ROUND = 3775, SUM = 22584884.0000001, bChange = 0.00155827, totNum = 3
ROUND = 3776, SUM = 22584884, bChange = 0.00155826, totNum = 3
ROUND = 3777, SUM = 22584884, bChange = 0.00155825, totNum = 3
ROUND = 3778, SUM = 22584884.0000001, bChange = 0.00155825, totNum = 3
ROUND = 3779, SUM = 22584884, bChange = 0.00155824, totNum = 3
ROUND = 3780, SUM = 22584884, bChange = 0.00155823, totNum = 3
ROUND = 3781, SUM = 22584884, bChange = 0.00155822, totNum = 3
ROUND = 3782, SUM = 22584884, bChange = 0.00155822, totNum = 3
ROUND = 3783, SUM = 22584884, bChange = 0.00155821, totNum = 3
ROUND = 3784, SUM = 22584884, bChange = 0.0015582, totNum = 3
ROUND = 3785, SUM = 22584884, bChange = 0.00155819, totNum = 3
ROUND = 3786, SUM = 22584884.0000001, bChange = 0.00155819, totNum = 3
ROUND = 3787, SUM = 22584884, bChange = 0.00155818, totNum = 3
ROUND = 3788, SUM = 22584884.0000001, bChange = 0.00155817, totNum = 3
ROUND = 3789, SUM = 22584884.0000001, bChange = 0.00155816, totNum = 3
ROUND = 3790, SUM = 22584884.0000001, bChange = 0.00155816, totNum = 3
ROUND = 3791, SUM = 22584884.0000001, bChange = 0.00155815, totNum = 3
ROUND = 3792, SUM = 22584884, bChange = 0.00155814, totNum = 3
ROUND = 3793, SUM = 22584884.0000001, bChange = 0.00155813, totNum = 3
ROUND = 3794, SUM = 22584884, bChange = 0.00155813, totNum = 3
ROUND = 3795, SUM = 22584884.0000001, bChange = 0.00155812, totNum = 3
ROUND = 3796, SUM = 22584884, bChange = 0.00155811, totNum = 3
ROUND = 3797, SUM = 22584884.0000001, bChange = 0.00155811, totNum = 3
ROUND = 3798, SUM = 22584884.0000001, bChange = 0.0015581, totNum = 3
ROUND = 3799, SUM = 22584884.0000001, bChange = 0.00155809, totNum = 3
ROUND = 3800, SUM = 22584884, bChange = 0.00155808, totNum = 3
ROUND = 3801, SUM = 22584884.0000001, bChange = 0.00155808, totNum = 3
ROUND = 3802, SUM = 22584884, bChange = 0.00155807, totNum = 3
ROUND = 3803, SUM = 22584884.0000001, bChange = 0.00155806, totNum = 3
ROUND = 3804, SUM = 22584884.0000001, bChange = 0.00155805, totNum = 3
ROUND = 3805, SUM = 22584884, bChange = 0.00155805, totNum = 3
ROUND = 3806, SUM = 22584884.0000001, bChange = 0.00155804, totNum = 3
ROUND = 3807, SUM = 22584884, bChange = 0.00155803, totNum = 3
ROUND = 3808, SUM = 22584884.0000001, bChange = 0.00155803, totNum = 3
ROUND = 3809, SUM = 22584884.0000001, bChange = 0.00155802, totNum = 3
ROUND = 3810, SUM = 22584884.0000001, bChange = 0.00155801, totNum = 3
ROUND = 3811, SUM = 22584884.0000001, bChange = 0.001558, totNum = 3
ROUND = 3812, SUM = 22584884.0000001, bChange = 0.001558, totNum = 3
ROUND = 3813, SUM = 22584884.0000001, bChange = 0.00155799, totNum = 3
ROUND = 3814, SUM = 22584884.0000001, bChange = 0.00155798, totNum = 3
ROUND = 3815, SUM = 22584884.0000001, bChange = 0.00155798, totNum = 3
ROUND = 3816, SUM = 22584884.0000001, bChange = 0.00155797, totNum = 3
ROUND = 3817, SUM = 22584884, bChange = 0.00155796, totNum = 3
ROUND = 3818, SUM = 22584884.0000001, bChange = 0.00155795, totNum = 3
ROUND = 3819, SUM = 22584884, bChange = 0.00155795, totNum = 3
ROUND = 3820, SUM = 22584884.0000001, bChange = 0.00155794, totNum = 3
ROUND = 3821, SUM = 22584884.0000001, bChange = 0.00155793, totNum = 3
ROUND = 3822, SUM = 22584884.0000001, bChange = 0.00155793, totNum = 3
ROUND = 3823, SUM = 22584884.0000001, bChange = 0.00155792, totNum = 3
ROUND = 3824, SUM = 22584884.0000001, bChange = 0.00155791, totNum = 3
ROUND = 3825, SUM = 22584884.0000002, bChange = 0.00155791, totNum = 3
ROUND = 3826, SUM = 22584884.0000001, bChange = 0.0015579, totNum = 3
ROUND = 3827, SUM = 22584884.0000001, bChange = 0.00155789, totNum = 3
ROUND = 3828, SUM = 22584884.0000002, bChange = 0.00155789, totNum = 3
ROUND = 3829, SUM = 22584884.0000002, bChange = 0.00155788, totNum = 3
ROUND = 3830, SUM = 22584884, bChange = 0.00155787, totNum = 3
ROUND = 3831, SUM = 22584884.0000001, bChange = 0.00155786, totNum = 3
ROUND = 3832, SUM = 22584884.0000002, bChange = 0.00155786, totNum = 3
ROUND = 3833, SUM = 22584884.0000001, bChange = 0.00155785, totNum = 3
ROUND = 3834, SUM = 22584884.0000001, bChange = 0.00155784, totNum = 3
ROUND = 3835, SUM = 22584884.0000001, bChange = 0.00155784, totNum = 3
ROUND = 3836, SUM = 22584884.0000001, bChange = 0.00155783, totNum = 3
ROUND = 3837, SUM = 22584884.0000001, bChange = 0.00155782, totNum = 3
ROUND = 3838, SUM = 22584884.0000001, bChange = 0.00155782, totNum = 3
ROUND = 3839, SUM = 22584884.0000001, bChange = 0.00155781, totNum = 3
ROUND = 3840, SUM = 22584884.0000001, bChange = 0.0015578, totNum = 3
ROUND = 3841, SUM = 22584884.0000001, bChange = 0.0015578, totNum = 3
ROUND = 3842, SUM = 22584884.0000001, bChange = 0.00155779, totNum = 3
ROUND = 3843, SUM = 22584884, bChange = 0.00155778, totNum = 3
ROUND = 3844, SUM = 22584884, bChange = 0.00155778, totNum = 3
ROUND = 3845, SUM = 22584884.0000001, bChange = 0.00155777, totNum = 3
ROUND = 3846, SUM = 22584884, bChange = 0.00155776, totNum = 3
ROUND = 3847, SUM = 22584884, bChange = 0.00155776, totNum = 3
ROUND = 3848, SUM = 22584884.0000001, bChange = 0.00155775, totNum = 3
ROUND = 3849, SUM = 22584884, bChange = 0.00155774, totNum = 3
ROUND = 3850, SUM = 22584884.0000001, bChange = 0.00155774, totNum = 3
ROUND = 3851, SUM = 22584884, bChange = 0.00155773, totNum = 3
ROUND = 3852, SUM = 22584884, bChange = 0.00155772, totNum = 3
ROUND = 3853, SUM = 22584884, bChange = 0.00155772, totNum = 3
ROUND = 3854, SUM = 22584884, bChange = 0.00155771, totNum = 3
ROUND = 3855, SUM = 22584884.0000001, bChange = 0.0015577, totNum = 3
ROUND = 3856, SUM = 22584884, bChange = 0.0015577, totNum = 3
ROUND = 3857, SUM = 22584884, bChange = 0.00155769, totNum = 3
ROUND = 3858, SUM = 22584884, bChange = 0.00155768, totNum = 3
ROUND = 3859, SUM = 22584884, bChange = 0.00155768, totNum = 3
ROUND = 3860, SUM = 22584884.0000001, bChange = 0.00155767, totNum = 3
ROUND = 3861, SUM = 22584884.0000001, bChange = 0.00155766, totNum = 3
ROUND = 3862, SUM = 22584884.0000001, bChange = 0.00155766, totNum = 3
ROUND = 3863, SUM = 22584884, bChange = 0.00155765, totNum = 3
ROUND = 3864, SUM = 22584884.0000001, bChange = 0.00155764, totNum = 3
ROUND = 3865, SUM = 22584884, bChange = 0.00155764, totNum = 3
ROUND = 3866, SUM = 22584884.0000001, bChange = 0.00155763, totNum = 3
ROUND = 3867, SUM = 22584884.0000001, bChange = 0.00155762, totNum = 3
ROUND = 3868, SUM = 22584884.0000001, bChange = 0.00155762, totNum = 3
ROUND = 3869, SUM = 22584884.0000001, bChange = 0.00155761, totNum = 3
ROUND = 3870, SUM = 22584884, bChange = 0.0015576, totNum = 3
ROUND = 3871, SUM = 22584884.0000001, bChange = 0.0015576, totNum = 3
ROUND = 3872, SUM = 22584884.0000001, bChange = 0.00155759, totNum = 3
ROUND = 3873, SUM = 22584884, bChange = 0.00155758, totNum = 3
ROUND = 3874, SUM = 22584884, bChange = 0.00155758, totNum = 3
ROUND = 3875, SUM = 22584884.0000001, bChange = 0.00155757, totNum = 3
ROUND = 3876, SUM = 22584884.0000001, bChange = 0.00155756, totNum = 3
ROUND = 3877, SUM = 22584884.0000001, bChange = 0.00155756, totNum = 3
ROUND = 3878, SUM = 22584884.0000001, bChange = 0.00155755, totNum = 3
ROUND = 3879, SUM = 22584884.0000002, bChange = 0.00155755, totNum = 3
ROUND = 3880, SUM = 22584884.0000001, bChange = 0.00155754, totNum = 3
ROUND = 3881, SUM = 22584884.0000001, bChange = 0.00155753, totNum = 3
ROUND = 3882, SUM = 22584884.0000001, bChange = 0.00155753, totNum = 3
ROUND = 3883, SUM = 22584884.0000001, bChange = 0.00155752, totNum = 3
ROUND = 3884, SUM = 22584884, bChange = 0.00155751, totNum = 3
ROUND = 3885, SUM = 22584884.0000001, bChange = 0.00155751, totNum = 3
ROUND = 3886, SUM = 22584884.0000001, bChange = 0.0015575, totNum = 3
ROUND = 3887, SUM = 22584884.0000001, bChange = 0.00155749, totNum = 3
ROUND = 3888, SUM = 22584884, bChange = 0.00155749, totNum = 3
ROUND = 3889, SUM = 22584884, bChange = 0.00155748, totNum = 3
ROUND = 3890, SUM = 22584884, bChange = 0.00155748, totNum = 3
ROUND = 3891, SUM = 22584884, bChange = 0.00155747, totNum = 3
ROUND = 3892, SUM = 22584884, bChange = 0.00155746, totNum = 3
ROUND = 3893, SUM = 22584884, bChange = 0.00155746, totNum = 3
ROUND = 3894, SUM = 22584884.0000001, bChange = 0.00155745, totNum = 3
ROUND = 3895, SUM = 22584884.0000001, bChange = 0.00155744, totNum = 3
ROUND = 3896, SUM = 22584884.0000001, bChange = 0.00155744, totNum = 3
ROUND = 3897, SUM = 22584884.0000001, bChange = 0.00155743, totNum = 3
ROUND = 3898, SUM = 22584884, bChange = 0.00155743, totNum = 3
ROUND = 3899, SUM = 22584884, bChange = 0.00155742, totNum = 3
ROUND = 3900, SUM = 22584884, bChange = 0.00155741, totNum = 3
ROUND = 3901, SUM = 22584884, bChange = 0.00155741, totNum = 3
ROUND = 3902, SUM = 22584884.0000001, bChange = 0.0015574, totNum = 3
ROUND = 3903, SUM = 22584884, bChange = 0.00155739, totNum = 3
ROUND = 3904, SUM = 22584884.0000001, bChange = 0.00155739, totNum = 3
ROUND = 3905, SUM = 22584884, bChange = 0.00155738, totNum = 3
ROUND = 3906, SUM = 22584884.0000001, bChange = 0.00155738, totNum = 3
ROUND = 3907, SUM = 22584884.0000001, bChange = 0.00155737, totNum = 3
ROUND = 3908, SUM = 22584884.0000001, bChange = 0.00155736, totNum = 3
ROUND = 3909, SUM = 22584884, bChange = 0.00155736, totNum = 3
ROUND = 3910, SUM = 22584884.0000001, bChange = 0.00155735, totNum = 3
ROUND = 3911, SUM = 22584884.0000001, bChange = 0.00155735, totNum = 3
ROUND = 3912, SUM = 22584884, bChange = 0.00155734, totNum = 3
ROUND = 3913, SUM = 22584884.0000001, bChange = 0.00155733, totNum = 3
ROUND = 3914, SUM = 22584884.0000001, bChange = 0.00155733, totNum = 3
ROUND = 3915, SUM = 22584884, bChange = 0.00155732, totNum = 3
ROUND = 3916, SUM = 22584884.0000001, bChange = 0.00155732, totNum = 3
ROUND = 3917, SUM = 22584884.0000001, bChange = 0.00155731, totNum = 3
ROUND = 3918, SUM = 22584884, bChange = 0.0015573, totNum = 3
ROUND = 3919, SUM = 22584884.0000001, bChange = 0.0015573, totNum = 3
ROUND = 3920, SUM = 22584884.0000001, bChange = 0.00155729, totNum = 3
ROUND = 3921, SUM = 22584884.0000001, bChange = 0.00155729, totNum = 3
ROUND = 3922, SUM = 22584884.0000001, bChange = 0.00155728, totNum = 3
ROUND = 3923, SUM = 22584884, bChange = 0.00155727, totNum = 3
ROUND = 3924, SUM = 22584884, bChange = 0.00155727, totNum = 3
ROUND = 3925, SUM = 22584884.0000002, bChange = 0.00155726, totNum = 3
ROUND = 3926, SUM = 22584884, bChange = 0.00155726, totNum = 3
ROUND = 3927, SUM = 22584884.0000001, bChange = 0.00155725, totNum = 3
ROUND = 3928, SUM = 22584884.0000001, bChange = 0.00155724, totNum = 3
ROUND = 3929, SUM = 22584884, bChange = 0.00155724, totNum = 3
ROUND = 3930, SUM = 22584884, bChange = 0.00155723, totNum = 3
ROUND = 3931, SUM = 22584884, bChange = 0.00155723, totNum = 3
ROUND = 3932, SUM = 22584884.0000001, bChange = 0.00155722, totNum = 3
ROUND = 3933, SUM = 22584884.0000001, bChange = 0.00155721, totNum = 3
ROUND = 3934, SUM = 22584884.0000002, bChange = 0.00155721, totNum = 3
ROUND = 3935, SUM = 22584884.0000001, bChange = 0.0015572, totNum = 3
ROUND = 3936, SUM = 22584884, bChange = 0.0015572, totNum = 3
ROUND = 3937, SUM = 22584884, bChange = 0.00155719, totNum = 3
ROUND = 3938, SUM = 22584884.0000001, bChange = 0.00155718, totNum = 3
ROUND = 3939, SUM = 22584884.0000001, bChange = 0.00155718, totNum = 3
ROUND = 3940, SUM = 22584884.0000001, bChange = 0.00155717, totNum = 3
ROUND = 3941, SUM = 22584884, bChange = 0.00155717, totNum = 3
ROUND = 3942, SUM = 22584884.0000001, bChange = 0.00155716, totNum = 3
ROUND = 3943, SUM = 22584884.0000001, bChange = 0.00155716, totNum = 3
ROUND = 3944, SUM = 22584884.0000001, bChange = 0.00155715, totNum = 3
ROUND = 3945, SUM = 22584884, bChange = 0.00155714, totNum = 3
ROUND = 3946, SUM = 22584884.0000001, bChange = 0.00155714, totNum = 3
ROUND = 3947, SUM = 22584884.0000001, bChange = 0.00155713, totNum = 3
ROUND = 3948, SUM = 22584884.0000001, bChange = 0.00155713, totNum = 3
ROUND = 3949, SUM = 22584884.0000001, bChange = 0.00155712, totNum = 3
ROUND = 3950, SUM = 22584884, bChange = 0.00155712, totNum = 3
ROUND = 3951, SUM = 22584884.0000001, bChange = 0.00155711, totNum = 3
ROUND = 3952, SUM = 22584884.0000002, bChange = 0.0015571, totNum = 3
ROUND = 3953, SUM = 22584884.0000001, bChange = 0.0015571, totNum = 3
ROUND = 3954, SUM = 22584884.0000001, bChange = 0.00155709, totNum = 3
ROUND = 3955, SUM = 22584884.0000001, bChange = 0.00155709, totNum = 3
ROUND = 3956, SUM = 22584884, bChange = 0.00155708, totNum = 3
ROUND = 3957, SUM = 22584884.0000001, bChange = 0.00155708, totNum = 3
ROUND = 3958, SUM = 22584884.0000001, bChange = 0.00155707, totNum = 3
ROUND = 3959, SUM = 22584884.0000001, bChange = 0.00155706, totNum = 3
ROUND = 3960, SUM = 22584884.0000001, bChange = 0.00155706, totNum = 3
ROUND = 3961, SUM = 22584884.0000001, bChange = 0.00155705, totNum = 3
ROUND = 3962, SUM = 22584884, bChange = 0.00155705, totNum = 3
ROUND = 3963, SUM = 22584884.0000001, bChange = 0.00155704, totNum = 3
ROUND = 3964, SUM = 22584884.0000001, bChange = 0.00155704, totNum = 3
ROUND = 3965, SUM = 22584884.0000001, bChange = 0.00155703, totNum = 3
ROUND = 3966, SUM = 22584884, bChange = 0.00155703, totNum = 3
ROUND = 3967, SUM = 22584884, bChange = 0.00155702, totNum = 3
ROUND = 3968, SUM = 22584884.0000001, bChange = 0.00155701, totNum = 3
ROUND = 3969, SUM = 22584884.0000001, bChange = 0.00155701, totNum = 3
ROUND = 3970, SUM = 22584884.0000001, bChange = 0.001557, totNum = 3
ROUND = 3971, SUM = 22584884, bChange = 0.001557, totNum = 3
ROUND = 3972, SUM = 22584884.0000001, bChange = 0.00155699, totNum = 3
ROUND = 3973, SUM = 22584884.0000001, bChange = 0.00155699, totNum = 3
ROUND = 3974, SUM = 22584884, bChange = 0.00155698, totNum = 3
ROUND = 3975, SUM = 22584884.0000001, bChange = 0.00155698, totNum = 3
ROUND = 3976, SUM = 22584884, bChange = 0.00155697, totNum = 3
ROUND = 3977, SUM = 22584884, bChange = 0.00155696, totNum = 3
ROUND = 3978, SUM = 22584884, bChange = 0.00155696, totNum = 3
ROUND = 3979, SUM = 22584884.0000001, bChange = 0.00155695, totNum = 3
ROUND = 3980, SUM = 22584884, bChange = 0.00155695, totNum = 3
ROUND = 3981, SUM = 22584884.0000001, bChange = 0.00155694, totNum = 3
ROUND = 3982, SUM = 22584884.0000001, bChange = 0.00155694, totNum = 3
ROUND = 3983, SUM = 22584884.0000001, bChange = 0.00155693, totNum = 3
ROUND = 3984, SUM = 22584884, bChange = 0.00155693, totNum = 3
ROUND = 3985, SUM = 22584884.0000001, bChange = 0.00155692, totNum = 3
ROUND = 3986, SUM = 22584884, bChange = 0.00155692, totNum = 3
ROUND = 3987, SUM = 22584884, bChange = 0.00155691, totNum = 3
ROUND = 3988, SUM = 22584884.0000001, bChange = 0.0015569, totNum = 3
ROUND = 3989, SUM = 22584884, bChange = 0.0015569, totNum = 3
ROUND = 3990, SUM = 22584884, bChange = 0.00155689, totNum = 3
ROUND = 3991, SUM = 22584884.0000001, bChange = 0.00155689, totNum = 3
ROUND = 3992, SUM = 22584884.0000001, bChange = 0.00155688, totNum = 3
ROUND = 3993, SUM = 22584884.0000001, bChange = 0.00155688, totNum = 3
ROUND = 3994, SUM = 22584884.0000001, bChange = 0.00155687, totNum = 3
ROUND = 3995, SUM = 22584884, bChange = 0.00155687, totNum = 3
ROUND = 3996, SUM = 22584884.0000001, bChange = 0.00155686, totNum = 3
ROUND = 3997, SUM = 22584884.0000001, bChange = 0.00155686, totNum = 3
ROUND = 3998, SUM = 22584884, bChange = 0.00155685, totNum = 3
ROUND = 3999, SUM = 22584884.0000001, bChange = 0.00155685, totNum = 3
ROUND = 4000, SUM = 22584884, bChange = 0.00155684, totNum = 3
ROUND = 4001, SUM = 22584884.0000001, bChange = 0.00155683, totNum = 3
ROUND = 4002, SUM = 22584884, bChange = 0.00155683, totNum = 3
ROUND = 4003, SUM = 22584884.0000001, bChange = 0.00155682, totNum = 3
ROUND = 4004, SUM = 22584884, bChange = 0.00155682, totNum = 3
ROUND = 4005, SUM = 22584884.0000001, bChange = 0.00155681, totNum = 3
ROUND = 4006, SUM = 22584884, bChange = 0.00155681, totNum = 3
ROUND = 4007, SUM = 22584884.0000001, bChange = 0.0015568, totNum = 3
ROUND = 4008, SUM = 22584884.0000002, bChange = 0.0015568, totNum = 3
ROUND = 4009, SUM = 22584884, bChange = 0.00155679, totNum = 3
ROUND = 4010, SUM = 22584884.0000001, bChange = 0.00155679, totNum = 3
ROUND = 4011, SUM = 22584884, bChange = 0.00155678, totNum = 3
ROUND = 4012, SUM = 22584884.0000001, bChange = 0.00155678, totNum = 3
ROUND = 4013, SUM = 22584884.0000001, bChange = 0.00155677, totNum = 3
ROUND = 4014, SUM = 22584884.0000001, bChange = 0.00155677, totNum = 3
ROUND = 4015, SUM = 22584884.0000001, bChange = 0.00155676, totNum = 3
ROUND = 4016, SUM = 22584884.0000001, bChange = 0.00155676, totNum = 3
ROUND = 4017, SUM = 22584884, bChange = 0.00155675, totNum = 3
ROUND = 4018, SUM = 22584884.0000001, bChange = 0.00155675, totNum = 3
ROUND = 4019, SUM = 22584884.0000001, bChange = 0.00155674, totNum = 3
ROUND = 4020, SUM = 22584884.0000001, bChange = 0.00155674, totNum = 3
ROUND = 4021, SUM = 22584884, bChange = 0.00155673, totNum = 3
ROUND = 4022, SUM = 22584884, bChange = 0.00155673, totNum = 3
ROUND = 4023, SUM = 22584884.0000001, bChange = 0.00155672, totNum = 3
ROUND = 4024, SUM = 22584884, bChange = 0.00155672, totNum = 3
ROUND = 4025, SUM = 22584884, bChange = 0.00155671, totNum = 3
ROUND = 4026, SUM = 22584884.0000001, bChange = 0.00155671, totNum = 3
ROUND = 4027, SUM = 22584884.0000001, bChange = 0.0015567, totNum = 3
ROUND = 4028, SUM = 22584884.0000001, bChange = 0.00155669, totNum = 3
ROUND = 4029, SUM = 22584884, bChange = 0.00155669, totNum = 3
ROUND = 4030, SUM = 22584884, bChange = 0.00155668, totNum = 3
ROUND = 4031, SUM = 22584884.0000001, bChange = 0.00155668, totNum = 3
ROUND = 4032, SUM = 22584884.0000001, bChange = 0.00155667, totNum = 3
ROUND = 4033, SUM = 22584884.0000001, bChange = 0.00155667, totNum = 3
ROUND = 4034, SUM = 22584884, bChange = 0.00155666, totNum = 3
ROUND = 4035, SUM = 22584884, bChange = 0.00155666, totNum = 3
ROUND = 4036, SUM = 22584884, bChange = 0.00155665, totNum = 3
ROUND = 4037, SUM = 22584884, bChange = 0.00155665, totNum = 3
ROUND = 4038, SUM = 22584884.0000001, bChange = 0.00155664, totNum = 3
ROUND = 4039, SUM = 22584884.0000001, bChange = 0.00155664, totNum = 3
ROUND = 4040, SUM = 22584884.0000001, bChange = 0.00155663, totNum = 3
ROUND = 4041, SUM = 22584884.0000001, bChange = 0.00155663, totNum = 3
ROUND = 4042, SUM = 22584884.0000001, bChange = 0.00155662, totNum = 3
ROUND = 4043, SUM = 22584884.0000001, bChange = 0.00155662, totNum = 3
ROUND = 4044, SUM = 22584884.0000001, bChange = 0.00155661, totNum = 3
ROUND = 4045, SUM = 22584884.0000001, bChange = 0.00155661, totNum = 3
ROUND = 4046, SUM = 22584884.0000001, bChange = 0.0015566, totNum = 3
ROUND = 4047, SUM = 22584884.0000001, bChange = 0.0015566, totNum = 3
ROUND = 4048, SUM = 22584884, bChange = 0.0015566, totNum = 3
ROUND = 4049, SUM = 22584884.0000001, bChange = 0.00155659, totNum = 3
ROUND = 4050, SUM = 22584884.0000001, bChange = 0.00155659, totNum = 3
ROUND = 4051, SUM = 22584884.0000001, bChange = 0.00155658, totNum = 3
ROUND = 4052, SUM = 22584884.0000001, bChange = 0.00155658, totNum = 3
ROUND = 4053, SUM = 22584884.0000001, bChange = 0.00155657, totNum = 3
ROUND = 4054, SUM = 22584884, bChange = 0.00155657, totNum = 3
ROUND = 4055, SUM = 22584884.0000001, bChange = 0.00155656, totNum = 3
ROUND = 4056, SUM = 22584884.0000001, bChange = 0.00155656, totNum = 3
ROUND = 4057, SUM = 22584884.0000001, bChange = 0.00155655, totNum = 3
ROUND = 4058, SUM = 22584884.0000001, bChange = 0.00155655, totNum = 3
ROUND = 4059, SUM = 22584884.0000001, bChange = 0.00155654, totNum = 3
ROUND = 4060, SUM = 22584884.0000001, bChange = 0.00155654, totNum = 3
ROUND = 4061, SUM = 22584884, bChange = 0.00155653, totNum = 3
ROUND = 4062, SUM = 22584884.0000001, bChange = 0.00155653, totNum = 3
ROUND = 4063, SUM = 22584884, bChange = 0.00155652, totNum = 3
ROUND = 4064, SUM = 22584884.0000001, bChange = 0.00155652, totNum = 3
ROUND = 4065, SUM = 22584884.0000001, bChange = 0.00155651, totNum = 3
ROUND = 4066, SUM = 22584884.0000001, bChange = 0.00155651, totNum = 3
ROUND = 4067, SUM = 22584884.0000001, bChange = 0.0015565, totNum = 3
ROUND = 4068, SUM = 22584884.0000001, bChange = 0.0015565, totNum = 3
ROUND = 4069, SUM = 22584884.0000001, bChange = 0.00155649, totNum = 3
ROUND = 4070, SUM = 22584884.0000001, bChange = 0.00155649, totNum = 3
ROUND = 4071, SUM = 22584884, bChange = 0.00155648, totNum = 3
ROUND = 4072, SUM = 22584884.0000001, bChange = 0.00155648, totNum = 3
ROUND = 4073, SUM = 22584884.0000001, bChange = 0.00155647, totNum = 3
ROUND = 4074, SUM = 22584884.0000001, bChange = 0.00155647, totNum = 3
ROUND = 4075, SUM = 22584884, bChange = 0.00155647, totNum = 3
ROUND = 4076, SUM = 22584884.0000002, bChange = 0.00155646, totNum = 3
ROUND = 4077, SUM = 22584884.0000001, bChange = 0.00155646, totNum = 3
ROUND = 4078, SUM = 22584884.0000001, bChange = 0.00155645, totNum = 3
ROUND = 4079, SUM = 22584884.0000001, bChange = 0.00155645, totNum = 3
ROUND = 4080, SUM = 22584884, bChange = 0.00155644, totNum = 3
ROUND = 4081, SUM = 22584884, bChange = 0.00155644, totNum = 3
ROUND = 4082, SUM = 22584884, bChange = 0.00155643, totNum = 3
ROUND = 4083, SUM = 22584884.0000001, bChange = 0.00155643, totNum = 3
ROUND = 4084, SUM = 22584884.0000001, bChange = 0.00155642, totNum = 3
ROUND = 4085, SUM = 22584884, bChange = 0.00155642, totNum = 3
ROUND = 4086, SUM = 22584884.0000001, bChange = 0.00155641, totNum = 3
ROUND = 4087, SUM = 22584884, bChange = 0.00155641, totNum = 3
ROUND = 4088, SUM = 22584884.0000001, bChange = 0.0015564, totNum = 3
ROUND = 4089, SUM = 22584884.0000001, bChange = 0.0015564, totNum = 3
ROUND = 4090, SUM = 22584884.0000001, bChange = 0.0015564, totNum = 3
ROUND = 4091, SUM = 22584884.0000001, bChange = 0.00155639, totNum = 3
ROUND = 4092, SUM = 22584884, bChange = 0.00155639, totNum = 3
ROUND = 4093, SUM = 22584884.0000002, bChange = 0.00155638, totNum = 3
ROUND = 4094, SUM = 22584884, bChange = 0.00155638, totNum = 3
ROUND = 4095, SUM = 22584884.0000001, bChange = 0.00155637, totNum = 3
ROUND = 4096, SUM = 22584884.0000001, bChange = 0.00155637, totNum = 3
ROUND = 4097, SUM = 22584884.0000001, bChange = 0.00155636, totNum = 3
ROUND = 4098, SUM = 22584884, bChange = 0.00155636, totNum = 3
ROUND = 4099, SUM = 22584884, bChange = 0.00155635, totNum = 3
ROUND = 4100, SUM = 22584884.0000001, bChange = 0.00155635, totNum = 3
ROUND = 4101, SUM = 22584884.0000001, bChange = 0.00155635, totNum = 3
ROUND = 4102, SUM = 22584884.0000001, bChange = 0.00155634, totNum = 3
ROUND = 4103, SUM = 22584884, bChange = 0.00155634, totNum = 3
ROUND = 4104, SUM = 22584884.0000001, bChange = 0.00155633, totNum = 3
ROUND = 4105, SUM = 22584884.0000001, bChange = 0.00155633, totNum = 3
ROUND = 4106, SUM = 22584884, bChange = 0.00155632, totNum = 3
ROUND = 4107, SUM = 22584884, bChange = 0.00155632, totNum = 3
ROUND = 4108, SUM = 22584884, bChange = 0.00155631, totNum = 3
ROUND = 4109, SUM = 22584884.0000001, bChange = 0.00155631, totNum = 3
ROUND = 4110, SUM = 22584884, bChange = 0.0015563, totNum = 3
ROUND = 4111, SUM = 22584884, bChange = 0.0015563, totNum = 3
ROUND = 4112, SUM = 22584884, bChange = 0.0015563, totNum = 3
ROUND = 4113, SUM = 22584884, bChange = 0.00155629, totNum = 3
ROUND = 4114, SUM = 22584883.9999999, bChange = 0.00155629, totNum = 3
ROUND = 4115, SUM = 22584884, bChange = 0.00155628, totNum = 3
ROUND = 4116, SUM = 22584884.0000001, bChange = 0.00155628, totNum = 3
ROUND = 4117, SUM = 22584884.0000001, bChange = 0.00155627, totNum = 3
ROUND = 4118, SUM = 22584884, bChange = 0.00155627, totNum = 3
ROUND = 4119, SUM = 22584884, bChange = 0.00155626, totNum = 3
ROUND = 4120, SUM = 22584884, bChange = 0.00155626, totNum = 3
ROUND = 4121, SUM = 22584884, bChange = 0.00155626, totNum = 3
ROUND = 4122, SUM = 22584884, bChange = 0.00155625, totNum = 3
ROUND = 4123, SUM = 22584884.0000001, bChange = 0.00155625, totNum = 3
ROUND = 4124, SUM = 22584884.0000001, bChange = 0.00155624, totNum = 3
ROUND = 4125, SUM = 22584884, bChange = 0.00155624, totNum = 3
ROUND = 4126, SUM = 22584884, bChange = 0.00155623, totNum = 3
ROUND = 4127, SUM = 22584884.0000001, bChange = 0.00155623, totNum = 3
ROUND = 4128, SUM = 22584884, bChange = 0.00155623, totNum = 3
ROUND = 4129, SUM = 22584884, bChange = 0.00155622, totNum = 3
ROUND = 4130, SUM = 22584884, bChange = 0.00155622, totNum = 3
ROUND = 4131, SUM = 22584884, bChange = 0.00155621, totNum = 3
ROUND = 4132, SUM = 22584884.0000001, bChange = 0.00155621, totNum = 3
ROUND = 4133, SUM = 22584884, bChange = 0.0015562, totNum = 3
ROUND = 4134, SUM = 22584884.0000001, bChange = 0.0015562, totNum = 3
ROUND = 4135, SUM = 22584884.0000001, bChange = 0.0015562, totNum = 3
ROUND = 4136, SUM = 22584884, bChange = 0.00155619, totNum = 3
ROUND = 4137, SUM = 22584884, bChange = 0.00155619, totNum = 3
ROUND = 4138, SUM = 22584884, bChange = 0.00155618, totNum = 3
ROUND = 4139, SUM = 22584884, bChange = 0.00155618, totNum = 3
ROUND = 4140, SUM = 22584884, bChange = 0.00155617, totNum = 3
ROUND = 4141, SUM = 22584884, bChange = 0.00155617, totNum = 3
ROUND = 4142, SUM = 22584884.0000001, bChange = 0.00155617, totNum = 3
ROUND = 4143, SUM = 22584884.0000001, bChange = 0.00155616, totNum = 3
ROUND = 4144, SUM = 22584884.0000001, bChange = 0.00155616, totNum = 3
ROUND = 4145, SUM = 22584884, bChange = 0.00155615, totNum = 3
ROUND = 4146, SUM = 22584884, bChange = 0.00155615, totNum = 3
ROUND = 4147, SUM = 22584884.0000001, bChange = 0.00155614, totNum = 3
ROUND = 4148, SUM = 22584884.0000001, bChange = 0.00155614, totNum = 3
ROUND = 4149, SUM = 22584884.0000001, bChange = 0.00155614, totNum = 3
ROUND = 4150, SUM = 22584884.0000001, bChange = 0.00155613, totNum = 3
ROUND = 4151, SUM = 22584884, bChange = 0.00155613, totNum = 3
ROUND = 4152, SUM = 22584884.0000002, bChange = 0.00155612, totNum = 3
ROUND = 4153, SUM = 22584884.0000001, bChange = 0.00155612, totNum = 3
ROUND = 4154, SUM = 22584884.0000001, bChange = 0.00155611, totNum = 3
ROUND = 4155, SUM = 22584884, bChange = 0.00155611, totNum = 3
ROUND = 4156, SUM = 22584884.0000001, bChange = 0.00155611, totNum = 3
ROUND = 4157, SUM = 22584884.0000001, bChange = 0.0015561, totNum = 3
ROUND = 4158, SUM = 22584884, bChange = 0.0015561, totNum = 3
ROUND = 4159, SUM = 22584884.0000001, bChange = 0.00155609, totNum = 3
ROUND = 4160, SUM = 22584884.0000001, bChange = 0.00155609, totNum = 3
ROUND = 4161, SUM = 22584884, bChange = 0.00155609, totNum = 3
ROUND = 4162, SUM = 22584884.0000001, bChange = 0.00155608, totNum = 3
ROUND = 4163, SUM = 22584884.0000001, bChange = 0.00155608, totNum = 3
ROUND = 4164, SUM = 22584884.0000001, bChange = 0.00155607, totNum = 3
ROUND = 4165, SUM = 22584884.0000001, bChange = 0.00155607, totNum = 3
ROUND = 4166, SUM = 22584884.0000001, bChange = 0.00155607, totNum = 3
ROUND = 4167, SUM = 22584884.0000001, bChange = 0.00155606, totNum = 3
ROUND = 4168, SUM = 22584884.0000001, bChange = 0.00155606, totNum = 3
ROUND = 4169, SUM = 22584884.0000001, bChange = 0.00155605, totNum = 3
ROUND = 4170, SUM = 22584884.0000001, bChange = 0.00155605, totNum = 3
ROUND = 4171, SUM = 22584884.0000001, bChange = 0.00155605, totNum = 3
ROUND = 4172, SUM = 22584884.0000001, bChange = 0.00155604, totNum = 3
ROUND = 4173, SUM = 22584884.0000001, bChange = 0.00155604, totNum = 3
ROUND = 4174, SUM = 22584884.0000001, bChange = 0.00155603, totNum = 3
ROUND = 4175, SUM = 22584884, bChange = 0.00155603, totNum = 3
ROUND = 4176, SUM = 22584884.0000001, bChange = 0.00155602, totNum = 3
ROUND = 4177, SUM = 22584884.0000002, bChange = 0.00155602, totNum = 3
ROUND = 4178, SUM = 22584884.0000001, bChange = 0.00155602, totNum = 3
ROUND = 4179, SUM = 22584884, bChange = 0.00155601, totNum = 3
ROUND = 4180, SUM = 22584884, bChange = 0.00155601, totNum = 3
ROUND = 4181, SUM = 22584884.0000001, bChange = 0.001556, totNum = 3
ROUND = 4182, SUM = 22584884.0000001, bChange = 0.001556, totNum = 3
ROUND = 4183, SUM = 22584884.0000001, bChange = 0.001556, totNum = 3
ROUND = 4184, SUM = 22584884.0000002, bChange = 0.00155599, totNum = 3
ROUND = 4185, SUM = 22584884, bChange = 0.00155599, totNum = 3
ROUND = 4186, SUM = 22584884.0000001, bChange = 0.00155598, totNum = 3
ROUND = 4187, SUM = 22584884.0000001, bChange = 0.00155598, totNum = 3
ROUND = 4188, SUM = 22584884.0000001, bChange = 0.00155598, totNum = 3
ROUND = 4189, SUM = 22584884.0000002, bChange = 0.00155597, totNum = 3
ROUND = 4190, SUM = 22584884, bChange = 0.00155597, totNum = 3
ROUND = 4191, SUM = 22584884.0000001, bChange = 0.00155597, totNum = 3
ROUND = 4192, SUM = 22584884.0000001, bChange = 0.00155596, totNum = 3
ROUND = 4193, SUM = 22584884.0000001, bChange = 0.00155596, totNum = 3
ROUND = 4194, SUM = 22584884.0000001, bChange = 0.00155595, totNum = 3
ROUND = 4195, SUM = 22584884.0000001, bChange = 0.00155595, totNum = 3
ROUND = 4196, SUM = 22584884.0000001, bChange = 0.00155595, totNum = 3
ROUND = 4197, SUM = 22584884.0000001, bChange = 0.00155594, totNum = 3
ROUND = 4198, SUM = 22584884.0000001, bChange = 0.00155594, totNum = 3
ROUND = 4199, SUM = 22584884.0000001, bChange = 0.00155593, totNum = 3
ROUND = 4200, SUM = 22584884.0000001, bChange = 0.00155593, totNum = 3
ROUND = 4201, SUM = 22584884.0000002, bChange = 0.00155593, totNum = 3
ROUND = 4202, SUM = 22584884.0000001, bChange = 0.00155592, totNum = 3
ROUND = 4203, SUM = 22584884, bChange = 0.00155592, totNum = 3
ROUND = 4204, SUM = 22584884.0000001, bChange = 0.00155591, totNum = 3
ROUND = 4205, SUM = 22584884, bChange = 0.00155591, totNum = 3
ROUND = 4206, SUM = 22584884, bChange = 0.00155591, totNum = 3
ROUND = 4207, SUM = 22584884.0000001, bChange = 0.0015559, totNum = 3
ROUND = 4208, SUM = 22584884.0000001, bChange = 0.0015559, totNum = 3
ROUND = 4209, SUM = 22584884, bChange = 0.0015559, totNum = 3
ROUND = 4210, SUM = 22584884.0000001, bChange = 0.00155589, totNum = 3
ROUND = 4211, SUM = 22584884, bChange = 0.00155589, totNum = 3
ROUND = 4212, SUM = 22584884, bChange = 0.00155588, totNum = 3
ROUND = 4213, SUM = 22584884, bChange = 0.00155588, totNum = 3
ROUND = 4214, SUM = 22584884, bChange = 0.00155588, totNum = 3
ROUND = 4215, SUM = 22584884.0000001, bChange = 0.00155587, totNum = 3
ROUND = 4216, SUM = 22584884, bChange = 0.00155587, totNum = 3
ROUND = 4217, SUM = 22584884.0000001, bChange = 0.00155587, totNum = 3
ROUND = 4218, SUM = 22584884.0000001, bChange = 0.00155586, totNum = 3
ROUND = 4219, SUM = 22584884.0000001, bChange = 0.00155586, totNum = 3
ROUND = 4220, SUM = 22584884.0000001, bChange = 0.00155585, totNum = 3
ROUND = 4221, SUM = 22584884.0000001, bChange = 0.00155585, totNum = 3
ROUND = 4222, SUM = 22584884.0000001, bChange = 0.00155585, totNum = 3
ROUND = 4223, SUM = 22584884, bChange = 0.00155584, totNum = 3
ROUND = 4224, SUM = 22584884, bChange = 0.00155584, totNum = 3
ROUND = 4225, SUM = 22584884, bChange = 0.00155584, totNum = 3
ROUND = 4226, SUM = 22584884.0000001, bChange = 0.00155583, totNum = 3
ROUND = 4227, SUM = 22584884, bChange = 0.00155583, totNum = 3
ROUND = 4228, SUM = 22584884.0000001, bChange = 0.00155582, totNum = 3
ROUND = 4229, SUM = 22584884, bChange = 0.00155582, totNum = 3
ROUND = 4230, SUM = 22584884.0000001, bChange = 0.00155582, totNum = 3
ROUND = 4231, SUM = 22584883.9999999, bChange = 0.00155581, totNum = 3
ROUND = 4232, SUM = 22584884.0000001, bChange = 0.00155581, totNum = 3
ROUND = 4233, SUM = 22584884.0000001, bChange = 0.00155581, totNum = 3
ROUND = 4234, SUM = 22584884, bChange = 0.0015558, totNum = 3
ROUND = 4235, SUM = 22584884.0000001, bChange = 0.0015558, totNum = 3
ROUND = 4236, SUM = 22584884.0000001, bChange = 0.00155579, totNum = 3
ROUND = 4237, SUM = 22584884.0000001, bChange = 0.00155579, totNum = 3
ROUND = 4238, SUM = 22584884.0000001, bChange = 0.00155579, totNum = 3
ROUND = 4239, SUM = 22584884.0000001, bChange = 0.00155578, totNum = 3
ROUND = 4240, SUM = 22584884.0000001, bChange = 0.00155578, totNum = 3
ROUND = 4241, SUM = 22584884, bChange = 0.00155578, totNum = 3
ROUND = 4242, SUM = 22584884, bChange = 0.00155577, totNum = 3
ROUND = 4243, SUM = 22584884.0000001, bChange = 0.00155577, totNum = 3
ROUND = 4244, SUM = 22584884.0000001, bChange = 0.00155577, totNum = 3
ROUND = 4245, SUM = 22584884.0000001, bChange = 0.00155576, totNum = 3
ROUND = 4246, SUM = 22584884.0000001, bChange = 0.00155576, totNum = 3
ROUND = 4247, SUM = 22584884, bChange = 0.00155575, totNum = 3
ROUND = 4248, SUM = 22584884.0000001, bChange = 0.00155575, totNum = 3
ROUND = 4249, SUM = 22584884.0000001, bChange = 0.00155575, totNum = 3
ROUND = 4250, SUM = 22584884, bChange = 0.00155574, totNum = 3
ROUND = 4251, SUM = 22584884.0000001, bChange = 0.00155574, totNum = 3
ROUND = 4252, SUM = 22584884.0000001, bChange = 0.00155574, totNum = 3
ROUND = 4253, SUM = 22584884, bChange = 0.00155573, totNum = 3
ROUND = 4254, SUM = 22584884, bChange = 0.00155573, totNum = 3
ROUND = 4255, SUM = 22584884.0000001, bChange = 0.00155573, totNum = 3
ROUND = 4256, SUM = 22584884.0000001, bChange = 0.00155572, totNum = 3
ROUND = 4257, SUM = 22584884, bChange = 0.00155572, totNum = 3
ROUND = 4258, SUM = 22584884, bChange = 0.00155572, totNum = 3
ROUND = 4259, SUM = 22584884.0000001, bChange = 0.00155571, totNum = 3
ROUND = 4260, SUM = 22584884.0000001, bChange = 0.00155571, totNum = 3
ROUND = 4261, SUM = 22584884.0000001, bChange = 0.0015557, totNum = 3
ROUND = 4262, SUM = 22584884.0000001, bChange = 0.0015557, totNum = 3
ROUND = 4263, SUM = 22584884.0000001, bChange = 0.0015557, totNum = 3
ROUND = 4264, SUM = 22584884.0000001, bChange = 0.00155569, totNum = 3
ROUND = 4265, SUM = 22584884.0000001, bChange = 0.00155569, totNum = 3
ROUND = 4266, SUM = 22584884.0000001, bChange = 0.00155569, totNum = 3
ROUND = 4267, SUM = 22584884.0000001, bChange = 0.00155568, totNum = 3
ROUND = 4268, SUM = 22584884.0000001, bChange = 0.00155568, totNum = 3
ROUND = 4269, SUM = 22584884.0000001, bChange = 0.00155568, totNum = 3
ROUND = 4270, SUM = 22584884.0000001, bChange = 0.00155567, totNum = 3
ROUND = 4271, SUM = 22584884, bChange = 0.00155567, totNum = 3
ROUND = 4272, SUM = 22584884, bChange = 0.00155567, totNum = 3
ROUND = 4273, SUM = 22584884, bChange = 0.00155566, totNum = 3
ROUND = 4274, SUM = 22584884.0000001, bChange = 0.00155566, totNum = 3
ROUND = 4275, SUM = 22584884, bChange = 0.00155566, totNum = 3
ROUND = 4276, SUM = 22584884.0000001, bChange = 0.00155565, totNum = 3
ROUND = 4277, SUM = 22584884, bChange = 0.00155565, totNum = 3
ROUND = 4278, SUM = 22584884, bChange = 0.00155565, totNum = 3
ROUND = 4279, SUM = 22584884.0000001, bChange = 0.00155564, totNum = 3
ROUND = 4280, SUM = 22584884.0000001, bChange = 0.00155564, totNum = 3
ROUND = 4281, SUM = 22584884.0000002, bChange = 0.00155564, totNum = 3
ROUND = 4282, SUM = 22584884.0000001, bChange = 0.00155563, totNum = 3
ROUND = 4283, SUM = 22584884, bChange = 0.00155563, totNum = 3
ROUND = 4284, SUM = 22584884, bChange = 0.00155562, totNum = 3
ROUND = 4285, SUM = 22584884.0000001, bChange = 0.00155562, totNum = 3
ROUND = 4286, SUM = 22584884.0000001, bChange = 0.00155562, totNum = 3
ROUND = 4287, SUM = 22584884, bChange = 0.00155561, totNum = 3
ROUND = 4288, SUM = 22584884, bChange = 0.00155561, totNum = 3
ROUND = 4289, SUM = 22584884.0000001, bChange = 0.00155561, totNum = 3
ROUND = 4290, SUM = 22584884, bChange = 0.0015556, totNum = 3
ROUND = 4291, SUM = 22584884, bChange = 0.0015556, totNum = 3
ROUND = 4292, SUM = 22584884, bChange = 0.0015556, totNum = 3
ROUND = 4293, SUM = 22584884.0000001, bChange = 0.00155559, totNum = 3
ROUND = 4294, SUM = 22584884.0000001, bChange = 0.00155559, totNum = 3
ROUND = 4295, SUM = 22584884, bChange = 0.00155559, totNum = 3
ROUND = 4296, SUM = 22584884.0000001, bChange = 0.00155558, totNum = 3
ROUND = 4297, SUM = 22584884, bChange = 0.00155558, totNum = 3
ROUND = 4298, SUM = 22584884, bChange = 0.00155558, totNum = 3
ROUND = 4299, SUM = 22584884.0000001, bChange = 0.00155557, totNum = 3
ROUND = 4300, SUM = 22584884, bChange = 0.00155557, totNum = 3
ROUND = 4301, SUM = 22584884.0000001, bChange = 0.00155557, totNum = 3
ROUND = 4302, SUM = 22584884, bChange = 0.00155556, totNum = 3
ROUND = 4303, SUM = 22584884.0000001, bChange = 0.00155556, totNum = 3
ROUND = 4304, SUM = 22584884.0000002, bChange = 0.00155556, totNum = 3
ROUND = 4305, SUM = 22584884.0000001, bChange = 0.00155555, totNum = 3
ROUND = 4306, SUM = 22584884.0000001, bChange = 0.00155555, totNum = 3
ROUND = 4307, SUM = 22584884.0000001, bChange = 0.00155555, totNum = 3
ROUND = 4308, SUM = 22584884, bChange = 0.00155554, totNum = 3
ROUND = 4309, SUM = 22584884.0000001, bChange = 0.00155554, totNum = 3
ROUND = 4310, SUM = 22584884.0000001, bChange = 0.00155554, totNum = 3
ROUND = 4311, SUM = 22584884.0000001, bChange = 0.00155553, totNum = 3
ROUND = 4312, SUM = 22584884.0000001, bChange = 0.00155553, totNum = 3
ROUND = 4313, SUM = 22584884.0000001, bChange = 0.00155553, totNum = 3
ROUND = 4314, SUM = 22584884.0000001, bChange = 0.00155553, totNum = 3
ROUND = 4315, SUM = 22584884.0000001, bChange = 0.00155552, totNum = 3
ROUND = 4316, SUM = 22584884.0000001, bChange = 0.00155552, totNum = 3
ROUND = 4317, SUM = 22584884, bChange = 0.00155552, totNum = 3
ROUND = 4318, SUM = 22584884.0000001, bChange = 0.00155551, totNum = 3
ROUND = 4319, SUM = 22584884.0000001, bChange = 0.00155551, totNum = 3
ROUND = 4320, SUM = 22584884, bChange = 0.00155551, totNum = 3
ROUND = 4321, SUM = 22584884, bChange = 0.0015555, totNum = 3
ROUND = 4322, SUM = 22584884.0000001, bChange = 0.0015555, totNum = 3
ROUND = 4323, SUM = 22584884.0000001, bChange = 0.0015555, totNum = 3
ROUND = 4324, SUM = 22584884, bChange = 0.00155549, totNum = 3
ROUND = 4325, SUM = 22584884.0000001, bChange = 0.00155549, totNum = 3
ROUND = 4326, SUM = 22584884, bChange = 0.00155549, totNum = 3
ROUND = 4327, SUM = 22584884, bChange = 0.00155548, totNum = 3
ROUND = 4328, SUM = 22584884.0000001, bChange = 0.00155548, totNum = 3
ROUND = 4329, SUM = 22584884.0000001, bChange = 0.00155548, totNum = 3
ROUND = 4330, SUM = 22584884.0000001, bChange = 0.00155547, totNum = 3
ROUND = 4331, SUM = 22584884, bChange = 0.00155547, totNum = 3
ROUND = 4332, SUM = 22584884.0000002, bChange = 0.00155547, totNum = 3
ROUND = 4333, SUM = 22584884.0000001, bChange = 0.00155546, totNum = 3
ROUND = 4334, SUM = 22584884.0000001, bChange = 0.00155546, totNum = 3
ROUND = 4335, SUM = 22584884.0000001, bChange = 0.00155546, totNum = 3
ROUND = 4336, SUM = 22584884, bChange = 0.00155545, totNum = 3
ROUND = 4337, SUM = 22584884.0000001, bChange = 0.00155545, totNum = 3
ROUND = 4338, SUM = 22584884.0000001, bChange = 0.00155545, totNum = 3
ROUND = 4339, SUM = 22584884.0000001, bChange = 0.00155545, totNum = 3
ROUND = 4340, SUM = 22584884.0000001, bChange = 0.00155544, totNum = 3
ROUND = 4341, SUM = 22584884.0000001, bChange = 0.00155544, totNum = 3
ROUND = 4342, SUM = 22584884.0000001, bChange = 0.00155544, totNum = 3
ROUND = 4343, SUM = 22584884, bChange = 0.00155543, totNum = 3
ROUND = 4344, SUM = 22584884, bChange = 0.00155543, totNum = 3
ROUND = 4345, SUM = 22584884, bChange = 0.00155543, totNum = 3
ROUND = 4346, SUM = 22584884.0000001, bChange = 0.00155542, totNum = 3
ROUND = 4347, SUM = 22584884.0000001, bChange = 0.00155542, totNum = 3
ROUND = 4348, SUM = 22584884.0000001, bChange = 0.00155542, totNum = 3
ROUND = 4349, SUM = 22584884.0000001, bChange = 0.00155541, totNum = 3
ROUND = 4350, SUM = 22584884, bChange = 0.00155541, totNum = 3
ROUND = 4351, SUM = 22584884, bChange = 0.00155541, totNum = 3
ROUND = 4352, SUM = 22584884.0000001, bChange = 0.00155541, totNum = 3
ROUND = 4353, SUM = 22584884, bChange = 0.0015554, totNum = 3
ROUND = 4354, SUM = 22584884.0000001, bChange = 0.0015554, totNum = 3
ROUND = 4355, SUM = 22584884.0000001, bChange = 0.0015554, totNum = 3
ROUND = 4356, SUM = 22584884.0000001, bChange = 0.00155539, totNum = 3
ROUND = 4357, SUM = 22584884.0000001, bChange = 0.00155539, totNum = 3
ROUND = 4358, SUM = 22584884, bChange = 0.00155539, totNum = 3
ROUND = 4359, SUM = 22584884, bChange = 0.00155538, totNum = 3
ROUND = 4360, SUM = 22584884.0000001, bChange = 0.00155538, totNum = 3
ROUND = 4361, SUM = 22584884.0000001, bChange = 0.00155538, totNum = 3
ROUND = 4362, SUM = 22584884.0000001, bChange = 0.00155537, totNum = 3
ROUND = 4363, SUM = 22584884, bChange = 0.00155537, totNum = 3
ROUND = 4364, SUM = 22584884, bChange = 0.00155537, totNum = 3
ROUND = 4365, SUM = 22584884.0000001, bChange = 0.00155537, totNum = 3
ROUND = 4366, SUM = 22584884.0000001, bChange = 0.00155536, totNum = 3
ROUND = 4367, SUM = 22584884.0000001, bChange = 0.00155536, totNum = 3
ROUND = 4368, SUM = 22584884.0000001, bChange = 0.00155536, totNum = 3
ROUND = 4369, SUM = 22584884.0000001, bChange = 0.00155535, totNum = 3
ROUND = 4370, SUM = 22584884.0000001, bChange = 0.00155535, totNum = 3
ROUND = 4371, SUM = 22584884.0000002, bChange = 0.00155535, totNum = 3
ROUND = 4372, SUM = 22584884.0000001, bChange = 0.00155535, totNum = 3
ROUND = 4373, SUM = 22584884.0000001, bChange = 0.00155534, totNum = 3
ROUND = 4374, SUM = 22584884, bChange = 0.00155534, totNum = 3
ROUND = 4375, SUM = 22584884.0000001, bChange = 0.00155534, totNum = 3
ROUND = 4376, SUM = 22584884.0000001, bChange = 0.00155533, totNum = 3
ROUND = 4377, SUM = 22584884.0000001, bChange = 0.00155533, totNum = 3
ROUND = 4378, SUM = 22584884.0000001, bChange = 0.00155533, totNum = 3
ROUND = 4379, SUM = 22584884.0000002, bChange = 0.00155532, totNum = 3
ROUND = 4380, SUM = 22584884.0000001, bChange = 0.00155532, totNum = 3
ROUND = 4381, SUM = 22584884.0000001, bChange = 0.00155532, totNum = 3
ROUND = 4382, SUM = 22584884, bChange = 0.00155532, totNum = 3
ROUND = 4383, SUM = 22584884.0000001, bChange = 0.00155531, totNum = 3
ROUND = 4384, SUM = 22584884.0000001, bChange = 0.00155531, totNum = 3
ROUND = 4385, SUM = 22584884.0000001, bChange = 0.00155531, totNum = 3
ROUND = 4386, SUM = 22584884.0000001, bChange = 0.0015553, totNum = 3
ROUND = 4387, SUM = 22584884.0000001, bChange = 0.0015553, totNum = 3
ROUND = 4388, SUM = 22584884.0000001, bChange = 0.0015553, totNum = 3
ROUND = 4389, SUM = 22584884.0000001, bChange = 0.0015553, totNum = 3
ROUND = 4390, SUM = 22584884, bChange = 0.00155529, totNum = 3
ROUND = 4391, SUM = 22584884.0000001, bChange = 0.00155529, totNum = 3
ROUND = 4392, SUM = 22584884.0000001, bChange = 0.00155529, totNum = 3
ROUND = 4393, SUM = 22584884.0000001, bChange = 0.00155528, totNum = 3
ROUND = 4394, SUM = 22584884.0000001, bChange = 0.00155528, totNum = 3
ROUND = 4395, SUM = 22584884, bChange = 0.00155528, totNum = 3
ROUND = 4396, SUM = 22584884.0000001, bChange = 0.00155528, totNum = 3
ROUND = 4397, SUM = 22584884.0000001, bChange = 0.00155527, totNum = 3
ROUND = 4398, SUM = 22584884.0000002, bChange = 0.00155527, totNum = 3
ROUND = 4399, SUM = 22584884.0000001, bChange = 0.00155527, totNum = 3
ROUND = 4400, SUM = 22584884.0000001, bChange = 0.00155526, totNum = 3
ROUND = 4401, SUM = 22584884.0000001, bChange = 0.00155526, totNum = 3
ROUND = 4402, SUM = 22584884, bChange = 0.00155526, totNum = 3
ROUND = 4403, SUM = 22584884, bChange = 0.00155526, totNum = 3
ROUND = 4404, SUM = 22584884.0000001, bChange = 0.00155525, totNum = 3
ROUND = 4405, SUM = 22584884.0000001, bChange = 0.00155525, totNum = 3
ROUND = 4406, SUM = 22584884.0000001, bChange = 0.00155525, totNum = 3
ROUND = 4407, SUM = 22584884, bChange = 0.00155524, totNum = 3
ROUND = 4408, SUM = 22584884, bChange = 0.00155524, totNum = 3
ROUND = 4409, SUM = 22584884.0000001, bChange = 0.00155524, totNum = 3
ROUND = 4410, SUM = 22584884.0000001, bChange = 0.00155524, totNum = 3
ROUND = 4411, SUM = 22584884.0000001, bChange = 0.00155523, totNum = 3
ROUND = 4412, SUM = 22584884.0000001, bChange = 0.00155523, totNum = 3
ROUND = 4413, SUM = 22584884.0000001, bChange = 0.00155523, totNum = 3
ROUND = 4414, SUM = 22584884.0000001, bChange = 0.00155522, totNum = 3
ROUND = 4415, SUM = 22584884.0000001, bChange = 0.00155522, totNum = 3
ROUND = 4416, SUM = 22584884.0000001, bChange = 0.00155522, totNum = 3
ROUND = 4417, SUM = 22584884.0000001, bChange = 0.00155522, totNum = 3
ROUND = 4418, SUM = 22584884.0000001, bChange = 0.00155521, totNum = 3
ROUND = 4419, SUM = 22584884.0000001, bChange = 0.00155521, totNum = 3
ROUND = 4420, SUM = 22584884.0000001, bChange = 0.00155521, totNum = 3
ROUND = 4421, SUM = 22584884.0000001, bChange = 0.00155521, totNum = 3
ROUND = 4422, SUM = 22584884.0000001, bChange = 0.0015552, totNum = 3
ROUND = 4423, SUM = 22584884, bChange = 0.0015552, totNum = 3
ROUND = 4424, SUM = 22584884.0000001, bChange = 0.0015552, totNum = 3
ROUND = 4425, SUM = 22584884, bChange = 0.00155519, totNum = 3
ROUND = 4426, SUM = 22584884.0000001, bChange = 0.00155519, totNum = 3
ROUND = 4427, SUM = 22584884, bChange = 0.00155519, totNum = 3
ROUND = 4428, SUM = 22584884.0000001, bChange = 0.00155519, totNum = 3
ROUND = 4429, SUM = 22584884, bChange = 0.00155518, totNum = 3
ROUND = 4430, SUM = 22584884.0000001, bChange = 0.00155518, totNum = 3
ROUND = 4431, SUM = 22584884.0000001, bChange = 0.00155518, totNum = 3
ROUND = 4432, SUM = 22584884.0000001, bChange = 0.00155518, totNum = 3
ROUND = 4433, SUM = 22584884.0000001, bChange = 0.00155517, totNum = 3
ROUND = 4434, SUM = 22584884.0000001, bChange = 0.00155517, totNum = 3
ROUND = 4435, SUM = 22584884.0000001, bChange = 0.00155517, totNum = 3
ROUND = 4436, SUM = 22584884.0000001, bChange = 0.00155516, totNum = 3
ROUND = 4437, SUM = 22584884.0000001, bChange = 0.00155516, totNum = 3
ROUND = 4438, SUM = 22584884.0000001, bChange = 0.00155516, totNum = 3
ROUND = 4439, SUM = 22584884, bChange = 0.00155516, totNum = 3
ROUND = 4440, SUM = 22584884.0000001, bChange = 0.00155515, totNum = 3
ROUND = 4441, SUM = 22584884, bChange = 0.00155515, totNum = 3
ROUND = 4442, SUM = 22584884.0000001, bChange = 0.00155515, totNum = 3
ROUND = 4443, SUM = 22584884, bChange = 0.00155515, totNum = 3
ROUND = 4444, SUM = 22584884.0000001, bChange = 0.00155514, totNum = 3
ROUND = 4445, SUM = 22584884, bChange = 0.00155514, totNum = 3
ROUND = 4446, SUM = 22584884.0000001, bChange = 0.00155514, totNum = 3
ROUND = 4447, SUM = 22584884, bChange = 0.00155514, totNum = 3
ROUND = 4448, SUM = 22584884.0000001, bChange = 0.00155513, totNum = 3
ROUND = 4449, SUM = 22584884.0000001, bChange = 0.00155513, totNum = 3
ROUND = 4450, SUM = 22584884.0000001, bChange = 0.00155513, totNum = 3
ROUND = 4451, SUM = 22584884.0000002, bChange = 0.00155512, totNum = 3
ROUND = 4452, SUM = 22584884.0000001, bChange = 0.00155512, totNum = 3
ROUND = 4453, SUM = 22584884.0000001, bChange = 0.00155512, totNum = 3
ROUND = 4454, SUM = 22584884.0000001, bChange = 0.00155512, totNum = 3
ROUND = 4455, SUM = 22584884.0000001, bChange = 0.00155511, totNum = 3
ROUND = 4456, SUM = 22584884, bChange = 0.00155511, totNum = 3
ROUND = 4457, SUM = 22584884.0000001, bChange = 0.00155511, totNum = 3
ROUND = 4458, SUM = 22584884.0000001, bChange = 0.00155511, totNum = 3
ROUND = 4459, SUM = 22584884.0000001, bChange = 0.0015551, totNum = 3
ROUND = 4460, SUM = 22584884.0000001, bChange = 0.0015551, totNum = 3
ROUND = 4461, SUM = 22584884, bChange = 0.0015551, totNum = 3
ROUND = 4462, SUM = 22584884, bChange = 0.0015551, totNum = 3
ROUND = 4463, SUM = 22584884.0000001, bChange = 0.00155509, totNum = 3
ROUND = 4464, SUM = 22584884.0000001, bChange = 0.00155509, totNum = 3
ROUND = 4465, SUM = 22584884.0000001, bChange = 0.00155509, totNum = 3
ROUND = 4466, SUM = 22584884.0000001, bChange = 0.00155509, totNum = 3
ROUND = 4467, SUM = 22584884.0000001, bChange = 0.00155508, totNum = 3
ROUND = 4468, SUM = 22584884.0000001, bChange = 0.00155508, totNum = 3
ROUND = 4469, SUM = 22584884, bChange = 0.00155508, totNum = 3
ROUND = 4470, SUM = 22584884, bChange = 0.00155508, totNum = 3
ROUND = 4471, SUM = 22584884.0000001, bChange = 0.00155507, totNum = 3
ROUND = 4472, SUM = 22584884.0000001, bChange = 0.00155507, totNum = 3
ROUND = 4473, SUM = 22584884.0000001, bChange = 0.00155507, totNum = 3
ROUND = 4474, SUM = 22584884.0000002, bChange = 0.00155507, totNum = 3
ROUND = 4475, SUM = 22584884.0000001, bChange = 0.00155506, totNum = 3
ROUND = 4476, SUM = 22584884, bChange = 0.00155506, totNum = 3
ROUND = 4477, SUM = 22584884.0000001, bChange = 0.00155506, totNum = 3
ROUND = 4478, SUM = 22584884.0000001, bChange = 0.00155506, totNum = 3
ROUND = 4479, SUM = 22584884, bChange = 0.00155505, totNum = 3
ROUND = 4480, SUM = 22584884.0000001, bChange = 0.00155505, totNum = 3
ROUND = 4481, SUM = 22584884.0000001, bChange = 0.00155505, totNum = 3
ROUND = 4482, SUM = 22584884.0000001, bChange = 0.00155505, totNum = 3
ROUND = 4483, SUM = 22584884, bChange = 0.00155504, totNum = 3
ROUND = 4484, SUM = 22584884.0000001, bChange = 0.00155504, totNum = 3
ROUND = 4485, SUM = 22584884.0000001, bChange = 0.00155504, totNum = 3
ROUND = 4486, SUM = 22584884.0000001, bChange = 0.00155504, totNum = 3
ROUND = 4487, SUM = 22584884.0000001, bChange = 0.00155503, totNum = 3
ROUND = 4488, SUM = 22584884.0000001, bChange = 0.00155503, totNum = 3
ROUND = 4489, SUM = 22584884.0000001, bChange = 0.00155503, totNum = 3
ROUND = 4490, SUM = 22584884.0000001, bChange = 0.00155503, totNum = 3
ROUND = 4491, SUM = 22584884.0000001, bChange = 0.00155502, totNum = 3
ROUND = 4492, SUM = 22584884.0000001, bChange = 0.00155502, totNum = 3
ROUND = 4493, SUM = 22584884.0000001, bChange = 0.00155502, totNum = 3
ROUND = 4494, SUM = 22584884.0000001, bChange = 0.00155502, totNum = 3
ROUND = 4495, SUM = 22584884.0000001, bChange = 0.00155501, totNum = 3
ROUND = 4496, SUM = 22584884.0000001, bChange = 0.00155501, totNum = 3
ROUND = 4497, SUM = 22584884, bChange = 0.00155501, totNum = 3
ROUND = 4498, SUM = 22584884.0000001, bChange = 0.00155501, totNum = 3
ROUND = 4499, SUM = 22584884.0000001, bChange = 0.001555, totNum = 3
ROUND = 4500, SUM = 22584884, bChange = 0.001555, totNum = 3
ROUND = 4501, SUM = 22584884, bChange = 0.001555, totNum = 3
ROUND = 4502, SUM = 22584884, bChange = 0.001555, totNum = 3
ROUND = 4503, SUM = 22584884.0000001, bChange = 0.00155499, totNum = 3
ROUND = 4504, SUM = 22584884.0000001, bChange = 0.00155499, totNum = 3
ROUND = 4505, SUM = 22584884, bChange = 0.00155499, totNum = 3
ROUND = 4506, SUM = 22584884, bChange = 0.00155499, totNum = 3
ROUND = 4507, SUM = 22584884.0000001, bChange = 0.00155498, totNum = 3
ROUND = 4508, SUM = 22584884.0000001, bChange = 0.00155498, totNum = 3
ROUND = 4509, SUM = 22584884.0000001, bChange = 0.00155498, totNum = 3
ROUND = 4510, SUM = 22584884.0000001, bChange = 0.00155498, totNum = 3
ROUND = 4511, SUM = 22584884, bChange = 0.00155497, totNum = 3
ROUND = 4512, SUM = 22584884.0000001, bChange = 0.00155497, totNum = 3
ROUND = 4513, SUM = 22584884.0000001, bChange = 0.00155497, totNum = 3
ROUND = 4514, SUM = 22584884.0000001, bChange = 0.00155497, totNum = 3
ROUND = 4515, SUM = 22584884.0000001, bChange = 0.00155496, totNum = 3
ROUND = 4516, SUM = 22584884.0000001, bChange = 0.00155496, totNum = 3
ROUND = 4517, SUM = 22584884.0000001, bChange = 0.00155496, totNum = 3
ROUND = 4518, SUM = 22584884.0000002, bChange = 0.00155496, totNum = 3
ROUND = 4519, SUM = 22584884.0000001, bChange = 0.00155496, totNum = 3
ROUND = 4520, SUM = 22584884.0000001, bChange = 0.00155495, totNum = 3
ROUND = 4521, SUM = 22584884.0000001, bChange = 0.00155495, totNum = 3
ROUND = 4522, SUM = 22584884.0000001, bChange = 0.00155495, totNum = 3
ROUND = 4523, SUM = 22584884.0000001, bChange = 0.00155495, totNum = 3
ROUND = 4524, SUM = 22584884.0000001, bChange = 0.00155494, totNum = 3
ROUND = 4525, SUM = 22584884.0000001, bChange = 0.00155494, totNum = 3
ROUND = 4526, SUM = 22584884, bChange = 0.00155494, totNum = 3
ROUND = 4527, SUM = 22584884.0000001, bChange = 0.00155494, totNum = 3
ROUND = 4528, SUM = 22584884.0000001, bChange = 0.00155493, totNum = 3
ROUND = 4529, SUM = 22584884.0000001, bChange = 0.00155493, totNum = 3
ROUND = 4530, SUM = 22584884.0000001, bChange = 0.00155493, totNum = 3
ROUND = 4531, SUM = 22584884.0000001, bChange = 0.00155493, totNum = 3
ROUND = 4532, SUM = 22584884, bChange = 0.00155493, totNum = 3
ROUND = 4533, SUM = 22584884.0000001, bChange = 0.00155492, totNum = 3
ROUND = 4534, SUM = 22584884.0000001, bChange = 0.00155492, totNum = 3
ROUND = 4535, SUM = 22584884.0000001, bChange = 0.00155492, totNum = 3
ROUND = 4536, SUM = 22584884, bChange = 0.00155492, totNum = 3
ROUND = 4537, SUM = 22584884.0000001, bChange = 0.00155491, totNum = 3
ROUND = 4538, SUM = 22584884.0000001, bChange = 0.00155491, totNum = 3
ROUND = 4539, SUM = 22584884, bChange = 0.00155491, totNum = 3
ROUND = 4540, SUM = 22584884.0000001, bChange = 0.00155491, totNum = 3
ROUND = 4541, SUM = 22584884.0000001, bChange = 0.0015549, totNum = 3
ROUND = 4542, SUM = 22584884.0000001, bChange = 0.0015549, totNum = 3
ROUND = 4543, SUM = 22584884.0000001, bChange = 0.0015549, totNum = 3
ROUND = 4544, SUM = 22584884.0000002, bChange = 0.0015549, totNum = 3
ROUND = 4545, SUM = 22584884.0000001, bChange = 0.0015549, totNum = 3
ROUND = 4546, SUM = 22584884.0000001, bChange = 0.00155489, totNum = 3
ROUND = 4547, SUM = 22584884.0000001, bChange = 0.00155489, totNum = 3
ROUND = 4548, SUM = 22584884.0000001, bChange = 0.00155489, totNum = 3
ROUND = 4549, SUM = 22584884.0000001, bChange = 0.00155489, totNum = 3
ROUND = 4550, SUM = 22584884.0000001, bChange = 0.00155488, totNum = 3
ROUND = 4551, SUM = 22584884.0000001, bChange = 0.00155488, totNum = 3
ROUND = 4552, SUM = 22584884, bChange = 0.00155488, totNum = 3
ROUND = 4553, SUM = 22584884.0000001, bChange = 0.00155488, totNum = 3
ROUND = 4554, SUM = 22584884.0000002, bChange = 0.00155488, totNum = 3
ROUND = 4555, SUM = 22584884.0000002, bChange = 0.00155487, totNum = 3
ROUND = 4556, SUM = 22584884.0000002, bChange = 0.00155487, totNum = 3
ROUND = 4557, SUM = 22584884.0000001, bChange = 0.00155487, totNum = 3
ROUND = 4558, SUM = 22584884.0000002, bChange = 0.00155487, totNum = 2
ROUND = 4559, SUM = 22584884.0000001, bChange = 0.00155486, totNum = 2
ROUND = 4560, SUM = 22584884.0000001, bChange = 0.00155486, totNum = 2
ROUND = 4561, SUM = 22584884.0000001, bChange = 0.00155486, totNum = 2
ROUND = 4562, SUM = 22584884.0000001, bChange = 0.00155486, totNum = 2
ROUND = 4563, SUM = 22584884.0000001, bChange = 0.00155486, totNum = 2
ROUND = 4564, SUM = 22584884, bChange = 0.00155485, totNum = 2
ROUND = 4565, SUM = 22584884, bChange = 0.00155485, totNum = 2
ROUND = 4566, SUM = 22584884.0000001, bChange = 0.00155485, totNum = 2
ROUND = 4567, SUM = 22584884.0000002, bChange = 0.00155485, totNum = 2
ROUND = 4568, SUM = 22584884.0000002, bChange = 0.00155484, totNum = 2
ROUND = 4569, SUM = 22584884.0000001, bChange = 0.00155484, totNum = 2
ROUND = 4570, SUM = 22584884.0000001, bChange = 0.00155484, totNum = 3
ROUND = 4571, SUM = 22584884.0000001, bChange = 0.00155484, totNum = 3
ROUND = 4572, SUM = 22584884.0000001, bChange = 0.00155484, totNum = 3
ROUND = 4573, SUM = 22584884, bChange = 0.00155483, totNum = 3
ROUND = 4574, SUM = 22584884.0000001, bChange = 0.00155483, totNum = 3
ROUND = 4575, SUM = 22584884, bChange = 0.00155483, totNum = 3
ROUND = 4576, SUM = 22584884.0000001, bChange = 0.00155483, totNum = 3
ROUND = 4577, SUM = 22584884.0000001, bChange = 0.00155482, totNum = 3
ROUND = 4578, SUM = 22584884.0000001, bChange = 0.00155482, totNum = 3
ROUND = 4579, SUM = 22584884.0000001, bChange = 0.00155482, totNum = 3
ROUND = 4580, SUM = 22584884.0000001, bChange = 0.00155482, totNum = 3
ROUND = 4581, SUM = 22584884.0000001, bChange = 0.00155482, totNum = 3
ROUND = 4582, SUM = 22584884.0000002, bChange = 0.00155481, totNum = 3
ROUND = 4583, SUM = 22584884.0000002, bChange = 0.00155481, totNum = 3
ROUND = 4584, SUM = 22584884, bChange = 0.00155481, totNum = 3
ROUND = 4585, SUM = 22584884.0000002, bChange = 0.00155481, totNum = 3
ROUND = 4586, SUM = 22584884.0000001, bChange = 0.00155481, totNum = 3
ROUND = 4587, SUM = 22584884, bChange = 0.0015548, totNum = 3
ROUND = 4588, SUM = 22584884.0000001, bChange = 0.0015548, totNum = 3
ROUND = 4589, SUM = 22584884.0000001, bChange = 0.0015548, totNum = 3
ROUND = 4590, SUM = 22584884.0000001, bChange = 0.0015548, totNum = 3
ROUND = 4591, SUM = 22584884.0000001, bChange = 0.00155479, totNum = 3
ROUND = 4592, SUM = 22584884.0000001, bChange = 0.00155479, totNum = 3
ROUND = 4593, SUM = 22584884.0000001, bChange = 0.00155479, totNum = 3
ROUND = 4594, SUM = 22584884.0000001, bChange = 0.00155479, totNum = 3
ROUND = 4595, SUM = 22584884.0000001, bChange = 0.00155479, totNum = 3
ROUND = 4596, SUM = 22584884.0000001, bChange = 0.00155478, totNum = 3
ROUND = 4597, SUM = 22584884.0000001, bChange = 0.00155478, totNum = 3
ROUND = 4598, SUM = 22584884.0000002, bChange = 0.00155478, totNum = 3
ROUND = 4599, SUM = 22584884.0000001, bChange = 0.00155478, totNum = 3
ROUND = 4600, SUM = 22584884.0000001, bChange = 0.00155478, totNum = 3
ROUND = 4601, SUM = 22584884.0000001, bChange = 0.00155477, totNum = 3
ROUND = 4602, SUM = 22584884.0000001, bChange = 0.00155477, totNum = 3
ROUND = 4603, SUM = 22584884.0000001, bChange = 0.00155477, totNum = 3
ROUND = 4604, SUM = 22584884.0000001, bChange = 0.00155477, totNum = 3
ROUND = 4605, SUM = 22584884.0000001, bChange = 0.00155477, totNum = 3
ROUND = 4606, SUM = 22584884.0000001, bChange = 0.00155476, totNum = 3
ROUND = 4607, SUM = 22584884.0000001, bChange = 0.00155476, totNum = 3
ROUND = 4608, SUM = 22584884.0000001, bChange = 0.00155476, totNum = 3
ROUND = 4609, SUM = 22584884.0000001, bChange = 0.00155476, totNum = 3
ROUND = 4610, SUM = 22584884, bChange = 0.00155476, totNum = 3
ROUND = 4611, SUM = 22584884.0000001, bChange = 0.00155475, totNum = 3
ROUND = 4612, SUM = 22584884, bChange = 0.00155475, totNum = 3
ROUND = 4613, SUM = 22584884.0000001, bChange = 0.00155475, totNum = 3
ROUND = 4614, SUM = 22584884.0000001, bChange = 0.00155475, totNum = 3
ROUND = 4615, SUM = 22584884.0000001, bChange = 0.00155475, totNum = 3
ROUND = 4616, SUM = 22584884.0000001, bChange = 0.00155474, totNum = 3
ROUND = 4617, SUM = 22584884, bChange = 0.00155474, totNum = 3
ROUND = 4618, SUM = 22584884.0000001, bChange = 0.00155474, totNum = 3
ROUND = 4619, SUM = 22584884.0000001, bChange = 0.00155474, totNum = 3
ROUND = 4620, SUM = 22584884.0000001, bChange = 0.00155474, totNum = 3
ROUND = 4621, SUM = 22584884.0000001, bChange = 0.00155473, totNum = 3
ROUND = 4622, SUM = 22584884.0000001, bChange = 0.00155473, totNum = 3
ROUND = 4623, SUM = 22584884, bChange = 0.00155473, totNum = 3
ROUND = 4624, SUM = 22584884.0000001, bChange = 0.00155473, totNum = 3
ROUND = 4625, SUM = 22584884.0000001, bChange = 0.00155473, totNum = 3
ROUND = 4626, SUM = 22584884.0000002, bChange = 0.00155472, totNum = 3
ROUND = 4627, SUM = 22584884.0000001, bChange = 0.00155472, totNum = 3
ROUND = 4628, SUM = 22584884, bChange = 0.00155472, totNum = 3
ROUND = 4629, SUM = 22584884.0000001, bChange = 0.00155472, totNum = 3
ROUND = 4630, SUM = 22584884.0000002, bChange = 0.00155472, totNum = 3
ROUND = 4631, SUM = 22584884.0000001, bChange = 0.00155471, totNum = 3
ROUND = 4632, SUM = 22584884.0000001, bChange = 0.00155471, totNum = 3
ROUND = 4633, SUM = 22584884.0000001, bChange = 0.00155471, totNum = 3
ROUND = 4634, SUM = 22584884.0000001, bChange = 0.00155471, totNum = 3
ROUND = 4635, SUM = 22584884.0000001, bChange = 0.00155471, totNum = 3
ROUND = 4636, SUM = 22584884.0000001, bChange = 0.0015547, totNum = 3
ROUND = 4637, SUM = 22584884.0000001, bChange = 0.0015547, totNum = 3
ROUND = 4638, SUM = 22584884.0000001, bChange = 0.0015547, totNum = 3
ROUND = 4639, SUM = 22584884.0000001, bChange = 0.0015547, totNum = 3
ROUND = 4640, SUM = 22584884.0000001, bChange = 0.0015547, totNum = 3
ROUND = 4641, SUM = 22584884, bChange = 0.00155469, totNum = 3
ROUND = 4642, SUM = 22584884.0000001, bChange = 0.00155469, totNum = 3
ROUND = 4643, SUM = 22584884.0000001, bChange = 0.00155469, totNum = 3
ROUND = 4644, SUM = 22584884.0000001, bChange = 0.00155469, totNum = 3
ROUND = 4645, SUM = 22584884, bChange = 0.00155469, totNum = 3
ROUND = 4646, SUM = 22584884.0000001, bChange = 0.00155468, totNum = 3
ROUND = 4647, SUM = 22584884.0000001, bChange = 0.00155468, totNum = 3
ROUND = 4648, SUM = 22584884.0000001, bChange = 0.00155468, totNum = 3
ROUND = 4649, SUM = 22584884, bChange = 0.00155468, totNum = 3
ROUND = 4650, SUM = 22584884.0000001, bChange = 0.00155468, totNum = 3
ROUND = 4651, SUM = 22584884, bChange = 0.00155467, totNum = 3
ROUND = 4652, SUM = 22584884.0000001, bChange = 0.00155467, totNum = 3
ROUND = 4653, SUM = 22584884.0000001, bChange = 0.00155467, totNum = 3
ROUND = 4654, SUM = 22584884.0000001, bChange = 0.00155467, totNum = 3
ROUND = 4655, SUM = 22584884.0000001, bChange = 0.00155467, totNum = 3
ROUND = 4656, SUM = 22584884.0000001, bChange = 0.00155466, totNum = 3
ROUND = 4657, SUM = 22584884.0000001, bChange = 0.00155466, totNum = 3
ROUND = 4658, SUM = 22584884.0000001, bChange = 0.00155466, totNum = 3
ROUND = 4659, SUM = 22584884.0000001, bChange = 0.00155466, totNum = 3
ROUND = 4660, SUM = 22584884, bChange = 0.00155466, totNum = 3
ROUND = 4661, SUM = 22584884.0000001, bChange = 0.00155465, totNum = 3
ROUND = 4662, SUM = 22584884.0000001, bChange = 0.00155465, totNum = 3
ROUND = 4663, SUM = 22584884.0000001, bChange = 0.00155465, totNum = 3
ROUND = 4664, SUM = 22584884.0000001, bChange = 0.00155465, totNum = 3
ROUND = 4665, SUM = 22584884.0000001, bChange = 0.00155465, totNum = 3
ROUND = 4666, SUM = 22584884, bChange = 0.00155465, totNum = 3
ROUND = 4667, SUM = 22584884.0000001, bChange = 0.00155464, totNum = 3
ROUND = 4668, SUM = 22584884.0000001, bChange = 0.00155464, totNum = 3
ROUND = 4669, SUM = 22584884.0000001, bChange = 0.00155464, totNum = 3
ROUND = 4670, SUM = 22584884.0000001, bChange = 0.00155464, totNum = 3
ROUND = 4671, SUM = 22584884.0000001, bChange = 0.00155464, totNum = 3
ROUND = 4672, SUM = 22584884.0000001, bChange = 0.00155463, totNum = 3
ROUND = 4673, SUM = 22584884.0000001, bChange = 0.00155463, totNum = 3
ROUND = 4674, SUM = 22584884.0000002, bChange = 0.00155463, totNum = 3
ROUND = 4675, SUM = 22584884.0000002, bChange = 0.00155463, totNum = 3
ROUND = 4676, SUM = 22584884.0000001, bChange = 0.00155463, totNum = 3
ROUND = 4677, SUM = 22584884.0000001, bChange = 0.00155463, totNum = 3
ROUND = 4678, SUM = 22584884.0000001, bChange = 0.00155462, totNum = 3
ROUND = 4679, SUM = 22584884.0000002, bChange = 0.00155462, totNum = 3
ROUND = 4680, SUM = 22584884.0000001, bChange = 0.00155462, totNum = 3
ROUND = 4681, SUM = 22584884.0000002, bChange = 0.00155462, totNum = 3
ROUND = 4682, SUM = 22584884.0000002, bChange = 0.00155462, totNum = 3
ROUND = 4683, SUM = 22584884.0000002, bChange = 0.00155461, totNum = 3
ROUND = 4684, SUM = 22584884.0000001, bChange = 0.00155461, totNum = 3
ROUND = 4685, SUM = 22584884.0000002, bChange = 0.00155461, totNum = 3
ROUND = 4686, SUM = 22584884.0000001, bChange = 0.00155461, totNum = 3
ROUND = 4687, SUM = 22584884.0000001, bChange = 0.00155461, totNum = 3
ROUND = 4688, SUM = 22584884.0000001, bChange = 0.00155461, totNum = 3
ROUND = 4689, SUM = 22584884.0000001, bChange = 0.0015546, totNum = 3
ROUND = 4690, SUM = 22584884.0000001, bChange = 0.0015546, totNum = 3
ROUND = 4691, SUM = 22584884.0000001, bChange = 0.0015546, totNum = 3
ROUND = 4692, SUM = 22584884, bChange = 0.0015546, totNum = 3
ROUND = 4693, SUM = 22584884.0000001, bChange = 0.0015546, totNum = 3
ROUND = 4694, SUM = 22584884.0000001, bChange = 0.00155459, totNum = 3
ROUND = 4695, SUM = 22584884.0000001, bChange = 0.00155459, totNum = 3
ROUND = 4696, SUM = 22584884.0000001, bChange = 0.00155459, totNum = 3
ROUND = 4697, SUM = 22584884.0000001, bChange = 0.00155459, totNum = 3
ROUND = 4698, SUM = 22584884.0000001, bChange = 0.00155459, totNum = 3
ROUND = 4699, SUM = 22584884, bChange = 0.00155459, totNum = 3
ROUND = 4700, SUM = 22584884.0000001, bChange = 0.00155458, totNum = 3
ROUND = 4701, SUM = 22584884.0000001, bChange = 0.00155458, totNum = 3
ROUND = 4702, SUM = 22584884.0000001, bChange = 0.00155458, totNum = 3
ROUND = 4703, SUM = 22584884.0000001, bChange = 0.00155458, totNum = 3
ROUND = 4704, SUM = 22584884.0000001, bChange = 0.00155458, totNum = 3
ROUND = 4705, SUM = 22584884.0000001, bChange = 0.00155457, totNum = 3
ROUND = 4706, SUM = 22584884.0000001, bChange = 0.00155457, totNum = 3
ROUND = 4707, SUM = 22584884.0000001, bChange = 0.00155457, totNum = 3
ROUND = 4708, SUM = 22584884.0000001, bChange = 0.00155457, totNum = 3
ROUND = 4709, SUM = 22584884.0000001, bChange = 0.00155457, totNum = 3
ROUND = 4710, SUM = 22584884.0000001, bChange = 0.00155457, totNum = 3
ROUND = 4711, SUM = 22584884.0000001, bChange = 0.00155456, totNum = 3
ROUND = 4712, SUM = 22584884.0000002, bChange = 0.00155456, totNum = 3
ROUND = 4713, SUM = 22584884.0000002, bChange = 0.00155456, totNum = 3
ROUND = 4714, SUM = 22584884.0000001, bChange = 0.00155456, totNum = 3
ROUND = 4715, SUM = 22584884.0000001, bChange = 0.00155456, totNum = 3
ROUND = 4716, SUM = 22584884.0000001, bChange = 0.00155456, totNum = 3
ROUND = 4717, SUM = 22584884, bChange = 0.00155455, totNum = 3
ROUND = 4718, SUM = 22584884.0000001, bChange = 0.00155455, totNum = 3
ROUND = 4719, SUM = 22584884.0000001, bChange = 0.00155455, totNum = 3
ROUND = 4720, SUM = 22584884.0000001, bChange = 0.00155455, totNum = 3
ROUND = 4721, SUM = 22584884.0000001, bChange = 0.00155455, totNum = 3
ROUND = 4722, SUM = 22584884.0000002, bChange = 0.00155454, totNum = 3
ROUND = 4723, SUM = 22584884.0000001, bChange = 0.00155454, totNum = 3
ROUND = 4724, SUM = 22584884.0000002, bChange = 0.00155454, totNum = 3
ROUND = 4725, SUM = 22584884.0000001, bChange = 0.00155454, totNum = 3
ROUND = 4726, SUM = 22584884.0000001, bChange = 0.00155454, totNum = 3
ROUND = 4727, SUM = 22584884.0000001, bChange = 0.00155454, totNum = 3
ROUND = 4728, SUM = 22584884.0000001, bChange = 0.00155453, totNum = 3
ROUND = 4729, SUM = 22584884.0000001, bChange = 0.00155453, totNum = 3
ROUND = 4730, SUM = 22584884.0000001, bChange = 0.00155453, totNum = 3
ROUND = 4731, SUM = 22584884.0000001, bChange = 0.00155453, totNum = 3
ROUND = 4732, SUM = 22584884.0000001, bChange = 0.00155453, totNum = 3
ROUND = 4733, SUM = 22584884.0000002, bChange = 0.00155453, totNum = 3
ROUND = 4734, SUM = 22584884.0000001, bChange = 0.00155452, totNum = 3
ROUND = 4735, SUM = 22584884.0000001, bChange = 0.00155452, totNum = 3
ROUND = 4736, SUM = 22584884.0000001, bChange = 0.00155452, totNum = 3
ROUND = 4737, SUM = 22584884.0000001, bChange = 0.00155452, totNum = 3
ROUND = 4738, SUM = 22584884.0000002, bChange = 0.00155452, totNum = 3
ROUND = 4739, SUM = 22584884.0000001, bChange = 0.00155452, totNum = 3
ROUND = 4740, SUM = 22584884.0000001, bChange = 0.00155451, totNum = 3
ROUND = 4741, SUM = 22584884.0000001, bChange = 0.00155451, totNum = 3
ROUND = 4742, SUM = 22584884.0000001, bChange = 0.00155451, totNum = 3
ROUND = 4743, SUM = 22584884.0000001, bChange = 0.00155451, totNum = 3
ROUND = 4744, SUM = 22584884.0000001, bChange = 0.00155451, totNum = 3
ROUND = 4745, SUM = 22584884.0000002, bChange = 0.00155451, totNum = 3
ROUND = 4746, SUM = 22584884.0000002, bChange = 0.0015545, totNum = 3
ROUND = 4747, SUM = 22584884.0000001, bChange = 0.0015545, totNum = 3
ROUND = 4748, SUM = 22584884.0000001, bChange = 0.0015545, totNum = 3
ROUND = 4749, SUM = 22584884.0000001, bChange = 0.0015545, totNum = 3
ROUND = 4750, SUM = 22584884.0000001, bChange = 0.0015545, totNum = 3
ROUND = 4751, SUM = 22584884.0000001, bChange = 0.0015545, totNum = 3
ROUND = 4752, SUM = 22584884.0000001, bChange = 0.00155449, totNum = 3
ROUND = 4753, SUM = 22584884.0000001, bChange = 0.00155449, totNum = 3
ROUND = 4754, SUM = 22584884.0000001, bChange = 0.00155449, totNum = 3
ROUND = 4755, SUM = 22584884.0000001, bChange = 0.00155449, totNum = 3
ROUND = 4756, SUM = 22584884.0000001, bChange = 0.00155449, totNum = 3
ROUND = 4757, SUM = 22584884.0000001, bChange = 0.00155449, totNum = 3
ROUND = 4758, SUM = 22584884.0000001, bChange = 0.00155448, totNum = 3
ROUND = 4759, SUM = 22584884.0000001, bChange = 0.00155448, totNum = 3
ROUND = 4760, SUM = 22584884.0000001, bChange = 0.00155448, totNum = 3
ROUND = 4761, SUM = 22584884.0000001, bChange = 0.00155448, totNum = 3
ROUND = 4762, SUM = 22584884.0000002, bChange = 0.00155448, totNum = 3
ROUND = 4763, SUM = 22584884.0000001, bChange = 0.00155448, totNum = 3
ROUND = 4764, SUM = 22584884.0000002, bChange = 0.00155448, totNum = 3
ROUND = 4765, SUM = 22584884.0000001, bChange = 0.00155447, totNum = 3
ROUND = 4766, SUM = 22584884.0000001, bChange = 0.00155447, totNum = 3
ROUND = 4767, SUM = 22584884.0000001, bChange = 0.00155447, totNum = 3
ROUND = 4768, SUM = 22584884.0000001, bChange = 0.00155447, totNum = 3
ROUND = 4769, SUM = 22584884.0000001, bChange = 0.00155447, totNum = 3
ROUND = 4770, SUM = 22584884.0000001, bChange = 0.00155447, totNum = 3
ROUND = 4771, SUM = 22584884.0000002, bChange = 0.00155446, totNum = 3
ROUND = 4772, SUM = 22584884.0000001, bChange = 0.00155446, totNum = 3
ROUND = 4773, SUM = 22584884.0000001, bChange = 0.00155446, totNum = 3
ROUND = 4774, SUM = 22584884.0000001, bChange = 0.00155446, totNum = 3
ROUND = 4775, SUM = 22584884.0000001, bChange = 0.00155446, totNum = 3
ROUND = 4776, SUM = 22584884.0000001, bChange = 0.00155446, totNum = 3
ROUND = 4777, SUM = 22584884.0000001, bChange = 0.00155445, totNum = 3
ROUND = 4778, SUM = 22584884.0000001, bChange = 0.00155445, totNum = 3
ROUND = 4779, SUM = 22584884.0000001, bChange = 0.00155445, totNum = 3
ROUND = 4780, SUM = 22584884.0000001, bChange = 0.00155445, totNum = 3
ROUND = 4781, SUM = 22584884.0000001, bChange = 0.00155445, totNum = 3
ROUND = 4782, SUM = 22584884.0000001, bChange = 0.00155445, totNum = 3
ROUND = 4783, SUM = 22584884, bChange = 0.00155444, totNum = 3
ROUND = 4784, SUM = 22584884, bChange = 0.00155444, totNum = 3
ROUND = 4785, SUM = 22584884.0000002, bChange = 0.00155444, totNum = 3
ROUND = 4786, SUM = 22584884.0000001, bChange = 0.00155444, totNum = 3
ROUND = 4787, SUM = 22584884.0000001, bChange = 0.00155444, totNum = 3
ROUND = 4788, SUM = 22584884.0000002, bChange = 0.00155444, totNum = 3
ROUND = 4789, SUM = 22584884.0000002, bChange = 0.00155444, totNum = 3
ROUND = 4790, SUM = 22584884.0000001, bChange = 0.00155443, totNum = 3
ROUND = 4791, SUM = 22584884.0000001, bChange = 0.00155443, totNum = 3
ROUND = 4792, SUM = 22584884.0000001, bChange = 0.00155443, totNum = 3
ROUND = 4793, SUM = 22584884.0000002, bChange = 0.00155443, totNum = 3
ROUND = 4794, SUM = 22584884.0000001, bChange = 0.00155443, totNum = 3
ROUND = 4795, SUM = 22584884.0000001, bChange = 0.00155443, totNum = 3
ROUND = 4796, SUM = 22584884.0000001, bChange = 0.00155442, totNum = 3
ROUND = 4797, SUM = 22584884.0000001, bChange = 0.00155442, totNum = 3
ROUND = 4798, SUM = 22584884.0000001, bChange = 0.00155442, totNum = 3
ROUND = 4799, SUM = 22584884.0000001, bChange = 0.00155442, totNum = 3
ROUND = 4800, SUM = 22584884.0000001, bChange = 0.00155442, totNum = 3
ROUND = 4801, SUM = 22584884, bChange = 0.00155442, totNum = 3
ROUND = 4802, SUM = 22584884.0000001, bChange = 0.00155442, totNum = 3
ROUND = 4803, SUM = 22584884.0000001, bChange = 0.00155441, totNum = 3
ROUND = 4804, SUM = 22584884.0000001, bChange = 0.00155441, totNum = 3
ROUND = 4805, SUM = 22584884.0000001, bChange = 0.00155441, totNum = 3
ROUND = 4806, SUM = 22584884.0000001, bChange = 0.00155441, totNum = 3
ROUND = 4807, SUM = 22584884.0000001, bChange = 0.00155441, totNum = 3
ROUND = 4808, SUM = 22584884.0000001, bChange = 0.00155441, totNum = 3
ROUND = 4809, SUM = 22584884.0000001, bChange = 0.00155441, totNum = 3
ROUND = 4810, SUM = 22584884, bChange = 0.0015544, totNum = 3
ROUND = 4811, SUM = 22584884.0000001, bChange = 0.0015544, totNum = 3
ROUND = 4812, SUM = 22584884.0000001, bChange = 0.0015544, totNum = 3
ROUND = 4813, SUM = 22584884.0000001, bChange = 0.0015544, totNum = 3
ROUND = 4814, SUM = 22584884.0000001, bChange = 0.0015544, totNum = 3
ROUND = 4815, SUM = 22584884.0000001, bChange = 0.0015544, totNum = 3
ROUND = 4816, SUM = 22584884.0000001, bChange = 0.00155439, totNum = 3
ROUND = 4817, SUM = 22584884.0000001, bChange = 0.00155439, totNum = 3
ROUND = 4818, SUM = 22584884.0000001, bChange = 0.00155439, totNum = 3
ROUND = 4819, SUM = 22584884.0000001, bChange = 0.00155439, totNum = 3
ROUND = 4820, SUM = 22584884.0000001, bChange = 0.00155439, totNum = 3
ROUND = 4821, SUM = 22584884.0000001, bChange = 0.00155439, totNum = 3
ROUND = 4822, SUM = 22584884.0000001, bChange = 0.00155439, totNum = 3
ROUND = 4823, SUM = 22584884.0000001, bChange = 0.00155438, totNum = 3
ROUND = 4824, SUM = 22584884.0000001, bChange = 0.00155438, totNum = 3
ROUND = 4825, SUM = 22584884.0000001, bChange = 0.00155438, totNum = 3
ROUND = 4826, SUM = 22584884.0000001, bChange = 0.00155438, totNum = 3
ROUND = 4827, SUM = 22584884.0000001, bChange = 0.00155438, totNum = 3
ROUND = 4828, SUM = 22584884.0000002, bChange = 0.00155438, totNum = 3
ROUND = 4829, SUM = 22584884.0000001, bChange = 0.00155438, totNum = 3
ROUND = 4830, SUM = 22584884.0000001, bChange = 0.00155437, totNum = 3
ROUND = 4831, SUM = 22584884.0000001, bChange = 0.00155437, totNum = 3
ROUND = 4832, SUM = 22584884.0000001, bChange = 0.00155437, totNum = 3
ROUND = 4833, SUM = 22584884.0000001, bChange = 0.00155437, totNum = 3
ROUND = 4834, SUM = 22584884.0000001, bChange = 0.00155437, totNum = 3
ROUND = 4835, SUM = 22584884.0000001, bChange = 0.00155437, totNum = 3
ROUND = 4836, SUM = 22584884.0000001, bChange = 0.00155437, totNum = 3
ROUND = 4837, SUM = 22584884, bChange = 0.00155436, totNum = 3
ROUND = 4838, SUM = 22584884.0000001, bChange = 0.00155436, totNum = 3
ROUND = 4839, SUM = 22584884.0000001, bChange = 0.00155436, totNum = 3
ROUND = 4840, SUM = 22584884.0000002, bChange = 0.00155436, totNum = 3
ROUND = 4841, SUM = 22584884.0000001, bChange = 0.00155436, totNum = 3
ROUND = 4842, SUM = 22584884.0000001, bChange = 0.00155436, totNum = 3
ROUND = 4843, SUM = 22584884.0000001, bChange = 0.00155436, totNum = 3
ROUND = 4844, SUM = 22584884.0000001, bChange = 0.00155435, totNum = 3
ROUND = 4845, SUM = 22584884.0000001, bChange = 0.00155435, totNum = 3
ROUND = 4846, SUM = 22584884.0000001, bChange = 0.00155435, totNum = 3
ROUND = 4847, SUM = 22584884.0000001, bChange = 0.00155435, totNum = 3
ROUND = 4848, SUM = 22584884.0000001, bChange = 0.00155435, totNum = 3
ROUND = 4849, SUM = 22584884.0000001, bChange = 0.00155435, totNum = 3
ROUND = 4850, SUM = 22584884.0000001, bChange = 0.00155435, totNum = 3
ROUND = 4851, SUM = 22584884.0000001, bChange = 0.00155434, totNum = 3
ROUND = 4852, SUM = 22584884.0000001, bChange = 0.00155434, totNum = 3
ROUND = 4853, SUM = 22584884.0000001, bChange = 0.00155434, totNum = 3
ROUND = 4854, SUM = 22584884.0000001, bChange = 0.00155434, totNum = 3
ROUND = 4855, SUM = 22584884.0000001, bChange = 0.00155434, totNum = 3
ROUND = 4856, SUM = 22584884.0000001, bChange = 0.00155434, totNum = 3
ROUND = 4857, SUM = 22584884.0000001, bChange = 0.00155434, totNum = 3
ROUND = 4858, SUM = 22584884.0000001, bChange = 0.00155433, totNum = 3
ROUND = 4859, SUM = 22584884.0000001, bChange = 0.00155433, totNum = 3
ROUND = 4860, SUM = 22584884.0000001, bChange = 0.00155433, totNum = 3
ROUND = 4861, SUM = 22584884.0000001, bChange = 0.00155433, totNum = 3
ROUND = 4862, SUM = 22584884.0000001, bChange = 0.00155433, totNum = 3
ROUND = 4863, SUM = 22584884.0000002, bChange = 0.00155433, totNum = 3
ROUND = 4864, SUM = 22584884.0000002, bChange = 0.00155433, totNum = 3
ROUND = 4865, SUM = 22584884.0000001, bChange = 0.00155432, totNum = 3
ROUND = 4866, SUM = 22584884.0000001, bChange = 0.00155432, totNum = 3
ROUND = 4867, SUM = 22584884.0000001, bChange = 0.00155432, totNum = 3
ROUND = 4868, SUM = 22584884.0000001, bChange = 0.00155432, totNum = 3
ROUND = 4869, SUM = 22584884.0000002, bChange = 0.00155432, totNum = 3
ROUND = 4870, SUM = 22584884.0000002, bChange = 0.00155432, totNum = 3
ROUND = 4871, SUM = 22584884.0000001, bChange = 0.00155432, totNum = 3
ROUND = 4872, SUM = 22584884.0000001, bChange = 0.00155431, totNum = 3
ROUND = 4873, SUM = 22584884.0000001, bChange = 0.00155431, totNum = 3
ROUND = 4874, SUM = 22584884.0000001, bChange = 0.00155431, totNum = 3
ROUND = 4875, SUM = 22584884.0000001, bChange = 0.00155431, totNum = 3
ROUND = 4876, SUM = 22584884.0000001, bChange = 0.00155431, totNum = 3
ROUND = 4877, SUM = 22584884.0000001, bChange = 0.00155431, totNum = 3
ROUND = 4878, SUM = 22584884.0000001, bChange = 0.00155431, totNum = 3
ROUND = 4879, SUM = 22584884.0000001, bChange = 0.00155431, totNum = 3
ROUND = 4880, SUM = 22584884.0000001, bChange = 0.0015543, totNum = 3
ROUND = 4881, SUM = 22584884.0000002, bChange = 0.0015543, totNum = 3
ROUND = 4882, SUM = 22584884.0000002, bChange = 0.0015543, totNum = 3
ROUND = 4883, SUM = 22584884.0000002, bChange = 0.0015543, totNum = 3
ROUND = 4884, SUM = 22584884.0000001, bChange = 0.0015543, totNum = 3
ROUND = 4885, SUM = 22584884.0000001, bChange = 0.0015543, totNum = 3
ROUND = 4886, SUM = 22584884.0000002, bChange = 0.0015543, totNum = 3
ROUND = 4887, SUM = 22584884.0000001, bChange = 0.00155429, totNum = 3
ROUND = 4888, SUM = 22584884.0000001, bChange = 0.00155429, totNum = 3
ROUND = 4889, SUM = 22584884.0000001, bChange = 0.00155429, totNum = 3
ROUND = 4890, SUM = 22584884.0000001, bChange = 0.00155429, totNum = 3
ROUND = 4891, SUM = 22584884.0000001, bChange = 0.00155429, totNum = 3
ROUND = 4892, SUM = 22584884.0000001, bChange = 0.00155429, totNum = 3
ROUND = 4893, SUM = 22584884.0000001, bChange = 0.00155429, totNum = 3
ROUND = 4894, SUM = 22584884.0000002, bChange = 0.00155429, totNum = 3
ROUND = 4895, SUM = 22584884.0000001, bChange = 0.00155428, totNum = 3
ROUND = 4896, SUM = 22584884.0000002, bChange = 0.00155428, totNum = 3
ROUND = 4897, SUM = 22584884.0000001, bChange = 0.00155428, totNum = 3
ROUND = 4898, SUM = 22584884.0000001, bChange = 0.00155428, totNum = 3
ROUND = 4899, SUM = 22584884.0000002, bChange = 0.00155428, totNum = 3
ROUND = 4900, SUM = 22584884.0000002, bChange = 0.00155428, totNum = 3
ROUND = 4901, SUM = 22584884.0000001, bChange = 0.00155428, totNum = 3
ROUND = 4902, SUM = 22584884.0000001, bChange = 0.00155428, totNum = 3
ROUND = 4903, SUM = 22584884.0000001, bChange = 0.00155427, totNum = 3
ROUND = 4904, SUM = 22584884.0000002, bChange = 0.00155427, totNum = 3
ROUND = 4905, SUM = 22584884.0000001, bChange = 0.00155427, totNum = 3
ROUND = 4906, SUM = 22584884.0000002, bChange = 0.00155427, totNum = 3
ROUND = 4907, SUM = 22584884.0000001, bChange = 0.00155427, totNum = 3
ROUND = 4908, SUM = 22584884.0000001, bChange = 0.00155427, totNum = 3
ROUND = 4909, SUM = 22584884.0000001, bChange = 0.00155427, totNum = 3
ROUND = 4910, SUM = 22584884.0000001, bChange = 0.00155426, totNum = 3
ROUND = 4911, SUM = 22584884.0000002, bChange = 0.00155426, totNum = 3
ROUND = 4912, SUM = 22584884.0000001, bChange = 0.00155426, totNum = 3
ROUND = 4913, SUM = 22584884.0000001, bChange = 0.00155426, totNum = 3
ROUND = 4914, SUM = 22584884.0000002, bChange = 0.00155426, totNum = 3
ROUND = 4915, SUM = 22584884.0000001, bChange = 0.00155426, totNum = 3
ROUND = 4916, SUM = 22584884.0000001, bChange = 0.00155426, totNum = 3
ROUND = 4917, SUM = 22584884.0000001, bChange = 0.00155426, totNum = 3
ROUND = 4918, SUM = 22584884.0000001, bChange = 0.00155425, totNum = 3
ROUND = 4919, SUM = 22584884.0000002, bChange = 0.00155425, totNum = 3
ROUND = 4920, SUM = 22584884.0000001, bChange = 0.00155425, totNum = 3
ROUND = 4921, SUM = 22584884.0000001, bChange = 0.00155425, totNum = 3
ROUND = 4922, SUM = 22584884.0000001, bChange = 0.00155425, totNum = 3
ROUND = 4923, SUM = 22584884.0000001, bChange = 0.00155425, totNum = 3
ROUND = 4924, SUM = 22584884.0000001, bChange = 0.00155425, totNum = 3
ROUND = 4925, SUM = 22584884.0000001, bChange = 0.00155425, totNum = 3
ROUND = 4926, SUM = 22584884.0000001, bChange = 0.00155424, totNum = 3
ROUND = 4927, SUM = 22584884.0000001, bChange = 0.00155424, totNum = 3
ROUND = 4928, SUM = 22584884, bChange = 0.00155424, totNum = 3
ROUND = 4929, SUM = 22584884.0000001, bChange = 0.00155424, totNum = 3
ROUND = 4930, SUM = 22584884.0000002, bChange = 0.00155424, totNum = 3
ROUND = 4931, SUM = 22584884.0000001, bChange = 0.00155424, totNum = 3
ROUND = 4932, SUM = 22584884.0000001, bChange = 0.00155424, totNum = 3
ROUND = 4933, SUM = 22584884.0000001, bChange = 0.00155424, totNum = 3
ROUND = 4934, SUM = 22584884.0000001, bChange = 0.00155423, totNum = 3
ROUND = 4935, SUM = 22584884.0000002, bChange = 0.00155423, totNum = 3
ROUND = 4936, SUM = 22584884, bChange = 0.00155423, totNum = 3
ROUND = 4937, SUM = 22584884.0000002, bChange = 0.00155423, totNum = 3
ROUND = 4938, SUM = 22584884.0000001, bChange = 0.00155423, totNum = 3
ROUND = 4939, SUM = 22584884.0000001, bChange = 0.00155423, totNum = 3
ROUND = 4940, SUM = 22584884.0000001, bChange = 0.00155423, totNum = 3
ROUND = 4941, SUM = 22584884.0000001, bChange = 0.00155423, totNum = 3
ROUND = 4942, SUM = 22584884.0000001, bChange = 0.00155422, totNum = 3
ROUND = 4943, SUM = 22584884.0000001, bChange = 0.00155422, totNum = 3
ROUND = 4944, SUM = 22584884.0000001, bChange = 0.00155422, totNum = 3
ROUND = 4945, SUM = 22584884.0000001, bChange = 0.00155422, totNum = 3
ROUND = 4946, SUM = 22584884.0000001, bChange = 0.00155422, totNum = 3
ROUND = 4947, SUM = 22584884.0000002, bChange = 0.00155422, totNum = 3
ROUND = 4948, SUM = 22584884.0000002, bChange = 0.00155422, totNum = 3
ROUND = 4949, SUM = 22584884.0000001, bChange = 0.00155422, totNum = 3
ROUND = 4950, SUM = 22584884.0000001, bChange = 0.00155421, totNum = 3
ROUND = 4951, SUM = 22584884.0000001, bChange = 0.00155421, totNum = 3
ROUND = 4952, SUM = 22584884.0000001, bChange = 0.00155421, totNum = 3
ROUND = 4953, SUM = 22584884.0000001, bChange = 0.00155421, totNum = 3
ROUND = 4954, SUM = 22584884.0000001, bChange = 0.00155421, totNum = 3
ROUND = 4955, SUM = 22584884.0000001, bChange = 0.00155421, totNum = 3
ROUND = 4956, SUM = 22584884.0000001, bChange = 0.00155421, totNum = 3
ROUND = 4957, SUM = 22584884.0000001, bChange = 0.00155421, totNum = 3
ROUND = 4958, SUM = 22584884.0000002, bChange = 0.00155421, totNum = 3
ROUND = 4959, SUM = 22584884, bChange = 0.0015542, totNum = 3
ROUND = 4960, SUM = 22584884.0000001, bChange = 0.0015542, totNum = 3
ROUND = 4961, SUM = 22584884.0000001, bChange = 0.0015542, totNum = 3
ROUND = 4962, SUM = 22584884.0000001, bChange = 0.0015542, totNum = 3
ROUND = 4963, SUM = 22584884.0000001, bChange = 0.0015542, totNum = 3
ROUND = 4964, SUM = 22584884.0000001, bChange = 0.0015542, totNum = 3
ROUND = 4965, SUM = 22584884.0000001, bChange = 0.0015542, totNum = 3
ROUND = 4966, SUM = 22584884.0000001, bChange = 0.0015542, totNum = 3
ROUND = 4967, SUM = 22584884.0000001, bChange = 0.00155419, totNum = 3
ROUND = 4968, SUM = 22584884.0000001, bChange = 0.00155419, totNum = 3
ROUND = 4969, SUM = 22584884.0000001, bChange = 0.00155419, totNum = 3
ROUND = 4970, SUM = 22584884.0000001, bChange = 0.00155419, totNum = 3
ROUND = 4971, SUM = 22584884.0000002, bChange = 0.00155419, totNum = 3
ROUND = 4972, SUM = 22584884.0000001, bChange = 0.00155419, totNum = 3
ROUND = 4973, SUM = 22584884.0000001, bChange = 0.00155419, totNum = 3
ROUND = 4974, SUM = 22584884.0000001, bChange = 0.00155419, totNum = 3
ROUND = 4975, SUM = 22584884.0000001, bChange = 0.00155419, totNum = 3
ROUND = 4976, SUM = 22584884.0000001, bChange = 0.00155418, totNum = 3
ROUND = 4977, SUM = 22584884.0000001, bChange = 0.00155418, totNum = 2
ROUND = 4978, SUM = 22584884.0000001, bChange = 0.00155418, totNum = 2
ROUND = 4979, SUM = 22584884.0000001, bChange = 0.00155418, totNum = 2
ROUND = 4980, SUM = 22584884, bChange = 0.00155418, totNum = 2
ROUND = 4981, SUM = 22584884, bChange = 0.00155418, totNum = 2
ROUND = 4982, SUM = 22584884.0000001, bChange = 0.00155418, totNum = 2
ROUND = 4983, SUM = 22584884.0000001, bChange = 0.00155418, totNum = 2
ROUND = 4984, SUM = 22584884.0000002, bChange = 0.00155417, totNum = 2
ROUND = 4985, SUM = 22584884.0000001, bChange = 0.00155417, totNum = 2
ROUND = 4986, SUM = 22584884.0000001, bChange = 0.00155417, totNum = 2
ROUND = 4987, SUM = 22584884.0000001, bChange = 0.00155417, totNum = 2
ROUND = 4988, SUM = 22584884.0000001, bChange = 0.00155417, totNum = 2
ROUND = 4989, SUM = 22584884.0000001, bChange = 0.00155417, totNum = 2
ROUND = 4990, SUM = 22584884.0000001, bChange = 0.00155417, totNum = 2
ROUND = 4991, SUM = 22584884.0000002, bChange = 0.00155417, totNum = 2
ROUND = 4992, SUM = 22584884.0000001, bChange = 0.00155417, totNum = 2
ROUND = 4993, SUM = 22584884.0000001, bChange = 0.00155416, totNum = 2
ROUND = 4994, SUM = 22584884.0000001, bChange = 0.00155416, totNum = 2
ROUND = 4995, SUM = 22584884.0000001, bChange = 0.00155416, totNum = 2
ROUND = 4996, SUM = 22584884, bChange = 0.00155416, totNum = 2
ROUND = 4997, SUM = 22584884.0000001, bChange = 0.00155416, totNum = 2
ROUND = 4998, SUM = 22584884.0000001, bChange = 0.00155416, totNum = 2
ROUND = 4999, SUM = 22584884.0000001, bChange = 0.00155416, totNum = 2
ROUND = 5000, SUM = 22584884.0000001, bChange = 0.00155416, totNum = 2
ROUND = 5001, SUM = 22584884.0000001, bChange = 0.00155416, totNum = 2
ROUND = 5002, SUM = 22584884.0000001, bChange = 0.00155415, totNum = 2
ROUND = 5003, SUM = 22584884.0000001, bChange = 0.00155415, totNum = 2
ROUND = 5004, SUM = 22584884.0000001, bChange = 0.00155415, totNum = 2
ROUND = 5005, SUM = 22584884.0000002, bChange = 0.00155415, totNum = 2
ROUND = 5006, SUM = 22584884.0000001, bChange = 0.00155415, totNum = 2
ROUND = 5007, SUM = 22584884.0000001, bChange = 0.00155415, totNum = 2
ROUND = 5008, SUM = 22584884.0000001, bChange = 0.00155415, totNum = 2
ROUND = 5009, SUM = 22584884.0000001, bChange = 0.00155415, totNum = 2
ROUND = 5010, SUM = 22584884.0000001, bChange = 0.00155415, totNum = 2
ROUND = 5011, SUM = 22584884.0000001, bChange = 0.00155414, totNum = 2
ROUND = 5012, SUM = 22584884.0000001, bChange = 0.00155414, totNum = 2
ROUND = 5013, SUM = 22584884.0000001, bChange = 0.00155414, totNum = 2
ROUND = 5014, SUM = 22584884.0000001, bChange = 0.00155414, totNum = 2
ROUND = 5015, SUM = 22584884.0000001, bChange = 0.00155414, totNum = 2
ROUND = 5016, SUM = 22584884.0000001, bChange = 0.00155414, totNum = 2
ROUND = 5017, SUM = 22584884.0000001, bChange = 0.00155414, totNum = 2
ROUND = 5018, SUM = 22584884.0000001, bChange = 0.00155414, totNum = 2
ROUND = 5019, SUM = 22584884.0000002, bChange = 0.00155414, totNum = 2
ROUND = 5020, SUM = 22584884.0000001, bChange = 0.00155413, totNum = 2
ROUND = 5021, SUM = 22584884.0000002, bChange = 0.00155413, totNum = 2
ROUND = 5022, SUM = 22584884.0000001, bChange = 0.00155413, totNum = 2
ROUND = 5023, SUM = 22584884.0000001, bChange = 0.00155413, totNum = 2
ROUND = 5024, SUM = 22584884, bChange = 0.00155413, totNum = 2
ROUND = 5025, SUM = 22584884.0000002, bChange = 0.00155413, totNum = 2
ROUND = 5026, SUM = 22584884.0000001, bChange = 0.00155413, totNum = 2
ROUND = 5027, SUM = 22584884.0000001, bChange = 0.00155413, totNum = 2
ROUND = 5028, SUM = 22584884.0000001, bChange = 0.00155413, totNum = 2
ROUND = 5029, SUM = 22584884.0000001, bChange = 0.00155413, totNum = 2
ROUND = 5030, SUM = 22584884.0000001, bChange = 0.00155412, totNum = 2
ROUND = 5031, SUM = 22584884.0000001, bChange = 0.00155412, totNum = 2
ROUND = 5032, SUM = 22584884.0000002, bChange = 0.00155412, totNum = 2
ROUND = 5033, SUM = 22584884.0000001, bChange = 0.00155412, totNum = 2
ROUND = 5034, SUM = 22584884.0000002, bChange = 0.00155412, totNum = 2
ROUND = 5035, SUM = 22584884.0000001, bChange = 0.00155412, totNum = 2
ROUND = 5036, SUM = 22584884.0000001, bChange = 0.00155412, totNum = 2
ROUND = 5037, SUM = 22584884.0000001, bChange = 0.00155412, totNum = 2
ROUND = 5038, SUM = 22584884.0000001, bChange = 0.00155412, totNum = 2
ROUND = 5039, SUM = 22584884.0000001, bChange = 0.00155411, totNum = 2
ROUND = 5040, SUM = 22584884.0000001, bChange = 0.00155411, totNum = 2
ROUND = 5041, SUM = 22584884.0000001, bChange = 0.00155411, totNum = 2
ROUND = 5042, SUM = 22584884, bChange = 0.00155411, totNum = 2
ROUND = 5043, SUM = 22584884, bChange = 0.00155411, totNum = 2
ROUND = 5044, SUM = 22584884.0000001, bChange = 0.00155411, totNum = 2
ROUND = 5045, SUM = 22584884.0000001, bChange = 0.00155411, totNum = 2
ROUND = 5046, SUM = 22584884.0000001, bChange = 0.00155411, totNum = 2
ROUND = 5047, SUM = 22584884.0000001, bChange = 0.00155411, totNum = 2
ROUND = 5048, SUM = 22584884.0000001, bChange = 0.00155411, totNum = 2
ROUND = 5049, SUM = 22584884.0000001, bChange = 0.0015541, totNum = 2
ROUND = 5050, SUM = 22584884, bChange = 0.0015541, totNum = 2
ROUND = 5051, SUM = 22584884.0000001, bChange = 0.0015541, totNum = 2
ROUND = 5052, SUM = 22584884, bChange = 0.0015541, totNum = 2
ROUND = 5053, SUM = 22584884.0000001, bChange = 0.0015541, totNum = 2
ROUND = 5054, SUM = 22584884.0000001, bChange = 0.0015541, totNum = 2
ROUND = 5055, SUM = 22584884.0000001, bChange = 0.0015541, totNum = 2
ROUND = 5056, SUM = 22584884.0000001, bChange = 0.0015541, totNum = 2
ROUND = 5057, SUM = 22584884.0000001, bChange = 0.0015541, totNum = 2
ROUND = 5058, SUM = 22584884.0000001, bChange = 0.0015541, totNum = 2
ROUND = 5059, SUM = 22584884.0000001, bChange = 0.00155409, totNum = 2
ROUND = 5060, SUM = 22584884.0000001, bChange = 0.00155409, totNum = 2
ROUND = 5061, SUM = 22584884.0000001, bChange = 0.00155409, totNum = 2
ROUND = 5062, SUM = 22584884.0000001, bChange = 0.00155409, totNum = 2
ROUND = 5063, SUM = 22584884.0000001, bChange = 0.00155409, totNum = 2
ROUND = 5064, SUM = 22584884, bChange = 0.00155409, totNum = 2
ROUND = 5065, SUM = 22584884.0000001, bChange = 0.00155409, totNum = 2
ROUND = 5066, SUM = 22584884.0000001, bChange = 0.00155409, totNum = 2
ROUND = 5067, SUM = 22584884, bChange = 0.00155409, totNum = 2
ROUND = 5068, SUM = 22584884.0000001, bChange = 0.00155408, totNum = 2
ROUND = 5069, SUM = 22584884.0000001, bChange = 0.00155408, totNum = 2
ROUND = 5070, SUM = 22584884.0000001, bChange = 0.00155408, totNum = 2
ROUND = 5071, SUM = 22584884.0000001, bChange = 0.00155408, totNum = 2
ROUND = 5072, SUM = 22584884.0000001, bChange = 0.00155408, totNum = 2
ROUND = 5073, SUM = 22584884.0000001, bChange = 0.00155408, totNum = 2
ROUND = 5074, SUM = 22584884, bChange = 0.00155408, totNum = 2
ROUND = 5075, SUM = 22584884, bChange = 0.00155408, totNum = 2
ROUND = 5076, SUM = 22584884, bChange = 0.00155408, totNum = 2
ROUND = 5077, SUM = 22584884, bChange = 0.00155408, totNum = 2
ROUND = 5078, SUM = 22584884.0000001, bChange = 0.00155407, totNum = 2
ROUND = 5079, SUM = 22584884.0000001, bChange = 0.00155407, totNum = 2
ROUND = 5080, SUM = 22584884.0000001, bChange = 0.00155407, totNum = 2
ROUND = 5081, SUM = 22584884.0000001, bChange = 0.00155407, totNum = 2
ROUND = 5082, SUM = 22584884.0000001, bChange = 0.00155407, totNum = 2
ROUND = 5083, SUM = 22584884.0000001, bChange = 0.00155407, totNum = 2
ROUND = 5084, SUM = 22584884.0000001, bChange = 0.00155407, totNum = 2
ROUND = 5085, SUM = 22584884.0000001, bChange = 0.00155407, totNum = 2
ROUND = 5086, SUM = 22584884.0000001, bChange = 0.00155407, totNum = 2
ROUND = 5087, SUM = 22584884, bChange = 0.00155407, totNum = 2
ROUND = 5088, SUM = 22584884.0000001, bChange = 0.00155407, totNum = 2
ROUND = 5089, SUM = 22584884.0000001, bChange = 0.00155406, totNum = 2
ROUND = 5090, SUM = 22584884.0000001, bChange = 0.00155406, totNum = 2
ROUND = 5091, SUM = 22584884.0000001, bChange = 0.00155406, totNum = 2
ROUND = 5092, SUM = 22584884.0000001, bChange = 0.00155406, totNum = 2
ROUND = 5093, SUM = 22584884.0000001, bChange = 0.00155406, totNum = 2
ROUND = 5094, SUM = 22584884.0000001, bChange = 0.00155406, totNum = 2
ROUND = 5095, SUM = 22584884, bChange = 0.00155406, totNum = 2
ROUND = 5096, SUM = 22584884, bChange = 0.00155406, totNum = 2
ROUND = 5097, SUM = 22584884.0000001, bChange = 0.00155406, totNum = 2
ROUND = 5098, SUM = 22584884.0000001, bChange = 0.00155406, totNum = 2
ROUND = 5099, SUM = 22584884.0000001, bChange = 0.00155405, totNum = 2
ROUND = 5100, SUM = 22584884, bChange = 0.00155405, totNum = 2
ROUND = 5101, SUM = 22584884.0000001, bChange = 0.00155405, totNum = 2
ROUND = 5102, SUM = 22584884.0000001, bChange = 0.00155405, totNum = 2
ROUND = 5103, SUM = 22584884.0000001, bChange = 0.00155405, totNum = 2
ROUND = 5104, SUM = 22584884.0000001, bChange = 0.00155405, totNum = 2
ROUND = 5105, SUM = 22584884, bChange = 0.00155405, totNum = 2
ROUND = 5106, SUM = 22584884.0000001, bChange = 0.00155405, totNum = 2
ROUND = 5107, SUM = 22584884.0000001, bChange = 0.00155405, totNum = 2
ROUND = 5108, SUM = 22584884.0000001, bChange = 0.00155405, totNum = 2
ROUND = 5109, SUM = 22584884, bChange = 0.00155405, totNum = 2
ROUND = 5110, SUM = 22584884.0000001, bChange = 0.00155404, totNum = 2
ROUND = 5111, SUM = 22584884.0000001, bChange = 0.00155404, totNum = 2
ROUND = 5112, SUM = 22584884, bChange = 0.00155404, totNum = 2
ROUND = 5113, SUM = 22584884, bChange = 0.00155404, totNum = 2
ROUND = 5114, SUM = 22584884, bChange = 0.00155404, totNum = 2
ROUND = 5115, SUM = 22584884.0000001, bChange = 0.00155404, totNum = 2
ROUND = 5116, SUM = 22584884, bChange = 0.00155404, totNum = 2
ROUND = 5117, SUM = 22584884, bChange = 0.00155404, totNum = 2
ROUND = 5118, SUM = 22584884.0000001, bChange = 0.00155404, totNum = 2
ROUND = 5119, SUM = 22584884.0000001, bChange = 0.00155404, totNum = 2
ROUND = 5120, SUM = 22584884.0000001, bChange = 0.00155403, totNum = 2
ROUND = 5121, SUM = 22584884.0000001, bChange = 0.00155403, totNum = 2
ROUND = 5122, SUM = 22584884.0000001, bChange = 0.00155403, totNum = 2
ROUND = 5123, SUM = 22584884.0000001, bChange = 0.00155403, totNum = 2
ROUND = 5124, SUM = 22584884, bChange = 0.00155403, totNum = 2
ROUND = 5125, SUM = 22584884, bChange = 0.00155403, totNum = 2
ROUND = 5126, SUM = 22584884.0000001, bChange = 0.00155403, totNum = 2
ROUND = 5127, SUM = 22584884, bChange = 0.00155403, totNum = 2
ROUND = 5128, SUM = 22584884.0000001, bChange = 0.00155403, totNum = 2
ROUND = 5129, SUM = 22584884.0000001, bChange = 0.00155403, totNum = 2
ROUND = 5130, SUM = 22584884.0000001, bChange = 0.00155403, totNum = 2
ROUND = 5131, SUM = 22584884, bChange = 0.00155402, totNum = 2
ROUND = 5132, SUM = 22584884.0000001, bChange = 0.00155402, totNum = 2
ROUND = 5133, SUM = 22584884.0000001, bChange = 0.00155402, totNum = 2
ROUND = 5134, SUM = 22584884.0000001, bChange = 0.00155402, totNum = 2
ROUND = 5135, SUM = 22584884, bChange = 0.00155402, totNum = 2
ROUND = 5136, SUM = 22584884.0000001, bChange = 0.00155402, totNum = 2
ROUND = 5137, SUM = 22584884.0000001, bChange = 0.00155402, totNum = 2
ROUND = 5138, SUM = 22584884.0000001, bChange = 0.00155402, totNum = 2
ROUND = 5139, SUM = 22584884.0000001, bChange = 0.00155402, totNum = 2
ROUND = 5140, SUM = 22584884.0000001, bChange = 0.00155402, totNum = 2
ROUND = 5141, SUM = 22584884.0000001, bChange = 0.00155402, totNum = 2
ROUND = 5142, SUM = 22584884.0000001, bChange = 0.00155401, totNum = 2
ROUND = 5143, SUM = 22584884.0000001, bChange = 0.00155401, totNum = 2
ROUND = 5144, SUM = 22584884.0000001, bChange = 0.00155401, totNum = 2
ROUND = 5145, SUM = 22584884.0000001, bChange = 0.00155401, totNum = 2
ROUND = 5146, SUM = 22584884.0000001, bChange = 0.00155401, totNum = 2
ROUND = 5147, SUM = 22584884.0000001, bChange = 0.00155401, totNum = 2
ROUND = 5148, SUM = 22584884.0000002, bChange = 0.00155401, totNum = 2
ROUND = 5149, SUM = 22584884.0000001, bChange = 0.00155401, totNum = 2
ROUND = 5150, SUM = 22584884.0000001, bChange = 0.00155401, totNum = 2
ROUND = 5151, SUM = 22584884.0000001, bChange = 0.00155401, totNum = 2
ROUND = 5152, SUM = 22584884, bChange = 0.00155401, totNum = 2
ROUND = 5153, SUM = 22584884, bChange = 0.00155401, totNum = 2
ROUND = 5154, SUM = 22584884.0000001, bChange = 0.001554, totNum = 2
ROUND = 5155, SUM = 22584884.0000001, bChange = 0.001554, totNum = 2
ROUND = 5156, SUM = 22584884.0000001, bChange = 0.001554, totNum = 2
ROUND = 5157, SUM = 22584884, bChange = 0.001554, totNum = 2
ROUND = 5158, SUM = 22584884.0000001, bChange = 0.001554, totNum = 2
ROUND = 5159, SUM = 22584884.0000001, bChange = 0.001554, totNum = 2
ROUND = 5160, SUM = 22584884, bChange = 0.001554, totNum = 2
ROUND = 5161, SUM = 22584884.0000001, bChange = 0.001554, totNum = 2
ROUND = 5162, SUM = 22584884, bChange = 0.001554, totNum = 2
ROUND = 5163, SUM = 22584884.0000001, bChange = 0.001554, totNum = 2
ROUND = 5164, SUM = 22584884.0000001, bChange = 0.001554, totNum = 2
ROUND = 5165, SUM = 22584884.0000001, bChange = 0.00155399, totNum = 2
ROUND = 5166, SUM = 22584884.0000001, bChange = 0.00155399, totNum = 2
ROUND = 5167, SUM = 22584884.0000001, bChange = 0.00155399, totNum = 2
ROUND = 5168, SUM = 22584884, bChange = 0.00155399, totNum = 2
ROUND = 5169, SUM = 22584884.0000001, bChange = 0.00155399, totNum = 2
ROUND = 5170, SUM = 22584884.0000001, bChange = 0.00155399, totNum = 2
ROUND = 5171, SUM = 22584884.0000001, bChange = 0.00155399, totNum = 2
ROUND = 5172, SUM = 22584884.0000002, bChange = 0.00155399, totNum = 2
ROUND = 5173, SUM = 22584884.0000001, bChange = 0.00155399, totNum = 2
ROUND = 5174, SUM = 22584884.0000001, bChange = 0.00155399, totNum = 2
ROUND = 5175, SUM = 22584884.0000001, bChange = 0.00155399, totNum = 2
ROUND = 5176, SUM = 22584884.0000001, bChange = 0.00155399, totNum = 2
ROUND = 5177, SUM = 22584884.0000001, bChange = 0.00155398, totNum = 2
ROUND = 5178, SUM = 22584884.0000001, bChange = 0.00155398, totNum = 2
ROUND = 5179, SUM = 22584884, bChange = 0.00155398, totNum = 2
ROUND = 5180, SUM = 22584884, bChange = 0.00155398, totNum = 2
ROUND = 5181, SUM = 22584884, bChange = 0.00155398, totNum = 2
ROUND = 5182, SUM = 22584884.0000001, bChange = 0.00155398, totNum = 2
ROUND = 5183, SUM = 22584884.0000001, bChange = 0.00155398, totNum = 2
ROUND = 5184, SUM = 22584884, bChange = 0.00155398, totNum = 2
ROUND = 5185, SUM = 22584884.0000001, bChange = 0.00155398, totNum = 2
ROUND = 5186, SUM = 22584884.0000001, bChange = 0.00155398, totNum = 2
ROUND = 5187, SUM = 22584884.0000001, bChange = 0.00155398, totNum = 2
ROUND = 5188, SUM = 22584884.0000001, bChange = 0.00155398, totNum = 2
ROUND = 5189, SUM = 22584884.0000001, bChange = 0.00155397, totNum = 2
ROUND = 5190, SUM = 22584884.0000001, bChange = 0.00155397, totNum = 2
ROUND = 5191, SUM = 22584884.0000001, bChange = 0.00155397, totNum = 2
ROUND = 5192, SUM = 22584884.0000001, bChange = 0.00155397, totNum = 2
ROUND = 5193, SUM = 22584884.0000001, bChange = 0.00155397, totNum = 2
ROUND = 5194, SUM = 22584884.0000001, bChange = 0.00155397, totNum = 2
ROUND = 5195, SUM = 22584884, bChange = 0.00155397, totNum = 2
ROUND = 5196, SUM = 22584884, bChange = 0.00155397, totNum = 2
ROUND = 5197, SUM = 22584884, bChange = 0.00155397, totNum = 2
ROUND = 5198, SUM = 22584884.0000001, bChange = 0.00155397, totNum = 2
ROUND = 5199, SUM = 22584884.0000001, bChange = 0.00155397, totNum = 2
ROUND = 5200, SUM = 22584884.0000001, bChange = 0.00155397, totNum = 2
ROUND = 5201, SUM = 22584884.0000001, bChange = 0.00155396, totNum = 2
ROUND = 5202, SUM = 22584884.0000001, bChange = 0.00155396, totNum = 2
ROUND = 5203, SUM = 22584884, bChange = 0.00155396, totNum = 2
ROUND = 5204, SUM = 22584884.0000001, bChange = 0.00155396, totNum = 2
ROUND = 5205, SUM = 22584884.0000001, bChange = 0.00155396, totNum = 2
ROUND = 5206, SUM = 22584884.0000001, bChange = 0.00155396, totNum = 2
ROUND = 5207, SUM = 22584884, bChange = 0.00155396, totNum = 2
ROUND = 5208, SUM = 22584884.0000001, bChange = 0.00155396, totNum = 2
ROUND = 5209, SUM = 22584884.0000001, bChange = 0.00155396, totNum = 2
ROUND = 5210, SUM = 22584884.0000001, bChange = 0.00155396, totNum = 2
ROUND = 5211, SUM = 22584884, bChange = 0.00155396, totNum = 2
ROUND = 5212, SUM = 22584884.0000001, bChange = 0.00155396, totNum = 2
ROUND = 5213, SUM = 22584884.0000001, bChange = 0.00155395, totNum = 2
ROUND = 5214, SUM = 22584884, bChange = 0.00155395, totNum = 2
ROUND = 5215, SUM = 22584884.0000001, bChange = 0.00155395, totNum = 2
ROUND = 5216, SUM = 22584884.0000001, bChange = 0.00155395, totNum = 2
ROUND = 5217, SUM = 22584884.0000001, bChange = 0.00155395, totNum = 2
ROUND = 5218, SUM = 22584884.0000001, bChange = 0.00155395, totNum = 2
ROUND = 5219, SUM = 22584884.0000001, bChange = 0.00155395, totNum = 2
ROUND = 5220, SUM = 22584884.0000001, bChange = 0.00155395, totNum = 2
ROUND = 5221, SUM = 22584884.0000001, bChange = 0.00155395, totNum = 2
ROUND = 5222, SUM = 22584884.0000001, bChange = 0.00155395, totNum = 2
ROUND = 5223, SUM = 22584884.0000001, bChange = 0.00155395, totNum = 2
ROUND = 5224, SUM = 22584884, bChange = 0.00155395, totNum = 2
ROUND = 5225, SUM = 22584884, bChange = 0.00155395, totNum = 2
ROUND = 5226, SUM = 22584884.0000001, bChange = 0.00155394, totNum = 2
ROUND = 5227, SUM = 22584884, bChange = 0.00155394, totNum = 2
ROUND = 5228, SUM = 22584884.0000001, bChange = 0.00155394, totNum = 2
ROUND = 5229, SUM = 22584884.0000001, bChange = 0.00155394, totNum = 2
ROUND = 5230, SUM = 22584884.0000001, bChange = 0.00155394, totNum = 2
ROUND = 5231, SUM = 22584884.0000001, bChange = 0.00155394, totNum = 2
ROUND = 5232, SUM = 22584884, bChange = 0.00155394, totNum = 2
ROUND = 5233, SUM = 22584884.0000001, bChange = 0.00155394, totNum = 2
ROUND = 5234, SUM = 22584884, bChange = 0.00155394, totNum = 2
ROUND = 5235, SUM = 22584884.0000001, bChange = 0.00155394, totNum = 2
ROUND = 5236, SUM = 22584884.0000001, bChange = 0.00155394, totNum = 2
ROUND = 5237, SUM = 22584884, bChange = 0.00155394, totNum = 2
ROUND = 5238, SUM = 22584884, bChange = 0.00155394, totNum = 2
ROUND = 5239, SUM = 22584884.0000001, bChange = 0.00155393, totNum = 2
ROUND = 5240, SUM = 22584884.0000001, bChange = 0.00155393, totNum = 2
ROUND = 5241, SUM = 22584884.0000001, bChange = 0.00155393, totNum = 2
ROUND = 5242, SUM = 22584884, bChange = 0.00155393, totNum = 2
ROUND = 5243, SUM = 22584884.0000001, bChange = 0.00155393, totNum = 2
ROUND = 5244, SUM = 22584884, bChange = 0.00155393, totNum = 2
ROUND = 5245, SUM = 22584884.0000001, bChange = 0.00155393, totNum = 2
ROUND = 5246, SUM = 22584884.0000001, bChange = 0.00155393, totNum = 2
ROUND = 5247, SUM = 22584884.0000001, bChange = 0.00155393, totNum = 2
ROUND = 5248, SUM = 22584884.0000001, bChange = 0.00155393, totNum = 2
ROUND = 5249, SUM = 22584884, bChange = 0.00155393, totNum = 2
ROUND = 5250, SUM = 22584884.0000001, bChange = 0.00155393, totNum = 2
ROUND = 5251, SUM = 22584884, bChange = 0.00155393, totNum = 2
ROUND = 5252, SUM = 22584884.0000001, bChange = 0.00155392, totNum = 2
ROUND = 5253, SUM = 22584884.0000001, bChange = 0.00155392, totNum = 2
ROUND = 5254, SUM = 22584884, bChange = 0.00155392, totNum = 2
ROUND = 5255, SUM = 22584884, bChange = 0.00155392, totNum = 2
ROUND = 5256, SUM = 22584884.0000001, bChange = 0.00155392, totNum = 2
ROUND = 5257, SUM = 22584884.0000001, bChange = 0.00155392, totNum = 2
ROUND = 5258, SUM = 22584884.0000001, bChange = 0.00155392, totNum = 2
ROUND = 5259, SUM = 22584884.0000001, bChange = 0.00155392, totNum = 2
ROUND = 5260, SUM = 22584884.0000001, bChange = 0.00155392, totNum = 2
ROUND = 5261, SUM = 22584884.0000001, bChange = 0.00155392, totNum = 2
ROUND = 5262, SUM = 22584884.0000001, bChange = 0.00155392, totNum = 2
ROUND = 5263, SUM = 22584884, bChange = 0.00155392, totNum = 2
ROUND = 5264, SUM = 22584884.0000001, bChange = 0.00155392, totNum = 2
ROUND = 5265, SUM = 22584884.0000001, bChange = 0.00155391, totNum = 2
ROUND = 5266, SUM = 22584884.0000001, bChange = 0.00155391, totNum = 2
ROUND = 5267, SUM = 22584884.0000001, bChange = 0.00155391, totNum = 2
ROUND = 5268, SUM = 22584884.0000001, bChange = 0.00155391, totNum = 2
ROUND = 5269, SUM = 22584884.0000001, bChange = 0.00155391, totNum = 2
ROUND = 5270, SUM = 22584884.0000001, bChange = 0.00155391, totNum = 2
ROUND = 5271, SUM = 22584884.0000001, bChange = 0.00155391, totNum = 2
ROUND = 5272, SUM = 22584884.0000001, bChange = 0.00155391, totNum = 2
ROUND = 5273, SUM = 22584884.0000001, bChange = 0.00155391, totNum = 2
ROUND = 5274, SUM = 22584884.0000001, bChange = 0.00155391, totNum = 2
ROUND = 5275, SUM = 22584884.0000002, bChange = 0.00155391, totNum = 2
ROUND = 5276, SUM = 22584884.0000001, bChange = 0.00155391, totNum = 2
ROUND = 5277, SUM = 22584884.0000001, bChange = 0.00155391, totNum = 2
ROUND = 5278, SUM = 22584884.0000001, bChange = 0.00155391, totNum = 2
ROUND = 5279, SUM = 22584884.0000001, bChange = 0.0015539, totNum = 2
ROUND = 5280, SUM = 22584884.0000001, bChange = 0.0015539, totNum = 2
ROUND = 5281, SUM = 22584884.0000001, bChange = 0.0015539, totNum = 2
ROUND = 5282, SUM = 22584884.0000001, bChange = 0.0015539, totNum = 2
ROUND = 5283, SUM = 22584884.0000001, bChange = 0.0015539, totNum = 2
ROUND = 5284, SUM = 22584884.0000001, bChange = 0.0015539, totNum = 2
ROUND = 5285, SUM = 22584884.0000001, bChange = 0.0015539, totNum = 2
ROUND = 5286, SUM = 22584884.0000001, bChange = 0.0015539, totNum = 2
ROUND = 5287, SUM = 22584884.0000001, bChange = 0.0015539, totNum = 2
ROUND = 5288, SUM = 22584884.0000001, bChange = 0.0015539, totNum = 2
ROUND = 5289, SUM = 22584884.0000001, bChange = 0.0015539, totNum = 2
ROUND = 5290, SUM = 22584884.0000001, bChange = 0.0015539, totNum = 2
ROUND = 5291, SUM = 22584884, bChange = 0.0015539, totNum = 2
ROUND = 5292, SUM = 22584884, bChange = 0.0015539, totNum = 2
ROUND = 5293, SUM = 22584884.0000001, bChange = 0.00155389, totNum = 2
ROUND = 5294, SUM = 22584884.0000001, bChange = 0.00155389, totNum = 2
ROUND = 5295, SUM = 22584884.0000001, bChange = 0.00155389, totNum = 2
ROUND = 5296, SUM = 22584884.0000001, bChange = 0.00155389, totNum = 2
ROUND = 5297, SUM = 22584884.0000001, bChange = 0.00155389, totNum = 2
ROUND = 5298, SUM = 22584884.0000002, bChange = 0.00155389, totNum = 2
ROUND = 5299, SUM = 22584884, bChange = 0.00155389, totNum = 2
ROUND = 5300, SUM = 22584884.0000001, bChange = 0.00155389, totNum = 2
ROUND = 5301, SUM = 22584884.0000001, bChange = 0.00155389, totNum = 2
ROUND = 5302, SUM = 22584884.0000001, bChange = 0.00155389, totNum = 2
ROUND = 5303, SUM = 22584884, bChange = 0.00155389, totNum = 2
ROUND = 5304, SUM = 22584884, bChange = 0.00155389, totNum = 2
ROUND = 5305, SUM = 22584884.0000001, bChange = 0.00155389, totNum = 2
ROUND = 5306, SUM = 22584884.0000001, bChange = 0.00155389, totNum = 2
ROUND = 5307, SUM = 22584884.0000001, bChange = 0.00155388, totNum = 2
ROUND = 5308, SUM = 22584884.0000001, bChange = 0.00155388, totNum = 2
ROUND = 5309, SUM = 22584884.0000001, bChange = 0.00155388, totNum = 2
ROUND = 5310, SUM = 22584884.0000001, bChange = 0.00155388, totNum = 2
ROUND = 5311, SUM = 22584884.0000001, bChange = 0.00155388, totNum = 2
ROUND = 5312, SUM = 22584884.0000001, bChange = 0.00155388, totNum = 2
ROUND = 5313, SUM = 22584884.0000001, bChange = 0.00155388, totNum = 2
ROUND = 5314, SUM = 22584884, bChange = 0.00155388, totNum = 1
ROUND = 5315, SUM = 22584884, bChange = 0.00155388, totNum = 1
ROUND = 5316, SUM = 22584884.0000001, bChange = 0.00155388, totNum = 1
ROUND = 5317, SUM = 22584884.0000001, bChange = 0.00155388, totNum = 1
ROUND = 5318, SUM = 22584884.0000001, bChange = 0.00155388, totNum = 1
ROUND = 5319, SUM = 22584884.0000001, bChange = 0.00155388, totNum = 1
ROUND = 5320, SUM = 22584884.0000001, bChange = 0.00155388, totNum = 1
ROUND = 5321, SUM = 22584884.0000001, bChange = 0.00155388, totNum = 1
ROUND = 5322, SUM = 22584884.0000002, bChange = 0.00155387, totNum = 1
ROUND = 5323, SUM = 22584884.0000001, bChange = 0.00155387, totNum = 1
ROUND = 5324, SUM = 22584884.0000001, bChange = 0.00155387, totNum = 1
ROUND = 5325, SUM = 22584884, bChange = 0.00155387, totNum = 1
ROUND = 5326, SUM = 22584884.0000001, bChange = 0.00155387, totNum = 1
ROUND = 5327, SUM = 22584884.0000001, bChange = 0.00155387, totNum = 1
ROUND = 5328, SUM = 22584884.0000001, bChange = 0.00155387, totNum = 1
ROUND = 5329, SUM = 22584884.0000001, bChange = 0.00155387, totNum = 1
ROUND = 5330, SUM = 22584884.0000001, bChange = 0.00155387, totNum = 1
ROUND = 5331, SUM = 22584884, bChange = 0.00155387, totNum = 1
ROUND = 5332, SUM = 22584884.0000001, bChange = 0.00155387, totNum = 1
ROUND = 5333, SUM = 22584884.0000001, bChange = 0.00155387, totNum = 1
ROUND = 5334, SUM = 22584884, bChange = 0.00155387, totNum = 1
ROUND = 5335, SUM = 22584884, bChange = 0.00155387, totNum = 1
ROUND = 5336, SUM = 22584884.0000001, bChange = 0.00155386, totNum = 1
ROUND = 5337, SUM = 22584884, bChange = 0.00155386, totNum = 1
ROUND = 5338, SUM = 22584884.0000001, bChange = 0.00155386, totNum = 1
ROUND = 5339, SUM = 22584884.0000001, bChange = 0.00155386, totNum = 1
ROUND = 5340, SUM = 22584884.0000001, bChange = 0.00155386, totNum = 1
ROUND = 5341, SUM = 22584884, bChange = 0.00155386, totNum = 1
ROUND = 5342, SUM = 22584884, bChange = 0.00155386, totNum = 1
ROUND = 5343, SUM = 22584884, bChange = 0.00155386, totNum = 1
ROUND = 5344, SUM = 22584884, bChange = 0.00155386, totNum = 1
ROUND = 5345, SUM = 22584884.0000002, bChange = 0.00155386, totNum = 1
ROUND = 5346, SUM = 22584884.0000001, bChange = 0.00155386, totNum = 1
ROUND = 5347, SUM = 22584884.0000001, bChange = 0.00155386, totNum = 1
ROUND = 5348, SUM = 22584884.0000001, bChange = 0.00155386, totNum = 1
ROUND = 5349, SUM = 22584884, bChange = 0.00155386, totNum = 1
ROUND = 5350, SUM = 22584884.0000001, bChange = 0.00155386, totNum = 1
ROUND = 5351, SUM = 22584884.0000002, bChange = 0.00155386, totNum = 1
ROUND = 5352, SUM = 22584884.0000001, bChange = 0.00155385, totNum = 1
ROUND = 5353, SUM = 22584884.0000001, bChange = 0.00155385, totNum = 1
ROUND = 5354, SUM = 22584884.0000001, bChange = 0.00155385, totNum = 1
ROUND = 5355, SUM = 22584884.0000001, bChange = 0.00155385, totNum = 1
ROUND = 5356, SUM = 22584884, bChange = 0.00155385, totNum = 1
ROUND = 5357, SUM = 22584884.0000001, bChange = 0.00155385, totNum = 1
ROUND = 5358, SUM = 22584884.0000001, bChange = 0.00155385, totNum = 1
ROUND = 5359, SUM = 22584884, bChange = 0.00155385, totNum = 1
ROUND = 5360, SUM = 22584884.0000001, bChange = 0.00155385, totNum = 1
ROUND = 5361, SUM = 22584884.0000001, bChange = 0.00155385, totNum = 1
ROUND = 5362, SUM = 22584884, bChange = 0.00155385, totNum = 1
ROUND = 5363, SUM = 22584884.0000001, bChange = 0.00155385, totNum = 1
ROUND = 5364, SUM = 22584884.0000001, bChange = 0.00155385, totNum = 1
ROUND = 5365, SUM = 22584884, bChange = 0.00155385, totNum = 1
ROUND = 5366, SUM = 22584884.0000001, bChange = 0.00155385, totNum = 1
ROUND = 5367, SUM = 22584884, bChange = 0.00155384, totNum = 1
ROUND = 5368, SUM = 22584884, bChange = 0.00155384, totNum = 1
ROUND = 5369, SUM = 22584884.0000001, bChange = 0.00155384, totNum = 1
ROUND = 5370, SUM = 22584884.0000001, bChange = 0.00155384, totNum = 1
ROUND = 5371, SUM = 22584884.0000001, bChange = 0.00155384, totNum = 1
ROUND = 5372, SUM = 22584884.0000001, bChange = 0.00155384, totNum = 1
ROUND = 5373, SUM = 22584884.0000001, bChange = 0.00155384, totNum = 1
ROUND = 5374, SUM = 22584884.0000001, bChange = 0.00155384, totNum = 1
ROUND = 5375, SUM = 22584884.0000001, bChange = 0.00155384, totNum = 1
ROUND = 5376, SUM = 22584884.0000001, bChange = 0.00155384, totNum = 1
ROUND = 5377, SUM = 22584884.0000001, bChange = 0.00155384, totNum = 1
ROUND = 5378, SUM = 22584884.0000001, bChange = 0.00155384, totNum = 1
ROUND = 5379, SUM = 22584884.0000001, bChange = 0.00155384, totNum = 1
ROUND = 5380, SUM = 22584884.0000001, bChange = 0.00155384, totNum = 1
ROUND = 5381, SUM = 22584884.0000001, bChange = 0.00155384, totNum = 1
ROUND = 5382, SUM = 22584884, bChange = 0.00155384, totNum = 1
ROUND = 5383, SUM = 22584884.0000001, bChange = 0.00155384, totNum = 1
ROUND = 5384, SUM = 22584884.0000001, bChange = 0.00155383, totNum = 1
ROUND = 5385, SUM = 22584884.0000001, bChange = 0.00155383, totNum = 1
ROUND = 5386, SUM = 22584884, bChange = 0.00155383, totNum = 1
ROUND = 5387, SUM = 22584884, bChange = 0.00155383, totNum = 1
ROUND = 5388, SUM = 22584884, bChange = 0.000799613, totNum = 0
Expression Results are written!
Time Used for EM.cpp : 0 h 19 m 10 s

rsem-run-gibbs results/rsem_index/rsem results/rsem_quant/ER100007.temp/ER100007 results/rsem_quant/ER100007.stat/ER100007 200 1000 1 -p 44 --seed 1471891643
Refs.loadRefs finished!
Loading data is finished!
Loading group information is finished!
Gibbs started!
Initialization finished!
Thread 40, ROUND 100 is finished!
Thread 11, ROUND 100 is finished!
Thread 4, ROUND 100 is finished!
Thread 38, ROUND 100 is finished!
Thread 26, ROUND 100 is finished!
Thread 36, ROUND 100 is finished!
Thread 13, ROUND 100 is finished!
Thread 33, ROUND 100 is finished!
Thread 10, ROUND 100 is finished!
Thread 27, ROUND 100 is finished!
Thread 23, ROUND 100 is finished!
Thread 29, ROUND 100 is finished!
Thread 6, ROUND 100 is finished!
Thread 19, ROUND 100 is finished!
Thread 3, ROUND 100 is finished!
Thread 21, ROUND 100 is finished!
Thread 5, ROUND 100 is finished!
Thread 12, ROUND 100 is finished!
Thread 0, ROUND 100 is finished!
Thread 18, ROUND 100 is finished!
Thread 1, ROUND 100 is finished!
Thread 28, ROUND 100 is finished!
Thread 16, ROUND 100 is finished!
Thread 39, ROUND 100 is finished!
Thread 7, ROUND 100 is finished!
Thread 42, ROUND 100 is finished!
Thread 25, ROUND 100 is finished!
Thread 37, ROUND 100 is finished!
Thread 24, ROUND 100 is finished!
Thread 14, ROUND 100 is finished!
Thread 2, ROUND 100 is finished!
Thread 17, ROUND 100 is finished!
Thread 31, ROUND 100 is finished!
Thread 15, ROUND 100 is finished!
Thread 8, ROUND 100 is finished!
Thread 35, ROUND 100 is finished!
Thread 20, ROUND 100 is finished!
Thread 9, ROUND 100 is finished!
Thread 41, ROUND 100 is finished!
Thread 43, ROUND 100 is finished!
Thread 30, ROUND 100 is finished!
Thread 34, ROUND 100 is finished!
Thread 22, ROUND 100 is finished!
Thread 32, ROUND 100 is finished!
Thread 14, ROUND 200 is finished!
Thread 16, ROUND 200 is finished!
Thread 39, ROUND 200 is finished!
Thread 2, ROUND 200 is finished!
Thread 31, ROUND 200 is finished!
Thread 29, ROUND 200 is finished!
Thread 9, ROUND 200 is finished!
Thread 36, ROUND 200 is finished!
Thread 24, ROUND 200 is finished!
Thread 3, ROUND 200 is finished!
Thread 34, ROUND 200 is finished!
Thread 38, ROUND 200 is finished!
Thread 10, ROUND 200 is finished!
Thread 28, ROUND 200 is finished!
Thread 30, ROUND 200 is finished!
Thread 21, ROUND 200 is finished!
Thread 27, ROUND 200 is finished!
Thread 23, ROUND 200 is finished!
Thread 26, ROUND 200 is finished!
Thread 18, ROUND 200 is finished!
Thread 37, ROUND 200 is finished!
Thread 12, ROUND 200 is finished!
Thread 40, ROUND 200 is finished!
Thread 35, ROUND 200 is finished!
Thread 8, ROUND 200 is finished!
Thread 1, ROUND 200 is finished!
Thread 13, ROUND 200 is finished!
Thread 11, ROUND 200 is finished!
Thread 19, ROUND 200 is finished!
Thread 33, ROUND 200 is finished!
Thread 5, ROUND 200 is finished!
Thread 41, ROUND 200 is finished!
Thread 17, ROUND 200 is finished!
Thread 20, ROUND 200 is finished!
Thread 7, ROUND 200 is finished!
Thread 42, ROUND 200 is finished!
Thread 15, ROUND 200 is finished!
Thread 0, ROUND 200 is finished!
Thread 32, ROUND 200 is finished!
Thread 6, ROUND 200 is finished!
Thread 25, ROUND 200 is finished!
Thread 4, ROUND 200 is finished!
Thread 43, ROUND 200 is finished!
Thread 22, ROUND 200 is finished!
Gibbs finished!
Gibbs based expression values are written!

rsem-calculate-credibility-intervals results/rsem_index/rsem results/rsem_quant/ER100007.temp/ER100007 results/rsem_quant/ER100007.stat/ER100007 0.95 1000 50 128000 -p 44 --seed 477107655
Refs.loadRefs finished!
Sampling is finished!
In thread 34, 1000 genes are processed for CI calculation!
In thread 36, 1000 genes are processed for CI calculation!
In thread 38, 1000 genes are processed for CI calculation!
In thread 43, 1000 genes are processed for CI calculation!
In thread 41, 1000 genes are processed for CI calculation!
In thread 42, 1000 genes are processed for CI calculation!
In thread 37, 1000 genes are processed for CI calculation!
In thread 32, 1000 genes are processed for CI calculation!
In thread 29, 1000 genes are processed for CI calculation!
In thread 31, 1000 genes are processed for CI calculation!
In thread 35, 1000 genes are processed for CI calculation!
In thread 30, 1000 genes are processed for CI calculation!
In thread 39, 1000 genes are processed for CI calculation!
In thread 40, 1000 genes are processed for CI calculation!
In thread 33, 1000 genes are processed for CI calculation!
In thread 41, 2000 genes are processed for CI calculation!
In thread 43, 2000 genes are processed for CI calculation!
In thread 34, 2000 genes are processed for CI calculation!
In thread 42, 2000 genes are processed for CI calculation!
In thread 37, 2000 genes are processed for CI calculation!
In thread 36, 2000 genes are processed for CI calculation!
In thread 38, 2000 genes are processed for CI calculation!
In thread 29, 2000 genes are processed for CI calculation!
In thread 32, 2000 genes are processed for CI calculation!
In thread 28, 1000 genes are processed for CI calculation!
In thread 31, 2000 genes are processed for CI calculation!
In thread 35, 2000 genes are processed for CI calculation!
In thread 40, 2000 genes are processed for CI calculation!
In thread 30, 2000 genes are processed for CI calculation!
In thread 37, 3000 genes are processed for CI calculation!
In thread 41, 3000 genes are processed for CI calculation!
In thread 43, 3000 genes are processed for CI calculation!
In thread 28, 2000 genes are processed for CI calculation!
In thread 42, 3000 genes are processed for CI calculation!
In thread 27, 1000 genes are processed for CI calculation!
In thread 34, 3000 genes are processed for CI calculation!
In thread 36, 3000 genes are processed for CI calculation!
In thread 33, 2000 genes are processed for CI calculation!
In thread 39, 2000 genes are processed for CI calculation!
In thread 38, 3000 genes are processed for CI calculation!
In thread 29, 3000 genes are processed for CI calculation!
In thread 32, 3000 genes are processed for CI calculation!
In thread 37, 4000 genes are processed for CI calculation!
In thread 27, 2000 genes are processed for CI calculation!
In thread 40, 3000 genes are processed for CI calculation!
In thread 35, 3000 genes are processed for CI calculation!
In thread 43, 4000 genes are processed for CI calculation!
In thread 41, 4000 genes are processed for CI calculation!
In thread 42, 4000 genes are processed for CI calculation!
In thread 30, 3000 genes are processed for CI calculation!
In thread 36, 4000 genes are processed for CI calculation!
In thread 31, 3000 genes are processed for CI calculation!
In thread 25, 1000 genes are processed for CI calculation!
All credibility intervals are calculated!

rm -rf results/rsem_quant/ER100007.temp

2025-11-10 19:27:01,630 | INFO | __main__: Number of genes greater than 1 TPM: 14774
Mon Nov 10 07:27:01 PM EST 2025: Finished rsem quantification
