Mon Nov 10 12:36:00 PM EST 2025: Running rsem quantification
Mon Nov 10 12:36:00 PM EST 2025: ulimit set to 65536
2025-11-10 12:36:02,705 | INFO | __main__: Running RSEM command rsem-calculate-expression --bam --estimate-rspd --calc-ci --seed 42 -p 44 --no-bam-output --ci-memory 128000 --forward-prob 0 --paired-end results/align/ER100004/ER100004_anno.bam results/rsem_index/rsem results/rsem_quant/ER100004
rsem-parse-alignments results/rsem_index/rsem results/rsem_quant/ER100004.temp/ER100004 results/rsem_quant/ER100004.stat/ER100004 results/align/ER100004/ER100004_anno.bam 3 -tag XM
Parsed 1000000 entries
Parsed 2000000 entries
Parsed 3000000 entries
Parsed 4000000 entries
Parsed 5000000 entries
Parsed 6000000 entries
Parsed 7000000 entries
Parsed 8000000 entries
Parsed 9000000 entries
Parsed 10000000 entries
Parsed 11000000 entries
Parsed 12000000 entries
Parsed 13000000 entries
Parsed 14000000 entries
Parsed 15000000 entries
Parsed 16000000 entries
Parsed 17000000 entries
Parsed 18000000 entries
Parsed 19000000 entries
Parsed 20000000 entries
Parsed 21000000 entries
Parsed 22000000 entries
Parsed 23000000 entries
Parsed 24000000 entries
Parsed 25000000 entries
Parsed 26000000 entries
Parsed 27000000 entries
Parsed 28000000 entries
Parsed 29000000 entries
Parsed 30000000 entries
Parsed 31000000 entries
Parsed 32000000 entries
Parsed 33000000 entries
Parsed 34000000 entries
Parsed 35000000 entries
Parsed 36000000 entries
Parsed 37000000 entries
Parsed 38000000 entries
Parsed 39000000 entries
Parsed 40000000 entries
Parsed 41000000 entries
Parsed 42000000 entries
Parsed 43000000 entries
Parsed 44000000 entries
Parsed 45000000 entries
Parsed 46000000 entries
Parsed 47000000 entries
Parsed 48000000 entries
Parsed 49000000 entries
Parsed 50000000 entries
Parsed 51000000 entries
Parsed 52000000 entries
Parsed 53000000 entries
Parsed 54000000 entries
Parsed 55000000 entries
Parsed 56000000 entries
Parsed 57000000 entries
Parsed 58000000 entries
Parsed 59000000 entries
Parsed 60000000 entries
Parsed 61000000 entries
Parsed 62000000 entries
Parsed 63000000 entries
Parsed 64000000 entries
Parsed 65000000 entries
Parsed 66000000 entries
Parsed 67000000 entries
Parsed 68000000 entries
Parsed 69000000 entries
Parsed 70000000 entries
Parsed 71000000 entries
Parsed 72000000 entries
Parsed 73000000 entries
Parsed 74000000 entries
Parsed 75000000 entries
Parsed 76000000 entries
Parsed 77000000 entries
Parsed 78000000 entries
Parsed 79000000 entries
Parsed 80000000 entries
Done!

rsem-build-read-index 32 1 0 results/rsem_quant/ER100004.temp/ER100004_alignable_1.fq results/rsem_quant/ER100004.temp/ER100004_alignable_2.fq
FIN 1000000
FIN 2000000
FIN 3000000
FIN 4000000
FIN 5000000
FIN 6000000
FIN 7000000
FIN 8000000
FIN 9000000
Build Index results/rsem_quant/ER100004.temp/ER100004_alignable_1.fq is Done!
FIN 1000000
FIN 2000000
FIN 3000000
FIN 4000000
FIN 5000000
FIN 6000000
FIN 7000000
FIN 8000000
FIN 9000000
Build Index results/rsem_quant/ER100004.temp/ER100004_alignable_2.fq is Done!

rsem-run-em results/rsem_index/rsem 3 results/rsem_quant/ER100004 results/rsem_quant/ER100004.temp/ER100004 results/rsem_quant/ER100004.stat/ER100004 -p 44 --gibbs-out
Refs.loadRefs finished!
Thread 0 : N = 218357, NHit = 1810237
Thread 1 : N = 216470, NHit = 1810189
DAT 9000000 reads left
Thread 2 : N = 217135, NHit = 1810194
Thread 3 : N = 218208, NHit = 1810230
Thread 4 : N = 218739, NHit = 1810221
Thread 5 : N = 217695, NHit = 1810199
Thread 6 : N = 218965, NHit = 1810191
DAT 8000000 reads left
Thread 7 : N = 217640, NHit = 1810189
Thread 8 : N = 217566, NHit = 1810189
Thread 9 : N = 218696, NHit = 1810195
Thread 10 : N = 217362, NHit = 1810191
DAT 7000000 reads left
Thread 11 : N = 218689, NHit = 1810189
Thread 12 : N = 217606, NHit = 1810222
Thread 13 : N = 218050, NHit = 1810192
Thread 14 : N = 217782, NHit = 1810209
Thread 15 : N = 218451, NHit = 1810190
DAT 6000000 reads left
Thread 16 : N = 218127, NHit = 1810191
Thread 17 : N = 218898, NHit = 1810190
Thread 18 : N = 218383, NHit = 1810215
Thread 19 : N = 217900, NHit = 1810227
Thread 20 : N = 218485, NHit = 1810191
DAT 5000000 reads left
Thread 21 : N = 218696, NHit = 1810194
Thread 22 : N = 217169, NHit = 1810190
Thread 23 : N = 218123, NHit = 1810202
Thread 24 : N = 218742, NHit = 1810196
DAT 4000000 reads left
Thread 25 : N = 217146, NHit = 1810190
Thread 26 : N = 219083, NHit = 1810193
Thread 27 : N = 216824, NHit = 1810193
Thread 28 : N = 218821, NHit = 1810212
Thread 29 : N = 217722, NHit = 1810205
DAT 3000000 reads left
Thread 30 : N = 218313, NHit = 1810242
Thread 31 : N = 218011, NHit = 1810193
Thread 32 : N = 217535, NHit = 1810201
Thread 33 : N = 218498, NHit = 1810190
DAT 2000000 reads left
Thread 34 : N = 218882, NHit = 1810194
Thread 35 : N = 218434, NHit = 1810189
Thread 36 : N = 218469, NHit = 1810190
Thread 37 : N = 218080, NHit = 1810189
Thread 38 : N = 218411, NHit = 1810189
DAT 1000000 reads left
Thread 39 : N = 218277, NHit = 1810207
Thread 40 : N = 218293, NHit = 1810206
Thread 41 : N = 218651, NHit = 1810194
Thread 42 : N = 218164, NHit = 1810209
Thread 43 : N = 218578, NHit = 1809707
EM_init finished!
estimateFromReads, N0 finished.
1000000 READS PROCESSED
2000000 READS PROCESSED
3000000 READS PROCESSED
4000000 READS PROCESSED
5000000 READS PROCESSED
6000000 READS PROCESSED
7000000 READS PROCESSED
8000000 READS PROCESSED
9000000 READS PROCESSED
estimateFromReads, N1 finished.
ROUND = 1, SUM = 10169784.0000001, bChange = 11315.5, totNum = 279942
ROUND = 2, SUM = 10169783.9999999, bChange = 1.9528, totNum = 150501
ROUND = 3, SUM = 10169784, bChange = 0.973077, totNum = 145288
ROUND = 4, SUM = 10169783.9999999, bChange = 0.914553, totNum = 140908
ROUND = 5, SUM = 10169783.9999999, bChange = 0.750908, totNum = 137236
ROUND = 6, SUM = 10169783.9999999, bChange = 0.714836, totNum = 133592
ROUND = 7, SUM = 10169784, bChange = 0.631473, totNum = 129967
ROUND = 8, SUM = 10169783.9999999, bChange = 0.60432, totNum = 126658
ROUND = 9, SUM = 10169784, bChange = 0.607329, totNum = 123445
ROUND = 10, SUM = 10169784, bChange = 0.609537, totNum = 120480
ROUND = 11, SUM = 10169784, bChange = 0.51384, totNum = 117533
ROUND = 12, SUM = 10169784, bChange = 0.512826, totNum = 114528
ROUND = 13, SUM = 10169784, bChange = 0.510978, totNum = 111811
ROUND = 14, SUM = 10169784, bChange = 0.5081, totNum = 109097
ROUND = 15, SUM = 10169784, bChange = 0.504015, totNum = 106608
ROUND = 16, SUM = 10169783.9999999, bChange = 0.423673, totNum = 104187
ROUND = 17, SUM = 10169784.0000001, bChange = 0.425465, totNum = 101866
ROUND = 18, SUM = 10169784, bChange = 0.361261, totNum = 99524
ROUND = 19, SUM = 10169784, bChange = 0.338962, totNum = 97387
ROUND = 20, SUM = 10169783.9999999, bChange = 0.327445, totNum = 95272
ROUND = 21, SUM = 10169783.9999999, bChange = 0.327603, totNum = 93269
ROUND = 22, SUM = 10169784, bChange = 0.327746, totNum = 91312
ROUND = 23, SUM = 10169784.0000001, bChange = 0.311364, totNum = 89573
ROUND = 24, SUM = 10169783.9999999, bChange = 0.311488, totNum = 87796
ROUND = 25, SUM = 10169784, bChange = 0.28178, totNum = 86126
ROUND = 26, SUM = 10169783.9999999, bChange = 0.260179, totNum = 84562
ROUND = 27, SUM = 10169784, bChange = 0.261267, totNum = 82868
ROUND = 28, SUM = 10169783.9999999, bChange = 0.275536, totNum = 81315
ROUND = 29, SUM = 10169784, bChange = 0.240162, totNum = 79709
ROUND = 30, SUM = 10169783.9999999, bChange = 0.239327, totNum = 78289
ROUND = 31, SUM = 10169784.0000001, bChange = 0.239842, totNum = 76872
ROUND = 32, SUM = 10169783.9999999, bChange = 0.215291, totNum = 75494
ROUND = 33, SUM = 10169784, bChange = 0.2158, totNum = 74131
ROUND = 34, SUM = 10169783.9999999, bChange = 0.216153, totNum = 72809
ROUND = 35, SUM = 10169783.9999999, bChange = 0.219631, totNum = 71455
ROUND = 36, SUM = 10169783.9999999, bChange = 0.201272, totNum = 70151
ROUND = 37, SUM = 10169783.9999999, bChange = 0.201587, totNum = 68900
ROUND = 38, SUM = 10169783.9999999, bChange = 0.20258, totNum = 67673
ROUND = 39, SUM = 10169783.9999999, bChange = 0.203494, totNum = 66470
ROUND = 40, SUM = 10169784, bChange = 0.204332, totNum = 65394
ROUND = 41, SUM = 10169784, bChange = 0.205101, totNum = 64260
ROUND = 42, SUM = 10169783.9999999, bChange = 0.205804, totNum = 63157
ROUND = 43, SUM = 10169784, bChange = 0.17809, totNum = 62030
ROUND = 44, SUM = 10169783.9999999, bChange = 0.178744, totNum = 60988
ROUND = 45, SUM = 10169783.9999999, bChange = 0.179348, totNum = 59973
ROUND = 46, SUM = 10169783.9999999, bChange = 0.179908, totNum = 58942
ROUND = 47, SUM = 10169783.9999999, bChange = 0.180426, totNum = 57957
ROUND = 48, SUM = 10169783.9999998, bChange = 0.171304, totNum = 57028
ROUND = 49, SUM = 10169783.9999999, bChange = 0.171685, totNum = 56119
ROUND = 50, SUM = 10169783.9999999, bChange = 0.17203, totNum = 55176
ROUND = 51, SUM = 10169783.9999999, bChange = 0.172342, totNum = 54236
ROUND = 52, SUM = 10169783.9999999, bChange = 0.172624, totNum = 53374
ROUND = 53, SUM = 10169783.9999999, bChange = 0.143655, totNum = 52583
ROUND = 54, SUM = 10169783.9999999, bChange = 0.14304, totNum = 51720
ROUND = 55, SUM = 10169783.9999998, bChange = 0.14261, totNum = 50967
ROUND = 56, SUM = 10169783.9999999, bChange = 0.142885, totNum = 50163
ROUND = 57, SUM = 10169783.9999998, bChange = 0.143148, totNum = 49395
ROUND = 58, SUM = 10169783.9999999, bChange = 0.1434, totNum = 48622
ROUND = 59, SUM = 10169784, bChange = 0.138599, totNum = 47874
ROUND = 60, SUM = 10169783.9999998, bChange = 0.137095, totNum = 47147
ROUND = 61, SUM = 10169783.9999999, bChange = 0.135191, totNum = 46454
ROUND = 62, SUM = 10169783.9999999, bChange = 0.13289, totNum = 45756
ROUND = 63, SUM = 10169783.9999998, bChange = 0.130677, totNum = 45053
ROUND = 64, SUM = 10169783.9999999, bChange = 0.129356, totNum = 44359
ROUND = 65, SUM = 10169783.9999998, bChange = 0.129561, totNum = 43617
ROUND = 66, SUM = 10169783.9999999, bChange = 0.12976, totNum = 42926
ROUND = 67, SUM = 10169783.9999998, bChange = 0.129954, totNum = 42316
ROUND = 68, SUM = 10169783.9999998, bChange = 0.130143, totNum = 41646
ROUND = 69, SUM = 10169783.9999999, bChange = 0.107452, totNum = 41031
ROUND = 70, SUM = 10169783.9999998, bChange = 0.107685, totNum = 40423
ROUND = 71, SUM = 10169783.9999999, bChange = 0.107913, totNum = 39807
ROUND = 72, SUM = 10169783.9999999, bChange = 0.108136, totNum = 39245
ROUND = 73, SUM = 10169783.9999999, bChange = 0.108354, totNum = 38695
ROUND = 74, SUM = 10169783.9999999, bChange = 0.106982, totNum = 38158
ROUND = 75, SUM = 10169783.9999999, bChange = 0.104443, totNum = 37581
ROUND = 76, SUM = 10169783.9999999, bChange = 0.104447, totNum = 37030
ROUND = 77, SUM = 10169783.9999998, bChange = 0.10445, totNum = 36514
ROUND = 78, SUM = 10169783.9999998, bChange = 0.104453, totNum = 36026
ROUND = 79, SUM = 10169783.9999999, bChange = 0.104455, totNum = 35469
ROUND = 80, SUM = 10169783.9999999, bChange = 0.104457, totNum = 34973
ROUND = 81, SUM = 10169783.9999999, bChange = 0.1019, totNum = 34476
ROUND = 82, SUM = 10169783.9999999, bChange = 0.102088, totNum = 34018
ROUND = 83, SUM = 10169783.9999998, bChange = 0.102267, totNum = 33531
ROUND = 84, SUM = 10169783.9999998, bChange = 0.102439, totNum = 33056
ROUND = 85, SUM = 10169783.9999998, bChange = 0.102602, totNum = 32629
ROUND = 86, SUM = 10169783.9999999, bChange = 0.102759, totNum = 32168
ROUND = 87, SUM = 10169783.9999999, bChange = 0.102235, totNum = 31756
ROUND = 88, SUM = 10169783.9999998, bChange = 0.0975625, totNum = 31294
ROUND = 89, SUM = 10169783.9999998, bChange = 0.097539, totNum = 30881
ROUND = 90, SUM = 10169783.9999998, bChange = 0.0975146, totNum = 30492
ROUND = 91, SUM = 10169783.9999998, bChange = 0.0974896, totNum = 30120
ROUND = 92, SUM = 10169783.9999998, bChange = 0.097464, totNum = 29744
ROUND = 93, SUM = 10169783.9999999, bChange = 0.0974378, totNum = 29376
ROUND = 94, SUM = 10169783.9999998, bChange = 0.0974113, totNum = 28973
ROUND = 95, SUM = 10169783.9999998, bChange = 0.0973843, totNum = 28653
ROUND = 96, SUM = 10169783.9999998, bChange = 0.0973571, totNum = 28222
ROUND = 97, SUM = 10169783.9999998, bChange = 0.0973297, totNum = 27874
ROUND = 98, SUM = 10169783.9999997, bChange = 0.0931487, totNum = 27543
ROUND = 99, SUM = 10169783.9999998, bChange = 0.0931213, totNum = 27211
ROUND = 100, SUM = 10169783.9999998, bChange = 0.0930938, totNum = 26890
ROUND = 101, SUM = 10169783.9999998, bChange = 0.0930664, totNum = 26529
ROUND = 102, SUM = 10169783.9999998, bChange = 0.0930389, totNum = 26217
ROUND = 103, SUM = 10169783.9999998, bChange = 0.08284, totNum = 25866
ROUND = 104, SUM = 10169783.9999998, bChange = 0.0828471, totNum = 25533
ROUND = 105, SUM = 10169783.9999998, bChange = 0.0828537, totNum = 25205
ROUND = 106, SUM = 10169783.9999998, bChange = 0.0828598, totNum = 24884
ROUND = 107, SUM = 10169783.9999998, bChange = 0.0721655, totNum = 24590
ROUND = 108, SUM = 10169783.9999998, bChange = 0.0721787, totNum = 24268
ROUND = 109, SUM = 10169783.9999998, bChange = 0.0721915, totNum = 23984
ROUND = 110, SUM = 10169783.9999998, bChange = 0.0722038, totNum = 23670
ROUND = 111, SUM = 10169783.9999997, bChange = 0.0722157, totNum = 23390
ROUND = 112, SUM = 10169783.9999997, bChange = 0.0722272, totNum = 23086
ROUND = 113, SUM = 10169783.9999999, bChange = 0.0722383, totNum = 22784
ROUND = 114, SUM = 10169783.9999999, bChange = 0.072249, totNum = 22529
ROUND = 115, SUM = 10169783.9999998, bChange = 0.0722594, totNum = 22273
ROUND = 116, SUM = 10169783.9999998, bChange = 0.0722694, totNum = 22033
ROUND = 117, SUM = 10169783.9999999, bChange = 0.0722791, totNum = 21778
ROUND = 118, SUM = 10169783.9999998, bChange = 0.0722885, totNum = 21540
ROUND = 119, SUM = 10169783.9999999, bChange = 0.0722976, totNum = 21313
ROUND = 120, SUM = 10169783.9999999, bChange = 0.0723064, totNum = 21069
ROUND = 121, SUM = 10169783.9999999, bChange = 0.0723149, totNum = 20812
ROUND = 122, SUM = 10169783.9999998, bChange = 0.0723231, totNum = 20580
ROUND = 123, SUM = 10169783.9999998, bChange = 0.0723311, totNum = 20346
ROUND = 124, SUM = 10169783.9999997, bChange = 0.0723388, totNum = 20120
ROUND = 125, SUM = 10169783.9999999, bChange = 0.0681752, totNum = 19899
ROUND = 126, SUM = 10169783.9999998, bChange = 0.0650623, totNum = 19693
ROUND = 127, SUM = 10169783.9999999, bChange = 0.0651026, totNum = 19498
ROUND = 128, SUM = 10169783.9999998, bChange = 0.0651412, totNum = 19285
ROUND = 129, SUM = 10169783.9999998, bChange = 0.065178, totNum = 19067
ROUND = 130, SUM = 10169783.9999998, bChange = 0.0652133, totNum = 18864
ROUND = 131, SUM = 10169783.9999998, bChange = 0.0627847, totNum = 18648
ROUND = 132, SUM = 10169783.9999999, bChange = 0.0628021, totNum = 18466
ROUND = 133, SUM = 10169783.9999998, bChange = 0.0628187, totNum = 18278
ROUND = 134, SUM = 10169783.9999997, bChange = 0.0628345, totNum = 18077
ROUND = 135, SUM = 10169783.9999998, bChange = 0.0628495, totNum = 17872
ROUND = 136, SUM = 10169783.9999997, bChange = 0.0628638, totNum = 17684
ROUND = 137, SUM = 10169783.9999999, bChange = 0.0628775, totNum = 17495
ROUND = 138, SUM = 10169783.9999998, bChange = 0.0628905, totNum = 17289
ROUND = 139, SUM = 10169783.9999998, bChange = 0.0629028, totNum = 17100
ROUND = 140, SUM = 10169783.9999998, bChange = 0.0629146, totNum = 16907
ROUND = 141, SUM = 10169783.9999998, bChange = 0.0629259, totNum = 16732
ROUND = 142, SUM = 10169783.9999998, bChange = 0.0629366, totNum = 16561
ROUND = 143, SUM = 10169783.9999998, bChange = 0.0629468, totNum = 16388
ROUND = 144, SUM = 10169783.9999998, bChange = 0.0629566, totNum = 16211
ROUND = 145, SUM = 10169783.9999998, bChange = 0.0629659, totNum = 16051
ROUND = 146, SUM = 10169783.9999998, bChange = 0.0629748, totNum = 15878
ROUND = 147, SUM = 10169783.9999998, bChange = 0.0629832, totNum = 15713
ROUND = 148, SUM = 10169783.9999998, bChange = 0.0629913, totNum = 15538
ROUND = 149, SUM = 10169783.9999998, bChange = 0.062999, totNum = 15361
ROUND = 150, SUM = 10169783.9999998, bChange = 0.0522123, totNum = 15215
ROUND = 151, SUM = 10169783.9999998, bChange = 0.0522196, totNum = 15056
ROUND = 152, SUM = 10169783.9999998, bChange = 0.0522266, totNum = 14895
ROUND = 153, SUM = 10169783.9999999, bChange = 0.0522335, totNum = 14755
ROUND = 154, SUM = 10169783.9999999, bChange = 0.0522401, totNum = 14611
ROUND = 155, SUM = 10169783.9999998, bChange = 0.0522464, totNum = 14487
ROUND = 156, SUM = 10169783.9999998, bChange = 0.0522526, totNum = 14343
ROUND = 157, SUM = 10169783.9999998, bChange = 0.0522586, totNum = 14206
ROUND = 158, SUM = 10169783.9999998, bChange = 0.0522644, totNum = 14075
ROUND = 159, SUM = 10169783.9999998, bChange = 0.05227, totNum = 13965
ROUND = 160, SUM = 10169783.9999998, bChange = 0.0522754, totNum = 13829
ROUND = 161, SUM = 10169783.9999998, bChange = 0.0522807, totNum = 13710
ROUND = 162, SUM = 10169783.9999998, bChange = 0.0522858, totNum = 13593
ROUND = 163, SUM = 10169783.9999998, bChange = 0.0522907, totNum = 13469
ROUND = 164, SUM = 10169783.9999998, bChange = 0.0513868, totNum = 13321
ROUND = 165, SUM = 10169783.9999998, bChange = 0.0513907, totNum = 13226
ROUND = 166, SUM = 10169783.9999999, bChange = 0.0513944, totNum = 13095
ROUND = 167, SUM = 10169783.9999999, bChange = 0.0513979, totNum = 12970
ROUND = 168, SUM = 10169783.9999998, bChange = 0.0514013, totNum = 12862
ROUND = 169, SUM = 10169783.9999998, bChange = 0.0514046, totNum = 12746
ROUND = 170, SUM = 10169783.9999998, bChange = 0.0514077, totNum = 12632
ROUND = 171, SUM = 10169783.9999998, bChange = 0.0514107, totNum = 12513
ROUND = 172, SUM = 10169783.9999998, bChange = 0.0514135, totNum = 12397
ROUND = 173, SUM = 10169783.9999998, bChange = 0.0514163, totNum = 12285
ROUND = 174, SUM = 10169783.9999999, bChange = 0.0514189, totNum = 12146
ROUND = 175, SUM = 10169783.9999998, bChange = 0.0514214, totNum = 12022
ROUND = 176, SUM = 10169783.9999998, bChange = 0.0514239, totNum = 11932
ROUND = 177, SUM = 10169783.9999997, bChange = 0.0514262, totNum = 11847
ROUND = 178, SUM = 10169783.9999997, bChange = 0.0514284, totNum = 11738
ROUND = 179, SUM = 10169783.9999999, bChange = 0.0514306, totNum = 11621
ROUND = 180, SUM = 10169783.9999999, bChange = 0.0514326, totNum = 11525
ROUND = 181, SUM = 10169783.9999998, bChange = 0.0514346, totNum = 11428
ROUND = 182, SUM = 10169783.9999999, bChange = 0.0514365, totNum = 11326
ROUND = 183, SUM = 10169783.9999997, bChange = 0.0514384, totNum = 11234
ROUND = 184, SUM = 10169783.9999998, bChange = 0.0514401, totNum = 11140
ROUND = 185, SUM = 10169783.9999999, bChange = 0.0427405, totNum = 11061
ROUND = 186, SUM = 10169783.9999998, bChange = 0.0405518, totNum = 10948
ROUND = 187, SUM = 10169783.9999997, bChange = 0.0405519, totNum = 10865
ROUND = 188, SUM = 10169783.9999998, bChange = 0.040552, totNum = 10761
ROUND = 189, SUM = 10169783.9999998, bChange = 0.040552, totNum = 10677
ROUND = 190, SUM = 10169783.9999999, bChange = 0.0388365, totNum = 10601
ROUND = 191, SUM = 10169783.9999998, bChange = 0.0388409, totNum = 10529
ROUND = 192, SUM = 10169783.9999999, bChange = 0.0388452, totNum = 10424
ROUND = 193, SUM = 10169783.9999998, bChange = 0.0388493, totNum = 10334
ROUND = 194, SUM = 10169783.9999998, bChange = 0.0388533, totNum = 10250
ROUND = 195, SUM = 10169783.9999999, bChange = 0.0388572, totNum = 10159
ROUND = 196, SUM = 10169783.9999998, bChange = 0.038861, totNum = 10074
ROUND = 197, SUM = 10169783.9999998, bChange = 0.0388646, totNum = 9998
ROUND = 198, SUM = 10169783.9999999, bChange = 0.0388681, totNum = 9898
ROUND = 199, SUM = 10169783.9999998, bChange = 0.0388715, totNum = 9818
ROUND = 200, SUM = 10169783.9999999, bChange = 0.0388748, totNum = 9745
ROUND = 201, SUM = 10169783.9999999, bChange = 0.0388779, totNum = 9676
ROUND = 202, SUM = 10169783.9999998, bChange = 0.038881, totNum = 9592
ROUND = 203, SUM = 10169783.9999999, bChange = 0.038884, totNum = 9521
ROUND = 204, SUM = 10169783.9999998, bChange = 0.0388869, totNum = 9450
ROUND = 205, SUM = 10169783.9999998, bChange = 0.0388897, totNum = 9366
ROUND = 206, SUM = 10169783.9999998, bChange = 0.0388924, totNum = 9288
ROUND = 207, SUM = 10169783.9999998, bChange = 0.038895, totNum = 9212
ROUND = 208, SUM = 10169783.9999998, bChange = 0.0388976, totNum = 9134
ROUND = 209, SUM = 10169783.9999999, bChange = 0.0389, totNum = 9072
ROUND = 210, SUM = 10169783.9999998, bChange = 0.0389024, totNum = 9005
ROUND = 211, SUM = 10169783.9999997, bChange = 0.0389047, totNum = 8933
ROUND = 212, SUM = 10169783.9999999, bChange = 0.038907, totNum = 8866
ROUND = 213, SUM = 10169783.9999998, bChange = 0.0389092, totNum = 8796
ROUND = 214, SUM = 10169783.9999998, bChange = 0.0389113, totNum = 8739
ROUND = 215, SUM = 10169783.9999998, bChange = 0.0389134, totNum = 8681
ROUND = 216, SUM = 10169783.9999998, bChange = 0.0389153, totNum = 8618
ROUND = 217, SUM = 10169783.9999998, bChange = 0.0389173, totNum = 8556
ROUND = 218, SUM = 10169783.9999998, bChange = 0.0389192, totNum = 8499
ROUND = 219, SUM = 10169783.9999998, bChange = 0.038921, totNum = 8438
ROUND = 220, SUM = 10169783.9999998, bChange = 0.0389228, totNum = 8360
ROUND = 221, SUM = 10169783.9999998, bChange = 0.0389245, totNum = 8297
ROUND = 222, SUM = 10169783.9999998, bChange = 0.0389262, totNum = 8235
ROUND = 223, SUM = 10169783.9999998, bChange = 0.0389278, totNum = 8166
ROUND = 224, SUM = 10169783.9999998, bChange = 0.0389294, totNum = 8119
ROUND = 225, SUM = 10169783.9999998, bChange = 0.0389309, totNum = 8044
ROUND = 226, SUM = 10169783.9999998, bChange = 0.0389324, totNum = 7985
ROUND = 227, SUM = 10169783.9999998, bChange = 0.0389339, totNum = 7919
ROUND = 228, SUM = 10169783.9999998, bChange = 0.0389353, totNum = 7867
ROUND = 229, SUM = 10169783.9999998, bChange = 0.0389367, totNum = 7813
ROUND = 230, SUM = 10169783.9999998, bChange = 0.038938, totNum = 7749
ROUND = 231, SUM = 10169783.9999999, bChange = 0.0389393, totNum = 7701
ROUND = 232, SUM = 10169783.9999999, bChange = 0.0389406, totNum = 7638
ROUND = 233, SUM = 10169783.9999999, bChange = 0.0389418, totNum = 7588
ROUND = 234, SUM = 10169783.9999998, bChange = 0.0304818, totNum = 7534
ROUND = 235, SUM = 10169783.9999997, bChange = 0.0304665, totNum = 7467
ROUND = 236, SUM = 10169783.9999998, bChange = 0.0304656, totNum = 7423
ROUND = 237, SUM = 10169783.9999998, bChange = 0.0304648, totNum = 7374
ROUND = 238, SUM = 10169783.9999998, bChange = 0.030464, totNum = 7311
ROUND = 239, SUM = 10169783.9999998, bChange = 0.0304632, totNum = 7258
ROUND = 240, SUM = 10169783.9999998, bChange = 0.0304625, totNum = 7213
ROUND = 241, SUM = 10169783.9999999, bChange = 0.0304617, totNum = 7158
ROUND = 242, SUM = 10169783.9999997, bChange = 0.030461, totNum = 7108
ROUND = 243, SUM = 10169783.9999997, bChange = 0.0304603, totNum = 7051
ROUND = 244, SUM = 10169783.9999998, bChange = 0.0304597, totNum = 7002
ROUND = 245, SUM = 10169783.9999997, bChange = 0.030459, totNum = 6949
ROUND = 246, SUM = 10169783.9999998, bChange = 0.0304584, totNum = 6903
ROUND = 247, SUM = 10169783.9999998, bChange = 0.0304578, totNum = 6861
ROUND = 248, SUM = 10169783.9999997, bChange = 0.0304572, totNum = 6816
ROUND = 249, SUM = 10169783.9999998, bChange = 0.0304567, totNum = 6770
ROUND = 250, SUM = 10169783.9999999, bChange = 0.0304561, totNum = 6726
ROUND = 251, SUM = 10169783.9999999, bChange = 0.0304556, totNum = 6696
ROUND = 252, SUM = 10169783.9999997, bChange = 0.0304551, totNum = 6656
ROUND = 253, SUM = 10169783.9999998, bChange = 0.0304546, totNum = 6610
ROUND = 254, SUM = 10169783.9999998, bChange = 0.0304541, totNum = 6583
ROUND = 255, SUM = 10169783.9999998, bChange = 0.0304536, totNum = 6531
ROUND = 256, SUM = 10169783.9999998, bChange = 0.0304532, totNum = 6481
ROUND = 257, SUM = 10169783.9999998, bChange = 0.0304527, totNum = 6436
ROUND = 258, SUM = 10169783.9999998, bChange = 0.0304523, totNum = 6401
ROUND = 259, SUM = 10169783.9999998, bChange = 0.0304519, totNum = 6363
ROUND = 260, SUM = 10169783.9999999, bChange = 0.0304515, totNum = 6324
ROUND = 261, SUM = 10169783.9999998, bChange = 0.0304511, totNum = 6289
ROUND = 262, SUM = 10169783.9999998, bChange = 0.0304507, totNum = 6235
ROUND = 263, SUM = 10169783.9999999, bChange = 0.0304504, totNum = 6185
ROUND = 264, SUM = 10169783.9999998, bChange = 0.0271687, totNum = 6135
ROUND = 265, SUM = 10169783.9999998, bChange = 0.0271694, totNum = 6103
ROUND = 266, SUM = 10169783.9999998, bChange = 0.02717, totNum = 6059
ROUND = 267, SUM = 10169783.9999998, bChange = 0.0271707, totNum = 6020
ROUND = 268, SUM = 10169783.9999998, bChange = 0.0271713, totNum = 5979
ROUND = 269, SUM = 10169783.9999998, bChange = 0.027089, totNum = 5927
ROUND = 270, SUM = 10169783.9999998, bChange = 0.027089, totNum = 5901
ROUND = 271, SUM = 10169783.9999998, bChange = 0.0265446, totNum = 5865
ROUND = 272, SUM = 10169783.9999998, bChange = 0.0265445, totNum = 5823
ROUND = 273, SUM = 10169783.9999998, bChange = 0.0265445, totNum = 5785
ROUND = 274, SUM = 10169783.9999998, bChange = 0.0265444, totNum = 5744
ROUND = 275, SUM = 10169783.9999999, bChange = 0.0265443, totNum = 5704
ROUND = 276, SUM = 10169783.9999997, bChange = 0.0265442, totNum = 5661
ROUND = 277, SUM = 10169783.9999998, bChange = 0.0265442, totNum = 5623
ROUND = 278, SUM = 10169783.9999998, bChange = 0.0265499, totNum = 5591
ROUND = 279, SUM = 10169783.9999997, bChange = 0.0265578, totNum = 5548
ROUND = 280, SUM = 10169783.9999998, bChange = 0.0265655, totNum = 5498
ROUND = 281, SUM = 10169783.9999999, bChange = 0.0265733, totNum = 5454
ROUND = 282, SUM = 10169783.9999998, bChange = 0.0265809, totNum = 5424
ROUND = 283, SUM = 10169783.9999998, bChange = 0.0265885, totNum = 5394
ROUND = 284, SUM = 10169783.9999999, bChange = 0.0264235, totNum = 5363
ROUND = 285, SUM = 10169783.9999998, bChange = 0.0264306, totNum = 5332
ROUND = 286, SUM = 10169783.9999998, bChange = 0.0264376, totNum = 5311
ROUND = 287, SUM = 10169783.9999998, bChange = 0.0264445, totNum = 5283
ROUND = 288, SUM = 10169783.9999997, bChange = 0.0264514, totNum = 5249
ROUND = 289, SUM = 10169783.9999998, bChange = 0.0264582, totNum = 5213
ROUND = 290, SUM = 10169783.9999998, bChange = 0.0264649, totNum = 5174
ROUND = 291, SUM = 10169783.9999998, bChange = 0.0264715, totNum = 5145
ROUND = 292, SUM = 10169783.9999998, bChange = 0.0264781, totNum = 5122
ROUND = 293, SUM = 10169783.9999998, bChange = 0.0264846, totNum = 5092
ROUND = 294, SUM = 10169783.9999998, bChange = 0.0264911, totNum = 5069
ROUND = 295, SUM = 10169783.9999998, bChange = 0.0264975, totNum = 5041
ROUND = 296, SUM = 10169783.9999998, bChange = 0.0265038, totNum = 5018
ROUND = 297, SUM = 10169783.9999998, bChange = 0.02651, totNum = 4989
ROUND = 298, SUM = 10169783.9999999, bChange = 0.0265162, totNum = 4961
ROUND = 299, SUM = 10169783.9999998, bChange = 0.0235229, totNum = 4940
ROUND = 300, SUM = 10169783.9999998, bChange = 0.0235223, totNum = 4913
ROUND = 301, SUM = 10169783.9999998, bChange = 0.0232089, totNum = 4893
ROUND = 302, SUM = 10169783.9999998, bChange = 0.0232087, totNum = 4862
ROUND = 303, SUM = 10169783.9999998, bChange = 0.0232084, totNum = 4837
ROUND = 304, SUM = 10169783.9999998, bChange = 0.0232082, totNum = 4819
ROUND = 305, SUM = 10169783.9999998, bChange = 0.0232079, totNum = 4789
ROUND = 306, SUM = 10169783.9999998, bChange = 0.0232077, totNum = 4763
ROUND = 307, SUM = 10169783.9999998, bChange = 0.0232075, totNum = 4734
ROUND = 308, SUM = 10169783.9999998, bChange = 0.0232073, totNum = 4702
ROUND = 309, SUM = 10169783.9999999, bChange = 0.023207, totNum = 4672
ROUND = 310, SUM = 10169783.9999998, bChange = 0.0232068, totNum = 4645
ROUND = 311, SUM = 10169783.9999998, bChange = 0.0232066, totNum = 4612
ROUND = 312, SUM = 10169783.9999998, bChange = 0.0232064, totNum = 4586
ROUND = 313, SUM = 10169783.9999998, bChange = 0.0232062, totNum = 4558
ROUND = 314, SUM = 10169783.9999999, bChange = 0.023206, totNum = 4546
ROUND = 315, SUM = 10169783.9999997, bChange = 0.0232058, totNum = 4521
ROUND = 316, SUM = 10169783.9999999, bChange = 0.0232056, totNum = 4496
ROUND = 317, SUM = 10169783.9999999, bChange = 0.0232055, totNum = 4471
ROUND = 318, SUM = 10169783.9999998, bChange = 0.0232053, totNum = 4450
ROUND = 319, SUM = 10169783.9999998, bChange = 0.0232051, totNum = 4426
ROUND = 320, SUM = 10169783.9999998, bChange = 0.0232049, totNum = 4407
ROUND = 321, SUM = 10169783.9999998, bChange = 0.0232048, totNum = 4386
ROUND = 322, SUM = 10169783.9999998, bChange = 0.0232046, totNum = 4369
ROUND = 323, SUM = 10169783.9999998, bChange = 0.0232044, totNum = 4347
ROUND = 324, SUM = 10169783.9999998, bChange = 0.0232043, totNum = 4323
ROUND = 325, SUM = 10169783.9999998, bChange = 0.0232041, totNum = 4291
ROUND = 326, SUM = 10169783.9999998, bChange = 0.023204, totNum = 4272
ROUND = 327, SUM = 10169783.9999998, bChange = 0.0232038, totNum = 4252
ROUND = 328, SUM = 10169783.9999998, bChange = 0.0224196, totNum = 4237
ROUND = 329, SUM = 10169783.9999998, bChange = 0.0224242, totNum = 4217
ROUND = 330, SUM = 10169783.9999999, bChange = 0.0224287, totNum = 4193
ROUND = 331, SUM = 10169783.9999998, bChange = 0.0224332, totNum = 4166
ROUND = 332, SUM = 10169783.9999998, bChange = 0.0224376, totNum = 4143
ROUND = 333, SUM = 10169783.9999998, bChange = 0.022442, totNum = 4125
ROUND = 334, SUM = 10169783.9999998, bChange = 0.0224464, totNum = 4109
ROUND = 335, SUM = 10169783.9999998, bChange = 0.0224507, totNum = 4087
ROUND = 336, SUM = 10169783.9999998, bChange = 0.0224549, totNum = 4068
ROUND = 337, SUM = 10169783.9999999, bChange = 0.0224591, totNum = 4051
ROUND = 338, SUM = 10169783.9999998, bChange = 0.0224633, totNum = 4026
ROUND = 339, SUM = 10169783.9999999, bChange = 0.0224674, totNum = 3993
ROUND = 340, SUM = 10169783.9999998, bChange = 0.0224715, totNum = 3976
ROUND = 341, SUM = 10169783.9999998, bChange = 0.0224755, totNum = 3957
ROUND = 342, SUM = 10169783.9999998, bChange = 0.0224795, totNum = 3939
ROUND = 343, SUM = 10169783.9999998, bChange = 0.0224835, totNum = 3920
ROUND = 344, SUM = 10169783.9999998, bChange = 0.0224874, totNum = 3898
ROUND = 345, SUM = 10169783.9999998, bChange = 0.0224912, totNum = 3884
ROUND = 346, SUM = 10169783.9999999, bChange = 0.0224951, totNum = 3864
ROUND = 347, SUM = 10169783.9999998, bChange = 0.0224989, totNum = 3841
ROUND = 348, SUM = 10169783.9999999, bChange = 0.0225026, totNum = 3833
ROUND = 349, SUM = 10169783.9999998, bChange = 0.0225063, totNum = 3818
ROUND = 350, SUM = 10169783.9999999, bChange = 0.02251, totNum = 3802
ROUND = 351, SUM = 10169783.9999998, bChange = 0.0225137, totNum = 3788
ROUND = 352, SUM = 10169783.9999998, bChange = 0.0225173, totNum = 3767
ROUND = 353, SUM = 10169783.9999999, bChange = 0.0225208, totNum = 3749
ROUND = 354, SUM = 10169783.9999998, bChange = 0.0225244, totNum = 3736
ROUND = 355, SUM = 10169783.9999998, bChange = 0.0225279, totNum = 3720
ROUND = 356, SUM = 10169783.9999998, bChange = 0.0225313, totNum = 3708
ROUND = 357, SUM = 10169783.9999999, bChange = 0.0225348, totNum = 3699
ROUND = 358, SUM = 10169783.9999999, bChange = 0.0225381, totNum = 3682
ROUND = 359, SUM = 10169783.9999999, bChange = 0.0225415, totNum = 3668
ROUND = 360, SUM = 10169783.9999999, bChange = 0.0197353, totNum = 3653
ROUND = 361, SUM = 10169783.9999998, bChange = 0.0189508, totNum = 3630
ROUND = 362, SUM = 10169783.9999998, bChange = 0.0189511, totNum = 3608
ROUND = 363, SUM = 10169783.9999999, bChange = 0.0189514, totNum = 3591
ROUND = 364, SUM = 10169783.9999998, bChange = 0.0189517, totNum = 3570
ROUND = 365, SUM = 10169783.9999999, bChange = 0.018952, totNum = 3548
ROUND = 366, SUM = 10169783.9999999, bChange = 0.0189523, totNum = 3529
ROUND = 367, SUM = 10169783.9999999, bChange = 0.0189525, totNum = 3518
ROUND = 368, SUM = 10169783.9999999, bChange = 0.0189528, totNum = 3500
ROUND = 369, SUM = 10169783.9999998, bChange = 0.0189531, totNum = 3486
ROUND = 370, SUM = 10169783.9999999, bChange = 0.0189534, totNum = 3472
ROUND = 371, SUM = 10169783.9999998, bChange = 0.0189536, totNum = 3456
ROUND = 372, SUM = 10169783.9999999, bChange = 0.0189539, totNum = 3439
ROUND = 373, SUM = 10169783.9999999, bChange = 0.0189541, totNum = 3426
ROUND = 374, SUM = 10169783.9999998, bChange = 0.0189544, totNum = 3412
ROUND = 375, SUM = 10169783.9999998, bChange = 0.0189546, totNum = 3399
ROUND = 376, SUM = 10169783.9999999, bChange = 0.0187637, totNum = 3382
ROUND = 377, SUM = 10169783.9999998, bChange = 0.0187641, totNum = 3360
ROUND = 378, SUM = 10169783.9999998, bChange = 0.0187644, totNum = 3344
ROUND = 379, SUM = 10169783.9999998, bChange = 0.0187648, totNum = 3333
ROUND = 380, SUM = 10169783.9999999, bChange = 0.0187652, totNum = 3323
ROUND = 381, SUM = 10169783.9999999, bChange = 0.0187655, totNum = 3304
ROUND = 382, SUM = 10169783.9999998, bChange = 0.0187659, totNum = 3289
ROUND = 383, SUM = 10169783.9999998, bChange = 0.0187662, totNum = 3272
ROUND = 384, SUM = 10169783.9999999, bChange = 0.0187665, totNum = 3262
ROUND = 385, SUM = 10169783.9999999, bChange = 0.0187669, totNum = 3246
ROUND = 386, SUM = 10169783.9999999, bChange = 0.0187672, totNum = 3234
ROUND = 387, SUM = 10169783.9999998, bChange = 0.0187675, totNum = 3224
ROUND = 388, SUM = 10169783.9999999, bChange = 0.0187679, totNum = 3210
ROUND = 389, SUM = 10169783.9999999, bChange = 0.0187682, totNum = 3196
ROUND = 390, SUM = 10169783.9999998, bChange = 0.0187685, totNum = 3184
ROUND = 391, SUM = 10169783.9999998, bChange = 0.0187688, totNum = 3170
ROUND = 392, SUM = 10169783.9999998, bChange = 0.0187691, totNum = 3157
ROUND = 393, SUM = 10169783.9999998, bChange = 0.0187694, totNum = 3144
ROUND = 394, SUM = 10169783.9999998, bChange = 0.0187697, totNum = 3129
ROUND = 395, SUM = 10169783.9999999, bChange = 0.01877, totNum = 3119
ROUND = 396, SUM = 10169783.9999998, bChange = 0.0187703, totNum = 3106
ROUND = 397, SUM = 10169783.9999999, bChange = 0.0187706, totNum = 3092
ROUND = 398, SUM = 10169783.9999998, bChange = 0.0187709, totNum = 3076
ROUND = 399, SUM = 10169783.9999999, bChange = 0.0187712, totNum = 3068
ROUND = 400, SUM = 10169783.9999999, bChange = 0.0187715, totNum = 3059
ROUND = 401, SUM = 10169783.9999998, bChange = 0.0187717, totNum = 3043
ROUND = 402, SUM = 10169783.9999999, bChange = 0.018772, totNum = 3034
ROUND = 403, SUM = 10169783.9999999, bChange = 0.0187723, totNum = 3018
ROUND = 404, SUM = 10169783.9999999, bChange = 0.0187726, totNum = 3009
ROUND = 405, SUM = 10169783.9999998, bChange = 0.0187728, totNum = 2990
ROUND = 406, SUM = 10169783.9999999, bChange = 0.0187731, totNum = 2976
ROUND = 407, SUM = 10169783.9999998, bChange = 0.0187733, totNum = 2962
ROUND = 408, SUM = 10169783.9999999, bChange = 0.0187736, totNum = 2955
ROUND = 409, SUM = 10169783.9999998, bChange = 0.0187739, totNum = 2941
ROUND = 410, SUM = 10169783.9999998, bChange = 0.0187741, totNum = 2931
ROUND = 411, SUM = 10169783.9999998, bChange = 0.0187744, totNum = 2919
ROUND = 412, SUM = 10169783.9999999, bChange = 0.0187746, totNum = 2901
ROUND = 413, SUM = 10169783.9999999, bChange = 0.0187748, totNum = 2889
ROUND = 414, SUM = 10169783.9999998, bChange = 0.0187751, totNum = 2876
ROUND = 415, SUM = 10169783.9999999, bChange = 0.0187753, totNum = 2862
ROUND = 416, SUM = 10169783.9999998, bChange = 0.0187755, totNum = 2843
ROUND = 417, SUM = 10169783.9999998, bChange = 0.0187758, totNum = 2834
ROUND = 418, SUM = 10169783.9999999, bChange = 0.018776, totNum = 2825
ROUND = 419, SUM = 10169784, bChange = 0.0187762, totNum = 2819
ROUND = 420, SUM = 10169783.9999998, bChange = 0.0160215, totNum = 2807
ROUND = 421, SUM = 10169783.9999999, bChange = 0.0160215, totNum = 2790
ROUND = 422, SUM = 10169783.9999999, bChange = 0.0160214, totNum = 2780
ROUND = 423, SUM = 10169783.9999998, bChange = 0.0160214, totNum = 2767
ROUND = 424, SUM = 10169783.9999998, bChange = 0.0160213, totNum = 2750
ROUND = 425, SUM = 10169783.9999999, bChange = 0.0160212, totNum = 2740
ROUND = 426, SUM = 10169783.9999999, bChange = 0.0160212, totNum = 2728
ROUND = 427, SUM = 10169783.9999999, bChange = 0.0160211, totNum = 2712
ROUND = 428, SUM = 10169783.9999999, bChange = 0.0160211, totNum = 2698
ROUND = 429, SUM = 10169783.9999999, bChange = 0.016021, totNum = 2685
ROUND = 430, SUM = 10169783.9999998, bChange = 0.0160209, totNum = 2671
ROUND = 431, SUM = 10169783.9999999, bChange = 0.0160209, totNum = 2661
ROUND = 432, SUM = 10169783.9999998, bChange = 0.0160208, totNum = 2651
ROUND = 433, SUM = 10169783.9999999, bChange = 0.0160208, totNum = 2642
ROUND = 434, SUM = 10169783.9999999, bChange = 0.0160207, totNum = 2635
ROUND = 435, SUM = 10169783.9999999, bChange = 0.0160207, totNum = 2621
ROUND = 436, SUM = 10169783.9999998, bChange = 0.0160206, totNum = 2618
ROUND = 437, SUM = 10169783.9999999, bChange = 0.0160206, totNum = 2611
ROUND = 438, SUM = 10169783.9999999, bChange = 0.0160205, totNum = 2603
ROUND = 439, SUM = 10169783.9999999, bChange = 0.0160205, totNum = 2593
ROUND = 440, SUM = 10169783.9999998, bChange = 0.0160204, totNum = 2582
ROUND = 441, SUM = 10169783.9999999, bChange = 0.0160204, totNum = 2572
ROUND = 442, SUM = 10169783.9999998, bChange = 0.0160203, totNum = 2568
ROUND = 443, SUM = 10169783.9999998, bChange = 0.0160203, totNum = 2559
ROUND = 444, SUM = 10169783.9999998, bChange = 0.0160203, totNum = 2554
ROUND = 445, SUM = 10169783.9999998, bChange = 0.0160202, totNum = 2548
ROUND = 446, SUM = 10169783.9999999, bChange = 0.0160202, totNum = 2539
ROUND = 447, SUM = 10169783.9999999, bChange = 0.0160201, totNum = 2526
ROUND = 448, SUM = 10169783.9999998, bChange = 0.0160201, totNum = 2514
ROUND = 449, SUM = 10169783.9999998, bChange = 0.0160201, totNum = 2504
ROUND = 450, SUM = 10169783.9999998, bChange = 0.01602, totNum = 2496
ROUND = 451, SUM = 10169783.9999998, bChange = 0.01602, totNum = 2484
ROUND = 452, SUM = 10169783.9999998, bChange = 0.0160199, totNum = 2475
ROUND = 453, SUM = 10169783.9999999, bChange = 0.0160199, totNum = 2467
ROUND = 454, SUM = 10169783.9999998, bChange = 0.0160199, totNum = 2459
ROUND = 455, SUM = 10169783.9999998, bChange = 0.0160198, totNum = 2452
ROUND = 456, SUM = 10169783.9999999, bChange = 0.0160198, totNum = 2443
ROUND = 457, SUM = 10169783.9999998, bChange = 0.0160198, totNum = 2431
ROUND = 458, SUM = 10169783.9999999, bChange = 0.0160197, totNum = 2425
ROUND = 459, SUM = 10169783.9999998, bChange = 0.0160197, totNum = 2418
ROUND = 460, SUM = 10169783.9999999, bChange = 0.0151791, totNum = 2406
ROUND = 461, SUM = 10169783.9999998, bChange = 0.0151807, totNum = 2401
ROUND = 462, SUM = 10169783.9999999, bChange = 0.0151824, totNum = 2392
ROUND = 463, SUM = 10169783.9999999, bChange = 0.0151841, totNum = 2379
ROUND = 464, SUM = 10169783.9999999, bChange = 0.0151857, totNum = 2372
ROUND = 465, SUM = 10169783.9999999, bChange = 0.0151873, totNum = 2358
ROUND = 466, SUM = 10169783.9999998, bChange = 0.0151889, totNum = 2351
ROUND = 467, SUM = 10169783.9999999, bChange = 0.0151905, totNum = 2342
ROUND = 468, SUM = 10169783.9999999, bChange = 0.0151921, totNum = 2332
ROUND = 469, SUM = 10169783.9999999, bChange = 0.0151937, totNum = 2321
ROUND = 470, SUM = 10169783.9999999, bChange = 0.0151953, totNum = 2318
ROUND = 471, SUM = 10169783.9999999, bChange = 0.0151968, totNum = 2311
ROUND = 472, SUM = 10169783.9999998, bChange = 0.0151984, totNum = 2301
ROUND = 473, SUM = 10169783.9999999, bChange = 0.0151999, totNum = 2290
ROUND = 474, SUM = 10169783.9999999, bChange = 0.0152014, totNum = 2282
ROUND = 475, SUM = 10169783.9999999, bChange = 0.0152029, totNum = 2278
ROUND = 476, SUM = 10169783.9999998, bChange = 0.0152044, totNum = 2271
ROUND = 477, SUM = 10169783.9999998, bChange = 0.0152059, totNum = 2260
ROUND = 478, SUM = 10169783.9999998, bChange = 0.0152074, totNum = 2252
ROUND = 479, SUM = 10169783.9999998, bChange = 0.0152088, totNum = 2247
ROUND = 480, SUM = 10169783.9999999, bChange = 0.0152103, totNum = 2235
ROUND = 481, SUM = 10169783.9999999, bChange = 0.0152117, totNum = 2228
ROUND = 482, SUM = 10169783.9999998, bChange = 0.0152132, totNum = 2222
ROUND = 483, SUM = 10169783.9999999, bChange = 0.0152146, totNum = 2213
ROUND = 484, SUM = 10169783.9999998, bChange = 0.015216, totNum = 2207
ROUND = 485, SUM = 10169783.9999999, bChange = 0.0152174, totNum = 2202
ROUND = 486, SUM = 10169783.9999999, bChange = 0.0152188, totNum = 2196
ROUND = 487, SUM = 10169783.9999998, bChange = 0.0152201, totNum = 2190
ROUND = 488, SUM = 10169783.9999999, bChange = 0.0152215, totNum = 2179
ROUND = 489, SUM = 10169783.9999999, bChange = 0.0152229, totNum = 2173
ROUND = 490, SUM = 10169783.9999999, bChange = 0.0152242, totNum = 2167
ROUND = 491, SUM = 10169783.9999998, bChange = 0.0152255, totNum = 2162
ROUND = 492, SUM = 10169783.9999998, bChange = 0.0152269, totNum = 2152
ROUND = 493, SUM = 10169783.9999998, bChange = 0.0152282, totNum = 2150
ROUND = 494, SUM = 10169783.9999999, bChange = 0.0152295, totNum = 2145
ROUND = 495, SUM = 10169783.9999999, bChange = 0.0152308, totNum = 2140
ROUND = 496, SUM = 10169783.9999998, bChange = 0.0152321, totNum = 2133
ROUND = 497, SUM = 10169783.9999999, bChange = 0.0152334, totNum = 2127
ROUND = 498, SUM = 10169783.9999999, bChange = 0.0152346, totNum = 2121
ROUND = 499, SUM = 10169783.9999999, bChange = 0.0152359, totNum = 2109
ROUND = 500, SUM = 10169783.9999999, bChange = 0.0152371, totNum = 2105
ROUND = 501, SUM = 10169783.9999998, bChange = 0.0152384, totNum = 2094
ROUND = 502, SUM = 10169783.9999999, bChange = 0.0152396, totNum = 2083
ROUND = 503, SUM = 10169784, bChange = 0.0152408, totNum = 2076
ROUND = 504, SUM = 10169783.9999999, bChange = 0.015242, totNum = 2066
ROUND = 505, SUM = 10169783.9999999, bChange = 0.0152432, totNum = 2056
ROUND = 506, SUM = 10169783.9999999, bChange = 0.0152444, totNum = 2051
ROUND = 507, SUM = 10169783.9999999, bChange = 0.0152456, totNum = 2045
ROUND = 508, SUM = 10169783.9999999, bChange = 0.0152468, totNum = 2037
ROUND = 509, SUM = 10169783.9999999, bChange = 0.015248, totNum = 2031
ROUND = 510, SUM = 10169783.9999999, bChange = 0.0152491, totNum = 2028
ROUND = 511, SUM = 10169783.9999999, bChange = 0.0152503, totNum = 2022
ROUND = 512, SUM = 10169783.9999999, bChange = 0.0152514, totNum = 2016
ROUND = 513, SUM = 10169783.9999999, bChange = 0.0152526, totNum = 2012
ROUND = 514, SUM = 10169783.9999999, bChange = 0.0152537, totNum = 2006
ROUND = 515, SUM = 10169783.9999999, bChange = 0.0152548, totNum = 1995
ROUND = 516, SUM = 10169783.9999999, bChange = 0.0152559, totNum = 1990
ROUND = 517, SUM = 10169783.9999999, bChange = 0.015257, totNum = 1982
ROUND = 518, SUM = 10169783.9999999, bChange = 0.0152581, totNum = 1976
ROUND = 519, SUM = 10169783.9999999, bChange = 0.0152592, totNum = 1972
ROUND = 520, SUM = 10169783.9999999, bChange = 0.0152603, totNum = 1968
ROUND = 521, SUM = 10169783.9999999, bChange = 0.0152614, totNum = 1963
ROUND = 522, SUM = 10169783.9999998, bChange = 0.0152624, totNum = 1958
ROUND = 523, SUM = 10169783.9999999, bChange = 0.0152635, totNum = 1952
ROUND = 524, SUM = 10169783.9999999, bChange = 0.0152645, totNum = 1944
ROUND = 525, SUM = 10169783.9999999, bChange = 0.0152656, totNum = 1941
ROUND = 526, SUM = 10169783.9999999, bChange = 0.0152666, totNum = 1938
ROUND = 527, SUM = 10169783.9999999, bChange = 0.0152676, totNum = 1930
ROUND = 528, SUM = 10169783.9999999, bChange = 0.0152686, totNum = 1925
ROUND = 529, SUM = 10169783.9999998, bChange = 0.0152697, totNum = 1917
ROUND = 530, SUM = 10169783.9999998, bChange = 0.0152707, totNum = 1911
ROUND = 531, SUM = 10169783.9999998, bChange = 0.0152717, totNum = 1905
ROUND = 532, SUM = 10169783.9999999, bChange = 0.0152727, totNum = 1901
ROUND = 533, SUM = 10169783.9999999, bChange = 0.0152736, totNum = 1894
ROUND = 534, SUM = 10169783.9999999, bChange = 0.0152746, totNum = 1884
ROUND = 535, SUM = 10169783.9999998, bChange = 0.0152756, totNum = 1883
ROUND = 536, SUM = 10169783.9999999, bChange = 0.0152766, totNum = 1881
ROUND = 537, SUM = 10169783.9999998, bChange = 0.0152775, totNum = 1872
ROUND = 538, SUM = 10169783.9999999, bChange = 0.0152785, totNum = 1869
ROUND = 539, SUM = 10169783.9999998, bChange = 0.0152794, totNum = 1864
ROUND = 540, SUM = 10169783.9999999, bChange = 0.0152803, totNum = 1860
ROUND = 541, SUM = 10169783.9999999, bChange = 0.0152813, totNum = 1853
ROUND = 542, SUM = 10169783.9999999, bChange = 0.0152822, totNum = 1845
ROUND = 543, SUM = 10169783.9999999, bChange = 0.0152831, totNum = 1842
ROUND = 544, SUM = 10169783.9999999, bChange = 0.015284, totNum = 1836
ROUND = 545, SUM = 10169783.9999999, bChange = 0.0152849, totNum = 1832
ROUND = 546, SUM = 10169783.9999998, bChange = 0.0152858, totNum = 1828
ROUND = 547, SUM = 10169783.9999999, bChange = 0.0152867, totNum = 1823
ROUND = 548, SUM = 10169783.9999999, bChange = 0.0152876, totNum = 1818
ROUND = 549, SUM = 10169783.9999999, bChange = 0.0152885, totNum = 1813
ROUND = 550, SUM = 10169783.9999999, bChange = 0.0152894, totNum = 1812
ROUND = 551, SUM = 10169783.9999998, bChange = 0.0152902, totNum = 1807
ROUND = 552, SUM = 10169783.9999999, bChange = 0.0152911, totNum = 1799
ROUND = 553, SUM = 10169783.9999999, bChange = 0.015292, totNum = 1789
ROUND = 554, SUM = 10169783.9999999, bChange = 0.0152928, totNum = 1784
ROUND = 555, SUM = 10169783.9999999, bChange = 0.0152936, totNum = 1779
ROUND = 556, SUM = 10169783.9999999, bChange = 0.0152945, totNum = 1774
ROUND = 557, SUM = 10169783.9999999, bChange = 0.0152953, totNum = 1768
ROUND = 558, SUM = 10169783.9999999, bChange = 0.0152962, totNum = 1760
ROUND = 559, SUM = 10169783.9999999, bChange = 0.015297, totNum = 1753
ROUND = 560, SUM = 10169783.9999999, bChange = 0.0152978, totNum = 1750
ROUND = 561, SUM = 10169783.9999998, bChange = 0.0152986, totNum = 1745
ROUND = 562, SUM = 10169783.9999999, bChange = 0.0152994, totNum = 1739
ROUND = 563, SUM = 10169783.9999998, bChange = 0.0153002, totNum = 1734
ROUND = 564, SUM = 10169783.9999999, bChange = 0.015301, totNum = 1728
ROUND = 565, SUM = 10169783.9999999, bChange = 0.0153018, totNum = 1721
ROUND = 566, SUM = 10169783.9999999, bChange = 0.0153026, totNum = 1712
ROUND = 567, SUM = 10169783.9999999, bChange = 0.0153034, totNum = 1706
ROUND = 568, SUM = 10169783.9999999, bChange = 0.0128218, totNum = 1701
ROUND = 569, SUM = 10169783.9999999, bChange = 0.0120022, totNum = 1692
ROUND = 570, SUM = 10169783.9999999, bChange = 0.0120023, totNum = 1684
ROUND = 571, SUM = 10169783.9999999, bChange = 0.0120024, totNum = 1677
ROUND = 572, SUM = 10169783.9999999, bChange = 0.0120024, totNum = 1673
ROUND = 573, SUM = 10169783.9999999, bChange = 0.0120025, totNum = 1670
ROUND = 574, SUM = 10169783.9999999, bChange = 0.0120026, totNum = 1665
ROUND = 575, SUM = 10169783.9999999, bChange = 0.0120027, totNum = 1663
ROUND = 576, SUM = 10169783.9999999, bChange = 0.0120027, totNum = 1656
ROUND = 577, SUM = 10169783.9999998, bChange = 0.0120028, totNum = 1651
ROUND = 578, SUM = 10169783.9999999, bChange = 0.0120029, totNum = 1640
ROUND = 579, SUM = 10169783.9999999, bChange = 0.012003, totNum = 1634
ROUND = 580, SUM = 10169783.9999999, bChange = 0.012003, totNum = 1631
ROUND = 581, SUM = 10169783.9999999, bChange = 0.0115881, totNum = 1624
ROUND = 582, SUM = 10169783.9999999, bChange = 0.0115881, totNum = 1620
ROUND = 583, SUM = 10169783.9999999, bChange = 0.0115881, totNum = 1617
ROUND = 584, SUM = 10169783.9999999, bChange = 0.0125045, totNum = 1614
ROUND = 585, SUM = 10169783.9999999, bChange = 0.0123177, totNum = 1611
ROUND = 586, SUM = 10169783.9999999, bChange = 0.0121338, totNum = 1606
ROUND = 587, SUM = 10169783.9999998, bChange = 0.0119528, totNum = 1602
ROUND = 588, SUM = 10169783.9999999, bChange = 0.0117745, totNum = 1596
ROUND = 589, SUM = 10169783.9999999, bChange = 0.011599, totNum = 1593
ROUND = 590, SUM = 10169783.9999999, bChange = 0.011588, totNum = 1589
ROUND = 591, SUM = 10169783.9999999, bChange = 0.011588, totNum = 1585
ROUND = 592, SUM = 10169783.9999999, bChange = 0.011588, totNum = 1578
ROUND = 593, SUM = 10169783.9999999, bChange = 0.011588, totNum = 1572
ROUND = 594, SUM = 10169783.9999999, bChange = 0.011588, totNum = 1568
ROUND = 595, SUM = 10169783.9999998, bChange = 0.011588, totNum = 1562
ROUND = 596, SUM = 10169783.9999999, bChange = 0.0115879, totNum = 1558
ROUND = 597, SUM = 10169783.9999999, bChange = 0.0115879, totNum = 1549
ROUND = 598, SUM = 10169783.9999999, bChange = 0.0115879, totNum = 1545
ROUND = 599, SUM = 10169783.9999998, bChange = 0.0115879, totNum = 1541
ROUND = 600, SUM = 10169783.9999998, bChange = 0.0115879, totNum = 1535
ROUND = 601, SUM = 10169783.9999999, bChange = 0.0115879, totNum = 1532
ROUND = 602, SUM = 10169783.9999999, bChange = 0.0115879, totNum = 1525
ROUND = 603, SUM = 10169783.9999999, bChange = 0.0115879, totNum = 1520
ROUND = 604, SUM = 10169783.9999998, bChange = 0.0115879, totNum = 1516
ROUND = 605, SUM = 10169783.9999999, bChange = 0.0115879, totNum = 1512
ROUND = 606, SUM = 10169783.9999998, bChange = 0.0115878, totNum = 1511
ROUND = 607, SUM = 10169783.9999999, bChange = 0.0115878, totNum = 1508
ROUND = 608, SUM = 10169783.9999999, bChange = 0.0115878, totNum = 1500
ROUND = 609, SUM = 10169783.9999999, bChange = 0.0115878, totNum = 1493
ROUND = 610, SUM = 10169783.9999999, bChange = 0.0115878, totNum = 1489
ROUND = 611, SUM = 10169783.9999999, bChange = 0.0108009, totNum = 1483
ROUND = 612, SUM = 10169783.9999999, bChange = 0.0108009, totNum = 1479
ROUND = 613, SUM = 10169783.9999999, bChange = 0.0108009, totNum = 1475
ROUND = 614, SUM = 10169783.9999999, bChange = 0.010801, totNum = 1471
ROUND = 615, SUM = 10169783.9999999, bChange = 0.010801, totNum = 1462
ROUND = 616, SUM = 10169783.9999999, bChange = 0.010801, totNum = 1461
ROUND = 617, SUM = 10169783.9999999, bChange = 0.010801, totNum = 1455
ROUND = 618, SUM = 10169783.9999999, bChange = 0.010801, totNum = 1450
ROUND = 619, SUM = 10169783.9999999, bChange = 0.010801, totNum = 1446
ROUND = 620, SUM = 10169783.9999999, bChange = 0.010801, totNum = 1444
ROUND = 621, SUM = 10169783.9999998, bChange = 0.0108011, totNum = 1443
ROUND = 622, SUM = 10169783.9999999, bChange = 0.0108011, totNum = 1438
ROUND = 623, SUM = 10169783.9999999, bChange = 0.0108011, totNum = 1433
ROUND = 624, SUM = 10169783.9999999, bChange = 0.0108011, totNum = 1429
ROUND = 625, SUM = 10169783.9999999, bChange = 0.0108011, totNum = 1424
ROUND = 626, SUM = 10169783.9999999, bChange = 0.0108011, totNum = 1424
ROUND = 627, SUM = 10169783.9999999, bChange = 0.0108011, totNum = 1421
ROUND = 628, SUM = 10169783.9999998, bChange = 0.0108012, totNum = 1418
ROUND = 629, SUM = 10169783.9999999, bChange = 0.0108012, totNum = 1410
ROUND = 630, SUM = 10169783.9999999, bChange = 0.0108012, totNum = 1403
ROUND = 631, SUM = 10169783.9999999, bChange = 0.0108012, totNum = 1400
ROUND = 632, SUM = 10169784, bChange = 0.0108012, totNum = 1398
ROUND = 633, SUM = 10169783.9999999, bChange = 0.0108012, totNum = 1394
ROUND = 634, SUM = 10169783.9999999, bChange = 0.0108012, totNum = 1386
ROUND = 635, SUM = 10169783.9999999, bChange = 0.0108012, totNum = 1382
ROUND = 636, SUM = 10169783.9999999, bChange = 0.0104628, totNum = 1377
ROUND = 637, SUM = 10169783.9999999, bChange = 0.0104631, totNum = 1372
ROUND = 638, SUM = 10169783.9999999, bChange = 0.0104634, totNum = 1367
ROUND = 639, SUM = 10169783.9999999, bChange = 0.0104636, totNum = 1364
ROUND = 640, SUM = 10169783.9999999, bChange = 0.0104639, totNum = 1359
ROUND = 641, SUM = 10169783.9999999, bChange = 0.0104642, totNum = 1354
ROUND = 642, SUM = 10169783.9999999, bChange = 0.0104644, totNum = 1352
ROUND = 643, SUM = 10169784, bChange = 0.0104647, totNum = 1348
ROUND = 644, SUM = 10169783.9999999, bChange = 0.010465, totNum = 1346
ROUND = 645, SUM = 10169783.9999999, bChange = 0.0104652, totNum = 1342
ROUND = 646, SUM = 10169783.9999999, bChange = 0.0104655, totNum = 1340
ROUND = 647, SUM = 10169783.9999999, bChange = 0.0104657, totNum = 1338
ROUND = 648, SUM = 10169783.9999999, bChange = 0.010466, totNum = 1334
ROUND = 649, SUM = 10169783.9999999, bChange = 0.0104662, totNum = 1331
ROUND = 650, SUM = 10169783.9999999, bChange = 0.0104665, totNum = 1329
ROUND = 651, SUM = 10169783.9999999, bChange = 0.0104667, totNum = 1326
ROUND = 652, SUM = 10169783.9999998, bChange = 0.0104669, totNum = 1323
ROUND = 653, SUM = 10169783.9999999, bChange = 0.0104672, totNum = 1319
ROUND = 654, SUM = 10169783.9999998, bChange = 0.0104674, totNum = 1317
ROUND = 655, SUM = 10169783.9999999, bChange = 0.0104676, totNum = 1309
ROUND = 656, SUM = 10169783.9999998, bChange = 0.0104679, totNum = 1303
ROUND = 657, SUM = 10169783.9999999, bChange = 0.0104681, totNum = 1297
ROUND = 658, SUM = 10169783.9999999, bChange = 0.0104683, totNum = 1294
ROUND = 659, SUM = 10169783.9999998, bChange = 0.0104686, totNum = 1292
ROUND = 660, SUM = 10169783.9999999, bChange = 0.0104688, totNum = 1289
ROUND = 661, SUM = 10169783.9999999, bChange = 0.010469, totNum = 1289
ROUND = 662, SUM = 10169783.9999999, bChange = 0.0104692, totNum = 1284
ROUND = 663, SUM = 10169783.9999999, bChange = 0.0104695, totNum = 1279
ROUND = 664, SUM = 10169783.9999999, bChange = 0.0104697, totNum = 1271
ROUND = 665, SUM = 10169783.9999999, bChange = 0.0104699, totNum = 1266
ROUND = 666, SUM = 10169783.9999999, bChange = 0.0104701, totNum = 1261
ROUND = 667, SUM = 10169783.9999999, bChange = 0.0104703, totNum = 1255
ROUND = 668, SUM = 10169783.9999999, bChange = 0.0104705, totNum = 1251
ROUND = 669, SUM = 10169783.9999999, bChange = 0.0104707, totNum = 1249
ROUND = 670, SUM = 10169783.9999999, bChange = 0.0104709, totNum = 1245
ROUND = 671, SUM = 10169783.9999999, bChange = 0.0104711, totNum = 1245
ROUND = 672, SUM = 10169783.9999999, bChange = 0.0104713, totNum = 1239
ROUND = 673, SUM = 10169783.9999999, bChange = 0.0104715, totNum = 1238
ROUND = 674, SUM = 10169783.9999999, bChange = 0.0104717, totNum = 1235
ROUND = 675, SUM = 10169783.9999999, bChange = 0.0104719, totNum = 1232
ROUND = 676, SUM = 10169783.9999999, bChange = 0.0104721, totNum = 1230
ROUND = 677, SUM = 10169783.9999999, bChange = 0.0104723, totNum = 1230
ROUND = 678, SUM = 10169783.9999999, bChange = 0.0104725, totNum = 1230
ROUND = 679, SUM = 10169783.9999998, bChange = 0.0104727, totNum = 1225
ROUND = 680, SUM = 10169783.9999999, bChange = 0.0104729, totNum = 1221
ROUND = 681, SUM = 10169783.9999998, bChange = 0.0104731, totNum = 1218
ROUND = 682, SUM = 10169783.9999999, bChange = 0.0104733, totNum = 1211
ROUND = 683, SUM = 10169783.9999999, bChange = 0.0104734, totNum = 1206
ROUND = 684, SUM = 10169783.9999999, bChange = 0.0104736, totNum = 1203
ROUND = 685, SUM = 10169783.9999999, bChange = 0.0104738, totNum = 1203
ROUND = 686, SUM = 10169783.9999999, bChange = 0.010474, totNum = 1200
ROUND = 687, SUM = 10169783.9999999, bChange = 0.0104742, totNum = 1197
ROUND = 688, SUM = 10169783.9999999, bChange = 0.0104743, totNum = 1192
ROUND = 689, SUM = 10169783.9999999, bChange = 0.0104745, totNum = 1191
ROUND = 690, SUM = 10169783.9999999, bChange = 0.0104747, totNum = 1187
ROUND = 691, SUM = 10169783.9999999, bChange = 0.0104748, totNum = 1187
ROUND = 692, SUM = 10169783.9999999, bChange = 0.010475, totNum = 1184
ROUND = 693, SUM = 10169783.9999998, bChange = 0.0104752, totNum = 1180
ROUND = 694, SUM = 10169783.9999999, bChange = 0.0104753, totNum = 1176
ROUND = 695, SUM = 10169783.9999999, bChange = 0.0104755, totNum = 1174
ROUND = 696, SUM = 10169783.9999999, bChange = 0.0104757, totNum = 1173
ROUND = 697, SUM = 10169783.9999999, bChange = 0.0104758, totNum = 1172
ROUND = 698, SUM = 10169783.9999999, bChange = 0.010476, totNum = 1172
ROUND = 699, SUM = 10169783.9999999, bChange = 0.0104762, totNum = 1170
ROUND = 700, SUM = 10169783.9999999, bChange = 0.0104763, totNum = 1168
ROUND = 701, SUM = 10169783.9999999, bChange = 0.0104765, totNum = 1164
ROUND = 702, SUM = 10169783.9999999, bChange = 0.0104766, totNum = 1158
ROUND = 703, SUM = 10169783.9999999, bChange = 0.0104768, totNum = 1155
ROUND = 704, SUM = 10169783.9999999, bChange = 0.0104769, totNum = 1149
ROUND = 705, SUM = 10169783.9999999, bChange = 0.0104771, totNum = 1149
ROUND = 706, SUM = 10169783.9999999, bChange = 0.0104772, totNum = 1145
ROUND = 707, SUM = 10169783.9999999, bChange = 0.0104774, totNum = 1142
ROUND = 708, SUM = 10169783.9999999, bChange = 0.0104775, totNum = 1141
ROUND = 709, SUM = 10169783.9999999, bChange = 0.0104777, totNum = 1138
ROUND = 710, SUM = 10169783.9999999, bChange = 0.0104778, totNum = 1136
ROUND = 711, SUM = 10169783.9999999, bChange = 0.010478, totNum = 1135
ROUND = 712, SUM = 10169783.9999999, bChange = 0.0104781, totNum = 1131
ROUND = 713, SUM = 10169783.9999999, bChange = 0.0104782, totNum = 1130
ROUND = 714, SUM = 10169783.9999999, bChange = 0.0104784, totNum = 1124
ROUND = 715, SUM = 10169784, bChange = 0.0104785, totNum = 1118
ROUND = 716, SUM = 10169783.9999999, bChange = 0.0104787, totNum = 1116
ROUND = 717, SUM = 10169783.9999999, bChange = 0.0104788, totNum = 1115
ROUND = 718, SUM = 10169783.9999999, bChange = 0.0104789, totNum = 1112
ROUND = 719, SUM = 10169783.9999999, bChange = 0.0104791, totNum = 1109
ROUND = 720, SUM = 10169783.9999999, bChange = 0.0104792, totNum = 1108
ROUND = 721, SUM = 10169783.9999999, bChange = 0.0104793, totNum = 1104
ROUND = 722, SUM = 10169783.9999999, bChange = 0.0104795, totNum = 1099
ROUND = 723, SUM = 10169783.9999999, bChange = 0.0104796, totNum = 1097
ROUND = 724, SUM = 10169784, bChange = 0.0104797, totNum = 1097
ROUND = 725, SUM = 10169783.9999999, bChange = 0.0104798, totNum = 1095
ROUND = 726, SUM = 10169783.9999999, bChange = 0.01048, totNum = 1092
ROUND = 727, SUM = 10169783.9999999, bChange = 0.0104801, totNum = 1088
ROUND = 728, SUM = 10169783.9999999, bChange = 0.0104802, totNum = 1086
ROUND = 729, SUM = 10169783.9999999, bChange = 0.0104803, totNum = 1083
ROUND = 730, SUM = 10169783.9999999, bChange = 0.0104805, totNum = 1079
ROUND = 731, SUM = 10169783.9999998, bChange = 0.0104806, totNum = 1077
ROUND = 732, SUM = 10169784, bChange = 0.0104807, totNum = 1076
ROUND = 733, SUM = 10169783.9999999, bChange = 0.0104808, totNum = 1074
ROUND = 734, SUM = 10169783.9999999, bChange = 0.0104809, totNum = 1072
ROUND = 735, SUM = 10169783.9999999, bChange = 0.010481, totNum = 1068
ROUND = 736, SUM = 10169783.9999999, bChange = 0.0104812, totNum = 1065
ROUND = 737, SUM = 10169783.9999999, bChange = 0.0104813, totNum = 1061
ROUND = 738, SUM = 10169783.9999998, bChange = 0.0104814, totNum = 1058
ROUND = 739, SUM = 10169783.9999999, bChange = 0.0104815, totNum = 1054
ROUND = 740, SUM = 10169783.9999999, bChange = 0.0104816, totNum = 1053
ROUND = 741, SUM = 10169783.9999999, bChange = 0.0104817, totNum = 1051
ROUND = 742, SUM = 10169783.9999998, bChange = 0.0104818, totNum = 1048
ROUND = 743, SUM = 10169783.9999999, bChange = 0.0104819, totNum = 1043
ROUND = 744, SUM = 10169784, bChange = 0.010482, totNum = 1040
ROUND = 745, SUM = 10169783.9999999, bChange = 0.0104822, totNum = 1038
ROUND = 746, SUM = 10169783.9999998, bChange = 0.0104823, totNum = 1036
ROUND = 747, SUM = 10169783.9999999, bChange = 0.0104824, totNum = 1030
ROUND = 748, SUM = 10169783.9999999, bChange = 0.0104825, totNum = 1027
ROUND = 749, SUM = 10169783.9999999, bChange = 0.0104826, totNum = 1023
ROUND = 750, SUM = 10169783.9999999, bChange = 0.0104827, totNum = 1023
ROUND = 751, SUM = 10169783.9999999, bChange = 0.0104828, totNum = 1019
ROUND = 752, SUM = 10169783.9999999, bChange = 0.00964056, totNum = 1013
ROUND = 753, SUM = 10169783.9999999, bChange = 0.00964077, totNum = 1010
ROUND = 754, SUM = 10169783.9999999, bChange = 0.00964098, totNum = 1008
ROUND = 755, SUM = 10169783.9999999, bChange = 0.00964119, totNum = 1007
ROUND = 756, SUM = 10169783.9999999, bChange = 0.0096414, totNum = 1004
ROUND = 757, SUM = 10169784, bChange = 0.0096416, totNum = 1004
ROUND = 758, SUM = 10169783.9999999, bChange = 0.00964181, totNum = 1004
ROUND = 759, SUM = 10169783.9999999, bChange = 0.00964202, totNum = 1002
ROUND = 760, SUM = 10169783.9999999, bChange = 0.00964222, totNum = 999
ROUND = 761, SUM = 10169783.9999999, bChange = 0.00964243, totNum = 996
ROUND = 762, SUM = 10169783.9999999, bChange = 0.00964263, totNum = 994
ROUND = 763, SUM = 10169783.9999999, bChange = 0.00964283, totNum = 991
ROUND = 764, SUM = 10169783.9999999, bChange = 0.00964304, totNum = 988
ROUND = 765, SUM = 10169783.9999999, bChange = 0.00964324, totNum = 986
ROUND = 766, SUM = 10169784, bChange = 0.00964344, totNum = 983
ROUND = 767, SUM = 10169783.9999999, bChange = 0.00964364, totNum = 980
ROUND = 768, SUM = 10169783.9999999, bChange = 0.00964384, totNum = 978
ROUND = 769, SUM = 10169783.9999999, bChange = 0.00964403, totNum = 977
ROUND = 770, SUM = 10169783.9999999, bChange = 0.00964423, totNum = 975
ROUND = 771, SUM = 10169784, bChange = 0.00964443, totNum = 974
ROUND = 772, SUM = 10169783.9999999, bChange = 0.00964462, totNum = 973
ROUND = 773, SUM = 10169783.9999999, bChange = 0.00964482, totNum = 968
ROUND = 774, SUM = 10169784, bChange = 0.00964501, totNum = 965
ROUND = 775, SUM = 10169783.9999999, bChange = 0.0096452, totNum = 963
ROUND = 776, SUM = 10169783.9999999, bChange = 0.0096454, totNum = 961
ROUND = 777, SUM = 10169784, bChange = 0.00964559, totNum = 959
ROUND = 778, SUM = 10169783.9999999, bChange = 0.00964578, totNum = 959
ROUND = 779, SUM = 10169783.9999999, bChange = 0.00964597, totNum = 956
ROUND = 780, SUM = 10169783.9999999, bChange = 0.00964616, totNum = 953
ROUND = 781, SUM = 10169783.9999999, bChange = 0.00964635, totNum = 949
ROUND = 782, SUM = 10169783.9999999, bChange = 0.00964653, totNum = 947
ROUND = 783, SUM = 10169783.9999999, bChange = 0.00964672, totNum = 942
ROUND = 784, SUM = 10169783.9999999, bChange = 0.00964691, totNum = 941
ROUND = 785, SUM = 10169783.9999999, bChange = 0.00964709, totNum = 938
ROUND = 786, SUM = 10169784, bChange = 0.00964728, totNum = 933
ROUND = 787, SUM = 10169784, bChange = 0.00964746, totNum = 932
ROUND = 788, SUM = 10169783.9999999, bChange = 0.00964764, totNum = 930
ROUND = 789, SUM = 10169783.9999999, bChange = 0.00964782, totNum = 930
ROUND = 790, SUM = 10169783.9999999, bChange = 0.00964801, totNum = 930
ROUND = 791, SUM = 10169783.9999999, bChange = 0.00964819, totNum = 927
ROUND = 792, SUM = 10169783.9999999, bChange = 0.00964837, totNum = 926
ROUND = 793, SUM = 10169783.9999999, bChange = 0.00964855, totNum = 924
ROUND = 794, SUM = 10169783.9999999, bChange = 0.00964873, totNum = 924
ROUND = 795, SUM = 10169783.9999999, bChange = 0.0096489, totNum = 923
ROUND = 796, SUM = 10169783.9999999, bChange = 0.00964908, totNum = 916
ROUND = 797, SUM = 10169783.9999999, bChange = 0.00964926, totNum = 915
ROUND = 798, SUM = 10169783.9999999, bChange = 0.00964943, totNum = 914
ROUND = 799, SUM = 10169783.9999999, bChange = 0.00964961, totNum = 910
ROUND = 800, SUM = 10169783.9999999, bChange = 0.00964978, totNum = 906
ROUND = 801, SUM = 10169783.9999999, bChange = 0.00964996, totNum = 904
ROUND = 802, SUM = 10169783.9999999, bChange = 0.00965013, totNum = 901
ROUND = 803, SUM = 10169784, bChange = 0.0096503, totNum = 899
ROUND = 804, SUM = 10169783.9999999, bChange = 0.00965048, totNum = 896
ROUND = 805, SUM = 10169783.9999998, bChange = 0.00965065, totNum = 894
ROUND = 806, SUM = 10169783.9999999, bChange = 0.00965082, totNum = 891
ROUND = 807, SUM = 10169783.9999999, bChange = 0.00965099, totNum = 888
ROUND = 808, SUM = 10169783.9999999, bChange = 0.00965116, totNum = 885
ROUND = 809, SUM = 10169783.9999999, bChange = 0.00965132, totNum = 884
ROUND = 810, SUM = 10169784, bChange = 0.00965149, totNum = 883
ROUND = 811, SUM = 10169783.9999999, bChange = 0.00965166, totNum = 883
ROUND = 812, SUM = 10169783.9999999, bChange = 0.00965183, totNum = 881
ROUND = 813, SUM = 10169783.9999999, bChange = 0.00965199, totNum = 879
ROUND = 814, SUM = 10169783.9999999, bChange = 0.00965216, totNum = 875
ROUND = 815, SUM = 10169783.9999999, bChange = 0.00965232, totNum = 873
ROUND = 816, SUM = 10169783.9999999, bChange = 0.00965249, totNum = 871
ROUND = 817, SUM = 10169783.9999999, bChange = 0.00965265, totNum = 869
ROUND = 818, SUM = 10169783.9999999, bChange = 0.00965281, totNum = 868
ROUND = 819, SUM = 10169783.9999999, bChange = 0.00965297, totNum = 866
ROUND = 820, SUM = 10169783.9999999, bChange = 0.00965314, totNum = 863
ROUND = 821, SUM = 10169783.9999999, bChange = 0.0096533, totNum = 862
ROUND = 822, SUM = 10169783.9999999, bChange = 0.00965346, totNum = 861
ROUND = 823, SUM = 10169783.9999999, bChange = 0.00965362, totNum = 860
ROUND = 824, SUM = 10169783.9999999, bChange = 0.00965378, totNum = 860
ROUND = 825, SUM = 10169783.9999999, bChange = 0.00965393, totNum = 856
ROUND = 826, SUM = 10169784, bChange = 0.00965409, totNum = 853
ROUND = 827, SUM = 10169783.9999999, bChange = 0.00965425, totNum = 850
ROUND = 828, SUM = 10169783.9999999, bChange = 0.00965441, totNum = 848
ROUND = 829, SUM = 10169783.9999999, bChange = 0.00965456, totNum = 847
ROUND = 830, SUM = 10169783.9999999, bChange = 0.00965472, totNum = 845
ROUND = 831, SUM = 10169783.9999999, bChange = 0.00965487, totNum = 844
ROUND = 832, SUM = 10169784, bChange = 0.00965503, totNum = 843
ROUND = 833, SUM = 10169784, bChange = 0.00965518, totNum = 840
ROUND = 834, SUM = 10169783.9999999, bChange = 0.00965533, totNum = 840
ROUND = 835, SUM = 10169783.9999999, bChange = 0.00965549, totNum = 835
ROUND = 836, SUM = 10169783.9999999, bChange = 0.00965564, totNum = 833
ROUND = 837, SUM = 10169784, bChange = 0.00965579, totNum = 833
ROUND = 838, SUM = 10169783.9999999, bChange = 0.00965594, totNum = 831
ROUND = 839, SUM = 10169783.9999999, bChange = 0.00965609, totNum = 827
ROUND = 840, SUM = 10169783.9999999, bChange = 0.00965624, totNum = 824
ROUND = 841, SUM = 10169783.9999999, bChange = 0.00965639, totNum = 824
ROUND = 842, SUM = 10169783.9999999, bChange = 0.00965654, totNum = 824
ROUND = 843, SUM = 10169783.9999999, bChange = 0.00965669, totNum = 823
ROUND = 844, SUM = 10169784, bChange = 0.00965683, totNum = 820
ROUND = 845, SUM = 10169783.9999999, bChange = 0.00965698, totNum = 818
ROUND = 846, SUM = 10169783.9999999, bChange = 0.00965713, totNum = 815
ROUND = 847, SUM = 10169783.9999998, bChange = 0.00965727, totNum = 811
ROUND = 848, SUM = 10169783.9999999, bChange = 0.00965742, totNum = 810
ROUND = 849, SUM = 10169783.9999998, bChange = 0.00965756, totNum = 808
ROUND = 850, SUM = 10169783.9999999, bChange = 0.00965771, totNum = 806
ROUND = 851, SUM = 10169783.9999999, bChange = 0.00965785, totNum = 806
ROUND = 852, SUM = 10169783.9999999, bChange = 0.00965799, totNum = 805
ROUND = 853, SUM = 10169783.9999999, bChange = 0.00965814, totNum = 802
ROUND = 854, SUM = 10169783.9999999, bChange = 0.00965828, totNum = 800
ROUND = 855, SUM = 10169783.9999999, bChange = 0.00965842, totNum = 799
ROUND = 856, SUM = 10169783.9999999, bChange = 0.00965856, totNum = 796
ROUND = 857, SUM = 10169783.9999999, bChange = 0.0096587, totNum = 794
ROUND = 858, SUM = 10169783.9999999, bChange = 0.00965884, totNum = 793
ROUND = 859, SUM = 10169784, bChange = 0.00965898, totNum = 792
ROUND = 860, SUM = 10169784, bChange = 0.00965912, totNum = 789
ROUND = 861, SUM = 10169783.9999999, bChange = 0.00965926, totNum = 789
ROUND = 862, SUM = 10169783.9999999, bChange = 0.0096594, totNum = 785
ROUND = 863, SUM = 10169783.9999999, bChange = 0.00965954, totNum = 784
ROUND = 864, SUM = 10169783.9999999, bChange = 0.00965967, totNum = 781
ROUND = 865, SUM = 10169783.9999999, bChange = 0.00965981, totNum = 781
ROUND = 866, SUM = 10169783.9999999, bChange = 0.00965995, totNum = 782
ROUND = 867, SUM = 10169783.9999999, bChange = 0.00966008, totNum = 781
ROUND = 868, SUM = 10169783.9999999, bChange = 0.00966022, totNum = 780
ROUND = 869, SUM = 10169783.9999999, bChange = 0.00966035, totNum = 779
ROUND = 870, SUM = 10169783.9999999, bChange = 0.00966049, totNum = 779
ROUND = 871, SUM = 10169783.9999999, bChange = 0.00966062, totNum = 778
ROUND = 872, SUM = 10169783.9999999, bChange = 0.00966075, totNum = 776
ROUND = 873, SUM = 10169783.9999999, bChange = 0.00966089, totNum = 772
ROUND = 874, SUM = 10169783.9999999, bChange = 0.00966102, totNum = 769
ROUND = 875, SUM = 10169783.9999999, bChange = 0.00966115, totNum = 766
ROUND = 876, SUM = 10169783.9999999, bChange = 0.00966128, totNum = 766
ROUND = 877, SUM = 10169783.9999999, bChange = 0.00966141, totNum = 763
ROUND = 878, SUM = 10169784, bChange = 0.00966154, totNum = 763
ROUND = 879, SUM = 10169783.9999999, bChange = 0.00966167, totNum = 761
ROUND = 880, SUM = 10169783.9999999, bChange = 0.0096618, totNum = 757
ROUND = 881, SUM = 10169783.9999999, bChange = 0.00966193, totNum = 755
ROUND = 882, SUM = 10169783.9999999, bChange = 0.00966206, totNum = 755
ROUND = 883, SUM = 10169783.9999999, bChange = 0.00966219, totNum = 755
ROUND = 884, SUM = 10169783.9999999, bChange = 0.00966232, totNum = 755
ROUND = 885, SUM = 10169783.9999999, bChange = 0.00966244, totNum = 753
ROUND = 886, SUM = 10169783.9999999, bChange = 0.00966257, totNum = 752
ROUND = 887, SUM = 10169783.9999999, bChange = 0.0096627, totNum = 751
ROUND = 888, SUM = 10169783.9999999, bChange = 0.00966282, totNum = 749
ROUND = 889, SUM = 10169784, bChange = 0.00966295, totNum = 747
ROUND = 890, SUM = 10169783.9999999, bChange = 0.00966307, totNum = 745
ROUND = 891, SUM = 10169784, bChange = 0.0096632, totNum = 743
ROUND = 892, SUM = 10169783.9999999, bChange = 0.00966332, totNum = 740
ROUND = 893, SUM = 10169783.9999999, bChange = 0.00966345, totNum = 740
ROUND = 894, SUM = 10169783.9999999, bChange = 0.00966357, totNum = 737
ROUND = 895, SUM = 10169783.9999999, bChange = 0.00966369, totNum = 732
ROUND = 896, SUM = 10169783.9999999, bChange = 0.00966381, totNum = 730
ROUND = 897, SUM = 10169783.9999999, bChange = 0.00966394, totNum = 726
ROUND = 898, SUM = 10169783.9999999, bChange = 0.00966406, totNum = 725
ROUND = 899, SUM = 10169783.9999999, bChange = 0.00966418, totNum = 724
ROUND = 900, SUM = 10169783.9999999, bChange = 0.0096643, totNum = 722
ROUND = 901, SUM = 10169783.9999999, bChange = 0.00966442, totNum = 718
ROUND = 902, SUM = 10169783.9999999, bChange = 0.00966454, totNum = 717
ROUND = 903, SUM = 10169783.9999999, bChange = 0.00966466, totNum = 716
ROUND = 904, SUM = 10169783.9999999, bChange = 0.00734017, totNum = 715
ROUND = 905, SUM = 10169783.9999999, bChange = 0.00734014, totNum = 712
ROUND = 906, SUM = 10169783.9999999, bChange = 0.00734011, totNum = 712
ROUND = 907, SUM = 10169783.9999999, bChange = 0.00734008, totNum = 711
ROUND = 908, SUM = 10169783.9999999, bChange = 0.00734005, totNum = 711
ROUND = 909, SUM = 10169783.9999999, bChange = 0.00734002, totNum = 708
ROUND = 910, SUM = 10169783.9999999, bChange = 0.00733999, totNum = 703
ROUND = 911, SUM = 10169783.9999999, bChange = 0.00733997, totNum = 703
ROUND = 912, SUM = 10169783.9999999, bChange = 0.00733994, totNum = 703
ROUND = 913, SUM = 10169783.9999999, bChange = 0.00733991, totNum = 699
ROUND = 914, SUM = 10169783.9999999, bChange = 0.00733988, totNum = 697
ROUND = 915, SUM = 10169784, bChange = 0.00733985, totNum = 693
ROUND = 916, SUM = 10169784, bChange = 0.00733982, totNum = 690
ROUND = 917, SUM = 10169783.9999999, bChange = 0.00733979, totNum = 687
ROUND = 918, SUM = 10169783.9999999, bChange = 0.00733977, totNum = 686
ROUND = 919, SUM = 10169783.9999999, bChange = 0.00733974, totNum = 686
ROUND = 920, SUM = 10169783.9999999, bChange = 0.00733971, totNum = 686
ROUND = 921, SUM = 10169783.9999999, bChange = 0.00733968, totNum = 686
ROUND = 922, SUM = 10169783.9999999, bChange = 0.00733966, totNum = 685
ROUND = 923, SUM = 10169784, bChange = 0.00733963, totNum = 683
ROUND = 924, SUM = 10169783.9999999, bChange = 0.00721516, totNum = 680
ROUND = 925, SUM = 10169783.9999999, bChange = 0.00721738, totNum = 679
ROUND = 926, SUM = 10169783.9999999, bChange = 0.0072196, totNum = 679
ROUND = 927, SUM = 10169783.9999999, bChange = 0.00722181, totNum = 678
ROUND = 928, SUM = 10169783.9999999, bChange = 0.00722401, totNum = 679
ROUND = 929, SUM = 10169783.9999999, bChange = 0.00722621, totNum = 678
ROUND = 930, SUM = 10169783.9999999, bChange = 0.00722841, totNum = 678
ROUND = 931, SUM = 10169783.9999999, bChange = 0.0072306, totNum = 676
ROUND = 932, SUM = 10169783.9999999, bChange = 0.00723279, totNum = 674
ROUND = 933, SUM = 10169783.9999999, bChange = 0.00723497, totNum = 667
ROUND = 934, SUM = 10169783.9999999, bChange = 0.00723715, totNum = 667
ROUND = 935, SUM = 10169783.9999999, bChange = 0.00723933, totNum = 667
ROUND = 936, SUM = 10169783.9999999, bChange = 0.0072415, totNum = 667
ROUND = 937, SUM = 10169783.9999999, bChange = 0.00724366, totNum = 666
ROUND = 938, SUM = 10169783.9999999, bChange = 0.00724582, totNum = 664
ROUND = 939, SUM = 10169784, bChange = 0.00724798, totNum = 664
ROUND = 940, SUM = 10169783.9999999, bChange = 0.00725013, totNum = 662
ROUND = 941, SUM = 10169784, bChange = 0.00725228, totNum = 662
ROUND = 942, SUM = 10169783.9999999, bChange = 0.00725442, totNum = 662
ROUND = 943, SUM = 10169783.9999999, bChange = 0.00725656, totNum = 661
ROUND = 944, SUM = 10169784, bChange = 0.0072587, totNum = 656
ROUND = 945, SUM = 10169783.9999999, bChange = 0.00726083, totNum = 654
ROUND = 946, SUM = 10169783.9999999, bChange = 0.00726295, totNum = 654
ROUND = 947, SUM = 10169783.9999999, bChange = 0.00726508, totNum = 652
ROUND = 948, SUM = 10169784, bChange = 0.00726719, totNum = 652
ROUND = 949, SUM = 10169783.9999999, bChange = 0.00726931, totNum = 651
ROUND = 950, SUM = 10169783.9999999, bChange = 0.00727142, totNum = 648
ROUND = 951, SUM = 10169784, bChange = 0.00727352, totNum = 646
ROUND = 952, SUM = 10169784, bChange = 0.00727562, totNum = 645
ROUND = 953, SUM = 10169783.9999999, bChange = 0.00727772, totNum = 644
ROUND = 954, SUM = 10169783.9999999, bChange = 0.00727981, totNum = 642
ROUND = 955, SUM = 10169783.9999999, bChange = 0.0072819, totNum = 642
ROUND = 956, SUM = 10169783.9999999, bChange = 0.00728398, totNum = 642
ROUND = 957, SUM = 10169783.9999999, bChange = 0.00728606, totNum = 638
ROUND = 958, SUM = 10169783.9999999, bChange = 0.00728813, totNum = 638
ROUND = 959, SUM = 10169783.9999999, bChange = 0.0072902, totNum = 636
ROUND = 960, SUM = 10169783.9999999, bChange = 0.00729227, totNum = 631
ROUND = 961, SUM = 10169783.9999999, bChange = 0.00729433, totNum = 631
ROUND = 962, SUM = 10169783.9999999, bChange = 0.00729639, totNum = 627
ROUND = 963, SUM = 10169783.9999999, bChange = 0.00729844, totNum = 628
ROUND = 964, SUM = 10169783.9999999, bChange = 0.00730049, totNum = 628
ROUND = 965, SUM = 10169783.9999999, bChange = 0.00730254, totNum = 626
ROUND = 966, SUM = 10169783.9999999, bChange = 0.00730458, totNum = 626
ROUND = 967, SUM = 10169783.9999999, bChange = 0.00730661, totNum = 625
ROUND = 968, SUM = 10169783.9999999, bChange = 0.00730865, totNum = 624
ROUND = 969, SUM = 10169783.9999999, bChange = 0.00731067, totNum = 623
ROUND = 970, SUM = 10169783.9999999, bChange = 0.0073127, totNum = 622
ROUND = 971, SUM = 10169783.9999999, bChange = 0.00731472, totNum = 621
ROUND = 972, SUM = 10169783.9999999, bChange = 0.00731673, totNum = 619
ROUND = 973, SUM = 10169783.9999999, bChange = 0.00731874, totNum = 615
ROUND = 974, SUM = 10169783.9999999, bChange = 0.00732075, totNum = 615
ROUND = 975, SUM = 10169783.9999999, bChange = 0.00732276, totNum = 615
ROUND = 976, SUM = 10169783.9999999, bChange = 0.00732475, totNum = 612
ROUND = 977, SUM = 10169783.9999999, bChange = 0.00732675, totNum = 610
ROUND = 978, SUM = 10169784, bChange = 0.00732874, totNum = 610
ROUND = 979, SUM = 10169783.9999999, bChange = 0.00733073, totNum = 609
ROUND = 980, SUM = 10169783.9999999, bChange = 0.00733271, totNum = 608
ROUND = 981, SUM = 10169783.9999999, bChange = 0.00733469, totNum = 605
ROUND = 982, SUM = 10169783.9999999, bChange = 0.00733666, totNum = 604
ROUND = 983, SUM = 10169783.9999999, bChange = 0.00733863, totNum = 604
ROUND = 984, SUM = 10169783.9999999, bChange = 0.0073406, totNum = 602
ROUND = 985, SUM = 10169784, bChange = 0.00734256, totNum = 600
ROUND = 986, SUM = 10169783.9999999, bChange = 0.00734452, totNum = 600
ROUND = 987, SUM = 10169783.9999999, bChange = 0.00734648, totNum = 599
ROUND = 988, SUM = 10169783.9999999, bChange = 0.00734843, totNum = 598
ROUND = 989, SUM = 10169783.9999999, bChange = 0.00735037, totNum = 596
ROUND = 990, SUM = 10169783.9999999, bChange = 0.00735231, totNum = 594
ROUND = 991, SUM = 10169783.9999999, bChange = 0.00735425, totNum = 592
ROUND = 992, SUM = 10169783.9999999, bChange = 0.00735619, totNum = 592
ROUND = 993, SUM = 10169783.9999999, bChange = 0.00735812, totNum = 592
ROUND = 994, SUM = 10169783.9999999, bChange = 0.00736004, totNum = 591
ROUND = 995, SUM = 10169783.9999999, bChange = 0.00736197, totNum = 591
ROUND = 996, SUM = 10169784, bChange = 0.00736388, totNum = 589
ROUND = 997, SUM = 10169784, bChange = 0.0073658, totNum = 587
ROUND = 998, SUM = 10169783.9999999, bChange = 0.00736771, totNum = 586
ROUND = 999, SUM = 10169783.9999999, bChange = 0.00736961, totNum = 583
ROUND = 1000, SUM = 10169784, bChange = 0.00737152, totNum = 582
ROUND = 1001, SUM = 10169783.9999999, bChange = 0.00737342, totNum = 582
ROUND = 1002, SUM = 10169783.9999999, bChange = 0.00737531, totNum = 579
ROUND = 1003, SUM = 10169783.9999999, bChange = 0.0073772, totNum = 578
ROUND = 1004, SUM = 10169783.9999999, bChange = 0.00737909, totNum = 577
ROUND = 1005, SUM = 10169783.9999999, bChange = 0.00738097, totNum = 576
ROUND = 1006, SUM = 10169783.9999999, bChange = 0.00738285, totNum = 574
ROUND = 1007, SUM = 10169783.9999999, bChange = 0.00738473, totNum = 573
ROUND = 1008, SUM = 10169783.9999999, bChange = 0.0073866, totNum = 573
ROUND = 1009, SUM = 10169783.9999999, bChange = 0.00738846, totNum = 573
ROUND = 1010, SUM = 10169783.9999999, bChange = 0.00739033, totNum = 569
ROUND = 1011, SUM = 10169783.9999999, bChange = 0.00739219, totNum = 566
ROUND = 1012, SUM = 10169783.9999999, bChange = 0.00739404, totNum = 566
ROUND = 1013, SUM = 10169783.9999999, bChange = 0.0073959, totNum = 566
ROUND = 1014, SUM = 10169783.9999999, bChange = 0.00739774, totNum = 564
ROUND = 1015, SUM = 10169783.9999999, bChange = 0.00739959, totNum = 562
ROUND = 1016, SUM = 10169783.9999999, bChange = 0.00740143, totNum = 562
ROUND = 1017, SUM = 10169783.9999999, bChange = 0.00740327, totNum = 561
ROUND = 1018, SUM = 10169783.9999999, bChange = 0.0074051, totNum = 557
ROUND = 1019, SUM = 10169783.9999999, bChange = 0.00740693, totNum = 556
ROUND = 1020, SUM = 10169784, bChange = 0.00740875, totNum = 555
ROUND = 1021, SUM = 10169783.9999999, bChange = 0.00741058, totNum = 553
ROUND = 1022, SUM = 10169783.9999999, bChange = 0.00741239, totNum = 550
ROUND = 1023, SUM = 10169783.9999999, bChange = 0.00741421, totNum = 550
ROUND = 1024, SUM = 10169784, bChange = 0.00741602, totNum = 548
ROUND = 1025, SUM = 10169783.9999999, bChange = 0.00741782, totNum = 547
ROUND = 1026, SUM = 10169783.9999999, bChange = 0.00741963, totNum = 546
ROUND = 1027, SUM = 10169783.9999999, bChange = 0.00742143, totNum = 544
ROUND = 1028, SUM = 10169783.9999999, bChange = 0.00742322, totNum = 538
ROUND = 1029, SUM = 10169783.9999999, bChange = 0.00705817, totNum = 537
ROUND = 1030, SUM = 10169783.9999999, bChange = 0.00705817, totNum = 536
ROUND = 1031, SUM = 10169783.9999999, bChange = 0.00705817, totNum = 533
ROUND = 1032, SUM = 10169783.9999999, bChange = 0.00705818, totNum = 533
ROUND = 1033, SUM = 10169783.9999999, bChange = 0.00705818, totNum = 533
ROUND = 1034, SUM = 10169783.9999999, bChange = 0.00705818, totNum = 531
ROUND = 1035, SUM = 10169783.9999999, bChange = 0.00705818, totNum = 530
ROUND = 1036, SUM = 10169784, bChange = 0.00705818, totNum = 528
ROUND = 1037, SUM = 10169783.9999999, bChange = 0.00705818, totNum = 528
ROUND = 1038, SUM = 10169783.9999999, bChange = 0.00705818, totNum = 525
ROUND = 1039, SUM = 10169783.9999999, bChange = 0.00705818, totNum = 524
ROUND = 1040, SUM = 10169783.9999999, bChange = 0.00705818, totNum = 521
ROUND = 1041, SUM = 10169783.9999999, bChange = 0.00705818, totNum = 521
ROUND = 1042, SUM = 10169783.9999999, bChange = 0.00705818, totNum = 520
ROUND = 1043, SUM = 10169783.9999999, bChange = 0.00705818, totNum = 520
ROUND = 1044, SUM = 10169783.9999999, bChange = 0.00705818, totNum = 520
ROUND = 1045, SUM = 10169783.9999999, bChange = 0.00705818, totNum = 520
ROUND = 1046, SUM = 10169783.9999999, bChange = 0.00705818, totNum = 517
ROUND = 1047, SUM = 10169783.9999999, bChange = 0.00705818, totNum = 517
ROUND = 1048, SUM = 10169783.9999999, bChange = 0.00705818, totNum = 516
ROUND = 1049, SUM = 10169784, bChange = 0.00705818, totNum = 515
ROUND = 1050, SUM = 10169783.9999999, bChange = 0.00705819, totNum = 515
ROUND = 1051, SUM = 10169783.9999999, bChange = 0.00705819, totNum = 514
ROUND = 1052, SUM = 10169784, bChange = 0.00705819, totNum = 514
ROUND = 1053, SUM = 10169783.9999999, bChange = 0.00705819, totNum = 513
ROUND = 1054, SUM = 10169783.9999999, bChange = 0.00705819, totNum = 513
ROUND = 1055, SUM = 10169783.9999999, bChange = 0.00705819, totNum = 513
ROUND = 1056, SUM = 10169784, bChange = 0.00705819, totNum = 513
ROUND = 1057, SUM = 10169783.9999999, bChange = 0.00705819, totNum = 513
ROUND = 1058, SUM = 10169783.9999999, bChange = 0.00705819, totNum = 512
ROUND = 1059, SUM = 10169783.9999999, bChange = 0.00705819, totNum = 511
ROUND = 1060, SUM = 10169783.9999999, bChange = 0.00705819, totNum = 509
ROUND = 1061, SUM = 10169783.9999999, bChange = 0.00705819, totNum = 509
ROUND = 1062, SUM = 10169783.9999999, bChange = 0.00705819, totNum = 508
ROUND = 1063, SUM = 10169783.9999999, bChange = 0.00705819, totNum = 508
ROUND = 1064, SUM = 10169783.9999999, bChange = 0.00705819, totNum = 508
ROUND = 1065, SUM = 10169783.9999999, bChange = 0.00705819, totNum = 505
ROUND = 1066, SUM = 10169783.9999999, bChange = 0.00705819, totNum = 505
ROUND = 1067, SUM = 10169784, bChange = 0.00705819, totNum = 505
ROUND = 1068, SUM = 10169784, bChange = 0.00705819, totNum = 504
ROUND = 1069, SUM = 10169784, bChange = 0.00705819, totNum = 503
ROUND = 1070, SUM = 10169783.9999999, bChange = 0.0070582, totNum = 502
ROUND = 1071, SUM = 10169783.9999999, bChange = 0.0070582, totNum = 502
ROUND = 1072, SUM = 10169784, bChange = 0.0070582, totNum = 501
ROUND = 1073, SUM = 10169784, bChange = 0.0070582, totNum = 501
ROUND = 1074, SUM = 10169784, bChange = 0.0070582, totNum = 501
ROUND = 1075, SUM = 10169784, bChange = 0.0070582, totNum = 499
ROUND = 1076, SUM = 10169783.9999999, bChange = 0.0070582, totNum = 497
ROUND = 1077, SUM = 10169783.9999999, bChange = 0.0070582, totNum = 494
ROUND = 1078, SUM = 10169783.9999999, bChange = 0.0070582, totNum = 492
ROUND = 1079, SUM = 10169783.9999999, bChange = 0.0070582, totNum = 490
ROUND = 1080, SUM = 10169783.9999999, bChange = 0.0070582, totNum = 489
ROUND = 1081, SUM = 10169783.9999999, bChange = 0.0070582, totNum = 488
ROUND = 1082, SUM = 10169784, bChange = 0.0070582, totNum = 486
ROUND = 1083, SUM = 10169783.9999999, bChange = 0.0070582, totNum = 486
ROUND = 1084, SUM = 10169784, bChange = 0.0070582, totNum = 486
ROUND = 1085, SUM = 10169784, bChange = 0.0070582, totNum = 485
ROUND = 1086, SUM = 10169783.9999999, bChange = 0.0070582, totNum = 483
ROUND = 1087, SUM = 10169783.9999999, bChange = 0.0070582, totNum = 482
ROUND = 1088, SUM = 10169783.9999999, bChange = 0.0070582, totNum = 482
ROUND = 1089, SUM = 10169784, bChange = 0.0070582, totNum = 481
ROUND = 1090, SUM = 10169784, bChange = 0.0070582, totNum = 480
ROUND = 1091, SUM = 10169784, bChange = 0.0070582, totNum = 480
ROUND = 1092, SUM = 10169783.9999999, bChange = 0.0070582, totNum = 479
ROUND = 1093, SUM = 10169783.9999999, bChange = 0.0070582, totNum = 479
ROUND = 1094, SUM = 10169783.9999999, bChange = 0.00705821, totNum = 479
ROUND = 1095, SUM = 10169783.9999999, bChange = 0.00705821, totNum = 479
ROUND = 1096, SUM = 10169783.9999999, bChange = 0.00705821, totNum = 477
ROUND = 1097, SUM = 10169783.9999999, bChange = 0.00705821, totNum = 473
ROUND = 1098, SUM = 10169783.9999999, bChange = 0.00705821, totNum = 472
ROUND = 1099, SUM = 10169783.9999999, bChange = 0.00705821, totNum = 471
ROUND = 1100, SUM = 10169783.9999999, bChange = 0.00525367, totNum = 470
ROUND = 1101, SUM = 10169783.9999999, bChange = 0.00525374, totNum = 470
ROUND = 1102, SUM = 10169783.9999999, bChange = 0.00525382, totNum = 468
ROUND = 1103, SUM = 10169783.9999999, bChange = 0.0052539, totNum = 468
ROUND = 1104, SUM = 10169783.9999999, bChange = 0.00525398, totNum = 468
ROUND = 1105, SUM = 10169783.9999999, bChange = 0.00525405, totNum = 468
ROUND = 1106, SUM = 10169784, bChange = 0.00525413, totNum = 468
ROUND = 1107, SUM = 10169784, bChange = 0.0052542, totNum = 464
ROUND = 1108, SUM = 10169783.9999999, bChange = 0.00525428, totNum = 464
ROUND = 1109, SUM = 10169783.9999999, bChange = 0.00525435, totNum = 463
ROUND = 1110, SUM = 10169783.9999999, bChange = 0.00525443, totNum = 461
ROUND = 1111, SUM = 10169783.9999999, bChange = 0.0052545, totNum = 461
ROUND = 1112, SUM = 10169783.9999999, bChange = 0.00525457, totNum = 461
ROUND = 1113, SUM = 10169783.9999999, bChange = 0.00525465, totNum = 460
ROUND = 1114, SUM = 10169783.9999999, bChange = 0.00525472, totNum = 459
ROUND = 1115, SUM = 10169783.9999999, bChange = 0.00525479, totNum = 458
ROUND = 1116, SUM = 10169783.9999999, bChange = 0.00525486, totNum = 455
ROUND = 1117, SUM = 10169783.9999999, bChange = 0.00525493, totNum = 455
ROUND = 1118, SUM = 10169783.9999999, bChange = 0.005255, totNum = 454
ROUND = 1119, SUM = 10169783.9999999, bChange = 0.00525507, totNum = 452
ROUND = 1120, SUM = 10169783.9999999, bChange = 0.00525515, totNum = 452
ROUND = 1121, SUM = 10169783.9999999, bChange = 0.00525522, totNum = 452
ROUND = 1122, SUM = 10169783.9999999, bChange = 0.00525528, totNum = 451
ROUND = 1123, SUM = 10169783.9999999, bChange = 0.00525535, totNum = 450
ROUND = 1124, SUM = 10169783.9999999, bChange = 0.00525542, totNum = 450
ROUND = 1125, SUM = 10169783.9999999, bChange = 0.00525549, totNum = 450
ROUND = 1126, SUM = 10169783.9999999, bChange = 0.00525556, totNum = 449
ROUND = 1127, SUM = 10169783.9999999, bChange = 0.00525563, totNum = 446
ROUND = 1128, SUM = 10169783.9999999, bChange = 0.00525569, totNum = 446
ROUND = 1129, SUM = 10169783.9999999, bChange = 0.00525576, totNum = 446
ROUND = 1130, SUM = 10169783.9999999, bChange = 0.00525583, totNum = 446
ROUND = 1131, SUM = 10169784, bChange = 0.00525589, totNum = 446
ROUND = 1132, SUM = 10169784, bChange = 0.00525596, totNum = 445
ROUND = 1133, SUM = 10169783.9999999, bChange = 0.00525603, totNum = 445
ROUND = 1134, SUM = 10169783.9999999, bChange = 0.00525609, totNum = 444
ROUND = 1135, SUM = 10169783.9999999, bChange = 0.00525616, totNum = 444
ROUND = 1136, SUM = 10169783.9999999, bChange = 0.00525622, totNum = 443
ROUND = 1137, SUM = 10169783.9999999, bChange = 0.00525628, totNum = 443
ROUND = 1138, SUM = 10169783.9999999, bChange = 0.00525635, totNum = 442
ROUND = 1139, SUM = 10169783.9999999, bChange = 0.00525641, totNum = 442
ROUND = 1140, SUM = 10169783.9999999, bChange = 0.00525648, totNum = 442
ROUND = 1141, SUM = 10169783.9999999, bChange = 0.00525654, totNum = 440
ROUND = 1142, SUM = 10169783.9999999, bChange = 0.0052566, totNum = 440
ROUND = 1143, SUM = 10169783.9999999, bChange = 0.00525666, totNum = 438
ROUND = 1144, SUM = 10169783.9999999, bChange = 0.00525673, totNum = 437
ROUND = 1145, SUM = 10169783.9999999, bChange = 0.00525679, totNum = 436
ROUND = 1146, SUM = 10169783.9999999, bChange = 0.00525685, totNum = 436
ROUND = 1147, SUM = 10169783.9999999, bChange = 0.00525691, totNum = 433
ROUND = 1148, SUM = 10169783.9999999, bChange = 0.00525697, totNum = 431
ROUND = 1149, SUM = 10169783.9999999, bChange = 0.00525703, totNum = 431
ROUND = 1150, SUM = 10169783.9999999, bChange = 0.00525709, totNum = 431
ROUND = 1151, SUM = 10169783.9999999, bChange = 0.00525715, totNum = 431
ROUND = 1152, SUM = 10169783.9999999, bChange = 0.00525721, totNum = 430
ROUND = 1153, SUM = 10169783.9999999, bChange = 0.00525727, totNum = 429
ROUND = 1154, SUM = 10169783.9999999, bChange = 0.00525733, totNum = 426
ROUND = 1155, SUM = 10169783.9999999, bChange = 0.00525739, totNum = 426
ROUND = 1156, SUM = 10169783.9999999, bChange = 0.00525744, totNum = 425
ROUND = 1157, SUM = 10169784, bChange = 0.0052575, totNum = 423
ROUND = 1158, SUM = 10169783.9999999, bChange = 0.00525756, totNum = 420
ROUND = 1159, SUM = 10169783.9999999, bChange = 0.00525762, totNum = 419
ROUND = 1160, SUM = 10169783.9999999, bChange = 0.00525767, totNum = 418
ROUND = 1161, SUM = 10169783.9999999, bChange = 0.00525773, totNum = 418
ROUND = 1162, SUM = 10169783.9999999, bChange = 0.00525779, totNum = 418
ROUND = 1163, SUM = 10169783.9999999, bChange = 0.00525784, totNum = 418
ROUND = 1164, SUM = 10169783.9999999, bChange = 0.0052579, totNum = 418
ROUND = 1165, SUM = 10169783.9999999, bChange = 0.00525795, totNum = 418
ROUND = 1166, SUM = 10169784, bChange = 0.00525801, totNum = 414
ROUND = 1167, SUM = 10169783.9999999, bChange = 0.00525806, totNum = 413
ROUND = 1168, SUM = 10169783.9999999, bChange = 0.00525812, totNum = 413
ROUND = 1169, SUM = 10169783.9999999, bChange = 0.00525817, totNum = 411
ROUND = 1170, SUM = 10169783.9999999, bChange = 0.00525823, totNum = 411
ROUND = 1171, SUM = 10169783.9999999, bChange = 0.00525828, totNum = 410
ROUND = 1172, SUM = 10169783.9999999, bChange = 0.00525833, totNum = 410
ROUND = 1173, SUM = 10169783.9999999, bChange = 0.00525839, totNum = 409
ROUND = 1174, SUM = 10169784, bChange = 0.00525844, totNum = 407
ROUND = 1175, SUM = 10169783.9999999, bChange = 0.00525849, totNum = 406
ROUND = 1176, SUM = 10169783.9999999, bChange = 0.00525854, totNum = 405
ROUND = 1177, SUM = 10169783.9999999, bChange = 0.0052586, totNum = 405
ROUND = 1178, SUM = 10169783.9999999, bChange = 0.00525865, totNum = 404
ROUND = 1179, SUM = 10169783.9999999, bChange = 0.0052587, totNum = 404
ROUND = 1180, SUM = 10169783.9999999, bChange = 0.00525875, totNum = 403
ROUND = 1181, SUM = 10169783.9999999, bChange = 0.0052588, totNum = 402
ROUND = 1182, SUM = 10169784, bChange = 0.00525885, totNum = 400
ROUND = 1183, SUM = 10169784, bChange = 0.0052589, totNum = 398
ROUND = 1184, SUM = 10169783.9999999, bChange = 0.00525895, totNum = 395
ROUND = 1185, SUM = 10169783.9999999, bChange = 0.005259, totNum = 394
ROUND = 1186, SUM = 10169784, bChange = 0.00525905, totNum = 393
ROUND = 1187, SUM = 10169783.9999999, bChange = 0.0052591, totNum = 391
ROUND = 1188, SUM = 10169784, bChange = 0.00525915, totNum = 390
ROUND = 1189, SUM = 10169783.9999999, bChange = 0.0052592, totNum = 389
ROUND = 1190, SUM = 10169784, bChange = 0.00525925, totNum = 387
ROUND = 1191, SUM = 10169783.9999999, bChange = 0.0052593, totNum = 387
ROUND = 1192, SUM = 10169783.9999999, bChange = 0.00525935, totNum = 387
ROUND = 1193, SUM = 10169783.9999999, bChange = 0.00525939, totNum = 387
ROUND = 1194, SUM = 10169783.9999999, bChange = 0.00525944, totNum = 387
ROUND = 1195, SUM = 10169784, bChange = 0.00525949, totNum = 386
ROUND = 1196, SUM = 10169783.9999999, bChange = 0.00525954, totNum = 385
ROUND = 1197, SUM = 10169783.9999999, bChange = 0.00525958, totNum = 385
ROUND = 1198, SUM = 10169783.9999999, bChange = 0.00525963, totNum = 385
ROUND = 1199, SUM = 10169783.9999999, bChange = 0.00525968, totNum = 385
ROUND = 1200, SUM = 10169783.9999999, bChange = 0.00525972, totNum = 385
ROUND = 1201, SUM = 10169784, bChange = 0.00525977, totNum = 384
ROUND = 1202, SUM = 10169784, bChange = 0.00525981, totNum = 384
ROUND = 1203, SUM = 10169783.9999999, bChange = 0.00525986, totNum = 383
ROUND = 1204, SUM = 10169783.9999999, bChange = 0.0052599, totNum = 383
ROUND = 1205, SUM = 10169783.9999999, bChange = 0.00525995, totNum = 382
ROUND = 1206, SUM = 10169783.9999999, bChange = 0.00525999, totNum = 382
ROUND = 1207, SUM = 10169783.9999999, bChange = 0.00526004, totNum = 382
ROUND = 1208, SUM = 10169783.9999999, bChange = 0.00526008, totNum = 381
ROUND = 1209, SUM = 10169783.9999999, bChange = 0.00526013, totNum = 380
ROUND = 1210, SUM = 10169784, bChange = 0.00526017, totNum = 381
ROUND = 1211, SUM = 10169784, bChange = 0.00526021, totNum = 379
ROUND = 1212, SUM = 10169783.9999999, bChange = 0.00526026, totNum = 379
ROUND = 1213, SUM = 10169784, bChange = 0.0052603, totNum = 378
ROUND = 1214, SUM = 10169784, bChange = 0.00526034, totNum = 375
ROUND = 1215, SUM = 10169784, bChange = 0.00526038, totNum = 375
ROUND = 1216, SUM = 10169783.9999999, bChange = 0.00526043, totNum = 375
ROUND = 1217, SUM = 10169783.9999999, bChange = 0.00526047, totNum = 375
ROUND = 1218, SUM = 10169783.9999999, bChange = 0.00526051, totNum = 374
ROUND = 1219, SUM = 10169783.9999999, bChange = 0.00526055, totNum = 373
ROUND = 1220, SUM = 10169783.9999999, bChange = 0.00526059, totNum = 372
ROUND = 1221, SUM = 10169784, bChange = 0.00526064, totNum = 372
ROUND = 1222, SUM = 10169783.9999999, bChange = 0.00526068, totNum = 372
ROUND = 1223, SUM = 10169784, bChange = 0.00526072, totNum = 372
ROUND = 1224, SUM = 10169783.9999999, bChange = 0.00526076, totNum = 371
ROUND = 1225, SUM = 10169783.9999999, bChange = 0.0052608, totNum = 370
ROUND = 1226, SUM = 10169784, bChange = 0.00526084, totNum = 370
ROUND = 1227, SUM = 10169783.9999999, bChange = 0.00526088, totNum = 368
ROUND = 1228, SUM = 10169783.9999999, bChange = 0.00526092, totNum = 367
ROUND = 1229, SUM = 10169783.9999999, bChange = 0.00526096, totNum = 367
ROUND = 1230, SUM = 10169783.9999999, bChange = 0.005261, totNum = 367
ROUND = 1231, SUM = 10169783.9999999, bChange = 0.00526104, totNum = 364
ROUND = 1232, SUM = 10169784, bChange = 0.00526108, totNum = 364
ROUND = 1233, SUM = 10169784, bChange = 0.00526111, totNum = 364
ROUND = 1234, SUM = 10169783.9999999, bChange = 0.00526115, totNum = 363
ROUND = 1235, SUM = 10169783.9999999, bChange = 0.00526119, totNum = 363
ROUND = 1236, SUM = 10169783.9999999, bChange = 0.00526123, totNum = 363
ROUND = 1237, SUM = 10169783.9999999, bChange = 0.00526127, totNum = 363
ROUND = 1238, SUM = 10169784, bChange = 0.00526131, totNum = 363
ROUND = 1239, SUM = 10169783.9999999, bChange = 0.00526134, totNum = 361
ROUND = 1240, SUM = 10169783.9999999, bChange = 0.00526138, totNum = 361
ROUND = 1241, SUM = 10169783.9999999, bChange = 0.00526142, totNum = 360
ROUND = 1242, SUM = 10169783.9999999, bChange = 0.00526145, totNum = 359
ROUND = 1243, SUM = 10169783.9999999, bChange = 0.00526149, totNum = 357
ROUND = 1244, SUM = 10169783.9999999, bChange = 0.00526153, totNum = 355
ROUND = 1245, SUM = 10169783.9999999, bChange = 0.00526156, totNum = 354
ROUND = 1246, SUM = 10169783.9999999, bChange = 0.0052616, totNum = 353
ROUND = 1247, SUM = 10169783.9999999, bChange = 0.00526164, totNum = 353
ROUND = 1248, SUM = 10169783.9999999, bChange = 0.00526167, totNum = 351
ROUND = 1249, SUM = 10169783.9999999, bChange = 0.00526171, totNum = 350
ROUND = 1250, SUM = 10169783.9999999, bChange = 0.00526174, totNum = 350
ROUND = 1251, SUM = 10169784, bChange = 0.00526178, totNum = 350
ROUND = 1252, SUM = 10169783.9999999, bChange = 0.00526181, totNum = 348
ROUND = 1253, SUM = 10169784, bChange = 0.00526185, totNum = 348
ROUND = 1254, SUM = 10169784, bChange = 0.00526188, totNum = 348
ROUND = 1255, SUM = 10169783.9999999, bChange = 0.00526192, totNum = 348
ROUND = 1256, SUM = 10169783.9999999, bChange = 0.00526195, totNum = 347
ROUND = 1257, SUM = 10169783.9999999, bChange = 0.00526199, totNum = 346
ROUND = 1258, SUM = 10169783.9999999, bChange = 0.00526202, totNum = 345
ROUND = 1259, SUM = 10169783.9999999, bChange = 0.00526205, totNum = 344
ROUND = 1260, SUM = 10169783.9999999, bChange = 0.00526209, totNum = 343
ROUND = 1261, SUM = 10169783.9999999, bChange = 0.00526212, totNum = 342
ROUND = 1262, SUM = 10169783.9999999, bChange = 0.00526215, totNum = 342
ROUND = 1263, SUM = 10169783.9999999, bChange = 0.00526219, totNum = 342
ROUND = 1264, SUM = 10169783.9999999, bChange = 0.00526222, totNum = 342
ROUND = 1265, SUM = 10169783.9999999, bChange = 0.00526225, totNum = 342
ROUND = 1266, SUM = 10169783.9999999, bChange = 0.00526229, totNum = 341
ROUND = 1267, SUM = 10169783.9999999, bChange = 0.00526232, totNum = 341
ROUND = 1268, SUM = 10169783.9999999, bChange = 0.00526235, totNum = 341
ROUND = 1269, SUM = 10169783.9999999, bChange = 0.00526238, totNum = 340
ROUND = 1270, SUM = 10169783.9999999, bChange = 0.00526241, totNum = 340
ROUND = 1271, SUM = 10169783.9999999, bChange = 0.00526245, totNum = 339
ROUND = 1272, SUM = 10169783.9999999, bChange = 0.00526248, totNum = 336
ROUND = 1273, SUM = 10169783.9999999, bChange = 0.00519928, totNum = 334
ROUND = 1274, SUM = 10169783.9999999, bChange = 0.00520057, totNum = 334
ROUND = 1275, SUM = 10169784, bChange = 0.00520185, totNum = 334
ROUND = 1276, SUM = 10169783.9999999, bChange = 0.00520313, totNum = 334
ROUND = 1277, SUM = 10169783.9999999, bChange = 0.00520441, totNum = 333
ROUND = 1278, SUM = 10169783.9999999, bChange = 0.00520569, totNum = 333
ROUND = 1279, SUM = 10169783.9999999, bChange = 0.00520696, totNum = 331
ROUND = 1280, SUM = 10169783.9999999, bChange = 0.00520823, totNum = 331
ROUND = 1281, SUM = 10169784, bChange = 0.0052095, totNum = 331
ROUND = 1282, SUM = 10169783.9999999, bChange = 0.00521076, totNum = 331
ROUND = 1283, SUM = 10169783.9999999, bChange = 0.00521202, totNum = 331
ROUND = 1284, SUM = 10169783.9999999, bChange = 0.00521328, totNum = 331
ROUND = 1285, SUM = 10169784, bChange = 0.00521454, totNum = 331
ROUND = 1286, SUM = 10169783.9999999, bChange = 0.00521579, totNum = 331
ROUND = 1287, SUM = 10169783.9999999, bChange = 0.00521703, totNum = 330
ROUND = 1288, SUM = 10169783.9999999, bChange = 0.00519598, totNum = 328
ROUND = 1289, SUM = 10169783.9999998, bChange = 0.0051972, totNum = 328
ROUND = 1290, SUM = 10169783.9999999, bChange = 0.00519842, totNum = 328
ROUND = 1291, SUM = 10169784, bChange = 0.00519963, totNum = 327
ROUND = 1292, SUM = 10169783.9999999, bChange = 0.00520084, totNum = 325
ROUND = 1293, SUM = 10169783.9999999, bChange = 0.00520205, totNum = 325
ROUND = 1294, SUM = 10169783.9999999, bChange = 0.00520325, totNum = 325
ROUND = 1295, SUM = 10169783.9999999, bChange = 0.00520445, totNum = 324
ROUND = 1296, SUM = 10169783.9999999, bChange = 0.00520564, totNum = 323
ROUND = 1297, SUM = 10169784, bChange = 0.00520683, totNum = 321
ROUND = 1298, SUM = 10169783.9999999, bChange = 0.00520801, totNum = 321
ROUND = 1299, SUM = 10169783.9999999, bChange = 0.00520919, totNum = 319
ROUND = 1300, SUM = 10169783.9999999, bChange = 0.00521037, totNum = 318
ROUND = 1301, SUM = 10169783.9999999, bChange = 0.00521155, totNum = 318
ROUND = 1302, SUM = 10169783.9999999, bChange = 0.00521272, totNum = 318
ROUND = 1303, SUM = 10169783.9999999, bChange = 0.00521388, totNum = 318
ROUND = 1304, SUM = 10169783.9999999, bChange = 0.00521504, totNum = 318
ROUND = 1305, SUM = 10169783.9999999, bChange = 0.0052162, totNum = 318
ROUND = 1306, SUM = 10169783.9999999, bChange = 0.00521735, totNum = 317
ROUND = 1307, SUM = 10169783.9999999, bChange = 0.0052185, totNum = 317
ROUND = 1308, SUM = 10169784, bChange = 0.00521965, totNum = 317
ROUND = 1309, SUM = 10169783.9999999, bChange = 0.00522079, totNum = 316
ROUND = 1310, SUM = 10169783.9999999, bChange = 0.00522193, totNum = 315
ROUND = 1311, SUM = 10169783.9999999, bChange = 0.00522306, totNum = 315
ROUND = 1312, SUM = 10169783.9999999, bChange = 0.0052242, totNum = 315
ROUND = 1313, SUM = 10169783.9999999, bChange = 0.00522532, totNum = 315
ROUND = 1314, SUM = 10169783.9999999, bChange = 0.00522644, totNum = 315
ROUND = 1315, SUM = 10169783.9999999, bChange = 0.00522756, totNum = 314
ROUND = 1316, SUM = 10169783.9999999, bChange = 0.00522868, totNum = 314
ROUND = 1317, SUM = 10169783.9999999, bChange = 0.00522979, totNum = 314
ROUND = 1318, SUM = 10169784, bChange = 0.0052309, totNum = 313
ROUND = 1319, SUM = 10169784, bChange = 0.005232, totNum = 313
ROUND = 1320, SUM = 10169783.9999999, bChange = 0.0052331, totNum = 313
ROUND = 1321, SUM = 10169784, bChange = 0.0052342, totNum = 313
ROUND = 1322, SUM = 10169783.9999999, bChange = 0.00523529, totNum = 313
ROUND = 1323, SUM = 10169783.9999999, bChange = 0.00523638, totNum = 312
ROUND = 1324, SUM = 10169784, bChange = 0.00523746, totNum = 311
ROUND = 1325, SUM = 10169783.9999999, bChange = 0.00523855, totNum = 309
ROUND = 1326, SUM = 10169784, bChange = 0.00523962, totNum = 309
ROUND = 1327, SUM = 10169783.9999999, bChange = 0.0052407, totNum = 309
ROUND = 1328, SUM = 10169783.9999999, bChange = 0.00524177, totNum = 308
ROUND = 1329, SUM = 10169783.9999999, bChange = 0.00524283, totNum = 308
ROUND = 1330, SUM = 10169783.9999999, bChange = 0.0052439, totNum = 307
ROUND = 1331, SUM = 10169783.9999999, bChange = 0.00524495, totNum = 306
ROUND = 1332, SUM = 10169783.9999999, bChange = 0.00524601, totNum = 305
ROUND = 1333, SUM = 10169783.9999999, bChange = 0.00524706, totNum = 305
ROUND = 1334, SUM = 10169784, bChange = 0.00524811, totNum = 305
ROUND = 1335, SUM = 10169783.9999999, bChange = 0.00524915, totNum = 302
ROUND = 1336, SUM = 10169783.9999999, bChange = 0.00525019, totNum = 300
ROUND = 1337, SUM = 10169783.9999999, bChange = 0.00525123, totNum = 300
ROUND = 1338, SUM = 10169783.9999999, bChange = 0.00478572, totNum = 299
ROUND = 1339, SUM = 10169783.9999999, bChange = 0.00478787, totNum = 297
ROUND = 1340, SUM = 10169783.9999999, bChange = 0.00479001, totNum = 297
ROUND = 1341, SUM = 10169784, bChange = 0.00479215, totNum = 296
ROUND = 1342, SUM = 10169784, bChange = 0.00479429, totNum = 296
ROUND = 1343, SUM = 10169783.9999999, bChange = 0.00479642, totNum = 296
ROUND = 1344, SUM = 10169784, bChange = 0.00479855, totNum = 294
ROUND = 1345, SUM = 10169784, bChange = 0.00480068, totNum = 294
ROUND = 1346, SUM = 10169784, bChange = 0.0048028, totNum = 293
ROUND = 1347, SUM = 10169783.9999999, bChange = 0.00480492, totNum = 291
ROUND = 1348, SUM = 10169783.9999999, bChange = 0.00480703, totNum = 291
ROUND = 1349, SUM = 10169783.9999999, bChange = 0.00480915, totNum = 291
ROUND = 1350, SUM = 10169784, bChange = 0.00481125, totNum = 291
ROUND = 1351, SUM = 10169783.9999999, bChange = 0.00481336, totNum = 290
ROUND = 1352, SUM = 10169783.9999999, bChange = 0.00481546, totNum = 289
ROUND = 1353, SUM = 10169784, bChange = 0.00481756, totNum = 289
ROUND = 1354, SUM = 10169783.9999999, bChange = 0.00481965, totNum = 287
ROUND = 1355, SUM = 10169783.9999999, bChange = 0.00482174, totNum = 287
ROUND = 1356, SUM = 10169784, bChange = 0.00482383, totNum = 285
ROUND = 1357, SUM = 10169784, bChange = 0.00482591, totNum = 285
ROUND = 1358, SUM = 10169783.9999999, bChange = 0.00482799, totNum = 283
ROUND = 1359, SUM = 10169783.9999999, bChange = 0.00483007, totNum = 282
ROUND = 1360, SUM = 10169784, bChange = 0.00483214, totNum = 282
ROUND = 1361, SUM = 10169783.9999999, bChange = 0.00483421, totNum = 282
ROUND = 1362, SUM = 10169783.9999999, bChange = 0.00483627, totNum = 281
ROUND = 1363, SUM = 10169783.9999999, bChange = 0.00483833, totNum = 281
ROUND = 1364, SUM = 10169783.9999999, bChange = 0.00484039, totNum = 281
ROUND = 1365, SUM = 10169784, bChange = 0.00484245, totNum = 281
ROUND = 1366, SUM = 10169783.9999999, bChange = 0.0048445, totNum = 281
ROUND = 1367, SUM = 10169783.9999999, bChange = 0.00484654, totNum = 279
ROUND = 1368, SUM = 10169783.9999999, bChange = 0.00484859, totNum = 278
ROUND = 1369, SUM = 10169784, bChange = 0.00485063, totNum = 276
ROUND = 1370, SUM = 10169783.9999999, bChange = 0.00485267, totNum = 276
ROUND = 1371, SUM = 10169783.9999999, bChange = 0.0048547, totNum = 275
ROUND = 1372, SUM = 10169783.9999999, bChange = 0.00485673, totNum = 274
ROUND = 1373, SUM = 10169783.9999999, bChange = 0.00485875, totNum = 273
ROUND = 1374, SUM = 10169784, bChange = 0.00486078, totNum = 272
ROUND = 1375, SUM = 10169783.9999999, bChange = 0.00486279, totNum = 272
ROUND = 1376, SUM = 10169783.9999999, bChange = 0.00486481, totNum = 272
ROUND = 1377, SUM = 10169784, bChange = 0.00486682, totNum = 272
ROUND = 1378, SUM = 10169783.9999999, bChange = 0.00486883, totNum = 271
ROUND = 1379, SUM = 10169783.9999999, bChange = 0.00487083, totNum = 271
ROUND = 1380, SUM = 10169783.9999999, bChange = 0.00487283, totNum = 270
ROUND = 1381, SUM = 10169783.9999999, bChange = 0.00487483, totNum = 269
ROUND = 1382, SUM = 10169783.9999999, bChange = 0.00487682, totNum = 269
ROUND = 1383, SUM = 10169783.9999999, bChange = 0.00487881, totNum = 268
ROUND = 1384, SUM = 10169783.9999999, bChange = 0.0048808, totNum = 268
ROUND = 1385, SUM = 10169784, bChange = 0.00488278, totNum = 268
ROUND = 1386, SUM = 10169784, bChange = 0.00488476, totNum = 268
ROUND = 1387, SUM = 10169783.9999999, bChange = 0.00488674, totNum = 267
ROUND = 1388, SUM = 10169783.9999999, bChange = 0.00488871, totNum = 266
ROUND = 1389, SUM = 10169783.9999999, bChange = 0.00489068, totNum = 265
ROUND = 1390, SUM = 10169783.9999999, bChange = 0.00489265, totNum = 265
ROUND = 1391, SUM = 10169783.9999999, bChange = 0.00489461, totNum = 265
ROUND = 1392, SUM = 10169783.9999999, bChange = 0.00489657, totNum = 264
ROUND = 1393, SUM = 10169783.9999999, bChange = 0.00489852, totNum = 263
ROUND = 1394, SUM = 10169784, bChange = 0.00490047, totNum = 263
ROUND = 1395, SUM = 10169783.9999999, bChange = 0.00490242, totNum = 262
ROUND = 1396, SUM = 10169784, bChange = 0.00490436, totNum = 261
ROUND = 1397, SUM = 10169783.9999999, bChange = 0.0049063, totNum = 261
ROUND = 1398, SUM = 10169783.9999999, bChange = 0.00490824, totNum = 260
ROUND = 1399, SUM = 10169783.9999999, bChange = 0.00491017, totNum = 260
ROUND = 1400, SUM = 10169784, bChange = 0.0049121, totNum = 260
ROUND = 1401, SUM = 10169783.9999999, bChange = 0.00491403, totNum = 260
ROUND = 1402, SUM = 10169783.9999999, bChange = 0.00491595, totNum = 260
ROUND = 1403, SUM = 10169783.9999999, bChange = 0.00491787, totNum = 259
ROUND = 1404, SUM = 10169783.9999999, bChange = 0.00491978, totNum = 259
ROUND = 1405, SUM = 10169783.9999999, bChange = 0.0049217, totNum = 259
ROUND = 1406, SUM = 10169783.9999999, bChange = 0.0049236, totNum = 259
ROUND = 1407, SUM = 10169783.9999999, bChange = 0.00492551, totNum = 259
ROUND = 1408, SUM = 10169783.9999999, bChange = 0.00492741, totNum = 258
ROUND = 1409, SUM = 10169784, bChange = 0.00492931, totNum = 257
ROUND = 1410, SUM = 10169784, bChange = 0.0049312, totNum = 257
ROUND = 1411, SUM = 10169783.9999999, bChange = 0.00493309, totNum = 257
ROUND = 1412, SUM = 10169783.9999999, bChange = 0.00493498, totNum = 256
ROUND = 1413, SUM = 10169783.9999999, bChange = 0.00493686, totNum = 255
ROUND = 1414, SUM = 10169784, bChange = 0.00493874, totNum = 252
ROUND = 1415, SUM = 10169784, bChange = 0.00494062, totNum = 252
ROUND = 1416, SUM = 10169783.9999999, bChange = 0.00460145, totNum = 249
ROUND = 1417, SUM = 10169783.9999999, bChange = 0.00460145, totNum = 249
ROUND = 1418, SUM = 10169784, bChange = 0.00460145, totNum = 248
ROUND = 1419, SUM = 10169783.9999999, bChange = 0.00460144, totNum = 247
ROUND = 1420, SUM = 10169783.9999999, bChange = 0.00460144, totNum = 247
ROUND = 1421, SUM = 10169784, bChange = 0.00460144, totNum = 247
ROUND = 1422, SUM = 10169783.9999999, bChange = 0.00460144, totNum = 246
ROUND = 1423, SUM = 10169783.9999999, bChange = 0.00460143, totNum = 246
ROUND = 1424, SUM = 10169783.9999999, bChange = 0.00460143, totNum = 244
ROUND = 1425, SUM = 10169783.9999999, bChange = 0.00460143, totNum = 243
ROUND = 1426, SUM = 10169783.9999999, bChange = 0.00460143, totNum = 243
ROUND = 1427, SUM = 10169783.9999999, bChange = 0.00460142, totNum = 242
ROUND = 1428, SUM = 10169783.9999999, bChange = 0.00460142, totNum = 242
ROUND = 1429, SUM = 10169783.9999999, bChange = 0.00460142, totNum = 242
ROUND = 1430, SUM = 10169783.9999999, bChange = 0.00460142, totNum = 242
ROUND = 1431, SUM = 10169783.9999999, bChange = 0.00460141, totNum = 240
ROUND = 1432, SUM = 10169783.9999999, bChange = 0.00460141, totNum = 240
ROUND = 1433, SUM = 10169783.9999999, bChange = 0.00460141, totNum = 239
ROUND = 1434, SUM = 10169783.9999999, bChange = 0.00460141, totNum = 239
ROUND = 1435, SUM = 10169783.9999999, bChange = 0.00460141, totNum = 237
ROUND = 1436, SUM = 10169783.9999999, bChange = 0.0046014, totNum = 235
ROUND = 1437, SUM = 10169783.9999999, bChange = 0.0046014, totNum = 234
ROUND = 1438, SUM = 10169783.9999999, bChange = 0.0046014, totNum = 234
ROUND = 1439, SUM = 10169783.9999999, bChange = 0.0046014, totNum = 234
ROUND = 1440, SUM = 10169784, bChange = 0.00460139, totNum = 234
ROUND = 1441, SUM = 10169784, bChange = 0.00460139, totNum = 234
ROUND = 1442, SUM = 10169783.9999999, bChange = 0.00460139, totNum = 233
ROUND = 1443, SUM = 10169783.9999999, bChange = 0.00460139, totNum = 232
ROUND = 1444, SUM = 10169783.9999999, bChange = 0.00460138, totNum = 232
ROUND = 1445, SUM = 10169783.9999999, bChange = 0.00460138, totNum = 232
ROUND = 1446, SUM = 10169783.9999999, bChange = 0.00460138, totNum = 231
ROUND = 1447, SUM = 10169783.9999999, bChange = 0.00460138, totNum = 231
ROUND = 1448, SUM = 10169783.9999999, bChange = 0.00460138, totNum = 231
ROUND = 1449, SUM = 10169784, bChange = 0.00460137, totNum = 231
ROUND = 1450, SUM = 10169783.9999999, bChange = 0.00460137, totNum = 231
ROUND = 1451, SUM = 10169783.9999999, bChange = 0.00460137, totNum = 231
ROUND = 1452, SUM = 10169783.9999999, bChange = 0.00460137, totNum = 231
ROUND = 1453, SUM = 10169784, bChange = 0.00460136, totNum = 231
ROUND = 1454, SUM = 10169784, bChange = 0.00460136, totNum = 230
ROUND = 1455, SUM = 10169783.9999999, bChange = 0.00460136, totNum = 230
ROUND = 1456, SUM = 10169783.9999999, bChange = 0.00460136, totNum = 230
ROUND = 1457, SUM = 10169784, bChange = 0.00460136, totNum = 230
ROUND = 1458, SUM = 10169783.9999999, bChange = 0.00460135, totNum = 230
ROUND = 1459, SUM = 10169783.9999999, bChange = 0.00460135, totNum = 229
ROUND = 1460, SUM = 10169783.9999999, bChange = 0.00460135, totNum = 229
ROUND = 1461, SUM = 10169784, bChange = 0.00460135, totNum = 229
ROUND = 1462, SUM = 10169783.9999999, bChange = 0.00460134, totNum = 228
ROUND = 1463, SUM = 10169784, bChange = 0.00460134, totNum = 228
ROUND = 1464, SUM = 10169783.9999999, bChange = 0.00460134, totNum = 228
ROUND = 1465, SUM = 10169783.9999999, bChange = 0.00460134, totNum = 228
ROUND = 1466, SUM = 10169783.9999999, bChange = 0.00460134, totNum = 228
ROUND = 1467, SUM = 10169783.9999999, bChange = 0.00460133, totNum = 227
ROUND = 1468, SUM = 10169783.9999999, bChange = 0.00460133, totNum = 226
ROUND = 1469, SUM = 10169783.9999999, bChange = 0.00460133, totNum = 225
ROUND = 1470, SUM = 10169783.9999999, bChange = 0.00460133, totNum = 225
ROUND = 1471, SUM = 10169783.9999999, bChange = 0.00460133, totNum = 225
ROUND = 1472, SUM = 10169783.9999999, bChange = 0.00460132, totNum = 225
ROUND = 1473, SUM = 10169783.9999999, bChange = 0.00460132, totNum = 225
ROUND = 1474, SUM = 10169783.9999999, bChange = 0.00460132, totNum = 225
ROUND = 1475, SUM = 10169783.9999999, bChange = 0.00460132, totNum = 225
ROUND = 1476, SUM = 10169783.9999999, bChange = 0.00460132, totNum = 225
ROUND = 1477, SUM = 10169783.9999999, bChange = 0.00460131, totNum = 225
ROUND = 1478, SUM = 10169783.9999999, bChange = 0.00460131, totNum = 224
ROUND = 1479, SUM = 10169783.9999999, bChange = 0.00460131, totNum = 223
ROUND = 1480, SUM = 10169783.9999999, bChange = 0.00460131, totNum = 223
ROUND = 1481, SUM = 10169783.9999999, bChange = 0.00460131, totNum = 223
ROUND = 1482, SUM = 10169783.9999999, bChange = 0.0046013, totNum = 221
ROUND = 1483, SUM = 10169783.9999999, bChange = 0.0046013, totNum = 220
ROUND = 1484, SUM = 10169783.9999999, bChange = 0.0046013, totNum = 220
ROUND = 1485, SUM = 10169783.9999999, bChange = 0.0046013, totNum = 220
ROUND = 1486, SUM = 10169783.9999999, bChange = 0.0046013, totNum = 219
ROUND = 1487, SUM = 10169784, bChange = 0.00460129, totNum = 219
ROUND = 1488, SUM = 10169783.9999999, bChange = 0.00460129, totNum = 218
ROUND = 1489, SUM = 10169783.9999999, bChange = 0.00460129, totNum = 218
ROUND = 1490, SUM = 10169783.9999999, bChange = 0.00460129, totNum = 218
ROUND = 1491, SUM = 10169784, bChange = 0.00460129, totNum = 217
ROUND = 1492, SUM = 10169783.9999999, bChange = 0.00460129, totNum = 217
ROUND = 1493, SUM = 10169783.9999999, bChange = 0.00460128, totNum = 217
ROUND = 1494, SUM = 10169783.9999999, bChange = 0.00460128, totNum = 217
ROUND = 1495, SUM = 10169783.9999999, bChange = 0.00460128, totNum = 217
ROUND = 1496, SUM = 10169783.9999999, bChange = 0.00460128, totNum = 217
ROUND = 1497, SUM = 10169783.9999999, bChange = 0.00460128, totNum = 217
ROUND = 1498, SUM = 10169783.9999999, bChange = 0.00460127, totNum = 217
ROUND = 1499, SUM = 10169783.9999999, bChange = 0.00460127, totNum = 217
ROUND = 1500, SUM = 10169783.9999999, bChange = 0.00460127, totNum = 217
ROUND = 1501, SUM = 10169783.9999999, bChange = 0.00460127, totNum = 216
ROUND = 1502, SUM = 10169783.9999999, bChange = 0.00460127, totNum = 216
ROUND = 1503, SUM = 10169783.9999999, bChange = 0.00460127, totNum = 216
ROUND = 1504, SUM = 10169783.9999999, bChange = 0.00460126, totNum = 216
ROUND = 1505, SUM = 10169784, bChange = 0.00460126, totNum = 216
ROUND = 1506, SUM = 10169783.9999999, bChange = 0.00460126, totNum = 216
ROUND = 1507, SUM = 10169783.9999999, bChange = 0.00460126, totNum = 215
ROUND = 1508, SUM = 10169784, bChange = 0.00460126, totNum = 215
ROUND = 1509, SUM = 10169783.9999999, bChange = 0.00460126, totNum = 215
ROUND = 1510, SUM = 10169783.9999999, bChange = 0.00460125, totNum = 215
ROUND = 1511, SUM = 10169783.9999999, bChange = 0.00460125, totNum = 215
ROUND = 1512, SUM = 10169783.9999999, bChange = 0.00460125, totNum = 215
ROUND = 1513, SUM = 10169783.9999999, bChange = 0.00460125, totNum = 215
ROUND = 1514, SUM = 10169783.9999999, bChange = 0.00460125, totNum = 214
ROUND = 1515, SUM = 10169783.9999999, bChange = 0.00460125, totNum = 213
ROUND = 1516, SUM = 10169783.9999999, bChange = 0.00460124, totNum = 213
ROUND = 1517, SUM = 10169783.9999999, bChange = 0.00460124, totNum = 213
ROUND = 1518, SUM = 10169783.9999999, bChange = 0.00460124, totNum = 212
ROUND = 1519, SUM = 10169783.9999999, bChange = 0.00460124, totNum = 212
ROUND = 1520, SUM = 10169783.9999999, bChange = 0.00460124, totNum = 212
ROUND = 1521, SUM = 10169783.9999999, bChange = 0.00460124, totNum = 212
ROUND = 1522, SUM = 10169783.9999999, bChange = 0.00460123, totNum = 211
ROUND = 1523, SUM = 10169783.9999999, bChange = 0.00460123, totNum = 211
ROUND = 1524, SUM = 10169783.9999999, bChange = 0.00460123, totNum = 211
ROUND = 1525, SUM = 10169783.9999999, bChange = 0.00460123, totNum = 211
ROUND = 1526, SUM = 10169783.9999999, bChange = 0.00460123, totNum = 210
ROUND = 1527, SUM = 10169783.9999999, bChange = 0.00460123, totNum = 210
ROUND = 1528, SUM = 10169784, bChange = 0.00460122, totNum = 209
ROUND = 1529, SUM = 10169783.9999999, bChange = 0.00460122, totNum = 208
ROUND = 1530, SUM = 10169783.9999999, bChange = 0.00460122, totNum = 208
ROUND = 1531, SUM = 10169783.9999999, bChange = 0.00460122, totNum = 208
ROUND = 1532, SUM = 10169784, bChange = 0.00460122, totNum = 208
ROUND = 1533, SUM = 10169783.9999999, bChange = 0.00460122, totNum = 207
ROUND = 1534, SUM = 10169784, bChange = 0.00460122, totNum = 207
ROUND = 1535, SUM = 10169783.9999999, bChange = 0.00460121, totNum = 207
ROUND = 1536, SUM = 10169784, bChange = 0.00460121, totNum = 207
ROUND = 1537, SUM = 10169784, bChange = 0.00460121, totNum = 206
ROUND = 1538, SUM = 10169783.9999999, bChange = 0.00460121, totNum = 206
ROUND = 1539, SUM = 10169783.9999999, bChange = 0.00460121, totNum = 206
ROUND = 1540, SUM = 10169783.9999999, bChange = 0.00460121, totNum = 205
ROUND = 1541, SUM = 10169783.9999999, bChange = 0.0046012, totNum = 205
ROUND = 1542, SUM = 10169783.9999999, bChange = 0.0046012, totNum = 204
ROUND = 1543, SUM = 10169783.9999999, bChange = 0.0046012, totNum = 203
ROUND = 1544, SUM = 10169784, bChange = 0.0046012, totNum = 203
ROUND = 1545, SUM = 10169784, bChange = 0.0046012, totNum = 203
ROUND = 1546, SUM = 10169783.9999999, bChange = 0.0046012, totNum = 203
ROUND = 1547, SUM = 10169783.9999999, bChange = 0.0046012, totNum = 203
ROUND = 1548, SUM = 10169783.9999999, bChange = 0.00460119, totNum = 203
ROUND = 1549, SUM = 10169783.9999999, bChange = 0.00460119, totNum = 203
ROUND = 1550, SUM = 10169784, bChange = 0.00460119, totNum = 202
ROUND = 1551, SUM = 10169784, bChange = 0.00460119, totNum = 202
ROUND = 1552, SUM = 10169783.9999999, bChange = 0.00460119, totNum = 202
ROUND = 1553, SUM = 10169783.9999999, bChange = 0.00460119, totNum = 202
ROUND = 1554, SUM = 10169783.9999999, bChange = 0.00460119, totNum = 202
ROUND = 1555, SUM = 10169784, bChange = 0.00460118, totNum = 202
ROUND = 1556, SUM = 10169783.9999999, bChange = 0.00460118, totNum = 202
ROUND = 1557, SUM = 10169783.9999999, bChange = 0.00460118, totNum = 202
ROUND = 1558, SUM = 10169783.9999999, bChange = 0.00460118, totNum = 202
ROUND = 1559, SUM = 10169783.9999999, bChange = 0.00460118, totNum = 202
ROUND = 1560, SUM = 10169783.9999999, bChange = 0.00460118, totNum = 201
ROUND = 1561, SUM = 10169783.9999999, bChange = 0.00460118, totNum = 202
ROUND = 1562, SUM = 10169784, bChange = 0.00460118, totNum = 202
ROUND = 1563, SUM = 10169783.9999999, bChange = 0.00460117, totNum = 201
ROUND = 1564, SUM = 10169783.9999999, bChange = 0.00460117, totNum = 200
ROUND = 1565, SUM = 10169783.9999999, bChange = 0.00460117, totNum = 199
ROUND = 1566, SUM = 10169783.9999999, bChange = 0.00460117, totNum = 199
ROUND = 1567, SUM = 10169783.9999999, bChange = 0.00460117, totNum = 199
ROUND = 1568, SUM = 10169783.9999999, bChange = 0.00460117, totNum = 199
ROUND = 1569, SUM = 10169783.9999999, bChange = 0.00460117, totNum = 199
ROUND = 1570, SUM = 10169783.9999999, bChange = 0.00460117, totNum = 199
ROUND = 1571, SUM = 10169783.9999999, bChange = 0.00460116, totNum = 199
ROUND = 1572, SUM = 10169783.9999999, bChange = 0.00460116, totNum = 199
ROUND = 1573, SUM = 10169783.9999999, bChange = 0.00460116, totNum = 199
ROUND = 1574, SUM = 10169783.9999999, bChange = 0.00460116, totNum = 199
ROUND = 1575, SUM = 10169783.9999999, bChange = 0.00460116, totNum = 200
ROUND = 1576, SUM = 10169783.9999999, bChange = 0.00460116, totNum = 200
ROUND = 1577, SUM = 10169783.9999999, bChange = 0.00460116, totNum = 200
ROUND = 1578, SUM = 10169783.9999999, bChange = 0.00460115, totNum = 199
ROUND = 1579, SUM = 10169783.9999999, bChange = 0.00460115, totNum = 199
ROUND = 1580, SUM = 10169783.9999999, bChange = 0.00460115, totNum = 198
ROUND = 1581, SUM = 10169783.9999999, bChange = 0.00460115, totNum = 197
ROUND = 1582, SUM = 10169783.9999999, bChange = 0.00460115, totNum = 197
ROUND = 1583, SUM = 10169784, bChange = 0.00460115, totNum = 197
ROUND = 1584, SUM = 10169783.9999999, bChange = 0.00460115, totNum = 197
ROUND = 1585, SUM = 10169783.9999999, bChange = 0.00460115, totNum = 197
ROUND = 1586, SUM = 10169783.9999999, bChange = 0.00460115, totNum = 196
ROUND = 1587, SUM = 10169784, bChange = 0.00460114, totNum = 196
ROUND = 1588, SUM = 10169783.9999999, bChange = 0.00460114, totNum = 196
ROUND = 1589, SUM = 10169783.9999999, bChange = 0.00460114, totNum = 196
ROUND = 1590, SUM = 10169783.9999999, bChange = 0.00460114, totNum = 196
ROUND = 1591, SUM = 10169783.9999999, bChange = 0.00460114, totNum = 195
ROUND = 1592, SUM = 10169783.9999999, bChange = 0.00460114, totNum = 192
ROUND = 1593, SUM = 10169783.9999999, bChange = 0.00460114, totNum = 191
ROUND = 1594, SUM = 10169783.9999999, bChange = 0.00460114, totNum = 191
ROUND = 1595, SUM = 10169783.9999999, bChange = 0.00460113, totNum = 191
ROUND = 1596, SUM = 10169783.9999999, bChange = 0.00460113, totNum = 190
ROUND = 1597, SUM = 10169783.9999999, bChange = 0.00460113, totNum = 189
ROUND = 1598, SUM = 10169783.9999999, bChange = 0.00460113, totNum = 189
ROUND = 1599, SUM = 10169784, bChange = 0.00460113, totNum = 189
ROUND = 1600, SUM = 10169784, bChange = 0.00460113, totNum = 189
ROUND = 1601, SUM = 10169783.9999999, bChange = 0.00460113, totNum = 188
ROUND = 1602, SUM = 10169783.9999999, bChange = 0.00460113, totNum = 188
ROUND = 1603, SUM = 10169783.9999999, bChange = 0.00460113, totNum = 188
ROUND = 1604, SUM = 10169783.9999999, bChange = 0.00460112, totNum = 188
ROUND = 1605, SUM = 10169783.9999999, bChange = 0.00460112, totNum = 188
ROUND = 1606, SUM = 10169783.9999999, bChange = 0.00460112, totNum = 188
ROUND = 1607, SUM = 10169783.9999999, bChange = 0.00460112, totNum = 188
ROUND = 1608, SUM = 10169783.9999999, bChange = 0.00460112, totNum = 188
ROUND = 1609, SUM = 10169783.9999999, bChange = 0.00460112, totNum = 187
ROUND = 1610, SUM = 10169784, bChange = 0.00460112, totNum = 187
ROUND = 1611, SUM = 10169783.9999999, bChange = 0.00460112, totNum = 187
ROUND = 1612, SUM = 10169783.9999999, bChange = 0.00460112, totNum = 187
ROUND = 1613, SUM = 10169783.9999999, bChange = 0.00460111, totNum = 186
ROUND = 1614, SUM = 10169783.9999999, bChange = 0.00460111, totNum = 186
ROUND = 1615, SUM = 10169783.9999999, bChange = 0.00399767, totNum = 185
ROUND = 1616, SUM = 10169783.9999999, bChange = 0.00399769, totNum = 185
ROUND = 1617, SUM = 10169783.9999999, bChange = 0.00399771, totNum = 185
ROUND = 1618, SUM = 10169784, bChange = 0.00399773, totNum = 184
ROUND = 1619, SUM = 10169784, bChange = 0.00399775, totNum = 184
ROUND = 1620, SUM = 10169784, bChange = 0.00399777, totNum = 184
ROUND = 1621, SUM = 10169783.9999999, bChange = 0.0039978, totNum = 184
ROUND = 1622, SUM = 10169783.9999999, bChange = 0.00399782, totNum = 183
ROUND = 1623, SUM = 10169783.9999999, bChange = 0.00399784, totNum = 182
ROUND = 1624, SUM = 10169784, bChange = 0.00399786, totNum = 181
ROUND = 1625, SUM = 10169783.9999999, bChange = 0.00399788, totNum = 181
ROUND = 1626, SUM = 10169784, bChange = 0.0039979, totNum = 180
ROUND = 1627, SUM = 10169784, bChange = 0.00399792, totNum = 180
ROUND = 1628, SUM = 10169783.9999999, bChange = 0.00399794, totNum = 180
ROUND = 1629, SUM = 10169783.9999999, bChange = 0.00399796, totNum = 180
ROUND = 1630, SUM = 10169784, bChange = 0.00399798, totNum = 180
ROUND = 1631, SUM = 10169784, bChange = 0.003998, totNum = 180
ROUND = 1632, SUM = 10169783.9999999, bChange = 0.00399802, totNum = 180
ROUND = 1633, SUM = 10169783.9999999, bChange = 0.00399804, totNum = 179
ROUND = 1634, SUM = 10169783.9999999, bChange = 0.00399806, totNum = 179
ROUND = 1635, SUM = 10169783.9999999, bChange = 0.00399808, totNum = 180
ROUND = 1636, SUM = 10169783.9999999, bChange = 0.0039981, totNum = 180
ROUND = 1637, SUM = 10169783.9999999, bChange = 0.00399812, totNum = 180
ROUND = 1638, SUM = 10169783.9999999, bChange = 0.00399814, totNum = 180
ROUND = 1639, SUM = 10169783.9999999, bChange = 0.00399815, totNum = 180
ROUND = 1640, SUM = 10169783.9999999, bChange = 0.00399817, totNum = 179
ROUND = 1641, SUM = 10169783.9999999, bChange = 0.00399819, totNum = 179
ROUND = 1642, SUM = 10169783.9999999, bChange = 0.00399821, totNum = 179
ROUND = 1643, SUM = 10169784, bChange = 0.00399823, totNum = 179
ROUND = 1644, SUM = 10169784, bChange = 0.00399825, totNum = 178
ROUND = 1645, SUM = 10169784, bChange = 0.00399827, totNum = 178
ROUND = 1646, SUM = 10169783.9999999, bChange = 0.00399829, totNum = 178
ROUND = 1647, SUM = 10169784, bChange = 0.00399831, totNum = 178
ROUND = 1648, SUM = 10169783.9999999, bChange = 0.00399832, totNum = 178
ROUND = 1649, SUM = 10169783.9999999, bChange = 0.00399834, totNum = 178
ROUND = 1650, SUM = 10169784, bChange = 0.00399836, totNum = 178
ROUND = 1651, SUM = 10169783.9999999, bChange = 0.00399838, totNum = 178
ROUND = 1652, SUM = 10169783.9999999, bChange = 0.0039984, totNum = 177
ROUND = 1653, SUM = 10169784, bChange = 0.00399842, totNum = 176
ROUND = 1654, SUM = 10169783.9999999, bChange = 0.00399843, totNum = 176
ROUND = 1655, SUM = 10169783.9999999, bChange = 0.00399845, totNum = 176
ROUND = 1656, SUM = 10169784, bChange = 0.00399847, totNum = 175
ROUND = 1657, SUM = 10169784, bChange = 0.00399849, totNum = 175
ROUND = 1658, SUM = 10169783.9999999, bChange = 0.00399851, totNum = 174
ROUND = 1659, SUM = 10169784, bChange = 0.00399852, totNum = 174
ROUND = 1660, SUM = 10169784, bChange = 0.00399854, totNum = 173
ROUND = 1661, SUM = 10169783.9999999, bChange = 0.00399856, totNum = 173
ROUND = 1662, SUM = 10169783.9999999, bChange = 0.00399858, totNum = 173
ROUND = 1663, SUM = 10169784, bChange = 0.00399859, totNum = 173
ROUND = 1664, SUM = 10169784, bChange = 0.00399861, totNum = 173
ROUND = 1665, SUM = 10169784, bChange = 0.00399863, totNum = 173
ROUND = 1666, SUM = 10169784, bChange = 0.00399865, totNum = 173
ROUND = 1667, SUM = 10169783.9999999, bChange = 0.00399866, totNum = 173
ROUND = 1668, SUM = 10169784, bChange = 0.00399868, totNum = 173
ROUND = 1669, SUM = 10169783.9999999, bChange = 0.0039987, totNum = 172
ROUND = 1670, SUM = 10169783.9999999, bChange = 0.00399871, totNum = 171
ROUND = 1671, SUM = 10169784, bChange = 0.00399873, totNum = 170
ROUND = 1672, SUM = 10169784, bChange = 0.00399875, totNum = 169
ROUND = 1673, SUM = 10169783.9999999, bChange = 0.00399877, totNum = 169
ROUND = 1674, SUM = 10169783.9999999, bChange = 0.00399878, totNum = 169
ROUND = 1675, SUM = 10169784, bChange = 0.0039988, totNum = 168
ROUND = 1676, SUM = 10169784, bChange = 0.00399882, totNum = 168
ROUND = 1677, SUM = 10169784, bChange = 0.00399883, totNum = 168
ROUND = 1678, SUM = 10169783.9999999, bChange = 0.00399885, totNum = 168
ROUND = 1679, SUM = 10169784, bChange = 0.00399886, totNum = 168
ROUND = 1680, SUM = 10169783.9999999, bChange = 0.00399888, totNum = 166
ROUND = 1681, SUM = 10169784, bChange = 0.0039989, totNum = 166
ROUND = 1682, SUM = 10169783.9999999, bChange = 0.00399891, totNum = 165
ROUND = 1683, SUM = 10169783.9999999, bChange = 0.00399893, totNum = 165
ROUND = 1684, SUM = 10169784, bChange = 0.00399895, totNum = 165
ROUND = 1685, SUM = 10169784, bChange = 0.00399896, totNum = 164
ROUND = 1686, SUM = 10169783.9999999, bChange = 0.00399898, totNum = 161
ROUND = 1687, SUM = 10169783.9999999, bChange = 0.00399899, totNum = 161
ROUND = 1688, SUM = 10169784, bChange = 0.00399901, totNum = 161
ROUND = 1689, SUM = 10169784, bChange = 0.00399903, totNum = 161
ROUND = 1690, SUM = 10169783.9999999, bChange = 0.00399904, totNum = 161
ROUND = 1691, SUM = 10169784, bChange = 0.00399906, totNum = 160
ROUND = 1692, SUM = 10169783.9999999, bChange = 0.00399907, totNum = 160
ROUND = 1693, SUM = 10169783.9999999, bChange = 0.00399909, totNum = 160
ROUND = 1694, SUM = 10169783.9999999, bChange = 0.0039991, totNum = 160
ROUND = 1695, SUM = 10169784, bChange = 0.00399912, totNum = 160
ROUND = 1696, SUM = 10169783.9999999, bChange = 0.00399913, totNum = 160
ROUND = 1697, SUM = 10169784, bChange = 0.00399915, totNum = 159
ROUND = 1698, SUM = 10169783.9999999, bChange = 0.00399916, totNum = 159
ROUND = 1699, SUM = 10169783.9999999, bChange = 0.00399918, totNum = 159
ROUND = 1700, SUM = 10169783.9999999, bChange = 0.00399919, totNum = 158
ROUND = 1701, SUM = 10169783.9999999, bChange = 0.00399921, totNum = 158
ROUND = 1702, SUM = 10169783.9999999, bChange = 0.00399922, totNum = 158
ROUND = 1703, SUM = 10169783.9999999, bChange = 0.00399924, totNum = 158
ROUND = 1704, SUM = 10169784, bChange = 0.00399925, totNum = 158
ROUND = 1705, SUM = 10169783.9999999, bChange = 0.00399927, totNum = 158
ROUND = 1706, SUM = 10169784, bChange = 0.00399928, totNum = 158
ROUND = 1707, SUM = 10169783.9999999, bChange = 0.0039993, totNum = 158
ROUND = 1708, SUM = 10169784, bChange = 0.00399931, totNum = 158
ROUND = 1709, SUM = 10169783.9999999, bChange = 0.00399933, totNum = 158
ROUND = 1710, SUM = 10169783.9999999, bChange = 0.00399934, totNum = 158
ROUND = 1711, SUM = 10169784, bChange = 0.00399936, totNum = 158
ROUND = 1712, SUM = 10169784, bChange = 0.00399937, totNum = 158
ROUND = 1713, SUM = 10169783.9999999, bChange = 0.00399938, totNum = 157
ROUND = 1714, SUM = 10169783.9999999, bChange = 0.0039994, totNum = 157
ROUND = 1715, SUM = 10169783.9999999, bChange = 0.00399941, totNum = 156
ROUND = 1716, SUM = 10169783.9999999, bChange = 0.00399943, totNum = 156
ROUND = 1717, SUM = 10169783.9999999, bChange = 0.00399944, totNum = 155
ROUND = 1718, SUM = 10169783.9999999, bChange = 0.00399946, totNum = 154
ROUND = 1719, SUM = 10169783.9999999, bChange = 0.00399947, totNum = 153
ROUND = 1720, SUM = 10169784, bChange = 0.00399948, totNum = 153
ROUND = 1721, SUM = 10169783.9999999, bChange = 0.0039995, totNum = 152
ROUND = 1722, SUM = 10169784, bChange = 0.00399951, totNum = 152
ROUND = 1723, SUM = 10169783.9999999, bChange = 0.00399952, totNum = 150
ROUND = 1724, SUM = 10169783.9999999, bChange = 0.00399954, totNum = 150
ROUND = 1725, SUM = 10169783.9999999, bChange = 0.00399955, totNum = 150
ROUND = 1726, SUM = 10169784, bChange = 0.00399957, totNum = 150
ROUND = 1727, SUM = 10169784, bChange = 0.00399958, totNum = 149
ROUND = 1728, SUM = 10169784, bChange = 0.00399959, totNum = 149
ROUND = 1729, SUM = 10169783.9999999, bChange = 0.00399961, totNum = 149
ROUND = 1730, SUM = 10169784, bChange = 0.00399962, totNum = 149
ROUND = 1731, SUM = 10169783.9999999, bChange = 0.00399963, totNum = 149
ROUND = 1732, SUM = 10169783.9999999, bChange = 0.00399965, totNum = 149
ROUND = 1733, SUM = 10169783.9999999, bChange = 0.00399966, totNum = 149
ROUND = 1734, SUM = 10169783.9999999, bChange = 0.00399967, totNum = 149
ROUND = 1735, SUM = 10169784, bChange = 0.00399969, totNum = 149
ROUND = 1736, SUM = 10169783.9999999, bChange = 0.0039997, totNum = 149
ROUND = 1737, SUM = 10169783.9999999, bChange = 0.00399971, totNum = 149
ROUND = 1738, SUM = 10169783.9999999, bChange = 0.00399972, totNum = 149
ROUND = 1739, SUM = 10169783.9999999, bChange = 0.00399974, totNum = 149
ROUND = 1740, SUM = 10169783.9999999, bChange = 0.00399975, totNum = 149
ROUND = 1741, SUM = 10169784, bChange = 0.00399976, totNum = 149
ROUND = 1742, SUM = 10169783.9999999, bChange = 0.00399978, totNum = 147
ROUND = 1743, SUM = 10169783.9999999, bChange = 0.00399979, totNum = 147
ROUND = 1744, SUM = 10169784, bChange = 0.0039998, totNum = 147
ROUND = 1745, SUM = 10169783.9999999, bChange = 0.00399981, totNum = 147
ROUND = 1746, SUM = 10169784, bChange = 0.00399983, totNum = 146
ROUND = 1747, SUM = 10169783.9999999, bChange = 0.00399984, totNum = 146
ROUND = 1748, SUM = 10169783.9999999, bChange = 0.00399985, totNum = 146
ROUND = 1749, SUM = 10169784, bChange = 0.00399986, totNum = 146
ROUND = 1750, SUM = 10169783.9999999, bChange = 0.00399988, totNum = 144
ROUND = 1751, SUM = 10169783.9999999, bChange = 0.00399989, totNum = 144
ROUND = 1752, SUM = 10169784, bChange = 0.0039999, totNum = 144
ROUND = 1753, SUM = 10169784, bChange = 0.00399991, totNum = 144
ROUND = 1754, SUM = 10169783.9999999, bChange = 0.00399992, totNum = 143
ROUND = 1755, SUM = 10169784, bChange = 0.00399994, totNum = 143
ROUND = 1756, SUM = 10169783.9999999, bChange = 0.00399995, totNum = 141
ROUND = 1757, SUM = 10169783.9999999, bChange = 0.00399996, totNum = 140
ROUND = 1758, SUM = 10169784, bChange = 0.00399997, totNum = 139
ROUND = 1759, SUM = 10169784, bChange = 0.00399998, totNum = 139
ROUND = 1760, SUM = 10169783.9999999, bChange = 0.004, totNum = 139
ROUND = 1761, SUM = 10169784, bChange = 0.00400001, totNum = 139
ROUND = 1762, SUM = 10169783.9999999, bChange = 0.00400002, totNum = 139
ROUND = 1763, SUM = 10169783.9999999, bChange = 0.00400003, totNum = 139
ROUND = 1764, SUM = 10169783.9999999, bChange = 0.00400004, totNum = 139
ROUND = 1765, SUM = 10169783.9999999, bChange = 0.00400005, totNum = 138
ROUND = 1766, SUM = 10169784, bChange = 0.00400007, totNum = 137
ROUND = 1767, SUM = 10169783.9999999, bChange = 0.00400008, totNum = 137
ROUND = 1768, SUM = 10169783.9999999, bChange = 0.00400009, totNum = 137
ROUND = 1769, SUM = 10169783.9999999, bChange = 0.0040001, totNum = 137
ROUND = 1770, SUM = 10169783.9999999, bChange = 0.00400011, totNum = 136
ROUND = 1771, SUM = 10169783.9999999, bChange = 0.00400012, totNum = 135
ROUND = 1772, SUM = 10169784, bChange = 0.00400013, totNum = 135
ROUND = 1773, SUM = 10169783.9999999, bChange = 0.00400015, totNum = 135
ROUND = 1774, SUM = 10169783.9999999, bChange = 0.00400016, totNum = 135
ROUND = 1775, SUM = 10169783.9999999, bChange = 0.00400017, totNum = 135
ROUND = 1776, SUM = 10169784, bChange = 0.00400018, totNum = 134
ROUND = 1777, SUM = 10169784, bChange = 0.00400019, totNum = 134
ROUND = 1778, SUM = 10169784, bChange = 0.0040002, totNum = 134
ROUND = 1779, SUM = 10169783.9999999, bChange = 0.00400021, totNum = 134
ROUND = 1780, SUM = 10169784, bChange = 0.00400022, totNum = 134
ROUND = 1781, SUM = 10169783.9999999, bChange = 0.00400023, totNum = 132
ROUND = 1782, SUM = 10169783.9999999, bChange = 0.00400024, totNum = 132
ROUND = 1783, SUM = 10169784, bChange = 0.00400026, totNum = 132
ROUND = 1784, SUM = 10169783.9999999, bChange = 0.00400027, totNum = 132
ROUND = 1785, SUM = 10169784, bChange = 0.00400028, totNum = 132
ROUND = 1786, SUM = 10169783.9999999, bChange = 0.00400029, totNum = 131
ROUND = 1787, SUM = 10169783.9999999, bChange = 0.0040003, totNum = 131
ROUND = 1788, SUM = 10169784, bChange = 0.00400031, totNum = 131
ROUND = 1789, SUM = 10169784, bChange = 0.00400032, totNum = 131
ROUND = 1790, SUM = 10169783.9999999, bChange = 0.00400033, totNum = 131
ROUND = 1791, SUM = 10169783.9999999, bChange = 0.00400034, totNum = 131
ROUND = 1792, SUM = 10169784, bChange = 0.00400035, totNum = 131
ROUND = 1793, SUM = 10169784, bChange = 0.00400036, totNum = 132
ROUND = 1794, SUM = 10169784, bChange = 0.00400037, totNum = 132
ROUND = 1795, SUM = 10169784, bChange = 0.00400038, totNum = 132
ROUND = 1796, SUM = 10169783.9999999, bChange = 0.00400039, totNum = 132
ROUND = 1797, SUM = 10169783.9999999, bChange = 0.0040004, totNum = 131
ROUND = 1798, SUM = 10169783.9999999, bChange = 0.00400041, totNum = 131
ROUND = 1799, SUM = 10169783.9999999, bChange = 0.00400042, totNum = 131
ROUND = 1800, SUM = 10169783.9999999, bChange = 0.00400043, totNum = 131
ROUND = 1801, SUM = 10169783.9999999, bChange = 0.00400044, totNum = 131
ROUND = 1802, SUM = 10169783.9999999, bChange = 0.00400045, totNum = 131
ROUND = 1803, SUM = 10169784, bChange = 0.00400046, totNum = 131
ROUND = 1804, SUM = 10169783.9999999, bChange = 0.00400047, totNum = 131
ROUND = 1805, SUM = 10169784, bChange = 0.00400048, totNum = 131
ROUND = 1806, SUM = 10169784, bChange = 0.00400049, totNum = 130
ROUND = 1807, SUM = 10169783.9999999, bChange = 0.0040005, totNum = 130
ROUND = 1808, SUM = 10169784, bChange = 0.00400051, totNum = 130
ROUND = 1809, SUM = 10169784, bChange = 0.00400052, totNum = 130
ROUND = 1810, SUM = 10169784, bChange = 0.00400053, totNum = 130
ROUND = 1811, SUM = 10169783.9999999, bChange = 0.00400054, totNum = 130
ROUND = 1812, SUM = 10169784, bChange = 0.00400055, totNum = 130
ROUND = 1813, SUM = 10169783.9999999, bChange = 0.00400056, totNum = 129
ROUND = 1814, SUM = 10169784, bChange = 0.00400057, totNum = 129
ROUND = 1815, SUM = 10169783.9999999, bChange = 0.00400058, totNum = 129
ROUND = 1816, SUM = 10169784, bChange = 0.00400059, totNum = 129
ROUND = 1817, SUM = 10169783.9999999, bChange = 0.0040006, totNum = 129
ROUND = 1818, SUM = 10169783.9999999, bChange = 0.00400061, totNum = 129
ROUND = 1819, SUM = 10169783.9999999, bChange = 0.00400062, totNum = 129
ROUND = 1820, SUM = 10169783.9999999, bChange = 0.00400063, totNum = 129
ROUND = 1821, SUM = 10169784, bChange = 0.00400064, totNum = 129
ROUND = 1822, SUM = 10169784, bChange = 0.00400064, totNum = 129
ROUND = 1823, SUM = 10169783.9999999, bChange = 0.00400065, totNum = 129
ROUND = 1824, SUM = 10169784, bChange = 0.00400066, totNum = 129
ROUND = 1825, SUM = 10169784, bChange = 0.00400067, totNum = 129
ROUND = 1826, SUM = 10169784, bChange = 0.00400068, totNum = 129
ROUND = 1827, SUM = 10169783.9999999, bChange = 0.00400069, totNum = 129
ROUND = 1828, SUM = 10169783.9999999, bChange = 0.0040007, totNum = 129
ROUND = 1829, SUM = 10169783.9999999, bChange = 0.00400071, totNum = 129
ROUND = 1830, SUM = 10169783.9999999, bChange = 0.00400072, totNum = 129
ROUND = 1831, SUM = 10169783.9999999, bChange = 0.00400073, totNum = 128
ROUND = 1832, SUM = 10169784, bChange = 0.00400073, totNum = 128
ROUND = 1833, SUM = 10169783.9999999, bChange = 0.00400074, totNum = 128
ROUND = 1834, SUM = 10169783.9999999, bChange = 0.00400075, totNum = 128
ROUND = 1835, SUM = 10169784, bChange = 0.00400076, totNum = 128
ROUND = 1836, SUM = 10169784, bChange = 0.00400077, totNum = 128
ROUND = 1837, SUM = 10169783.9999999, bChange = 0.00400078, totNum = 128
ROUND = 1838, SUM = 10169784, bChange = 0.00400079, totNum = 128
ROUND = 1839, SUM = 10169784, bChange = 0.0040008, totNum = 127
ROUND = 1840, SUM = 10169784, bChange = 0.0040008, totNum = 125
ROUND = 1841, SUM = 10169784, bChange = 0.00400081, totNum = 123
ROUND = 1842, SUM = 10169784, bChange = 0.00400082, totNum = 123
ROUND = 1843, SUM = 10169784, bChange = 0.00400083, totNum = 123
ROUND = 1844, SUM = 10169784, bChange = 0.00400084, totNum = 123
ROUND = 1845, SUM = 10169783.9999999, bChange = 0.00400085, totNum = 123
ROUND = 1846, SUM = 10169784, bChange = 0.00400085, totNum = 123
ROUND = 1847, SUM = 10169784, bChange = 0.00400086, totNum = 123
ROUND = 1848, SUM = 10169783.9999999, bChange = 0.00400087, totNum = 123
ROUND = 1849, SUM = 10169783.9999999, bChange = 0.00400088, totNum = 123
ROUND = 1850, SUM = 10169783.9999999, bChange = 0.00400089, totNum = 123
ROUND = 1851, SUM = 10169783.9999999, bChange = 0.0040009, totNum = 123
ROUND = 1852, SUM = 10169783.9999999, bChange = 0.0040009, totNum = 122
ROUND = 1853, SUM = 10169783.9999999, bChange = 0.00400091, totNum = 122
ROUND = 1854, SUM = 10169783.9999999, bChange = 0.00400092, totNum = 122
ROUND = 1855, SUM = 10169783.9999999, bChange = 0.00400093, totNum = 122
ROUND = 1856, SUM = 10169783.9999999, bChange = 0.00400094, totNum = 122
ROUND = 1857, SUM = 10169783.9999999, bChange = 0.00400094, totNum = 122
ROUND = 1858, SUM = 10169783.9999999, bChange = 0.00400095, totNum = 121
ROUND = 1859, SUM = 10169784, bChange = 0.00400096, totNum = 121
ROUND = 1860, SUM = 10169783.9999999, bChange = 0.00400097, totNum = 119
ROUND = 1861, SUM = 10169783.9999999, bChange = 0.00400098, totNum = 119
ROUND = 1862, SUM = 10169784, bChange = 0.00400098, totNum = 119
ROUND = 1863, SUM = 10169784, bChange = 0.00400099, totNum = 119
ROUND = 1864, SUM = 10169784, bChange = 0.004001, totNum = 119
ROUND = 1865, SUM = 10169783.9999999, bChange = 0.00400101, totNum = 119
ROUND = 1866, SUM = 10169783.9999999, bChange = 0.00400102, totNum = 119
ROUND = 1867, SUM = 10169783.9999999, bChange = 0.00400102, totNum = 118
ROUND = 1868, SUM = 10169784, bChange = 0.00400103, totNum = 118
ROUND = 1869, SUM = 10169783.9999999, bChange = 0.00400104, totNum = 118
ROUND = 1870, SUM = 10169784, bChange = 0.00400105, totNum = 118
ROUND = 1871, SUM = 10169784, bChange = 0.00400105, totNum = 118
ROUND = 1872, SUM = 10169784, bChange = 0.00400106, totNum = 118
ROUND = 1873, SUM = 10169783.9999999, bChange = 0.00400107, totNum = 117
ROUND = 1874, SUM = 10169784, bChange = 0.00400108, totNum = 117
ROUND = 1875, SUM = 10169783.9999999, bChange = 0.00400108, totNum = 117
ROUND = 1876, SUM = 10169783.9999999, bChange = 0.00400109, totNum = 115
ROUND = 1877, SUM = 10169783.9999999, bChange = 0.0040011, totNum = 115
ROUND = 1878, SUM = 10169783.9999999, bChange = 0.00400111, totNum = 115
ROUND = 1879, SUM = 10169784, bChange = 0.00400111, totNum = 115
ROUND = 1880, SUM = 10169784, bChange = 0.00400112, totNum = 115
ROUND = 1881, SUM = 10169783.9999999, bChange = 0.00400113, totNum = 115
ROUND = 1882, SUM = 10169783.9999999, bChange = 0.00400113, totNum = 115
ROUND = 1883, SUM = 10169784, bChange = 0.00400114, totNum = 115
ROUND = 1884, SUM = 10169784, bChange = 0.00400115, totNum = 115
ROUND = 1885, SUM = 10169784, bChange = 0.00400116, totNum = 115
ROUND = 1886, SUM = 10169784, bChange = 0.00400116, totNum = 115
ROUND = 1887, SUM = 10169784, bChange = 0.00400117, totNum = 115
ROUND = 1888, SUM = 10169784, bChange = 0.00400118, totNum = 115
ROUND = 1889, SUM = 10169784, bChange = 0.00400118, totNum = 116
ROUND = 1890, SUM = 10169783.9999999, bChange = 0.00400119, totNum = 116
ROUND = 1891, SUM = 10169784, bChange = 0.0040012, totNum = 116
ROUND = 1892, SUM = 10169784, bChange = 0.00400121, totNum = 116
ROUND = 1893, SUM = 10169784, bChange = 0.00400121, totNum = 116
ROUND = 1894, SUM = 10169784, bChange = 0.00400122, totNum = 115
ROUND = 1895, SUM = 10169784, bChange = 0.00400123, totNum = 115
ROUND = 1896, SUM = 10169784, bChange = 0.00400123, totNum = 115
ROUND = 1897, SUM = 10169784, bChange = 0.00400124, totNum = 115
ROUND = 1898, SUM = 10169783.9999999, bChange = 0.00400125, totNum = 114
ROUND = 1899, SUM = 10169784, bChange = 0.00400125, totNum = 114
ROUND = 1900, SUM = 10169784, bChange = 0.00400126, totNum = 113
ROUND = 1901, SUM = 10169784, bChange = 0.00400127, totNum = 113
ROUND = 1902, SUM = 10169783.9999999, bChange = 0.00400127, totNum = 113
ROUND = 1903, SUM = 10169783.9999999, bChange = 0.00400128, totNum = 113
ROUND = 1904, SUM = 10169783.9999999, bChange = 0.00400129, totNum = 112
ROUND = 1905, SUM = 10169783.9999999, bChange = 0.00400129, totNum = 112
ROUND = 1906, SUM = 10169784, bChange = 0.0040013, totNum = 112
ROUND = 1907, SUM = 10169784, bChange = 0.00400131, totNum = 112
ROUND = 1908, SUM = 10169784, bChange = 0.00400131, totNum = 111
ROUND = 1909, SUM = 10169784, bChange = 0.00400132, totNum = 111
ROUND = 1910, SUM = 10169783.9999999, bChange = 0.00400133, totNum = 111
ROUND = 1911, SUM = 10169783.9999999, bChange = 0.00400133, totNum = 111
ROUND = 1912, SUM = 10169783.9999999, bChange = 0.00400134, totNum = 111
ROUND = 1913, SUM = 10169783.9999999, bChange = 0.00400135, totNum = 111
ROUND = 1914, SUM = 10169784, bChange = 0.00400135, totNum = 110
ROUND = 1915, SUM = 10169783.9999999, bChange = 0.00400136, totNum = 110
ROUND = 1916, SUM = 10169784, bChange = 0.00400136, totNum = 110
ROUND = 1917, SUM = 10169783.9999999, bChange = 0.00400137, totNum = 110
ROUND = 1918, SUM = 10169783.9999999, bChange = 0.00400138, totNum = 109
ROUND = 1919, SUM = 10169784, bChange = 0.00400138, totNum = 109
ROUND = 1920, SUM = 10169783.9999999, bChange = 0.00400139, totNum = 109
ROUND = 1921, SUM = 10169783.9999999, bChange = 0.0040014, totNum = 109
ROUND = 1922, SUM = 10169784, bChange = 0.0040014, totNum = 109
ROUND = 1923, SUM = 10169784, bChange = 0.00400141, totNum = 109
ROUND = 1924, SUM = 10169784, bChange = 0.00400141, totNum = 109
ROUND = 1925, SUM = 10169783.9999999, bChange = 0.00400142, totNum = 109
ROUND = 1926, SUM = 10169783.9999999, bChange = 0.00400143, totNum = 109
ROUND = 1927, SUM = 10169784, bChange = 0.00400143, totNum = 109
ROUND = 1928, SUM = 10169784, bChange = 0.00400144, totNum = 109
ROUND = 1929, SUM = 10169783.9999999, bChange = 0.00400144, totNum = 109
ROUND = 1930, SUM = 10169784, bChange = 0.00400145, totNum = 109
ROUND = 1931, SUM = 10169783.9999999, bChange = 0.00400146, totNum = 109
ROUND = 1932, SUM = 10169783.9999999, bChange = 0.00311764, totNum = 107
ROUND = 1933, SUM = 10169783.9999999, bChange = 0.00311766, totNum = 107
ROUND = 1934, SUM = 10169784, bChange = 0.00311768, totNum = 107
ROUND = 1935, SUM = 10169784, bChange = 0.0031177, totNum = 106
ROUND = 1936, SUM = 10169783.9999999, bChange = 0.00311772, totNum = 106
ROUND = 1937, SUM = 10169783.9999999, bChange = 0.00311773, totNum = 106
ROUND = 1938, SUM = 10169783.9999999, bChange = 0.00311775, totNum = 106
ROUND = 1939, SUM = 10169783.9999999, bChange = 0.00311777, totNum = 106
ROUND = 1940, SUM = 10169784, bChange = 0.00311779, totNum = 106
ROUND = 1941, SUM = 10169783.9999999, bChange = 0.00311781, totNum = 106
ROUND = 1942, SUM = 10169783.9999999, bChange = 0.00311783, totNum = 106
ROUND = 1943, SUM = 10169784, bChange = 0.00311784, totNum = 106
ROUND = 1944, SUM = 10169784, bChange = 0.00311786, totNum = 106
ROUND = 1945, SUM = 10169783.9999999, bChange = 0.00311788, totNum = 106
ROUND = 1946, SUM = 10169783.9999999, bChange = 0.0031179, totNum = 106
ROUND = 1947, SUM = 10169783.9999999, bChange = 0.00311792, totNum = 105
ROUND = 1948, SUM = 10169783.9999999, bChange = 0.00311793, totNum = 105
ROUND = 1949, SUM = 10169783.9999999, bChange = 0.00311795, totNum = 105
ROUND = 1950, SUM = 10169783.9999999, bChange = 0.00311797, totNum = 105
ROUND = 1951, SUM = 10169783.9999999, bChange = 0.00311799, totNum = 104
ROUND = 1952, SUM = 10169783.9999999, bChange = 0.00311801, totNum = 104
ROUND = 1953, SUM = 10169783.9999999, bChange = 0.00311802, totNum = 104
ROUND = 1954, SUM = 10169783.9999999, bChange = 0.00311804, totNum = 104
ROUND = 1955, SUM = 10169784, bChange = 0.00311806, totNum = 104
ROUND = 1956, SUM = 10169783.9999999, bChange = 0.00311808, totNum = 103
ROUND = 1957, SUM = 10169784, bChange = 0.00311809, totNum = 103
ROUND = 1958, SUM = 10169783.9999999, bChange = 0.00311811, totNum = 103
ROUND = 1959, SUM = 10169783.9999999, bChange = 0.00311813, totNum = 103
ROUND = 1960, SUM = 10169784, bChange = 0.00311815, totNum = 103
ROUND = 1961, SUM = 10169784, bChange = 0.00311816, totNum = 102
ROUND = 1962, SUM = 10169783.9999999, bChange = 0.00311818, totNum = 102
ROUND = 1963, SUM = 10169783.9999999, bChange = 0.0031182, totNum = 102
ROUND = 1964, SUM = 10169784, bChange = 0.00311821, totNum = 102
ROUND = 1965, SUM = 10169783.9999999, bChange = 0.00311823, totNum = 101
ROUND = 1966, SUM = 10169784, bChange = 0.00311825, totNum = 101
ROUND = 1967, SUM = 10169783.9999999, bChange = 0.00311826, totNum = 101
ROUND = 1968, SUM = 10169783.9999999, bChange = 0.00311828, totNum = 101
ROUND = 1969, SUM = 10169783.9999999, bChange = 0.0031183, totNum = 101
ROUND = 1970, SUM = 10169783.9999999, bChange = 0.00311831, totNum = 101
ROUND = 1971, SUM = 10169783.9999999, bChange = 0.00311833, totNum = 101
ROUND = 1972, SUM = 10169783.9999999, bChange = 0.00311835, totNum = 101
ROUND = 1973, SUM = 10169784, bChange = 0.00311836, totNum = 101
ROUND = 1974, SUM = 10169784, bChange = 0.00311838, totNum = 101
ROUND = 1975, SUM = 10169784, bChange = 0.0031184, totNum = 101
ROUND = 1976, SUM = 10169783.9999999, bChange = 0.00311841, totNum = 101
ROUND = 1977, SUM = 10169783.9999999, bChange = 0.00311843, totNum = 101
ROUND = 1978, SUM = 10169783.9999999, bChange = 0.00311845, totNum = 101
ROUND = 1979, SUM = 10169784, bChange = 0.00311846, totNum = 101
ROUND = 1980, SUM = 10169784, bChange = 0.00311848, totNum = 101
ROUND = 1981, SUM = 10169783.9999999, bChange = 0.00311849, totNum = 100
ROUND = 1982, SUM = 10169784, bChange = 0.00311851, totNum = 100
ROUND = 1983, SUM = 10169783.9999999, bChange = 0.00311853, totNum = 100
ROUND = 1984, SUM = 10169783.9999999, bChange = 0.00311854, totNum = 100
ROUND = 1985, SUM = 10169784, bChange = 0.00311856, totNum = 100
ROUND = 1986, SUM = 10169784, bChange = 0.00311857, totNum = 100
ROUND = 1987, SUM = 10169784, bChange = 0.00311859, totNum = 100
ROUND = 1988, SUM = 10169783.9999999, bChange = 0.00311861, totNum = 100
ROUND = 1989, SUM = 10169783.9999999, bChange = 0.00311862, totNum = 100
ROUND = 1990, SUM = 10169783.9999999, bChange = 0.00311864, totNum = 100
ROUND = 1991, SUM = 10169783.9999999, bChange = 0.00311865, totNum = 100
ROUND = 1992, SUM = 10169783.9999999, bChange = 0.00311867, totNum = 100
ROUND = 1993, SUM = 10169783.9999999, bChange = 0.00311868, totNum = 100
ROUND = 1994, SUM = 10169784, bChange = 0.0031187, totNum = 100
ROUND = 1995, SUM = 10169783.9999999, bChange = 0.00311872, totNum = 100
ROUND = 1996, SUM = 10169784, bChange = 0.00311873, totNum = 99
ROUND = 1997, SUM = 10169783.9999999, bChange = 0.00311875, totNum = 99
ROUND = 1998, SUM = 10169784, bChange = 0.00311876, totNum = 99
ROUND = 1999, SUM = 10169783.9999999, bChange = 0.00311878, totNum = 99
ROUND = 2000, SUM = 10169783.9999999, bChange = 0.00311879, totNum = 98
ROUND = 2001, SUM = 10169783.9999999, bChange = 0.00311881, totNum = 98
ROUND = 2002, SUM = 10169783.9999999, bChange = 0.00311882, totNum = 98
ROUND = 2003, SUM = 10169784, bChange = 0.00311884, totNum = 98
ROUND = 2004, SUM = 10169783.9999999, bChange = 0.00311885, totNum = 98
ROUND = 2005, SUM = 10169783.9999999, bChange = 0.00311887, totNum = 98
ROUND = 2006, SUM = 10169784, bChange = 0.00311888, totNum = 96
ROUND = 2007, SUM = 10169783.9999999, bChange = 0.0031189, totNum = 96
ROUND = 2008, SUM = 10169784, bChange = 0.00311891, totNum = 96
ROUND = 2009, SUM = 10169783.9999999, bChange = 0.00311893, totNum = 96
ROUND = 2010, SUM = 10169784, bChange = 0.00311894, totNum = 95
ROUND = 2011, SUM = 10169784, bChange = 0.00311896, totNum = 95
ROUND = 2012, SUM = 10169784, bChange = 0.00311897, totNum = 95
ROUND = 2013, SUM = 10169784, bChange = 0.00311899, totNum = 94
ROUND = 2014, SUM = 10169784, bChange = 0.003119, totNum = 94
ROUND = 2015, SUM = 10169784, bChange = 0.00311901, totNum = 94
ROUND = 2016, SUM = 10169783.9999999, bChange = 0.00311903, totNum = 94
ROUND = 2017, SUM = 10169784, bChange = 0.00311904, totNum = 94
ROUND = 2018, SUM = 10169784, bChange = 0.00311906, totNum = 94
ROUND = 2019, SUM = 10169784, bChange = 0.00311907, totNum = 94
ROUND = 2020, SUM = 10169783.9999999, bChange = 0.00311909, totNum = 94
ROUND = 2021, SUM = 10169784, bChange = 0.0031191, totNum = 94
ROUND = 2022, SUM = 10169783.9999999, bChange = 0.00311912, totNum = 94
ROUND = 2023, SUM = 10169783.9999999, bChange = 0.00311913, totNum = 94
ROUND = 2024, SUM = 10169783.9999999, bChange = 0.00311914, totNum = 93
ROUND = 2025, SUM = 10169784, bChange = 0.00311916, totNum = 93
ROUND = 2026, SUM = 10169784, bChange = 0.00311917, totNum = 93
ROUND = 2027, SUM = 10169784, bChange = 0.00311919, totNum = 93
ROUND = 2028, SUM = 10169784, bChange = 0.0031192, totNum = 93
ROUND = 2029, SUM = 10169784, bChange = 0.00311921, totNum = 93
ROUND = 2030, SUM = 10169783.9999999, bChange = 0.00311923, totNum = 93
ROUND = 2031, SUM = 10169783.9999999, bChange = 0.00311924, totNum = 93
ROUND = 2032, SUM = 10169784, bChange = 0.00311925, totNum = 93
ROUND = 2033, SUM = 10169784, bChange = 0.00311927, totNum = 93
ROUND = 2034, SUM = 10169784, bChange = 0.00311928, totNum = 92
ROUND = 2035, SUM = 10169784, bChange = 0.0031193, totNum = 92
ROUND = 2036, SUM = 10169784, bChange = 0.00311931, totNum = 92
ROUND = 2037, SUM = 10169783.9999999, bChange = 0.00311932, totNum = 92
ROUND = 2038, SUM = 10169784, bChange = 0.00311934, totNum = 92
ROUND = 2039, SUM = 10169784, bChange = 0.00311935, totNum = 92
ROUND = 2040, SUM = 10169784, bChange = 0.00311936, totNum = 92
ROUND = 2041, SUM = 10169784, bChange = 0.00311938, totNum = 92
ROUND = 2042, SUM = 10169784, bChange = 0.00311939, totNum = 92
ROUND = 2043, SUM = 10169784, bChange = 0.0031194, totNum = 92
ROUND = 2044, SUM = 10169783.9999999, bChange = 0.00311942, totNum = 92
ROUND = 2045, SUM = 10169784, bChange = 0.00311943, totNum = 92
ROUND = 2046, SUM = 10169783.9999999, bChange = 0.00311944, totNum = 91
ROUND = 2047, SUM = 10169784, bChange = 0.00311946, totNum = 91
ROUND = 2048, SUM = 10169783.9999999, bChange = 0.00311947, totNum = 91
ROUND = 2049, SUM = 10169784, bChange = 0.00311948, totNum = 91
ROUND = 2050, SUM = 10169784, bChange = 0.0031195, totNum = 91
ROUND = 2051, SUM = 10169784, bChange = 0.00311951, totNum = 91
ROUND = 2052, SUM = 10169784, bChange = 0.00311952, totNum = 90
ROUND = 2053, SUM = 10169783.9999999, bChange = 0.00281122, totNum = 89
ROUND = 2054, SUM = 10169784, bChange = 0.00281124, totNum = 89
ROUND = 2055, SUM = 10169783.9999999, bChange = 0.00281127, totNum = 89
ROUND = 2056, SUM = 10169783.9999999, bChange = 0.00281129, totNum = 89
ROUND = 2057, SUM = 10169783.9999999, bChange = 0.00281131, totNum = 89
ROUND = 2058, SUM = 10169784, bChange = 0.00281133, totNum = 89
ROUND = 2059, SUM = 10169783.9999999, bChange = 0.00281136, totNum = 89
ROUND = 2060, SUM = 10169784, bChange = 0.00281138, totNum = 89
ROUND = 2061, SUM = 10169784, bChange = 0.0028114, totNum = 89
ROUND = 2062, SUM = 10169783.9999999, bChange = 0.00281142, totNum = 89
ROUND = 2063, SUM = 10169783.9999999, bChange = 0.00281144, totNum = 89
ROUND = 2064, SUM = 10169784, bChange = 0.00281147, totNum = 89
ROUND = 2065, SUM = 10169784, bChange = 0.00281149, totNum = 89
ROUND = 2066, SUM = 10169784, bChange = 0.00281151, totNum = 89
ROUND = 2067, SUM = 10169784, bChange = 0.00281153, totNum = 89
ROUND = 2068, SUM = 10169783.9999999, bChange = 0.00281155, totNum = 88
ROUND = 2069, SUM = 10169783.9999999, bChange = 0.00281157, totNum = 88
ROUND = 2070, SUM = 10169784, bChange = 0.00281159, totNum = 88
ROUND = 2071, SUM = 10169784, bChange = 0.00281162, totNum = 88
ROUND = 2072, SUM = 10169783.9999999, bChange = 0.00281164, totNum = 87
ROUND = 2073, SUM = 10169783.9999999, bChange = 0.00281166, totNum = 87
ROUND = 2074, SUM = 10169784, bChange = 0.00281168, totNum = 87
ROUND = 2075, SUM = 10169783.9999999, bChange = 0.0028117, totNum = 87
ROUND = 2076, SUM = 10169783.9999999, bChange = 0.00281172, totNum = 86
ROUND = 2077, SUM = 10169783.9999999, bChange = 0.00281174, totNum = 86
ROUND = 2078, SUM = 10169784, bChange = 0.00281176, totNum = 86
ROUND = 2079, SUM = 10169784, bChange = 0.00281179, totNum = 86
ROUND = 2080, SUM = 10169784, bChange = 0.00281181, totNum = 85
ROUND = 2081, SUM = 10169784, bChange = 0.00281183, totNum = 84
ROUND = 2082, SUM = 10169783.9999999, bChange = 0.00281185, totNum = 84
ROUND = 2083, SUM = 10169783.9999999, bChange = 0.00281187, totNum = 83
ROUND = 2084, SUM = 10169783.9999999, bChange = 0.00281189, totNum = 83
ROUND = 2085, SUM = 10169784, bChange = 0.00281191, totNum = 83
ROUND = 2086, SUM = 10169784, bChange = 0.00281193, totNum = 82
ROUND = 2087, SUM = 10169783.9999999, bChange = 0.00281195, totNum = 82
ROUND = 2088, SUM = 10169784, bChange = 0.00281197, totNum = 82
ROUND = 2089, SUM = 10169784, bChange = 0.00281199, totNum = 82
ROUND = 2090, SUM = 10169784, bChange = 0.00281201, totNum = 82
ROUND = 2091, SUM = 10169784, bChange = 0.00281203, totNum = 82
ROUND = 2092, SUM = 10169783.9999999, bChange = 0.00281205, totNum = 82
ROUND = 2093, SUM = 10169783.9999999, bChange = 0.00281207, totNum = 82
ROUND = 2094, SUM = 10169784, bChange = 0.00281209, totNum = 82
ROUND = 2095, SUM = 10169783.9999999, bChange = 0.00281211, totNum = 82
ROUND = 2096, SUM = 10169784, bChange = 0.00281213, totNum = 82
ROUND = 2097, SUM = 10169783.9999999, bChange = 0.00281215, totNum = 82
ROUND = 2098, SUM = 10169783.9999999, bChange = 0.00281217, totNum = 82
ROUND = 2099, SUM = 10169783.9999999, bChange = 0.00281219, totNum = 82
ROUND = 2100, SUM = 10169784, bChange = 0.00281221, totNum = 82
ROUND = 2101, SUM = 10169783.9999999, bChange = 0.00281223, totNum = 82
ROUND = 2102, SUM = 10169784, bChange = 0.00281225, totNum = 81
ROUND = 2103, SUM = 10169783.9999999, bChange = 0.00281227, totNum = 81
ROUND = 2104, SUM = 10169784, bChange = 0.00281229, totNum = 81
ROUND = 2105, SUM = 10169784, bChange = 0.00281231, totNum = 81
ROUND = 2106, SUM = 10169784, bChange = 0.00281233, totNum = 81
ROUND = 2107, SUM = 10169784, bChange = 0.00281235, totNum = 81
ROUND = 2108, SUM = 10169784, bChange = 0.00281237, totNum = 80
ROUND = 2109, SUM = 10169783.9999999, bChange = 0.00281238, totNum = 80
ROUND = 2110, SUM = 10169784, bChange = 0.0028124, totNum = 80
ROUND = 2111, SUM = 10169784, bChange = 0.00281242, totNum = 80
ROUND = 2112, SUM = 10169784, bChange = 0.00281244, totNum = 80
ROUND = 2113, SUM = 10169783.9999999, bChange = 0.00281246, totNum = 80
ROUND = 2114, SUM = 10169783.9999999, bChange = 0.00281248, totNum = 80
ROUND = 2115, SUM = 10169783.9999999, bChange = 0.0028125, totNum = 79
ROUND = 2116, SUM = 10169783.9999999, bChange = 0.00281252, totNum = 79
ROUND = 2117, SUM = 10169784, bChange = 0.00281254, totNum = 79
ROUND = 2118, SUM = 10169783.9999999, bChange = 0.00281256, totNum = 79
ROUND = 2119, SUM = 10169784, bChange = 0.00281257, totNum = 77
ROUND = 2120, SUM = 10169783.9999999, bChange = 0.00281259, totNum = 76
ROUND = 2121, SUM = 10169783.9999999, bChange = 0.00281261, totNum = 76
ROUND = 2122, SUM = 10169783.9999999, bChange = 0.00281263, totNum = 76
ROUND = 2123, SUM = 10169783.9999999, bChange = 0.00281265, totNum = 76
ROUND = 2124, SUM = 10169783.9999999, bChange = 0.00281267, totNum = 76
ROUND = 2125, SUM = 10169784, bChange = 0.00281268, totNum = 76
ROUND = 2126, SUM = 10169784, bChange = 0.0028127, totNum = 76
ROUND = 2127, SUM = 10169783.9999999, bChange = 0.00281272, totNum = 76
ROUND = 2128, SUM = 10169783.9999999, bChange = 0.00281274, totNum = 76
ROUND = 2129, SUM = 10169783.9999999, bChange = 0.00281276, totNum = 76
ROUND = 2130, SUM = 10169784, bChange = 0.00281278, totNum = 76
ROUND = 2131, SUM = 10169783.9999999, bChange = 0.00281279, totNum = 76
ROUND = 2132, SUM = 10169784, bChange = 0.00281281, totNum = 76
ROUND = 2133, SUM = 10169783.9999999, bChange = 0.00281283, totNum = 74
ROUND = 2134, SUM = 10169783.9999999, bChange = 0.00281285, totNum = 73
ROUND = 2135, SUM = 10169783.9999999, bChange = 0.00281287, totNum = 72
ROUND = 2136, SUM = 10169783.9999999, bChange = 0.00281288, totNum = 72
ROUND = 2137, SUM = 10169783.9999999, bChange = 0.0028129, totNum = 72
ROUND = 2138, SUM = 10169784, bChange = 0.00281292, totNum = 72
ROUND = 2139, SUM = 10169783.9999999, bChange = 0.00281294, totNum = 72
ROUND = 2140, SUM = 10169783.9999999, bChange = 0.00281295, totNum = 72
ROUND = 2141, SUM = 10169783.9999999, bChange = 0.00281297, totNum = 72
ROUND = 2142, SUM = 10169783.9999999, bChange = 0.00281299, totNum = 72
ROUND = 2143, SUM = 10169783.9999999, bChange = 0.00281301, totNum = 72
ROUND = 2144, SUM = 10169783.9999999, bChange = 0.00281302, totNum = 72
ROUND = 2145, SUM = 10169783.9999999, bChange = 0.00281304, totNum = 72
ROUND = 2146, SUM = 10169783.9999999, bChange = 0.00281306, totNum = 72
ROUND = 2147, SUM = 10169783.9999999, bChange = 0.00281308, totNum = 71
ROUND = 2148, SUM = 10169784, bChange = 0.00281309, totNum = 71
ROUND = 2149, SUM = 10169784, bChange = 0.00281311, totNum = 71
ROUND = 2150, SUM = 10169783.9999999, bChange = 0.00281313, totNum = 71
ROUND = 2151, SUM = 10169784, bChange = 0.00281314, totNum = 71
ROUND = 2152, SUM = 10169784, bChange = 0.00281316, totNum = 71
ROUND = 2153, SUM = 10169784, bChange = 0.00281318, totNum = 71
ROUND = 2154, SUM = 10169783.9999999, bChange = 0.00281319, totNum = 71
ROUND = 2155, SUM = 10169783.9999999, bChange = 0.00281321, totNum = 71
ROUND = 2156, SUM = 10169783.9999999, bChange = 0.00281323, totNum = 71
ROUND = 2157, SUM = 10169784, bChange = 0.00281325, totNum = 71
ROUND = 2158, SUM = 10169783.9999999, bChange = 0.00281326, totNum = 71
ROUND = 2159, SUM = 10169784, bChange = 0.00281328, totNum = 71
ROUND = 2160, SUM = 10169783.9999999, bChange = 0.0028133, totNum = 71
ROUND = 2161, SUM = 10169783.9999999, bChange = 0.00281331, totNum = 71
ROUND = 2162, SUM = 10169783.9999999, bChange = 0.00281333, totNum = 71
ROUND = 2163, SUM = 10169783.9999999, bChange = 0.00281334, totNum = 71
ROUND = 2164, SUM = 10169783.9999999, bChange = 0.00281336, totNum = 71
ROUND = 2165, SUM = 10169783.9999999, bChange = 0.00281338, totNum = 71
ROUND = 2166, SUM = 10169783.9999999, bChange = 0.00281339, totNum = 71
ROUND = 2167, SUM = 10169783.9999999, bChange = 0.00281341, totNum = 70
ROUND = 2168, SUM = 10169784, bChange = 0.00281343, totNum = 70
ROUND = 2169, SUM = 10169783.9999999, bChange = 0.00281344, totNum = 70
ROUND = 2170, SUM = 10169783.9999999, bChange = 0.00281346, totNum = 70
ROUND = 2171, SUM = 10169784, bChange = 0.00281347, totNum = 70
ROUND = 2172, SUM = 10169783.9999999, bChange = 0.00281349, totNum = 70
ROUND = 2173, SUM = 10169783.9999999, bChange = 0.00281351, totNum = 70
ROUND = 2174, SUM = 10169784, bChange = 0.00281352, totNum = 70
ROUND = 2175, SUM = 10169783.9999999, bChange = 0.00281354, totNum = 70
ROUND = 2176, SUM = 10169783.9999999, bChange = 0.00281355, totNum = 70
ROUND = 2177, SUM = 10169783.9999999, bChange = 0.00281357, totNum = 70
ROUND = 2178, SUM = 10169783.9999999, bChange = 0.00281359, totNum = 70
ROUND = 2179, SUM = 10169783.9999999, bChange = 0.0028136, totNum = 70
ROUND = 2180, SUM = 10169784, bChange = 0.00281362, totNum = 69
ROUND = 2181, SUM = 10169783.9999999, bChange = 0.00281363, totNum = 69
ROUND = 2182, SUM = 10169784, bChange = 0.00281365, totNum = 69
ROUND = 2183, SUM = 10169783.9999999, bChange = 0.00281366, totNum = 69
ROUND = 2184, SUM = 10169783.9999999, bChange = 0.00281368, totNum = 69
ROUND = 2185, SUM = 10169784, bChange = 0.0028137, totNum = 69
ROUND = 2186, SUM = 10169783.9999999, bChange = 0.00281371, totNum = 69
ROUND = 2187, SUM = 10169783.9999999, bChange = 0.00281373, totNum = 69
ROUND = 2188, SUM = 10169783.9999999, bChange = 0.00281374, totNum = 69
ROUND = 2189, SUM = 10169784, bChange = 0.00281376, totNum = 69
ROUND = 2190, SUM = 10169783.9999999, bChange = 0.00281377, totNum = 69
ROUND = 2191, SUM = 10169783.9999999, bChange = 0.00281379, totNum = 69
ROUND = 2192, SUM = 10169784, bChange = 0.0028138, totNum = 69
ROUND = 2193, SUM = 10169783.9999999, bChange = 0.00281382, totNum = 69
ROUND = 2194, SUM = 10169783.9999999, bChange = 0.00281383, totNum = 69
ROUND = 2195, SUM = 10169783.9999999, bChange = 0.00281385, totNum = 69
ROUND = 2196, SUM = 10169783.9999999, bChange = 0.00281386, totNum = 69
ROUND = 2197, SUM = 10169783.9999999, bChange = 0.00281388, totNum = 69
ROUND = 2198, SUM = 10169783.9999999, bChange = 0.00281389, totNum = 69
ROUND = 2199, SUM = 10169783.9999999, bChange = 0.00281391, totNum = 69
ROUND = 2200, SUM = 10169784, bChange = 0.00281392, totNum = 69
ROUND = 2201, SUM = 10169783.9999999, bChange = 0.00281394, totNum = 69
ROUND = 2202, SUM = 10169783.9999999, bChange = 0.00281395, totNum = 69
ROUND = 2203, SUM = 10169783.9999999, bChange = 0.00281397, totNum = 69
ROUND = 2204, SUM = 10169783.9999999, bChange = 0.00281398, totNum = 68
ROUND = 2205, SUM = 10169784, bChange = 0.002814, totNum = 67
ROUND = 2206, SUM = 10169783.9999999, bChange = 0.00281401, totNum = 67
ROUND = 2207, SUM = 10169783.9999999, bChange = 0.00281403, totNum = 67
ROUND = 2208, SUM = 10169784, bChange = 0.00281404, totNum = 67
ROUND = 2209, SUM = 10169783.9999999, bChange = 0.00281405, totNum = 67
ROUND = 2210, SUM = 10169783.9999999, bChange = 0.00281407, totNum = 67
ROUND = 2211, SUM = 10169783.9999999, bChange = 0.00281408, totNum = 67
ROUND = 2212, SUM = 10169783.9999999, bChange = 0.0028141, totNum = 66
ROUND = 2213, SUM = 10169783.9999999, bChange = 0.00281411, totNum = 66
ROUND = 2214, SUM = 10169784, bChange = 0.00281413, totNum = 66
ROUND = 2215, SUM = 10169783.9999999, bChange = 0.00281414, totNum = 66
ROUND = 2216, SUM = 10169783.9999999, bChange = 0.00281415, totNum = 66
ROUND = 2217, SUM = 10169783.9999999, bChange = 0.00281417, totNum = 66
ROUND = 2218, SUM = 10169783.9999999, bChange = 0.00281418, totNum = 66
ROUND = 2219, SUM = 10169783.9999999, bChange = 0.0028142, totNum = 65
ROUND = 2220, SUM = 10169783.9999999, bChange = 0.00281421, totNum = 65
ROUND = 2221, SUM = 10169783.9999999, bChange = 0.00281422, totNum = 65
ROUND = 2222, SUM = 10169783.9999999, bChange = 0.00281424, totNum = 65
ROUND = 2223, SUM = 10169783.9999999, bChange = 0.00281425, totNum = 65
ROUND = 2224, SUM = 10169784, bChange = 0.00281427, totNum = 65
ROUND = 2225, SUM = 10169784, bChange = 0.00281428, totNum = 64
ROUND = 2226, SUM = 10169783.9999999, bChange = 0.00281429, totNum = 64
ROUND = 2227, SUM = 10169783.9999999, bChange = 0.00281431, totNum = 64
ROUND = 2228, SUM = 10169784, bChange = 0.00281432, totNum = 64
ROUND = 2229, SUM = 10169784, bChange = 0.00281433, totNum = 64
ROUND = 2230, SUM = 10169783.9999999, bChange = 0.00281435, totNum = 64
ROUND = 2231, SUM = 10169784, bChange = 0.00281436, totNum = 64
ROUND = 2232, SUM = 10169783.9999999, bChange = 0.00281438, totNum = 64
ROUND = 2233, SUM = 10169784, bChange = 0.00281439, totNum = 64
ROUND = 2234, SUM = 10169784, bChange = 0.0028144, totNum = 64
ROUND = 2235, SUM = 10169783.9999999, bChange = 0.00281442, totNum = 64
ROUND = 2236, SUM = 10169784, bChange = 0.00281443, totNum = 64
ROUND = 2237, SUM = 10169784, bChange = 0.00281444, totNum = 64
ROUND = 2238, SUM = 10169784, bChange = 0.00281446, totNum = 64
ROUND = 2239, SUM = 10169784, bChange = 0.00281447, totNum = 64
ROUND = 2240, SUM = 10169783.9999999, bChange = 0.00281448, totNum = 63
ROUND = 2241, SUM = 10169784, bChange = 0.0028145, totNum = 62
ROUND = 2242, SUM = 10169784, bChange = 0.00281451, totNum = 62
ROUND = 2243, SUM = 10169784, bChange = 0.00281452, totNum = 62
ROUND = 2244, SUM = 10169783.9999999, bChange = 0.00281454, totNum = 62
ROUND = 2245, SUM = 10169784, bChange = 0.00281455, totNum = 62
ROUND = 2246, SUM = 10169783.9999999, bChange = 0.00281456, totNum = 62
ROUND = 2247, SUM = 10169784, bChange = 0.00281457, totNum = 62
ROUND = 2248, SUM = 10169784, bChange = 0.00281459, totNum = 62
ROUND = 2249, SUM = 10169784, bChange = 0.0028146, totNum = 62
ROUND = 2250, SUM = 10169784, bChange = 0.00281461, totNum = 62
ROUND = 2251, SUM = 10169784, bChange = 0.00281463, totNum = 62
ROUND = 2252, SUM = 10169783.9999999, bChange = 0.00281464, totNum = 62
ROUND = 2253, SUM = 10169784, bChange = 0.00281465, totNum = 62
ROUND = 2254, SUM = 10169784, bChange = 0.00281466, totNum = 62
ROUND = 2255, SUM = 10169784, bChange = 0.00281468, totNum = 61
ROUND = 2256, SUM = 10169783.9999999, bChange = 0.00281469, totNum = 61
ROUND = 2257, SUM = 10169783.9999999, bChange = 0.0028147, totNum = 61
ROUND = 2258, SUM = 10169783.9999999, bChange = 0.00281472, totNum = 61
ROUND = 2259, SUM = 10169783.9999999, bChange = 0.00281473, totNum = 61
ROUND = 2260, SUM = 10169784, bChange = 0.00281474, totNum = 60
ROUND = 2261, SUM = 10169784, bChange = 0.00281475, totNum = 60
ROUND = 2262, SUM = 10169783.9999999, bChange = 0.00281477, totNum = 59
ROUND = 2263, SUM = 10169784, bChange = 0.00281478, totNum = 59
ROUND = 2264, SUM = 10169784, bChange = 0.00281479, totNum = 59
ROUND = 2265, SUM = 10169783.9999999, bChange = 0.0028148, totNum = 59
ROUND = 2266, SUM = 10169783.9999999, bChange = 0.00281481, totNum = 59
ROUND = 2267, SUM = 10169783.9999999, bChange = 0.00281483, totNum = 59
ROUND = 2268, SUM = 10169784, bChange = 0.00281484, totNum = 59
ROUND = 2269, SUM = 10169784, bChange = 0.00281485, totNum = 59
ROUND = 2270, SUM = 10169784, bChange = 0.00281486, totNum = 59
ROUND = 2271, SUM = 10169783.9999999, bChange = 0.00281488, totNum = 59
ROUND = 2272, SUM = 10169783.9999999, bChange = 0.00281489, totNum = 59
ROUND = 2273, SUM = 10169784, bChange = 0.0028149, totNum = 59
ROUND = 2274, SUM = 10169784, bChange = 0.00281491, totNum = 59
ROUND = 2275, SUM = 10169783.9999999, bChange = 0.00281492, totNum = 58
ROUND = 2276, SUM = 10169784, bChange = 0.00281494, totNum = 58
ROUND = 2277, SUM = 10169784, bChange = 0.00281495, totNum = 59
ROUND = 2278, SUM = 10169784, bChange = 0.00281496, totNum = 59
ROUND = 2279, SUM = 10169784, bChange = 0.00281497, totNum = 59
ROUND = 2280, SUM = 10169784, bChange = 0.00281498, totNum = 59
ROUND = 2281, SUM = 10169783.9999999, bChange = 0.002815, totNum = 59
ROUND = 2282, SUM = 10169784, bChange = 0.00281501, totNum = 59
ROUND = 2283, SUM = 10169784, bChange = 0.00281502, totNum = 59
ROUND = 2284, SUM = 10169783.9999999, bChange = 0.00281503, totNum = 59
ROUND = 2285, SUM = 10169784, bChange = 0.00281504, totNum = 59
ROUND = 2286, SUM = 10169783.9999999, bChange = 0.00281505, totNum = 59
ROUND = 2287, SUM = 10169783.9999999, bChange = 0.00281507, totNum = 59
ROUND = 2288, SUM = 10169783.9999999, bChange = 0.00281508, totNum = 59
ROUND = 2289, SUM = 10169783.9999999, bChange = 0.00281509, totNum = 58
ROUND = 2290, SUM = 10169783.9999999, bChange = 0.0028151, totNum = 58
ROUND = 2291, SUM = 10169784, bChange = 0.00281511, totNum = 58
ROUND = 2292, SUM = 10169783.9999999, bChange = 0.00281512, totNum = 58
ROUND = 2293, SUM = 10169783.9999999, bChange = 0.00281513, totNum = 58
ROUND = 2294, SUM = 10169783.9999999, bChange = 0.00281515, totNum = 58
ROUND = 2295, SUM = 10169783.9999999, bChange = 0.00281516, totNum = 58
ROUND = 2296, SUM = 10169783.9999999, bChange = 0.00281517, totNum = 58
ROUND = 2297, SUM = 10169784, bChange = 0.00281518, totNum = 58
ROUND = 2298, SUM = 10169783.9999999, bChange = 0.00281519, totNum = 58
ROUND = 2299, SUM = 10169783.9999999, bChange = 0.0028152, totNum = 58
ROUND = 2300, SUM = 10169784, bChange = 0.00281521, totNum = 58
ROUND = 2301, SUM = 10169783.9999999, bChange = 0.00281522, totNum = 58
ROUND = 2302, SUM = 10169783.9999999, bChange = 0.00281524, totNum = 58
ROUND = 2303, SUM = 10169783.9999999, bChange = 0.00281525, totNum = 58
ROUND = 2304, SUM = 10169783.9999999, bChange = 0.00281526, totNum = 58
ROUND = 2305, SUM = 10169784, bChange = 0.00281527, totNum = 58
ROUND = 2306, SUM = 10169784, bChange = 0.00281528, totNum = 57
ROUND = 2307, SUM = 10169783.9999999, bChange = 0.00281529, totNum = 57
ROUND = 2308, SUM = 10169783.9999999, bChange = 0.0028153, totNum = 57
ROUND = 2309, SUM = 10169783.9999999, bChange = 0.00281531, totNum = 57
ROUND = 2310, SUM = 10169783.9999999, bChange = 0.00281532, totNum = 57
ROUND = 2311, SUM = 10169784, bChange = 0.00281533, totNum = 57
ROUND = 2312, SUM = 10169784, bChange = 0.00281534, totNum = 57
ROUND = 2313, SUM = 10169783.9999999, bChange = 0.00281536, totNum = 57
ROUND = 2314, SUM = 10169784, bChange = 0.00281537, totNum = 57
ROUND = 2315, SUM = 10169783.9999999, bChange = 0.00281538, totNum = 57
ROUND = 2316, SUM = 10169783.9999999, bChange = 0.00281539, totNum = 57
ROUND = 2317, SUM = 10169784, bChange = 0.0028154, totNum = 57
ROUND = 2318, SUM = 10169784, bChange = 0.00281541, totNum = 57
ROUND = 2319, SUM = 10169784, bChange = 0.00281542, totNum = 57
ROUND = 2320, SUM = 10169784, bChange = 0.00281543, totNum = 57
ROUND = 2321, SUM = 10169784, bChange = 0.00281544, totNum = 57
ROUND = 2322, SUM = 10169784, bChange = 0.00281545, totNum = 57
ROUND = 2323, SUM = 10169783.9999999, bChange = 0.00281546, totNum = 57
ROUND = 2324, SUM = 10169784, bChange = 0.00281547, totNum = 57
ROUND = 2325, SUM = 10169784, bChange = 0.00281548, totNum = 57
ROUND = 2326, SUM = 10169783.9999999, bChange = 0.00281549, totNum = 57
ROUND = 2327, SUM = 10169784, bChange = 0.0028155, totNum = 57
ROUND = 2328, SUM = 10169783.9999999, bChange = 0.00281551, totNum = 56
ROUND = 2329, SUM = 10169784, bChange = 0.00281552, totNum = 55
ROUND = 2330, SUM = 10169784, bChange = 0.00281553, totNum = 55
ROUND = 2331, SUM = 10169784, bChange = 0.00281554, totNum = 55
ROUND = 2332, SUM = 10169784, bChange = 0.00281555, totNum = 55
ROUND = 2333, SUM = 10169783.9999999, bChange = 0.00281557, totNum = 55
ROUND = 2334, SUM = 10169783.9999999, bChange = 0.00281558, totNum = 55
ROUND = 2335, SUM = 10169783.9999999, bChange = 0.00281559, totNum = 55
ROUND = 2336, SUM = 10169784, bChange = 0.0028156, totNum = 55
ROUND = 2337, SUM = 10169783.9999999, bChange = 0.00281561, totNum = 55
ROUND = 2338, SUM = 10169783.9999999, bChange = 0.00281562, totNum = 55
ROUND = 2339, SUM = 10169783.9999999, bChange = 0.00281563, totNum = 55
ROUND = 2340, SUM = 10169783.9999999, bChange = 0.00281564, totNum = 55
ROUND = 2341, SUM = 10169783.9999999, bChange = 0.00281565, totNum = 55
ROUND = 2342, SUM = 10169784, bChange = 0.00281566, totNum = 54
ROUND = 2343, SUM = 10169784, bChange = 0.00281567, totNum = 54
ROUND = 2344, SUM = 10169783.9999999, bChange = 0.00281568, totNum = 52
ROUND = 2345, SUM = 10169784, bChange = 0.00281569, totNum = 52
ROUND = 2346, SUM = 10169783.9999999, bChange = 0.00281569, totNum = 52
ROUND = 2347, SUM = 10169784, bChange = 0.0028157, totNum = 52
ROUND = 2348, SUM = 10169784, bChange = 0.00281571, totNum = 52
ROUND = 2349, SUM = 10169783.9999999, bChange = 0.00281572, totNum = 52
ROUND = 2350, SUM = 10169784, bChange = 0.00281573, totNum = 52
ROUND = 2351, SUM = 10169784, bChange = 0.00281574, totNum = 52
ROUND = 2352, SUM = 10169784, bChange = 0.00281575, totNum = 52
ROUND = 2353, SUM = 10169784, bChange = 0.00281576, totNum = 52
ROUND = 2354, SUM = 10169783.9999999, bChange = 0.00281577, totNum = 52
ROUND = 2355, SUM = 10169783.9999999, bChange = 0.00281578, totNum = 52
ROUND = 2356, SUM = 10169784, bChange = 0.00281579, totNum = 52
ROUND = 2357, SUM = 10169783.9999999, bChange = 0.0028158, totNum = 52
ROUND = 2358, SUM = 10169783.9999999, bChange = 0.00281581, totNum = 52
ROUND = 2359, SUM = 10169783.9999999, bChange = 0.00281582, totNum = 52
ROUND = 2360, SUM = 10169783.9999999, bChange = 0.00281583, totNum = 51
ROUND = 2361, SUM = 10169783.9999999, bChange = 0.00281584, totNum = 51
ROUND = 2362, SUM = 10169784, bChange = 0.00281585, totNum = 51
ROUND = 2363, SUM = 10169784, bChange = 0.00281586, totNum = 51
ROUND = 2364, SUM = 10169783.9999999, bChange = 0.00281587, totNum = 50
ROUND = 2365, SUM = 10169783.9999999, bChange = 0.00281588, totNum = 50
ROUND = 2366, SUM = 10169783.9999999, bChange = 0.00281589, totNum = 50
ROUND = 2367, SUM = 10169783.9999999, bChange = 0.00281589, totNum = 50
ROUND = 2368, SUM = 10169783.9999999, bChange = 0.0028159, totNum = 50
ROUND = 2369, SUM = 10169783.9999999, bChange = 0.00281591, totNum = 50
ROUND = 2370, SUM = 10169783.9999999, bChange = 0.00281592, totNum = 50
ROUND = 2371, SUM = 10169783.9999999, bChange = 0.00281593, totNum = 50
ROUND = 2372, SUM = 10169783.9999999, bChange = 0.00281594, totNum = 49
ROUND = 2373, SUM = 10169783.9999999, bChange = 0.00281595, totNum = 49
ROUND = 2374, SUM = 10169783.9999999, bChange = 0.00281596, totNum = 49
ROUND = 2375, SUM = 10169784, bChange = 0.00281597, totNum = 49
ROUND = 2376, SUM = 10169783.9999999, bChange = 0.00281598, totNum = 49
ROUND = 2377, SUM = 10169783.9999999, bChange = 0.00281599, totNum = 49
ROUND = 2378, SUM = 10169783.9999999, bChange = 0.002816, totNum = 49
ROUND = 2379, SUM = 10169784, bChange = 0.002816, totNum = 49
ROUND = 2380, SUM = 10169784, bChange = 0.00281601, totNum = 49
ROUND = 2381, SUM = 10169784, bChange = 0.00281602, totNum = 49
ROUND = 2382, SUM = 10169783.9999999, bChange = 0.00281603, totNum = 49
ROUND = 2383, SUM = 10169783.9999999, bChange = 0.00281604, totNum = 49
ROUND = 2384, SUM = 10169783.9999999, bChange = 0.00281605, totNum = 49
ROUND = 2385, SUM = 10169784, bChange = 0.00281606, totNum = 49
ROUND = 2386, SUM = 10169783.9999999, bChange = 0.00281607, totNum = 49
ROUND = 2387, SUM = 10169784, bChange = 0.00281607, totNum = 49
ROUND = 2388, SUM = 10169784, bChange = 0.00281608, totNum = 49
ROUND = 2389, SUM = 10169784, bChange = 0.00281609, totNum = 49
ROUND = 2390, SUM = 10169784, bChange = 0.0028161, totNum = 49
ROUND = 2391, SUM = 10169783.9999999, bChange = 0.00281611, totNum = 48
ROUND = 2392, SUM = 10169783.9999999, bChange = 0.00281612, totNum = 48
ROUND = 2393, SUM = 10169783.9999999, bChange = 0.00281613, totNum = 48
ROUND = 2394, SUM = 10169783.9999999, bChange = 0.00281614, totNum = 48
ROUND = 2395, SUM = 10169784, bChange = 0.00281614, totNum = 48
ROUND = 2396, SUM = 10169783.9999999, bChange = 0.00281615, totNum = 48
ROUND = 2397, SUM = 10169783.9999999, bChange = 0.00281616, totNum = 48
ROUND = 2398, SUM = 10169783.9999999, bChange = 0.00281617, totNum = 48
ROUND = 2399, SUM = 10169784, bChange = 0.00281618, totNum = 48
ROUND = 2400, SUM = 10169783.9999999, bChange = 0.00281619, totNum = 47
ROUND = 2401, SUM = 10169784, bChange = 0.00281619, totNum = 47
ROUND = 2402, SUM = 10169784, bChange = 0.0028162, totNum = 47
ROUND = 2403, SUM = 10169783.9999999, bChange = 0.00281621, totNum = 47
ROUND = 2404, SUM = 10169783.9999999, bChange = 0.00281622, totNum = 47
ROUND = 2405, SUM = 10169784, bChange = 0.00281623, totNum = 46
ROUND = 2406, SUM = 10169784, bChange = 0.00281624, totNum = 46
ROUND = 2407, SUM = 10169784, bChange = 0.00281624, totNum = 46
ROUND = 2408, SUM = 10169783.9999999, bChange = 0.00281625, totNum = 46
ROUND = 2409, SUM = 10169784, bChange = 0.00281626, totNum = 46
ROUND = 2410, SUM = 10169784, bChange = 0.00281627, totNum = 46
ROUND = 2411, SUM = 10169784, bChange = 0.00281628, totNum = 46
ROUND = 2412, SUM = 10169783.9999999, bChange = 0.00281629, totNum = 46
ROUND = 2413, SUM = 10169784, bChange = 0.00197361, totNum = 45
ROUND = 2414, SUM = 10169783.9999999, bChange = 0.00197361, totNum = 45
ROUND = 2415, SUM = 10169784, bChange = 0.00197361, totNum = 45
ROUND = 2416, SUM = 10169783.9999999, bChange = 0.00197361, totNum = 45
ROUND = 2417, SUM = 10169783.9999999, bChange = 0.00197361, totNum = 45
ROUND = 2418, SUM = 10169784, bChange = 0.00197361, totNum = 45
ROUND = 2419, SUM = 10169784, bChange = 0.00197361, totNum = 45
ROUND = 2420, SUM = 10169784, bChange = 0.00197361, totNum = 45
ROUND = 2421, SUM = 10169784, bChange = 0.00197361, totNum = 45
ROUND = 2422, SUM = 10169784, bChange = 0.00197361, totNum = 45
ROUND = 2423, SUM = 10169784, bChange = 0.00197361, totNum = 45
ROUND = 2424, SUM = 10169784, bChange = 0.00197361, totNum = 44
ROUND = 2425, SUM = 10169783.9999999, bChange = 0.00197362, totNum = 44
ROUND = 2426, SUM = 10169784, bChange = 0.00197362, totNum = 44
ROUND = 2427, SUM = 10169784, bChange = 0.00197362, totNum = 44
ROUND = 2428, SUM = 10169784, bChange = 0.00197362, totNum = 44
ROUND = 2429, SUM = 10169783.9999999, bChange = 0.00197362, totNum = 44
ROUND = 2430, SUM = 10169784, bChange = 0.00197362, totNum = 44
ROUND = 2431, SUM = 10169784, bChange = 0.00197362, totNum = 44
ROUND = 2432, SUM = 10169784, bChange = 0.00197362, totNum = 44
ROUND = 2433, SUM = 10169784, bChange = 0.00197362, totNum = 44
ROUND = 2434, SUM = 10169784, bChange = 0.00197362, totNum = 43
ROUND = 2435, SUM = 10169784, bChange = 0.00197362, totNum = 42
ROUND = 2436, SUM = 10169784, bChange = 0.00197362, totNum = 42
ROUND = 2437, SUM = 10169784, bChange = 0.00197362, totNum = 41
ROUND = 2438, SUM = 10169784, bChange = 0.00197362, totNum = 41
ROUND = 2439, SUM = 10169784, bChange = 0.00197362, totNum = 40
ROUND = 2440, SUM = 10169784, bChange = 0.00197362, totNum = 39
ROUND = 2441, SUM = 10169784, bChange = 0.00197362, totNum = 39
ROUND = 2442, SUM = 10169784, bChange = 0.00197363, totNum = 39
ROUND = 2443, SUM = 10169784, bChange = 0.00197363, totNum = 39
ROUND = 2444, SUM = 10169784, bChange = 0.00197363, totNum = 39
ROUND = 2445, SUM = 10169783.9999999, bChange = 0.00197363, totNum = 39
ROUND = 2446, SUM = 10169784, bChange = 0.00197363, totNum = 39
ROUND = 2447, SUM = 10169784, bChange = 0.00197363, totNum = 39
ROUND = 2448, SUM = 10169784, bChange = 0.00197363, totNum = 39
ROUND = 2449, SUM = 10169784, bChange = 0.00197363, totNum = 39
ROUND = 2450, SUM = 10169784, bChange = 0.00197363, totNum = 39
ROUND = 2451, SUM = 10169784, bChange = 0.00197363, totNum = 39
ROUND = 2452, SUM = 10169783.9999999, bChange = 0.00197363, totNum = 39
ROUND = 2453, SUM = 10169783.9999999, bChange = 0.00197363, totNum = 39
ROUND = 2454, SUM = 10169784, bChange = 0.00197363, totNum = 39
ROUND = 2455, SUM = 10169784, bChange = 0.00197363, totNum = 39
ROUND = 2456, SUM = 10169784, bChange = 0.00197363, totNum = 39
ROUND = 2457, SUM = 10169783.9999999, bChange = 0.00197363, totNum = 39
ROUND = 2458, SUM = 10169783.9999999, bChange = 0.00197363, totNum = 39
ROUND = 2459, SUM = 10169784, bChange = 0.00197364, totNum = 39
ROUND = 2460, SUM = 10169784, bChange = 0.00197364, totNum = 39
ROUND = 2461, SUM = 10169784, bChange = 0.00197364, totNum = 39
ROUND = 2462, SUM = 10169784, bChange = 0.00197364, totNum = 39
ROUND = 2463, SUM = 10169784, bChange = 0.00197364, totNum = 39
ROUND = 2464, SUM = 10169784, bChange = 0.00197364, totNum = 39
ROUND = 2465, SUM = 10169784, bChange = 0.00197364, totNum = 39
ROUND = 2466, SUM = 10169784, bChange = 0.00197364, totNum = 39
ROUND = 2467, SUM = 10169784, bChange = 0.00197364, totNum = 39
ROUND = 2468, SUM = 10169784, bChange = 0.00197364, totNum = 39
ROUND = 2469, SUM = 10169784, bChange = 0.00197364, totNum = 39
ROUND = 2470, SUM = 10169784, bChange = 0.00197364, totNum = 39
ROUND = 2471, SUM = 10169784, bChange = 0.00197364, totNum = 39
ROUND = 2472, SUM = 10169783.9999999, bChange = 0.00197364, totNum = 39
ROUND = 2473, SUM = 10169784, bChange = 0.00197364, totNum = 39
ROUND = 2474, SUM = 10169783.9999999, bChange = 0.00197364, totNum = 39
ROUND = 2475, SUM = 10169784, bChange = 0.00197364, totNum = 39
ROUND = 2476, SUM = 10169784, bChange = 0.00197364, totNum = 39
ROUND = 2477, SUM = 10169784, bChange = 0.00197364, totNum = 39
ROUND = 2478, SUM = 10169784, bChange = 0.00197365, totNum = 39
ROUND = 2479, SUM = 10169783.9999999, bChange = 0.00197365, totNum = 39
ROUND = 2480, SUM = 10169783.9999999, bChange = 0.00197365, totNum = 39
ROUND = 2481, SUM = 10169783.9999999, bChange = 0.00197365, totNum = 39
ROUND = 2482, SUM = 10169784, bChange = 0.00197365, totNum = 39
ROUND = 2483, SUM = 10169783.9999999, bChange = 0.00197365, totNum = 39
ROUND = 2484, SUM = 10169784, bChange = 0.00197365, totNum = 39
ROUND = 2485, SUM = 10169783.9999999, bChange = 0.00197365, totNum = 39
ROUND = 2486, SUM = 10169783.9999999, bChange = 0.00197365, totNum = 39
ROUND = 2487, SUM = 10169783.9999999, bChange = 0.00197365, totNum = 39
ROUND = 2488, SUM = 10169783.9999999, bChange = 0.00197365, totNum = 39
ROUND = 2489, SUM = 10169783.9999999, bChange = 0.00197365, totNum = 39
ROUND = 2490, SUM = 10169783.9999999, bChange = 0.00197365, totNum = 39
ROUND = 2491, SUM = 10169783.9999999, bChange = 0.00197365, totNum = 39
ROUND = 2492, SUM = 10169784, bChange = 0.00197365, totNum = 39
ROUND = 2493, SUM = 10169784, bChange = 0.00197365, totNum = 39
ROUND = 2494, SUM = 10169784, bChange = 0.00197365, totNum = 39
ROUND = 2495, SUM = 10169784, bChange = 0.00197365, totNum = 39
ROUND = 2496, SUM = 10169784, bChange = 0.00197365, totNum = 39
ROUND = 2497, SUM = 10169783.9999999, bChange = 0.00197366, totNum = 39
ROUND = 2498, SUM = 10169783.9999999, bChange = 0.00197366, totNum = 39
ROUND = 2499, SUM = 10169784, bChange = 0.00197366, totNum = 39
ROUND = 2500, SUM = 10169784, bChange = 0.00197366, totNum = 39
ROUND = 2501, SUM = 10169784, bChange = 0.00197366, totNum = 39
ROUND = 2502, SUM = 10169784, bChange = 0.00197366, totNum = 39
ROUND = 2503, SUM = 10169784, bChange = 0.00197366, totNum = 39
ROUND = 2504, SUM = 10169783.9999999, bChange = 0.00197366, totNum = 39
ROUND = 2505, SUM = 10169783.9999999, bChange = 0.00197366, totNum = 39
ROUND = 2506, SUM = 10169784, bChange = 0.00197366, totNum = 39
ROUND = 2507, SUM = 10169783.9999999, bChange = 0.00197366, totNum = 39
ROUND = 2508, SUM = 10169783.9999999, bChange = 0.00197366, totNum = 39
ROUND = 2509, SUM = 10169783.9999999, bChange = 0.00197366, totNum = 39
ROUND = 2510, SUM = 10169784, bChange = 0.00197366, totNum = 39
ROUND = 2511, SUM = 10169784, bChange = 0.00197366, totNum = 39
ROUND = 2512, SUM = 10169783.9999999, bChange = 0.00197366, totNum = 38
ROUND = 2513, SUM = 10169784, bChange = 0.00197366, totNum = 38
ROUND = 2514, SUM = 10169783.9999999, bChange = 0.00197366, totNum = 38
ROUND = 2515, SUM = 10169784, bChange = 0.00197366, totNum = 38
ROUND = 2516, SUM = 10169784, bChange = 0.00197366, totNum = 38
ROUND = 2517, SUM = 10169784, bChange = 0.00197367, totNum = 38
ROUND = 2518, SUM = 10169783.9999999, bChange = 0.00197367, totNum = 38
ROUND = 2519, SUM = 10169783.9999999, bChange = 0.00197367, totNum = 38
ROUND = 2520, SUM = 10169784, bChange = 0.00197367, totNum = 38
ROUND = 2521, SUM = 10169783.9999999, bChange = 0.00197367, totNum = 38
ROUND = 2522, SUM = 10169783.9999999, bChange = 0.00197367, totNum = 38
ROUND = 2523, SUM = 10169783.9999999, bChange = 0.00197367, totNum = 38
ROUND = 2524, SUM = 10169783.9999999, bChange = 0.00197367, totNum = 38
ROUND = 2525, SUM = 10169784, bChange = 0.00197367, totNum = 38
ROUND = 2526, SUM = 10169783.9999999, bChange = 0.00197367, totNum = 38
ROUND = 2527, SUM = 10169784, bChange = 0.00197367, totNum = 38
ROUND = 2528, SUM = 10169783.9999999, bChange = 0.00197367, totNum = 38
ROUND = 2529, SUM = 10169783.9999999, bChange = 0.00197367, totNum = 38
ROUND = 2530, SUM = 10169783.9999999, bChange = 0.00197367, totNum = 38
ROUND = 2531, SUM = 10169784, bChange = 0.00197367, totNum = 38
ROUND = 2532, SUM = 10169783.9999999, bChange = 0.00197367, totNum = 38
ROUND = 2533, SUM = 10169783.9999999, bChange = 0.00197367, totNum = 38
ROUND = 2534, SUM = 10169783.9999999, bChange = 0.00197367, totNum = 38
ROUND = 2535, SUM = 10169783.9999999, bChange = 0.00197367, totNum = 38
ROUND = 2536, SUM = 10169784, bChange = 0.00197367, totNum = 38
ROUND = 2537, SUM = 10169784, bChange = 0.00197367, totNum = 38
ROUND = 2538, SUM = 10169784, bChange = 0.00197368, totNum = 38
ROUND = 2539, SUM = 10169784, bChange = 0.00197368, totNum = 38
ROUND = 2540, SUM = 10169784, bChange = 0.00197368, totNum = 38
ROUND = 2541, SUM = 10169784, bChange = 0.00197368, totNum = 38
ROUND = 2542, SUM = 10169783.9999999, bChange = 0.00197368, totNum = 38
ROUND = 2543, SUM = 10169784, bChange = 0.00197368, totNum = 38
ROUND = 2544, SUM = 10169783.9999999, bChange = 0.00197368, totNum = 38
ROUND = 2545, SUM = 10169783.9999999, bChange = 0.00197368, totNum = 38
ROUND = 2546, SUM = 10169783.9999999, bChange = 0.00197368, totNum = 38
ROUND = 2547, SUM = 10169783.9999999, bChange = 0.00197368, totNum = 38
ROUND = 2548, SUM = 10169784, bChange = 0.00197368, totNum = 38
ROUND = 2549, SUM = 10169784, bChange = 0.00197368, totNum = 38
ROUND = 2550, SUM = 10169784, bChange = 0.00197368, totNum = 38
ROUND = 2551, SUM = 10169784, bChange = 0.00197368, totNum = 38
ROUND = 2552, SUM = 10169783.9999999, bChange = 0.00197368, totNum = 38
ROUND = 2553, SUM = 10169784, bChange = 0.00197368, totNum = 38
ROUND = 2554, SUM = 10169783.9999999, bChange = 0.00197368, totNum = 38
ROUND = 2555, SUM = 10169784, bChange = 0.00197368, totNum = 38
ROUND = 2556, SUM = 10169784, bChange = 0.00197368, totNum = 38
ROUND = 2557, SUM = 10169784, bChange = 0.00197368, totNum = 38
ROUND = 2558, SUM = 10169784, bChange = 0.00197368, totNum = 38
ROUND = 2559, SUM = 10169784, bChange = 0.00197368, totNum = 38
ROUND = 2560, SUM = 10169783.9999999, bChange = 0.00197369, totNum = 38
ROUND = 2561, SUM = 10169783.9999999, bChange = 0.00197369, totNum = 38
ROUND = 2562, SUM = 10169784, bChange = 0.00197369, totNum = 38
ROUND = 2563, SUM = 10169783.9999999, bChange = 0.00197369, totNum = 38
ROUND = 2564, SUM = 10169784, bChange = 0.00197369, totNum = 38
ROUND = 2565, SUM = 10169783.9999999, bChange = 0.00197369, totNum = 38
ROUND = 2566, SUM = 10169783.9999999, bChange = 0.00197369, totNum = 38
ROUND = 2567, SUM = 10169783.9999999, bChange = 0.00197369, totNum = 38
ROUND = 2568, SUM = 10169784, bChange = 0.00197369, totNum = 38
ROUND = 2569, SUM = 10169784, bChange = 0.00197369, totNum = 38
ROUND = 2570, SUM = 10169784, bChange = 0.00197369, totNum = 38
ROUND = 2571, SUM = 10169784, bChange = 0.00197369, totNum = 38
ROUND = 2572, SUM = 10169783.9999999, bChange = 0.00197369, totNum = 38
ROUND = 2573, SUM = 10169784, bChange = 0.00197369, totNum = 38
ROUND = 2574, SUM = 10169784, bChange = 0.00197369, totNum = 38
ROUND = 2575, SUM = 10169784, bChange = 0.00197369, totNum = 37
ROUND = 2576, SUM = 10169783.9999999, bChange = 0.00197369, totNum = 37
ROUND = 2577, SUM = 10169783.9999999, bChange = 0.00197369, totNum = 37
ROUND = 2578, SUM = 10169784, bChange = 0.00197369, totNum = 37
ROUND = 2579, SUM = 10169784, bChange = 0.00197369, totNum = 37
ROUND = 2580, SUM = 10169783.9999999, bChange = 0.00197369, totNum = 37
ROUND = 2581, SUM = 10169784, bChange = 0.00197369, totNum = 37
ROUND = 2582, SUM = 10169784, bChange = 0.00197369, totNum = 37
ROUND = 2583, SUM = 10169784, bChange = 0.0019737, totNum = 37
ROUND = 2584, SUM = 10169784, bChange = 0.0019737, totNum = 37
ROUND = 2585, SUM = 10169784, bChange = 0.0019737, totNum = 37
ROUND = 2586, SUM = 10169784, bChange = 0.0019737, totNum = 37
ROUND = 2587, SUM = 10169783.9999999, bChange = 0.0019737, totNum = 37
ROUND = 2588, SUM = 10169784, bChange = 0.0019737, totNum = 37
ROUND = 2589, SUM = 10169784, bChange = 0.0019737, totNum = 37
ROUND = 2590, SUM = 10169783.9999999, bChange = 0.0019737, totNum = 36
ROUND = 2591, SUM = 10169783.9999999, bChange = 0.0019737, totNum = 36
ROUND = 2592, SUM = 10169784, bChange = 0.0019737, totNum = 36
ROUND = 2593, SUM = 10169784, bChange = 0.0019737, totNum = 36
ROUND = 2594, SUM = 10169784, bChange = 0.0019737, totNum = 36
ROUND = 2595, SUM = 10169784, bChange = 0.0019737, totNum = 37
ROUND = 2596, SUM = 10169784, bChange = 0.0019737, totNum = 37
ROUND = 2597, SUM = 10169784, bChange = 0.0019737, totNum = 37
ROUND = 2598, SUM = 10169783.9999999, bChange = 0.0019737, totNum = 37
ROUND = 2599, SUM = 10169784, bChange = 0.0019737, totNum = 37
ROUND = 2600, SUM = 10169784, bChange = 0.0019737, totNum = 37
ROUND = 2601, SUM = 10169783.9999999, bChange = 0.0019737, totNum = 37
ROUND = 2602, SUM = 10169784, bChange = 0.0019737, totNum = 36
ROUND = 2603, SUM = 10169783.9999999, bChange = 0.0019737, totNum = 36
ROUND = 2604, SUM = 10169783.9999999, bChange = 0.0019737, totNum = 36
ROUND = 2605, SUM = 10169783.9999999, bChange = 0.0019737, totNum = 36
ROUND = 2606, SUM = 10169783.9999999, bChange = 0.0019737, totNum = 36
ROUND = 2607, SUM = 10169784, bChange = 0.0019737, totNum = 36
ROUND = 2608, SUM = 10169784, bChange = 0.00197371, totNum = 36
ROUND = 2609, SUM = 10169784, bChange = 0.00197371, totNum = 36
ROUND = 2610, SUM = 10169784, bChange = 0.00197371, totNum = 36
ROUND = 2611, SUM = 10169784, bChange = 0.00197371, totNum = 36
ROUND = 2612, SUM = 10169784, bChange = 0.00197371, totNum = 36
ROUND = 2613, SUM = 10169783.9999999, bChange = 0.00197371, totNum = 36
ROUND = 2614, SUM = 10169784, bChange = 0.00197371, totNum = 36
ROUND = 2615, SUM = 10169783.9999999, bChange = 0.00197371, totNum = 36
ROUND = 2616, SUM = 10169784, bChange = 0.00197371, totNum = 36
ROUND = 2617, SUM = 10169784, bChange = 0.00197371, totNum = 36
ROUND = 2618, SUM = 10169784, bChange = 0.00197371, totNum = 36
ROUND = 2619, SUM = 10169784, bChange = 0.00197371, totNum = 36
ROUND = 2620, SUM = 10169784, bChange = 0.00197371, totNum = 36
ROUND = 2621, SUM = 10169783.9999999, bChange = 0.00197371, totNum = 36
ROUND = 2622, SUM = 10169784, bChange = 0.00197371, totNum = 35
ROUND = 2623, SUM = 10169784, bChange = 0.00197371, totNum = 35
ROUND = 2624, SUM = 10169784, bChange = 0.00197371, totNum = 35
ROUND = 2625, SUM = 10169784, bChange = 0.00197371, totNum = 35
ROUND = 2626, SUM = 10169784, bChange = 0.00197371, totNum = 35
ROUND = 2627, SUM = 10169784, bChange = 0.00197371, totNum = 35
ROUND = 2628, SUM = 10169784, bChange = 0.00197371, totNum = 35
ROUND = 2629, SUM = 10169784, bChange = 0.00186081, totNum = 34
ROUND = 2630, SUM = 10169784, bChange = 0.0018608, totNum = 33
ROUND = 2631, SUM = 10169784, bChange = 0.0018608, totNum = 33
ROUND = 2632, SUM = 10169784, bChange = 0.00186079, totNum = 33
ROUND = 2633, SUM = 10169784, bChange = 0.00186079, totNum = 32
ROUND = 2634, SUM = 10169784, bChange = 0.00186078, totNum = 32
ROUND = 2635, SUM = 10169783.9999999, bChange = 0.00186078, totNum = 32
ROUND = 2636, SUM = 10169784, bChange = 0.00186077, totNum = 32
ROUND = 2637, SUM = 10169784, bChange = 0.00186077, totNum = 32
ROUND = 2638, SUM = 10169784, bChange = 0.00186076, totNum = 32
ROUND = 2639, SUM = 10169783.9999999, bChange = 0.00186076, totNum = 32
ROUND = 2640, SUM = 10169784, bChange = 0.00186075, totNum = 32
ROUND = 2641, SUM = 10169784, bChange = 0.00186075, totNum = 32
ROUND = 2642, SUM = 10169784, bChange = 0.00186074, totNum = 32
ROUND = 2643, SUM = 10169784, bChange = 0.00186074, totNum = 32
ROUND = 2644, SUM = 10169784, bChange = 0.00186073, totNum = 32
ROUND = 2645, SUM = 10169784, bChange = 0.00186072, totNum = 32
ROUND = 2646, SUM = 10169783.9999999, bChange = 0.00186072, totNum = 32
ROUND = 2647, SUM = 10169784, bChange = 0.00186071, totNum = 33
ROUND = 2648, SUM = 10169784, bChange = 0.00186071, totNum = 33
ROUND = 2649, SUM = 10169783.9999999, bChange = 0.0018607, totNum = 33
ROUND = 2650, SUM = 10169784, bChange = 0.0018607, totNum = 33
ROUND = 2651, SUM = 10169784, bChange = 0.00186069, totNum = 33
ROUND = 2652, SUM = 10169783.9999999, bChange = 0.00186069, totNum = 33
ROUND = 2653, SUM = 10169784, bChange = 0.00186068, totNum = 32
ROUND = 2654, SUM = 10169784, bChange = 0.00186068, totNum = 32
ROUND = 2655, SUM = 10169784, bChange = 0.00186067, totNum = 32
ROUND = 2656, SUM = 10169784, bChange = 0.00186067, totNum = 32
ROUND = 2657, SUM = 10169784, bChange = 0.00186066, totNum = 32
ROUND = 2658, SUM = 10169784, bChange = 0.00186066, totNum = 32
ROUND = 2659, SUM = 10169784, bChange = 0.00186065, totNum = 31
ROUND = 2660, SUM = 10169784, bChange = 0.00186065, totNum = 31
ROUND = 2661, SUM = 10169783.9999999, bChange = 0.00186064, totNum = 31
ROUND = 2662, SUM = 10169783.9999999, bChange = 0.00186064, totNum = 31
ROUND = 2663, SUM = 10169784, bChange = 0.00186063, totNum = 31
ROUND = 2664, SUM = 10169784, bChange = 0.00186063, totNum = 31
ROUND = 2665, SUM = 10169784, bChange = 0.00186062, totNum = 31
ROUND = 2666, SUM = 10169783.9999999, bChange = 0.00186062, totNum = 31
ROUND = 2667, SUM = 10169783.9999999, bChange = 0.00186061, totNum = 31
ROUND = 2668, SUM = 10169784, bChange = 0.00186061, totNum = 30
ROUND = 2669, SUM = 10169784, bChange = 0.00175135, totNum = 29
ROUND = 2670, SUM = 10169784, bChange = 0.00175134, totNum = 29
ROUND = 2671, SUM = 10169784, bChange = 0.00175134, totNum = 29
ROUND = 2672, SUM = 10169784, bChange = 0.00175134, totNum = 29
ROUND = 2673, SUM = 10169784, bChange = 0.00175133, totNum = 29
ROUND = 2674, SUM = 10169784, bChange = 0.00175133, totNum = 29
ROUND = 2675, SUM = 10169784, bChange = 0.00175133, totNum = 29
ROUND = 2676, SUM = 10169784, bChange = 0.00175132, totNum = 29
ROUND = 2677, SUM = 10169784, bChange = 0.00175132, totNum = 29
ROUND = 2678, SUM = 10169784, bChange = 0.00175131, totNum = 29
ROUND = 2679, SUM = 10169784, bChange = 0.00175131, totNum = 29
ROUND = 2680, SUM = 10169783.9999999, bChange = 0.00175131, totNum = 29
ROUND = 2681, SUM = 10169783.9999999, bChange = 0.0017513, totNum = 29
ROUND = 2682, SUM = 10169783.9999999, bChange = 0.0017513, totNum = 29
ROUND = 2683, SUM = 10169783.9999999, bChange = 0.0017513, totNum = 29
ROUND = 2684, SUM = 10169784, bChange = 0.00175129, totNum = 29
ROUND = 2685, SUM = 10169783.9999999, bChange = 0.00175129, totNum = 29
ROUND = 2686, SUM = 10169784, bChange = 0.00175129, totNum = 29
ROUND = 2687, SUM = 10169783.9999999, bChange = 0.00175128, totNum = 28
ROUND = 2688, SUM = 10169784, bChange = 0.00175128, totNum = 28
ROUND = 2689, SUM = 10169784, bChange = 0.00175128, totNum = 28
ROUND = 2690, SUM = 10169783.9999999, bChange = 0.00175127, totNum = 28
ROUND = 2691, SUM = 10169784, bChange = 0.00175127, totNum = 28
ROUND = 2692, SUM = 10169784, bChange = 0.00175126, totNum = 28
ROUND = 2693, SUM = 10169784, bChange = 0.00175126, totNum = 28
ROUND = 2694, SUM = 10169784, bChange = 0.00175126, totNum = 28
ROUND = 2695, SUM = 10169783.9999999, bChange = 0.00175125, totNum = 28
ROUND = 2696, SUM = 10169783.9999999, bChange = 0.00175125, totNum = 28
ROUND = 2697, SUM = 10169784, bChange = 0.00175125, totNum = 28
ROUND = 2698, SUM = 10169783.9999999, bChange = 0.00175124, totNum = 28
ROUND = 2699, SUM = 10169784, bChange = 0.00175124, totNum = 28
ROUND = 2700, SUM = 10169783.9999999, bChange = 0.00175124, totNum = 28
ROUND = 2701, SUM = 10169784, bChange = 0.00175123, totNum = 28
ROUND = 2702, SUM = 10169784, bChange = 0.00175123, totNum = 28
ROUND = 2703, SUM = 10169784, bChange = 0.00175123, totNum = 28
ROUND = 2704, SUM = 10169784, bChange = 0.00175122, totNum = 28
ROUND = 2705, SUM = 10169784, bChange = 0.00175122, totNum = 28
ROUND = 2706, SUM = 10169784, bChange = 0.00175122, totNum = 28
ROUND = 2707, SUM = 10169783.9999999, bChange = 0.00175121, totNum = 28
ROUND = 2708, SUM = 10169784, bChange = 0.00175121, totNum = 28
ROUND = 2709, SUM = 10169783.9999999, bChange = 0.00175121, totNum = 28
ROUND = 2710, SUM = 10169784, bChange = 0.0017512, totNum = 28
ROUND = 2711, SUM = 10169783.9999999, bChange = 0.0017512, totNum = 28
ROUND = 2712, SUM = 10169783.9999999, bChange = 0.0017512, totNum = 28
ROUND = 2713, SUM = 10169784, bChange = 0.00175119, totNum = 28
ROUND = 2714, SUM = 10169784, bChange = 0.00175119, totNum = 27
ROUND = 2715, SUM = 10169784, bChange = 0.00175118, totNum = 27
ROUND = 2716, SUM = 10169784, bChange = 0.00175118, totNum = 27
ROUND = 2717, SUM = 10169783.9999999, bChange = 0.00175118, totNum = 27
ROUND = 2718, SUM = 10169783.9999999, bChange = 0.00175117, totNum = 27
ROUND = 2719, SUM = 10169784, bChange = 0.00175117, totNum = 27
ROUND = 2720, SUM = 10169783.9999999, bChange = 0.00175117, totNum = 27
ROUND = 2721, SUM = 10169783.9999999, bChange = 0.00175116, totNum = 27
ROUND = 2722, SUM = 10169784, bChange = 0.00175116, totNum = 27
ROUND = 2723, SUM = 10169783.9999999, bChange = 0.00175116, totNum = 27
ROUND = 2724, SUM = 10169784, bChange = 0.00175115, totNum = 27
ROUND = 2725, SUM = 10169783.9999999, bChange = 0.00175115, totNum = 27
ROUND = 2726, SUM = 10169784, bChange = 0.00175115, totNum = 27
ROUND = 2727, SUM = 10169783.9999999, bChange = 0.00175114, totNum = 26
ROUND = 2728, SUM = 10169784, bChange = 0.00175114, totNum = 26
ROUND = 2729, SUM = 10169784, bChange = 0.00175114, totNum = 26
ROUND = 2730, SUM = 10169783.9999999, bChange = 0.00175113, totNum = 26
ROUND = 2731, SUM = 10169783.9999999, bChange = 0.00175113, totNum = 26
ROUND = 2732, SUM = 10169783.9999999, bChange = 0.00175113, totNum = 26
ROUND = 2733, SUM = 10169784, bChange = 0.00175112, totNum = 26
ROUND = 2734, SUM = 10169784, bChange = 0.00175112, totNum = 26
ROUND = 2735, SUM = 10169783.9999999, bChange = 0.00175112, totNum = 26
ROUND = 2736, SUM = 10169783.9999999, bChange = 0.00175111, totNum = 26
ROUND = 2737, SUM = 10169783.9999999, bChange = 0.00175111, totNum = 26
ROUND = 2738, SUM = 10169783.9999999, bChange = 0.00175111, totNum = 26
ROUND = 2739, SUM = 10169783.9999999, bChange = 0.00175111, totNum = 26
ROUND = 2740, SUM = 10169784, bChange = 0.0017511, totNum = 26
ROUND = 2741, SUM = 10169783.9999999, bChange = 0.0017511, totNum = 26
ROUND = 2742, SUM = 10169784, bChange = 0.0017511, totNum = 26
ROUND = 2743, SUM = 10169784, bChange = 0.00175109, totNum = 26
ROUND = 2744, SUM = 10169784, bChange = 0.00175109, totNum = 26
ROUND = 2745, SUM = 10169784, bChange = 0.00175109, totNum = 26
ROUND = 2746, SUM = 10169784, bChange = 0.00175108, totNum = 26
ROUND = 2747, SUM = 10169784, bChange = 0.00175108, totNum = 26
ROUND = 2748, SUM = 10169784, bChange = 0.00175108, totNum = 26
ROUND = 2749, SUM = 10169784, bChange = 0.00175107, totNum = 25
ROUND = 2750, SUM = 10169784, bChange = 0.00175107, totNum = 25
ROUND = 2751, SUM = 10169784, bChange = 0.00175107, totNum = 25
ROUND = 2752, SUM = 10169784, bChange = 0.00175106, totNum = 25
ROUND = 2753, SUM = 10169783.9999999, bChange = 0.00175106, totNum = 25
ROUND = 2754, SUM = 10169784, bChange = 0.00175106, totNum = 25
ROUND = 2755, SUM = 10169784, bChange = 0.00175105, totNum = 25
ROUND = 2756, SUM = 10169783.9999999, bChange = 0.00175105, totNum = 24
ROUND = 2757, SUM = 10169783.9999999, bChange = 0.00175105, totNum = 24
ROUND = 2758, SUM = 10169784, bChange = 0.00175104, totNum = 24
ROUND = 2759, SUM = 10169783.9999999, bChange = 0.00175104, totNum = 24
ROUND = 2760, SUM = 10169784, bChange = 0.00175104, totNum = 24
ROUND = 2761, SUM = 10169784, bChange = 0.00175103, totNum = 24
ROUND = 2762, SUM = 10169784, bChange = 0.00175103, totNum = 24
ROUND = 2763, SUM = 10169783.9999999, bChange = 0.00175103, totNum = 24
ROUND = 2764, SUM = 10169783.9999999, bChange = 0.00175103, totNum = 24
ROUND = 2765, SUM = 10169784, bChange = 0.00175102, totNum = 24
ROUND = 2766, SUM = 10169783.9999999, bChange = 0.00175102, totNum = 24
ROUND = 2767, SUM = 10169783.9999999, bChange = 0.00175102, totNum = 24
ROUND = 2768, SUM = 10169784, bChange = 0.00175101, totNum = 24
ROUND = 2769, SUM = 10169784, bChange = 0.00175101, totNum = 24
ROUND = 2770, SUM = 10169783.9999999, bChange = 0.00175101, totNum = 24
ROUND = 2771, SUM = 10169783.9999999, bChange = 0.001751, totNum = 24
ROUND = 2772, SUM = 10169784, bChange = 0.001751, totNum = 24
ROUND = 2773, SUM = 10169783.9999999, bChange = 0.001751, totNum = 24
ROUND = 2774, SUM = 10169783.9999999, bChange = 0.00175099, totNum = 24
ROUND = 2775, SUM = 10169784, bChange = 0.00175099, totNum = 24
ROUND = 2776, SUM = 10169784, bChange = 0.00175099, totNum = 24
ROUND = 2777, SUM = 10169783.9999999, bChange = 0.00175099, totNum = 23
ROUND = 2778, SUM = 10169784, bChange = 0.00175098, totNum = 23
ROUND = 2779, SUM = 10169784, bChange = 0.00175098, totNum = 23
ROUND = 2780, SUM = 10169784, bChange = 0.00175098, totNum = 23
ROUND = 2781, SUM = 10169783.9999999, bChange = 0.00175097, totNum = 23
ROUND = 2782, SUM = 10169784, bChange = 0.00175097, totNum = 23
ROUND = 2783, SUM = 10169784, bChange = 0.00175097, totNum = 23
ROUND = 2784, SUM = 10169784, bChange = 0.00175096, totNum = 23
ROUND = 2785, SUM = 10169784, bChange = 0.00175096, totNum = 23
ROUND = 2786, SUM = 10169784, bChange = 0.00175096, totNum = 23
ROUND = 2787, SUM = 10169783.9999999, bChange = 0.00175095, totNum = 23
ROUND = 2788, SUM = 10169784, bChange = 0.00175095, totNum = 23
ROUND = 2789, SUM = 10169784, bChange = 0.00175095, totNum = 23
ROUND = 2790, SUM = 10169784, bChange = 0.00175095, totNum = 23
ROUND = 2791, SUM = 10169784, bChange = 0.00175094, totNum = 23
ROUND = 2792, SUM = 10169784, bChange = 0.00175094, totNum = 23
ROUND = 2793, SUM = 10169783.9999999, bChange = 0.00175094, totNum = 23
ROUND = 2794, SUM = 10169784, bChange = 0.00175093, totNum = 23
ROUND = 2795, SUM = 10169783.9999999, bChange = 0.00175093, totNum = 23
ROUND = 2796, SUM = 10169783.9999999, bChange = 0.00175093, totNum = 23
ROUND = 2797, SUM = 10169784, bChange = 0.00175093, totNum = 23
ROUND = 2798, SUM = 10169784, bChange = 0.00175092, totNum = 23
ROUND = 2799, SUM = 10169784, bChange = 0.00175092, totNum = 23
ROUND = 2800, SUM = 10169784, bChange = 0.00175092, totNum = 23
ROUND = 2801, SUM = 10169784, bChange = 0.00175091, totNum = 23
ROUND = 2802, SUM = 10169783.9999999, bChange = 0.00175091, totNum = 23
ROUND = 2803, SUM = 10169784, bChange = 0.00175091, totNum = 23
ROUND = 2804, SUM = 10169783.9999999, bChange = 0.0017509, totNum = 23
ROUND = 2805, SUM = 10169784, bChange = 0.0017509, totNum = 23
ROUND = 2806, SUM = 10169784, bChange = 0.0017509, totNum = 23
ROUND = 2807, SUM = 10169784, bChange = 0.0017509, totNum = 23
ROUND = 2808, SUM = 10169784, bChange = 0.00175089, totNum = 23
ROUND = 2809, SUM = 10169784, bChange = 0.00175089, totNum = 23
ROUND = 2810, SUM = 10169783.9999999, bChange = 0.00175089, totNum = 23
ROUND = 2811, SUM = 10169784, bChange = 0.00175088, totNum = 23
ROUND = 2812, SUM = 10169784, bChange = 0.00175088, totNum = 23
ROUND = 2813, SUM = 10169784, bChange = 0.00175088, totNum = 23
ROUND = 2814, SUM = 10169784, bChange = 0.00175088, totNum = 23
ROUND = 2815, SUM = 10169784, bChange = 0.00175087, totNum = 23
ROUND = 2816, SUM = 10169783.9999999, bChange = 0.00175087, totNum = 23
ROUND = 2817, SUM = 10169784, bChange = 0.00175087, totNum = 23
ROUND = 2818, SUM = 10169783.9999999, bChange = 0.00175086, totNum = 23
ROUND = 2819, SUM = 10169784, bChange = 0.00175086, totNum = 23
ROUND = 2820, SUM = 10169784, bChange = 0.00175086, totNum = 23
ROUND = 2821, SUM = 10169784, bChange = 0.00175086, totNum = 23
ROUND = 2822, SUM = 10169783.9999999, bChange = 0.00175085, totNum = 23
ROUND = 2823, SUM = 10169783.9999999, bChange = 0.00175085, totNum = 23
ROUND = 2824, SUM = 10169783.9999999, bChange = 0.00175085, totNum = 23
ROUND = 2825, SUM = 10169784, bChange = 0.00175084, totNum = 23
ROUND = 2826, SUM = 10169783.9999999, bChange = 0.00175084, totNum = 23
ROUND = 2827, SUM = 10169784, bChange = 0.00175084, totNum = 23
ROUND = 2828, SUM = 10169784, bChange = 0.00175084, totNum = 23
ROUND = 2829, SUM = 10169783.9999999, bChange = 0.00175083, totNum = 23
ROUND = 2830, SUM = 10169784, bChange = 0.00175083, totNum = 23
ROUND = 2831, SUM = 10169784, bChange = 0.00175083, totNum = 23
ROUND = 2832, SUM = 10169783.9999999, bChange = 0.00175083, totNum = 23
ROUND = 2833, SUM = 10169784, bChange = 0.00175082, totNum = 23
ROUND = 2834, SUM = 10169784, bChange = 0.00175082, totNum = 23
ROUND = 2835, SUM = 10169784, bChange = 0.00175082, totNum = 23
ROUND = 2836, SUM = 10169784, bChange = 0.00175081, totNum = 23
ROUND = 2837, SUM = 10169784, bChange = 0.00175081, totNum = 23
ROUND = 2838, SUM = 10169784, bChange = 0.00175081, totNum = 23
ROUND = 2839, SUM = 10169784, bChange = 0.00175081, totNum = 23
ROUND = 2840, SUM = 10169783.9999999, bChange = 0.0017508, totNum = 23
ROUND = 2841, SUM = 10169784, bChange = 0.0017508, totNum = 23
ROUND = 2842, SUM = 10169784, bChange = 0.0017508, totNum = 23
ROUND = 2843, SUM = 10169784, bChange = 0.0017508, totNum = 23
ROUND = 2844, SUM = 10169784, bChange = 0.00175079, totNum = 23
ROUND = 2845, SUM = 10169784, bChange = 0.00175079, totNum = 23
ROUND = 2846, SUM = 10169784, bChange = 0.00175079, totNum = 23
ROUND = 2847, SUM = 10169784, bChange = 0.00175078, totNum = 23
ROUND = 2848, SUM = 10169784, bChange = 0.00175078, totNum = 23
ROUND = 2849, SUM = 10169784, bChange = 0.00175078, totNum = 23
ROUND = 2850, SUM = 10169784, bChange = 0.00175078, totNum = 23
ROUND = 2851, SUM = 10169783.9999999, bChange = 0.00175077, totNum = 23
ROUND = 2852, SUM = 10169784, bChange = 0.00175077, totNum = 23
ROUND = 2853, SUM = 10169784, bChange = 0.00175077, totNum = 23
ROUND = 2854, SUM = 10169783.9999999, bChange = 0.00175077, totNum = 23
ROUND = 2855, SUM = 10169784, bChange = 0.00175076, totNum = 23
ROUND = 2856, SUM = 10169783.9999999, bChange = 0.00175076, totNum = 23
ROUND = 2857, SUM = 10169784, bChange = 0.00175076, totNum = 23
ROUND = 2858, SUM = 10169784, bChange = 0.00175075, totNum = 23
ROUND = 2859, SUM = 10169784, bChange = 0.00175075, totNum = 23
ROUND = 2860, SUM = 10169784, bChange = 0.00175075, totNum = 23
ROUND = 2861, SUM = 10169783.9999999, bChange = 0.00175075, totNum = 23
ROUND = 2862, SUM = 10169783.9999999, bChange = 0.00175074, totNum = 23
ROUND = 2863, SUM = 10169784, bChange = 0.00175074, totNum = 23
ROUND = 2864, SUM = 10169784, bChange = 0.00175074, totNum = 23
ROUND = 2865, SUM = 10169783.9999999, bChange = 0.00175074, totNum = 23
ROUND = 2866, SUM = 10169784, bChange = 0.00175073, totNum = 23
ROUND = 2867, SUM = 10169784, bChange = 0.00175073, totNum = 23
ROUND = 2868, SUM = 10169783.9999999, bChange = 0.00175073, totNum = 23
ROUND = 2869, SUM = 10169784, bChange = 0.00175073, totNum = 23
ROUND = 2870, SUM = 10169784, bChange = 0.00175072, totNum = 23
ROUND = 2871, SUM = 10169784, bChange = 0.00175072, totNum = 23
ROUND = 2872, SUM = 10169783.9999999, bChange = 0.00175072, totNum = 23
ROUND = 2873, SUM = 10169783.9999999, bChange = 0.00175072, totNum = 23
ROUND = 2874, SUM = 10169784, bChange = 0.00175071, totNum = 23
ROUND = 2875, SUM = 10169784, bChange = 0.00175071, totNum = 23
ROUND = 2876, SUM = 10169784, bChange = 0.00175071, totNum = 23
ROUND = 2877, SUM = 10169784, bChange = 0.00175071, totNum = 23
ROUND = 2878, SUM = 10169784, bChange = 0.0017507, totNum = 23
ROUND = 2879, SUM = 10169784, bChange = 0.0017507, totNum = 23
ROUND = 2880, SUM = 10169784, bChange = 0.0017507, totNum = 23
ROUND = 2881, SUM = 10169783.9999999, bChange = 0.0017507, totNum = 23
ROUND = 2882, SUM = 10169783.9999999, bChange = 0.00175069, totNum = 23
ROUND = 2883, SUM = 10169783.9999999, bChange = 0.00175069, totNum = 23
ROUND = 2884, SUM = 10169784, bChange = 0.00175069, totNum = 23
ROUND = 2885, SUM = 10169783.9999999, bChange = 0.00175069, totNum = 23
ROUND = 2886, SUM = 10169784, bChange = 0.00175068, totNum = 23
ROUND = 2887, SUM = 10169784, bChange = 0.00175068, totNum = 23
ROUND = 2888, SUM = 10169784, bChange = 0.00175068, totNum = 23
ROUND = 2889, SUM = 10169784, bChange = 0.00175068, totNum = 23
ROUND = 2890, SUM = 10169783.9999999, bChange = 0.00175067, totNum = 23
ROUND = 2891, SUM = 10169784, bChange = 0.00175067, totNum = 23
ROUND = 2892, SUM = 10169784, bChange = 0.00175067, totNum = 23
ROUND = 2893, SUM = 10169784, bChange = 0.00175067, totNum = 23
ROUND = 2894, SUM = 10169784, bChange = 0.00175066, totNum = 22
ROUND = 2895, SUM = 10169783.9999999, bChange = 0.00175066, totNum = 22
ROUND = 2896, SUM = 10169784, bChange = 0.00175066, totNum = 22
ROUND = 2897, SUM = 10169784, bChange = 0.00175066, totNum = 22
ROUND = 2898, SUM = 10169784, bChange = 0.00175065, totNum = 22
ROUND = 2899, SUM = 10169784, bChange = 0.00175065, totNum = 22
ROUND = 2900, SUM = 10169784, bChange = 0.00175065, totNum = 22
ROUND = 2901, SUM = 10169783.9999999, bChange = 0.00175065, totNum = 22
ROUND = 2902, SUM = 10169783.9999999, bChange = 0.00175064, totNum = 22
ROUND = 2903, SUM = 10169784, bChange = 0.00175064, totNum = 22
ROUND = 2904, SUM = 10169783.9999999, bChange = 0.00175064, totNum = 22
ROUND = 2905, SUM = 10169784, bChange = 0.00175064, totNum = 22
ROUND = 2906, SUM = 10169784, bChange = 0.00175063, totNum = 22
ROUND = 2907, SUM = 10169784, bChange = 0.00175063, totNum = 22
ROUND = 2908, SUM = 10169784, bChange = 0.00175063, totNum = 22
ROUND = 2909, SUM = 10169784, bChange = 0.00175063, totNum = 21
ROUND = 2910, SUM = 10169784, bChange = 0.00175062, totNum = 21
ROUND = 2911, SUM = 10169783.9999999, bChange = 0.00175062, totNum = 21
ROUND = 2912, SUM = 10169784, bChange = 0.00175062, totNum = 21
ROUND = 2913, SUM = 10169783.9999999, bChange = 0.00175062, totNum = 21
ROUND = 2914, SUM = 10169784, bChange = 0.00175061, totNum = 21
ROUND = 2915, SUM = 10169784, bChange = 0.00175061, totNum = 21
ROUND = 2916, SUM = 10169784, bChange = 0.00175061, totNum = 21
ROUND = 2917, SUM = 10169784, bChange = 0.00175061, totNum = 21
ROUND = 2918, SUM = 10169784, bChange = 0.0017506, totNum = 21
ROUND = 2919, SUM = 10169783.9999999, bChange = 0.0017506, totNum = 21
ROUND = 2920, SUM = 10169783.9999999, bChange = 0.0017506, totNum = 21
ROUND = 2921, SUM = 10169784, bChange = 0.0017506, totNum = 21
ROUND = 2922, SUM = 10169784, bChange = 0.00175059, totNum = 20
ROUND = 2923, SUM = 10169784, bChange = 0.00175059, totNum = 20
ROUND = 2924, SUM = 10169784, bChange = 0.00175059, totNum = 20
ROUND = 2925, SUM = 10169784, bChange = 0.00175059, totNum = 20
ROUND = 2926, SUM = 10169784, bChange = 0.00175059, totNum = 20
ROUND = 2927, SUM = 10169784, bChange = 0.00175058, totNum = 20
ROUND = 2928, SUM = 10169783.9999999, bChange = 0.00175058, totNum = 20
ROUND = 2929, SUM = 10169784, bChange = 0.00175058, totNum = 20
ROUND = 2930, SUM = 10169784, bChange = 0.00175058, totNum = 20
ROUND = 2931, SUM = 10169784, bChange = 0.00175057, totNum = 20
ROUND = 2932, SUM = 10169784, bChange = 0.00175057, totNum = 20
ROUND = 2933, SUM = 10169783.9999999, bChange = 0.00175057, totNum = 20
ROUND = 2934, SUM = 10169784, bChange = 0.00175057, totNum = 20
ROUND = 2935, SUM = 10169784, bChange = 0.00175056, totNum = 20
ROUND = 2936, SUM = 10169784, bChange = 0.00175056, totNum = 20
ROUND = 2937, SUM = 10169784, bChange = 0.00175056, totNum = 20
ROUND = 2938, SUM = 10169783.9999999, bChange = 0.00175056, totNum = 20
ROUND = 2939, SUM = 10169784, bChange = 0.00175056, totNum = 20
ROUND = 2940, SUM = 10169783.9999999, bChange = 0.00175055, totNum = 20
ROUND = 2941, SUM = 10169784, bChange = 0.00175055, totNum = 20
ROUND = 2942, SUM = 10169784, bChange = 0.00175055, totNum = 20
ROUND = 2943, SUM = 10169784, bChange = 0.00175055, totNum = 20
ROUND = 2944, SUM = 10169784, bChange = 0.00175054, totNum = 20
ROUND = 2945, SUM = 10169784, bChange = 0.00175054, totNum = 20
ROUND = 2946, SUM = 10169783.9999999, bChange = 0.00175054, totNum = 20
ROUND = 2947, SUM = 10169784, bChange = 0.00175054, totNum = 20
ROUND = 2948, SUM = 10169784, bChange = 0.00175053, totNum = 20
ROUND = 2949, SUM = 10169784, bChange = 0.00175053, totNum = 20
ROUND = 2950, SUM = 10169784, bChange = 0.00175053, totNum = 20
ROUND = 2951, SUM = 10169784, bChange = 0.00175053, totNum = 20
ROUND = 2952, SUM = 10169783.9999999, bChange = 0.00175053, totNum = 20
ROUND = 2953, SUM = 10169783.9999999, bChange = 0.00175052, totNum = 20
ROUND = 2954, SUM = 10169784, bChange = 0.00175052, totNum = 20
ROUND = 2955, SUM = 10169784, bChange = 0.00175052, totNum = 19
ROUND = 2956, SUM = 10169784, bChange = 0.00175052, totNum = 19
ROUND = 2957, SUM = 10169784, bChange = 0.00175051, totNum = 19
ROUND = 2958, SUM = 10169784, bChange = 0.00175051, totNum = 19
ROUND = 2959, SUM = 10169784, bChange = 0.00175051, totNum = 19
ROUND = 2960, SUM = 10169784, bChange = 0.00175051, totNum = 19
ROUND = 2961, SUM = 10169784, bChange = 0.00175051, totNum = 19
ROUND = 2962, SUM = 10169784, bChange = 0.0017505, totNum = 19
ROUND = 2963, SUM = 10169784, bChange = 0.0017505, totNum = 19
ROUND = 2964, SUM = 10169784, bChange = 0.0017505, totNum = 19
ROUND = 2965, SUM = 10169784, bChange = 0.0017505, totNum = 19
ROUND = 2966, SUM = 10169784, bChange = 0.00175049, totNum = 19
ROUND = 2967, SUM = 10169784, bChange = 0.00175049, totNum = 19
ROUND = 2968, SUM = 10169784, bChange = 0.00175049, totNum = 19
ROUND = 2969, SUM = 10169784, bChange = 0.00175049, totNum = 19
ROUND = 2970, SUM = 10169784, bChange = 0.00175049, totNum = 18
ROUND = 2971, SUM = 10169784, bChange = 0.00175048, totNum = 18
ROUND = 2972, SUM = 10169784, bChange = 0.00175048, totNum = 18
ROUND = 2973, SUM = 10169784, bChange = 0.00175048, totNum = 18
ROUND = 2974, SUM = 10169784, bChange = 0.00175048, totNum = 18
ROUND = 2975, SUM = 10169784, bChange = 0.00175047, totNum = 18
ROUND = 2976, SUM = 10169784, bChange = 0.00175047, totNum = 18
ROUND = 2977, SUM = 10169784, bChange = 0.00175047, totNum = 18
ROUND = 2978, SUM = 10169784, bChange = 0.00175047, totNum = 18
ROUND = 2979, SUM = 10169784, bChange = 0.00175047, totNum = 18
ROUND = 2980, SUM = 10169784, bChange = 0.00172699, totNum = 17
ROUND = 2981, SUM = 10169784, bChange = 0.00172746, totNum = 17
ROUND = 2982, SUM = 10169784, bChange = 0.00172794, totNum = 17
ROUND = 2983, SUM = 10169784, bChange = 0.00172841, totNum = 17
ROUND = 2984, SUM = 10169784, bChange = 0.00172888, totNum = 17
ROUND = 2985, SUM = 10169784, bChange = 0.00172936, totNum = 17
ROUND = 2986, SUM = 10169784, bChange = 0.00172983, totNum = 17
ROUND = 2987, SUM = 10169784, bChange = 0.0017303, totNum = 17
ROUND = 2988, SUM = 10169784, bChange = 0.00173077, totNum = 17
ROUND = 2989, SUM = 10169784, bChange = 0.00173124, totNum = 17
ROUND = 2990, SUM = 10169784, bChange = 0.00173172, totNum = 16
ROUND = 2991, SUM = 10169784, bChange = 0.00173219, totNum = 16
ROUND = 2992, SUM = 10169784, bChange = 0.00173266, totNum = 16
ROUND = 2993, SUM = 10169783.9999999, bChange = 0.00173313, totNum = 16
ROUND = 2994, SUM = 10169784, bChange = 0.00173359, totNum = 16
ROUND = 2995, SUM = 10169784, bChange = 0.00173406, totNum = 16
ROUND = 2996, SUM = 10169784, bChange = 0.00173453, totNum = 16
ROUND = 2997, SUM = 10169784, bChange = 0.001735, totNum = 16
ROUND = 2998, SUM = 10169784, bChange = 0.00173547, totNum = 16
ROUND = 2999, SUM = 10169784, bChange = 0.00173593, totNum = 16
ROUND = 3000, SUM = 10169783.9999999, bChange = 0.0017364, totNum = 16
ROUND = 3001, SUM = 10169784, bChange = 0.00173686, totNum = 16
ROUND = 3002, SUM = 10169784, bChange = 0.00173733, totNum = 16
ROUND = 3003, SUM = 10169784, bChange = 0.00173779, totNum = 16
ROUND = 3004, SUM = 10169784, bChange = 0.00173826, totNum = 16
ROUND = 3005, SUM = 10169784, bChange = 0.00173872, totNum = 16
ROUND = 3006, SUM = 10169784, bChange = 0.00173919, totNum = 16
ROUND = 3007, SUM = 10169784, bChange = 0.00173965, totNum = 16
ROUND = 3008, SUM = 10169784, bChange = 0.00174011, totNum = 16
ROUND = 3009, SUM = 10169784, bChange = 0.00174057, totNum = 16
ROUND = 3010, SUM = 10169784, bChange = 0.00174104, totNum = 16
ROUND = 3011, SUM = 10169784, bChange = 0.0017415, totNum = 16
ROUND = 3012, SUM = 10169784, bChange = 0.00174196, totNum = 16
ROUND = 3013, SUM = 10169784, bChange = 0.00174242, totNum = 16
ROUND = 3014, SUM = 10169784, bChange = 0.00174288, totNum = 16
ROUND = 3015, SUM = 10169784, bChange = 0.00174334, totNum = 16
ROUND = 3016, SUM = 10169784, bChange = 0.0017438, totNum = 16
ROUND = 3017, SUM = 10169784, bChange = 0.00174425, totNum = 16
ROUND = 3018, SUM = 10169784, bChange = 0.00174471, totNum = 16
ROUND = 3019, SUM = 10169784, bChange = 0.00174517, totNum = 16
ROUND = 3020, SUM = 10169784, bChange = 0.00174563, totNum = 16
ROUND = 3021, SUM = 10169784, bChange = 0.00174608, totNum = 16
ROUND = 3022, SUM = 10169784, bChange = 0.00174654, totNum = 16
ROUND = 3023, SUM = 10169784, bChange = 0.001747, totNum = 16
ROUND = 3024, SUM = 10169784, bChange = 0.00174745, totNum = 16
ROUND = 3025, SUM = 10169784, bChange = 0.00174791, totNum = 16
ROUND = 3026, SUM = 10169784, bChange = 0.00174836, totNum = 16
ROUND = 3027, SUM = 10169784, bChange = 0.00174881, totNum = 15
ROUND = 3028, SUM = 10169783.9999999, bChange = 0.00174927, totNum = 15
ROUND = 3029, SUM = 10169784, bChange = 0.00174972, totNum = 15
ROUND = 3030, SUM = 10169784, bChange = 0.00175017, totNum = 15
ROUND = 3031, SUM = 10169784, bChange = 0.00175062, totNum = 15
ROUND = 3032, SUM = 10169784, bChange = 0.00175108, totNum = 15
ROUND = 3033, SUM = 10169784, bChange = 0.00175153, totNum = 15
ROUND = 3034, SUM = 10169784, bChange = 0.00175198, totNum = 15
ROUND = 3035, SUM = 10169784, bChange = 0.00175243, totNum = 15
ROUND = 3036, SUM = 10169784, bChange = 0.00175288, totNum = 15
ROUND = 3037, SUM = 10169784, bChange = 0.00175333, totNum = 15
ROUND = 3038, SUM = 10169784, bChange = 0.00175377, totNum = 15
ROUND = 3039, SUM = 10169783.9999999, bChange = 0.00175422, totNum = 15
ROUND = 3040, SUM = 10169783.9999999, bChange = 0.00175467, totNum = 15
ROUND = 3041, SUM = 10169784, bChange = 0.00175512, totNum = 15
ROUND = 3042, SUM = 10169783.9999999, bChange = 0.00175556, totNum = 15
ROUND = 3043, SUM = 10169784, bChange = 0.00175601, totNum = 15
ROUND = 3044, SUM = 10169784, bChange = 0.00175646, totNum = 15
ROUND = 3045, SUM = 10169784, bChange = 0.0017569, totNum = 15
ROUND = 3046, SUM = 10169784, bChange = 0.00175735, totNum = 15
ROUND = 3047, SUM = 10169784, bChange = 0.00175779, totNum = 15
ROUND = 3048, SUM = 10169784, bChange = 0.00175824, totNum = 15
ROUND = 3049, SUM = 10169783.9999999, bChange = 0.00175868, totNum = 15
ROUND = 3050, SUM = 10169784, bChange = 0.00175912, totNum = 15
ROUND = 3051, SUM = 10169783.9999999, bChange = 0.00175957, totNum = 15
ROUND = 3052, SUM = 10169784, bChange = 0.00176001, totNum = 15
ROUND = 3053, SUM = 10169784, bChange = 0.00176045, totNum = 15
ROUND = 3054, SUM = 10169783.9999999, bChange = 0.00176089, totNum = 15
ROUND = 3055, SUM = 10169784, bChange = 0.00176133, totNum = 15
ROUND = 3056, SUM = 10169784, bChange = 0.00176177, totNum = 15
ROUND = 3057, SUM = 10169784, bChange = 0.00176221, totNum = 15
ROUND = 3058, SUM = 10169783.9999999, bChange = 0.00176265, totNum = 15
ROUND = 3059, SUM = 10169784, bChange = 0.00176309, totNum = 15
ROUND = 3060, SUM = 10169784, bChange = 0.00176353, totNum = 15
ROUND = 3061, SUM = 10169784, bChange = 0.00176397, totNum = 15
ROUND = 3062, SUM = 10169783.9999999, bChange = 0.0017644, totNum = 15
ROUND = 3063, SUM = 10169784, bChange = 0.00176484, totNum = 14
ROUND = 3064, SUM = 10169784, bChange = 0.00176528, totNum = 14
ROUND = 3065, SUM = 10169784, bChange = 0.00176571, totNum = 14
ROUND = 3066, SUM = 10169784, bChange = 0.00176615, totNum = 14
ROUND = 3067, SUM = 10169784, bChange = 0.00176658, totNum = 14
ROUND = 3068, SUM = 10169784, bChange = 0.00176702, totNum = 14
ROUND = 3069, SUM = 10169784, bChange = 0.00176745, totNum = 14
ROUND = 3070, SUM = 10169784, bChange = 0.00176789, totNum = 14
ROUND = 3071, SUM = 10169784, bChange = 0.00176832, totNum = 14
ROUND = 3072, SUM = 10169784, bChange = 0.00176875, totNum = 14
ROUND = 3073, SUM = 10169784, bChange = 0.00176919, totNum = 14
ROUND = 3074, SUM = 10169784, bChange = 0.00176962, totNum = 14
ROUND = 3075, SUM = 10169784, bChange = 0.00147973, totNum = 13
ROUND = 3076, SUM = 10169784, bChange = 0.00147973, totNum = 13
ROUND = 3077, SUM = 10169784, bChange = 0.00147974, totNum = 13
ROUND = 3078, SUM = 10169783.9999999, bChange = 0.00147975, totNum = 13
ROUND = 3079, SUM = 10169784, bChange = 0.00147976, totNum = 13
ROUND = 3080, SUM = 10169784, bChange = 0.00147976, totNum = 13
ROUND = 3081, SUM = 10169784, bChange = 0.00147977, totNum = 13
ROUND = 3082, SUM = 10169784, bChange = 0.00147978, totNum = 13
ROUND = 3083, SUM = 10169784, bChange = 0.00147979, totNum = 13
ROUND = 3084, SUM = 10169784, bChange = 0.00147979, totNum = 13
ROUND = 3085, SUM = 10169784, bChange = 0.0014798, totNum = 13
ROUND = 3086, SUM = 10169784, bChange = 0.00147981, totNum = 13
ROUND = 3087, SUM = 10169784, bChange = 0.00147982, totNum = 13
ROUND = 3088, SUM = 10169784, bChange = 0.00147982, totNum = 13
ROUND = 3089, SUM = 10169783.9999999, bChange = 0.00147983, totNum = 13
ROUND = 3090, SUM = 10169784, bChange = 0.00147984, totNum = 13
ROUND = 3091, SUM = 10169784, bChange = 0.00147984, totNum = 13
ROUND = 3092, SUM = 10169784, bChange = 0.00147985, totNum = 13
ROUND = 3093, SUM = 10169783.9999999, bChange = 0.00147986, totNum = 13
ROUND = 3094, SUM = 10169784, bChange = 0.00147987, totNum = 13
ROUND = 3095, SUM = 10169783.9999999, bChange = 0.00147987, totNum = 13
ROUND = 3096, SUM = 10169784, bChange = 0.00147988, totNum = 13
ROUND = 3097, SUM = 10169784, bChange = 0.00147989, totNum = 13
ROUND = 3098, SUM = 10169784, bChange = 0.0014799, totNum = 13
ROUND = 3099, SUM = 10169784, bChange = 0.0014799, totNum = 13
ROUND = 3100, SUM = 10169784, bChange = 0.00147991, totNum = 13
ROUND = 3101, SUM = 10169784, bChange = 0.00147992, totNum = 13
ROUND = 3102, SUM = 10169784, bChange = 0.00147992, totNum = 13
ROUND = 3103, SUM = 10169784, bChange = 0.00147993, totNum = 13
ROUND = 3104, SUM = 10169784, bChange = 0.00147994, totNum = 12
ROUND = 3105, SUM = 10169784, bChange = 0.00147995, totNum = 12
ROUND = 3106, SUM = 10169784, bChange = 0.00147995, totNum = 12
ROUND = 3107, SUM = 10169784, bChange = 0.00147996, totNum = 12
ROUND = 3108, SUM = 10169784, bChange = 0.00147997, totNum = 12
ROUND = 3109, SUM = 10169784, bChange = 0.00147998, totNum = 12
ROUND = 3110, SUM = 10169784, bChange = 0.00147998, totNum = 12
ROUND = 3111, SUM = 10169784, bChange = 0.00147999, totNum = 12
ROUND = 3112, SUM = 10169784, bChange = 0.00148, totNum = 12
ROUND = 3113, SUM = 10169784, bChange = 0.00148, totNum = 12
ROUND = 3114, SUM = 10169784, bChange = 0.00148001, totNum = 12
ROUND = 3115, SUM = 10169784, bChange = 0.00148002, totNum = 12
ROUND = 3116, SUM = 10169784, bChange = 0.00148002, totNum = 12
ROUND = 3117, SUM = 10169784, bChange = 0.00148003, totNum = 12
ROUND = 3118, SUM = 10169784, bChange = 0.00148004, totNum = 12
ROUND = 3119, SUM = 10169784, bChange = 0.00148005, totNum = 12
ROUND = 3120, SUM = 10169784, bChange = 0.00148005, totNum = 12
ROUND = 3121, SUM = 10169784, bChange = 0.00148006, totNum = 12
ROUND = 3122, SUM = 10169783.9999999, bChange = 0.00148007, totNum = 12
ROUND = 3123, SUM = 10169784, bChange = 0.00148007, totNum = 11
ROUND = 3124, SUM = 10169784, bChange = 0.00148008, totNum = 11
ROUND = 3125, SUM = 10169784, bChange = 0.00148009, totNum = 11
ROUND = 3126, SUM = 10169784, bChange = 0.00148009, totNum = 11
ROUND = 3127, SUM = 10169783.9999999, bChange = 0.0014801, totNum = 11
ROUND = 3128, SUM = 10169783.9999999, bChange = 0.00148011, totNum = 11
ROUND = 3129, SUM = 10169784, bChange = 0.00148012, totNum = 11
ROUND = 3130, SUM = 10169784, bChange = 0.00148012, totNum = 11
ROUND = 3131, SUM = 10169784, bChange = 0.00148013, totNum = 11
ROUND = 3132, SUM = 10169784, bChange = 0.00148014, totNum = 11
ROUND = 3133, SUM = 10169784, bChange = 0.00148014, totNum = 11
ROUND = 3134, SUM = 10169784, bChange = 0.00148015, totNum = 11
ROUND = 3135, SUM = 10169784, bChange = 0.00148016, totNum = 11
ROUND = 3136, SUM = 10169784, bChange = 0.00148016, totNum = 11
ROUND = 3137, SUM = 10169784, bChange = 0.00148017, totNum = 11
ROUND = 3138, SUM = 10169784, bChange = 0.00148018, totNum = 11
ROUND = 3139, SUM = 10169784, bChange = 0.00148018, totNum = 11
ROUND = 3140, SUM = 10169784, bChange = 0.00148019, totNum = 11
ROUND = 3141, SUM = 10169784, bChange = 0.0014802, totNum = 11
ROUND = 3142, SUM = 10169784, bChange = 0.00148021, totNum = 11
ROUND = 3143, SUM = 10169784, bChange = 0.00148021, totNum = 11
ROUND = 3144, SUM = 10169784, bChange = 0.00148022, totNum = 11
ROUND = 3145, SUM = 10169784, bChange = 0.00148023, totNum = 11
ROUND = 3146, SUM = 10169783.9999999, bChange = 0.00148023, totNum = 11
ROUND = 3147, SUM = 10169784, bChange = 0.00148024, totNum = 11
ROUND = 3148, SUM = 10169783.9999999, bChange = 0.00148025, totNum = 11
ROUND = 3149, SUM = 10169783.9999999, bChange = 0.00148025, totNum = 11
ROUND = 3150, SUM = 10169784, bChange = 0.00148026, totNum = 11
ROUND = 3151, SUM = 10169784, bChange = 0.00148027, totNum = 10
ROUND = 3152, SUM = 10169784, bChange = 0.00148027, totNum = 10
ROUND = 3153, SUM = 10169784, bChange = 0.00148028, totNum = 10
ROUND = 3154, SUM = 10169784, bChange = 0.00148029, totNum = 10
ROUND = 3155, SUM = 10169784, bChange = 0.00148029, totNum = 10
ROUND = 3156, SUM = 10169784, bChange = 0.0014803, totNum = 10
ROUND = 3157, SUM = 10169784, bChange = 0.00148031, totNum = 10
ROUND = 3158, SUM = 10169784, bChange = 0.00148031, totNum = 10
ROUND = 3159, SUM = 10169784, bChange = 0.00148032, totNum = 10
ROUND = 3160, SUM = 10169784, bChange = 0.00148033, totNum = 10
ROUND = 3161, SUM = 10169784, bChange = 0.00148033, totNum = 10
ROUND = 3162, SUM = 10169784, bChange = 0.00148034, totNum = 10
ROUND = 3163, SUM = 10169783.9999999, bChange = 0.00148035, totNum = 10
ROUND = 3164, SUM = 10169784, bChange = 0.00148035, totNum = 10
ROUND = 3165, SUM = 10169784, bChange = 0.00148036, totNum = 10
ROUND = 3166, SUM = 10169784, bChange = 0.00148037, totNum = 10
ROUND = 3167, SUM = 10169784, bChange = 0.00148037, totNum = 10
ROUND = 3168, SUM = 10169784, bChange = 0.00148038, totNum = 10
ROUND = 3169, SUM = 10169784, bChange = 0.00148038, totNum = 10
ROUND = 3170, SUM = 10169783.9999999, bChange = 0.00148039, totNum = 10
ROUND = 3171, SUM = 10169784, bChange = 0.0014804, totNum = 10
ROUND = 3172, SUM = 10169783.9999999, bChange = 0.0014804, totNum = 10
ROUND = 3173, SUM = 10169783.9999999, bChange = 0.00148041, totNum = 10
ROUND = 3174, SUM = 10169784, bChange = 0.00148042, totNum = 10
ROUND = 3175, SUM = 10169784, bChange = 0.00148042, totNum = 10
ROUND = 3176, SUM = 10169784, bChange = 0.00148043, totNum = 10
ROUND = 3177, SUM = 10169784, bChange = 0.00148044, totNum = 10
ROUND = 3178, SUM = 10169784, bChange = 0.00148044, totNum = 9
ROUND = 3179, SUM = 10169784, bChange = 0.00148045, totNum = 9
ROUND = 3180, SUM = 10169784, bChange = 0.00148046, totNum = 9
ROUND = 3181, SUM = 10169783.9999999, bChange = 0.00148046, totNum = 9
ROUND = 3182, SUM = 10169783.9999999, bChange = 0.00148047, totNum = 9
ROUND = 3183, SUM = 10169784, bChange = 0.00148048, totNum = 9
ROUND = 3184, SUM = 10169784, bChange = 0.00148048, totNum = 9
ROUND = 3185, SUM = 10169783.9999999, bChange = 0.00148049, totNum = 9
ROUND = 3186, SUM = 10169784, bChange = 0.00148049, totNum = 9
ROUND = 3187, SUM = 10169784, bChange = 0.0014805, totNum = 9
ROUND = 3188, SUM = 10169784, bChange = 0.00148051, totNum = 9
ROUND = 3189, SUM = 10169784, bChange = 0.00148051, totNum = 9
ROUND = 3190, SUM = 10169784, bChange = 0.00148052, totNum = 9
ROUND = 3191, SUM = 10169784, bChange = 0.00148053, totNum = 9
ROUND = 3192, SUM = 10169784, bChange = 0.00148053, totNum = 9
ROUND = 3193, SUM = 10169784, bChange = 0.00148054, totNum = 9
ROUND = 3194, SUM = 10169784, bChange = 0.00148055, totNum = 9
ROUND = 3195, SUM = 10169783.9999999, bChange = 0.00148055, totNum = 9
ROUND = 3196, SUM = 10169784, bChange = 0.00148056, totNum = 9
ROUND = 3197, SUM = 10169784, bChange = 0.00148056, totNum = 9
ROUND = 3198, SUM = 10169784, bChange = 0.00148057, totNum = 9
ROUND = 3199, SUM = 10169784, bChange = 0.00148058, totNum = 9
ROUND = 3200, SUM = 10169784, bChange = 0.00148058, totNum = 9
ROUND = 3201, SUM = 10169784, bChange = 0.00148059, totNum = 9
ROUND = 3202, SUM = 10169784, bChange = 0.0014806, totNum = 9
ROUND = 3203, SUM = 10169784, bChange = 0.0014806, totNum = 9
ROUND = 3204, SUM = 10169784, bChange = 0.00148061, totNum = 9
ROUND = 3205, SUM = 10169784, bChange = 0.00148061, totNum = 9
ROUND = 3206, SUM = 10169784, bChange = 0.00148062, totNum = 9
ROUND = 3207, SUM = 10169784, bChange = 0.00148063, totNum = 9
ROUND = 3208, SUM = 10169784, bChange = 0.00148063, totNum = 9
ROUND = 3209, SUM = 10169784, bChange = 0.00148064, totNum = 9
ROUND = 3210, SUM = 10169784, bChange = 0.00148064, totNum = 9
ROUND = 3211, SUM = 10169783.9999999, bChange = 0.00148065, totNum = 9
ROUND = 3212, SUM = 10169784, bChange = 0.00148066, totNum = 9
ROUND = 3213, SUM = 10169784, bChange = 0.00148066, totNum = 9
ROUND = 3214, SUM = 10169784, bChange = 0.00148067, totNum = 9
ROUND = 3215, SUM = 10169784, bChange = 0.00148068, totNum = 9
ROUND = 3216, SUM = 10169784, bChange = 0.00148068, totNum = 9
ROUND = 3217, SUM = 10169784, bChange = 0.00148069, totNum = 9
ROUND = 3218, SUM = 10169784, bChange = 0.00148069, totNum = 9
ROUND = 3219, SUM = 10169783.9999999, bChange = 0.0014807, totNum = 9
ROUND = 3220, SUM = 10169783.9999999, bChange = 0.00148071, totNum = 9
ROUND = 3221, SUM = 10169783.9999999, bChange = 0.00148071, totNum = 9
ROUND = 3222, SUM = 10169784, bChange = 0.00148072, totNum = 9
ROUND = 3223, SUM = 10169784, bChange = 0.00148072, totNum = 8
ROUND = 3224, SUM = 10169784, bChange = 0.00148073, totNum = 8
ROUND = 3225, SUM = 10169784, bChange = 0.00148074, totNum = 8
ROUND = 3226, SUM = 10169784, bChange = 0.00148074, totNum = 8
ROUND = 3227, SUM = 10169784, bChange = 0.00148075, totNum = 8
ROUND = 3228, SUM = 10169784, bChange = 0.00148075, totNum = 8
ROUND = 3229, SUM = 10169784, bChange = 0.00148076, totNum = 7
ROUND = 3230, SUM = 10169784, bChange = 0.00148077, totNum = 7
ROUND = 3231, SUM = 10169784, bChange = 0.00148077, totNum = 7
ROUND = 3232, SUM = 10169784, bChange = 0.00148078, totNum = 7
ROUND = 3233, SUM = 10169784, bChange = 0.00148078, totNum = 7
ROUND = 3234, SUM = 10169784, bChange = 0.00148079, totNum = 7
ROUND = 3235, SUM = 10169784, bChange = 0.0014808, totNum = 7
ROUND = 3236, SUM = 10169784, bChange = 0.0014808, totNum = 7
ROUND = 3237, SUM = 10169784, bChange = 0.00148081, totNum = 7
ROUND = 3238, SUM = 10169784, bChange = 0.00148081, totNum = 7
ROUND = 3239, SUM = 10169784, bChange = 0.00148082, totNum = 7
ROUND = 3240, SUM = 10169784, bChange = 0.00148082, totNum = 7
ROUND = 3241, SUM = 10169783.9999999, bChange = 0.00148083, totNum = 7
ROUND = 3242, SUM = 10169784, bChange = 0.00148084, totNum = 7
ROUND = 3243, SUM = 10169784, bChange = 0.00148084, totNum = 7
ROUND = 3244, SUM = 10169784, bChange = 0.00148085, totNum = 7
ROUND = 3245, SUM = 10169784, bChange = 0.00148085, totNum = 7
ROUND = 3246, SUM = 10169783.9999999, bChange = 0.00148086, totNum = 7
ROUND = 3247, SUM = 10169784, bChange = 0.00148087, totNum = 7
ROUND = 3248, SUM = 10169784, bChange = 0.00148087, totNum = 7
ROUND = 3249, SUM = 10169784, bChange = 0.00148088, totNum = 7
ROUND = 3250, SUM = 10169783.9999999, bChange = 0.00148088, totNum = 7
ROUND = 3251, SUM = 10169784, bChange = 0.00148089, totNum = 7
ROUND = 3252, SUM = 10169783.9999999, bChange = 0.00148089, totNum = 7
ROUND = 3253, SUM = 10169783.9999999, bChange = 0.0014809, totNum = 7
ROUND = 3254, SUM = 10169784, bChange = 0.00148091, totNum = 7
ROUND = 3255, SUM = 10169784, bChange = 0.00148091, totNum = 7
ROUND = 3256, SUM = 10169784, bChange = 0.00148092, totNum = 7
ROUND = 3257, SUM = 10169783.9999999, bChange = 0.00148092, totNum = 7
ROUND = 3258, SUM = 10169784, bChange = 0.00148093, totNum = 7
ROUND = 3259, SUM = 10169783.9999999, bChange = 0.00148093, totNum = 7
ROUND = 3260, SUM = 10169784, bChange = 0.00148094, totNum = 7
ROUND = 3261, SUM = 10169783.9999999, bChange = 0.00148095, totNum = 7
ROUND = 3262, SUM = 10169784, bChange = 0.00148095, totNum = 7
ROUND = 3263, SUM = 10169784, bChange = 0.00148096, totNum = 7
ROUND = 3264, SUM = 10169784, bChange = 0.00148096, totNum = 7
ROUND = 3265, SUM = 10169784, bChange = 0.00148097, totNum = 7
ROUND = 3266, SUM = 10169783.9999999, bChange = 0.00148097, totNum = 7
ROUND = 3267, SUM = 10169784, bChange = 0.00148098, totNum = 7
ROUND = 3268, SUM = 10169783.9999999, bChange = 0.00148099, totNum = 7
ROUND = 3269, SUM = 10169783.9999999, bChange = 0.00148099, totNum = 7
ROUND = 3270, SUM = 10169783.9999999, bChange = 0.001481, totNum = 7
ROUND = 3271, SUM = 10169783.9999999, bChange = 0.001481, totNum = 7
ROUND = 3272, SUM = 10169784, bChange = 0.00148101, totNum = 7
ROUND = 3273, SUM = 10169783.9999999, bChange = 0.00148101, totNum = 7
ROUND = 3274, SUM = 10169783.9999999, bChange = 0.00148102, totNum = 7
ROUND = 3275, SUM = 10169784, bChange = 0.00148102, totNum = 7
ROUND = 3276, SUM = 10169783.9999999, bChange = 0.00148103, totNum = 7
ROUND = 3277, SUM = 10169783.9999999, bChange = 0.00148104, totNum = 7
ROUND = 3278, SUM = 10169784, bChange = 0.00148104, totNum = 7
ROUND = 3279, SUM = 10169784, bChange = 0.00148105, totNum = 7
ROUND = 3280, SUM = 10169783.9999999, bChange = 0.00148105, totNum = 7
ROUND = 3281, SUM = 10169784, bChange = 0.00148106, totNum = 7
ROUND = 3282, SUM = 10169783.9999999, bChange = 0.00148106, totNum = 7
ROUND = 3283, SUM = 10169784, bChange = 0.00148107, totNum = 7
ROUND = 3284, SUM = 10169784, bChange = 0.00148107, totNum = 7
ROUND = 3285, SUM = 10169784, bChange = 0.00148108, totNum = 7
ROUND = 3286, SUM = 10169783.9999999, bChange = 0.00148109, totNum = 7
ROUND = 3287, SUM = 10169784, bChange = 0.00148109, totNum = 7
ROUND = 3288, SUM = 10169784, bChange = 0.0014811, totNum = 7
ROUND = 3289, SUM = 10169784, bChange = 0.0014811, totNum = 7
ROUND = 3290, SUM = 10169784, bChange = 0.00148111, totNum = 7
ROUND = 3291, SUM = 10169784, bChange = 0.00148111, totNum = 7
ROUND = 3292, SUM = 10169783.9999999, bChange = 0.00148112, totNum = 7
ROUND = 3293, SUM = 10169784, bChange = 0.00148112, totNum = 7
ROUND = 3294, SUM = 10169784, bChange = 0.00148113, totNum = 7
ROUND = 3295, SUM = 10169784, bChange = 0.00148113, totNum = 7
ROUND = 3296, SUM = 10169783.9999999, bChange = 0.00148114, totNum = 7
ROUND = 3297, SUM = 10169783.9999999, bChange = 0.00148115, totNum = 7
ROUND = 3298, SUM = 10169783.9999999, bChange = 0.00148115, totNum = 7
ROUND = 3299, SUM = 10169783.9999999, bChange = 0.00148116, totNum = 7
ROUND = 3300, SUM = 10169784, bChange = 0.00148116, totNum = 7
ROUND = 3301, SUM = 10169784, bChange = 0.00148117, totNum = 7
ROUND = 3302, SUM = 10169784, bChange = 0.00148117, totNum = 7
ROUND = 3303, SUM = 10169784, bChange = 0.00148118, totNum = 7
ROUND = 3304, SUM = 10169783.9999999, bChange = 0.00148118, totNum = 7
ROUND = 3305, SUM = 10169783.9999999, bChange = 0.00148119, totNum = 7
ROUND = 3306, SUM = 10169783.9999999, bChange = 0.00148119, totNum = 7
ROUND = 3307, SUM = 10169784, bChange = 0.0014812, totNum = 7
ROUND = 3308, SUM = 10169784, bChange = 0.0014812, totNum = 7
ROUND = 3309, SUM = 10169784, bChange = 0.00148121, totNum = 7
ROUND = 3310, SUM = 10169784, bChange = 0.00148121, totNum = 7
ROUND = 3311, SUM = 10169783.9999999, bChange = 0.00148122, totNum = 7
ROUND = 3312, SUM = 10169783.9999999, bChange = 0.00148123, totNum = 7
ROUND = 3313, SUM = 10169783.9999999, bChange = 0.00148123, totNum = 7
ROUND = 3314, SUM = 10169784, bChange = 0.00148124, totNum = 7
ROUND = 3315, SUM = 10169784, bChange = 0.00148124, totNum = 7
ROUND = 3316, SUM = 10169783.9999999, bChange = 0.00148125, totNum = 7
ROUND = 3317, SUM = 10169783.9999999, bChange = 0.00148125, totNum = 7
ROUND = 3318, SUM = 10169783.9999999, bChange = 0.00148126, totNum = 7
ROUND = 3319, SUM = 10169784, bChange = 0.00148126, totNum = 7
ROUND = 3320, SUM = 10169783.9999999, bChange = 0.00148127, totNum = 7
ROUND = 3321, SUM = 10169783.9999999, bChange = 0.00148127, totNum = 6
ROUND = 3322, SUM = 10169784, bChange = 0.00148128, totNum = 6
ROUND = 3323, SUM = 10169783.9999999, bChange = 0.00148128, totNum = 6
ROUND = 3324, SUM = 10169784, bChange = 0.00148129, totNum = 6
ROUND = 3325, SUM = 10169783.9999999, bChange = 0.00148129, totNum = 6
ROUND = 3326, SUM = 10169783.9999999, bChange = 0.0014813, totNum = 6
ROUND = 3327, SUM = 10169784, bChange = 0.0014813, totNum = 6
ROUND = 3328, SUM = 10169784, bChange = 0.00148131, totNum = 6
ROUND = 3329, SUM = 10169784, bChange = 0.00148131, totNum = 6
ROUND = 3330, SUM = 10169783.9999999, bChange = 0.00148132, totNum = 6
ROUND = 3331, SUM = 10169783.9999999, bChange = 0.00148132, totNum = 6
ROUND = 3332, SUM = 10169783.9999999, bChange = 0.00148133, totNum = 6
ROUND = 3333, SUM = 10169784, bChange = 0.00148133, totNum = 6
ROUND = 3334, SUM = 10169783.9999999, bChange = 0.00148134, totNum = 6
ROUND = 3335, SUM = 10169783.9999999, bChange = 0.00148134, totNum = 6
ROUND = 3336, SUM = 10169784, bChange = 0.00148135, totNum = 6
ROUND = 3337, SUM = 10169783.9999999, bChange = 0.00148135, totNum = 6
ROUND = 3338, SUM = 10169783.9999999, bChange = 0.00148136, totNum = 6
ROUND = 3339, SUM = 10169783.9999999, bChange = 0.00148136, totNum = 6
ROUND = 3340, SUM = 10169784, bChange = 0.00148137, totNum = 6
ROUND = 3341, SUM = 10169784, bChange = 0.00148138, totNum = 6
ROUND = 3342, SUM = 10169783.9999999, bChange = 0.00148138, totNum = 6
ROUND = 3343, SUM = 10169783.9999999, bChange = 0.00148139, totNum = 6
ROUND = 3344, SUM = 10169783.9999999, bChange = 0.00148139, totNum = 6
ROUND = 3345, SUM = 10169784, bChange = 0.0014814, totNum = 6
ROUND = 3346, SUM = 10169784, bChange = 0.0014814, totNum = 6
ROUND = 3347, SUM = 10169784, bChange = 0.00148141, totNum = 6
ROUND = 3348, SUM = 10169784, bChange = 0.00148141, totNum = 6
ROUND = 3349, SUM = 10169784, bChange = 0.00148142, totNum = 6
ROUND = 3350, SUM = 10169783.9999999, bChange = 0.00148142, totNum = 6
ROUND = 3351, SUM = 10169783.9999999, bChange = 0.00148143, totNum = 6
ROUND = 3352, SUM = 10169784, bChange = 0.00148143, totNum = 6
ROUND = 3353, SUM = 10169784, bChange = 0.00148144, totNum = 6
ROUND = 3354, SUM = 10169784, bChange = 0.00148144, totNum = 6
ROUND = 3355, SUM = 10169783.9999999, bChange = 0.00148145, totNum = 6
ROUND = 3356, SUM = 10169783.9999999, bChange = 0.00148145, totNum = 6
ROUND = 3357, SUM = 10169783.9999999, bChange = 0.00148145, totNum = 6
ROUND = 3358, SUM = 10169783.9999999, bChange = 0.00148146, totNum = 6
ROUND = 3359, SUM = 10169783.9999999, bChange = 0.00148146, totNum = 6
ROUND = 3360, SUM = 10169783.9999999, bChange = 0.00148147, totNum = 6
ROUND = 3361, SUM = 10169784, bChange = 0.00148147, totNum = 6
ROUND = 3362, SUM = 10169783.9999999, bChange = 0.00148148, totNum = 6
ROUND = 3363, SUM = 10169784, bChange = 0.00148148, totNum = 6
ROUND = 3364, SUM = 10169783.9999999, bChange = 0.00148149, totNum = 6
ROUND = 3365, SUM = 10169783.9999999, bChange = 0.00148149, totNum = 6
ROUND = 3366, SUM = 10169783.9999999, bChange = 0.0014815, totNum = 6
ROUND = 3367, SUM = 10169783.9999999, bChange = 0.0014815, totNum = 6
ROUND = 3368, SUM = 10169784, bChange = 0.00148151, totNum = 6
ROUND = 3369, SUM = 10169783.9999999, bChange = 0.00148151, totNum = 6
ROUND = 3370, SUM = 10169784, bChange = 0.00148152, totNum = 6
ROUND = 3371, SUM = 10169784, bChange = 0.00148152, totNum = 6
ROUND = 3372, SUM = 10169783.9999999, bChange = 0.00148153, totNum = 6
ROUND = 3373, SUM = 10169783.9999999, bChange = 0.00148153, totNum = 6
ROUND = 3374, SUM = 10169784, bChange = 0.00148154, totNum = 6
ROUND = 3375, SUM = 10169784, bChange = 0.00148154, totNum = 6
ROUND = 3376, SUM = 10169783.9999999, bChange = 0.00148155, totNum = 6
ROUND = 3377, SUM = 10169783.9999999, bChange = 0.00148155, totNum = 6
ROUND = 3378, SUM = 10169783.9999999, bChange = 0.00148156, totNum = 6
ROUND = 3379, SUM = 10169784, bChange = 0.00148156, totNum = 6
ROUND = 3380, SUM = 10169784, bChange = 0.00148157, totNum = 6
ROUND = 3381, SUM = 10169784, bChange = 0.00148157, totNum = 6
ROUND = 3382, SUM = 10169783.9999999, bChange = 0.00148158, totNum = 6
ROUND = 3383, SUM = 10169783.9999999, bChange = 0.00148158, totNum = 6
ROUND = 3384, SUM = 10169783.9999999, bChange = 0.00148159, totNum = 6
ROUND = 3385, SUM = 10169784, bChange = 0.00148159, totNum = 6
ROUND = 3386, SUM = 10169783.9999999, bChange = 0.00148159, totNum = 6
ROUND = 3387, SUM = 10169784, bChange = 0.0014816, totNum = 6
ROUND = 3388, SUM = 10169783.9999999, bChange = 0.0014816, totNum = 6
ROUND = 3389, SUM = 10169784, bChange = 0.00148161, totNum = 6
ROUND = 3390, SUM = 10169784, bChange = 0.00148161, totNum = 6
ROUND = 3391, SUM = 10169783.9999999, bChange = 0.00148162, totNum = 6
ROUND = 3392, SUM = 10169784, bChange = 0.00148162, totNum = 6
ROUND = 3393, SUM = 10169783.9999999, bChange = 0.00148163, totNum = 6
ROUND = 3394, SUM = 10169783.9999999, bChange = 0.00148163, totNum = 6
ROUND = 3395, SUM = 10169784, bChange = 0.00148164, totNum = 6
ROUND = 3396, SUM = 10169784, bChange = 0.00148164, totNum = 6
ROUND = 3397, SUM = 10169783.9999999, bChange = 0.00148165, totNum = 6
ROUND = 3398, SUM = 10169784, bChange = 0.00148165, totNum = 6
ROUND = 3399, SUM = 10169784, bChange = 0.00148166, totNum = 6
ROUND = 3400, SUM = 10169783.9999999, bChange = 0.00148166, totNum = 6
ROUND = 3401, SUM = 10169784, bChange = 0.00148166, totNum = 6
ROUND = 3402, SUM = 10169783.9999999, bChange = 0.00148167, totNum = 6
ROUND = 3403, SUM = 10169784, bChange = 0.00148167, totNum = 6
ROUND = 3404, SUM = 10169784, bChange = 0.00148168, totNum = 6
ROUND = 3405, SUM = 10169783.9999999, bChange = 0.00148168, totNum = 6
ROUND = 3406, SUM = 10169784, bChange = 0.00148169, totNum = 6
ROUND = 3407, SUM = 10169784, bChange = 0.00148169, totNum = 6
ROUND = 3408, SUM = 10169783.9999999, bChange = 0.0014817, totNum = 6
ROUND = 3409, SUM = 10169783.9999999, bChange = 0.0014817, totNum = 6
ROUND = 3410, SUM = 10169783.9999999, bChange = 0.00148171, totNum = 6
ROUND = 3411, SUM = 10169783.9999999, bChange = 0.00148171, totNum = 6
ROUND = 3412, SUM = 10169784, bChange = 0.00148172, totNum = 6
ROUND = 3413, SUM = 10169783.9999999, bChange = 0.00148172, totNum = 6
ROUND = 3414, SUM = 10169784, bChange = 0.00148172, totNum = 6
ROUND = 3415, SUM = 10169783.9999999, bChange = 0.00148173, totNum = 6
ROUND = 3416, SUM = 10169784, bChange = 0.00148173, totNum = 6
ROUND = 3417, SUM = 10169783.9999999, bChange = 0.00148174, totNum = 6
ROUND = 3418, SUM = 10169783.9999999, bChange = 0.00148174, totNum = 6
ROUND = 3419, SUM = 10169783.9999999, bChange = 0.00148175, totNum = 6
ROUND = 3420, SUM = 10169783.9999999, bChange = 0.00148175, totNum = 6
ROUND = 3421, SUM = 10169783.9999999, bChange = 0.00148176, totNum = 6
ROUND = 3422, SUM = 10169784, bChange = 0.00148176, totNum = 6
ROUND = 3423, SUM = 10169783.9999999, bChange = 0.00148176, totNum = 6
ROUND = 3424, SUM = 10169784, bChange = 0.00148177, totNum = 6
ROUND = 3425, SUM = 10169783.9999999, bChange = 0.00148177, totNum = 6
ROUND = 3426, SUM = 10169783.9999999, bChange = 0.00148178, totNum = 6
ROUND = 3427, SUM = 10169783.9999999, bChange = 0.00148178, totNum = 6
ROUND = 3428, SUM = 10169783.9999999, bChange = 0.00148179, totNum = 6
ROUND = 3429, SUM = 10169783.9999999, bChange = 0.00148179, totNum = 6
ROUND = 3430, SUM = 10169783.9999999, bChange = 0.0014818, totNum = 6
ROUND = 3431, SUM = 10169784, bChange = 0.0014818, totNum = 6
ROUND = 3432, SUM = 10169783.9999999, bChange = 0.0014818, totNum = 6
ROUND = 3433, SUM = 10169784, bChange = 0.00148181, totNum = 6
ROUND = 3434, SUM = 10169783.9999999, bChange = 0.00148181, totNum = 6
ROUND = 3435, SUM = 10169784, bChange = 0.00148182, totNum = 6
ROUND = 3436, SUM = 10169784, bChange = 0.00148182, totNum = 6
ROUND = 3437, SUM = 10169783.9999999, bChange = 0.00148183, totNum = 6
ROUND = 3438, SUM = 10169783.9999999, bChange = 0.00148183, totNum = 6
ROUND = 3439, SUM = 10169783.9999999, bChange = 0.00148184, totNum = 6
ROUND = 3440, SUM = 10169783.9999999, bChange = 0.00148184, totNum = 6
ROUND = 3441, SUM = 10169783.9999999, bChange = 0.00148184, totNum = 6
ROUND = 3442, SUM = 10169783.9999999, bChange = 0.00148185, totNum = 6
ROUND = 3443, SUM = 10169784, bChange = 0.00148185, totNum = 6
ROUND = 3444, SUM = 10169783.9999999, bChange = 0.00148186, totNum = 6
ROUND = 3445, SUM = 10169783.9999999, bChange = 0.00148186, totNum = 6
ROUND = 3446, SUM = 10169783.9999999, bChange = 0.00148187, totNum = 6
ROUND = 3447, SUM = 10169783.9999999, bChange = 0.00148187, totNum = 6
ROUND = 3448, SUM = 10169784, bChange = 0.00148187, totNum = 6
ROUND = 3449, SUM = 10169784, bChange = 0.00148188, totNum = 6
ROUND = 3450, SUM = 10169783.9999999, bChange = 0.00148188, totNum = 6
ROUND = 3451, SUM = 10169784, bChange = 0.00148189, totNum = 6
ROUND = 3452, SUM = 10169784, bChange = 0.00148189, totNum = 6
ROUND = 3453, SUM = 10169784, bChange = 0.0014819, totNum = 6
ROUND = 3454, SUM = 10169783.9999999, bChange = 0.0014819, totNum = 6
ROUND = 3455, SUM = 10169784, bChange = 0.0014819, totNum = 6
ROUND = 3456, SUM = 10169784, bChange = 0.00148191, totNum = 6
ROUND = 3457, SUM = 10169784, bChange = 0.00148191, totNum = 6
ROUND = 3458, SUM = 10169783.9999999, bChange = 0.00148192, totNum = 6
ROUND = 3459, SUM = 10169783.9999999, bChange = 0.00148192, totNum = 6
ROUND = 3460, SUM = 10169783.9999999, bChange = 0.00148193, totNum = 6
ROUND = 3461, SUM = 10169784, bChange = 0.00148193, totNum = 6
ROUND = 3462, SUM = 10169783.9999999, bChange = 0.00148193, totNum = 6
ROUND = 3463, SUM = 10169783.9999999, bChange = 0.00148194, totNum = 6
ROUND = 3464, SUM = 10169783.9999999, bChange = 0.00148194, totNum = 6
ROUND = 3465, SUM = 10169783.9999999, bChange = 0.00148195, totNum = 6
ROUND = 3466, SUM = 10169783.9999999, bChange = 0.00148195, totNum = 6
ROUND = 3467, SUM = 10169783.9999999, bChange = 0.00148195, totNum = 6
ROUND = 3468, SUM = 10169784, bChange = 0.00148196, totNum = 6
ROUND = 3469, SUM = 10169784, bChange = 0.00148196, totNum = 6
ROUND = 3470, SUM = 10169783.9999999, bChange = 0.00148197, totNum = 6
ROUND = 3471, SUM = 10169783.9999999, bChange = 0.00148197, totNum = 6
ROUND = 3472, SUM = 10169783.9999999, bChange = 0.00148198, totNum = 6
ROUND = 3473, SUM = 10169784, bChange = 0.00148198, totNum = 6
ROUND = 3474, SUM = 10169783.9999999, bChange = 0.00148198, totNum = 6
ROUND = 3475, SUM = 10169783.9999999, bChange = 0.00148199, totNum = 6
ROUND = 3476, SUM = 10169784, bChange = 0.00148199, totNum = 6
ROUND = 3477, SUM = 10169784, bChange = 0.001482, totNum = 6
ROUND = 3478, SUM = 10169784, bChange = 0.001482, totNum = 6
ROUND = 3479, SUM = 10169784, bChange = 0.001482, totNum = 6
ROUND = 3480, SUM = 10169783.9999999, bChange = 0.00148201, totNum = 6
ROUND = 3481, SUM = 10169783.9999999, bChange = 0.00148201, totNum = 6
ROUND = 3482, SUM = 10169783.9999999, bChange = 0.00148202, totNum = 6
ROUND = 3483, SUM = 10169783.9999999, bChange = 0.00148202, totNum = 5
ROUND = 3484, SUM = 10169783.9999999, bChange = 0.00148203, totNum = 5
ROUND = 3485, SUM = 10169784, bChange = 0.00148203, totNum = 5
ROUND = 3486, SUM = 10169783.9999999, bChange = 0.00148203, totNum = 5
ROUND = 3487, SUM = 10169784, bChange = 0.00148204, totNum = 5
ROUND = 3488, SUM = 10169783.9999999, bChange = 0.00148204, totNum = 5
ROUND = 3489, SUM = 10169783.9999999, bChange = 0.00148205, totNum = 5
ROUND = 3490, SUM = 10169783.9999999, bChange = 0.00148205, totNum = 5
ROUND = 3491, SUM = 10169784, bChange = 0.00148205, totNum = 5
ROUND = 3492, SUM = 10169784, bChange = 0.00148206, totNum = 5
ROUND = 3493, SUM = 10169783.9999999, bChange = 0.00148206, totNum = 5
ROUND = 3494, SUM = 10169783.9999999, bChange = 0.00148207, totNum = 5
ROUND = 3495, SUM = 10169783.9999999, bChange = 0.00148207, totNum = 5
ROUND = 3496, SUM = 10169783.9999999, bChange = 0.00148207, totNum = 5
ROUND = 3497, SUM = 10169783.9999999, bChange = 0.00148208, totNum = 5
ROUND = 3498, SUM = 10169784, bChange = 0.00148208, totNum = 5
ROUND = 3499, SUM = 10169784, bChange = 0.00148209, totNum = 5
ROUND = 3500, SUM = 10169783.9999999, bChange = 0.00148209, totNum = 5
ROUND = 3501, SUM = 10169783.9999999, bChange = 0.00148209, totNum = 5
ROUND = 3502, SUM = 10169783.9999999, bChange = 0.0014821, totNum = 5
ROUND = 3503, SUM = 10169783.9999999, bChange = 0.0014821, totNum = 5
ROUND = 3504, SUM = 10169783.9999999, bChange = 0.00148211, totNum = 5
ROUND = 3505, SUM = 10169784, bChange = 0.00148211, totNum = 5
ROUND = 3506, SUM = 10169784, bChange = 0.00148211, totNum = 5
ROUND = 3507, SUM = 10169783.9999999, bChange = 0.00148212, totNum = 5
ROUND = 3508, SUM = 10169783.9999999, bChange = 0.00148212, totNum = 5
ROUND = 3509, SUM = 10169783.9999999, bChange = 0.00148213, totNum = 5
ROUND = 3510, SUM = 10169783.9999999, bChange = 0.00148213, totNum = 5
ROUND = 3511, SUM = 10169784, bChange = 0.00148213, totNum = 5
ROUND = 3512, SUM = 10169783.9999999, bChange = 0.00148214, totNum = 5
ROUND = 3513, SUM = 10169783.9999999, bChange = 0.00148214, totNum = 5
ROUND = 3514, SUM = 10169784, bChange = 0.00148214, totNum = 5
ROUND = 3515, SUM = 10169784, bChange = 0.00148215, totNum = 5
ROUND = 3516, SUM = 10169783.9999999, bChange = 0.00148215, totNum = 5
ROUND = 3517, SUM = 10169783.9999999, bChange = 0.00148216, totNum = 5
ROUND = 3518, SUM = 10169784, bChange = 0.00148216, totNum = 5
ROUND = 3519, SUM = 10169784, bChange = 0.00148216, totNum = 5
ROUND = 3520, SUM = 10169783.9999999, bChange = 0.00148217, totNum = 5
ROUND = 3521, SUM = 10169783.9999999, bChange = 0.00148217, totNum = 5
ROUND = 3522, SUM = 10169784, bChange = 0.00148218, totNum = 5
ROUND = 3523, SUM = 10169784, bChange = 0.00148218, totNum = 5
ROUND = 3524, SUM = 10169784, bChange = 0.00148218, totNum = 5
ROUND = 3525, SUM = 10169783.9999999, bChange = 0.00148219, totNum = 5
ROUND = 3526, SUM = 10169784, bChange = 0.00148219, totNum = 5
ROUND = 3527, SUM = 10169784, bChange = 0.0014822, totNum = 5
ROUND = 3528, SUM = 10169783.9999999, bChange = 0.0014822, totNum = 5
ROUND = 3529, SUM = 10169784, bChange = 0.0014822, totNum = 5
ROUND = 3530, SUM = 10169784, bChange = 0.00148221, totNum = 5
ROUND = 3531, SUM = 10169783.9999999, bChange = 0.00148221, totNum = 5
ROUND = 3532, SUM = 10169784, bChange = 0.00148221, totNum = 5
ROUND = 3533, SUM = 10169783.9999999, bChange = 0.00148222, totNum = 5
ROUND = 3534, SUM = 10169783.9999999, bChange = 0.00148222, totNum = 5
ROUND = 3535, SUM = 10169784, bChange = 0.00148223, totNum = 5
ROUND = 3536, SUM = 10169784, bChange = 0.00148223, totNum = 5
ROUND = 3537, SUM = 10169784, bChange = 0.00148223, totNum = 5
ROUND = 3538, SUM = 10169784, bChange = 0.00148224, totNum = 5
ROUND = 3539, SUM = 10169784, bChange = 0.00148224, totNum = 5
ROUND = 3540, SUM = 10169783.9999999, bChange = 0.00148224, totNum = 5
ROUND = 3541, SUM = 10169784, bChange = 0.00148225, totNum = 5
ROUND = 3542, SUM = 10169783.9999999, bChange = 0.00148225, totNum = 5
ROUND = 3543, SUM = 10169783.9999999, bChange = 0.00148226, totNum = 5
ROUND = 3544, SUM = 10169783.9999999, bChange = 0.00148226, totNum = 5
ROUND = 3545, SUM = 10169783.9999999, bChange = 0.00148226, totNum = 5
ROUND = 3546, SUM = 10169784, bChange = 0.00148227, totNum = 5
ROUND = 3547, SUM = 10169783.9999999, bChange = 0.00148227, totNum = 5
ROUND = 3548, SUM = 10169784, bChange = 0.00148227, totNum = 5
ROUND = 3549, SUM = 10169784, bChange = 0.00148228, totNum = 5
ROUND = 3550, SUM = 10169783.9999999, bChange = 0.00148228, totNum = 5
ROUND = 3551, SUM = 10169784, bChange = 0.00148229, totNum = 5
ROUND = 3552, SUM = 10169783.9999999, bChange = 0.00148229, totNum = 5
ROUND = 3553, SUM = 10169783.9999999, bChange = 0.00148229, totNum = 5
ROUND = 3554, SUM = 10169784, bChange = 0.0014823, totNum = 5
ROUND = 3555, SUM = 10169784, bChange = 0.0014823, totNum = 5
ROUND = 3556, SUM = 10169783.9999999, bChange = 0.0014823, totNum = 5
ROUND = 3557, SUM = 10169784, bChange = 0.00148231, totNum = 5
ROUND = 3558, SUM = 10169784, bChange = 0.00130664, totNum = 4
ROUND = 3559, SUM = 10169783.9999999, bChange = 0.00130663, totNum = 4
ROUND = 3560, SUM = 10169783.9999999, bChange = 0.00130663, totNum = 4
ROUND = 3561, SUM = 10169783.9999999, bChange = 0.00130662, totNum = 4
ROUND = 3562, SUM = 10169784, bChange = 0.00130662, totNum = 4
ROUND = 3563, SUM = 10169784, bChange = 0.00130661, totNum = 4
ROUND = 3564, SUM = 10169783.9999999, bChange = 0.0013066, totNum = 4
ROUND = 3565, SUM = 10169783.9999999, bChange = 0.0013066, totNum = 4
ROUND = 3566, SUM = 10169783.9999999, bChange = 0.00130659, totNum = 4
ROUND = 3567, SUM = 10169783.9999999, bChange = 0.00130659, totNum = 4
ROUND = 3568, SUM = 10169783.9999999, bChange = 0.00130658, totNum = 4
ROUND = 3569, SUM = 10169784, bChange = 0.00130657, totNum = 4
ROUND = 3570, SUM = 10169783.9999999, bChange = 0.00130657, totNum = 4
ROUND = 3571, SUM = 10169783.9999999, bChange = 0.00130656, totNum = 4
ROUND = 3572, SUM = 10169783.9999999, bChange = 0.00130656, totNum = 4
ROUND = 3573, SUM = 10169783.9999999, bChange = 0.00130655, totNum = 4
ROUND = 3574, SUM = 10169783.9999999, bChange = 0.00130654, totNum = 4
ROUND = 3575, SUM = 10169784, bChange = 0.00130654, totNum = 4
ROUND = 3576, SUM = 10169783.9999999, bChange = 0.00130653, totNum = 4
ROUND = 3577, SUM = 10169784, bChange = 0.00130653, totNum = 4
ROUND = 3578, SUM = 10169783.9999999, bChange = 0.00130652, totNum = 4
ROUND = 3579, SUM = 10169784, bChange = 0.00130651, totNum = 4
ROUND = 3580, SUM = 10169784, bChange = 0.00130651, totNum = 4
ROUND = 3581, SUM = 10169783.9999999, bChange = 0.0013065, totNum = 4
ROUND = 3582, SUM = 10169784, bChange = 0.0013065, totNum = 3
ROUND = 3583, SUM = 10169784, bChange = 0.00130649, totNum = 3
ROUND = 3584, SUM = 10169784, bChange = 0.00130648, totNum = 3
ROUND = 3585, SUM = 10169784, bChange = 0.00130648, totNum = 3
ROUND = 3586, SUM = 10169784, bChange = 0.00130647, totNum = 3
ROUND = 3587, SUM = 10169783.9999999, bChange = 0.00130647, totNum = 3
ROUND = 3588, SUM = 10169784, bChange = 0.00130646, totNum = 3
ROUND = 3589, SUM = 10169784, bChange = 0.00130646, totNum = 3
ROUND = 3590, SUM = 10169784, bChange = 0.00130645, totNum = 3
ROUND = 3591, SUM = 10169784, bChange = 0.00130644, totNum = 3
ROUND = 3592, SUM = 10169783.9999999, bChange = 0.00130644, totNum = 3
ROUND = 3593, SUM = 10169783.9999999, bChange = 0.00130643, totNum = 3
ROUND = 3594, SUM = 10169784, bChange = 0.00130643, totNum = 3
ROUND = 3595, SUM = 10169784, bChange = 0.00130642, totNum = 3
ROUND = 3596, SUM = 10169784, bChange = 0.00130641, totNum = 3
ROUND = 3597, SUM = 10169784, bChange = 0.00130641, totNum = 3
ROUND = 3598, SUM = 10169784, bChange = 0.0013064, totNum = 3
ROUND = 3599, SUM = 10169784, bChange = 0.0013064, totNum = 3
ROUND = 3600, SUM = 10169784, bChange = 0.00130639, totNum = 3
ROUND = 3601, SUM = 10169784, bChange = 0.00130639, totNum = 3
ROUND = 3602, SUM = 10169783.9999999, bChange = 0.00130638, totNum = 3
ROUND = 3603, SUM = 10169784, bChange = 0.00130637, totNum = 3
ROUND = 3604, SUM = 10169784, bChange = 0.00130637, totNum = 3
ROUND = 3605, SUM = 10169783.9999999, bChange = 0.00130636, totNum = 3
ROUND = 3606, SUM = 10169784, bChange = 0.00130636, totNum = 3
ROUND = 3607, SUM = 10169784, bChange = 0.00130635, totNum = 3
ROUND = 3608, SUM = 10169783.9999999, bChange = 0.00130635, totNum = 3
ROUND = 3609, SUM = 10169784, bChange = 0.00130634, totNum = 3
ROUND = 3610, SUM = 10169784, bChange = 0.00130633, totNum = 3
ROUND = 3611, SUM = 10169784, bChange = 0.00130633, totNum = 3
ROUND = 3612, SUM = 10169784, bChange = 0.00130632, totNum = 3
ROUND = 3613, SUM = 10169784, bChange = 0.00130632, totNum = 3
ROUND = 3614, SUM = 10169783.9999999, bChange = 0.00130631, totNum = 3
ROUND = 3615, SUM = 10169783.9999999, bChange = 0.00130631, totNum = 3
ROUND = 3616, SUM = 10169784, bChange = 0.0013063, totNum = 3
ROUND = 3617, SUM = 10169783.9999999, bChange = 0.00130629, totNum = 3
ROUND = 3618, SUM = 10169784, bChange = 0.00130629, totNum = 3
ROUND = 3619, SUM = 10169784, bChange = 0.00130628, totNum = 3
ROUND = 3620, SUM = 10169784, bChange = 0.00130628, totNum = 3
ROUND = 3621, SUM = 10169784, bChange = 0.00130627, totNum = 3
ROUND = 3622, SUM = 10169784, bChange = 0.00130627, totNum = 3
ROUND = 3623, SUM = 10169784, bChange = 0.00130626, totNum = 3
ROUND = 3624, SUM = 10169784, bChange = 0.00130625, totNum = 3
ROUND = 3625, SUM = 10169784, bChange = 0.00130625, totNum = 3
ROUND = 3626, SUM = 10169784, bChange = 0.00130624, totNum = 3
ROUND = 3627, SUM = 10169783.9999999, bChange = 0.00130624, totNum = 3
ROUND = 3628, SUM = 10169784, bChange = 0.00130623, totNum = 3
ROUND = 3629, SUM = 10169784, bChange = 0.00130623, totNum = 3
ROUND = 3630, SUM = 10169783.9999999, bChange = 0.00130622, totNum = 3
ROUND = 3631, SUM = 10169784, bChange = 0.00130622, totNum = 3
ROUND = 3632, SUM = 10169783.9999999, bChange = 0.00130621, totNum = 3
ROUND = 3633, SUM = 10169783.9999999, bChange = 0.0013062, totNum = 3
ROUND = 3634, SUM = 10169784, bChange = 0.0013062, totNum = 3
ROUND = 3635, SUM = 10169783.9999999, bChange = 0.00130619, totNum = 3
ROUND = 3636, SUM = 10169783.9999999, bChange = 0.00130619, totNum = 3
ROUND = 3637, SUM = 10169784, bChange = 0.00130618, totNum = 3
ROUND = 3638, SUM = 10169783.9999999, bChange = 0.00130618, totNum = 3
ROUND = 3639, SUM = 10169783.9999999, bChange = 0.00130617, totNum = 3
ROUND = 3640, SUM = 10169784, bChange = 0.00130617, totNum = 3
ROUND = 3641, SUM = 10169784, bChange = 0.00130616, totNum = 3
ROUND = 3642, SUM = 10169784, bChange = 0.00130616, totNum = 3
ROUND = 3643, SUM = 10169783.9999999, bChange = 0.00130615, totNum = 3
ROUND = 3644, SUM = 10169783.9999999, bChange = 0.00130614, totNum = 3
ROUND = 3645, SUM = 10169783.9999999, bChange = 0.00130614, totNum = 3
ROUND = 3646, SUM = 10169783.9999999, bChange = 0.00130613, totNum = 3
ROUND = 3647, SUM = 10169784, bChange = 0.00130613, totNum = 3
ROUND = 3648, SUM = 10169784, bChange = 0.00130612, totNum = 3
ROUND = 3649, SUM = 10169783.9999999, bChange = 0.00130612, totNum = 3
ROUND = 3650, SUM = 10169784, bChange = 0.00130611, totNum = 3
ROUND = 3651, SUM = 10169783.9999999, bChange = 0.00130611, totNum = 3
ROUND = 3652, SUM = 10169784, bChange = 0.0013061, totNum = 3
ROUND = 3653, SUM = 10169783.9999999, bChange = 0.0013061, totNum = 3
ROUND = 3654, SUM = 10169783.9999999, bChange = 0.00130609, totNum = 3
ROUND = 3655, SUM = 10169784, bChange = 0.00130608, totNum = 3
ROUND = 3656, SUM = 10169783.9999999, bChange = 0.00130608, totNum = 3
ROUND = 3657, SUM = 10169784, bChange = 0.00130607, totNum = 3
ROUND = 3658, SUM = 10169783.9999999, bChange = 0.00130607, totNum = 3
ROUND = 3659, SUM = 10169783.9999999, bChange = 0.00130606, totNum = 3
ROUND = 3660, SUM = 10169783.9999999, bChange = 0.00130606, totNum = 3
ROUND = 3661, SUM = 10169783.9999999, bChange = 0.00130605, totNum = 3
ROUND = 3662, SUM = 10169783.9999999, bChange = 0.00130605, totNum = 3
ROUND = 3663, SUM = 10169784, bChange = 0.00130604, totNum = 3
ROUND = 3664, SUM = 10169783.9999999, bChange = 0.00130604, totNum = 3
ROUND = 3665, SUM = 10169783.9999999, bChange = 0.00130603, totNum = 3
ROUND = 3666, SUM = 10169784, bChange = 0.00130603, totNum = 3
ROUND = 3667, SUM = 10169784, bChange = 0.00130602, totNum = 3
ROUND = 3668, SUM = 10169784, bChange = 0.00130602, totNum = 3
ROUND = 3669, SUM = 10169784, bChange = 0.00130601, totNum = 3
ROUND = 3670, SUM = 10169784, bChange = 0.00130601, totNum = 3
ROUND = 3671, SUM = 10169783.9999999, bChange = 0.001306, totNum = 3
ROUND = 3672, SUM = 10169783.9999999, bChange = 0.00130599, totNum = 3
ROUND = 3673, SUM = 10169784, bChange = 0.00130599, totNum = 3
ROUND = 3674, SUM = 10169784, bChange = 0.00130598, totNum = 3
ROUND = 3675, SUM = 10169784, bChange = 0.00130598, totNum = 3
ROUND = 3676, SUM = 10169784, bChange = 0.00130597, totNum = 3
ROUND = 3677, SUM = 10169784, bChange = 0.00130597, totNum = 3
ROUND = 3678, SUM = 10169784, bChange = 0.00130596, totNum = 3
ROUND = 3679, SUM = 10169784, bChange = 0.00130596, totNum = 3
ROUND = 3680, SUM = 10169783.9999999, bChange = 0.00130595, totNum = 3
ROUND = 3681, SUM = 10169784, bChange = 0.00130595, totNum = 3
ROUND = 3682, SUM = 10169783.9999999, bChange = 0.00130594, totNum = 3
ROUND = 3683, SUM = 10169784, bChange = 0.00130594, totNum = 3
ROUND = 3684, SUM = 10169783.9999999, bChange = 0.00130593, totNum = 3
ROUND = 3685, SUM = 10169783.9999999, bChange = 0.00130593, totNum = 3
ROUND = 3686, SUM = 10169784, bChange = 0.00130592, totNum = 3
ROUND = 3687, SUM = 10169783.9999999, bChange = 0.00130592, totNum = 3
ROUND = 3688, SUM = 10169784, bChange = 0.00130591, totNum = 3
ROUND = 3689, SUM = 10169784, bChange = 0.00130591, totNum = 3
ROUND = 3690, SUM = 10169784, bChange = 0.0013059, totNum = 3
ROUND = 3691, SUM = 10169784, bChange = 0.0013059, totNum = 3
ROUND = 3692, SUM = 10169784, bChange = 0.00130589, totNum = 3
ROUND = 3693, SUM = 10169784, bChange = 0.00130589, totNum = 3
ROUND = 3694, SUM = 10169784, bChange = 0.00130588, totNum = 3
ROUND = 3695, SUM = 10169784, bChange = 0.00130588, totNum = 3
ROUND = 3696, SUM = 10169784, bChange = 0.00130587, totNum = 3
ROUND = 3697, SUM = 10169784, bChange = 0.00130587, totNum = 3
ROUND = 3698, SUM = 10169784, bChange = 0.00130586, totNum = 3
ROUND = 3699, SUM = 10169783.9999999, bChange = 0.00130586, totNum = 3
ROUND = 3700, SUM = 10169784, bChange = 0.00130585, totNum = 3
ROUND = 3701, SUM = 10169784, bChange = 0.00130585, totNum = 3
ROUND = 3702, SUM = 10169784, bChange = 0.00130584, totNum = 3
ROUND = 3703, SUM = 10169784, bChange = 0.00130583, totNum = 3
ROUND = 3704, SUM = 10169784, bChange = 0.00130583, totNum = 3
ROUND = 3705, SUM = 10169784, bChange = 0.00130582, totNum = 3
ROUND = 3706, SUM = 10169784, bChange = 0.00130582, totNum = 3
ROUND = 3707, SUM = 10169784, bChange = 0.00130581, totNum = 3
ROUND = 3708, SUM = 10169784, bChange = 0.00130581, totNum = 3
ROUND = 3709, SUM = 10169784, bChange = 0.0013058, totNum = 3
ROUND = 3710, SUM = 10169784, bChange = 0.0013058, totNum = 3
ROUND = 3711, SUM = 10169783.9999999, bChange = 0.00130579, totNum = 3
ROUND = 3712, SUM = 10169784, bChange = 0.00130579, totNum = 3
ROUND = 3713, SUM = 10169784, bChange = 0.00130578, totNum = 3
ROUND = 3714, SUM = 10169783.9999999, bChange = 0.00130578, totNum = 3
ROUND = 3715, SUM = 10169784, bChange = 0.00130577, totNum = 3
ROUND = 3716, SUM = 10169784, bChange = 0.00130577, totNum = 3
ROUND = 3717, SUM = 10169784, bChange = 0.00130576, totNum = 3
ROUND = 3718, SUM = 10169783.9999999, bChange = 0.00130576, totNum = 3
ROUND = 3719, SUM = 10169784, bChange = 0.00130576, totNum = 3
ROUND = 3720, SUM = 10169784, bChange = 0.00130575, totNum = 3
ROUND = 3721, SUM = 10169783.9999999, bChange = 0.00130575, totNum = 3
ROUND = 3722, SUM = 10169783.9999999, bChange = 0.00130574, totNum = 3
ROUND = 3723, SUM = 10169784, bChange = 0.00130574, totNum = 3
ROUND = 3724, SUM = 10169784, bChange = 0.00130573, totNum = 3
ROUND = 3725, SUM = 10169783.9999999, bChange = 0.00130573, totNum = 3
ROUND = 3726, SUM = 10169784, bChange = 0.00130572, totNum = 3
ROUND = 3727, SUM = 10169784, bChange = 0.00130572, totNum = 3
ROUND = 3728, SUM = 10169783.9999999, bChange = 0.00130571, totNum = 3
ROUND = 3729, SUM = 10169783.9999999, bChange = 0.00130571, totNum = 3
ROUND = 3730, SUM = 10169784, bChange = 0.0013057, totNum = 3
ROUND = 3731, SUM = 10169783.9999999, bChange = 0.0013057, totNum = 3
ROUND = 3732, SUM = 10169783.9999999, bChange = 0.00130569, totNum = 3
ROUND = 3733, SUM = 10169784, bChange = 0.00130569, totNum = 3
ROUND = 3734, SUM = 10169784, bChange = 0.00130568, totNum = 3
ROUND = 3735, SUM = 10169784, bChange = 0.00130568, totNum = 3
ROUND = 3736, SUM = 10169784, bChange = 0.00130567, totNum = 3
ROUND = 3737, SUM = 10169783.9999999, bChange = 0.00130567, totNum = 3
ROUND = 3738, SUM = 10169784, bChange = 0.00130566, totNum = 3
ROUND = 3739, SUM = 10169784, bChange = 0.00130566, totNum = 3
ROUND = 3740, SUM = 10169784, bChange = 0.00130565, totNum = 3
ROUND = 3741, SUM = 10169784, bChange = 0.00130565, totNum = 3
ROUND = 3742, SUM = 10169784, bChange = 0.00130564, totNum = 3
ROUND = 3743, SUM = 10169784, bChange = 0.00130564, totNum = 3
ROUND = 3744, SUM = 10169783.9999999, bChange = 0.00130563, totNum = 3
ROUND = 3745, SUM = 10169784, bChange = 0.00130563, totNum = 3
ROUND = 3746, SUM = 10169784, bChange = 0.00130562, totNum = 3
ROUND = 3747, SUM = 10169784, bChange = 0.00130562, totNum = 3
ROUND = 3748, SUM = 10169784, bChange = 0.00130561, totNum = 3
ROUND = 3749, SUM = 10169783.9999999, bChange = 0.00130561, totNum = 3
ROUND = 3750, SUM = 10169784, bChange = 0.0013056, totNum = 3
ROUND = 3751, SUM = 10169784, bChange = 0.0013056, totNum = 3
ROUND = 3752, SUM = 10169784, bChange = 0.0013056, totNum = 3
ROUND = 3753, SUM = 10169784, bChange = 0.00130559, totNum = 3
ROUND = 3754, SUM = 10169784, bChange = 0.00130559, totNum = 3
ROUND = 3755, SUM = 10169783.9999999, bChange = 0.00130558, totNum = 3
ROUND = 3756, SUM = 10169784, bChange = 0.00130558, totNum = 3
ROUND = 3757, SUM = 10169783.9999999, bChange = 0.00130557, totNum = 3
ROUND = 3758, SUM = 10169784, bChange = 0.00130557, totNum = 3
ROUND = 3759, SUM = 10169784, bChange = 0.00130556, totNum = 3
ROUND = 3760, SUM = 10169784, bChange = 0.00130556, totNum = 3
ROUND = 3761, SUM = 10169784, bChange = 0.00130555, totNum = 3
ROUND = 3762, SUM = 10169784, bChange = 0.00130555, totNum = 3
ROUND = 3763, SUM = 10169784, bChange = 0.00130554, totNum = 3
ROUND = 3764, SUM = 10169784, bChange = 0.00130554, totNum = 3
ROUND = 3765, SUM = 10169783.9999999, bChange = 0.00130553, totNum = 3
ROUND = 3766, SUM = 10169784, bChange = 0.00130553, totNum = 3
ROUND = 3767, SUM = 10169783.9999999, bChange = 0.00130553, totNum = 3
ROUND = 3768, SUM = 10169784, bChange = 0.00130552, totNum = 3
ROUND = 3769, SUM = 10169784, bChange = 0.00130552, totNum = 3
ROUND = 3770, SUM = 10169783.9999999, bChange = 0.00130551, totNum = 3
ROUND = 3771, SUM = 10169784, bChange = 0.00130551, totNum = 3
ROUND = 3772, SUM = 10169783.9999999, bChange = 0.0013055, totNum = 3
ROUND = 3773, SUM = 10169784, bChange = 0.0013055, totNum = 3
ROUND = 3774, SUM = 10169784, bChange = 0.00130549, totNum = 3
ROUND = 3775, SUM = 10169784, bChange = 0.00130549, totNum = 3
ROUND = 3776, SUM = 10169784, bChange = 0.00130548, totNum = 3
ROUND = 3777, SUM = 10169784, bChange = 0.00130548, totNum = 3
ROUND = 3778, SUM = 10169784, bChange = 0.00130547, totNum = 3
ROUND = 3779, SUM = 10169784, bChange = 0.00130547, totNum = 3
ROUND = 3780, SUM = 10169784, bChange = 0.00130547, totNum = 3
ROUND = 3781, SUM = 10169784, bChange = 0.00130546, totNum = 3
ROUND = 3782, SUM = 10169784, bChange = 0.00130546, totNum = 3
ROUND = 3783, SUM = 10169784, bChange = 0.00130545, totNum = 3
ROUND = 3784, SUM = 10169784, bChange = 0.00130545, totNum = 3
ROUND = 3785, SUM = 10169783.9999999, bChange = 0.00130544, totNum = 3
ROUND = 3786, SUM = 10169783.9999999, bChange = 0.00130544, totNum = 3
ROUND = 3787, SUM = 10169783.9999999, bChange = 0.00130543, totNum = 3
ROUND = 3788, SUM = 10169784, bChange = 0.00130543, totNum = 3
ROUND = 3789, SUM = 10169784, bChange = 0.00130542, totNum = 3
ROUND = 3790, SUM = 10169784, bChange = 0.00130542, totNum = 3
ROUND = 3791, SUM = 10169783.9999999, bChange = 0.00130542, totNum = 3
ROUND = 3792, SUM = 10169784, bChange = 0.00130541, totNum = 3
ROUND = 3793, SUM = 10169783.9999999, bChange = 0.00130541, totNum = 3
ROUND = 3794, SUM = 10169784, bChange = 0.0013054, totNum = 3
ROUND = 3795, SUM = 10169784, bChange = 0.0013054, totNum = 3
ROUND = 3796, SUM = 10169783.9999999, bChange = 0.00130539, totNum = 3
ROUND = 3797, SUM = 10169783.9999999, bChange = 0.00130539, totNum = 3
ROUND = 3798, SUM = 10169783.9999999, bChange = 0.00130538, totNum = 3
ROUND = 3799, SUM = 10169784, bChange = 0.00130538, totNum = 3
ROUND = 3800, SUM = 10169784, bChange = 0.00130538, totNum = 3
ROUND = 3801, SUM = 10169784, bChange = 0.00130537, totNum = 3
ROUND = 3802, SUM = 10169783.9999999, bChange = 0.00130537, totNum = 3
ROUND = 3803, SUM = 10169783.9999999, bChange = 0.00130536, totNum = 3
ROUND = 3804, SUM = 10169784, bChange = 0.00130536, totNum = 3
ROUND = 3805, SUM = 10169784, bChange = 0.00130535, totNum = 3
ROUND = 3806, SUM = 10169783.9999999, bChange = 0.00130535, totNum = 3
ROUND = 3807, SUM = 10169784, bChange = 0.00130534, totNum = 3
ROUND = 3808, SUM = 10169783.9999999, bChange = 0.00130534, totNum = 3
ROUND = 3809, SUM = 10169783.9999999, bChange = 0.00130534, totNum = 3
ROUND = 3810, SUM = 10169784, bChange = 0.00130533, totNum = 3
ROUND = 3811, SUM = 10169784, bChange = 0.00130533, totNum = 3
ROUND = 3812, SUM = 10169784, bChange = 0.00130532, totNum = 3
ROUND = 3813, SUM = 10169784, bChange = 0.00130532, totNum = 3
ROUND = 3814, SUM = 10169784, bChange = 0.00130531, totNum = 3
ROUND = 3815, SUM = 10169784, bChange = 0.00130531, totNum = 3
ROUND = 3816, SUM = 10169784, bChange = 0.0013053, totNum = 3
ROUND = 3817, SUM = 10169784, bChange = 0.0013053, totNum = 3
ROUND = 3818, SUM = 10169784, bChange = 0.0013053, totNum = 3
ROUND = 3819, SUM = 10169783.9999999, bChange = 0.00130529, totNum = 3
ROUND = 3820, SUM = 10169784, bChange = 0.00130529, totNum = 3
ROUND = 3821, SUM = 10169783.9999999, bChange = 0.00130528, totNum = 3
ROUND = 3822, SUM = 10169783.9999999, bChange = 0.00130528, totNum = 3
ROUND = 3823, SUM = 10169784, bChange = 0.00130527, totNum = 3
ROUND = 3824, SUM = 10169784, bChange = 0.00130527, totNum = 3
ROUND = 3825, SUM = 10169783.9999999, bChange = 0.00130527, totNum = 3
ROUND = 3826, SUM = 10169784, bChange = 0.00130526, totNum = 3
ROUND = 3827, SUM = 10169784, bChange = 0.00130526, totNum = 3
ROUND = 3828, SUM = 10169784, bChange = 0.00130525, totNum = 3
ROUND = 3829, SUM = 10169784, bChange = 0.00130525, totNum = 3
ROUND = 3830, SUM = 10169784, bChange = 0.00130524, totNum = 3
ROUND = 3831, SUM = 10169784, bChange = 0.00130524, totNum = 3
ROUND = 3832, SUM = 10169784, bChange = 0.00130524, totNum = 3
ROUND = 3833, SUM = 10169784, bChange = 0.00130523, totNum = 3
ROUND = 3834, SUM = 10169784, bChange = 0.00130523, totNum = 3
ROUND = 3835, SUM = 10169783.9999999, bChange = 0.00130522, totNum = 3
ROUND = 3836, SUM = 10169784, bChange = 0.00130522, totNum = 3
ROUND = 3837, SUM = 10169784, bChange = 0.00130521, totNum = 3
ROUND = 3838, SUM = 10169784, bChange = 0.00130521, totNum = 3
ROUND = 3839, SUM = 10169784, bChange = 0.00130521, totNum = 3
ROUND = 3840, SUM = 10169784, bChange = 0.0013052, totNum = 3
ROUND = 3841, SUM = 10169784, bChange = 0.0013052, totNum = 3
ROUND = 3842, SUM = 10169784, bChange = 0.00130519, totNum = 3
ROUND = 3843, SUM = 10169783.9999999, bChange = 0.00130519, totNum = 3
ROUND = 3844, SUM = 10169784, bChange = 0.00130519, totNum = 3
ROUND = 3845, SUM = 10169784, bChange = 0.00130518, totNum = 3
ROUND = 3846, SUM = 10169783.9999999, bChange = 0.00130518, totNum = 3
ROUND = 3847, SUM = 10169783.9999999, bChange = 0.00130517, totNum = 3
ROUND = 3848, SUM = 10169784, bChange = 0.00130517, totNum = 3
ROUND = 3849, SUM = 10169784, bChange = 0.00130516, totNum = 3
ROUND = 3850, SUM = 10169784, bChange = 0.00130516, totNum = 3
ROUND = 3851, SUM = 10169784, bChange = 0.00130516, totNum = 3
ROUND = 3852, SUM = 10169784, bChange = 0.00130515, totNum = 3
ROUND = 3853, SUM = 10169784, bChange = 0.00130515, totNum = 3
ROUND = 3854, SUM = 10169784, bChange = 0.00130514, totNum = 3
ROUND = 3855, SUM = 10169784, bChange = 0.00130514, totNum = 3
ROUND = 3856, SUM = 10169784, bChange = 0.00130514, totNum = 3
ROUND = 3857, SUM = 10169784, bChange = 0.00130513, totNum = 3
ROUND = 3858, SUM = 10169784, bChange = 0.00130513, totNum = 3
ROUND = 3859, SUM = 10169784, bChange = 0.00130512, totNum = 3
ROUND = 3860, SUM = 10169783.9999999, bChange = 0.00130512, totNum = 3
ROUND = 3861, SUM = 10169784, bChange = 0.00130511, totNum = 3
ROUND = 3862, SUM = 10169784, bChange = 0.00130511, totNum = 3
ROUND = 3863, SUM = 10169784, bChange = 0.00130511, totNum = 3
ROUND = 3864, SUM = 10169784, bChange = 0.0013051, totNum = 3
ROUND = 3865, SUM = 10169784, bChange = 0.0013051, totNum = 3
ROUND = 3866, SUM = 10169784, bChange = 0.00130509, totNum = 3
ROUND = 3867, SUM = 10169784, bChange = 0.00130509, totNum = 3
ROUND = 3868, SUM = 10169784, bChange = 0.00130509, totNum = 3
ROUND = 3869, SUM = 10169784, bChange = 0.00130508, totNum = 3
ROUND = 3870, SUM = 10169783.9999999, bChange = 0.00130508, totNum = 3
ROUND = 3871, SUM = 10169784, bChange = 0.00130507, totNum = 3
ROUND = 3872, SUM = 10169784, bChange = 0.00130507, totNum = 3
ROUND = 3873, SUM = 10169784, bChange = 0.00130507, totNum = 3
ROUND = 3874, SUM = 10169784, bChange = 0.00130506, totNum = 3
ROUND = 3875, SUM = 10169784, bChange = 0.00130506, totNum = 3
ROUND = 3876, SUM = 10169784, bChange = 0.00130505, totNum = 3
ROUND = 3877, SUM = 10169784, bChange = 0.00130505, totNum = 3
ROUND = 3878, SUM = 10169784, bChange = 0.00130505, totNum = 3
ROUND = 3879, SUM = 10169784, bChange = 0.00130504, totNum = 3
ROUND = 3880, SUM = 10169783.9999999, bChange = 0.00130504, totNum = 3
ROUND = 3881, SUM = 10169783.9999999, bChange = 0.00130503, totNum = 3
ROUND = 3882, SUM = 10169784, bChange = 0.00130503, totNum = 3
ROUND = 3883, SUM = 10169784, bChange = 0.00130503, totNum = 3
ROUND = 3884, SUM = 10169784, bChange = 0.00130502, totNum = 3
ROUND = 3885, SUM = 10169784, bChange = 0.00130502, totNum = 3
ROUND = 3886, SUM = 10169783.9999999, bChange = 0.00130501, totNum = 3
ROUND = 3887, SUM = 10169784, bChange = 0.00130501, totNum = 3
ROUND = 3888, SUM = 10169784, bChange = 0.00130501, totNum = 3
ROUND = 3889, SUM = 10169784, bChange = 0.001305, totNum = 3
ROUND = 3890, SUM = 10169784, bChange = 0.001305, totNum = 3
ROUND = 3891, SUM = 10169784, bChange = 0.00130499, totNum = 3
ROUND = 3892, SUM = 10169784, bChange = 0.00130499, totNum = 3
ROUND = 3893, SUM = 10169784, bChange = 0.00130499, totNum = 3
ROUND = 3894, SUM = 10169784, bChange = 0.00130498, totNum = 3
ROUND = 3895, SUM = 10169784, bChange = 0.00130498, totNum = 3
ROUND = 3896, SUM = 10169784, bChange = 0.00130497, totNum = 3
ROUND = 3897, SUM = 10169784, bChange = 0.00130497, totNum = 3
ROUND = 3898, SUM = 10169784, bChange = 0.00130497, totNum = 3
ROUND = 3899, SUM = 10169784, bChange = 0.00130496, totNum = 3
ROUND = 3900, SUM = 10169784, bChange = 0.00130496, totNum = 3
ROUND = 3901, SUM = 10169783.9999999, bChange = 0.00130495, totNum = 3
ROUND = 3902, SUM = 10169784, bChange = 0.00130495, totNum = 3
ROUND = 3903, SUM = 10169783.9999999, bChange = 0.00130495, totNum = 3
ROUND = 3904, SUM = 10169784, bChange = 0.00130494, totNum = 3
ROUND = 3905, SUM = 10169784, bChange = 0.00130494, totNum = 3
ROUND = 3906, SUM = 10169784, bChange = 0.00130494, totNum = 3
ROUND = 3907, SUM = 10169784, bChange = 0.00130493, totNum = 3
ROUND = 3908, SUM = 10169784, bChange = 0.00130493, totNum = 3
ROUND = 3909, SUM = 10169784, bChange = 0.00130492, totNum = 3
ROUND = 3910, SUM = 10169783.9999999, bChange = 0.00130492, totNum = 3
ROUND = 3911, SUM = 10169784, bChange = 0.00130492, totNum = 3
ROUND = 3912, SUM = 10169784, bChange = 0.00130491, totNum = 3
ROUND = 3913, SUM = 10169784, bChange = 0.00130491, totNum = 3
ROUND = 3914, SUM = 10169784, bChange = 0.0013049, totNum = 3
ROUND = 3915, SUM = 10169784, bChange = 0.0013049, totNum = 3
ROUND = 3916, SUM = 10169784, bChange = 0.0013049, totNum = 3
ROUND = 3917, SUM = 10169784, bChange = 0.00130489, totNum = 3
ROUND = 3918, SUM = 10169784, bChange = 0.00130489, totNum = 3
ROUND = 3919, SUM = 10169783.9999999, bChange = 0.00130489, totNum = 3
ROUND = 3920, SUM = 10169784, bChange = 0.00130488, totNum = 3
ROUND = 3921, SUM = 10169784, bChange = 0.00130488, totNum = 3
ROUND = 3922, SUM = 10169784, bChange = 0.00130487, totNum = 3
ROUND = 3923, SUM = 10169783.9999999, bChange = 0.00130487, totNum = 3
ROUND = 3924, SUM = 10169784, bChange = 0.00130487, totNum = 3
ROUND = 3925, SUM = 10169784, bChange = 0.00130486, totNum = 3
ROUND = 3926, SUM = 10169783.9999999, bChange = 0.00130486, totNum = 3
ROUND = 3927, SUM = 10169784, bChange = 0.00130485, totNum = 3
ROUND = 3928, SUM = 10169784, bChange = 0.00130485, totNum = 3
ROUND = 3929, SUM = 10169783.9999999, bChange = 0.00130485, totNum = 3
ROUND = 3930, SUM = 10169784, bChange = 0.00130484, totNum = 3
ROUND = 3931, SUM = 10169784, bChange = 0.00130484, totNum = 3
ROUND = 3932, SUM = 10169784, bChange = 0.00130484, totNum = 3
ROUND = 3933, SUM = 10169784, bChange = 0.00130483, totNum = 3
ROUND = 3934, SUM = 10169784, bChange = 0.00130483, totNum = 3
ROUND = 3935, SUM = 10169784, bChange = 0.00130482, totNum = 3
ROUND = 3936, SUM = 10169784, bChange = 0.00130482, totNum = 3
ROUND = 3937, SUM = 10169784, bChange = 0.00130482, totNum = 3
ROUND = 3938, SUM = 10169784, bChange = 0.00130481, totNum = 3
ROUND = 3939, SUM = 10169783.9999999, bChange = 0.00130481, totNum = 3
ROUND = 3940, SUM = 10169784, bChange = 0.00130481, totNum = 3
ROUND = 3941, SUM = 10169784, bChange = 0.0013048, totNum = 3
ROUND = 3942, SUM = 10169783.9999999, bChange = 0.0013048, totNum = 3
ROUND = 3943, SUM = 10169784, bChange = 0.0013048, totNum = 3
ROUND = 3944, SUM = 10169784, bChange = 0.00130479, totNum = 3
ROUND = 3945, SUM = 10169784, bChange = 0.00130479, totNum = 3
ROUND = 3946, SUM = 10169783.9999999, bChange = 0.00130478, totNum = 3
ROUND = 3947, SUM = 10169784, bChange = 0.00130478, totNum = 3
ROUND = 3948, SUM = 10169783.9999999, bChange = 0.00130478, totNum = 3
ROUND = 3949, SUM = 10169784, bChange = 0.00130477, totNum = 3
ROUND = 3950, SUM = 10169783.9999999, bChange = 0.00130477, totNum = 3
ROUND = 3951, SUM = 10169784, bChange = 0.00130477, totNum = 3
ROUND = 3952, SUM = 10169784, bChange = 0.00130476, totNum = 3
ROUND = 3953, SUM = 10169784, bChange = 0.00130476, totNum = 3
ROUND = 3954, SUM = 10169784, bChange = 0.00130476, totNum = 3
ROUND = 3955, SUM = 10169784, bChange = 0.00130475, totNum = 3
ROUND = 3956, SUM = 10169784, bChange = 0.00130475, totNum = 3
ROUND = 3957, SUM = 10169784, bChange = 0.00130474, totNum = 3
ROUND = 3958, SUM = 10169784, bChange = 0.00130474, totNum = 3
ROUND = 3959, SUM = 10169784, bChange = 0.00130474, totNum = 3
ROUND = 3960, SUM = 10169784, bChange = 0.00130473, totNum = 3
ROUND = 3961, SUM = 10169784, bChange = 0.00130473, totNum = 3
ROUND = 3962, SUM = 10169784, bChange = 0.00130473, totNum = 3
ROUND = 3963, SUM = 10169784, bChange = 0.00130472, totNum = 3
ROUND = 3964, SUM = 10169784, bChange = 0.00130472, totNum = 3
ROUND = 3965, SUM = 10169784, bChange = 0.00130472, totNum = 3
ROUND = 3966, SUM = 10169784, bChange = 0.00130471, totNum = 3
ROUND = 3967, SUM = 10169784, bChange = 0.00130471, totNum = 3
ROUND = 3968, SUM = 10169784, bChange = 0.0013047, totNum = 3
ROUND = 3969, SUM = 10169784, bChange = 0.0013047, totNum = 3
ROUND = 3970, SUM = 10169783.9999999, bChange = 0.0013047, totNum = 3
ROUND = 3971, SUM = 10169784, bChange = 0.00130469, totNum = 3
ROUND = 3972, SUM = 10169784, bChange = 0.00130469, totNum = 3
ROUND = 3973, SUM = 10169784, bChange = 0.00130469, totNum = 3
ROUND = 3974, SUM = 10169784, bChange = 0.00130468, totNum = 3
ROUND = 3975, SUM = 10169784, bChange = 0.00130468, totNum = 3
ROUND = 3976, SUM = 10169784, bChange = 0.00130468, totNum = 3
ROUND = 3977, SUM = 10169784, bChange = 0.00130467, totNum = 3
ROUND = 3978, SUM = 10169784, bChange = 0.00130467, totNum = 3
ROUND = 3979, SUM = 10169784, bChange = 0.00130467, totNum = 3
ROUND = 3980, SUM = 10169784, bChange = 0.00130466, totNum = 3
ROUND = 3981, SUM = 10169784, bChange = 0.00130466, totNum = 3
ROUND = 3982, SUM = 10169784, bChange = 0.00130466, totNum = 3
ROUND = 3983, SUM = 10169784, bChange = 0.00130465, totNum = 3
ROUND = 3984, SUM = 10169784, bChange = 0.00130465, totNum = 3
ROUND = 3985, SUM = 10169784, bChange = 0.00130464, totNum = 3
ROUND = 3986, SUM = 10169784, bChange = 0.00130464, totNum = 3
ROUND = 3987, SUM = 10169784, bChange = 0.00130464, totNum = 3
ROUND = 3988, SUM = 10169783.9999999, bChange = 0.00130463, totNum = 3
ROUND = 3989, SUM = 10169784, bChange = 0.00130463, totNum = 3
ROUND = 3990, SUM = 10169784, bChange = 0.00130463, totNum = 3
ROUND = 3991, SUM = 10169784, bChange = 0.00130462, totNum = 3
ROUND = 3992, SUM = 10169783.9999999, bChange = 0.00130462, totNum = 3
ROUND = 3993, SUM = 10169783.9999999, bChange = 0.00130462, totNum = 3
ROUND = 3994, SUM = 10169783.9999999, bChange = 0.00130461, totNum = 3
ROUND = 3995, SUM = 10169783.9999999, bChange = 0.00130461, totNum = 3
ROUND = 3996, SUM = 10169784, bChange = 0.00130461, totNum = 3
ROUND = 3997, SUM = 10169783.9999999, bChange = 0.0013046, totNum = 3
ROUND = 3998, SUM = 10169784, bChange = 0.0013046, totNum = 3
ROUND = 3999, SUM = 10169784, bChange = 0.0013046, totNum = 3
ROUND = 4000, SUM = 10169784, bChange = 0.00130459, totNum = 3
ROUND = 4001, SUM = 10169784, bChange = 0.00130459, totNum = 3
ROUND = 4002, SUM = 10169784, bChange = 0.00130459, totNum = 3
ROUND = 4003, SUM = 10169783.9999999, bChange = 0.00130458, totNum = 3
ROUND = 4004, SUM = 10169784, bChange = 0.00130458, totNum = 3
ROUND = 4005, SUM = 10169783.9999999, bChange = 0.00130458, totNum = 3
ROUND = 4006, SUM = 10169783.9999999, bChange = 0.00130457, totNum = 3
ROUND = 4007, SUM = 10169784, bChange = 0.00130457, totNum = 3
ROUND = 4008, SUM = 10169784, bChange = 0.00130457, totNum = 3
ROUND = 4009, SUM = 10169784, bChange = 0.00130456, totNum = 3
ROUND = 4010, SUM = 10169784, bChange = 0.00130456, totNum = 3
ROUND = 4011, SUM = 10169783.9999999, bChange = 0.00130456, totNum = 3
ROUND = 4012, SUM = 10169784, bChange = 0.00130455, totNum = 3
ROUND = 4013, SUM = 10169784, bChange = 0.00130455, totNum = 3
ROUND = 4014, SUM = 10169783.9999999, bChange = 0.00130455, totNum = 3
ROUND = 4015, SUM = 10169783.9999999, bChange = 0.00130454, totNum = 3
ROUND = 4016, SUM = 10169784, bChange = 0.00130454, totNum = 3
ROUND = 4017, SUM = 10169784, bChange = 0.00130454, totNum = 3
ROUND = 4018, SUM = 10169784, bChange = 0.00130453, totNum = 3
ROUND = 4019, SUM = 10169783.9999999, bChange = 0.00130453, totNum = 3
ROUND = 4020, SUM = 10169784, bChange = 0.00130453, totNum = 3
ROUND = 4021, SUM = 10169784, bChange = 0.00130452, totNum = 3
ROUND = 4022, SUM = 10169784, bChange = 0.00130452, totNum = 3
ROUND = 4023, SUM = 10169784, bChange = 0.00130452, totNum = 3
ROUND = 4024, SUM = 10169784, bChange = 0.00130451, totNum = 3
ROUND = 4025, SUM = 10169783.9999999, bChange = 0.00130451, totNum = 3
ROUND = 4026, SUM = 10169784, bChange = 0.00130451, totNum = 3
ROUND = 4027, SUM = 10169784, bChange = 0.0013045, totNum = 3
ROUND = 4028, SUM = 10169783.9999999, bChange = 0.0013045, totNum = 3
ROUND = 4029, SUM = 10169784, bChange = 0.0013045, totNum = 3
ROUND = 4030, SUM = 10169784, bChange = 0.00130449, totNum = 3
ROUND = 4031, SUM = 10169783.9999999, bChange = 0.00130449, totNum = 3
ROUND = 4032, SUM = 10169783.9999999, bChange = 0.00130449, totNum = 3
ROUND = 4033, SUM = 10169784, bChange = 0.00130448, totNum = 3
ROUND = 4034, SUM = 10169784, bChange = 0.00130448, totNum = 3
ROUND = 4035, SUM = 10169784, bChange = 0.00130448, totNum = 3
ROUND = 4036, SUM = 10169784, bChange = 0.00130447, totNum = 3
ROUND = 4037, SUM = 10169784, bChange = 0.00130447, totNum = 3
ROUND = 4038, SUM = 10169783.9999999, bChange = 0.00130447, totNum = 3
ROUND = 4039, SUM = 10169783.9999999, bChange = 0.00130446, totNum = 3
ROUND = 4040, SUM = 10169783.9999999, bChange = 0.00130446, totNum = 3
ROUND = 4041, SUM = 10169784, bChange = 0.00130446, totNum = 3
ROUND = 4042, SUM = 10169784, bChange = 0.00130445, totNum = 3
ROUND = 4043, SUM = 10169783.9999999, bChange = 0.00130445, totNum = 3
ROUND = 4044, SUM = 10169784, bChange = 0.00130445, totNum = 3
ROUND = 4045, SUM = 10169783.9999999, bChange = 0.00130444, totNum = 3
ROUND = 4046, SUM = 10169784, bChange = 0.00130444, totNum = 3
ROUND = 4047, SUM = 10169784, bChange = 0.00130444, totNum = 3
ROUND = 4048, SUM = 10169784, bChange = 0.00130443, totNum = 3
ROUND = 4049, SUM = 10169783.9999999, bChange = 0.00130443, totNum = 3
ROUND = 4050, SUM = 10169784, bChange = 0.00130443, totNum = 3
ROUND = 4051, SUM = 10169784, bChange = 0.00130442, totNum = 3
ROUND = 4052, SUM = 10169784, bChange = 0.00130442, totNum = 3
ROUND = 4053, SUM = 10169784, bChange = 0.00130442, totNum = 3
ROUND = 4054, SUM = 10169784, bChange = 0.00130441, totNum = 3
ROUND = 4055, SUM = 10169784, bChange = 0.00130441, totNum = 3
ROUND = 4056, SUM = 10169784, bChange = 0.00130441, totNum = 3
ROUND = 4057, SUM = 10169784, bChange = 0.0013044, totNum = 3
ROUND = 4058, SUM = 10169783.9999999, bChange = 0.0013044, totNum = 3
ROUND = 4059, SUM = 10169784, bChange = 0.0013044, totNum = 3
ROUND = 4060, SUM = 10169784, bChange = 0.0013044, totNum = 3
ROUND = 4061, SUM = 10169784, bChange = 0.00130439, totNum = 3
ROUND = 4062, SUM = 10169784, bChange = 0.00130439, totNum = 3
ROUND = 4063, SUM = 10169784, bChange = 0.00130439, totNum = 3
ROUND = 4064, SUM = 10169784, bChange = 0.00130438, totNum = 3
ROUND = 4065, SUM = 10169784, bChange = 0.00130438, totNum = 3
ROUND = 4066, SUM = 10169784, bChange = 0.00130438, totNum = 3
ROUND = 4067, SUM = 10169784, bChange = 0.00130437, totNum = 3
ROUND = 4068, SUM = 10169784, bChange = 0.00130437, totNum = 3
ROUND = 4069, SUM = 10169784, bChange = 0.00130437, totNum = 3
ROUND = 4070, SUM = 10169784, bChange = 0.00130436, totNum = 3
ROUND = 4071, SUM = 10169784, bChange = 0.00130436, totNum = 3
ROUND = 4072, SUM = 10169784, bChange = 0.00130436, totNum = 3
ROUND = 4073, SUM = 10169784, bChange = 0.00130435, totNum = 3
ROUND = 4074, SUM = 10169783.9999999, bChange = 0.00130435, totNum = 3
ROUND = 4075, SUM = 10169784, bChange = 0.00130435, totNum = 3
ROUND = 4076, SUM = 10169784, bChange = 0.00130435, totNum = 3
ROUND = 4077, SUM = 10169783.9999999, bChange = 0.00130434, totNum = 3
ROUND = 4078, SUM = 10169784, bChange = 0.00130434, totNum = 3
ROUND = 4079, SUM = 10169784, bChange = 0.00130434, totNum = 3
ROUND = 4080, SUM = 10169784, bChange = 0.00130433, totNum = 3
ROUND = 4081, SUM = 10169784, bChange = 0.00130433, totNum = 3
ROUND = 4082, SUM = 10169784, bChange = 0.00130433, totNum = 3
ROUND = 4083, SUM = 10169784, bChange = 0.00130432, totNum = 3
ROUND = 4084, SUM = 10169784, bChange = 0.00130432, totNum = 3
ROUND = 4085, SUM = 10169784, bChange = 0.00130432, totNum = 3
ROUND = 4086, SUM = 10169784, bChange = 0.00130431, totNum = 3
ROUND = 4087, SUM = 10169784, bChange = 0.00130431, totNum = 3
ROUND = 4088, SUM = 10169784, bChange = 0.00130431, totNum = 3
ROUND = 4089, SUM = 10169784, bChange = 0.00130431, totNum = 3
ROUND = 4090, SUM = 10169784, bChange = 0.0013043, totNum = 3
ROUND = 4091, SUM = 10169784, bChange = 0.0013043, totNum = 3
ROUND = 4092, SUM = 10169784, bChange = 0.0013043, totNum = 3
ROUND = 4093, SUM = 10169784, bChange = 0.00130429, totNum = 3
ROUND = 4094, SUM = 10169784, bChange = 0.00130429, totNum = 3
ROUND = 4095, SUM = 10169784, bChange = 0.00130429, totNum = 3
ROUND = 4096, SUM = 10169784, bChange = 0.00130428, totNum = 3
ROUND = 4097, SUM = 10169784, bChange = 0.00130428, totNum = 3
ROUND = 4098, SUM = 10169784, bChange = 0.00130428, totNum = 3
ROUND = 4099, SUM = 10169784, bChange = 0.00130427, totNum = 3
ROUND = 4100, SUM = 10169784, bChange = 0.00130427, totNum = 3
ROUND = 4101, SUM = 10169784, bChange = 0.00130427, totNum = 3
ROUND = 4102, SUM = 10169784, bChange = 0.00130427, totNum = 3
ROUND = 4103, SUM = 10169784, bChange = 0.00130426, totNum = 3
ROUND = 4104, SUM = 10169784, bChange = 0.00130426, totNum = 3
ROUND = 4105, SUM = 10169784, bChange = 0.00130426, totNum = 3
ROUND = 4106, SUM = 10169784, bChange = 0.00130425, totNum = 3
ROUND = 4107, SUM = 10169784, bChange = 0.00130425, totNum = 3
ROUND = 4108, SUM = 10169783.9999999, bChange = 0.00130425, totNum = 3
ROUND = 4109, SUM = 10169783.9999999, bChange = 0.00130424, totNum = 3
ROUND = 4110, SUM = 10169784, bChange = 0.00130424, totNum = 3
ROUND = 4111, SUM = 10169784, bChange = 0.00130424, totNum = 3
ROUND = 4112, SUM = 10169784, bChange = 0.00130424, totNum = 3
ROUND = 4113, SUM = 10169784, bChange = 0.00130423, totNum = 3
ROUND = 4114, SUM = 10169784, bChange = 0.00130423, totNum = 3
ROUND = 4115, SUM = 10169784, bChange = 0.00130423, totNum = 3
ROUND = 4116, SUM = 10169784, bChange = 0.00130422, totNum = 3
ROUND = 4117, SUM = 10169784, bChange = 0.00130422, totNum = 3
ROUND = 4118, SUM = 10169783.9999999, bChange = 0.00130422, totNum = 3
ROUND = 4119, SUM = 10169783.9999999, bChange = 0.00130422, totNum = 3
ROUND = 4120, SUM = 10169783.9999999, bChange = 0.00130421, totNum = 3
ROUND = 4121, SUM = 10169783.9999999, bChange = 0.00130421, totNum = 3
ROUND = 4122, SUM = 10169783.9999999, bChange = 0.00130421, totNum = 3
ROUND = 4123, SUM = 10169784, bChange = 0.0013042, totNum = 3
ROUND = 4124, SUM = 10169784, bChange = 0.0013042, totNum = 3
ROUND = 4125, SUM = 10169784, bChange = 0.0013042, totNum = 3
ROUND = 4126, SUM = 10169784, bChange = 0.0013042, totNum = 3
ROUND = 4127, SUM = 10169783.9999999, bChange = 0.00130419, totNum = 3
ROUND = 4128, SUM = 10169784, bChange = 0.00130419, totNum = 3
ROUND = 4129, SUM = 10169784, bChange = 0.00130419, totNum = 3
ROUND = 4130, SUM = 10169784, bChange = 0.00130418, totNum = 3
ROUND = 4131, SUM = 10169784, bChange = 0.00130418, totNum = 3
ROUND = 4132, SUM = 10169784, bChange = 0.00130418, totNum = 3
ROUND = 4133, SUM = 10169783.9999999, bChange = 0.00130417, totNum = 3
ROUND = 4134, SUM = 10169784, bChange = 0.00130417, totNum = 3
ROUND = 4135, SUM = 10169784, bChange = 0.00130417, totNum = 3
ROUND = 4136, SUM = 10169784, bChange = 0.00130417, totNum = 3
ROUND = 4137, SUM = 10169784, bChange = 0.00130416, totNum = 3
ROUND = 4138, SUM = 10169784, bChange = 0.00130416, totNum = 3
ROUND = 4139, SUM = 10169784, bChange = 0.00130416, totNum = 3
ROUND = 4140, SUM = 10169783.9999999, bChange = 0.00130415, totNum = 3
ROUND = 4141, SUM = 10169784, bChange = 0.00130415, totNum = 3
ROUND = 4142, SUM = 10169784, bChange = 0.00130415, totNum = 3
ROUND = 4143, SUM = 10169784, bChange = 0.00130415, totNum = 3
ROUND = 4144, SUM = 10169783.9999999, bChange = 0.00130414, totNum = 3
ROUND = 4145, SUM = 10169784, bChange = 0.00130414, totNum = 3
ROUND = 4146, SUM = 10169784, bChange = 0.00130414, totNum = 3
ROUND = 4147, SUM = 10169784, bChange = 0.00130413, totNum = 3
ROUND = 4148, SUM = 10169783.9999999, bChange = 0.00130413, totNum = 3
ROUND = 4149, SUM = 10169783.9999999, bChange = 0.00130413, totNum = 3
ROUND = 4150, SUM = 10169784, bChange = 0.00130413, totNum = 3
ROUND = 4151, SUM = 10169784, bChange = 0.00130412, totNum = 3
ROUND = 4152, SUM = 10169783.9999999, bChange = 0.00130412, totNum = 3
ROUND = 4153, SUM = 10169783.9999999, bChange = 0.00130412, totNum = 3
ROUND = 4154, SUM = 10169783.9999999, bChange = 0.00130412, totNum = 3
ROUND = 4155, SUM = 10169784, bChange = 0.00130411, totNum = 3
ROUND = 4156, SUM = 10169784, bChange = 0.00130411, totNum = 3
ROUND = 4157, SUM = 10169784, bChange = 0.00130411, totNum = 3
ROUND = 4158, SUM = 10169784, bChange = 0.0013041, totNum = 3
ROUND = 4159, SUM = 10169784, bChange = 0.0013041, totNum = 3
ROUND = 4160, SUM = 10169784, bChange = 0.0013041, totNum = 3
ROUND = 4161, SUM = 10169783.9999999, bChange = 0.0013041, totNum = 3
ROUND = 4162, SUM = 10169783.9999999, bChange = 0.00130409, totNum = 3
ROUND = 4163, SUM = 10169784, bChange = 0.00130409, totNum = 3
ROUND = 4164, SUM = 10169783.9999999, bChange = 0.00130409, totNum = 3
ROUND = 4165, SUM = 10169784, bChange = 0.00130408, totNum = 3
ROUND = 4166, SUM = 10169784, bChange = 0.00130408, totNum = 3
ROUND = 4167, SUM = 10169783.9999999, bChange = 0.00130408, totNum = 3
ROUND = 4168, SUM = 10169784, bChange = 0.00130408, totNum = 3
ROUND = 4169, SUM = 10169784, bChange = 0.00130407, totNum = 3
ROUND = 4170, SUM = 10169784, bChange = 0.00130407, totNum = 3
ROUND = 4171, SUM = 10169784, bChange = 0.00130407, totNum = 3
ROUND = 4172, SUM = 10169784, bChange = 0.00130407, totNum = 3
ROUND = 4173, SUM = 10169784, bChange = 0.00130406, totNum = 3
ROUND = 4174, SUM = 10169783.9999999, bChange = 0.00130406, totNum = 3
ROUND = 4175, SUM = 10169784, bChange = 0.00130406, totNum = 3
ROUND = 4176, SUM = 10169784, bChange = 0.00130405, totNum = 3
ROUND = 4177, SUM = 10169784, bChange = 0.00130405, totNum = 3
ROUND = 4178, SUM = 10169784, bChange = 0.00130405, totNum = 3
ROUND = 4179, SUM = 10169784, bChange = 0.00130405, totNum = 3
ROUND = 4180, SUM = 10169784, bChange = 0.00130404, totNum = 3
ROUND = 4181, SUM = 10169784, bChange = 0.00130404, totNum = 3
ROUND = 4182, SUM = 10169784, bChange = 0.00130404, totNum = 3
ROUND = 4183, SUM = 10169784, bChange = 0.00130404, totNum = 3
ROUND = 4184, SUM = 10169784, bChange = 0.00130403, totNum = 3
ROUND = 4185, SUM = 10169784, bChange = 0.00130403, totNum = 3
ROUND = 4186, SUM = 10169784, bChange = 0.00130403, totNum = 3
ROUND = 4187, SUM = 10169784, bChange = 0.00130402, totNum = 3
ROUND = 4188, SUM = 10169783.9999999, bChange = 0.00130402, totNum = 3
ROUND = 4189, SUM = 10169784, bChange = 0.00130402, totNum = 3
ROUND = 4190, SUM = 10169783.9999999, bChange = 0.00130402, totNum = 3
ROUND = 4191, SUM = 10169784, bChange = 0.00130401, totNum = 3
ROUND = 4192, SUM = 10169784, bChange = 0.00130401, totNum = 3
ROUND = 4193, SUM = 10169784, bChange = 0.00130401, totNum = 3
ROUND = 4194, SUM = 10169784, bChange = 0.00130401, totNum = 3
ROUND = 4195, SUM = 10169783.9999999, bChange = 0.001304, totNum = 3
ROUND = 4196, SUM = 10169784, bChange = 0.001304, totNum = 3
ROUND = 4197, SUM = 10169784, bChange = 0.001304, totNum = 3
ROUND = 4198, SUM = 10169783.9999999, bChange = 0.001304, totNum = 3
ROUND = 4199, SUM = 10169784, bChange = 0.00130399, totNum = 3
ROUND = 4200, SUM = 10169784, bChange = 0.00130399, totNum = 3
ROUND = 4201, SUM = 10169784, bChange = 0.00130399, totNum = 3
ROUND = 4202, SUM = 10169784, bChange = 0.00130399, totNum = 3
ROUND = 4203, SUM = 10169784, bChange = 0.00130398, totNum = 3
ROUND = 4204, SUM = 10169784, bChange = 0.00130398, totNum = 3
ROUND = 4205, SUM = 10169784, bChange = 0.00130398, totNum = 3
ROUND = 4206, SUM = 10169784, bChange = 0.00130397, totNum = 3
ROUND = 4207, SUM = 10169784, bChange = 0.00130397, totNum = 3
ROUND = 4208, SUM = 10169784, bChange = 0.00130397, totNum = 3
ROUND = 4209, SUM = 10169784, bChange = 0.00130397, totNum = 3
ROUND = 4210, SUM = 10169784, bChange = 0.00130396, totNum = 3
ROUND = 4211, SUM = 10169784, bChange = 0.00130396, totNum = 3
ROUND = 4212, SUM = 10169784, bChange = 0.00130396, totNum = 3
ROUND = 4213, SUM = 10169784, bChange = 0.00130396, totNum = 3
ROUND = 4214, SUM = 10169783.9999999, bChange = 0.00130395, totNum = 3
ROUND = 4215, SUM = 10169784, bChange = 0.00130395, totNum = 3
ROUND = 4216, SUM = 10169784, bChange = 0.00130395, totNum = 3
ROUND = 4217, SUM = 10169784, bChange = 0.00130395, totNum = 3
ROUND = 4218, SUM = 10169784, bChange = 0.00130394, totNum = 3
ROUND = 4219, SUM = 10169784, bChange = 0.00130394, totNum = 3
ROUND = 4220, SUM = 10169784, bChange = 0.00130394, totNum = 3
ROUND = 4221, SUM = 10169784, bChange = 0.00130394, totNum = 3
ROUND = 4222, SUM = 10169784, bChange = 0.00130393, totNum = 3
ROUND = 4223, SUM = 10169784, bChange = 0.00130393, totNum = 3
ROUND = 4224, SUM = 10169784, bChange = 0.00130393, totNum = 3
ROUND = 4225, SUM = 10169784, bChange = 0.00130393, totNum = 3
ROUND = 4226, SUM = 10169784, bChange = 0.00130392, totNum = 3
ROUND = 4227, SUM = 10169784, bChange = 0.00130392, totNum = 3
ROUND = 4228, SUM = 10169784, bChange = 0.00130392, totNum = 3
ROUND = 4229, SUM = 10169784, bChange = 0.00130392, totNum = 3
ROUND = 4230, SUM = 10169784, bChange = 0.00130391, totNum = 3
ROUND = 4231, SUM = 10169783.9999999, bChange = 0.00130391, totNum = 3
ROUND = 4232, SUM = 10169784, bChange = 0.00130391, totNum = 3
ROUND = 4233, SUM = 10169783.9999999, bChange = 0.00130391, totNum = 3
ROUND = 4234, SUM = 10169784, bChange = 0.0013039, totNum = 3
ROUND = 4235, SUM = 10169784, bChange = 0.0013039, totNum = 3
ROUND = 4236, SUM = 10169784, bChange = 0.0013039, totNum = 3
ROUND = 4237, SUM = 10169784, bChange = 0.0013039, totNum = 3
ROUND = 4238, SUM = 10169783.9999999, bChange = 0.00130389, totNum = 3
ROUND = 4239, SUM = 10169784, bChange = 0.00130389, totNum = 3
ROUND = 4240, SUM = 10169784, bChange = 0.00130389, totNum = 3
ROUND = 4241, SUM = 10169784, bChange = 0.00130389, totNum = 3
ROUND = 4242, SUM = 10169784, bChange = 0.00130388, totNum = 3
ROUND = 4243, SUM = 10169784, bChange = 0.00130388, totNum = 3
ROUND = 4244, SUM = 10169784, bChange = 0.00130388, totNum = 3
ROUND = 4245, SUM = 10169783.9999999, bChange = 0.00130388, totNum = 3
ROUND = 4246, SUM = 10169784, bChange = 0.00130387, totNum = 3
ROUND = 4247, SUM = 10169784, bChange = 0.00130387, totNum = 3
ROUND = 4248, SUM = 10169784, bChange = 0.00130387, totNum = 3
ROUND = 4249, SUM = 10169784, bChange = 0.00130387, totNum = 3
ROUND = 4250, SUM = 10169784, bChange = 0.00130386, totNum = 3
ROUND = 4251, SUM = 10169783.9999999, bChange = 0.00130386, totNum = 3
ROUND = 4252, SUM = 10169783.9999999, bChange = 0.00130386, totNum = 3
ROUND = 4253, SUM = 10169784, bChange = 0.00130386, totNum = 3
ROUND = 4254, SUM = 10169784, bChange = 0.00130385, totNum = 3
ROUND = 4255, SUM = 10169784, bChange = 0.00130385, totNum = 3
ROUND = 4256, SUM = 10169784, bChange = 0.00130385, totNum = 3
ROUND = 4257, SUM = 10169784, bChange = 0.00130385, totNum = 3
ROUND = 4258, SUM = 10169784, bChange = 0.00130384, totNum = 3
ROUND = 4259, SUM = 10169784, bChange = 0.00130384, totNum = 3
ROUND = 4260, SUM = 10169784, bChange = 0.00130384, totNum = 3
ROUND = 4261, SUM = 10169784, bChange = 0.00130384, totNum = 3
ROUND = 4262, SUM = 10169784, bChange = 0.00130383, totNum = 3
ROUND = 4263, SUM = 10169784, bChange = 0.00130383, totNum = 3
ROUND = 4264, SUM = 10169784, bChange = 0.00130383, totNum = 3
ROUND = 4265, SUM = 10169784, bChange = 0.00130383, totNum = 3
ROUND = 4266, SUM = 10169784, bChange = 0.00130382, totNum = 3
ROUND = 4267, SUM = 10169784, bChange = 0.00130382, totNum = 3
ROUND = 4268, SUM = 10169784, bChange = 0.00130382, totNum = 3
ROUND = 4269, SUM = 10169783.9999999, bChange = 0.00130382, totNum = 3
ROUND = 4270, SUM = 10169784, bChange = 0.00130381, totNum = 3
ROUND = 4271, SUM = 10169784, bChange = 0.00130381, totNum = 3
ROUND = 4272, SUM = 10169784, bChange = 0.00130381, totNum = 3
ROUND = 4273, SUM = 10169784, bChange = 0.00130381, totNum = 3
ROUND = 4274, SUM = 10169784, bChange = 0.0013038, totNum = 3
ROUND = 4275, SUM = 10169784, bChange = 0.0013038, totNum = 3
ROUND = 4276, SUM = 10169783.9999999, bChange = 0.0013038, totNum = 3
ROUND = 4277, SUM = 10169784, bChange = 0.0013038, totNum = 3
ROUND = 4278, SUM = 10169784, bChange = 0.00130379, totNum = 3
ROUND = 4279, SUM = 10169784, bChange = 0.00130379, totNum = 3
ROUND = 4280, SUM = 10169783.9999999, bChange = 0.00130379, totNum = 3
ROUND = 4281, SUM = 10169783.9999999, bChange = 0.00130379, totNum = 3
ROUND = 4282, SUM = 10169783.9999999, bChange = 0.00130379, totNum = 3
ROUND = 4283, SUM = 10169784, bChange = 0.00130378, totNum = 3
ROUND = 4284, SUM = 10169783.9999999, bChange = 0.00130378, totNum = 3
ROUND = 4285, SUM = 10169784, bChange = 0.00130378, totNum = 3
ROUND = 4286, SUM = 10169783.9999999, bChange = 0.00130378, totNum = 3
ROUND = 4287, SUM = 10169784, bChange = 0.00130377, totNum = 3
ROUND = 4288, SUM = 10169784, bChange = 0.00130377, totNum = 3
ROUND = 4289, SUM = 10169784, bChange = 0.00130377, totNum = 3
ROUND = 4290, SUM = 10169784, bChange = 0.00130377, totNum = 3
ROUND = 4291, SUM = 10169784, bChange = 0.00130376, totNum = 3
ROUND = 4292, SUM = 10169784, bChange = 0.00130376, totNum = 3
ROUND = 4293, SUM = 10169784, bChange = 0.00130376, totNum = 3
ROUND = 4294, SUM = 10169783.9999999, bChange = 0.00130376, totNum = 3
ROUND = 4295, SUM = 10169784, bChange = 0.00130375, totNum = 3
ROUND = 4296, SUM = 10169784, bChange = 0.00130375, totNum = 3
ROUND = 4297, SUM = 10169784, bChange = 0.00130375, totNum = 3
ROUND = 4298, SUM = 10169784, bChange = 0.00130375, totNum = 3
ROUND = 4299, SUM = 10169783.9999999, bChange = 0.00130375, totNum = 3
ROUND = 4300, SUM = 10169783.9999999, bChange = 0.00130374, totNum = 3
ROUND = 4301, SUM = 10169784, bChange = 0.00130374, totNum = 3
ROUND = 4302, SUM = 10169784, bChange = 0.00130374, totNum = 3
ROUND = 4303, SUM = 10169784, bChange = 0.00130374, totNum = 3
ROUND = 4304, SUM = 10169784, bChange = 0.00130373, totNum = 3
ROUND = 4305, SUM = 10169784, bChange = 0.00130373, totNum = 3
ROUND = 4306, SUM = 10169784, bChange = 0.00130373, totNum = 3
ROUND = 4307, SUM = 10169784, bChange = 0.00130373, totNum = 3
ROUND = 4308, SUM = 10169784, bChange = 0.00130372, totNum = 3
ROUND = 4309, SUM = 10169783.9999999, bChange = 0.00130372, totNum = 3
ROUND = 4310, SUM = 10169784, bChange = 0.00130372, totNum = 3
ROUND = 4311, SUM = 10169784, bChange = 0.00130372, totNum = 3
ROUND = 4312, SUM = 10169783.9999999, bChange = 0.00130372, totNum = 3
ROUND = 4313, SUM = 10169784, bChange = 0.00130371, totNum = 3
ROUND = 4314, SUM = 10169784, bChange = 0.00130371, totNum = 3
ROUND = 4315, SUM = 10169783.9999999, bChange = 0.00130371, totNum = 3
ROUND = 4316, SUM = 10169784, bChange = 0.00130371, totNum = 3
ROUND = 4317, SUM = 10169784, bChange = 0.0013037, totNum = 3
ROUND = 4318, SUM = 10169783.9999999, bChange = 0.0013037, totNum = 3
ROUND = 4319, SUM = 10169784, bChange = 0.0013037, totNum = 3
ROUND = 4320, SUM = 10169784, bChange = 0.0013037, totNum = 3
ROUND = 4321, SUM = 10169783.9999999, bChange = 0.0013037, totNum = 3
ROUND = 4322, SUM = 10169784, bChange = 0.00130369, totNum = 3
ROUND = 4323, SUM = 10169784, bChange = 0.00130369, totNum = 3
ROUND = 4324, SUM = 10169784, bChange = 0.00130369, totNum = 3
ROUND = 4325, SUM = 10169784, bChange = 0.00130369, totNum = 3
ROUND = 4326, SUM = 10169784, bChange = 0.00130368, totNum = 3
ROUND = 4327, SUM = 10169783.9999999, bChange = 0.00130368, totNum = 3
ROUND = 4328, SUM = 10169784, bChange = 0.00130368, totNum = 3
ROUND = 4329, SUM = 10169783.9999999, bChange = 0.00130368, totNum = 3
ROUND = 4330, SUM = 10169784, bChange = 0.00130368, totNum = 3
ROUND = 4331, SUM = 10169783.9999999, bChange = 0.00130367, totNum = 3
ROUND = 4332, SUM = 10169784, bChange = 0.00130367, totNum = 3
ROUND = 4333, SUM = 10169784, bChange = 0.00130367, totNum = 3
ROUND = 4334, SUM = 10169784, bChange = 0.00130367, totNum = 3
ROUND = 4335, SUM = 10169784, bChange = 0.00130366, totNum = 3
ROUND = 4336, SUM = 10169784, bChange = 0.00130366, totNum = 3
ROUND = 4337, SUM = 10169784, bChange = 0.00130366, totNum = 3
ROUND = 4338, SUM = 10169784, bChange = 0.00130366, totNum = 3
ROUND = 4339, SUM = 10169784, bChange = 0.00130366, totNum = 3
ROUND = 4340, SUM = 10169784, bChange = 0.00130365, totNum = 3
ROUND = 4341, SUM = 10169784, bChange = 0.00130365, totNum = 3
ROUND = 4342, SUM = 10169784, bChange = 0.00130365, totNum = 3
ROUND = 4343, SUM = 10169784, bChange = 0.00130365, totNum = 3
ROUND = 4344, SUM = 10169784, bChange = 0.00130364, totNum = 3
ROUND = 4345, SUM = 10169784, bChange = 0.00130364, totNum = 3
ROUND = 4346, SUM = 10169784, bChange = 0.00130364, totNum = 3
ROUND = 4347, SUM = 10169784, bChange = 0.00130364, totNum = 3
ROUND = 4348, SUM = 10169783.9999999, bChange = 0.00130364, totNum = 3
ROUND = 4349, SUM = 10169784, bChange = 0.00130363, totNum = 3
ROUND = 4350, SUM = 10169784, bChange = 0.00130363, totNum = 3
ROUND = 4351, SUM = 10169783.9999999, bChange = 0.00130363, totNum = 3
ROUND = 4352, SUM = 10169783.9999999, bChange = 0.00130363, totNum = 3
ROUND = 4353, SUM = 10169783.9999999, bChange = 0.00130362, totNum = 3
ROUND = 4354, SUM = 10169783.9999999, bChange = 0.00130362, totNum = 3
ROUND = 4355, SUM = 10169783.9999999, bChange = 0.00130362, totNum = 3
ROUND = 4356, SUM = 10169783.9999999, bChange = 0.00130362, totNum = 3
ROUND = 4357, SUM = 10169784, bChange = 0.00130362, totNum = 3
ROUND = 4358, SUM = 10169784, bChange = 0.00130361, totNum = 3
ROUND = 4359, SUM = 10169784, bChange = 0.00130361, totNum = 3
ROUND = 4360, SUM = 10169784, bChange = 0.00130361, totNum = 3
ROUND = 4361, SUM = 10169784, bChange = 0.00130361, totNum = 3
ROUND = 4362, SUM = 10169784, bChange = 0.00130361, totNum = 3
ROUND = 4363, SUM = 10169783.9999999, bChange = 0.0013036, totNum = 3
ROUND = 4364, SUM = 10169783.9999999, bChange = 0.0013036, totNum = 3
ROUND = 4365, SUM = 10169783.9999999, bChange = 0.0013036, totNum = 3
ROUND = 4366, SUM = 10169784, bChange = 0.0013036, totNum = 3
ROUND = 4367, SUM = 10169784, bChange = 0.00130359, totNum = 3
ROUND = 4368, SUM = 10169784, bChange = 0.00130359, totNum = 3
ROUND = 4369, SUM = 10169783.9999999, bChange = 0.00130359, totNum = 3
ROUND = 4370, SUM = 10169784, bChange = 0.00130359, totNum = 3
ROUND = 4371, SUM = 10169783.9999999, bChange = 0.00130359, totNum = 3
ROUND = 4372, SUM = 10169784, bChange = 0.00130358, totNum = 3
ROUND = 4373, SUM = 10169784, bChange = 0.00130358, totNum = 3
ROUND = 4374, SUM = 10169783.9999999, bChange = 0.00130358, totNum = 3
ROUND = 4375, SUM = 10169783.9999999, bChange = 0.00130358, totNum = 3
ROUND = 4376, SUM = 10169783.9999999, bChange = 0.00130358, totNum = 3
ROUND = 4377, SUM = 10169783.9999999, bChange = 0.00130357, totNum = 3
ROUND = 4378, SUM = 10169783.9999999, bChange = 0.00130357, totNum = 3
ROUND = 4379, SUM = 10169783.9999999, bChange = 0.00130357, totNum = 3
ROUND = 4380, SUM = 10169783.9999999, bChange = 0.00130357, totNum = 3
ROUND = 4381, SUM = 10169783.9999999, bChange = 0.00130357, totNum = 3
ROUND = 4382, SUM = 10169784, bChange = 0.00130356, totNum = 3
ROUND = 4383, SUM = 10169783.9999999, bChange = 0.00130356, totNum = 3
ROUND = 4384, SUM = 10169783.9999999, bChange = 0.00130356, totNum = 3
ROUND = 4385, SUM = 10169783.9999999, bChange = 0.00130356, totNum = 3
ROUND = 4386, SUM = 10169783.9999999, bChange = 0.00130355, totNum = 3
ROUND = 4387, SUM = 10169783.9999999, bChange = 0.00130355, totNum = 3
ROUND = 4388, SUM = 10169783.9999999, bChange = 0.00130355, totNum = 3
ROUND = 4389, SUM = 10169783.9999999, bChange = 0.00130355, totNum = 3
ROUND = 4390, SUM = 10169784, bChange = 0.00130355, totNum = 3
ROUND = 4391, SUM = 10169783.9999999, bChange = 0.00130354, totNum = 3
ROUND = 4392, SUM = 10169784, bChange = 0.00130354, totNum = 3
ROUND = 4393, SUM = 10169783.9999999, bChange = 0.00130354, totNum = 3
ROUND = 4394, SUM = 10169783.9999999, bChange = 0.00130354, totNum = 3
ROUND = 4395, SUM = 10169784, bChange = 0.00130354, totNum = 3
ROUND = 4396, SUM = 10169783.9999999, bChange = 0.00130353, totNum = 3
ROUND = 4397, SUM = 10169783.9999999, bChange = 0.00130353, totNum = 3
ROUND = 4398, SUM = 10169784, bChange = 0.00130353, totNum = 3
ROUND = 4399, SUM = 10169784, bChange = 0.00130353, totNum = 3
ROUND = 4400, SUM = 10169783.9999999, bChange = 0.00130353, totNum = 3
ROUND = 4401, SUM = 10169784, bChange = 0.00130352, totNum = 3
ROUND = 4402, SUM = 10169783.9999999, bChange = 0.00130352, totNum = 3
ROUND = 4403, SUM = 10169783.9999999, bChange = 0.00130352, totNum = 3
ROUND = 4404, SUM = 10169784, bChange = 0.00130352, totNum = 3
ROUND = 4405, SUM = 10169784, bChange = 0.00130352, totNum = 3
ROUND = 4406, SUM = 10169784, bChange = 0.00130351, totNum = 3
ROUND = 4407, SUM = 10169784, bChange = 0.00130351, totNum = 3
ROUND = 4408, SUM = 10169784, bChange = 0.00130351, totNum = 3
ROUND = 4409, SUM = 10169784, bChange = 0.00130351, totNum = 3
ROUND = 4410, SUM = 10169784, bChange = 0.00130351, totNum = 3
ROUND = 4411, SUM = 10169784, bChange = 0.0013035, totNum = 3
ROUND = 4412, SUM = 10169783.9999999, bChange = 0.0013035, totNum = 3
ROUND = 4413, SUM = 10169783.9999999, bChange = 0.0013035, totNum = 3
ROUND = 4414, SUM = 10169784, bChange = 0.0013035, totNum = 3
ROUND = 4415, SUM = 10169783.9999999, bChange = 0.0013035, totNum = 3
ROUND = 4416, SUM = 10169783.9999999, bChange = 0.00130349, totNum = 3
ROUND = 4417, SUM = 10169783.9999999, bChange = 0.00130349, totNum = 3
ROUND = 4418, SUM = 10169783.9999999, bChange = 0.00130349, totNum = 3
ROUND = 4419, SUM = 10169784, bChange = 0.00130349, totNum = 3
ROUND = 4420, SUM = 10169783.9999999, bChange = 0.00130349, totNum = 3
ROUND = 4421, SUM = 10169784, bChange = 0.00130348, totNum = 3
ROUND = 4422, SUM = 10169784, bChange = 0.00130348, totNum = 3
ROUND = 4423, SUM = 10169783.9999999, bChange = 0.00130348, totNum = 3
ROUND = 4424, SUM = 10169783.9999999, bChange = 0.00130348, totNum = 3
ROUND = 4425, SUM = 10169783.9999999, bChange = 0.00130348, totNum = 3
ROUND = 4426, SUM = 10169784, bChange = 0.00130347, totNum = 3
ROUND = 4427, SUM = 10169784, bChange = 0.00130347, totNum = 3
ROUND = 4428, SUM = 10169784, bChange = 0.00130347, totNum = 3
ROUND = 4429, SUM = 10169783.9999999, bChange = 0.00130347, totNum = 3
ROUND = 4430, SUM = 10169783.9999999, bChange = 0.00130347, totNum = 3
ROUND = 4431, SUM = 10169784, bChange = 0.00130346, totNum = 3
ROUND = 4432, SUM = 10169784, bChange = 0.00130346, totNum = 3
ROUND = 4433, SUM = 10169784, bChange = 0.00130346, totNum = 3
ROUND = 4434, SUM = 10169784, bChange = 0.00130346, totNum = 3
ROUND = 4435, SUM = 10169784, bChange = 0.00130346, totNum = 3
ROUND = 4436, SUM = 10169784, bChange = 0.00130345, totNum = 3
ROUND = 4437, SUM = 10169784, bChange = 0.00130345, totNum = 3
ROUND = 4438, SUM = 10169783.9999999, bChange = 0.00130345, totNum = 3
ROUND = 4439, SUM = 10169783.9999999, bChange = 0.00130345, totNum = 3
ROUND = 4440, SUM = 10169784, bChange = 0.00130345, totNum = 3
ROUND = 4441, SUM = 10169784, bChange = 0.00130345, totNum = 3
ROUND = 4442, SUM = 10169784, bChange = 0.00130344, totNum = 3
ROUND = 4443, SUM = 10169784, bChange = 0.00130344, totNum = 3
ROUND = 4444, SUM = 10169784, bChange = 0.00130344, totNum = 3
ROUND = 4445, SUM = 10169784, bChange = 0.00130344, totNum = 3
ROUND = 4446, SUM = 10169783.9999999, bChange = 0.00130344, totNum = 3
ROUND = 4447, SUM = 10169784, bChange = 0.00130343, totNum = 3
ROUND = 4448, SUM = 10169783.9999999, bChange = 0.00130343, totNum = 3
ROUND = 4449, SUM = 10169784, bChange = 0.00130343, totNum = 3
ROUND = 4450, SUM = 10169784, bChange = 0.00130343, totNum = 3
ROUND = 4451, SUM = 10169783.9999999, bChange = 0.00130343, totNum = 3
ROUND = 4452, SUM = 10169784, bChange = 0.00130342, totNum = 3
ROUND = 4453, SUM = 10169784, bChange = 0.00130342, totNum = 3
ROUND = 4454, SUM = 10169784, bChange = 0.00130342, totNum = 3
ROUND = 4455, SUM = 10169783.9999999, bChange = 0.00130342, totNum = 3
ROUND = 4456, SUM = 10169784, bChange = 0.00130342, totNum = 3
ROUND = 4457, SUM = 10169784, bChange = 0.00130341, totNum = 3
ROUND = 4458, SUM = 10169783.9999999, bChange = 0.00130341, totNum = 3
ROUND = 4459, SUM = 10169783.9999999, bChange = 0.00130341, totNum = 3
ROUND = 4460, SUM = 10169784, bChange = 0.00130341, totNum = 3
ROUND = 4461, SUM = 10169784, bChange = 0.00130341, totNum = 3
ROUND = 4462, SUM = 10169784, bChange = 0.00130341, totNum = 3
ROUND = 4463, SUM = 10169784, bChange = 0.0013034, totNum = 3
ROUND = 4464, SUM = 10169784, bChange = 0.0013034, totNum = 3
ROUND = 4465, SUM = 10169784, bChange = 0.0013034, totNum = 3
ROUND = 4466, SUM = 10169784, bChange = 0.0013034, totNum = 3
ROUND = 4467, SUM = 10169784, bChange = 0.0013034, totNum = 3
ROUND = 4468, SUM = 10169784, bChange = 0.00130339, totNum = 3
ROUND = 4469, SUM = 10169784, bChange = 0.00130339, totNum = 3
ROUND = 4470, SUM = 10169783.9999999, bChange = 0.00130339, totNum = 3
ROUND = 4471, SUM = 10169784, bChange = 0.00130339, totNum = 3
ROUND = 4472, SUM = 10169784, bChange = 0.00130339, totNum = 3
ROUND = 4473, SUM = 10169784, bChange = 0.00130338, totNum = 3
ROUND = 4474, SUM = 10169784, bChange = 0.00130338, totNum = 3
ROUND = 4475, SUM = 10169783.9999999, bChange = 0.00130338, totNum = 3
ROUND = 4476, SUM = 10169784, bChange = 0.00130338, totNum = 3
ROUND = 4477, SUM = 10169784, bChange = 0.00130338, totNum = 3
ROUND = 4478, SUM = 10169783.9999999, bChange = 0.00130338, totNum = 3
ROUND = 4479, SUM = 10169784, bChange = 0.00130337, totNum = 3
ROUND = 4480, SUM = 10169784, bChange = 0.00130337, totNum = 3
ROUND = 4481, SUM = 10169783.9999999, bChange = 0.00130337, totNum = 3
ROUND = 4482, SUM = 10169784, bChange = 0.00130337, totNum = 3
ROUND = 4483, SUM = 10169784, bChange = 0.00130337, totNum = 3
ROUND = 4484, SUM = 10169784, bChange = 0.00130336, totNum = 3
ROUND = 4485, SUM = 10169784, bChange = 0.00130336, totNum = 3
ROUND = 4486, SUM = 10169784, bChange = 0.00130336, totNum = 3
ROUND = 4487, SUM = 10169784, bChange = 0.00130336, totNum = 3
ROUND = 4488, SUM = 10169784, bChange = 0.00130336, totNum = 3
ROUND = 4489, SUM = 10169784, bChange = 0.00130336, totNum = 3
ROUND = 4490, SUM = 10169784, bChange = 0.00130335, totNum = 3
ROUND = 4491, SUM = 10169784, bChange = 0.00130335, totNum = 3
ROUND = 4492, SUM = 10169783.9999999, bChange = 0.00130335, totNum = 3
ROUND = 4493, SUM = 10169783.9999999, bChange = 0.00130335, totNum = 3
ROUND = 4494, SUM = 10169783.9999999, bChange = 0.00130335, totNum = 3
ROUND = 4495, SUM = 10169784, bChange = 0.00130334, totNum = 3
ROUND = 4496, SUM = 10169784, bChange = 0.00130334, totNum = 3
ROUND = 4497, SUM = 10169784, bChange = 0.00130334, totNum = 3
ROUND = 4498, SUM = 10169784, bChange = 0.00130334, totNum = 3
ROUND = 4499, SUM = 10169784, bChange = 0.00130334, totNum = 3
ROUND = 4500, SUM = 10169784, bChange = 0.00130334, totNum = 3
ROUND = 4501, SUM = 10169784, bChange = 0.00130333, totNum = 3
ROUND = 4502, SUM = 10169784, bChange = 0.00130333, totNum = 3
ROUND = 4503, SUM = 10169784, bChange = 0.00130333, totNum = 3
ROUND = 4504, SUM = 10169784, bChange = 0.00130333, totNum = 3
ROUND = 4505, SUM = 10169784, bChange = 0.00130333, totNum = 3
ROUND = 4506, SUM = 10169784, bChange = 0.00130333, totNum = 3
ROUND = 4507, SUM = 10169784, bChange = 0.00130332, totNum = 3
ROUND = 4508, SUM = 10169784, bChange = 0.00130332, totNum = 3
ROUND = 4509, SUM = 10169784, bChange = 0.00130332, totNum = 3
ROUND = 4510, SUM = 10169784, bChange = 0.00130332, totNum = 3
ROUND = 4511, SUM = 10169784, bChange = 0.00130332, totNum = 3
ROUND = 4512, SUM = 10169784, bChange = 0.00130331, totNum = 3
ROUND = 4513, SUM = 10169784, bChange = 0.00130331, totNum = 3
ROUND = 4514, SUM = 10169784, bChange = 0.00130331, totNum = 3
ROUND = 4515, SUM = 10169784, bChange = 0.00130331, totNum = 3
ROUND = 4516, SUM = 10169783.9999999, bChange = 0.00130331, totNum = 3
ROUND = 4517, SUM = 10169784, bChange = 0.00130331, totNum = 3
ROUND = 4518, SUM = 10169784, bChange = 0.0013033, totNum = 3
ROUND = 4519, SUM = 10169784, bChange = 0.0013033, totNum = 3
ROUND = 4520, SUM = 10169784, bChange = 0.0013033, totNum = 3
ROUND = 4521, SUM = 10169783.9999999, bChange = 0.0013033, totNum = 3
ROUND = 4522, SUM = 10169784, bChange = 0.0013033, totNum = 3
ROUND = 4523, SUM = 10169784, bChange = 0.0013033, totNum = 3
ROUND = 4524, SUM = 10169784, bChange = 0.00130329, totNum = 3
ROUND = 4525, SUM = 10169784, bChange = 0.00130329, totNum = 3
ROUND = 4526, SUM = 10169784, bChange = 0.00130329, totNum = 3
ROUND = 4527, SUM = 10169784, bChange = 0.00130329, totNum = 3
ROUND = 4528, SUM = 10169784, bChange = 0.00130329, totNum = 3
ROUND = 4529, SUM = 10169783.9999999, bChange = 0.00130329, totNum = 3
ROUND = 4530, SUM = 10169784, bChange = 0.00130328, totNum = 3
ROUND = 4531, SUM = 10169784, bChange = 0.00130328, totNum = 3
ROUND = 4532, SUM = 10169783.9999999, bChange = 0.00130328, totNum = 3
ROUND = 4533, SUM = 10169783.9999999, bChange = 0.00130328, totNum = 3
ROUND = 4534, SUM = 10169784, bChange = 0.00130328, totNum = 3
ROUND = 4535, SUM = 10169783.9999999, bChange = 0.00130327, totNum = 3
ROUND = 4536, SUM = 10169784, bChange = 0.00130327, totNum = 3
ROUND = 4537, SUM = 10169783.9999999, bChange = 0.00130327, totNum = 3
ROUND = 4538, SUM = 10169783.9999999, bChange = 0.00130327, totNum = 3
ROUND = 4539, SUM = 10169784, bChange = 0.00130327, totNum = 3
ROUND = 4540, SUM = 10169783.9999999, bChange = 0.00130327, totNum = 3
ROUND = 4541, SUM = 10169784, bChange = 0.00130326, totNum = 3
ROUND = 4542, SUM = 10169783.9999999, bChange = 0.00130326, totNum = 3
ROUND = 4543, SUM = 10169783.9999999, bChange = 0.00130326, totNum = 3
ROUND = 4544, SUM = 10169783.9999999, bChange = 0.00130326, totNum = 3
ROUND = 4545, SUM = 10169784, bChange = 0.00130326, totNum = 3
ROUND = 4546, SUM = 10169784, bChange = 0.00130326, totNum = 3
ROUND = 4547, SUM = 10169783.9999999, bChange = 0.00130325, totNum = 3
ROUND = 4548, SUM = 10169784, bChange = 0.00130325, totNum = 3
ROUND = 4549, SUM = 10169784, bChange = 0.00130325, totNum = 3
ROUND = 4550, SUM = 10169783.9999999, bChange = 0.00130325, totNum = 3
ROUND = 4551, SUM = 10169784, bChange = 0.00130325, totNum = 3
ROUND = 4552, SUM = 10169783.9999999, bChange = 0.00130325, totNum = 3
ROUND = 4553, SUM = 10169784, bChange = 0.00130324, totNum = 3
ROUND = 4554, SUM = 10169784, bChange = 0.00130324, totNum = 3
ROUND = 4555, SUM = 10169784, bChange = 0.00130324, totNum = 3
ROUND = 4556, SUM = 10169784, bChange = 0.00130324, totNum = 3
ROUND = 4557, SUM = 10169784, bChange = 0.00130324, totNum = 3
ROUND = 4558, SUM = 10169784, bChange = 0.00130324, totNum = 3
ROUND = 4559, SUM = 10169784, bChange = 0.00130323, totNum = 3
ROUND = 4560, SUM = 10169783.9999999, bChange = 0.00130323, totNum = 3
ROUND = 4561, SUM = 10169783.9999999, bChange = 0.00130323, totNum = 3
ROUND = 4562, SUM = 10169784, bChange = 0.00130323, totNum = 3
ROUND = 4563, SUM = 10169784, bChange = 0.00130323, totNum = 3
ROUND = 4564, SUM = 10169784, bChange = 0.00130323, totNum = 3
ROUND = 4565, SUM = 10169784, bChange = 0.00130322, totNum = 3
ROUND = 4566, SUM = 10169784, bChange = 0.00130322, totNum = 3
ROUND = 4567, SUM = 10169783.9999999, bChange = 0.00130322, totNum = 3
ROUND = 4568, SUM = 10169783.9999999, bChange = 0.00130322, totNum = 3
ROUND = 4569, SUM = 10169783.9999999, bChange = 0.00130322, totNum = 3
ROUND = 4570, SUM = 10169783.9999999, bChange = 0.00130322, totNum = 3
ROUND = 4571, SUM = 10169784, bChange = 0.00130322, totNum = 3
ROUND = 4572, SUM = 10169784, bChange = 0.00130321, totNum = 3
ROUND = 4573, SUM = 10169783.9999999, bChange = 0.00130321, totNum = 3
ROUND = 4574, SUM = 10169784, bChange = 0.00130321, totNum = 3
ROUND = 4575, SUM = 10169784, bChange = 0.00130321, totNum = 3
ROUND = 4576, SUM = 10169784, bChange = 0.00130321, totNum = 3
ROUND = 4577, SUM = 10169783.9999999, bChange = 0.00130321, totNum = 3
ROUND = 4578, SUM = 10169783.9999999, bChange = 0.0013032, totNum = 3
ROUND = 4579, SUM = 10169784, bChange = 0.0013032, totNum = 3
ROUND = 4580, SUM = 10169784, bChange = 0.0013032, totNum = 3
ROUND = 4581, SUM = 10169784, bChange = 0.0013032, totNum = 3
ROUND = 4582, SUM = 10169783.9999999, bChange = 0.0013032, totNum = 3
ROUND = 4583, SUM = 10169783.9999999, bChange = 0.0013032, totNum = 3
ROUND = 4584, SUM = 10169783.9999999, bChange = 0.00130319, totNum = 3
ROUND = 4585, SUM = 10169783.9999999, bChange = 0.00130319, totNum = 3
ROUND = 4586, SUM = 10169784, bChange = 0.00130319, totNum = 3
ROUND = 4587, SUM = 10169783.9999999, bChange = 0.00130319, totNum = 3
ROUND = 4588, SUM = 10169784, bChange = 0.00130319, totNum = 3
ROUND = 4589, SUM = 10169784, bChange = 0.00130319, totNum = 3
ROUND = 4590, SUM = 10169783.9999999, bChange = 0.00130318, totNum = 3
ROUND = 4591, SUM = 10169784, bChange = 0.00130318, totNum = 3
ROUND = 4592, SUM = 10169784, bChange = 0.00130318, totNum = 3
ROUND = 4593, SUM = 10169784, bChange = 0.00130318, totNum = 3
ROUND = 4594, SUM = 10169784, bChange = 0.00130318, totNum = 3
ROUND = 4595, SUM = 10169784, bChange = 0.00130318, totNum = 3
ROUND = 4596, SUM = 10169784, bChange = 0.00130318, totNum = 3
ROUND = 4597, SUM = 10169784, bChange = 0.00130317, totNum = 3
ROUND = 4598, SUM = 10169784, bChange = 0.00130317, totNum = 3
ROUND = 4599, SUM = 10169783.9999999, bChange = 0.00130317, totNum = 3
ROUND = 4600, SUM = 10169784, bChange = 0.00130317, totNum = 3
ROUND = 4601, SUM = 10169784, bChange = 0.00130317, totNum = 3
ROUND = 4602, SUM = 10169784, bChange = 0.00130317, totNum = 3
ROUND = 4603, SUM = 10169784, bChange = 0.00130316, totNum = 3
ROUND = 4604, SUM = 10169783.9999999, bChange = 0.00130316, totNum = 3
ROUND = 4605, SUM = 10169783.9999999, bChange = 0.00130316, totNum = 3
ROUND = 4606, SUM = 10169783.9999999, bChange = 0.00130316, totNum = 3
ROUND = 4607, SUM = 10169784, bChange = 0.00130316, totNum = 3
ROUND = 4608, SUM = 10169783.9999999, bChange = 0.00130316, totNum = 3
ROUND = 4609, SUM = 10169784, bChange = 0.00130315, totNum = 3
ROUND = 4610, SUM = 10169784, bChange = 0.00130315, totNum = 3
ROUND = 4611, SUM = 10169784, bChange = 0.00130315, totNum = 3
ROUND = 4612, SUM = 10169784, bChange = 0.00130315, totNum = 3
ROUND = 4613, SUM = 10169784, bChange = 0.00130315, totNum = 3
ROUND = 4614, SUM = 10169784, bChange = 0.00130315, totNum = 3
ROUND = 4615, SUM = 10169784, bChange = 0.00130315, totNum = 3
ROUND = 4616, SUM = 10169784, bChange = 0.00130314, totNum = 3
ROUND = 4617, SUM = 10169784, bChange = 0.00130314, totNum = 3
ROUND = 4618, SUM = 10169784, bChange = 0.00130314, totNum = 3
ROUND = 4619, SUM = 10169784, bChange = 0.00130314, totNum = 3
ROUND = 4620, SUM = 10169784, bChange = 0.00130314, totNum = 3
ROUND = 4621, SUM = 10169784, bChange = 0.00130314, totNum = 3
ROUND = 4622, SUM = 10169784, bChange = 0.00130313, totNum = 3
ROUND = 4623, SUM = 10169784, bChange = 0.00130313, totNum = 3
ROUND = 4624, SUM = 10169783.9999999, bChange = 0.00130313, totNum = 3
ROUND = 4625, SUM = 10169784, bChange = 0.00130313, totNum = 3
ROUND = 4626, SUM = 10169784, bChange = 0.00130313, totNum = 3
ROUND = 4627, SUM = 10169784, bChange = 0.00130313, totNum = 3
ROUND = 4628, SUM = 10169784, bChange = 0.00130313, totNum = 3
ROUND = 4629, SUM = 10169784, bChange = 0.00130312, totNum = 3
ROUND = 4630, SUM = 10169783.9999999, bChange = 0.00130312, totNum = 3
ROUND = 4631, SUM = 10169784, bChange = 0.00130312, totNum = 3
ROUND = 4632, SUM = 10169784, bChange = 0.00130312, totNum = 2
ROUND = 4633, SUM = 10169784, bChange = 0.00130312, totNum = 2
ROUND = 4634, SUM = 10169784, bChange = 0.00130312, totNum = 2
ROUND = 4635, SUM = 10169784, bChange = 0.00130312, totNum = 2
ROUND = 4636, SUM = 10169783.9999999, bChange = 0.00130311, totNum = 2
ROUND = 4637, SUM = 10169783.9999999, bChange = 0.00130311, totNum = 2
ROUND = 4638, SUM = 10169784, bChange = 0.00130311, totNum = 2
ROUND = 4639, SUM = 10169784, bChange = 0.00130311, totNum = 2
ROUND = 4640, SUM = 10169784, bChange = 0.00130311, totNum = 2
ROUND = 4641, SUM = 10169784, bChange = 0.00130311, totNum = 2
ROUND = 4642, SUM = 10169783.9999999, bChange = 0.0013031, totNum = 2
ROUND = 4643, SUM = 10169784, bChange = 0.0013031, totNum = 2
ROUND = 4644, SUM = 10169784, bChange = 0.0013031, totNum = 2
ROUND = 4645, SUM = 10169784, bChange = 0.0013031, totNum = 2
ROUND = 4646, SUM = 10169783.9999999, bChange = 0.0013031, totNum = 2
ROUND = 4647, SUM = 10169783.9999999, bChange = 0.0013031, totNum = 2
ROUND = 4648, SUM = 10169784, bChange = 0.0013031, totNum = 2
ROUND = 4649, SUM = 10169784, bChange = 0.00130309, totNum = 2
ROUND = 4650, SUM = 10169783.9999999, bChange = 0.00130309, totNum = 2
ROUND = 4651, SUM = 10169784, bChange = 0.00130309, totNum = 2
ROUND = 4652, SUM = 10169784, bChange = 0.00130309, totNum = 2
ROUND = 4653, SUM = 10169784, bChange = 0.00130309, totNum = 2
ROUND = 4654, SUM = 10169783.9999999, bChange = 0.00130309, totNum = 2
ROUND = 4655, SUM = 10169783.9999999, bChange = 0.00130309, totNum = 2
ROUND = 4656, SUM = 10169784, bChange = 0.00130308, totNum = 2
ROUND = 4657, SUM = 10169784, bChange = 0.00130308, totNum = 2
ROUND = 4658, SUM = 10169784, bChange = 0.00130308, totNum = 2
ROUND = 4659, SUM = 10169783.9999999, bChange = 0.00130308, totNum = 2
ROUND = 4660, SUM = 10169784, bChange = 0.00130308, totNum = 2
ROUND = 4661, SUM = 10169784, bChange = 0.00130308, totNum = 2
ROUND = 4662, SUM = 10169784, bChange = 0.00130308, totNum = 2
ROUND = 4663, SUM = 10169784, bChange = 0.00130307, totNum = 2
ROUND = 4664, SUM = 10169784, bChange = 0.00130307, totNum = 2
ROUND = 4665, SUM = 10169783.9999999, bChange = 0.00130307, totNum = 2
ROUND = 4666, SUM = 10169784, bChange = 0.00130307, totNum = 2
ROUND = 4667, SUM = 10169784, bChange = 0.00130307, totNum = 2
ROUND = 4668, SUM = 10169784, bChange = 0.00130307, totNum = 2
ROUND = 4669, SUM = 10169784, bChange = 0.00130307, totNum = 2
ROUND = 4670, SUM = 10169784, bChange = 0.00130306, totNum = 2
ROUND = 4671, SUM = 10169783.9999999, bChange = 0.00130306, totNum = 2
ROUND = 4672, SUM = 10169784, bChange = 0.00130306, totNum = 2
ROUND = 4673, SUM = 10169784, bChange = 0.00130306, totNum = 2
ROUND = 4674, SUM = 10169783.9999999, bChange = 0.00130306, totNum = 2
ROUND = 4675, SUM = 10169784, bChange = 0.00130306, totNum = 2
ROUND = 4676, SUM = 10169784, bChange = 0.00130306, totNum = 2
ROUND = 4677, SUM = 10169784, bChange = 0.00130305, totNum = 2
ROUND = 4678, SUM = 10169784, bChange = 0.00130305, totNum = 2
ROUND = 4679, SUM = 10169784, bChange = 0.00130305, totNum = 2
ROUND = 4680, SUM = 10169784, bChange = 0.00130305, totNum = 2
ROUND = 4681, SUM = 10169784, bChange = 0.00130305, totNum = 2
ROUND = 4682, SUM = 10169784, bChange = 0.00130305, totNum = 2
ROUND = 4683, SUM = 10169784, bChange = 0.00130305, totNum = 2
ROUND = 4684, SUM = 10169784, bChange = 0.00130304, totNum = 2
ROUND = 4685, SUM = 10169784, bChange = 0.00130304, totNum = 2
ROUND = 4686, SUM = 10169784, bChange = 0.00130304, totNum = 2
ROUND = 4687, SUM = 10169784, bChange = 0.00130304, totNum = 2
ROUND = 4688, SUM = 10169784, bChange = 0.00130304, totNum = 2
ROUND = 4689, SUM = 10169783.9999999, bChange = 0.00130304, totNum = 2
ROUND = 4690, SUM = 10169784, bChange = 0.00130304, totNum = 2
ROUND = 4691, SUM = 10169784, bChange = 0.00130303, totNum = 2
ROUND = 4692, SUM = 10169784, bChange = 0.00130303, totNum = 2
ROUND = 4693, SUM = 10169783.9999999, bChange = 0.00130303, totNum = 2
ROUND = 4694, SUM = 10169784, bChange = 0.00130303, totNum = 2
ROUND = 4695, SUM = 10169784, bChange = 0.00130303, totNum = 2
ROUND = 4696, SUM = 10169784, bChange = 0.00130303, totNum = 2
ROUND = 4697, SUM = 10169784, bChange = 0.00130303, totNum = 2
ROUND = 4698, SUM = 10169784, bChange = 0.00130302, totNum = 2
ROUND = 4699, SUM = 10169784, bChange = 0.00130302, totNum = 2
ROUND = 4700, SUM = 10169784, bChange = 0.00130302, totNum = 2
ROUND = 4701, SUM = 10169784, bChange = 0.00130302, totNum = 2
ROUND = 4702, SUM = 10169784, bChange = 0.00130302, totNum = 2
ROUND = 4703, SUM = 10169784, bChange = 0.00130302, totNum = 2
ROUND = 4704, SUM = 10169784, bChange = 0.00130302, totNum = 2
ROUND = 4705, SUM = 10169784, bChange = 0.00130302, totNum = 2
ROUND = 4706, SUM = 10169784, bChange = 0.00130301, totNum = 2
ROUND = 4707, SUM = 10169784, bChange = 0.00130301, totNum = 2
ROUND = 4708, SUM = 10169784, bChange = 0.00130301, totNum = 2
ROUND = 4709, SUM = 10169784, bChange = 0.00130301, totNum = 2
ROUND = 4710, SUM = 10169784, bChange = 0.00130301, totNum = 2
ROUND = 4711, SUM = 10169784, bChange = 0.00130301, totNum = 2
ROUND = 4712, SUM = 10169784, bChange = 0.00130301, totNum = 2
ROUND = 4713, SUM = 10169784, bChange = 0.001303, totNum = 2
ROUND = 4714, SUM = 10169784, bChange = 0.001303, totNum = 2
ROUND = 4715, SUM = 10169784, bChange = 0.001303, totNum = 2
ROUND = 4716, SUM = 10169784, bChange = 0.001303, totNum = 2
ROUND = 4717, SUM = 10169784, bChange = 0.001303, totNum = 2
ROUND = 4718, SUM = 10169784, bChange = 0.001303, totNum = 2
ROUND = 4719, SUM = 10169784, bChange = 0.001303, totNum = 2
ROUND = 4720, SUM = 10169784, bChange = 0.001303, totNum = 2
ROUND = 4721, SUM = 10169783.9999999, bChange = 0.00130299, totNum = 2
ROUND = 4722, SUM = 10169784, bChange = 0.00130299, totNum = 2
ROUND = 4723, SUM = 10169784, bChange = 0.00130299, totNum = 2
ROUND = 4724, SUM = 10169784, bChange = 0.00130299, totNum = 2
ROUND = 4725, SUM = 10169784, bChange = 0.00130299, totNum = 2
ROUND = 4726, SUM = 10169783.9999999, bChange = 0.00130299, totNum = 2
ROUND = 4727, SUM = 10169784, bChange = 0.00130299, totNum = 2
ROUND = 4728, SUM = 10169784, bChange = 0.00130298, totNum = 2
ROUND = 4729, SUM = 10169784, bChange = 0.00130298, totNum = 2
ROUND = 4730, SUM = 10169784, bChange = 0.00130298, totNum = 2
ROUND = 4731, SUM = 10169784, bChange = 0.00130298, totNum = 2
ROUND = 4732, SUM = 10169784, bChange = 0.00130298, totNum = 2
ROUND = 4733, SUM = 10169784, bChange = 0.00130298, totNum = 2
ROUND = 4734, SUM = 10169784, bChange = 0.00130298, totNum = 2
ROUND = 4735, SUM = 10169784, bChange = 0.00130298, totNum = 2
ROUND = 4736, SUM = 10169784, bChange = 0.00130297, totNum = 2
ROUND = 4737, SUM = 10169784, bChange = 0.00130297, totNum = 2
ROUND = 4738, SUM = 10169784, bChange = 0.00130297, totNum = 2
ROUND = 4739, SUM = 10169783.9999999, bChange = 0.00130297, totNum = 2
ROUND = 4740, SUM = 10169783.9999999, bChange = 0.00130297, totNum = 2
ROUND = 4741, SUM = 10169784, bChange = 0.00130297, totNum = 2
ROUND = 4742, SUM = 10169783.9999999, bChange = 0.00130297, totNum = 2
ROUND = 4743, SUM = 10169784, bChange = 0.00130296, totNum = 2
ROUND = 4744, SUM = 10169783.9999999, bChange = 0.00130296, totNum = 2
ROUND = 4745, SUM = 10169784, bChange = 0.00130296, totNum = 2
ROUND = 4746, SUM = 10169784, bChange = 0.00130296, totNum = 2
ROUND = 4747, SUM = 10169784, bChange = 0.00130296, totNum = 2
ROUND = 4748, SUM = 10169784, bChange = 0.00130296, totNum = 2
ROUND = 4749, SUM = 10169784, bChange = 0.00130296, totNum = 2
ROUND = 4750, SUM = 10169784, bChange = 0.00130296, totNum = 2
ROUND = 4751, SUM = 10169784, bChange = 0.00130295, totNum = 2
ROUND = 4752, SUM = 10169784, bChange = 0.00130295, totNum = 2
ROUND = 4753, SUM = 10169784, bChange = 0.00130295, totNum = 2
ROUND = 4754, SUM = 10169783.9999999, bChange = 0.00130295, totNum = 2
ROUND = 4755, SUM = 10169784, bChange = 0.00130295, totNum = 2
ROUND = 4756, SUM = 10169784, bChange = 0.00130295, totNum = 2
ROUND = 4757, SUM = 10169783.9999999, bChange = 0.00130295, totNum = 2
ROUND = 4758, SUM = 10169784, bChange = 0.00130295, totNum = 2
ROUND = 4759, SUM = 10169784, bChange = 0.00130294, totNum = 2
ROUND = 4760, SUM = 10169783.9999999, bChange = 0.00130294, totNum = 2
ROUND = 4761, SUM = 10169784, bChange = 0.00130294, totNum = 2
ROUND = 4762, SUM = 10169784, bChange = 0.00130294, totNum = 2
ROUND = 4763, SUM = 10169784, bChange = 0.00130294, totNum = 2
ROUND = 4764, SUM = 10169784, bChange = 0.00130294, totNum = 2
ROUND = 4765, SUM = 10169784, bChange = 0.00130294, totNum = 2
ROUND = 4766, SUM = 10169784, bChange = 0.00130294, totNum = 2
ROUND = 4767, SUM = 10169784, bChange = 0.00130293, totNum = 2
ROUND = 4768, SUM = 10169784, bChange = 0.00130293, totNum = 2
ROUND = 4769, SUM = 10169784, bChange = 0.00130293, totNum = 2
ROUND = 4770, SUM = 10169783.9999999, bChange = 0.00130293, totNum = 2
ROUND = 4771, SUM = 10169784, bChange = 0.00130293, totNum = 2
ROUND = 4772, SUM = 10169784, bChange = 0.00130293, totNum = 2
ROUND = 4773, SUM = 10169784, bChange = 0.00130293, totNum = 2
ROUND = 4774, SUM = 10169784, bChange = 0.00130293, totNum = 2
ROUND = 4775, SUM = 10169784, bChange = 0.00130292, totNum = 2
ROUND = 4776, SUM = 10169784, bChange = 0.00130292, totNum = 2
ROUND = 4777, SUM = 10169784, bChange = 0.00130292, totNum = 2
ROUND = 4778, SUM = 10169784, bChange = 0.00130292, totNum = 2
ROUND = 4779, SUM = 10169784, bChange = 0.00130292, totNum = 2
ROUND = 4780, SUM = 10169784, bChange = 0.00130292, totNum = 2
ROUND = 4781, SUM = 10169783.9999999, bChange = 0.00130292, totNum = 2
ROUND = 4782, SUM = 10169784, bChange = 0.00130292, totNum = 2
ROUND = 4783, SUM = 10169783.9999999, bChange = 0.00130291, totNum = 2
ROUND = 4784, SUM = 10169784, bChange = 0.00130291, totNum = 2
ROUND = 4785, SUM = 10169784, bChange = 0.00130291, totNum = 2
ROUND = 4786, SUM = 10169784, bChange = 0.00130291, totNum = 2
ROUND = 4787, SUM = 10169784, bChange = 0.00130291, totNum = 2
ROUND = 4788, SUM = 10169784, bChange = 0.00130291, totNum = 2
ROUND = 4789, SUM = 10169784, bChange = 0.00130291, totNum = 2
ROUND = 4790, SUM = 10169784, bChange = 0.00130291, totNum = 2
ROUND = 4791, SUM = 10169784, bChange = 0.0013029, totNum = 2
ROUND = 4792, SUM = 10169784, bChange = 0.0013029, totNum = 2
ROUND = 4793, SUM = 10169784, bChange = 0.0013029, totNum = 2
ROUND = 4794, SUM = 10169784, bChange = 0.0013029, totNum = 2
ROUND = 4795, SUM = 10169784, bChange = 0.0013029, totNum = 2
ROUND = 4796, SUM = 10169784, bChange = 0.0013029, totNum = 2
ROUND = 4797, SUM = 10169784, bChange = 0.0013029, totNum = 2
ROUND = 4798, SUM = 10169784, bChange = 0.0013029, totNum = 2
ROUND = 4799, SUM = 10169784, bChange = 0.00130289, totNum = 2
ROUND = 4800, SUM = 10169784, bChange = 0.00130289, totNum = 2
ROUND = 4801, SUM = 10169784, bChange = 0.00130289, totNum = 2
ROUND = 4802, SUM = 10169783.9999999, bChange = 0.00130289, totNum = 2
ROUND = 4803, SUM = 10169784, bChange = 0.00130289, totNum = 2
ROUND = 4804, SUM = 10169784, bChange = 0.00130289, totNum = 2
ROUND = 4805, SUM = 10169784, bChange = 0.00130289, totNum = 2
ROUND = 4806, SUM = 10169784, bChange = 0.00130289, totNum = 2
ROUND = 4807, SUM = 10169784, bChange = 0.00130289, totNum = 2
ROUND = 4808, SUM = 10169784, bChange = 0.00130288, totNum = 2
ROUND = 4809, SUM = 10169784, bChange = 0.00130288, totNum = 2
ROUND = 4810, SUM = 10169783.9999999, bChange = 0.00130288, totNum = 2
ROUND = 4811, SUM = 10169784, bChange = 0.00130288, totNum = 2
ROUND = 4812, SUM = 10169784, bChange = 0.00130288, totNum = 2
ROUND = 4813, SUM = 10169784, bChange = 0.00130288, totNum = 2
ROUND = 4814, SUM = 10169784, bChange = 0.00130288, totNum = 2
ROUND = 4815, SUM = 10169783.9999999, bChange = 0.00130288, totNum = 2
ROUND = 4816, SUM = 10169784, bChange = 0.00130287, totNum = 2
ROUND = 4817, SUM = 10169784, bChange = 0.00130287, totNum = 2
ROUND = 4818, SUM = 10169783.9999999, bChange = 0.00130287, totNum = 2
ROUND = 4819, SUM = 10169783.9999999, bChange = 0.00130287, totNum = 2
ROUND = 4820, SUM = 10169784, bChange = 0.00130287, totNum = 2
ROUND = 4821, SUM = 10169784, bChange = 0.00130287, totNum = 2
ROUND = 4822, SUM = 10169783.9999999, bChange = 0.00130287, totNum = 2
ROUND = 4823, SUM = 10169784, bChange = 0.00130287, totNum = 2
ROUND = 4824, SUM = 10169784, bChange = 0.00130287, totNum = 2
ROUND = 4825, SUM = 10169783.9999999, bChange = 0.00130286, totNum = 2
ROUND = 4826, SUM = 10169784, bChange = 0.00130286, totNum = 2
ROUND = 4827, SUM = 10169783.9999999, bChange = 0.00130286, totNum = 2
ROUND = 4828, SUM = 10169784, bChange = 0.00130286, totNum = 2
ROUND = 4829, SUM = 10169784, bChange = 0.00130286, totNum = 2
ROUND = 4830, SUM = 10169784, bChange = 0.00130286, totNum = 2
ROUND = 4831, SUM = 10169784, bChange = 0.00130286, totNum = 2
ROUND = 4832, SUM = 10169784, bChange = 0.00130286, totNum = 2
ROUND = 4833, SUM = 10169783.9999999, bChange = 0.00130285, totNum = 2
ROUND = 4834, SUM = 10169784, bChange = 0.00130285, totNum = 2
ROUND = 4835, SUM = 10169783.9999999, bChange = 0.00130285, totNum = 2
ROUND = 4836, SUM = 10169784, bChange = 0.00130285, totNum = 2
ROUND = 4837, SUM = 10169784, bChange = 0.00130285, totNum = 2
ROUND = 4838, SUM = 10169784, bChange = 0.00130285, totNum = 2
ROUND = 4839, SUM = 10169784, bChange = 0.00130285, totNum = 2
ROUND = 4840, SUM = 10169784, bChange = 0.00130285, totNum = 2
ROUND = 4841, SUM = 10169784, bChange = 0.00130285, totNum = 2
ROUND = 4842, SUM = 10169784, bChange = 0.00130284, totNum = 2
ROUND = 4843, SUM = 10169783.9999999, bChange = 0.00130284, totNum = 2
ROUND = 4844, SUM = 10169783.9999999, bChange = 0.00130284, totNum = 2
ROUND = 4845, SUM = 10169784, bChange = 0.00130284, totNum = 2
ROUND = 4846, SUM = 10169784, bChange = 0.00130284, totNum = 2
ROUND = 4847, SUM = 10169784, bChange = 0.00130284, totNum = 2
ROUND = 4848, SUM = 10169784, bChange = 0.00130284, totNum = 2
ROUND = 4849, SUM = 10169784, bChange = 0.00130284, totNum = 2
ROUND = 4850, SUM = 10169784, bChange = 0.00130284, totNum = 2
ROUND = 4851, SUM = 10169784, bChange = 0.00130283, totNum = 2
ROUND = 4852, SUM = 10169784, bChange = 0.00130283, totNum = 2
ROUND = 4853, SUM = 10169783.9999999, bChange = 0.00130283, totNum = 2
ROUND = 4854, SUM = 10169784, bChange = 0.00130283, totNum = 2
ROUND = 4855, SUM = 10169784, bChange = 0.00130283, totNum = 2
ROUND = 4856, SUM = 10169784, bChange = 0.00130283, totNum = 2
ROUND = 4857, SUM = 10169783.9999999, bChange = 0.00130283, totNum = 2
ROUND = 4858, SUM = 10169784, bChange = 0.00130283, totNum = 2
ROUND = 4859, SUM = 10169784, bChange = 0.00130283, totNum = 2
ROUND = 4860, SUM = 10169784, bChange = 0.00130282, totNum = 2
ROUND = 4861, SUM = 10169784, bChange = 0.00130282, totNum = 2
ROUND = 4862, SUM = 10169784, bChange = 0.00130282, totNum = 2
ROUND = 4863, SUM = 10169783.9999999, bChange = 0.00130282, totNum = 2
ROUND = 4864, SUM = 10169784, bChange = 0.00130282, totNum = 2
ROUND = 4865, SUM = 10169784, bChange = 0.00130282, totNum = 2
ROUND = 4866, SUM = 10169784, bChange = 0.00130282, totNum = 2
ROUND = 4867, SUM = 10169784, bChange = 0.00130282, totNum = 2
ROUND = 4868, SUM = 10169784, bChange = 0.00130282, totNum = 2
ROUND = 4869, SUM = 10169784, bChange = 0.00130281, totNum = 2
ROUND = 4870, SUM = 10169783.9999999, bChange = 0.00130281, totNum = 2
ROUND = 4871, SUM = 10169784, bChange = 0.00130281, totNum = 2
ROUND = 4872, SUM = 10169784, bChange = 0.00130281, totNum = 2
ROUND = 4873, SUM = 10169784, bChange = 0.00130281, totNum = 2
ROUND = 4874, SUM = 10169783.9999999, bChange = 0.00130281, totNum = 2
ROUND = 4875, SUM = 10169784, bChange = 0.00130281, totNum = 2
ROUND = 4876, SUM = 10169783.9999999, bChange = 0.00130281, totNum = 2
ROUND = 4877, SUM = 10169784, bChange = 0.00130281, totNum = 2
ROUND = 4878, SUM = 10169784, bChange = 0.0013028, totNum = 2
ROUND = 4879, SUM = 10169783.9999999, bChange = 0.0013028, totNum = 2
ROUND = 4880, SUM = 10169784, bChange = 0.0013028, totNum = 2
ROUND = 4881, SUM = 10169784, bChange = 0.0013028, totNum = 2
ROUND = 4882, SUM = 10169784, bChange = 0.0013028, totNum = 2
ROUND = 4883, SUM = 10169784, bChange = 0.0013028, totNum = 2
ROUND = 4884, SUM = 10169783.9999999, bChange = 0.0013028, totNum = 2
ROUND = 4885, SUM = 10169784, bChange = 0.0013028, totNum = 2
ROUND = 4886, SUM = 10169784, bChange = 0.0013028, totNum = 2
ROUND = 4887, SUM = 10169784, bChange = 0.00130279, totNum = 2
ROUND = 4888, SUM = 10169783.9999999, bChange = 0.00130279, totNum = 2
ROUND = 4889, SUM = 10169784, bChange = 0.00130279, totNum = 2
ROUND = 4890, SUM = 10169783.9999999, bChange = 0.00130279, totNum = 2
ROUND = 4891, SUM = 10169783.9999999, bChange = 0.00130279, totNum = 2
ROUND = 4892, SUM = 10169784, bChange = 0.00130279, totNum = 2
ROUND = 4893, SUM = 10169784, bChange = 0.00130279, totNum = 2
ROUND = 4894, SUM = 10169784, bChange = 0.00130279, totNum = 2
ROUND = 4895, SUM = 10169783.9999999, bChange = 0.00130279, totNum = 2
ROUND = 4896, SUM = 10169783.9999999, bChange = 0.00130278, totNum = 2
ROUND = 4897, SUM = 10169783.9999999, bChange = 0.00130278, totNum = 2
ROUND = 4898, SUM = 10169784, bChange = 0.00130278, totNum = 2
ROUND = 4899, SUM = 10169784, bChange = 0.00130278, totNum = 2
ROUND = 4900, SUM = 10169783.9999999, bChange = 0.00130278, totNum = 2
ROUND = 4901, SUM = 10169783.9999999, bChange = 0.00130278, totNum = 2
ROUND = 4902, SUM = 10169784, bChange = 0.00130278, totNum = 2
ROUND = 4903, SUM = 10169784, bChange = 0.00130278, totNum = 2
ROUND = 4904, SUM = 10169784, bChange = 0.00130278, totNum = 2
ROUND = 4905, SUM = 10169784, bChange = 0.00130278, totNum = 2
ROUND = 4906, SUM = 10169784, bChange = 0.00130277, totNum = 2
ROUND = 4907, SUM = 10169784, bChange = 0.00130277, totNum = 2
ROUND = 4908, SUM = 10169784, bChange = 0.00130277, totNum = 2
ROUND = 4909, SUM = 10169784, bChange = 0.00130277, totNum = 2
ROUND = 4910, SUM = 10169783.9999999, bChange = 0.00130277, totNum = 2
ROUND = 4911, SUM = 10169783.9999999, bChange = 0.00130277, totNum = 2
ROUND = 4912, SUM = 10169784, bChange = 0.00130277, totNum = 2
ROUND = 4913, SUM = 10169783.9999999, bChange = 0.00130277, totNum = 2
ROUND = 4914, SUM = 10169784, bChange = 0.00130277, totNum = 2
ROUND = 4915, SUM = 10169783.9999999, bChange = 0.00130276, totNum = 2
ROUND = 4916, SUM = 10169784, bChange = 0.00130276, totNum = 2
ROUND = 4917, SUM = 10169784, bChange = 0.00130276, totNum = 2
ROUND = 4918, SUM = 10169784, bChange = 0.00130276, totNum = 2
ROUND = 4919, SUM = 10169784, bChange = 0.00130276, totNum = 2
ROUND = 4920, SUM = 10169784, bChange = 0.00130276, totNum = 2
ROUND = 4921, SUM = 10169784, bChange = 0.00130276, totNum = 2
ROUND = 4922, SUM = 10169784, bChange = 0.00130276, totNum = 2
ROUND = 4923, SUM = 10169783.9999999, bChange = 0.00130276, totNum = 2
ROUND = 4924, SUM = 10169783.9999999, bChange = 0.00130276, totNum = 2
ROUND = 4925, SUM = 10169784, bChange = 0.00130275, totNum = 2
ROUND = 4926, SUM = 10169783.9999999, bChange = 0.00130275, totNum = 2
ROUND = 4927, SUM = 10169784, bChange = 0.00130275, totNum = 2
ROUND = 4928, SUM = 10169784, bChange = 0.00130275, totNum = 2
ROUND = 4929, SUM = 10169784, bChange = 0.00130275, totNum = 2
ROUND = 4930, SUM = 10169784, bChange = 0.00130275, totNum = 2
ROUND = 4931, SUM = 10169784, bChange = 0.00130275, totNum = 2
ROUND = 4932, SUM = 10169784, bChange = 0.00130275, totNum = 2
ROUND = 4933, SUM = 10169783.9999999, bChange = 0.00130275, totNum = 2
ROUND = 4934, SUM = 10169783.9999999, bChange = 0.00130275, totNum = 2
ROUND = 4935, SUM = 10169784, bChange = 0.00130274, totNum = 2
ROUND = 4936, SUM = 10169784, bChange = 0.00130274, totNum = 2
ROUND = 4937, SUM = 10169784, bChange = 0.00130274, totNum = 2
ROUND = 4938, SUM = 10169783.9999999, bChange = 0.00130274, totNum = 2
ROUND = 4939, SUM = 10169783.9999999, bChange = 0.00130274, totNum = 2
ROUND = 4940, SUM = 10169784, bChange = 0.00130274, totNum = 2
ROUND = 4941, SUM = 10169784, bChange = 0.00130274, totNum = 2
ROUND = 4942, SUM = 10169783.9999999, bChange = 0.00130274, totNum = 2
ROUND = 4943, SUM = 10169784, bChange = 0.00130274, totNum = 2
ROUND = 4944, SUM = 10169784, bChange = 0.00130274, totNum = 2
ROUND = 4945, SUM = 10169783.9999999, bChange = 0.00130273, totNum = 2
ROUND = 4946, SUM = 10169784, bChange = 0.00130273, totNum = 2
ROUND = 4947, SUM = 10169784, bChange = 0.00130273, totNum = 2
ROUND = 4948, SUM = 10169784, bChange = 0.00130273, totNum = 2
ROUND = 4949, SUM = 10169784, bChange = 0.00130273, totNum = 2
ROUND = 4950, SUM = 10169784, bChange = 0.00130273, totNum = 2
ROUND = 4951, SUM = 10169784, bChange = 0.00130273, totNum = 2
ROUND = 4952, SUM = 10169784, bChange = 0.00130273, totNum = 2
ROUND = 4953, SUM = 10169784, bChange = 0.00130273, totNum = 2
ROUND = 4954, SUM = 10169784, bChange = 0.00130273, totNum = 2
ROUND = 4955, SUM = 10169784, bChange = 0.00130272, totNum = 2
ROUND = 4956, SUM = 10169783.9999999, bChange = 0.00130272, totNum = 2
ROUND = 4957, SUM = 10169783.9999999, bChange = 0.00130272, totNum = 2
ROUND = 4958, SUM = 10169784, bChange = 0.00130272, totNum = 2
ROUND = 4959, SUM = 10169784, bChange = 0.00130272, totNum = 2
ROUND = 4960, SUM = 10169784, bChange = 0.00130272, totNum = 2
ROUND = 4961, SUM = 10169784, bChange = 0.00130272, totNum = 2
ROUND = 4962, SUM = 10169783.9999999, bChange = 0.00130272, totNum = 2
ROUND = 4963, SUM = 10169783.9999999, bChange = 0.00130272, totNum = 2
ROUND = 4964, SUM = 10169783.9999999, bChange = 0.00130272, totNum = 2
ROUND = 4965, SUM = 10169784, bChange = 0.00130271, totNum = 2
ROUND = 4966, SUM = 10169784, bChange = 0.00130271, totNum = 2
ROUND = 4967, SUM = 10169784, bChange = 0.00130271, totNum = 2
ROUND = 4968, SUM = 10169784, bChange = 0.00130271, totNum = 2
ROUND = 4969, SUM = 10169784, bChange = 0.00130271, totNum = 2
ROUND = 4970, SUM = 10169784, bChange = 0.00130271, totNum = 2
ROUND = 4971, SUM = 10169784, bChange = 0.00130271, totNum = 2
ROUND = 4972, SUM = 10169783.9999999, bChange = 0.00130271, totNum = 2
ROUND = 4973, SUM = 10169783.9999999, bChange = 0.00130271, totNum = 2
ROUND = 4974, SUM = 10169784, bChange = 0.00130271, totNum = 2
ROUND = 4975, SUM = 10169783.9999999, bChange = 0.0013027, totNum = 2
ROUND = 4976, SUM = 10169784, bChange = 0.0013027, totNum = 2
ROUND = 4977, SUM = 10169784, bChange = 0.0013027, totNum = 2
ROUND = 4978, SUM = 10169783.9999999, bChange = 0.0013027, totNum = 2
ROUND = 4979, SUM = 10169784, bChange = 0.0013027, totNum = 2
ROUND = 4980, SUM = 10169784, bChange = 0.0013027, totNum = 2
ROUND = 4981, SUM = 10169784, bChange = 0.0013027, totNum = 2
ROUND = 4982, SUM = 10169783.9999999, bChange = 0.0013027, totNum = 2
ROUND = 4983, SUM = 10169784, bChange = 0.0013027, totNum = 2
ROUND = 4984, SUM = 10169783.9999999, bChange = 0.0013027, totNum = 2
ROUND = 4985, SUM = 10169784, bChange = 0.0013027, totNum = 2
ROUND = 4986, SUM = 10169783.9999999, bChange = 0.00130269, totNum = 2
ROUND = 4987, SUM = 10169784, bChange = 0.00130269, totNum = 2
ROUND = 4988, SUM = 10169783.9999999, bChange = 0.00130269, totNum = 2
ROUND = 4989, SUM = 10169784, bChange = 0.00130269, totNum = 2
ROUND = 4990, SUM = 10169784, bChange = 0.00130269, totNum = 2
ROUND = 4991, SUM = 10169784, bChange = 0.00130269, totNum = 2
ROUND = 4992, SUM = 10169783.9999999, bChange = 0.00130269, totNum = 2
ROUND = 4993, SUM = 10169784, bChange = 0.00130269, totNum = 2
ROUND = 4994, SUM = 10169783.9999999, bChange = 0.00130269, totNum = 2
ROUND = 4995, SUM = 10169784, bChange = 0.00130269, totNum = 2
ROUND = 4996, SUM = 10169784, bChange = 0.00130269, totNum = 2
ROUND = 4997, SUM = 10169784, bChange = 0.00130268, totNum = 2
ROUND = 4998, SUM = 10169783.9999999, bChange = 0.00130268, totNum = 2
ROUND = 4999, SUM = 10169784, bChange = 0.00130268, totNum = 2
ROUND = 5000, SUM = 10169784, bChange = 0.00130268, totNum = 2
ROUND = 5001, SUM = 10169784, bChange = 0.00130268, totNum = 2
ROUND = 5002, SUM = 10169784, bChange = 0.00130268, totNum = 2
ROUND = 5003, SUM = 10169784, bChange = 0.00130268, totNum = 2
ROUND = 5004, SUM = 10169783.9999999, bChange = 0.00130268, totNum = 2
ROUND = 5005, SUM = 10169784, bChange = 0.00130268, totNum = 2
ROUND = 5006, SUM = 10169784, bChange = 0.00130268, totNum = 2
ROUND = 5007, SUM = 10169783.9999999, bChange = 0.00130267, totNum = 2
ROUND = 5008, SUM = 10169784, bChange = 0.00130267, totNum = 2
ROUND = 5009, SUM = 10169783.9999999, bChange = 0.00130267, totNum = 2
ROUND = 5010, SUM = 10169783.9999999, bChange = 0.00130267, totNum = 2
ROUND = 5011, SUM = 10169784, bChange = 0.00130267, totNum = 2
ROUND = 5012, SUM = 10169784, bChange = 0.00130267, totNum = 2
ROUND = 5013, SUM = 10169784, bChange = 0.00130267, totNum = 2
ROUND = 5014, SUM = 10169784, bChange = 0.00130267, totNum = 2
ROUND = 5015, SUM = 10169784, bChange = 0.00130267, totNum = 2
ROUND = 5016, SUM = 10169784, bChange = 0.00130267, totNum = 2
ROUND = 5017, SUM = 10169784, bChange = 0.00130267, totNum = 2
ROUND = 5018, SUM = 10169783.9999999, bChange = 0.00130266, totNum = 2
ROUND = 5019, SUM = 10169783.9999999, bChange = 0.00130266, totNum = 2
ROUND = 5020, SUM = 10169784, bChange = 0.00130266, totNum = 2
ROUND = 5021, SUM = 10169784, bChange = 0.00130266, totNum = 2
ROUND = 5022, SUM = 10169784, bChange = 0.00130266, totNum = 2
ROUND = 5023, SUM = 10169784, bChange = 0.00130266, totNum = 2
ROUND = 5024, SUM = 10169783.9999999, bChange = 0.00130266, totNum = 2
ROUND = 5025, SUM = 10169784, bChange = 0.00130266, totNum = 2
ROUND = 5026, SUM = 10169784, bChange = 0.00130266, totNum = 2
ROUND = 5027, SUM = 10169783.9999999, bChange = 0.00130266, totNum = 2
ROUND = 5028, SUM = 10169783.9999999, bChange = 0.00130266, totNum = 2
ROUND = 5029, SUM = 10169784, bChange = 0.00130265, totNum = 2
ROUND = 5030, SUM = 10169783.9999999, bChange = 0.00130265, totNum = 2
ROUND = 5031, SUM = 10169784, bChange = 0.00130265, totNum = 2
ROUND = 5032, SUM = 10169784, bChange = 0.00130265, totNum = 2
ROUND = 5033, SUM = 10169784, bChange = 0.00130265, totNum = 2
ROUND = 5034, SUM = 10169784, bChange = 0.00130265, totNum = 2
ROUND = 5035, SUM = 10169784, bChange = 0.00130265, totNum = 2
ROUND = 5036, SUM = 10169784, bChange = 0.00130265, totNum = 2
ROUND = 5037, SUM = 10169783.9999999, bChange = 0.00130265, totNum = 2
ROUND = 5038, SUM = 10169784, bChange = 0.00130265, totNum = 2
ROUND = 5039, SUM = 10169784, bChange = 0.00130265, totNum = 2
ROUND = 5040, SUM = 10169784, bChange = 0.00130265, totNum = 2
ROUND = 5041, SUM = 10169784, bChange = 0.00130264, totNum = 2
ROUND = 5042, SUM = 10169784, bChange = 0.00130264, totNum = 2
ROUND = 5043, SUM = 10169783.9999999, bChange = 0.00130264, totNum = 2
ROUND = 5044, SUM = 10169784, bChange = 0.00130264, totNum = 2
ROUND = 5045, SUM = 10169784, bChange = 0.00130264, totNum = 2
ROUND = 5046, SUM = 10169784, bChange = 0.00130264, totNum = 2
ROUND = 5047, SUM = 10169784, bChange = 0.00130264, totNum = 2
ROUND = 5048, SUM = 10169783.9999999, bChange = 0.00130264, totNum = 2
ROUND = 5049, SUM = 10169784, bChange = 0.00130264, totNum = 2
ROUND = 5050, SUM = 10169784, bChange = 0.00130264, totNum = 2
ROUND = 5051, SUM = 10169784, bChange = 0.00130264, totNum = 2
ROUND = 5052, SUM = 10169783.9999999, bChange = 0.00130263, totNum = 2
ROUND = 5053, SUM = 10169784, bChange = 0.00130263, totNum = 2
ROUND = 5054, SUM = 10169783.9999999, bChange = 0.00130263, totNum = 2
ROUND = 5055, SUM = 10169784, bChange = 0.00130263, totNum = 2
ROUND = 5056, SUM = 10169784, bChange = 0.00130263, totNum = 2
ROUND = 5057, SUM = 10169784, bChange = 0.00130263, totNum = 2
ROUND = 5058, SUM = 10169783.9999999, bChange = 0.00130263, totNum = 2
ROUND = 5059, SUM = 10169783.9999999, bChange = 0.00130263, totNum = 2
ROUND = 5060, SUM = 10169783.9999999, bChange = 0.00130263, totNum = 2
ROUND = 5061, SUM = 10169784, bChange = 0.00130263, totNum = 2
ROUND = 5062, SUM = 10169783.9999999, bChange = 0.00130263, totNum = 2
ROUND = 5063, SUM = 10169783.9999999, bChange = 0.00130263, totNum = 2
ROUND = 5064, SUM = 10169784, bChange = 0.00130262, totNum = 2
ROUND = 5065, SUM = 10169784, bChange = 0.00130262, totNum = 2
ROUND = 5066, SUM = 10169784, bChange = 0.00130262, totNum = 2
ROUND = 5067, SUM = 10169784, bChange = 0.00130262, totNum = 2
ROUND = 5068, SUM = 10169784, bChange = 0.00130262, totNum = 2
ROUND = 5069, SUM = 10169784, bChange = 0.00130262, totNum = 2
ROUND = 5070, SUM = 10169784, bChange = 0.00130262, totNum = 2
ROUND = 5071, SUM = 10169784, bChange = 0.00130262, totNum = 2
ROUND = 5072, SUM = 10169784, bChange = 0.00130262, totNum = 2
ROUND = 5073, SUM = 10169784, bChange = 0.00130262, totNum = 2
ROUND = 5074, SUM = 10169784, bChange = 0.00130262, totNum = 2
ROUND = 5075, SUM = 10169784, bChange = 0.00130262, totNum = 2
ROUND = 5076, SUM = 10169784, bChange = 0.00130261, totNum = 2
ROUND = 5077, SUM = 10169784, bChange = 0.00130261, totNum = 2
ROUND = 5078, SUM = 10169784, bChange = 0.00130261, totNum = 2
ROUND = 5079, SUM = 10169784, bChange = 0.00130261, totNum = 2
ROUND = 5080, SUM = 10169784, bChange = 0.00130261, totNum = 2
ROUND = 5081, SUM = 10169784, bChange = 0.00130261, totNum = 2
ROUND = 5082, SUM = 10169783.9999999, bChange = 0.00130261, totNum = 2
ROUND = 5083, SUM = 10169784, bChange = 0.00130261, totNum = 2
ROUND = 5084, SUM = 10169784, bChange = 0.00130261, totNum = 2
ROUND = 5085, SUM = 10169784, bChange = 0.00130261, totNum = 2
ROUND = 5086, SUM = 10169784, bChange = 0.00130261, totNum = 2
ROUND = 5087, SUM = 10169784, bChange = 0.00130261, totNum = 2
ROUND = 5088, SUM = 10169784, bChange = 0.0013026, totNum = 2
ROUND = 5089, SUM = 10169784, bChange = 0.0013026, totNum = 2
ROUND = 5090, SUM = 10169784, bChange = 0.0013026, totNum = 2
ROUND = 5091, SUM = 10169784, bChange = 0.0013026, totNum = 2
ROUND = 5092, SUM = 10169784, bChange = 0.0013026, totNum = 2
ROUND = 5093, SUM = 10169784, bChange = 0.0013026, totNum = 2
ROUND = 5094, SUM = 10169784, bChange = 0.0013026, totNum = 2
ROUND = 5095, SUM = 10169784, bChange = 0.0013026, totNum = 2
ROUND = 5096, SUM = 10169784, bChange = 0.0013026, totNum = 2
ROUND = 5097, SUM = 10169784, bChange = 0.0013026, totNum = 2
ROUND = 5098, SUM = 10169784, bChange = 0.0013026, totNum = 2
ROUND = 5099, SUM = 10169784, bChange = 0.0013026, totNum = 2
ROUND = 5100, SUM = 10169784, bChange = 0.00130259, totNum = 2
ROUND = 5101, SUM = 10169784, bChange = 0.00130259, totNum = 2
ROUND = 5102, SUM = 10169783.9999999, bChange = 0.00130259, totNum = 2
ROUND = 5103, SUM = 10169783.9999999, bChange = 0.00130259, totNum = 2
ROUND = 5104, SUM = 10169784, bChange = 0.00130259, totNum = 2
ROUND = 5105, SUM = 10169784, bChange = 0.00130259, totNum = 2
ROUND = 5106, SUM = 10169784, bChange = 0.00130259, totNum = 2
ROUND = 5107, SUM = 10169784, bChange = 0.00130259, totNum = 2
ROUND = 5108, SUM = 10169784, bChange = 0.00130259, totNum = 2
ROUND = 5109, SUM = 10169784, bChange = 0.00130259, totNum = 2
ROUND = 5110, SUM = 10169784, bChange = 0.00130259, totNum = 2
ROUND = 5111, SUM = 10169783.9999999, bChange = 0.00130259, totNum = 2
ROUND = 5112, SUM = 10169784, bChange = 0.00130258, totNum = 2
ROUND = 5113, SUM = 10169783.9999999, bChange = 0.00130258, totNum = 2
ROUND = 5114, SUM = 10169784, bChange = 0.00130258, totNum = 2
ROUND = 5115, SUM = 10169784, bChange = 0.00130258, totNum = 2
ROUND = 5116, SUM = 10169784, bChange = 0.00130258, totNum = 2
ROUND = 5117, SUM = 10169784, bChange = 0.00130258, totNum = 2
ROUND = 5118, SUM = 10169784, bChange = 0.00130258, totNum = 2
ROUND = 5119, SUM = 10169783.9999999, bChange = 0.00130258, totNum = 2
ROUND = 5120, SUM = 10169784, bChange = 0.00130258, totNum = 2
ROUND = 5121, SUM = 10169784, bChange = 0.00130258, totNum = 2
ROUND = 5122, SUM = 10169784, bChange = 0.00130258, totNum = 2
ROUND = 5123, SUM = 10169784, bChange = 0.00130258, totNum = 2
ROUND = 5124, SUM = 10169784, bChange = 0.00130258, totNum = 2
ROUND = 5125, SUM = 10169784, bChange = 0.00130257, totNum = 2
ROUND = 5126, SUM = 10169784, bChange = 0.00130257, totNum = 2
ROUND = 5127, SUM = 10169784, bChange = 0.00130257, totNum = 2
ROUND = 5128, SUM = 10169784, bChange = 0.00130257, totNum = 2
ROUND = 5129, SUM = 10169784, bChange = 0.00130257, totNum = 2
ROUND = 5130, SUM = 10169784, bChange = 0.00130257, totNum = 2
ROUND = 5131, SUM = 10169784, bChange = 0.00130257, totNum = 2
ROUND = 5132, SUM = 10169784, bChange = 0.00130257, totNum = 2
ROUND = 5133, SUM = 10169784, bChange = 0.00130257, totNum = 2
ROUND = 5134, SUM = 10169784, bChange = 0.00130257, totNum = 2
ROUND = 5135, SUM = 10169783.9999999, bChange = 0.00130257, totNum = 2
ROUND = 5136, SUM = 10169784, bChange = 0.00130257, totNum = 2
ROUND = 5137, SUM = 10169784, bChange = 0.00130256, totNum = 2
ROUND = 5138, SUM = 10169784, bChange = 0.00130256, totNum = 2
ROUND = 5139, SUM = 10169783.9999999, bChange = 0.00130256, totNum = 2
ROUND = 5140, SUM = 10169783.9999999, bChange = 0.00130256, totNum = 2
ROUND = 5141, SUM = 10169783.9999999, bChange = 0.00130256, totNum = 2
ROUND = 5142, SUM = 10169784, bChange = 0.00130256, totNum = 2
ROUND = 5143, SUM = 10169783.9999999, bChange = 0.00130256, totNum = 2
ROUND = 5144, SUM = 10169784, bChange = 0.00130256, totNum = 2
ROUND = 5145, SUM = 10169783.9999999, bChange = 0.00130256, totNum = 2
ROUND = 5146, SUM = 10169784, bChange = 0.00130256, totNum = 2
ROUND = 5147, SUM = 10169784, bChange = 0.00130256, totNum = 2
ROUND = 5148, SUM = 10169784, bChange = 0.00130256, totNum = 2
ROUND = 5149, SUM = 10169784, bChange = 0.00130256, totNum = 2
ROUND = 5150, SUM = 10169784, bChange = 0.00130255, totNum = 2
ROUND = 5151, SUM = 10169784, bChange = 0.00130255, totNum = 2
ROUND = 5152, SUM = 10169783.9999999, bChange = 0.00130255, totNum = 2
ROUND = 5153, SUM = 10169783.9999999, bChange = 0.00130255, totNum = 2
ROUND = 5154, SUM = 10169784, bChange = 0.00130255, totNum = 2
ROUND = 5155, SUM = 10169784, bChange = 0.00130255, totNum = 2
ROUND = 5156, SUM = 10169784, bChange = 0.00130255, totNum = 2
ROUND = 5157, SUM = 10169784, bChange = 0.00130255, totNum = 2
ROUND = 5158, SUM = 10169784, bChange = 0.00130255, totNum = 2
ROUND = 5159, SUM = 10169784, bChange = 0.00130255, totNum = 2
ROUND = 5160, SUM = 10169784, bChange = 0.00130255, totNum = 2
ROUND = 5161, SUM = 10169784, bChange = 0.00130255, totNum = 2
ROUND = 5162, SUM = 10169784, bChange = 0.00130255, totNum = 2
ROUND = 5163, SUM = 10169784, bChange = 0.00130255, totNum = 2
ROUND = 5164, SUM = 10169784, bChange = 0.00130254, totNum = 2
ROUND = 5165, SUM = 10169784, bChange = 0.00130254, totNum = 2
ROUND = 5166, SUM = 10169783.9999999, bChange = 0.00130254, totNum = 2
ROUND = 5167, SUM = 10169784, bChange = 0.00130254, totNum = 2
ROUND = 5168, SUM = 10169784, bChange = 0.00130254, totNum = 2
ROUND = 5169, SUM = 10169783.9999999, bChange = 0.00130254, totNum = 2
ROUND = 5170, SUM = 10169783.9999999, bChange = 0.00130254, totNum = 2
ROUND = 5171, SUM = 10169783.9999999, bChange = 0.00130254, totNum = 2
ROUND = 5172, SUM = 10169784, bChange = 0.00130254, totNum = 2
ROUND = 5173, SUM = 10169784, bChange = 0.00130254, totNum = 2
ROUND = 5174, SUM = 10169784, bChange = 0.00130254, totNum = 2
ROUND = 5175, SUM = 10169784, bChange = 0.00130254, totNum = 2
ROUND = 5176, SUM = 10169784, bChange = 0.00130254, totNum = 2
ROUND = 5177, SUM = 10169784, bChange = 0.00130253, totNum = 2
ROUND = 5178, SUM = 10169784, bChange = 0.00130253, totNum = 2
ROUND = 5179, SUM = 10169784, bChange = 0.00130253, totNum = 2
ROUND = 5180, SUM = 10169783.9999999, bChange = 0.00130253, totNum = 2
ROUND = 5181, SUM = 10169784, bChange = 0.00130253, totNum = 2
ROUND = 5182, SUM = 10169784, bChange = 0.00130253, totNum = 2
ROUND = 5183, SUM = 10169784, bChange = 0.00130253, totNum = 2
ROUND = 5184, SUM = 10169784, bChange = 0.00130253, totNum = 2
ROUND = 5185, SUM = 10169784, bChange = 0.00130253, totNum = 2
ROUND = 5186, SUM = 10169784, bChange = 0.00130253, totNum = 2
ROUND = 5187, SUM = 10169784, bChange = 0.00130253, totNum = 2
ROUND = 5188, SUM = 10169784, bChange = 0.00130253, totNum = 2
ROUND = 5189, SUM = 10169784, bChange = 0.00130253, totNum = 2
ROUND = 5190, SUM = 10169784, bChange = 0.00130253, totNum = 2
ROUND = 5191, SUM = 10169784, bChange = 0.00130252, totNum = 2
ROUND = 5192, SUM = 10169784, bChange = 0.00130252, totNum = 2
ROUND = 5193, SUM = 10169784, bChange = 0.00130252, totNum = 2
ROUND = 5194, SUM = 10169784, bChange = 0.00130252, totNum = 2
ROUND = 5195, SUM = 10169784, bChange = 0.00130252, totNum = 2
ROUND = 5196, SUM = 10169784, bChange = 0.00130252, totNum = 2
ROUND = 5197, SUM = 10169783.9999999, bChange = 0.00130252, totNum = 2
ROUND = 5198, SUM = 10169783.9999999, bChange = 0.00130252, totNum = 2
ROUND = 5199, SUM = 10169784, bChange = 0.00130252, totNum = 2
ROUND = 5200, SUM = 10169783.9999999, bChange = 0.00130252, totNum = 2
ROUND = 5201, SUM = 10169784, bChange = 0.00130252, totNum = 1
ROUND = 5202, SUM = 10169784, bChange = 0.00130252, totNum = 1
ROUND = 5203, SUM = 10169784, bChange = 0.00130252, totNum = 1
ROUND = 5204, SUM = 10169784, bChange = 0.00130252, totNum = 1
ROUND = 5205, SUM = 10169784, bChange = 0.00130251, totNum = 1
ROUND = 5206, SUM = 10169784, bChange = 0.00130251, totNum = 1
ROUND = 5207, SUM = 10169784, bChange = 0.00130251, totNum = 1
ROUND = 5208, SUM = 10169784, bChange = 0.00130251, totNum = 1
ROUND = 5209, SUM = 10169784, bChange = 0.00130251, totNum = 1
ROUND = 5210, SUM = 10169784, bChange = 0.00130251, totNum = 1
ROUND = 5211, SUM = 10169784, bChange = 0.00130251, totNum = 1
ROUND = 5212, SUM = 10169784, bChange = 0.00130251, totNum = 1
ROUND = 5213, SUM = 10169784, bChange = 0.00130251, totNum = 1
ROUND = 5214, SUM = 10169784, bChange = 0.00130251, totNum = 1
ROUND = 5215, SUM = 10169784, bChange = 0.00130251, totNum = 1
ROUND = 5216, SUM = 10169784, bChange = 0.00130251, totNum = 1
ROUND = 5217, SUM = 10169784, bChange = 0.00130251, totNum = 1
ROUND = 5218, SUM = 10169784, bChange = 0.00130251, totNum = 1
ROUND = 5219, SUM = 10169783.9999999, bChange = 0.0013025, totNum = 1
ROUND = 5220, SUM = 10169784, bChange = 0.0013025, totNum = 1
ROUND = 5221, SUM = 10169784, bChange = 0.0013025, totNum = 1
ROUND = 5222, SUM = 10169784, bChange = 0.0013025, totNum = 1
ROUND = 5223, SUM = 10169784, bChange = 0.0013025, totNum = 1
ROUND = 5224, SUM = 10169784, bChange = 0.0013025, totNum = 1
ROUND = 5225, SUM = 10169784, bChange = 0.0013025, totNum = 1
ROUND = 5226, SUM = 10169783.9999999, bChange = 0.0013025, totNum = 1
ROUND = 5227, SUM = 10169784, bChange = 0.0013025, totNum = 1
ROUND = 5228, SUM = 10169784, bChange = 0.0013025, totNum = 1
ROUND = 5229, SUM = 10169784, bChange = 0.0013025, totNum = 1
ROUND = 5230, SUM = 10169784, bChange = 0.0013025, totNum = 1
ROUND = 5231, SUM = 10169784, bChange = 0.0013025, totNum = 1
ROUND = 5232, SUM = 10169783.9999999, bChange = 0.0013025, totNum = 1
ROUND = 5233, SUM = 10169784, bChange = 0.00130249, totNum = 1
ROUND = 5234, SUM = 10169784, bChange = 0.00130249, totNum = 1
ROUND = 5235, SUM = 10169784, bChange = 0.00130249, totNum = 1
ROUND = 5236, SUM = 10169784, bChange = 0.00130249, totNum = 1
ROUND = 5237, SUM = 10169784, bChange = 0.00130249, totNum = 1
ROUND = 5238, SUM = 10169784, bChange = 0.00130249, totNum = 1
ROUND = 5239, SUM = 10169784, bChange = 0.00130249, totNum = 1
ROUND = 5240, SUM = 10169784, bChange = 0.00130249, totNum = 1
ROUND = 5241, SUM = 10169784, bChange = 0.00130249, totNum = 1
ROUND = 5242, SUM = 10169784, bChange = 0.00130249, totNum = 1
ROUND = 5243, SUM = 10169784, bChange = 0.00130249, totNum = 1
ROUND = 5244, SUM = 10169784, bChange = 0.00130249, totNum = 1
ROUND = 5245, SUM = 10169784, bChange = 0.00130249, totNum = 1
ROUND = 5246, SUM = 10169784, bChange = 0.00130249, totNum = 1
ROUND = 5247, SUM = 10169784, bChange = 0.00130249, totNum = 1
ROUND = 5248, SUM = 10169784, bChange = 0.00130248, totNum = 1
ROUND = 5249, SUM = 10169784, bChange = 0.00130248, totNum = 1
ROUND = 5250, SUM = 10169784, bChange = 0.00130248, totNum = 1
ROUND = 5251, SUM = 10169784, bChange = 0.00130248, totNum = 1
ROUND = 5252, SUM = 10169784, bChange = 0.00130248, totNum = 1
ROUND = 5253, SUM = 10169784, bChange = 0.00130248, totNum = 1
ROUND = 5254, SUM = 10169784, bChange = 0.00130248, totNum = 1
ROUND = 5255, SUM = 10169784, bChange = 0.00130248, totNum = 1
ROUND = 5256, SUM = 10169784, bChange = 0.00130248, totNum = 1
ROUND = 5257, SUM = 10169784, bChange = 0.00130248, totNum = 1
ROUND = 5258, SUM = 10169783.9999999, bChange = 0.00130248, totNum = 1
ROUND = 5259, SUM = 10169784, bChange = 0.00130248, totNum = 1
ROUND = 5260, SUM = 10169784, bChange = 0.00130248, totNum = 1
ROUND = 5261, SUM = 10169784, bChange = 0.00130248, totNum = 1
ROUND = 5262, SUM = 10169784, bChange = 0.00130248, totNum = 1
ROUND = 5263, SUM = 10169784, bChange = 0.00130247, totNum = 1
ROUND = 5264, SUM = 10169784, bChange = 0.00130247, totNum = 1
ROUND = 5265, SUM = 10169784, bChange = 0.00130247, totNum = 1
ROUND = 5266, SUM = 10169784, bChange = 0.00130247, totNum = 1
ROUND = 5267, SUM = 10169784, bChange = 0.00130247, totNum = 1
ROUND = 5268, SUM = 10169784, bChange = 0.00130247, totNum = 1
ROUND = 5269, SUM = 10169783.9999999, bChange = 0.00130247, totNum = 1
ROUND = 5270, SUM = 10169784, bChange = 0.00130247, totNum = 1
ROUND = 5271, SUM = 10169784, bChange = 0.00130247, totNum = 1
ROUND = 5272, SUM = 10169784, bChange = 0.00130247, totNum = 1
ROUND = 5273, SUM = 10169783.9999999, bChange = 0.00130247, totNum = 1
ROUND = 5274, SUM = 10169784, bChange = 0.00130247, totNum = 1
ROUND = 5275, SUM = 10169784, bChange = 0.00130247, totNum = 1
ROUND = 5276, SUM = 10169784, bChange = 0.00130247, totNum = 1
ROUND = 5277, SUM = 10169784, bChange = 0.00130247, totNum = 1
ROUND = 5278, SUM = 10169784, bChange = 0.00130246, totNum = 1
ROUND = 5279, SUM = 10169784, bChange = 0.00130246, totNum = 1
ROUND = 5280, SUM = 10169784, bChange = 0.00130246, totNum = 1
ROUND = 5281, SUM = 10169784, bChange = 0.00130246, totNum = 1
ROUND = 5282, SUM = 10169784, bChange = 0.00130246, totNum = 1
ROUND = 5283, SUM = 10169784, bChange = 0.00130246, totNum = 1
ROUND = 5284, SUM = 10169784, bChange = 0.00130246, totNum = 1
ROUND = 5285, SUM = 10169783.9999999, bChange = 0.00130246, totNum = 1
ROUND = 5286, SUM = 10169784, bChange = 0.00130246, totNum = 1
ROUND = 5287, SUM = 10169784, bChange = 0.00130246, totNum = 1
ROUND = 5288, SUM = 10169784, bChange = 0.00130246, totNum = 1
ROUND = 5289, SUM = 10169784, bChange = 0.00130246, totNum = 1
ROUND = 5290, SUM = 10169784, bChange = 0.00130246, totNum = 1
ROUND = 5291, SUM = 10169784, bChange = 0.00130246, totNum = 1
ROUND = 5292, SUM = 10169784, bChange = 0.00130246, totNum = 1
ROUND = 5293, SUM = 10169784, bChange = 0.00130246, totNum = 1
ROUND = 5294, SUM = 10169784, bChange = 0.00130245, totNum = 1
ROUND = 5295, SUM = 10169784, bChange = 0.00130245, totNum = 1
ROUND = 5296, SUM = 10169784, bChange = 0.00130245, totNum = 1
ROUND = 5297, SUM = 10169784, bChange = 0.00130245, totNum = 1
ROUND = 5298, SUM = 10169784, bChange = 0.00130245, totNum = 1
ROUND = 5299, SUM = 10169784, bChange = 0.00130245, totNum = 1
ROUND = 5300, SUM = 10169784, bChange = 0.00130245, totNum = 1
ROUND = 5301, SUM = 10169784, bChange = 0.00130245, totNum = 1
ROUND = 5302, SUM = 10169784, bChange = 0.00130245, totNum = 1
ROUND = 5303, SUM = 10169784, bChange = 0.00130245, totNum = 1
ROUND = 5304, SUM = 10169784, bChange = 0.00130245, totNum = 1
ROUND = 5305, SUM = 10169784, bChange = 0.00130245, totNum = 1
ROUND = 5306, SUM = 10169784, bChange = 0.00130245, totNum = 1
ROUND = 5307, SUM = 10169784, bChange = 0.00130245, totNum = 1
ROUND = 5308, SUM = 10169784, bChange = 0.00130245, totNum = 1
ROUND = 5309, SUM = 10169784, bChange = 0.00130245, totNum = 1
ROUND = 5310, SUM = 10169784, bChange = 0.00130244, totNum = 1
ROUND = 5311, SUM = 10169784, bChange = 0.00130244, totNum = 1
ROUND = 5312, SUM = 10169784, bChange = 0.00130244, totNum = 1
ROUND = 5313, SUM = 10169784, bChange = 0.00130244, totNum = 1
ROUND = 5314, SUM = 10169784, bChange = 0.00130244, totNum = 1
ROUND = 5315, SUM = 10169784, bChange = 0.00130244, totNum = 1
ROUND = 5316, SUM = 10169784, bChange = 0.00130244, totNum = 1
ROUND = 5317, SUM = 10169784, bChange = 0.00130244, totNum = 1
ROUND = 5318, SUM = 10169784, bChange = 0.00130244, totNum = 1
ROUND = 5319, SUM = 10169784, bChange = 0.00130244, totNum = 1
ROUND = 5320, SUM = 10169784, bChange = 0.00130244, totNum = 1
ROUND = 5321, SUM = 10169784, bChange = 0.00130244, totNum = 1
ROUND = 5322, SUM = 10169783.9999999, bChange = 0.00130244, totNum = 1
ROUND = 5323, SUM = 10169783.9999999, bChange = 0.00130244, totNum = 1
ROUND = 5324, SUM = 10169784, bChange = 0.00130244, totNum = 1
ROUND = 5325, SUM = 10169784, bChange = 0.00130244, totNum = 1
ROUND = 5326, SUM = 10169784, bChange = 0.00130243, totNum = 1
ROUND = 5327, SUM = 10169784, bChange = 0.00130243, totNum = 1
ROUND = 5328, SUM = 10169783.9999999, bChange = 0.00130243, totNum = 1
ROUND = 5329, SUM = 10169784, bChange = 0.00130243, totNum = 1
ROUND = 5330, SUM = 10169784, bChange = 0.00130243, totNum = 1
ROUND = 5331, SUM = 10169783.9999999, bChange = 0.00130243, totNum = 1
ROUND = 5332, SUM = 10169784, bChange = 0.00130243, totNum = 1
ROUND = 5333, SUM = 10169783.9999999, bChange = 0.00130243, totNum = 1
ROUND = 5334, SUM = 10169784, bChange = 0.00130243, totNum = 1
ROUND = 5335, SUM = 10169784, bChange = 0.00130243, totNum = 1
ROUND = 5336, SUM = 10169783.9999999, bChange = 0.00130243, totNum = 1
ROUND = 5337, SUM = 10169783.9999999, bChange = 0.00130243, totNum = 1
ROUND = 5338, SUM = 10169783.9999999, bChange = 0.00130243, totNum = 1
ROUND = 5339, SUM = 10169784, bChange = 0.00130243, totNum = 1
ROUND = 5340, SUM = 10169784, bChange = 0.00130243, totNum = 1
ROUND = 5341, SUM = 10169783.9999999, bChange = 0.00130243, totNum = 1
ROUND = 5342, SUM = 10169784, bChange = 0.00130243, totNum = 1
ROUND = 5343, SUM = 10169784, bChange = 0.00130242, totNum = 1
ROUND = 5344, SUM = 10169784, bChange = 0.00130242, totNum = 1
ROUND = 5345, SUM = 10169783.9999999, bChange = 0.00130242, totNum = 1
ROUND = 5346, SUM = 10169784, bChange = 0.00130242, totNum = 1
ROUND = 5347, SUM = 10169784, bChange = 0.00130242, totNum = 1
ROUND = 5348, SUM = 10169784, bChange = 0.00130242, totNum = 1
ROUND = 5349, SUM = 10169784, bChange = 0.00130242, totNum = 1
ROUND = 5350, SUM = 10169783.9999999, bChange = 0.00130242, totNum = 1
ROUND = 5351, SUM = 10169783.9999999, bChange = 0.00130242, totNum = 1
ROUND = 5352, SUM = 10169783.9999999, bChange = 0.00130242, totNum = 1
ROUND = 5353, SUM = 10169783.9999999, bChange = 0.00130242, totNum = 1
ROUND = 5354, SUM = 10169783.9999999, bChange = 0.00130242, totNum = 1
ROUND = 5355, SUM = 10169783.9999999, bChange = 0.000921825, totNum = 0
Expression Results are written!
Time Used for EM.cpp : 0 h 16 m 59 s

rsem-run-gibbs results/rsem_index/rsem results/rsem_quant/ER100004.temp/ER100004 results/rsem_quant/ER100004.stat/ER100004 200 1000 1 -p 44 --seed 1471891643
Refs.loadRefs finished!
Loading data is finished!
Loading group information is finished!
Gibbs started!
Initialization finished!
Thread 37, ROUND 100 is finished!
Thread 31, ROUND 100 is finished!
Thread 27, ROUND 100 is finished!
Thread 15, ROUND 100 is finished!
Thread 1, ROUND 100 is finished!
Thread 29, ROUND 100 is finished!
Thread 21, ROUND 100 is finished!
Thread 43, ROUND 100 is finished!
Thread 13, ROUND 100 is finished!
Thread 25, ROUND 100 is finished!
Thread 34, ROUND 100 is finished!
Thread 2, ROUND 100 is finished!
Thread 4, ROUND 100 is finished!
Thread 10, ROUND 100 is finished!
Thread 0, ROUND 100 is finished!
Thread 8, ROUND 100 is finished!
Thread 3, ROUND 100 is finished!
Thread 5, ROUND 100 is finished!
Thread 9, ROUND 100 is finished!
Thread 32, ROUND 100 is finished!
Thread 42, ROUND 100 is finished!
Thread 39, ROUND 100 is finished!
Thread 20, ROUND 100 is finished!
Thread 30, ROUND 100 is finished!
Thread 24, ROUND 100 is finished!
Thread 26, ROUND 100 is finished!
Thread 35, ROUND 100 is finished!
Thread 14, ROUND 100 is finished!
Thread 16, ROUND 100 is finished!
Thread 33, ROUND 100 is finished!
Thread 19, ROUND 100 is finished!
Thread 11, ROUND 100 is finished!
Thread 41, ROUND 100 is finished!
Thread 23, ROUND 100 is finished!
Thread 36, ROUND 100 is finished!
Thread 28, ROUND 100 is finished!
Thread 22, ROUND 100 is finished!
Thread 12, ROUND 100 is finished!
Thread 17, ROUND 100 is finished!
Thread 18, ROUND 100 is finished!
Thread 38, ROUND 100 is finished!
Thread 7, ROUND 100 is finished!
Thread 6, ROUND 100 is finished!
Thread 40, ROUND 100 is finished!
Thread 5, ROUND 200 is finished!
Thread 4, ROUND 200 is finished!
Thread 0, ROUND 200 is finished!
Thread 34, ROUND 200 is finished!
Thread 29, ROUND 200 is finished!
Thread 21, ROUND 200 is finished!
Thread 27, ROUND 200 is finished!
Thread 43, ROUND 200 is finished!
Thread 8, ROUND 200 is finished!
Thread 2, ROUND 200 is finished!
Thread 15, ROUND 200 is finished!
Thread 3, ROUND 200 is finished!
Thread 1, ROUND 200 is finished!
Thread 37, ROUND 200 is finished!
Thread 25, ROUND 200 is finished!
Thread 10, ROUND 200 is finished!
Thread 31, ROUND 200 is finished!
Thread 13, ROUND 200 is finished!
Thread 35, ROUND 200 is finished!
Thread 20, ROUND 200 is finished!
Thread 14, ROUND 200 is finished!
Thread 24, ROUND 200 is finished!
Thread 23, ROUND 200 is finished!
Thread 19, ROUND 200 is finished!
Thread 9, ROUND 200 is finished!
Thread 39, ROUND 200 is finished!
Thread 32, ROUND 200 is finished!
Thread 30, ROUND 200 is finished!
Thread 11, ROUND 200 is finished!
Thread 26, ROUND 200 is finished!
Thread 42, ROUND 200 is finished!
Thread 41, ROUND 200 is finished!
Thread 33, ROUND 200 is finished!
Thread 16, ROUND 200 is finished!
Thread 38, ROUND 200 is finished!
Thread 12, ROUND 200 is finished!
Thread 22, ROUND 200 is finished!
Thread 28, ROUND 200 is finished!
Thread 7, ROUND 200 is finished!
Thread 36, ROUND 200 is finished!
Thread 17, ROUND 200 is finished!
Thread 6, ROUND 200 is finished!
Thread 18, ROUND 200 is finished!
Thread 40, ROUND 200 is finished!
Gibbs finished!
Gibbs based expression values are written!

rsem-calculate-credibility-intervals results/rsem_index/rsem results/rsem_quant/ER100004.temp/ER100004 results/rsem_quant/ER100004.stat/ER100004 0.95 1000 50 128000 -p 44 --seed 477107655
Refs.loadRefs finished!
Sampling is finished!
In thread 34, 1000 genes are processed for CI calculation!
In thread 36, 1000 genes are processed for CI calculation!
In thread 38, 1000 genes are processed for CI calculation!
In thread 43, 1000 genes are processed for CI calculation!
In thread 41, 1000 genes are processed for CI calculation!
In thread 42, 1000 genes are processed for CI calculation!
In thread 37, 1000 genes are processed for CI calculation!
In thread 32, 1000 genes are processed for CI calculation!
In thread 29, 1000 genes are processed for CI calculation!
In thread 31, 1000 genes are processed for CI calculation!
In thread 35, 1000 genes are processed for CI calculation!
In thread 30, 1000 genes are processed for CI calculation!
In thread 39, 1000 genes are processed for CI calculation!
In thread 40, 1000 genes are processed for CI calculation!
In thread 33, 1000 genes are processed for CI calculation!
In thread 41, 2000 genes are processed for CI calculation!
In thread 43, 2000 genes are processed for CI calculation!
In thread 34, 2000 genes are processed for CI calculation!
In thread 42, 2000 genes are processed for CI calculation!
In thread 37, 2000 genes are processed for CI calculation!
In thread 36, 2000 genes are processed for CI calculation!
In thread 38, 2000 genes are processed for CI calculation!
In thread 29, 2000 genes are processed for CI calculation!
In thread 32, 2000 genes are processed for CI calculation!
In thread 28, 1000 genes are processed for CI calculation!
In thread 31, 2000 genes are processed for CI calculation!
In thread 35, 2000 genes are processed for CI calculation!
In thread 40, 2000 genes are processed for CI calculation!
In thread 30, 2000 genes are processed for CI calculation!
In thread 37, 3000 genes are processed for CI calculation!
In thread 41, 3000 genes are processed for CI calculation!
In thread 43, 3000 genes are processed for CI calculation!
In thread 28, 2000 genes are processed for CI calculation!
In thread 42, 3000 genes are processed for CI calculation!
In thread 27, 1000 genes are processed for CI calculation!
In thread 34, 3000 genes are processed for CI calculation!
In thread 36, 3000 genes are processed for CI calculation!
In thread 33, 2000 genes are processed for CI calculation!
In thread 39, 2000 genes are processed for CI calculation!
In thread 38, 3000 genes are processed for CI calculation!
In thread 29, 3000 genes are processed for CI calculation!
In thread 32, 3000 genes are processed for CI calculation!
In thread 27, 2000 genes are processed for CI calculation!
In thread 37, 4000 genes are processed for CI calculation!
In thread 40, 3000 genes are processed for CI calculation!
In thread 35, 3000 genes are processed for CI calculation!
In thread 43, 4000 genes are processed for CI calculation!
In thread 41, 4000 genes are processed for CI calculation!
In thread 42, 4000 genes are processed for CI calculation!
In thread 30, 3000 genes are processed for CI calculation!
In thread 31, 3000 genes are processed for CI calculation!
In thread 36, 4000 genes are processed for CI calculation!
In thread 25, 1000 genes are processed for CI calculation!
All credibility intervals are calculated!

rm -rf results/rsem_quant/ER100004.temp

2025-11-10 13:16:05,303 | INFO | __main__: Number of genes greater than 1 TPM: 15465
Mon Nov 10 01:16:05 PM EST 2025: Finished rsem quantification
