Mon Nov 10 09:22:51 PM EST 2025: Running rsem quantification
Mon Nov 10 09:22:51 PM EST 2025: ulimit set to 65536
2025-11-10 21:22:53,111 | INFO | __main__: Running RSEM command rsem-calculate-expression --bam --estimate-rspd --calc-ci --seed 42 -p 44 --no-bam-output --ci-memory 128000 --forward-prob 0 --paired-end results/align/ER100010/ER100010_anno.bam results/rsem_index/rsem results/rsem_quant/ER100010
rsem-parse-alignments results/rsem_index/rsem results/rsem_quant/ER100010.temp/ER100010 results/rsem_quant/ER100010.stat/ER100010 results/align/ER100010/ER100010_anno.bam 3 -tag XM
Parsed 1000000 entries
Parsed 2000000 entries
Parsed 3000000 entries
Parsed 4000000 entries
Parsed 5000000 entries
Parsed 6000000 entries
Parsed 7000000 entries
Parsed 8000000 entries
Parsed 9000000 entries
Parsed 10000000 entries
Parsed 11000000 entries
Parsed 12000000 entries
Parsed 13000000 entries
Parsed 14000000 entries
Parsed 15000000 entries
Parsed 16000000 entries
Parsed 17000000 entries
Parsed 18000000 entries
Parsed 19000000 entries
Parsed 20000000 entries
Parsed 21000000 entries
Parsed 22000000 entries
Parsed 23000000 entries
Parsed 24000000 entries
Parsed 25000000 entries
Parsed 26000000 entries
Parsed 27000000 entries
Parsed 28000000 entries
Parsed 29000000 entries
Parsed 30000000 entries
Parsed 31000000 entries
Parsed 32000000 entries
Parsed 33000000 entries
Parsed 34000000 entries
Parsed 35000000 entries
Parsed 36000000 entries
Parsed 37000000 entries
Parsed 38000000 entries
Parsed 39000000 entries
Parsed 40000000 entries
Parsed 41000000 entries
Parsed 42000000 entries
Parsed 43000000 entries
Parsed 44000000 entries
Parsed 45000000 entries
Parsed 46000000 entries
Parsed 47000000 entries
Parsed 48000000 entries
Parsed 49000000 entries
Parsed 50000000 entries
Parsed 51000000 entries
Parsed 52000000 entries
Parsed 53000000 entries
Parsed 54000000 entries
Parsed 55000000 entries
Parsed 56000000 entries
Parsed 57000000 entries
Parsed 58000000 entries
Parsed 59000000 entries
Parsed 60000000 entries
Parsed 61000000 entries
Parsed 62000000 entries
Parsed 63000000 entries
Parsed 64000000 entries
Parsed 65000000 entries
Done!

rsem-build-read-index 32 1 0 results/rsem_quant/ER100010.temp/ER100010_alignable_1.fq results/rsem_quant/ER100010.temp/ER100010_alignable_2.fq
FIN 1000000
FIN 2000000
FIN 3000000
FIN 4000000
FIN 5000000
FIN 6000000
FIN 7000000
Build Index results/rsem_quant/ER100010.temp/ER100010_alignable_1.fq is Done!
FIN 1000000
FIN 2000000
FIN 3000000
FIN 4000000
FIN 5000000
FIN 6000000
FIN 7000000
Build Index results/rsem_quant/ER100010.temp/ER100010_alignable_2.fq is Done!

rsem-run-em results/rsem_index/rsem 3 results/rsem_quant/ER100010 results/rsem_quant/ER100010.temp/ER100010 results/rsem_quant/ER100010.stat/ER100010 -p 44 --gibbs-out
Refs.loadRefs finished!
Thread 0 : N = 178622, NHit = 1471057
Thread 1 : N = 181019, NHit = 1471059
Thread 2 : N = 179776, NHit = 1471055
Thread 3 : N = 180844, NHit = 1471061
DAT 7000000 reads left
Thread 4 : N = 180078, NHit = 1471058
Thread 5 : N = 180551, NHit = 1471063
Thread 6 : N = 179195, NHit = 1471069
Thread 7 : N = 178573, NHit = 1471072
Thread 8 : N = 180008, NHit = 1471058
Thread 9 : N = 179129, NHit = 1471055
DAT 6000000 reads left
Thread 10 : N = 179322, NHit = 1471073
Thread 11 : N = 178946, NHit = 1471067
Thread 12 : N = 179144, NHit = 1471069
Thread 13 : N = 178872, NHit = 1471055
Thread 14 : N = 179697, NHit = 1471089
Thread 15 : N = 179731, NHit = 1471055
DAT 5000000 reads left
Thread 16 : N = 180038, NHit = 1471101
Thread 17 : N = 179381, NHit = 1471095
Thread 18 : N = 179117, NHit = 1471056
Thread 19 : N = 180349, NHit = 1471055
Thread 20 : N = 180209, NHit = 1471057
DAT 4000000 reads left
Thread 21 : N = 179235, NHit = 1471058
Thread 22 : N = 179450, NHit = 1471056
Thread 23 : N = 179094, NHit = 1471055
Thread 24 : N = 180454, NHit = 1471059
Thread 25 : N = 178936, NHit = 1471057
Thread 26 : N = 178781, NHit = 1471066
DAT 3000000 reads left
Thread 27 : N = 178952, NHit = 1471087
Thread 28 : N = 179014, NHit = 1471059
Thread 29 : N = 178575, NHit = 1471065
Thread 30 : N = 178695, NHit = 1471055
Thread 31 : N = 180479, NHit = 1471095
DAT 2000000 reads left
Thread 32 : N = 180624, NHit = 1471064
Thread 33 : N = 179075, NHit = 1471064
Thread 34 : N = 179234, NHit = 1471061
Thread 35 : N = 179519, NHit = 1471062
Thread 36 : N = 178853, NHit = 1471055
Thread 37 : N = 180634, NHit = 1471064
DAT 1000000 reads left
Thread 38 : N = 179485, NHit = 1471056
Thread 39 : N = 179257, NHit = 1471057
Thread 40 : N = 179189, NHit = 1471105
Thread 41 : N = 179479, NHit = 1471058
Thread 42 : N = 179382, NHit = 1471070
Thread 43 : N = 178929, NHit = 1470642
EM_init finished!
estimateFromReads, N0 finished.
1000000 READS PROCESSED
2000000 READS PROCESSED
3000000 READS PROCESSED
4000000 READS PROCESSED
5000000 READS PROCESSED
6000000 READS PROCESSED
7000000 READS PROCESSED
estimateFromReads, N1 finished.
ROUND = 1, SUM = 8301792.00000004, bChange = 20505.5, totNum = 279936
ROUND = 2, SUM = 8301792.00000005, bChange = 1.00322, totNum = 144947
ROUND = 3, SUM = 8301792.00000007, bChange = 0.966106, totNum = 139654
ROUND = 4, SUM = 8301791.99999998, bChange = 0.862142, totNum = 135335
ROUND = 5, SUM = 8301791.99999997, bChange = 0.76203, totNum = 131389
ROUND = 6, SUM = 8301791.99999993, bChange = 0.684057, totNum = 127664
ROUND = 7, SUM = 8301792.00000002, bChange = 0.617832, totNum = 124247
ROUND = 8, SUM = 8301791.99999996, bChange = 0.623068, totNum = 120850
ROUND = 9, SUM = 8301792, bChange = 0.611392, totNum = 117694
ROUND = 10, SUM = 8301792.00000008, bChange = 0.613389, totNum = 114678
ROUND = 11, SUM = 8301791.99999988, bChange = 0.508858, totNum = 111931
ROUND = 12, SUM = 8301792, bChange = 0.49316, totNum = 108933
ROUND = 13, SUM = 8301791.99999999, bChange = 0.457777, totNum = 106193
ROUND = 14, SUM = 8301792.00000002, bChange = 0.418984, totNum = 103556
ROUND = 15, SUM = 8301791.99999999, bChange = 0.420063, totNum = 101033
ROUND = 16, SUM = 8301791.99999996, bChange = 0.423549, totNum = 98688
ROUND = 17, SUM = 8301791.99999998, bChange = 0.419959, totNum = 96419
ROUND = 18, SUM = 8301791.99999997, bChange = 0.420231, totNum = 94315
ROUND = 19, SUM = 8301791.99999997, bChange = 0.420473, totNum = 92405
ROUND = 20, SUM = 8301791.99999993, bChange = 0.336752, totNum = 90493
ROUND = 21, SUM = 8301791.99999994, bChange = 0.336266, totNum = 88585
ROUND = 22, SUM = 8301791.99999995, bChange = 0.335795, totNum = 86804
ROUND = 23, SUM = 8301791.99999995, bChange = 0.285884, totNum = 85009
ROUND = 24, SUM = 8301791.99999995, bChange = 0.257412, totNum = 83362
ROUND = 25, SUM = 8301791.99999999, bChange = 0.256907, totNum = 81748
ROUND = 26, SUM = 8301791.99999996, bChange = 0.258541, totNum = 80191
ROUND = 27, SUM = 8301791.99999994, bChange = 0.260126, totNum = 78686
ROUND = 28, SUM = 8301791.99999998, bChange = 0.261494, totNum = 77215
ROUND = 29, SUM = 8301791.99999998, bChange = 0.262678, totNum = 75827
ROUND = 30, SUM = 8301791.99999996, bChange = 0.229346, totNum = 74414
ROUND = 31, SUM = 8301791.99999996, bChange = 0.230471, totNum = 73076
ROUND = 32, SUM = 8301791.99999994, bChange = 0.224038, totNum = 71647
ROUND = 33, SUM = 8301791.99999997, bChange = 0.224949, totNum = 70378
ROUND = 34, SUM = 8301791.99999996, bChange = 0.225752, totNum = 69241
ROUND = 35, SUM = 8301791.99999997, bChange = 0.226461, totNum = 68015
ROUND = 36, SUM = 8301791.99999997, bChange = 0.220701, totNum = 66819
ROUND = 37, SUM = 8301791.99999996, bChange = 0.198796, totNum = 65684
ROUND = 38, SUM = 8301791.99999991, bChange = 0.199155, totNum = 64593
ROUND = 39, SUM = 8301791.99999991, bChange = 0.200083, totNum = 63507
ROUND = 40, SUM = 8301791.9999999, bChange = 0.201145, totNum = 62479
ROUND = 41, SUM = 8301791.99999999, bChange = 0.192327, totNum = 61387
ROUND = 42, SUM = 8301791.99999989, bChange = 0.193143, totNum = 60316
ROUND = 43, SUM = 8301792.00000001, bChange = 0.193913, totNum = 59283
ROUND = 44, SUM = 8301792.00000001, bChange = 0.19464, totNum = 58342
ROUND = 45, SUM = 8301791.99999997, bChange = 0.152425, totNum = 57417
ROUND = 46, SUM = 8301791.99999995, bChange = 0.153109, totNum = 56508
ROUND = 47, SUM = 8301791.99999994, bChange = 0.153751, totNum = 55613
ROUND = 48, SUM = 8301791.99999986, bChange = 0.154354, totNum = 54688
ROUND = 49, SUM = 8301791.99999984, bChange = 0.154918, totNum = 53842
ROUND = 50, SUM = 8301791.99999997, bChange = 0.155445, totNum = 53006
ROUND = 51, SUM = 8301791.99999994, bChange = 0.155938, totNum = 52199
ROUND = 52, SUM = 8301791.99999992, bChange = 0.156398, totNum = 51435
ROUND = 53, SUM = 8301791.99999997, bChange = 0.156826, totNum = 50651
ROUND = 54, SUM = 8301791.99999995, bChange = 0.157224, totNum = 49970
ROUND = 55, SUM = 8301791.9999999, bChange = 0.157594, totNum = 49255
ROUND = 56, SUM = 8301791.99999995, bChange = 0.157937, totNum = 48460
ROUND = 57, SUM = 8301791.99999991, bChange = 0.158255, totNum = 47726
ROUND = 58, SUM = 8301791.99999989, bChange = 0.132757, totNum = 47048
ROUND = 59, SUM = 8301791.99999994, bChange = 0.133172, totNum = 46335
ROUND = 60, SUM = 8301791.9999999, bChange = 0.133571, totNum = 45659
ROUND = 61, SUM = 8301791.99999995, bChange = 0.133954, totNum = 45009
ROUND = 62, SUM = 8301791.99999987, bChange = 0.134322, totNum = 44368
ROUND = 63, SUM = 8301791.99999989, bChange = 0.130724, totNum = 43726
ROUND = 64, SUM = 8301791.99999986, bChange = 0.131054, totNum = 43117
ROUND = 65, SUM = 8301791.99999993, bChange = 0.120639, totNum = 42547
ROUND = 66, SUM = 8301791.99999986, bChange = 0.120904, totNum = 41940
ROUND = 67, SUM = 8301791.99999988, bChange = 0.121154, totNum = 41391
ROUND = 68, SUM = 8301791.99999991, bChange = 0.121391, totNum = 40803
ROUND = 69, SUM = 8301791.9999999, bChange = 0.121614, totNum = 40232
ROUND = 70, SUM = 8301791.99999989, bChange = 0.121825, totNum = 39704
ROUND = 71, SUM = 8301791.99999992, bChange = 0.122024, totNum = 39144
ROUND = 72, SUM = 8301791.99999992, bChange = 0.122211, totNum = 38637
ROUND = 73, SUM = 8301791.99999993, bChange = 0.122389, totNum = 38130
ROUND = 74, SUM = 8301791.99999986, bChange = 0.106863, totNum = 37615
ROUND = 75, SUM = 8301791.99999986, bChange = 0.107065, totNum = 37136
ROUND = 76, SUM = 8301791.99999988, bChange = 0.107256, totNum = 36606
ROUND = 77, SUM = 8301791.99999992, bChange = 0.107438, totNum = 36135
ROUND = 78, SUM = 8301791.9999999, bChange = 0.107611, totNum = 35653
ROUND = 79, SUM = 8301791.99999983, bChange = 0.107776, totNum = 35175
ROUND = 80, SUM = 8301791.99999992, bChange = 0.107932, totNum = 34699
ROUND = 81, SUM = 8301791.99999983, bChange = 0.108081, totNum = 34251
ROUND = 82, SUM = 8301791.99999985, bChange = 0.107096, totNum = 33824
ROUND = 83, SUM = 8301791.99999996, bChange = 0.100978, totNum = 33355
ROUND = 84, SUM = 8301791.99999993, bChange = 0.10098, totNum = 32899
ROUND = 85, SUM = 8301791.99999987, bChange = 0.100982, totNum = 32470
ROUND = 86, SUM = 8301791.99999983, bChange = 0.100984, totNum = 32082
ROUND = 87, SUM = 8301791.99999987, bChange = 0.100986, totNum = 31699
ROUND = 88, SUM = 8301791.99999994, bChange = 0.0940528, totNum = 31263
ROUND = 89, SUM = 8301791.99999989, bChange = 0.0942561, totNum = 30869
ROUND = 90, SUM = 8301791.99999988, bChange = 0.0944537, totNum = 30459
ROUND = 91, SUM = 8301791.99999989, bChange = 0.0946458, totNum = 30093
ROUND = 92, SUM = 8301791.99999995, bChange = 0.0948327, totNum = 29724
ROUND = 93, SUM = 8301791.99999991, bChange = 0.0950145, totNum = 29354
ROUND = 94, SUM = 8301791.99999988, bChange = 0.0951913, totNum = 28988
ROUND = 95, SUM = 8301791.9999998, bChange = 0.0801051, totNum = 28657
ROUND = 96, SUM = 8301791.99999987, bChange = 0.0801879, totNum = 28321
ROUND = 97, SUM = 8301791.99999987, bChange = 0.0803057, totNum = 27970
ROUND = 98, SUM = 8301791.99999993, bChange = 0.0804204, totNum = 27637
ROUND = 99, SUM = 8301791.99999984, bChange = 0.080532, totNum = 27347
ROUND = 100, SUM = 8301791.99999988, bChange = 0.0806408, totNum = 27001
ROUND = 101, SUM = 8301791.99999994, bChange = 0.0807467, totNum = 26702
ROUND = 102, SUM = 8301791.99999998, bChange = 0.0808499, totNum = 26381
ROUND = 103, SUM = 8301791.99999994, bChange = 0.0809505, totNum = 26048
ROUND = 104, SUM = 8301791.99999982, bChange = 0.0810486, totNum = 25731
ROUND = 105, SUM = 8301791.9999999, bChange = 0.0811443, totNum = 25410
ROUND = 106, SUM = 8301791.99999991, bChange = 0.0812377, totNum = 25136
ROUND = 107, SUM = 8301791.99999987, bChange = 0.0813289, totNum = 24836
ROUND = 108, SUM = 8301791.99999992, bChange = 0.0814179, totNum = 24531
ROUND = 109, SUM = 8301791.99999993, bChange = 0.0815048, totNum = 24231
ROUND = 110, SUM = 8301791.99999983, bChange = 0.0815898, totNum = 23952
ROUND = 111, SUM = 8301791.99999987, bChange = 0.0816727, totNum = 23707
ROUND = 112, SUM = 8301791.99999987, bChange = 0.080017, totNum = 23425
ROUND = 113, SUM = 8301791.99999983, bChange = 0.0800072, totNum = 23156
ROUND = 114, SUM = 8301791.99999984, bChange = 0.0799972, totNum = 22881
ROUND = 115, SUM = 8301791.99999984, bChange = 0.079987, totNum = 22588
ROUND = 116, SUM = 8301791.99999988, bChange = 0.0799766, totNum = 22351
ROUND = 117, SUM = 8301791.99999993, bChange = 0.0799661, totNum = 22149
ROUND = 118, SUM = 8301791.99999984, bChange = 0.0799554, totNum = 21902
ROUND = 119, SUM = 8301791.99999983, bChange = 0.0799446, totNum = 21652
ROUND = 120, SUM = 8301791.99999993, bChange = 0.0799338, totNum = 21441
ROUND = 121, SUM = 8301791.9999999, bChange = 0.0763695, totNum = 21201
ROUND = 122, SUM = 8301791.99999984, bChange = 0.0763587, totNum = 20990
ROUND = 123, SUM = 8301791.99999985, bChange = 0.0763478, totNum = 20776
ROUND = 124, SUM = 8301791.99999991, bChange = 0.076337, totNum = 20536
ROUND = 125, SUM = 8301791.99999985, bChange = 0.0763261, totNum = 20306
ROUND = 126, SUM = 8301791.99999985, bChange = 0.0740204, totNum = 20090
ROUND = 127, SUM = 8301791.99999984, bChange = 0.0740113, totNum = 19884
ROUND = 128, SUM = 8301791.9999999, bChange = 0.0694996, totNum = 19663
ROUND = 129, SUM = 8301791.99999996, bChange = 0.0695115, totNum = 19469
ROUND = 130, SUM = 8301791.99999989, bChange = 0.0695227, totNum = 19247
ROUND = 131, SUM = 8301791.99999983, bChange = 0.0695333, totNum = 19016
ROUND = 132, SUM = 8301791.99999982, bChange = 0.0695433, totNum = 18800
ROUND = 133, SUM = 8301791.99999986, bChange = 0.0621384, totNum = 18604
ROUND = 134, SUM = 8301791.99999989, bChange = 0.0621477, totNum = 18441
ROUND = 135, SUM = 8301791.99999988, bChange = 0.0621566, totNum = 18261
ROUND = 136, SUM = 8301791.99999983, bChange = 0.062165, totNum = 18092
ROUND = 137, SUM = 8301791.99999987, bChange = 0.062173, totNum = 17892
ROUND = 138, SUM = 8301791.99999986, bChange = 0.0621805, totNum = 17687
ROUND = 139, SUM = 8301791.99999985, bChange = 0.0621876, totNum = 17521
ROUND = 140, SUM = 8301791.99999984, bChange = 0.0621944, totNum = 17313
ROUND = 141, SUM = 8301791.99999976, bChange = 0.0622008, totNum = 17141
ROUND = 142, SUM = 8301791.99999982, bChange = 0.0622069, totNum = 16966
ROUND = 143, SUM = 8301791.99999985, bChange = 0.0622126, totNum = 16800
ROUND = 144, SUM = 8301791.99999982, bChange = 0.0622181, totNum = 16635
ROUND = 145, SUM = 8301791.99999988, bChange = 0.0622233, totNum = 16467
ROUND = 146, SUM = 8301791.99999984, bChange = 0.0622282, totNum = 16304
ROUND = 147, SUM = 8301791.99999982, bChange = 0.0622328, totNum = 16144
ROUND = 148, SUM = 8301791.99999992, bChange = 0.0622372, totNum = 15991
ROUND = 149, SUM = 8301791.99999984, bChange = 0.0622414, totNum = 15836
ROUND = 150, SUM = 8301791.99999985, bChange = 0.0502279, totNum = 15703
ROUND = 151, SUM = 8301791.9999999, bChange = 0.0502344, totNum = 15563
ROUND = 152, SUM = 8301791.99999986, bChange = 0.0502409, totNum = 15430
ROUND = 153, SUM = 8301791.99999981, bChange = 0.0501849, totNum = 15276
ROUND = 154, SUM = 8301791.99999988, bChange = 0.0501881, totNum = 15137
ROUND = 155, SUM = 8301791.99999985, bChange = 0.0501912, totNum = 15007
ROUND = 156, SUM = 8301791.99999986, bChange = 0.0501942, totNum = 14881
ROUND = 157, SUM = 8301791.99999986, bChange = 0.0501969, totNum = 14740
ROUND = 158, SUM = 8301791.99999993, bChange = 0.0501996, totNum = 14585
ROUND = 159, SUM = 8301791.99999983, bChange = 0.0502021, totNum = 14439
ROUND = 160, SUM = 8301791.99999986, bChange = 0.0502045, totNum = 14296
ROUND = 161, SUM = 8301791.99999984, bChange = 0.0502068, totNum = 14166
ROUND = 162, SUM = 8301791.99999985, bChange = 0.0502089, totNum = 14033
ROUND = 163, SUM = 8301791.99999989, bChange = 0.050211, totNum = 13877
ROUND = 164, SUM = 8301791.99999986, bChange = 0.0502129, totNum = 13763
ROUND = 165, SUM = 8301791.99999985, bChange = 0.0502148, totNum = 13642
ROUND = 166, SUM = 8301791.99999988, bChange = 0.0502166, totNum = 13496
ROUND = 167, SUM = 8301791.99999983, bChange = 0.0502183, totNum = 13375
ROUND = 168, SUM = 8301791.99999987, bChange = 0.0502198, totNum = 13259
ROUND = 169, SUM = 8301791.99999984, bChange = 0.0502214, totNum = 13133
ROUND = 170, SUM = 8301791.9999999, bChange = 0.0663957, totNum = 13018
ROUND = 171, SUM = 8301791.9999999, bChange = 0.0628021, totNum = 12912
ROUND = 172, SUM = 8301791.9999999, bChange = 0.0593689, totNum = 12789
ROUND = 173, SUM = 8301791.99999988, bChange = 0.0561032, totNum = 12715
ROUND = 174, SUM = 8301791.99999986, bChange = 0.0530082, totNum = 12603
ROUND = 175, SUM = 8301791.99999981, bChange = 0.0502291, totNum = 12492
ROUND = 176, SUM = 8301791.9999998, bChange = 0.0502302, totNum = 12376
ROUND = 177, SUM = 8301791.9999999, bChange = 0.0502312, totNum = 12257
ROUND = 178, SUM = 8301791.99999989, bChange = 0.0502322, totNum = 12147
ROUND = 179, SUM = 8301791.99999991, bChange = 0.0502331, totNum = 12025
ROUND = 180, SUM = 8301791.99999982, bChange = 0.050234, totNum = 11928
ROUND = 181, SUM = 8301791.99999986, bChange = 0.0502349, totNum = 11813
ROUND = 182, SUM = 8301791.99999985, bChange = 0.0502357, totNum = 11719
ROUND = 183, SUM = 8301791.99999987, bChange = 0.0502364, totNum = 11636
ROUND = 184, SUM = 8301791.99999989, bChange = 0.0502372, totNum = 11539
ROUND = 185, SUM = 8301791.99999981, bChange = 0.0502379, totNum = 11458
ROUND = 186, SUM = 8301791.99999986, bChange = 0.0452851, totNum = 11367
ROUND = 187, SUM = 8301791.99999985, bChange = 0.0452798, totNum = 11268
ROUND = 188, SUM = 8301791.99999985, bChange = 0.0452744, totNum = 11184
ROUND = 189, SUM = 8301791.99999987, bChange = 0.0452692, totNum = 11099
ROUND = 190, SUM = 8301791.99999985, bChange = 0.045264, totNum = 11014
ROUND = 191, SUM = 8301791.99999983, bChange = 0.0452588, totNum = 10925
ROUND = 192, SUM = 8301791.99999986, bChange = 0.0452537, totNum = 10841
ROUND = 193, SUM = 8301791.99999983, bChange = 0.0452487, totNum = 10739
ROUND = 194, SUM = 8301791.99999984, bChange = 0.0452437, totNum = 10653
ROUND = 195, SUM = 8301791.99999985, bChange = 0.0452387, totNum = 10575
ROUND = 196, SUM = 8301791.99999985, bChange = 0.0452338, totNum = 10499
ROUND = 197, SUM = 8301791.99999992, bChange = 0.039196, totNum = 10413
ROUND = 198, SUM = 8301791.99999982, bChange = 0.0389145, totNum = 10326
ROUND = 199, SUM = 8301791.99999987, bChange = 0.0389145, totNum = 10239
ROUND = 200, SUM = 8301791.99999985, bChange = 0.0389145, totNum = 10150
ROUND = 201, SUM = 8301791.99999987, bChange = 0.0389146, totNum = 10069
ROUND = 202, SUM = 8301791.99999989, bChange = 0.0389146, totNum = 9995
ROUND = 203, SUM = 8301791.99999984, bChange = 0.0389147, totNum = 9933
ROUND = 204, SUM = 8301791.99999984, bChange = 0.0389147, totNum = 9850
ROUND = 205, SUM = 8301791.99999986, bChange = 0.0389147, totNum = 9767
ROUND = 206, SUM = 8301791.99999985, bChange = 0.0380618, totNum = 9695
ROUND = 207, SUM = 8301791.99999986, bChange = 0.036132, totNum = 9631
ROUND = 208, SUM = 8301791.99999984, bChange = 0.036132, totNum = 9566
ROUND = 209, SUM = 8301791.9999999, bChange = 0.036132, totNum = 9501
ROUND = 210, SUM = 8301791.99999989, bChange = 0.0361319, totNum = 9436
ROUND = 211, SUM = 8301791.99999985, bChange = 0.0361319, totNum = 9377
ROUND = 212, SUM = 8301791.99999981, bChange = 0.0361319, totNum = 9315
ROUND = 213, SUM = 8301791.99999981, bChange = 0.0361319, totNum = 9255
ROUND = 214, SUM = 8301791.99999985, bChange = 0.0361318, totNum = 9197
ROUND = 215, SUM = 8301791.99999983, bChange = 0.0361318, totNum = 9123
ROUND = 216, SUM = 8301791.99999985, bChange = 0.0361318, totNum = 9069
ROUND = 217, SUM = 8301791.99999987, bChange = 0.0361318, totNum = 8996
ROUND = 218, SUM = 8301791.99999989, bChange = 0.0361317, totNum = 8923
ROUND = 219, SUM = 8301791.99999983, bChange = 0.0361317, totNum = 8853
ROUND = 220, SUM = 8301791.99999988, bChange = 0.0361317, totNum = 8799
ROUND = 221, SUM = 8301791.99999984, bChange = 0.0361317, totNum = 8753
ROUND = 222, SUM = 8301791.99999989, bChange = 0.0361317, totNum = 8688
ROUND = 223, SUM = 8301791.99999985, bChange = 0.0361316, totNum = 8621
ROUND = 224, SUM = 8301791.99999984, bChange = 0.0361316, totNum = 8557
ROUND = 225, SUM = 8301791.99999989, bChange = 0.0361316, totNum = 8512
ROUND = 226, SUM = 8301791.99999985, bChange = 0.0361316, totNum = 8449
ROUND = 227, SUM = 8301791.99999992, bChange = 0.0356089, totNum = 8371
ROUND = 228, SUM = 8301791.99999987, bChange = 0.0356116, totNum = 8319
ROUND = 229, SUM = 8301791.99999981, bChange = 0.0356143, totNum = 8259
ROUND = 230, SUM = 8301791.9999999, bChange = 0.0356169, totNum = 8205
ROUND = 231, SUM = 8301791.99999988, bChange = 0.0356195, totNum = 8149
ROUND = 232, SUM = 8301791.99999995, bChange = 0.0356221, totNum = 8093
ROUND = 233, SUM = 8301791.99999985, bChange = 0.0356246, totNum = 8041
ROUND = 234, SUM = 8301791.99999983, bChange = 0.0356272, totNum = 7997
ROUND = 235, SUM = 8301791.99999988, bChange = 0.0356297, totNum = 7948
ROUND = 236, SUM = 8301791.99999985, bChange = 0.0356321, totNum = 7909
ROUND = 237, SUM = 8301791.9999999, bChange = 0.0356346, totNum = 7850
ROUND = 238, SUM = 8301791.99999987, bChange = 0.035637, totNum = 7799
ROUND = 239, SUM = 8301791.99999979, bChange = 0.0356394, totNum = 7748
ROUND = 240, SUM = 8301791.99999987, bChange = 0.0356417, totNum = 7695
ROUND = 241, SUM = 8301791.9999998, bChange = 0.0356441, totNum = 7634
ROUND = 242, SUM = 8301791.99999987, bChange = 0.0356464, totNum = 7585
ROUND = 243, SUM = 8301791.99999985, bChange = 0.0356487, totNum = 7546
ROUND = 244, SUM = 8301791.9999999, bChange = 0.035651, totNum = 7505
ROUND = 245, SUM = 8301791.99999988, bChange = 0.0356532, totNum = 7460
ROUND = 246, SUM = 8301791.99999985, bChange = 0.0356554, totNum = 7415
ROUND = 247, SUM = 8301791.99999982, bChange = 0.0356576, totNum = 7371
ROUND = 248, SUM = 8301791.99999989, bChange = 0.0356598, totNum = 7315
ROUND = 249, SUM = 8301791.99999987, bChange = 0.0356619, totNum = 7274
ROUND = 250, SUM = 8301791.99999986, bChange = 0.035664, totNum = 7227
ROUND = 251, SUM = 8301791.99999985, bChange = 0.0356661, totNum = 7177
ROUND = 252, SUM = 8301791.99999985, bChange = 0.0356682, totNum = 7139
ROUND = 253, SUM = 8301791.99999994, bChange = 0.0356702, totNum = 7095
ROUND = 254, SUM = 8301791.99999982, bChange = 0.0356722, totNum = 7052
ROUND = 255, SUM = 8301791.99999985, bChange = 0.0356742, totNum = 7005
ROUND = 256, SUM = 8301791.99999986, bChange = 0.0356762, totNum = 6961
ROUND = 257, SUM = 8301791.99999988, bChange = 0.0356782, totNum = 6910
ROUND = 258, SUM = 8301791.99999988, bChange = 0.0324442, totNum = 6871
ROUND = 259, SUM = 8301791.99999988, bChange = 0.0324441, totNum = 6837
ROUND = 260, SUM = 8301791.99999989, bChange = 0.0324439, totNum = 6784
ROUND = 261, SUM = 8301791.99999992, bChange = 0.0324438, totNum = 6733
ROUND = 262, SUM = 8301791.99999987, bChange = 0.0324437, totNum = 6689
ROUND = 263, SUM = 8301791.99999987, bChange = 0.0324437, totNum = 6647
ROUND = 264, SUM = 8301791.99999988, bChange = 0.0324436, totNum = 6609
ROUND = 265, SUM = 8301791.99999985, bChange = 0.0324435, totNum = 6560
ROUND = 266, SUM = 8301791.99999988, bChange = 0.0324434, totNum = 6517
ROUND = 267, SUM = 8301791.99999982, bChange = 0.0324433, totNum = 6465
ROUND = 268, SUM = 8301791.99999984, bChange = 0.0324432, totNum = 6431
ROUND = 269, SUM = 8301791.99999988, bChange = 0.0324431, totNum = 6393
ROUND = 270, SUM = 8301791.99999989, bChange = 0.0324431, totNum = 6345
ROUND = 271, SUM = 8301791.99999986, bChange = 0.032443, totNum = 6298
ROUND = 272, SUM = 8301791.99999988, bChange = 0.0324429, totNum = 6258
ROUND = 273, SUM = 8301791.9999999, bChange = 0.0324428, totNum = 6223
ROUND = 274, SUM = 8301791.99999989, bChange = 0.027356, totNum = 6178
ROUND = 275, SUM = 8301791.99999992, bChange = 0.027357, totNum = 6129
ROUND = 276, SUM = 8301791.99999987, bChange = 0.027358, totNum = 6080
ROUND = 277, SUM = 8301791.99999989, bChange = 0.027359, totNum = 6033
ROUND = 278, SUM = 8301791.99999986, bChange = 0.02736, totNum = 5991
ROUND = 279, SUM = 8301791.99999985, bChange = 0.027361, totNum = 5938
ROUND = 280, SUM = 8301791.99999991, bChange = 0.0273619, totNum = 5899
ROUND = 281, SUM = 8301791.99999992, bChange = 0.0273628, totNum = 5857
ROUND = 282, SUM = 8301791.99999992, bChange = 0.0273637, totNum = 5823
ROUND = 283, SUM = 8301791.99999986, bChange = 0.0273646, totNum = 5790
ROUND = 284, SUM = 8301791.99999989, bChange = 0.0273655, totNum = 5754
ROUND = 285, SUM = 8301791.99999987, bChange = 0.0273664, totNum = 5718
ROUND = 286, SUM = 8301791.99999987, bChange = 0.0273673, totNum = 5692
ROUND = 287, SUM = 8301791.9999999, bChange = 0.0273681, totNum = 5661
ROUND = 288, SUM = 8301791.99999986, bChange = 0.0273689, totNum = 5635
ROUND = 289, SUM = 8301791.99999987, bChange = 0.0273697, totNum = 5608
ROUND = 290, SUM = 8301791.99999986, bChange = 0.0273705, totNum = 5577
ROUND = 291, SUM = 8301791.99999986, bChange = 0.0273713, totNum = 5550
ROUND = 292, SUM = 8301791.99999994, bChange = 0.0273721, totNum = 5523
ROUND = 293, SUM = 8301791.9999999, bChange = 0.0273729, totNum = 5496
ROUND = 294, SUM = 8301791.99999995, bChange = 0.0273736, totNum = 5457
ROUND = 295, SUM = 8301791.99999986, bChange = 0.0273744, totNum = 5420
ROUND = 296, SUM = 8301791.99999993, bChange = 0.0273751, totNum = 5397
ROUND = 297, SUM = 8301791.99999981, bChange = 0.0273758, totNum = 5365
ROUND = 298, SUM = 8301791.99999988, bChange = 0.0273765, totNum = 5328
ROUND = 299, SUM = 8301791.99999991, bChange = 0.0273772, totNum = 5298
ROUND = 300, SUM = 8301791.99999987, bChange = 0.0273779, totNum = 5267
ROUND = 301, SUM = 8301791.99999986, bChange = 0.0273785, totNum = 5233
ROUND = 302, SUM = 8301791.99999986, bChange = 0.0273792, totNum = 5209
ROUND = 303, SUM = 8301791.99999994, bChange = 0.0273799, totNum = 5180
ROUND = 304, SUM = 8301791.99999988, bChange = 0.0273805, totNum = 5155
ROUND = 305, SUM = 8301791.99999986, bChange = 0.0273811, totNum = 5124
ROUND = 306, SUM = 8301791.99999988, bChange = 0.0273817, totNum = 5099
ROUND = 307, SUM = 8301791.9999999, bChange = 0.0273824, totNum = 5075
ROUND = 308, SUM = 8301791.99999989, bChange = 0.0273829, totNum = 5041
ROUND = 309, SUM = 8301791.99999991, bChange = 0.0273835, totNum = 5012
ROUND = 310, SUM = 8301791.99999993, bChange = 0.0273841, totNum = 4982
ROUND = 311, SUM = 8301791.99999992, bChange = 0.0273847, totNum = 4958
ROUND = 312, SUM = 8301791.99999992, bChange = 0.0273852, totNum = 4942
ROUND = 313, SUM = 8301791.99999988, bChange = 0.0273858, totNum = 4924
ROUND = 314, SUM = 8301791.99999989, bChange = 0.0273863, totNum = 4898
ROUND = 315, SUM = 8301791.99999991, bChange = 0.0273869, totNum = 4878
ROUND = 316, SUM = 8301791.9999999, bChange = 0.0273874, totNum = 4848
ROUND = 317, SUM = 8301791.99999991, bChange = 0.0273879, totNum = 4811
ROUND = 318, SUM = 8301791.99999992, bChange = 0.0273884, totNum = 4778
ROUND = 319, SUM = 8301791.9999998, bChange = 0.0273889, totNum = 4755
ROUND = 320, SUM = 8301791.9999999, bChange = 0.0273894, totNum = 4727
ROUND = 321, SUM = 8301791.99999989, bChange = 0.0273899, totNum = 4705
ROUND = 322, SUM = 8301791.99999994, bChange = 0.0273904, totNum = 4687
ROUND = 323, SUM = 8301791.99999986, bChange = 0.0273908, totNum = 4666
ROUND = 324, SUM = 8301791.99999986, bChange = 0.0273913, totNum = 4638
ROUND = 325, SUM = 8301791.99999986, bChange = 0.0273918, totNum = 4613
ROUND = 326, SUM = 8301791.99999989, bChange = 0.0273922, totNum = 4597
ROUND = 327, SUM = 8301791.99999991, bChange = 0.0273926, totNum = 4572
ROUND = 328, SUM = 8301791.99999987, bChange = 0.0273931, totNum = 4553
ROUND = 329, SUM = 8301791.99999978, bChange = 0.0273935, totNum = 4537
ROUND = 330, SUM = 8301791.99999991, bChange = 0.0273939, totNum = 4522
ROUND = 331, SUM = 8301791.99999991, bChange = 0.0273943, totNum = 4497
ROUND = 332, SUM = 8301791.99999992, bChange = 0.0273947, totNum = 4476
ROUND = 333, SUM = 8301791.99999985, bChange = 0.0273951, totNum = 4457
ROUND = 334, SUM = 8301791.99999983, bChange = 0.0273955, totNum = 4428
ROUND = 335, SUM = 8301791.99999984, bChange = 0.0273959, totNum = 4406
ROUND = 336, SUM = 8301791.99999991, bChange = 0.0273963, totNum = 4392
ROUND = 337, SUM = 8301791.99999984, bChange = 0.0273966, totNum = 4377
ROUND = 338, SUM = 8301791.99999988, bChange = 0.027397, totNum = 4353
ROUND = 339, SUM = 8301791.99999987, bChange = 0.0218169, totNum = 4332
ROUND = 340, SUM = 8301791.9999999, bChange = 0.0218169, totNum = 4306
ROUND = 341, SUM = 8301791.99999987, bChange = 0.0218169, totNum = 4286
ROUND = 342, SUM = 8301791.99999991, bChange = 0.0218169, totNum = 4264
ROUND = 343, SUM = 8301791.99999993, bChange = 0.0218169, totNum = 4242
ROUND = 344, SUM = 8301791.9999999, bChange = 0.0218169, totNum = 4223
ROUND = 345, SUM = 8301791.99999991, bChange = 0.0218169, totNum = 4208
ROUND = 346, SUM = 8301791.99999994, bChange = 0.0218169, totNum = 4195
ROUND = 347, SUM = 8301791.99999987, bChange = 0.0218169, totNum = 4178
ROUND = 348, SUM = 8301791.99999989, bChange = 0.0218169, totNum = 4165
ROUND = 349, SUM = 8301791.9999999, bChange = 0.0218169, totNum = 4144
ROUND = 350, SUM = 8301791.99999993, bChange = 0.0197955, totNum = 4107
ROUND = 351, SUM = 8301791.99999991, bChange = 0.0192301, totNum = 4083
ROUND = 352, SUM = 8301791.99999991, bChange = 0.0192348, totNum = 4056
ROUND = 353, SUM = 8301791.99999991, bChange = 0.0192394, totNum = 4042
ROUND = 354, SUM = 8301791.99999991, bChange = 0.0192441, totNum = 4022
ROUND = 355, SUM = 8301791.99999984, bChange = 0.0192486, totNum = 4007
ROUND = 356, SUM = 8301791.9999999, bChange = 0.0188643, totNum = 3990
ROUND = 357, SUM = 8301791.99999985, bChange = 0.0188661, totNum = 3975
ROUND = 358, SUM = 8301791.99999995, bChange = 0.0188678, totNum = 3959
ROUND = 359, SUM = 8301791.99999993, bChange = 0.0188696, totNum = 3947
ROUND = 360, SUM = 8301791.99999991, bChange = 0.0188714, totNum = 3929
ROUND = 361, SUM = 8301791.99999988, bChange = 0.0188731, totNum = 3903
ROUND = 362, SUM = 8301791.99999988, bChange = 0.0188748, totNum = 3892
ROUND = 363, SUM = 8301791.9999999, bChange = 0.0188765, totNum = 3879
ROUND = 364, SUM = 8301791.99999992, bChange = 0.0188782, totNum = 3863
ROUND = 365, SUM = 8301791.99999989, bChange = 0.0188799, totNum = 3844
ROUND = 366, SUM = 8301791.99999991, bChange = 0.0188816, totNum = 3834
ROUND = 367, SUM = 8301791.99999986, bChange = 0.0188832, totNum = 3819
ROUND = 368, SUM = 8301791.99999993, bChange = 0.0188849, totNum = 3799
ROUND = 369, SUM = 8301791.99999989, bChange = 0.0188865, totNum = 3781
ROUND = 370, SUM = 8301791.99999991, bChange = 0.0188881, totNum = 3760
ROUND = 371, SUM = 8301791.99999989, bChange = 0.0188897, totNum = 3743
ROUND = 372, SUM = 8301791.99999987, bChange = 0.0188913, totNum = 3727
ROUND = 373, SUM = 8301791.99999991, bChange = 0.0188929, totNum = 3718
ROUND = 374, SUM = 8301791.99999995, bChange = 0.0188944, totNum = 3697
ROUND = 375, SUM = 8301791.99999991, bChange = 0.018896, totNum = 3679
ROUND = 376, SUM = 8301791.99999993, bChange = 0.0188975, totNum = 3659
ROUND = 377, SUM = 8301791.9999999, bChange = 0.018899, totNum = 3647
ROUND = 378, SUM = 8301791.9999999, bChange = 0.0189005, totNum = 3627
ROUND = 379, SUM = 8301791.99999991, bChange = 0.0176819, totNum = 3611
ROUND = 380, SUM = 8301791.99999993, bChange = 0.0176811, totNum = 3593
ROUND = 381, SUM = 8301791.99999991, bChange = 0.0176803, totNum = 3579
ROUND = 382, SUM = 8301791.9999999, bChange = 0.0176795, totNum = 3568
ROUND = 383, SUM = 8301791.99999987, bChange = 0.0176786, totNum = 3550
ROUND = 384, SUM = 8301791.99999988, bChange = 0.0176778, totNum = 3534
ROUND = 385, SUM = 8301791.9999999, bChange = 0.017677, totNum = 3519
ROUND = 386, SUM = 8301791.99999989, bChange = 0.0176762, totNum = 3506
ROUND = 387, SUM = 8301791.99999987, bChange = 0.0176754, totNum = 3494
ROUND = 388, SUM = 8301791.99999994, bChange = 0.0176746, totNum = 3478
ROUND = 389, SUM = 8301791.99999988, bChange = 0.0176738, totNum = 3472
ROUND = 390, SUM = 8301791.99999989, bChange = 0.0176731, totNum = 3453
ROUND = 391, SUM = 8301791.99999984, bChange = 0.0176723, totNum = 3438
ROUND = 392, SUM = 8301791.99999992, bChange = 0.0176715, totNum = 3422
ROUND = 393, SUM = 8301791.99999988, bChange = 0.0175705, totNum = 3410
ROUND = 394, SUM = 8301791.9999999, bChange = 0.0175705, totNum = 3397
ROUND = 395, SUM = 8301791.99999992, bChange = 0.0175705, totNum = 3386
ROUND = 396, SUM = 8301791.99999988, bChange = 0.0175705, totNum = 3377
ROUND = 397, SUM = 8301791.99999987, bChange = 0.0175705, totNum = 3364
ROUND = 398, SUM = 8301791.99999987, bChange = 0.0175705, totNum = 3348
ROUND = 399, SUM = 8301791.9999999, bChange = 0.0175705, totNum = 3333
ROUND = 400, SUM = 8301791.99999984, bChange = 0.0175704, totNum = 3324
ROUND = 401, SUM = 8301791.99999987, bChange = 0.0175704, totNum = 3306
ROUND = 402, SUM = 8301791.99999989, bChange = 0.0175704, totNum = 3294
ROUND = 403, SUM = 8301791.99999985, bChange = 0.0175704, totNum = 3275
ROUND = 404, SUM = 8301791.99999988, bChange = 0.0175704, totNum = 3262
ROUND = 405, SUM = 8301791.9999999, bChange = 0.0175704, totNum = 3246
ROUND = 406, SUM = 8301791.99999991, bChange = 0.0175705, totNum = 3231
ROUND = 407, SUM = 8301791.99999986, bChange = 0.0175705, totNum = 3220
ROUND = 408, SUM = 8301791.99999991, bChange = 0.0175705, totNum = 3209
ROUND = 409, SUM = 8301791.9999999, bChange = 0.0175705, totNum = 3194
ROUND = 410, SUM = 8301791.99999992, bChange = 0.0175705, totNum = 3180
ROUND = 411, SUM = 8301791.99999989, bChange = 0.0175705, totNum = 3169
ROUND = 412, SUM = 8301791.99999989, bChange = 0.0175705, totNum = 3156
ROUND = 413, SUM = 8301791.9999999, bChange = 0.0175705, totNum = 3138
ROUND = 414, SUM = 8301791.99999991, bChange = 0.0175706, totNum = 3129
ROUND = 415, SUM = 8301791.99999987, bChange = 0.0175706, totNum = 3118
ROUND = 416, SUM = 8301791.99999989, bChange = 0.0159137, totNum = 3109
ROUND = 417, SUM = 8301791.9999999, bChange = 0.0159137, totNum = 3100
ROUND = 418, SUM = 8301791.99999989, bChange = 0.0159136, totNum = 3088
ROUND = 419, SUM = 8301791.99999993, bChange = 0.0159135, totNum = 3079
ROUND = 420, SUM = 8301791.99999989, bChange = 0.0159135, totNum = 3068
ROUND = 421, SUM = 8301791.99999989, bChange = 0.0159134, totNum = 3058
ROUND = 422, SUM = 8301791.99999988, bChange = 0.0159134, totNum = 3045
ROUND = 423, SUM = 8301791.99999985, bChange = 0.0159133, totNum = 3034
ROUND = 424, SUM = 8301791.99999989, bChange = 0.0157733, totNum = 3021
ROUND = 425, SUM = 8301791.99999993, bChange = 0.0157732, totNum = 3014
ROUND = 426, SUM = 8301791.99999989, bChange = 0.015773, totNum = 3004
ROUND = 427, SUM = 8301791.99999991, bChange = 0.0157729, totNum = 2994
ROUND = 428, SUM = 8301791.99999991, bChange = 0.0157727, totNum = 2975
ROUND = 429, SUM = 8301791.99999997, bChange = 0.0157726, totNum = 2962
ROUND = 430, SUM = 8301791.99999987, bChange = 0.0157725, totNum = 2945
ROUND = 431, SUM = 8301791.99999986, bChange = 0.0157723, totNum = 2933
ROUND = 432, SUM = 8301791.99999987, bChange = 0.0157722, totNum = 2926
ROUND = 433, SUM = 8301791.99999988, bChange = 0.015772, totNum = 2917
ROUND = 434, SUM = 8301791.99999986, bChange = 0.0157719, totNum = 2906
ROUND = 435, SUM = 8301791.99999991, bChange = 0.0157718, totNum = 2895
ROUND = 436, SUM = 8301791.99999989, bChange = 0.0157717, totNum = 2888
ROUND = 437, SUM = 8301791.99999986, bChange = 0.0157715, totNum = 2884
ROUND = 438, SUM = 8301791.99999993, bChange = 0.0157714, totNum = 2881
ROUND = 439, SUM = 8301791.99999987, bChange = 0.0157713, totNum = 2869
ROUND = 440, SUM = 8301791.9999999, bChange = 0.0157712, totNum = 2861
ROUND = 441, SUM = 8301791.99999993, bChange = 0.0157711, totNum = 2854
ROUND = 442, SUM = 8301791.99999989, bChange = 0.015771, totNum = 2843
ROUND = 443, SUM = 8301791.99999988, bChange = 0.0157708, totNum = 2832
ROUND = 444, SUM = 8301791.9999999, bChange = 0.0157707, totNum = 2830
ROUND = 445, SUM = 8301791.99999989, bChange = 0.0157706, totNum = 2822
ROUND = 446, SUM = 8301791.99999991, bChange = 0.0157705, totNum = 2811
ROUND = 447, SUM = 8301791.99999993, bChange = 0.0157704, totNum = 2801
ROUND = 448, SUM = 8301791.99999993, bChange = 0.0151566, totNum = 2785
ROUND = 449, SUM = 8301791.99999987, bChange = 0.0151568, totNum = 2778
ROUND = 450, SUM = 8301791.99999989, bChange = 0.015157, totNum = 2773
ROUND = 451, SUM = 8301791.99999991, bChange = 0.0151572, totNum = 2766
ROUND = 452, SUM = 8301791.99999988, bChange = 0.0151574, totNum = 2760
ROUND = 453, SUM = 8301791.99999993, bChange = 0.0151576, totNum = 2754
ROUND = 454, SUM = 8301791.99999987, bChange = 0.0151578, totNum = 2751
ROUND = 455, SUM = 8301791.99999995, bChange = 0.015158, totNum = 2740
ROUND = 456, SUM = 8301791.99999993, bChange = 0.0151582, totNum = 2734
ROUND = 457, SUM = 8301791.99999992, bChange = 0.0151584, totNum = 2723
ROUND = 458, SUM = 8301791.99999996, bChange = 0.0151585, totNum = 2712
ROUND = 459, SUM = 8301791.99999991, bChange = 0.0151587, totNum = 2695
ROUND = 460, SUM = 8301791.99999991, bChange = 0.0151589, totNum = 2691
ROUND = 461, SUM = 8301791.99999988, bChange = 0.0151591, totNum = 2684
ROUND = 462, SUM = 8301791.9999999, bChange = 0.0151593, totNum = 2678
ROUND = 463, SUM = 8301791.99999992, bChange = 0.0151594, totNum = 2674
ROUND = 464, SUM = 8301791.99999991, bChange = 0.0151596, totNum = 2662
ROUND = 465, SUM = 8301791.99999992, bChange = 0.0151598, totNum = 2652
ROUND = 466, SUM = 8301791.99999987, bChange = 0.0151599, totNum = 2642
ROUND = 467, SUM = 8301791.99999996, bChange = 0.0151601, totNum = 2628
ROUND = 468, SUM = 8301791.99999994, bChange = 0.0151603, totNum = 2618
ROUND = 469, SUM = 8301791.9999999, bChange = 0.0151604, totNum = 2613
ROUND = 470, SUM = 8301791.99999994, bChange = 0.0151606, totNum = 2604
ROUND = 471, SUM = 8301791.99999988, bChange = 0.0151607, totNum = 2590
ROUND = 472, SUM = 8301791.99999986, bChange = 0.0151609, totNum = 2584
ROUND = 473, SUM = 8301791.99999993, bChange = 0.0151611, totNum = 2576
ROUND = 474, SUM = 8301791.99999991, bChange = 0.0151612, totNum = 2570
ROUND = 475, SUM = 8301791.99999991, bChange = 0.0151614, totNum = 2558
ROUND = 476, SUM = 8301791.99999994, bChange = 0.0151615, totNum = 2554
ROUND = 477, SUM = 8301791.99999991, bChange = 0.0151616, totNum = 2548
ROUND = 478, SUM = 8301791.99999993, bChange = 0.0151618, totNum = 2534
ROUND = 479, SUM = 8301791.99999992, bChange = 0.0151619, totNum = 2525
ROUND = 480, SUM = 8301791.99999991, bChange = 0.0151621, totNum = 2518
ROUND = 481, SUM = 8301791.99999989, bChange = 0.0151622, totNum = 2511
ROUND = 482, SUM = 8301791.99999991, bChange = 0.0151623, totNum = 2503
ROUND = 483, SUM = 8301791.99999995, bChange = 0.0151625, totNum = 2495
ROUND = 484, SUM = 8301791.99999994, bChange = 0.0151626, totNum = 2480
ROUND = 485, SUM = 8301791.9999999, bChange = 0.0151627, totNum = 2477
ROUND = 486, SUM = 8301791.99999991, bChange = 0.0151629, totNum = 2467
ROUND = 487, SUM = 8301791.99999993, bChange = 0.015163, totNum = 2462
ROUND = 488, SUM = 8301791.99999994, bChange = 0.0151631, totNum = 2456
ROUND = 489, SUM = 8301791.99999991, bChange = 0.0151632, totNum = 2443
ROUND = 490, SUM = 8301791.9999999, bChange = 0.0151634, totNum = 2432
ROUND = 491, SUM = 8301791.99999987, bChange = 0.0151635, totNum = 2426
ROUND = 492, SUM = 8301791.9999999, bChange = 0.0151636, totNum = 2419
ROUND = 493, SUM = 8301791.99999988, bChange = 0.0151637, totNum = 2409
ROUND = 494, SUM = 8301791.99999992, bChange = 0.0151638, totNum = 2400
ROUND = 495, SUM = 8301791.99999988, bChange = 0.0151639, totNum = 2391
ROUND = 496, SUM = 8301791.99999995, bChange = 0.015164, totNum = 2385
ROUND = 497, SUM = 8301791.99999994, bChange = 0.0151642, totNum = 2376
ROUND = 498, SUM = 8301791.99999992, bChange = 0.0151643, totNum = 2365
ROUND = 499, SUM = 8301791.9999999, bChange = 0.0151644, totNum = 2358
ROUND = 500, SUM = 8301791.99999991, bChange = 0.0145866, totNum = 2346
ROUND = 501, SUM = 8301791.99999994, bChange = 0.0145879, totNum = 2341
ROUND = 502, SUM = 8301791.99999998, bChange = 0.0145891, totNum = 2333
ROUND = 503, SUM = 8301791.99999991, bChange = 0.0145903, totNum = 2322
ROUND = 504, SUM = 8301791.99999994, bChange = 0.0145915, totNum = 2318
ROUND = 505, SUM = 8301791.99999989, bChange = 0.0145927, totNum = 2314
ROUND = 506, SUM = 8301791.99999993, bChange = 0.0145938, totNum = 2300
ROUND = 507, SUM = 8301791.99999993, bChange = 0.014595, totNum = 2299
ROUND = 508, SUM = 8301791.99999989, bChange = 0.0145962, totNum = 2294
ROUND = 509, SUM = 8301791.99999992, bChange = 0.0145973, totNum = 2290
ROUND = 510, SUM = 8301791.99999989, bChange = 0.0145985, totNum = 2284
ROUND = 511, SUM = 8301791.99999994, bChange = 0.0145996, totNum = 2275
ROUND = 512, SUM = 8301791.99999994, bChange = 0.0146008, totNum = 2266
ROUND = 513, SUM = 8301791.99999987, bChange = 0.0146019, totNum = 2257
ROUND = 514, SUM = 8301791.99999989, bChange = 0.014603, totNum = 2254
ROUND = 515, SUM = 8301791.99999993, bChange = 0.0146042, totNum = 2249
ROUND = 516, SUM = 8301791.99999991, bChange = 0.0146053, totNum = 2240
ROUND = 517, SUM = 8301791.99999991, bChange = 0.0146064, totNum = 2233
ROUND = 518, SUM = 8301791.99999993, bChange = 0.0146075, totNum = 2226
ROUND = 519, SUM = 8301791.99999994, bChange = 0.0146086, totNum = 2213
ROUND = 520, SUM = 8301791.99999995, bChange = 0.0146096, totNum = 2208
ROUND = 521, SUM = 8301791.99999994, bChange = 0.0146107, totNum = 2200
ROUND = 522, SUM = 8301791.99999998, bChange = 0.0146118, totNum = 2192
ROUND = 523, SUM = 8301791.9999999, bChange = 0.0146129, totNum = 2184
ROUND = 524, SUM = 8301791.99999994, bChange = 0.0146139, totNum = 2177
ROUND = 525, SUM = 8301791.99999992, bChange = 0.014615, totNum = 2171
ROUND = 526, SUM = 8301791.9999999, bChange = 0.014616, totNum = 2164
ROUND = 527, SUM = 8301791.99999997, bChange = 0.0135506, totNum = 2159
ROUND = 528, SUM = 8301791.99999991, bChange = 0.013551, totNum = 2156
ROUND = 529, SUM = 8301791.99999993, bChange = 0.0135513, totNum = 2152
ROUND = 530, SUM = 8301791.9999999, bChange = 0.0135517, totNum = 2145
ROUND = 531, SUM = 8301791.99999998, bChange = 0.0135521, totNum = 2137
ROUND = 532, SUM = 8301791.99999995, bChange = 0.0135524, totNum = 2127
ROUND = 533, SUM = 8301791.99999992, bChange = 0.0135528, totNum = 2117
ROUND = 534, SUM = 8301791.99999995, bChange = 0.0135531, totNum = 2109
ROUND = 535, SUM = 8301791.99999991, bChange = 0.0135535, totNum = 2105
ROUND = 536, SUM = 8301791.99999992, bChange = 0.0135538, totNum = 2101
ROUND = 537, SUM = 8301791.9999999, bChange = 0.0135541, totNum = 2094
ROUND = 538, SUM = 8301791.99999993, bChange = 0.0135545, totNum = 2085
ROUND = 539, SUM = 8301791.99999995, bChange = 0.0135548, totNum = 2076
ROUND = 540, SUM = 8301791.99999991, bChange = 0.0135551, totNum = 2074
ROUND = 541, SUM = 8301791.99999989, bChange = 0.0135554, totNum = 2071
ROUND = 542, SUM = 8301791.99999987, bChange = 0.0135557, totNum = 2066
ROUND = 543, SUM = 8301791.99999993, bChange = 0.013556, totNum = 2061
ROUND = 544, SUM = 8301791.99999993, bChange = 0.0135563, totNum = 2057
ROUND = 545, SUM = 8301791.99999994, bChange = 0.0135566, totNum = 2049
ROUND = 546, SUM = 8301791.99999991, bChange = 0.0135569, totNum = 2042
ROUND = 547, SUM = 8301791.99999988, bChange = 0.0135572, totNum = 2038
ROUND = 548, SUM = 8301791.99999988, bChange = 0.0135575, totNum = 2035
ROUND = 549, SUM = 8301791.99999991, bChange = 0.0135578, totNum = 2028
ROUND = 550, SUM = 8301791.99999993, bChange = 0.0135581, totNum = 2018
ROUND = 551, SUM = 8301791.99999997, bChange = 0.0135583, totNum = 2012
ROUND = 552, SUM = 8301791.99999994, bChange = 0.0135586, totNum = 2007
ROUND = 553, SUM = 8301791.99999993, bChange = 0.0135589, totNum = 2004
ROUND = 554, SUM = 8301791.99999992, bChange = 0.0135591, totNum = 1995
ROUND = 555, SUM = 8301791.99999995, bChange = 0.0135594, totNum = 1990
ROUND = 556, SUM = 8301791.99999988, bChange = 0.0135596, totNum = 1983
ROUND = 557, SUM = 8301791.99999987, bChange = 0.0135599, totNum = 1978
ROUND = 558, SUM = 8301791.99999992, bChange = 0.0135601, totNum = 1971
ROUND = 559, SUM = 8301791.99999995, bChange = 0.0135604, totNum = 1963
ROUND = 560, SUM = 8301791.99999988, bChange = 0.0135606, totNum = 1959
ROUND = 561, SUM = 8301791.99999995, bChange = 0.0135609, totNum = 1957
ROUND = 562, SUM = 8301791.99999994, bChange = 0.0135611, totNum = 1948
ROUND = 563, SUM = 8301791.99999994, bChange = 0.0135613, totNum = 1941
ROUND = 564, SUM = 8301791.99999991, bChange = 0.0135616, totNum = 1940
ROUND = 565, SUM = 8301791.99999989, bChange = 0.0128462, totNum = 1930
ROUND = 566, SUM = 8301791.99999992, bChange = 0.0128462, totNum = 1920
ROUND = 567, SUM = 8301791.99999992, bChange = 0.0128462, totNum = 1913
ROUND = 568, SUM = 8301791.99999992, bChange = 0.0128462, totNum = 1910
ROUND = 569, SUM = 8301791.99999995, bChange = 0.0128462, totNum = 1905
ROUND = 570, SUM = 8301791.99999992, bChange = 0.0128462, totNum = 1898
ROUND = 571, SUM = 8301791.99999991, bChange = 0.0128462, totNum = 1893
ROUND = 572, SUM = 8301791.99999995, bChange = 0.0128462, totNum = 1889
ROUND = 573, SUM = 8301791.99999993, bChange = 0.0128462, totNum = 1883
ROUND = 574, SUM = 8301791.99999995, bChange = 0.0128462, totNum = 1879
ROUND = 575, SUM = 8301791.99999994, bChange = 0.0128462, totNum = 1873
ROUND = 576, SUM = 8301791.99999995, bChange = 0.0128462, totNum = 1866
ROUND = 577, SUM = 8301791.99999992, bChange = 0.0128462, totNum = 1860
ROUND = 578, SUM = 8301791.99999992, bChange = 0.0128462, totNum = 1855
ROUND = 579, SUM = 8301791.99999989, bChange = 0.0128462, totNum = 1851
ROUND = 580, SUM = 8301791.9999999, bChange = 0.0128462, totNum = 1845
ROUND = 581, SUM = 8301791.99999991, bChange = 0.0128462, totNum = 1843
ROUND = 582, SUM = 8301791.9999999, bChange = 0.0128462, totNum = 1837
ROUND = 583, SUM = 8301791.99999994, bChange = 0.0128462, totNum = 1827
ROUND = 584, SUM = 8301791.99999992, bChange = 0.0128462, totNum = 1817
ROUND = 585, SUM = 8301791.99999998, bChange = 0.0128462, totNum = 1813
ROUND = 586, SUM = 8301791.99999995, bChange = 0.0128462, totNum = 1803
ROUND = 587, SUM = 8301791.99999995, bChange = 0.0128462, totNum = 1801
ROUND = 588, SUM = 8301791.99999993, bChange = 0.0128462, totNum = 1798
ROUND = 589, SUM = 8301791.99999991, bChange = 0.0128462, totNum = 1792
ROUND = 590, SUM = 8301791.99999994, bChange = 0.0128462, totNum = 1788
ROUND = 591, SUM = 8301791.99999991, bChange = 0.0128462, totNum = 1783
ROUND = 592, SUM = 8301791.99999992, bChange = 0.0128462, totNum = 1778
ROUND = 593, SUM = 8301791.99999989, bChange = 0.0128462, totNum = 1774
ROUND = 594, SUM = 8301791.99999992, bChange = 0.0128462, totNum = 1769
ROUND = 595, SUM = 8301791.99999995, bChange = 0.0128462, totNum = 1763
ROUND = 596, SUM = 8301791.99999989, bChange = 0.0128462, totNum = 1759
ROUND = 597, SUM = 8301791.99999991, bChange = 0.0128462, totNum = 1753
ROUND = 598, SUM = 8301791.99999995, bChange = 0.0128462, totNum = 1743
ROUND = 599, SUM = 8301791.99999991, bChange = 0.0128462, totNum = 1738
ROUND = 600, SUM = 8301791.9999999, bChange = 0.0128462, totNum = 1732
ROUND = 601, SUM = 8301791.99999991, bChange = 0.0128462, totNum = 1731
ROUND = 602, SUM = 8301791.99999993, bChange = 0.0128462, totNum = 1728
ROUND = 603, SUM = 8301791.99999994, bChange = 0.0128462, totNum = 1723
ROUND = 604, SUM = 8301791.9999999, bChange = 0.0128462, totNum = 1719
ROUND = 605, SUM = 8301791.99999993, bChange = 0.0128462, totNum = 1715
ROUND = 606, SUM = 8301791.99999992, bChange = 0.0128462, totNum = 1705
ROUND = 607, SUM = 8301791.99999993, bChange = 0.0128462, totNum = 1700
ROUND = 608, SUM = 8301791.99999992, bChange = 0.0128462, totNum = 1695
ROUND = 609, SUM = 8301791.9999999, bChange = 0.0128462, totNum = 1691
ROUND = 610, SUM = 8301791.99999994, bChange = 0.0128462, totNum = 1687
ROUND = 611, SUM = 8301791.99999991, bChange = 0.0128462, totNum = 1682
ROUND = 612, SUM = 8301791.99999994, bChange = 0.0128462, totNum = 1676
ROUND = 613, SUM = 8301791.99999993, bChange = 0.0128462, totNum = 1674
ROUND = 614, SUM = 8301791.99999991, bChange = 0.0128462, totNum = 1669
ROUND = 615, SUM = 8301791.99999991, bChange = 0.0128462, totNum = 1662
ROUND = 616, SUM = 8301791.99999993, bChange = 0.0128462, totNum = 1653
ROUND = 617, SUM = 8301791.99999988, bChange = 0.0128462, totNum = 1649
ROUND = 618, SUM = 8301791.99999993, bChange = 0.0128462, totNum = 1647
ROUND = 619, SUM = 8301791.9999999, bChange = 0.0128462, totNum = 1646
ROUND = 620, SUM = 8301791.99999992, bChange = 0.0128462, totNum = 1643
ROUND = 621, SUM = 8301791.99999992, bChange = 0.0128462, totNum = 1641
ROUND = 622, SUM = 8301791.99999989, bChange = 0.0128463, totNum = 1640
ROUND = 623, SUM = 8301791.99999991, bChange = 0.0128463, totNum = 1639
ROUND = 624, SUM = 8301791.99999993, bChange = 0.0128463, totNum = 1635
ROUND = 625, SUM = 8301791.99999991, bChange = 0.0128463, totNum = 1632
ROUND = 626, SUM = 8301791.99999997, bChange = 0.0128463, totNum = 1628
ROUND = 627, SUM = 8301791.99999991, bChange = 0.0128463, totNum = 1621
ROUND = 628, SUM = 8301791.99999992, bChange = 0.0128463, totNum = 1619
ROUND = 629, SUM = 8301791.99999992, bChange = 0.0128463, totNum = 1617
ROUND = 630, SUM = 8301791.99999993, bChange = 0.0128463, totNum = 1613
ROUND = 631, SUM = 8301791.99999996, bChange = 0.0128463, totNum = 1608
ROUND = 632, SUM = 8301791.99999991, bChange = 0.0128463, totNum = 1605
ROUND = 633, SUM = 8301791.9999999, bChange = 0.0128463, totNum = 1601
ROUND = 634, SUM = 8301791.9999999, bChange = 0.0128463, totNum = 1597
ROUND = 635, SUM = 8301791.99999992, bChange = 0.0128463, totNum = 1594
ROUND = 636, SUM = 8301791.99999993, bChange = 0.0128463, totNum = 1591
ROUND = 637, SUM = 8301791.9999999, bChange = 0.0128463, totNum = 1588
ROUND = 638, SUM = 8301791.99999996, bChange = 0.0128463, totNum = 1587
ROUND = 639, SUM = 8301791.99999993, bChange = 0.0128463, totNum = 1584
ROUND = 640, SUM = 8301791.99999992, bChange = 0.0128463, totNum = 1579
ROUND = 641, SUM = 8301791.9999999, bChange = 0.0128463, totNum = 1573
ROUND = 642, SUM = 8301791.99999993, bChange = 0.0128463, totNum = 1571
ROUND = 643, SUM = 8301791.9999999, bChange = 0.0128463, totNum = 1568
ROUND = 644, SUM = 8301791.99999987, bChange = 0.0128463, totNum = 1561
ROUND = 645, SUM = 8301791.99999991, bChange = 0.0128463, totNum = 1556
ROUND = 646, SUM = 8301791.99999992, bChange = 0.0128463, totNum = 1551
ROUND = 647, SUM = 8301791.9999999, bChange = 0.0128463, totNum = 1545
ROUND = 648, SUM = 8301791.99999992, bChange = 0.0128463, totNum = 1543
ROUND = 649, SUM = 8301791.99999993, bChange = 0.0128463, totNum = 1537
ROUND = 650, SUM = 8301791.99999994, bChange = 0.0128463, totNum = 1532
ROUND = 651, SUM = 8301791.99999989, bChange = 0.0128463, totNum = 1532
ROUND = 652, SUM = 8301791.99999993, bChange = 0.0128463, totNum = 1532
ROUND = 653, SUM = 8301791.99999996, bChange = 0.0128463, totNum = 1529
ROUND = 654, SUM = 8301791.99999994, bChange = 0.0128463, totNum = 1528
ROUND = 655, SUM = 8301791.99999995, bChange = 0.0128463, totNum = 1525
ROUND = 656, SUM = 8301791.99999992, bChange = 0.0128463, totNum = 1519
ROUND = 657, SUM = 8301791.99999993, bChange = 0.0128463, totNum = 1517
ROUND = 658, SUM = 8301791.99999995, bChange = 0.0128463, totNum = 1512
ROUND = 659, SUM = 8301791.99999989, bChange = 0.0128463, totNum = 1509
ROUND = 660, SUM = 8301791.99999992, bChange = 0.0128463, totNum = 1508
ROUND = 661, SUM = 8301791.99999992, bChange = 0.0128463, totNum = 1503
ROUND = 662, SUM = 8301791.99999993, bChange = 0.0128463, totNum = 1499
ROUND = 663, SUM = 8301791.99999996, bChange = 0.0128463, totNum = 1497
ROUND = 664, SUM = 8301791.99999993, bChange = 0.0128463, totNum = 1492
ROUND = 665, SUM = 8301791.99999995, bChange = 0.0128463, totNum = 1488
ROUND = 666, SUM = 8301791.99999993, bChange = 0.0128463, totNum = 1481
ROUND = 667, SUM = 8301791.99999996, bChange = 0.0128463, totNum = 1477
ROUND = 668, SUM = 8301791.99999992, bChange = 0.0128463, totNum = 1469
ROUND = 669, SUM = 8301791.99999989, bChange = 0.0128463, totNum = 1466
ROUND = 670, SUM = 8301791.99999993, bChange = 0.0128463, totNum = 1460
ROUND = 671, SUM = 8301791.99999992, bChange = 0.0128463, totNum = 1452
ROUND = 672, SUM = 8301791.99999996, bChange = 0.0128463, totNum = 1447
ROUND = 673, SUM = 8301791.99999991, bChange = 0.0128463, totNum = 1445
ROUND = 674, SUM = 8301791.99999993, bChange = 0.0128463, totNum = 1439
ROUND = 675, SUM = 8301791.99999993, bChange = 0.0128463, totNum = 1436
ROUND = 676, SUM = 8301791.99999996, bChange = 0.0128463, totNum = 1432
ROUND = 677, SUM = 8301791.99999995, bChange = 0.0128463, totNum = 1428
ROUND = 678, SUM = 8301791.99999996, bChange = 0.0108151, totNum = 1425
ROUND = 679, SUM = 8301791.99999992, bChange = 0.0108151, totNum = 1424
ROUND = 680, SUM = 8301791.99999991, bChange = 0.0108151, totNum = 1418
ROUND = 681, SUM = 8301791.99999992, bChange = 0.010815, totNum = 1416
ROUND = 682, SUM = 8301791.99999995, bChange = 0.010815, totNum = 1412
ROUND = 683, SUM = 8301791.99999993, bChange = 0.010815, totNum = 1410
ROUND = 684, SUM = 8301791.99999994, bChange = 0.010815, totNum = 1404
ROUND = 685, SUM = 8301791.99999997, bChange = 0.010815, totNum = 1397
ROUND = 686, SUM = 8301791.99999997, bChange = 0.010815, totNum = 1396
ROUND = 687, SUM = 8301791.99999994, bChange = 0.010815, totNum = 1391
ROUND = 688, SUM = 8301791.99999994, bChange = 0.010815, totNum = 1385
ROUND = 689, SUM = 8301791.99999997, bChange = 0.010815, totNum = 1384
ROUND = 690, SUM = 8301791.99999996, bChange = 0.0108149, totNum = 1382
ROUND = 691, SUM = 8301791.99999991, bChange = 0.0108149, totNum = 1375
ROUND = 692, SUM = 8301791.99999994, bChange = 0.0108149, totNum = 1373
ROUND = 693, SUM = 8301791.99999995, bChange = 0.0108149, totNum = 1368
ROUND = 694, SUM = 8301791.99999995, bChange = 0.0108149, totNum = 1366
ROUND = 695, SUM = 8301791.99999996, bChange = 0.0108149, totNum = 1364
ROUND = 696, SUM = 8301791.99999994, bChange = 0.0108149, totNum = 1362
ROUND = 697, SUM = 8301791.99999996, bChange = 0.0108149, totNum = 1359
ROUND = 698, SUM = 8301791.99999997, bChange = 0.0108149, totNum = 1356
ROUND = 699, SUM = 8301791.99999995, bChange = 0.0108148, totNum = 1350
ROUND = 700, SUM = 8301791.99999995, bChange = 0.0108148, totNum = 1350
ROUND = 701, SUM = 8301791.99999993, bChange = 0.0108148, totNum = 1346
ROUND = 702, SUM = 8301791.99999997, bChange = 0.0108148, totNum = 1342
ROUND = 703, SUM = 8301791.99999993, bChange = 0.0108148, totNum = 1340
ROUND = 704, SUM = 8301791.99999991, bChange = 0.0108148, totNum = 1337
ROUND = 705, SUM = 8301791.99999991, bChange = 0.0108148, totNum = 1336
ROUND = 706, SUM = 8301791.99999992, bChange = 0.0108148, totNum = 1332
ROUND = 707, SUM = 8301791.99999996, bChange = 0.0108148, totNum = 1329
ROUND = 708, SUM = 8301791.99999995, bChange = 0.0108148, totNum = 1326
ROUND = 709, SUM = 8301791.99999998, bChange = 0.0108147, totNum = 1320
ROUND = 710, SUM = 8301791.99999993, bChange = 0.0108147, totNum = 1319
ROUND = 711, SUM = 8301791.9999999, bChange = 0.0108147, totNum = 1318
ROUND = 712, SUM = 8301791.99999996, bChange = 0.0108147, totNum = 1315
ROUND = 713, SUM = 8301791.99999994, bChange = 0.0108147, totNum = 1312
ROUND = 714, SUM = 8301791.99999992, bChange = 0.0108147, totNum = 1307
ROUND = 715, SUM = 8301791.99999994, bChange = 0.0108147, totNum = 1306
ROUND = 716, SUM = 8301791.99999999, bChange = 0.0108147, totNum = 1303
ROUND = 717, SUM = 8301791.99999995, bChange = 0.0108147, totNum = 1299
ROUND = 718, SUM = 8301791.99999994, bChange = 0.0108147, totNum = 1294
ROUND = 719, SUM = 8301791.99999993, bChange = 0.0108146, totNum = 1290
ROUND = 720, SUM = 8301791.99999993, bChange = 0.0108146, totNum = 1287
ROUND = 721, SUM = 8301791.99999994, bChange = 0.0108146, totNum = 1285
ROUND = 722, SUM = 8301791.99999993, bChange = 0.0108146, totNum = 1280
ROUND = 723, SUM = 8301791.99999993, bChange = 0.0108146, totNum = 1279
ROUND = 724, SUM = 8301791.99999996, bChange = 0.0108146, totNum = 1272
ROUND = 725, SUM = 8301791.99999993, bChange = 0.0108146, totNum = 1270
ROUND = 726, SUM = 8301791.99999995, bChange = 0.0108146, totNum = 1266
ROUND = 727, SUM = 8301791.99999994, bChange = 0.0108146, totNum = 1265
ROUND = 728, SUM = 8301791.99999992, bChange = 0.0108146, totNum = 1264
ROUND = 729, SUM = 8301791.99999993, bChange = 0.0108146, totNum = 1262
ROUND = 730, SUM = 8301791.99999998, bChange = 0.0108165, totNum = 1259
ROUND = 731, SUM = 8301791.99999993, bChange = 0.0108145, totNum = 1258
ROUND = 732, SUM = 8301791.99999995, bChange = 0.0108145, totNum = 1256
ROUND = 733, SUM = 8301791.99999994, bChange = 0.0108145, totNum = 1253
ROUND = 734, SUM = 8301791.99999995, bChange = 0.0108145, totNum = 1251
ROUND = 735, SUM = 8301791.99999991, bChange = 0.00901184, totNum = 1244
ROUND = 736, SUM = 8301791.99999994, bChange = 0.00901199, totNum = 1239
ROUND = 737, SUM = 8301791.99999995, bChange = 0.00901214, totNum = 1237
ROUND = 738, SUM = 8301791.99999995, bChange = 0.00901229, totNum = 1235
ROUND = 739, SUM = 8301791.99999995, bChange = 0.00901244, totNum = 1232
ROUND = 740, SUM = 8301791.99999994, bChange = 0.00901258, totNum = 1230
ROUND = 741, SUM = 8301791.99999994, bChange = 0.00901273, totNum = 1229
ROUND = 742, SUM = 8301791.99999988, bChange = 0.00901287, totNum = 1226
ROUND = 743, SUM = 8301791.99999994, bChange = 0.00901301, totNum = 1222
ROUND = 744, SUM = 8301791.99999996, bChange = 0.00901315, totNum = 1220
ROUND = 745, SUM = 8301791.99999994, bChange = 0.00901329, totNum = 1216
ROUND = 746, SUM = 8301791.99999994, bChange = 0.00901343, totNum = 1212
ROUND = 747, SUM = 8301791.99999996, bChange = 0.00901357, totNum = 1211
ROUND = 748, SUM = 8301791.99999994, bChange = 0.0090137, totNum = 1207
ROUND = 749, SUM = 8301791.99999996, bChange = 0.00901384, totNum = 1200
ROUND = 750, SUM = 8301791.99999997, bChange = 0.00901397, totNum = 1198
ROUND = 751, SUM = 8301791.99999999, bChange = 0.0090141, totNum = 1193
ROUND = 752, SUM = 8301791.99999998, bChange = 0.00901423, totNum = 1191
ROUND = 753, SUM = 8301791.99999994, bChange = 0.00901436, totNum = 1189
ROUND = 754, SUM = 8301791.99999998, bChange = 0.00901449, totNum = 1187
ROUND = 755, SUM = 8301791.99999993, bChange = 0.00901462, totNum = 1185
ROUND = 756, SUM = 8301791.99999992, bChange = 0.00901474, totNum = 1183
ROUND = 757, SUM = 8301791.99999996, bChange = 0.00901487, totNum = 1178
ROUND = 758, SUM = 8301791.99999998, bChange = 0.00901499, totNum = 1175
ROUND = 759, SUM = 8301791.99999996, bChange = 0.00901511, totNum = 1172
ROUND = 760, SUM = 8301791.99999997, bChange = 0.00901524, totNum = 1170
ROUND = 761, SUM = 8301791.99999995, bChange = 0.00901536, totNum = 1165
ROUND = 762, SUM = 8301791.99999997, bChange = 0.00901548, totNum = 1160
ROUND = 763, SUM = 8301791.99999996, bChange = 0.00901559, totNum = 1159
ROUND = 764, SUM = 8301791.99999994, bChange = 0.00901571, totNum = 1157
ROUND = 765, SUM = 8301791.99999994, bChange = 0.00901583, totNum = 1155
ROUND = 766, SUM = 8301791.99999995, bChange = 0.00901594, totNum = 1152
ROUND = 767, SUM = 8301791.99999994, bChange = 0.00901606, totNum = 1150
ROUND = 768, SUM = 8301791.99999993, bChange = 0.00901617, totNum = 1148
ROUND = 769, SUM = 8301791.99999994, bChange = 0.00901628, totNum = 1146
ROUND = 770, SUM = 8301791.99999995, bChange = 0.00901639, totNum = 1144
ROUND = 771, SUM = 8301791.99999993, bChange = 0.0090165, totNum = 1142
ROUND = 772, SUM = 8301791.99999992, bChange = 0.00901661, totNum = 1138
ROUND = 773, SUM = 8301791.9999999, bChange = 0.00901672, totNum = 1133
ROUND = 774, SUM = 8301791.99999994, bChange = 0.00901683, totNum = 1127
ROUND = 775, SUM = 8301791.99999992, bChange = 0.00901693, totNum = 1125
ROUND = 776, SUM = 8301791.99999992, bChange = 0.00901704, totNum = 1124
ROUND = 777, SUM = 8301791.99999994, bChange = 0.00901714, totNum = 1121
ROUND = 778, SUM = 8301791.99999993, bChange = 0.00901724, totNum = 1120
ROUND = 779, SUM = 8301791.99999993, bChange = 0.00901735, totNum = 1116
ROUND = 780, SUM = 8301791.99999995, bChange = 0.00901745, totNum = 1115
ROUND = 781, SUM = 8301791.99999994, bChange = 0.00901755, totNum = 1111
ROUND = 782, SUM = 8301791.99999995, bChange = 0.00901765, totNum = 1109
ROUND = 783, SUM = 8301791.99999997, bChange = 0.00901775, totNum = 1106
ROUND = 784, SUM = 8301791.99999989, bChange = 0.00901785, totNum = 1103
ROUND = 785, SUM = 8301791.99999995, bChange = 0.00901794, totNum = 1101
ROUND = 786, SUM = 8301791.99999994, bChange = 0.00901804, totNum = 1098
ROUND = 787, SUM = 8301792.00000001, bChange = 0.00901813, totNum = 1095
ROUND = 788, SUM = 8301791.99999995, bChange = 0.00901823, totNum = 1094
ROUND = 789, SUM = 8301791.99999996, bChange = 0.00901832, totNum = 1090
ROUND = 790, SUM = 8301791.99999992, bChange = 0.00901841, totNum = 1090
ROUND = 791, SUM = 8301791.99999994, bChange = 0.00901851, totNum = 1086
ROUND = 792, SUM = 8301791.99999996, bChange = 0.0090186, totNum = 1082
ROUND = 793, SUM = 8301791.99999997, bChange = 0.00901869, totNum = 1080
ROUND = 794, SUM = 8301791.99999996, bChange = 0.00901878, totNum = 1076
ROUND = 795, SUM = 8301791.99999992, bChange = 0.00901886, totNum = 1074
ROUND = 796, SUM = 8301791.99999994, bChange = 0.00901895, totNum = 1070
ROUND = 797, SUM = 8301791.99999999, bChange = 0.00901904, totNum = 1069
ROUND = 798, SUM = 8301791.99999995, bChange = 0.00832502, totNum = 1066
ROUND = 799, SUM = 8301791.99999994, bChange = 0.00832585, totNum = 1064
ROUND = 800, SUM = 8301791.99999994, bChange = 0.00832667, totNum = 1063
ROUND = 801, SUM = 8301791.99999991, bChange = 0.00832749, totNum = 1062
ROUND = 802, SUM = 8301791.99999995, bChange = 0.0083283, totNum = 1061
ROUND = 803, SUM = 8301791.99999994, bChange = 0.0083291, totNum = 1060
ROUND = 804, SUM = 8301791.99999987, bChange = 0.0083299, totNum = 1057
ROUND = 805, SUM = 8301791.99999992, bChange = 0.0083307, totNum = 1055
ROUND = 806, SUM = 8301791.99999991, bChange = 0.00833149, totNum = 1054
ROUND = 807, SUM = 8301791.99999993, bChange = 0.00833228, totNum = 1046
ROUND = 808, SUM = 8301791.99999995, bChange = 0.00833306, totNum = 1042
ROUND = 809, SUM = 8301791.99999996, bChange = 0.00833383, totNum = 1039
ROUND = 810, SUM = 8301791.99999996, bChange = 0.0083346, totNum = 1037
ROUND = 811, SUM = 8301791.99999994, bChange = 0.00786038, totNum = 1034
ROUND = 812, SUM = 8301791.99999996, bChange = 0.0078604, totNum = 1032
ROUND = 813, SUM = 8301791.99999992, bChange = 0.00786042, totNum = 1031
ROUND = 814, SUM = 8301791.99999996, bChange = 0.00786044, totNum = 1030
ROUND = 815, SUM = 8301791.99999997, bChange = 0.00786046, totNum = 1026
ROUND = 816, SUM = 8301791.99999993, bChange = 0.00786048, totNum = 1024
ROUND = 817, SUM = 8301791.99999995, bChange = 0.0078605, totNum = 1019
ROUND = 818, SUM = 8301791.99999994, bChange = 0.00786052, totNum = 1017
ROUND = 819, SUM = 8301791.99999993, bChange = 0.00786054, totNum = 1015
ROUND = 820, SUM = 8301791.99999997, bChange = 0.00786056, totNum = 1013
ROUND = 821, SUM = 8301791.99999996, bChange = 0.00786059, totNum = 1009
ROUND = 822, SUM = 8301791.99999997, bChange = 0.00786061, totNum = 1009
ROUND = 823, SUM = 8301791.99999994, bChange = 0.00786063, totNum = 1009
ROUND = 824, SUM = 8301791.99999996, bChange = 0.00786065, totNum = 1008
ROUND = 825, SUM = 8301791.99999994, bChange = 0.00786068, totNum = 1006
ROUND = 826, SUM = 8301791.99999998, bChange = 0.0078607, totNum = 1006
ROUND = 827, SUM = 8301791.99999998, bChange = 0.00786073, totNum = 1004
ROUND = 828, SUM = 8301791.99999999, bChange = 0.00786075, totNum = 1002
ROUND = 829, SUM = 8301791.99999993, bChange = 0.00786077, totNum = 1000
ROUND = 830, SUM = 8301791.99999998, bChange = 0.0078608, totNum = 998
ROUND = 831, SUM = 8301791.99999997, bChange = 0.00786082, totNum = 993
ROUND = 832, SUM = 8301791.99999992, bChange = 0.00786085, totNum = 989
ROUND = 833, SUM = 8301791.99999993, bChange = 0.00786088, totNum = 989
ROUND = 834, SUM = 8301791.99999995, bChange = 0.0078609, totNum = 988
ROUND = 835, SUM = 8301791.99999996, bChange = 0.00718145, totNum = 984
ROUND = 836, SUM = 8301791.99999993, bChange = 0.0071814, totNum = 982
ROUND = 837, SUM = 8301791.99999993, bChange = 0.00718135, totNum = 980
ROUND = 838, SUM = 8301791.99999994, bChange = 0.0071813, totNum = 978
ROUND = 839, SUM = 8301791.99999996, bChange = 0.00718125, totNum = 975
ROUND = 840, SUM = 8301791.99999998, bChange = 0.0071812, totNum = 972
ROUND = 841, SUM = 8301791.99999995, bChange = 0.00718115, totNum = 970
ROUND = 842, SUM = 8301791.99999994, bChange = 0.00718111, totNum = 967
ROUND = 843, SUM = 8301791.99999994, bChange = 0.00718106, totNum = 964
ROUND = 844, SUM = 8301791.99999995, bChange = 0.00718101, totNum = 963
ROUND = 845, SUM = 8301791.99999996, bChange = 0.00718097, totNum = 962
ROUND = 846, SUM = 8301791.99999995, bChange = 0.00718092, totNum = 960
ROUND = 847, SUM = 8301791.99999997, bChange = 0.00718088, totNum = 957
ROUND = 848, SUM = 8301791.99999993, bChange = 0.00718083, totNum = 954
ROUND = 849, SUM = 8301791.99999995, bChange = 0.00718078, totNum = 951
ROUND = 850, SUM = 8301791.99999999, bChange = 0.00718074, totNum = 949
ROUND = 851, SUM = 8301791.99999996, bChange = 0.0071807, totNum = 947
ROUND = 852, SUM = 8301791.99999996, bChange = 0.00718065, totNum = 941
ROUND = 853, SUM = 8301792.00000001, bChange = 0.00718061, totNum = 940
ROUND = 854, SUM = 8301791.99999995, bChange = 0.00718056, totNum = 937
ROUND = 855, SUM = 8301791.9999999, bChange = 0.00718052, totNum = 937
ROUND = 856, SUM = 8301791.99999996, bChange = 0.00718048, totNum = 936
ROUND = 857, SUM = 8301791.99999997, bChange = 0.00718044, totNum = 934
ROUND = 858, SUM = 8301791.99999996, bChange = 0.00718039, totNum = 932
ROUND = 859, SUM = 8301791.99999997, bChange = 0.00718035, totNum = 930
ROUND = 860, SUM = 8301791.99999996, bChange = 0.00718031, totNum = 928
ROUND = 861, SUM = 8301791.99999999, bChange = 0.00718027, totNum = 927
ROUND = 862, SUM = 8301791.99999997, bChange = 0.00718023, totNum = 924
ROUND = 863, SUM = 8301791.99999994, bChange = 0.00718019, totNum = 921
ROUND = 864, SUM = 8301791.99999998, bChange = 0.00718014, totNum = 919
ROUND = 865, SUM = 8301791.99999999, bChange = 0.0071801, totNum = 918
ROUND = 866, SUM = 8301791.99999996, bChange = 0.00718006, totNum = 913
ROUND = 867, SUM = 8301791.99999991, bChange = 0.00718002, totNum = 912
ROUND = 868, SUM = 8301791.99999994, bChange = 0.00717998, totNum = 912
ROUND = 869, SUM = 8301791.99999994, bChange = 0.00717995, totNum = 910
ROUND = 870, SUM = 8301791.99999996, bChange = 0.00717991, totNum = 906
ROUND = 871, SUM = 8301791.99999996, bChange = 0.00717987, totNum = 905
ROUND = 872, SUM = 8301791.99999999, bChange = 0.00717983, totNum = 903
ROUND = 873, SUM = 8301791.99999997, bChange = 0.00717979, totNum = 903
ROUND = 874, SUM = 8301791.99999993, bChange = 0.00717975, totNum = 899
ROUND = 875, SUM = 8301791.99999997, bChange = 0.00717972, totNum = 898
ROUND = 876, SUM = 8301791.99999995, bChange = 0.00717968, totNum = 897
ROUND = 877, SUM = 8301791.99999998, bChange = 0.00717964, totNum = 896
ROUND = 878, SUM = 8301791.99999996, bChange = 0.0071796, totNum = 894
ROUND = 879, SUM = 8301791.99999996, bChange = 0.00717957, totNum = 892
ROUND = 880, SUM = 8301791.99999998, bChange = 0.00717953, totNum = 891
ROUND = 881, SUM = 8301791.99999995, bChange = 0.0071795, totNum = 888
ROUND = 882, SUM = 8301791.99999995, bChange = 0.00717946, totNum = 886
ROUND = 883, SUM = 8301791.99999995, bChange = 0.00717942, totNum = 885
ROUND = 884, SUM = 8301791.99999999, bChange = 0.00717939, totNum = 881
ROUND = 885, SUM = 8301791.99999998, bChange = 0.00717935, totNum = 879
ROUND = 886, SUM = 8301791.99999994, bChange = 0.00717932, totNum = 877
ROUND = 887, SUM = 8301791.99999999, bChange = 0.00717928, totNum = 876
ROUND = 888, SUM = 8301791.99999999, bChange = 0.00717925, totNum = 876
ROUND = 889, SUM = 8301791.99999995, bChange = 0.00717922, totNum = 874
ROUND = 890, SUM = 8301791.99999998, bChange = 0.00717918, totNum = 871
ROUND = 891, SUM = 8301791.99999993, bChange = 0.00717915, totNum = 866
ROUND = 892, SUM = 8301791.99999998, bChange = 0.00717912, totNum = 866
ROUND = 893, SUM = 8301791.99999995, bChange = 0.00717908, totNum = 863
ROUND = 894, SUM = 8301791.99999998, bChange = 0.00717905, totNum = 861
ROUND = 895, SUM = 8301791.99999999, bChange = 0.00717902, totNum = 860
ROUND = 896, SUM = 8301791.99999997, bChange = 0.00717898, totNum = 857
ROUND = 897, SUM = 8301791.99999995, bChange = 0.00717895, totNum = 855
ROUND = 898, SUM = 8301791.99999998, bChange = 0.00717892, totNum = 854
ROUND = 899, SUM = 8301791.99999997, bChange = 0.00717889, totNum = 851
ROUND = 900, SUM = 8301791.99999995, bChange = 0.00717886, totNum = 850
ROUND = 901, SUM = 8301791.99999998, bChange = 0.00717883, totNum = 849
ROUND = 902, SUM = 8301791.99999997, bChange = 0.00717879, totNum = 845
ROUND = 903, SUM = 8301791.99999996, bChange = 0.00717876, totNum = 843
ROUND = 904, SUM = 8301791.99999995, bChange = 0.00717873, totNum = 839
ROUND = 905, SUM = 8301791.99999995, bChange = 0.0071787, totNum = 838
ROUND = 906, SUM = 8301791.99999996, bChange = 0.00717867, totNum = 834
ROUND = 907, SUM = 8301791.99999996, bChange = 0.00717864, totNum = 831
ROUND = 908, SUM = 8301791.99999995, bChange = 0.00717861, totNum = 830
ROUND = 909, SUM = 8301791.99999995, bChange = 0.00717858, totNum = 826
ROUND = 910, SUM = 8301791.99999994, bChange = 0.00717855, totNum = 826
ROUND = 911, SUM = 8301791.99999996, bChange = 0.00717852, totNum = 826
ROUND = 912, SUM = 8301791.99999996, bChange = 0.0071785, totNum = 825
ROUND = 913, SUM = 8301791.99999996, bChange = 0.00717847, totNum = 823
ROUND = 914, SUM = 8301791.99999993, bChange = 0.00717844, totNum = 822
ROUND = 915, SUM = 8301791.99999996, bChange = 0.00717841, totNum = 820
ROUND = 916, SUM = 8301791.99999997, bChange = 0.00717838, totNum = 814
ROUND = 917, SUM = 8301791.99999994, bChange = 0.00717835, totNum = 811
ROUND = 918, SUM = 8301791.99999996, bChange = 0.00717833, totNum = 811
ROUND = 919, SUM = 8301791.99999997, bChange = 0.0071783, totNum = 807
ROUND = 920, SUM = 8301791.99999998, bChange = 0.00717827, totNum = 806
ROUND = 921, SUM = 8301791.99999998, bChange = 0.00717824, totNum = 803
ROUND = 922, SUM = 8301791.99999995, bChange = 0.00717822, totNum = 803
ROUND = 923, SUM = 8301791.99999995, bChange = 0.00717819, totNum = 799
ROUND = 924, SUM = 8301791.99999999, bChange = 0.00717816, totNum = 799
ROUND = 925, SUM = 8301791.99999996, bChange = 0.00717814, totNum = 796
ROUND = 926, SUM = 8301791.99999996, bChange = 0.00717811, totNum = 793
ROUND = 927, SUM = 8301791.99999995, bChange = 0.00717808, totNum = 791
ROUND = 928, SUM = 8301791.99999997, bChange = 0.00717806, totNum = 789
ROUND = 929, SUM = 8301791.99999996, bChange = 0.00717803, totNum = 788
ROUND = 930, SUM = 8301791.99999993, bChange = 0.00717801, totNum = 787
ROUND = 931, SUM = 8301791.99999998, bChange = 0.00717798, totNum = 787
ROUND = 932, SUM = 8301791.99999996, bChange = 0.00717796, totNum = 783
ROUND = 933, SUM = 8301791.99999995, bChange = 0.00717793, totNum = 782
ROUND = 934, SUM = 8301791.99999994, bChange = 0.00717791, totNum = 779
ROUND = 935, SUM = 8301791.99999994, bChange = 0.00717788, totNum = 777
ROUND = 936, SUM = 8301791.99999996, bChange = 0.00717786, totNum = 776
ROUND = 937, SUM = 8301791.99999993, bChange = 0.00717783, totNum = 775
ROUND = 938, SUM = 8301792.00000001, bChange = 0.00717781, totNum = 774
ROUND = 939, SUM = 8301791.99999997, bChange = 0.00717779, totNum = 773
ROUND = 940, SUM = 8301791.99999994, bChange = 0.00717776, totNum = 771
ROUND = 941, SUM = 8301791.99999993, bChange = 0.00717774, totNum = 765
ROUND = 942, SUM = 8301791.99999992, bChange = 0.00717772, totNum = 765
ROUND = 943, SUM = 8301791.99999995, bChange = 0.00717769, totNum = 765
ROUND = 944, SUM = 8301791.99999998, bChange = 0.00717767, totNum = 761
ROUND = 945, SUM = 8301791.99999995, bChange = 0.00717765, totNum = 760
ROUND = 946, SUM = 8301791.99999995, bChange = 0.00717762, totNum = 758
ROUND = 947, SUM = 8301791.99999995, bChange = 0.0071776, totNum = 753
ROUND = 948, SUM = 8301791.99999993, bChange = 0.00717758, totNum = 751
ROUND = 949, SUM = 8301791.99999997, bChange = 0.00717756, totNum = 750
ROUND = 950, SUM = 8301791.99999997, bChange = 0.00717753, totNum = 750
ROUND = 951, SUM = 8301791.99999997, bChange = 0.00717751, totNum = 748
ROUND = 952, SUM = 8301791.99999995, bChange = 0.00717749, totNum = 746
ROUND = 953, SUM = 8301791.99999997, bChange = 0.00717747, totNum = 743
ROUND = 954, SUM = 8301791.99999996, bChange = 0.00668379, totNum = 740
ROUND = 955, SUM = 8301791.99999994, bChange = 0.00668371, totNum = 739
ROUND = 956, SUM = 8301791.99999995, bChange = 0.00668363, totNum = 739
ROUND = 957, SUM = 8301791.99999996, bChange = 0.00668355, totNum = 739
ROUND = 958, SUM = 8301791.99999999, bChange = 0.00668347, totNum = 739
ROUND = 959, SUM = 8301791.99999995, bChange = 0.00668339, totNum = 739
ROUND = 960, SUM = 8301791.99999999, bChange = 0.00668332, totNum = 736
ROUND = 961, SUM = 8301791.99999994, bChange = 0.00668324, totNum = 734
ROUND = 962, SUM = 8301791.99999997, bChange = 0.00668316, totNum = 731
ROUND = 963, SUM = 8301791.99999993, bChange = 0.00668308, totNum = 728
ROUND = 964, SUM = 8301791.99999995, bChange = 0.00668301, totNum = 725
ROUND = 965, SUM = 8301791.99999998, bChange = 0.00668293, totNum = 722
ROUND = 966, SUM = 8301791.99999993, bChange = 0.00668286, totNum = 721
ROUND = 967, SUM = 8301791.99999993, bChange = 0.00668278, totNum = 720
ROUND = 968, SUM = 8301791.99999997, bChange = 0.00668271, totNum = 719
ROUND = 969, SUM = 8301791.99999996, bChange = 0.00668264, totNum = 719
ROUND = 970, SUM = 8301791.99999995, bChange = 0.00668256, totNum = 718
ROUND = 971, SUM = 8301792, bChange = 0.00668249, totNum = 716
ROUND = 972, SUM = 8301791.99999997, bChange = 0.00668242, totNum = 711
ROUND = 973, SUM = 8301791.99999994, bChange = 0.00668235, totNum = 708
ROUND = 974, SUM = 8301791.99999997, bChange = 0.00668228, totNum = 708
ROUND = 975, SUM = 8301791.99999996, bChange = 0.00668221, totNum = 704
ROUND = 976, SUM = 8301791.99999994, bChange = 0.00668214, totNum = 703
ROUND = 977, SUM = 8301791.99999997, bChange = 0.00668207, totNum = 702
ROUND = 978, SUM = 8301791.99999996, bChange = 0.006682, totNum = 700
ROUND = 979, SUM = 8301791.99999997, bChange = 0.00668193, totNum = 700
ROUND = 980, SUM = 8301791.99999997, bChange = 0.00668186, totNum = 695
ROUND = 981, SUM = 8301791.99999993, bChange = 0.00668179, totNum = 692
ROUND = 982, SUM = 8301791.99999996, bChange = 0.00668173, totNum = 691
ROUND = 983, SUM = 8301791.99999996, bChange = 0.00668166, totNum = 689
ROUND = 984, SUM = 8301791.99999996, bChange = 0.00668159, totNum = 687
ROUND = 985, SUM = 8301791.99999997, bChange = 0.00668153, totNum = 685
ROUND = 986, SUM = 8301791.99999993, bChange = 0.00668146, totNum = 685
ROUND = 987, SUM = 8301791.99999996, bChange = 0.0066814, totNum = 680
ROUND = 988, SUM = 8301791.99999995, bChange = 0.00668133, totNum = 679
ROUND = 989, SUM = 8301791.99999996, bChange = 0.00668127, totNum = 676
ROUND = 990, SUM = 8301791.99999996, bChange = 0.0066812, totNum = 675
ROUND = 991, SUM = 8301791.99999996, bChange = 0.00668114, totNum = 673
ROUND = 992, SUM = 8301791.99999996, bChange = 0.00668108, totNum = 672
ROUND = 993, SUM = 8301791.99999999, bChange = 0.00668101, totNum = 668
ROUND = 994, SUM = 8301791.99999996, bChange = 0.00668095, totNum = 665
ROUND = 995, SUM = 8301791.99999994, bChange = 0.00668089, totNum = 664
ROUND = 996, SUM = 8301791.99999999, bChange = 0.00668083, totNum = 663
ROUND = 997, SUM = 8301791.99999996, bChange = 0.00668077, totNum = 662
ROUND = 998, SUM = 8301791.99999996, bChange = 0.00668071, totNum = 659
ROUND = 999, SUM = 8301791.99999995, bChange = 0.00668065, totNum = 659
ROUND = 1000, SUM = 8301791.99999991, bChange = 0.00668059, totNum = 658
ROUND = 1001, SUM = 8301791.99999994, bChange = 0.00668053, totNum = 658
ROUND = 1002, SUM = 8301791.99999993, bChange = 0.00668047, totNum = 656
ROUND = 1003, SUM = 8301791.99999997, bChange = 0.00668041, totNum = 654
ROUND = 1004, SUM = 8301791.99999996, bChange = 0.00668035, totNum = 653
ROUND = 1005, SUM = 8301791.99999995, bChange = 0.0066803, totNum = 652
ROUND = 1006, SUM = 8301791.99999996, bChange = 0.00668024, totNum = 651
ROUND = 1007, SUM = 8301791.99999996, bChange = 0.00668018, totNum = 648
ROUND = 1008, SUM = 8301791.99999997, bChange = 0.00668013, totNum = 646
ROUND = 1009, SUM = 8301791.99999995, bChange = 0.00668007, totNum = 645
ROUND = 1010, SUM = 8301791.99999994, bChange = 0.00668001, totNum = 645
ROUND = 1011, SUM = 8301791.99999992, bChange = 0.00667996, totNum = 644
ROUND = 1012, SUM = 8301791.99999995, bChange = 0.0066799, totNum = 641
ROUND = 1013, SUM = 8301791.99999994, bChange = 0.00667985, totNum = 641
ROUND = 1014, SUM = 8301791.99999997, bChange = 0.0066798, totNum = 640
ROUND = 1015, SUM = 8301791.99999999, bChange = 0.00667974, totNum = 636
ROUND = 1016, SUM = 8301791.99999997, bChange = 0.00667969, totNum = 635
ROUND = 1017, SUM = 8301792.00000002, bChange = 0.00667963, totNum = 635
ROUND = 1018, SUM = 8301791.99999998, bChange = 0.00667958, totNum = 633
ROUND = 1019, SUM = 8301791.99999999, bChange = 0.00667953, totNum = 632
ROUND = 1020, SUM = 8301791.99999994, bChange = 0.00667948, totNum = 631
ROUND = 1021, SUM = 8301791.99999997, bChange = 0.00667943, totNum = 628
ROUND = 1022, SUM = 8301791.99999996, bChange = 0.00667937, totNum = 626
ROUND = 1023, SUM = 8301791.99999996, bChange = 0.00667932, totNum = 623
ROUND = 1024, SUM = 8301791.99999997, bChange = 0.00667927, totNum = 622
ROUND = 1025, SUM = 8301791.99999997, bChange = 0.00667922, totNum = 618
ROUND = 1026, SUM = 8301791.99999997, bChange = 0.00667917, totNum = 615
ROUND = 1027, SUM = 8301791.99999997, bChange = 0.00667912, totNum = 614
ROUND = 1028, SUM = 8301791.99999997, bChange = 0.00667907, totNum = 613
ROUND = 1029, SUM = 8301791.99999997, bChange = 0.00667902, totNum = 613
ROUND = 1030, SUM = 8301792.00000002, bChange = 0.00667897, totNum = 612
ROUND = 1031, SUM = 8301791.99999998, bChange = 0.00667893, totNum = 612
ROUND = 1032, SUM = 8301791.99999994, bChange = 0.00667888, totNum = 611
ROUND = 1033, SUM = 8301791.99999996, bChange = 0.00667883, totNum = 610
ROUND = 1034, SUM = 8301792.00000001, bChange = 0.00667878, totNum = 609
ROUND = 1035, SUM = 8301791.99999995, bChange = 0.00667874, totNum = 607
ROUND = 1036, SUM = 8301792.00000001, bChange = 0.00667869, totNum = 605
ROUND = 1037, SUM = 8301791.99999997, bChange = 0.00667864, totNum = 604
ROUND = 1038, SUM = 8301791.99999998, bChange = 0.0066786, totNum = 603
ROUND = 1039, SUM = 8301791.99999996, bChange = 0.00667855, totNum = 602
ROUND = 1040, SUM = 8301792, bChange = 0.00667851, totNum = 601
ROUND = 1041, SUM = 8301792, bChange = 0.00667846, totNum = 600
ROUND = 1042, SUM = 8301791.99999998, bChange = 0.00667842, totNum = 597
ROUND = 1043, SUM = 8301791.99999991, bChange = 0.00667837, totNum = 597
ROUND = 1044, SUM = 8301791.99999996, bChange = 0.00667833, totNum = 597
ROUND = 1045, SUM = 8301791.99999996, bChange = 0.00667828, totNum = 596
ROUND = 1046, SUM = 8301791.99999995, bChange = 0.00667824, totNum = 594
ROUND = 1047, SUM = 8301791.99999995, bChange = 0.00667819, totNum = 592
ROUND = 1048, SUM = 8301791.99999996, bChange = 0.00667815, totNum = 591
ROUND = 1049, SUM = 8301791.99999996, bChange = 0.00667811, totNum = 589
ROUND = 1050, SUM = 8301791.99999997, bChange = 0.00667807, totNum = 589
ROUND = 1051, SUM = 8301791.99999996, bChange = 0.00667802, totNum = 586
ROUND = 1052, SUM = 8301791.99999997, bChange = 0.00667798, totNum = 585
ROUND = 1053, SUM = 8301791.99999996, bChange = 0.00667794, totNum = 584
ROUND = 1054, SUM = 8301791.99999995, bChange = 0.0066779, totNum = 584
ROUND = 1055, SUM = 8301791.99999997, bChange = 0.00667786, totNum = 584
ROUND = 1056, SUM = 8301791.99999996, bChange = 0.00667782, totNum = 584
ROUND = 1057, SUM = 8301791.99999995, bChange = 0.00667778, totNum = 583
ROUND = 1058, SUM = 8301791.99999997, bChange = 0.00667774, totNum = 582
ROUND = 1059, SUM = 8301791.99999999, bChange = 0.0066777, totNum = 582
ROUND = 1060, SUM = 8301791.99999997, bChange = 0.00667766, totNum = 582
ROUND = 1061, SUM = 8301791.99999995, bChange = 0.00667762, totNum = 582
ROUND = 1062, SUM = 8301791.99999997, bChange = 0.00667758, totNum = 582
ROUND = 1063, SUM = 8301791.99999997, bChange = 0.00667754, totNum = 581
ROUND = 1064, SUM = 8301791.99999997, bChange = 0.0066775, totNum = 580
ROUND = 1065, SUM = 8301791.99999995, bChange = 0.00667746, totNum = 579
ROUND = 1066, SUM = 8301791.99999996, bChange = 0.00667742, totNum = 579
ROUND = 1067, SUM = 8301791.99999997, bChange = 0.00667738, totNum = 579
ROUND = 1068, SUM = 8301791.99999995, bChange = 0.00667735, totNum = 579
ROUND = 1069, SUM = 8301791.99999998, bChange = 0.00667731, totNum = 579
ROUND = 1070, SUM = 8301791.99999996, bChange = 0.00667727, totNum = 579
ROUND = 1071, SUM = 8301791.99999998, bChange = 0.00667723, totNum = 574
ROUND = 1072, SUM = 8301791.99999993, bChange = 0.0066772, totNum = 573
ROUND = 1073, SUM = 8301792, bChange = 0.00667716, totNum = 573
ROUND = 1074, SUM = 8301791.99999998, bChange = 0.00667713, totNum = 571
ROUND = 1075, SUM = 8301791.99999996, bChange = 0.00667709, totNum = 570
ROUND = 1076, SUM = 8301791.99999996, bChange = 0.00667705, totNum = 570
ROUND = 1077, SUM = 8301791.99999993, bChange = 0.00667702, totNum = 569
ROUND = 1078, SUM = 8301791.99999994, bChange = 0.00667698, totNum = 569
ROUND = 1079, SUM = 8301791.99999993, bChange = 0.00667695, totNum = 568
ROUND = 1080, SUM = 8301791.99999996, bChange = 0.00667691, totNum = 568
ROUND = 1081, SUM = 8301791.99999994, bChange = 0.00667688, totNum = 568
ROUND = 1082, SUM = 8301792, bChange = 0.00667684, totNum = 566
ROUND = 1083, SUM = 8301791.99999998, bChange = 0.00667681, totNum = 565
ROUND = 1084, SUM = 8301791.99999995, bChange = 0.00667678, totNum = 562
ROUND = 1085, SUM = 8301791.99999995, bChange = 0.00667674, totNum = 562
ROUND = 1086, SUM = 8301791.99999995, bChange = 0.00667671, totNum = 560
ROUND = 1087, SUM = 8301791.99999996, bChange = 0.00667668, totNum = 559
ROUND = 1088, SUM = 8301791.99999999, bChange = 0.00667664, totNum = 557
ROUND = 1089, SUM = 8301791.99999996, bChange = 0.00667661, totNum = 555
ROUND = 1090, SUM = 8301791.99999998, bChange = 0.00667658, totNum = 555
ROUND = 1091, SUM = 8301791.99999996, bChange = 0.00667655, totNum = 552
ROUND = 1092, SUM = 8301791.99999995, bChange = 0.00667651, totNum = 551
ROUND = 1093, SUM = 8301791.99999999, bChange = 0.00667648, totNum = 548
ROUND = 1094, SUM = 8301791.99999999, bChange = 0.00667645, totNum = 548
ROUND = 1095, SUM = 8301791.99999997, bChange = 0.00667642, totNum = 547
ROUND = 1096, SUM = 8301791.99999997, bChange = 0.00667639, totNum = 545
ROUND = 1097, SUM = 8301791.99999999, bChange = 0.00667636, totNum = 545
ROUND = 1098, SUM = 8301791.99999994, bChange = 0.00667632, totNum = 544
ROUND = 1099, SUM = 8301791.99999995, bChange = 0.00667629, totNum = 540
ROUND = 1100, SUM = 8301791.99999995, bChange = 0.00667626, totNum = 540
ROUND = 1101, SUM = 8301791.99999997, bChange = 0.00667623, totNum = 540
ROUND = 1102, SUM = 8301791.99999997, bChange = 0.0066762, totNum = 539
ROUND = 1103, SUM = 8301791.99999998, bChange = 0.00667617, totNum = 537
ROUND = 1104, SUM = 8301791.99999997, bChange = 0.00667614, totNum = 535
ROUND = 1105, SUM = 8301791.99999996, bChange = 0.00667611, totNum = 532
ROUND = 1106, SUM = 8301791.99999993, bChange = 0.00667609, totNum = 532
ROUND = 1107, SUM = 8301791.99999997, bChange = 0.00667606, totNum = 531
ROUND = 1108, SUM = 8301792.00000002, bChange = 0.00667603, totNum = 531
ROUND = 1109, SUM = 8301791.99999997, bChange = 0.006676, totNum = 528
ROUND = 1110, SUM = 8301791.99999999, bChange = 0.00667597, totNum = 528
ROUND = 1111, SUM = 8301791.99999999, bChange = 0.00667594, totNum = 527
ROUND = 1112, SUM = 8301791.99999998, bChange = 0.00667591, totNum = 525
ROUND = 1113, SUM = 8301791.99999998, bChange = 0.00667589, totNum = 524
ROUND = 1114, SUM = 8301792, bChange = 0.00667586, totNum = 522
ROUND = 1115, SUM = 8301791.99999998, bChange = 0.00667583, totNum = 521
ROUND = 1116, SUM = 8301791.99999998, bChange = 0.0066758, totNum = 520
ROUND = 1117, SUM = 8301792, bChange = 0.00667578, totNum = 520
ROUND = 1118, SUM = 8301791.99999999, bChange = 0.00667575, totNum = 520
ROUND = 1119, SUM = 8301791.99999999, bChange = 0.00667572, totNum = 519
ROUND = 1120, SUM = 8301791.99999999, bChange = 0.0066757, totNum = 518
ROUND = 1121, SUM = 8301791.99999999, bChange = 0.00667567, totNum = 518
ROUND = 1122, SUM = 8301791.99999999, bChange = 0.00667564, totNum = 516
ROUND = 1123, SUM = 8301791.99999997, bChange = 0.00667562, totNum = 514
ROUND = 1124, SUM = 8301791.99999997, bChange = 0.00667559, totNum = 512
ROUND = 1125, SUM = 8301791.99999999, bChange = 0.00667557, totNum = 511
ROUND = 1126, SUM = 8301791.99999996, bChange = 0.00667554, totNum = 511
ROUND = 1127, SUM = 8301792.00000001, bChange = 0.00667551, totNum = 512
ROUND = 1128, SUM = 8301791.99999996, bChange = 0.00667549, totNum = 509
ROUND = 1129, SUM = 8301791.99999995, bChange = 0.00667546, totNum = 509
ROUND = 1130, SUM = 8301791.99999997, bChange = 0.00667544, totNum = 507
ROUND = 1131, SUM = 8301791.99999999, bChange = 0.00667542, totNum = 507
ROUND = 1132, SUM = 8301791.99999993, bChange = 0.00667539, totNum = 507
ROUND = 1133, SUM = 8301791.99999995, bChange = 0.00667537, totNum = 506
ROUND = 1134, SUM = 8301791.99999998, bChange = 0.00667534, totNum = 506
ROUND = 1135, SUM = 8301791.99999998, bChange = 0.00667532, totNum = 506
ROUND = 1136, SUM = 8301791.99999994, bChange = 0.00667529, totNum = 503
ROUND = 1137, SUM = 8301791.99999996, bChange = 0.00667527, totNum = 503
ROUND = 1138, SUM = 8301791.99999992, bChange = 0.00667525, totNum = 501
ROUND = 1139, SUM = 8301791.99999996, bChange = 0.00667522, totNum = 500
ROUND = 1140, SUM = 8301791.99999994, bChange = 0.0066752, totNum = 500
ROUND = 1141, SUM = 8301791.99999995, bChange = 0.00667518, totNum = 497
ROUND = 1142, SUM = 8301791.99999996, bChange = 0.00667515, totNum = 496
ROUND = 1143, SUM = 8301791.99999998, bChange = 0.00667513, totNum = 495
ROUND = 1144, SUM = 8301792, bChange = 0.00667511, totNum = 493
ROUND = 1145, SUM = 8301791.99999997, bChange = 0.00667509, totNum = 493
ROUND = 1146, SUM = 8301791.99999998, bChange = 0.00667506, totNum = 492
ROUND = 1147, SUM = 8301791.99999998, bChange = 0.00667504, totNum = 492
ROUND = 1148, SUM = 8301791.99999999, bChange = 0.00667502, totNum = 492
ROUND = 1149, SUM = 8301791.99999997, bChange = 0.006675, totNum = 490
ROUND = 1150, SUM = 8301791.99999997, bChange = 0.00667498, totNum = 489
ROUND = 1151, SUM = 8301791.99999998, bChange = 0.00667495, totNum = 489
ROUND = 1152, SUM = 8301791.99999998, bChange = 0.00667493, totNum = 488
ROUND = 1153, SUM = 8301791.99999998, bChange = 0.00667491, totNum = 488
ROUND = 1154, SUM = 8301791.99999999, bChange = 0.00667489, totNum = 486
ROUND = 1155, SUM = 8301791.99999996, bChange = 0.00667487, totNum = 485
ROUND = 1156, SUM = 8301791.99999997, bChange = 0.00667485, totNum = 485
ROUND = 1157, SUM = 8301791.99999999, bChange = 0.00667483, totNum = 483
ROUND = 1158, SUM = 8301792, bChange = 0.00667481, totNum = 483
ROUND = 1159, SUM = 8301791.99999999, bChange = 0.00667479, totNum = 481
ROUND = 1160, SUM = 8301791.99999995, bChange = 0.00667477, totNum = 481
ROUND = 1161, SUM = 8301792, bChange = 0.00667475, totNum = 481
ROUND = 1162, SUM = 8301791.99999998, bChange = 0.00667473, totNum = 480
ROUND = 1163, SUM = 8301791.99999996, bChange = 0.00667471, totNum = 478
ROUND = 1164, SUM = 8301792.00000001, bChange = 0.00667469, totNum = 476
ROUND = 1165, SUM = 8301791.99999999, bChange = 0.00667467, totNum = 476
ROUND = 1166, SUM = 8301792.00000001, bChange = 0.00667465, totNum = 475
ROUND = 1167, SUM = 8301792, bChange = 0.00667463, totNum = 474
ROUND = 1168, SUM = 8301791.99999998, bChange = 0.00667461, totNum = 474
ROUND = 1169, SUM = 8301791.99999999, bChange = 0.00667459, totNum = 473
ROUND = 1170, SUM = 8301791.99999997, bChange = 0.00667457, totNum = 471
ROUND = 1171, SUM = 8301792, bChange = 0.00667455, totNum = 470
ROUND = 1172, SUM = 8301792.00000002, bChange = 0.00667453, totNum = 469
ROUND = 1173, SUM = 8301792.00000003, bChange = 0.00667451, totNum = 468
ROUND = 1174, SUM = 8301791.99999997, bChange = 0.0066745, totNum = 468
ROUND = 1175, SUM = 8301791.99999998, bChange = 0.00667448, totNum = 468
ROUND = 1176, SUM = 8301791.99999999, bChange = 0.00667446, totNum = 467
ROUND = 1177, SUM = 8301791.99999996, bChange = 0.00667444, totNum = 465
ROUND = 1178, SUM = 8301791.99999997, bChange = 0.00667442, totNum = 463
ROUND = 1179, SUM = 8301791.99999997, bChange = 0.0066744, totNum = 463
ROUND = 1180, SUM = 8301791.99999996, bChange = 0.00667439, totNum = 462
ROUND = 1181, SUM = 8301791.99999996, bChange = 0.00667437, totNum = 459
ROUND = 1182, SUM = 8301791.99999997, bChange = 0.00667435, totNum = 458
ROUND = 1183, SUM = 8301791.99999993, bChange = 0.00667433, totNum = 458
ROUND = 1184, SUM = 8301791.99999993, bChange = 0.00667432, totNum = 458
ROUND = 1185, SUM = 8301791.99999997, bChange = 0.0066743, totNum = 458
ROUND = 1186, SUM = 8301791.99999995, bChange = 0.00667428, totNum = 457
ROUND = 1187, SUM = 8301791.99999998, bChange = 0.00667427, totNum = 457
ROUND = 1188, SUM = 8301791.99999997, bChange = 0.00667425, totNum = 456
ROUND = 1189, SUM = 8301791.99999996, bChange = 0.00667423, totNum = 454
ROUND = 1190, SUM = 8301791.99999998, bChange = 0.00667422, totNum = 454
ROUND = 1191, SUM = 8301792.00000001, bChange = 0.0066742, totNum = 454
ROUND = 1192, SUM = 8301791.99999995, bChange = 0.00667418, totNum = 454
ROUND = 1193, SUM = 8301791.99999997, bChange = 0.00667417, totNum = 454
ROUND = 1194, SUM = 8301792.00000001, bChange = 0.00667415, totNum = 452
ROUND = 1195, SUM = 8301791.99999997, bChange = 0.00667413, totNum = 452
ROUND = 1196, SUM = 8301791.99999996, bChange = 0.00667412, totNum = 452
ROUND = 1197, SUM = 8301791.99999997, bChange = 0.0066741, totNum = 450
ROUND = 1198, SUM = 8301791.99999995, bChange = 0.00667409, totNum = 450
ROUND = 1199, SUM = 8301791.99999996, bChange = 0.00667407, totNum = 447
ROUND = 1200, SUM = 8301791.99999998, bChange = 0.00667406, totNum = 445
ROUND = 1201, SUM = 8301791.99999995, bChange = 0.00667404, totNum = 443
ROUND = 1202, SUM = 8301791.99999996, bChange = 0.00667402, totNum = 441
ROUND = 1203, SUM = 8301792.00000001, bChange = 0.00667401, totNum = 440
ROUND = 1204, SUM = 8301792, bChange = 0.00667399, totNum = 438
ROUND = 1205, SUM = 8301791.99999994, bChange = 0.00667398, totNum = 437
ROUND = 1206, SUM = 8301792.00000001, bChange = 0.00667396, totNum = 436
ROUND = 1207, SUM = 8301791.99999999, bChange = 0.00667395, totNum = 436
ROUND = 1208, SUM = 8301791.99999998, bChange = 0.00667393, totNum = 435
ROUND = 1209, SUM = 8301792, bChange = 0.00667392, totNum = 434
ROUND = 1210, SUM = 8301792.00000001, bChange = 0.00667391, totNum = 433
ROUND = 1211, SUM = 8301791.99999999, bChange = 0.00667389, totNum = 433
ROUND = 1212, SUM = 8301791.99999997, bChange = 0.00667388, totNum = 433
ROUND = 1213, SUM = 8301791.99999999, bChange = 0.00667386, totNum = 431
ROUND = 1214, SUM = 8301791.99999997, bChange = 0.00667385, totNum = 430
ROUND = 1215, SUM = 8301791.99999997, bChange = 0.00667383, totNum = 428
ROUND = 1216, SUM = 8301791.99999999, bChange = 0.00667382, totNum = 427
ROUND = 1217, SUM = 8301791.99999995, bChange = 0.00667381, totNum = 426
ROUND = 1218, SUM = 8301791.99999998, bChange = 0.00667379, totNum = 426
ROUND = 1219, SUM = 8301791.99999997, bChange = 0.00667378, totNum = 424
ROUND = 1220, SUM = 8301792, bChange = 0.00667377, totNum = 423
ROUND = 1221, SUM = 8301791.99999997, bChange = 0.00667375, totNum = 422
ROUND = 1222, SUM = 8301791.99999997, bChange = 0.00667374, totNum = 422
ROUND = 1223, SUM = 8301792.00000001, bChange = 0.00667373, totNum = 422
ROUND = 1224, SUM = 8301791.99999995, bChange = 0.00667371, totNum = 422
ROUND = 1225, SUM = 8301791.99999997, bChange = 0.0066737, totNum = 422
ROUND = 1226, SUM = 8301791.99999996, bChange = 0.00667369, totNum = 422
ROUND = 1227, SUM = 8301791.99999999, bChange = 0.00667367, totNum = 422
ROUND = 1228, SUM = 8301791.99999999, bChange = 0.00667366, totNum = 421
ROUND = 1229, SUM = 8301791.99999997, bChange = 0.00667365, totNum = 420
ROUND = 1230, SUM = 8301791.99999996, bChange = 0.00667363, totNum = 419
ROUND = 1231, SUM = 8301791.99999997, bChange = 0.00667362, totNum = 419
ROUND = 1232, SUM = 8301791.99999998, bChange = 0.00667361, totNum = 417
ROUND = 1233, SUM = 8301791.99999997, bChange = 0.0066736, totNum = 417
ROUND = 1234, SUM = 8301792, bChange = 0.00667358, totNum = 415
ROUND = 1235, SUM = 8301791.99999999, bChange = 0.00667357, totNum = 414
ROUND = 1236, SUM = 8301791.99999998, bChange = 0.00667356, totNum = 414
ROUND = 1237, SUM = 8301791.99999998, bChange = 0.00667355, totNum = 413
ROUND = 1238, SUM = 8301791.99999994, bChange = 0.00667354, totNum = 413
ROUND = 1239, SUM = 8301791.99999999, bChange = 0.00667352, totNum = 413
ROUND = 1240, SUM = 8301792, bChange = 0.00667351, totNum = 413
ROUND = 1241, SUM = 8301791.99999998, bChange = 0.0066735, totNum = 413
ROUND = 1242, SUM = 8301791.99999997, bChange = 0.00667349, totNum = 411
ROUND = 1243, SUM = 8301792.00000002, bChange = 0.00667348, totNum = 411
ROUND = 1244, SUM = 8301791.99999997, bChange = 0.00667347, totNum = 411
ROUND = 1245, SUM = 8301791.99999997, bChange = 0.00667345, totNum = 410
ROUND = 1246, SUM = 8301791.99999997, bChange = 0.00667344, totNum = 407
ROUND = 1247, SUM = 8301791.99999995, bChange = 0.00667343, totNum = 403
ROUND = 1248, SUM = 8301792.00000001, bChange = 0.00667342, totNum = 403
ROUND = 1249, SUM = 8301791.99999997, bChange = 0.00667341, totNum = 402
ROUND = 1250, SUM = 8301791.99999999, bChange = 0.0066734, totNum = 402
ROUND = 1251, SUM = 8301791.99999993, bChange = 0.00667339, totNum = 402
ROUND = 1252, SUM = 8301791.99999998, bChange = 0.00667338, totNum = 400
ROUND = 1253, SUM = 8301791.99999998, bChange = 0.00667336, totNum = 400
ROUND = 1254, SUM = 8301792.00000001, bChange = 0.00667335, totNum = 400
ROUND = 1255, SUM = 8301791.99999999, bChange = 0.00667334, totNum = 400
ROUND = 1256, SUM = 8301791.99999998, bChange = 0.00667333, totNum = 398
ROUND = 1257, SUM = 8301791.99999997, bChange = 0.00667332, totNum = 398
ROUND = 1258, SUM = 8301792, bChange = 0.00667331, totNum = 397
ROUND = 1259, SUM = 8301791.99999999, bChange = 0.0066733, totNum = 397
ROUND = 1260, SUM = 8301792.00000001, bChange = 0.00667329, totNum = 397
ROUND = 1261, SUM = 8301791.99999998, bChange = 0.00667328, totNum = 396
ROUND = 1262, SUM = 8301791.99999996, bChange = 0.00667327, totNum = 395
ROUND = 1263, SUM = 8301791.99999999, bChange = 0.00667326, totNum = 395
ROUND = 1264, SUM = 8301791.99999998, bChange = 0.00667325, totNum = 394
ROUND = 1265, SUM = 8301791.99999996, bChange = 0.00667324, totNum = 394
ROUND = 1266, SUM = 8301791.99999997, bChange = 0.00667323, totNum = 394
ROUND = 1267, SUM = 8301792, bChange = 0.00667322, totNum = 393
ROUND = 1268, SUM = 8301791.99999995, bChange = 0.00667321, totNum = 393
ROUND = 1269, SUM = 8301791.99999996, bChange = 0.0066732, totNum = 391
ROUND = 1270, SUM = 8301791.99999997, bChange = 0.00667319, totNum = 391
ROUND = 1271, SUM = 8301791.99999996, bChange = 0.00667318, totNum = 391
ROUND = 1272, SUM = 8301791.99999993, bChange = 0.00667317, totNum = 391
ROUND = 1273, SUM = 8301791.99999997, bChange = 0.00667316, totNum = 391
ROUND = 1274, SUM = 8301791.99999998, bChange = 0.00667315, totNum = 390
ROUND = 1275, SUM = 8301791.99999997, bChange = 0.00667314, totNum = 390
ROUND = 1276, SUM = 8301792, bChange = 0.00667313, totNum = 390
ROUND = 1277, SUM = 8301791.99999997, bChange = 0.00667312, totNum = 388
ROUND = 1278, SUM = 8301791.99999998, bChange = 0.00667311, totNum = 387
ROUND = 1279, SUM = 8301791.99999997, bChange = 0.00667311, totNum = 386
ROUND = 1280, SUM = 8301791.99999997, bChange = 0.0066731, totNum = 386
ROUND = 1281, SUM = 8301791.99999996, bChange = 0.00667309, totNum = 386
ROUND = 1282, SUM = 8301791.99999995, bChange = 0.00667308, totNum = 385
ROUND = 1283, SUM = 8301791.99999997, bChange = 0.00667307, totNum = 384
ROUND = 1284, SUM = 8301791.99999996, bChange = 0.00667306, totNum = 383
ROUND = 1285, SUM = 8301791.99999995, bChange = 0.00667305, totNum = 382
ROUND = 1286, SUM = 8301791.99999998, bChange = 0.00667304, totNum = 380
ROUND = 1287, SUM = 8301791.99999997, bChange = 0.00667303, totNum = 380
ROUND = 1288, SUM = 8301791.99999996, bChange = 0.00667303, totNum = 379
ROUND = 1289, SUM = 8301791.99999995, bChange = 0.00667302, totNum = 378
ROUND = 1290, SUM = 8301791.99999996, bChange = 0.00667301, totNum = 378
ROUND = 1291, SUM = 8301791.99999996, bChange = 0.006673, totNum = 378
ROUND = 1292, SUM = 8301791.99999994, bChange = 0.00667299, totNum = 377
ROUND = 1293, SUM = 8301791.99999997, bChange = 0.00667298, totNum = 376
ROUND = 1294, SUM = 8301791.99999999, bChange = 0.00667298, totNum = 375
ROUND = 1295, SUM = 8301791.99999995, bChange = 0.00667297, totNum = 375
ROUND = 1296, SUM = 8301791.99999995, bChange = 0.00667296, totNum = 375
ROUND = 1297, SUM = 8301791.99999998, bChange = 0.00667295, totNum = 374
ROUND = 1298, SUM = 8301791.99999999, bChange = 0.00667294, totNum = 372
ROUND = 1299, SUM = 8301791.99999994, bChange = 0.00667293, totNum = 372
ROUND = 1300, SUM = 8301791.99999998, bChange = 0.00667293, totNum = 372
ROUND = 1301, SUM = 8301792, bChange = 0.00667292, totNum = 372
ROUND = 1302, SUM = 8301791.99999996, bChange = 0.00667291, totNum = 371
ROUND = 1303, SUM = 8301791.99999997, bChange = 0.0066729, totNum = 371
ROUND = 1304, SUM = 8301791.99999997, bChange = 0.0066729, totNum = 371
ROUND = 1305, SUM = 8301791.99999998, bChange = 0.00667289, totNum = 371
ROUND = 1306, SUM = 8301792, bChange = 0.00667288, totNum = 368
ROUND = 1307, SUM = 8301791.99999993, bChange = 0.00667287, totNum = 367
ROUND = 1308, SUM = 8301791.99999999, bChange = 0.00667287, totNum = 366
ROUND = 1309, SUM = 8301792.00000002, bChange = 0.00667286, totNum = 365
ROUND = 1310, SUM = 8301791.99999998, bChange = 0.00667285, totNum = 364
ROUND = 1311, SUM = 8301791.99999997, bChange = 0.00667284, totNum = 363
ROUND = 1312, SUM = 8301791.99999997, bChange = 0.00667284, totNum = 362
ROUND = 1313, SUM = 8301792.00000001, bChange = 0.00667283, totNum = 361
ROUND = 1314, SUM = 8301791.99999995, bChange = 0.00667282, totNum = 361
ROUND = 1315, SUM = 8301791.99999995, bChange = 0.00667281, totNum = 361
ROUND = 1316, SUM = 8301792, bChange = 0.00667281, totNum = 360
ROUND = 1317, SUM = 8301791.99999996, bChange = 0.0066728, totNum = 360
ROUND = 1318, SUM = 8301791.99999995, bChange = 0.00667279, totNum = 359
ROUND = 1319, SUM = 8301791.99999996, bChange = 0.00667279, totNum = 359
ROUND = 1320, SUM = 8301791.99999995, bChange = 0.00667278, totNum = 359
ROUND = 1321, SUM = 8301791.99999998, bChange = 0.00667277, totNum = 358
ROUND = 1322, SUM = 8301791.99999995, bChange = 0.00667276, totNum = 358
ROUND = 1323, SUM = 8301791.99999995, bChange = 0.00667276, totNum = 358
ROUND = 1324, SUM = 8301791.99999999, bChange = 0.00667275, totNum = 358
ROUND = 1325, SUM = 8301792.00000001, bChange = 0.00667274, totNum = 358
ROUND = 1326, SUM = 8301791.99999997, bChange = 0.00667274, totNum = 358
ROUND = 1327, SUM = 8301791.99999998, bChange = 0.00667273, totNum = 357
ROUND = 1328, SUM = 8301791.99999997, bChange = 0.00667272, totNum = 356
ROUND = 1329, SUM = 8301792, bChange = 0.00667272, totNum = 355
ROUND = 1330, SUM = 8301791.99999996, bChange = 0.00667271, totNum = 354
ROUND = 1331, SUM = 8301791.99999993, bChange = 0.00667271, totNum = 354
ROUND = 1332, SUM = 8301791.99999996, bChange = 0.0066727, totNum = 354
ROUND = 1333, SUM = 8301791.99999999, bChange = 0.00667269, totNum = 353
ROUND = 1334, SUM = 8301791.99999996, bChange = 0.00667269, totNum = 353
ROUND = 1335, SUM = 8301791.99999996, bChange = 0.00667268, totNum = 351
ROUND = 1336, SUM = 8301791.99999993, bChange = 0.00667267, totNum = 350
ROUND = 1337, SUM = 8301791.99999995, bChange = 0.00667267, totNum = 350
ROUND = 1338, SUM = 8301791.99999996, bChange = 0.00667266, totNum = 349
ROUND = 1339, SUM = 8301791.99999995, bChange = 0.00667266, totNum = 348
ROUND = 1340, SUM = 8301791.99999993, bChange = 0.00667265, totNum = 347
ROUND = 1341, SUM = 8301791.99999997, bChange = 0.00667264, totNum = 347
ROUND = 1342, SUM = 8301791.99999995, bChange = 0.00667264, totNum = 347
ROUND = 1343, SUM = 8301791.99999994, bChange = 0.00667263, totNum = 346
ROUND = 1344, SUM = 8301791.99999997, bChange = 0.00667263, totNum = 346
ROUND = 1345, SUM = 8301791.99999993, bChange = 0.00667262, totNum = 346
ROUND = 1346, SUM = 8301791.99999995, bChange = 0.00667261, totNum = 345
ROUND = 1347, SUM = 8301791.99999995, bChange = 0.00667261, totNum = 345
ROUND = 1348, SUM = 8301791.99999998, bChange = 0.0066726, totNum = 344
ROUND = 1349, SUM = 8301791.99999993, bChange = 0.0066726, totNum = 343
ROUND = 1350, SUM = 8301791.99999998, bChange = 0.00667259, totNum = 341
ROUND = 1351, SUM = 8301792, bChange = 0.00667258, totNum = 341
ROUND = 1352, SUM = 8301791.99999996, bChange = 0.00667258, totNum = 341
ROUND = 1353, SUM = 8301791.99999998, bChange = 0.00667257, totNum = 341
ROUND = 1354, SUM = 8301791.99999995, bChange = 0.00667257, totNum = 339
ROUND = 1355, SUM = 8301791.99999996, bChange = 0.00667256, totNum = 339
ROUND = 1356, SUM = 8301791.99999997, bChange = 0.00667256, totNum = 339
ROUND = 1357, SUM = 8301792, bChange = 0.00667255, totNum = 339
ROUND = 1358, SUM = 8301791.99999995, bChange = 0.00667255, totNum = 338
ROUND = 1359, SUM = 8301791.99999998, bChange = 0.00667254, totNum = 337
ROUND = 1360, SUM = 8301791.99999996, bChange = 0.00667254, totNum = 336
ROUND = 1361, SUM = 8301791.99999995, bChange = 0.00667253, totNum = 336
ROUND = 1362, SUM = 8301791.99999998, bChange = 0.00667253, totNum = 336
ROUND = 1363, SUM = 8301792, bChange = 0.00667252, totNum = 334
ROUND = 1364, SUM = 8301791.99999997, bChange = 0.00667251, totNum = 333
ROUND = 1365, SUM = 8301791.99999995, bChange = 0.00667251, totNum = 333
ROUND = 1366, SUM = 8301791.99999996, bChange = 0.0066725, totNum = 332
ROUND = 1367, SUM = 8301791.99999996, bChange = 0.0066725, totNum = 332
ROUND = 1368, SUM = 8301791.99999994, bChange = 0.00667249, totNum = 332
ROUND = 1369, SUM = 8301791.99999998, bChange = 0.00667249, totNum = 332
ROUND = 1370, SUM = 8301791.99999995, bChange = 0.00667248, totNum = 332
ROUND = 1371, SUM = 8301791.99999998, bChange = 0.00667248, totNum = 329
ROUND = 1372, SUM = 8301791.99999997, bChange = 0.00667247, totNum = 328
ROUND = 1373, SUM = 8301791.99999996, bChange = 0.00667247, totNum = 327
ROUND = 1374, SUM = 8301791.99999996, bChange = 0.00667247, totNum = 327
ROUND = 1375, SUM = 8301791.99999996, bChange = 0.00667246, totNum = 327
ROUND = 1376, SUM = 8301791.99999996, bChange = 0.00667246, totNum = 327
ROUND = 1377, SUM = 8301791.99999997, bChange = 0.00667245, totNum = 327
ROUND = 1378, SUM = 8301791.99999994, bChange = 0.00667245, totNum = 327
ROUND = 1379, SUM = 8301791.99999996, bChange = 0.00667244, totNum = 326
ROUND = 1380, SUM = 8301791.99999997, bChange = 0.00667244, totNum = 326
ROUND = 1381, SUM = 8301791.99999994, bChange = 0.00667243, totNum = 326
ROUND = 1382, SUM = 8301791.99999995, bChange = 0.00667243, totNum = 325
ROUND = 1383, SUM = 8301791.99999997, bChange = 0.00667242, totNum = 324
ROUND = 1384, SUM = 8301791.99999996, bChange = 0.00667242, totNum = 324
ROUND = 1385, SUM = 8301791.99999998, bChange = 0.00667241, totNum = 323
ROUND = 1386, SUM = 8301791.99999997, bChange = 0.00667241, totNum = 324
ROUND = 1387, SUM = 8301791.99999997, bChange = 0.00667241, totNum = 324
ROUND = 1388, SUM = 8301791.99999993, bChange = 0.0066724, totNum = 324
ROUND = 1389, SUM = 8301791.99999999, bChange = 0.0066724, totNum = 323
ROUND = 1390, SUM = 8301791.99999995, bChange = 0.00667239, totNum = 323
ROUND = 1391, SUM = 8301791.99999995, bChange = 0.00667239, totNum = 323
ROUND = 1392, SUM = 8301791.99999997, bChange = 0.00667238, totNum = 322
ROUND = 1393, SUM = 8301791.99999996, bChange = 0.00667238, totNum = 321
ROUND = 1394, SUM = 8301791.99999998, bChange = 0.00667237, totNum = 320
ROUND = 1395, SUM = 8301791.99999999, bChange = 0.00667237, totNum = 320
ROUND = 1396, SUM = 8301791.99999996, bChange = 0.00667237, totNum = 319
ROUND = 1397, SUM = 8301791.99999997, bChange = 0.00667236, totNum = 318
ROUND = 1398, SUM = 8301791.99999997, bChange = 0.00667236, totNum = 318
ROUND = 1399, SUM = 8301792, bChange = 0.00667235, totNum = 317
ROUND = 1400, SUM = 8301791.99999999, bChange = 0.00667235, totNum = 317
ROUND = 1401, SUM = 8301791.99999997, bChange = 0.00667235, totNum = 316
ROUND = 1402, SUM = 8301792, bChange = 0.00667234, totNum = 315
ROUND = 1403, SUM = 8301791.99999996, bChange = 0.00667234, totNum = 314
ROUND = 1404, SUM = 8301791.99999999, bChange = 0.00667233, totNum = 314
ROUND = 1405, SUM = 8301791.99999998, bChange = 0.00667233, totNum = 313
ROUND = 1406, SUM = 8301791.99999999, bChange = 0.00667233, totNum = 313
ROUND = 1407, SUM = 8301791.99999996, bChange = 0.00667232, totNum = 312
ROUND = 1408, SUM = 8301791.99999996, bChange = 0.00667232, totNum = 311
ROUND = 1409, SUM = 8301791.99999998, bChange = 0.00667231, totNum = 310
ROUND = 1410, SUM = 8301791.99999998, bChange = 0.00667231, totNum = 310
ROUND = 1411, SUM = 8301791.99999997, bChange = 0.00667231, totNum = 309
ROUND = 1412, SUM = 8301791.99999993, bChange = 0.0066723, totNum = 308
ROUND = 1413, SUM = 8301792.00000002, bChange = 0.0066723, totNum = 307
ROUND = 1414, SUM = 8301791.99999999, bChange = 0.0066723, totNum = 307
ROUND = 1415, SUM = 8301791.99999996, bChange = 0.00667229, totNum = 305
ROUND = 1416, SUM = 8301791.99999995, bChange = 0.00667229, totNum = 305
ROUND = 1417, SUM = 8301791.99999999, bChange = 0.00667229, totNum = 304
ROUND = 1418, SUM = 8301791.99999998, bChange = 0.00667228, totNum = 304
ROUND = 1419, SUM = 8301791.99999997, bChange = 0.00667228, totNum = 303
ROUND = 1420, SUM = 8301792, bChange = 0.00667227, totNum = 302
ROUND = 1421, SUM = 8301791.99999997, bChange = 0.00667227, totNum = 301
ROUND = 1422, SUM = 8301791.99999997, bChange = 0.00667227, totNum = 300
ROUND = 1423, SUM = 8301791.99999991, bChange = 0.00667226, totNum = 300
ROUND = 1424, SUM = 8301791.99999997, bChange = 0.00667226, totNum = 300
ROUND = 1425, SUM = 8301791.99999996, bChange = 0.00667226, totNum = 300
ROUND = 1426, SUM = 8301791.99999999, bChange = 0.00667225, totNum = 299
ROUND = 1427, SUM = 8301791.99999996, bChange = 0.00667225, totNum = 298
ROUND = 1428, SUM = 8301791.99999996, bChange = 0.00667225, totNum = 298
ROUND = 1429, SUM = 8301791.99999999, bChange = 0.00667224, totNum = 299
ROUND = 1430, SUM = 8301791.99999996, bChange = 0.00667224, totNum = 299
ROUND = 1431, SUM = 8301791.99999994, bChange = 0.00667224, totNum = 297
ROUND = 1432, SUM = 8301791.99999995, bChange = 0.00667223, totNum = 297
ROUND = 1433, SUM = 8301791.99999997, bChange = 0.00667223, totNum = 295
ROUND = 1434, SUM = 8301791.99999998, bChange = 0.00667223, totNum = 293
ROUND = 1435, SUM = 8301791.99999995, bChange = 0.00667222, totNum = 293
ROUND = 1436, SUM = 8301791.99999997, bChange = 0.00667222, totNum = 292
ROUND = 1437, SUM = 8301791.99999996, bChange = 0.00667222, totNum = 292
ROUND = 1438, SUM = 8301791.99999995, bChange = 0.00667221, totNum = 292
ROUND = 1439, SUM = 8301791.99999994, bChange = 0.00667221, totNum = 292
ROUND = 1440, SUM = 8301791.99999997, bChange = 0.00667221, totNum = 291
ROUND = 1441, SUM = 8301791.99999995, bChange = 0.00667221, totNum = 291
ROUND = 1442, SUM = 8301791.99999999, bChange = 0.0066722, totNum = 291
ROUND = 1443, SUM = 8301791.99999996, bChange = 0.0066722, totNum = 290
ROUND = 1444, SUM = 8301791.99999997, bChange = 0.0066722, totNum = 290
ROUND = 1445, SUM = 8301791.99999998, bChange = 0.00667219, totNum = 288
ROUND = 1446, SUM = 8301791.99999998, bChange = 0.00667219, totNum = 287
ROUND = 1447, SUM = 8301791.99999998, bChange = 0.00667219, totNum = 286
ROUND = 1448, SUM = 8301791.99999992, bChange = 0.00667218, totNum = 286
ROUND = 1449, SUM = 8301791.99999999, bChange = 0.00667218, totNum = 286
ROUND = 1450, SUM = 8301791.99999996, bChange = 0.00667218, totNum = 286
ROUND = 1451, SUM = 8301791.99999996, bChange = 0.00667218, totNum = 286
ROUND = 1452, SUM = 8301791.99999993, bChange = 0.00667217, totNum = 285
ROUND = 1453, SUM = 8301791.99999995, bChange = 0.00667217, totNum = 284
ROUND = 1454, SUM = 8301791.99999996, bChange = 0.00667217, totNum = 283
ROUND = 1455, SUM = 8301791.99999998, bChange = 0.00667216, totNum = 283
ROUND = 1456, SUM = 8301791.99999997, bChange = 0.00667216, totNum = 283
ROUND = 1457, SUM = 8301791.99999998, bChange = 0.00667216, totNum = 282
ROUND = 1458, SUM = 8301791.99999997, bChange = 0.00466026, totNum = 280
ROUND = 1459, SUM = 8301791.99999998, bChange = 0.00466026, totNum = 280
ROUND = 1460, SUM = 8301791.99999999, bChange = 0.00466026, totNum = 279
ROUND = 1461, SUM = 8301792, bChange = 0.00466026, totNum = 278
ROUND = 1462, SUM = 8301791.99999996, bChange = 0.00466026, totNum = 278
ROUND = 1463, SUM = 8301791.99999996, bChange = 0.00466026, totNum = 278
ROUND = 1464, SUM = 8301791.99999998, bChange = 0.00466026, totNum = 278
ROUND = 1465, SUM = 8301791.99999997, bChange = 0.00466026, totNum = 277
ROUND = 1466, SUM = 8301791.99999999, bChange = 0.00466026, totNum = 276
ROUND = 1467, SUM = 8301791.99999998, bChange = 0.00466025, totNum = 276
ROUND = 1468, SUM = 8301791.99999998, bChange = 0.00466025, totNum = 273
ROUND = 1469, SUM = 8301791.99999998, bChange = 0.00466025, totNum = 273
ROUND = 1470, SUM = 8301791.99999999, bChange = 0.00466025, totNum = 273
ROUND = 1471, SUM = 8301791.99999999, bChange = 0.00466025, totNum = 273
ROUND = 1472, SUM = 8301792, bChange = 0.00466025, totNum = 272
ROUND = 1473, SUM = 8301791.99999998, bChange = 0.00466025, totNum = 272
ROUND = 1474, SUM = 8301792, bChange = 0.00466025, totNum = 272
ROUND = 1475, SUM = 8301791.99999999, bChange = 0.00466025, totNum = 271
ROUND = 1476, SUM = 8301791.99999997, bChange = 0.00466025, totNum = 271
ROUND = 1477, SUM = 8301792, bChange = 0.00466025, totNum = 270
ROUND = 1478, SUM = 8301791.99999998, bChange = 0.00466025, totNum = 270
ROUND = 1479, SUM = 8301791.99999997, bChange = 0.00466025, totNum = 270
ROUND = 1480, SUM = 8301791.99999997, bChange = 0.00466025, totNum = 269
ROUND = 1481, SUM = 8301791.99999996, bChange = 0.00466025, totNum = 268
ROUND = 1482, SUM = 8301791.99999999, bChange = 0.00466024, totNum = 268
ROUND = 1483, SUM = 8301791.99999995, bChange = 0.00466024, totNum = 268
ROUND = 1484, SUM = 8301791.99999994, bChange = 0.00466024, totNum = 268
ROUND = 1485, SUM = 8301791.99999998, bChange = 0.00466024, totNum = 268
ROUND = 1486, SUM = 8301791.99999998, bChange = 0.00466024, totNum = 268
ROUND = 1487, SUM = 8301791.99999998, bChange = 0.00466024, totNum = 268
ROUND = 1488, SUM = 8301791.99999998, bChange = 0.00466024, totNum = 268
ROUND = 1489, SUM = 8301791.99999995, bChange = 0.00466024, totNum = 267
ROUND = 1490, SUM = 8301791.99999999, bChange = 0.00466024, totNum = 267
ROUND = 1491, SUM = 8301791.99999998, bChange = 0.00466024, totNum = 267
ROUND = 1492, SUM = 8301791.99999996, bChange = 0.00466024, totNum = 266
ROUND = 1493, SUM = 8301791.99999997, bChange = 0.00466024, totNum = 266
ROUND = 1494, SUM = 8301791.99999999, bChange = 0.00466024, totNum = 266
ROUND = 1495, SUM = 8301791.99999997, bChange = 0.00466024, totNum = 266
ROUND = 1496, SUM = 8301791.99999997, bChange = 0.00466024, totNum = 266
ROUND = 1497, SUM = 8301791.99999994, bChange = 0.00466023, totNum = 266
ROUND = 1498, SUM = 8301791.99999997, bChange = 0.00466023, totNum = 265
ROUND = 1499, SUM = 8301792, bChange = 0.00466023, totNum = 265
ROUND = 1500, SUM = 8301791.99999995, bChange = 0.00466023, totNum = 265
ROUND = 1501, SUM = 8301792, bChange = 0.00466023, totNum = 265
ROUND = 1502, SUM = 8301792.00000001, bChange = 0.00466023, totNum = 265
ROUND = 1503, SUM = 8301791.99999997, bChange = 0.00466023, totNum = 265
ROUND = 1504, SUM = 8301792.00000001, bChange = 0.00466023, totNum = 264
ROUND = 1505, SUM = 8301791.99999999, bChange = 0.00466023, totNum = 264
ROUND = 1506, SUM = 8301791.99999996, bChange = 0.00466023, totNum = 263
ROUND = 1507, SUM = 8301791.99999997, bChange = 0.00466023, totNum = 263
ROUND = 1508, SUM = 8301791.99999996, bChange = 0.00466023, totNum = 262
ROUND = 1509, SUM = 8301791.99999996, bChange = 0.00466023, totNum = 262
ROUND = 1510, SUM = 8301791.99999996, bChange = 0.00466023, totNum = 262
ROUND = 1511, SUM = 8301791.99999996, bChange = 0.00466023, totNum = 261
ROUND = 1512, SUM = 8301791.99999998, bChange = 0.00466023, totNum = 260
ROUND = 1513, SUM = 8301791.99999998, bChange = 0.00466023, totNum = 260
ROUND = 1514, SUM = 8301791.99999997, bChange = 0.00466022, totNum = 260
ROUND = 1515, SUM = 8301791.99999998, bChange = 0.00466022, totNum = 260
ROUND = 1516, SUM = 8301791.99999998, bChange = 0.00466022, totNum = 260
ROUND = 1517, SUM = 8301791.99999998, bChange = 0.00466022, totNum = 260
ROUND = 1518, SUM = 8301791.99999998, bChange = 0.00466022, totNum = 260
ROUND = 1519, SUM = 8301791.99999998, bChange = 0.00466022, totNum = 260
ROUND = 1520, SUM = 8301791.99999999, bChange = 0.00466022, totNum = 260
ROUND = 1521, SUM = 8301791.99999999, bChange = 0.00466022, totNum = 260
ROUND = 1522, SUM = 8301791.99999996, bChange = 0.00466022, totNum = 260
ROUND = 1523, SUM = 8301791.99999999, bChange = 0.00466022, totNum = 260
ROUND = 1524, SUM = 8301791.99999996, bChange = 0.00466022, totNum = 259
ROUND = 1525, SUM = 8301791.99999998, bChange = 0.00466022, totNum = 257
ROUND = 1526, SUM = 8301792.00000003, bChange = 0.00466022, totNum = 257
ROUND = 1527, SUM = 8301791.99999999, bChange = 0.00466022, totNum = 254
ROUND = 1528, SUM = 8301792.00000001, bChange = 0.00466022, totNum = 254
ROUND = 1529, SUM = 8301792, bChange = 0.00466022, totNum = 252
ROUND = 1530, SUM = 8301792, bChange = 0.00466022, totNum = 250
ROUND = 1531, SUM = 8301792.00000001, bChange = 0.00466022, totNum = 250
ROUND = 1532, SUM = 8301791.99999997, bChange = 0.00466021, totNum = 250
ROUND = 1533, SUM = 8301791.99999999, bChange = 0.00466021, totNum = 250
ROUND = 1534, SUM = 8301791.99999996, bChange = 0.00466021, totNum = 250
ROUND = 1535, SUM = 8301791.99999998, bChange = 0.00466021, totNum = 250
ROUND = 1536, SUM = 8301791.99999997, bChange = 0.00466021, totNum = 249
ROUND = 1537, SUM = 8301791.99999998, bChange = 0.00466021, totNum = 246
ROUND = 1538, SUM = 8301791.99999998, bChange = 0.00466021, totNum = 246
ROUND = 1539, SUM = 8301791.99999999, bChange = 0.00466021, totNum = 245
ROUND = 1540, SUM = 8301791.99999999, bChange = 0.00466021, totNum = 245
ROUND = 1541, SUM = 8301791.99999999, bChange = 0.00466021, totNum = 246
ROUND = 1542, SUM = 8301791.99999994, bChange = 0.00466021, totNum = 245
ROUND = 1543, SUM = 8301791.99999996, bChange = 0.00466021, totNum = 244
ROUND = 1544, SUM = 8301791.99999996, bChange = 0.00466021, totNum = 244
ROUND = 1545, SUM = 8301791.99999997, bChange = 0.00466021, totNum = 243
ROUND = 1546, SUM = 8301791.99999997, bChange = 0.00466021, totNum = 243
ROUND = 1547, SUM = 8301791.99999998, bChange = 0.00466021, totNum = 242
ROUND = 1548, SUM = 8301791.99999999, bChange = 0.00466021, totNum = 242
ROUND = 1549, SUM = 8301791.99999995, bChange = 0.00466021, totNum = 242
ROUND = 1550, SUM = 8301791.99999998, bChange = 0.00466021, totNum = 242
ROUND = 1551, SUM = 8301791.99999997, bChange = 0.00466021, totNum = 242
ROUND = 1552, SUM = 8301791.99999998, bChange = 0.0046602, totNum = 242
ROUND = 1553, SUM = 8301791.99999997, bChange = 0.0046602, totNum = 241
ROUND = 1554, SUM = 8301791.99999998, bChange = 0.0046602, totNum = 241
ROUND = 1555, SUM = 8301791.99999993, bChange = 0.0046602, totNum = 241
ROUND = 1556, SUM = 8301791.99999995, bChange = 0.0046602, totNum = 241
ROUND = 1557, SUM = 8301791.99999998, bChange = 0.0046602, totNum = 241
ROUND = 1558, SUM = 8301791.99999996, bChange = 0.0046602, totNum = 240
ROUND = 1559, SUM = 8301791.99999998, bChange = 0.0046602, totNum = 240
ROUND = 1560, SUM = 8301792.00000001, bChange = 0.0046602, totNum = 240
ROUND = 1561, SUM = 8301791.99999996, bChange = 0.0046602, totNum = 240
ROUND = 1562, SUM = 8301792.00000001, bChange = 0.0046602, totNum = 240
ROUND = 1563, SUM = 8301791.99999998, bChange = 0.0046602, totNum = 239
ROUND = 1564, SUM = 8301791.99999998, bChange = 0.0046602, totNum = 239
ROUND = 1565, SUM = 8301791.99999996, bChange = 0.0046602, totNum = 239
ROUND = 1566, SUM = 8301791.99999995, bChange = 0.0046602, totNum = 239
ROUND = 1567, SUM = 8301791.99999995, bChange = 0.0046602, totNum = 239
ROUND = 1568, SUM = 8301791.99999998, bChange = 0.0046602, totNum = 239
ROUND = 1569, SUM = 8301791.99999998, bChange = 0.0046602, totNum = 239
ROUND = 1570, SUM = 8301791.99999998, bChange = 0.0046602, totNum = 238
ROUND = 1571, SUM = 8301791.99999996, bChange = 0.0046602, totNum = 238
ROUND = 1572, SUM = 8301791.99999996, bChange = 0.0046602, totNum = 238
ROUND = 1573, SUM = 8301791.99999997, bChange = 0.0046602, totNum = 238
ROUND = 1574, SUM = 8301792, bChange = 0.00466019, totNum = 238
ROUND = 1575, SUM = 8301791.99999997, bChange = 0.00466019, totNum = 238
ROUND = 1576, SUM = 8301791.99999997, bChange = 0.00466019, totNum = 238
ROUND = 1577, SUM = 8301791.99999999, bChange = 0.00466019, totNum = 237
ROUND = 1578, SUM = 8301792.00000001, bChange = 0.00466019, totNum = 236
ROUND = 1579, SUM = 8301791.99999996, bChange = 0.00466019, totNum = 236
ROUND = 1580, SUM = 8301791.99999996, bChange = 0.00466019, totNum = 234
ROUND = 1581, SUM = 8301791.99999998, bChange = 0.00466019, totNum = 234
ROUND = 1582, SUM = 8301791.99999998, bChange = 0.00466019, totNum = 232
ROUND = 1583, SUM = 8301791.99999998, bChange = 0.00466019, totNum = 230
ROUND = 1584, SUM = 8301791.99999999, bChange = 0.00466019, totNum = 230
ROUND = 1585, SUM = 8301791.99999997, bChange = 0.00466019, totNum = 229
ROUND = 1586, SUM = 8301792, bChange = 0.00466019, totNum = 227
ROUND = 1587, SUM = 8301791.99999997, bChange = 0.00466019, totNum = 227
ROUND = 1588, SUM = 8301791.99999998, bChange = 0.00466019, totNum = 226
ROUND = 1589, SUM = 8301791.99999997, bChange = 0.00466019, totNum = 225
ROUND = 1590, SUM = 8301791.99999996, bChange = 0.00466019, totNum = 225
ROUND = 1591, SUM = 8301791.99999998, bChange = 0.00466019, totNum = 225
ROUND = 1592, SUM = 8301791.99999997, bChange = 0.00466019, totNum = 225
ROUND = 1593, SUM = 8301791.99999998, bChange = 0.00466019, totNum = 225
ROUND = 1594, SUM = 8301791.99999998, bChange = 0.00466019, totNum = 225
ROUND = 1595, SUM = 8301791.99999998, bChange = 0.00466019, totNum = 224
ROUND = 1596, SUM = 8301792.00000001, bChange = 0.00466019, totNum = 224
ROUND = 1597, SUM = 8301791.99999999, bChange = 0.00466019, totNum = 224
ROUND = 1598, SUM = 8301791.99999993, bChange = 0.00466019, totNum = 224
ROUND = 1599, SUM = 8301791.99999999, bChange = 0.00466018, totNum = 223
ROUND = 1600, SUM = 8301791.99999996, bChange = 0.00466018, totNum = 223
ROUND = 1601, SUM = 8301791.99999999, bChange = 0.00466018, totNum = 220
ROUND = 1602, SUM = 8301791.99999996, bChange = 0.00466018, totNum = 220
ROUND = 1603, SUM = 8301792.00000001, bChange = 0.00466018, totNum = 219
ROUND = 1604, SUM = 8301791.99999998, bChange = 0.00466018, totNum = 217
ROUND = 1605, SUM = 8301791.99999997, bChange = 0.00466018, totNum = 217
ROUND = 1606, SUM = 8301791.99999998, bChange = 0.00466018, totNum = 217
ROUND = 1607, SUM = 8301791.99999997, bChange = 0.00466018, totNum = 216
ROUND = 1608, SUM = 8301791.99999996, bChange = 0.00466018, totNum = 216
ROUND = 1609, SUM = 8301792.00000001, bChange = 0.00466018, totNum = 216
ROUND = 1610, SUM = 8301791.99999998, bChange = 0.00364631, totNum = 215
ROUND = 1611, SUM = 8301791.99999996, bChange = 0.00364635, totNum = 215
ROUND = 1612, SUM = 8301791.99999995, bChange = 0.00364639, totNum = 215
ROUND = 1613, SUM = 8301791.99999997, bChange = 0.00364642, totNum = 215
ROUND = 1614, SUM = 8301792, bChange = 0.00364646, totNum = 215
ROUND = 1615, SUM = 8301791.99999996, bChange = 0.0036465, totNum = 215
ROUND = 1616, SUM = 8301791.99999998, bChange = 0.00364653, totNum = 215
ROUND = 1617, SUM = 8301791.99999999, bChange = 0.00364657, totNum = 215
ROUND = 1618, SUM = 8301791.99999995, bChange = 0.0036466, totNum = 215
ROUND = 1619, SUM = 8301791.99999998, bChange = 0.00364664, totNum = 213
ROUND = 1620, SUM = 8301791.99999996, bChange = 0.00364668, totNum = 213
ROUND = 1621, SUM = 8301791.99999997, bChange = 0.00364671, totNum = 212
ROUND = 1622, SUM = 8301791.99999998, bChange = 0.00364675, totNum = 212
ROUND = 1623, SUM = 8301791.99999997, bChange = 0.00364678, totNum = 212
ROUND = 1624, SUM = 8301791.99999997, bChange = 0.00364682, totNum = 212
ROUND = 1625, SUM = 8301791.99999997, bChange = 0.00364685, totNum = 212
ROUND = 1626, SUM = 8301791.99999999, bChange = 0.00364689, totNum = 211
ROUND = 1627, SUM = 8301791.99999999, bChange = 0.00364692, totNum = 211
ROUND = 1628, SUM = 8301792.00000001, bChange = 0.00364696, totNum = 211
ROUND = 1629, SUM = 8301791.99999997, bChange = 0.00364699, totNum = 210
ROUND = 1630, SUM = 8301791.99999997, bChange = 0.00364703, totNum = 210
ROUND = 1631, SUM = 8301791.99999997, bChange = 0.00364706, totNum = 210
ROUND = 1632, SUM = 8301791.99999998, bChange = 0.0036471, totNum = 210
ROUND = 1633, SUM = 8301791.99999999, bChange = 0.00364713, totNum = 210
ROUND = 1634, SUM = 8301791.99999997, bChange = 0.00364716, totNum = 209
ROUND = 1635, SUM = 8301791.99999997, bChange = 0.0036472, totNum = 209
ROUND = 1636, SUM = 8301791.99999999, bChange = 0.00364723, totNum = 209
ROUND = 1637, SUM = 8301791.99999998, bChange = 0.00364726, totNum = 209
ROUND = 1638, SUM = 8301791.99999995, bChange = 0.0036473, totNum = 209
ROUND = 1639, SUM = 8301791.99999998, bChange = 0.00364733, totNum = 208
ROUND = 1640, SUM = 8301791.99999995, bChange = 0.00364736, totNum = 207
ROUND = 1641, SUM = 8301791.99999996, bChange = 0.0036474, totNum = 207
ROUND = 1642, SUM = 8301791.99999998, bChange = 0.00364743, totNum = 207
ROUND = 1643, SUM = 8301791.99999999, bChange = 0.00364746, totNum = 207
ROUND = 1644, SUM = 8301792, bChange = 0.0036475, totNum = 207
ROUND = 1645, SUM = 8301791.99999998, bChange = 0.00364753, totNum = 207
ROUND = 1646, SUM = 8301791.99999997, bChange = 0.00364756, totNum = 206
ROUND = 1647, SUM = 8301791.99999995, bChange = 0.00364759, totNum = 206
ROUND = 1648, SUM = 8301791.99999996, bChange = 0.00364763, totNum = 205
ROUND = 1649, SUM = 8301791.99999998, bChange = 0.00364766, totNum = 203
ROUND = 1650, SUM = 8301791.99999999, bChange = 0.00364769, totNum = 203
ROUND = 1651, SUM = 8301791.99999995, bChange = 0.00364772, totNum = 202
ROUND = 1652, SUM = 8301791.99999999, bChange = 0.00364775, totNum = 202
ROUND = 1653, SUM = 8301791.99999997, bChange = 0.00364779, totNum = 200
ROUND = 1654, SUM = 8301791.99999999, bChange = 0.00364782, totNum = 200
ROUND = 1655, SUM = 8301792.00000001, bChange = 0.00364785, totNum = 200
ROUND = 1656, SUM = 8301791.99999999, bChange = 0.00364788, totNum = 199
ROUND = 1657, SUM = 8301791.99999997, bChange = 0.00364791, totNum = 199
ROUND = 1658, SUM = 8301792.00000002, bChange = 0.00364794, totNum = 198
ROUND = 1659, SUM = 8301791.99999998, bChange = 0.00364797, totNum = 197
ROUND = 1660, SUM = 8301791.99999998, bChange = 0.003648, totNum = 197
ROUND = 1661, SUM = 8301791.99999997, bChange = 0.00364804, totNum = 197
ROUND = 1662, SUM = 8301792.00000001, bChange = 0.00364807, totNum = 195
ROUND = 1663, SUM = 8301792, bChange = 0.0036481, totNum = 194
ROUND = 1664, SUM = 8301791.99999999, bChange = 0.00364813, totNum = 193
ROUND = 1665, SUM = 8301791.99999999, bChange = 0.00364816, totNum = 193
ROUND = 1666, SUM = 8301792, bChange = 0.00364819, totNum = 193
ROUND = 1667, SUM = 8301791.99999998, bChange = 0.00364822, totNum = 193
ROUND = 1668, SUM = 8301792, bChange = 0.00364825, totNum = 193
ROUND = 1669, SUM = 8301791.99999999, bChange = 0.00364828, totNum = 193
ROUND = 1670, SUM = 8301792, bChange = 0.00364831, totNum = 193
ROUND = 1671, SUM = 8301792.00000001, bChange = 0.00364834, totNum = 193
ROUND = 1672, SUM = 8301791.99999997, bChange = 0.00340801, totNum = 190
ROUND = 1673, SUM = 8301791.99999999, bChange = 0.00340799, totNum = 190
ROUND = 1674, SUM = 8301791.99999999, bChange = 0.00340798, totNum = 190
ROUND = 1675, SUM = 8301792, bChange = 0.00340797, totNum = 190
ROUND = 1676, SUM = 8301792, bChange = 0.00340796, totNum = 189
ROUND = 1677, SUM = 8301791.99999996, bChange = 0.00340795, totNum = 189
ROUND = 1678, SUM = 8301791.99999997, bChange = 0.00340794, totNum = 189
ROUND = 1679, SUM = 8301791.99999998, bChange = 0.00340792, totNum = 189
ROUND = 1680, SUM = 8301791.99999997, bChange = 0.00340791, totNum = 189
ROUND = 1681, SUM = 8301791.99999997, bChange = 0.0034079, totNum = 188
ROUND = 1682, SUM = 8301792, bChange = 0.00340789, totNum = 187
ROUND = 1683, SUM = 8301791.99999998, bChange = 0.00340788, totNum = 187
ROUND = 1684, SUM = 8301792, bChange = 0.00340787, totNum = 187
ROUND = 1685, SUM = 8301791.99999998, bChange = 0.00340786, totNum = 187
ROUND = 1686, SUM = 8301792, bChange = 0.00340785, totNum = 187
ROUND = 1687, SUM = 8301792, bChange = 0.00340784, totNum = 187
ROUND = 1688, SUM = 8301791.99999999, bChange = 0.00340783, totNum = 187
ROUND = 1689, SUM = 8301791.99999997, bChange = 0.00340782, totNum = 187
ROUND = 1690, SUM = 8301791.99999997, bChange = 0.00340781, totNum = 187
ROUND = 1691, SUM = 8301791.99999997, bChange = 0.0034078, totNum = 186
ROUND = 1692, SUM = 8301791.99999997, bChange = 0.00340779, totNum = 186
ROUND = 1693, SUM = 8301791.99999997, bChange = 0.00340778, totNum = 185
ROUND = 1694, SUM = 8301791.99999996, bChange = 0.00340777, totNum = 185
ROUND = 1695, SUM = 8301792.00000001, bChange = 0.00340776, totNum = 186
ROUND = 1696, SUM = 8301791.99999995, bChange = 0.00340776, totNum = 186
ROUND = 1697, SUM = 8301791.99999997, bChange = 0.00340775, totNum = 186
ROUND = 1698, SUM = 8301791.99999999, bChange = 0.00340774, totNum = 184
ROUND = 1699, SUM = 8301791.99999997, bChange = 0.00340773, totNum = 184
ROUND = 1700, SUM = 8301791.99999996, bChange = 0.00340772, totNum = 183
ROUND = 1701, SUM = 8301791.99999997, bChange = 0.00340771, totNum = 183
ROUND = 1702, SUM = 8301792, bChange = 0.0034077, totNum = 183
ROUND = 1703, SUM = 8301791.99999997, bChange = 0.0034077, totNum = 183
ROUND = 1704, SUM = 8301791.99999997, bChange = 0.00340769, totNum = 183
ROUND = 1705, SUM = 8301791.99999996, bChange = 0.00340768, totNum = 182
ROUND = 1706, SUM = 8301791.99999999, bChange = 0.00340767, totNum = 182
ROUND = 1707, SUM = 8301792, bChange = 0.00340767, totNum = 182
ROUND = 1708, SUM = 8301791.99999997, bChange = 0.00340766, totNum = 182
ROUND = 1709, SUM = 8301791.99999997, bChange = 0.00340765, totNum = 182
ROUND = 1710, SUM = 8301791.99999999, bChange = 0.00340764, totNum = 181
ROUND = 1711, SUM = 8301791.99999999, bChange = 0.00340764, totNum = 181
ROUND = 1712, SUM = 8301791.99999999, bChange = 0.00340763, totNum = 181
ROUND = 1713, SUM = 8301791.99999994, bChange = 0.00340762, totNum = 181
ROUND = 1714, SUM = 8301791.99999998, bChange = 0.00340762, totNum = 181
ROUND = 1715, SUM = 8301792, bChange = 0.00340761, totNum = 180
ROUND = 1716, SUM = 8301791.99999996, bChange = 0.0034076, totNum = 176
ROUND = 1717, SUM = 8301791.99999996, bChange = 0.0034076, totNum = 176
ROUND = 1718, SUM = 8301791.99999998, bChange = 0.00340759, totNum = 176
ROUND = 1719, SUM = 8301791.99999997, bChange = 0.00340759, totNum = 175
ROUND = 1720, SUM = 8301791.99999996, bChange = 0.00340758, totNum = 175
ROUND = 1721, SUM = 8301791.99999999, bChange = 0.00340758, totNum = 175
ROUND = 1722, SUM = 8301791.99999994, bChange = 0.00340757, totNum = 174
ROUND = 1723, SUM = 8301791.99999994, bChange = 0.00340756, totNum = 174
ROUND = 1724, SUM = 8301791.99999996, bChange = 0.00340756, totNum = 174
ROUND = 1725, SUM = 8301791.99999996, bChange = 0.00340755, totNum = 174
ROUND = 1726, SUM = 8301791.99999998, bChange = 0.00340755, totNum = 174
ROUND = 1727, SUM = 8301791.99999997, bChange = 0.00340754, totNum = 174
ROUND = 1728, SUM = 8301791.99999997, bChange = 0.00340754, totNum = 174
ROUND = 1729, SUM = 8301791.99999998, bChange = 0.00340753, totNum = 173
ROUND = 1730, SUM = 8301791.99999996, bChange = 0.00340753, totNum = 173
ROUND = 1731, SUM = 8301791.99999996, bChange = 0.00340752, totNum = 173
ROUND = 1732, SUM = 8301792, bChange = 0.00340752, totNum = 173
ROUND = 1733, SUM = 8301792, bChange = 0.00340752, totNum = 173
ROUND = 1734, SUM = 8301791.99999998, bChange = 0.00340751, totNum = 173
ROUND = 1735, SUM = 8301791.99999999, bChange = 0.00340751, totNum = 171
ROUND = 1736, SUM = 8301791.99999999, bChange = 0.0034075, totNum = 171
ROUND = 1737, SUM = 8301791.99999997, bChange = 0.0034075, totNum = 172
ROUND = 1738, SUM = 8301791.99999994, bChange = 0.0034075, totNum = 172
ROUND = 1739, SUM = 8301791.99999997, bChange = 0.00340749, totNum = 172
ROUND = 1740, SUM = 8301791.99999999, bChange = 0.00340749, totNum = 170
ROUND = 1741, SUM = 8301791.99999999, bChange = 0.00340749, totNum = 169
ROUND = 1742, SUM = 8301791.99999999, bChange = 0.00340748, totNum = 169
ROUND = 1743, SUM = 8301791.99999999, bChange = 0.00340748, totNum = 168
ROUND = 1744, SUM = 8301791.99999998, bChange = 0.00340748, totNum = 168
ROUND = 1745, SUM = 8301791.99999998, bChange = 0.00340747, totNum = 168
ROUND = 1746, SUM = 8301791.99999998, bChange = 0.00314018, totNum = 167
ROUND = 1747, SUM = 8301791.99999997, bChange = 0.00314014, totNum = 166
ROUND = 1748, SUM = 8301791.99999998, bChange = 0.00314009, totNum = 165
ROUND = 1749, SUM = 8301791.99999997, bChange = 0.00314005, totNum = 165
ROUND = 1750, SUM = 8301791.99999999, bChange = 0.00314001, totNum = 164
ROUND = 1751, SUM = 8301791.99999995, bChange = 0.00313996, totNum = 164
ROUND = 1752, SUM = 8301791.99999996, bChange = 0.00313992, totNum = 164
ROUND = 1753, SUM = 8301791.99999995, bChange = 0.00313988, totNum = 164
ROUND = 1754, SUM = 8301792.00000001, bChange = 0.00313983, totNum = 164
ROUND = 1755, SUM = 8301791.99999999, bChange = 0.00313979, totNum = 164
ROUND = 1756, SUM = 8301791.99999999, bChange = 0.00313975, totNum = 163
ROUND = 1757, SUM = 8301792.00000001, bChange = 0.00313971, totNum = 163
ROUND = 1758, SUM = 8301791.99999998, bChange = 0.00313966, totNum = 163
ROUND = 1759, SUM = 8301791.99999999, bChange = 0.00313962, totNum = 163
ROUND = 1760, SUM = 8301792.00000002, bChange = 0.00313958, totNum = 163
ROUND = 1761, SUM = 8301791.99999996, bChange = 0.00313954, totNum = 163
ROUND = 1762, SUM = 8301791.99999996, bChange = 0.00313949, totNum = 163
ROUND = 1763, SUM = 8301792, bChange = 0.00313945, totNum = 162
ROUND = 1764, SUM = 8301791.99999997, bChange = 0.00313941, totNum = 162
ROUND = 1765, SUM = 8301792, bChange = 0.00313937, totNum = 161
ROUND = 1766, SUM = 8301791.99999999, bChange = 0.00313933, totNum = 161
ROUND = 1767, SUM = 8301792.00000001, bChange = 0.00313929, totNum = 161
ROUND = 1768, SUM = 8301791.99999997, bChange = 0.00313924, totNum = 161
ROUND = 1769, SUM = 8301791.99999999, bChange = 0.0031392, totNum = 161
ROUND = 1770, SUM = 8301791.99999999, bChange = 0.00313916, totNum = 161
ROUND = 1771, SUM = 8301791.99999997, bChange = 0.00313912, totNum = 161
ROUND = 1772, SUM = 8301791.99999999, bChange = 0.00313908, totNum = 160
ROUND = 1773, SUM = 8301791.99999998, bChange = 0.00313904, totNum = 161
ROUND = 1774, SUM = 8301792.00000001, bChange = 0.003139, totNum = 161
ROUND = 1775, SUM = 8301791.99999998, bChange = 0.00313896, totNum = 160
ROUND = 1776, SUM = 8301791.99999998, bChange = 0.00313892, totNum = 160
ROUND = 1777, SUM = 8301791.99999996, bChange = 0.00313888, totNum = 160
ROUND = 1778, SUM = 8301791.99999999, bChange = 0.00313884, totNum = 160
ROUND = 1779, SUM = 8301791.99999999, bChange = 0.0031388, totNum = 160
ROUND = 1780, SUM = 8301791.99999998, bChange = 0.00313876, totNum = 159
ROUND = 1781, SUM = 8301791.99999997, bChange = 0.00313872, totNum = 158
ROUND = 1782, SUM = 8301791.99999997, bChange = 0.00313868, totNum = 158
ROUND = 1783, SUM = 8301791.99999997, bChange = 0.00313864, totNum = 158
ROUND = 1784, SUM = 8301792, bChange = 0.0031386, totNum = 158
ROUND = 1785, SUM = 8301791.99999997, bChange = 0.00313856, totNum = 158
ROUND = 1786, SUM = 8301791.99999997, bChange = 0.00313852, totNum = 158
ROUND = 1787, SUM = 8301791.99999995, bChange = 0.00313849, totNum = 157
ROUND = 1788, SUM = 8301791.99999996, bChange = 0.00313845, totNum = 157
ROUND = 1789, SUM = 8301791.99999998, bChange = 0.00313841, totNum = 156
ROUND = 1790, SUM = 8301791.99999996, bChange = 0.00313837, totNum = 156
ROUND = 1791, SUM = 8301791.99999998, bChange = 0.00313833, totNum = 156
ROUND = 1792, SUM = 8301791.99999998, bChange = 0.00313829, totNum = 155
ROUND = 1793, SUM = 8301791.99999996, bChange = 0.00313825, totNum = 155
ROUND = 1794, SUM = 8301792.00000001, bChange = 0.00313822, totNum = 154
ROUND = 1795, SUM = 8301791.99999996, bChange = 0.00313818, totNum = 154
ROUND = 1796, SUM = 8301792, bChange = 0.00313814, totNum = 153
ROUND = 1797, SUM = 8301791.99999995, bChange = 0.0031381, totNum = 152
ROUND = 1798, SUM = 8301792, bChange = 0.00313807, totNum = 152
ROUND = 1799, SUM = 8301791.99999999, bChange = 0.00313803, totNum = 152
ROUND = 1800, SUM = 8301792.00000002, bChange = 0.00313799, totNum = 152
ROUND = 1801, SUM = 8301791.99999995, bChange = 0.00313795, totNum = 152
ROUND = 1802, SUM = 8301791.99999997, bChange = 0.00313792, totNum = 152
ROUND = 1803, SUM = 8301791.99999997, bChange = 0.00313788, totNum = 152
ROUND = 1804, SUM = 8301791.99999997, bChange = 0.00313784, totNum = 152
ROUND = 1805, SUM = 8301791.99999996, bChange = 0.00313781, totNum = 151
ROUND = 1806, SUM = 8301791.99999999, bChange = 0.00313777, totNum = 151
ROUND = 1807, SUM = 8301791.99999997, bChange = 0.00313773, totNum = 151
ROUND = 1808, SUM = 8301791.99999998, bChange = 0.0031377, totNum = 151
ROUND = 1809, SUM = 8301791.99999996, bChange = 0.00313766, totNum = 151
ROUND = 1810, SUM = 8301792, bChange = 0.00309107, totNum = 150
ROUND = 1811, SUM = 8301791.99999996, bChange = 0.00309107, totNum = 150
ROUND = 1812, SUM = 8301791.99999998, bChange = 0.00309107, totNum = 150
ROUND = 1813, SUM = 8301791.99999996, bChange = 0.00309107, totNum = 150
ROUND = 1814, SUM = 8301791.99999999, bChange = 0.00309107, totNum = 150
ROUND = 1815, SUM = 8301791.99999998, bChange = 0.00309107, totNum = 150
ROUND = 1816, SUM = 8301791.99999997, bChange = 0.00309107, totNum = 149
ROUND = 1817, SUM = 8301792, bChange = 0.00309107, totNum = 149
ROUND = 1818, SUM = 8301791.99999996, bChange = 0.00309107, totNum = 149
ROUND = 1819, SUM = 8301791.99999996, bChange = 0.00309107, totNum = 149
ROUND = 1820, SUM = 8301791.99999999, bChange = 0.00309107, totNum = 149
ROUND = 1821, SUM = 8301791.99999999, bChange = 0.00309106, totNum = 149
ROUND = 1822, SUM = 8301792, bChange = 0.00309106, totNum = 149
ROUND = 1823, SUM = 8301791.99999999, bChange = 0.00309106, totNum = 148
ROUND = 1824, SUM = 8301791.99999998, bChange = 0.00309106, totNum = 147
ROUND = 1825, SUM = 8301791.99999996, bChange = 0.00309106, totNum = 147
ROUND = 1826, SUM = 8301791.99999997, bChange = 0.00309106, totNum = 147
ROUND = 1827, SUM = 8301791.99999997, bChange = 0.00309106, totNum = 147
ROUND = 1828, SUM = 8301791.99999997, bChange = 0.00309106, totNum = 147
ROUND = 1829, SUM = 8301792, bChange = 0.00309106, totNum = 146
ROUND = 1830, SUM = 8301791.99999997, bChange = 0.00309106, totNum = 145
ROUND = 1831, SUM = 8301791.99999996, bChange = 0.00309106, totNum = 145
ROUND = 1832, SUM = 8301791.99999999, bChange = 0.00309106, totNum = 144
ROUND = 1833, SUM = 8301791.99999996, bChange = 0.00309106, totNum = 143
ROUND = 1834, SUM = 8301791.99999999, bChange = 0.00309106, totNum = 143
ROUND = 1835, SUM = 8301791.99999996, bChange = 0.00309106, totNum = 142
ROUND = 1836, SUM = 8301791.99999999, bChange = 0.00309106, totNum = 142
ROUND = 1837, SUM = 8301791.99999999, bChange = 0.00307404, totNum = 141
ROUND = 1838, SUM = 8301791.99999997, bChange = 0.00307405, totNum = 140
ROUND = 1839, SUM = 8301792, bChange = 0.00307407, totNum = 140
ROUND = 1840, SUM = 8301791.99999998, bChange = 0.00307408, totNum = 140
ROUND = 1841, SUM = 8301791.99999999, bChange = 0.00307409, totNum = 140
ROUND = 1842, SUM = 8301791.99999999, bChange = 0.0030741, totNum = 140
ROUND = 1843, SUM = 8301791.99999999, bChange = 0.00307411, totNum = 140
ROUND = 1844, SUM = 8301791.99999999, bChange = 0.00307412, totNum = 139
ROUND = 1845, SUM = 8301791.99999999, bChange = 0.00307413, totNum = 139
ROUND = 1846, SUM = 8301791.99999999, bChange = 0.00307415, totNum = 138
ROUND = 1847, SUM = 8301791.99999997, bChange = 0.00307416, totNum = 138
ROUND = 1848, SUM = 8301791.99999999, bChange = 0.00307417, totNum = 138
ROUND = 1849, SUM = 8301791.99999998, bChange = 0.00307418, totNum = 138
ROUND = 1850, SUM = 8301791.99999997, bChange = 0.00307419, totNum = 137
ROUND = 1851, SUM = 8301792, bChange = 0.0030742, totNum = 135
ROUND = 1852, SUM = 8301792, bChange = 0.00307421, totNum = 134
ROUND = 1853, SUM = 8301792, bChange = 0.00307423, totNum = 134
ROUND = 1854, SUM = 8301791.99999999, bChange = 0.00307424, totNum = 134
ROUND = 1855, SUM = 8301791.99999996, bChange = 0.00307425, totNum = 133
ROUND = 1856, SUM = 8301792, bChange = 0.00307426, totNum = 132
ROUND = 1857, SUM = 8301791.99999997, bChange = 0.00307427, totNum = 132
ROUND = 1858, SUM = 8301791.99999994, bChange = 0.00307428, totNum = 132
ROUND = 1859, SUM = 8301791.99999997, bChange = 0.00307429, totNum = 132
ROUND = 1860, SUM = 8301791.99999999, bChange = 0.0030743, totNum = 132
ROUND = 1861, SUM = 8301791.99999997, bChange = 0.00307431, totNum = 132
ROUND = 1862, SUM = 8301791.99999999, bChange = 0.00307433, totNum = 132
ROUND = 1863, SUM = 8301791.99999999, bChange = 0.00307434, totNum = 132
ROUND = 1864, SUM = 8301791.99999997, bChange = 0.00307435, totNum = 132
ROUND = 1865, SUM = 8301791.99999999, bChange = 0.00307436, totNum = 130
ROUND = 1866, SUM = 8301791.99999999, bChange = 0.00307437, totNum = 130
ROUND = 1867, SUM = 8301792, bChange = 0.00307438, totNum = 130
ROUND = 1868, SUM = 8301791.99999999, bChange = 0.00307439, totNum = 130
ROUND = 1869, SUM = 8301791.99999998, bChange = 0.0030744, totNum = 129
ROUND = 1870, SUM = 8301791.99999994, bChange = 0.00307441, totNum = 129
ROUND = 1871, SUM = 8301791.99999997, bChange = 0.00307442, totNum = 129
ROUND = 1872, SUM = 8301791.99999996, bChange = 0.00307443, totNum = 129
ROUND = 1873, SUM = 8301791.99999998, bChange = 0.00307444, totNum = 129
ROUND = 1874, SUM = 8301791.99999998, bChange = 0.00307445, totNum = 129
ROUND = 1875, SUM = 8301791.99999997, bChange = 0.00307446, totNum = 129
ROUND = 1876, SUM = 8301791.99999996, bChange = 0.00307448, totNum = 129
ROUND = 1877, SUM = 8301791.99999998, bChange = 0.00307449, totNum = 129
ROUND = 1878, SUM = 8301791.99999997, bChange = 0.0030745, totNum = 129
ROUND = 1879, SUM = 8301791.99999999, bChange = 0.00307451, totNum = 129
ROUND = 1880, SUM = 8301791.99999996, bChange = 0.00307452, totNum = 129
ROUND = 1881, SUM = 8301791.99999997, bChange = 0.0026752, totNum = 128
ROUND = 1882, SUM = 8301791.99999994, bChange = 0.00267516, totNum = 128
ROUND = 1883, SUM = 8301791.99999994, bChange = 0.00267512, totNum = 126
ROUND = 1884, SUM = 8301791.99999994, bChange = 0.00267508, totNum = 126
ROUND = 1885, SUM = 8301791.99999997, bChange = 0.00267504, totNum = 125
ROUND = 1886, SUM = 8301791.99999998, bChange = 0.00267501, totNum = 125
ROUND = 1887, SUM = 8301791.99999997, bChange = 0.00267497, totNum = 125
ROUND = 1888, SUM = 8301791.99999998, bChange = 0.00267493, totNum = 125
ROUND = 1889, SUM = 8301791.99999998, bChange = 0.00267489, totNum = 125
ROUND = 1890, SUM = 8301792.00000001, bChange = 0.00267486, totNum = 125
ROUND = 1891, SUM = 8301792, bChange = 0.00267482, totNum = 125
ROUND = 1892, SUM = 8301791.99999993, bChange = 0.00267478, totNum = 125
ROUND = 1893, SUM = 8301791.99999994, bChange = 0.00267475, totNum = 125
ROUND = 1894, SUM = 8301792, bChange = 0.00267471, totNum = 124
ROUND = 1895, SUM = 8301791.99999998, bChange = 0.00267467, totNum = 124
ROUND = 1896, SUM = 8301791.99999996, bChange = 0.00267463, totNum = 124
ROUND = 1897, SUM = 8301791.99999996, bChange = 0.0026746, totNum = 124
ROUND = 1898, SUM = 8301791.99999997, bChange = 0.00267456, totNum = 124
ROUND = 1899, SUM = 8301791.99999997, bChange = 0.00267452, totNum = 123
ROUND = 1900, SUM = 8301792, bChange = 0.00267449, totNum = 122
ROUND = 1901, SUM = 8301791.99999998, bChange = 0.00267445, totNum = 122
ROUND = 1902, SUM = 8301792, bChange = 0.00267442, totNum = 121
ROUND = 1903, SUM = 8301791.99999996, bChange = 0.00267438, totNum = 120
ROUND = 1904, SUM = 8301791.99999996, bChange = 0.00267434, totNum = 120
ROUND = 1905, SUM = 8301791.99999995, bChange = 0.00267431, totNum = 120
ROUND = 1906, SUM = 8301791.99999997, bChange = 0.00267427, totNum = 119
ROUND = 1907, SUM = 8301791.99999994, bChange = 0.00267424, totNum = 119
ROUND = 1908, SUM = 8301791.99999996, bChange = 0.0026742, totNum = 119
ROUND = 1909, SUM = 8301791.99999998, bChange = 0.00267417, totNum = 119
ROUND = 1910, SUM = 8301791.99999999, bChange = 0.00267413, totNum = 119
ROUND = 1911, SUM = 8301791.99999998, bChange = 0.00267409, totNum = 119
ROUND = 1912, SUM = 8301791.99999998, bChange = 0.00267406, totNum = 119
ROUND = 1913, SUM = 8301791.99999997, bChange = 0.00267402, totNum = 119
ROUND = 1914, SUM = 8301791.99999998, bChange = 0.00267399, totNum = 119
ROUND = 1915, SUM = 8301791.99999996, bChange = 0.00267395, totNum = 119
ROUND = 1916, SUM = 8301791.99999996, bChange = 0.00267392, totNum = 119
ROUND = 1917, SUM = 8301791.99999995, bChange = 0.00267388, totNum = 119
ROUND = 1918, SUM = 8301791.99999996, bChange = 0.00267385, totNum = 119
ROUND = 1919, SUM = 8301791.99999998, bChange = 0.00267382, totNum = 118
ROUND = 1920, SUM = 8301791.99999996, bChange = 0.00267378, totNum = 118
ROUND = 1921, SUM = 8301791.99999997, bChange = 0.00267375, totNum = 118
ROUND = 1922, SUM = 8301791.99999996, bChange = 0.00267371, totNum = 117
ROUND = 1923, SUM = 8301791.99999998, bChange = 0.00267368, totNum = 117
ROUND = 1924, SUM = 8301791.99999999, bChange = 0.00267364, totNum = 117
ROUND = 1925, SUM = 8301791.99999996, bChange = 0.00267361, totNum = 117
ROUND = 1926, SUM = 8301791.99999999, bChange = 0.00267358, totNum = 117
ROUND = 1927, SUM = 8301791.99999996, bChange = 0.00267354, totNum = 117
ROUND = 1928, SUM = 8301791.99999996, bChange = 0.00267351, totNum = 117
ROUND = 1929, SUM = 8301792, bChange = 0.00267347, totNum = 117
ROUND = 1930, SUM = 8301791.99999997, bChange = 0.00266147, totNum = 114
ROUND = 1931, SUM = 8301791.99999999, bChange = 0.00266143, totNum = 113
ROUND = 1932, SUM = 8301791.99999995, bChange = 0.00266139, totNum = 113
ROUND = 1933, SUM = 8301791.99999996, bChange = 0.00266135, totNum = 113
ROUND = 1934, SUM = 8301792.00000001, bChange = 0.00259677, totNum = 112
ROUND = 1935, SUM = 8301791.99999999, bChange = 0.00259674, totNum = 111
ROUND = 1936, SUM = 8301791.99999998, bChange = 0.0025967, totNum = 110
ROUND = 1937, SUM = 8301791.99999999, bChange = 0.00259667, totNum = 110
ROUND = 1938, SUM = 8301792.00000001, bChange = 0.00259663, totNum = 110
ROUND = 1939, SUM = 8301791.99999995, bChange = 0.0025966, totNum = 110
ROUND = 1940, SUM = 8301791.99999999, bChange = 0.00259656, totNum = 110
ROUND = 1941, SUM = 8301791.99999998, bChange = 0.00259653, totNum = 110
ROUND = 1942, SUM = 8301791.99999998, bChange = 0.00259649, totNum = 110
ROUND = 1943, SUM = 8301791.99999998, bChange = 0.00259646, totNum = 110
ROUND = 1944, SUM = 8301792.00000002, bChange = 0.00259642, totNum = 110
ROUND = 1945, SUM = 8301791.99999998, bChange = 0.00259639, totNum = 110
ROUND = 1946, SUM = 8301792, bChange = 0.00259636, totNum = 110
ROUND = 1947, SUM = 8301791.99999996, bChange = 0.00259632, totNum = 110
ROUND = 1948, SUM = 8301791.99999999, bChange = 0.00259629, totNum = 110
ROUND = 1949, SUM = 8301791.99999996, bChange = 0.00259625, totNum = 110
ROUND = 1950, SUM = 8301791.99999995, bChange = 0.00259622, totNum = 110
ROUND = 1951, SUM = 8301791.99999996, bChange = 0.00259619, totNum = 110
ROUND = 1952, SUM = 8301791.99999998, bChange = 0.00259615, totNum = 110
ROUND = 1953, SUM = 8301791.99999998, bChange = 0.00259612, totNum = 110
ROUND = 1954, SUM = 8301791.99999998, bChange = 0.00259609, totNum = 110
ROUND = 1955, SUM = 8301791.99999997, bChange = 0.00259605, totNum = 110
ROUND = 1956, SUM = 8301791.99999997, bChange = 0.00259602, totNum = 110
ROUND = 1957, SUM = 8301791.99999996, bChange = 0.00259599, totNum = 110
ROUND = 1958, SUM = 8301791.99999997, bChange = 0.00259595, totNum = 110
ROUND = 1959, SUM = 8301791.99999998, bChange = 0.00259592, totNum = 109
ROUND = 1960, SUM = 8301791.99999998, bChange = 0.00259589, totNum = 108
ROUND = 1961, SUM = 8301791.99999996, bChange = 0.00259585, totNum = 108
ROUND = 1962, SUM = 8301791.99999999, bChange = 0.00259582, totNum = 108
ROUND = 1963, SUM = 8301791.99999993, bChange = 0.00259579, totNum = 108
ROUND = 1964, SUM = 8301791.99999998, bChange = 0.00259576, totNum = 108
ROUND = 1965, SUM = 8301791.99999997, bChange = 0.00259572, totNum = 108
ROUND = 1966, SUM = 8301791.99999997, bChange = 0.00259569, totNum = 108
ROUND = 1967, SUM = 8301791.99999996, bChange = 0.00259566, totNum = 108
ROUND = 1968, SUM = 8301791.99999998, bChange = 0.00259563, totNum = 108
ROUND = 1969, SUM = 8301791.99999999, bChange = 0.00259559, totNum = 108
ROUND = 1970, SUM = 8301791.99999996, bChange = 0.00259556, totNum = 108
ROUND = 1971, SUM = 8301791.99999996, bChange = 0.00259553, totNum = 107
ROUND = 1972, SUM = 8301791.99999995, bChange = 0.0025955, totNum = 107
ROUND = 1973, SUM = 8301791.99999996, bChange = 0.00259547, totNum = 107
ROUND = 1974, SUM = 8301791.99999995, bChange = 0.00259543, totNum = 107
ROUND = 1975, SUM = 8301791.99999993, bChange = 0.0025954, totNum = 107
ROUND = 1976, SUM = 8301791.99999997, bChange = 0.00259537, totNum = 107
ROUND = 1977, SUM = 8301791.99999997, bChange = 0.00259534, totNum = 107
ROUND = 1978, SUM = 8301791.99999997, bChange = 0.00259531, totNum = 107
ROUND = 1979, SUM = 8301791.99999996, bChange = 0.00259528, totNum = 107
ROUND = 1980, SUM = 8301791.99999997, bChange = 0.00259525, totNum = 107
ROUND = 1981, SUM = 8301791.99999997, bChange = 0.00259521, totNum = 107
ROUND = 1982, SUM = 8301791.99999997, bChange = 0.00259518, totNum = 107
ROUND = 1983, SUM = 8301791.99999995, bChange = 0.00259515, totNum = 107
ROUND = 1984, SUM = 8301791.99999997, bChange = 0.00259512, totNum = 107
ROUND = 1985, SUM = 8301791.99999997, bChange = 0.00259509, totNum = 107
ROUND = 1986, SUM = 8301791.99999997, bChange = 0.00259506, totNum = 106
ROUND = 1987, SUM = 8301791.99999994, bChange = 0.00259503, totNum = 106
ROUND = 1988, SUM = 8301791.99999994, bChange = 0.002595, totNum = 106
ROUND = 1989, SUM = 8301791.99999997, bChange = 0.00259497, totNum = 106
ROUND = 1990, SUM = 8301791.99999998, bChange = 0.00259494, totNum = 106
ROUND = 1991, SUM = 8301791.99999993, bChange = 0.00259491, totNum = 106
ROUND = 1992, SUM = 8301791.99999996, bChange = 0.00259488, totNum = 106
ROUND = 1993, SUM = 8301791.99999998, bChange = 0.00259485, totNum = 106
ROUND = 1994, SUM = 8301791.99999997, bChange = 0.00259482, totNum = 106
ROUND = 1995, SUM = 8301791.99999997, bChange = 0.00259479, totNum = 106
ROUND = 1996, SUM = 8301791.99999994, bChange = 0.00259476, totNum = 106
ROUND = 1997, SUM = 8301791.99999997, bChange = 0.00259473, totNum = 106
ROUND = 1998, SUM = 8301791.99999997, bChange = 0.0025947, totNum = 106
ROUND = 1999, SUM = 8301791.99999995, bChange = 0.00259467, totNum = 106
ROUND = 2000, SUM = 8301791.99999996, bChange = 0.00259464, totNum = 106
ROUND = 2001, SUM = 8301791.99999995, bChange = 0.00259461, totNum = 106
ROUND = 2002, SUM = 8301791.99999998, bChange = 0.00259458, totNum = 105
ROUND = 2003, SUM = 8301791.99999997, bChange = 0.00259455, totNum = 105
ROUND = 2004, SUM = 8301791.99999996, bChange = 0.00259452, totNum = 105
ROUND = 2005, SUM = 8301791.99999997, bChange = 0.00259449, totNum = 105
ROUND = 2006, SUM = 8301792, bChange = 0.00259446, totNum = 105
ROUND = 2007, SUM = 8301791.99999998, bChange = 0.00259443, totNum = 105
ROUND = 2008, SUM = 8301791.99999997, bChange = 0.0025944, totNum = 105
ROUND = 2009, SUM = 8301792, bChange = 0.00259437, totNum = 105
ROUND = 2010, SUM = 8301791.99999997, bChange = 0.00259435, totNum = 104
ROUND = 2011, SUM = 8301792, bChange = 0.00259432, totNum = 104
ROUND = 2012, SUM = 8301791.99999999, bChange = 0.00259429, totNum = 104
ROUND = 2013, SUM = 8301791.99999999, bChange = 0.00259426, totNum = 104
ROUND = 2014, SUM = 8301791.99999997, bChange = 0.00259423, totNum = 104
ROUND = 2015, SUM = 8301791.99999998, bChange = 0.0025942, totNum = 103
ROUND = 2016, SUM = 8301791.99999999, bChange = 0.00249963, totNum = 102
ROUND = 2017, SUM = 8301791.99999997, bChange = 0.00249967, totNum = 101
ROUND = 2018, SUM = 8301791.99999994, bChange = 0.00249971, totNum = 101
ROUND = 2019, SUM = 8301792, bChange = 0.00249975, totNum = 101
ROUND = 2020, SUM = 8301791.99999998, bChange = 0.00249979, totNum = 101
ROUND = 2021, SUM = 8301791.99999996, bChange = 0.00249983, totNum = 101
ROUND = 2022, SUM = 8301791.99999997, bChange = 0.00249987, totNum = 101
ROUND = 2023, SUM = 8301791.99999999, bChange = 0.00249991, totNum = 101
ROUND = 2024, SUM = 8301791.99999997, bChange = 0.00249995, totNum = 101
ROUND = 2025, SUM = 8301791.99999999, bChange = 0.00249999, totNum = 101
ROUND = 2026, SUM = 8301791.99999999, bChange = 0.00250003, totNum = 101
ROUND = 2027, SUM = 8301791.99999999, bChange = 0.00250008, totNum = 101
ROUND = 2028, SUM = 8301791.99999998, bChange = 0.00250012, totNum = 101
ROUND = 2029, SUM = 8301791.99999997, bChange = 0.00250016, totNum = 100
ROUND = 2030, SUM = 8301792.00000001, bChange = 0.0025002, totNum = 100
ROUND = 2031, SUM = 8301792, bChange = 0.00250024, totNum = 100
ROUND = 2032, SUM = 8301791.99999997, bChange = 0.00250028, totNum = 100
ROUND = 2033, SUM = 8301791.99999999, bChange = 0.00250031, totNum = 100
ROUND = 2034, SUM = 8301791.99999998, bChange = 0.00250035, totNum = 100
ROUND = 2035, SUM = 8301791.99999997, bChange = 0.00250039, totNum = 100
ROUND = 2036, SUM = 8301791.99999999, bChange = 0.00250043, totNum = 100
ROUND = 2037, SUM = 8301791.99999998, bChange = 0.00250047, totNum = 100
ROUND = 2038, SUM = 8301791.99999999, bChange = 0.00250051, totNum = 97
ROUND = 2039, SUM = 8301791.99999995, bChange = 0.00250055, totNum = 96
ROUND = 2040, SUM = 8301791.99999996, bChange = 0.00250059, totNum = 96
ROUND = 2041, SUM = 8301791.99999997, bChange = 0.00250063, totNum = 96
ROUND = 2042, SUM = 8301791.99999996, bChange = 0.00250067, totNum = 96
ROUND = 2043, SUM = 8301791.99999999, bChange = 0.00250071, totNum = 96
ROUND = 2044, SUM = 8301792, bChange = 0.00250074, totNum = 96
ROUND = 2045, SUM = 8301791.99999997, bChange = 0.00250078, totNum = 96
ROUND = 2046, SUM = 8301792, bChange = 0.00250082, totNum = 96
ROUND = 2047, SUM = 8301792.00000001, bChange = 0.00250086, totNum = 96
ROUND = 2048, SUM = 8301791.99999999, bChange = 0.0025009, totNum = 95
ROUND = 2049, SUM = 8301791.99999997, bChange = 0.00250094, totNum = 95
ROUND = 2050, SUM = 8301792, bChange = 0.00250097, totNum = 95
ROUND = 2051, SUM = 8301791.99999999, bChange = 0.00250101, totNum = 95
ROUND = 2052, SUM = 8301792, bChange = 0.00250105, totNum = 95
ROUND = 2053, SUM = 8301791.99999995, bChange = 0.00250109, totNum = 95
ROUND = 2054, SUM = 8301791.99999997, bChange = 0.00250112, totNum = 95
ROUND = 2055, SUM = 8301792, bChange = 0.00250116, totNum = 95
ROUND = 2056, SUM = 8301792.00000001, bChange = 0.0025012, totNum = 95
ROUND = 2057, SUM = 8301791.99999998, bChange = 0.00250124, totNum = 95
ROUND = 2058, SUM = 8301791.99999997, bChange = 0.00250127, totNum = 95
ROUND = 2059, SUM = 8301791.99999997, bChange = 0.00250131, totNum = 95
ROUND = 2060, SUM = 8301791.99999997, bChange = 0.00250135, totNum = 94
ROUND = 2061, SUM = 8301792, bChange = 0.00250138, totNum = 93
ROUND = 2062, SUM = 8301791.99999997, bChange = 0.00250142, totNum = 92
ROUND = 2063, SUM = 8301791.99999998, bChange = 0.00250146, totNum = 92
ROUND = 2064, SUM = 8301791.99999998, bChange = 0.00250149, totNum = 92
ROUND = 2065, SUM = 8301791.99999997, bChange = 0.00250153, totNum = 92
ROUND = 2066, SUM = 8301791.99999997, bChange = 0.00250157, totNum = 92
ROUND = 2067, SUM = 8301791.99999998, bChange = 0.0025016, totNum = 92
ROUND = 2068, SUM = 8301791.99999999, bChange = 0.00250164, totNum = 92
ROUND = 2069, SUM = 8301791.99999995, bChange = 0.00250168, totNum = 92
ROUND = 2070, SUM = 8301791.99999996, bChange = 0.00250171, totNum = 92
ROUND = 2071, SUM = 8301792, bChange = 0.00250175, totNum = 92
ROUND = 2072, SUM = 8301791.99999999, bChange = 0.00250178, totNum = 92
ROUND = 2073, SUM = 8301791.99999997, bChange = 0.00250182, totNum = 92
ROUND = 2074, SUM = 8301791.99999999, bChange = 0.00250185, totNum = 92
ROUND = 2075, SUM = 8301791.99999998, bChange = 0.00250189, totNum = 92
ROUND = 2076, SUM = 8301791.99999996, bChange = 0.00250193, totNum = 92
ROUND = 2077, SUM = 8301791.99999998, bChange = 0.00250196, totNum = 92
ROUND = 2078, SUM = 8301791.99999998, bChange = 0.002502, totNum = 92
ROUND = 2079, SUM = 8301791.99999997, bChange = 0.00250203, totNum = 92
ROUND = 2080, SUM = 8301792, bChange = 0.00250207, totNum = 92
ROUND = 2081, SUM = 8301792.00000001, bChange = 0.0025021, totNum = 92
ROUND = 2082, SUM = 8301792.00000001, bChange = 0.00250214, totNum = 92
ROUND = 2083, SUM = 8301791.99999997, bChange = 0.00250217, totNum = 92
ROUND = 2084, SUM = 8301791.99999998, bChange = 0.00250221, totNum = 92
ROUND = 2085, SUM = 8301791.99999999, bChange = 0.00250224, totNum = 92
ROUND = 2086, SUM = 8301792, bChange = 0.00250227, totNum = 92
ROUND = 2087, SUM = 8301791.99999996, bChange = 0.00250231, totNum = 92
ROUND = 2088, SUM = 8301791.99999999, bChange = 0.00250234, totNum = 92
ROUND = 2089, SUM = 8301791.99999997, bChange = 0.00250238, totNum = 92
ROUND = 2090, SUM = 8301791.99999997, bChange = 0.00250241, totNum = 93
ROUND = 2091, SUM = 8301791.99999997, bChange = 0.00250245, totNum = 93
ROUND = 2092, SUM = 8301791.99999999, bChange = 0.00250248, totNum = 92
ROUND = 2093, SUM = 8301791.99999996, bChange = 0.00250251, totNum = 92
ROUND = 2094, SUM = 8301791.99999999, bChange = 0.00250255, totNum = 92
ROUND = 2095, SUM = 8301792, bChange = 0.00250258, totNum = 92
ROUND = 2096, SUM = 8301791.99999995, bChange = 0.00250261, totNum = 92
ROUND = 2097, SUM = 8301791.99999997, bChange = 0.00250265, totNum = 91
ROUND = 2098, SUM = 8301791.99999997, bChange = 0.00250268, totNum = 91
ROUND = 2099, SUM = 8301792.00000001, bChange = 0.00250272, totNum = 91
ROUND = 2100, SUM = 8301791.99999997, bChange = 0.00250275, totNum = 91
ROUND = 2101, SUM = 8301792, bChange = 0.00250278, totNum = 91
ROUND = 2102, SUM = 8301791.99999997, bChange = 0.00250281, totNum = 91
ROUND = 2103, SUM = 8301791.99999998, bChange = 0.00250285, totNum = 91
ROUND = 2104, SUM = 8301791.99999999, bChange = 0.00250288, totNum = 91
ROUND = 2105, SUM = 8301791.99999997, bChange = 0.00250291, totNum = 91
ROUND = 2106, SUM = 8301791.99999998, bChange = 0.00250295, totNum = 91
ROUND = 2107, SUM = 8301791.99999997, bChange = 0.00250298, totNum = 91
ROUND = 2108, SUM = 8301792, bChange = 0.00250301, totNum = 91
ROUND = 2109, SUM = 8301791.99999997, bChange = 0.00250304, totNum = 91
ROUND = 2110, SUM = 8301791.99999998, bChange = 0.00250308, totNum = 91
ROUND = 2111, SUM = 8301791.99999997, bChange = 0.00250311, totNum = 90
ROUND = 2112, SUM = 8301791.99999998, bChange = 0.00250314, totNum = 89
ROUND = 2113, SUM = 8301792, bChange = 0.00250317, totNum = 89
ROUND = 2114, SUM = 8301792.00000001, bChange = 0.0025032, totNum = 89
ROUND = 2115, SUM = 8301791.99999997, bChange = 0.00250324, totNum = 89
ROUND = 2116, SUM = 8301792, bChange = 0.00250327, totNum = 89
ROUND = 2117, SUM = 8301791.99999998, bChange = 0.0025033, totNum = 89
ROUND = 2118, SUM = 8301792, bChange = 0.00250333, totNum = 88
ROUND = 2119, SUM = 8301791.99999996, bChange = 0.00250336, totNum = 88
ROUND = 2120, SUM = 8301791.99999997, bChange = 0.0025034, totNum = 88
ROUND = 2121, SUM = 8301791.99999998, bChange = 0.00250343, totNum = 88
ROUND = 2122, SUM = 8301791.99999998, bChange = 0.00250346, totNum = 87
ROUND = 2123, SUM = 8301791.99999999, bChange = 0.00250349, totNum = 87
ROUND = 2124, SUM = 8301791.99999998, bChange = 0.00250352, totNum = 86
ROUND = 2125, SUM = 8301791.99999997, bChange = 0.00250355, totNum = 86
ROUND = 2126, SUM = 8301791.99999998, bChange = 0.00250358, totNum = 86
ROUND = 2127, SUM = 8301791.99999998, bChange = 0.00250361, totNum = 86
ROUND = 2128, SUM = 8301792.00000001, bChange = 0.00250364, totNum = 86
ROUND = 2129, SUM = 8301791.99999997, bChange = 0.00250368, totNum = 86
ROUND = 2130, SUM = 8301791.99999999, bChange = 0.00250371, totNum = 86
ROUND = 2131, SUM = 8301791.99999998, bChange = 0.00250374, totNum = 86
ROUND = 2132, SUM = 8301791.99999998, bChange = 0.00250377, totNum = 86
ROUND = 2133, SUM = 8301791.99999997, bChange = 0.0025038, totNum = 86
ROUND = 2134, SUM = 8301791.99999999, bChange = 0.00250383, totNum = 86
ROUND = 2135, SUM = 8301791.99999999, bChange = 0.00250386, totNum = 86
ROUND = 2136, SUM = 8301792, bChange = 0.00250389, totNum = 86
ROUND = 2137, SUM = 8301792.00000002, bChange = 0.00250392, totNum = 87
ROUND = 2138, SUM = 8301791.99999998, bChange = 0.00250395, totNum = 86
ROUND = 2139, SUM = 8301791.99999996, bChange = 0.00250398, totNum = 86
ROUND = 2140, SUM = 8301792, bChange = 0.00250401, totNum = 86
ROUND = 2141, SUM = 8301791.99999998, bChange = 0.00250404, totNum = 86
ROUND = 2142, SUM = 8301791.99999998, bChange = 0.00250407, totNum = 86
ROUND = 2143, SUM = 8301791.99999998, bChange = 0.0025041, totNum = 86
ROUND = 2144, SUM = 8301792, bChange = 0.00250413, totNum = 86
ROUND = 2145, SUM = 8301791.99999997, bChange = 0.00250416, totNum = 86
ROUND = 2146, SUM = 8301791.99999999, bChange = 0.00250419, totNum = 86
ROUND = 2147, SUM = 8301791.99999999, bChange = 0.00250422, totNum = 86
ROUND = 2148, SUM = 8301791.99999999, bChange = 0.00250424, totNum = 86
ROUND = 2149, SUM = 8301792.00000001, bChange = 0.00250427, totNum = 86
ROUND = 2150, SUM = 8301791.99999998, bChange = 0.0025043, totNum = 86
ROUND = 2151, SUM = 8301792.00000002, bChange = 0.00250433, totNum = 86
ROUND = 2152, SUM = 8301792.00000001, bChange = 0.00250436, totNum = 86
ROUND = 2153, SUM = 8301792.00000001, bChange = 0.00250439, totNum = 86
ROUND = 2154, SUM = 8301791.99999997, bChange = 0.00250442, totNum = 86
ROUND = 2155, SUM = 8301791.99999999, bChange = 0.00250445, totNum = 86
ROUND = 2156, SUM = 8301791.99999996, bChange = 0.00250448, totNum = 86
ROUND = 2157, SUM = 8301791.99999997, bChange = 0.0025045, totNum = 85
ROUND = 2158, SUM = 8301791.99999999, bChange = 0.00250453, totNum = 85
ROUND = 2159, SUM = 8301791.99999999, bChange = 0.00250456, totNum = 85
ROUND = 2160, SUM = 8301791.99999999, bChange = 0.00250459, totNum = 85
ROUND = 2161, SUM = 8301791.99999999, bChange = 0.00250462, totNum = 85
ROUND = 2162, SUM = 8301791.99999995, bChange = 0.00250465, totNum = 85
ROUND = 2163, SUM = 8301792, bChange = 0.00250467, totNum = 85
ROUND = 2164, SUM = 8301791.99999999, bChange = 0.0025047, totNum = 84
ROUND = 2165, SUM = 8301791.99999996, bChange = 0.00250473, totNum = 83
ROUND = 2166, SUM = 8301791.99999997, bChange = 0.00250476, totNum = 83
ROUND = 2167, SUM = 8301791.99999998, bChange = 0.00250479, totNum = 83
ROUND = 2168, SUM = 8301791.99999998, bChange = 0.00250481, totNum = 83
ROUND = 2169, SUM = 8301792, bChange = 0.00250484, totNum = 83
ROUND = 2170, SUM = 8301792.00000001, bChange = 0.00250487, totNum = 83
ROUND = 2171, SUM = 8301792.00000001, bChange = 0.0025049, totNum = 83
ROUND = 2172, SUM = 8301792, bChange = 0.00250492, totNum = 83
ROUND = 2173, SUM = 8301792, bChange = 0.00250495, totNum = 82
ROUND = 2174, SUM = 8301792, bChange = 0.00250498, totNum = 82
ROUND = 2175, SUM = 8301791.99999999, bChange = 0.00250501, totNum = 82
ROUND = 2176, SUM = 8301792, bChange = 0.00250503, totNum = 82
ROUND = 2177, SUM = 8301792, bChange = 0.00250506, totNum = 81
ROUND = 2178, SUM = 8301791.99999997, bChange = 0.00250509, totNum = 81
ROUND = 2179, SUM = 8301791.99999997, bChange = 0.00250511, totNum = 81
ROUND = 2180, SUM = 8301791.99999997, bChange = 0.00250514, totNum = 81
ROUND = 2181, SUM = 8301792.00000001, bChange = 0.00250517, totNum = 81
ROUND = 2182, SUM = 8301791.99999999, bChange = 0.00250519, totNum = 81
ROUND = 2183, SUM = 8301791.99999997, bChange = 0.00250522, totNum = 81
ROUND = 2184, SUM = 8301791.99999998, bChange = 0.00250525, totNum = 81
ROUND = 2185, SUM = 8301791.99999995, bChange = 0.00250527, totNum = 81
ROUND = 2186, SUM = 8301792, bChange = 0.0025053, totNum = 81
ROUND = 2187, SUM = 8301791.99999998, bChange = 0.00250533, totNum = 80
ROUND = 2188, SUM = 8301791.99999999, bChange = 0.00250535, totNum = 80
ROUND = 2189, SUM = 8301791.99999999, bChange = 0.00250538, totNum = 80
ROUND = 2190, SUM = 8301791.99999998, bChange = 0.00250541, totNum = 79
ROUND = 2191, SUM = 8301792, bChange = 0.00250543, totNum = 79
ROUND = 2192, SUM = 8301791.99999997, bChange = 0.00250546, totNum = 79
ROUND = 2193, SUM = 8301792.00000003, bChange = 0.00250548, totNum = 78
ROUND = 2194, SUM = 8301792, bChange = 0.00250551, totNum = 78
ROUND = 2195, SUM = 8301792, bChange = 0.00250553, totNum = 78
ROUND = 2196, SUM = 8301792, bChange = 0.00250556, totNum = 78
ROUND = 2197, SUM = 8301791.99999997, bChange = 0.00250559, totNum = 78
ROUND = 2198, SUM = 8301791.99999997, bChange = 0.00250561, totNum = 78
ROUND = 2199, SUM = 8301791.99999997, bChange = 0.00250564, totNum = 77
ROUND = 2200, SUM = 8301791.99999997, bChange = 0.00250566, totNum = 77
ROUND = 2201, SUM = 8301791.99999997, bChange = 0.00250569, totNum = 77
ROUND = 2202, SUM = 8301792, bChange = 0.00250571, totNum = 77
ROUND = 2203, SUM = 8301791.99999996, bChange = 0.00250574, totNum = 77
ROUND = 2204, SUM = 8301791.99999997, bChange = 0.00250576, totNum = 77
ROUND = 2205, SUM = 8301791.99999998, bChange = 0.00250579, totNum = 77
ROUND = 2206, SUM = 8301792.00000002, bChange = 0.00250581, totNum = 76
ROUND = 2207, SUM = 8301792.00000001, bChange = 0.00250584, totNum = 75
ROUND = 2208, SUM = 8301792.00000001, bChange = 0.00250586, totNum = 75
ROUND = 2209, SUM = 8301792, bChange = 0.00250589, totNum = 76
ROUND = 2210, SUM = 8301791.99999997, bChange = 0.00250591, totNum = 76
ROUND = 2211, SUM = 8301791.99999997, bChange = 0.00250594, totNum = 76
ROUND = 2212, SUM = 8301791.99999997, bChange = 0.00250596, totNum = 75
ROUND = 2213, SUM = 8301791.99999998, bChange = 0.00250599, totNum = 75
ROUND = 2214, SUM = 8301791.99999998, bChange = 0.00250601, totNum = 75
ROUND = 2215, SUM = 8301791.99999999, bChange = 0.00250604, totNum = 75
ROUND = 2216, SUM = 8301791.99999995, bChange = 0.00250606, totNum = 75
ROUND = 2217, SUM = 8301791.99999999, bChange = 0.00250608, totNum = 75
ROUND = 2218, SUM = 8301791.99999997, bChange = 0.00250611, totNum = 75
ROUND = 2219, SUM = 8301792.00000001, bChange = 0.00250613, totNum = 75
ROUND = 2220, SUM = 8301792, bChange = 0.00250616, totNum = 75
ROUND = 2221, SUM = 8301791.99999997, bChange = 0.00250618, totNum = 75
ROUND = 2222, SUM = 8301791.99999998, bChange = 0.00250621, totNum = 75
ROUND = 2223, SUM = 8301791.99999999, bChange = 0.00250623, totNum = 75
ROUND = 2224, SUM = 8301791.99999996, bChange = 0.00250625, totNum = 75
ROUND = 2225, SUM = 8301791.99999999, bChange = 0.00250628, totNum = 75
ROUND = 2226, SUM = 8301791.99999998, bChange = 0.0025063, totNum = 75
ROUND = 2227, SUM = 8301791.99999998, bChange = 0.00250632, totNum = 75
ROUND = 2228, SUM = 8301791.99999995, bChange = 0.00250635, totNum = 76
ROUND = 2229, SUM = 8301791.99999999, bChange = 0.00250637, totNum = 76
ROUND = 2230, SUM = 8301791.99999997, bChange = 0.00250639, totNum = 76
ROUND = 2231, SUM = 8301791.99999996, bChange = 0.00250642, totNum = 76
ROUND = 2232, SUM = 8301791.99999997, bChange = 0.00250644, totNum = 76
ROUND = 2233, SUM = 8301791.99999998, bChange = 0.00250646, totNum = 76
ROUND = 2234, SUM = 8301791.99999999, bChange = 0.00250649, totNum = 76
ROUND = 2235, SUM = 8301791.99999994, bChange = 0.00250651, totNum = 76
ROUND = 2236, SUM = 8301792, bChange = 0.00250653, totNum = 76
ROUND = 2237, SUM = 8301791.99999999, bChange = 0.00250656, totNum = 76
ROUND = 2238, SUM = 8301791.99999997, bChange = 0.00250658, totNum = 76
ROUND = 2239, SUM = 8301792.00000003, bChange = 0.0025066, totNum = 76
ROUND = 2240, SUM = 8301791.99999996, bChange = 0.00250663, totNum = 76
ROUND = 2241, SUM = 8301791.99999999, bChange = 0.00250665, totNum = 76
ROUND = 2242, SUM = 8301792, bChange = 0.00250667, totNum = 76
ROUND = 2243, SUM = 8301791.99999999, bChange = 0.00250669, totNum = 76
ROUND = 2244, SUM = 8301791.99999997, bChange = 0.00250672, totNum = 75
ROUND = 2245, SUM = 8301791.99999995, bChange = 0.00250674, totNum = 75
ROUND = 2246, SUM = 8301791.99999994, bChange = 0.00250676, totNum = 75
ROUND = 2247, SUM = 8301791.99999996, bChange = 0.00250678, totNum = 75
ROUND = 2248, SUM = 8301792.00000002, bChange = 0.00250681, totNum = 75
ROUND = 2249, SUM = 8301792.00000001, bChange = 0.00250683, totNum = 75
ROUND = 2250, SUM = 8301792.00000001, bChange = 0.00250685, totNum = 75
ROUND = 2251, SUM = 8301791.99999999, bChange = 0.00250687, totNum = 75
ROUND = 2252, SUM = 8301791.99999998, bChange = 0.0025069, totNum = 75
ROUND = 2253, SUM = 8301791.99999998, bChange = 0.00250692, totNum = 74
ROUND = 2254, SUM = 8301791.99999999, bChange = 0.00250694, totNum = 74
ROUND = 2255, SUM = 8301792.00000003, bChange = 0.00250696, totNum = 74
ROUND = 2256, SUM = 8301792.00000001, bChange = 0.00250698, totNum = 74
ROUND = 2257, SUM = 8301792, bChange = 0.002507, totNum = 74
ROUND = 2258, SUM = 8301791.99999999, bChange = 0.00250703, totNum = 74
ROUND = 2259, SUM = 8301791.99999998, bChange = 0.00250705, totNum = 74
ROUND = 2260, SUM = 8301791.99999999, bChange = 0.00250707, totNum = 74
ROUND = 2261, SUM = 8301791.99999999, bChange = 0.00250709, totNum = 74
ROUND = 2262, SUM = 8301792.00000001, bChange = 0.00250711, totNum = 73
ROUND = 2263, SUM = 8301792, bChange = 0.00250713, totNum = 73
ROUND = 2264, SUM = 8301792.00000001, bChange = 0.00250716, totNum = 73
ROUND = 2265, SUM = 8301791.99999998, bChange = 0.00250718, totNum = 73
ROUND = 2266, SUM = 8301791.99999999, bChange = 0.0025072, totNum = 73
ROUND = 2267, SUM = 8301791.99999999, bChange = 0.00250722, totNum = 73
ROUND = 2268, SUM = 8301792, bChange = 0.00250724, totNum = 73
ROUND = 2269, SUM = 8301792.00000001, bChange = 0.00250726, totNum = 73
ROUND = 2270, SUM = 8301791.99999998, bChange = 0.00250728, totNum = 73
ROUND = 2271, SUM = 8301792, bChange = 0.0025073, totNum = 73
ROUND = 2272, SUM = 8301791.99999998, bChange = 0.00250732, totNum = 72
ROUND = 2273, SUM = 8301791.99999996, bChange = 0.00250735, totNum = 72
ROUND = 2274, SUM = 8301791.99999999, bChange = 0.00250737, totNum = 72
ROUND = 2275, SUM = 8301792, bChange = 0.00250739, totNum = 72
ROUND = 2276, SUM = 8301791.99999997, bChange = 0.00250741, totNum = 72
ROUND = 2277, SUM = 8301791.99999997, bChange = 0.00250743, totNum = 72
ROUND = 2278, SUM = 8301792.00000001, bChange = 0.00250745, totNum = 71
ROUND = 2279, SUM = 8301792, bChange = 0.00250747, totNum = 71
ROUND = 2280, SUM = 8301791.99999998, bChange = 0.00250749, totNum = 70
ROUND = 2281, SUM = 8301791.99999999, bChange = 0.00250751, totNum = 70
ROUND = 2282, SUM = 8301791.99999999, bChange = 0.00250753, totNum = 70
ROUND = 2283, SUM = 8301791.99999999, bChange = 0.00250755, totNum = 70
ROUND = 2284, SUM = 8301791.99999997, bChange = 0.00250757, totNum = 70
ROUND = 2285, SUM = 8301792, bChange = 0.00250759, totNum = 70
ROUND = 2286, SUM = 8301792, bChange = 0.00250761, totNum = 70
ROUND = 2287, SUM = 8301791.99999998, bChange = 0.00250763, totNum = 70
ROUND = 2288, SUM = 8301791.99999999, bChange = 0.00250765, totNum = 70
ROUND = 2289, SUM = 8301791.99999999, bChange = 0.00250767, totNum = 70
ROUND = 2290, SUM = 8301791.99999999, bChange = 0.00250769, totNum = 70
ROUND = 2291, SUM = 8301791.99999996, bChange = 0.00250771, totNum = 70
ROUND = 2292, SUM = 8301791.99999998, bChange = 0.00250773, totNum = 70
ROUND = 2293, SUM = 8301791.99999999, bChange = 0.00250775, totNum = 70
ROUND = 2294, SUM = 8301791.99999998, bChange = 0.00250777, totNum = 70
ROUND = 2295, SUM = 8301791.99999998, bChange = 0.00250779, totNum = 70
ROUND = 2296, SUM = 8301791.99999998, bChange = 0.00250781, totNum = 70
ROUND = 2297, SUM = 8301791.99999999, bChange = 0.00250783, totNum = 70
ROUND = 2298, SUM = 8301791.99999998, bChange = 0.00250785, totNum = 69
ROUND = 2299, SUM = 8301791.99999998, bChange = 0.00250787, totNum = 69
ROUND = 2300, SUM = 8301791.99999998, bChange = 0.00250789, totNum = 69
ROUND = 2301, SUM = 8301791.99999999, bChange = 0.00250791, totNum = 69
ROUND = 2302, SUM = 8301791.99999996, bChange = 0.00250793, totNum = 69
ROUND = 2303, SUM = 8301791.99999999, bChange = 0.00250795, totNum = 69
ROUND = 2304, SUM = 8301791.99999998, bChange = 0.00250797, totNum = 69
ROUND = 2305, SUM = 8301791.99999998, bChange = 0.00250798, totNum = 69
ROUND = 2306, SUM = 8301791.99999998, bChange = 0.002508, totNum = 69
ROUND = 2307, SUM = 8301791.99999998, bChange = 0.00250802, totNum = 69
ROUND = 2308, SUM = 8301791.99999998, bChange = 0.00250804, totNum = 69
ROUND = 2309, SUM = 8301791.99999999, bChange = 0.00250806, totNum = 69
ROUND = 2310, SUM = 8301791.99999995, bChange = 0.00250808, totNum = 69
ROUND = 2311, SUM = 8301791.99999996, bChange = 0.0025081, totNum = 69
ROUND = 2312, SUM = 8301791.99999997, bChange = 0.00250812, totNum = 69
ROUND = 2313, SUM = 8301791.99999999, bChange = 0.00250814, totNum = 69
ROUND = 2314, SUM = 8301791.99999999, bChange = 0.00250815, totNum = 69
ROUND = 2315, SUM = 8301791.99999999, bChange = 0.00250817, totNum = 69
ROUND = 2316, SUM = 8301791.99999998, bChange = 0.00250819, totNum = 69
ROUND = 2317, SUM = 8301792, bChange = 0.00250821, totNum = 69
ROUND = 2318, SUM = 8301792, bChange = 0.00250823, totNum = 69
ROUND = 2319, SUM = 8301791.99999997, bChange = 0.00250825, totNum = 69
ROUND = 2320, SUM = 8301791.99999996, bChange = 0.00250826, totNum = 68
ROUND = 2321, SUM = 8301791.99999997, bChange = 0.00250828, totNum = 68
ROUND = 2322, SUM = 8301791.99999999, bChange = 0.0025083, totNum = 68
ROUND = 2323, SUM = 8301791.99999997, bChange = 0.00249184, totNum = 67
ROUND = 2324, SUM = 8301791.99999996, bChange = 0.00249186, totNum = 67
ROUND = 2325, SUM = 8301791.99999999, bChange = 0.00249188, totNum = 67
ROUND = 2326, SUM = 8301791.99999998, bChange = 0.0024919, totNum = 66
ROUND = 2327, SUM = 8301791.99999998, bChange = 0.00249192, totNum = 66
ROUND = 2328, SUM = 8301792.00000002, bChange = 0.00249193, totNum = 66
ROUND = 2329, SUM = 8301792, bChange = 0.00249195, totNum = 65
ROUND = 2330, SUM = 8301791.99999997, bChange = 0.00249197, totNum = 65
ROUND = 2331, SUM = 8301791.99999998, bChange = 0.00249199, totNum = 65
ROUND = 2332, SUM = 8301791.99999998, bChange = 0.00249201, totNum = 65
ROUND = 2333, SUM = 8301792, bChange = 0.00249203, totNum = 65
ROUND = 2334, SUM = 8301792, bChange = 0.00249204, totNum = 65
ROUND = 2335, SUM = 8301791.99999999, bChange = 0.00249206, totNum = 65
ROUND = 2336, SUM = 8301791.99999996, bChange = 0.00249208, totNum = 65
ROUND = 2337, SUM = 8301791.99999999, bChange = 0.0024921, totNum = 65
ROUND = 2338, SUM = 8301791.99999999, bChange = 0.00249212, totNum = 65
ROUND = 2339, SUM = 8301791.99999999, bChange = 0.00249214, totNum = 65
ROUND = 2340, SUM = 8301791.99999999, bChange = 0.00249215, totNum = 65
ROUND = 2341, SUM = 8301791.99999999, bChange = 0.00249217, totNum = 65
ROUND = 2342, SUM = 8301791.99999996, bChange = 0.00249219, totNum = 65
ROUND = 2343, SUM = 8301791.99999998, bChange = 0.00249221, totNum = 65
ROUND = 2344, SUM = 8301791.99999999, bChange = 0.00249223, totNum = 65
ROUND = 2345, SUM = 8301792, bChange = 0.00249224, totNum = 65
ROUND = 2346, SUM = 8301792, bChange = 0.00249226, totNum = 65
ROUND = 2347, SUM = 8301792.00000001, bChange = 0.00249228, totNum = 65
ROUND = 2348, SUM = 8301792.00000001, bChange = 0.0024923, totNum = 65
ROUND = 2349, SUM = 8301791.99999998, bChange = 0.00249231, totNum = 65
ROUND = 2350, SUM = 8301791.99999997, bChange = 0.00249233, totNum = 65
ROUND = 2351, SUM = 8301792, bChange = 0.00249235, totNum = 65
ROUND = 2352, SUM = 8301792.00000001, bChange = 0.00249237, totNum = 65
ROUND = 2353, SUM = 8301792, bChange = 0.00249239, totNum = 65
ROUND = 2354, SUM = 8301791.99999997, bChange = 0.0024924, totNum = 65
ROUND = 2355, SUM = 8301791.99999999, bChange = 0.00249242, totNum = 65
ROUND = 2356, SUM = 8301791.99999999, bChange = 0.00249244, totNum = 65
ROUND = 2357, SUM = 8301791.99999998, bChange = 0.00249245, totNum = 65
ROUND = 2358, SUM = 8301791.99999999, bChange = 0.00249247, totNum = 65
ROUND = 2359, SUM = 8301791.99999997, bChange = 0.00249249, totNum = 65
ROUND = 2360, SUM = 8301791.99999999, bChange = 0.00249251, totNum = 64
ROUND = 2361, SUM = 8301791.99999996, bChange = 0.00249252, totNum = 64
ROUND = 2362, SUM = 8301792, bChange = 0.00249254, totNum = 64
ROUND = 2363, SUM = 8301791.99999998, bChange = 0.00249256, totNum = 64
ROUND = 2364, SUM = 8301791.99999996, bChange = 0.00249258, totNum = 64
ROUND = 2365, SUM = 8301791.99999997, bChange = 0.00249259, totNum = 65
ROUND = 2366, SUM = 8301791.99999997, bChange = 0.00249261, totNum = 65
ROUND = 2367, SUM = 8301791.99999997, bChange = 0.00249263, totNum = 65
ROUND = 2368, SUM = 8301791.99999998, bChange = 0.00249264, totNum = 65
ROUND = 2369, SUM = 8301791.99999999, bChange = 0.00249266, totNum = 65
ROUND = 2370, SUM = 8301791.99999999, bChange = 0.00249268, totNum = 65
ROUND = 2371, SUM = 8301791.99999997, bChange = 0.00249269, totNum = 65
ROUND = 2372, SUM = 8301791.99999999, bChange = 0.00249271, totNum = 65
ROUND = 2373, SUM = 8301791.99999998, bChange = 0.00249273, totNum = 64
ROUND = 2374, SUM = 8301791.99999998, bChange = 0.00249274, totNum = 64
ROUND = 2375, SUM = 8301792, bChange = 0.00249276, totNum = 64
ROUND = 2376, SUM = 8301792.00000002, bChange = 0.00249278, totNum = 63
ROUND = 2377, SUM = 8301791.99999998, bChange = 0.00249279, totNum = 63
ROUND = 2378, SUM = 8301792, bChange = 0.00249281, totNum = 63
ROUND = 2379, SUM = 8301791.99999999, bChange = 0.00249283, totNum = 62
ROUND = 2380, SUM = 8301792, bChange = 0.00249284, totNum = 62
ROUND = 2381, SUM = 8301792.00000003, bChange = 0.00249286, totNum = 62
ROUND = 2382, SUM = 8301791.99999997, bChange = 0.00249288, totNum = 62
ROUND = 2383, SUM = 8301792.00000001, bChange = 0.00249289, totNum = 61
ROUND = 2384, SUM = 8301791.99999999, bChange = 0.00249291, totNum = 61
ROUND = 2385, SUM = 8301792, bChange = 0.00249292, totNum = 61
ROUND = 2386, SUM = 8301791.99999997, bChange = 0.00249294, totNum = 61
ROUND = 2387, SUM = 8301791.99999999, bChange = 0.00249296, totNum = 61
ROUND = 2388, SUM = 8301791.99999997, bChange = 0.00249297, totNum = 61
ROUND = 2389, SUM = 8301791.99999998, bChange = 0.00249299, totNum = 61
ROUND = 2390, SUM = 8301792.00000001, bChange = 0.002493, totNum = 61
ROUND = 2391, SUM = 8301791.99999997, bChange = 0.00249302, totNum = 61
ROUND = 2392, SUM = 8301791.99999995, bChange = 0.00249304, totNum = 61
ROUND = 2393, SUM = 8301791.99999999, bChange = 0.00249305, totNum = 60
ROUND = 2394, SUM = 8301792.00000001, bChange = 0.00249307, totNum = 60
ROUND = 2395, SUM = 8301792.00000002, bChange = 0.00249308, totNum = 60
ROUND = 2396, SUM = 8301791.99999999, bChange = 0.0024931, totNum = 60
ROUND = 2397, SUM = 8301791.99999997, bChange = 0.00249311, totNum = 60
ROUND = 2398, SUM = 8301791.99999999, bChange = 0.00249313, totNum = 60
ROUND = 2399, SUM = 8301791.99999999, bChange = 0.00249315, totNum = 60
ROUND = 2400, SUM = 8301791.99999996, bChange = 0.00249316, totNum = 60
ROUND = 2401, SUM = 8301792.00000001, bChange = 0.00249318, totNum = 60
ROUND = 2402, SUM = 8301791.99999997, bChange = 0.00249319, totNum = 60
ROUND = 2403, SUM = 8301791.99999999, bChange = 0.00249321, totNum = 59
ROUND = 2404, SUM = 8301792, bChange = 0.00249322, totNum = 59
ROUND = 2405, SUM = 8301791.99999999, bChange = 0.00249324, totNum = 59
ROUND = 2406, SUM = 8301791.99999996, bChange = 0.00249325, totNum = 59
ROUND = 2407, SUM = 8301791.99999998, bChange = 0.00249327, totNum = 59
ROUND = 2408, SUM = 8301792, bChange = 0.00249329, totNum = 59
ROUND = 2409, SUM = 8301792, bChange = 0.0024933, totNum = 59
ROUND = 2410, SUM = 8301792, bChange = 0.00249332, totNum = 58
ROUND = 2411, SUM = 8301791.99999998, bChange = 0.00249333, totNum = 58
ROUND = 2412, SUM = 8301791.99999997, bChange = 0.00249335, totNum = 58
ROUND = 2413, SUM = 8301791.99999997, bChange = 0.00249336, totNum = 58
ROUND = 2414, SUM = 8301791.99999998, bChange = 0.00249338, totNum = 58
ROUND = 2415, SUM = 8301791.99999999, bChange = 0.00249339, totNum = 58
ROUND = 2416, SUM = 8301791.99999999, bChange = 0.00249341, totNum = 58
ROUND = 2417, SUM = 8301792, bChange = 0.00249342, totNum = 58
ROUND = 2418, SUM = 8301791.99999999, bChange = 0.00249344, totNum = 58
ROUND = 2419, SUM = 8301791.99999997, bChange = 0.00249345, totNum = 58
ROUND = 2420, SUM = 8301792.00000001, bChange = 0.00249347, totNum = 58
ROUND = 2421, SUM = 8301791.99999996, bChange = 0.00249348, totNum = 58
ROUND = 2422, SUM = 8301792.00000002, bChange = 0.0024935, totNum = 58
ROUND = 2423, SUM = 8301791.99999997, bChange = 0.00249351, totNum = 58
ROUND = 2424, SUM = 8301791.99999997, bChange = 0.00249352, totNum = 58
ROUND = 2425, SUM = 8301791.99999998, bChange = 0.00249354, totNum = 58
ROUND = 2426, SUM = 8301792, bChange = 0.00249355, totNum = 58
ROUND = 2427, SUM = 8301791.99999997, bChange = 0.00249357, totNum = 58
ROUND = 2428, SUM = 8301791.99999999, bChange = 0.00249358, totNum = 58
ROUND = 2429, SUM = 8301791.99999999, bChange = 0.0024936, totNum = 58
ROUND = 2430, SUM = 8301792, bChange = 0.00249361, totNum = 58
ROUND = 2431, SUM = 8301791.99999997, bChange = 0.00249363, totNum = 58
ROUND = 2432, SUM = 8301792.00000001, bChange = 0.00249364, totNum = 58
ROUND = 2433, SUM = 8301791.99999998, bChange = 0.00249365, totNum = 58
ROUND = 2434, SUM = 8301791.99999999, bChange = 0.00249367, totNum = 57
ROUND = 2435, SUM = 8301792.00000002, bChange = 0.00249368, totNum = 57
ROUND = 2436, SUM = 8301791.99999997, bChange = 0.0024937, totNum = 57
ROUND = 2437, SUM = 8301791.99999999, bChange = 0.00249371, totNum = 57
ROUND = 2438, SUM = 8301791.99999996, bChange = 0.00249373, totNum = 57
ROUND = 2439, SUM = 8301791.99999997, bChange = 0.00249374, totNum = 57
ROUND = 2440, SUM = 8301791.99999996, bChange = 0.00249375, totNum = 56
ROUND = 2441, SUM = 8301792, bChange = 0.00249377, totNum = 56
ROUND = 2442, SUM = 8301791.99999996, bChange = 0.00249378, totNum = 56
ROUND = 2443, SUM = 8301792.00000001, bChange = 0.0024938, totNum = 56
ROUND = 2444, SUM = 8301791.99999999, bChange = 0.00249381, totNum = 56
ROUND = 2445, SUM = 8301792, bChange = 0.00249382, totNum = 56
ROUND = 2446, SUM = 8301792, bChange = 0.00249384, totNum = 56
ROUND = 2447, SUM = 8301791.99999999, bChange = 0.00249385, totNum = 56
ROUND = 2448, SUM = 8301791.99999999, bChange = 0.00249387, totNum = 56
ROUND = 2449, SUM = 8301791.99999995, bChange = 0.00249388, totNum = 56
ROUND = 2450, SUM = 8301791.99999997, bChange = 0.00249389, totNum = 56
ROUND = 2451, SUM = 8301791.99999998, bChange = 0.00249391, totNum = 56
ROUND = 2452, SUM = 8301791.99999998, bChange = 0.00249392, totNum = 56
ROUND = 2453, SUM = 8301792, bChange = 0.00249393, totNum = 56
ROUND = 2454, SUM = 8301792, bChange = 0.00249395, totNum = 56
ROUND = 2455, SUM = 8301791.99999999, bChange = 0.00249396, totNum = 55
ROUND = 2456, SUM = 8301792, bChange = 0.00249398, totNum = 54
ROUND = 2457, SUM = 8301791.99999997, bChange = 0.00249399, totNum = 53
ROUND = 2458, SUM = 8301791.99999998, bChange = 0.002494, totNum = 52
ROUND = 2459, SUM = 8301791.99999998, bChange = 0.00249402, totNum = 52
ROUND = 2460, SUM = 8301791.99999996, bChange = 0.00249403, totNum = 52
ROUND = 2461, SUM = 8301791.99999999, bChange = 0.00249404, totNum = 52
ROUND = 2462, SUM = 8301791.99999997, bChange = 0.00249406, totNum = 52
ROUND = 2463, SUM = 8301791.99999997, bChange = 0.00249407, totNum = 52
ROUND = 2464, SUM = 8301791.99999999, bChange = 0.00249408, totNum = 52
ROUND = 2465, SUM = 8301792, bChange = 0.0024941, totNum = 52
ROUND = 2466, SUM = 8301791.99999999, bChange = 0.00249411, totNum = 52
ROUND = 2467, SUM = 8301791.99999998, bChange = 0.00249412, totNum = 52
ROUND = 2468, SUM = 8301791.99999999, bChange = 0.00249414, totNum = 52
ROUND = 2469, SUM = 8301791.99999999, bChange = 0.00249415, totNum = 51
ROUND = 2470, SUM = 8301791.99999998, bChange = 0.00249416, totNum = 51
ROUND = 2471, SUM = 8301791.99999999, bChange = 0.00249417, totNum = 51
ROUND = 2472, SUM = 8301792.00000001, bChange = 0.00249419, totNum = 51
ROUND = 2473, SUM = 8301792, bChange = 0.0024942, totNum = 51
ROUND = 2474, SUM = 8301792, bChange = 0.00249421, totNum = 51
ROUND = 2475, SUM = 8301791.99999999, bChange = 0.00249423, totNum = 51
ROUND = 2476, SUM = 8301791.99999998, bChange = 0.00249424, totNum = 51
ROUND = 2477, SUM = 8301791.99999997, bChange = 0.00249425, totNum = 51
ROUND = 2478, SUM = 8301791.99999998, bChange = 0.00249427, totNum = 51
ROUND = 2479, SUM = 8301791.99999997, bChange = 0.00249428, totNum = 51
ROUND = 2480, SUM = 8301791.99999999, bChange = 0.00249429, totNum = 51
ROUND = 2481, SUM = 8301791.99999999, bChange = 0.0024943, totNum = 51
ROUND = 2482, SUM = 8301791.99999999, bChange = 0.00249432, totNum = 51
ROUND = 2483, SUM = 8301792.00000001, bChange = 0.00249433, totNum = 51
ROUND = 2484, SUM = 8301791.99999998, bChange = 0.00249434, totNum = 50
ROUND = 2485, SUM = 8301792, bChange = 0.00249435, totNum = 50
ROUND = 2486, SUM = 8301792.00000001, bChange = 0.00249437, totNum = 50
ROUND = 2487, SUM = 8301791.99999998, bChange = 0.00240464, totNum = 49
ROUND = 2488, SUM = 8301791.99999998, bChange = 0.00240464, totNum = 49
ROUND = 2489, SUM = 8301792.00000002, bChange = 0.00240464, totNum = 49
ROUND = 2490, SUM = 8301791.99999998, bChange = 0.00240464, totNum = 49
ROUND = 2491, SUM = 8301792.00000001, bChange = 0.00240464, totNum = 49
ROUND = 2492, SUM = 8301791.99999997, bChange = 0.00240464, totNum = 49
ROUND = 2493, SUM = 8301791.99999997, bChange = 0.00240465, totNum = 49
ROUND = 2494, SUM = 8301791.99999997, bChange = 0.00240465, totNum = 49
ROUND = 2495, SUM = 8301791.99999999, bChange = 0.00240465, totNum = 49
ROUND = 2496, SUM = 8301791.99999998, bChange = 0.00240465, totNum = 49
ROUND = 2497, SUM = 8301791.99999998, bChange = 0.00240465, totNum = 49
ROUND = 2498, SUM = 8301791.99999996, bChange = 0.00240465, totNum = 49
ROUND = 2499, SUM = 8301791.99999996, bChange = 0.00240465, totNum = 49
ROUND = 2500, SUM = 8301791.99999998, bChange = 0.00240465, totNum = 49
ROUND = 2501, SUM = 8301791.99999998, bChange = 0.00240465, totNum = 49
ROUND = 2502, SUM = 8301791.99999998, bChange = 0.00240465, totNum = 49
ROUND = 2503, SUM = 8301792, bChange = 0.00240465, totNum = 49
ROUND = 2504, SUM = 8301791.99999998, bChange = 0.00240465, totNum = 49
ROUND = 2505, SUM = 8301791.99999999, bChange = 0.00240465, totNum = 49
ROUND = 2506, SUM = 8301792.00000003, bChange = 0.00240465, totNum = 49
ROUND = 2507, SUM = 8301791.99999999, bChange = 0.00240465, totNum = 49
ROUND = 2508, SUM = 8301791.99999996, bChange = 0.00240465, totNum = 49
ROUND = 2509, SUM = 8301791.99999998, bChange = 0.00240465, totNum = 49
ROUND = 2510, SUM = 8301791.99999998, bChange = 0.00240465, totNum = 49
ROUND = 2511, SUM = 8301792, bChange = 0.00240465, totNum = 49
ROUND = 2512, SUM = 8301791.99999999, bChange = 0.00240465, totNum = 49
ROUND = 2513, SUM = 8301791.99999996, bChange = 0.00240465, totNum = 49
ROUND = 2514, SUM = 8301791.99999997, bChange = 0.00240465, totNum = 49
ROUND = 2515, SUM = 8301791.99999996, bChange = 0.00240465, totNum = 48
ROUND = 2516, SUM = 8301792, bChange = 0.00240465, totNum = 48
ROUND = 2517, SUM = 8301791.99999996, bChange = 0.00240465, totNum = 48
ROUND = 2518, SUM = 8301791.99999998, bChange = 0.00240465, totNum = 47
ROUND = 2519, SUM = 8301791.99999997, bChange = 0.00240465, totNum = 47
ROUND = 2520, SUM = 8301791.99999994, bChange = 0.00240465, totNum = 47
ROUND = 2521, SUM = 8301791.99999996, bChange = 0.00240465, totNum = 47
ROUND = 2522, SUM = 8301791.99999999, bChange = 0.00240466, totNum = 47
ROUND = 2523, SUM = 8301792, bChange = 0.00240466, totNum = 47
ROUND = 2524, SUM = 8301792.00000002, bChange = 0.00240466, totNum = 47
ROUND = 2525, SUM = 8301791.99999998, bChange = 0.00240466, totNum = 47
ROUND = 2526, SUM = 8301791.99999998, bChange = 0.00240466, totNum = 47
ROUND = 2527, SUM = 8301791.99999999, bChange = 0.00240466, totNum = 47
ROUND = 2528, SUM = 8301791.99999999, bChange = 0.00240466, totNum = 47
ROUND = 2529, SUM = 8301791.99999996, bChange = 0.00240466, totNum = 47
ROUND = 2530, SUM = 8301791.99999996, bChange = 0.00240466, totNum = 47
ROUND = 2531, SUM = 8301791.99999998, bChange = 0.00240466, totNum = 47
ROUND = 2532, SUM = 8301791.99999996, bChange = 0.00240466, totNum = 47
ROUND = 2533, SUM = 8301791.99999996, bChange = 0.00240466, totNum = 46
ROUND = 2534, SUM = 8301791.99999999, bChange = 0.00240466, totNum = 46
ROUND = 2535, SUM = 8301791.99999999, bChange = 0.00240466, totNum = 46
ROUND = 2536, SUM = 8301791.99999999, bChange = 0.00240466, totNum = 46
ROUND = 2537, SUM = 8301792.00000001, bChange = 0.00240466, totNum = 46
ROUND = 2538, SUM = 8301791.99999999, bChange = 0.00240466, totNum = 46
ROUND = 2539, SUM = 8301791.99999999, bChange = 0.00240466, totNum = 46
ROUND = 2540, SUM = 8301791.99999998, bChange = 0.00240466, totNum = 46
ROUND = 2541, SUM = 8301791.99999997, bChange = 0.00240466, totNum = 46
ROUND = 2542, SUM = 8301792.00000002, bChange = 0.00240466, totNum = 46
ROUND = 2543, SUM = 8301792.00000001, bChange = 0.00240466, totNum = 45
ROUND = 2544, SUM = 8301791.99999999, bChange = 0.00240466, totNum = 45
ROUND = 2545, SUM = 8301791.99999999, bChange = 0.00240466, totNum = 45
ROUND = 2546, SUM = 8301791.99999998, bChange = 0.00240466, totNum = 45
ROUND = 2547, SUM = 8301792.00000001, bChange = 0.00240466, totNum = 45
ROUND = 2548, SUM = 8301791.99999997, bChange = 0.00240466, totNum = 45
ROUND = 2549, SUM = 8301791.99999997, bChange = 0.00240466, totNum = 44
ROUND = 2550, SUM = 8301791.99999998, bChange = 0.00240466, totNum = 44
ROUND = 2551, SUM = 8301792, bChange = 0.00240466, totNum = 44
ROUND = 2552, SUM = 8301791.99999999, bChange = 0.00240466, totNum = 44
ROUND = 2553, SUM = 8301792.00000001, bChange = 0.00240467, totNum = 44
ROUND = 2554, SUM = 8301791.99999998, bChange = 0.00240467, totNum = 44
ROUND = 2555, SUM = 8301791.99999999, bChange = 0.00240467, totNum = 44
ROUND = 2556, SUM = 8301791.99999999, bChange = 0.00240467, totNum = 44
ROUND = 2557, SUM = 8301791.99999997, bChange = 0.00240467, totNum = 43
ROUND = 2558, SUM = 8301791.99999998, bChange = 0.00240467, totNum = 43
ROUND = 2559, SUM = 8301792, bChange = 0.00240467, totNum = 43
ROUND = 2560, SUM = 8301792.00000002, bChange = 0.00240467, totNum = 42
ROUND = 2561, SUM = 8301791.99999998, bChange = 0.00240467, totNum = 42
ROUND = 2562, SUM = 8301791.99999999, bChange = 0.00240467, totNum = 42
ROUND = 2563, SUM = 8301791.99999999, bChange = 0.00240467, totNum = 42
ROUND = 2564, SUM = 8301791.99999999, bChange = 0.00240467, totNum = 41
ROUND = 2565, SUM = 8301792.00000001, bChange = 0.00240467, totNum = 41
ROUND = 2566, SUM = 8301791.99999999, bChange = 0.00240467, totNum = 41
ROUND = 2567, SUM = 8301792, bChange = 0.00240467, totNum = 41
ROUND = 2568, SUM = 8301792, bChange = 0.00240467, totNum = 41
ROUND = 2569, SUM = 8301791.99999999, bChange = 0.00240467, totNum = 41
ROUND = 2570, SUM = 8301792, bChange = 0.00240467, totNum = 41
ROUND = 2571, SUM = 8301791.99999997, bChange = 0.00240467, totNum = 41
ROUND = 2572, SUM = 8301792.00000001, bChange = 0.00240467, totNum = 41
ROUND = 2573, SUM = 8301791.99999999, bChange = 0.00240467, totNum = 41
ROUND = 2574, SUM = 8301791.99999999, bChange = 0.00240467, totNum = 41
ROUND = 2575, SUM = 8301791.99999998, bChange = 0.00240467, totNum = 41
ROUND = 2576, SUM = 8301791.99999998, bChange = 0.00240467, totNum = 41
ROUND = 2577, SUM = 8301791.99999996, bChange = 0.00240467, totNum = 41
ROUND = 2578, SUM = 8301792, bChange = 0.00240467, totNum = 41
ROUND = 2579, SUM = 8301791.99999999, bChange = 0.00240467, totNum = 41
ROUND = 2580, SUM = 8301792, bChange = 0.00240467, totNum = 41
ROUND = 2581, SUM = 8301791.99999997, bChange = 0.00240467, totNum = 40
ROUND = 2582, SUM = 8301792.00000002, bChange = 0.00240467, totNum = 40
ROUND = 2583, SUM = 8301791.99999998, bChange = 0.00240467, totNum = 40
ROUND = 2584, SUM = 8301791.99999998, bChange = 0.00240467, totNum = 40
ROUND = 2585, SUM = 8301791.99999998, bChange = 0.00240467, totNum = 40
ROUND = 2586, SUM = 8301792, bChange = 0.00240467, totNum = 40
ROUND = 2587, SUM = 8301791.99999999, bChange = 0.00240468, totNum = 40
ROUND = 2588, SUM = 8301792, bChange = 0.00240468, totNum = 40
ROUND = 2589, SUM = 8301791.99999996, bChange = 0.00240468, totNum = 40
ROUND = 2590, SUM = 8301791.99999998, bChange = 0.00240468, totNum = 40
ROUND = 2591, SUM = 8301791.99999999, bChange = 0.00240468, totNum = 40
ROUND = 2592, SUM = 8301791.99999998, bChange = 0.00240468, totNum = 40
ROUND = 2593, SUM = 8301791.99999997, bChange = 0.00240468, totNum = 40
ROUND = 2594, SUM = 8301791.99999999, bChange = 0.00240468, totNum = 39
ROUND = 2595, SUM = 8301791.99999998, bChange = 0.00240468, totNum = 39
ROUND = 2596, SUM = 8301791.99999995, bChange = 0.00240468, totNum = 39
ROUND = 2597, SUM = 8301791.99999997, bChange = 0.00240468, totNum = 39
ROUND = 2598, SUM = 8301791.99999997, bChange = 0.00240468, totNum = 39
ROUND = 2599, SUM = 8301791.99999998, bChange = 0.00240468, totNum = 39
ROUND = 2600, SUM = 8301792.00000001, bChange = 0.00240468, totNum = 39
ROUND = 2601, SUM = 8301791.99999997, bChange = 0.00240468, totNum = 38
ROUND = 2602, SUM = 8301791.99999998, bChange = 0.00240468, totNum = 38
ROUND = 2603, SUM = 8301791.99999999, bChange = 0.00220314, totNum = 37
ROUND = 2604, SUM = 8301791.99999999, bChange = 0.00220324, totNum = 37
ROUND = 2605, SUM = 8301791.99999997, bChange = 0.00220335, totNum = 37
ROUND = 2606, SUM = 8301792.00000001, bChange = 0.00220345, totNum = 37
ROUND = 2607, SUM = 8301792, bChange = 0.00220355, totNum = 37
ROUND = 2608, SUM = 8301792.00000001, bChange = 0.00220365, totNum = 37
ROUND = 2609, SUM = 8301791.99999997, bChange = 0.00220375, totNum = 37
ROUND = 2610, SUM = 8301792, bChange = 0.00220385, totNum = 37
ROUND = 2611, SUM = 8301792, bChange = 0.00220395, totNum = 37
ROUND = 2612, SUM = 8301791.99999999, bChange = 0.00220406, totNum = 37
ROUND = 2613, SUM = 8301791.99999999, bChange = 0.00220416, totNum = 37
ROUND = 2614, SUM = 8301792, bChange = 0.00220426, totNum = 37
ROUND = 2615, SUM = 8301791.99999998, bChange = 0.00220436, totNum = 36
ROUND = 2616, SUM = 8301791.99999998, bChange = 0.00220446, totNum = 36
ROUND = 2617, SUM = 8301792.00000001, bChange = 0.00220456, totNum = 36
ROUND = 2618, SUM = 8301792, bChange = 0.00220466, totNum = 36
ROUND = 2619, SUM = 8301792, bChange = 0.00220476, totNum = 36
ROUND = 2620, SUM = 8301791.99999998, bChange = 0.00220486, totNum = 36
ROUND = 2621, SUM = 8301792, bChange = 0.00220495, totNum = 36
ROUND = 2622, SUM = 8301792.00000003, bChange = 0.00220505, totNum = 36
ROUND = 2623, SUM = 8301791.99999999, bChange = 0.00220515, totNum = 36
ROUND = 2624, SUM = 8301791.99999999, bChange = 0.00220525, totNum = 36
ROUND = 2625, SUM = 8301791.99999999, bChange = 0.00220535, totNum = 36
ROUND = 2626, SUM = 8301791.99999995, bChange = 0.00220545, totNum = 36
ROUND = 2627, SUM = 8301791.99999999, bChange = 0.00220555, totNum = 36
ROUND = 2628, SUM = 8301791.99999998, bChange = 0.00220564, totNum = 36
ROUND = 2629, SUM = 8301791.99999998, bChange = 0.00220574, totNum = 36
ROUND = 2630, SUM = 8301792, bChange = 0.00220584, totNum = 36
ROUND = 2631, SUM = 8301791.99999996, bChange = 0.00220594, totNum = 36
ROUND = 2632, SUM = 8301791.99999996, bChange = 0.00220603, totNum = 36
ROUND = 2633, SUM = 8301791.99999997, bChange = 0.00220613, totNum = 36
ROUND = 2634, SUM = 8301791.99999996, bChange = 0.00220623, totNum = 36
ROUND = 2635, SUM = 8301791.99999996, bChange = 0.00220632, totNum = 36
ROUND = 2636, SUM = 8301791.99999998, bChange = 0.00220642, totNum = 36
ROUND = 2637, SUM = 8301791.99999997, bChange = 0.00220652, totNum = 36
ROUND = 2638, SUM = 8301792, bChange = 0.00220661, totNum = 36
ROUND = 2639, SUM = 8301792, bChange = 0.00220671, totNum = 36
ROUND = 2640, SUM = 8301791.99999999, bChange = 0.0022068, totNum = 36
ROUND = 2641, SUM = 8301791.99999998, bChange = 0.0022069, totNum = 36
ROUND = 2642, SUM = 8301791.99999997, bChange = 0.00220699, totNum = 36
ROUND = 2643, SUM = 8301791.99999999, bChange = 0.00220709, totNum = 36
ROUND = 2644, SUM = 8301791.99999998, bChange = 0.00220718, totNum = 36
ROUND = 2645, SUM = 8301792, bChange = 0.00220728, totNum = 36
ROUND = 2646, SUM = 8301792, bChange = 0.00220737, totNum = 36
ROUND = 2647, SUM = 8301791.99999998, bChange = 0.00220747, totNum = 36
ROUND = 2648, SUM = 8301791.99999999, bChange = 0.00220756, totNum = 35
ROUND = 2649, SUM = 8301791.99999999, bChange = 0.00220765, totNum = 35
ROUND = 2650, SUM = 8301791.99999999, bChange = 0.00220775, totNum = 35
ROUND = 2651, SUM = 8301791.99999999, bChange = 0.00220784, totNum = 35
ROUND = 2652, SUM = 8301791.99999998, bChange = 0.00220794, totNum = 35
ROUND = 2653, SUM = 8301791.99999997, bChange = 0.00220803, totNum = 35
ROUND = 2654, SUM = 8301791.99999999, bChange = 0.00220812, totNum = 35
ROUND = 2655, SUM = 8301792, bChange = 0.00220821, totNum = 35
ROUND = 2656, SUM = 8301791.99999997, bChange = 0.00220831, totNum = 35
ROUND = 2657, SUM = 8301792.00000001, bChange = 0.0022084, totNum = 35
ROUND = 2658, SUM = 8301791.99999997, bChange = 0.00220849, totNum = 35
ROUND = 2659, SUM = 8301791.99999998, bChange = 0.00220858, totNum = 35
ROUND = 2660, SUM = 8301791.99999998, bChange = 0.00220868, totNum = 35
ROUND = 2661, SUM = 8301791.99999998, bChange = 0.00220877, totNum = 35
ROUND = 2662, SUM = 8301792, bChange = 0.00220886, totNum = 35
ROUND = 2663, SUM = 8301791.99999999, bChange = 0.00220895, totNum = 35
ROUND = 2664, SUM = 8301792, bChange = 0.00220904, totNum = 34
ROUND = 2665, SUM = 8301791.99999999, bChange = 0.00220913, totNum = 34
ROUND = 2666, SUM = 8301791.99999997, bChange = 0.00220922, totNum = 34
ROUND = 2667, SUM = 8301791.99999996, bChange = 0.00220932, totNum = 34
ROUND = 2668, SUM = 8301791.99999996, bChange = 0.00220941, totNum = 34
ROUND = 2669, SUM = 8301792.00000002, bChange = 0.0022095, totNum = 34
ROUND = 2670, SUM = 8301791.99999999, bChange = 0.00220967, totNum = 34
ROUND = 2671, SUM = 8301791.99999999, bChange = 0.00220995, totNum = 34
ROUND = 2672, SUM = 8301791.99999997, bChange = 0.00221022, totNum = 34
ROUND = 2673, SUM = 8301792.00000001, bChange = 0.0022105, totNum = 34
ROUND = 2674, SUM = 8301791.99999998, bChange = 0.00221078, totNum = 34
ROUND = 2675, SUM = 8301791.99999999, bChange = 0.00221106, totNum = 34
ROUND = 2676, SUM = 8301792, bChange = 0.00221133, totNum = 34
ROUND = 2677, SUM = 8301791.99999998, bChange = 0.00221161, totNum = 34
ROUND = 2678, SUM = 8301791.99999999, bChange = 0.00221189, totNum = 34
ROUND = 2679, SUM = 8301792, bChange = 0.00221217, totNum = 34
ROUND = 2680, SUM = 8301791.99999999, bChange = 0.00221244, totNum = 34
ROUND = 2681, SUM = 8301791.99999998, bChange = 0.00221272, totNum = 34
ROUND = 2682, SUM = 8301792.00000001, bChange = 0.00221299, totNum = 34
ROUND = 2683, SUM = 8301792.00000001, bChange = 0.00221327, totNum = 34
ROUND = 2684, SUM = 8301791.99999999, bChange = 0.00221355, totNum = 34
ROUND = 2685, SUM = 8301791.99999999, bChange = 0.00221382, totNum = 34
ROUND = 2686, SUM = 8301791.99999998, bChange = 0.0022141, totNum = 34
ROUND = 2687, SUM = 8301791.99999997, bChange = 0.00221437, totNum = 34
ROUND = 2688, SUM = 8301792.00000001, bChange = 0.00221465, totNum = 34
ROUND = 2689, SUM = 8301791.99999998, bChange = 0.00221492, totNum = 34
ROUND = 2690, SUM = 8301792.00000001, bChange = 0.0022152, totNum = 34
ROUND = 2691, SUM = 8301792, bChange = 0.00221547, totNum = 34
ROUND = 2692, SUM = 8301791.99999999, bChange = 0.00221574, totNum = 34
ROUND = 2693, SUM = 8301791.99999999, bChange = 0.00221602, totNum = 34
ROUND = 2694, SUM = 8301791.99999999, bChange = 0.00221629, totNum = 34
ROUND = 2695, SUM = 8301791.99999999, bChange = 0.00221656, totNum = 34
ROUND = 2696, SUM = 8301791.99999999, bChange = 0.00221684, totNum = 34
ROUND = 2697, SUM = 8301791.99999999, bChange = 0.00221711, totNum = 34
ROUND = 2698, SUM = 8301791.99999999, bChange = 0.00221738, totNum = 34
ROUND = 2699, SUM = 8301792, bChange = 0.00221766, totNum = 34
ROUND = 2700, SUM = 8301791.99999998, bChange = 0.00221793, totNum = 34
ROUND = 2701, SUM = 8301791.99999999, bChange = 0.0022182, totNum = 34
ROUND = 2702, SUM = 8301791.99999997, bChange = 0.00221847, totNum = 34
ROUND = 2703, SUM = 8301791.99999998, bChange = 0.00221874, totNum = 34
ROUND = 2704, SUM = 8301791.99999999, bChange = 0.00221901, totNum = 34
ROUND = 2705, SUM = 8301791.99999999, bChange = 0.00221929, totNum = 34
ROUND = 2706, SUM = 8301791.99999997, bChange = 0.00221956, totNum = 34
ROUND = 2707, SUM = 8301791.99999999, bChange = 0.00221983, totNum = 34
ROUND = 2708, SUM = 8301792.00000002, bChange = 0.0022201, totNum = 34
ROUND = 2709, SUM = 8301792, bChange = 0.00222037, totNum = 34
ROUND = 2710, SUM = 8301791.99999998, bChange = 0.00222064, totNum = 34
ROUND = 2711, SUM = 8301791.99999997, bChange = 0.00222091, totNum = 35
ROUND = 2712, SUM = 8301792.00000001, bChange = 0.00222118, totNum = 35
ROUND = 2713, SUM = 8301791.99999999, bChange = 0.00222145, totNum = 35
ROUND = 2714, SUM = 8301791.99999999, bChange = 0.00222172, totNum = 34
ROUND = 2715, SUM = 8301791.99999999, bChange = 0.00222199, totNum = 34
ROUND = 2716, SUM = 8301792.00000001, bChange = 0.00222226, totNum = 34
ROUND = 2717, SUM = 8301792.00000003, bChange = 0.00222253, totNum = 34
ROUND = 2718, SUM = 8301791.99999999, bChange = 0.00222279, totNum = 34
ROUND = 2719, SUM = 8301792, bChange = 0.00222306, totNum = 34
ROUND = 2720, SUM = 8301792, bChange = 0.00222333, totNum = 34
ROUND = 2721, SUM = 8301791.99999997, bChange = 0.0022236, totNum = 34
ROUND = 2722, SUM = 8301792.00000001, bChange = 0.00222387, totNum = 34
ROUND = 2723, SUM = 8301792, bChange = 0.00222413, totNum = 34
ROUND = 2724, SUM = 8301792, bChange = 0.0022244, totNum = 34
ROUND = 2725, SUM = 8301792.00000001, bChange = 0.00222467, totNum = 34
ROUND = 2726, SUM = 8301791.99999997, bChange = 0.00222494, totNum = 34
ROUND = 2727, SUM = 8301792.00000004, bChange = 0.0022252, totNum = 34
ROUND = 2728, SUM = 8301792, bChange = 0.00222547, totNum = 34
ROUND = 2729, SUM = 8301791.99999997, bChange = 0.00222573, totNum = 34
ROUND = 2730, SUM = 8301791.99999998, bChange = 0.002226, totNum = 34
ROUND = 2731, SUM = 8301791.99999998, bChange = 0.00222627, totNum = 33
ROUND = 2732, SUM = 8301792.00000001, bChange = 0.00222653, totNum = 33
ROUND = 2733, SUM = 8301791.99999997, bChange = 0.0022268, totNum = 33
ROUND = 2734, SUM = 8301791.99999998, bChange = 0.00222706, totNum = 33
ROUND = 2735, SUM = 8301791.99999997, bChange = 0.00222733, totNum = 33
ROUND = 2736, SUM = 8301791.99999997, bChange = 0.00222759, totNum = 33
ROUND = 2737, SUM = 8301791.99999996, bChange = 0.00222786, totNum = 33
ROUND = 2738, SUM = 8301791.99999998, bChange = 0.00222812, totNum = 33
ROUND = 2739, SUM = 8301792, bChange = 0.00222839, totNum = 33
ROUND = 2740, SUM = 8301792, bChange = 0.00222865, totNum = 33
ROUND = 2741, SUM = 8301791.99999997, bChange = 0.00222891, totNum = 33
ROUND = 2742, SUM = 8301791.99999999, bChange = 0.00222918, totNum = 33
ROUND = 2743, SUM = 8301791.99999998, bChange = 0.00222944, totNum = 33
ROUND = 2744, SUM = 8301791.99999999, bChange = 0.0022297, totNum = 33
ROUND = 2745, SUM = 8301792.00000001, bChange = 0.00222997, totNum = 33
ROUND = 2746, SUM = 8301791.99999997, bChange = 0.00223023, totNum = 33
ROUND = 2747, SUM = 8301792, bChange = 0.00223049, totNum = 33
ROUND = 2748, SUM = 8301791.99999997, bChange = 0.00223076, totNum = 33
ROUND = 2749, SUM = 8301792.00000001, bChange = 0.00223102, totNum = 33
ROUND = 2750, SUM = 8301791.99999999, bChange = 0.00223128, totNum = 33
ROUND = 2751, SUM = 8301791.99999999, bChange = 0.00223154, totNum = 33
ROUND = 2752, SUM = 8301791.99999998, bChange = 0.0022318, totNum = 33
ROUND = 2753, SUM = 8301791.99999999, bChange = 0.00223206, totNum = 33
ROUND = 2754, SUM = 8301791.99999996, bChange = 0.00223233, totNum = 33
ROUND = 2755, SUM = 8301791.99999998, bChange = 0.00223259, totNum = 33
ROUND = 2756, SUM = 8301791.99999998, bChange = 0.00223285, totNum = 33
ROUND = 2757, SUM = 8301791.99999998, bChange = 0.00223311, totNum = 33
ROUND = 2758, SUM = 8301791.99999999, bChange = 0.00223337, totNum = 33
ROUND = 2759, SUM = 8301792.00000002, bChange = 0.00223363, totNum = 33
ROUND = 2760, SUM = 8301791.99999998, bChange = 0.00223389, totNum = 33
ROUND = 2761, SUM = 8301791.99999999, bChange = 0.00223415, totNum = 33
ROUND = 2762, SUM = 8301791.99999995, bChange = 0.00223441, totNum = 33
ROUND = 2763, SUM = 8301791.99999998, bChange = 0.00223467, totNum = 33
ROUND = 2764, SUM = 8301791.99999999, bChange = 0.00223493, totNum = 33
ROUND = 2765, SUM = 8301791.99999997, bChange = 0.00223519, totNum = 33
ROUND = 2766, SUM = 8301791.99999998, bChange = 0.00223544, totNum = 33
ROUND = 2767, SUM = 8301791.99999999, bChange = 0.0022357, totNum = 32
ROUND = 2768, SUM = 8301791.99999999, bChange = 0.00223596, totNum = 32
ROUND = 2769, SUM = 8301792, bChange = 0.00223622, totNum = 32
ROUND = 2770, SUM = 8301791.99999998, bChange = 0.00223648, totNum = 32
ROUND = 2771, SUM = 8301791.99999997, bChange = 0.00223674, totNum = 32
ROUND = 2772, SUM = 8301791.99999996, bChange = 0.00223699, totNum = 32
ROUND = 2773, SUM = 8301791.99999996, bChange = 0.00223725, totNum = 32
ROUND = 2774, SUM = 8301791.99999999, bChange = 0.00223751, totNum = 32
ROUND = 2775, SUM = 8301791.99999998, bChange = 0.00223776, totNum = 32
ROUND = 2776, SUM = 8301791.99999997, bChange = 0.00223802, totNum = 32
ROUND = 2777, SUM = 8301792, bChange = 0.00223828, totNum = 32
ROUND = 2778, SUM = 8301791.99999996, bChange = 0.00223853, totNum = 31
ROUND = 2779, SUM = 8301791.99999997, bChange = 0.00223879, totNum = 31
ROUND = 2780, SUM = 8301791.99999997, bChange = 0.00223905, totNum = 31
ROUND = 2781, SUM = 8301792, bChange = 0.0022393, totNum = 31
ROUND = 2782, SUM = 8301792, bChange = 0.00223956, totNum = 31
ROUND = 2783, SUM = 8301791.99999996, bChange = 0.00223981, totNum = 31
ROUND = 2784, SUM = 8301791.99999996, bChange = 0.00224007, totNum = 31
ROUND = 2785, SUM = 8301791.99999999, bChange = 0.00224032, totNum = 31
ROUND = 2786, SUM = 8301791.99999998, bChange = 0.00224058, totNum = 31
ROUND = 2787, SUM = 8301791.99999997, bChange = 0.00224083, totNum = 31
ROUND = 2788, SUM = 8301791.99999996, bChange = 0.00224109, totNum = 31
ROUND = 2789, SUM = 8301791.99999999, bChange = 0.00224134, totNum = 31
ROUND = 2790, SUM = 8301791.99999997, bChange = 0.00224159, totNum = 31
ROUND = 2791, SUM = 8301791.99999997, bChange = 0.00224185, totNum = 31
ROUND = 2792, SUM = 8301792.00000002, bChange = 0.0022421, totNum = 31
ROUND = 2793, SUM = 8301791.99999997, bChange = 0.00224236, totNum = 31
ROUND = 2794, SUM = 8301791.99999996, bChange = 0.00224261, totNum = 31
ROUND = 2795, SUM = 8301791.99999999, bChange = 0.00224286, totNum = 31
ROUND = 2796, SUM = 8301791.99999999, bChange = 0.00224311, totNum = 31
ROUND = 2797, SUM = 8301792, bChange = 0.00224337, totNum = 31
ROUND = 2798, SUM = 8301791.99999997, bChange = 0.00224362, totNum = 31
ROUND = 2799, SUM = 8301791.99999997, bChange = 0.00224387, totNum = 31
ROUND = 2800, SUM = 8301791.99999996, bChange = 0.00224412, totNum = 31
ROUND = 2801, SUM = 8301791.99999999, bChange = 0.00224438, totNum = 31
ROUND = 2802, SUM = 8301791.99999996, bChange = 0.00224463, totNum = 31
ROUND = 2803, SUM = 8301791.99999999, bChange = 0.00224488, totNum = 31
ROUND = 2804, SUM = 8301791.99999998, bChange = 0.00224513, totNum = 31
ROUND = 2805, SUM = 8301792.00000001, bChange = 0.00224538, totNum = 31
ROUND = 2806, SUM = 8301791.99999997, bChange = 0.00224563, totNum = 31
ROUND = 2807, SUM = 8301792.00000001, bChange = 0.00224588, totNum = 31
ROUND = 2808, SUM = 8301791.99999997, bChange = 0.00224613, totNum = 31
ROUND = 2809, SUM = 8301791.99999996, bChange = 0.00224638, totNum = 31
ROUND = 2810, SUM = 8301791.99999999, bChange = 0.00224663, totNum = 31
ROUND = 2811, SUM = 8301791.99999999, bChange = 0.00224688, totNum = 31
ROUND = 2812, SUM = 8301792, bChange = 0.00224713, totNum = 31
ROUND = 2813, SUM = 8301791.99999999, bChange = 0.00224738, totNum = 31
ROUND = 2814, SUM = 8301791.99999996, bChange = 0.00224763, totNum = 31
ROUND = 2815, SUM = 8301791.99999996, bChange = 0.00224788, totNum = 31
ROUND = 2816, SUM = 8301791.99999998, bChange = 0.00224813, totNum = 31
ROUND = 2817, SUM = 8301791.99999999, bChange = 0.00224838, totNum = 31
ROUND = 2818, SUM = 8301791.99999997, bChange = 0.00224862, totNum = 31
ROUND = 2819, SUM = 8301791.99999997, bChange = 0.00224887, totNum = 31
ROUND = 2820, SUM = 8301791.99999999, bChange = 0.00224912, totNum = 31
ROUND = 2821, SUM = 8301791.99999998, bChange = 0.00224937, totNum = 31
ROUND = 2822, SUM = 8301791.99999998, bChange = 0.00224962, totNum = 31
ROUND = 2823, SUM = 8301791.99999998, bChange = 0.00224986, totNum = 31
ROUND = 2824, SUM = 8301791.99999998, bChange = 0.00225011, totNum = 31
ROUND = 2825, SUM = 8301791.99999998, bChange = 0.00225036, totNum = 31
ROUND = 2826, SUM = 8301791.99999994, bChange = 0.0022506, totNum = 31
ROUND = 2827, SUM = 8301791.99999995, bChange = 0.00225085, totNum = 31
ROUND = 2828, SUM = 8301791.99999996, bChange = 0.0022511, totNum = 31
ROUND = 2829, SUM = 8301791.99999996, bChange = 0.00225134, totNum = 31
ROUND = 2830, SUM = 8301791.99999996, bChange = 0.00225159, totNum = 31
ROUND = 2831, SUM = 8301791.99999995, bChange = 0.00225184, totNum = 31
ROUND = 2832, SUM = 8301791.99999996, bChange = 0.00225208, totNum = 31
ROUND = 2833, SUM = 8301791.99999996, bChange = 0.00225233, totNum = 31
ROUND = 2834, SUM = 8301791.99999996, bChange = 0.00225257, totNum = 31
ROUND = 2835, SUM = 8301791.99999998, bChange = 0.00225282, totNum = 31
ROUND = 2836, SUM = 8301791.99999996, bChange = 0.00225306, totNum = 31
ROUND = 2837, SUM = 8301791.99999996, bChange = 0.00225331, totNum = 31
ROUND = 2838, SUM = 8301791.99999997, bChange = 0.00225355, totNum = 31
ROUND = 2839, SUM = 8301791.99999998, bChange = 0.0022538, totNum = 31
ROUND = 2840, SUM = 8301791.99999998, bChange = 0.00225404, totNum = 31
ROUND = 2841, SUM = 8301791.99999998, bChange = 0.00225428, totNum = 31
ROUND = 2842, SUM = 8301791.99999996, bChange = 0.00225453, totNum = 31
ROUND = 2843, SUM = 8301791.99999996, bChange = 0.00225477, totNum = 31
ROUND = 2844, SUM = 8301791.99999996, bChange = 0.00225501, totNum = 31
ROUND = 2845, SUM = 8301791.99999999, bChange = 0.00225526, totNum = 31
ROUND = 2846, SUM = 8301791.99999996, bChange = 0.0022555, totNum = 31
ROUND = 2847, SUM = 8301791.99999998, bChange = 0.00225574, totNum = 31
ROUND = 2848, SUM = 8301791.99999997, bChange = 0.00225599, totNum = 31
ROUND = 2849, SUM = 8301791.99999996, bChange = 0.00225623, totNum = 31
ROUND = 2850, SUM = 8301791.99999997, bChange = 0.00225647, totNum = 31
ROUND = 2851, SUM = 8301791.99999997, bChange = 0.00225671, totNum = 31
ROUND = 2852, SUM = 8301791.99999999, bChange = 0.00225695, totNum = 31
ROUND = 2853, SUM = 8301791.99999999, bChange = 0.0022572, totNum = 31
ROUND = 2854, SUM = 8301791.99999997, bChange = 0.00225744, totNum = 31
ROUND = 2855, SUM = 8301791.99999998, bChange = 0.00225768, totNum = 31
ROUND = 2856, SUM = 8301791.99999997, bChange = 0.00225792, totNum = 31
ROUND = 2857, SUM = 8301791.99999997, bChange = 0.00225816, totNum = 31
ROUND = 2858, SUM = 8301791.99999996, bChange = 0.0022584, totNum = 31
ROUND = 2859, SUM = 8301791.99999998, bChange = 0.00225864, totNum = 31
ROUND = 2860, SUM = 8301792, bChange = 0.00225888, totNum = 31
ROUND = 2861, SUM = 8301792, bChange = 0.00225912, totNum = 31
ROUND = 2862, SUM = 8301791.99999996, bChange = 0.00225936, totNum = 31
ROUND = 2863, SUM = 8301791.99999998, bChange = 0.0022596, totNum = 31
ROUND = 2864, SUM = 8301791.99999997, bChange = 0.00225984, totNum = 31
ROUND = 2865, SUM = 8301791.99999997, bChange = 0.00226008, totNum = 31
ROUND = 2866, SUM = 8301791.99999999, bChange = 0.00226032, totNum = 31
ROUND = 2867, SUM = 8301791.99999998, bChange = 0.00226056, totNum = 31
ROUND = 2868, SUM = 8301792.00000002, bChange = 0.00222438, totNum = 30
ROUND = 2869, SUM = 8301791.99999995, bChange = 0.00222444, totNum = 30
ROUND = 2870, SUM = 8301791.99999999, bChange = 0.0022245, totNum = 30
ROUND = 2871, SUM = 8301791.99999995, bChange = 0.00222456, totNum = 30
ROUND = 2872, SUM = 8301791.99999996, bChange = 0.00222462, totNum = 30
ROUND = 2873, SUM = 8301791.99999995, bChange = 0.00222469, totNum = 30
ROUND = 2874, SUM = 8301791.99999998, bChange = 0.00222475, totNum = 30
ROUND = 2875, SUM = 8301791.99999997, bChange = 0.00222481, totNum = 29
ROUND = 2876, SUM = 8301791.99999998, bChange = 0.00222487, totNum = 29
ROUND = 2877, SUM = 8301791.99999997, bChange = 0.00222493, totNum = 29
ROUND = 2878, SUM = 8301792, bChange = 0.00222499, totNum = 29
ROUND = 2879, SUM = 8301791.99999997, bChange = 0.00222505, totNum = 29
ROUND = 2880, SUM = 8301791.99999998, bChange = 0.0022251, totNum = 29
ROUND = 2881, SUM = 8301792, bChange = 0.00222516, totNum = 29
ROUND = 2882, SUM = 8301791.99999996, bChange = 0.00222522, totNum = 29
ROUND = 2883, SUM = 8301791.99999999, bChange = 0.00222528, totNum = 29
ROUND = 2884, SUM = 8301791.99999995, bChange = 0.00222534, totNum = 29
ROUND = 2885, SUM = 8301791.99999998, bChange = 0.0022254, totNum = 29
ROUND = 2886, SUM = 8301791.99999998, bChange = 0.00222546, totNum = 29
ROUND = 2887, SUM = 8301791.99999999, bChange = 0.00222552, totNum = 29
ROUND = 2888, SUM = 8301791.99999998, bChange = 0.00222558, totNum = 29
ROUND = 2889, SUM = 8301791.99999998, bChange = 0.00222564, totNum = 29
ROUND = 2890, SUM = 8301791.99999998, bChange = 0.00222569, totNum = 29
ROUND = 2891, SUM = 8301791.99999997, bChange = 0.00222575, totNum = 29
ROUND = 2892, SUM = 8301791.99999998, bChange = 0.00222581, totNum = 29
ROUND = 2893, SUM = 8301791.99999999, bChange = 0.00222587, totNum = 29
ROUND = 2894, SUM = 8301791.99999994, bChange = 0.00222593, totNum = 29
ROUND = 2895, SUM = 8301791.99999997, bChange = 0.00222598, totNum = 29
ROUND = 2896, SUM = 8301791.99999998, bChange = 0.00222604, totNum = 29
ROUND = 2897, SUM = 8301791.99999999, bChange = 0.0022261, totNum = 28
ROUND = 2898, SUM = 8301791.99999997, bChange = 0.00222616, totNum = 28
ROUND = 2899, SUM = 8301791.99999998, bChange = 0.00222621, totNum = 28
ROUND = 2900, SUM = 8301791.99999996, bChange = 0.00222627, totNum = 28
ROUND = 2901, SUM = 8301791.99999999, bChange = 0.00222633, totNum = 28
ROUND = 2902, SUM = 8301792, bChange = 0.00222639, totNum = 28
ROUND = 2903, SUM = 8301791.99999998, bChange = 0.00222644, totNum = 28
ROUND = 2904, SUM = 8301791.99999995, bChange = 0.0022265, totNum = 28
ROUND = 2905, SUM = 8301791.99999997, bChange = 0.00222656, totNum = 28
ROUND = 2906, SUM = 8301791.99999997, bChange = 0.00222661, totNum = 28
ROUND = 2907, SUM = 8301791.99999999, bChange = 0.00222667, totNum = 28
ROUND = 2908, SUM = 8301791.99999998, bChange = 0.00222673, totNum = 28
ROUND = 2909, SUM = 8301791.99999998, bChange = 0.00222678, totNum = 28
ROUND = 2910, SUM = 8301791.99999999, bChange = 0.00222684, totNum = 28
ROUND = 2911, SUM = 8301791.99999998, bChange = 0.00222689, totNum = 28
ROUND = 2912, SUM = 8301791.99999996, bChange = 0.00222695, totNum = 28
ROUND = 2913, SUM = 8301791.99999998, bChange = 0.002227, totNum = 28
ROUND = 2914, SUM = 8301791.99999997, bChange = 0.00222706, totNum = 28
ROUND = 2915, SUM = 8301791.99999998, bChange = 0.00222712, totNum = 28
ROUND = 2916, SUM = 8301791.99999998, bChange = 0.00222717, totNum = 28
ROUND = 2917, SUM = 8301791.99999999, bChange = 0.00222723, totNum = 28
ROUND = 2918, SUM = 8301792.00000001, bChange = 0.00222728, totNum = 28
ROUND = 2919, SUM = 8301791.99999999, bChange = 0.00222734, totNum = 28
ROUND = 2920, SUM = 8301791.99999998, bChange = 0.00222739, totNum = 28
ROUND = 2921, SUM = 8301792, bChange = 0.00222745, totNum = 28
ROUND = 2922, SUM = 8301791.99999998, bChange = 0.0022275, totNum = 28
ROUND = 2923, SUM = 8301791.99999997, bChange = 0.00222756, totNum = 28
ROUND = 2924, SUM = 8301792.00000001, bChange = 0.00222761, totNum = 28
ROUND = 2925, SUM = 8301791.99999998, bChange = 0.00222766, totNum = 28
ROUND = 2926, SUM = 8301791.99999998, bChange = 0.00222772, totNum = 28
ROUND = 2927, SUM = 8301792, bChange = 0.00222777, totNum = 28
ROUND = 2928, SUM = 8301792.00000001, bChange = 0.00222783, totNum = 28
ROUND = 2929, SUM = 8301792.00000003, bChange = 0.00222788, totNum = 28
ROUND = 2930, SUM = 8301792, bChange = 0.00222794, totNum = 28
ROUND = 2931, SUM = 8301791.99999999, bChange = 0.00222799, totNum = 28
ROUND = 2932, SUM = 8301792, bChange = 0.00222804, totNum = 28
ROUND = 2933, SUM = 8301792, bChange = 0.0022281, totNum = 27
ROUND = 2934, SUM = 8301792, bChange = 0.00222815, totNum = 27
ROUND = 2935, SUM = 8301792.00000002, bChange = 0.0022282, totNum = 27
ROUND = 2936, SUM = 8301791.99999998, bChange = 0.00222826, totNum = 27
ROUND = 2937, SUM = 8301791.99999996, bChange = 0.00222831, totNum = 27
ROUND = 2938, SUM = 8301791.99999999, bChange = 0.00222836, totNum = 27
ROUND = 2939, SUM = 8301791.99999999, bChange = 0.00222841, totNum = 27
ROUND = 2940, SUM = 8301791.99999996, bChange = 0.00222847, totNum = 27
ROUND = 2941, SUM = 8301791.99999997, bChange = 0.00222852, totNum = 27
ROUND = 2942, SUM = 8301791.99999998, bChange = 0.00222857, totNum = 27
ROUND = 2943, SUM = 8301792, bChange = 0.00222863, totNum = 27
ROUND = 2944, SUM = 8301791.99999996, bChange = 0.00222868, totNum = 27
ROUND = 2945, SUM = 8301791.99999995, bChange = 0.00222873, totNum = 27
ROUND = 2946, SUM = 8301791.99999997, bChange = 0.00222878, totNum = 27
ROUND = 2947, SUM = 8301791.99999997, bChange = 0.00222883, totNum = 27
ROUND = 2948, SUM = 8301791.99999999, bChange = 0.00222889, totNum = 27
ROUND = 2949, SUM = 8301791.99999998, bChange = 0.00222894, totNum = 27
ROUND = 2950, SUM = 8301791.99999999, bChange = 0.00222899, totNum = 27
ROUND = 2951, SUM = 8301792, bChange = 0.00222904, totNum = 27
ROUND = 2952, SUM = 8301792, bChange = 0.00222909, totNum = 27
ROUND = 2953, SUM = 8301791.99999999, bChange = 0.00222914, totNum = 27
ROUND = 2954, SUM = 8301792.00000001, bChange = 0.00222919, totNum = 27
ROUND = 2955, SUM = 8301792.00000001, bChange = 0.00222925, totNum = 26
ROUND = 2956, SUM = 8301792.00000001, bChange = 0.0022293, totNum = 26
ROUND = 2957, SUM = 8301791.99999996, bChange = 0.00222935, totNum = 26
ROUND = 2958, SUM = 8301791.99999997, bChange = 0.0022294, totNum = 26
ROUND = 2959, SUM = 8301791.99999998, bChange = 0.00222945, totNum = 26
ROUND = 2960, SUM = 8301792.00000001, bChange = 0.0022295, totNum = 26
ROUND = 2961, SUM = 8301791.99999999, bChange = 0.00222955, totNum = 26
ROUND = 2962, SUM = 8301791.99999996, bChange = 0.0022296, totNum = 26
ROUND = 2963, SUM = 8301791.99999996, bChange = 0.00222965, totNum = 26
ROUND = 2964, SUM = 8301791.99999998, bChange = 0.0022297, totNum = 26
ROUND = 2965, SUM = 8301791.99999997, bChange = 0.00222975, totNum = 26
ROUND = 2966, SUM = 8301791.99999997, bChange = 0.0022298, totNum = 26
ROUND = 2967, SUM = 8301791.99999996, bChange = 0.00222985, totNum = 26
ROUND = 2968, SUM = 8301791.99999998, bChange = 0.0022299, totNum = 26
ROUND = 2969, SUM = 8301791.99999997, bChange = 0.00222995, totNum = 26
ROUND = 2970, SUM = 8301792.00000001, bChange = 0.00223, totNum = 26
ROUND = 2971, SUM = 8301791.99999999, bChange = 0.00223005, totNum = 26
ROUND = 2972, SUM = 8301791.99999999, bChange = 0.0022301, totNum = 26
ROUND = 2973, SUM = 8301791.99999998, bChange = 0.00223015, totNum = 26
ROUND = 2974, SUM = 8301791.99999998, bChange = 0.0022302, totNum = 26
ROUND = 2975, SUM = 8301792, bChange = 0.00223025, totNum = 26
ROUND = 2976, SUM = 8301791.99999998, bChange = 0.0022303, totNum = 26
ROUND = 2977, SUM = 8301791.99999999, bChange = 0.00223035, totNum = 26
ROUND = 2978, SUM = 8301792.00000001, bChange = 0.00223039, totNum = 26
ROUND = 2979, SUM = 8301792, bChange = 0.00223044, totNum = 26
ROUND = 2980, SUM = 8301791.99999996, bChange = 0.00223049, totNum = 26
ROUND = 2981, SUM = 8301791.99999998, bChange = 0.00223054, totNum = 26
ROUND = 2982, SUM = 8301792, bChange = 0.00223059, totNum = 26
ROUND = 2983, SUM = 8301791.99999999, bChange = 0.00223064, totNum = 26
ROUND = 2984, SUM = 8301792.00000001, bChange = 0.00223068, totNum = 26
ROUND = 2985, SUM = 8301791.99999998, bChange = 0.00223073, totNum = 26
ROUND = 2986, SUM = 8301792, bChange = 0.00223078, totNum = 26
ROUND = 2987, SUM = 8301791.99999999, bChange = 0.00223083, totNum = 26
ROUND = 2988, SUM = 8301791.99999999, bChange = 0.00223088, totNum = 26
ROUND = 2989, SUM = 8301792, bChange = 0.00223092, totNum = 26
ROUND = 2990, SUM = 8301791.99999996, bChange = 0.00223097, totNum = 26
ROUND = 2991, SUM = 8301791.99999999, bChange = 0.00223102, totNum = 24
ROUND = 2992, SUM = 8301792.00000001, bChange = 0.00223107, totNum = 24
ROUND = 2993, SUM = 8301792.00000002, bChange = 0.00223111, totNum = 24
ROUND = 2994, SUM = 8301791.99999997, bChange = 0.00223116, totNum = 24
ROUND = 2995, SUM = 8301792.00000001, bChange = 0.00223121, totNum = 24
ROUND = 2996, SUM = 8301791.99999999, bChange = 0.00223126, totNum = 24
ROUND = 2997, SUM = 8301792, bChange = 0.0022313, totNum = 24
ROUND = 2998, SUM = 8301791.99999997, bChange = 0.00223135, totNum = 24
ROUND = 2999, SUM = 8301791.99999996, bChange = 0.0022314, totNum = 24
ROUND = 3000, SUM = 8301791.99999996, bChange = 0.00223144, totNum = 24
ROUND = 3001, SUM = 8301791.99999997, bChange = 0.00223149, totNum = 24
ROUND = 3002, SUM = 8301791.99999996, bChange = 0.00223154, totNum = 24
ROUND = 3003, SUM = 8301792, bChange = 0.00223158, totNum = 24
ROUND = 3004, SUM = 8301791.99999997, bChange = 0.00223163, totNum = 24
ROUND = 3005, SUM = 8301792, bChange = 0.00223167, totNum = 24
ROUND = 3006, SUM = 8301791.99999998, bChange = 0.00223172, totNum = 24
ROUND = 3007, SUM = 8301791.99999999, bChange = 0.00223177, totNum = 24
ROUND = 3008, SUM = 8301791.99999999, bChange = 0.00223181, totNum = 24
ROUND = 3009, SUM = 8301791.99999999, bChange = 0.00223186, totNum = 24
ROUND = 3010, SUM = 8301792, bChange = 0.0022319, totNum = 24
ROUND = 3011, SUM = 8301791.99999999, bChange = 0.00223195, totNum = 24
ROUND = 3012, SUM = 8301791.99999996, bChange = 0.00223199, totNum = 24
ROUND = 3013, SUM = 8301791.99999999, bChange = 0.00223204, totNum = 24
ROUND = 3014, SUM = 8301792.00000001, bChange = 0.00223209, totNum = 24
ROUND = 3015, SUM = 8301791.99999997, bChange = 0.00223213, totNum = 23
ROUND = 3016, SUM = 8301792.00000001, bChange = 0.00223218, totNum = 23
ROUND = 3017, SUM = 8301791.99999998, bChange = 0.00223222, totNum = 23
ROUND = 3018, SUM = 8301791.99999998, bChange = 0.00223227, totNum = 23
ROUND = 3019, SUM = 8301791.99999998, bChange = 0.00223231, totNum = 23
ROUND = 3020, SUM = 8301792.00000002, bChange = 0.00223236, totNum = 23
ROUND = 3021, SUM = 8301791.99999997, bChange = 0.0022324, totNum = 23
ROUND = 3022, SUM = 8301791.99999997, bChange = 0.00223244, totNum = 23
ROUND = 3023, SUM = 8301791.99999997, bChange = 0.00223249, totNum = 23
ROUND = 3024, SUM = 8301791.99999999, bChange = 0.00223253, totNum = 23
ROUND = 3025, SUM = 8301791.99999999, bChange = 0.00223258, totNum = 23
ROUND = 3026, SUM = 8301792, bChange = 0.00223262, totNum = 23
ROUND = 3027, SUM = 8301791.99999999, bChange = 0.00223267, totNum = 23
ROUND = 3028, SUM = 8301792, bChange = 0.00223271, totNum = 23
ROUND = 3029, SUM = 8301792, bChange = 0.00223275, totNum = 22
ROUND = 3030, SUM = 8301791.99999997, bChange = 0.0022328, totNum = 22
ROUND = 3031, SUM = 8301792, bChange = 0.00185234, totNum = 21
ROUND = 3032, SUM = 8301791.99999999, bChange = 0.00185235, totNum = 21
ROUND = 3033, SUM = 8301791.99999999, bChange = 0.00185235, totNum = 21
ROUND = 3034, SUM = 8301791.99999999, bChange = 0.00185235, totNum = 21
ROUND = 3035, SUM = 8301791.99999999, bChange = 0.00185235, totNum = 21
ROUND = 3036, SUM = 8301791.99999999, bChange = 0.00165714, totNum = 20
ROUND = 3037, SUM = 8301792.00000001, bChange = 0.00165715, totNum = 20
ROUND = 3038, SUM = 8301791.99999997, bChange = 0.00165715, totNum = 20
ROUND = 3039, SUM = 8301792, bChange = 0.00165715, totNum = 20
ROUND = 3040, SUM = 8301791.99999998, bChange = 0.00165715, totNum = 20
ROUND = 3041, SUM = 8301792.00000001, bChange = 0.00165715, totNum = 20
ROUND = 3042, SUM = 8301791.99999997, bChange = 0.00165716, totNum = 20
ROUND = 3043, SUM = 8301791.99999999, bChange = 0.00165716, totNum = 20
ROUND = 3044, SUM = 8301791.99999999, bChange = 0.00165716, totNum = 20
ROUND = 3045, SUM = 8301792.00000001, bChange = 0.00165716, totNum = 20
ROUND = 3046, SUM = 8301792, bChange = 0.00165716, totNum = 20
ROUND = 3047, SUM = 8301791.99999999, bChange = 0.00165716, totNum = 20
ROUND = 3048, SUM = 8301792.00000001, bChange = 0.00165717, totNum = 20
ROUND = 3049, SUM = 8301792, bChange = 0.00165717, totNum = 20
ROUND = 3050, SUM = 8301792.00000001, bChange = 0.00165717, totNum = 20
ROUND = 3051, SUM = 8301791.99999999, bChange = 0.00165717, totNum = 20
ROUND = 3052, SUM = 8301792.00000002, bChange = 0.00165717, totNum = 20
ROUND = 3053, SUM = 8301791.99999999, bChange = 0.00165718, totNum = 20
ROUND = 3054, SUM = 8301791.99999996, bChange = 0.00165718, totNum = 20
ROUND = 3055, SUM = 8301792, bChange = 0.00165718, totNum = 20
ROUND = 3056, SUM = 8301792.00000003, bChange = 0.00165718, totNum = 20
ROUND = 3057, SUM = 8301791.99999998, bChange = 0.00165718, totNum = 19
ROUND = 3058, SUM = 8301792, bChange = 0.00165718, totNum = 19
ROUND = 3059, SUM = 8301791.99999999, bChange = 0.00165719, totNum = 19
ROUND = 3060, SUM = 8301792.00000001, bChange = 0.00165719, totNum = 19
ROUND = 3061, SUM = 8301792.00000001, bChange = 0.00165719, totNum = 19
ROUND = 3062, SUM = 8301791.99999999, bChange = 0.00165719, totNum = 19
ROUND = 3063, SUM = 8301791.99999999, bChange = 0.00165719, totNum = 19
ROUND = 3064, SUM = 8301791.99999998, bChange = 0.0016572, totNum = 19
ROUND = 3065, SUM = 8301792, bChange = 0.0016572, totNum = 19
ROUND = 3066, SUM = 8301791.99999999, bChange = 0.0016572, totNum = 19
ROUND = 3067, SUM = 8301792, bChange = 0.0016572, totNum = 19
ROUND = 3068, SUM = 8301792, bChange = 0.0016572, totNum = 19
ROUND = 3069, SUM = 8301792.00000001, bChange = 0.0016572, totNum = 19
ROUND = 3070, SUM = 8301792, bChange = 0.00165721, totNum = 19
ROUND = 3071, SUM = 8301791.99999997, bChange = 0.00165721, totNum = 19
ROUND = 3072, SUM = 8301792.00000001, bChange = 0.00165721, totNum = 19
ROUND = 3073, SUM = 8301791.99999998, bChange = 0.00165721, totNum = 19
ROUND = 3074, SUM = 8301792, bChange = 0.00165721, totNum = 19
ROUND = 3075, SUM = 8301792, bChange = 0.00165721, totNum = 19
ROUND = 3076, SUM = 8301792.00000001, bChange = 0.00165722, totNum = 19
ROUND = 3077, SUM = 8301791.99999999, bChange = 0.00165722, totNum = 19
ROUND = 3078, SUM = 8301792, bChange = 0.00165722, totNum = 19
ROUND = 3079, SUM = 8301792, bChange = 0.00165722, totNum = 19
ROUND = 3080, SUM = 8301792, bChange = 0.00165722, totNum = 19
ROUND = 3081, SUM = 8301792.00000002, bChange = 0.00165722, totNum = 19
ROUND = 3082, SUM = 8301792.00000001, bChange = 0.00165723, totNum = 19
ROUND = 3083, SUM = 8301792.00000001, bChange = 0.00165723, totNum = 19
ROUND = 3084, SUM = 8301792.00000002, bChange = 0.00165723, totNum = 19
ROUND = 3085, SUM = 8301791.99999999, bChange = 0.00165723, totNum = 19
ROUND = 3086, SUM = 8301791.99999998, bChange = 0.00165723, totNum = 19
ROUND = 3087, SUM = 8301791.99999998, bChange = 0.00165723, totNum = 19
ROUND = 3088, SUM = 8301792, bChange = 0.00165724, totNum = 19
ROUND = 3089, SUM = 8301792.00000001, bChange = 0.00165724, totNum = 19
ROUND = 3090, SUM = 8301792, bChange = 0.00165724, totNum = 19
ROUND = 3091, SUM = 8301792.00000001, bChange = 0.00165724, totNum = 19
ROUND = 3092, SUM = 8301791.99999997, bChange = 0.00165724, totNum = 19
ROUND = 3093, SUM = 8301792.00000001, bChange = 0.00165724, totNum = 19
ROUND = 3094, SUM = 8301791.99999998, bChange = 0.00165725, totNum = 19
ROUND = 3095, SUM = 8301791.99999999, bChange = 0.00165725, totNum = 19
ROUND = 3096, SUM = 8301791.99999998, bChange = 0.00165725, totNum = 19
ROUND = 3097, SUM = 8301792, bChange = 0.00165725, totNum = 19
ROUND = 3098, SUM = 8301791.99999996, bChange = 0.00165725, totNum = 19
ROUND = 3099, SUM = 8301791.99999998, bChange = 0.00165725, totNum = 19
ROUND = 3100, SUM = 8301791.99999996, bChange = 0.00165726, totNum = 19
ROUND = 3101, SUM = 8301792, bChange = 0.00165726, totNum = 19
ROUND = 3102, SUM = 8301792, bChange = 0.00165726, totNum = 19
ROUND = 3103, SUM = 8301792.00000001, bChange = 0.00165726, totNum = 19
ROUND = 3104, SUM = 8301791.99999998, bChange = 0.00165726, totNum = 19
ROUND = 3105, SUM = 8301791.99999998, bChange = 0.00165726, totNum = 19
ROUND = 3106, SUM = 8301791.99999998, bChange = 0.00165727, totNum = 19
ROUND = 3107, SUM = 8301791.99999999, bChange = 0.00165727, totNum = 19
ROUND = 3108, SUM = 8301792.00000001, bChange = 0.00165727, totNum = 19
ROUND = 3109, SUM = 8301792.00000001, bChange = 0.00165727, totNum = 19
ROUND = 3110, SUM = 8301792, bChange = 0.00165727, totNum = 19
ROUND = 3111, SUM = 8301791.99999998, bChange = 0.00165727, totNum = 19
ROUND = 3112, SUM = 8301792.00000001, bChange = 0.00165728, totNum = 19
ROUND = 3113, SUM = 8301792.00000001, bChange = 0.00165728, totNum = 19
ROUND = 3114, SUM = 8301791.99999997, bChange = 0.00165728, totNum = 19
ROUND = 3115, SUM = 8301792.00000001, bChange = 0.00165728, totNum = 19
ROUND = 3116, SUM = 8301792, bChange = 0.00165728, totNum = 19
ROUND = 3117, SUM = 8301792, bChange = 0.00165728, totNum = 19
ROUND = 3118, SUM = 8301791.99999998, bChange = 0.00165729, totNum = 19
ROUND = 3119, SUM = 8301791.99999999, bChange = 0.00165729, totNum = 19
ROUND = 3120, SUM = 8301792, bChange = 0.00165729, totNum = 19
ROUND = 3121, SUM = 8301791.99999997, bChange = 0.00165729, totNum = 19
ROUND = 3122, SUM = 8301791.99999996, bChange = 0.00165729, totNum = 19
ROUND = 3123, SUM = 8301791.99999996, bChange = 0.00165729, totNum = 19
ROUND = 3124, SUM = 8301791.99999999, bChange = 0.0016573, totNum = 19
ROUND = 3125, SUM = 8301791.99999999, bChange = 0.0016573, totNum = 19
ROUND = 3126, SUM = 8301791.99999999, bChange = 0.0016573, totNum = 19
ROUND = 3127, SUM = 8301791.99999999, bChange = 0.0016573, totNum = 19
ROUND = 3128, SUM = 8301792.00000002, bChange = 0.0016573, totNum = 19
ROUND = 3129, SUM = 8301792.00000001, bChange = 0.0016573, totNum = 19
ROUND = 3130, SUM = 8301792, bChange = 0.0016573, totNum = 19
ROUND = 3131, SUM = 8301792.00000001, bChange = 0.00165731, totNum = 19
ROUND = 3132, SUM = 8301791.99999999, bChange = 0.00165731, totNum = 19
ROUND = 3133, SUM = 8301792.00000002, bChange = 0.00165731, totNum = 19
ROUND = 3134, SUM = 8301791.99999999, bChange = 0.00165731, totNum = 19
ROUND = 3135, SUM = 8301791.99999999, bChange = 0.00165731, totNum = 19
ROUND = 3136, SUM = 8301791.99999997, bChange = 0.00165731, totNum = 19
ROUND = 3137, SUM = 8301792, bChange = 0.00165732, totNum = 19
ROUND = 3138, SUM = 8301791.99999999, bChange = 0.00165732, totNum = 19
ROUND = 3139, SUM = 8301792.00000001, bChange = 0.00165732, totNum = 19
ROUND = 3140, SUM = 8301792, bChange = 0.00165732, totNum = 19
ROUND = 3141, SUM = 8301792, bChange = 0.00165732, totNum = 19
ROUND = 3142, SUM = 8301791.99999999, bChange = 0.00165732, totNum = 19
ROUND = 3143, SUM = 8301792.00000001, bChange = 0.00165733, totNum = 19
ROUND = 3144, SUM = 8301791.99999999, bChange = 0.00165733, totNum = 19
ROUND = 3145, SUM = 8301791.99999999, bChange = 0.00165733, totNum = 19
ROUND = 3146, SUM = 8301791.99999999, bChange = 0.00165733, totNum = 19
ROUND = 3147, SUM = 8301791.99999999, bChange = 0.00165733, totNum = 19
ROUND = 3148, SUM = 8301792.00000001, bChange = 0.00165733, totNum = 19
ROUND = 3149, SUM = 8301791.99999999, bChange = 0.00165733, totNum = 19
ROUND = 3150, SUM = 8301791.99999998, bChange = 0.00165734, totNum = 19
ROUND = 3151, SUM = 8301792, bChange = 0.00165734, totNum = 19
ROUND = 3152, SUM = 8301792.00000001, bChange = 0.00165734, totNum = 19
ROUND = 3153, SUM = 8301792.00000002, bChange = 0.00165734, totNum = 19
ROUND = 3154, SUM = 8301791.99999998, bChange = 0.00165734, totNum = 19
ROUND = 3155, SUM = 8301792.00000002, bChange = 0.00165734, totNum = 19
ROUND = 3156, SUM = 8301792.00000002, bChange = 0.00165734, totNum = 19
ROUND = 3157, SUM = 8301792.00000001, bChange = 0.00165735, totNum = 19
ROUND = 3158, SUM = 8301791.99999999, bChange = 0.00165735, totNum = 19
ROUND = 3159, SUM = 8301791.99999999, bChange = 0.00165735, totNum = 19
ROUND = 3160, SUM = 8301791.99999999, bChange = 0.00165735, totNum = 19
ROUND = 3161, SUM = 8301791.99999999, bChange = 0.00165735, totNum = 19
ROUND = 3162, SUM = 8301791.99999999, bChange = 0.00165735, totNum = 19
ROUND = 3163, SUM = 8301792.00000001, bChange = 0.00165736, totNum = 19
ROUND = 3164, SUM = 8301792.00000001, bChange = 0.00165736, totNum = 19
ROUND = 3165, SUM = 8301791.99999999, bChange = 0.00165736, totNum = 19
ROUND = 3166, SUM = 8301791.99999999, bChange = 0.00165736, totNum = 19
ROUND = 3167, SUM = 8301791.99999999, bChange = 0.00165736, totNum = 19
ROUND = 3168, SUM = 8301792.00000001, bChange = 0.00165736, totNum = 19
ROUND = 3169, SUM = 8301792, bChange = 0.00165736, totNum = 19
ROUND = 3170, SUM = 8301792, bChange = 0.00165737, totNum = 19
ROUND = 3171, SUM = 8301791.99999999, bChange = 0.00165737, totNum = 19
ROUND = 3172, SUM = 8301791.99999997, bChange = 0.00165737, totNum = 19
ROUND = 3173, SUM = 8301792, bChange = 0.00165737, totNum = 19
ROUND = 3174, SUM = 8301791.99999999, bChange = 0.00165737, totNum = 19
ROUND = 3175, SUM = 8301791.99999997, bChange = 0.00165737, totNum = 19
ROUND = 3176, SUM = 8301791.99999998, bChange = 0.00165737, totNum = 19
ROUND = 3177, SUM = 8301791.99999999, bChange = 0.00165738, totNum = 19
ROUND = 3178, SUM = 8301791.99999999, bChange = 0.00165738, totNum = 19
ROUND = 3179, SUM = 8301791.99999998, bChange = 0.00165738, totNum = 19
ROUND = 3180, SUM = 8301791.99999998, bChange = 0.00165738, totNum = 19
ROUND = 3181, SUM = 8301791.99999999, bChange = 0.00165738, totNum = 19
ROUND = 3182, SUM = 8301791.99999998, bChange = 0.00165738, totNum = 19
ROUND = 3183, SUM = 8301792, bChange = 0.00165738, totNum = 19
ROUND = 3184, SUM = 8301791.99999999, bChange = 0.00165739, totNum = 19
ROUND = 3185, SUM = 8301791.99999999, bChange = 0.00165739, totNum = 19
ROUND = 3186, SUM = 8301791.99999999, bChange = 0.00165739, totNum = 19
ROUND = 3187, SUM = 8301791.99999999, bChange = 0.00165739, totNum = 19
ROUND = 3188, SUM = 8301791.99999999, bChange = 0.00165739, totNum = 19
ROUND = 3189, SUM = 8301791.99999997, bChange = 0.00165739, totNum = 19
ROUND = 3190, SUM = 8301791.99999997, bChange = 0.00165739, totNum = 19
ROUND = 3191, SUM = 8301791.99999999, bChange = 0.0016574, totNum = 19
ROUND = 3192, SUM = 8301792.00000002, bChange = 0.0016574, totNum = 19
ROUND = 3193, SUM = 8301791.99999997, bChange = 0.0016574, totNum = 19
ROUND = 3194, SUM = 8301791.99999996, bChange = 0.0016574, totNum = 19
ROUND = 3195, SUM = 8301791.99999998, bChange = 0.0016574, totNum = 19
ROUND = 3196, SUM = 8301791.99999998, bChange = 0.0016574, totNum = 19
ROUND = 3197, SUM = 8301791.99999998, bChange = 0.0016574, totNum = 19
ROUND = 3198, SUM = 8301791.99999999, bChange = 0.00165741, totNum = 19
ROUND = 3199, SUM = 8301791.99999998, bChange = 0.00165741, totNum = 19
ROUND = 3200, SUM = 8301791.99999999, bChange = 0.00165741, totNum = 19
ROUND = 3201, SUM = 8301791.99999999, bChange = 0.00165741, totNum = 19
ROUND = 3202, SUM = 8301791.99999999, bChange = 0.00165741, totNum = 19
ROUND = 3203, SUM = 8301791.99999997, bChange = 0.00165741, totNum = 18
ROUND = 3204, SUM = 8301791.99999998, bChange = 0.00165741, totNum = 18
ROUND = 3205, SUM = 8301791.99999998, bChange = 0.00165742, totNum = 18
ROUND = 3206, SUM = 8301792, bChange = 0.00165742, totNum = 18
ROUND = 3207, SUM = 8301791.99999997, bChange = 0.00165742, totNum = 18
ROUND = 3208, SUM = 8301792, bChange = 0.00165742, totNum = 18
ROUND = 3209, SUM = 8301791.99999996, bChange = 0.00165742, totNum = 18
ROUND = 3210, SUM = 8301791.99999998, bChange = 0.00165742, totNum = 18
ROUND = 3211, SUM = 8301791.99999999, bChange = 0.00165742, totNum = 18
ROUND = 3212, SUM = 8301791.99999998, bChange = 0.00165743, totNum = 18
ROUND = 3213, SUM = 8301791.99999999, bChange = 0.00165743, totNum = 18
ROUND = 3214, SUM = 8301791.99999997, bChange = 0.00165743, totNum = 18
ROUND = 3215, SUM = 8301791.99999999, bChange = 0.00165743, totNum = 18
ROUND = 3216, SUM = 8301791.99999999, bChange = 0.00165743, totNum = 18
ROUND = 3217, SUM = 8301791.99999998, bChange = 0.00165743, totNum = 18
ROUND = 3218, SUM = 8301792.00000001, bChange = 0.00165743, totNum = 18
ROUND = 3219, SUM = 8301791.99999999, bChange = 0.00165743, totNum = 18
ROUND = 3220, SUM = 8301791.99999999, bChange = 0.00165744, totNum = 18
ROUND = 3221, SUM = 8301791.99999996, bChange = 0.00165744, totNum = 18
ROUND = 3222, SUM = 8301791.99999997, bChange = 0.00165744, totNum = 18
ROUND = 3223, SUM = 8301791.99999999, bChange = 0.00165744, totNum = 18
ROUND = 3224, SUM = 8301791.99999997, bChange = 0.00165744, totNum = 18
ROUND = 3225, SUM = 8301792, bChange = 0.00165744, totNum = 18
ROUND = 3226, SUM = 8301792.00000001, bChange = 0.00165744, totNum = 18
ROUND = 3227, SUM = 8301791.99999999, bChange = 0.00165745, totNum = 18
ROUND = 3228, SUM = 8301791.99999998, bChange = 0.00165745, totNum = 18
ROUND = 3229, SUM = 8301791.99999999, bChange = 0.00165745, totNum = 18
ROUND = 3230, SUM = 8301791.99999997, bChange = 0.00165745, totNum = 17
ROUND = 3231, SUM = 8301791.99999995, bChange = 0.00165745, totNum = 17
ROUND = 3232, SUM = 8301791.99999997, bChange = 0.00165745, totNum = 17
ROUND = 3233, SUM = 8301791.99999999, bChange = 0.00165745, totNum = 17
ROUND = 3234, SUM = 8301792, bChange = 0.00165745, totNum = 17
ROUND = 3235, SUM = 8301791.99999999, bChange = 0.00165746, totNum = 17
ROUND = 3236, SUM = 8301792.00000001, bChange = 0.00165746, totNum = 17
ROUND = 3237, SUM = 8301791.99999999, bChange = 0.00165746, totNum = 17
ROUND = 3238, SUM = 8301792.00000001, bChange = 0.00165746, totNum = 17
ROUND = 3239, SUM = 8301791.99999997, bChange = 0.00165746, totNum = 17
ROUND = 3240, SUM = 8301791.99999999, bChange = 0.00165746, totNum = 17
ROUND = 3241, SUM = 8301792, bChange = 0.00165746, totNum = 17
ROUND = 3242, SUM = 8301792, bChange = 0.00165747, totNum = 17
ROUND = 3243, SUM = 8301792, bChange = 0.00165747, totNum = 17
ROUND = 3244, SUM = 8301792.00000001, bChange = 0.00165747, totNum = 17
ROUND = 3245, SUM = 8301792.00000001, bChange = 0.00165747, totNum = 17
ROUND = 3246, SUM = 8301792, bChange = 0.00165747, totNum = 17
ROUND = 3247, SUM = 8301791.99999999, bChange = 0.00165747, totNum = 17
ROUND = 3248, SUM = 8301792, bChange = 0.00165747, totNum = 17
ROUND = 3249, SUM = 8301792.00000001, bChange = 0.00165747, totNum = 17
ROUND = 3250, SUM = 8301791.99999998, bChange = 0.00165748, totNum = 17
ROUND = 3251, SUM = 8301791.99999998, bChange = 0.00165748, totNum = 17
ROUND = 3252, SUM = 8301791.99999998, bChange = 0.00165748, totNum = 16
ROUND = 3253, SUM = 8301792, bChange = 0.00165748, totNum = 16
ROUND = 3254, SUM = 8301791.99999999, bChange = 0.00165748, totNum = 16
ROUND = 3255, SUM = 8301791.99999998, bChange = 0.00165748, totNum = 16
ROUND = 3256, SUM = 8301792.00000003, bChange = 0.00165748, totNum = 16
ROUND = 3257, SUM = 8301792, bChange = 0.00165748, totNum = 16
ROUND = 3258, SUM = 8301791.99999999, bChange = 0.00165749, totNum = 16
ROUND = 3259, SUM = 8301792, bChange = 0.00165749, totNum = 16
ROUND = 3260, SUM = 8301792.00000001, bChange = 0.00165749, totNum = 16
ROUND = 3261, SUM = 8301791.99999998, bChange = 0.00165749, totNum = 16
ROUND = 3262, SUM = 8301791.99999997, bChange = 0.00165749, totNum = 16
ROUND = 3263, SUM = 8301792, bChange = 0.00165749, totNum = 16
ROUND = 3264, SUM = 8301791.99999999, bChange = 0.00165749, totNum = 16
ROUND = 3265, SUM = 8301791.99999996, bChange = 0.00165749, totNum = 16
ROUND = 3266, SUM = 8301791.99999999, bChange = 0.0016575, totNum = 16
ROUND = 3267, SUM = 8301791.99999998, bChange = 0.0016575, totNum = 16
ROUND = 3268, SUM = 8301791.99999999, bChange = 0.0016575, totNum = 16
ROUND = 3269, SUM = 8301791.99999998, bChange = 0.0016575, totNum = 16
ROUND = 3270, SUM = 8301792.00000001, bChange = 0.0016575, totNum = 16
ROUND = 3271, SUM = 8301791.99999996, bChange = 0.0016575, totNum = 16
ROUND = 3272, SUM = 8301791.99999999, bChange = 0.0016575, totNum = 16
ROUND = 3273, SUM = 8301792.00000001, bChange = 0.0016575, totNum = 16
ROUND = 3274, SUM = 8301791.99999999, bChange = 0.00165751, totNum = 16
ROUND = 3275, SUM = 8301791.99999999, bChange = 0.00165751, totNum = 16
ROUND = 3276, SUM = 8301791.99999999, bChange = 0.00165751, totNum = 16
ROUND = 3277, SUM = 8301791.99999999, bChange = 0.00165751, totNum = 16
ROUND = 3278, SUM = 8301791.99999999, bChange = 0.00165751, totNum = 16
ROUND = 3279, SUM = 8301791.99999999, bChange = 0.00165751, totNum = 16
ROUND = 3280, SUM = 8301791.99999999, bChange = 0.00165751, totNum = 16
ROUND = 3281, SUM = 8301791.99999999, bChange = 0.00165751, totNum = 16
ROUND = 3282, SUM = 8301791.99999999, bChange = 0.00165752, totNum = 16
ROUND = 3283, SUM = 8301792, bChange = 0.00165752, totNum = 16
ROUND = 3284, SUM = 8301792, bChange = 0.00165752, totNum = 16
ROUND = 3285, SUM = 8301792.00000001, bChange = 0.00165752, totNum = 16
ROUND = 3286, SUM = 8301791.99999999, bChange = 0.00165752, totNum = 16
ROUND = 3287, SUM = 8301791.99999998, bChange = 0.00165752, totNum = 16
ROUND = 3288, SUM = 8301792.00000001, bChange = 0.00165752, totNum = 16
ROUND = 3289, SUM = 8301791.99999999, bChange = 0.00165752, totNum = 16
ROUND = 3290, SUM = 8301792, bChange = 0.00165753, totNum = 16
ROUND = 3291, SUM = 8301791.99999999, bChange = 0.00165753, totNum = 16
ROUND = 3292, SUM = 8301792.00000001, bChange = 0.00165753, totNum = 16
ROUND = 3293, SUM = 8301792, bChange = 0.00165753, totNum = 16
ROUND = 3294, SUM = 8301791.99999999, bChange = 0.00165753, totNum = 16
ROUND = 3295, SUM = 8301792.00000002, bChange = 0.00165753, totNum = 16
ROUND = 3296, SUM = 8301792, bChange = 0.00165753, totNum = 16
ROUND = 3297, SUM = 8301792.00000001, bChange = 0.00165753, totNum = 16
ROUND = 3298, SUM = 8301791.99999999, bChange = 0.00165753, totNum = 16
ROUND = 3299, SUM = 8301791.99999999, bChange = 0.00165754, totNum = 16
ROUND = 3300, SUM = 8301791.99999997, bChange = 0.00165754, totNum = 16
ROUND = 3301, SUM = 8301791.99999999, bChange = 0.00165754, totNum = 16
ROUND = 3302, SUM = 8301792, bChange = 0.00165754, totNum = 16
ROUND = 3303, SUM = 8301791.99999998, bChange = 0.00165754, totNum = 16
ROUND = 3304, SUM = 8301791.99999997, bChange = 0.00165754, totNum = 16
ROUND = 3305, SUM = 8301791.99999999, bChange = 0.00165754, totNum = 16
ROUND = 3306, SUM = 8301791.99999999, bChange = 0.00165754, totNum = 16
ROUND = 3307, SUM = 8301791.99999999, bChange = 0.00165755, totNum = 16
ROUND = 3308, SUM = 8301792.00000001, bChange = 0.00165755, totNum = 16
ROUND = 3309, SUM = 8301791.99999999, bChange = 0.00165755, totNum = 16
ROUND = 3310, SUM = 8301791.99999999, bChange = 0.00165755, totNum = 16
ROUND = 3311, SUM = 8301792, bChange = 0.00165755, totNum = 16
ROUND = 3312, SUM = 8301791.99999999, bChange = 0.00165755, totNum = 16
ROUND = 3313, SUM = 8301792.00000001, bChange = 0.00165755, totNum = 16
ROUND = 3314, SUM = 8301791.99999998, bChange = 0.00165755, totNum = 16
ROUND = 3315, SUM = 8301791.99999999, bChange = 0.00165755, totNum = 16
ROUND = 3316, SUM = 8301791.99999999, bChange = 0.00165756, totNum = 16
ROUND = 3317, SUM = 8301791.99999999, bChange = 0.00165756, totNum = 16
ROUND = 3318, SUM = 8301792, bChange = 0.00165756, totNum = 16
ROUND = 3319, SUM = 8301791.99999999, bChange = 0.00165756, totNum = 16
ROUND = 3320, SUM = 8301792.00000001, bChange = 0.00165756, totNum = 16
ROUND = 3321, SUM = 8301791.99999998, bChange = 0.00165756, totNum = 16
ROUND = 3322, SUM = 8301791.99999999, bChange = 0.00165756, totNum = 16
ROUND = 3323, SUM = 8301791.99999999, bChange = 0.00165756, totNum = 16
ROUND = 3324, SUM = 8301792.00000001, bChange = 0.00165756, totNum = 16
ROUND = 3325, SUM = 8301791.99999999, bChange = 0.00165757, totNum = 16
ROUND = 3326, SUM = 8301791.99999997, bChange = 0.00165757, totNum = 16
ROUND = 3327, SUM = 8301792, bChange = 0.00165757, totNum = 16
ROUND = 3328, SUM = 8301791.99999998, bChange = 0.00165757, totNum = 16
ROUND = 3329, SUM = 8301792.00000001, bChange = 0.00165757, totNum = 16
ROUND = 3330, SUM = 8301792, bChange = 0.00165757, totNum = 16
ROUND = 3331, SUM = 8301791.99999999, bChange = 0.00165757, totNum = 16
ROUND = 3332, SUM = 8301792.00000001, bChange = 0.00165757, totNum = 16
ROUND = 3333, SUM = 8301792, bChange = 0.00165758, totNum = 16
ROUND = 3334, SUM = 8301791.99999999, bChange = 0.00165758, totNum = 16
ROUND = 3335, SUM = 8301792.00000001, bChange = 0.00165758, totNum = 16
ROUND = 3336, SUM = 8301791.99999999, bChange = 0.00165758, totNum = 16
ROUND = 3337, SUM = 8301792.00000002, bChange = 0.00165758, totNum = 16
ROUND = 3338, SUM = 8301791.99999997, bChange = 0.00165758, totNum = 16
ROUND = 3339, SUM = 8301792, bChange = 0.00165758, totNum = 16
ROUND = 3340, SUM = 8301791.99999999, bChange = 0.00165758, totNum = 16
ROUND = 3341, SUM = 8301791.99999999, bChange = 0.00165758, totNum = 16
ROUND = 3342, SUM = 8301792, bChange = 0.00165759, totNum = 16
ROUND = 3343, SUM = 8301791.99999999, bChange = 0.00165759, totNum = 16
ROUND = 3344, SUM = 8301791.99999999, bChange = 0.00165759, totNum = 16
ROUND = 3345, SUM = 8301791.99999998, bChange = 0.00165759, totNum = 16
ROUND = 3346, SUM = 8301792, bChange = 0.00165759, totNum = 16
ROUND = 3347, SUM = 8301792, bChange = 0.00165759, totNum = 16
ROUND = 3348, SUM = 8301791.99999999, bChange = 0.00165759, totNum = 16
ROUND = 3349, SUM = 8301791.99999999, bChange = 0.00165759, totNum = 16
ROUND = 3350, SUM = 8301792, bChange = 0.00165759, totNum = 16
ROUND = 3351, SUM = 8301791.99999998, bChange = 0.00165759, totNum = 16
ROUND = 3352, SUM = 8301792, bChange = 0.0016576, totNum = 16
ROUND = 3353, SUM = 8301792.00000002, bChange = 0.0016576, totNum = 16
ROUND = 3354, SUM = 8301791.99999998, bChange = 0.0016576, totNum = 16
ROUND = 3355, SUM = 8301791.99999999, bChange = 0.0016576, totNum = 15
ROUND = 3356, SUM = 8301791.99999999, bChange = 0.0016576, totNum = 15
ROUND = 3357, SUM = 8301791.99999997, bChange = 0.0016576, totNum = 15
ROUND = 3358, SUM = 8301792.00000001, bChange = 0.0016576, totNum = 15
ROUND = 3359, SUM = 8301792, bChange = 0.0016576, totNum = 15
ROUND = 3360, SUM = 8301791.99999999, bChange = 0.0016576, totNum = 15
ROUND = 3361, SUM = 8301792.00000001, bChange = 0.00165761, totNum = 15
ROUND = 3362, SUM = 8301791.99999999, bChange = 0.00165761, totNum = 15
ROUND = 3363, SUM = 8301791.99999999, bChange = 0.00165761, totNum = 15
ROUND = 3364, SUM = 8301791.99999999, bChange = 0.00165761, totNum = 15
ROUND = 3365, SUM = 8301792.00000001, bChange = 0.00165761, totNum = 15
ROUND = 3366, SUM = 8301792.00000002, bChange = 0.00165761, totNum = 15
ROUND = 3367, SUM = 8301791.99999999, bChange = 0.00165761, totNum = 15
ROUND = 3368, SUM = 8301792, bChange = 0.00165761, totNum = 15
ROUND = 3369, SUM = 8301791.99999999, bChange = 0.00165761, totNum = 15
ROUND = 3370, SUM = 8301791.99999998, bChange = 0.00165762, totNum = 15
ROUND = 3371, SUM = 8301791.99999998, bChange = 0.00165762, totNum = 15
ROUND = 3372, SUM = 8301791.99999999, bChange = 0.00165762, totNum = 15
ROUND = 3373, SUM = 8301792, bChange = 0.00165762, totNum = 15
ROUND = 3374, SUM = 8301791.99999999, bChange = 0.00165762, totNum = 15
ROUND = 3375, SUM = 8301791.99999998, bChange = 0.00165762, totNum = 15
ROUND = 3376, SUM = 8301791.99999999, bChange = 0.00165762, totNum = 15
ROUND = 3377, SUM = 8301792.00000001, bChange = 0.00165762, totNum = 15
ROUND = 3378, SUM = 8301792.00000001, bChange = 0.00165762, totNum = 15
ROUND = 3379, SUM = 8301791.99999999, bChange = 0.00165762, totNum = 15
ROUND = 3380, SUM = 8301792.00000001, bChange = 0.00165763, totNum = 15
ROUND = 3381, SUM = 8301791.99999999, bChange = 0.00165763, totNum = 15
ROUND = 3382, SUM = 8301792, bChange = 0.00165763, totNum = 15
ROUND = 3383, SUM = 8301792, bChange = 0.00165763, totNum = 15
ROUND = 3384, SUM = 8301791.99999999, bChange = 0.00165763, totNum = 15
ROUND = 3385, SUM = 8301791.99999998, bChange = 0.00165763, totNum = 15
ROUND = 3386, SUM = 8301792, bChange = 0.00165763, totNum = 15
ROUND = 3387, SUM = 8301791.99999998, bChange = 0.00165763, totNum = 15
ROUND = 3388, SUM = 8301792, bChange = 0.00165763, totNum = 15
ROUND = 3389, SUM = 8301791.99999999, bChange = 0.00165763, totNum = 15
ROUND = 3390, SUM = 8301791.99999999, bChange = 0.00165764, totNum = 15
ROUND = 3391, SUM = 8301791.99999996, bChange = 0.00165764, totNum = 15
ROUND = 3392, SUM = 8301791.99999998, bChange = 0.00165764, totNum = 15
ROUND = 3393, SUM = 8301791.99999996, bChange = 0.00165764, totNum = 15
ROUND = 3394, SUM = 8301792, bChange = 0.00165764, totNum = 15
ROUND = 3395, SUM = 8301791.99999998, bChange = 0.00165764, totNum = 15
ROUND = 3396, SUM = 8301791.99999999, bChange = 0.00165764, totNum = 15
ROUND = 3397, SUM = 8301792.00000001, bChange = 0.00165764, totNum = 15
ROUND = 3398, SUM = 8301791.99999999, bChange = 0.00165764, totNum = 15
ROUND = 3399, SUM = 8301792, bChange = 0.00165764, totNum = 15
ROUND = 3400, SUM = 8301791.99999996, bChange = 0.00165765, totNum = 15
ROUND = 3401, SUM = 8301791.99999999, bChange = 0.00165765, totNum = 15
ROUND = 3402, SUM = 8301792, bChange = 0.00165765, totNum = 15
ROUND = 3403, SUM = 8301791.99999999, bChange = 0.00165765, totNum = 15
ROUND = 3404, SUM = 8301792.00000001, bChange = 0.00165765, totNum = 15
ROUND = 3405, SUM = 8301791.99999997, bChange = 0.00165765, totNum = 15
ROUND = 3406, SUM = 8301792, bChange = 0.00165765, totNum = 15
ROUND = 3407, SUM = 8301791.99999997, bChange = 0.00165765, totNum = 15
ROUND = 3408, SUM = 8301792, bChange = 0.00165765, totNum = 15
ROUND = 3409, SUM = 8301792, bChange = 0.00165765, totNum = 15
ROUND = 3410, SUM = 8301792.00000002, bChange = 0.00165766, totNum = 15
ROUND = 3411, SUM = 8301792, bChange = 0.00165766, totNum = 15
ROUND = 3412, SUM = 8301792, bChange = 0.00165766, totNum = 15
ROUND = 3413, SUM = 8301791.99999999, bChange = 0.00165766, totNum = 15
ROUND = 3414, SUM = 8301791.99999998, bChange = 0.00165766, totNum = 15
ROUND = 3415, SUM = 8301791.99999998, bChange = 0.00165766, totNum = 15
ROUND = 3416, SUM = 8301792, bChange = 0.00165766, totNum = 15
ROUND = 3417, SUM = 8301791.99999998, bChange = 0.00165766, totNum = 15
ROUND = 3418, SUM = 8301791.99999999, bChange = 0.00165766, totNum = 15
ROUND = 3419, SUM = 8301791.99999999, bChange = 0.00165766, totNum = 15
ROUND = 3420, SUM = 8301792.00000002, bChange = 0.00165767, totNum = 15
ROUND = 3421, SUM = 8301791.99999999, bChange = 0.00165767, totNum = 15
ROUND = 3422, SUM = 8301791.99999997, bChange = 0.00165767, totNum = 15
ROUND = 3423, SUM = 8301791.99999998, bChange = 0.00165767, totNum = 15
ROUND = 3424, SUM = 8301791.99999996, bChange = 0.00165767, totNum = 15
ROUND = 3425, SUM = 8301791.99999998, bChange = 0.00165767, totNum = 15
ROUND = 3426, SUM = 8301792.00000001, bChange = 0.00165767, totNum = 15
ROUND = 3427, SUM = 8301791.99999998, bChange = 0.00165767, totNum = 15
ROUND = 3428, SUM = 8301791.99999997, bChange = 0.00165767, totNum = 15
ROUND = 3429, SUM = 8301791.99999999, bChange = 0.00165767, totNum = 15
ROUND = 3430, SUM = 8301791.99999999, bChange = 0.00165767, totNum = 15
ROUND = 3431, SUM = 8301791.99999999, bChange = 0.00165768, totNum = 15
ROUND = 3432, SUM = 8301791.99999998, bChange = 0.00165768, totNum = 15
ROUND = 3433, SUM = 8301792, bChange = 0.00165768, totNum = 15
ROUND = 3434, SUM = 8301791.99999999, bChange = 0.00165768, totNum = 15
ROUND = 3435, SUM = 8301791.99999998, bChange = 0.00165768, totNum = 15
ROUND = 3436, SUM = 8301791.99999998, bChange = 0.00165768, totNum = 15
ROUND = 3437, SUM = 8301791.99999999, bChange = 0.00165768, totNum = 15
ROUND = 3438, SUM = 8301791.99999999, bChange = 0.00165768, totNum = 15
ROUND = 3439, SUM = 8301792.00000001, bChange = 0.00165768, totNum = 15
ROUND = 3440, SUM = 8301791.99999997, bChange = 0.00165768, totNum = 15
ROUND = 3441, SUM = 8301792, bChange = 0.00165769, totNum = 15
ROUND = 3442, SUM = 8301791.99999999, bChange = 0.00165769, totNum = 15
ROUND = 3443, SUM = 8301792, bChange = 0.00165769, totNum = 15
ROUND = 3444, SUM = 8301791.99999999, bChange = 0.00165769, totNum = 15
ROUND = 3445, SUM = 8301792.00000001, bChange = 0.00165769, totNum = 15
ROUND = 3446, SUM = 8301791.99999998, bChange = 0.00165769, totNum = 15
ROUND = 3447, SUM = 8301791.99999999, bChange = 0.00165769, totNum = 15
ROUND = 3448, SUM = 8301791.99999998, bChange = 0.00165769, totNum = 15
ROUND = 3449, SUM = 8301792, bChange = 0.00165769, totNum = 15
ROUND = 3450, SUM = 8301791.99999997, bChange = 0.00165769, totNum = 15
ROUND = 3451, SUM = 8301791.99999999, bChange = 0.00165769, totNum = 15
ROUND = 3452, SUM = 8301791.99999998, bChange = 0.0016577, totNum = 15
ROUND = 3453, SUM = 8301791.99999999, bChange = 0.0016577, totNum = 15
ROUND = 3454, SUM = 8301791.99999999, bChange = 0.0016577, totNum = 15
ROUND = 3455, SUM = 8301791.99999999, bChange = 0.0016577, totNum = 15
ROUND = 3456, SUM = 8301791.99999996, bChange = 0.0016577, totNum = 15
ROUND = 3457, SUM = 8301792.00000001, bChange = 0.0016577, totNum = 15
ROUND = 3458, SUM = 8301791.99999997, bChange = 0.0016577, totNum = 15
ROUND = 3459, SUM = 8301791.99999999, bChange = 0.0016577, totNum = 15
ROUND = 3460, SUM = 8301791.99999996, bChange = 0.0016577, totNum = 15
ROUND = 3461, SUM = 8301791.99999999, bChange = 0.0016577, totNum = 15
ROUND = 3462, SUM = 8301791.99999999, bChange = 0.0016577, totNum = 15
ROUND = 3463, SUM = 8301791.99999998, bChange = 0.00165771, totNum = 15
ROUND = 3464, SUM = 8301791.99999999, bChange = 0.00165771, totNum = 15
ROUND = 3465, SUM = 8301792, bChange = 0.00165771, totNum = 15
ROUND = 3466, SUM = 8301791.99999998, bChange = 0.00165771, totNum = 15
ROUND = 3467, SUM = 8301791.99999998, bChange = 0.00165771, totNum = 15
ROUND = 3468, SUM = 8301791.99999998, bChange = 0.00165771, totNum = 15
ROUND = 3469, SUM = 8301791.99999999, bChange = 0.00165771, totNum = 15
ROUND = 3470, SUM = 8301791.99999996, bChange = 0.00165771, totNum = 15
ROUND = 3471, SUM = 8301791.99999996, bChange = 0.00165771, totNum = 15
ROUND = 3472, SUM = 8301791.99999999, bChange = 0.00165771, totNum = 14
ROUND = 3473, SUM = 8301791.99999999, bChange = 0.00165771, totNum = 14
ROUND = 3474, SUM = 8301791.99999998, bChange = 0.00165772, totNum = 14
ROUND = 3475, SUM = 8301791.99999997, bChange = 0.00165772, totNum = 14
ROUND = 3476, SUM = 8301791.99999998, bChange = 0.00165772, totNum = 14
ROUND = 3477, SUM = 8301791.99999998, bChange = 0.00165772, totNum = 13
ROUND = 3478, SUM = 8301792.00000001, bChange = 0.00165772, totNum = 13
ROUND = 3479, SUM = 8301791.99999999, bChange = 0.00165772, totNum = 13
ROUND = 3480, SUM = 8301791.99999998, bChange = 0.00165772, totNum = 13
ROUND = 3481, SUM = 8301791.99999996, bChange = 0.00165772, totNum = 13
ROUND = 3482, SUM = 8301791.99999998, bChange = 0.00165772, totNum = 13
ROUND = 3483, SUM = 8301791.99999998, bChange = 0.00165772, totNum = 13
ROUND = 3484, SUM = 8301791.99999996, bChange = 0.00165772, totNum = 13
ROUND = 3485, SUM = 8301791.99999998, bChange = 0.00165772, totNum = 13
ROUND = 3486, SUM = 8301791.99999996, bChange = 0.00165773, totNum = 13
ROUND = 3487, SUM = 8301791.99999998, bChange = 0.00165773, totNum = 13
ROUND = 3488, SUM = 8301791.99999999, bChange = 0.00165773, totNum = 13
ROUND = 3489, SUM = 8301792.00000001, bChange = 0.00165773, totNum = 13
ROUND = 3490, SUM = 8301792, bChange = 0.00165773, totNum = 13
ROUND = 3491, SUM = 8301792.00000001, bChange = 0.00165773, totNum = 13
ROUND = 3492, SUM = 8301792, bChange = 0.00165773, totNum = 13
ROUND = 3493, SUM = 8301792, bChange = 0.00165773, totNum = 13
ROUND = 3494, SUM = 8301791.99999998, bChange = 0.00165773, totNum = 13
ROUND = 3495, SUM = 8301791.99999999, bChange = 0.00165773, totNum = 13
ROUND = 3496, SUM = 8301791.99999999, bChange = 0.00165773, totNum = 13
ROUND = 3497, SUM = 8301792, bChange = 0.00165773, totNum = 13
ROUND = 3498, SUM = 8301791.99999997, bChange = 0.00165774, totNum = 13
ROUND = 3499, SUM = 8301792.00000001, bChange = 0.00165774, totNum = 13
ROUND = 3500, SUM = 8301791.99999999, bChange = 0.00165774, totNum = 13
ROUND = 3501, SUM = 8301792, bChange = 0.00165774, totNum = 13
ROUND = 3502, SUM = 8301792.00000001, bChange = 0.00165774, totNum = 13
ROUND = 3503, SUM = 8301791.99999999, bChange = 0.00165774, totNum = 13
ROUND = 3504, SUM = 8301791.99999997, bChange = 0.00165774, totNum = 13
ROUND = 3505, SUM = 8301792, bChange = 0.00165774, totNum = 13
ROUND = 3506, SUM = 8301791.99999997, bChange = 0.00165774, totNum = 13
ROUND = 3507, SUM = 8301792.00000001, bChange = 0.00165774, totNum = 13
ROUND = 3508, SUM = 8301792, bChange = 0.00165774, totNum = 13
ROUND = 3509, SUM = 8301791.99999997, bChange = 0.00165775, totNum = 13
ROUND = 3510, SUM = 8301792.00000002, bChange = 0.00165775, totNum = 13
ROUND = 3511, SUM = 8301792.00000001, bChange = 0.00165775, totNum = 13
ROUND = 3512, SUM = 8301791.99999999, bChange = 0.00165775, totNum = 13
ROUND = 3513, SUM = 8301791.99999997, bChange = 0.00165775, totNum = 13
ROUND = 3514, SUM = 8301792, bChange = 0.00165775, totNum = 13
ROUND = 3515, SUM = 8301792, bChange = 0.00165775, totNum = 13
ROUND = 3516, SUM = 8301791.99999998, bChange = 0.00165775, totNum = 13
ROUND = 3517, SUM = 8301792, bChange = 0.00165775, totNum = 13
ROUND = 3518, SUM = 8301791.99999999, bChange = 0.00165775, totNum = 13
ROUND = 3519, SUM = 8301792.00000002, bChange = 0.00165775, totNum = 13
ROUND = 3520, SUM = 8301792, bChange = 0.00165775, totNum = 13
ROUND = 3521, SUM = 8301792.00000001, bChange = 0.00165775, totNum = 13
ROUND = 3522, SUM = 8301792, bChange = 0.00165776, totNum = 13
ROUND = 3523, SUM = 8301792.00000001, bChange = 0.00165776, totNum = 13
ROUND = 3524, SUM = 8301792, bChange = 0.00165776, totNum = 13
ROUND = 3525, SUM = 8301791.99999999, bChange = 0.00165776, totNum = 13
ROUND = 3526, SUM = 8301792, bChange = 0.00165776, totNum = 13
ROUND = 3527, SUM = 8301792.00000001, bChange = 0.00165776, totNum = 13
ROUND = 3528, SUM = 8301791.99999997, bChange = 0.00165776, totNum = 13
ROUND = 3529, SUM = 8301792.00000002, bChange = 0.00165776, totNum = 13
ROUND = 3530, SUM = 8301791.99999999, bChange = 0.00165776, totNum = 13
ROUND = 3531, SUM = 8301792, bChange = 0.00165776, totNum = 13
ROUND = 3532, SUM = 8301791.99999999, bChange = 0.00165776, totNum = 13
ROUND = 3533, SUM = 8301791.99999997, bChange = 0.00165776, totNum = 13
ROUND = 3534, SUM = 8301791.99999999, bChange = 0.00165777, totNum = 13
ROUND = 3535, SUM = 8301791.99999998, bChange = 0.00165777, totNum = 13
ROUND = 3536, SUM = 8301792.00000001, bChange = 0.00165777, totNum = 13
ROUND = 3537, SUM = 8301791.99999998, bChange = 0.00165777, totNum = 13
ROUND = 3538, SUM = 8301791.99999998, bChange = 0.00165777, totNum = 13
ROUND = 3539, SUM = 8301791.99999998, bChange = 0.00165777, totNum = 13
ROUND = 3540, SUM = 8301791.99999999, bChange = 0.00165777, totNum = 13
ROUND = 3541, SUM = 8301792, bChange = 0.00165777, totNum = 13
ROUND = 3542, SUM = 8301791.99999998, bChange = 0.00165777, totNum = 13
ROUND = 3543, SUM = 8301791.99999998, bChange = 0.00165777, totNum = 13
ROUND = 3544, SUM = 8301792.00000001, bChange = 0.00165777, totNum = 13
ROUND = 3545, SUM = 8301791.99999996, bChange = 0.00165777, totNum = 13
ROUND = 3546, SUM = 8301791.99999997, bChange = 0.00165777, totNum = 13
ROUND = 3547, SUM = 8301791.99999999, bChange = 0.00165778, totNum = 14
ROUND = 3548, SUM = 8301791.99999999, bChange = 0.00165778, totNum = 14
ROUND = 3549, SUM = 8301791.99999999, bChange = 0.00165778, totNum = 14
ROUND = 3550, SUM = 8301791.99999997, bChange = 0.00165778, totNum = 14
ROUND = 3551, SUM = 8301791.99999999, bChange = 0.00165778, totNum = 14
ROUND = 3552, SUM = 8301792, bChange = 0.00165778, totNum = 14
ROUND = 3553, SUM = 8301791.99999999, bChange = 0.00165778, totNum = 14
ROUND = 3554, SUM = 8301791.99999999, bChange = 0.00165778, totNum = 14
ROUND = 3555, SUM = 8301791.99999999, bChange = 0.00165778, totNum = 14
ROUND = 3556, SUM = 8301791.99999997, bChange = 0.00165778, totNum = 14
ROUND = 3557, SUM = 8301791.99999996, bChange = 0.00165778, totNum = 14
ROUND = 3558, SUM = 8301791.99999999, bChange = 0.00165778, totNum = 14
ROUND = 3559, SUM = 8301792, bChange = 0.00165778, totNum = 14
ROUND = 3560, SUM = 8301791.99999997, bChange = 0.00165779, totNum = 14
ROUND = 3561, SUM = 8301791.99999997, bChange = 0.00165779, totNum = 14
ROUND = 3562, SUM = 8301791.99999999, bChange = 0.00165779, totNum = 14
ROUND = 3563, SUM = 8301791.99999999, bChange = 0.00165779, totNum = 14
ROUND = 3564, SUM = 8301791.99999998, bChange = 0.00165779, totNum = 14
ROUND = 3565, SUM = 8301791.99999998, bChange = 0.00165779, totNum = 14
ROUND = 3566, SUM = 8301791.99999997, bChange = 0.00165779, totNum = 14
ROUND = 3567, SUM = 8301791.99999998, bChange = 0.00165779, totNum = 14
ROUND = 3568, SUM = 8301792.00000002, bChange = 0.00165779, totNum = 14
ROUND = 3569, SUM = 8301791.99999999, bChange = 0.00165779, totNum = 14
ROUND = 3570, SUM = 8301791.99999997, bChange = 0.00165779, totNum = 14
ROUND = 3571, SUM = 8301792, bChange = 0.00165779, totNum = 14
ROUND = 3572, SUM = 8301791.99999999, bChange = 0.00165779, totNum = 14
ROUND = 3573, SUM = 8301791.99999999, bChange = 0.0016578, totNum = 14
ROUND = 3574, SUM = 8301792, bChange = 0.0016578, totNum = 14
ROUND = 3575, SUM = 8301791.99999996, bChange = 0.0016578, totNum = 14
ROUND = 3576, SUM = 8301792, bChange = 0.0016578, totNum = 14
ROUND = 3577, SUM = 8301792, bChange = 0.0016578, totNum = 14
ROUND = 3578, SUM = 8301791.99999998, bChange = 0.0016578, totNum = 14
ROUND = 3579, SUM = 8301791.99999999, bChange = 0.0016578, totNum = 14
ROUND = 3580, SUM = 8301791.99999997, bChange = 0.0016578, totNum = 14
ROUND = 3581, SUM = 8301791.99999999, bChange = 0.0016578, totNum = 14
ROUND = 3582, SUM = 8301791.99999998, bChange = 0.0016578, totNum = 14
ROUND = 3583, SUM = 8301792, bChange = 0.0016578, totNum = 14
ROUND = 3584, SUM = 8301791.99999998, bChange = 0.0016578, totNum = 14
ROUND = 3585, SUM = 8301792, bChange = 0.0016578, totNum = 14
ROUND = 3586, SUM = 8301792.00000001, bChange = 0.00165781, totNum = 14
ROUND = 3587, SUM = 8301792, bChange = 0.00165781, totNum = 14
ROUND = 3588, SUM = 8301791.99999998, bChange = 0.00165781, totNum = 14
ROUND = 3589, SUM = 8301791.99999997, bChange = 0.00165781, totNum = 14
ROUND = 3590, SUM = 8301792, bChange = 0.00165781, totNum = 14
ROUND = 3591, SUM = 8301791.99999998, bChange = 0.00165781, totNum = 14
ROUND = 3592, SUM = 8301791.99999998, bChange = 0.00165781, totNum = 14
ROUND = 3593, SUM = 8301791.99999995, bChange = 0.00165781, totNum = 14
ROUND = 3594, SUM = 8301792.00000001, bChange = 0.00165781, totNum = 14
ROUND = 3595, SUM = 8301792, bChange = 0.00165781, totNum = 14
ROUND = 3596, SUM = 8301791.99999998, bChange = 0.00165781, totNum = 14
ROUND = 3597, SUM = 8301791.99999998, bChange = 0.00165781, totNum = 14
ROUND = 3598, SUM = 8301791.99999999, bChange = 0.00165781, totNum = 14
ROUND = 3599, SUM = 8301791.99999996, bChange = 0.00165781, totNum = 14
ROUND = 3600, SUM = 8301792, bChange = 0.00165782, totNum = 14
ROUND = 3601, SUM = 8301791.99999999, bChange = 0.00165782, totNum = 14
ROUND = 3602, SUM = 8301792.00000001, bChange = 0.00165782, totNum = 14
ROUND = 3603, SUM = 8301791.99999999, bChange = 0.00165782, totNum = 14
ROUND = 3604, SUM = 8301792, bChange = 0.00165782, totNum = 14
ROUND = 3605, SUM = 8301791.99999998, bChange = 0.00165782, totNum = 14
ROUND = 3606, SUM = 8301791.99999997, bChange = 0.00165782, totNum = 14
ROUND = 3607, SUM = 8301791.99999998, bChange = 0.00165782, totNum = 14
ROUND = 3608, SUM = 8301791.99999999, bChange = 0.00165782, totNum = 14
ROUND = 3609, SUM = 8301791.99999998, bChange = 0.00165782, totNum = 14
ROUND = 3610, SUM = 8301791.99999999, bChange = 0.00165782, totNum = 14
ROUND = 3611, SUM = 8301792.00000002, bChange = 0.00165782, totNum = 14
ROUND = 3612, SUM = 8301792, bChange = 0.00165782, totNum = 14
ROUND = 3613, SUM = 8301791.99999999, bChange = 0.00165782, totNum = 14
ROUND = 3614, SUM = 8301792, bChange = 0.00165782, totNum = 14
ROUND = 3615, SUM = 8301791.99999998, bChange = 0.00165783, totNum = 14
ROUND = 3616, SUM = 8301791.99999997, bChange = 0.00165783, totNum = 14
ROUND = 3617, SUM = 8301792, bChange = 0.00165783, totNum = 14
ROUND = 3618, SUM = 8301792.00000001, bChange = 0.00165783, totNum = 14
ROUND = 3619, SUM = 8301792, bChange = 0.00165783, totNum = 14
ROUND = 3620, SUM = 8301791.99999999, bChange = 0.00165783, totNum = 14
ROUND = 3621, SUM = 8301791.99999999, bChange = 0.00165783, totNum = 14
ROUND = 3622, SUM = 8301791.99999999, bChange = 0.00165783, totNum = 14
ROUND = 3623, SUM = 8301791.99999999, bChange = 0.00165783, totNum = 14
ROUND = 3624, SUM = 8301792.00000002, bChange = 0.00165783, totNum = 14
ROUND = 3625, SUM = 8301792.00000001, bChange = 0.00165783, totNum = 14
ROUND = 3626, SUM = 8301791.99999999, bChange = 0.00165783, totNum = 14
ROUND = 3627, SUM = 8301791.99999997, bChange = 0.00165783, totNum = 14
ROUND = 3628, SUM = 8301791.99999997, bChange = 0.00165783, totNum = 14
ROUND = 3629, SUM = 8301791.99999999, bChange = 0.00165784, totNum = 14
ROUND = 3630, SUM = 8301791.99999998, bChange = 0.00165784, totNum = 14
ROUND = 3631, SUM = 8301792, bChange = 0.00165784, totNum = 14
ROUND = 3632, SUM = 8301791.99999997, bChange = 0.00165784, totNum = 14
ROUND = 3633, SUM = 8301791.99999996, bChange = 0.00165784, totNum = 14
ROUND = 3634, SUM = 8301792, bChange = 0.00165784, totNum = 14
ROUND = 3635, SUM = 8301791.99999999, bChange = 0.00165784, totNum = 14
ROUND = 3636, SUM = 8301791.99999995, bChange = 0.00165784, totNum = 14
ROUND = 3637, SUM = 8301792.00000001, bChange = 0.00165784, totNum = 14
ROUND = 3638, SUM = 8301791.99999998, bChange = 0.00165784, totNum = 15
ROUND = 3639, SUM = 8301791.99999999, bChange = 0.00165784, totNum = 15
ROUND = 3640, SUM = 8301792, bChange = 0.00165784, totNum = 15
ROUND = 3641, SUM = 8301792.00000001, bChange = 0.00165784, totNum = 15
ROUND = 3642, SUM = 8301791.99999999, bChange = 0.00165784, totNum = 15
ROUND = 3643, SUM = 8301791.99999999, bChange = 0.00165784, totNum = 15
ROUND = 3644, SUM = 8301791.99999998, bChange = 0.00165785, totNum = 15
ROUND = 3645, SUM = 8301791.99999999, bChange = 0.00165785, totNum = 15
ROUND = 3646, SUM = 8301791.99999998, bChange = 0.00165785, totNum = 15
ROUND = 3647, SUM = 8301791.99999998, bChange = 0.00165785, totNum = 15
ROUND = 3648, SUM = 8301791.99999997, bChange = 0.00165785, totNum = 15
ROUND = 3649, SUM = 8301791.99999998, bChange = 0.00165785, totNum = 15
ROUND = 3650, SUM = 8301791.99999997, bChange = 0.00165785, totNum = 15
ROUND = 3651, SUM = 8301791.99999999, bChange = 0.00165785, totNum = 15
ROUND = 3652, SUM = 8301792, bChange = 0.00165785, totNum = 15
ROUND = 3653, SUM = 8301791.99999998, bChange = 0.00165785, totNum = 15
ROUND = 3654, SUM = 8301791.99999998, bChange = 0.00165785, totNum = 15
ROUND = 3655, SUM = 8301791.99999997, bChange = 0.00165785, totNum = 15
ROUND = 3656, SUM = 8301791.99999997, bChange = 0.00165785, totNum = 15
ROUND = 3657, SUM = 8301791.99999997, bChange = 0.00165785, totNum = 15
ROUND = 3658, SUM = 8301791.99999998, bChange = 0.00165785, totNum = 15
ROUND = 3659, SUM = 8301791.99999997, bChange = 0.00165786, totNum = 15
ROUND = 3660, SUM = 8301791.99999997, bChange = 0.00165786, totNum = 15
ROUND = 3661, SUM = 8301791.99999997, bChange = 0.00165786, totNum = 15
ROUND = 3662, SUM = 8301792, bChange = 0.00165786, totNum = 15
ROUND = 3663, SUM = 8301791.99999996, bChange = 0.00165786, totNum = 15
ROUND = 3664, SUM = 8301791.99999996, bChange = 0.00165786, totNum = 15
ROUND = 3665, SUM = 8301791.99999997, bChange = 0.00165786, totNum = 15
ROUND = 3666, SUM = 8301791.99999994, bChange = 0.00165786, totNum = 15
ROUND = 3667, SUM = 8301791.99999997, bChange = 0.00165786, totNum = 15
ROUND = 3668, SUM = 8301791.99999997, bChange = 0.00165786, totNum = 15
ROUND = 3669, SUM = 8301791.99999996, bChange = 0.00165786, totNum = 15
ROUND = 3670, SUM = 8301791.99999996, bChange = 0.00165786, totNum = 15
ROUND = 3671, SUM = 8301791.99999998, bChange = 0.00165786, totNum = 15
ROUND = 3672, SUM = 8301791.99999998, bChange = 0.00165786, totNum = 15
ROUND = 3673, SUM = 8301791.99999999, bChange = 0.00165786, totNum = 15
ROUND = 3674, SUM = 8301791.99999998, bChange = 0.00165786, totNum = 15
ROUND = 3675, SUM = 8301791.99999999, bChange = 0.00165787, totNum = 15
ROUND = 3676, SUM = 8301792, bChange = 0.00165787, totNum = 15
ROUND = 3677, SUM = 8301791.99999999, bChange = 0.00165787, totNum = 15
ROUND = 3678, SUM = 8301791.99999995, bChange = 0.00165787, totNum = 15
ROUND = 3679, SUM = 8301791.99999997, bChange = 0.00165787, totNum = 15
ROUND = 3680, SUM = 8301791.99999998, bChange = 0.00165787, totNum = 15
ROUND = 3681, SUM = 8301791.99999997, bChange = 0.00165787, totNum = 15
ROUND = 3682, SUM = 8301791.99999998, bChange = 0.00165787, totNum = 15
ROUND = 3683, SUM = 8301791.99999999, bChange = 0.00165787, totNum = 15
ROUND = 3684, SUM = 8301791.99999999, bChange = 0.00165787, totNum = 15
ROUND = 3685, SUM = 8301791.99999998, bChange = 0.00165787, totNum = 15
ROUND = 3686, SUM = 8301791.99999999, bChange = 0.00165787, totNum = 15
ROUND = 3687, SUM = 8301792, bChange = 0.00165787, totNum = 15
ROUND = 3688, SUM = 8301791.99999997, bChange = 0.00165787, totNum = 15
ROUND = 3689, SUM = 8301791.99999998, bChange = 0.00165787, totNum = 15
ROUND = 3690, SUM = 8301791.99999999, bChange = 0.00165787, totNum = 15
ROUND = 3691, SUM = 8301791.99999998, bChange = 0.00165788, totNum = 15
ROUND = 3692, SUM = 8301791.99999997, bChange = 0.00165788, totNum = 15
ROUND = 3693, SUM = 8301791.99999998, bChange = 0.00165788, totNum = 15
ROUND = 3694, SUM = 8301791.99999997, bChange = 0.00165788, totNum = 15
ROUND = 3695, SUM = 8301791.99999999, bChange = 0.00165788, totNum = 15
ROUND = 3696, SUM = 8301791.99999997, bChange = 0.00165788, totNum = 15
ROUND = 3697, SUM = 8301791.99999997, bChange = 0.00165788, totNum = 15
ROUND = 3698, SUM = 8301791.99999996, bChange = 0.00165788, totNum = 15
ROUND = 3699, SUM = 8301791.99999995, bChange = 0.00165788, totNum = 15
ROUND = 3700, SUM = 8301791.99999997, bChange = 0.00165788, totNum = 15
ROUND = 3701, SUM = 8301791.99999998, bChange = 0.00165788, totNum = 15
ROUND = 3702, SUM = 8301791.99999999, bChange = 0.00165788, totNum = 15
ROUND = 3703, SUM = 8301791.99999998, bChange = 0.00165788, totNum = 15
ROUND = 3704, SUM = 8301792, bChange = 0.00165788, totNum = 15
ROUND = 3705, SUM = 8301791.99999997, bChange = 0.00165788, totNum = 15
ROUND = 3706, SUM = 8301791.99999999, bChange = 0.00165788, totNum = 15
ROUND = 3707, SUM = 8301792, bChange = 0.00165788, totNum = 15
ROUND = 3708, SUM = 8301792, bChange = 0.00165789, totNum = 15
ROUND = 3709, SUM = 8301791.99999998, bChange = 0.00165789, totNum = 14
ROUND = 3710, SUM = 8301791.99999999, bChange = 0.00165789, totNum = 14
ROUND = 3711, SUM = 8301791.99999996, bChange = 0.00165789, totNum = 14
ROUND = 3712, SUM = 8301791.99999999, bChange = 0.00165789, totNum = 14
ROUND = 3713, SUM = 8301792, bChange = 0.00165789, totNum = 14
ROUND = 3714, SUM = 8301791.99999996, bChange = 0.00165789, totNum = 14
ROUND = 3715, SUM = 8301791.99999998, bChange = 0.00165789, totNum = 14
ROUND = 3716, SUM = 8301792.00000001, bChange = 0.00165789, totNum = 14
ROUND = 3717, SUM = 8301791.99999997, bChange = 0.00165789, totNum = 14
ROUND = 3718, SUM = 8301792.00000001, bChange = 0.00165789, totNum = 14
ROUND = 3719, SUM = 8301791.99999997, bChange = 0.00165789, totNum = 14
ROUND = 3720, SUM = 8301791.99999999, bChange = 0.00165789, totNum = 14
ROUND = 3721, SUM = 8301791.99999999, bChange = 0.00165789, totNum = 14
ROUND = 3722, SUM = 8301792, bChange = 0.00165789, totNum = 14
ROUND = 3723, SUM = 8301791.99999999, bChange = 0.00165789, totNum = 14
ROUND = 3724, SUM = 8301792.00000001, bChange = 0.00165789, totNum = 14
ROUND = 3725, SUM = 8301791.99999999, bChange = 0.0016579, totNum = 14
ROUND = 3726, SUM = 8301791.99999996, bChange = 0.0016579, totNum = 14
ROUND = 3727, SUM = 8301791.99999996, bChange = 0.0016579, totNum = 14
ROUND = 3728, SUM = 8301791.99999995, bChange = 0.0016579, totNum = 14
ROUND = 3729, SUM = 8301791.99999998, bChange = 0.0016579, totNum = 14
ROUND = 3730, SUM = 8301791.99999997, bChange = 0.0016579, totNum = 14
ROUND = 3731, SUM = 8301791.99999998, bChange = 0.0016579, totNum = 14
ROUND = 3732, SUM = 8301791.99999997, bChange = 0.0016579, totNum = 14
ROUND = 3733, SUM = 8301791.99999999, bChange = 0.0016579, totNum = 14
ROUND = 3734, SUM = 8301791.99999997, bChange = 0.0016579, totNum = 14
ROUND = 3735, SUM = 8301792, bChange = 0.0016579, totNum = 14
ROUND = 3736, SUM = 8301791.99999997, bChange = 0.0016579, totNum = 14
ROUND = 3737, SUM = 8301791.99999998, bChange = 0.0016579, totNum = 14
ROUND = 3738, SUM = 8301792, bChange = 0.0016579, totNum = 13
ROUND = 3739, SUM = 8301791.99999997, bChange = 0.0016579, totNum = 13
ROUND = 3740, SUM = 8301791.99999998, bChange = 0.0016579, totNum = 13
ROUND = 3741, SUM = 8301791.99999999, bChange = 0.0016579, totNum = 13
ROUND = 3742, SUM = 8301792.00000002, bChange = 0.00165791, totNum = 13
ROUND = 3743, SUM = 8301791.99999999, bChange = 0.00165791, totNum = 13
ROUND = 3744, SUM = 8301791.99999999, bChange = 0.00165791, totNum = 13
ROUND = 3745, SUM = 8301792.00000001, bChange = 0.00165791, totNum = 13
ROUND = 3746, SUM = 8301791.99999997, bChange = 0.00165791, totNum = 13
ROUND = 3747, SUM = 8301792.00000001, bChange = 0.00165791, totNum = 13
ROUND = 3748, SUM = 8301791.99999999, bChange = 0.00165791, totNum = 13
ROUND = 3749, SUM = 8301791.99999997, bChange = 0.00165791, totNum = 13
ROUND = 3750, SUM = 8301791.99999999, bChange = 0.00165791, totNum = 13
ROUND = 3751, SUM = 8301792.00000001, bChange = 0.00165791, totNum = 13
ROUND = 3752, SUM = 8301792.00000001, bChange = 0.00165791, totNum = 13
ROUND = 3753, SUM = 8301791.99999998, bChange = 0.00165791, totNum = 13
ROUND = 3754, SUM = 8301792, bChange = 0.00165791, totNum = 13
ROUND = 3755, SUM = 8301792, bChange = 0.00165791, totNum = 13
ROUND = 3756, SUM = 8301792, bChange = 0.00165791, totNum = 13
ROUND = 3757, SUM = 8301792, bChange = 0.00165791, totNum = 13
ROUND = 3758, SUM = 8301791.99999999, bChange = 0.00165791, totNum = 13
ROUND = 3759, SUM = 8301791.99999997, bChange = 0.00165791, totNum = 13
ROUND = 3760, SUM = 8301791.99999998, bChange = 0.00165792, totNum = 12
ROUND = 3761, SUM = 8301792, bChange = 0.00165792, totNum = 12
ROUND = 3762, SUM = 8301792, bChange = 0.00165792, totNum = 12
ROUND = 3763, SUM = 8301791.99999997, bChange = 0.00165792, totNum = 12
ROUND = 3764, SUM = 8301791.99999997, bChange = 0.00165792, totNum = 12
ROUND = 3765, SUM = 8301791.99999999, bChange = 0.00165792, totNum = 12
ROUND = 3766, SUM = 8301791.99999997, bChange = 0.00165792, totNum = 12
ROUND = 3767, SUM = 8301791.99999998, bChange = 0.00165792, totNum = 12
ROUND = 3768, SUM = 8301791.99999997, bChange = 0.00165792, totNum = 12
ROUND = 3769, SUM = 8301792.00000001, bChange = 0.00165792, totNum = 12
ROUND = 3770, SUM = 8301792, bChange = 0.00165792, totNum = 12
ROUND = 3771, SUM = 8301792, bChange = 0.00165792, totNum = 12
ROUND = 3772, SUM = 8301791.99999999, bChange = 0.00165792, totNum = 12
ROUND = 3773, SUM = 8301791.99999999, bChange = 0.00165792, totNum = 12
ROUND = 3774, SUM = 8301791.99999999, bChange = 0.00165792, totNum = 12
ROUND = 3775, SUM = 8301792, bChange = 0.00165792, totNum = 12
ROUND = 3776, SUM = 8301791.99999999, bChange = 0.00165792, totNum = 12
ROUND = 3777, SUM = 8301791.99999997, bChange = 0.00165792, totNum = 12
ROUND = 3778, SUM = 8301791.99999998, bChange = 0.00165792, totNum = 12
ROUND = 3779, SUM = 8301791.99999999, bChange = 0.00165793, totNum = 12
ROUND = 3780, SUM = 8301791.99999999, bChange = 0.00165793, totNum = 12
ROUND = 3781, SUM = 8301791.99999999, bChange = 0.00165793, totNum = 12
ROUND = 3782, SUM = 8301791.99999999, bChange = 0.00165793, totNum = 12
ROUND = 3783, SUM = 8301792.00000001, bChange = 0.00165793, totNum = 12
ROUND = 3784, SUM = 8301791.99999997, bChange = 0.00165793, totNum = 12
ROUND = 3785, SUM = 8301791.99999999, bChange = 0.00165793, totNum = 12
ROUND = 3786, SUM = 8301791.99999999, bChange = 0.00165793, totNum = 12
ROUND = 3787, SUM = 8301791.99999999, bChange = 0.00165793, totNum = 12
ROUND = 3788, SUM = 8301792, bChange = 0.00165793, totNum = 12
ROUND = 3789, SUM = 8301792, bChange = 0.00165793, totNum = 12
ROUND = 3790, SUM = 8301791.99999999, bChange = 0.00165793, totNum = 12
ROUND = 3791, SUM = 8301792, bChange = 0.00165793, totNum = 12
ROUND = 3792, SUM = 8301791.99999999, bChange = 0.00165793, totNum = 12
ROUND = 3793, SUM = 8301791.99999999, bChange = 0.00165793, totNum = 12
ROUND = 3794, SUM = 8301791.99999999, bChange = 0.00165793, totNum = 11
ROUND = 3795, SUM = 8301792, bChange = 0.00165793, totNum = 11
ROUND = 3796, SUM = 8301791.99999999, bChange = 0.00165793, totNum = 11
ROUND = 3797, SUM = 8301791.99999997, bChange = 0.00165793, totNum = 11
ROUND = 3798, SUM = 8301791.99999998, bChange = 0.00165794, totNum = 11
ROUND = 3799, SUM = 8301791.99999998, bChange = 0.00165794, totNum = 11
ROUND = 3800, SUM = 8301792, bChange = 0.00165794, totNum = 11
ROUND = 3801, SUM = 8301791.99999998, bChange = 0.00165794, totNum = 11
ROUND = 3802, SUM = 8301791.99999997, bChange = 0.00165794, totNum = 11
ROUND = 3803, SUM = 8301791.99999998, bChange = 0.00165794, totNum = 11
ROUND = 3804, SUM = 8301791.99999998, bChange = 0.00165794, totNum = 11
ROUND = 3805, SUM = 8301791.99999997, bChange = 0.00165794, totNum = 11
ROUND = 3806, SUM = 8301791.99999999, bChange = 0.00165794, totNum = 11
ROUND = 3807, SUM = 8301792.00000001, bChange = 0.00165794, totNum = 11
ROUND = 3808, SUM = 8301791.99999999, bChange = 0.00165794, totNum = 11
ROUND = 3809, SUM = 8301791.99999999, bChange = 0.00165794, totNum = 11
ROUND = 3810, SUM = 8301792.00000001, bChange = 0.00165794, totNum = 11
ROUND = 3811, SUM = 8301791.99999999, bChange = 0.00165794, totNum = 11
ROUND = 3812, SUM = 8301791.99999998, bChange = 0.00165794, totNum = 11
ROUND = 3813, SUM = 8301791.99999999, bChange = 0.00165794, totNum = 11
ROUND = 3814, SUM = 8301791.99999999, bChange = 0.00165794, totNum = 11
ROUND = 3815, SUM = 8301792.00000001, bChange = 0.00165794, totNum = 11
ROUND = 3816, SUM = 8301791.99999999, bChange = 0.00165794, totNum = 11
ROUND = 3817, SUM = 8301791.99999999, bChange = 0.00165794, totNum = 11
ROUND = 3818, SUM = 8301791.99999997, bChange = 0.00165795, totNum = 11
ROUND = 3819, SUM = 8301792, bChange = 0.00165795, totNum = 11
ROUND = 3820, SUM = 8301791.99999999, bChange = 0.00165795, totNum = 11
ROUND = 3821, SUM = 8301791.99999998, bChange = 0.00165795, totNum = 11
ROUND = 3822, SUM = 8301791.99999999, bChange = 0.00165795, totNum = 11
ROUND = 3823, SUM = 8301792.00000001, bChange = 0.00165795, totNum = 11
ROUND = 3824, SUM = 8301791.99999999, bChange = 0.00165795, totNum = 11
ROUND = 3825, SUM = 8301791.99999999, bChange = 0.00165795, totNum = 11
ROUND = 3826, SUM = 8301791.99999998, bChange = 0.00165795, totNum = 11
ROUND = 3827, SUM = 8301791.99999999, bChange = 0.00165795, totNum = 11
ROUND = 3828, SUM = 8301791.99999997, bChange = 0.00165795, totNum = 11
ROUND = 3829, SUM = 8301791.99999999, bChange = 0.00165795, totNum = 11
ROUND = 3830, SUM = 8301791.99999997, bChange = 0.00165795, totNum = 11
ROUND = 3831, SUM = 8301792.00000001, bChange = 0.00165795, totNum = 11
ROUND = 3832, SUM = 8301791.99999999, bChange = 0.00165795, totNum = 11
ROUND = 3833, SUM = 8301791.99999998, bChange = 0.00165795, totNum = 11
ROUND = 3834, SUM = 8301791.99999999, bChange = 0.00165795, totNum = 11
ROUND = 3835, SUM = 8301791.99999998, bChange = 0.00165795, totNum = 11
ROUND = 3836, SUM = 8301792.00000001, bChange = 0.00165795, totNum = 11
ROUND = 3837, SUM = 8301791.99999999, bChange = 0.00165795, totNum = 11
ROUND = 3838, SUM = 8301791.99999998, bChange = 0.00165795, totNum = 11
ROUND = 3839, SUM = 8301791.99999997, bChange = 0.00165796, totNum = 11
ROUND = 3840, SUM = 8301792, bChange = 0.00165796, totNum = 11
ROUND = 3841, SUM = 8301791.99999998, bChange = 0.00165796, totNum = 11
ROUND = 3842, SUM = 8301791.99999999, bChange = 0.00165796, totNum = 11
ROUND = 3843, SUM = 8301792.00000001, bChange = 0.00165796, totNum = 11
ROUND = 3844, SUM = 8301792, bChange = 0.00165796, totNum = 11
ROUND = 3845, SUM = 8301791.99999999, bChange = 0.00165796, totNum = 11
ROUND = 3846, SUM = 8301791.99999999, bChange = 0.00165796, totNum = 11
ROUND = 3847, SUM = 8301791.99999998, bChange = 0.00165796, totNum = 11
ROUND = 3848, SUM = 8301791.99999996, bChange = 0.00165796, totNum = 11
ROUND = 3849, SUM = 8301792, bChange = 0.00165796, totNum = 11
ROUND = 3850, SUM = 8301791.99999999, bChange = 0.00165796, totNum = 11
ROUND = 3851, SUM = 8301791.99999999, bChange = 0.00165796, totNum = 11
ROUND = 3852, SUM = 8301792, bChange = 0.00165796, totNum = 11
ROUND = 3853, SUM = 8301791.99999998, bChange = 0.00165796, totNum = 11
ROUND = 3854, SUM = 8301791.99999999, bChange = 0.00165796, totNum = 11
ROUND = 3855, SUM = 8301791.99999998, bChange = 0.00165796, totNum = 11
ROUND = 3856, SUM = 8301791.99999997, bChange = 0.00165796, totNum = 11
ROUND = 3857, SUM = 8301791.99999998, bChange = 0.00165796, totNum = 11
ROUND = 3858, SUM = 8301791.99999998, bChange = 0.00165796, totNum = 11
ROUND = 3859, SUM = 8301791.99999998, bChange = 0.00165796, totNum = 11
ROUND = 3860, SUM = 8301791.99999999, bChange = 0.00165797, totNum = 11
ROUND = 3861, SUM = 8301792, bChange = 0.00165797, totNum = 11
ROUND = 3862, SUM = 8301791.99999998, bChange = 0.00165797, totNum = 11
ROUND = 3863, SUM = 8301791.99999999, bChange = 0.00165797, totNum = 11
ROUND = 3864, SUM = 8301791.99999999, bChange = 0.00165797, totNum = 11
ROUND = 3865, SUM = 8301792.00000001, bChange = 0.00140263, totNum = 10
ROUND = 3866, SUM = 8301791.99999998, bChange = 0.00140262, totNum = 10
ROUND = 3867, SUM = 8301791.99999997, bChange = 0.00140261, totNum = 10
ROUND = 3868, SUM = 8301791.99999996, bChange = 0.0014026, totNum = 10
ROUND = 3869, SUM = 8301792, bChange = 0.00140259, totNum = 10
ROUND = 3870, SUM = 8301791.99999999, bChange = 0.00140258, totNum = 10
ROUND = 3871, SUM = 8301792, bChange = 0.00140257, totNum = 10
ROUND = 3872, SUM = 8301791.99999998, bChange = 0.00140256, totNum = 10
ROUND = 3873, SUM = 8301792, bChange = 0.00140255, totNum = 10
ROUND = 3874, SUM = 8301791.99999995, bChange = 0.00140255, totNum = 10
ROUND = 3875, SUM = 8301792, bChange = 0.00140254, totNum = 10
ROUND = 3876, SUM = 8301791.99999997, bChange = 0.00140253, totNum = 10
ROUND = 3877, SUM = 8301791.99999996, bChange = 0.00140252, totNum = 10
ROUND = 3878, SUM = 8301791.99999999, bChange = 0.00140251, totNum = 9
ROUND = 3879, SUM = 8301792, bChange = 0.0014025, totNum = 9
ROUND = 3880, SUM = 8301791.99999996, bChange = 0.00140249, totNum = 9
ROUND = 3881, SUM = 8301791.99999997, bChange = 0.00140248, totNum = 9
ROUND = 3882, SUM = 8301791.99999996, bChange = 0.00140247, totNum = 9
ROUND = 3883, SUM = 8301791.99999999, bChange = 0.00140246, totNum = 9
ROUND = 3884, SUM = 8301791.99999998, bChange = 0.00140246, totNum = 9
ROUND = 3885, SUM = 8301792.00000001, bChange = 0.00140245, totNum = 9
ROUND = 3886, SUM = 8301791.99999996, bChange = 0.00140244, totNum = 9
ROUND = 3887, SUM = 8301791.99999998, bChange = 0.00140243, totNum = 9
ROUND = 3888, SUM = 8301791.99999995, bChange = 0.00140242, totNum = 9
ROUND = 3889, SUM = 8301791.99999997, bChange = 0.00140241, totNum = 9
ROUND = 3890, SUM = 8301791.99999996, bChange = 0.0014024, totNum = 9
ROUND = 3891, SUM = 8301791.99999998, bChange = 0.00140239, totNum = 9
ROUND = 3892, SUM = 8301792, bChange = 0.00140238, totNum = 9
ROUND = 3893, SUM = 8301791.99999996, bChange = 0.00140238, totNum = 9
ROUND = 3894, SUM = 8301791.99999998, bChange = 0.00140237, totNum = 9
ROUND = 3895, SUM = 8301791.99999997, bChange = 0.00140236, totNum = 9
ROUND = 3896, SUM = 8301791.99999999, bChange = 0.00140235, totNum = 9
ROUND = 3897, SUM = 8301791.99999997, bChange = 0.00140234, totNum = 9
ROUND = 3898, SUM = 8301791.99999999, bChange = 0.00140233, totNum = 9
ROUND = 3899, SUM = 8301791.99999999, bChange = 0.00140232, totNum = 9
ROUND = 3900, SUM = 8301791.99999996, bChange = 0.00140231, totNum = 9
ROUND = 3901, SUM = 8301791.99999998, bChange = 0.00140231, totNum = 9
ROUND = 3902, SUM = 8301791.99999999, bChange = 0.0014023, totNum = 9
ROUND = 3903, SUM = 8301791.99999999, bChange = 0.00140229, totNum = 9
ROUND = 3904, SUM = 8301791.99999997, bChange = 0.00140228, totNum = 9
ROUND = 3905, SUM = 8301791.99999998, bChange = 0.00140227, totNum = 9
ROUND = 3906, SUM = 8301791.99999999, bChange = 0.00140226, totNum = 9
ROUND = 3907, SUM = 8301791.99999998, bChange = 0.00140225, totNum = 9
ROUND = 3908, SUM = 8301791.99999997, bChange = 0.00140225, totNum = 9
ROUND = 3909, SUM = 8301791.99999997, bChange = 0.00140224, totNum = 9
ROUND = 3910, SUM = 8301791.99999998, bChange = 0.00140223, totNum = 9
ROUND = 3911, SUM = 8301791.99999998, bChange = 0.00140222, totNum = 9
ROUND = 3912, SUM = 8301791.99999998, bChange = 0.00140221, totNum = 9
ROUND = 3913, SUM = 8301791.99999999, bChange = 0.0014022, totNum = 9
ROUND = 3914, SUM = 8301791.99999998, bChange = 0.00140219, totNum = 9
ROUND = 3915, SUM = 8301791.99999997, bChange = 0.00140219, totNum = 9
ROUND = 3916, SUM = 8301791.99999997, bChange = 0.00140218, totNum = 9
ROUND = 3917, SUM = 8301791.99999998, bChange = 0.00140217, totNum = 9
ROUND = 3918, SUM = 8301791.99999995, bChange = 0.00140216, totNum = 9
ROUND = 3919, SUM = 8301791.99999995, bChange = 0.00140215, totNum = 9
ROUND = 3920, SUM = 8301792, bChange = 0.00140214, totNum = 9
ROUND = 3921, SUM = 8301791.99999999, bChange = 0.00140213, totNum = 9
ROUND = 3922, SUM = 8301791.99999998, bChange = 0.00140213, totNum = 9
ROUND = 3923, SUM = 8301791.99999997, bChange = 0.00140212, totNum = 9
ROUND = 3924, SUM = 8301791.99999996, bChange = 0.00140211, totNum = 9
ROUND = 3925, SUM = 8301791.99999998, bChange = 0.0014021, totNum = 9
ROUND = 3926, SUM = 8301791.99999998, bChange = 0.00140209, totNum = 9
ROUND = 3927, SUM = 8301791.99999998, bChange = 0.00140208, totNum = 9
ROUND = 3928, SUM = 8301791.99999998, bChange = 0.00140208, totNum = 9
ROUND = 3929, SUM = 8301791.99999999, bChange = 0.00140207, totNum = 9
ROUND = 3930, SUM = 8301791.99999999, bChange = 0.00140206, totNum = 9
ROUND = 3931, SUM = 8301791.99999997, bChange = 0.00140205, totNum = 9
ROUND = 3932, SUM = 8301792, bChange = 0.00140204, totNum = 9
ROUND = 3933, SUM = 8301791.99999999, bChange = 0.00140203, totNum = 9
ROUND = 3934, SUM = 8301791.99999999, bChange = 0.00140203, totNum = 9
ROUND = 3935, SUM = 8301791.99999997, bChange = 0.00140202, totNum = 9
ROUND = 3936, SUM = 8301791.99999996, bChange = 0.00140201, totNum = 9
ROUND = 3937, SUM = 8301792, bChange = 0.001402, totNum = 9
ROUND = 3938, SUM = 8301791.99999996, bChange = 0.00140199, totNum = 9
ROUND = 3939, SUM = 8301791.99999998, bChange = 0.00140198, totNum = 9
ROUND = 3940, SUM = 8301791.99999997, bChange = 0.00140198, totNum = 9
ROUND = 3941, SUM = 8301791.99999999, bChange = 0.00140197, totNum = 9
ROUND = 3942, SUM = 8301791.99999998, bChange = 0.00140196, totNum = 9
ROUND = 3943, SUM = 8301791.99999998, bChange = 0.00140195, totNum = 9
ROUND = 3944, SUM = 8301791.99999995, bChange = 0.00140194, totNum = 9
ROUND = 3945, SUM = 8301791.99999996, bChange = 0.00140193, totNum = 9
ROUND = 3946, SUM = 8301791.99999998, bChange = 0.00140193, totNum = 9
ROUND = 3947, SUM = 8301791.99999999, bChange = 0.00140192, totNum = 9
ROUND = 3948, SUM = 8301791.99999998, bChange = 0.00140191, totNum = 9
ROUND = 3949, SUM = 8301791.99999998, bChange = 0.0014019, totNum = 9
ROUND = 3950, SUM = 8301791.99999996, bChange = 0.00140189, totNum = 9
ROUND = 3951, SUM = 8301791.99999995, bChange = 0.00140189, totNum = 9
ROUND = 3952, SUM = 8301791.99999996, bChange = 0.00140188, totNum = 9
ROUND = 3953, SUM = 8301791.99999995, bChange = 0.00140187, totNum = 9
ROUND = 3954, SUM = 8301791.99999995, bChange = 0.00140186, totNum = 9
ROUND = 3955, SUM = 8301791.99999997, bChange = 0.00140185, totNum = 9
ROUND = 3956, SUM = 8301792, bChange = 0.00140185, totNum = 9
ROUND = 3957, SUM = 8301791.99999998, bChange = 0.00140184, totNum = 9
ROUND = 3958, SUM = 8301791.99999999, bChange = 0.00140183, totNum = 9
ROUND = 3959, SUM = 8301791.99999998, bChange = 0.00140182, totNum = 9
ROUND = 3960, SUM = 8301791.99999999, bChange = 0.00140181, totNum = 9
ROUND = 3961, SUM = 8301791.99999997, bChange = 0.00140181, totNum = 9
ROUND = 3962, SUM = 8301791.99999997, bChange = 0.0014018, totNum = 9
ROUND = 3963, SUM = 8301791.99999996, bChange = 0.00140179, totNum = 9
ROUND = 3964, SUM = 8301791.99999998, bChange = 0.00140178, totNum = 9
ROUND = 3965, SUM = 8301791.99999997, bChange = 0.00140177, totNum = 9
ROUND = 3966, SUM = 8301791.99999996, bChange = 0.00140177, totNum = 8
ROUND = 3967, SUM = 8301791.99999998, bChange = 0.00140176, totNum = 8
ROUND = 3968, SUM = 8301791.99999996, bChange = 0.00140175, totNum = 8
ROUND = 3969, SUM = 8301791.99999998, bChange = 0.00140174, totNum = 8
ROUND = 3970, SUM = 8301791.99999998, bChange = 0.00140173, totNum = 8
ROUND = 3971, SUM = 8301791.99999998, bChange = 0.00140173, totNum = 8
ROUND = 3972, SUM = 8301791.99999997, bChange = 0.00140172, totNum = 8
ROUND = 3973, SUM = 8301791.99999996, bChange = 0.00140171, totNum = 8
ROUND = 3974, SUM = 8301791.99999997, bChange = 0.0014017, totNum = 8
ROUND = 3975, SUM = 8301791.99999997, bChange = 0.00140169, totNum = 8
ROUND = 3976, SUM = 8301791.99999997, bChange = 0.00140169, totNum = 8
ROUND = 3977, SUM = 8301791.99999999, bChange = 0.00140168, totNum = 8
ROUND = 3978, SUM = 8301791.99999998, bChange = 0.00140167, totNum = 8
ROUND = 3979, SUM = 8301791.99999998, bChange = 0.00140166, totNum = 8
ROUND = 3980, SUM = 8301791.99999999, bChange = 0.00140166, totNum = 8
ROUND = 3981, SUM = 8301791.99999999, bChange = 0.00140165, totNum = 8
ROUND = 3982, SUM = 8301791.99999999, bChange = 0.00140164, totNum = 8
ROUND = 3983, SUM = 8301791.99999998, bChange = 0.00140163, totNum = 8
ROUND = 3984, SUM = 8301791.99999998, bChange = 0.00140162, totNum = 8
ROUND = 3985, SUM = 8301791.99999999, bChange = 0.00140162, totNum = 7
ROUND = 3986, SUM = 8301791.99999996, bChange = 0.00140161, totNum = 7
ROUND = 3987, SUM = 8301791.99999998, bChange = 0.0014016, totNum = 7
ROUND = 3988, SUM = 8301792, bChange = 0.00140159, totNum = 7
ROUND = 3989, SUM = 8301792, bChange = 0.00140159, totNum = 7
ROUND = 3990, SUM = 8301791.99999997, bChange = 0.00140158, totNum = 7
ROUND = 3991, SUM = 8301791.99999998, bChange = 0.00140157, totNum = 7
ROUND = 3992, SUM = 8301791.99999998, bChange = 0.00140156, totNum = 7
ROUND = 3993, SUM = 8301791.99999999, bChange = 0.00140155, totNum = 7
ROUND = 3994, SUM = 8301792, bChange = 0.00140155, totNum = 7
ROUND = 3995, SUM = 8301791.99999997, bChange = 0.00140154, totNum = 7
ROUND = 3996, SUM = 8301791.99999998, bChange = 0.00140153, totNum = 7
ROUND = 3997, SUM = 8301791.99999999, bChange = 0.00140152, totNum = 7
ROUND = 3998, SUM = 8301791.99999999, bChange = 0.00140152, totNum = 7
ROUND = 3999, SUM = 8301791.99999998, bChange = 0.00140151, totNum = 7
ROUND = 4000, SUM = 8301791.99999998, bChange = 0.0014015, totNum = 7
ROUND = 4001, SUM = 8301791.99999998, bChange = 0.00140149, totNum = 7
ROUND = 4002, SUM = 8301791.99999999, bChange = 0.00140149, totNum = 7
ROUND = 4003, SUM = 8301791.99999999, bChange = 0.00140148, totNum = 7
ROUND = 4004, SUM = 8301792, bChange = 0.00140147, totNum = 7
ROUND = 4005, SUM = 8301791.99999996, bChange = 0.00140146, totNum = 7
ROUND = 4006, SUM = 8301791.99999998, bChange = 0.00140146, totNum = 7
ROUND = 4007, SUM = 8301791.99999998, bChange = 0.00140145, totNum = 7
ROUND = 4008, SUM = 8301792.00000001, bChange = 0.00140144, totNum = 7
ROUND = 4009, SUM = 8301791.99999998, bChange = 0.00140143, totNum = 7
ROUND = 4010, SUM = 8301791.99999998, bChange = 0.00140143, totNum = 7
ROUND = 4011, SUM = 8301791.99999999, bChange = 0.00140142, totNum = 7
ROUND = 4012, SUM = 8301791.99999999, bChange = 0.00140141, totNum = 7
ROUND = 4013, SUM = 8301791.99999998, bChange = 0.0014014, totNum = 7
ROUND = 4014, SUM = 8301791.99999998, bChange = 0.0014014, totNum = 7
ROUND = 4015, SUM = 8301791.99999999, bChange = 0.00140139, totNum = 7
ROUND = 4016, SUM = 8301791.99999998, bChange = 0.00140138, totNum = 7
ROUND = 4017, SUM = 8301791.99999996, bChange = 0.00140137, totNum = 7
ROUND = 4018, SUM = 8301791.99999999, bChange = 0.00140137, totNum = 7
ROUND = 4019, SUM = 8301792, bChange = 0.00140136, totNum = 7
ROUND = 4020, SUM = 8301791.99999999, bChange = 0.00140135, totNum = 7
ROUND = 4021, SUM = 8301791.99999998, bChange = 0.00140134, totNum = 7
ROUND = 4022, SUM = 8301791.99999999, bChange = 0.00140134, totNum = 7
ROUND = 4023, SUM = 8301792.00000001, bChange = 0.00140133, totNum = 7
ROUND = 4024, SUM = 8301791.99999999, bChange = 0.00140132, totNum = 7
ROUND = 4025, SUM = 8301791.99999998, bChange = 0.00140132, totNum = 7
ROUND = 4026, SUM = 8301791.99999999, bChange = 0.00140131, totNum = 7
ROUND = 4027, SUM = 8301791.99999996, bChange = 0.0014013, totNum = 7
ROUND = 4028, SUM = 8301791.99999997, bChange = 0.00140129, totNum = 7
ROUND = 4029, SUM = 8301792.00000001, bChange = 0.00140129, totNum = 7
ROUND = 4030, SUM = 8301791.99999999, bChange = 0.00140128, totNum = 7
ROUND = 4031, SUM = 8301791.99999999, bChange = 0.00140127, totNum = 7
ROUND = 4032, SUM = 8301792.00000001, bChange = 0.00140126, totNum = 7
ROUND = 4033, SUM = 8301792.00000001, bChange = 0.00140126, totNum = 7
ROUND = 4034, SUM = 8301791.99999998, bChange = 0.00140125, totNum = 7
ROUND = 4035, SUM = 8301791.99999999, bChange = 0.00140124, totNum = 7
ROUND = 4036, SUM = 8301791.99999999, bChange = 0.00140124, totNum = 7
ROUND = 4037, SUM = 8301791.99999999, bChange = 0.00140123, totNum = 7
ROUND = 4038, SUM = 8301792, bChange = 0.00140122, totNum = 7
ROUND = 4039, SUM = 8301791.99999999, bChange = 0.00140121, totNum = 7
ROUND = 4040, SUM = 8301791.99999998, bChange = 0.00140121, totNum = 7
ROUND = 4041, SUM = 8301792, bChange = 0.0014012, totNum = 7
ROUND = 4042, SUM = 8301792.00000001, bChange = 0.00140119, totNum = 7
ROUND = 4043, SUM = 8301791.99999998, bChange = 0.00140119, totNum = 7
ROUND = 4044, SUM = 8301792.00000001, bChange = 0.00140118, totNum = 7
ROUND = 4045, SUM = 8301792, bChange = 0.00140117, totNum = 7
ROUND = 4046, SUM = 8301792, bChange = 0.00140116, totNum = 7
ROUND = 4047, SUM = 8301791.99999999, bChange = 0.00140116, totNum = 7
ROUND = 4048, SUM = 8301792, bChange = 0.00140115, totNum = 7
ROUND = 4049, SUM = 8301791.99999998, bChange = 0.00140114, totNum = 7
ROUND = 4050, SUM = 8301791.99999999, bChange = 0.00140114, totNum = 7
ROUND = 4051, SUM = 8301791.99999999, bChange = 0.00140113, totNum = 7
ROUND = 4052, SUM = 8301792, bChange = 0.00140112, totNum = 7
ROUND = 4053, SUM = 8301791.99999999, bChange = 0.00140111, totNum = 7
ROUND = 4054, SUM = 8301791.99999999, bChange = 0.00140111, totNum = 7
ROUND = 4055, SUM = 8301791.99999999, bChange = 0.0014011, totNum = 7
ROUND = 4056, SUM = 8301791.99999997, bChange = 0.00140109, totNum = 7
ROUND = 4057, SUM = 8301791.99999999, bChange = 0.00140109, totNum = 7
ROUND = 4058, SUM = 8301791.99999998, bChange = 0.00140108, totNum = 7
ROUND = 4059, SUM = 8301791.99999998, bChange = 0.00140107, totNum = 7
ROUND = 4060, SUM = 8301792, bChange = 0.00140107, totNum = 7
ROUND = 4061, SUM = 8301791.99999997, bChange = 0.00140106, totNum = 7
ROUND = 4062, SUM = 8301791.99999998, bChange = 0.00140105, totNum = 7
ROUND = 4063, SUM = 8301791.99999999, bChange = 0.00140104, totNum = 7
ROUND = 4064, SUM = 8301791.99999999, bChange = 0.00140104, totNum = 7
ROUND = 4065, SUM = 8301791.99999997, bChange = 0.00140103, totNum = 7
ROUND = 4066, SUM = 8301791.99999998, bChange = 0.00140102, totNum = 7
ROUND = 4067, SUM = 8301791.99999995, bChange = 0.00140102, totNum = 7
ROUND = 4068, SUM = 8301791.99999996, bChange = 0.00140101, totNum = 7
ROUND = 4069, SUM = 8301791.99999999, bChange = 0.001401, totNum = 7
ROUND = 4070, SUM = 8301791.99999999, bChange = 0.001401, totNum = 7
ROUND = 4071, SUM = 8301791.99999999, bChange = 0.00140099, totNum = 7
ROUND = 4072, SUM = 8301791.99999997, bChange = 0.00140098, totNum = 7
ROUND = 4073, SUM = 8301791.99999997, bChange = 0.00140098, totNum = 7
ROUND = 4074, SUM = 8301791.99999999, bChange = 0.00140097, totNum = 7
ROUND = 4075, SUM = 8301791.99999998, bChange = 0.00140096, totNum = 7
ROUND = 4076, SUM = 8301791.99999999, bChange = 0.00140096, totNum = 7
ROUND = 4077, SUM = 8301791.99999999, bChange = 0.00140095, totNum = 7
ROUND = 4078, SUM = 8301791.99999998, bChange = 0.00140094, totNum = 7
ROUND = 4079, SUM = 8301792.00000001, bChange = 0.00140093, totNum = 7
ROUND = 4080, SUM = 8301792, bChange = 0.00140093, totNum = 7
ROUND = 4081, SUM = 8301791.99999999, bChange = 0.00140092, totNum = 7
ROUND = 4082, SUM = 8301791.99999999, bChange = 0.00140091, totNum = 7
ROUND = 4083, SUM = 8301792, bChange = 0.00140091, totNum = 7
ROUND = 4084, SUM = 8301792.00000001, bChange = 0.0014009, totNum = 7
ROUND = 4085, SUM = 8301792, bChange = 0.00140089, totNum = 7
ROUND = 4086, SUM = 8301791.99999997, bChange = 0.00140089, totNum = 7
ROUND = 4087, SUM = 8301792, bChange = 0.00140088, totNum = 7
ROUND = 4088, SUM = 8301791.99999999, bChange = 0.00140087, totNum = 7
ROUND = 4089, SUM = 8301792, bChange = 0.00140087, totNum = 7
ROUND = 4090, SUM = 8301791.99999998, bChange = 0.00140086, totNum = 7
ROUND = 4091, SUM = 8301791.99999999, bChange = 0.00140085, totNum = 7
ROUND = 4092, SUM = 8301791.99999997, bChange = 0.00140085, totNum = 7
ROUND = 4093, SUM = 8301791.99999999, bChange = 0.00140084, totNum = 7
ROUND = 4094, SUM = 8301791.99999999, bChange = 0.00140083, totNum = 7
ROUND = 4095, SUM = 8301792.00000001, bChange = 0.00140083, totNum = 7
ROUND = 4096, SUM = 8301792.00000002, bChange = 0.00140082, totNum = 7
ROUND = 4097, SUM = 8301792, bChange = 0.00140081, totNum = 7
ROUND = 4098, SUM = 8301791.99999997, bChange = 0.00140081, totNum = 7
ROUND = 4099, SUM = 8301792, bChange = 0.0014008, totNum = 6
ROUND = 4100, SUM = 8301792, bChange = 0.00140079, totNum = 6
ROUND = 4101, SUM = 8301791.99999999, bChange = 0.00140079, totNum = 6
ROUND = 4102, SUM = 8301791.99999999, bChange = 0.00140078, totNum = 6
ROUND = 4103, SUM = 8301792, bChange = 0.00140077, totNum = 6
ROUND = 4104, SUM = 8301791.99999998, bChange = 0.00140077, totNum = 6
ROUND = 4105, SUM = 8301792, bChange = 0.00140076, totNum = 6
ROUND = 4106, SUM = 8301791.99999998, bChange = 0.00140075, totNum = 6
ROUND = 4107, SUM = 8301792.00000002, bChange = 0.00140075, totNum = 6
ROUND = 4108, SUM = 8301791.99999999, bChange = 0.00140074, totNum = 6
ROUND = 4109, SUM = 8301792.00000001, bChange = 0.00140074, totNum = 6
ROUND = 4110, SUM = 8301791.99999997, bChange = 0.00140073, totNum = 6
ROUND = 4111, SUM = 8301792, bChange = 0.00140072, totNum = 6
ROUND = 4112, SUM = 8301791.99999998, bChange = 0.00140072, totNum = 5
ROUND = 4113, SUM = 8301791.99999999, bChange = 0.00140071, totNum = 5
ROUND = 4114, SUM = 8301791.99999997, bChange = 0.0014007, totNum = 5
ROUND = 4115, SUM = 8301791.99999997, bChange = 0.0014007, totNum = 5
ROUND = 4116, SUM = 8301791.99999997, bChange = 0.00140069, totNum = 5
ROUND = 4117, SUM = 8301791.99999997, bChange = 0.00140068, totNum = 5
ROUND = 4118, SUM = 8301791.99999998, bChange = 0.00140068, totNum = 5
ROUND = 4119, SUM = 8301791.99999999, bChange = 0.00140067, totNum = 5
ROUND = 4120, SUM = 8301791.99999999, bChange = 0.00140066, totNum = 5
ROUND = 4121, SUM = 8301791.99999997, bChange = 0.00140066, totNum = 5
ROUND = 4122, SUM = 8301791.99999997, bChange = 0.00140065, totNum = 5
ROUND = 4123, SUM = 8301791.99999999, bChange = 0.00140065, totNum = 5
ROUND = 4124, SUM = 8301791.99999998, bChange = 0.00140064, totNum = 5
ROUND = 4125, SUM = 8301792.00000001, bChange = 0.00140063, totNum = 5
ROUND = 4126, SUM = 8301791.99999999, bChange = 0.00140063, totNum = 5
ROUND = 4127, SUM = 8301791.99999999, bChange = 0.00140062, totNum = 5
ROUND = 4128, SUM = 8301792, bChange = 0.00140061, totNum = 5
ROUND = 4129, SUM = 8301791.99999999, bChange = 0.00140061, totNum = 5
ROUND = 4130, SUM = 8301792, bChange = 0.0014006, totNum = 5
ROUND = 4131, SUM = 8301792, bChange = 0.00140059, totNum = 5
ROUND = 4132, SUM = 8301792, bChange = 0.00140059, totNum = 5
ROUND = 4133, SUM = 8301791.99999998, bChange = 0.00140058, totNum = 5
ROUND = 4134, SUM = 8301791.99999998, bChange = 0.00140058, totNum = 5
ROUND = 4135, SUM = 8301791.99999999, bChange = 0.00140057, totNum = 5
ROUND = 4136, SUM = 8301791.99999998, bChange = 0.00140056, totNum = 6
ROUND = 4137, SUM = 8301792, bChange = 0.00140056, totNum = 6
ROUND = 4138, SUM = 8301791.99999999, bChange = 0.00140055, totNum = 6
ROUND = 4139, SUM = 8301791.99999998, bChange = 0.00140054, totNum = 6
ROUND = 4140, SUM = 8301791.99999999, bChange = 0.00140054, totNum = 6
ROUND = 4141, SUM = 8301791.99999997, bChange = 0.00140053, totNum = 6
ROUND = 4142, SUM = 8301791.99999997, bChange = 0.00140053, totNum = 6
ROUND = 4143, SUM = 8301792, bChange = 0.00140052, totNum = 6
ROUND = 4144, SUM = 8301791.99999999, bChange = 0.00140051, totNum = 6
ROUND = 4145, SUM = 8301792, bChange = 0.00140051, totNum = 6
ROUND = 4146, SUM = 8301791.99999999, bChange = 0.0014005, totNum = 6
ROUND = 4147, SUM = 8301792, bChange = 0.00140049, totNum = 6
ROUND = 4148, SUM = 8301792, bChange = 0.00140049, totNum = 6
ROUND = 4149, SUM = 8301791.99999999, bChange = 0.00140048, totNum = 6
ROUND = 4150, SUM = 8301792, bChange = 0.00140048, totNum = 6
ROUND = 4151, SUM = 8301792.00000001, bChange = 0.00140047, totNum = 6
ROUND = 4152, SUM = 8301792, bChange = 0.00140046, totNum = 6
ROUND = 4153, SUM = 8301792, bChange = 0.00140046, totNum = 6
ROUND = 4154, SUM = 8301791.99999999, bChange = 0.00140045, totNum = 6
ROUND = 4155, SUM = 8301792.00000001, bChange = 0.00140045, totNum = 6
ROUND = 4156, SUM = 8301792.00000002, bChange = 0.00140044, totNum = 6
ROUND = 4157, SUM = 8301792, bChange = 0.00140043, totNum = 6
ROUND = 4158, SUM = 8301792.00000001, bChange = 0.00140043, totNum = 6
ROUND = 4159, SUM = 8301792.00000001, bChange = 0.00140042, totNum = 6
ROUND = 4160, SUM = 8301791.99999999, bChange = 0.00140042, totNum = 6
ROUND = 4161, SUM = 8301792, bChange = 0.00140041, totNum = 6
ROUND = 4162, SUM = 8301792, bChange = 0.0014004, totNum = 6
ROUND = 4163, SUM = 8301791.99999999, bChange = 0.0014004, totNum = 6
ROUND = 4164, SUM = 8301791.99999998, bChange = 0.00140039, totNum = 6
ROUND = 4165, SUM = 8301791.99999999, bChange = 0.00140038, totNum = 6
ROUND = 4166, SUM = 8301792.00000002, bChange = 0.00140038, totNum = 6
ROUND = 4167, SUM = 8301792, bChange = 0.00140037, totNum = 6
ROUND = 4168, SUM = 8301791.99999997, bChange = 0.00140037, totNum = 6
ROUND = 4169, SUM = 8301791.99999999, bChange = 0.00140036, totNum = 6
ROUND = 4170, SUM = 8301791.99999999, bChange = 0.00140035, totNum = 6
ROUND = 4171, SUM = 8301792.00000001, bChange = 0.00140035, totNum = 6
ROUND = 4172, SUM = 8301791.99999999, bChange = 0.00140034, totNum = 6
ROUND = 4173, SUM = 8301791.99999996, bChange = 0.00140034, totNum = 6
ROUND = 4174, SUM = 8301791.99999998, bChange = 0.00140033, totNum = 6
ROUND = 4175, SUM = 8301791.99999999, bChange = 0.00140033, totNum = 6
ROUND = 4176, SUM = 8301791.99999999, bChange = 0.00140032, totNum = 6
ROUND = 4177, SUM = 8301791.99999999, bChange = 0.00140031, totNum = 6
ROUND = 4178, SUM = 8301791.99999999, bChange = 0.00140031, totNum = 6
ROUND = 4179, SUM = 8301791.99999998, bChange = 0.0014003, totNum = 6
ROUND = 4180, SUM = 8301791.99999998, bChange = 0.0014003, totNum = 6
ROUND = 4181, SUM = 8301792.00000001, bChange = 0.00140029, totNum = 6
ROUND = 4182, SUM = 8301791.99999997, bChange = 0.00140028, totNum = 6
ROUND = 4183, SUM = 8301791.99999998, bChange = 0.00140028, totNum = 6
ROUND = 4184, SUM = 8301791.99999999, bChange = 0.00140027, totNum = 6
ROUND = 4185, SUM = 8301791.99999996, bChange = 0.00140027, totNum = 6
ROUND = 4186, SUM = 8301791.99999998, bChange = 0.00140026, totNum = 6
ROUND = 4187, SUM = 8301792.00000001, bChange = 0.00140025, totNum = 6
ROUND = 4188, SUM = 8301792, bChange = 0.00140025, totNum = 6
ROUND = 4189, SUM = 8301791.99999996, bChange = 0.00140024, totNum = 6
ROUND = 4190, SUM = 8301792.00000002, bChange = 0.00140024, totNum = 6
ROUND = 4191, SUM = 8301792.00000001, bChange = 0.00140023, totNum = 6
ROUND = 4192, SUM = 8301792, bChange = 0.00140023, totNum = 6
ROUND = 4193, SUM = 8301792.00000001, bChange = 0.00140022, totNum = 6
ROUND = 4194, SUM = 8301791.99999999, bChange = 0.00140021, totNum = 6
ROUND = 4195, SUM = 8301791.99999998, bChange = 0.00140021, totNum = 6
ROUND = 4196, SUM = 8301791.99999999, bChange = 0.0014002, totNum = 6
ROUND = 4197, SUM = 8301792, bChange = 0.0014002, totNum = 6
ROUND = 4198, SUM = 8301792, bChange = 0.00140019, totNum = 6
ROUND = 4199, SUM = 8301791.99999997, bChange = 0.00140018, totNum = 6
ROUND = 4200, SUM = 8301791.99999998, bChange = 0.00140018, totNum = 6
ROUND = 4201, SUM = 8301791.99999998, bChange = 0.00140017, totNum = 6
ROUND = 4202, SUM = 8301791.99999999, bChange = 0.00140017, totNum = 6
ROUND = 4203, SUM = 8301792, bChange = 0.00140016, totNum = 6
ROUND = 4204, SUM = 8301791.99999998, bChange = 0.00140016, totNum = 6
ROUND = 4205, SUM = 8301791.99999999, bChange = 0.00140015, totNum = 6
ROUND = 4206, SUM = 8301792.00000003, bChange = 0.00140014, totNum = 6
ROUND = 4207, SUM = 8301791.99999999, bChange = 0.00140014, totNum = 6
ROUND = 4208, SUM = 8301791.99999998, bChange = 0.00140013, totNum = 6
ROUND = 4209, SUM = 8301791.99999998, bChange = 0.00140013, totNum = 6
ROUND = 4210, SUM = 8301792, bChange = 0.00140012, totNum = 6
ROUND = 4211, SUM = 8301791.99999998, bChange = 0.00140012, totNum = 6
ROUND = 4212, SUM = 8301792, bChange = 0.00140011, totNum = 6
ROUND = 4213, SUM = 8301791.99999997, bChange = 0.00140011, totNum = 6
ROUND = 4214, SUM = 8301791.99999999, bChange = 0.0014001, totNum = 6
ROUND = 4215, SUM = 8301791.99999998, bChange = 0.00140009, totNum = 6
ROUND = 4216, SUM = 8301792, bChange = 0.00140009, totNum = 6
ROUND = 4217, SUM = 8301791.99999996, bChange = 0.00140008, totNum = 6
ROUND = 4218, SUM = 8301792, bChange = 0.00140008, totNum = 6
ROUND = 4219, SUM = 8301791.99999996, bChange = 0.00140007, totNum = 6
ROUND = 4220, SUM = 8301791.99999999, bChange = 0.00140007, totNum = 6
ROUND = 4221, SUM = 8301791.99999999, bChange = 0.00140006, totNum = 6
ROUND = 4222, SUM = 8301791.99999998, bChange = 0.00140005, totNum = 6
ROUND = 4223, SUM = 8301791.99999998, bChange = 0.00140005, totNum = 6
ROUND = 4224, SUM = 8301792.00000002, bChange = 0.00140004, totNum = 6
ROUND = 4225, SUM = 8301791.99999998, bChange = 0.00140004, totNum = 6
ROUND = 4226, SUM = 8301791.99999997, bChange = 0.00140003, totNum = 6
ROUND = 4227, SUM = 8301791.99999998, bChange = 0.00140003, totNum = 6
ROUND = 4228, SUM = 8301791.99999998, bChange = 0.00140002, totNum = 6
ROUND = 4229, SUM = 8301791.99999998, bChange = 0.00140002, totNum = 6
ROUND = 4230, SUM = 8301791.99999999, bChange = 0.00140001, totNum = 6
ROUND = 4231, SUM = 8301791.99999996, bChange = 0.00140001, totNum = 6
ROUND = 4232, SUM = 8301791.99999997, bChange = 0.0014, totNum = 6
ROUND = 4233, SUM = 8301791.99999998, bChange = 0.00139999, totNum = 6
ROUND = 4234, SUM = 8301791.99999998, bChange = 0.00139999, totNum = 6
ROUND = 4235, SUM = 8301791.99999999, bChange = 0.00139998, totNum = 6
ROUND = 4236, SUM = 8301791.99999999, bChange = 0.00139998, totNum = 6
ROUND = 4237, SUM = 8301791.99999997, bChange = 0.00139997, totNum = 6
ROUND = 4238, SUM = 8301791.99999999, bChange = 0.00139997, totNum = 6
ROUND = 4239, SUM = 8301792, bChange = 0.00139996, totNum = 6
ROUND = 4240, SUM = 8301791.99999996, bChange = 0.00139996, totNum = 6
ROUND = 4241, SUM = 8301791.99999998, bChange = 0.00139995, totNum = 6
ROUND = 4242, SUM = 8301791.99999996, bChange = 0.00139995, totNum = 6
ROUND = 4243, SUM = 8301791.99999997, bChange = 0.00139994, totNum = 6
ROUND = 4244, SUM = 8301791.99999997, bChange = 0.00139993, totNum = 6
ROUND = 4245, SUM = 8301791.99999996, bChange = 0.00139993, totNum = 6
ROUND = 4246, SUM = 8301791.99999998, bChange = 0.00139992, totNum = 6
ROUND = 4247, SUM = 8301792, bChange = 0.00139992, totNum = 6
ROUND = 4248, SUM = 8301791.99999996, bChange = 0.00139991, totNum = 6
ROUND = 4249, SUM = 8301791.99999998, bChange = 0.00139991, totNum = 6
ROUND = 4250, SUM = 8301791.99999996, bChange = 0.0013999, totNum = 6
ROUND = 4251, SUM = 8301791.99999998, bChange = 0.0013999, totNum = 6
ROUND = 4252, SUM = 8301791.99999994, bChange = 0.00139989, totNum = 6
ROUND = 4253, SUM = 8301791.99999998, bChange = 0.00139989, totNum = 6
ROUND = 4254, SUM = 8301791.99999994, bChange = 0.00139988, totNum = 6
ROUND = 4255, SUM = 8301791.99999997, bChange = 0.00139988, totNum = 6
ROUND = 4256, SUM = 8301791.99999999, bChange = 0.00139987, totNum = 6
ROUND = 4257, SUM = 8301791.99999997, bChange = 0.00139987, totNum = 6
ROUND = 4258, SUM = 8301791.99999997, bChange = 0.00139986, totNum = 6
ROUND = 4259, SUM = 8301791.99999998, bChange = 0.00139985, totNum = 6
ROUND = 4260, SUM = 8301791.99999997, bChange = 0.00139985, totNum = 6
ROUND = 4261, SUM = 8301791.99999999, bChange = 0.00139984, totNum = 6
ROUND = 4262, SUM = 8301791.99999999, bChange = 0.00139984, totNum = 6
ROUND = 4263, SUM = 8301791.99999999, bChange = 0.00139983, totNum = 6
ROUND = 4264, SUM = 8301791.99999996, bChange = 0.00139983, totNum = 6
ROUND = 4265, SUM = 8301791.99999999, bChange = 0.00139982, totNum = 6
ROUND = 4266, SUM = 8301791.99999999, bChange = 0.00139982, totNum = 6
ROUND = 4267, SUM = 8301791.99999999, bChange = 0.00139981, totNum = 6
ROUND = 4268, SUM = 8301792, bChange = 0.00139981, totNum = 6
ROUND = 4269, SUM = 8301791.99999998, bChange = 0.0013998, totNum = 6
ROUND = 4270, SUM = 8301791.99999999, bChange = 0.0013998, totNum = 6
ROUND = 4271, SUM = 8301791.99999998, bChange = 0.00139979, totNum = 6
ROUND = 4272, SUM = 8301792, bChange = 0.00139979, totNum = 6
ROUND = 4273, SUM = 8301791.99999998, bChange = 0.00139978, totNum = 6
ROUND = 4274, SUM = 8301792.00000001, bChange = 0.00139978, totNum = 6
ROUND = 4275, SUM = 8301792, bChange = 0.00139977, totNum = 6
ROUND = 4276, SUM = 8301791.99999998, bChange = 0.00139977, totNum = 6
ROUND = 4277, SUM = 8301792, bChange = 0.00139976, totNum = 6
ROUND = 4278, SUM = 8301791.99999998, bChange = 0.00139976, totNum = 6
ROUND = 4279, SUM = 8301791.99999999, bChange = 0.00139975, totNum = 6
ROUND = 4280, SUM = 8301791.99999998, bChange = 0.00139975, totNum = 6
ROUND = 4281, SUM = 8301791.99999999, bChange = 0.00139974, totNum = 6
ROUND = 4282, SUM = 8301791.99999999, bChange = 0.00139973, totNum = 6
ROUND = 4283, SUM = 8301791.99999998, bChange = 0.00139973, totNum = 6
ROUND = 4284, SUM = 8301791.99999998, bChange = 0.00139972, totNum = 6
ROUND = 4285, SUM = 8301791.99999999, bChange = 0.00139972, totNum = 6
ROUND = 4286, SUM = 8301792, bChange = 0.00139971, totNum = 6
ROUND = 4287, SUM = 8301791.99999999, bChange = 0.00139971, totNum = 6
ROUND = 4288, SUM = 8301791.99999997, bChange = 0.0013997, totNum = 6
ROUND = 4289, SUM = 8301791.99999999, bChange = 0.0013997, totNum = 6
ROUND = 4290, SUM = 8301791.99999999, bChange = 0.00139969, totNum = 6
ROUND = 4291, SUM = 8301791.99999999, bChange = 0.00139969, totNum = 6
ROUND = 4292, SUM = 8301791.99999998, bChange = 0.00139968, totNum = 6
ROUND = 4293, SUM = 8301791.99999998, bChange = 0.00139968, totNum = 6
ROUND = 4294, SUM = 8301791.99999998, bChange = 0.00139967, totNum = 6
ROUND = 4295, SUM = 8301792, bChange = 0.00139967, totNum = 6
ROUND = 4296, SUM = 8301791.99999999, bChange = 0.00139966, totNum = 6
ROUND = 4297, SUM = 8301792, bChange = 0.00139966, totNum = 6
ROUND = 4298, SUM = 8301791.99999997, bChange = 0.00139965, totNum = 6
ROUND = 4299, SUM = 8301791.99999998, bChange = 0.00139965, totNum = 6
ROUND = 4300, SUM = 8301791.99999998, bChange = 0.00139964, totNum = 6
ROUND = 4301, SUM = 8301791.99999996, bChange = 0.00139964, totNum = 6
ROUND = 4302, SUM = 8301792, bChange = 0.00139963, totNum = 6
ROUND = 4303, SUM = 8301791.99999999, bChange = 0.00139963, totNum = 6
ROUND = 4304, SUM = 8301791.99999998, bChange = 0.00139962, totNum = 6
ROUND = 4305, SUM = 8301791.99999999, bChange = 0.00139962, totNum = 6
ROUND = 4306, SUM = 8301792, bChange = 0.00139961, totNum = 6
ROUND = 4307, SUM = 8301791.99999999, bChange = 0.00139961, totNum = 6
ROUND = 4308, SUM = 8301792, bChange = 0.0013996, totNum = 6
ROUND = 4309, SUM = 8301791.99999999, bChange = 0.0013996, totNum = 6
ROUND = 4310, SUM = 8301791.99999998, bChange = 0.00139959, totNum = 6
ROUND = 4311, SUM = 8301791.99999999, bChange = 0.00139959, totNum = 6
ROUND = 4312, SUM = 8301791.99999998, bChange = 0.00139958, totNum = 6
ROUND = 4313, SUM = 8301791.99999998, bChange = 0.00139958, totNum = 5
ROUND = 4314, SUM = 8301791.99999999, bChange = 0.00139957, totNum = 5
ROUND = 4315, SUM = 8301792.00000001, bChange = 0.00139957, totNum = 5
ROUND = 4316, SUM = 8301791.99999999, bChange = 0.00139957, totNum = 5
ROUND = 4317, SUM = 8301791.99999998, bChange = 0.00139956, totNum = 5
ROUND = 4318, SUM = 8301791.99999999, bChange = 0.00139956, totNum = 5
ROUND = 4319, SUM = 8301792, bChange = 0.00139955, totNum = 5
ROUND = 4320, SUM = 8301791.99999998, bChange = 0.00139955, totNum = 5
ROUND = 4321, SUM = 8301791.99999999, bChange = 0.00139954, totNum = 5
ROUND = 4322, SUM = 8301791.99999996, bChange = 0.00139954, totNum = 5
ROUND = 4323, SUM = 8301791.99999997, bChange = 0.00139953, totNum = 5
ROUND = 4324, SUM = 8301791.99999995, bChange = 0.00139953, totNum = 5
ROUND = 4325, SUM = 8301791.99999999, bChange = 0.00139952, totNum = 5
ROUND = 4326, SUM = 8301791.99999998, bChange = 0.00139952, totNum = 5
ROUND = 4327, SUM = 8301791.99999999, bChange = 0.00139951, totNum = 5
ROUND = 4328, SUM = 8301791.99999999, bChange = 0.00139951, totNum = 5
ROUND = 4329, SUM = 8301792, bChange = 0.0013995, totNum = 5
ROUND = 4330, SUM = 8301791.99999998, bChange = 0.0013995, totNum = 5
ROUND = 4331, SUM = 8301792, bChange = 0.00139949, totNum = 5
ROUND = 4332, SUM = 8301791.99999998, bChange = 0.00139949, totNum = 5
ROUND = 4333, SUM = 8301792, bChange = 0.00139948, totNum = 5
ROUND = 4334, SUM = 8301792, bChange = 0.00139948, totNum = 5
ROUND = 4335, SUM = 8301791.99999998, bChange = 0.00139947, totNum = 5
ROUND = 4336, SUM = 8301791.99999997, bChange = 0.00139947, totNum = 5
ROUND = 4337, SUM = 8301792.00000001, bChange = 0.00139946, totNum = 5
ROUND = 4338, SUM = 8301791.99999998, bChange = 0.00139946, totNum = 5
ROUND = 4339, SUM = 8301791.99999999, bChange = 0.00139945, totNum = 5
ROUND = 4340, SUM = 8301791.99999999, bChange = 0.00139945, totNum = 5
ROUND = 4341, SUM = 8301791.99999998, bChange = 0.00139945, totNum = 5
ROUND = 4342, SUM = 8301791.99999995, bChange = 0.00139944, totNum = 5
ROUND = 4343, SUM = 8301791.99999998, bChange = 0.00139944, totNum = 5
ROUND = 4344, SUM = 8301792, bChange = 0.00139943, totNum = 5
ROUND = 4345, SUM = 8301791.99999999, bChange = 0.00139943, totNum = 5
ROUND = 4346, SUM = 8301791.99999999, bChange = 0.00139942, totNum = 5
ROUND = 4347, SUM = 8301791.99999998, bChange = 0.00139942, totNum = 5
ROUND = 4348, SUM = 8301791.99999999, bChange = 0.00139941, totNum = 5
ROUND = 4349, SUM = 8301791.99999998, bChange = 0.00139941, totNum = 5
ROUND = 4350, SUM = 8301792, bChange = 0.0013994, totNum = 5
ROUND = 4351, SUM = 8301792.00000001, bChange = 0.0013994, totNum = 5
ROUND = 4352, SUM = 8301791.99999998, bChange = 0.00139939, totNum = 5
ROUND = 4353, SUM = 8301791.99999997, bChange = 0.00139939, totNum = 5
ROUND = 4354, SUM = 8301791.99999998, bChange = 0.00139938, totNum = 5
ROUND = 4355, SUM = 8301792, bChange = 0.00139938, totNum = 5
ROUND = 4356, SUM = 8301792, bChange = 0.00139938, totNum = 5
ROUND = 4357, SUM = 8301791.99999997, bChange = 0.00139937, totNum = 5
ROUND = 4358, SUM = 8301791.99999998, bChange = 0.00139937, totNum = 5
ROUND = 4359, SUM = 8301791.99999998, bChange = 0.00139936, totNum = 5
ROUND = 4360, SUM = 8301791.99999999, bChange = 0.00139936, totNum = 5
ROUND = 4361, SUM = 8301792, bChange = 0.00139935, totNum = 5
ROUND = 4362, SUM = 8301792, bChange = 0.00139935, totNum = 5
ROUND = 4363, SUM = 8301792, bChange = 0.00139934, totNum = 5
ROUND = 4364, SUM = 8301791.99999998, bChange = 0.00139934, totNum = 5
ROUND = 4365, SUM = 8301792, bChange = 0.00139933, totNum = 5
ROUND = 4366, SUM = 8301791.99999998, bChange = 0.00139933, totNum = 5
ROUND = 4367, SUM = 8301791.99999996, bChange = 0.00139932, totNum = 5
ROUND = 4368, SUM = 8301791.99999999, bChange = 0.00139932, totNum = 5
ROUND = 4369, SUM = 8301791.99999997, bChange = 0.00139932, totNum = 5
ROUND = 4370, SUM = 8301791.99999997, bChange = 0.00139931, totNum = 5
ROUND = 4371, SUM = 8301791.99999996, bChange = 0.00139931, totNum = 5
ROUND = 4372, SUM = 8301791.99999996, bChange = 0.0013993, totNum = 5
ROUND = 4373, SUM = 8301791.99999997, bChange = 0.0013993, totNum = 5
ROUND = 4374, SUM = 8301791.99999998, bChange = 0.00139929, totNum = 5
ROUND = 4375, SUM = 8301791.99999998, bChange = 0.00139929, totNum = 5
ROUND = 4376, SUM = 8301791.99999998, bChange = 0.00139928, totNum = 5
ROUND = 4377, SUM = 8301791.99999999, bChange = 0.00139928, totNum = 5
ROUND = 4378, SUM = 8301791.99999996, bChange = 0.00139928, totNum = 5
ROUND = 4379, SUM = 8301791.99999996, bChange = 0.00139927, totNum = 5
ROUND = 4380, SUM = 8301791.99999999, bChange = 0.00139927, totNum = 5
ROUND = 4381, SUM = 8301791.99999999, bChange = 0.00139926, totNum = 5
ROUND = 4382, SUM = 8301792, bChange = 0.00139926, totNum = 5
ROUND = 4383, SUM = 8301792, bChange = 0.00139925, totNum = 5
ROUND = 4384, SUM = 8301791.99999998, bChange = 0.00139925, totNum = 5
ROUND = 4385, SUM = 8301791.99999996, bChange = 0.00139924, totNum = 5
ROUND = 4386, SUM = 8301791.99999997, bChange = 0.00139924, totNum = 5
ROUND = 4387, SUM = 8301791.99999999, bChange = 0.00139924, totNum = 5
ROUND = 4388, SUM = 8301791.99999999, bChange = 0.00139923, totNum = 5
ROUND = 4389, SUM = 8301791.99999998, bChange = 0.00139923, totNum = 5
ROUND = 4390, SUM = 8301792, bChange = 0.00139922, totNum = 5
ROUND = 4391, SUM = 8301791.99999998, bChange = 0.00139922, totNum = 5
ROUND = 4392, SUM = 8301791.99999998, bChange = 0.00139921, totNum = 5
ROUND = 4393, SUM = 8301791.99999999, bChange = 0.00139921, totNum = 5
ROUND = 4394, SUM = 8301791.99999999, bChange = 0.0013992, totNum = 5
ROUND = 4395, SUM = 8301791.99999997, bChange = 0.0013992, totNum = 5
ROUND = 4396, SUM = 8301792, bChange = 0.0013992, totNum = 5
ROUND = 4397, SUM = 8301792, bChange = 0.00139919, totNum = 5
ROUND = 4398, SUM = 8301791.99999998, bChange = 0.00139919, totNum = 5
ROUND = 4399, SUM = 8301792, bChange = 0.00139918, totNum = 5
ROUND = 4400, SUM = 8301791.99999997, bChange = 0.00139918, totNum = 5
ROUND = 4401, SUM = 8301792, bChange = 0.00139917, totNum = 5
ROUND = 4402, SUM = 8301791.99999999, bChange = 0.00116535, totNum = 4
ROUND = 4403, SUM = 8301791.99999999, bChange = 0.00116554, totNum = 4
ROUND = 4404, SUM = 8301792.00000002, bChange = 0.00116572, totNum = 4
ROUND = 4405, SUM = 8301792, bChange = 0.00116591, totNum = 4
ROUND = 4406, SUM = 8301791.99999999, bChange = 0.0011661, totNum = 4
ROUND = 4407, SUM = 8301792.00000001, bChange = 0.00116628, totNum = 4
ROUND = 4408, SUM = 8301792.00000001, bChange = 0.00116647, totNum = 4
ROUND = 4409, SUM = 8301791.99999998, bChange = 0.00116666, totNum = 4
ROUND = 4410, SUM = 8301792.00000001, bChange = 0.00116684, totNum = 4
ROUND = 4411, SUM = 8301791.99999998, bChange = 0.00116703, totNum = 4
ROUND = 4412, SUM = 8301791.99999999, bChange = 0.00116721, totNum = 4
ROUND = 4413, SUM = 8301791.99999997, bChange = 0.0011674, totNum = 4
ROUND = 4414, SUM = 8301791.99999994, bChange = 0.00116759, totNum = 4
ROUND = 4415, SUM = 8301791.99999996, bChange = 0.00116777, totNum = 4
ROUND = 4416, SUM = 8301791.99999997, bChange = 0.00116796, totNum = 4
ROUND = 4417, SUM = 8301791.99999999, bChange = 0.00116814, totNum = 4
ROUND = 4418, SUM = 8301791.99999996, bChange = 0.00116833, totNum = 4
ROUND = 4419, SUM = 8301791.99999998, bChange = 0.00116852, totNum = 4
ROUND = 4420, SUM = 8301791.99999999, bChange = 0.0011687, totNum = 4
ROUND = 4421, SUM = 8301791.99999998, bChange = 0.00116889, totNum = 4
ROUND = 4422, SUM = 8301791.99999997, bChange = 0.00116907, totNum = 4
ROUND = 4423, SUM = 8301791.99999998, bChange = 0.00116926, totNum = 4
ROUND = 4424, SUM = 8301791.99999999, bChange = 0.00116944, totNum = 4
ROUND = 4425, SUM = 8301791.99999999, bChange = 0.00116963, totNum = 4
ROUND = 4426, SUM = 8301791.99999997, bChange = 0.00116982, totNum = 4
ROUND = 4427, SUM = 8301791.99999998, bChange = 0.00117, totNum = 4
ROUND = 4428, SUM = 8301791.99999997, bChange = 0.00117019, totNum = 4
ROUND = 4429, SUM = 8301791.99999998, bChange = 0.00117037, totNum = 4
ROUND = 4430, SUM = 8301791.99999996, bChange = 0.00117056, totNum = 4
ROUND = 4431, SUM = 8301791.99999998, bChange = 0.00117074, totNum = 4
ROUND = 4432, SUM = 8301791.99999994, bChange = 0.00117093, totNum = 4
ROUND = 4433, SUM = 8301791.99999998, bChange = 0.00117111, totNum = 4
ROUND = 4434, SUM = 8301791.99999997, bChange = 0.0011713, totNum = 4
ROUND = 4435, SUM = 8301792, bChange = 0.00117148, totNum = 4
ROUND = 4436, SUM = 8301791.99999999, bChange = 0.00117167, totNum = 4
ROUND = 4437, SUM = 8301791.99999998, bChange = 0.00117186, totNum = 4
ROUND = 4438, SUM = 8301791.99999998, bChange = 0.00117204, totNum = 4
ROUND = 4439, SUM = 8301792, bChange = 0.00117223, totNum = 4
ROUND = 4440, SUM = 8301791.99999998, bChange = 0.00117241, totNum = 4
ROUND = 4441, SUM = 8301791.99999998, bChange = 0.0011726, totNum = 4
ROUND = 4442, SUM = 8301791.99999997, bChange = 0.00117278, totNum = 4
ROUND = 4443, SUM = 8301791.99999998, bChange = 0.00117297, totNum = 4
ROUND = 4444, SUM = 8301791.99999999, bChange = 0.00117315, totNum = 4
ROUND = 4445, SUM = 8301791.99999999, bChange = 0.00117334, totNum = 4
ROUND = 4446, SUM = 8301791.99999998, bChange = 0.00117352, totNum = 4
ROUND = 4447, SUM = 8301791.99999998, bChange = 0.00117371, totNum = 4
ROUND = 4448, SUM = 8301791.99999999, bChange = 0.00117389, totNum = 4
ROUND = 4449, SUM = 8301792, bChange = 0.00117408, totNum = 4
ROUND = 4450, SUM = 8301791.99999999, bChange = 0.00117426, totNum = 4
ROUND = 4451, SUM = 8301791.99999999, bChange = 0.00117445, totNum = 4
ROUND = 4452, SUM = 8301791.99999998, bChange = 0.00117463, totNum = 4
ROUND = 4453, SUM = 8301791.99999999, bChange = 0.00117481, totNum = 4
ROUND = 4454, SUM = 8301791.99999999, bChange = 0.001175, totNum = 4
ROUND = 4455, SUM = 8301791.99999997, bChange = 0.00117518, totNum = 4
ROUND = 4456, SUM = 8301791.99999998, bChange = 0.00117537, totNum = 4
ROUND = 4457, SUM = 8301791.99999998, bChange = 0.00117555, totNum = 4
ROUND = 4458, SUM = 8301791.99999999, bChange = 0.00117574, totNum = 4
ROUND = 4459, SUM = 8301791.99999999, bChange = 0.00117592, totNum = 4
ROUND = 4460, SUM = 8301791.99999999, bChange = 0.00117611, totNum = 4
ROUND = 4461, SUM = 8301791.99999998, bChange = 0.00117629, totNum = 4
ROUND = 4462, SUM = 8301791.99999999, bChange = 0.00117648, totNum = 4
ROUND = 4463, SUM = 8301791.99999999, bChange = 0.00117666, totNum = 4
ROUND = 4464, SUM = 8301791.99999998, bChange = 0.00117684, totNum = 4
ROUND = 4465, SUM = 8301791.99999997, bChange = 0.00117703, totNum = 4
ROUND = 4466, SUM = 8301791.99999999, bChange = 0.00117721, totNum = 4
ROUND = 4467, SUM = 8301791.99999999, bChange = 0.0011774, totNum = 4
ROUND = 4468, SUM = 8301791.99999996, bChange = 0.00117758, totNum = 4
ROUND = 4469, SUM = 8301791.99999996, bChange = 0.00117776, totNum = 4
ROUND = 4470, SUM = 8301792.00000001, bChange = 0.00117795, totNum = 4
ROUND = 4471, SUM = 8301791.99999999, bChange = 0.00117813, totNum = 4
ROUND = 4472, SUM = 8301791.99999999, bChange = 0.00117832, totNum = 4
ROUND = 4473, SUM = 8301791.99999998, bChange = 0.0011785, totNum = 4
ROUND = 4474, SUM = 8301791.99999996, bChange = 0.00117868, totNum = 4
ROUND = 4475, SUM = 8301792.00000001, bChange = 0.00117887, totNum = 4
ROUND = 4476, SUM = 8301791.99999999, bChange = 0.00117905, totNum = 4
ROUND = 4477, SUM = 8301791.99999999, bChange = 0.00117924, totNum = 4
ROUND = 4478, SUM = 8301791.99999999, bChange = 0.00117942, totNum = 4
ROUND = 4479, SUM = 8301792, bChange = 0.0011796, totNum = 4
ROUND = 4480, SUM = 8301791.99999998, bChange = 0.00117979, totNum = 4
ROUND = 4481, SUM = 8301791.99999999, bChange = 0.00117997, totNum = 4
ROUND = 4482, SUM = 8301791.99999996, bChange = 0.00118015, totNum = 4
ROUND = 4483, SUM = 8301791.99999997, bChange = 0.00118034, totNum = 4
ROUND = 4484, SUM = 8301791.99999998, bChange = 0.00118052, totNum = 4
ROUND = 4485, SUM = 8301791.99999999, bChange = 0.0011807, totNum = 4
ROUND = 4486, SUM = 8301791.99999998, bChange = 0.00118089, totNum = 4
ROUND = 4487, SUM = 8301791.99999999, bChange = 0.00118107, totNum = 4
ROUND = 4488, SUM = 8301792, bChange = 0.00118125, totNum = 4
ROUND = 4489, SUM = 8301791.99999999, bChange = 0.00118144, totNum = 4
ROUND = 4490, SUM = 8301791.99999999, bChange = 0.00118162, totNum = 4
ROUND = 4491, SUM = 8301792, bChange = 0.0011818, totNum = 4
ROUND = 4492, SUM = 8301791.99999999, bChange = 0.00118199, totNum = 4
ROUND = 4493, SUM = 8301791.99999998, bChange = 0.00118217, totNum = 4
ROUND = 4494, SUM = 8301791.99999999, bChange = 0.00118235, totNum = 4
ROUND = 4495, SUM = 8301791.99999997, bChange = 0.00118254, totNum = 4
ROUND = 4496, SUM = 8301792, bChange = 0.00118272, totNum = 4
ROUND = 4497, SUM = 8301791.99999996, bChange = 0.0011829, totNum = 4
ROUND = 4498, SUM = 8301792, bChange = 0.00118309, totNum = 4
ROUND = 4499, SUM = 8301791.99999999, bChange = 0.00118327, totNum = 4
ROUND = 4500, SUM = 8301791.99999998, bChange = 0.00118345, totNum = 4
ROUND = 4501, SUM = 8301792.00000001, bChange = 0.00118363, totNum = 4
ROUND = 4502, SUM = 8301792, bChange = 0.00118382, totNum = 4
ROUND = 4503, SUM = 8301792, bChange = 0.001184, totNum = 4
ROUND = 4504, SUM = 8301791.99999998, bChange = 0.00118418, totNum = 4
ROUND = 4505, SUM = 8301792.00000001, bChange = 0.00118437, totNum = 4
ROUND = 4506, SUM = 8301791.99999998, bChange = 0.00118455, totNum = 4
ROUND = 4507, SUM = 8301791.99999999, bChange = 0.00118473, totNum = 4
ROUND = 4508, SUM = 8301792.00000001, bChange = 0.00118491, totNum = 4
ROUND = 4509, SUM = 8301791.99999999, bChange = 0.0011851, totNum = 4
ROUND = 4510, SUM = 8301791.99999999, bChange = 0.00118528, totNum = 4
ROUND = 4511, SUM = 8301792, bChange = 0.00118546, totNum = 4
ROUND = 4512, SUM = 8301791.99999999, bChange = 0.00118564, totNum = 4
ROUND = 4513, SUM = 8301791.99999999, bChange = 0.00118583, totNum = 4
ROUND = 4514, SUM = 8301791.99999998, bChange = 0.00118601, totNum = 4
ROUND = 4515, SUM = 8301791.99999998, bChange = 0.00118619, totNum = 4
ROUND = 4516, SUM = 8301792, bChange = 0.00118637, totNum = 4
ROUND = 4517, SUM = 8301791.99999999, bChange = 0.00118655, totNum = 4
ROUND = 4518, SUM = 8301791.99999999, bChange = 0.00118674, totNum = 4
ROUND = 4519, SUM = 8301791.99999998, bChange = 0.00118692, totNum = 4
ROUND = 4520, SUM = 8301791.99999999, bChange = 0.0011871, totNum = 4
ROUND = 4521, SUM = 8301792, bChange = 0.00118728, totNum = 4
ROUND = 4522, SUM = 8301791.99999997, bChange = 0.00118747, totNum = 4
ROUND = 4523, SUM = 8301792, bChange = 0.00118765, totNum = 4
ROUND = 4524, SUM = 8301791.99999998, bChange = 0.00118783, totNum = 4
ROUND = 4525, SUM = 8301791.99999999, bChange = 0.00118801, totNum = 4
ROUND = 4526, SUM = 8301791.99999999, bChange = 0.00118819, totNum = 4
ROUND = 4527, SUM = 8301791.99999998, bChange = 0.00118837, totNum = 4
ROUND = 4528, SUM = 8301791.99999996, bChange = 0.00118856, totNum = 4
ROUND = 4529, SUM = 8301791.99999999, bChange = 0.00118874, totNum = 4
ROUND = 4530, SUM = 8301791.99999998, bChange = 0.00118892, totNum = 4
ROUND = 4531, SUM = 8301791.99999998, bChange = 0.0011891, totNum = 4
ROUND = 4532, SUM = 8301791.99999999, bChange = 0.00118928, totNum = 4
ROUND = 4533, SUM = 8301791.99999999, bChange = 0.00118946, totNum = 4
ROUND = 4534, SUM = 8301791.99999998, bChange = 0.00118965, totNum = 4
ROUND = 4535, SUM = 8301791.99999998, bChange = 0.00118983, totNum = 4
ROUND = 4536, SUM = 8301792, bChange = 0.00119001, totNum = 4
ROUND = 4537, SUM = 8301791.99999999, bChange = 0.00119019, totNum = 4
ROUND = 4538, SUM = 8301792, bChange = 0.00119037, totNum = 4
ROUND = 4539, SUM = 8301792.00000001, bChange = 0.00119055, totNum = 4
ROUND = 4540, SUM = 8301791.99999998, bChange = 0.00119073, totNum = 4
ROUND = 4541, SUM = 8301791.99999999, bChange = 0.00119092, totNum = 4
ROUND = 4542, SUM = 8301791.99999999, bChange = 0.0011911, totNum = 4
ROUND = 4543, SUM = 8301791.99999999, bChange = 0.00119128, totNum = 4
ROUND = 4544, SUM = 8301791.99999996, bChange = 0.00119146, totNum = 4
ROUND = 4545, SUM = 8301791.99999999, bChange = 0.00119164, totNum = 4
ROUND = 4546, SUM = 8301792, bChange = 0.00119182, totNum = 4
ROUND = 4547, SUM = 8301792, bChange = 0.001192, totNum = 4
ROUND = 4548, SUM = 8301792.00000002, bChange = 0.00119218, totNum = 4
ROUND = 4549, SUM = 8301792, bChange = 0.00119236, totNum = 4
ROUND = 4550, SUM = 8301791.99999998, bChange = 0.00119254, totNum = 4
ROUND = 4551, SUM = 8301791.99999999, bChange = 0.00119273, totNum = 4
ROUND = 4552, SUM = 8301791.99999998, bChange = 0.00119291, totNum = 4
ROUND = 4553, SUM = 8301791.99999998, bChange = 0.00119309, totNum = 4
ROUND = 4554, SUM = 8301792.00000001, bChange = 0.00119327, totNum = 4
ROUND = 4555, SUM = 8301791.99999999, bChange = 0.00119345, totNum = 4
ROUND = 4556, SUM = 8301792.00000001, bChange = 0.00119363, totNum = 4
ROUND = 4557, SUM = 8301792, bChange = 0.00119381, totNum = 4
ROUND = 4558, SUM = 8301791.99999998, bChange = 0.00119399, totNum = 4
ROUND = 4559, SUM = 8301791.99999999, bChange = 0.00119417, totNum = 4
ROUND = 4560, SUM = 8301792, bChange = 0.00119435, totNum = 4
ROUND = 4561, SUM = 8301791.99999997, bChange = 0.00119453, totNum = 4
ROUND = 4562, SUM = 8301791.99999998, bChange = 0.00119471, totNum = 4
ROUND = 4563, SUM = 8301791.99999999, bChange = 0.00119489, totNum = 4
ROUND = 4564, SUM = 8301791.99999998, bChange = 0.00119507, totNum = 4
ROUND = 4565, SUM = 8301791.99999999, bChange = 0.00119525, totNum = 4
ROUND = 4566, SUM = 8301792, bChange = 0.00119543, totNum = 4
ROUND = 4567, SUM = 8301791.99999999, bChange = 0.00119561, totNum = 4
ROUND = 4568, SUM = 8301792, bChange = 0.00119579, totNum = 4
ROUND = 4569, SUM = 8301792, bChange = 0.00119597, totNum = 4
ROUND = 4570, SUM = 8301791.99999998, bChange = 0.00119615, totNum = 4
ROUND = 4571, SUM = 8301791.99999998, bChange = 0.00119633, totNum = 4
ROUND = 4572, SUM = 8301791.99999999, bChange = 0.00119651, totNum = 4
ROUND = 4573, SUM = 8301791.99999997, bChange = 0.00119669, totNum = 4
ROUND = 4574, SUM = 8301791.99999999, bChange = 0.00119687, totNum = 4
ROUND = 4575, SUM = 8301791.99999999, bChange = 0.00119705, totNum = 4
ROUND = 4576, SUM = 8301791.99999998, bChange = 0.00119723, totNum = 4
ROUND = 4577, SUM = 8301791.99999998, bChange = 0.00119741, totNum = 4
ROUND = 4578, SUM = 8301791.99999999, bChange = 0.00119759, totNum = 4
ROUND = 4579, SUM = 8301791.99999997, bChange = 0.00119777, totNum = 4
ROUND = 4580, SUM = 8301791.99999999, bChange = 0.00119795, totNum = 4
ROUND = 4581, SUM = 8301791.99999998, bChange = 0.00119813, totNum = 4
ROUND = 4582, SUM = 8301791.99999999, bChange = 0.00119831, totNum = 4
ROUND = 4583, SUM = 8301791.99999997, bChange = 0.00119849, totNum = 4
ROUND = 4584, SUM = 8301791.99999997, bChange = 0.00119867, totNum = 4
ROUND = 4585, SUM = 8301791.99999997, bChange = 0.00119885, totNum = 4
ROUND = 4586, SUM = 8301791.99999997, bChange = 0.00119903, totNum = 4
ROUND = 4587, SUM = 8301791.99999999, bChange = 0.0011992, totNum = 4
ROUND = 4588, SUM = 8301791.99999998, bChange = 0.00119938, totNum = 4
ROUND = 4589, SUM = 8301791.99999998, bChange = 0.00119956, totNum = 4
ROUND = 4590, SUM = 8301791.99999999, bChange = 0.00119974, totNum = 4
ROUND = 4591, SUM = 8301791.99999996, bChange = 0.00119992, totNum = 4
ROUND = 4592, SUM = 8301791.99999999, bChange = 0.0012001, totNum = 4
ROUND = 4593, SUM = 8301791.99999998, bChange = 0.00120028, totNum = 4
ROUND = 4594, SUM = 8301791.99999997, bChange = 0.00120046, totNum = 4
ROUND = 4595, SUM = 8301792.00000002, bChange = 0.00120064, totNum = 4
ROUND = 4596, SUM = 8301791.99999998, bChange = 0.00120082, totNum = 4
ROUND = 4597, SUM = 8301792.00000001, bChange = 0.00120099, totNum = 4
ROUND = 4598, SUM = 8301791.99999999, bChange = 0.00120117, totNum = 4
ROUND = 4599, SUM = 8301791.99999997, bChange = 0.00120135, totNum = 4
ROUND = 4600, SUM = 8301791.99999999, bChange = 0.00120153, totNum = 4
ROUND = 4601, SUM = 8301791.99999999, bChange = 0.00120171, totNum = 4
ROUND = 4602, SUM = 8301792.00000001, bChange = 0.00120189, totNum = 4
ROUND = 4603, SUM = 8301791.99999999, bChange = 0.00120207, totNum = 4
ROUND = 4604, SUM = 8301792.00000001, bChange = 0.00120224, totNum = 4
ROUND = 4605, SUM = 8301791.99999998, bChange = 0.00120242, totNum = 4
ROUND = 4606, SUM = 8301791.99999999, bChange = 0.0012026, totNum = 4
ROUND = 4607, SUM = 8301792.00000002, bChange = 0.00120278, totNum = 4
ROUND = 4608, SUM = 8301791.99999999, bChange = 0.00120296, totNum = 4
ROUND = 4609, SUM = 8301791.99999999, bChange = 0.00120314, totNum = 4
ROUND = 4610, SUM = 8301791.99999998, bChange = 0.00120331, totNum = 4
ROUND = 4611, SUM = 8301792.00000001, bChange = 0.00120349, totNum = 4
ROUND = 4612, SUM = 8301791.99999999, bChange = 0.00120367, totNum = 4
ROUND = 4613, SUM = 8301791.99999999, bChange = 0.00120385, totNum = 4
ROUND = 4614, SUM = 8301792, bChange = 0.00120403, totNum = 4
ROUND = 4615, SUM = 8301791.99999999, bChange = 0.0012042, totNum = 4
ROUND = 4616, SUM = 8301791.99999996, bChange = 0.00120438, totNum = 4
ROUND = 4617, SUM = 8301792, bChange = 0.00120456, totNum = 4
ROUND = 4618, SUM = 8301791.99999999, bChange = 0.00120474, totNum = 4
ROUND = 4619, SUM = 8301791.99999998, bChange = 0.00120491, totNum = 4
ROUND = 4620, SUM = 8301791.99999998, bChange = 0.00120509, totNum = 4
ROUND = 4621, SUM = 8301791.99999997, bChange = 0.00120527, totNum = 4
ROUND = 4622, SUM = 8301791.99999998, bChange = 0.00120545, totNum = 4
ROUND = 4623, SUM = 8301792, bChange = 0.00120562, totNum = 4
ROUND = 4624, SUM = 8301791.99999999, bChange = 0.0012058, totNum = 4
ROUND = 4625, SUM = 8301791.99999999, bChange = 0.00120598, totNum = 4
ROUND = 4626, SUM = 8301792, bChange = 0.00120616, totNum = 4
ROUND = 4627, SUM = 8301791.99999999, bChange = 0.00120633, totNum = 4
ROUND = 4628, SUM = 8301792, bChange = 0.00120651, totNum = 4
ROUND = 4629, SUM = 8301792.00000001, bChange = 0.00120669, totNum = 4
ROUND = 4630, SUM = 8301791.99999999, bChange = 0.00120687, totNum = 4
ROUND = 4631, SUM = 8301792, bChange = 0.00120704, totNum = 4
ROUND = 4632, SUM = 8301791.99999998, bChange = 0.00120722, totNum = 4
ROUND = 4633, SUM = 8301791.99999999, bChange = 0.0012074, totNum = 4
ROUND = 4634, SUM = 8301792, bChange = 0.00120757, totNum = 4
ROUND = 4635, SUM = 8301791.99999998, bChange = 0.00120775, totNum = 4
ROUND = 4636, SUM = 8301791.99999998, bChange = 0.00120793, totNum = 4
ROUND = 4637, SUM = 8301792.00000001, bChange = 0.00120811, totNum = 4
ROUND = 4638, SUM = 8301791.99999998, bChange = 0.00120828, totNum = 4
ROUND = 4639, SUM = 8301791.99999999, bChange = 0.00120846, totNum = 4
ROUND = 4640, SUM = 8301791.99999999, bChange = 0.00120864, totNum = 4
ROUND = 4641, SUM = 8301791.99999997, bChange = 0.00120881, totNum = 4
ROUND = 4642, SUM = 8301791.99999998, bChange = 0.00120899, totNum = 4
ROUND = 4643, SUM = 8301791.99999999, bChange = 0.00120917, totNum = 4
ROUND = 4644, SUM = 8301791.99999999, bChange = 0.00120934, totNum = 4
ROUND = 4645, SUM = 8301792, bChange = 0.00120952, totNum = 4
ROUND = 4646, SUM = 8301791.99999999, bChange = 0.0012097, totNum = 4
ROUND = 4647, SUM = 8301791.99999997, bChange = 0.00120987, totNum = 4
ROUND = 4648, SUM = 8301791.99999998, bChange = 0.00121005, totNum = 4
ROUND = 4649, SUM = 8301792, bChange = 0.00121022, totNum = 4
ROUND = 4650, SUM = 8301791.99999999, bChange = 0.0012104, totNum = 4
ROUND = 4651, SUM = 8301791.99999999, bChange = 0.00121058, totNum = 4
ROUND = 4652, SUM = 8301792.00000001, bChange = 0.00121075, totNum = 4
ROUND = 4653, SUM = 8301792, bChange = 0.00121093, totNum = 4
ROUND = 4654, SUM = 8301791.99999998, bChange = 0.0012111, totNum = 4
ROUND = 4655, SUM = 8301791.99999999, bChange = 0.00121128, totNum = 4
ROUND = 4656, SUM = 8301791.99999998, bChange = 0.00121146, totNum = 4
ROUND = 4657, SUM = 8301792, bChange = 0.00121163, totNum = 4
ROUND = 4658, SUM = 8301791.99999997, bChange = 0.00121181, totNum = 4
ROUND = 4659, SUM = 8301791.99999999, bChange = 0.00121198, totNum = 4
ROUND = 4660, SUM = 8301791.99999999, bChange = 0.00121216, totNum = 4
ROUND = 4661, SUM = 8301791.99999999, bChange = 0.00121234, totNum = 4
ROUND = 4662, SUM = 8301791.99999996, bChange = 0.00121251, totNum = 4
ROUND = 4663, SUM = 8301792, bChange = 0.00121269, totNum = 4
ROUND = 4664, SUM = 8301791.99999999, bChange = 0.00121286, totNum = 4
ROUND = 4665, SUM = 8301791.99999999, bChange = 0.00121304, totNum = 4
ROUND = 4666, SUM = 8301791.99999999, bChange = 0.00121321, totNum = 4
ROUND = 4667, SUM = 8301792.00000001, bChange = 0.00121339, totNum = 4
ROUND = 4668, SUM = 8301791.99999997, bChange = 0.00121356, totNum = 4
ROUND = 4669, SUM = 8301791.99999997, bChange = 0.00121374, totNum = 4
ROUND = 4670, SUM = 8301791.99999998, bChange = 0.00121391, totNum = 4
ROUND = 4671, SUM = 8301791.99999998, bChange = 0.00121409, totNum = 4
ROUND = 4672, SUM = 8301791.99999997, bChange = 0.00121427, totNum = 4
ROUND = 4673, SUM = 8301791.99999999, bChange = 0.00121444, totNum = 4
ROUND = 4674, SUM = 8301791.99999997, bChange = 0.00121462, totNum = 4
ROUND = 4675, SUM = 8301791.99999997, bChange = 0.00121479, totNum = 4
ROUND = 4676, SUM = 8301791.99999999, bChange = 0.00121497, totNum = 4
ROUND = 4677, SUM = 8301791.99999998, bChange = 0.00121514, totNum = 4
ROUND = 4678, SUM = 8301791.99999999, bChange = 0.00121532, totNum = 4
ROUND = 4679, SUM = 8301791.99999999, bChange = 0.00121549, totNum = 4
ROUND = 4680, SUM = 8301791.99999997, bChange = 0.00121566, totNum = 4
ROUND = 4681, SUM = 8301791.99999997, bChange = 0.00121584, totNum = 4
ROUND = 4682, SUM = 8301792, bChange = 0.00121601, totNum = 4
ROUND = 4683, SUM = 8301792.00000001, bChange = 0.00121619, totNum = 4
ROUND = 4684, SUM = 8301791.99999999, bChange = 0.00121636, totNum = 4
ROUND = 4685, SUM = 8301791.99999999, bChange = 0.00121654, totNum = 4
ROUND = 4686, SUM = 8301791.99999999, bChange = 0.00121671, totNum = 4
ROUND = 4687, SUM = 8301791.99999998, bChange = 0.00121689, totNum = 4
ROUND = 4688, SUM = 8301791.99999997, bChange = 0.00121706, totNum = 4
ROUND = 4689, SUM = 8301791.99999999, bChange = 0.00121724, totNum = 4
ROUND = 4690, SUM = 8301791.99999998, bChange = 0.00121741, totNum = 4
ROUND = 4691, SUM = 8301791.99999998, bChange = 0.00121758, totNum = 4
ROUND = 4692, SUM = 8301791.99999999, bChange = 0.00121776, totNum = 4
ROUND = 4693, SUM = 8301791.99999999, bChange = 0.00121793, totNum = 4
ROUND = 4694, SUM = 8301791.99999999, bChange = 0.00121811, totNum = 4
ROUND = 4695, SUM = 8301791.99999997, bChange = 0.00121828, totNum = 4
ROUND = 4696, SUM = 8301791.99999997, bChange = 0.00121845, totNum = 4
ROUND = 4697, SUM = 8301791.99999999, bChange = 0.00121863, totNum = 4
ROUND = 4698, SUM = 8301791.99999997, bChange = 0.0012188, totNum = 4
ROUND = 4699, SUM = 8301791.99999997, bChange = 0.00121898, totNum = 4
ROUND = 4700, SUM = 8301791.99999998, bChange = 0.00121915, totNum = 4
ROUND = 4701, SUM = 8301791.99999994, bChange = 0.00121932, totNum = 4
ROUND = 4702, SUM = 8301791.99999999, bChange = 0.0012195, totNum = 4
ROUND = 4703, SUM = 8301791.99999999, bChange = 0.00121967, totNum = 4
ROUND = 4704, SUM = 8301791.99999998, bChange = 0.00121984, totNum = 4
ROUND = 4705, SUM = 8301791.99999997, bChange = 0.00122002, totNum = 4
ROUND = 4706, SUM = 8301791.99999997, bChange = 0.00122019, totNum = 4
ROUND = 4707, SUM = 8301791.99999999, bChange = 0.00122036, totNum = 4
ROUND = 4708, SUM = 8301791.99999999, bChange = 0.00122054, totNum = 4
ROUND = 4709, SUM = 8301791.99999995, bChange = 0.00122071, totNum = 4
ROUND = 4710, SUM = 8301791.99999998, bChange = 0.00122088, totNum = 4
ROUND = 4711, SUM = 8301791.99999998, bChange = 0.00122106, totNum = 4
ROUND = 4712, SUM = 8301791.99999999, bChange = 0.00122123, totNum = 4
ROUND = 4713, SUM = 8301791.99999997, bChange = 0.0012214, totNum = 4
ROUND = 4714, SUM = 8301791.99999999, bChange = 0.00122158, totNum = 4
ROUND = 4715, SUM = 8301791.99999999, bChange = 0.00122175, totNum = 4
ROUND = 4716, SUM = 8301791.99999997, bChange = 0.00122192, totNum = 4
ROUND = 4717, SUM = 8301791.99999998, bChange = 0.00122209, totNum = 4
ROUND = 4718, SUM = 8301791.99999997, bChange = 0.00122227, totNum = 4
ROUND = 4719, SUM = 8301791.99999998, bChange = 0.00122244, totNum = 4
ROUND = 4720, SUM = 8301792, bChange = 0.00122261, totNum = 4
ROUND = 4721, SUM = 8301791.99999999, bChange = 0.00122278, totNum = 4
ROUND = 4722, SUM = 8301792, bChange = 0.00113864, totNum = 3
ROUND = 4723, SUM = 8301791.99999999, bChange = 0.00113864, totNum = 3
ROUND = 4724, SUM = 8301791.99999998, bChange = 0.00113863, totNum = 3
ROUND = 4725, SUM = 8301792, bChange = 0.00113863, totNum = 3
ROUND = 4726, SUM = 8301792, bChange = 0.00113863, totNum = 3
ROUND = 4727, SUM = 8301791.99999998, bChange = 0.00113863, totNum = 3
ROUND = 4728, SUM = 8301792, bChange = 0.00113863, totNum = 3
ROUND = 4729, SUM = 8301792, bChange = 0.00113863, totNum = 3
ROUND = 4730, SUM = 8301792, bChange = 0.00113862, totNum = 3
ROUND = 4731, SUM = 8301791.99999999, bChange = 0.00113862, totNum = 3
ROUND = 4732, SUM = 8301791.99999999, bChange = 0.00113862, totNum = 3
ROUND = 4733, SUM = 8301792, bChange = 0.00113862, totNum = 3
ROUND = 4734, SUM = 8301791.99999998, bChange = 0.00113862, totNum = 3
ROUND = 4735, SUM = 8301791.99999999, bChange = 0.00113862, totNum = 3
ROUND = 4736, SUM = 8301791.99999998, bChange = 0.00113861, totNum = 3
ROUND = 4737, SUM = 8301791.99999999, bChange = 0.00113861, totNum = 3
ROUND = 4738, SUM = 8301792, bChange = 0.00113861, totNum = 3
ROUND = 4739, SUM = 8301791.99999997, bChange = 0.00113861, totNum = 3
ROUND = 4740, SUM = 8301791.99999997, bChange = 0.00113861, totNum = 3
ROUND = 4741, SUM = 8301791.99999999, bChange = 0.00113861, totNum = 3
ROUND = 4742, SUM = 8301792.00000001, bChange = 0.00113861, totNum = 3
ROUND = 4743, SUM = 8301791.99999999, bChange = 0.0011386, totNum = 3
ROUND = 4744, SUM = 8301791.99999999, bChange = 0.0011386, totNum = 3
ROUND = 4745, SUM = 8301791.99999998, bChange = 0.0011386, totNum = 3
ROUND = 4746, SUM = 8301791.99999998, bChange = 0.0011386, totNum = 3
ROUND = 4747, SUM = 8301791.99999999, bChange = 0.0011386, totNum = 3
ROUND = 4748, SUM = 8301791.99999998, bChange = 0.0011386, totNum = 3
ROUND = 4749, SUM = 8301791.99999998, bChange = 0.00113859, totNum = 3
ROUND = 4750, SUM = 8301791.99999998, bChange = 0.00113859, totNum = 3
ROUND = 4751, SUM = 8301791.99999998, bChange = 0.00113859, totNum = 3
ROUND = 4752, SUM = 8301792, bChange = 0.00113859, totNum = 3
ROUND = 4753, SUM = 8301791.99999999, bChange = 0.00113859, totNum = 3
ROUND = 4754, SUM = 8301791.99999999, bChange = 0.00113859, totNum = 3
ROUND = 4755, SUM = 8301791.99999999, bChange = 0.00113858, totNum = 3
ROUND = 4756, SUM = 8301791.99999999, bChange = 0.00113858, totNum = 3
ROUND = 4757, SUM = 8301791.99999998, bChange = 0.00113858, totNum = 3
ROUND = 4758, SUM = 8301791.99999999, bChange = 0.00113858, totNum = 3
ROUND = 4759, SUM = 8301791.99999999, bChange = 0.00113858, totNum = 3
ROUND = 4760, SUM = 8301791.99999998, bChange = 0.00113858, totNum = 3
ROUND = 4761, SUM = 8301792, bChange = 0.00113858, totNum = 3
ROUND = 4762, SUM = 8301791.99999999, bChange = 0.00113857, totNum = 3
ROUND = 4763, SUM = 8301791.99999999, bChange = 0.00113857, totNum = 3
ROUND = 4764, SUM = 8301792, bChange = 0.00113857, totNum = 3
ROUND = 4765, SUM = 8301791.99999999, bChange = 0.00113857, totNum = 3
ROUND = 4766, SUM = 8301792, bChange = 0.00113857, totNum = 3
ROUND = 4767, SUM = 8301792.00000001, bChange = 0.00113857, totNum = 3
ROUND = 4768, SUM = 8301792, bChange = 0.00113856, totNum = 3
ROUND = 4769, SUM = 8301792, bChange = 0.00113856, totNum = 3
ROUND = 4770, SUM = 8301791.99999998, bChange = 0.00113856, totNum = 3
ROUND = 4771, SUM = 8301792.00000001, bChange = 0.00113856, totNum = 3
ROUND = 4772, SUM = 8301791.99999999, bChange = 0.00113856, totNum = 3
ROUND = 4773, SUM = 8301792.00000001, bChange = 0.00113856, totNum = 3
ROUND = 4774, SUM = 8301791.99999998, bChange = 0.00113856, totNum = 3
ROUND = 4775, SUM = 8301791.99999998, bChange = 0.00113855, totNum = 3
ROUND = 4776, SUM = 8301791.99999999, bChange = 0.00113855, totNum = 3
ROUND = 4777, SUM = 8301791.99999998, bChange = 0.00113855, totNum = 3
ROUND = 4778, SUM = 8301792.00000001, bChange = 0.00113855, totNum = 3
ROUND = 4779, SUM = 8301792, bChange = 0.00113855, totNum = 3
ROUND = 4780, SUM = 8301792, bChange = 0.00113855, totNum = 3
ROUND = 4781, SUM = 8301791.99999997, bChange = 0.00113855, totNum = 3
ROUND = 4782, SUM = 8301791.99999997, bChange = 0.00113854, totNum = 3
ROUND = 4783, SUM = 8301791.99999999, bChange = 0.00113854, totNum = 3
ROUND = 4784, SUM = 8301792.00000001, bChange = 0.00113854, totNum = 3
ROUND = 4785, SUM = 8301791.99999998, bChange = 0.00113854, totNum = 3
ROUND = 4786, SUM = 8301792, bChange = 0.00113854, totNum = 3
ROUND = 4787, SUM = 8301791.99999999, bChange = 0.00113854, totNum = 3
ROUND = 4788, SUM = 8301791.99999999, bChange = 0.00113853, totNum = 3
ROUND = 4789, SUM = 8301791.99999999, bChange = 0.00113853, totNum = 3
ROUND = 4790, SUM = 8301792, bChange = 0.00113853, totNum = 3
ROUND = 4791, SUM = 8301792, bChange = 0.00113853, totNum = 3
ROUND = 4792, SUM = 8301791.99999997, bChange = 0.00113853, totNum = 3
ROUND = 4793, SUM = 8301791.99999997, bChange = 0.00113853, totNum = 3
ROUND = 4794, SUM = 8301791.99999998, bChange = 0.00113853, totNum = 3
ROUND = 4795, SUM = 8301791.99999998, bChange = 0.00113852, totNum = 3
ROUND = 4796, SUM = 8301791.99999998, bChange = 0.00113852, totNum = 3
ROUND = 4797, SUM = 8301792, bChange = 0.00113852, totNum = 3
ROUND = 4798, SUM = 8301791.99999998, bChange = 0.00113852, totNum = 3
ROUND = 4799, SUM = 8301791.99999998, bChange = 0.00113852, totNum = 3
ROUND = 4800, SUM = 8301791.99999999, bChange = 0.00113852, totNum = 3
ROUND = 4801, SUM = 8301792, bChange = 0.00113852, totNum = 3
ROUND = 4802, SUM = 8301792.00000001, bChange = 0.00113851, totNum = 3
ROUND = 4803, SUM = 8301792, bChange = 0.00113851, totNum = 3
ROUND = 4804, SUM = 8301792.00000001, bChange = 0.00113851, totNum = 3
ROUND = 4805, SUM = 8301791.99999998, bChange = 0.00113851, totNum = 3
ROUND = 4806, SUM = 8301791.99999999, bChange = 0.00113851, totNum = 3
ROUND = 4807, SUM = 8301792.00000001, bChange = 0.00113851, totNum = 3
ROUND = 4808, SUM = 8301791.99999999, bChange = 0.00113851, totNum = 3
ROUND = 4809, SUM = 8301792.00000001, bChange = 0.0011385, totNum = 3
ROUND = 4810, SUM = 8301792, bChange = 0.0011385, totNum = 3
ROUND = 4811, SUM = 8301792, bChange = 0.0011385, totNum = 3
ROUND = 4812, SUM = 8301792, bChange = 0.0011385, totNum = 3
ROUND = 4813, SUM = 8301792, bChange = 0.0011385, totNum = 3
ROUND = 4814, SUM = 8301792, bChange = 0.0011385, totNum = 3
ROUND = 4815, SUM = 8301791.99999998, bChange = 0.00113849, totNum = 3
ROUND = 4816, SUM = 8301792.00000001, bChange = 0.00113849, totNum = 2
ROUND = 4817, SUM = 8301791.99999999, bChange = 0.00113849, totNum = 2
ROUND = 4818, SUM = 8301791.99999999, bChange = 0.00113849, totNum = 2
ROUND = 4819, SUM = 8301791.99999999, bChange = 0.00113849, totNum = 2
ROUND = 4820, SUM = 8301791.99999999, bChange = 0.00113849, totNum = 2
ROUND = 4821, SUM = 8301792, bChange = 0.00113849, totNum = 2
ROUND = 4822, SUM = 8301791.99999999, bChange = 0.00113848, totNum = 2
ROUND = 4823, SUM = 8301792, bChange = 0.00113848, totNum = 2
ROUND = 4824, SUM = 8301792, bChange = 0.00113848, totNum = 2
ROUND = 4825, SUM = 8301792, bChange = 0.00113848, totNum = 2
ROUND = 4826, SUM = 8301791.99999999, bChange = 0.00113848, totNum = 2
ROUND = 4827, SUM = 8301791.99999999, bChange = 0.00113848, totNum = 2
ROUND = 4828, SUM = 8301791.99999998, bChange = 0.00113848, totNum = 2
ROUND = 4829, SUM = 8301792, bChange = 0.00113847, totNum = 2
ROUND = 4830, SUM = 8301791.99999998, bChange = 0.00113847, totNum = 2
ROUND = 4831, SUM = 8301791.99999998, bChange = 0.00113847, totNum = 2
ROUND = 4832, SUM = 8301791.99999998, bChange = 0.00113847, totNum = 2
ROUND = 4833, SUM = 8301791.99999998, bChange = 0.00113847, totNum = 2
ROUND = 4834, SUM = 8301791.99999999, bChange = 0.00113847, totNum = 2
ROUND = 4835, SUM = 8301791.99999997, bChange = 0.00113847, totNum = 2
ROUND = 4836, SUM = 8301791.99999996, bChange = 0.00113846, totNum = 2
ROUND = 4837, SUM = 8301792, bChange = 0.00113846, totNum = 2
ROUND = 4838, SUM = 8301791.99999998, bChange = 0.00113846, totNum = 2
ROUND = 4839, SUM = 8301791.99999999, bChange = 0.00113846, totNum = 2
ROUND = 4840, SUM = 8301791.99999999, bChange = 0.00113846, totNum = 2
ROUND = 4841, SUM = 8301792, bChange = 0.00113846, totNum = 2
ROUND = 4842, SUM = 8301791.99999999, bChange = 0.00113846, totNum = 2
ROUND = 4843, SUM = 8301792, bChange = 0.00113845, totNum = 2
ROUND = 4844, SUM = 8301791.99999997, bChange = 0.00113845, totNum = 2
ROUND = 4845, SUM = 8301791.99999999, bChange = 0.00113845, totNum = 2
ROUND = 4846, SUM = 8301791.99999999, bChange = 0.00113845, totNum = 2
ROUND = 4847, SUM = 8301791.99999998, bChange = 0.00113845, totNum = 2
ROUND = 4848, SUM = 8301792.00000001, bChange = 0.00113845, totNum = 2
ROUND = 4849, SUM = 8301792.00000002, bChange = 0.00113845, totNum = 2
ROUND = 4850, SUM = 8301791.99999999, bChange = 0.00113844, totNum = 2
ROUND = 4851, SUM = 8301791.99999998, bChange = 0.00113844, totNum = 2
ROUND = 4852, SUM = 8301791.99999999, bChange = 0.00113844, totNum = 2
ROUND = 4853, SUM = 8301791.99999999, bChange = 0.00113844, totNum = 2
ROUND = 4854, SUM = 8301791.99999998, bChange = 0.00113844, totNum = 2
ROUND = 4855, SUM = 8301792.00000002, bChange = 0.00113844, totNum = 2
ROUND = 4856, SUM = 8301791.99999999, bChange = 0.00113844, totNum = 2
ROUND = 4857, SUM = 8301791.99999999, bChange = 0.00113844, totNum = 2
ROUND = 4858, SUM = 8301791.99999998, bChange = 0.00113843, totNum = 2
ROUND = 4859, SUM = 8301791.99999998, bChange = 0.00113843, totNum = 2
ROUND = 4860, SUM = 8301791.99999998, bChange = 0.00113843, totNum = 2
ROUND = 4861, SUM = 8301791.99999999, bChange = 0.00113843, totNum = 2
ROUND = 4862, SUM = 8301791.99999999, bChange = 0.00113843, totNum = 2
ROUND = 4863, SUM = 8301791.99999999, bChange = 0.00113843, totNum = 2
ROUND = 4864, SUM = 8301792, bChange = 0.00113843, totNum = 2
ROUND = 4865, SUM = 8301791.99999999, bChange = 0.00113842, totNum = 2
ROUND = 4866, SUM = 8301791.99999999, bChange = 0.00113842, totNum = 2
ROUND = 4867, SUM = 8301791.99999999, bChange = 0.00113842, totNum = 2
ROUND = 4868, SUM = 8301791.99999999, bChange = 0.00113842, totNum = 2
ROUND = 4869, SUM = 8301791.99999998, bChange = 0.00113842, totNum = 2
ROUND = 4870, SUM = 8301791.99999998, bChange = 0.00113842, totNum = 2
ROUND = 4871, SUM = 8301792, bChange = 0.00113842, totNum = 2
ROUND = 4872, SUM = 8301791.99999998, bChange = 0.00113841, totNum = 2
ROUND = 4873, SUM = 8301791.99999998, bChange = 0.00113841, totNum = 2
ROUND = 4874, SUM = 8301791.99999999, bChange = 0.00113841, totNum = 2
ROUND = 4875, SUM = 8301791.99999997, bChange = 0.00113841, totNum = 2
ROUND = 4876, SUM = 8301792, bChange = 0.00113841, totNum = 2
ROUND = 4877, SUM = 8301791.99999999, bChange = 0.00113841, totNum = 2
ROUND = 4878, SUM = 8301791.99999999, bChange = 0.00113841, totNum = 2
ROUND = 4879, SUM = 8301792, bChange = 0.00113841, totNum = 2
ROUND = 4880, SUM = 8301792, bChange = 0.0011384, totNum = 2
ROUND = 4881, SUM = 8301791.99999999, bChange = 0.0011384, totNum = 2
ROUND = 4882, SUM = 8301791.99999999, bChange = 0.0011384, totNum = 2
ROUND = 4883, SUM = 8301792, bChange = 0.0011384, totNum = 2
ROUND = 4884, SUM = 8301791.99999999, bChange = 0.0011384, totNum = 2
ROUND = 4885, SUM = 8301791.99999999, bChange = 0.0011384, totNum = 2
ROUND = 4886, SUM = 8301792.00000001, bChange = 0.0011384, totNum = 2
ROUND = 4887, SUM = 8301791.99999999, bChange = 0.00113839, totNum = 2
ROUND = 4888, SUM = 8301791.99999999, bChange = 0.00113839, totNum = 2
ROUND = 4889, SUM = 8301792, bChange = 0.00113839, totNum = 2
ROUND = 4890, SUM = 8301791.99999999, bChange = 0.00113839, totNum = 2
ROUND = 4891, SUM = 8301792.00000001, bChange = 0.00113839, totNum = 2
ROUND = 4892, SUM = 8301792.00000001, bChange = 0.00113839, totNum = 2
ROUND = 4893, SUM = 8301792.00000001, bChange = 0.00113839, totNum = 2
ROUND = 4894, SUM = 8301792, bChange = 0.00113838, totNum = 2
ROUND = 4895, SUM = 8301791.99999997, bChange = 0.00113838, totNum = 2
ROUND = 4896, SUM = 8301792, bChange = 0.00113838, totNum = 2
ROUND = 4897, SUM = 8301791.99999999, bChange = 0.00113838, totNum = 2
ROUND = 4898, SUM = 8301791.99999998, bChange = 0.00113838, totNum = 2
ROUND = 4899, SUM = 8301791.99999998, bChange = 0.00113838, totNum = 2
ROUND = 4900, SUM = 8301791.99999999, bChange = 0.00113838, totNum = 2
ROUND = 4901, SUM = 8301791.99999998, bChange = 0.00113838, totNum = 2
ROUND = 4902, SUM = 8301791.99999999, bChange = 0.00113837, totNum = 2
ROUND = 4903, SUM = 8301791.99999998, bChange = 0.00113837, totNum = 2
ROUND = 4904, SUM = 8301792.00000001, bChange = 0.00113837, totNum = 2
ROUND = 4905, SUM = 8301791.99999999, bChange = 0.00113837, totNum = 2
ROUND = 4906, SUM = 8301791.99999999, bChange = 0.00113837, totNum = 2
ROUND = 4907, SUM = 8301792.00000002, bChange = 0.00113837, totNum = 2
ROUND = 4908, SUM = 8301791.99999998, bChange = 0.00113837, totNum = 2
ROUND = 4909, SUM = 8301791.99999999, bChange = 0.00113837, totNum = 2
ROUND = 4910, SUM = 8301791.99999999, bChange = 0.00113836, totNum = 2
ROUND = 4911, SUM = 8301792, bChange = 0.00113836, totNum = 2
ROUND = 4912, SUM = 8301791.99999997, bChange = 0.00113836, totNum = 2
ROUND = 4913, SUM = 8301792.00000001, bChange = 0.00113836, totNum = 2
ROUND = 4914, SUM = 8301791.99999999, bChange = 0.00113836, totNum = 2
ROUND = 4915, SUM = 8301791.99999999, bChange = 0.00113836, totNum = 2
ROUND = 4916, SUM = 8301791.99999999, bChange = 0.00113836, totNum = 2
ROUND = 4917, SUM = 8301791.99999998, bChange = 0.00113835, totNum = 2
ROUND = 4918, SUM = 8301792.00000002, bChange = 0.00113835, totNum = 2
ROUND = 4919, SUM = 8301791.99999998, bChange = 0.00113835, totNum = 2
ROUND = 4920, SUM = 8301791.99999999, bChange = 0.00113835, totNum = 2
ROUND = 4921, SUM = 8301791.99999997, bChange = 0.00113835, totNum = 2
ROUND = 4922, SUM = 8301792, bChange = 0.00113835, totNum = 2
ROUND = 4923, SUM = 8301791.99999999, bChange = 0.00113835, totNum = 2
ROUND = 4924, SUM = 8301791.99999999, bChange = 0.00113835, totNum = 2
ROUND = 4925, SUM = 8301791.99999998, bChange = 0.00113834, totNum = 2
ROUND = 4926, SUM = 8301791.99999999, bChange = 0.00113834, totNum = 2
ROUND = 4927, SUM = 8301792.00000002, bChange = 0.00113834, totNum = 2
ROUND = 4928, SUM = 8301792.00000002, bChange = 0.00113834, totNum = 2
ROUND = 4929, SUM = 8301791.99999999, bChange = 0.00113834, totNum = 2
ROUND = 4930, SUM = 8301792.00000001, bChange = 0.00113834, totNum = 2
ROUND = 4931, SUM = 8301792, bChange = 0.00113834, totNum = 2
ROUND = 4932, SUM = 8301791.99999999, bChange = 0.00113834, totNum = 2
ROUND = 4933, SUM = 8301791.99999996, bChange = 0.00113833, totNum = 2
ROUND = 4934, SUM = 8301792, bChange = 0.00113833, totNum = 2
ROUND = 4935, SUM = 8301791.99999999, bChange = 0.00113833, totNum = 2
ROUND = 4936, SUM = 8301792, bChange = 0.00113833, totNum = 2
ROUND = 4937, SUM = 8301791.99999999, bChange = 0.00113833, totNum = 2
ROUND = 4938, SUM = 8301792, bChange = 0.00113833, totNum = 2
ROUND = 4939, SUM = 8301792, bChange = 0.00113833, totNum = 2
ROUND = 4940, SUM = 8301791.99999998, bChange = 0.00113833, totNum = 2
ROUND = 4941, SUM = 8301792, bChange = 0.00113832, totNum = 2
ROUND = 4942, SUM = 8301792.00000001, bChange = 0.00113832, totNum = 2
ROUND = 4943, SUM = 8301792.00000001, bChange = 0.00113832, totNum = 2
ROUND = 4944, SUM = 8301792, bChange = 0.00113832, totNum = 2
ROUND = 4945, SUM = 8301791.99999998, bChange = 0.00113832, totNum = 2
ROUND = 4946, SUM = 8301791.99999998, bChange = 0.00113832, totNum = 2
ROUND = 4947, SUM = 8301791.99999997, bChange = 0.00113832, totNum = 2
ROUND = 4948, SUM = 8301792, bChange = 0.00113832, totNum = 2
ROUND = 4949, SUM = 8301792.00000001, bChange = 0.00113831, totNum = 2
ROUND = 4950, SUM = 8301792.00000001, bChange = 0.00113831, totNum = 2
ROUND = 4951, SUM = 8301791.99999999, bChange = 0.00113831, totNum = 2
ROUND = 4952, SUM = 8301791.99999998, bChange = 0.00113831, totNum = 2
ROUND = 4953, SUM = 8301792, bChange = 0.00113831, totNum = 2
ROUND = 4954, SUM = 8301792, bChange = 0.00113831, totNum = 2
ROUND = 4955, SUM = 8301792.00000001, bChange = 0.00113831, totNum = 2
ROUND = 4956, SUM = 8301792, bChange = 0.00113831, totNum = 2
ROUND = 4957, SUM = 8301792.00000002, bChange = 0.0011383, totNum = 2
ROUND = 4958, SUM = 8301792.00000001, bChange = 0.0011383, totNum = 2
ROUND = 4959, SUM = 8301791.99999998, bChange = 0.0011383, totNum = 2
ROUND = 4960, SUM = 8301792, bChange = 0.0011383, totNum = 2
ROUND = 4961, SUM = 8301792.00000001, bChange = 0.0011383, totNum = 2
ROUND = 4962, SUM = 8301792.00000001, bChange = 0.0011383, totNum = 2
ROUND = 4963, SUM = 8301792, bChange = 0.0011383, totNum = 2
ROUND = 4964, SUM = 8301792, bChange = 0.0011383, totNum = 2
ROUND = 4965, SUM = 8301792, bChange = 0.00113829, totNum = 2
ROUND = 4966, SUM = 8301792.00000001, bChange = 0.00113829, totNum = 2
ROUND = 4967, SUM = 8301791.99999999, bChange = 0.00113829, totNum = 2
ROUND = 4968, SUM = 8301792, bChange = 0.00113829, totNum = 2
ROUND = 4969, SUM = 8301791.99999999, bChange = 0.00113829, totNum = 2
ROUND = 4970, SUM = 8301791.99999999, bChange = 0.00113829, totNum = 2
ROUND = 4971, SUM = 8301791.99999997, bChange = 0.00113829, totNum = 2
ROUND = 4972, SUM = 8301792.00000001, bChange = 0.00113829, totNum = 2
ROUND = 4973, SUM = 8301791.99999999, bChange = 0.00113828, totNum = 2
ROUND = 4974, SUM = 8301792, bChange = 0.00113828, totNum = 2
ROUND = 4975, SUM = 8301791.99999999, bChange = 0.00113828, totNum = 2
ROUND = 4976, SUM = 8301791.99999999, bChange = 0.00113828, totNum = 2
ROUND = 4977, SUM = 8301792.00000002, bChange = 0.00113828, totNum = 2
ROUND = 4978, SUM = 8301792, bChange = 0.00113828, totNum = 2
ROUND = 4979, SUM = 8301792, bChange = 0.00113828, totNum = 2
ROUND = 4980, SUM = 8301792.00000001, bChange = 0.00113828, totNum = 2
ROUND = 4981, SUM = 8301792, bChange = 0.00113827, totNum = 2
ROUND = 4982, SUM = 8301792.00000001, bChange = 0.00113827, totNum = 2
ROUND = 4983, SUM = 8301792.00000001, bChange = 0.00113827, totNum = 2
ROUND = 4984, SUM = 8301791.99999999, bChange = 0.00113827, totNum = 2
ROUND = 4985, SUM = 8301792.00000001, bChange = 0.00113827, totNum = 2
ROUND = 4986, SUM = 8301792.00000001, bChange = 0.00113827, totNum = 2
ROUND = 4987, SUM = 8301791.99999999, bChange = 0.00113827, totNum = 2
ROUND = 4988, SUM = 8301792, bChange = 0.00113827, totNum = 2
ROUND = 4989, SUM = 8301792.00000002, bChange = 0.00113826, totNum = 2
ROUND = 4990, SUM = 8301791.99999999, bChange = 0.00113826, totNum = 2
ROUND = 4991, SUM = 8301791.99999999, bChange = 0.00113826, totNum = 2
ROUND = 4992, SUM = 8301792, bChange = 0.00113826, totNum = 2
ROUND = 4993, SUM = 8301792, bChange = 0.00113826, totNum = 2
ROUND = 4994, SUM = 8301792.00000001, bChange = 0.00113826, totNum = 2
ROUND = 4995, SUM = 8301792, bChange = 0.00113826, totNum = 2
ROUND = 4996, SUM = 8301792, bChange = 0.00113826, totNum = 2
ROUND = 4997, SUM = 8301792, bChange = 0.00113826, totNum = 2
ROUND = 4998, SUM = 8301792.00000001, bChange = 0.00113825, totNum = 2
ROUND = 4999, SUM = 8301792.00000001, bChange = 0.00113825, totNum = 2
ROUND = 5000, SUM = 8301792, bChange = 0.00113825, totNum = 2
ROUND = 5001, SUM = 8301792, bChange = 0.00113825, totNum = 2
ROUND = 5002, SUM = 8301792.00000004, bChange = 0.00113825, totNum = 2
ROUND = 5003, SUM = 8301792.00000001, bChange = 0.00113825, totNum = 2
ROUND = 5004, SUM = 8301791.99999999, bChange = 0.00113825, totNum = 2
ROUND = 5005, SUM = 8301792, bChange = 0.00113825, totNum = 2
ROUND = 5006, SUM = 8301792, bChange = 0.00113824, totNum = 2
ROUND = 5007, SUM = 8301792.00000001, bChange = 0.00113824, totNum = 2
ROUND = 5008, SUM = 8301792, bChange = 0.00113824, totNum = 2
ROUND = 5009, SUM = 8301791.99999999, bChange = 0.00113824, totNum = 2
ROUND = 5010, SUM = 8301791.99999999, bChange = 0.00113824, totNum = 2
ROUND = 5011, SUM = 8301792.00000002, bChange = 0.00113824, totNum = 2
ROUND = 5012, SUM = 8301791.99999999, bChange = 0.00113824, totNum = 2
ROUND = 5013, SUM = 8301791.99999999, bChange = 0.00113824, totNum = 2
ROUND = 5014, SUM = 8301791.99999998, bChange = 0.00113824, totNum = 2
ROUND = 5015, SUM = 8301792, bChange = 0.00113823, totNum = 2
ROUND = 5016, SUM = 8301792, bChange = 0.00113823, totNum = 2
ROUND = 5017, SUM = 8301792, bChange = 0.00113823, totNum = 2
ROUND = 5018, SUM = 8301792.00000001, bChange = 0.00113823, totNum = 2
ROUND = 5019, SUM = 8301792.00000001, bChange = 0.00113823, totNum = 2
ROUND = 5020, SUM = 8301792.00000001, bChange = 0.00113823, totNum = 2
ROUND = 5021, SUM = 8301792, bChange = 0.00113823, totNum = 2
ROUND = 5022, SUM = 8301792.00000001, bChange = 0.00113823, totNum = 2
ROUND = 5023, SUM = 8301791.99999999, bChange = 0.00113823, totNum = 2
ROUND = 5024, SUM = 8301792, bChange = 0.00113822, totNum = 2
ROUND = 5025, SUM = 8301792, bChange = 0.00113822, totNum = 2
ROUND = 5026, SUM = 8301791.99999999, bChange = 0.00113822, totNum = 2
ROUND = 5027, SUM = 8301791.99999998, bChange = 0.00113822, totNum = 2
ROUND = 5028, SUM = 8301791.99999997, bChange = 0.00113822, totNum = 2
ROUND = 5029, SUM = 8301791.99999999, bChange = 0.00113822, totNum = 2
ROUND = 5030, SUM = 8301791.99999998, bChange = 0.00113822, totNum = 2
ROUND = 5031, SUM = 8301792.00000001, bChange = 0.00113822, totNum = 2
ROUND = 5032, SUM = 8301792, bChange = 0.00113821, totNum = 2
ROUND = 5033, SUM = 8301792.00000003, bChange = 0.00113821, totNum = 2
ROUND = 5034, SUM = 8301792, bChange = 0.00113821, totNum = 2
ROUND = 5035, SUM = 8301792.00000001, bChange = 0.00113821, totNum = 2
ROUND = 5036, SUM = 8301792.00000001, bChange = 0.00113821, totNum = 2
ROUND = 5037, SUM = 8301792, bChange = 0.00113821, totNum = 2
ROUND = 5038, SUM = 8301792.00000001, bChange = 0.00113821, totNum = 2
ROUND = 5039, SUM = 8301791.99999999, bChange = 0.00113821, totNum = 2
ROUND = 5040, SUM = 8301792, bChange = 0.00113821, totNum = 2
ROUND = 5041, SUM = 8301792.00000001, bChange = 0.0011382, totNum = 2
ROUND = 5042, SUM = 8301792.00000001, bChange = 0.0011382, totNum = 2
ROUND = 5043, SUM = 8301791.99999999, bChange = 0.0011382, totNum = 2
ROUND = 5044, SUM = 8301792.00000001, bChange = 0.0011382, totNum = 2
ROUND = 5045, SUM = 8301792, bChange = 0.0011382, totNum = 2
ROUND = 5046, SUM = 8301791.99999998, bChange = 0.0011382, totNum = 2
ROUND = 5047, SUM = 8301792.00000001, bChange = 0.0011382, totNum = 2
ROUND = 5048, SUM = 8301792, bChange = 0.0011382, totNum = 2
ROUND = 5049, SUM = 8301792, bChange = 0.0011382, totNum = 2
ROUND = 5050, SUM = 8301791.99999999, bChange = 0.00113819, totNum = 2
ROUND = 5051, SUM = 8301791.99999996, bChange = 0.00113819, totNum = 2
ROUND = 5052, SUM = 8301791.99999999, bChange = 0.00113819, totNum = 2
ROUND = 5053, SUM = 8301791.99999997, bChange = 0.00113819, totNum = 2
ROUND = 5054, SUM = 8301791.99999999, bChange = 0.00113819, totNum = 2
ROUND = 5055, SUM = 8301792, bChange = 0.00113819, totNum = 2
ROUND = 5056, SUM = 8301792, bChange = 0.00113819, totNum = 2
ROUND = 5057, SUM = 8301792, bChange = 0.00113819, totNum = 2
ROUND = 5058, SUM = 8301791.99999999, bChange = 0.00113819, totNum = 2
ROUND = 5059, SUM = 8301791.99999999, bChange = 0.00113818, totNum = 2
ROUND = 5060, SUM = 8301791.99999999, bChange = 0.00113818, totNum = 2
ROUND = 5061, SUM = 8301791.99999999, bChange = 0.00113818, totNum = 2
ROUND = 5062, SUM = 8301791.99999999, bChange = 0.00113818, totNum = 2
ROUND = 5063, SUM = 8301791.99999998, bChange = 0.00113818, totNum = 2
ROUND = 5064, SUM = 8301791.99999998, bChange = 0.00113818, totNum = 2
ROUND = 5065, SUM = 8301792, bChange = 0.00113818, totNum = 2
ROUND = 5066, SUM = 8301792.00000001, bChange = 0.00113818, totNum = 2
ROUND = 5067, SUM = 8301792.00000002, bChange = 0.00113818, totNum = 2
ROUND = 5068, SUM = 8301791.99999998, bChange = 0.00113817, totNum = 2
ROUND = 5069, SUM = 8301791.99999999, bChange = 0.00113817, totNum = 2
ROUND = 5070, SUM = 8301791.99999998, bChange = 0.00113817, totNum = 2
ROUND = 5071, SUM = 8301791.99999999, bChange = 0.00113817, totNum = 2
ROUND = 5072, SUM = 8301791.99999999, bChange = 0.00113817, totNum = 2
ROUND = 5073, SUM = 8301792, bChange = 0.00113817, totNum = 2
ROUND = 5074, SUM = 8301791.99999999, bChange = 0.00113817, totNum = 2
ROUND = 5075, SUM = 8301792.00000001, bChange = 0.00113817, totNum = 2
ROUND = 5076, SUM = 8301791.99999999, bChange = 0.00113817, totNum = 2
ROUND = 5077, SUM = 8301791.99999999, bChange = 0.00113816, totNum = 2
ROUND = 5078, SUM = 8301792, bChange = 0.00113816, totNum = 2
ROUND = 5079, SUM = 8301792.00000002, bChange = 0.00113816, totNum = 2
ROUND = 5080, SUM = 8301791.99999999, bChange = 0.00113816, totNum = 2
ROUND = 5081, SUM = 8301792, bChange = 0.00113816, totNum = 2
ROUND = 5082, SUM = 8301792, bChange = 0.00113816, totNum = 2
ROUND = 5083, SUM = 8301791.99999999, bChange = 0.00113816, totNum = 2
ROUND = 5084, SUM = 8301792.00000001, bChange = 0.00113816, totNum = 2
ROUND = 5085, SUM = 8301792.00000001, bChange = 0.00113816, totNum = 2
ROUND = 5086, SUM = 8301792, bChange = 0.00113815, totNum = 2
ROUND = 5087, SUM = 8301792.00000001, bChange = 0.00113815, totNum = 2
ROUND = 5088, SUM = 8301792.00000001, bChange = 0.00113815, totNum = 2
ROUND = 5089, SUM = 8301791.99999998, bChange = 0.00113815, totNum = 2
ROUND = 5090, SUM = 8301792, bChange = 0.00113815, totNum = 2
ROUND = 5091, SUM = 8301792, bChange = 0.00113815, totNum = 2
ROUND = 5092, SUM = 8301791.99999998, bChange = 0.00113815, totNum = 2
ROUND = 5093, SUM = 8301792, bChange = 0.00113815, totNum = 2
ROUND = 5094, SUM = 8301792.00000001, bChange = 0.00113815, totNum = 2
ROUND = 5095, SUM = 8301791.99999999, bChange = 0.00113815, totNum = 2
ROUND = 5096, SUM = 8301792, bChange = 0.00113814, totNum = 2
ROUND = 5097, SUM = 8301792.00000001, bChange = 0.00113814, totNum = 2
ROUND = 5098, SUM = 8301791.99999997, bChange = 0.00113814, totNum = 2
ROUND = 5099, SUM = 8301792, bChange = 0.00113814, totNum = 2
ROUND = 5100, SUM = 8301792.00000001, bChange = 0.00113814, totNum = 2
ROUND = 5101, SUM = 8301792.00000001, bChange = 0.00113814, totNum = 2
ROUND = 5102, SUM = 8301791.99999999, bChange = 0.00113814, totNum = 2
ROUND = 5103, SUM = 8301792.00000001, bChange = 0.00113814, totNum = 2
ROUND = 5104, SUM = 8301791.99999999, bChange = 0.00113814, totNum = 2
ROUND = 5105, SUM = 8301791.99999999, bChange = 0.00113813, totNum = 2
ROUND = 5106, SUM = 8301791.99999999, bChange = 0.00113813, totNum = 2
ROUND = 5107, SUM = 8301792.00000001, bChange = 0.00113813, totNum = 2
ROUND = 5108, SUM = 8301791.99999999, bChange = 0.00113813, totNum = 2
ROUND = 5109, SUM = 8301791.99999999, bChange = 0.00113813, totNum = 2
ROUND = 5110, SUM = 8301792, bChange = 0.00113813, totNum = 2
ROUND = 5111, SUM = 8301791.99999998, bChange = 0.00113813, totNum = 2
ROUND = 5112, SUM = 8301792.00000001, bChange = 0.00113813, totNum = 2
ROUND = 5113, SUM = 8301792.00000001, bChange = 0.00113813, totNum = 2
ROUND = 5114, SUM = 8301792.00000002, bChange = 0.00113813, totNum = 2
ROUND = 5115, SUM = 8301792.00000001, bChange = 0.00113812, totNum = 2
ROUND = 5116, SUM = 8301792, bChange = 0.00113812, totNum = 2
ROUND = 5117, SUM = 8301791.99999999, bChange = 0.00113812, totNum = 2
ROUND = 5118, SUM = 8301791.99999998, bChange = 0.00113812, totNum = 2
ROUND = 5119, SUM = 8301791.99999999, bChange = 0.00113812, totNum = 2
ROUND = 5120, SUM = 8301792, bChange = 0.00113812, totNum = 2
ROUND = 5121, SUM = 8301791.99999998, bChange = 0.00113812, totNum = 2
ROUND = 5122, SUM = 8301791.99999999, bChange = 0.00113812, totNum = 2
ROUND = 5123, SUM = 8301792, bChange = 0.00113812, totNum = 2
ROUND = 5124, SUM = 8301791.99999999, bChange = 0.00113812, totNum = 2
ROUND = 5125, SUM = 8301792.00000001, bChange = 0.00113811, totNum = 2
ROUND = 5126, SUM = 8301792.00000001, bChange = 0.00113811, totNum = 2
ROUND = 5127, SUM = 8301792, bChange = 0.00113811, totNum = 2
ROUND = 5128, SUM = 8301792.00000001, bChange = 0.00113811, totNum = 2
ROUND = 5129, SUM = 8301792.00000001, bChange = 0.00113811, totNum = 2
ROUND = 5130, SUM = 8301792.00000001, bChange = 0.00113811, totNum = 2
ROUND = 5131, SUM = 8301792, bChange = 0.00113811, totNum = 2
ROUND = 5132, SUM = 8301792, bChange = 0.00113811, totNum = 2
ROUND = 5133, SUM = 8301792.00000002, bChange = 0.00113811, totNum = 2
ROUND = 5134, SUM = 8301792.00000001, bChange = 0.0011381, totNum = 2
ROUND = 5135, SUM = 8301792, bChange = 0.0011381, totNum = 2
ROUND = 5136, SUM = 8301792, bChange = 0.0011381, totNum = 2
ROUND = 5137, SUM = 8301791.99999997, bChange = 0.0011381, totNum = 2
ROUND = 5138, SUM = 8301792.00000002, bChange = 0.0011381, totNum = 2
ROUND = 5139, SUM = 8301791.99999999, bChange = 0.0011381, totNum = 2
ROUND = 5140, SUM = 8301792, bChange = 0.0011381, totNum = 2
ROUND = 5141, SUM = 8301791.99999999, bChange = 0.0011381, totNum = 2
ROUND = 5142, SUM = 8301792, bChange = 0.0011381, totNum = 2
ROUND = 5143, SUM = 8301792.00000002, bChange = 0.0011381, totNum = 2
ROUND = 5144, SUM = 8301792.00000001, bChange = 0.00113809, totNum = 2
ROUND = 5145, SUM = 8301791.99999999, bChange = 0.00113809, totNum = 2
ROUND = 5146, SUM = 8301792, bChange = 0.00113809, totNum = 2
ROUND = 5147, SUM = 8301792, bChange = 0.00113809, totNum = 2
ROUND = 5148, SUM = 8301791.99999999, bChange = 0.00113809, totNum = 2
ROUND = 5149, SUM = 8301792.00000001, bChange = 0.00113809, totNum = 2
ROUND = 5150, SUM = 8301792.00000001, bChange = 0.00113809, totNum = 2
ROUND = 5151, SUM = 8301792, bChange = 0.00113809, totNum = 2
ROUND = 5152, SUM = 8301791.99999998, bChange = 0.00113809, totNum = 2
ROUND = 5153, SUM = 8301791.99999999, bChange = 0.00113809, totNum = 2
ROUND = 5154, SUM = 8301791.99999999, bChange = 0.00113808, totNum = 2
ROUND = 5155, SUM = 8301792.00000001, bChange = 0.00113808, totNum = 2
ROUND = 5156, SUM = 8301792, bChange = 0.00113808, totNum = 2
ROUND = 5157, SUM = 8301791.99999999, bChange = 0.00113808, totNum = 2
ROUND = 5158, SUM = 8301792, bChange = 0.00113808, totNum = 2
ROUND = 5159, SUM = 8301792, bChange = 0.00113808, totNum = 2
ROUND = 5160, SUM = 8301792, bChange = 0.00113808, totNum = 2
ROUND = 5161, SUM = 8301791.99999999, bChange = 0.00113808, totNum = 2
ROUND = 5162, SUM = 8301792, bChange = 0.00113808, totNum = 2
ROUND = 5163, SUM = 8301792, bChange = 0.00113808, totNum = 2
ROUND = 5164, SUM = 8301791.99999998, bChange = 0.00113807, totNum = 2
ROUND = 5165, SUM = 8301791.99999998, bChange = 0.00113807, totNum = 2
ROUND = 5166, SUM = 8301791.99999999, bChange = 0.00113807, totNum = 2
ROUND = 5167, SUM = 8301791.99999999, bChange = 0.00113807, totNum = 2
ROUND = 5168, SUM = 8301792, bChange = 0.00113807, totNum = 2
ROUND = 5169, SUM = 8301791.99999999, bChange = 0.00113807, totNum = 2
ROUND = 5170, SUM = 8301792, bChange = 0.00113807, totNum = 2
ROUND = 5171, SUM = 8301791.99999999, bChange = 0.00113807, totNum = 2
ROUND = 5172, SUM = 8301791.99999998, bChange = 0.00113807, totNum = 2
ROUND = 5173, SUM = 8301792, bChange = 0.00113807, totNum = 2
ROUND = 5174, SUM = 8301792, bChange = 0.00113806, totNum = 2
ROUND = 5175, SUM = 8301791.99999999, bChange = 0.00113806, totNum = 2
ROUND = 5176, SUM = 8301791.99999999, bChange = 0.00113806, totNum = 2
ROUND = 5177, SUM = 8301792, bChange = 0.00113806, totNum = 2
ROUND = 5178, SUM = 8301791.99999997, bChange = 0.00113806, totNum = 2
ROUND = 5179, SUM = 8301792, bChange = 0.00113806, totNum = 2
ROUND = 5180, SUM = 8301791.99999997, bChange = 0.00113806, totNum = 2
ROUND = 5181, SUM = 8301791.99999998, bChange = 0.00113806, totNum = 2
ROUND = 5182, SUM = 8301791.99999999, bChange = 0.00113806, totNum = 2
ROUND = 5183, SUM = 8301791.99999997, bChange = 0.00113806, totNum = 2
ROUND = 5184, SUM = 8301791.99999999, bChange = 0.00113806, totNum = 2
ROUND = 5185, SUM = 8301792, bChange = 0.00113805, totNum = 2
ROUND = 5186, SUM = 8301792, bChange = 0.00113805, totNum = 2
ROUND = 5187, SUM = 8301792, bChange = 0.00113805, totNum = 2
ROUND = 5188, SUM = 8301792, bChange = 0.00113805, totNum = 2
ROUND = 5189, SUM = 8301792, bChange = 0.00113805, totNum = 2
ROUND = 5190, SUM = 8301791.99999999, bChange = 0.00113805, totNum = 2
ROUND = 5191, SUM = 8301791.99999999, bChange = 0.00113805, totNum = 2
ROUND = 5192, SUM = 8301792.00000001, bChange = 0.00113805, totNum = 2
ROUND = 5193, SUM = 8301792, bChange = 0.00113805, totNum = 2
ROUND = 5194, SUM = 8301791.99999999, bChange = 0.00113805, totNum = 2
ROUND = 5195, SUM = 8301791.99999999, bChange = 0.00113804, totNum = 2
ROUND = 5196, SUM = 8301792, bChange = 0.00113804, totNum = 2
ROUND = 5197, SUM = 8301792, bChange = 0.00113804, totNum = 2
ROUND = 5198, SUM = 8301792, bChange = 0.00113804, totNum = 2
ROUND = 5199, SUM = 8301791.99999999, bChange = 0.00113804, totNum = 2
ROUND = 5200, SUM = 8301792, bChange = 0.00113804, totNum = 2
ROUND = 5201, SUM = 8301791.99999997, bChange = 0.00113804, totNum = 2
ROUND = 5202, SUM = 8301791.99999999, bChange = 0.00113804, totNum = 2
ROUND = 5203, SUM = 8301791.99999999, bChange = 0.00113804, totNum = 2
ROUND = 5204, SUM = 8301792, bChange = 0.00113804, totNum = 2
ROUND = 5205, SUM = 8301792.00000002, bChange = 0.00113804, totNum = 2
ROUND = 5206, SUM = 8301791.99999999, bChange = 0.00113803, totNum = 2
ROUND = 5207, SUM = 8301792, bChange = 0.00113803, totNum = 2
ROUND = 5208, SUM = 8301792.00000002, bChange = 0.00113803, totNum = 2
ROUND = 5209, SUM = 8301791.99999999, bChange = 0.00113803, totNum = 2
ROUND = 5210, SUM = 8301792, bChange = 0.00113803, totNum = 2
ROUND = 5211, SUM = 8301792, bChange = 0.00113803, totNum = 2
ROUND = 5212, SUM = 8301791.99999999, bChange = 0.00113803, totNum = 2
ROUND = 5213, SUM = 8301792, bChange = 0.00113803, totNum = 2
ROUND = 5214, SUM = 8301791.99999999, bChange = 0.00113803, totNum = 2
ROUND = 5215, SUM = 8301792, bChange = 0.00113803, totNum = 2
ROUND = 5216, SUM = 8301792, bChange = 0.00113803, totNum = 2
ROUND = 5217, SUM = 8301791.99999999, bChange = 0.00113802, totNum = 2
ROUND = 5218, SUM = 8301791.99999999, bChange = 0.00113802, totNum = 2
ROUND = 5219, SUM = 8301791.99999999, bChange = 0.00113802, totNum = 2
ROUND = 5220, SUM = 8301791.99999998, bChange = 0.00113802, totNum = 2
ROUND = 5221, SUM = 8301791.99999999, bChange = 0.00113802, totNum = 2
ROUND = 5222, SUM = 8301792.00000001, bChange = 0.00113802, totNum = 2
ROUND = 5223, SUM = 8301791.99999999, bChange = 0.00113802, totNum = 2
ROUND = 5224, SUM = 8301791.99999998, bChange = 0.00113802, totNum = 2
ROUND = 5225, SUM = 8301792.00000001, bChange = 0.00113802, totNum = 2
ROUND = 5226, SUM = 8301792, bChange = 0.00113802, totNum = 2
ROUND = 5227, SUM = 8301791.99999999, bChange = 0.00113801, totNum = 2
ROUND = 5228, SUM = 8301792.00000001, bChange = 0.00113801, totNum = 2
ROUND = 5229, SUM = 8301791.99999999, bChange = 0.00113801, totNum = 2
ROUND = 5230, SUM = 8301792.00000001, bChange = 0.00113801, totNum = 2
ROUND = 5231, SUM = 8301792, bChange = 0.00113801, totNum = 2
ROUND = 5232, SUM = 8301792.00000002, bChange = 0.00113801, totNum = 2
ROUND = 5233, SUM = 8301792.00000001, bChange = 0.00113801, totNum = 2
ROUND = 5234, SUM = 8301792.00000001, bChange = 0.00113801, totNum = 2
ROUND = 5235, SUM = 8301791.99999999, bChange = 0.00113801, totNum = 2
ROUND = 5236, SUM = 8301792, bChange = 0.00113801, totNum = 2
ROUND = 5237, SUM = 8301792, bChange = 0.00113801, totNum = 2
ROUND = 5238, SUM = 8301791.99999999, bChange = 0.001138, totNum = 2
ROUND = 5239, SUM = 8301791.99999998, bChange = 0.001138, totNum = 2
ROUND = 5240, SUM = 8301791.99999999, bChange = 0.001138, totNum = 2
ROUND = 5241, SUM = 8301791.99999999, bChange = 0.001138, totNum = 2
ROUND = 5242, SUM = 8301791.99999999, bChange = 0.001138, totNum = 2
ROUND = 5243, SUM = 8301792, bChange = 0.001138, totNum = 2
ROUND = 5244, SUM = 8301792, bChange = 0.001138, totNum = 2
ROUND = 5245, SUM = 8301792, bChange = 0.001138, totNum = 2
ROUND = 5246, SUM = 8301792.00000001, bChange = 0.001138, totNum = 2
ROUND = 5247, SUM = 8301791.99999998, bChange = 0.001138, totNum = 2
ROUND = 5248, SUM = 8301791.99999998, bChange = 0.001138, totNum = 2
ROUND = 5249, SUM = 8301791.99999999, bChange = 0.00113799, totNum = 2
ROUND = 5250, SUM = 8301791.99999999, bChange = 0.00113799, totNum = 2
ROUND = 5251, SUM = 8301792, bChange = 0.00113799, totNum = 2
ROUND = 5252, SUM = 8301792, bChange = 0.00113799, totNum = 2
ROUND = 5253, SUM = 8301791.99999999, bChange = 0.00113799, totNum = 2
ROUND = 5254, SUM = 8301791.99999999, bChange = 0.00113799, totNum = 2
ROUND = 5255, SUM = 8301792, bChange = 0.00113799, totNum = 2
ROUND = 5256, SUM = 8301792.00000001, bChange = 0.00113799, totNum = 2
ROUND = 5257, SUM = 8301792, bChange = 0.00113799, totNum = 2
ROUND = 5258, SUM = 8301791.99999997, bChange = 0.00113799, totNum = 2
ROUND = 5259, SUM = 8301791.99999997, bChange = 0.00113799, totNum = 2
ROUND = 5260, SUM = 8301791.99999999, bChange = 0.00113799, totNum = 2
ROUND = 5261, SUM = 8301791.99999999, bChange = 0.00113798, totNum = 2
ROUND = 5262, SUM = 8301791.99999999, bChange = 0.00113798, totNum = 2
ROUND = 5263, SUM = 8301791.99999999, bChange = 0.00113798, totNum = 2
ROUND = 5264, SUM = 8301791.99999998, bChange = 0.00113798, totNum = 2
ROUND = 5265, SUM = 8301791.99999999, bChange = 0.00113798, totNum = 2
ROUND = 5266, SUM = 8301792, bChange = 0.00113798, totNum = 2
ROUND = 5267, SUM = 8301792, bChange = 0.00113798, totNum = 2
ROUND = 5268, SUM = 8301792.00000002, bChange = 0.00113798, totNum = 2
ROUND = 5269, SUM = 8301792.00000001, bChange = 0.00113798, totNum = 2
ROUND = 5270, SUM = 8301791.99999998, bChange = 0.00113798, totNum = 2
ROUND = 5271, SUM = 8301792.00000001, bChange = 0.00113798, totNum = 2
ROUND = 5272, SUM = 8301792, bChange = 0.00113797, totNum = 2
ROUND = 5273, SUM = 8301791.99999999, bChange = 0.00113797, totNum = 2
ROUND = 5274, SUM = 8301791.99999999, bChange = 0.00113797, totNum = 2
ROUND = 5275, SUM = 8301791.99999998, bChange = 0.00113797, totNum = 2
ROUND = 5276, SUM = 8301791.99999999, bChange = 0.00113797, totNum = 2
ROUND = 5277, SUM = 8301791.99999999, bChange = 0.00113797, totNum = 2
ROUND = 5278, SUM = 8301791.99999998, bChange = 0.00113797, totNum = 2
ROUND = 5279, SUM = 8301791.99999998, bChange = 0.00113797, totNum = 2
ROUND = 5280, SUM = 8301791.99999998, bChange = 0.00113797, totNum = 2
ROUND = 5281, SUM = 8301791.99999998, bChange = 0.00113797, totNum = 2
ROUND = 5282, SUM = 8301791.99999999, bChange = 0.00113797, totNum = 2
ROUND = 5283, SUM = 8301791.99999998, bChange = 0.00113797, totNum = 2
ROUND = 5284, SUM = 8301791.99999997, bChange = 0.00113796, totNum = 2
ROUND = 5285, SUM = 8301792.00000001, bChange = 0.00113796, totNum = 2
ROUND = 5286, SUM = 8301791.99999998, bChange = 0.00113796, totNum = 2
ROUND = 5287, SUM = 8301792, bChange = 0.00113796, totNum = 2
ROUND = 5288, SUM = 8301791.99999997, bChange = 0.00113796, totNum = 2
ROUND = 5289, SUM = 8301791.99999999, bChange = 0.00113796, totNum = 2
ROUND = 5290, SUM = 8301791.99999999, bChange = 0.00113796, totNum = 2
ROUND = 5291, SUM = 8301792, bChange = 0.00113796, totNum = 2
ROUND = 5292, SUM = 8301792, bChange = 0.00113796, totNum = 2
ROUND = 5293, SUM = 8301792, bChange = 0.00113796, totNum = 2
ROUND = 5294, SUM = 8301792, bChange = 0.00113796, totNum = 2
ROUND = 5295, SUM = 8301792, bChange = 0.00113795, totNum = 2
ROUND = 5296, SUM = 8301792.00000001, bChange = 0.00113795, totNum = 2
ROUND = 5297, SUM = 8301792, bChange = 0.00113795, totNum = 2
ROUND = 5298, SUM = 8301792, bChange = 0.00113795, totNum = 2
ROUND = 5299, SUM = 8301791.99999999, bChange = 0.00113795, totNum = 2
ROUND = 5300, SUM = 8301791.99999999, bChange = 0.00113795, totNum = 2
ROUND = 5301, SUM = 8301792, bChange = 0.00113795, totNum = 2
ROUND = 5302, SUM = 8301791.99999999, bChange = 0.00113795, totNum = 2
ROUND = 5303, SUM = 8301791.99999999, bChange = 0.00113795, totNum = 2
ROUND = 5304, SUM = 8301792.00000001, bChange = 0.00113795, totNum = 2
ROUND = 5305, SUM = 8301792.00000001, bChange = 0.00113795, totNum = 2
ROUND = 5306, SUM = 8301791.99999999, bChange = 0.00113795, totNum = 2
ROUND = 5307, SUM = 8301792.00000001, bChange = 0.00113794, totNum = 2
ROUND = 5308, SUM = 8301792.00000001, bChange = 0.00113794, totNum = 2
ROUND = 5309, SUM = 8301792.00000002, bChange = 0.00113794, totNum = 2
ROUND = 5310, SUM = 8301791.99999997, bChange = 0.00113794, totNum = 2
ROUND = 5311, SUM = 8301792.00000001, bChange = 0.00113794, totNum = 2
ROUND = 5312, SUM = 8301792.00000002, bChange = 0.00113794, totNum = 2
ROUND = 5313, SUM = 8301791.99999998, bChange = 0.00113794, totNum = 2
ROUND = 5314, SUM = 8301791.99999998, bChange = 0.00113794, totNum = 2
ROUND = 5315, SUM = 8301791.99999997, bChange = 0.00113794, totNum = 2
ROUND = 5316, SUM = 8301791.99999998, bChange = 0.00113794, totNum = 2
ROUND = 5317, SUM = 8301792, bChange = 0.00113794, totNum = 2
ROUND = 5318, SUM = 8301792, bChange = 0.00113794, totNum = 2
ROUND = 5319, SUM = 8301792.00000001, bChange = 0.00113793, totNum = 2
ROUND = 5320, SUM = 8301792.00000001, bChange = 0.00113793, totNum = 2
ROUND = 5321, SUM = 8301791.99999999, bChange = 0.00113793, totNum = 2
ROUND = 5322, SUM = 8301792.00000001, bChange = 0.00113793, totNum = 2
ROUND = 5323, SUM = 8301792.00000002, bChange = 0.00113793, totNum = 2
ROUND = 5324, SUM = 8301792.00000001, bChange = 0.00113793, totNum = 2
ROUND = 5325, SUM = 8301792.00000001, bChange = 0.00113793, totNum = 2
ROUND = 5326, SUM = 8301792.00000001, bChange = 0.00113793, totNum = 2
ROUND = 5327, SUM = 8301792, bChange = 0.00113793, totNum = 2
ROUND = 5328, SUM = 8301791.99999999, bChange = 0.00113793, totNum = 2
ROUND = 5329, SUM = 8301791.99999999, bChange = 0.00113793, totNum = 2
ROUND = 5330, SUM = 8301792, bChange = 0.00113793, totNum = 2
ROUND = 5331, SUM = 8301791.99999999, bChange = 0.00113792, totNum = 2
ROUND = 5332, SUM = 8301792.00000001, bChange = 0.00113792, totNum = 2
ROUND = 5333, SUM = 8301792.00000001, bChange = 0.00113792, totNum = 2
ROUND = 5334, SUM = 8301792, bChange = 0.00113792, totNum = 2
ROUND = 5335, SUM = 8301791.99999999, bChange = 0.00113792, totNum = 2
ROUND = 5336, SUM = 8301791.99999999, bChange = 0.00113792, totNum = 2
ROUND = 5337, SUM = 8301791.99999997, bChange = 0.00113792, totNum = 2
ROUND = 5338, SUM = 8301791.99999999, bChange = 0.00113792, totNum = 2
ROUND = 5339, SUM = 8301791.99999999, bChange = 0.00113792, totNum = 2
ROUND = 5340, SUM = 8301791.99999999, bChange = 0.00113792, totNum = 2
ROUND = 5341, SUM = 8301791.99999999, bChange = 0.00113792, totNum = 2
ROUND = 5342, SUM = 8301792, bChange = 0.00113792, totNum = 2
ROUND = 5343, SUM = 8301791.99999998, bChange = 0.00113792, totNum = 2
ROUND = 5344, SUM = 8301792, bChange = 0.00113791, totNum = 2
ROUND = 5345, SUM = 8301792, bChange = 0.00113791, totNum = 2
ROUND = 5346, SUM = 8301791.99999997, bChange = 0.00113791, totNum = 2
ROUND = 5347, SUM = 8301792, bChange = 0.00113791, totNum = 2
ROUND = 5348, SUM = 8301791.99999999, bChange = 0.00113791, totNum = 2
ROUND = 5349, SUM = 8301791.99999999, bChange = 0.00113791, totNum = 2
ROUND = 5350, SUM = 8301792, bChange = 0.00113791, totNum = 2
ROUND = 5351, SUM = 8301791.99999999, bChange = 0.00113791, totNum = 2
ROUND = 5352, SUM = 8301792, bChange = 0.00113791, totNum = 2
ROUND = 5353, SUM = 8301792.00000001, bChange = 0.00113791, totNum = 2
ROUND = 5354, SUM = 8301792, bChange = 0.00113791, totNum = 2
ROUND = 5355, SUM = 8301792, bChange = 0.00113791, totNum = 2
ROUND = 5356, SUM = 8301792, bChange = 0.0011379, totNum = 2
ROUND = 5357, SUM = 8301791.99999999, bChange = 0.0011379, totNum = 2
ROUND = 5358, SUM = 8301792, bChange = 0.0011379, totNum = 2
ROUND = 5359, SUM = 8301792, bChange = 0.0011379, totNum = 2
ROUND = 5360, SUM = 8301792, bChange = 0.0011379, totNum = 2
ROUND = 5361, SUM = 8301791.99999998, bChange = 0.0011379, totNum = 2
ROUND = 5362, SUM = 8301791.99999997, bChange = 0.0011379, totNum = 2
ROUND = 5363, SUM = 8301791.99999999, bChange = 0.0011379, totNum = 2
ROUND = 5364, SUM = 8301791.99999999, bChange = 0.0011379, totNum = 2
ROUND = 5365, SUM = 8301791.99999999, bChange = 0.0011379, totNum = 2
ROUND = 5366, SUM = 8301792, bChange = 0.0011379, totNum = 2
ROUND = 5367, SUM = 8301792.00000001, bChange = 0.0011379, totNum = 2
ROUND = 5368, SUM = 8301791.99999999, bChange = 0.0011379, totNum = 2
ROUND = 5369, SUM = 8301791.99999999, bChange = 0.00113789, totNum = 2
ROUND = 5370, SUM = 8301792.00000001, bChange = 0.00113789, totNum = 2
ROUND = 5371, SUM = 8301792, bChange = 0.00113789, totNum = 2
ROUND = 5372, SUM = 8301792.00000002, bChange = 0.00113789, totNum = 2
ROUND = 5373, SUM = 8301792.00000001, bChange = 0.00113789, totNum = 2
ROUND = 5374, SUM = 8301791.99999999, bChange = 0.00113789, totNum = 2
ROUND = 5375, SUM = 8301792, bChange = 0.00113789, totNum = 2
ROUND = 5376, SUM = 8301792, bChange = 0.00113789, totNum = 2
ROUND = 5377, SUM = 8301791.99999998, bChange = 0.00113789, totNum = 2
ROUND = 5378, SUM = 8301791.99999999, bChange = 0.00113789, totNum = 2
ROUND = 5379, SUM = 8301792.00000002, bChange = 0.00113789, totNum = 2
ROUND = 5380, SUM = 8301791.99999999, bChange = 0.00113789, totNum = 2
ROUND = 5381, SUM = 8301792, bChange = 0.00113789, totNum = 2
ROUND = 5382, SUM = 8301792.00000001, bChange = 0.00113788, totNum = 2
ROUND = 5383, SUM = 8301791.99999999, bChange = 0.00113788, totNum = 2
ROUND = 5384, SUM = 8301792, bChange = 0.00113788, totNum = 2
ROUND = 5385, SUM = 8301792.00000001, bChange = 0.00113788, totNum = 2
ROUND = 5386, SUM = 8301791.99999998, bChange = 0.00113788, totNum = 2
ROUND = 5387, SUM = 8301791.99999998, bChange = 0.00113788, totNum = 2
ROUND = 5388, SUM = 8301791.99999999, bChange = 0.00113788, totNum = 2
ROUND = 5389, SUM = 8301791.99999999, bChange = 0.00113788, totNum = 2
ROUND = 5390, SUM = 8301792, bChange = 0.00113788, totNum = 2
ROUND = 5391, SUM = 8301792, bChange = 0.00113788, totNum = 2
ROUND = 5392, SUM = 8301791.99999997, bChange = 0.00113788, totNum = 2
ROUND = 5393, SUM = 8301792, bChange = 0.00113788, totNum = 2
ROUND = 5394, SUM = 8301792.00000001, bChange = 0.00113788, totNum = 2
ROUND = 5395, SUM = 8301792.00000001, bChange = 0.00113787, totNum = 2
ROUND = 5396, SUM = 8301792, bChange = 0.00113787, totNum = 2
ROUND = 5397, SUM = 8301792.00000001, bChange = 0.00113787, totNum = 2
ROUND = 5398, SUM = 8301792, bChange = 0.00113787, totNum = 2
ROUND = 5399, SUM = 8301792, bChange = 0.00113787, totNum = 2
ROUND = 5400, SUM = 8301792.00000001, bChange = 0.00113787, totNum = 2
ROUND = 5401, SUM = 8301792, bChange = 0.00108473, totNum = 1
ROUND = 5402, SUM = 8301792, bChange = 0.00108473, totNum = 1
ROUND = 5403, SUM = 8301792, bChange = 0.00108473, totNum = 1
ROUND = 5404, SUM = 8301791.99999999, bChange = 0.00108474, totNum = 1
ROUND = 5405, SUM = 8301791.99999999, bChange = 0.00108474, totNum = 1
ROUND = 5406, SUM = 8301792.00000001, bChange = 0.00108474, totNum = 1
ROUND = 5407, SUM = 8301791.99999998, bChange = 0.00108474, totNum = 1
ROUND = 5408, SUM = 8301792, bChange = 0.00108474, totNum = 1
ROUND = 5409, SUM = 8301791.99999999, bChange = 0.00108474, totNum = 1
ROUND = 5410, SUM = 8301792, bChange = 0.00108475, totNum = 1
ROUND = 5411, SUM = 8301791.99999999, bChange = 0.00108475, totNum = 1
ROUND = 5412, SUM = 8301792, bChange = 0.00108475, totNum = 1
ROUND = 5413, SUM = 8301792.00000003, bChange = 0.00108475, totNum = 1
ROUND = 5414, SUM = 8301792.00000001, bChange = 0.00108475, totNum = 1
ROUND = 5415, SUM = 8301792.00000001, bChange = 0.00108475, totNum = 1
ROUND = 5416, SUM = 8301792.00000001, bChange = 0.00108476, totNum = 1
ROUND = 5417, SUM = 8301792.00000002, bChange = 0.00108476, totNum = 1
ROUND = 5418, SUM = 8301792, bChange = 0.00108476, totNum = 1
ROUND = 5419, SUM = 8301792.00000001, bChange = 0.00108476, totNum = 1
ROUND = 5420, SUM = 8301792.00000001, bChange = 0.00108476, totNum = 1
ROUND = 5421, SUM = 8301792.00000001, bChange = 0.00108476, totNum = 1
ROUND = 5422, SUM = 8301792.00000001, bChange = 0.00108477, totNum = 1
ROUND = 5423, SUM = 8301792.00000001, bChange = 0.00108477, totNum = 1
ROUND = 5424, SUM = 8301792, bChange = 0.00108477, totNum = 1
ROUND = 5425, SUM = 8301792, bChange = 0.00108477, totNum = 1
ROUND = 5426, SUM = 8301791.99999998, bChange = 0.00108477, totNum = 1
ROUND = 5427, SUM = 8301792, bChange = 0.00108477, totNum = 1
ROUND = 5428, SUM = 8301791.99999999, bChange = 0.00108478, totNum = 1
ROUND = 5429, SUM = 8301792, bChange = 0.00108478, totNum = 1
ROUND = 5430, SUM = 8301791.99999999, bChange = 0.00108478, totNum = 1
ROUND = 5431, SUM = 8301792.00000001, bChange = 0.00108478, totNum = 1
ROUND = 5432, SUM = 8301792, bChange = 0.00108478, totNum = 1
ROUND = 5433, SUM = 8301792, bChange = 0.00108479, totNum = 1
ROUND = 5434, SUM = 8301791.99999999, bChange = 0.00108479, totNum = 1
ROUND = 5435, SUM = 8301791.99999999, bChange = 0.00108479, totNum = 1
ROUND = 5436, SUM = 8301792.00000002, bChange = 0.00108479, totNum = 1
ROUND = 5437, SUM = 8301792, bChange = 0.00108479, totNum = 1
ROUND = 5438, SUM = 8301792.00000001, bChange = 0.00108479, totNum = 1
ROUND = 5439, SUM = 8301792, bChange = 0.0010848, totNum = 1
ROUND = 5440, SUM = 8301792, bChange = 0.0010848, totNum = 1
ROUND = 5441, SUM = 8301791.99999999, bChange = 0.0010848, totNum = 1
ROUND = 5442, SUM = 8301791.99999999, bChange = 0.0010848, totNum = 1
ROUND = 5443, SUM = 8301791.99999999, bChange = 0.0010848, totNum = 1
ROUND = 5444, SUM = 8301792, bChange = 0.0010848, totNum = 1
ROUND = 5445, SUM = 8301792.00000001, bChange = 0.00108481, totNum = 1
ROUND = 5446, SUM = 8301792.00000001, bChange = 0.00108481, totNum = 1
ROUND = 5447, SUM = 8301791.99999999, bChange = 0.00108481, totNum = 1
ROUND = 5448, SUM = 8301792, bChange = 0.00108481, totNum = 1
ROUND = 5449, SUM = 8301792.00000001, bChange = 0.00108481, totNum = 1
ROUND = 5450, SUM = 8301792.00000001, bChange = 0.00108481, totNum = 1
ROUND = 5451, SUM = 8301792, bChange = 0.00108482, totNum = 1
ROUND = 5452, SUM = 8301791.99999998, bChange = 0.00108482, totNum = 1
ROUND = 5453, SUM = 8301792, bChange = 0.00108482, totNum = 1
ROUND = 5454, SUM = 8301792, bChange = 0.00108482, totNum = 1
ROUND = 5455, SUM = 8301792.00000001, bChange = 0.00108482, totNum = 1
ROUND = 5456, SUM = 8301791.99999999, bChange = 0.00108482, totNum = 1
ROUND = 5457, SUM = 8301792, bChange = 0.00108483, totNum = 1
ROUND = 5458, SUM = 8301791.99999999, bChange = 0.00108483, totNum = 1
ROUND = 5459, SUM = 8301792, bChange = 0.00108483, totNum = 1
ROUND = 5460, SUM = 8301792, bChange = 0.00108483, totNum = 1
ROUND = 5461, SUM = 8301792, bChange = 0.00108483, totNum = 1
ROUND = 5462, SUM = 8301792, bChange = 0.00108483, totNum = 1
ROUND = 5463, SUM = 8301792.00000002, bChange = 0.00108484, totNum = 1
ROUND = 5464, SUM = 8301792.00000001, bChange = 0.00108484, totNum = 1
ROUND = 5465, SUM = 8301792.00000001, bChange = 0.00108484, totNum = 1
ROUND = 5466, SUM = 8301792, bChange = 0.00108484, totNum = 1
ROUND = 5467, SUM = 8301792.00000002, bChange = 0.00108484, totNum = 1
ROUND = 5468, SUM = 8301791.99999999, bChange = 0.00108484, totNum = 1
ROUND = 5469, SUM = 8301792, bChange = 0.00108485, totNum = 1
ROUND = 5470, SUM = 8301792.00000001, bChange = 0.00108485, totNum = 1
ROUND = 5471, SUM = 8301791.99999999, bChange = 0.00108485, totNum = 1
ROUND = 5472, SUM = 8301792, bChange = 0.00108485, totNum = 1
ROUND = 5473, SUM = 8301792, bChange = 0.00108485, totNum = 1
ROUND = 5474, SUM = 8301791.99999999, bChange = 0.00108485, totNum = 1
ROUND = 5475, SUM = 8301792, bChange = 0.00108485, totNum = 1
ROUND = 5476, SUM = 8301791.99999999, bChange = 0.00108486, totNum = 1
ROUND = 5477, SUM = 8301792.00000001, bChange = 0.00108486, totNum = 1
ROUND = 5478, SUM = 8301791.99999998, bChange = 0.00108486, totNum = 1
ROUND = 5479, SUM = 8301792, bChange = 0.00108486, totNum = 1
ROUND = 5480, SUM = 8301792, bChange = 0.00108486, totNum = 1
ROUND = 5481, SUM = 8301792.00000002, bChange = 0.00108486, totNum = 1
ROUND = 5482, SUM = 8301792, bChange = 0.00108487, totNum = 1
ROUND = 5483, SUM = 8301792, bChange = 0.00108487, totNum = 1
ROUND = 5484, SUM = 8301792.00000002, bChange = 0.00108487, totNum = 1
ROUND = 5485, SUM = 8301792.00000004, bChange = 0.00108487, totNum = 1
ROUND = 5486, SUM = 8301792, bChange = 0.00108487, totNum = 1
ROUND = 5487, SUM = 8301792.00000001, bChange = 0.00108487, totNum = 1
ROUND = 5488, SUM = 8301792.00000001, bChange = 0.00108488, totNum = 1
ROUND = 5489, SUM = 8301791.99999999, bChange = 0.00108488, totNum = 1
ROUND = 5490, SUM = 8301791.99999999, bChange = 0.00108488, totNum = 1
ROUND = 5491, SUM = 8301791.99999999, bChange = 0.00108488, totNum = 1
ROUND = 5492, SUM = 8301791.99999999, bChange = 0.00108488, totNum = 1
ROUND = 5493, SUM = 8301792.00000001, bChange = 0.00108488, totNum = 1
ROUND = 5494, SUM = 8301792.00000001, bChange = 0.00108489, totNum = 1
ROUND = 5495, SUM = 8301792.00000001, bChange = 0.00108489, totNum = 1
ROUND = 5496, SUM = 8301792.00000002, bChange = 0.00108489, totNum = 1
ROUND = 5497, SUM = 8301792.00000002, bChange = 0.00108489, totNum = 1
ROUND = 5498, SUM = 8301792, bChange = 0.00108489, totNum = 1
ROUND = 5499, SUM = 8301791.99999996, bChange = 0.00108489, totNum = 1
ROUND = 5500, SUM = 8301792.00000001, bChange = 0.0010849, totNum = 1
ROUND = 5501, SUM = 8301792.00000001, bChange = 0.0010849, totNum = 1
ROUND = 5502, SUM = 8301792.00000001, bChange = 0.0010849, totNum = 1
ROUND = 5503, SUM = 8301792, bChange = 0.000984339, totNum = 0
Expression Results are written!
Time Used for EM.cpp : 0 h 10 m 16 s

rsem-run-gibbs results/rsem_index/rsem results/rsem_quant/ER100010.temp/ER100010 results/rsem_quant/ER100010.stat/ER100010 200 1000 1 -p 44 --seed 1471891643
Refs.loadRefs finished!
Loading data is finished!
Loading group information is finished!
Gibbs started!
Initialization finished!
Thread 1, ROUND 100 is finished!
Thread 7, ROUND 100 is finished!
Thread 31, ROUND 100 is finished!
Thread 35, ROUND 100 is finished!
Thread 33, ROUND 100 is finished!
Thread 29, ROUND 100 is finished!
Thread 30, ROUND 100 is finished!
Thread 8, ROUND 100 is finished!
Thread 5, ROUND 100 is finished!
Thread 17, ROUND 100 is finished!
Thread 16, ROUND 100 is finished!
Thread 36, ROUND 100 is finished!
Thread 15, ROUND 100 is finished!
Thread 4, ROUND 100 is finished!
Thread 9, ROUND 100 is finished!
Thread 22, ROUND 100 is finished!
Thread 18, ROUND 100 is finished!
Thread 12, ROUND 100 is finished!
Thread 23, ROUND 100 is finished!
Thread 10, ROUND 100 is finished!
Thread 14, ROUND 100 is finished!
Thread 19, ROUND 100 is finished!
Thread 20, ROUND 100 is finished!
Thread 24, ROUND 100 is finished!
Thread 3, ROUND 100 is finished!
Thread 21, ROUND 100 is finished!
Thread 2, ROUND 100 is finished!
Thread 42, ROUND 100 is finished!
Thread 13, ROUND 100 is finished!
Thread 39, ROUND 100 is finished!
Thread 27, ROUND 100 is finished!
Thread 0, ROUND 100 is finished!
Thread 6, ROUND 100 is finished!
Thread 41, ROUND 100 is finished!
Thread 26, ROUND 100 is finished!
Thread 11, ROUND 100 is finished!
Thread 25, ROUND 100 is finished!
Thread 40, ROUND 100 is finished!
Thread 37, ROUND 100 is finished!
Thread 32, ROUND 100 is finished!
Thread 38, ROUND 100 is finished!
Thread 28, ROUND 100 is finished!
Thread 43, ROUND 100 is finished!
Thread 34, ROUND 100 is finished!
Thread 1, ROUND 200 is finished!
Thread 3, ROUND 200 is finished!
Thread 31, ROUND 200 is finished!
Thread 6, ROUND 200 is finished!
Thread 19, ROUND 200 is finished!
Thread 24, ROUND 200 is finished!
Thread 41, ROUND 200 is finished!
Thread 29, ROUND 200 is finished!
Thread 16, ROUND 200 is finished!
Thread 10, ROUND 200 is finished!
Thread 2, ROUND 200 is finished!
Thread 21, ROUND 200 is finished!
Thread 5, ROUND 200 is finished!
Thread 17, ROUND 200 is finished!
Thread 9, ROUND 200 is finished!
Thread 4, ROUND 200 is finished!
Thread 27, ROUND 200 is finished!
Thread 7, ROUND 200 is finished!
Thread 13, ROUND 200 is finished!
Thread 33, ROUND 200 is finished!
Thread 23, ROUND 200 is finished!
Thread 36, ROUND 200 is finished!
Thread 39, ROUND 200 is finished!
Thread 20, ROUND 200 is finished!
Thread 30, ROUND 200 is finished!
Thread 12, ROUND 200 is finished!
Thread 18, ROUND 200 is finished!
Thread 15, ROUND 200 is finished!
Thread 0, ROUND 200 is finished!
Thread 22, ROUND 200 is finished!
Thread 42, ROUND 200 is finished!
Thread 35, ROUND 200 is finished!
Thread 8, ROUND 200 is finished!
Thread 14, ROUND 200 is finished!
Thread 26, ROUND 200 is finished!
Thread 11, ROUND 200 is finished!
Thread 25, ROUND 200 is finished!
Thread 34, ROUND 200 is finished!
Thread 38, ROUND 200 is finished!
Thread 32, ROUND 200 is finished!
Thread 37, ROUND 200 is finished!
Thread 28, ROUND 200 is finished!
Thread 43, ROUND 200 is finished!
Thread 40, ROUND 200 is finished!
Gibbs finished!
Gibbs based expression values are written!

rsem-calculate-credibility-intervals results/rsem_index/rsem results/rsem_quant/ER100010.temp/ER100010 results/rsem_quant/ER100010.stat/ER100010 0.95 1000 50 128000 -p 44 --seed 477107655
Refs.loadRefs finished!
Sampling is finished!
In thread 34, 1000 genes are processed for CI calculation!
In thread 36, 1000 genes are processed for CI calculation!
In thread 38, 1000 genes are processed for CI calculation!
In thread 41, 1000 genes are processed for CI calculation!
In thread 42, 1000 genes are processed for CI calculation!
In thread 37, 1000 genes are processed for CI calculation!
In thread 43, 1000 genes are processed for CI calculation!
In thread 29, 1000 genes are processed for CI calculation!
In thread 31, 1000 genes are processed for CI calculation!
In thread 35, 1000 genes are processed for CI calculation!
In thread 39, 1000 genes are processed for CI calculation!
In thread 30, 1000 genes are processed for CI calculation!
In thread 32, 1000 genes are processed for CI calculation!
In thread 40, 1000 genes are processed for CI calculation!
In thread 33, 1000 genes are processed for CI calculation!
In thread 41, 2000 genes are processed for CI calculation!
In thread 34, 2000 genes are processed for CI calculation!
In thread 37, 2000 genes are processed for CI calculation!
In thread 42, 2000 genes are processed for CI calculation!
In thread 36, 2000 genes are processed for CI calculation!
In thread 38, 2000 genes are processed for CI calculation!
In thread 29, 2000 genes are processed for CI calculation!
In thread 28, 1000 genes are processed for CI calculation!
In thread 43, 2000 genes are processed for CI calculation!
In thread 31, 2000 genes are processed for CI calculation!
In thread 35, 2000 genes are processed for CI calculation!
In thread 40, 2000 genes are processed for CI calculation!
In thread 37, 3000 genes are processed for CI calculation!
In thread 41, 3000 genes are processed for CI calculation!
In thread 28, 2000 genes are processed for CI calculation!
In thread 30, 2000 genes are processed for CI calculation!
In thread 42, 3000 genes are processed for CI calculation!
In thread 27, 1000 genes are processed for CI calculation!
In thread 34, 3000 genes are processed for CI calculation!
In thread 32, 2000 genes are processed for CI calculation!
In thread 36, 3000 genes are processed for CI calculation!
In thread 33, 2000 genes are processed for CI calculation!
In thread 39, 2000 genes are processed for CI calculation!
In thread 38, 3000 genes are processed for CI calculation!
In thread 29, 3000 genes are processed for CI calculation!
In thread 37, 4000 genes are processed for CI calculation!
In thread 40, 3000 genes are processed for CI calculation!
In thread 27, 2000 genes are processed for CI calculation!
In thread 43, 3000 genes are processed for CI calculation!
In thread 35, 3000 genes are processed for CI calculation!
In thread 41, 4000 genes are processed for CI calculation!
In thread 42, 4000 genes are processed for CI calculation!
In thread 31, 3000 genes are processed for CI calculation!
In thread 36, 4000 genes are processed for CI calculation!
In thread 30, 3000 genes are processed for CI calculation!
In thread 25, 1000 genes are processed for CI calculation!
In thread 43, 4000 genes are processed for CI calculation!
In thread 32, 3000 genes are processed for CI calculation!
All credibility intervals are calculated!

rm -rf results/rsem_quant/ER100010.temp

2025-11-10 21:52:40,648 | INFO | __main__: Number of genes greater than 1 TPM: 13391
Mon Nov 10 09:52:40 PM EST 2025: Finished rsem quantification
