Wed Jul 23 01:41:08 AM EDT 2025: Running rsem quantification
/usr/local/bin/rsem.py:84: SyntaxWarning: invalid escape sequence '\.'
  remove_bam_from_end_re = re.compile("\.bam$")
2025-07-23 01:41:15,347 | INFO | __main__: Running RSEM command rsem-calculate-expression --bam --estimate-rspd --calc-ci --seed 42 -p 44 --no-bam-output --ci-memory 128000 --forward-prob 0 --paired-end /tmp/ER100011_anno.bam /tmp/6bd4c0c6-5f1c-4e89-8025-0e974cd765e3/rsem ER100011_anno_rsem
2025-07-23 01:41:15,347 | INFO | __main__: Running RSEM command rsem-calculate-expression --bam --estimate-rspd --calc-ci --seed 42 -p 44 --no-bam-output --ci-memory 128000 --forward-prob 0 --paired-end /tmp/ER100011_anno.bam /tmp/6bd4c0c6-5f1c-4e89-8025-0e974cd765e3/rsem ER100011_anno_rsem
rsem-parse-alignments /tmp/6bd4c0c6-5f1c-4e89-8025-0e974cd765e3/rsem ER100011_anno_rsem.temp/ER100011_anno_rsem ER100011_anno_rsem.stat/ER100011_anno_rsem /tmp/ER100011_anno.bam 3 -tag XM
Parsed 1000000 entries
Parsed 2000000 entries
Parsed 3000000 entries
Parsed 4000000 entries
Parsed 5000000 entries
Parsed 6000000 entries
Parsed 7000000 entries
Parsed 8000000 entries
Parsed 9000000 entries
Parsed 10000000 entries
Parsed 11000000 entries
Parsed 12000000 entries
Parsed 13000000 entries
Parsed 14000000 entries
Parsed 15000000 entries
Parsed 16000000 entries
Parsed 17000000 entries
Parsed 18000000 entries
Parsed 19000000 entries
Parsed 20000000 entries
Parsed 21000000 entries
Parsed 22000000 entries
Parsed 23000000 entries
Parsed 24000000 entries
Parsed 25000000 entries
Parsed 26000000 entries
Parsed 27000000 entries
Parsed 28000000 entries
Parsed 29000000 entries
Parsed 30000000 entries
Parsed 31000000 entries
Parsed 32000000 entries
Parsed 33000000 entries
Parsed 34000000 entries
Parsed 35000000 entries
Parsed 36000000 entries
Parsed 37000000 entries
Parsed 38000000 entries
Parsed 39000000 entries
Parsed 40000000 entries
Parsed 41000000 entries
Done!

rsem-build-read-index 32 1 0 ER100011_anno_rsem.temp/ER100011_anno_rsem_alignable_1.fq ER100011_anno_rsem.temp/ER100011_anno_rsem_alignable_2.fq
FIN 1000000
FIN 2000000
FIN 3000000
FIN 4000000
FIN 5000000
FIN 6000000
FIN 7000000
FIN 8000000
FIN 9000000
FIN 10000000
FIN 11000000
FIN 12000000
Build Index ER100011_anno_rsem.temp/ER100011_anno_rsem_alignable_1.fq is Done!
FIN 1000000
FIN 2000000
FIN 3000000
FIN 4000000
FIN 5000000
FIN 6000000
FIN 7000000
FIN 8000000
FIN 9000000
FIN 10000000
FIN 11000000
FIN 12000000
Build Index ER100011_anno_rsem.temp/ER100011_anno_rsem_alignable_2.fq is Done!

rsem-run-em /tmp/6bd4c0c6-5f1c-4e89-8025-0e974cd765e3/rsem 3 ER100011_anno_rsem ER100011_anno_rsem.temp/ER100011_anno_rsem ER100011_anno_rsem.stat/ER100011_anno_rsem -p 44 --gibbs-out
Refs.loadRefs finished!
Thread 0 : N = 294681, NHit = 926084
Thread 1 : N = 295194, NHit = 926085
Thread 2 : N = 294479, NHit = 926098
DAT 12000000 reads left
Thread 3 : N = 294728, NHit = 926084
Thread 4 : N = 294551, NHit = 926087
Thread 5 : N = 294838, NHit = 926087
DAT 11000000 reads left
Thread 6 : N = 295232, NHit = 926091
Thread 7 : N = 293905, NHit = 926087
Thread 8 : N = 294912, NHit = 926085
Thread 9 : N = 295072, NHit = 926084
DAT 10000000 reads left
Thread 10 : N = 295498, NHit = 926091
Thread 11 : N = 294982, NHit = 926084
Thread 12 : N = 294265, NHit = 926090
DAT 9000000 reads left
Thread 13 : N = 295288, NHit = 926086
Thread 14 : N = 294855, NHit = 926084
Thread 15 : N = 295041, NHit = 926084
DAT 8000000 reads left
Thread 16 : N = 294941, NHit = 926087
Thread 17 : N = 295488, NHit = 926084
Thread 18 : N = 295936, NHit = 926084
Thread 19 : N = 295188, NHit = 926086
DAT 7000000 reads left
Thread 20 : N = 295776, NHit = 926089
Thread 21 : N = 294850, NHit = 926090
Thread 22 : N = 296467, NHit = 926084
DAT 6000000 reads left
Thread 23 : N = 294756, NHit = 926086
Thread 24 : N = 294503, NHit = 926085
Thread 25 : N = 295922, NHit = 926085
Thread 26 : N = 295995, NHit = 926085
DAT 5000000 reads left
Thread 27 : N = 294963, NHit = 926122
Thread 28 : N = 295347, NHit = 926088
Thread 29 : N = 295506, NHit = 926085
DAT 4000000 reads left
Thread 30 : N = 295362, NHit = 926084
Thread 31 : N = 294191, NHit = 926086
Thread 32 : N = 294934, NHit = 926085
DAT 3000000 reads left
Thread 33 : N = 293431, NHit = 926086
Thread 34 : N = 294605, NHit = 926084
Thread 35 : N = 295501, NHit = 926085
Thread 36 : N = 295062, NHit = 926085
DAT 2000000 reads left
Thread 37 : N = 295264, NHit = 926084
Thread 38 : N = 295013, NHit = 926084
Thread 39 : N = 294831, NHit = 926084
DAT 1000000 reads left
Thread 40 : N = 293845, NHit = 926084
Thread 41 : N = 294900, NHit = 926084
Thread 42 : N = 293907, NHit = 926084
Thread 43 : N = 292788, NHit = 925984
EM_init finished!
estimateFromReads, N0 finished.
1000000 READS PROCESSED
2000000 READS PROCESSED
3000000 READS PROCESSED
4000000 READS PROCESSED
5000000 READS PROCESSED
6000000 READS PROCESSED
7000000 READS PROCESSED
8000000 READS PROCESSED
9000000 READS PROCESSED
10000000 READS PROCESSED
11000000 READS PROCESSED
12000000 READS PROCESSED
estimateFromReads, N1 finished.
ROUND = 1, SUM = 13525542, bChange = 8062.64, totNum = 158334
ROUND = 2, SUM = 13525542, bChange = 0.999991, totNum = 54631
ROUND = 3, SUM = 13525541.9999999, bChange = 0.982211, totNum = 51912
ROUND = 4, SUM = 13525542, bChange = 0.875563, totNum = 49934
ROUND = 5, SUM = 13525542, bChange = 0.824614, totNum = 48256
ROUND = 6, SUM = 13525542, bChange = 0.669641, totNum = 46722
ROUND = 7, SUM = 13525542, bChange = 0.65333, totNum = 45287
ROUND = 8, SUM = 13525542.0000001, bChange = 0.600624, totNum = 43915
ROUND = 9, SUM = 13525542, bChange = 0.603751, totNum = 42564
ROUND = 10, SUM = 13525542, bChange = 0.605671, totNum = 41275
ROUND = 11, SUM = 13525541.9999999, bChange = 0.556642, totNum = 40026
ROUND = 12, SUM = 13525541.9999999, bChange = 0.551433, totNum = 38597
ROUND = 13, SUM = 13525541.9999999, bChange = 0.457894, totNum = 37298
ROUND = 14, SUM = 13525541.9999999, bChange = 0.440416, totNum = 36101
ROUND = 15, SUM = 13525541.9999999, bChange = 0.440617, totNum = 35019
ROUND = 16, SUM = 13525541.9999999, bChange = 0.41652, totNum = 33933
ROUND = 17, SUM = 13525542, bChange = 0.447189, totNum = 32895
ROUND = 18, SUM = 13525542, bChange = 0.409071, totNum = 31941
ROUND = 19, SUM = 13525541.9999999, bChange = 0.387984, totNum = 31030
ROUND = 20, SUM = 13525541.9999999, bChange = 0.336313, totNum = 30134
ROUND = 21, SUM = 13525542, bChange = 0.337131, totNum = 29240
ROUND = 22, SUM = 13525542, bChange = 0.282565, totNum = 28394
ROUND = 23, SUM = 13525542, bChange = 0.255271, totNum = 27597
ROUND = 24, SUM = 13525542, bChange = 0.25604, totNum = 26846
ROUND = 25, SUM = 13525541.9999999, bChange = 0.250893, totNum = 26113
ROUND = 26, SUM = 13525542, bChange = 0.244439, totNum = 25391
ROUND = 27, SUM = 13525542, bChange = 0.244615, totNum = 24734
ROUND = 28, SUM = 13525542, bChange = 0.234528, totNum = 24100
ROUND = 29, SUM = 13525542, bChange = 0.235146, totNum = 23474
ROUND = 30, SUM = 13525541.9999999, bChange = 0.235801, totNum = 22887
ROUND = 31, SUM = 13525541.9999999, bChange = 0.23184, totNum = 22319
ROUND = 32, SUM = 13525541.9999999, bChange = 0.213159, totNum = 21806
ROUND = 33, SUM = 13525541.9999999, bChange = 0.212627, totNum = 21282
ROUND = 34, SUM = 13525542, bChange = 0.212624, totNum = 20711
ROUND = 35, SUM = 13525541.9999999, bChange = 0.199527, totNum = 20230
ROUND = 36, SUM = 13525541.9999999, bChange = 0.199523, totNum = 19688
ROUND = 37, SUM = 13525542, bChange = 0.199525, totNum = 19180
ROUND = 38, SUM = 13525541.9999999, bChange = 0.190361, totNum = 18697
ROUND = 39, SUM = 13525541.9999999, bChange = 0.19036, totNum = 18244
ROUND = 40, SUM = 13525541.9999999, bChange = 0.190354, totNum = 17755
ROUND = 41, SUM = 13525541.9999999, bChange = 0.190342, totNum = 17318
ROUND = 42, SUM = 13525541.9999999, bChange = 0.190325, totNum = 16929
ROUND = 43, SUM = 13525542, bChange = 0.190305, totNum = 16527
ROUND = 44, SUM = 13525541.9999999, bChange = 0.190282, totNum = 16167
ROUND = 45, SUM = 13525541.9999999, bChange = 0.190257, totNum = 15787
ROUND = 46, SUM = 13525542, bChange = 0.19023, totNum = 15438
ROUND = 47, SUM = 13525541.9999999, bChange = 0.190201, totNum = 15113
ROUND = 48, SUM = 13525541.9999999, bChange = 0.190171, totNum = 14767
ROUND = 49, SUM = 13525542, bChange = 0.19014, totNum = 14406
ROUND = 50, SUM = 13525542, bChange = 0.146285, totNum = 14064
ROUND = 51, SUM = 13525541.9999999, bChange = 0.146283, totNum = 13755
ROUND = 52, SUM = 13525542, bChange = 0.146281, totNum = 13449
ROUND = 53, SUM = 13525541.9999999, bChange = 0.132691, totNum = 13160
ROUND = 54, SUM = 13525542, bChange = 0.132937, totNum = 12859
ROUND = 55, SUM = 13525541.9999999, bChange = 0.133169, totNum = 12586
ROUND = 56, SUM = 13525541.9999999, bChange = 0.133387, totNum = 12334
ROUND = 57, SUM = 13525542, bChange = 0.133593, totNum = 12051
ROUND = 58, SUM = 13525542, bChange = 0.133787, totNum = 11788
ROUND = 59, SUM = 13525541.9999999, bChange = 0.133969, totNum = 11519
ROUND = 60, SUM = 13525541.9999999, bChange = 0.113239, totNum = 11277
ROUND = 61, SUM = 13525541.9999999, bChange = 0.113205, totNum = 11053
ROUND = 62, SUM = 13525541.9999999, bChange = 0.113172, totNum = 10819
ROUND = 63, SUM = 13525541.9999999, bChange = 0.11314, totNum = 10577
ROUND = 64, SUM = 13525541.9999999, bChange = 0.113108, totNum = 10365
ROUND = 65, SUM = 13525541.9999999, bChange = 0.113077, totNum = 10149
ROUND = 66, SUM = 13525541.9999999, bChange = 0.113046, totNum = 9961
ROUND = 67, SUM = 13525542, bChange = 0.113016, totNum = 9755
ROUND = 68, SUM = 13525541.9999999, bChange = 0.110502, totNum = 9556
ROUND = 69, SUM = 13525541.9999999, bChange = 0.110522, totNum = 9376
ROUND = 70, SUM = 13525541.9999999, bChange = 0.11054, totNum = 9213
ROUND = 71, SUM = 13525542.0000001, bChange = 0.103811, totNum = 9038
ROUND = 72, SUM = 13525542, bChange = 0.103793, totNum = 8857
ROUND = 73, SUM = 13525541.9999999, bChange = 0.099981, totNum = 8678
ROUND = 74, SUM = 13525542, bChange = 0.099983, totNum = 8509
ROUND = 75, SUM = 13525542, bChange = 0.0999848, totNum = 8352
ROUND = 76, SUM = 13525541.9999999, bChange = 0.0999865, totNum = 8210
ROUND = 77, SUM = 13525542, bChange = 0.0999879, totNum = 8060
ROUND = 78, SUM = 13525542, bChange = 0.0999892, totNum = 7901
ROUND = 79, SUM = 13525541.9999999, bChange = 0.0999904, totNum = 7765
ROUND = 80, SUM = 13525541.9999999, bChange = 0.0999914, totNum = 7616
ROUND = 81, SUM = 13525541.9999999, bChange = 0.0999923, totNum = 7501
ROUND = 82, SUM = 13525541.9999999, bChange = 0.0999932, totNum = 7373
ROUND = 83, SUM = 13525541.9999999, bChange = 0.0999939, totNum = 7226
ROUND = 84, SUM = 13525542, bChange = 0.0999946, totNum = 7094
ROUND = 85, SUM = 13525542, bChange = 0.0999952, totNum = 6981
ROUND = 86, SUM = 13525541.9999999, bChange = 0.0999957, totNum = 6863
ROUND = 87, SUM = 13525542, bChange = 0.0999962, totNum = 6762
ROUND = 88, SUM = 13525541.9999999, bChange = 0.0999967, totNum = 6629
ROUND = 89, SUM = 13525542, bChange = 0.099997, totNum = 6534
ROUND = 90, SUM = 13525542, bChange = 0.0999974, totNum = 6421
ROUND = 91, SUM = 13525542, bChange = 0.0999977, totNum = 6299
ROUND = 92, SUM = 13525542, bChange = 0.099998, totNum = 6190
ROUND = 93, SUM = 13525542, bChange = 0.0822592, totNum = 6071
ROUND = 94, SUM = 13525542, bChange = 0.0822169, totNum = 5963
ROUND = 95, SUM = 13525542, bChange = 0.079752, totNum = 5854
ROUND = 96, SUM = 13525542, bChange = 0.0705146, totNum = 5771
ROUND = 97, SUM = 13525542, bChange = 0.0705211, totNum = 5692
ROUND = 98, SUM = 13525541.9999999, bChange = 0.0705272, totNum = 5604
ROUND = 99, SUM = 13525542, bChange = 0.0705329, totNum = 5500
ROUND = 100, SUM = 13525542, bChange = 0.070538, totNum = 5390
ROUND = 101, SUM = 13525541.9999999, bChange = 0.0705489, totNum = 5318
ROUND = 102, SUM = 13525542, bChange = 0.0706064, totNum = 5239
ROUND = 103, SUM = 13525542, bChange = 0.0706614, totNum = 5157
ROUND = 104, SUM = 13525541.9999999, bChange = 0.0654517, totNum = 5094
ROUND = 105, SUM = 13525542, bChange = 0.0654618, totNum = 5016
ROUND = 106, SUM = 13525542, bChange = 0.0654713, totNum = 4948
ROUND = 107, SUM = 13525542, bChange = 0.0654803, totNum = 4878
ROUND = 108, SUM = 13525541.9999999, bChange = 0.0654888, totNum = 4819
ROUND = 109, SUM = 13525541.9999999, bChange = 0.0654968, totNum = 4742
ROUND = 110, SUM = 13525542, bChange = 0.0621189, totNum = 4681
ROUND = 111, SUM = 13525542, bChange = 0.0621603, totNum = 4618
ROUND = 112, SUM = 13525542, bChange = 0.0622004, totNum = 4556
ROUND = 113, SUM = 13525541.9999999, bChange = 0.0622391, totNum = 4498
ROUND = 114, SUM = 13525542, bChange = 0.0622765, totNum = 4433
ROUND = 115, SUM = 13525541.9999999, bChange = 0.0623126, totNum = 4360
ROUND = 116, SUM = 13525542, bChange = 0.0623476, totNum = 4287
ROUND = 117, SUM = 13525541.9999999, bChange = 0.0623813, totNum = 4244
ROUND = 118, SUM = 13525542, bChange = 0.0624139, totNum = 4187
ROUND = 119, SUM = 13525542, bChange = 0.0624455, totNum = 4120
ROUND = 120, SUM = 13525542, bChange = 0.0624759, totNum = 4055
ROUND = 121, SUM = 13525542, bChange = 0.0625054, totNum = 3996
ROUND = 122, SUM = 13525542, bChange = 0.0625339, totNum = 3945
ROUND = 123, SUM = 13525542, bChange = 0.0625614, totNum = 3892
ROUND = 124, SUM = 13525542, bChange = 0.0573861, totNum = 3857
ROUND = 125, SUM = 13525542, bChange = 0.0573946, totNum = 3805
ROUND = 126, SUM = 13525542, bChange = 0.0570596, totNum = 3747
ROUND = 127, SUM = 13525541.9999999, bChange = 0.0570523, totNum = 3692
ROUND = 128, SUM = 13525542, bChange = 0.0570452, totNum = 3642
ROUND = 129, SUM = 13525541.9999999, bChange = 0.0731747, totNum = 3594
ROUND = 130, SUM = 13525542, bChange = 0.0650411, totNum = 3549
ROUND = 131, SUM = 13525542.0000001, bChange = 0.0580033, totNum = 3502
ROUND = 132, SUM = 13525542, bChange = 0.0570186, totNum = 3451
ROUND = 133, SUM = 13525542, bChange = 0.0570123, totNum = 3412
ROUND = 134, SUM = 13525542, bChange = 0.0570062, totNum = 3382
ROUND = 135, SUM = 13525542, bChange = 0.0570002, totNum = 3337
ROUND = 136, SUM = 13525542, bChange = 0.0569944, totNum = 3292
ROUND = 137, SUM = 13525542, bChange = 0.0557356, totNum = 3254
ROUND = 138, SUM = 13525542, bChange = 0.0557573, totNum = 3223
ROUND = 139, SUM = 13525542, bChange = 0.0557787, totNum = 3195
ROUND = 140, SUM = 13525542, bChange = 0.0557998, totNum = 3155
ROUND = 141, SUM = 13525541.9999999, bChange = 0.0558206, totNum = 3117
ROUND = 142, SUM = 13525541.9999999, bChange = 0.0558411, totNum = 3079
ROUND = 143, SUM = 13525541.9999999, bChange = 0.0558613, totNum = 3045
ROUND = 144, SUM = 13525541.9999999, bChange = 0.0558812, totNum = 3003
ROUND = 145, SUM = 13525542, bChange = 0.0559009, totNum = 2969
ROUND = 146, SUM = 13525542, bChange = 0.0559203, totNum = 2943
ROUND = 147, SUM = 13525542, bChange = 0.0559394, totNum = 2915
ROUND = 148, SUM = 13525541.9999999, bChange = 0.0559583, totNum = 2884
ROUND = 149, SUM = 13525542, bChange = 0.0559769, totNum = 2844
ROUND = 150, SUM = 13525542, bChange = 0.0559953, totNum = 2805
ROUND = 151, SUM = 13525542, bChange = 0.0560134, totNum = 2763
ROUND = 152, SUM = 13525542, bChange = 0.0560313, totNum = 2732
ROUND = 153, SUM = 13525541.9999999, bChange = 0.0531516, totNum = 2699
ROUND = 154, SUM = 13525541.9999999, bChange = 0.0458732, totNum = 2675
ROUND = 155, SUM = 13525541.9999999, bChange = 0.045898, totNum = 2644
ROUND = 156, SUM = 13525541.9999999, bChange = 0.0459225, totNum = 2630
ROUND = 157, SUM = 13525542, bChange = 0.0459465, totNum = 2599
ROUND = 158, SUM = 13525541.9999999, bChange = 0.04597, totNum = 2574
ROUND = 159, SUM = 13525541.9999999, bChange = 0.0459931, totNum = 2549
ROUND = 160, SUM = 13525542, bChange = 0.0443034, totNum = 2518
ROUND = 161, SUM = 13525542, bChange = 0.0443076, totNum = 2498
ROUND = 162, SUM = 13525541.9999999, bChange = 0.0443115, totNum = 2469
ROUND = 163, SUM = 13525541.9999999, bChange = 0.0443153, totNum = 2446
ROUND = 164, SUM = 13525542, bChange = 0.044319, totNum = 2419
ROUND = 165, SUM = 13525541.9999999, bChange = 0.0443225, totNum = 2402
ROUND = 166, SUM = 13525541.9999999, bChange = 0.0443258, totNum = 2380
ROUND = 167, SUM = 13525542, bChange = 0.044329, totNum = 2356
ROUND = 168, SUM = 13525542, bChange = 0.0443321, totNum = 2337
ROUND = 169, SUM = 13525542, bChange = 0.044335, totNum = 2326
ROUND = 170, SUM = 13525542, bChange = 0.0443379, totNum = 2302
ROUND = 171, SUM = 13525542, bChange = 0.0399825, totNum = 2276
ROUND = 172, SUM = 13525542, bChange = 0.0399984, totNum = 2256
ROUND = 173, SUM = 13525542, bChange = 0.040014, totNum = 2235
ROUND = 174, SUM = 13525542, bChange = 0.0400293, totNum = 2213
ROUND = 175, SUM = 13525542, bChange = 0.0400443, totNum = 2191
ROUND = 176, SUM = 13525542, bChange = 0.0400589, totNum = 2162
ROUND = 177, SUM = 13525541.9999999, bChange = 0.0400733, totNum = 2149
ROUND = 178, SUM = 13525541.9999999, bChange = 0.0400875, totNum = 2134
ROUND = 179, SUM = 13525541.9999999, bChange = 0.0401013, totNum = 2113
ROUND = 180, SUM = 13525542, bChange = 0.0397451, totNum = 2094
ROUND = 181, SUM = 13525542, bChange = 0.0397443, totNum = 2066
ROUND = 182, SUM = 13525541.9999999, bChange = 0.0397435, totNum = 2053
ROUND = 183, SUM = 13525542, bChange = 0.0397427, totNum = 2038
ROUND = 184, SUM = 13525542, bChange = 0.039742, totNum = 2019
ROUND = 185, SUM = 13525541.9999999, bChange = 0.0397413, totNum = 2008
ROUND = 186, SUM = 13525542, bChange = 0.0397406, totNum = 1976
ROUND = 187, SUM = 13525542, bChange = 0.0397399, totNum = 1961
ROUND = 188, SUM = 13525542, bChange = 0.0354329, totNum = 1943
ROUND = 189, SUM = 13525542.0000001, bChange = 0.035447, totNum = 1934
ROUND = 190, SUM = 13525541.9999999, bChange = 0.0354609, totNum = 1915
ROUND = 191, SUM = 13525542, bChange = 0.0354747, totNum = 1899
ROUND = 192, SUM = 13525541.9999999, bChange = 0.0354883, totNum = 1878
ROUND = 193, SUM = 13525542, bChange = 0.0355018, totNum = 1861
ROUND = 194, SUM = 13525542, bChange = 0.0355152, totNum = 1845
ROUND = 195, SUM = 13525542, bChange = 0.0355284, totNum = 1835
ROUND = 196, SUM = 13525542, bChange = 0.0342433, totNum = 1818
ROUND = 197, SUM = 13525542, bChange = 0.034255, totNum = 1810
ROUND = 198, SUM = 13525542, bChange = 0.0342665, totNum = 1800
ROUND = 199, SUM = 13525542, bChange = 0.0342777, totNum = 1786
ROUND = 200, SUM = 13525542, bChange = 0.0342887, totNum = 1769
ROUND = 201, SUM = 13525542, bChange = 0.0342994, totNum = 1756
ROUND = 202, SUM = 13525542, bChange = 0.0343099, totNum = 1739
ROUND = 203, SUM = 13525542, bChange = 0.0343201, totNum = 1721
ROUND = 204, SUM = 13525542, bChange = 0.0343301, totNum = 1707
ROUND = 205, SUM = 13525541.9999999, bChange = 0.0343399, totNum = 1697
ROUND = 206, SUM = 13525541.9999999, bChange = 0.0343495, totNum = 1682
ROUND = 207, SUM = 13525542, bChange = 0.0343588, totNum = 1674
ROUND = 208, SUM = 13525542, bChange = 0.0343679, totNum = 1664
ROUND = 209, SUM = 13525542, bChange = 0.0343769, totNum = 1653
ROUND = 210, SUM = 13525541.9999999, bChange = 0.0343856, totNum = 1636
ROUND = 211, SUM = 13525542, bChange = 0.0343941, totNum = 1625
ROUND = 212, SUM = 13525542, bChange = 0.0344024, totNum = 1616
ROUND = 213, SUM = 13525542, bChange = 0.0344105, totNum = 1606
ROUND = 214, SUM = 13525542, bChange = 0.0344185, totNum = 1586
ROUND = 215, SUM = 13525541.9999999, bChange = 0.0344262, totNum = 1575
ROUND = 216, SUM = 13525542, bChange = 0.0344338, totNum = 1563
ROUND = 217, SUM = 13525542, bChange = 0.0344412, totNum = 1551
ROUND = 218, SUM = 13525542, bChange = 0.0344484, totNum = 1539
ROUND = 219, SUM = 13525542, bChange = 0.0344555, totNum = 1531
ROUND = 220, SUM = 13525542, bChange = 0.0344624, totNum = 1521
ROUND = 221, SUM = 13525542, bChange = 0.0302591, totNum = 1508
ROUND = 222, SUM = 13525542, bChange = 0.030267, totNum = 1500
ROUND = 223, SUM = 13525542, bChange = 0.0302748, totNum = 1493
ROUND = 224, SUM = 13525542, bChange = 0.0302826, totNum = 1478
ROUND = 225, SUM = 13525542, bChange = 0.0302903, totNum = 1467
ROUND = 226, SUM = 13525542, bChange = 0.0302979, totNum = 1456
ROUND = 227, SUM = 13525542, bChange = 0.0303055, totNum = 1443
ROUND = 228, SUM = 13525542, bChange = 0.030313, totNum = 1429
ROUND = 229, SUM = 13525542, bChange = 0.0303204, totNum = 1417
ROUND = 230, SUM = 13525541.9999999, bChange = 0.0303278, totNum = 1404
ROUND = 231, SUM = 13525541.9999999, bChange = 0.0303351, totNum = 1395
ROUND = 232, SUM = 13525541.9999999, bChange = 0.0303423, totNum = 1382
ROUND = 233, SUM = 13525542, bChange = 0.0303494, totNum = 1377
ROUND = 234, SUM = 13525542, bChange = 0.0296587, totNum = 1365
ROUND = 235, SUM = 13525542, bChange = 0.029659, totNum = 1357
ROUND = 236, SUM = 13525542, bChange = 0.0296594, totNum = 1344
ROUND = 237, SUM = 13525542, bChange = 0.0296597, totNum = 1333
ROUND = 238, SUM = 13525542, bChange = 0.02966, totNum = 1324
ROUND = 239, SUM = 13525542, bChange = 0.0296603, totNum = 1315
ROUND = 240, SUM = 13525542, bChange = 0.0296605, totNum = 1303
ROUND = 241, SUM = 13525542, bChange = 0.0296608, totNum = 1297
ROUND = 242, SUM = 13525542, bChange = 0.0296611, totNum = 1286
ROUND = 243, SUM = 13525542, bChange = 0.0296613, totNum = 1281
ROUND = 244, SUM = 13525542, bChange = 0.0296616, totNum = 1273
ROUND = 245, SUM = 13525542, bChange = 0.0296618, totNum = 1267
ROUND = 246, SUM = 13525542, bChange = 0.029662, totNum = 1260
ROUND = 247, SUM = 13525541.9999999, bChange = 0.0296623, totNum = 1247
ROUND = 248, SUM = 13525541.9999999, bChange = 0.0296625, totNum = 1238
ROUND = 249, SUM = 13525541.9999999, bChange = 0.0296627, totNum = 1229
ROUND = 250, SUM = 13525542, bChange = 0.0296629, totNum = 1215
ROUND = 251, SUM = 13525541.9999999, bChange = 0.0296631, totNum = 1203
ROUND = 252, SUM = 13525542, bChange = 0.0296633, totNum = 1190
ROUND = 253, SUM = 13525541.9999999, bChange = 0.0296635, totNum = 1185
ROUND = 254, SUM = 13525541.9999999, bChange = 0.0296636, totNum = 1178
ROUND = 255, SUM = 13525542, bChange = 0.0296638, totNum = 1172
ROUND = 256, SUM = 13525542, bChange = 0.029664, totNum = 1164
ROUND = 257, SUM = 13525542, bChange = 0.0296641, totNum = 1150
ROUND = 258, SUM = 13525541.9999999, bChange = 0.0296643, totNum = 1142
ROUND = 259, SUM = 13525542, bChange = 0.0296645, totNum = 1139
ROUND = 260, SUM = 13525542, bChange = 0.0296646, totNum = 1135
ROUND = 261, SUM = 13525542, bChange = 0.0296647, totNum = 1126
ROUND = 262, SUM = 13525542, bChange = 0.0296649, totNum = 1119
ROUND = 263, SUM = 13525542, bChange = 0.029665, totNum = 1108
ROUND = 264, SUM = 13525542, bChange = 0.0296651, totNum = 1102
ROUND = 265, SUM = 13525541.9999999, bChange = 0.0296653, totNum = 1097
ROUND = 266, SUM = 13525542, bChange = 0.0296654, totNum = 1091
ROUND = 267, SUM = 13525542, bChange = 0.0251333, totNum = 1083
ROUND = 268, SUM = 13525542, bChange = 0.0251332, totNum = 1076
ROUND = 269, SUM = 13525542, bChange = 0.0251331, totNum = 1065
ROUND = 270, SUM = 13525542, bChange = 0.0251329, totNum = 1060
ROUND = 271, SUM = 13525542, bChange = 0.0251328, totNum = 1048
ROUND = 272, SUM = 13525542, bChange = 0.0251327, totNum = 1037
ROUND = 273, SUM = 13525542, bChange = 0.0251326, totNum = 1025
ROUND = 274, SUM = 13525541.9999999, bChange = 0.0251325, totNum = 1018
ROUND = 275, SUM = 13525542, bChange = 0.0250994, totNum = 1002
ROUND = 276, SUM = 13525542, bChange = 0.0250999, totNum = 993
ROUND = 277, SUM = 13525542, bChange = 0.0251004, totNum = 988
ROUND = 278, SUM = 13525542, bChange = 0.0251009, totNum = 975
ROUND = 279, SUM = 13525542, bChange = 0.0251014, totNum = 960
ROUND = 280, SUM = 13525542, bChange = 0.0251018, totNum = 953
ROUND = 281, SUM = 13525542, bChange = 0.0251023, totNum = 947
ROUND = 282, SUM = 13525542, bChange = 0.0251027, totNum = 938
ROUND = 283, SUM = 13525542, bChange = 0.0251031, totNum = 938
ROUND = 284, SUM = 13525542, bChange = 0.0251036, totNum = 933
ROUND = 285, SUM = 13525541.9999999, bChange = 0.025104, totNum = 927
ROUND = 286, SUM = 13525541.9999999, bChange = 0.0251044, totNum = 918
ROUND = 287, SUM = 13525542, bChange = 0.0251047, totNum = 913
ROUND = 288, SUM = 13525542, bChange = 0.0251051, totNum = 909
ROUND = 289, SUM = 13525542, bChange = 0.0251055, totNum = 902
ROUND = 290, SUM = 13525542, bChange = 0.0251058, totNum = 893
ROUND = 291, SUM = 13525542, bChange = 0.0251062, totNum = 889
ROUND = 292, SUM = 13525542, bChange = 0.0251065, totNum = 884
ROUND = 293, SUM = 13525542, bChange = 0.0251069, totNum = 880
ROUND = 294, SUM = 13525541.9999999, bChange = 0.0251072, totNum = 874
ROUND = 295, SUM = 13525542.0000001, bChange = 0.0251075, totNum = 872
ROUND = 296, SUM = 13525542, bChange = 0.0251078, totNum = 866
ROUND = 297, SUM = 13525542, bChange = 0.0251081, totNum = 863
ROUND = 298, SUM = 13525541.9999999, bChange = 0.0251084, totNum = 856
ROUND = 299, SUM = 13525542, bChange = 0.0251087, totNum = 849
ROUND = 300, SUM = 13525542, bChange = 0.0251089, totNum = 846
ROUND = 301, SUM = 13525542, bChange = 0.0251092, totNum = 840
ROUND = 302, SUM = 13525542, bChange = 0.0251095, totNum = 839
ROUND = 303, SUM = 13525542, bChange = 0.0251097, totNum = 837
ROUND = 304, SUM = 13525542, bChange = 0.02511, totNum = 830
ROUND = 305, SUM = 13525541.9999999, bChange = 0.0251102, totNum = 828
ROUND = 306, SUM = 13525541.9999999, bChange = 0.0251105, totNum = 825
ROUND = 307, SUM = 13525542, bChange = 0.0251107, totNum = 817
ROUND = 308, SUM = 13525542, bChange = 0.0251109, totNum = 813
ROUND = 309, SUM = 13525542, bChange = 0.0251111, totNum = 805
ROUND = 310, SUM = 13525541.9999999, bChange = 0.0251114, totNum = 802
ROUND = 311, SUM = 13525542, bChange = 0.0251116, totNum = 798
ROUND = 312, SUM = 13525542, bChange = 0.0214319, totNum = 796
ROUND = 313, SUM = 13525541.9999999, bChange = 0.0214355, totNum = 793
ROUND = 314, SUM = 13525542, bChange = 0.021439, totNum = 789
ROUND = 315, SUM = 13525542, bChange = 0.0214424, totNum = 788
ROUND = 316, SUM = 13525542, bChange = 0.0214458, totNum = 786
ROUND = 317, SUM = 13525541.9999999, bChange = 0.0214491, totNum = 783
ROUND = 318, SUM = 13525542, bChange = 0.0214523, totNum = 781
ROUND = 319, SUM = 13525542, bChange = 0.0214555, totNum = 776
ROUND = 320, SUM = 13525542, bChange = 0.0214586, totNum = 774
ROUND = 321, SUM = 13525542, bChange = 0.0214616, totNum = 773
ROUND = 322, SUM = 13525542, bChange = 0.0214646, totNum = 772
ROUND = 323, SUM = 13525542, bChange = 0.0214675, totNum = 768
ROUND = 324, SUM = 13525542, bChange = 0.0214704, totNum = 764
ROUND = 325, SUM = 13525541.9999999, bChange = 0.0214732, totNum = 759
ROUND = 326, SUM = 13525542, bChange = 0.021476, totNum = 755
ROUND = 327, SUM = 13525542, bChange = 0.0214787, totNum = 752
ROUND = 328, SUM = 13525542, bChange = 0.0214813, totNum = 748
ROUND = 329, SUM = 13525541.9999999, bChange = 0.0214839, totNum = 742
ROUND = 330, SUM = 13525542, bChange = 0.0214864, totNum = 740
ROUND = 331, SUM = 13525542, bChange = 0.0214889, totNum = 735
ROUND = 332, SUM = 13525542, bChange = 0.0214914, totNum = 732
ROUND = 333, SUM = 13525542, bChange = 0.0214938, totNum = 729
ROUND = 334, SUM = 13525542, bChange = 0.0214961, totNum = 726
ROUND = 335, SUM = 13525542, bChange = 0.0214984, totNum = 723
ROUND = 336, SUM = 13525542, bChange = 0.0215006, totNum = 722
ROUND = 337, SUM = 13525542, bChange = 0.0215028, totNum = 722
ROUND = 338, SUM = 13525542, bChange = 0.021505, totNum = 721
ROUND = 339, SUM = 13525542, bChange = 0.0215071, totNum = 715
ROUND = 340, SUM = 13525541.9999999, bChange = 0.0215092, totNum = 713
ROUND = 341, SUM = 13525542, bChange = 0.0215112, totNum = 708
ROUND = 342, SUM = 13525542, bChange = 0.0215132, totNum = 705
ROUND = 343, SUM = 13525542, bChange = 0.0215151, totNum = 704
ROUND = 344, SUM = 13525542, bChange = 0.021517, totNum = 700
ROUND = 345, SUM = 13525542, bChange = 0.0215189, totNum = 693
ROUND = 346, SUM = 13525542, bChange = 0.0215207, totNum = 689
ROUND = 347, SUM = 13525542, bChange = 0.0215225, totNum = 687
ROUND = 348, SUM = 13525542, bChange = 0.0215243, totNum = 682
ROUND = 349, SUM = 13525542, bChange = 0.021526, totNum = 678
ROUND = 350, SUM = 13525542, bChange = 0.0215277, totNum = 673
ROUND = 351, SUM = 13525542, bChange = 0.0215293, totNum = 672
ROUND = 352, SUM = 13525542, bChange = 0.021531, totNum = 670
ROUND = 353, SUM = 13525542, bChange = 0.0215325, totNum = 668
ROUND = 354, SUM = 13525542, bChange = 0.0215341, totNum = 662
ROUND = 355, SUM = 13525542, bChange = 0.0215356, totNum = 661
ROUND = 356, SUM = 13525542, bChange = 0.0215371, totNum = 658
ROUND = 357, SUM = 13525541.9999999, bChange = 0.0215386, totNum = 654
ROUND = 358, SUM = 13525542, bChange = 0.02154, totNum = 647
ROUND = 359, SUM = 13525542.0000001, bChange = 0.0215414, totNum = 647
ROUND = 360, SUM = 13525542, bChange = 0.0215428, totNum = 646
ROUND = 361, SUM = 13525542, bChange = 0.0215441, totNum = 644
ROUND = 362, SUM = 13525541.9999999, bChange = 0.0215454, totNum = 639
ROUND = 363, SUM = 13525542, bChange = 0.0215467, totNum = 636
ROUND = 364, SUM = 13525541.9999999, bChange = 0.021548, totNum = 635
ROUND = 365, SUM = 13525542, bChange = 0.0188796, totNum = 631
ROUND = 366, SUM = 13525542, bChange = 0.0188794, totNum = 629
ROUND = 367, SUM = 13525542, bChange = 0.0181518, totNum = 627
ROUND = 368, SUM = 13525542, bChange = 0.0181517, totNum = 623
ROUND = 369, SUM = 13525541.9999999, bChange = 0.0181516, totNum = 621
ROUND = 370, SUM = 13525542, bChange = 0.0181515, totNum = 616
ROUND = 371, SUM = 13525542, bChange = 0.0181513, totNum = 615
ROUND = 372, SUM = 13525542, bChange = 0.0181512, totNum = 613
ROUND = 373, SUM = 13525542, bChange = 0.0181511, totNum = 610
ROUND = 374, SUM = 13525542, bChange = 0.018151, totNum = 605
ROUND = 375, SUM = 13525542, bChange = 0.0181509, totNum = 602
ROUND = 376, SUM = 13525542, bChange = 0.0181508, totNum = 599
ROUND = 377, SUM = 13525541.9999999, bChange = 0.0181507, totNum = 598
ROUND = 378, SUM = 13525542.0000001, bChange = 0.0181506, totNum = 596
ROUND = 379, SUM = 13525542, bChange = 0.0181505, totNum = 594
ROUND = 380, SUM = 13525542, bChange = 0.0181504, totNum = 593
ROUND = 381, SUM = 13525542, bChange = 0.0181503, totNum = 592
ROUND = 382, SUM = 13525542, bChange = 0.0171089, totNum = 583
ROUND = 383, SUM = 13525542, bChange = 0.0171097, totNum = 582
ROUND = 384, SUM = 13525542, bChange = 0.0171106, totNum = 582
ROUND = 385, SUM = 13525542, bChange = 0.0171114, totNum = 579
ROUND = 386, SUM = 13525542, bChange = 0.0171122, totNum = 574
ROUND = 387, SUM = 13525541.9999999, bChange = 0.017113, totNum = 573
ROUND = 388, SUM = 13525542, bChange = 0.0171138, totNum = 568
ROUND = 389, SUM = 13525542, bChange = 0.0171146, totNum = 565
ROUND = 390, SUM = 13525541.9999999, bChange = 0.0171153, totNum = 561
ROUND = 391, SUM = 13525542, bChange = 0.0171161, totNum = 555
ROUND = 392, SUM = 13525542, bChange = 0.0171168, totNum = 552
ROUND = 393, SUM = 13525542, bChange = 0.0171176, totNum = 551
ROUND = 394, SUM = 13525542, bChange = 0.0171183, totNum = 547
ROUND = 395, SUM = 13525542, bChange = 0.017119, totNum = 543
ROUND = 396, SUM = 13525542, bChange = 0.0171197, totNum = 541
ROUND = 397, SUM = 13525542, bChange = 0.0171205, totNum = 541
ROUND = 398, SUM = 13525541.9999999, bChange = 0.0171211, totNum = 539
ROUND = 399, SUM = 13525542, bChange = 0.0171218, totNum = 535
ROUND = 400, SUM = 13525542, bChange = 0.0171225, totNum = 531
ROUND = 401, SUM = 13525542, bChange = 0.0171232, totNum = 531
ROUND = 402, SUM = 13525542, bChange = 0.0171238, totNum = 529
ROUND = 403, SUM = 13525542, bChange = 0.0171245, totNum = 530
ROUND = 404, SUM = 13525542, bChange = 0.0171251, totNum = 527
ROUND = 405, SUM = 13525542, bChange = 0.0171257, totNum = 525
ROUND = 406, SUM = 13525542, bChange = 0.0171264, totNum = 522
ROUND = 407, SUM = 13525542, bChange = 0.017127, totNum = 520
ROUND = 408, SUM = 13525542, bChange = 0.0171276, totNum = 519
ROUND = 409, SUM = 13525542, bChange = 0.0171282, totNum = 517
ROUND = 410, SUM = 13525542, bChange = 0.0171288, totNum = 515
ROUND = 411, SUM = 13525542, bChange = 0.0171294, totNum = 512
ROUND = 412, SUM = 13525542, bChange = 0.01713, totNum = 510
ROUND = 413, SUM = 13525542, bChange = 0.0171305, totNum = 510
ROUND = 414, SUM = 13525542, bChange = 0.0171311, totNum = 509
ROUND = 415, SUM = 13525542, bChange = 0.0171316, totNum = 508
ROUND = 416, SUM = 13525542.0000001, bChange = 0.0171322, totNum = 505
ROUND = 417, SUM = 13525542, bChange = 0.0171327, totNum = 502
ROUND = 418, SUM = 13525542, bChange = 0.0171333, totNum = 502
ROUND = 419, SUM = 13525542, bChange = 0.0171338, totNum = 499
ROUND = 420, SUM = 13525542, bChange = 0.0171343, totNum = 495
ROUND = 421, SUM = 13525542, bChange = 0.0171348, totNum = 489
ROUND = 422, SUM = 13525542, bChange = 0.0171353, totNum = 489
ROUND = 423, SUM = 13525542, bChange = 0.0171358, totNum = 489
ROUND = 424, SUM = 13525542, bChange = 0.0171363, totNum = 489
ROUND = 425, SUM = 13525542, bChange = 0.0171368, totNum = 487
ROUND = 426, SUM = 13525542, bChange = 0.0171373, totNum = 487
ROUND = 427, SUM = 13525542, bChange = 0.0171378, totNum = 485
ROUND = 428, SUM = 13525542, bChange = 0.0159133, totNum = 483
ROUND = 429, SUM = 13525542, bChange = 0.0159132, totNum = 482
ROUND = 430, SUM = 13525542, bChange = 0.0159132, totNum = 480
ROUND = 431, SUM = 13525542, bChange = 0.0159132, totNum = 478
ROUND = 432, SUM = 13525542, bChange = 0.0159131, totNum = 476
ROUND = 433, SUM = 13525542, bChange = 0.0159131, totNum = 471
ROUND = 434, SUM = 13525542, bChange = 0.0159131, totNum = 471
ROUND = 435, SUM = 13525542, bChange = 0.0159131, totNum = 468
ROUND = 436, SUM = 13525542, bChange = 0.015913, totNum = 466
ROUND = 437, SUM = 13525542, bChange = 0.015913, totNum = 465
ROUND = 438, SUM = 13525542, bChange = 0.015913, totNum = 464
ROUND = 439, SUM = 13525542, bChange = 0.015913, totNum = 462
ROUND = 440, SUM = 13525542, bChange = 0.015913, totNum = 460
ROUND = 441, SUM = 13525542, bChange = 0.0159129, totNum = 457
ROUND = 442, SUM = 13525542, bChange = 0.0159129, totNum = 453
ROUND = 443, SUM = 13525542, bChange = 0.0159129, totNum = 451
ROUND = 444, SUM = 13525542, bChange = 0.0159129, totNum = 450
ROUND = 445, SUM = 13525542, bChange = 0.0159128, totNum = 449
ROUND = 446, SUM = 13525542, bChange = 0.0159128, totNum = 446
ROUND = 447, SUM = 13525542, bChange = 0.0159128, totNum = 445
ROUND = 448, SUM = 13525542, bChange = 0.0159128, totNum = 444
ROUND = 449, SUM = 13525542, bChange = 0.0159128, totNum = 442
ROUND = 450, SUM = 13525542, bChange = 0.0159127, totNum = 439
ROUND = 451, SUM = 13525542, bChange = 0.0159127, totNum = 439
ROUND = 452, SUM = 13525542, bChange = 0.0159127, totNum = 437
ROUND = 453, SUM = 13525542, bChange = 0.0159127, totNum = 437
ROUND = 454, SUM = 13525542, bChange = 0.0159127, totNum = 437
ROUND = 455, SUM = 13525542, bChange = 0.0159127, totNum = 435
ROUND = 456, SUM = 13525542, bChange = 0.0159126, totNum = 432
ROUND = 457, SUM = 13525542, bChange = 0.0159126, totNum = 431
ROUND = 458, SUM = 13525542, bChange = 0.0159126, totNum = 430
ROUND = 459, SUM = 13525542, bChange = 0.0159126, totNum = 429
ROUND = 460, SUM = 13525542, bChange = 0.0159126, totNum = 427
ROUND = 461, SUM = 13525542, bChange = 0.0159126, totNum = 425
ROUND = 462, SUM = 13525542, bChange = 0.0159125, totNum = 424
ROUND = 463, SUM = 13525542, bChange = 0.0159125, totNum = 421
ROUND = 464, SUM = 13525542, bChange = 0.0159125, totNum = 420
ROUND = 465, SUM = 13525542, bChange = 0.0159125, totNum = 420
ROUND = 466, SUM = 13525542, bChange = 0.0159125, totNum = 416
ROUND = 467, SUM = 13525542, bChange = 0.0159125, totNum = 413
ROUND = 468, SUM = 13525542.0000001, bChange = 0.0159124, totNum = 411
ROUND = 469, SUM = 13525542, bChange = 0.0159124, totNum = 409
ROUND = 470, SUM = 13525542, bChange = 0.0159124, totNum = 409
ROUND = 471, SUM = 13525542, bChange = 0.0159124, totNum = 407
ROUND = 472, SUM = 13525542, bChange = 0.0159124, totNum = 405
ROUND = 473, SUM = 13525542, bChange = 0.0159124, totNum = 405
ROUND = 474, SUM = 13525542, bChange = 0.0159124, totNum = 404
ROUND = 475, SUM = 13525542, bChange = 0.0159124, totNum = 403
ROUND = 476, SUM = 13525542, bChange = 0.0159123, totNum = 403
ROUND = 477, SUM = 13525542, bChange = 0.0159123, totNum = 403
ROUND = 478, SUM = 13525542, bChange = 0.0159123, totNum = 402
ROUND = 479, SUM = 13525542, bChange = 0.0159123, totNum = 401
ROUND = 480, SUM = 13525542, bChange = 0.0159123, totNum = 400
ROUND = 481, SUM = 13525542, bChange = 0.0159123, totNum = 399
ROUND = 482, SUM = 13525542, bChange = 0.0159123, totNum = 396
ROUND = 483, SUM = 13525542, bChange = 0.0159123, totNum = 395
ROUND = 484, SUM = 13525542, bChange = 0.0159122, totNum = 393
ROUND = 485, SUM = 13525542, bChange = 0.0159122, totNum = 390
ROUND = 486, SUM = 13525542, bChange = 0.0159122, totNum = 388
ROUND = 487, SUM = 13525542, bChange = 0.0159122, totNum = 385
ROUND = 488, SUM = 13525542, bChange = 0.0159122, totNum = 382
ROUND = 489, SUM = 13525542, bChange = 0.0159122, totNum = 381
ROUND = 490, SUM = 13525542, bChange = 0.0159122, totNum = 380
ROUND = 491, SUM = 13525542, bChange = 0.0159122, totNum = 378
ROUND = 492, SUM = 13525542, bChange = 0.0159122, totNum = 376
ROUND = 493, SUM = 13525542, bChange = 0.0159121, totNum = 373
ROUND = 494, SUM = 13525542, bChange = 0.0159121, totNum = 370
ROUND = 495, SUM = 13525542, bChange = 0.0159121, totNum = 370
ROUND = 496, SUM = 13525542, bChange = 0.0159121, totNum = 369
ROUND = 497, SUM = 13525542.0000001, bChange = 0.0159121, totNum = 367
ROUND = 498, SUM = 13525542, bChange = 0.0159121, totNum = 367
ROUND = 499, SUM = 13525542, bChange = 0.0159121, totNum = 366
ROUND = 500, SUM = 13525542, bChange = 0.0159121, totNum = 366
ROUND = 501, SUM = 13525542, bChange = 0.0159121, totNum = 366
ROUND = 502, SUM = 13525542, bChange = 0.0159121, totNum = 366
ROUND = 503, SUM = 13525542.0000001, bChange = 0.0159121, totNum = 367
ROUND = 504, SUM = 13525542, bChange = 0.0159121, totNum = 365
ROUND = 505, SUM = 13525542, bChange = 0.015912, totNum = 365
ROUND = 506, SUM = 13525542, bChange = 0.015912, totNum = 364
ROUND = 507, SUM = 13525542, bChange = 0.015912, totNum = 364
ROUND = 508, SUM = 13525542, bChange = 0.015912, totNum = 363
ROUND = 509, SUM = 13525542, bChange = 0.015912, totNum = 359
ROUND = 510, SUM = 13525542, bChange = 0.015912, totNum = 356
ROUND = 511, SUM = 13525542, bChange = 0.015912, totNum = 354
ROUND = 512, SUM = 13525542, bChange = 0.0139086, totNum = 352
ROUND = 513, SUM = 13525542, bChange = 0.0139087, totNum = 351
ROUND = 514, SUM = 13525542, bChange = 0.0139089, totNum = 349
ROUND = 515, SUM = 13525542, bChange = 0.013909, totNum = 347
ROUND = 516, SUM = 13525542, bChange = 0.0139091, totNum = 347
ROUND = 517, SUM = 13525542, bChange = 0.0139093, totNum = 347
ROUND = 518, SUM = 13525542, bChange = 0.0139094, totNum = 347
ROUND = 519, SUM = 13525542, bChange = 0.0139095, totNum = 344
ROUND = 520, SUM = 13525542, bChange = 0.0139097, totNum = 344
ROUND = 521, SUM = 13525542, bChange = 0.0139098, totNum = 342
ROUND = 522, SUM = 13525542, bChange = 0.0139099, totNum = 341
ROUND = 523, SUM = 13525542, bChange = 0.01391, totNum = 341
ROUND = 524, SUM = 13525542, bChange = 0.0139102, totNum = 339
ROUND = 525, SUM = 13525542, bChange = 0.0139103, totNum = 338
ROUND = 526, SUM = 13525542, bChange = 0.0139104, totNum = 338
ROUND = 527, SUM = 13525542, bChange = 0.0139105, totNum = 338
ROUND = 528, SUM = 13525542, bChange = 0.0139106, totNum = 336
ROUND = 529, SUM = 13525542, bChange = 0.0139107, totNum = 335
ROUND = 530, SUM = 13525542, bChange = 0.0139108, totNum = 334
ROUND = 531, SUM = 13525542, bChange = 0.013911, totNum = 332
ROUND = 532, SUM = 13525542, bChange = 0.0139111, totNum = 330
ROUND = 533, SUM = 13525542, bChange = 0.0139112, totNum = 329
ROUND = 534, SUM = 13525542, bChange = 0.0139113, totNum = 329
ROUND = 535, SUM = 13525542, bChange = 0.0139114, totNum = 329
ROUND = 536, SUM = 13525542, bChange = 0.0139115, totNum = 329
ROUND = 537, SUM = 13525542, bChange = 0.0139116, totNum = 329
ROUND = 538, SUM = 13525542, bChange = 0.0139117, totNum = 326
ROUND = 539, SUM = 13525542, bChange = 0.0139118, totNum = 325
ROUND = 540, SUM = 13525542, bChange = 0.0139119, totNum = 324
ROUND = 541, SUM = 13525542, bChange = 0.013912, totNum = 322
ROUND = 542, SUM = 13525542, bChange = 0.0139121, totNum = 322
ROUND = 543, SUM = 13525542, bChange = 0.0139122, totNum = 320
ROUND = 544, SUM = 13525542, bChange = 0.0139122, totNum = 320
ROUND = 545, SUM = 13525542, bChange = 0.0139123, totNum = 319
ROUND = 546, SUM = 13525542, bChange = 0.0139124, totNum = 319
ROUND = 547, SUM = 13525542, bChange = 0.0139125, totNum = 319
ROUND = 548, SUM = 13525542, bChange = 0.0139126, totNum = 318
ROUND = 549, SUM = 13525542, bChange = 0.0139127, totNum = 318
ROUND = 550, SUM = 13525542, bChange = 0.0139128, totNum = 317
ROUND = 551, SUM = 13525542, bChange = 0.0139128, totNum = 316
ROUND = 552, SUM = 13525542, bChange = 0.0139129, totNum = 314
ROUND = 553, SUM = 13525542, bChange = 0.013913, totNum = 314
ROUND = 554, SUM = 13525542, bChange = 0.0139131, totNum = 312
ROUND = 555, SUM = 13525542, bChange = 0.0139132, totNum = 310
ROUND = 556, SUM = 13525542, bChange = 0.0139132, totNum = 309
ROUND = 557, SUM = 13525542, bChange = 0.0139133, totNum = 308
ROUND = 558, SUM = 13525542, bChange = 0.0139134, totNum = 307
ROUND = 559, SUM = 13525542, bChange = 0.0139135, totNum = 307
ROUND = 560, SUM = 13525542, bChange = 0.0139135, totNum = 307
ROUND = 561, SUM = 13525542, bChange = 0.0139136, totNum = 306
ROUND = 562, SUM = 13525542, bChange = 0.0125518, totNum = 304
ROUND = 563, SUM = 13525542, bChange = 0.0125519, totNum = 303
ROUND = 564, SUM = 13525542, bChange = 0.012552, totNum = 303
ROUND = 565, SUM = 13525542, bChange = 0.0125522, totNum = 303
ROUND = 566, SUM = 13525542, bChange = 0.0125523, totNum = 303
ROUND = 567, SUM = 13525542.0000001, bChange = 0.0125524, totNum = 303
ROUND = 568, SUM = 13525542, bChange = 0.0125526, totNum = 302
ROUND = 569, SUM = 13525542.0000001, bChange = 0.0125527, totNum = 302
ROUND = 570, SUM = 13525542.0000001, bChange = 0.0125528, totNum = 300
ROUND = 571, SUM = 13525542, bChange = 0.0125529, totNum = 299
ROUND = 572, SUM = 13525542, bChange = 0.0125531, totNum = 298
ROUND = 573, SUM = 13525542, bChange = 0.0125532, totNum = 298
ROUND = 574, SUM = 13525542, bChange = 0.0125533, totNum = 296
ROUND = 575, SUM = 13525542.0000001, bChange = 0.0125534, totNum = 294
ROUND = 576, SUM = 13525542, bChange = 0.0125535, totNum = 293
ROUND = 577, SUM = 13525542, bChange = 0.0125537, totNum = 291
ROUND = 578, SUM = 13525542, bChange = 0.0125538, totNum = 289
ROUND = 579, SUM = 13525542, bChange = 0.0125539, totNum = 288
ROUND = 580, SUM = 13525542, bChange = 0.012554, totNum = 286
ROUND = 581, SUM = 13525542, bChange = 0.0125541, totNum = 286
ROUND = 582, SUM = 13525542, bChange = 0.0125542, totNum = 286
ROUND = 583, SUM = 13525542, bChange = 0.0125543, totNum = 284
ROUND = 584, SUM = 13525542, bChange = 0.0125544, totNum = 284
ROUND = 585, SUM = 13525542, bChange = 0.0125545, totNum = 284
ROUND = 586, SUM = 13525542, bChange = 0.0125546, totNum = 283
ROUND = 587, SUM = 13525542, bChange = 0.0125547, totNum = 282
ROUND = 588, SUM = 13525542, bChange = 0.0125548, totNum = 280
ROUND = 589, SUM = 13525542, bChange = 0.0125549, totNum = 278
ROUND = 590, SUM = 13525542, bChange = 0.012555, totNum = 278
ROUND = 591, SUM = 13525542, bChange = 0.0125551, totNum = 278
ROUND = 592, SUM = 13525542, bChange = 0.0125552, totNum = 276
ROUND = 593, SUM = 13525542, bChange = 0.0125553, totNum = 276
ROUND = 594, SUM = 13525542, bChange = 0.0125554, totNum = 276
ROUND = 595, SUM = 13525542, bChange = 0.0125555, totNum = 273
ROUND = 596, SUM = 13525542, bChange = 0.0125556, totNum = 272
ROUND = 597, SUM = 13525542, bChange = 0.0125557, totNum = 271
ROUND = 598, SUM = 13525542, bChange = 0.0125558, totNum = 271
ROUND = 599, SUM = 13525542, bChange = 0.0125559, totNum = 271
ROUND = 600, SUM = 13525542, bChange = 0.012556, totNum = 270
ROUND = 601, SUM = 13525542, bChange = 0.012556, totNum = 269
ROUND = 602, SUM = 13525542, bChange = 0.0125561, totNum = 269
ROUND = 603, SUM = 13525542, bChange = 0.0125562, totNum = 270
ROUND = 604, SUM = 13525542, bChange = 0.0125563, totNum = 270
ROUND = 605, SUM = 13525542, bChange = 0.0125564, totNum = 270
ROUND = 606, SUM = 13525542, bChange = 0.0125564, totNum = 269
ROUND = 607, SUM = 13525542, bChange = 0.0125565, totNum = 269
ROUND = 608, SUM = 13525542, bChange = 0.0125566, totNum = 269
ROUND = 609, SUM = 13525542, bChange = 0.0125567, totNum = 268
ROUND = 610, SUM = 13525542, bChange = 0.0125568, totNum = 266
ROUND = 611, SUM = 13525542, bChange = 0.0125568, totNum = 266
ROUND = 612, SUM = 13525542, bChange = 0.0125569, totNum = 266
ROUND = 613, SUM = 13525542, bChange = 0.012557, totNum = 266
ROUND = 614, SUM = 13525542, bChange = 0.0125571, totNum = 266
ROUND = 615, SUM = 13525542, bChange = 0.0125571, totNum = 266
ROUND = 616, SUM = 13525542, bChange = 0.0125572, totNum = 265
ROUND = 617, SUM = 13525542, bChange = 0.0125573, totNum = 265
ROUND = 618, SUM = 13525542, bChange = 0.0125573, totNum = 265
ROUND = 619, SUM = 13525542, bChange = 0.0125574, totNum = 264
ROUND = 620, SUM = 13525542, bChange = 0.0125575, totNum = 261
ROUND = 621, SUM = 13525542, bChange = 0.0125575, totNum = 259
ROUND = 622, SUM = 13525542, bChange = 0.0125576, totNum = 259
ROUND = 623, SUM = 13525542, bChange = 0.0125577, totNum = 259
ROUND = 624, SUM = 13525542, bChange = 0.0125577, totNum = 259
ROUND = 625, SUM = 13525542, bChange = 0.0125578, totNum = 259
ROUND = 626, SUM = 13525542, bChange = 0.0125579, totNum = 259
ROUND = 627, SUM = 13525542, bChange = 0.0125579, totNum = 259
ROUND = 628, SUM = 13525542, bChange = 0.012558, totNum = 258
ROUND = 629, SUM = 13525542, bChange = 0.012558, totNum = 257
ROUND = 630, SUM = 13525542, bChange = 0.0125581, totNum = 257
ROUND = 631, SUM = 13525542, bChange = 0.0125582, totNum = 256
ROUND = 632, SUM = 13525542, bChange = 0.0125582, totNum = 255
ROUND = 633, SUM = 13525542.0000001, bChange = 0.0125583, totNum = 254
ROUND = 634, SUM = 13525542, bChange = 0.0125583, totNum = 252
ROUND = 635, SUM = 13525541.9999999, bChange = 0.0125584, totNum = 252
ROUND = 636, SUM = 13525542, bChange = 0.0125584, totNum = 251
ROUND = 637, SUM = 13525542, bChange = 0.0125585, totNum = 250
ROUND = 638, SUM = 13525542, bChange = 0.0125585, totNum = 249
ROUND = 639, SUM = 13525542, bChange = 0.0125586, totNum = 249
ROUND = 640, SUM = 13525542, bChange = 0.0125586, totNum = 249
ROUND = 641, SUM = 13525542, bChange = 0.0125587, totNum = 249
ROUND = 642, SUM = 13525542, bChange = 0.0125587, totNum = 247
ROUND = 643, SUM = 13525542, bChange = 0.0125588, totNum = 245
ROUND = 644, SUM = 13525542, bChange = 0.0125588, totNum = 245
ROUND = 645, SUM = 13525542, bChange = 0.0125589, totNum = 245
ROUND = 646, SUM = 13525542, bChange = 0.0125589, totNum = 244
ROUND = 647, SUM = 13525542, bChange = 0.012559, totNum = 244
ROUND = 648, SUM = 13525542, bChange = 0.012559, totNum = 243
ROUND = 649, SUM = 13525542, bChange = 0.0125591, totNum = 241
ROUND = 650, SUM = 13525542, bChange = 0.0125591, totNum = 242
ROUND = 651, SUM = 13525542, bChange = 0.0125592, totNum = 242
ROUND = 652, SUM = 13525542, bChange = 0.0125592, totNum = 241
ROUND = 653, SUM = 13525542, bChange = 0.0125593, totNum = 241
ROUND = 654, SUM = 13525542, bChange = 0.0125593, totNum = 241
ROUND = 655, SUM = 13525542, bChange = 0.0125594, totNum = 241
ROUND = 656, SUM = 13525542, bChange = 0.0125594, totNum = 241
ROUND = 657, SUM = 13525542.0000001, bChange = 0.0125594, totNum = 240
ROUND = 658, SUM = 13525542, bChange = 0.0125595, totNum = 239
ROUND = 659, SUM = 13525542, bChange = 0.0125595, totNum = 238
ROUND = 660, SUM = 13525542, bChange = 0.0125596, totNum = 236
ROUND = 661, SUM = 13525542, bChange = 0.0125596, totNum = 233
ROUND = 662, SUM = 13525542, bChange = 0.0125596, totNum = 233
ROUND = 663, SUM = 13525542, bChange = 0.0125597, totNum = 233
ROUND = 664, SUM = 13525542, bChange = 0.0125597, totNum = 232
ROUND = 665, SUM = 13525542, bChange = 0.0125598, totNum = 231
ROUND = 666, SUM = 13525542, bChange = 0.0125598, totNum = 230
ROUND = 667, SUM = 13525542, bChange = 0.0125598, totNum = 230
ROUND = 668, SUM = 13525542, bChange = 0.0125599, totNum = 230
ROUND = 669, SUM = 13525542, bChange = 0.0125599, totNum = 230
ROUND = 670, SUM = 13525542, bChange = 0.0125599, totNum = 230
ROUND = 671, SUM = 13525542.0000001, bChange = 0.01256, totNum = 229
ROUND = 672, SUM = 13525542, bChange = 0.01256, totNum = 229
ROUND = 673, SUM = 13525542, bChange = 0.01256, totNum = 228
ROUND = 674, SUM = 13525542, bChange = 0.0125601, totNum = 227
ROUND = 675, SUM = 13525542, bChange = 0.0125601, totNum = 226
ROUND = 676, SUM = 13525542, bChange = 0.0125601, totNum = 226
ROUND = 677, SUM = 13525542, bChange = 0.0125602, totNum = 226
ROUND = 678, SUM = 13525542, bChange = 0.0125602, totNum = 225
ROUND = 679, SUM = 13525542, bChange = 0.0125602, totNum = 225
ROUND = 680, SUM = 13525542, bChange = 0.0125603, totNum = 223
ROUND = 681, SUM = 13525542, bChange = 0.0125603, totNum = 222
ROUND = 682, SUM = 13525542, bChange = 0.0125603, totNum = 222
ROUND = 683, SUM = 13525542, bChange = 0.0125604, totNum = 222
ROUND = 684, SUM = 13525542, bChange = 0.0125604, totNum = 221
ROUND = 685, SUM = 13525542, bChange = 0.0125604, totNum = 220
ROUND = 686, SUM = 13525542, bChange = 0.0125605, totNum = 218
ROUND = 687, SUM = 13525542, bChange = 0.0125605, totNum = 217
ROUND = 688, SUM = 13525542, bChange = 0.0125605, totNum = 217
ROUND = 689, SUM = 13525542, bChange = 0.0125605, totNum = 216
ROUND = 690, SUM = 13525542, bChange = 0.0125606, totNum = 216
ROUND = 691, SUM = 13525542, bChange = 0.0125606, totNum = 215
ROUND = 692, SUM = 13525542, bChange = 0.0125606, totNum = 215
ROUND = 693, SUM = 13525542, bChange = 0.0125606, totNum = 215
ROUND = 694, SUM = 13525542, bChange = 0.0125607, totNum = 215
ROUND = 695, SUM = 13525542, bChange = 0.0125607, totNum = 215
ROUND = 696, SUM = 13525542, bChange = 0.0125607, totNum = 214
ROUND = 697, SUM = 13525542, bChange = 0.0125608, totNum = 214
ROUND = 698, SUM = 13525542, bChange = 0.0125608, totNum = 214
ROUND = 699, SUM = 13525542, bChange = 0.0125608, totNum = 214
ROUND = 700, SUM = 13525542, bChange = 0.0125608, totNum = 214
ROUND = 701, SUM = 13525542, bChange = 0.0125609, totNum = 214
ROUND = 702, SUM = 13525542, bChange = 0.0125609, totNum = 214
ROUND = 703, SUM = 13525542, bChange = 0.0125609, totNum = 213
ROUND = 704, SUM = 13525542, bChange = 0.0125609, totNum = 213
ROUND = 705, SUM = 13525542, bChange = 0.0125609, totNum = 212
ROUND = 706, SUM = 13525542, bChange = 0.012561, totNum = 212
ROUND = 707, SUM = 13525542, bChange = 0.012561, totNum = 211
ROUND = 708, SUM = 13525542, bChange = 0.012561, totNum = 211
ROUND = 709, SUM = 13525542, bChange = 0.012561, totNum = 211
ROUND = 710, SUM = 13525542, bChange = 0.0125611, totNum = 210
ROUND = 711, SUM = 13525542.0000001, bChange = 0.0125611, totNum = 210
ROUND = 712, SUM = 13525542, bChange = 0.0125611, totNum = 209
ROUND = 713, SUM = 13525542, bChange = 0.0125611, totNum = 208
ROUND = 714, SUM = 13525542, bChange = 0.0125611, totNum = 207
ROUND = 715, SUM = 13525542, bChange = 0.0125612, totNum = 206
ROUND = 716, SUM = 13525542, bChange = 0.0125612, totNum = 203
ROUND = 717, SUM = 13525542, bChange = 0.0125612, totNum = 203
ROUND = 718, SUM = 13525542, bChange = 0.0125612, totNum = 203
ROUND = 719, SUM = 13525542, bChange = 0.0125612, totNum = 202
ROUND = 720, SUM = 13525542, bChange = 0.0125613, totNum = 201
ROUND = 721, SUM = 13525542, bChange = 0.0125613, totNum = 200
ROUND = 722, SUM = 13525542.0000001, bChange = 0.0125613, totNum = 198
ROUND = 723, SUM = 13525542, bChange = 0.0125613, totNum = 196
ROUND = 724, SUM = 13525542, bChange = 0.0125613, totNum = 196
ROUND = 725, SUM = 13525542, bChange = 0.0125613, totNum = 196
ROUND = 726, SUM = 13525542, bChange = 0.0125614, totNum = 196
ROUND = 727, SUM = 13525542, bChange = 0.0125614, totNum = 196
ROUND = 728, SUM = 13525542, bChange = 0.0125614, totNum = 195
ROUND = 729, SUM = 13525542, bChange = 0.00944792, totNum = 194
ROUND = 730, SUM = 13525542, bChange = 0.00944797, totNum = 194
ROUND = 731, SUM = 13525542, bChange = 0.00944802, totNum = 194
ROUND = 732, SUM = 13525542, bChange = 0.00944807, totNum = 194
ROUND = 733, SUM = 13525542.0000001, bChange = 0.00944812, totNum = 194
ROUND = 734, SUM = 13525542, bChange = 0.00944816, totNum = 194
ROUND = 735, SUM = 13525542, bChange = 0.00944821, totNum = 193
ROUND = 736, SUM = 13525542, bChange = 0.00944826, totNum = 193
ROUND = 737, SUM = 13525542, bChange = 0.00944831, totNum = 193
ROUND = 738, SUM = 13525542, bChange = 0.00944836, totNum = 193
ROUND = 739, SUM = 13525542, bChange = 0.0094484, totNum = 193
ROUND = 740, SUM = 13525542, bChange = 0.00944845, totNum = 193
ROUND = 741, SUM = 13525542, bChange = 0.00944849, totNum = 190
ROUND = 742, SUM = 13525542, bChange = 0.00944854, totNum = 189
ROUND = 743, SUM = 13525542, bChange = 0.00944858, totNum = 189
ROUND = 744, SUM = 13525542, bChange = 0.00944863, totNum = 187
ROUND = 745, SUM = 13525542, bChange = 0.00944867, totNum = 187
ROUND = 746, SUM = 13525542, bChange = 0.00944872, totNum = 186
ROUND = 747, SUM = 13525542, bChange = 0.00944876, totNum = 186
ROUND = 748, SUM = 13525542, bChange = 0.0094488, totNum = 186
ROUND = 749, SUM = 13525542, bChange = 0.00944884, totNum = 186
ROUND = 750, SUM = 13525542, bChange = 0.00944889, totNum = 186
ROUND = 751, SUM = 13525542, bChange = 0.00944893, totNum = 185
ROUND = 752, SUM = 13525542, bChange = 0.00944897, totNum = 184
ROUND = 753, SUM = 13525542, bChange = 0.00944901, totNum = 183
ROUND = 754, SUM = 13525542, bChange = 0.00944905, totNum = 182
ROUND = 755, SUM = 13525542, bChange = 0.00944909, totNum = 182
ROUND = 756, SUM = 13525542, bChange = 0.00944913, totNum = 182
ROUND = 757, SUM = 13525542, bChange = 0.00944917, totNum = 181
ROUND = 758, SUM = 13525542, bChange = 0.00944921, totNum = 180
ROUND = 759, SUM = 13525542, bChange = 0.00944925, totNum = 179
ROUND = 760, SUM = 13525542, bChange = 0.00944928, totNum = 178
ROUND = 761, SUM = 13525542, bChange = 0.00944932, totNum = 177
ROUND = 762, SUM = 13525542, bChange = 0.00944936, totNum = 177
ROUND = 763, SUM = 13525542, bChange = 0.0094494, totNum = 177
ROUND = 764, SUM = 13525542, bChange = 0.00944943, totNum = 176
ROUND = 765, SUM = 13525542, bChange = 0.00944947, totNum = 176
ROUND = 766, SUM = 13525542, bChange = 0.0094495, totNum = 176
ROUND = 767, SUM = 13525542, bChange = 0.00944954, totNum = 175
ROUND = 768, SUM = 13525542, bChange = 0.00944958, totNum = 175
ROUND = 769, SUM = 13525542, bChange = 0.00944961, totNum = 175
ROUND = 770, SUM = 13525542, bChange = 0.00944965, totNum = 175
ROUND = 771, SUM = 13525542, bChange = 0.00944968, totNum = 175
ROUND = 772, SUM = 13525542, bChange = 0.00944971, totNum = 175
ROUND = 773, SUM = 13525542, bChange = 0.00944975, totNum = 174
ROUND = 774, SUM = 13525542, bChange = 0.00944978, totNum = 174
ROUND = 775, SUM = 13525542, bChange = 0.00944981, totNum = 174
ROUND = 776, SUM = 13525542, bChange = 0.00944985, totNum = 173
ROUND = 777, SUM = 13525542.0000001, bChange = 0.00762988, totNum = 172
ROUND = 778, SUM = 13525542, bChange = 0.00762987, totNum = 172
ROUND = 779, SUM = 13525542, bChange = 0.00762985, totNum = 172
ROUND = 780, SUM = 13525542, bChange = 0.00762984, totNum = 171
ROUND = 781, SUM = 13525542, bChange = 0.00762983, totNum = 170
ROUND = 782, SUM = 13525542, bChange = 0.00762981, totNum = 170
ROUND = 783, SUM = 13525542, bChange = 0.00751524, totNum = 168
ROUND = 784, SUM = 13525542, bChange = 0.00751524, totNum = 166
ROUND = 785, SUM = 13525542, bChange = 0.00751524, totNum = 166
ROUND = 786, SUM = 13525542, bChange = 0.00751525, totNum = 165
ROUND = 787, SUM = 13525542, bChange = 0.00751525, totNum = 165
ROUND = 788, SUM = 13525542, bChange = 0.00751525, totNum = 165
ROUND = 789, SUM = 13525542, bChange = 0.00751525, totNum = 165
ROUND = 790, SUM = 13525542, bChange = 0.00751525, totNum = 164
ROUND = 791, SUM = 13525542, bChange = 0.00751525, totNum = 164
ROUND = 792, SUM = 13525542, bChange = 0.00751525, totNum = 164
ROUND = 793, SUM = 13525542, bChange = 0.00751526, totNum = 164
ROUND = 794, SUM = 13525542, bChange = 0.00751526, totNum = 164
ROUND = 795, SUM = 13525542, bChange = 0.00751526, totNum = 163
ROUND = 796, SUM = 13525542, bChange = 0.00751526, totNum = 163
ROUND = 797, SUM = 13525542, bChange = 0.00751526, totNum = 163
ROUND = 798, SUM = 13525542, bChange = 0.00751526, totNum = 163
ROUND = 799, SUM = 13525542, bChange = 0.00751526, totNum = 163
ROUND = 800, SUM = 13525542, bChange = 0.00751527, totNum = 162
ROUND = 801, SUM = 13525542, bChange = 0.00751527, totNum = 161
ROUND = 802, SUM = 13525542, bChange = 0.00751527, totNum = 161
ROUND = 803, SUM = 13525542, bChange = 0.00751527, totNum = 161
ROUND = 804, SUM = 13525542, bChange = 0.00751527, totNum = 161
ROUND = 805, SUM = 13525542, bChange = 0.00751527, totNum = 161
ROUND = 806, SUM = 13525542, bChange = 0.00751527, totNum = 160
ROUND = 807, SUM = 13525542, bChange = 0.00751528, totNum = 159
ROUND = 808, SUM = 13525542, bChange = 0.00751528, totNum = 159
ROUND = 809, SUM = 13525542.0000001, bChange = 0.00751528, totNum = 159
ROUND = 810, SUM = 13525542, bChange = 0.00751528, totNum = 159
ROUND = 811, SUM = 13525542, bChange = 0.00751528, totNum = 159
ROUND = 812, SUM = 13525542, bChange = 0.00751528, totNum = 159
ROUND = 813, SUM = 13525542, bChange = 0.00751528, totNum = 159
ROUND = 814, SUM = 13525542, bChange = 0.00751528, totNum = 159
ROUND = 815, SUM = 13525542.0000001, bChange = 0.00751529, totNum = 159
ROUND = 816, SUM = 13525542, bChange = 0.00751529, totNum = 159
ROUND = 817, SUM = 13525542, bChange = 0.00751529, totNum = 159
ROUND = 818, SUM = 13525542, bChange = 0.00751529, totNum = 159
ROUND = 819, SUM = 13525542, bChange = 0.00751529, totNum = 158
ROUND = 820, SUM = 13525542, bChange = 0.00751529, totNum = 157
ROUND = 821, SUM = 13525542, bChange = 0.00751529, totNum = 157
ROUND = 822, SUM = 13525542, bChange = 0.00751529, totNum = 157
ROUND = 823, SUM = 13525542, bChange = 0.0075153, totNum = 157
ROUND = 824, SUM = 13525542, bChange = 0.0075153, totNum = 157
ROUND = 825, SUM = 13525542, bChange = 0.0075153, totNum = 156
ROUND = 826, SUM = 13525542, bChange = 0.0075153, totNum = 156
ROUND = 827, SUM = 13525542.0000001, bChange = 0.0075153, totNum = 156
ROUND = 828, SUM = 13525542, bChange = 0.0075153, totNum = 156
ROUND = 829, SUM = 13525542, bChange = 0.0075153, totNum = 156
ROUND = 830, SUM = 13525542, bChange = 0.0075153, totNum = 156
ROUND = 831, SUM = 13525542, bChange = 0.0075153, totNum = 155
ROUND = 832, SUM = 13525542, bChange = 0.00751531, totNum = 155
ROUND = 833, SUM = 13525542, bChange = 0.00751531, totNum = 155
ROUND = 834, SUM = 13525542, bChange = 0.00751531, totNum = 155
ROUND = 835, SUM = 13525542, bChange = 0.00751531, totNum = 155
ROUND = 836, SUM = 13525542, bChange = 0.00751531, totNum = 155
ROUND = 837, SUM = 13525542, bChange = 0.00751531, totNum = 155
ROUND = 838, SUM = 13525542, bChange = 0.00751531, totNum = 155
ROUND = 839, SUM = 13525542, bChange = 0.00751531, totNum = 155
ROUND = 840, SUM = 13525542, bChange = 0.00751531, totNum = 154
ROUND = 841, SUM = 13525542, bChange = 0.00751532, totNum = 154
ROUND = 842, SUM = 13525542, bChange = 0.00751532, totNum = 154
ROUND = 843, SUM = 13525542, bChange = 0.00751532, totNum = 154
ROUND = 844, SUM = 13525542, bChange = 0.00751532, totNum = 154
ROUND = 845, SUM = 13525542, bChange = 0.00751532, totNum = 154
ROUND = 846, SUM = 13525542, bChange = 0.00751532, totNum = 154
ROUND = 847, SUM = 13525542, bChange = 0.00751532, totNum = 154
ROUND = 848, SUM = 13525541.9999999, bChange = 0.00751532, totNum = 154
ROUND = 849, SUM = 13525542, bChange = 0.00751532, totNum = 153
ROUND = 850, SUM = 13525542, bChange = 0.00751532, totNum = 152
ROUND = 851, SUM = 13525542, bChange = 0.00751533, totNum = 150
ROUND = 852, SUM = 13525542, bChange = 0.00751533, totNum = 150
ROUND = 853, SUM = 13525542, bChange = 0.00751533, totNum = 150
ROUND = 854, SUM = 13525542, bChange = 0.00751533, totNum = 150
ROUND = 855, SUM = 13525542, bChange = 0.00751533, totNum = 150
ROUND = 856, SUM = 13525542, bChange = 0.00751533, totNum = 150
ROUND = 857, SUM = 13525542, bChange = 0.00751533, totNum = 149
ROUND = 858, SUM = 13525542, bChange = 0.00751533, totNum = 149
ROUND = 859, SUM = 13525542, bChange = 0.00751533, totNum = 149
ROUND = 860, SUM = 13525542, bChange = 0.00751533, totNum = 148
ROUND = 861, SUM = 13525542, bChange = 0.00751533, totNum = 148
ROUND = 862, SUM = 13525542, bChange = 0.00751534, totNum = 147
ROUND = 863, SUM = 13525542, bChange = 0.00751534, totNum = 147
ROUND = 864, SUM = 13525542, bChange = 0.00751534, totNum = 145
ROUND = 865, SUM = 13525542, bChange = 0.00751534, totNum = 145
ROUND = 866, SUM = 13525542, bChange = 0.00751534, totNum = 145
ROUND = 867, SUM = 13525542, bChange = 0.00751534, totNum = 145
ROUND = 868, SUM = 13525542, bChange = 0.00751534, totNum = 144
ROUND = 869, SUM = 13525542, bChange = 0.00751534, totNum = 144
ROUND = 870, SUM = 13525542, bChange = 0.00751534, totNum = 144
ROUND = 871, SUM = 13525542, bChange = 0.00751534, totNum = 144
ROUND = 872, SUM = 13525542, bChange = 0.00751534, totNum = 142
ROUND = 873, SUM = 13525542, bChange = 0.00751534, totNum = 142
ROUND = 874, SUM = 13525542, bChange = 0.00751535, totNum = 141
ROUND = 875, SUM = 13525542, bChange = 0.00751535, totNum = 141
ROUND = 876, SUM = 13525542, bChange = 0.00751535, totNum = 140
ROUND = 877, SUM = 13525542.0000001, bChange = 0.00751535, totNum = 140
ROUND = 878, SUM = 13525542.0000001, bChange = 0.00751535, totNum = 138
ROUND = 879, SUM = 13525542, bChange = 0.00751535, totNum = 138
ROUND = 880, SUM = 13525542, bChange = 0.00751535, totNum = 138
ROUND = 881, SUM = 13525542, bChange = 0.00751535, totNum = 138
ROUND = 882, SUM = 13525542, bChange = 0.00751535, totNum = 137
ROUND = 883, SUM = 13525542, bChange = 0.00751535, totNum = 137
ROUND = 884, SUM = 13525542, bChange = 0.00751535, totNum = 136
ROUND = 885, SUM = 13525542, bChange = 0.00751535, totNum = 136
ROUND = 886, SUM = 13525542.0000001, bChange = 0.00751535, totNum = 136
ROUND = 887, SUM = 13525542, bChange = 0.00751536, totNum = 135
ROUND = 888, SUM = 13525542, bChange = 0.00751536, totNum = 135
ROUND = 889, SUM = 13525542, bChange = 0.00751536, totNum = 135
ROUND = 890, SUM = 13525542, bChange = 0.00751536, totNum = 135
ROUND = 891, SUM = 13525542, bChange = 0.00751536, totNum = 135
ROUND = 892, SUM = 13525542, bChange = 0.00751536, totNum = 134
ROUND = 893, SUM = 13525542, bChange = 0.00751536, totNum = 133
ROUND = 894, SUM = 13525542, bChange = 0.00751536, totNum = 133
ROUND = 895, SUM = 13525542, bChange = 0.00751536, totNum = 133
ROUND = 896, SUM = 13525542, bChange = 0.00751536, totNum = 133
ROUND = 897, SUM = 13525542, bChange = 0.00751536, totNum = 133
ROUND = 898, SUM = 13525542, bChange = 0.00751536, totNum = 130
ROUND = 899, SUM = 13525542, bChange = 0.00751536, totNum = 128
ROUND = 900, SUM = 13525542, bChange = 0.00751536, totNum = 128
ROUND = 901, SUM = 13525542, bChange = 0.00751536, totNum = 128
ROUND = 902, SUM = 13525542, bChange = 0.00751537, totNum = 128
ROUND = 903, SUM = 13525542, bChange = 0.00751537, totNum = 128
ROUND = 904, SUM = 13525542, bChange = 0.00751537, totNum = 128
ROUND = 905, SUM = 13525542, bChange = 0.00751537, totNum = 128
ROUND = 906, SUM = 13525542, bChange = 0.00751537, totNum = 127
ROUND = 907, SUM = 13525542, bChange = 0.00751537, totNum = 126
ROUND = 908, SUM = 13525542, bChange = 0.00751537, totNum = 126
ROUND = 909, SUM = 13525542, bChange = 0.00751537, totNum = 126
ROUND = 910, SUM = 13525542, bChange = 0.00751537, totNum = 125
ROUND = 911, SUM = 13525542, bChange = 0.00751537, totNum = 125
ROUND = 912, SUM = 13525542, bChange = 0.00751537, totNum = 124
ROUND = 913, SUM = 13525542, bChange = 0.00751537, totNum = 124
ROUND = 914, SUM = 13525542, bChange = 0.00751537, totNum = 124
ROUND = 915, SUM = 13525542, bChange = 0.00751537, totNum = 124
ROUND = 916, SUM = 13525542, bChange = 0.00751537, totNum = 124
ROUND = 917, SUM = 13525542, bChange = 0.00751537, totNum = 124
ROUND = 918, SUM = 13525542, bChange = 0.00751538, totNum = 123
ROUND = 919, SUM = 13525542, bChange = 0.00751538, totNum = 123
ROUND = 920, SUM = 13525542, bChange = 0.00751538, totNum = 123
ROUND = 921, SUM = 13525542, bChange = 0.00751538, totNum = 123
ROUND = 922, SUM = 13525542, bChange = 0.00751538, totNum = 123
ROUND = 923, SUM = 13525542, bChange = 0.00751538, totNum = 123
ROUND = 924, SUM = 13525542, bChange = 0.00751538, totNum = 123
ROUND = 925, SUM = 13525542, bChange = 0.00751538, totNum = 123
ROUND = 926, SUM = 13525542, bChange = 0.00751538, totNum = 123
ROUND = 927, SUM = 13525542, bChange = 0.00751538, totNum = 123
ROUND = 928, SUM = 13525542, bChange = 0.00751538, totNum = 123
ROUND = 929, SUM = 13525542, bChange = 0.00751538, totNum = 123
ROUND = 930, SUM = 13525542, bChange = 0.00751538, totNum = 123
ROUND = 931, SUM = 13525542, bChange = 0.00751538, totNum = 123
ROUND = 932, SUM = 13525542, bChange = 0.00751538, totNum = 123
ROUND = 933, SUM = 13525542, bChange = 0.00751538, totNum = 123
ROUND = 934, SUM = 13525542, bChange = 0.00751538, totNum = 123
ROUND = 935, SUM = 13525542, bChange = 0.00751538, totNum = 123
ROUND = 936, SUM = 13525542, bChange = 0.00751538, totNum = 123
ROUND = 937, SUM = 13525542, bChange = 0.00751539, totNum = 123
ROUND = 938, SUM = 13525542, bChange = 0.00751539, totNum = 123
ROUND = 939, SUM = 13525542, bChange = 0.00751539, totNum = 123
ROUND = 940, SUM = 13525542, bChange = 0.00751539, totNum = 123
ROUND = 941, SUM = 13525542, bChange = 0.00751539, totNum = 123
ROUND = 942, SUM = 13525542, bChange = 0.00751539, totNum = 123
ROUND = 943, SUM = 13525542, bChange = 0.00751539, totNum = 122
ROUND = 944, SUM = 13525542, bChange = 0.00751539, totNum = 121
ROUND = 945, SUM = 13525542, bChange = 0.00751539, totNum = 121
ROUND = 946, SUM = 13525542, bChange = 0.00751539, totNum = 120
ROUND = 947, SUM = 13525542, bChange = 0.00751539, totNum = 120
ROUND = 948, SUM = 13525542, bChange = 0.00751539, totNum = 120
ROUND = 949, SUM = 13525542, bChange = 0.00751539, totNum = 119
ROUND = 950, SUM = 13525542, bChange = 0.00751539, totNum = 119
ROUND = 951, SUM = 13525542, bChange = 0.00751539, totNum = 119
ROUND = 952, SUM = 13525542, bChange = 0.00751539, totNum = 118
ROUND = 953, SUM = 13525542, bChange = 0.00751539, totNum = 118
ROUND = 954, SUM = 13525542, bChange = 0.00751539, totNum = 118
ROUND = 955, SUM = 13525542, bChange = 0.00751539, totNum = 118
ROUND = 956, SUM = 13525542, bChange = 0.00751539, totNum = 118
ROUND = 957, SUM = 13525542, bChange = 0.00751539, totNum = 118
ROUND = 958, SUM = 13525542, bChange = 0.0075154, totNum = 118
ROUND = 959, SUM = 13525542, bChange = 0.0075154, totNum = 117
ROUND = 960, SUM = 13525542, bChange = 0.0075154, totNum = 117
ROUND = 961, SUM = 13525542, bChange = 0.0075154, totNum = 116
ROUND = 962, SUM = 13525542, bChange = 0.0075154, totNum = 116
ROUND = 963, SUM = 13525542, bChange = 0.0075154, totNum = 116
ROUND = 964, SUM = 13525542, bChange = 0.0075154, totNum = 116
ROUND = 965, SUM = 13525542, bChange = 0.0075154, totNum = 116
ROUND = 966, SUM = 13525542, bChange = 0.0075154, totNum = 116
ROUND = 967, SUM = 13525542, bChange = 0.0075154, totNum = 116
ROUND = 968, SUM = 13525542.0000001, bChange = 0.0075154, totNum = 116
ROUND = 969, SUM = 13525542, bChange = 0.0075154, totNum = 116
ROUND = 970, SUM = 13525542, bChange = 0.0075154, totNum = 115
ROUND = 971, SUM = 13525542, bChange = 0.0075154, totNum = 115
ROUND = 972, SUM = 13525542, bChange = 0.0075154, totNum = 115
ROUND = 973, SUM = 13525542, bChange = 0.0075154, totNum = 114
ROUND = 974, SUM = 13525542, bChange = 0.0075154, totNum = 114
ROUND = 975, SUM = 13525542, bChange = 0.0075154, totNum = 114
ROUND = 976, SUM = 13525542, bChange = 0.0075154, totNum = 114
ROUND = 977, SUM = 13525542, bChange = 0.0075154, totNum = 114
ROUND = 978, SUM = 13525542, bChange = 0.0075154, totNum = 114
ROUND = 979, SUM = 13525542, bChange = 0.0075154, totNum = 114
ROUND = 980, SUM = 13525542, bChange = 0.0075154, totNum = 113
ROUND = 981, SUM = 13525542, bChange = 0.0075154, totNum = 112
ROUND = 982, SUM = 13525542, bChange = 0.0075154, totNum = 112
ROUND = 983, SUM = 13525542, bChange = 0.0075154, totNum = 112
ROUND = 984, SUM = 13525542, bChange = 0.00751541, totNum = 111
ROUND = 985, SUM = 13525542, bChange = 0.00751541, totNum = 111
ROUND = 986, SUM = 13525542, bChange = 0.00751541, totNum = 111
ROUND = 987, SUM = 13525542, bChange = 0.00751541, totNum = 111
ROUND = 988, SUM = 13525542, bChange = 0.00751541, totNum = 111
ROUND = 989, SUM = 13525542, bChange = 0.00751541, totNum = 111
ROUND = 990, SUM = 13525542, bChange = 0.00751541, totNum = 111
ROUND = 991, SUM = 13525542, bChange = 0.00751541, totNum = 111
ROUND = 992, SUM = 13525542, bChange = 0.00751541, totNum = 111
ROUND = 993, SUM = 13525542, bChange = 0.00751541, totNum = 111
ROUND = 994, SUM = 13525542, bChange = 0.00751541, totNum = 111
ROUND = 995, SUM = 13525542, bChange = 0.00751541, totNum = 111
ROUND = 996, SUM = 13525542, bChange = 0.00751541, totNum = 110
ROUND = 997, SUM = 13525542, bChange = 0.00751541, totNum = 109
ROUND = 998, SUM = 13525542, bChange = 0.00751541, totNum = 109
ROUND = 999, SUM = 13525542, bChange = 0.00751541, totNum = 109
ROUND = 1000, SUM = 13525542, bChange = 0.00751541, totNum = 109
ROUND = 1001, SUM = 13525542, bChange = 0.00751541, totNum = 109
ROUND = 1002, SUM = 13525542, bChange = 0.00751541, totNum = 109
ROUND = 1003, SUM = 13525542, bChange = 0.00751541, totNum = 109
ROUND = 1004, SUM = 13525542, bChange = 0.00751541, totNum = 109
ROUND = 1005, SUM = 13525542, bChange = 0.00751541, totNum = 109
ROUND = 1006, SUM = 13525542, bChange = 0.00751541, totNum = 109
ROUND = 1007, SUM = 13525542, bChange = 0.00751541, totNum = 108
ROUND = 1008, SUM = 13525542, bChange = 0.00751541, totNum = 108
ROUND = 1009, SUM = 13525542, bChange = 0.00751541, totNum = 108
ROUND = 1010, SUM = 13525542, bChange = 0.00751541, totNum = 108
ROUND = 1011, SUM = 13525542.0000001, bChange = 0.00751541, totNum = 108
ROUND = 1012, SUM = 13525542, bChange = 0.00751541, totNum = 108
ROUND = 1013, SUM = 13525542, bChange = 0.00751541, totNum = 108
ROUND = 1014, SUM = 13525542.0000001, bChange = 0.00751541, totNum = 108
ROUND = 1015, SUM = 13525542, bChange = 0.00751541, totNum = 108
ROUND = 1016, SUM = 13525542, bChange = 0.00751541, totNum = 108
ROUND = 1017, SUM = 13525542, bChange = 0.00751542, totNum = 108
ROUND = 1018, SUM = 13525542, bChange = 0.00751542, totNum = 108
ROUND = 1019, SUM = 13525542, bChange = 0.00751542, totNum = 108
ROUND = 1020, SUM = 13525542, bChange = 0.00751542, totNum = 108
ROUND = 1021, SUM = 13525542, bChange = 0.00751542, totNum = 108
ROUND = 1022, SUM = 13525542, bChange = 0.00751542, totNum = 108
ROUND = 1023, SUM = 13525542, bChange = 0.00751542, totNum = 108
ROUND = 1024, SUM = 13525542, bChange = 0.00751542, totNum = 108
ROUND = 1025, SUM = 13525542, bChange = 0.00751542, totNum = 108
ROUND = 1026, SUM = 13525542, bChange = 0.00751542, totNum = 108
ROUND = 1027, SUM = 13525542, bChange = 0.00751542, totNum = 107
ROUND = 1028, SUM = 13525542, bChange = 0.00751542, totNum = 107
ROUND = 1029, SUM = 13525542, bChange = 0.00751542, totNum = 107
ROUND = 1030, SUM = 13525542, bChange = 0.00751542, totNum = 107
ROUND = 1031, SUM = 13525542, bChange = 0.00751542, totNum = 107
ROUND = 1032, SUM = 13525542, bChange = 0.00751542, totNum = 107
ROUND = 1033, SUM = 13525542, bChange = 0.00751542, totNum = 106
ROUND = 1034, SUM = 13525542, bChange = 0.00751542, totNum = 107
ROUND = 1035, SUM = 13525542, bChange = 0.00751542, totNum = 107
ROUND = 1036, SUM = 13525542, bChange = 0.00751542, totNum = 107
ROUND = 1037, SUM = 13525542, bChange = 0.00751542, totNum = 107
ROUND = 1038, SUM = 13525542, bChange = 0.00751542, totNum = 107
ROUND = 1039, SUM = 13525542, bChange = 0.00751542, totNum = 107
ROUND = 1040, SUM = 13525542, bChange = 0.00751542, totNum = 107
ROUND = 1041, SUM = 13525542, bChange = 0.00751542, totNum = 107
ROUND = 1042, SUM = 13525542, bChange = 0.00751542, totNum = 106
ROUND = 1043, SUM = 13525542, bChange = 0.00751542, totNum = 106
ROUND = 1044, SUM = 13525542, bChange = 0.00751542, totNum = 106
ROUND = 1045, SUM = 13525542.0000001, bChange = 0.00751542, totNum = 106
ROUND = 1046, SUM = 13525542, bChange = 0.00751542, totNum = 106
ROUND = 1047, SUM = 13525542, bChange = 0.00751542, totNum = 106
ROUND = 1048, SUM = 13525542, bChange = 0.00751542, totNum = 106
ROUND = 1049, SUM = 13525542, bChange = 0.00751542, totNum = 106
ROUND = 1050, SUM = 13525542, bChange = 0.00751542, totNum = 105
ROUND = 1051, SUM = 13525542, bChange = 0.00751542, totNum = 105
ROUND = 1052, SUM = 13525542, bChange = 0.00751542, totNum = 105
ROUND = 1053, SUM = 13525542, bChange = 0.00751542, totNum = 105
ROUND = 1054, SUM = 13525542, bChange = 0.00751542, totNum = 104
ROUND = 1055, SUM = 13525542, bChange = 0.00751542, totNum = 104
ROUND = 1056, SUM = 13525542, bChange = 0.00751542, totNum = 104
ROUND = 1057, SUM = 13525542, bChange = 0.00751542, totNum = 104
ROUND = 1058, SUM = 13525542, bChange = 0.00751542, totNum = 104
ROUND = 1059, SUM = 13525542, bChange = 0.00751543, totNum = 104
ROUND = 1060, SUM = 13525542, bChange = 0.00751543, totNum = 104
ROUND = 1061, SUM = 13525542, bChange = 0.00751543, totNum = 104
ROUND = 1062, SUM = 13525542, bChange = 0.00751543, totNum = 104
ROUND = 1063, SUM = 13525542, bChange = 0.00751543, totNum = 104
ROUND = 1064, SUM = 13525542, bChange = 0.00751543, totNum = 104
ROUND = 1065, SUM = 13525542, bChange = 0.00751543, totNum = 104
ROUND = 1066, SUM = 13525542, bChange = 0.00751543, totNum = 104
ROUND = 1067, SUM = 13525542, bChange = 0.00751543, totNum = 104
ROUND = 1068, SUM = 13525542, bChange = 0.00751543, totNum = 104
ROUND = 1069, SUM = 13525542, bChange = 0.00751543, totNum = 104
ROUND = 1070, SUM = 13525542, bChange = 0.00751543, totNum = 104
ROUND = 1071, SUM = 13525542, bChange = 0.00751543, totNum = 103
ROUND = 1072, SUM = 13525542, bChange = 0.00751543, totNum = 103
ROUND = 1073, SUM = 13525542, bChange = 0.00751543, totNum = 102
ROUND = 1074, SUM = 13525542, bChange = 0.00751543, totNum = 102
ROUND = 1075, SUM = 13525542, bChange = 0.00751543, totNum = 102
ROUND = 1076, SUM = 13525542, bChange = 0.00751543, totNum = 102
ROUND = 1077, SUM = 13525542, bChange = 0.00751543, totNum = 101
ROUND = 1078, SUM = 13525542, bChange = 0.00751543, totNum = 101
ROUND = 1079, SUM = 13525542, bChange = 0.00751543, totNum = 100
ROUND = 1080, SUM = 13525542, bChange = 0.00751543, totNum = 100
ROUND = 1081, SUM = 13525542, bChange = 0.00751543, totNum = 100
ROUND = 1082, SUM = 13525542, bChange = 0.00751543, totNum = 100
ROUND = 1083, SUM = 13525542, bChange = 0.00751543, totNum = 100
ROUND = 1084, SUM = 13525542, bChange = 0.00751543, totNum = 100
ROUND = 1085, SUM = 13525542, bChange = 0.00751543, totNum = 100
ROUND = 1086, SUM = 13525542, bChange = 0.00751543, totNum = 99
ROUND = 1087, SUM = 13525542, bChange = 0.00751543, totNum = 99
ROUND = 1088, SUM = 13525542, bChange = 0.00751543, totNum = 99
ROUND = 1089, SUM = 13525542, bChange = 0.00751543, totNum = 99
ROUND = 1090, SUM = 13525542, bChange = 0.00751543, totNum = 99
ROUND = 1091, SUM = 13525542, bChange = 0.00751543, totNum = 99
ROUND = 1092, SUM = 13525542, bChange = 0.00751543, totNum = 99
ROUND = 1093, SUM = 13525542, bChange = 0.00751543, totNum = 99
ROUND = 1094, SUM = 13525542, bChange = 0.00751543, totNum = 99
ROUND = 1095, SUM = 13525542, bChange = 0.00751543, totNum = 99
ROUND = 1096, SUM = 13525542, bChange = 0.00751543, totNum = 98
ROUND = 1097, SUM = 13525542, bChange = 0.00751543, totNum = 98
ROUND = 1098, SUM = 13525542, bChange = 0.00751543, totNum = 98
ROUND = 1099, SUM = 13525542, bChange = 0.00751543, totNum = 98
ROUND = 1100, SUM = 13525542.0000001, bChange = 0.00751543, totNum = 98
ROUND = 1101, SUM = 13525542, bChange = 0.00751543, totNum = 98
ROUND = 1102, SUM = 13525542, bChange = 0.00751543, totNum = 98
ROUND = 1103, SUM = 13525542, bChange = 0.00751543, totNum = 98
ROUND = 1104, SUM = 13525542, bChange = 0.00751543, totNum = 98
ROUND = 1105, SUM = 13525542, bChange = 0.00751543, totNum = 98
ROUND = 1106, SUM = 13525542, bChange = 0.00751543, totNum = 98
ROUND = 1107, SUM = 13525542, bChange = 0.00751543, totNum = 98
ROUND = 1108, SUM = 13525542, bChange = 0.00751543, totNum = 98
ROUND = 1109, SUM = 13525542, bChange = 0.00751543, totNum = 97
ROUND = 1110, SUM = 13525542, bChange = 0.00751543, totNum = 97
ROUND = 1111, SUM = 13525542, bChange = 0.00751543, totNum = 97
ROUND = 1112, SUM = 13525542, bChange = 0.00751543, totNum = 97
ROUND = 1113, SUM = 13525542, bChange = 0.00751543, totNum = 97
ROUND = 1114, SUM = 13525542, bChange = 0.00751543, totNum = 97
ROUND = 1115, SUM = 13525542, bChange = 0.00751543, totNum = 96
ROUND = 1116, SUM = 13525542.0000001, bChange = 0.00751543, totNum = 96
ROUND = 1117, SUM = 13525542, bChange = 0.00751543, totNum = 95
ROUND = 1118, SUM = 13525542, bChange = 0.00751543, totNum = 95
ROUND = 1119, SUM = 13525542, bChange = 0.00751543, totNum = 94
ROUND = 1120, SUM = 13525542, bChange = 0.00751543, totNum = 94
ROUND = 1121, SUM = 13525542.0000001, bChange = 0.00751543, totNum = 93
ROUND = 1122, SUM = 13525542, bChange = 0.00751543, totNum = 93
ROUND = 1123, SUM = 13525542, bChange = 0.00751544, totNum = 93
ROUND = 1124, SUM = 13525542, bChange = 0.00751544, totNum = 92
ROUND = 1125, SUM = 13525542, bChange = 0.00751544, totNum = 91
ROUND = 1126, SUM = 13525542, bChange = 0.00751544, totNum = 91
ROUND = 1127, SUM = 13525542, bChange = 0.0053153, totNum = 90
ROUND = 1128, SUM = 13525542, bChange = 0.00531537, totNum = 90
ROUND = 1129, SUM = 13525542, bChange = 0.00531543, totNum = 90
ROUND = 1130, SUM = 13525542, bChange = 0.0053155, totNum = 89
ROUND = 1131, SUM = 13525542, bChange = 0.00531556, totNum = 89
ROUND = 1132, SUM = 13525542, bChange = 0.00531563, totNum = 89
ROUND = 1133, SUM = 13525542, bChange = 0.00531569, totNum = 89
ROUND = 1134, SUM = 13525542, bChange = 0.00531576, totNum = 89
ROUND = 1135, SUM = 13525542, bChange = 0.00531582, totNum = 89
ROUND = 1136, SUM = 13525542, bChange = 0.00531588, totNum = 88
ROUND = 1137, SUM = 13525542, bChange = 0.00531595, totNum = 88
ROUND = 1138, SUM = 13525542, bChange = 0.00531601, totNum = 88
ROUND = 1139, SUM = 13525542, bChange = 0.00531607, totNum = 88
ROUND = 1140, SUM = 13525542, bChange = 0.00531613, totNum = 88
ROUND = 1141, SUM = 13525542, bChange = 0.0053162, totNum = 87
ROUND = 1142, SUM = 13525542, bChange = 0.00531626, totNum = 87
ROUND = 1143, SUM = 13525542, bChange = 0.00531632, totNum = 87
ROUND = 1144, SUM = 13525542, bChange = 0.00531638, totNum = 87
ROUND = 1145, SUM = 13525542, bChange = 0.00531644, totNum = 87
ROUND = 1146, SUM = 13525542, bChange = 0.0053165, totNum = 87
ROUND = 1147, SUM = 13525542.0000001, bChange = 0.00531656, totNum = 87
ROUND = 1148, SUM = 13525542, bChange = 0.00531662, totNum = 87
ROUND = 1149, SUM = 13525542, bChange = 0.00531668, totNum = 87
ROUND = 1150, SUM = 13525541.9999999, bChange = 0.00531674, totNum = 87
ROUND = 1151, SUM = 13525542, bChange = 0.0053168, totNum = 86
ROUND = 1152, SUM = 13525542, bChange = 0.00531686, totNum = 86
ROUND = 1153, SUM = 13525542, bChange = 0.00531691, totNum = 86
ROUND = 1154, SUM = 13525542, bChange = 0.00531697, totNum = 86
ROUND = 1155, SUM = 13525542, bChange = 0.00531703, totNum = 86
ROUND = 1156, SUM = 13525542, bChange = 0.00531709, totNum = 86
ROUND = 1157, SUM = 13525542, bChange = 0.00531714, totNum = 86
ROUND = 1158, SUM = 13525542, bChange = 0.0053172, totNum = 86
ROUND = 1159, SUM = 13525542, bChange = 0.00531726, totNum = 86
ROUND = 1160, SUM = 13525542, bChange = 0.00531731, totNum = 86
ROUND = 1161, SUM = 13525542, bChange = 0.00531737, totNum = 86
ROUND = 1162, SUM = 13525542, bChange = 0.00531742, totNum = 86
ROUND = 1163, SUM = 13525542, bChange = 0.00531748, totNum = 85
ROUND = 1164, SUM = 13525542, bChange = 0.00531753, totNum = 85
ROUND = 1165, SUM = 13525542, bChange = 0.00531759, totNum = 85
ROUND = 1166, SUM = 13525542, bChange = 0.00531764, totNum = 85
ROUND = 1167, SUM = 13525542, bChange = 0.0053177, totNum = 84
ROUND = 1168, SUM = 13525542, bChange = 0.00531775, totNum = 84
ROUND = 1169, SUM = 13525542, bChange = 0.0053178, totNum = 84
ROUND = 1170, SUM = 13525542, bChange = 0.00531786, totNum = 84
ROUND = 1171, SUM = 13525542, bChange = 0.00531791, totNum = 83
ROUND = 1172, SUM = 13525542, bChange = 0.00531796, totNum = 83
ROUND = 1173, SUM = 13525542, bChange = 0.00531801, totNum = 83
ROUND = 1174, SUM = 13525542, bChange = 0.00531806, totNum = 82
ROUND = 1175, SUM = 13525542, bChange = 0.00531812, totNum = 82
ROUND = 1176, SUM = 13525542, bChange = 0.00531817, totNum = 81
ROUND = 1177, SUM = 13525542, bChange = 0.00531822, totNum = 81
ROUND = 1178, SUM = 13525542, bChange = 0.00531827, totNum = 81
ROUND = 1179, SUM = 13525542, bChange = 0.00531832, totNum = 81
ROUND = 1180, SUM = 13525542, bChange = 0.00531837, totNum = 81
ROUND = 1181, SUM = 13525542, bChange = 0.00531842, totNum = 81
ROUND = 1182, SUM = 13525542, bChange = 0.00531847, totNum = 81
ROUND = 1183, SUM = 13525542, bChange = 0.00531852, totNum = 81
ROUND = 1184, SUM = 13525542, bChange = 0.00531857, totNum = 80
ROUND = 1185, SUM = 13525542, bChange = 0.00531862, totNum = 80
ROUND = 1186, SUM = 13525542, bChange = 0.00531867, totNum = 80
ROUND = 1187, SUM = 13525542, bChange = 0.00531871, totNum = 80
ROUND = 1188, SUM = 13525542, bChange = 0.00531876, totNum = 80
ROUND = 1189, SUM = 13525542, bChange = 0.00531881, totNum = 80
ROUND = 1190, SUM = 13525542, bChange = 0.00531886, totNum = 80
ROUND = 1191, SUM = 13525542, bChange = 0.00531891, totNum = 80
ROUND = 1192, SUM = 13525542, bChange = 0.00531895, totNum = 80
ROUND = 1193, SUM = 13525542, bChange = 0.005319, totNum = 80
ROUND = 1194, SUM = 13525542, bChange = 0.00531905, totNum = 80
ROUND = 1195, SUM = 13525542, bChange = 0.00531909, totNum = 79
ROUND = 1196, SUM = 13525542, bChange = 0.00531914, totNum = 79
ROUND = 1197, SUM = 13525542, bChange = 0.00531919, totNum = 79
ROUND = 1198, SUM = 13525542, bChange = 0.00531923, totNum = 77
ROUND = 1199, SUM = 13525542, bChange = 0.00531928, totNum = 77
ROUND = 1200, SUM = 13525542, bChange = 0.00531932, totNum = 75
ROUND = 1201, SUM = 13525542, bChange = 0.00531937, totNum = 75
ROUND = 1202, SUM = 13525542, bChange = 0.00531941, totNum = 75
ROUND = 1203, SUM = 13525542, bChange = 0.00531946, totNum = 75
ROUND = 1204, SUM = 13525542, bChange = 0.0053195, totNum = 74
ROUND = 1205, SUM = 13525542, bChange = 0.00531954, totNum = 73
ROUND = 1206, SUM = 13525542, bChange = 0.00531959, totNum = 73
ROUND = 1207, SUM = 13525542, bChange = 0.00531963, totNum = 73
ROUND = 1208, SUM = 13525542, bChange = 0.00531967, totNum = 73
ROUND = 1209, SUM = 13525542, bChange = 0.00531972, totNum = 73
ROUND = 1210, SUM = 13525542, bChange = 0.00531976, totNum = 73
ROUND = 1211, SUM = 13525542, bChange = 0.0053198, totNum = 73
ROUND = 1212, SUM = 13525542, bChange = 0.00531985, totNum = 73
ROUND = 1213, SUM = 13525542, bChange = 0.00531989, totNum = 73
ROUND = 1214, SUM = 13525542, bChange = 0.00531993, totNum = 72
ROUND = 1215, SUM = 13525542, bChange = 0.00531997, totNum = 72
ROUND = 1216, SUM = 13525542, bChange = 0.00532001, totNum = 72
ROUND = 1217, SUM = 13525542, bChange = 0.00532005, totNum = 71
ROUND = 1218, SUM = 13525542, bChange = 0.0053201, totNum = 71
ROUND = 1219, SUM = 13525542, bChange = 0.00532014, totNum = 71
ROUND = 1220, SUM = 13525541.9999999, bChange = 0.00532018, totNum = 71
ROUND = 1221, SUM = 13525542, bChange = 0.00532022, totNum = 71
ROUND = 1222, SUM = 13525542, bChange = 0.00532026, totNum = 71
ROUND = 1223, SUM = 13525542, bChange = 0.0053203, totNum = 71
ROUND = 1224, SUM = 13525542, bChange = 0.00532034, totNum = 71
ROUND = 1225, SUM = 13525542, bChange = 0.00532038, totNum = 71
ROUND = 1226, SUM = 13525542, bChange = 0.00532042, totNum = 71
ROUND = 1227, SUM = 13525542, bChange = 0.00532046, totNum = 71
ROUND = 1228, SUM = 13525542, bChange = 0.00532049, totNum = 71
ROUND = 1229, SUM = 13525542, bChange = 0.00532053, totNum = 71
ROUND = 1230, SUM = 13525542, bChange = 0.00532057, totNum = 71
ROUND = 1231, SUM = 13525542, bChange = 0.00532061, totNum = 71
ROUND = 1232, SUM = 13525542, bChange = 0.00532065, totNum = 71
ROUND = 1233, SUM = 13525542, bChange = 0.00532069, totNum = 71
ROUND = 1234, SUM = 13525542, bChange = 0.00532072, totNum = 71
ROUND = 1235, SUM = 13525542, bChange = 0.00532076, totNum = 71
ROUND = 1236, SUM = 13525542, bChange = 0.0053208, totNum = 71
ROUND = 1237, SUM = 13525541.9999999, bChange = 0.00532084, totNum = 71
ROUND = 1238, SUM = 13525542, bChange = 0.00532087, totNum = 71
ROUND = 1239, SUM = 13525542, bChange = 0.00532091, totNum = 71
ROUND = 1240, SUM = 13525542, bChange = 0.00532095, totNum = 71
ROUND = 1241, SUM = 13525542, bChange = 0.00532098, totNum = 71
ROUND = 1242, SUM = 13525542, bChange = 0.00532102, totNum = 70
ROUND = 1243, SUM = 13525542, bChange = 0.00532105, totNum = 70
ROUND = 1244, SUM = 13525542, bChange = 0.00532109, totNum = 70
ROUND = 1245, SUM = 13525542, bChange = 0.00532113, totNum = 70
ROUND = 1246, SUM = 13525542, bChange = 0.00532116, totNum = 70
ROUND = 1247, SUM = 13525542, bChange = 0.0053212, totNum = 70
ROUND = 1248, SUM = 13525542, bChange = 0.00532123, totNum = 69
ROUND = 1249, SUM = 13525542, bChange = 0.00532127, totNum = 69
ROUND = 1250, SUM = 13525542, bChange = 0.0053213, totNum = 69
ROUND = 1251, SUM = 13525542, bChange = 0.00532134, totNum = 69
ROUND = 1252, SUM = 13525542, bChange = 0.00532137, totNum = 69
ROUND = 1253, SUM = 13525542, bChange = 0.0053214, totNum = 69
ROUND = 1254, SUM = 13525542, bChange = 0.00532144, totNum = 69
ROUND = 1255, SUM = 13525542, bChange = 0.00532147, totNum = 69
ROUND = 1256, SUM = 13525542, bChange = 0.0053215, totNum = 69
ROUND = 1257, SUM = 13525542, bChange = 0.00532154, totNum = 69
ROUND = 1258, SUM = 13525542, bChange = 0.00532157, totNum = 69
ROUND = 1259, SUM = 13525542, bChange = 0.0053216, totNum = 68
ROUND = 1260, SUM = 13525542, bChange = 0.00532164, totNum = 68
ROUND = 1261, SUM = 13525542, bChange = 0.00532167, totNum = 68
ROUND = 1262, SUM = 13525542, bChange = 0.0053217, totNum = 68
ROUND = 1263, SUM = 13525542, bChange = 0.00532173, totNum = 68
ROUND = 1264, SUM = 13525542, bChange = 0.00532177, totNum = 68
ROUND = 1265, SUM = 13525542, bChange = 0.0053218, totNum = 67
ROUND = 1266, SUM = 13525542, bChange = 0.00532183, totNum = 67
ROUND = 1267, SUM = 13525542, bChange = 0.00532186, totNum = 67
ROUND = 1268, SUM = 13525542, bChange = 0.00532189, totNum = 67
ROUND = 1269, SUM = 13525542, bChange = 0.00532192, totNum = 67
ROUND = 1270, SUM = 13525542, bChange = 0.00532196, totNum = 67
ROUND = 1271, SUM = 13525542, bChange = 0.00532199, totNum = 67
ROUND = 1272, SUM = 13525542, bChange = 0.00532202, totNum = 66
ROUND = 1273, SUM = 13525542, bChange = 0.00532205, totNum = 66
ROUND = 1274, SUM = 13525542, bChange = 0.00532208, totNum = 66
ROUND = 1275, SUM = 13525542, bChange = 0.00399253, totNum = 65
ROUND = 1276, SUM = 13525542, bChange = 0.00399243, totNum = 65
ROUND = 1277, SUM = 13525542, bChange = 0.00399233, totNum = 65
ROUND = 1278, SUM = 13525542, bChange = 0.00399223, totNum = 65
ROUND = 1279, SUM = 13525542, bChange = 0.00399213, totNum = 65
ROUND = 1280, SUM = 13525542, bChange = 0.00399204, totNum = 65
ROUND = 1281, SUM = 13525542, bChange = 0.00399194, totNum = 65
ROUND = 1282, SUM = 13525542, bChange = 0.00399184, totNum = 65
ROUND = 1283, SUM = 13525542, bChange = 0.00399175, totNum = 65
ROUND = 1284, SUM = 13525542, bChange = 0.00399165, totNum = 65
ROUND = 1285, SUM = 13525542, bChange = 0.00399156, totNum = 65
ROUND = 1286, SUM = 13525542, bChange = 0.00399146, totNum = 65
ROUND = 1287, SUM = 13525542, bChange = 0.00399137, totNum = 65
ROUND = 1288, SUM = 13525542, bChange = 0.00399128, totNum = 65
ROUND = 1289, SUM = 13525542, bChange = 0.00399118, totNum = 65
ROUND = 1290, SUM = 13525542, bChange = 0.00399109, totNum = 64
ROUND = 1291, SUM = 13525542, bChange = 0.003991, totNum = 64
ROUND = 1292, SUM = 13525542, bChange = 0.0039909, totNum = 63
ROUND = 1293, SUM = 13525542, bChange = 0.00399081, totNum = 63
ROUND = 1294, SUM = 13525542, bChange = 0.00399072, totNum = 63
ROUND = 1295, SUM = 13525542, bChange = 0.00399063, totNum = 63
ROUND = 1296, SUM = 13525542, bChange = 0.00399054, totNum = 63
ROUND = 1297, SUM = 13525542, bChange = 0.00399045, totNum = 63
ROUND = 1298, SUM = 13525542, bChange = 0.00399036, totNum = 63
ROUND = 1299, SUM = 13525542, bChange = 0.00399027, totNum = 63
ROUND = 1300, SUM = 13525542, bChange = 0.00399018, totNum = 63
ROUND = 1301, SUM = 13525542, bChange = 0.00399009, totNum = 63
ROUND = 1302, SUM = 13525542, bChange = 0.00399, totNum = 63
ROUND = 1303, SUM = 13525542, bChange = 0.00398991, totNum = 63
ROUND = 1304, SUM = 13525542, bChange = 0.00398982, totNum = 62
ROUND = 1305, SUM = 13525542, bChange = 0.00398973, totNum = 62
ROUND = 1306, SUM = 13525542, bChange = 0.00398965, totNum = 62
ROUND = 1307, SUM = 13525542, bChange = 0.00398956, totNum = 62
ROUND = 1308, SUM = 13525542, bChange = 0.00398947, totNum = 62
ROUND = 1309, SUM = 13525542, bChange = 0.00398939, totNum = 62
ROUND = 1310, SUM = 13525542, bChange = 0.0039893, totNum = 62
ROUND = 1311, SUM = 13525542, bChange = 0.00398922, totNum = 62
ROUND = 1312, SUM = 13525542.0000001, bChange = 0.00398913, totNum = 63
ROUND = 1313, SUM = 13525542, bChange = 0.00398905, totNum = 63
ROUND = 1314, SUM = 13525542, bChange = 0.00398896, totNum = 63
ROUND = 1315, SUM = 13525542, bChange = 0.00398888, totNum = 63
ROUND = 1316, SUM = 13525542, bChange = 0.00398879, totNum = 63
ROUND = 1317, SUM = 13525542, bChange = 0.00398871, totNum = 63
ROUND = 1318, SUM = 13525542, bChange = 0.00398863, totNum = 63
ROUND = 1319, SUM = 13525542, bChange = 0.00398854, totNum = 63
ROUND = 1320, SUM = 13525542, bChange = 0.00398846, totNum = 63
ROUND = 1321, SUM = 13525542, bChange = 0.00398838, totNum = 63
ROUND = 1322, SUM = 13525542, bChange = 0.0039883, totNum = 63
ROUND = 1323, SUM = 13525542, bChange = 0.00398821, totNum = 63
ROUND = 1324, SUM = 13525542, bChange = 0.00398813, totNum = 63
ROUND = 1325, SUM = 13525542, bChange = 0.00398805, totNum = 63
ROUND = 1326, SUM = 13525542, bChange = 0.00398797, totNum = 63
ROUND = 1327, SUM = 13525542, bChange = 0.00398789, totNum = 63
ROUND = 1328, SUM = 13525542, bChange = 0.00398781, totNum = 63
ROUND = 1329, SUM = 13525542, bChange = 0.00398773, totNum = 63
ROUND = 1330, SUM = 13525542, bChange = 0.00398765, totNum = 63
ROUND = 1331, SUM = 13525542, bChange = 0.00398757, totNum = 63
ROUND = 1332, SUM = 13525542, bChange = 0.00398749, totNum = 62
ROUND = 1333, SUM = 13525542, bChange = 0.00398742, totNum = 62
ROUND = 1334, SUM = 13525542, bChange = 0.00398734, totNum = 62
ROUND = 1335, SUM = 13525542, bChange = 0.00398726, totNum = 62
ROUND = 1336, SUM = 13525542, bChange = 0.00398718, totNum = 62
ROUND = 1337, SUM = 13525542, bChange = 0.00398711, totNum = 62
ROUND = 1338, SUM = 13525542, bChange = 0.00398703, totNum = 62
ROUND = 1339, SUM = 13525542, bChange = 0.00398695, totNum = 62
ROUND = 1340, SUM = 13525542, bChange = 0.00398688, totNum = 62
ROUND = 1341, SUM = 13525542, bChange = 0.0039868, totNum = 62
ROUND = 1342, SUM = 13525542, bChange = 0.00398672, totNum = 62
ROUND = 1343, SUM = 13525542, bChange = 0.00398665, totNum = 62
ROUND = 1344, SUM = 13525542, bChange = 0.00398657, totNum = 62
ROUND = 1345, SUM = 13525542, bChange = 0.0039865, totNum = 62
ROUND = 1346, SUM = 13525542, bChange = 0.00398643, totNum = 62
ROUND = 1347, SUM = 13525542, bChange = 0.00398635, totNum = 62
ROUND = 1348, SUM = 13525542, bChange = 0.00398628, totNum = 62
ROUND = 1349, SUM = 13525542, bChange = 0.0039862, totNum = 62
ROUND = 1350, SUM = 13525542, bChange = 0.00398613, totNum = 62
ROUND = 1351, SUM = 13525542, bChange = 0.00398606, totNum = 62
ROUND = 1352, SUM = 13525542, bChange = 0.00398598, totNum = 64
ROUND = 1353, SUM = 13525542, bChange = 0.00398591, totNum = 64
ROUND = 1354, SUM = 13525542, bChange = 0.00398584, totNum = 64
ROUND = 1355, SUM = 13525542, bChange = 0.00398577, totNum = 64
ROUND = 1356, SUM = 13525542, bChange = 0.0039857, totNum = 64
ROUND = 1357, SUM = 13525542, bChange = 0.00398563, totNum = 63
ROUND = 1358, SUM = 13525542, bChange = 0.00398555, totNum = 62
ROUND = 1359, SUM = 13525542, bChange = 0.00398548, totNum = 62
ROUND = 1360, SUM = 13525542, bChange = 0.00398541, totNum = 62
ROUND = 1361, SUM = 13525542, bChange = 0.00398534, totNum = 62
ROUND = 1362, SUM = 13525542, bChange = 0.00398527, totNum = 62
ROUND = 1363, SUM = 13525542, bChange = 0.0039852, totNum = 62
ROUND = 1364, SUM = 13525542, bChange = 0.00398514, totNum = 62
ROUND = 1365, SUM = 13525542, bChange = 0.00398507, totNum = 62
ROUND = 1366, SUM = 13525542, bChange = 0.003985, totNum = 62
ROUND = 1367, SUM = 13525542, bChange = 0.00398493, totNum = 62
ROUND = 1368, SUM = 13525542, bChange = 0.00398486, totNum = 62
ROUND = 1369, SUM = 13525542, bChange = 0.00398479, totNum = 62
ROUND = 1370, SUM = 13525542, bChange = 0.00398473, totNum = 62
ROUND = 1371, SUM = 13525542, bChange = 0.00398466, totNum = 62
ROUND = 1372, SUM = 13525542, bChange = 0.00398459, totNum = 62
ROUND = 1373, SUM = 13525542, bChange = 0.00398452, totNum = 62
ROUND = 1374, SUM = 13525542, bChange = 0.00398446, totNum = 62
ROUND = 1375, SUM = 13525542, bChange = 0.00398439, totNum = 62
ROUND = 1376, SUM = 13525542, bChange = 0.00398433, totNum = 62
ROUND = 1377, SUM = 13525542, bChange = 0.00398426, totNum = 62
ROUND = 1378, SUM = 13525542, bChange = 0.00398419, totNum = 62
ROUND = 1379, SUM = 13525542, bChange = 0.00398413, totNum = 61
ROUND = 1380, SUM = 13525542, bChange = 0.00398406, totNum = 61
ROUND = 1381, SUM = 13525542, bChange = 0.003984, totNum = 61
ROUND = 1382, SUM = 13525542, bChange = 0.00398394, totNum = 61
ROUND = 1383, SUM = 13525542, bChange = 0.00398387, totNum = 61
ROUND = 1384, SUM = 13525542, bChange = 0.00398381, totNum = 61
ROUND = 1385, SUM = 13525542, bChange = 0.00398374, totNum = 61
ROUND = 1386, SUM = 13525542, bChange = 0.00398368, totNum = 61
ROUND = 1387, SUM = 13525542, bChange = 0.00398362, totNum = 61
ROUND = 1388, SUM = 13525542, bChange = 0.00398355, totNum = 61
ROUND = 1389, SUM = 13525542, bChange = 0.00398349, totNum = 61
ROUND = 1390, SUM = 13525542, bChange = 0.00398343, totNum = 61
ROUND = 1391, SUM = 13525542, bChange = 0.00398337, totNum = 60
ROUND = 1392, SUM = 13525542, bChange = 0.00398331, totNum = 60
ROUND = 1393, SUM = 13525542, bChange = 0.00398324, totNum = 60
ROUND = 1394, SUM = 13525542, bChange = 0.00398318, totNum = 60
ROUND = 1395, SUM = 13525542, bChange = 0.00398312, totNum = 60
ROUND = 1396, SUM = 13525542, bChange = 0.00398306, totNum = 60
ROUND = 1397, SUM = 13525542, bChange = 0.003983, totNum = 60
ROUND = 1398, SUM = 13525542, bChange = 0.00398294, totNum = 60
ROUND = 1399, SUM = 13525542, bChange = 0.00398288, totNum = 60
ROUND = 1400, SUM = 13525542, bChange = 0.00398282, totNum = 60
ROUND = 1401, SUM = 13525542, bChange = 0.00398276, totNum = 60
ROUND = 1402, SUM = 13525542, bChange = 0.0039827, totNum = 60
ROUND = 1403, SUM = 13525542, bChange = 0.00398264, totNum = 60
ROUND = 1404, SUM = 13525542.0000001, bChange = 0.00398258, totNum = 60
ROUND = 1405, SUM = 13525542, bChange = 0.00398252, totNum = 60
ROUND = 1406, SUM = 13525542, bChange = 0.00398246, totNum = 60
ROUND = 1407, SUM = 13525542, bChange = 0.00398241, totNum = 60
ROUND = 1408, SUM = 13525542, bChange = 0.00398235, totNum = 60
ROUND = 1409, SUM = 13525542, bChange = 0.00398229, totNum = 60
ROUND = 1410, SUM = 13525542, bChange = 0.00398223, totNum = 60
ROUND = 1411, SUM = 13525542, bChange = 0.00398218, totNum = 60
ROUND = 1412, SUM = 13525542, bChange = 0.00398212, totNum = 60
ROUND = 1413, SUM = 13525542, bChange = 0.00398206, totNum = 60
ROUND = 1414, SUM = 13525542, bChange = 0.003982, totNum = 60
ROUND = 1415, SUM = 13525542, bChange = 0.00398195, totNum = 60
ROUND = 1416, SUM = 13525542, bChange = 0.00398189, totNum = 60
ROUND = 1417, SUM = 13525542, bChange = 0.00398184, totNum = 60
ROUND = 1418, SUM = 13525542, bChange = 0.00398178, totNum = 59
ROUND = 1419, SUM = 13525542, bChange = 0.00398172, totNum = 59
ROUND = 1420, SUM = 13525542, bChange = 0.00398167, totNum = 58
ROUND = 1421, SUM = 13525542, bChange = 0.00398161, totNum = 60
ROUND = 1422, SUM = 13525542, bChange = 0.00398156, totNum = 60
ROUND = 1423, SUM = 13525542, bChange = 0.0039815, totNum = 60
ROUND = 1424, SUM = 13525542, bChange = 0.00398145, totNum = 60
ROUND = 1425, SUM = 13525542, bChange = 0.0039814, totNum = 60
ROUND = 1426, SUM = 13525542, bChange = 0.00398134, totNum = 60
ROUND = 1427, SUM = 13525542, bChange = 0.00398129, totNum = 60
ROUND = 1428, SUM = 13525542, bChange = 0.00398123, totNum = 60
ROUND = 1429, SUM = 13525542, bChange = 0.00398118, totNum = 60
ROUND = 1430, SUM = 13525542, bChange = 0.00398113, totNum = 60
ROUND = 1431, SUM = 13525542, bChange = 0.00398108, totNum = 60
ROUND = 1432, SUM = 13525542, bChange = 0.00398102, totNum = 60
ROUND = 1433, SUM = 13525542, bChange = 0.00398097, totNum = 60
ROUND = 1434, SUM = 13525542, bChange = 0.00398092, totNum = 60
ROUND = 1435, SUM = 13525542, bChange = 0.00398087, totNum = 60
ROUND = 1436, SUM = 13525542, bChange = 0.00398081, totNum = 60
ROUND = 1437, SUM = 13525542, bChange = 0.00398076, totNum = 60
ROUND = 1438, SUM = 13525542, bChange = 0.00398071, totNum = 60
ROUND = 1439, SUM = 13525542, bChange = 0.00398066, totNum = 60
ROUND = 1440, SUM = 13525542, bChange = 0.00398061, totNum = 60
ROUND = 1441, SUM = 13525542, bChange = 0.00398056, totNum = 60
ROUND = 1442, SUM = 13525542, bChange = 0.00398051, totNum = 60
ROUND = 1443, SUM = 13525542, bChange = 0.00398046, totNum = 60
ROUND = 1444, SUM = 13525542, bChange = 0.00398041, totNum = 60
ROUND = 1445, SUM = 13525542, bChange = 0.00398036, totNum = 60
ROUND = 1446, SUM = 13525542, bChange = 0.00398031, totNum = 60
ROUND = 1447, SUM = 13525542, bChange = 0.00398026, totNum = 60
ROUND = 1448, SUM = 13525542, bChange = 0.00398021, totNum = 60
ROUND = 1449, SUM = 13525542, bChange = 0.00398016, totNum = 60
ROUND = 1450, SUM = 13525542, bChange = 0.00398011, totNum = 60
ROUND = 1451, SUM = 13525542, bChange = 0.00398006, totNum = 60
ROUND = 1452, SUM = 13525542, bChange = 0.00398001, totNum = 60
ROUND = 1453, SUM = 13525542, bChange = 0.00397996, totNum = 60
ROUND = 1454, SUM = 13525542, bChange = 0.00397991, totNum = 60
ROUND = 1455, SUM = 13525542, bChange = 0.00397987, totNum = 60
ROUND = 1456, SUM = 13525542, bChange = 0.00397982, totNum = 60
ROUND = 1457, SUM = 13525542, bChange = 0.00397977, totNum = 60
ROUND = 1458, SUM = 13525542, bChange = 0.00397972, totNum = 59
ROUND = 1459, SUM = 13525542, bChange = 0.00397968, totNum = 59
ROUND = 1460, SUM = 13525542, bChange = 0.00397963, totNum = 59
ROUND = 1461, SUM = 13525542, bChange = 0.00397958, totNum = 59
ROUND = 1462, SUM = 13525542, bChange = 0.00397953, totNum = 59
ROUND = 1463, SUM = 13525542, bChange = 0.00397949, totNum = 59
ROUND = 1464, SUM = 13525542, bChange = 0.00397944, totNum = 59
ROUND = 1465, SUM = 13525542, bChange = 0.0039794, totNum = 59
ROUND = 1466, SUM = 13525542, bChange = 0.00397935, totNum = 58
ROUND = 1467, SUM = 13525542, bChange = 0.0039793, totNum = 58
ROUND = 1468, SUM = 13525542, bChange = 0.00397926, totNum = 58
ROUND = 1469, SUM = 13525542, bChange = 0.00397921, totNum = 58
ROUND = 1470, SUM = 13525542, bChange = 0.00397917, totNum = 58
ROUND = 1471, SUM = 13525542, bChange = 0.00397912, totNum = 58
ROUND = 1472, SUM = 13525542, bChange = 0.00397908, totNum = 58
ROUND = 1473, SUM = 13525542, bChange = 0.00397903, totNum = 58
ROUND = 1474, SUM = 13525542, bChange = 0.00397899, totNum = 58
ROUND = 1475, SUM = 13525542, bChange = 0.00397894, totNum = 57
ROUND = 1476, SUM = 13525542, bChange = 0.0039789, totNum = 57
ROUND = 1477, SUM = 13525542, bChange = 0.00397886, totNum = 57
ROUND = 1478, SUM = 13525542, bChange = 0.00397881, totNum = 57
ROUND = 1479, SUM = 13525542, bChange = 0.00397877, totNum = 57
ROUND = 1480, SUM = 13525542, bChange = 0.00397872, totNum = 57
ROUND = 1481, SUM = 13525542, bChange = 0.00397868, totNum = 57
ROUND = 1482, SUM = 13525542, bChange = 0.00397864, totNum = 57
ROUND = 1483, SUM = 13525542, bChange = 0.00397859, totNum = 56
ROUND = 1484, SUM = 13525542, bChange = 0.00397855, totNum = 57
ROUND = 1485, SUM = 13525542, bChange = 0.00397851, totNum = 56
ROUND = 1486, SUM = 13525542, bChange = 0.00397847, totNum = 56
ROUND = 1487, SUM = 13525542, bChange = 0.00397842, totNum = 56
ROUND = 1488, SUM = 13525542, bChange = 0.00397838, totNum = 56
ROUND = 1489, SUM = 13525542, bChange = 0.00397834, totNum = 56
ROUND = 1490, SUM = 13525542, bChange = 0.0039783, totNum = 56
ROUND = 1491, SUM = 13525542, bChange = 0.00397826, totNum = 57
ROUND = 1492, SUM = 13525542, bChange = 0.00397822, totNum = 57
ROUND = 1493, SUM = 13525542, bChange = 0.00397817, totNum = 57
ROUND = 1494, SUM = 13525542, bChange = 0.00397813, totNum = 57
ROUND = 1495, SUM = 13525542, bChange = 0.00397809, totNum = 57
ROUND = 1496, SUM = 13525542, bChange = 0.00397805, totNum = 57
ROUND = 1497, SUM = 13525542, bChange = 0.00397801, totNum = 57
ROUND = 1498, SUM = 13525542, bChange = 0.00397797, totNum = 57
ROUND = 1499, SUM = 13525542, bChange = 0.00397793, totNum = 57
ROUND = 1500, SUM = 13525542, bChange = 0.00397789, totNum = 56
ROUND = 1501, SUM = 13525542, bChange = 0.00397785, totNum = 55
ROUND = 1502, SUM = 13525542, bChange = 0.00397781, totNum = 55
ROUND = 1503, SUM = 13525542, bChange = 0.00397777, totNum = 55
ROUND = 1504, SUM = 13525542, bChange = 0.00397773, totNum = 55
ROUND = 1505, SUM = 13525542, bChange = 0.00397769, totNum = 55
ROUND = 1506, SUM = 13525542, bChange = 0.00397765, totNum = 55
ROUND = 1507, SUM = 13525542, bChange = 0.00397761, totNum = 55
ROUND = 1508, SUM = 13525542, bChange = 0.00397757, totNum = 55
ROUND = 1509, SUM = 13525542, bChange = 0.00397753, totNum = 55
ROUND = 1510, SUM = 13525542, bChange = 0.0039775, totNum = 55
ROUND = 1511, SUM = 13525542, bChange = 0.00397746, totNum = 55
ROUND = 1512, SUM = 13525542, bChange = 0.00397742, totNum = 55
ROUND = 1513, SUM = 13525542, bChange = 0.00397738, totNum = 55
ROUND = 1514, SUM = 13525542, bChange = 0.00397734, totNum = 55
ROUND = 1515, SUM = 13525542, bChange = 0.00397731, totNum = 54
ROUND = 1516, SUM = 13525542, bChange = 0.00397727, totNum = 54
ROUND = 1517, SUM = 13525542, bChange = 0.00397723, totNum = 54
ROUND = 1518, SUM = 13525542, bChange = 0.00397719, totNum = 54
ROUND = 1519, SUM = 13525542, bChange = 0.00397716, totNum = 54
ROUND = 1520, SUM = 13525542, bChange = 0.00397712, totNum = 54
ROUND = 1521, SUM = 13525542, bChange = 0.00397708, totNum = 54
ROUND = 1522, SUM = 13525542, bChange = 0.00397704, totNum = 54
ROUND = 1523, SUM = 13525542, bChange = 0.00397701, totNum = 54
ROUND = 1524, SUM = 13525542, bChange = 0.00397697, totNum = 54
ROUND = 1525, SUM = 13525542, bChange = 0.00397694, totNum = 54
ROUND = 1526, SUM = 13525542, bChange = 0.0039769, totNum = 54
ROUND = 1527, SUM = 13525542, bChange = 0.00397686, totNum = 54
ROUND = 1528, SUM = 13525542, bChange = 0.00397683, totNum = 54
ROUND = 1529, SUM = 13525542, bChange = 0.00397679, totNum = 54
ROUND = 1530, SUM = 13525542, bChange = 0.00397676, totNum = 54
ROUND = 1531, SUM = 13525542, bChange = 0.00397672, totNum = 54
ROUND = 1532, SUM = 13525542, bChange = 0.00397668, totNum = 54
ROUND = 1533, SUM = 13525542, bChange = 0.00397665, totNum = 54
ROUND = 1534, SUM = 13525542, bChange = 0.00397661, totNum = 53
ROUND = 1535, SUM = 13525542, bChange = 0.00397658, totNum = 53
ROUND = 1536, SUM = 13525542, bChange = 0.00397654, totNum = 53
ROUND = 1537, SUM = 13525542, bChange = 0.00397651, totNum = 53
ROUND = 1538, SUM = 13525542, bChange = 0.00397648, totNum = 53
ROUND = 1539, SUM = 13525542, bChange = 0.00397644, totNum = 53
ROUND = 1540, SUM = 13525542, bChange = 0.00397641, totNum = 53
ROUND = 1541, SUM = 13525542, bChange = 0.00397637, totNum = 53
ROUND = 1542, SUM = 13525542, bChange = 0.00397634, totNum = 53
ROUND = 1543, SUM = 13525542, bChange = 0.00397631, totNum = 53
ROUND = 1544, SUM = 13525542, bChange = 0.00397627, totNum = 53
ROUND = 1545, SUM = 13525542, bChange = 0.00397624, totNum = 53
ROUND = 1546, SUM = 13525542, bChange = 0.0039762, totNum = 53
ROUND = 1547, SUM = 13525542, bChange = 0.00397617, totNum = 53
ROUND = 1548, SUM = 13525542, bChange = 0.00397614, totNum = 53
ROUND = 1549, SUM = 13525542, bChange = 0.0039761, totNum = 53
ROUND = 1550, SUM = 13525542, bChange = 0.00397607, totNum = 53
ROUND = 1551, SUM = 13525542, bChange = 0.00397604, totNum = 53
ROUND = 1552, SUM = 13525542, bChange = 0.00397601, totNum = 53
ROUND = 1553, SUM = 13525542, bChange = 0.00397597, totNum = 53
ROUND = 1554, SUM = 13525542, bChange = 0.00397594, totNum = 53
ROUND = 1555, SUM = 13525542, bChange = 0.00397591, totNum = 53
ROUND = 1556, SUM = 13525542, bChange = 0.00397588, totNum = 53
ROUND = 1557, SUM = 13525542, bChange = 0.00397585, totNum = 53
ROUND = 1558, SUM = 13525542, bChange = 0.00397581, totNum = 53
ROUND = 1559, SUM = 13525542, bChange = 0.00397578, totNum = 53
ROUND = 1560, SUM = 13525542, bChange = 0.00397575, totNum = 53
ROUND = 1561, SUM = 13525542, bChange = 0.00397572, totNum = 53
ROUND = 1562, SUM = 13525542, bChange = 0.00397569, totNum = 53
ROUND = 1563, SUM = 13525542, bChange = 0.00397566, totNum = 53
ROUND = 1564, SUM = 13525542, bChange = 0.00397562, totNum = 53
ROUND = 1565, SUM = 13525542, bChange = 0.00397559, totNum = 53
ROUND = 1566, SUM = 13525542, bChange = 0.00397556, totNum = 53
ROUND = 1567, SUM = 13525542, bChange = 0.00397553, totNum = 53
ROUND = 1568, SUM = 13525542, bChange = 0.0039755, totNum = 53
ROUND = 1569, SUM = 13525542, bChange = 0.00397547, totNum = 53
ROUND = 1570, SUM = 13525542, bChange = 0.00397544, totNum = 53
ROUND = 1571, SUM = 13525542, bChange = 0.00397541, totNum = 53
ROUND = 1572, SUM = 13525542, bChange = 0.00397538, totNum = 53
ROUND = 1573, SUM = 13525542, bChange = 0.00397535, totNum = 53
ROUND = 1574, SUM = 13525542, bChange = 0.00397532, totNum = 53
ROUND = 1575, SUM = 13525542, bChange = 0.00397529, totNum = 53
ROUND = 1576, SUM = 13525542, bChange = 0.00397526, totNum = 53
ROUND = 1577, SUM = 13525542, bChange = 0.00397523, totNum = 53
ROUND = 1578, SUM = 13525542, bChange = 0.0039752, totNum = 53
ROUND = 1579, SUM = 13525542, bChange = 0.00397517, totNum = 52
ROUND = 1580, SUM = 13525542, bChange = 0.00397514, totNum = 52
ROUND = 1581, SUM = 13525542, bChange = 0.00397511, totNum = 52
ROUND = 1582, SUM = 13525542, bChange = 0.00397509, totNum = 52
ROUND = 1583, SUM = 13525542, bChange = 0.00397506, totNum = 52
ROUND = 1584, SUM = 13525542, bChange = 0.00397503, totNum = 52
ROUND = 1585, SUM = 13525542, bChange = 0.003975, totNum = 52
ROUND = 1586, SUM = 13525542, bChange = 0.00397497, totNum = 52
ROUND = 1587, SUM = 13525542, bChange = 0.00397494, totNum = 52
ROUND = 1588, SUM = 13525542, bChange = 0.00397491, totNum = 51
ROUND = 1589, SUM = 13525542, bChange = 0.00397489, totNum = 51
ROUND = 1590, SUM = 13525542, bChange = 0.00397486, totNum = 50
ROUND = 1591, SUM = 13525542, bChange = 0.00397483, totNum = 50
ROUND = 1592, SUM = 13525542, bChange = 0.0039748, totNum = 50
ROUND = 1593, SUM = 13525542, bChange = 0.00397477, totNum = 50
ROUND = 1594, SUM = 13525542, bChange = 0.00397475, totNum = 50
ROUND = 1595, SUM = 13525542, bChange = 0.00397472, totNum = 50
ROUND = 1596, SUM = 13525542, bChange = 0.00397469, totNum = 50
ROUND = 1597, SUM = 13525542, bChange = 0.00397466, totNum = 50
ROUND = 1598, SUM = 13525542, bChange = 0.00397464, totNum = 50
ROUND = 1599, SUM = 13525542, bChange = 0.00397461, totNum = 49
ROUND = 1600, SUM = 13525542, bChange = 0.00397458, totNum = 49
ROUND = 1601, SUM = 13525542, bChange = 0.00397456, totNum = 49
ROUND = 1602, SUM = 13525542, bChange = 0.00397453, totNum = 49
ROUND = 1603, SUM = 13525542, bChange = 0.0039745, totNum = 49
ROUND = 1604, SUM = 13525542, bChange = 0.00397448, totNum = 49
ROUND = 1605, SUM = 13525542, bChange = 0.00397445, totNum = 49
ROUND = 1606, SUM = 13525542, bChange = 0.00397442, totNum = 49
ROUND = 1607, SUM = 13525542, bChange = 0.0039744, totNum = 49
ROUND = 1608, SUM = 13525542, bChange = 0.00397437, totNum = 49
ROUND = 1609, SUM = 13525542, bChange = 0.00397435, totNum = 49
ROUND = 1610, SUM = 13525542, bChange = 0.00397432, totNum = 49
ROUND = 1611, SUM = 13525542, bChange = 0.00397429, totNum = 49
ROUND = 1612, SUM = 13525542, bChange = 0.00397427, totNum = 49
ROUND = 1613, SUM = 13525542, bChange = 0.00397424, totNum = 49
ROUND = 1614, SUM = 13525542, bChange = 0.00397422, totNum = 49
ROUND = 1615, SUM = 13525542, bChange = 0.00397419, totNum = 49
ROUND = 1616, SUM = 13525542, bChange = 0.00397417, totNum = 49
ROUND = 1617, SUM = 13525542, bChange = 0.00397414, totNum = 49
ROUND = 1618, SUM = 13525542, bChange = 0.00397412, totNum = 49
ROUND = 1619, SUM = 13525542, bChange = 0.00397409, totNum = 49
ROUND = 1620, SUM = 13525542, bChange = 0.00397407, totNum = 49
ROUND = 1621, SUM = 13525542, bChange = 0.00397404, totNum = 49
ROUND = 1622, SUM = 13525542, bChange = 0.00397402, totNum = 49
ROUND = 1623, SUM = 13525542, bChange = 0.00397399, totNum = 49
ROUND = 1624, SUM = 13525542, bChange = 0.00397397, totNum = 49
ROUND = 1625, SUM = 13525542, bChange = 0.00397394, totNum = 49
ROUND = 1626, SUM = 13525542, bChange = 0.00397392, totNum = 49
ROUND = 1627, SUM = 13525542, bChange = 0.00397389, totNum = 49
ROUND = 1628, SUM = 13525542, bChange = 0.00397387, totNum = 49
ROUND = 1629, SUM = 13525542, bChange = 0.00397385, totNum = 49
ROUND = 1630, SUM = 13525542, bChange = 0.00397382, totNum = 49
ROUND = 1631, SUM = 13525542, bChange = 0.0039738, totNum = 49
ROUND = 1632, SUM = 13525542, bChange = 0.00397378, totNum = 49
ROUND = 1633, SUM = 13525542, bChange = 0.00397375, totNum = 49
ROUND = 1634, SUM = 13525542, bChange = 0.00397373, totNum = 49
ROUND = 1635, SUM = 13525542, bChange = 0.0039737, totNum = 49
ROUND = 1636, SUM = 13525542, bChange = 0.00397368, totNum = 49
ROUND = 1637, SUM = 13525542, bChange = 0.00397366, totNum = 49
ROUND = 1638, SUM = 13525542, bChange = 0.00397363, totNum = 48
ROUND = 1639, SUM = 13525542, bChange = 0.00397361, totNum = 48
ROUND = 1640, SUM = 13525542, bChange = 0.00397359, totNum = 48
ROUND = 1641, SUM = 13525542, bChange = 0.00397357, totNum = 48
ROUND = 1642, SUM = 13525542, bChange = 0.00397354, totNum = 48
ROUND = 1643, SUM = 13525542, bChange = 0.00397352, totNum = 48
ROUND = 1644, SUM = 13525542, bChange = 0.0039735, totNum = 48
ROUND = 1645, SUM = 13525542, bChange = 0.00397348, totNum = 48
ROUND = 1646, SUM = 13525542, bChange = 0.00397345, totNum = 48
ROUND = 1647, SUM = 13525542, bChange = 0.00397343, totNum = 48
ROUND = 1648, SUM = 13525542, bChange = 0.00397341, totNum = 48
ROUND = 1649, SUM = 13525542, bChange = 0.00397339, totNum = 48
ROUND = 1650, SUM = 13525542, bChange = 0.00397336, totNum = 48
ROUND = 1651, SUM = 13525542, bChange = 0.00397334, totNum = 48
ROUND = 1652, SUM = 13525542, bChange = 0.00397332, totNum = 47
ROUND = 1653, SUM = 13525542, bChange = 0.0039733, totNum = 47
ROUND = 1654, SUM = 13525542, bChange = 0.00397328, totNum = 46
ROUND = 1655, SUM = 13525542, bChange = 0.00397325, totNum = 46
ROUND = 1656, SUM = 13525542, bChange = 0.00397323, totNum = 46
ROUND = 1657, SUM = 13525542, bChange = 0.00397321, totNum = 46
ROUND = 1658, SUM = 13525542, bChange = 0.00397319, totNum = 46
ROUND = 1659, SUM = 13525542, bChange = 0.00397317, totNum = 46
ROUND = 1660, SUM = 13525542, bChange = 0.00397315, totNum = 46
ROUND = 1661, SUM = 13525542, bChange = 0.00397313, totNum = 46
ROUND = 1662, SUM = 13525542, bChange = 0.00397311, totNum = 46
ROUND = 1663, SUM = 13525542, bChange = 0.00397308, totNum = 46
ROUND = 1664, SUM = 13525542, bChange = 0.00397306, totNum = 46
ROUND = 1665, SUM = 13525542, bChange = 0.00397304, totNum = 46
ROUND = 1666, SUM = 13525542, bChange = 0.00397302, totNum = 46
ROUND = 1667, SUM = 13525542, bChange = 0.003973, totNum = 46
ROUND = 1668, SUM = 13525542, bChange = 0.00397298, totNum = 46
ROUND = 1669, SUM = 13525542, bChange = 0.00397296, totNum = 46
ROUND = 1670, SUM = 13525542, bChange = 0.00397294, totNum = 46
ROUND = 1671, SUM = 13525542, bChange = 0.00397292, totNum = 46
ROUND = 1672, SUM = 13525542, bChange = 0.0039729, totNum = 46
ROUND = 1673, SUM = 13525542, bChange = 0.00397288, totNum = 46
ROUND = 1674, SUM = 13525542, bChange = 0.00397286, totNum = 45
ROUND = 1675, SUM = 13525542, bChange = 0.00397284, totNum = 45
ROUND = 1676, SUM = 13525542, bChange = 0.00397282, totNum = 45
ROUND = 1677, SUM = 13525542, bChange = 0.0039728, totNum = 45
ROUND = 1678, SUM = 13525542, bChange = 0.00397278, totNum = 45
ROUND = 1679, SUM = 13525542, bChange = 0.00397276, totNum = 45
ROUND = 1680, SUM = 13525542, bChange = 0.00397274, totNum = 45
ROUND = 1681, SUM = 13525542, bChange = 0.00397272, totNum = 45
ROUND = 1682, SUM = 13525542, bChange = 0.0039727, totNum = 45
ROUND = 1683, SUM = 13525542, bChange = 0.00397268, totNum = 45
ROUND = 1684, SUM = 13525542, bChange = 0.00397266, totNum = 45
ROUND = 1685, SUM = 13525542, bChange = 0.00397264, totNum = 45
ROUND = 1686, SUM = 13525542, bChange = 0.00397263, totNum = 45
ROUND = 1687, SUM = 13525542, bChange = 0.00397261, totNum = 45
ROUND = 1688, SUM = 13525542, bChange = 0.00397259, totNum = 45
ROUND = 1689, SUM = 13525542, bChange = 0.00397257, totNum = 45
ROUND = 1690, SUM = 13525542, bChange = 0.00397255, totNum = 45
ROUND = 1691, SUM = 13525542, bChange = 0.00397253, totNum = 44
ROUND = 1692, SUM = 13525542, bChange = 0.00397251, totNum = 44
ROUND = 1693, SUM = 13525542, bChange = 0.00397249, totNum = 44
ROUND = 1694, SUM = 13525542, bChange = 0.00397247, totNum = 44
ROUND = 1695, SUM = 13525542, bChange = 0.00397246, totNum = 44
ROUND = 1696, SUM = 13525542, bChange = 0.00397244, totNum = 44
ROUND = 1697, SUM = 13525542, bChange = 0.00397242, totNum = 44
ROUND = 1698, SUM = 13525542, bChange = 0.0039724, totNum = 44
ROUND = 1699, SUM = 13525542, bChange = 0.00397238, totNum = 44
ROUND = 1700, SUM = 13525542, bChange = 0.00397237, totNum = 44
ROUND = 1701, SUM = 13525542, bChange = 0.00397235, totNum = 44
ROUND = 1702, SUM = 13525542, bChange = 0.00397233, totNum = 44
ROUND = 1703, SUM = 13525542, bChange = 0.00397231, totNum = 44
ROUND = 1704, SUM = 13525542, bChange = 0.00397229, totNum = 44
ROUND = 1705, SUM = 13525542, bChange = 0.00397228, totNum = 44
ROUND = 1706, SUM = 13525542, bChange = 0.00397226, totNum = 44
ROUND = 1707, SUM = 13525542, bChange = 0.00397224, totNum = 44
ROUND = 1708, SUM = 13525542, bChange = 0.00397222, totNum = 44
ROUND = 1709, SUM = 13525542, bChange = 0.00397221, totNum = 44
ROUND = 1710, SUM = 13525542, bChange = 0.00397219, totNum = 44
ROUND = 1711, SUM = 13525542, bChange = 0.00397217, totNum = 44
ROUND = 1712, SUM = 13525542, bChange = 0.00397215, totNum = 44
ROUND = 1713, SUM = 13525542, bChange = 0.00397214, totNum = 44
ROUND = 1714, SUM = 13525542, bChange = 0.00397212, totNum = 43
ROUND = 1715, SUM = 13525542, bChange = 0.0039721, totNum = 43
ROUND = 1716, SUM = 13525542, bChange = 0.00397209, totNum = 43
ROUND = 1717, SUM = 13525542, bChange = 0.00397207, totNum = 43
ROUND = 1718, SUM = 13525542, bChange = 0.00397205, totNum = 43
ROUND = 1719, SUM = 13525542, bChange = 0.00397203, totNum = 43
ROUND = 1720, SUM = 13525542, bChange = 0.00397202, totNum = 43
ROUND = 1721, SUM = 13525542, bChange = 0.003972, totNum = 43
ROUND = 1722, SUM = 13525542, bChange = 0.00397198, totNum = 43
ROUND = 1723, SUM = 13525542, bChange = 0.00397197, totNum = 43
ROUND = 1724, SUM = 13525542, bChange = 0.00397195, totNum = 43
ROUND = 1725, SUM = 13525542, bChange = 0.00397194, totNum = 43
ROUND = 1726, SUM = 13525542, bChange = 0.00397192, totNum = 43
ROUND = 1727, SUM = 13525542, bChange = 0.0039719, totNum = 43
ROUND = 1728, SUM = 13525542, bChange = 0.00397189, totNum = 43
ROUND = 1729, SUM = 13525542, bChange = 0.00397187, totNum = 43
ROUND = 1730, SUM = 13525542, bChange = 0.00397185, totNum = 43
ROUND = 1731, SUM = 13525542, bChange = 0.00397184, totNum = 43
ROUND = 1732, SUM = 13525542, bChange = 0.00397182, totNum = 43
ROUND = 1733, SUM = 13525542, bChange = 0.00397181, totNum = 43
ROUND = 1734, SUM = 13525542, bChange = 0.00397179, totNum = 43
ROUND = 1735, SUM = 13525542, bChange = 0.00397178, totNum = 42
ROUND = 1736, SUM = 13525542, bChange = 0.00397176, totNum = 42
ROUND = 1737, SUM = 13525542, bChange = 0.00397174, totNum = 42
ROUND = 1738, SUM = 13525542, bChange = 0.00397173, totNum = 42
ROUND = 1739, SUM = 13525542, bChange = 0.00383884, totNum = 41
ROUND = 1740, SUM = 13525542, bChange = 0.00383884, totNum = 41
ROUND = 1741, SUM = 13525542, bChange = 0.00383884, totNum = 41
ROUND = 1742, SUM = 13525542, bChange = 0.00383884, totNum = 41
ROUND = 1743, SUM = 13525542, bChange = 0.00383884, totNum = 41
ROUND = 1744, SUM = 13525542, bChange = 0.00383884, totNum = 41
ROUND = 1745, SUM = 13525542, bChange = 0.00383884, totNum = 41
ROUND = 1746, SUM = 13525542, bChange = 0.00383885, totNum = 40
ROUND = 1747, SUM = 13525542, bChange = 0.00383885, totNum = 40
ROUND = 1748, SUM = 13525542, bChange = 0.00383885, totNum = 40
ROUND = 1749, SUM = 13525542, bChange = 0.00383885, totNum = 40
ROUND = 1750, SUM = 13525542, bChange = 0.00383885, totNum = 40
ROUND = 1751, SUM = 13525542, bChange = 0.00383885, totNum = 40
ROUND = 1752, SUM = 13525542, bChange = 0.00383885, totNum = 40
ROUND = 1753, SUM = 13525542, bChange = 0.00383885, totNum = 40
ROUND = 1754, SUM = 13525542, bChange = 0.00383963, totNum = 40
ROUND = 1755, SUM = 13525542, bChange = 0.00384083, totNum = 38
ROUND = 1756, SUM = 13525542, bChange = 0.00384202, totNum = 38
ROUND = 1757, SUM = 13525542, bChange = 0.00384322, totNum = 38
ROUND = 1758, SUM = 13525542, bChange = 0.00384441, totNum = 38
ROUND = 1759, SUM = 13525542, bChange = 0.0038456, totNum = 38
ROUND = 1760, SUM = 13525542, bChange = 0.00384679, totNum = 38
ROUND = 1761, SUM = 13525542, bChange = 0.00384798, totNum = 38
ROUND = 1762, SUM = 13525542, bChange = 0.00384916, totNum = 38
ROUND = 1763, SUM = 13525542, bChange = 0.00385034, totNum = 38
ROUND = 1764, SUM = 13525542, bChange = 0.00385153, totNum = 38
ROUND = 1765, SUM = 13525542, bChange = 0.00385271, totNum = 38
ROUND = 1766, SUM = 13525542, bChange = 0.00385388, totNum = 38
ROUND = 1767, SUM = 13525542, bChange = 0.00385506, totNum = 38
ROUND = 1768, SUM = 13525542, bChange = 0.00385624, totNum = 38
ROUND = 1769, SUM = 13525542, bChange = 0.00385741, totNum = 38
ROUND = 1770, SUM = 13525542, bChange = 0.00385858, totNum = 38
ROUND = 1771, SUM = 13525542, bChange = 0.00385975, totNum = 38
ROUND = 1772, SUM = 13525542, bChange = 0.00386092, totNum = 38
ROUND = 1773, SUM = 13525542, bChange = 0.00386208, totNum = 38
ROUND = 1774, SUM = 13525542, bChange = 0.00386325, totNum = 38
ROUND = 1775, SUM = 13525542, bChange = 0.00386441, totNum = 38
ROUND = 1776, SUM = 13525542, bChange = 0.00386557, totNum = 38
ROUND = 1777, SUM = 13525542, bChange = 0.00386673, totNum = 36
ROUND = 1778, SUM = 13525542, bChange = 0.00386788, totNum = 36
ROUND = 1779, SUM = 13525542, bChange = 0.00386904, totNum = 36
ROUND = 1780, SUM = 13525542, bChange = 0.00387019, totNum = 36
ROUND = 1781, SUM = 13525542, bChange = 0.00387134, totNum = 36
ROUND = 1782, SUM = 13525542, bChange = 0.00387249, totNum = 36
ROUND = 1783, SUM = 13525542, bChange = 0.00387364, totNum = 36
ROUND = 1784, SUM = 13525542, bChange = 0.00387479, totNum = 36
ROUND = 1785, SUM = 13525542, bChange = 0.00387593, totNum = 36
ROUND = 1786, SUM = 13525542, bChange = 0.00387707, totNum = 35
ROUND = 1787, SUM = 13525542, bChange = 0.00387821, totNum = 35
ROUND = 1788, SUM = 13525542, bChange = 0.00387935, totNum = 35
ROUND = 1789, SUM = 13525542, bChange = 0.00388049, totNum = 35
ROUND = 1790, SUM = 13525542, bChange = 0.00388163, totNum = 35
ROUND = 1791, SUM = 13525542, bChange = 0.00388276, totNum = 35
ROUND = 1792, SUM = 13525542, bChange = 0.00388389, totNum = 35
ROUND = 1793, SUM = 13525542, bChange = 0.00388502, totNum = 34
ROUND = 1794, SUM = 13525542, bChange = 0.00388615, totNum = 34
ROUND = 1795, SUM = 13525542, bChange = 0.00388728, totNum = 34
ROUND = 1796, SUM = 13525542, bChange = 0.0038884, totNum = 34
ROUND = 1797, SUM = 13525542, bChange = 0.00388952, totNum = 34
ROUND = 1798, SUM = 13525542, bChange = 0.00389065, totNum = 34
ROUND = 1799, SUM = 13525542, bChange = 0.00389177, totNum = 34
ROUND = 1800, SUM = 13525542, bChange = 0.00389288, totNum = 34
ROUND = 1801, SUM = 13525542, bChange = 0.003894, totNum = 34
ROUND = 1802, SUM = 13525542, bChange = 0.00389511, totNum = 34
ROUND = 1803, SUM = 13525542, bChange = 0.00389623, totNum = 34
ROUND = 1804, SUM = 13525542, bChange = 0.00389734, totNum = 34
ROUND = 1805, SUM = 13525542, bChange = 0.00389845, totNum = 34
ROUND = 1806, SUM = 13525542, bChange = 0.00389955, totNum = 34
ROUND = 1807, SUM = 13525542, bChange = 0.00390066, totNum = 34
ROUND = 1808, SUM = 13525542, bChange = 0.00390176, totNum = 34
ROUND = 1809, SUM = 13525542, bChange = 0.00390286, totNum = 34
ROUND = 1810, SUM = 13525542, bChange = 0.00390396, totNum = 34
ROUND = 1811, SUM = 13525542, bChange = 0.00390506, totNum = 34
ROUND = 1812, SUM = 13525542, bChange = 0.00390616, totNum = 34
ROUND = 1813, SUM = 13525542, bChange = 0.00390725, totNum = 34
ROUND = 1814, SUM = 13525542, bChange = 0.00390835, totNum = 34
ROUND = 1815, SUM = 13525542, bChange = 0.00390944, totNum = 34
ROUND = 1816, SUM = 13525542, bChange = 0.00391053, totNum = 34
ROUND = 1817, SUM = 13525542, bChange = 0.00391162, totNum = 34
ROUND = 1818, SUM = 13525542, bChange = 0.0039127, totNum = 33
ROUND = 1819, SUM = 13525542, bChange = 0.00391379, totNum = 33
ROUND = 1820, SUM = 13525542, bChange = 0.00391487, totNum = 33
ROUND = 1821, SUM = 13525542, bChange = 0.00391595, totNum = 33
ROUND = 1822, SUM = 13525542, bChange = 0.00391703, totNum = 33
ROUND = 1823, SUM = 13525542, bChange = 0.00391811, totNum = 33
ROUND = 1824, SUM = 13525542, bChange = 0.00391918, totNum = 33
ROUND = 1825, SUM = 13525542, bChange = 0.00392026, totNum = 33
ROUND = 1826, SUM = 13525542, bChange = 0.00392133, totNum = 33
ROUND = 1827, SUM = 13525542, bChange = 0.0039224, totNum = 33
ROUND = 1828, SUM = 13525542, bChange = 0.00392347, totNum = 33
ROUND = 1829, SUM = 13525542.0000001, bChange = 0.00392453, totNum = 33
ROUND = 1830, SUM = 13525542, bChange = 0.0039256, totNum = 33
ROUND = 1831, SUM = 13525542, bChange = 0.00392666, totNum = 33
ROUND = 1832, SUM = 13525542, bChange = 0.00392772, totNum = 33
ROUND = 1833, SUM = 13525542, bChange = 0.00392878, totNum = 33
ROUND = 1834, SUM = 13525542, bChange = 0.00392984, totNum = 33
ROUND = 1835, SUM = 13525542, bChange = 0.0039309, totNum = 33
ROUND = 1836, SUM = 13525542, bChange = 0.00393195, totNum = 33
ROUND = 1837, SUM = 13525542, bChange = 0.00393301, totNum = 33
ROUND = 1838, SUM = 13525542, bChange = 0.00393406, totNum = 33
ROUND = 1839, SUM = 13525542, bChange = 0.00393511, totNum = 33
ROUND = 1840, SUM = 13525542, bChange = 0.00393615, totNum = 33
ROUND = 1841, SUM = 13525542, bChange = 0.0039372, totNum = 33
ROUND = 1842, SUM = 13525542, bChange = 0.00393824, totNum = 33
ROUND = 1843, SUM = 13525542, bChange = 0.00393929, totNum = 33
ROUND = 1844, SUM = 13525542, bChange = 0.00394033, totNum = 33
ROUND = 1845, SUM = 13525542, bChange = 0.00394137, totNum = 33
ROUND = 1846, SUM = 13525542, bChange = 0.0039424, totNum = 33
ROUND = 1847, SUM = 13525542, bChange = 0.00383894, totNum = 32
ROUND = 1848, SUM = 13525542, bChange = 0.00383894, totNum = 32
ROUND = 1849, SUM = 13525542, bChange = 0.00383894, totNum = 32
ROUND = 1850, SUM = 13525542, bChange = 0.00383894, totNum = 32
ROUND = 1851, SUM = 13525542, bChange = 0.00383894, totNum = 32
ROUND = 1852, SUM = 13525542, bChange = 0.00383894, totNum = 32
ROUND = 1853, SUM = 13525542, bChange = 0.00383894, totNum = 32
ROUND = 1854, SUM = 13525542, bChange = 0.00383894, totNum = 32
ROUND = 1855, SUM = 13525542, bChange = 0.00383894, totNum = 32
ROUND = 1856, SUM = 13525542, bChange = 0.00383894, totNum = 32
ROUND = 1857, SUM = 13525542, bChange = 0.00383894, totNum = 32
ROUND = 1858, SUM = 13525542, bChange = 0.00383894, totNum = 31
ROUND = 1859, SUM = 13525542, bChange = 0.00383894, totNum = 31
ROUND = 1860, SUM = 13525542, bChange = 0.00383894, totNum = 31
ROUND = 1861, SUM = 13525542, bChange = 0.00383894, totNum = 31
ROUND = 1862, SUM = 13525542, bChange = 0.00383895, totNum = 31
ROUND = 1863, SUM = 13525542, bChange = 0.00383895, totNum = 29
ROUND = 1864, SUM = 13525542, bChange = 0.00383895, totNum = 29
ROUND = 1865, SUM = 13525542, bChange = 0.00383895, totNum = 29
ROUND = 1866, SUM = 13525542, bChange = 0.00383895, totNum = 29
ROUND = 1867, SUM = 13525542, bChange = 0.00383895, totNum = 29
ROUND = 1868, SUM = 13525542, bChange = 0.00383895, totNum = 29
ROUND = 1869, SUM = 13525542, bChange = 0.00383895, totNum = 29
ROUND = 1870, SUM = 13525542, bChange = 0.00383895, totNum = 29
ROUND = 1871, SUM = 13525542, bChange = 0.00383895, totNum = 29
ROUND = 1872, SUM = 13525542, bChange = 0.00383895, totNum = 29
ROUND = 1873, SUM = 13525542, bChange = 0.00383895, totNum = 29
ROUND = 1874, SUM = 13525542, bChange = 0.00383895, totNum = 29
ROUND = 1875, SUM = 13525542, bChange = 0.00383895, totNum = 29
ROUND = 1876, SUM = 13525542, bChange = 0.00383895, totNum = 29
ROUND = 1877, SUM = 13525542, bChange = 0.00383896, totNum = 29
ROUND = 1878, SUM = 13525542, bChange = 0.00383896, totNum = 29
ROUND = 1879, SUM = 13525542, bChange = 0.00383896, totNum = 29
ROUND = 1880, SUM = 13525542, bChange = 0.00383896, totNum = 28
ROUND = 1881, SUM = 13525542, bChange = 0.00383896, totNum = 28
ROUND = 1882, SUM = 13525542, bChange = 0.00383896, totNum = 28
ROUND = 1883, SUM = 13525542, bChange = 0.00383896, totNum = 28
ROUND = 1884, SUM = 13525542, bChange = 0.00383896, totNum = 28
ROUND = 1885, SUM = 13525542, bChange = 0.00383896, totNum = 28
ROUND = 1886, SUM = 13525542, bChange = 0.00383896, totNum = 28
ROUND = 1887, SUM = 13525542, bChange = 0.00383896, totNum = 28
ROUND = 1888, SUM = 13525542, bChange = 0.00383896, totNum = 28
ROUND = 1889, SUM = 13525542, bChange = 0.00383896, totNum = 28
ROUND = 1890, SUM = 13525542, bChange = 0.00383896, totNum = 28
ROUND = 1891, SUM = 13525542, bChange = 0.00383896, totNum = 28
ROUND = 1892, SUM = 13525542, bChange = 0.00383896, totNum = 28
ROUND = 1893, SUM = 13525542, bChange = 0.00383897, totNum = 28
ROUND = 1894, SUM = 13525542, bChange = 0.00383897, totNum = 28
ROUND = 1895, SUM = 13525542, bChange = 0.00383897, totNum = 28
ROUND = 1896, SUM = 13525542, bChange = 0.00383897, totNum = 27
ROUND = 1897, SUM = 13525542, bChange = 0.00383897, totNum = 27
ROUND = 1898, SUM = 13525542, bChange = 0.00383897, totNum = 27
ROUND = 1899, SUM = 13525542, bChange = 0.00383897, totNum = 27
ROUND = 1900, SUM = 13525542, bChange = 0.00383897, totNum = 27
ROUND = 1901, SUM = 13525542, bChange = 0.00383897, totNum = 27
ROUND = 1902, SUM = 13525542, bChange = 0.00383897, totNum = 27
ROUND = 1903, SUM = 13525542, bChange = 0.00383897, totNum = 27
ROUND = 1904, SUM = 13525542, bChange = 0.00291443, totNum = 26
ROUND = 1905, SUM = 13525542, bChange = 0.00291441, totNum = 26
ROUND = 1906, SUM = 13525542, bChange = 0.0029144, totNum = 26
ROUND = 1907, SUM = 13525542, bChange = 0.00291439, totNum = 26
ROUND = 1908, SUM = 13525542, bChange = 0.00291437, totNum = 26
ROUND = 1909, SUM = 13525542, bChange = 0.00291436, totNum = 26
ROUND = 1910, SUM = 13525542, bChange = 0.00291434, totNum = 26
ROUND = 1911, SUM = 13525542, bChange = 0.00291433, totNum = 26
ROUND = 1912, SUM = 13525542, bChange = 0.00291432, totNum = 26
ROUND = 1913, SUM = 13525542, bChange = 0.0029143, totNum = 26
ROUND = 1914, SUM = 13525542, bChange = 0.00291429, totNum = 26
ROUND = 1915, SUM = 13525542, bChange = 0.00291427, totNum = 26
ROUND = 1916, SUM = 13525542, bChange = 0.00291426, totNum = 26
ROUND = 1917, SUM = 13525542, bChange = 0.00291425, totNum = 26
ROUND = 1918, SUM = 13525542, bChange = 0.00291423, totNum = 26
ROUND = 1919, SUM = 13525542, bChange = 0.00291422, totNum = 26
ROUND = 1920, SUM = 13525542, bChange = 0.00291421, totNum = 26
ROUND = 1921, SUM = 13525542, bChange = 0.00291419, totNum = 25
ROUND = 1922, SUM = 13525542, bChange = 0.00291418, totNum = 25
ROUND = 1923, SUM = 13525542, bChange = 0.00291416, totNum = 25
ROUND = 1924, SUM = 13525542, bChange = 0.00291415, totNum = 25
ROUND = 1925, SUM = 13525542, bChange = 0.00291414, totNum = 24
ROUND = 1926, SUM = 13525542, bChange = 0.00291412, totNum = 24
ROUND = 1927, SUM = 13525542, bChange = 0.00291411, totNum = 24
ROUND = 1928, SUM = 13525542, bChange = 0.0029141, totNum = 24
ROUND = 1929, SUM = 13525542, bChange = 0.00291408, totNum = 24
ROUND = 1930, SUM = 13525542, bChange = 0.00291407, totNum = 24
ROUND = 1931, SUM = 13525542, bChange = 0.00291406, totNum = 23
ROUND = 1932, SUM = 13525542, bChange = 0.00291404, totNum = 23
ROUND = 1933, SUM = 13525542, bChange = 0.00291403, totNum = 23
ROUND = 1934, SUM = 13525542, bChange = 0.00291402, totNum = 23
ROUND = 1935, SUM = 13525542, bChange = 0.002914, totNum = 23
ROUND = 1936, SUM = 13525542, bChange = 0.00291399, totNum = 23
ROUND = 1937, SUM = 13525542, bChange = 0.00291398, totNum = 23
ROUND = 1938, SUM = 13525542, bChange = 0.00291397, totNum = 23
ROUND = 1939, SUM = 13525542, bChange = 0.00291395, totNum = 23
ROUND = 1940, SUM = 13525542, bChange = 0.00291394, totNum = 23
ROUND = 1941, SUM = 13525542, bChange = 0.00291393, totNum = 23
ROUND = 1942, SUM = 13525542, bChange = 0.00291391, totNum = 23
ROUND = 1943, SUM = 13525542, bChange = 0.0029139, totNum = 23
ROUND = 1944, SUM = 13525542, bChange = 0.00291389, totNum = 23
ROUND = 1945, SUM = 13525542, bChange = 0.00291388, totNum = 23
ROUND = 1946, SUM = 13525542, bChange = 0.00291386, totNum = 23
ROUND = 1947, SUM = 13525542, bChange = 0.00291385, totNum = 23
ROUND = 1948, SUM = 13525542, bChange = 0.00291384, totNum = 23
ROUND = 1949, SUM = 13525542, bChange = 0.00291383, totNum = 23
ROUND = 1950, SUM = 13525542, bChange = 0.00291381, totNum = 23
ROUND = 1951, SUM = 13525542, bChange = 0.00250356, totNum = 22
ROUND = 1952, SUM = 13525542, bChange = 0.00250352, totNum = 22
ROUND = 1953, SUM = 13525542, bChange = 0.00250348, totNum = 22
ROUND = 1954, SUM = 13525542, bChange = 0.00250344, totNum = 22
ROUND = 1955, SUM = 13525542, bChange = 0.0025034, totNum = 22
ROUND = 1956, SUM = 13525542, bChange = 0.00250336, totNum = 22
ROUND = 1957, SUM = 13525542, bChange = 0.00250332, totNum = 22
ROUND = 1958, SUM = 13525542, bChange = 0.00250328, totNum = 22
ROUND = 1959, SUM = 13525542, bChange = 0.00250324, totNum = 21
ROUND = 1960, SUM = 13525542, bChange = 0.0025032, totNum = 21
ROUND = 1961, SUM = 13525542, bChange = 0.00250316, totNum = 21
ROUND = 1962, SUM = 13525542, bChange = 0.00250312, totNum = 21
ROUND = 1963, SUM = 13525542, bChange = 0.00250308, totNum = 21
ROUND = 1964, SUM = 13525542, bChange = 0.00250304, totNum = 21
ROUND = 1965, SUM = 13525542, bChange = 0.002503, totNum = 21
ROUND = 1966, SUM = 13525542, bChange = 0.00250296, totNum = 21
ROUND = 1967, SUM = 13525542, bChange = 0.00250292, totNum = 21
ROUND = 1968, SUM = 13525542, bChange = 0.00250288, totNum = 21
ROUND = 1969, SUM = 13525542, bChange = 0.00250284, totNum = 21
ROUND = 1970, SUM = 13525542, bChange = 0.00250281, totNum = 21
ROUND = 1971, SUM = 13525542, bChange = 0.00250277, totNum = 21
ROUND = 1972, SUM = 13525542, bChange = 0.00250273, totNum = 21
ROUND = 1973, SUM = 13525542, bChange = 0.00250269, totNum = 21
ROUND = 1974, SUM = 13525542, bChange = 0.00250265, totNum = 21
ROUND = 1975, SUM = 13525542, bChange = 0.00250261, totNum = 21
ROUND = 1976, SUM = 13525542, bChange = 0.00250258, totNum = 21
ROUND = 1977, SUM = 13525542, bChange = 0.00250254, totNum = 21
ROUND = 1978, SUM = 13525542, bChange = 0.0025025, totNum = 21
ROUND = 1979, SUM = 13525541.9999999, bChange = 0.00250246, totNum = 21
ROUND = 1980, SUM = 13525542, bChange = 0.00250242, totNum = 21
ROUND = 1981, SUM = 13525542, bChange = 0.00250239, totNum = 21
ROUND = 1982, SUM = 13525542, bChange = 0.00250235, totNum = 21
ROUND = 1983, SUM = 13525542, bChange = 0.00250231, totNum = 21
ROUND = 1984, SUM = 13525542, bChange = 0.00250227, totNum = 21
ROUND = 1985, SUM = 13525542, bChange = 0.00250224, totNum = 21
ROUND = 1986, SUM = 13525542, bChange = 0.0025022, totNum = 21
ROUND = 1987, SUM = 13525542, bChange = 0.00250216, totNum = 21
ROUND = 1988, SUM = 13525542, bChange = 0.00250213, totNum = 21
ROUND = 1989, SUM = 13525542, bChange = 0.00250209, totNum = 21
ROUND = 1990, SUM = 13525542, bChange = 0.00250205, totNum = 21
ROUND = 1991, SUM = 13525542, bChange = 0.00250202, totNum = 21
ROUND = 1992, SUM = 13525542, bChange = 0.00250198, totNum = 21
ROUND = 1993, SUM = 13525542, bChange = 0.00250194, totNum = 21
ROUND = 1994, SUM = 13525542, bChange = 0.00250191, totNum = 21
ROUND = 1995, SUM = 13525542, bChange = 0.00250187, totNum = 21
ROUND = 1996, SUM = 13525542, bChange = 0.00250183, totNum = 21
ROUND = 1997, SUM = 13525542, bChange = 0.0025018, totNum = 21
ROUND = 1998, SUM = 13525542, bChange = 0.00250176, totNum = 21
ROUND = 1999, SUM = 13525542, bChange = 0.00250173, totNum = 21
ROUND = 2000, SUM = 13525542, bChange = 0.00250169, totNum = 21
ROUND = 2001, SUM = 13525542, bChange = 0.00250165, totNum = 21
ROUND = 2002, SUM = 13525542, bChange = 0.00250162, totNum = 21
ROUND = 2003, SUM = 13525542, bChange = 0.00250158, totNum = 21
ROUND = 2004, SUM = 13525542, bChange = 0.00250155, totNum = 21
ROUND = 2005, SUM = 13525542, bChange = 0.00250151, totNum = 21
ROUND = 2006, SUM = 13525542, bChange = 0.00250148, totNum = 21
ROUND = 2007, SUM = 13525542, bChange = 0.00250144, totNum = 21
ROUND = 2008, SUM = 13525542, bChange = 0.00250141, totNum = 21
ROUND = 2009, SUM = 13525542, bChange = 0.00250137, totNum = 21
ROUND = 2010, SUM = 13525542, bChange = 0.00250134, totNum = 21
ROUND = 2011, SUM = 13525542, bChange = 0.0025013, totNum = 21
ROUND = 2012, SUM = 13525542, bChange = 0.00250127, totNum = 21
ROUND = 2013, SUM = 13525542, bChange = 0.00250123, totNum = 21
ROUND = 2014, SUM = 13525542, bChange = 0.0025012, totNum = 21
ROUND = 2015, SUM = 13525542, bChange = 0.00250116, totNum = 21
ROUND = 2016, SUM = 13525542, bChange = 0.00250113, totNum = 21
ROUND = 2017, SUM = 13525542, bChange = 0.00250109, totNum = 21
ROUND = 2018, SUM = 13525542, bChange = 0.00250106, totNum = 21
ROUND = 2019, SUM = 13525542, bChange = 0.00250102, totNum = 21
ROUND = 2020, SUM = 13525542, bChange = 0.00250099, totNum = 21
ROUND = 2021, SUM = 13525542, bChange = 0.00250096, totNum = 21
ROUND = 2022, SUM = 13525542, bChange = 0.00250092, totNum = 21
ROUND = 2023, SUM = 13525542, bChange = 0.00250089, totNum = 21
ROUND = 2024, SUM = 13525542, bChange = 0.00250086, totNum = 21
ROUND = 2025, SUM = 13525542, bChange = 0.00250082, totNum = 21
ROUND = 2026, SUM = 13525542, bChange = 0.00250079, totNum = 21
ROUND = 2027, SUM = 13525542, bChange = 0.00250075, totNum = 21
ROUND = 2028, SUM = 13525542, bChange = 0.00250072, totNum = 21
ROUND = 2029, SUM = 13525542, bChange = 0.00250069, totNum = 21
ROUND = 2030, SUM = 13525542, bChange = 0.00250065, totNum = 21
ROUND = 2031, SUM = 13525542, bChange = 0.00250062, totNum = 21
ROUND = 2032, SUM = 13525542, bChange = 0.00250059, totNum = 21
ROUND = 2033, SUM = 13525542, bChange = 0.00250055, totNum = 21
ROUND = 2034, SUM = 13525542, bChange = 0.00250052, totNum = 21
ROUND = 2035, SUM = 13525542, bChange = 0.00250049, totNum = 21
ROUND = 2036, SUM = 13525542, bChange = 0.00250046, totNum = 21
ROUND = 2037, SUM = 13525542, bChange = 0.00250042, totNum = 21
ROUND = 2038, SUM = 13525542, bChange = 0.00250039, totNum = 21
ROUND = 2039, SUM = 13525542, bChange = 0.00250036, totNum = 21
ROUND = 2040, SUM = 13525542, bChange = 0.00250033, totNum = 21
ROUND = 2041, SUM = 13525542, bChange = 0.00250029, totNum = 21
ROUND = 2042, SUM = 13525542, bChange = 0.00250026, totNum = 21
ROUND = 2043, SUM = 13525542, bChange = 0.00250023, totNum = 21
ROUND = 2044, SUM = 13525542, bChange = 0.0025002, totNum = 21
ROUND = 2045, SUM = 13525542, bChange = 0.00250016, totNum = 21
ROUND = 2046, SUM = 13525542, bChange = 0.00250013, totNum = 21
ROUND = 2047, SUM = 13525542, bChange = 0.0025001, totNum = 21
ROUND = 2048, SUM = 13525542, bChange = 0.00250007, totNum = 21
ROUND = 2049, SUM = 13525542, bChange = 0.00250004, totNum = 21
ROUND = 2050, SUM = 13525542, bChange = 0.00250001, totNum = 21
ROUND = 2051, SUM = 13525542, bChange = 0.00249997, totNum = 21
ROUND = 2052, SUM = 13525542, bChange = 0.00249994, totNum = 21
ROUND = 2053, SUM = 13525542, bChange = 0.00249991, totNum = 21
ROUND = 2054, SUM = 13525542, bChange = 0.00249988, totNum = 21
ROUND = 2055, SUM = 13525542, bChange = 0.00249985, totNum = 21
ROUND = 2056, SUM = 13525542, bChange = 0.00249982, totNum = 21
ROUND = 2057, SUM = 13525542, bChange = 0.00249979, totNum = 21
ROUND = 2058, SUM = 13525542, bChange = 0.00249975, totNum = 21
ROUND = 2059, SUM = 13525542, bChange = 0.00249972, totNum = 21
ROUND = 2060, SUM = 13525542, bChange = 0.00249969, totNum = 21
ROUND = 2061, SUM = 13525542, bChange = 0.00249966, totNum = 21
ROUND = 2062, SUM = 13525542, bChange = 0.00249963, totNum = 21
ROUND = 2063, SUM = 13525542, bChange = 0.0024996, totNum = 21
ROUND = 2064, SUM = 13525542, bChange = 0.00249957, totNum = 21
ROUND = 2065, SUM = 13525542, bChange = 0.00249954, totNum = 21
ROUND = 2066, SUM = 13525542, bChange = 0.00249951, totNum = 21
ROUND = 2067, SUM = 13525542, bChange = 0.00249948, totNum = 21
ROUND = 2068, SUM = 13525542, bChange = 0.00249945, totNum = 21
ROUND = 2069, SUM = 13525542, bChange = 0.00249942, totNum = 21
ROUND = 2070, SUM = 13525542, bChange = 0.00249939, totNum = 21
ROUND = 2071, SUM = 13525542, bChange = 0.00249936, totNum = 20
ROUND = 2072, SUM = 13525542, bChange = 0.00249933, totNum = 20
ROUND = 2073, SUM = 13525542, bChange = 0.0024993, totNum = 20
ROUND = 2074, SUM = 13525542, bChange = 0.00249927, totNum = 20
ROUND = 2075, SUM = 13525542, bChange = 0.00249924, totNum = 20
ROUND = 2076, SUM = 13525542, bChange = 0.00249921, totNum = 20
ROUND = 2077, SUM = 13525542, bChange = 0.00249918, totNum = 20
ROUND = 2078, SUM = 13525542, bChange = 0.00249915, totNum = 20
ROUND = 2079, SUM = 13525542, bChange = 0.00249912, totNum = 20
ROUND = 2080, SUM = 13525542, bChange = 0.00249909, totNum = 20
ROUND = 2081, SUM = 13525542, bChange = 0.00249906, totNum = 20
ROUND = 2082, SUM = 13525542, bChange = 0.00249903, totNum = 20
ROUND = 2083, SUM = 13525542, bChange = 0.002499, totNum = 20
ROUND = 2084, SUM = 13525542, bChange = 0.00249897, totNum = 20
ROUND = 2085, SUM = 13525542, bChange = 0.00249895, totNum = 20
ROUND = 2086, SUM = 13525542, bChange = 0.00249892, totNum = 20
ROUND = 2087, SUM = 13525542, bChange = 0.00249889, totNum = 20
ROUND = 2088, SUM = 13525542, bChange = 0.00249886, totNum = 20
ROUND = 2089, SUM = 13525542, bChange = 0.00249883, totNum = 20
ROUND = 2090, SUM = 13525542, bChange = 0.0024988, totNum = 20
ROUND = 2091, SUM = 13525542, bChange = 0.00249877, totNum = 20
ROUND = 2092, SUM = 13525542, bChange = 0.00249874, totNum = 20
ROUND = 2093, SUM = 13525542, bChange = 0.00249872, totNum = 20
ROUND = 2094, SUM = 13525542, bChange = 0.00249869, totNum = 20
ROUND = 2095, SUM = 13525542, bChange = 0.00249866, totNum = 19
ROUND = 2096, SUM = 13525542, bChange = 0.00249863, totNum = 19
ROUND = 2097, SUM = 13525542, bChange = 0.0024986, totNum = 19
ROUND = 2098, SUM = 13525542, bChange = 0.00249857, totNum = 19
ROUND = 2099, SUM = 13525542, bChange = 0.00249855, totNum = 19
ROUND = 2100, SUM = 13525542, bChange = 0.00249852, totNum = 19
ROUND = 2101, SUM = 13525542, bChange = 0.00249849, totNum = 19
ROUND = 2102, SUM = 13525542, bChange = 0.00249846, totNum = 19
ROUND = 2103, SUM = 13525542, bChange = 0.00249844, totNum = 19
ROUND = 2104, SUM = 13525542, bChange = 0.00249841, totNum = 19
ROUND = 2105, SUM = 13525542, bChange = 0.00249838, totNum = 19
ROUND = 2106, SUM = 13525542, bChange = 0.00249835, totNum = 19
ROUND = 2107, SUM = 13525542, bChange = 0.00249832, totNum = 19
ROUND = 2108, SUM = 13525542, bChange = 0.0024983, totNum = 19
ROUND = 2109, SUM = 13525542, bChange = 0.00249827, totNum = 18
ROUND = 2110, SUM = 13525542, bChange = 0.00249824, totNum = 18
ROUND = 2111, SUM = 13525542, bChange = 0.00249822, totNum = 18
ROUND = 2112, SUM = 13525542, bChange = 0.00249819, totNum = 18
ROUND = 2113, SUM = 13525542, bChange = 0.00249816, totNum = 18
ROUND = 2114, SUM = 13525542, bChange = 0.00249813, totNum = 18
ROUND = 2115, SUM = 13525542, bChange = 0.00249811, totNum = 18
ROUND = 2116, SUM = 13525542, bChange = 0.00249808, totNum = 18
ROUND = 2117, SUM = 13525542, bChange = 0.00249805, totNum = 18
ROUND = 2118, SUM = 13525542, bChange = 0.00249803, totNum = 18
ROUND = 2119, SUM = 13525542, bChange = 0.002498, totNum = 18
ROUND = 2120, SUM = 13525542, bChange = 0.00249797, totNum = 18
ROUND = 2121, SUM = 13525542, bChange = 0.00249795, totNum = 18
ROUND = 2122, SUM = 13525542, bChange = 0.00249792, totNum = 18
ROUND = 2123, SUM = 13525542, bChange = 0.00249789, totNum = 18
ROUND = 2124, SUM = 13525542, bChange = 0.00249787, totNum = 18
ROUND = 2125, SUM = 13525542, bChange = 0.00249784, totNum = 18
ROUND = 2126, SUM = 13525542, bChange = 0.00249782, totNum = 18
ROUND = 2127, SUM = 13525542, bChange = 0.00249779, totNum = 18
ROUND = 2128, SUM = 13525542, bChange = 0.00249776, totNum = 18
ROUND = 2129, SUM = 13525542, bChange = 0.00249774, totNum = 18
ROUND = 2130, SUM = 13525542, bChange = 0.00249771, totNum = 18
ROUND = 2131, SUM = 13525542, bChange = 0.00249769, totNum = 18
ROUND = 2132, SUM = 13525542, bChange = 0.00249766, totNum = 18
ROUND = 2133, SUM = 13525542, bChange = 0.00249763, totNum = 18
ROUND = 2134, SUM = 13525542, bChange = 0.00249761, totNum = 18
ROUND = 2135, SUM = 13525542, bChange = 0.00249758, totNum = 18
ROUND = 2136, SUM = 13525542, bChange = 0.00249756, totNum = 18
ROUND = 2137, SUM = 13525542, bChange = 0.00249753, totNum = 18
ROUND = 2138, SUM = 13525542, bChange = 0.00249751, totNum = 18
ROUND = 2139, SUM = 13525542, bChange = 0.00249748, totNum = 18
ROUND = 2140, SUM = 13525542, bChange = 0.00249746, totNum = 18
ROUND = 2141, SUM = 13525542, bChange = 0.00249743, totNum = 18
ROUND = 2142, SUM = 13525542, bChange = 0.00249741, totNum = 18
ROUND = 2143, SUM = 13525542, bChange = 0.00249738, totNum = 18
ROUND = 2144, SUM = 13525542, bChange = 0.00249736, totNum = 18
ROUND = 2145, SUM = 13525542, bChange = 0.00249733, totNum = 18
ROUND = 2146, SUM = 13525542, bChange = 0.00249731, totNum = 18
ROUND = 2147, SUM = 13525542, bChange = 0.00249728, totNum = 18
ROUND = 2148, SUM = 13525542, bChange = 0.00249726, totNum = 18
ROUND = 2149, SUM = 13525542, bChange = 0.00249723, totNum = 18
ROUND = 2150, SUM = 13525542, bChange = 0.00249721, totNum = 18
ROUND = 2151, SUM = 13525542, bChange = 0.00249718, totNum = 18
ROUND = 2152, SUM = 13525542, bChange = 0.00249716, totNum = 18
ROUND = 2153, SUM = 13525542, bChange = 0.00249713, totNum = 18
ROUND = 2154, SUM = 13525542, bChange = 0.00249711, totNum = 18
ROUND = 2155, SUM = 13525542, bChange = 0.00249708, totNum = 18
ROUND = 2156, SUM = 13525542, bChange = 0.00249706, totNum = 18
ROUND = 2157, SUM = 13525542, bChange = 0.00249704, totNum = 18
ROUND = 2158, SUM = 13525542, bChange = 0.00249701, totNum = 18
ROUND = 2159, SUM = 13525542, bChange = 0.00249699, totNum = 18
ROUND = 2160, SUM = 13525542, bChange = 0.00249696, totNum = 18
ROUND = 2161, SUM = 13525542, bChange = 0.00249694, totNum = 18
ROUND = 2162, SUM = 13525542, bChange = 0.00249691, totNum = 18
ROUND = 2163, SUM = 13525542, bChange = 0.00249689, totNum = 18
ROUND = 2164, SUM = 13525542, bChange = 0.00249687, totNum = 18
ROUND = 2165, SUM = 13525542, bChange = 0.00249684, totNum = 18
ROUND = 2166, SUM = 13525542, bChange = 0.00249682, totNum = 18
ROUND = 2167, SUM = 13525542, bChange = 0.0024968, totNum = 18
ROUND = 2168, SUM = 13525542, bChange = 0.00249677, totNum = 18
ROUND = 2169, SUM = 13525542, bChange = 0.00249675, totNum = 18
ROUND = 2170, SUM = 13525542, bChange = 0.00249673, totNum = 18
ROUND = 2171, SUM = 13525542, bChange = 0.0024967, totNum = 18
ROUND = 2172, SUM = 13525542, bChange = 0.00249668, totNum = 18
ROUND = 2173, SUM = 13525542, bChange = 0.00249666, totNum = 18
ROUND = 2174, SUM = 13525542, bChange = 0.00249663, totNum = 18
ROUND = 2175, SUM = 13525542, bChange = 0.00249661, totNum = 18
ROUND = 2176, SUM = 13525542, bChange = 0.00249659, totNum = 18
ROUND = 2177, SUM = 13525542, bChange = 0.00249656, totNum = 18
ROUND = 2178, SUM = 13525542, bChange = 0.00249654, totNum = 18
ROUND = 2179, SUM = 13525542, bChange = 0.00249652, totNum = 18
ROUND = 2180, SUM = 13525542, bChange = 0.00249649, totNum = 18
ROUND = 2181, SUM = 13525542, bChange = 0.00249647, totNum = 18
ROUND = 2182, SUM = 13525542, bChange = 0.00249645, totNum = 18
ROUND = 2183, SUM = 13525542, bChange = 0.00249643, totNum = 18
ROUND = 2184, SUM = 13525542, bChange = 0.0024964, totNum = 18
ROUND = 2185, SUM = 13525542, bChange = 0.00249638, totNum = 18
ROUND = 2186, SUM = 13525542, bChange = 0.00249636, totNum = 18
ROUND = 2187, SUM = 13525542, bChange = 0.00249634, totNum = 18
ROUND = 2188, SUM = 13525542, bChange = 0.00249631, totNum = 18
ROUND = 2189, SUM = 13525542, bChange = 0.00249629, totNum = 18
ROUND = 2190, SUM = 13525542, bChange = 0.00249627, totNum = 18
ROUND = 2191, SUM = 13525542, bChange = 0.00249625, totNum = 18
ROUND = 2192, SUM = 13525542, bChange = 0.00249622, totNum = 18
ROUND = 2193, SUM = 13525542, bChange = 0.0024962, totNum = 18
ROUND = 2194, SUM = 13525542, bChange = 0.00249618, totNum = 18
ROUND = 2195, SUM = 13525542, bChange = 0.00249616, totNum = 18
ROUND = 2196, SUM = 13525542, bChange = 0.00249614, totNum = 18
ROUND = 2197, SUM = 13525542, bChange = 0.00249611, totNum = 18
ROUND = 2198, SUM = 13525542, bChange = 0.00249609, totNum = 18
ROUND = 2199, SUM = 13525542, bChange = 0.00249607, totNum = 17
ROUND = 2200, SUM = 13525542, bChange = 0.00249605, totNum = 17
ROUND = 2201, SUM = 13525542, bChange = 0.00249603, totNum = 17
ROUND = 2202, SUM = 13525542, bChange = 0.002496, totNum = 17
ROUND = 2203, SUM = 13525542, bChange = 0.00249598, totNum = 17
ROUND = 2204, SUM = 13525542, bChange = 0.00249596, totNum = 17
ROUND = 2205, SUM = 13525542, bChange = 0.00249594, totNum = 17
ROUND = 2206, SUM = 13525542, bChange = 0.00249592, totNum = 17
ROUND = 2207, SUM = 13525542, bChange = 0.0024959, totNum = 17
ROUND = 2208, SUM = 13525542, bChange = 0.00249588, totNum = 17
ROUND = 2209, SUM = 13525542, bChange = 0.00249585, totNum = 17
ROUND = 2210, SUM = 13525542, bChange = 0.00249583, totNum = 17
ROUND = 2211, SUM = 13525542, bChange = 0.00249581, totNum = 17
ROUND = 2212, SUM = 13525542, bChange = 0.00249579, totNum = 17
ROUND = 2213, SUM = 13525542, bChange = 0.00249577, totNum = 17
ROUND = 2214, SUM = 13525542, bChange = 0.00249575, totNum = 17
ROUND = 2215, SUM = 13525542, bChange = 0.00249573, totNum = 17
ROUND = 2216, SUM = 13525542, bChange = 0.00249571, totNum = 17
ROUND = 2217, SUM = 13525542, bChange = 0.00249569, totNum = 17
ROUND = 2218, SUM = 13525542, bChange = 0.00249566, totNum = 17
ROUND = 2219, SUM = 13525542, bChange = 0.00249564, totNum = 17
ROUND = 2220, SUM = 13525542, bChange = 0.00249562, totNum = 17
ROUND = 2221, SUM = 13525542, bChange = 0.0024956, totNum = 17
ROUND = 2222, SUM = 13525542, bChange = 0.00204112, totNum = 16
ROUND = 2223, SUM = 13525542, bChange = 0.00204111, totNum = 16
ROUND = 2224, SUM = 13525542, bChange = 0.00204111, totNum = 16
ROUND = 2225, SUM = 13525542, bChange = 0.0020411, totNum = 16
ROUND = 2226, SUM = 13525542, bChange = 0.0020411, totNum = 16
ROUND = 2227, SUM = 13525542, bChange = 0.00204109, totNum = 16
ROUND = 2228, SUM = 13525542, bChange = 0.00204108, totNum = 16
ROUND = 2229, SUM = 13525542, bChange = 0.00204108, totNum = 16
ROUND = 2230, SUM = 13525542, bChange = 0.00204107, totNum = 16
ROUND = 2231, SUM = 13525542, bChange = 0.00204107, totNum = 16
ROUND = 2232, SUM = 13525542, bChange = 0.00204106, totNum = 16
ROUND = 2233, SUM = 13525542, bChange = 0.00204106, totNum = 16
ROUND = 2234, SUM = 13525542, bChange = 0.00204105, totNum = 16
ROUND = 2235, SUM = 13525542, bChange = 0.00204105, totNum = 16
ROUND = 2236, SUM = 13525542, bChange = 0.00204104, totNum = 16
ROUND = 2237, SUM = 13525542, bChange = 0.00204103, totNum = 16
ROUND = 2238, SUM = 13525542, bChange = 0.00204103, totNum = 16
ROUND = 2239, SUM = 13525542, bChange = 0.00204102, totNum = 16
ROUND = 2240, SUM = 13525542, bChange = 0.00204102, totNum = 16
ROUND = 2241, SUM = 13525542, bChange = 0.00204101, totNum = 16
ROUND = 2242, SUM = 13525542, bChange = 0.00204101, totNum = 16
ROUND = 2243, SUM = 13525542, bChange = 0.002041, totNum = 16
ROUND = 2244, SUM = 13525542, bChange = 0.002041, totNum = 16
ROUND = 2245, SUM = 13525542, bChange = 0.00204099, totNum = 16
ROUND = 2246, SUM = 13525542, bChange = 0.00204099, totNum = 16
ROUND = 2247, SUM = 13525542, bChange = 0.00204098, totNum = 16
ROUND = 2248, SUM = 13525542, bChange = 0.00204097, totNum = 16
ROUND = 2249, SUM = 13525542, bChange = 0.00204097, totNum = 16
ROUND = 2250, SUM = 13525542, bChange = 0.00204096, totNum = 16
ROUND = 2251, SUM = 13525542, bChange = 0.00204096, totNum = 16
ROUND = 2252, SUM = 13525542, bChange = 0.00204095, totNum = 16
ROUND = 2253, SUM = 13525542, bChange = 0.00204095, totNum = 16
ROUND = 2254, SUM = 13525542, bChange = 0.00204094, totNum = 16
ROUND = 2255, SUM = 13525542, bChange = 0.00204094, totNum = 16
ROUND = 2256, SUM = 13525542, bChange = 0.00204093, totNum = 16
ROUND = 2257, SUM = 13525542, bChange = 0.00204093, totNum = 16
ROUND = 2258, SUM = 13525542, bChange = 0.00204092, totNum = 16
ROUND = 2259, SUM = 13525542, bChange = 0.00204092, totNum = 16
ROUND = 2260, SUM = 13525542, bChange = 0.00204091, totNum = 16
ROUND = 2261, SUM = 13525542, bChange = 0.00204091, totNum = 16
ROUND = 2262, SUM = 13525542, bChange = 0.0020409, totNum = 16
ROUND = 2263, SUM = 13525542, bChange = 0.0020409, totNum = 16
ROUND = 2264, SUM = 13525542, bChange = 0.00204089, totNum = 16
ROUND = 2265, SUM = 13525542, bChange = 0.00204089, totNum = 16
ROUND = 2266, SUM = 13525542, bChange = 0.00204088, totNum = 16
ROUND = 2267, SUM = 13525542, bChange = 0.00204087, totNum = 16
ROUND = 2268, SUM = 13525542, bChange = 0.00204087, totNum = 16
ROUND = 2269, SUM = 13525542, bChange = 0.00204086, totNum = 16
ROUND = 2270, SUM = 13525542, bChange = 0.00204086, totNum = 16
ROUND = 2271, SUM = 13525542, bChange = 0.00204085, totNum = 16
ROUND = 2272, SUM = 13525542, bChange = 0.00204085, totNum = 16
ROUND = 2273, SUM = 13525542, bChange = 0.00204084, totNum = 16
ROUND = 2274, SUM = 13525542, bChange = 0.00204084, totNum = 16
ROUND = 2275, SUM = 13525542, bChange = 0.00204083, totNum = 16
ROUND = 2276, SUM = 13525542, bChange = 0.00204083, totNum = 16
ROUND = 2277, SUM = 13525542, bChange = 0.00204082, totNum = 16
ROUND = 2278, SUM = 13525542, bChange = 0.00204082, totNum = 16
ROUND = 2279, SUM = 13525542, bChange = 0.00204081, totNum = 16
ROUND = 2280, SUM = 13525542, bChange = 0.00204081, totNum = 16
ROUND = 2281, SUM = 13525542, bChange = 0.0020408, totNum = 16
ROUND = 2282, SUM = 13525542, bChange = 0.0020408, totNum = 16
ROUND = 2283, SUM = 13525542, bChange = 0.00204079, totNum = 16
ROUND = 2284, SUM = 13525542, bChange = 0.00204079, totNum = 16
ROUND = 2285, SUM = 13525542, bChange = 0.00204078, totNum = 16
ROUND = 2286, SUM = 13525542, bChange = 0.00204078, totNum = 16
ROUND = 2287, SUM = 13525542, bChange = 0.00204077, totNum = 16
ROUND = 2288, SUM = 13525542, bChange = 0.00204077, totNum = 16
ROUND = 2289, SUM = 13525542, bChange = 0.00204076, totNum = 16
ROUND = 2290, SUM = 13525542, bChange = 0.00204076, totNum = 16
ROUND = 2291, SUM = 13525542, bChange = 0.00204075, totNum = 16
ROUND = 2292, SUM = 13525542, bChange = 0.00204075, totNum = 16
ROUND = 2293, SUM = 13525542, bChange = 0.00204074, totNum = 16
ROUND = 2294, SUM = 13525542, bChange = 0.00204074, totNum = 16
ROUND = 2295, SUM = 13525542, bChange = 0.00204073, totNum = 16
ROUND = 2296, SUM = 13525542, bChange = 0.00204073, totNum = 16
ROUND = 2297, SUM = 13525542, bChange = 0.00204072, totNum = 16
ROUND = 2298, SUM = 13525542, bChange = 0.00204072, totNum = 16
ROUND = 2299, SUM = 13525542, bChange = 0.00204072, totNum = 16
ROUND = 2300, SUM = 13525542, bChange = 0.00204071, totNum = 16
ROUND = 2301, SUM = 13525542, bChange = 0.00204071, totNum = 16
ROUND = 2302, SUM = 13525542, bChange = 0.0020407, totNum = 16
ROUND = 2303, SUM = 13525542, bChange = 0.0020407, totNum = 16
ROUND = 2304, SUM = 13525542, bChange = 0.00204069, totNum = 16
ROUND = 2305, SUM = 13525542, bChange = 0.00204069, totNum = 16
ROUND = 2306, SUM = 13525542, bChange = 0.00204068, totNum = 16
ROUND = 2307, SUM = 13525542, bChange = 0.00204068, totNum = 16
ROUND = 2308, SUM = 13525542, bChange = 0.00204067, totNum = 16
ROUND = 2309, SUM = 13525542, bChange = 0.00204067, totNum = 16
ROUND = 2310, SUM = 13525542, bChange = 0.00204066, totNum = 16
ROUND = 2311, SUM = 13525542, bChange = 0.00204066, totNum = 16
ROUND = 2312, SUM = 13525542, bChange = 0.00204065, totNum = 16
ROUND = 2313, SUM = 13525542, bChange = 0.00204065, totNum = 16
ROUND = 2314, SUM = 13525542, bChange = 0.00204064, totNum = 16
ROUND = 2315, SUM = 13525542, bChange = 0.00204064, totNum = 16
ROUND = 2316, SUM = 13525542, bChange = 0.00204063, totNum = 16
ROUND = 2317, SUM = 13525542, bChange = 0.00204063, totNum = 16
ROUND = 2318, SUM = 13525542, bChange = 0.00204063, totNum = 16
ROUND = 2319, SUM = 13525542, bChange = 0.00204062, totNum = 16
ROUND = 2320, SUM = 13525542, bChange = 0.00204062, totNum = 16
ROUND = 2321, SUM = 13525542, bChange = 0.00204061, totNum = 16
ROUND = 2322, SUM = 13525542, bChange = 0.00204061, totNum = 16
ROUND = 2323, SUM = 13525542, bChange = 0.0020406, totNum = 16
ROUND = 2324, SUM = 13525542, bChange = 0.0020406, totNum = 16
ROUND = 2325, SUM = 13525542, bChange = 0.00204059, totNum = 16
ROUND = 2326, SUM = 13525542, bChange = 0.00204059, totNum = 16
ROUND = 2327, SUM = 13525542, bChange = 0.00204058, totNum = 16
ROUND = 2328, SUM = 13525542, bChange = 0.00204058, totNum = 16
ROUND = 2329, SUM = 13525542, bChange = 0.00204057, totNum = 16
ROUND = 2330, SUM = 13525542, bChange = 0.00204057, totNum = 16
ROUND = 2331, SUM = 13525542, bChange = 0.00204057, totNum = 16
ROUND = 2332, SUM = 13525542, bChange = 0.00204056, totNum = 16
ROUND = 2333, SUM = 13525542, bChange = 0.00204056, totNum = 16
ROUND = 2334, SUM = 13525542, bChange = 0.00204055, totNum = 16
ROUND = 2335, SUM = 13525542, bChange = 0.00204055, totNum = 16
ROUND = 2336, SUM = 13525542, bChange = 0.00204054, totNum = 16
ROUND = 2337, SUM = 13525542, bChange = 0.00204054, totNum = 16
ROUND = 2338, SUM = 13525542, bChange = 0.00204053, totNum = 16
ROUND = 2339, SUM = 13525542, bChange = 0.00204053, totNum = 16
ROUND = 2340, SUM = 13525542, bChange = 0.00204053, totNum = 16
ROUND = 2341, SUM = 13525542, bChange = 0.00204052, totNum = 16
ROUND = 2342, SUM = 13525542, bChange = 0.00204052, totNum = 16
ROUND = 2343, SUM = 13525542, bChange = 0.00204051, totNum = 16
ROUND = 2344, SUM = 13525542, bChange = 0.00204051, totNum = 16
ROUND = 2345, SUM = 13525542, bChange = 0.0020405, totNum = 16
ROUND = 2346, SUM = 13525542, bChange = 0.0020405, totNum = 15
ROUND = 2347, SUM = 13525542, bChange = 0.00204049, totNum = 15
ROUND = 2348, SUM = 13525542, bChange = 0.00204049, totNum = 15
ROUND = 2349, SUM = 13525542, bChange = 0.00204049, totNum = 15
ROUND = 2350, SUM = 13525542, bChange = 0.00204048, totNum = 15
ROUND = 2351, SUM = 13525542, bChange = 0.00204048, totNum = 15
ROUND = 2352, SUM = 13525542, bChange = 0.00204047, totNum = 15
ROUND = 2353, SUM = 13525542, bChange = 0.00204047, totNum = 15
ROUND = 2354, SUM = 13525542, bChange = 0.00204046, totNum = 15
ROUND = 2355, SUM = 13525542, bChange = 0.00204046, totNum = 15
ROUND = 2356, SUM = 13525542, bChange = 0.00204046, totNum = 15
ROUND = 2357, SUM = 13525542, bChange = 0.00204045, totNum = 15
ROUND = 2358, SUM = 13525542, bChange = 0.00204045, totNum = 14
ROUND = 2359, SUM = 13525542, bChange = 0.00204044, totNum = 14
ROUND = 2360, SUM = 13525542, bChange = 0.00204044, totNum = 13
ROUND = 2361, SUM = 13525542, bChange = 0.00204043, totNum = 13
ROUND = 2362, SUM = 13525542, bChange = 0.00204043, totNum = 13
ROUND = 2363, SUM = 13525542, bChange = 0.00204043, totNum = 13
ROUND = 2364, SUM = 13525542, bChange = 0.00204042, totNum = 13
ROUND = 2365, SUM = 13525542, bChange = 0.00204042, totNum = 13
ROUND = 2366, SUM = 13525542, bChange = 0.00204041, totNum = 13
ROUND = 2367, SUM = 13525542, bChange = 0.00204041, totNum = 13
ROUND = 2368, SUM = 13525542, bChange = 0.0020404, totNum = 13
ROUND = 2369, SUM = 13525542, bChange = 0.0020404, totNum = 13
ROUND = 2370, SUM = 13525542, bChange = 0.0020404, totNum = 13
ROUND = 2371, SUM = 13525542, bChange = 0.00204039, totNum = 13
ROUND = 2372, SUM = 13525542, bChange = 0.00204039, totNum = 13
ROUND = 2373, SUM = 13525542, bChange = 0.00204038, totNum = 13
ROUND = 2374, SUM = 13525542, bChange = 0.00204038, totNum = 13
ROUND = 2375, SUM = 13525542, bChange = 0.00204038, totNum = 13
ROUND = 2376, SUM = 13525542, bChange = 0.00204037, totNum = 13
ROUND = 2377, SUM = 13525542, bChange = 0.00204037, totNum = 13
ROUND = 2378, SUM = 13525542, bChange = 0.00204036, totNum = 13
ROUND = 2379, SUM = 13525542, bChange = 0.00204036, totNum = 13
ROUND = 2380, SUM = 13525542, bChange = 0.00204035, totNum = 13
ROUND = 2381, SUM = 13525542, bChange = 0.00204035, totNum = 13
ROUND = 2382, SUM = 13525542, bChange = 0.00204035, totNum = 13
ROUND = 2383, SUM = 13525542, bChange = 0.00204034, totNum = 13
ROUND = 2384, SUM = 13525542, bChange = 0.00204034, totNum = 13
ROUND = 2385, SUM = 13525542, bChange = 0.00204033, totNum = 13
ROUND = 2386, SUM = 13525542, bChange = 0.00204033, totNum = 13
ROUND = 2387, SUM = 13525542, bChange = 0.00204033, totNum = 13
ROUND = 2388, SUM = 13525542, bChange = 0.00204032, totNum = 13
ROUND = 2389, SUM = 13525542, bChange = 0.00204032, totNum = 13
ROUND = 2390, SUM = 13525542, bChange = 0.00204031, totNum = 13
ROUND = 2391, SUM = 13525542, bChange = 0.00204031, totNum = 13
ROUND = 2392, SUM = 13525542, bChange = 0.00204031, totNum = 13
ROUND = 2393, SUM = 13525542, bChange = 0.0020403, totNum = 13
ROUND = 2394, SUM = 13525542, bChange = 0.0020403, totNum = 13
ROUND = 2395, SUM = 13525542, bChange = 0.00204029, totNum = 13
ROUND = 2396, SUM = 13525542, bChange = 0.00204029, totNum = 13
ROUND = 2397, SUM = 13525542, bChange = 0.00204029, totNum = 13
ROUND = 2398, SUM = 13525542, bChange = 0.00204028, totNum = 13
ROUND = 2399, SUM = 13525542, bChange = 0.00204028, totNum = 13
ROUND = 2400, SUM = 13525542, bChange = 0.00204027, totNum = 13
ROUND = 2401, SUM = 13525542, bChange = 0.00204027, totNum = 13
ROUND = 2402, SUM = 13525542, bChange = 0.00204027, totNum = 13
ROUND = 2403, SUM = 13525542, bChange = 0.00204026, totNum = 13
ROUND = 2404, SUM = 13525542, bChange = 0.00204026, totNum = 13
ROUND = 2405, SUM = 13525542, bChange = 0.00204025, totNum = 13
ROUND = 2406, SUM = 13525542, bChange = 0.00204025, totNum = 13
ROUND = 2407, SUM = 13525542, bChange = 0.00204025, totNum = 13
ROUND = 2408, SUM = 13525542, bChange = 0.00204024, totNum = 13
ROUND = 2409, SUM = 13525542, bChange = 0.00204024, totNum = 13
ROUND = 2410, SUM = 13525542, bChange = 0.00204024, totNum = 13
ROUND = 2411, SUM = 13525542, bChange = 0.00204023, totNum = 13
ROUND = 2412, SUM = 13525542, bChange = 0.00204023, totNum = 13
ROUND = 2413, SUM = 13525542, bChange = 0.00204022, totNum = 13
ROUND = 2414, SUM = 13525542, bChange = 0.00204022, totNum = 13
ROUND = 2415, SUM = 13525542, bChange = 0.00204022, totNum = 13
ROUND = 2416, SUM = 13525542, bChange = 0.00204021, totNum = 13
ROUND = 2417, SUM = 13525542, bChange = 0.00204021, totNum = 13
ROUND = 2418, SUM = 13525542, bChange = 0.00204021, totNum = 13
ROUND = 2419, SUM = 13525542, bChange = 0.0020402, totNum = 13
ROUND = 2420, SUM = 13525542, bChange = 0.0020402, totNum = 13
ROUND = 2421, SUM = 13525542, bChange = 0.00204019, totNum = 13
ROUND = 2422, SUM = 13525542, bChange = 0.00204019, totNum = 13
ROUND = 2423, SUM = 13525542, bChange = 0.00204019, totNum = 13
ROUND = 2424, SUM = 13525542, bChange = 0.00204018, totNum = 13
ROUND = 2425, SUM = 13525542, bChange = 0.00204018, totNum = 13
ROUND = 2426, SUM = 13525542, bChange = 0.00204018, totNum = 13
ROUND = 2427, SUM = 13525542, bChange = 0.00204017, totNum = 13
ROUND = 2428, SUM = 13525542, bChange = 0.00204017, totNum = 13
ROUND = 2429, SUM = 13525542, bChange = 0.00204016, totNum = 13
ROUND = 2430, SUM = 13525542, bChange = 0.00204016, totNum = 13
ROUND = 2431, SUM = 13525542, bChange = 0.00204016, totNum = 13
ROUND = 2432, SUM = 13525542, bChange = 0.00204015, totNum = 13
ROUND = 2433, SUM = 13525542, bChange = 0.00204015, totNum = 13
ROUND = 2434, SUM = 13525542, bChange = 0.00204015, totNum = 13
ROUND = 2435, SUM = 13525542, bChange = 0.00204014, totNum = 13
ROUND = 2436, SUM = 13525542, bChange = 0.00204014, totNum = 13
ROUND = 2437, SUM = 13525542, bChange = 0.00204013, totNum = 13
ROUND = 2438, SUM = 13525542, bChange = 0.00204013, totNum = 13
ROUND = 2439, SUM = 13525542, bChange = 0.00204013, totNum = 13
ROUND = 2440, SUM = 13525542, bChange = 0.00204012, totNum = 13
ROUND = 2441, SUM = 13525542, bChange = 0.00204012, totNum = 13
ROUND = 2442, SUM = 13525542, bChange = 0.00204012, totNum = 13
ROUND = 2443, SUM = 13525542, bChange = 0.00204011, totNum = 13
ROUND = 2444, SUM = 13525542, bChange = 0.00204011, totNum = 13
ROUND = 2445, SUM = 13525542, bChange = 0.00204011, totNum = 13
ROUND = 2446, SUM = 13525542, bChange = 0.0020401, totNum = 13
ROUND = 2447, SUM = 13525542, bChange = 0.0020401, totNum = 13
ROUND = 2448, SUM = 13525542, bChange = 0.00204009, totNum = 13
ROUND = 2449, SUM = 13525542, bChange = 0.00204009, totNum = 13
ROUND = 2450, SUM = 13525542, bChange = 0.00204009, totNum = 13
ROUND = 2451, SUM = 13525542, bChange = 0.00204008, totNum = 13
ROUND = 2452, SUM = 13525542, bChange = 0.00204008, totNum = 13
ROUND = 2453, SUM = 13525542, bChange = 0.00204008, totNum = 13
ROUND = 2454, SUM = 13525542, bChange = 0.00204007, totNum = 13
ROUND = 2455, SUM = 13525542, bChange = 0.00204007, totNum = 13
ROUND = 2456, SUM = 13525542, bChange = 0.00204007, totNum = 13
ROUND = 2457, SUM = 13525542, bChange = 0.00204006, totNum = 13
ROUND = 2458, SUM = 13525542, bChange = 0.00204006, totNum = 12
ROUND = 2459, SUM = 13525542, bChange = 0.00204006, totNum = 12
ROUND = 2460, SUM = 13525542, bChange = 0.00204005, totNum = 12
ROUND = 2461, SUM = 13525542, bChange = 0.00204005, totNum = 12
ROUND = 2462, SUM = 13525542, bChange = 0.00204005, totNum = 12
ROUND = 2463, SUM = 13525542, bChange = 0.00204004, totNum = 12
ROUND = 2464, SUM = 13525542, bChange = 0.00204004, totNum = 12
ROUND = 2465, SUM = 13525542, bChange = 0.00204004, totNum = 12
ROUND = 2466, SUM = 13525542, bChange = 0.00204003, totNum = 12
ROUND = 2467, SUM = 13525542, bChange = 0.00204003, totNum = 12
ROUND = 2468, SUM = 13525542, bChange = 0.00204002, totNum = 12
ROUND = 2469, SUM = 13525542, bChange = 0.00204002, totNum = 12
ROUND = 2470, SUM = 13525542, bChange = 0.00204002, totNum = 12
ROUND = 2471, SUM = 13525542, bChange = 0.00204001, totNum = 12
ROUND = 2472, SUM = 13525542, bChange = 0.00204001, totNum = 12
ROUND = 2473, SUM = 13525542, bChange = 0.00204001, totNum = 12
ROUND = 2474, SUM = 13525542, bChange = 0.00204, totNum = 12
ROUND = 2475, SUM = 13525542, bChange = 0.00204, totNum = 12
ROUND = 2476, SUM = 13525542, bChange = 0.00204, totNum = 12
ROUND = 2477, SUM = 13525542, bChange = 0.00203999, totNum = 12
ROUND = 2478, SUM = 13525542, bChange = 0.00203999, totNum = 12
ROUND = 2479, SUM = 13525542, bChange = 0.00203999, totNum = 12
ROUND = 2480, SUM = 13525542, bChange = 0.00203998, totNum = 12
ROUND = 2481, SUM = 13525542, bChange = 0.00203998, totNum = 12
ROUND = 2482, SUM = 13525542, bChange = 0.00203998, totNum = 12
ROUND = 2483, SUM = 13525542, bChange = 0.00203997, totNum = 12
ROUND = 2484, SUM = 13525542, bChange = 0.00203997, totNum = 12
ROUND = 2485, SUM = 13525542, bChange = 0.00203997, totNum = 12
ROUND = 2486, SUM = 13525542, bChange = 0.00203996, totNum = 12
ROUND = 2487, SUM = 13525542, bChange = 0.00203996, totNum = 12
ROUND = 2488, SUM = 13525542, bChange = 0.00203996, totNum = 12
ROUND = 2489, SUM = 13525542, bChange = 0.00203995, totNum = 12
ROUND = 2490, SUM = 13525542, bChange = 0.00203995, totNum = 12
ROUND = 2491, SUM = 13525542, bChange = 0.00203995, totNum = 12
ROUND = 2492, SUM = 13525542, bChange = 0.00203994, totNum = 12
ROUND = 2493, SUM = 13525542, bChange = 0.00203994, totNum = 12
ROUND = 2494, SUM = 13525542, bChange = 0.00203994, totNum = 12
ROUND = 2495, SUM = 13525542, bChange = 0.00203994, totNum = 12
ROUND = 2496, SUM = 13525542, bChange = 0.00203993, totNum = 12
ROUND = 2497, SUM = 13525542, bChange = 0.00203993, totNum = 12
ROUND = 2498, SUM = 13525542, bChange = 0.00203993, totNum = 12
ROUND = 2499, SUM = 13525542, bChange = 0.00203992, totNum = 12
ROUND = 2500, SUM = 13525542, bChange = 0.00203992, totNum = 12
ROUND = 2501, SUM = 13525542, bChange = 0.00203992, totNum = 12
ROUND = 2502, SUM = 13525542, bChange = 0.00203991, totNum = 12
ROUND = 2503, SUM = 13525542, bChange = 0.00203991, totNum = 12
ROUND = 2504, SUM = 13525542, bChange = 0.00203991, totNum = 12
ROUND = 2505, SUM = 13525542, bChange = 0.0020399, totNum = 12
ROUND = 2506, SUM = 13525542, bChange = 0.0020399, totNum = 12
ROUND = 2507, SUM = 13525542, bChange = 0.0020399, totNum = 12
ROUND = 2508, SUM = 13525542, bChange = 0.00203989, totNum = 12
ROUND = 2509, SUM = 13525542, bChange = 0.00203989, totNum = 12
ROUND = 2510, SUM = 13525542, bChange = 0.00203989, totNum = 12
ROUND = 2511, SUM = 13525542, bChange = 0.00203988, totNum = 12
ROUND = 2512, SUM = 13525542, bChange = 0.00203988, totNum = 12
ROUND = 2513, SUM = 13525542, bChange = 0.00203988, totNum = 12
ROUND = 2514, SUM = 13525542, bChange = 0.00203987, totNum = 12
ROUND = 2515, SUM = 13525542, bChange = 0.00203987, totNum = 12
ROUND = 2516, SUM = 13525542, bChange = 0.00203987, totNum = 12
ROUND = 2517, SUM = 13525542, bChange = 0.00203987, totNum = 12
ROUND = 2518, SUM = 13525542, bChange = 0.00203986, totNum = 12
ROUND = 2519, SUM = 13525542, bChange = 0.00203986, totNum = 12
ROUND = 2520, SUM = 13525542, bChange = 0.00203986, totNum = 12
ROUND = 2521, SUM = 13525542, bChange = 0.00203985, totNum = 12
ROUND = 2522, SUM = 13525542, bChange = 0.00203985, totNum = 12
ROUND = 2523, SUM = 13525542, bChange = 0.00203985, totNum = 12
ROUND = 2524, SUM = 13525542, bChange = 0.00203984, totNum = 12
ROUND = 2525, SUM = 13525542, bChange = 0.00203984, totNum = 12
ROUND = 2526, SUM = 13525542, bChange = 0.00203984, totNum = 12
ROUND = 2527, SUM = 13525542, bChange = 0.00203983, totNum = 12
ROUND = 2528, SUM = 13525542, bChange = 0.00203983, totNum = 12
ROUND = 2529, SUM = 13525542, bChange = 0.00203983, totNum = 12
ROUND = 2530, SUM = 13525542, bChange = 0.00203983, totNum = 12
ROUND = 2531, SUM = 13525542, bChange = 0.00203982, totNum = 12
ROUND = 2532, SUM = 13525542, bChange = 0.00203982, totNum = 12
ROUND = 2533, SUM = 13525542, bChange = 0.00203982, totNum = 12
ROUND = 2534, SUM = 13525542, bChange = 0.00203981, totNum = 12
ROUND = 2535, SUM = 13525542, bChange = 0.00203981, totNum = 12
ROUND = 2536, SUM = 13525542, bChange = 0.00203981, totNum = 12
ROUND = 2537, SUM = 13525542, bChange = 0.0020398, totNum = 12
ROUND = 2538, SUM = 13525542, bChange = 0.0020398, totNum = 12
ROUND = 2539, SUM = 13525542, bChange = 0.0020398, totNum = 12
ROUND = 2540, SUM = 13525542, bChange = 0.0020398, totNum = 12
ROUND = 2541, SUM = 13525542, bChange = 0.00203979, totNum = 12
ROUND = 2542, SUM = 13525542, bChange = 0.00203979, totNum = 12
ROUND = 2543, SUM = 13525542, bChange = 0.00203979, totNum = 12
ROUND = 2544, SUM = 13525542, bChange = 0.00203978, totNum = 12
ROUND = 2545, SUM = 13525542, bChange = 0.00203978, totNum = 12
ROUND = 2546, SUM = 13525542, bChange = 0.00203978, totNum = 12
ROUND = 2547, SUM = 13525542, bChange = 0.00203978, totNum = 12
ROUND = 2548, SUM = 13525542, bChange = 0.00203977, totNum = 12
ROUND = 2549, SUM = 13525542, bChange = 0.00203977, totNum = 12
ROUND = 2550, SUM = 13525542, bChange = 0.00203977, totNum = 12
ROUND = 2551, SUM = 13525542, bChange = 0.00203976, totNum = 12
ROUND = 2552, SUM = 13525542, bChange = 0.00203976, totNum = 12
ROUND = 2553, SUM = 13525542, bChange = 0.00203976, totNum = 12
ROUND = 2554, SUM = 13525542, bChange = 0.00203976, totNum = 12
ROUND = 2555, SUM = 13525542, bChange = 0.00203975, totNum = 12
ROUND = 2556, SUM = 13525542, bChange = 0.00203975, totNum = 12
ROUND = 2557, SUM = 13525542, bChange = 0.00203975, totNum = 12
ROUND = 2558, SUM = 13525542, bChange = 0.00203974, totNum = 12
ROUND = 2559, SUM = 13525542, bChange = 0.00203974, totNum = 12
ROUND = 2560, SUM = 13525542, bChange = 0.00203974, totNum = 12
ROUND = 2561, SUM = 13525542, bChange = 0.00203974, totNum = 12
ROUND = 2562, SUM = 13525542, bChange = 0.00203973, totNum = 12
ROUND = 2563, SUM = 13525542, bChange = 0.00203973, totNum = 12
ROUND = 2564, SUM = 13525542, bChange = 0.00203973, totNum = 12
ROUND = 2565, SUM = 13525542, bChange = 0.00203972, totNum = 12
ROUND = 2566, SUM = 13525542, bChange = 0.00203972, totNum = 12
ROUND = 2567, SUM = 13525542, bChange = 0.00203972, totNum = 12
ROUND = 2568, SUM = 13525542, bChange = 0.00203972, totNum = 12
ROUND = 2569, SUM = 13525542, bChange = 0.00203971, totNum = 12
ROUND = 2570, SUM = 13525542, bChange = 0.00203971, totNum = 12
ROUND = 2571, SUM = 13525542, bChange = 0.00203971, totNum = 12
ROUND = 2572, SUM = 13525542, bChange = 0.0020397, totNum = 12
ROUND = 2573, SUM = 13525542, bChange = 0.0020397, totNum = 12
ROUND = 2574, SUM = 13525542, bChange = 0.0020397, totNum = 12
ROUND = 2575, SUM = 13525542, bChange = 0.0020397, totNum = 12
ROUND = 2576, SUM = 13525542, bChange = 0.00203969, totNum = 12
ROUND = 2577, SUM = 13525542, bChange = 0.00203969, totNum = 12
ROUND = 2578, SUM = 13525542, bChange = 0.00203969, totNum = 12
ROUND = 2579, SUM = 13525542, bChange = 0.00203969, totNum = 12
ROUND = 2580, SUM = 13525542, bChange = 0.00203968, totNum = 12
ROUND = 2581, SUM = 13525542, bChange = 0.00203968, totNum = 12
ROUND = 2582, SUM = 13525542, bChange = 0.00203968, totNum = 12
ROUND = 2583, SUM = 13525542, bChange = 0.00203967, totNum = 12
ROUND = 2584, SUM = 13525542, bChange = 0.00203967, totNum = 12
ROUND = 2585, SUM = 13525542, bChange = 0.00203967, totNum = 12
ROUND = 2586, SUM = 13525542, bChange = 0.00203967, totNum = 12
ROUND = 2587, SUM = 13525542, bChange = 0.00203966, totNum = 12
ROUND = 2588, SUM = 13525542, bChange = 0.00203966, totNum = 12
ROUND = 2589, SUM = 13525542, bChange = 0.00203966, totNum = 12
ROUND = 2590, SUM = 13525542, bChange = 0.00203966, totNum = 12
ROUND = 2591, SUM = 13525542, bChange = 0.00203965, totNum = 12
ROUND = 2592, SUM = 13525542, bChange = 0.00203965, totNum = 12
ROUND = 2593, SUM = 13525542, bChange = 0.00203965, totNum = 12
ROUND = 2594, SUM = 13525542, bChange = 0.00203964, totNum = 12
ROUND = 2595, SUM = 13525542, bChange = 0.00203964, totNum = 12
ROUND = 2596, SUM = 13525542, bChange = 0.00203964, totNum = 12
ROUND = 2597, SUM = 13525542, bChange = 0.00203964, totNum = 11
ROUND = 2598, SUM = 13525542, bChange = 0.00203963, totNum = 11
ROUND = 2599, SUM = 13525542, bChange = 0.00203963, totNum = 11
ROUND = 2600, SUM = 13525542, bChange = 0.00203963, totNum = 11
ROUND = 2601, SUM = 13525542, bChange = 0.00203963, totNum = 11
ROUND = 2602, SUM = 13525542, bChange = 0.00203962, totNum = 11
ROUND = 2603, SUM = 13525542, bChange = 0.00203962, totNum = 11
ROUND = 2604, SUM = 13525542, bChange = 0.00203962, totNum = 11
ROUND = 2605, SUM = 13525542, bChange = 0.00203962, totNum = 11
ROUND = 2606, SUM = 13525542, bChange = 0.00203961, totNum = 11
ROUND = 2607, SUM = 13525542, bChange = 0.00203961, totNum = 11
ROUND = 2608, SUM = 13525542, bChange = 0.00203961, totNum = 11
ROUND = 2609, SUM = 13525542, bChange = 0.00203961, totNum = 11
ROUND = 2610, SUM = 13525542, bChange = 0.0020396, totNum = 11
ROUND = 2611, SUM = 13525542, bChange = 0.0020396, totNum = 11
ROUND = 2612, SUM = 13525542, bChange = 0.0020396, totNum = 11
ROUND = 2613, SUM = 13525542, bChange = 0.0020396, totNum = 11
ROUND = 2614, SUM = 13525542, bChange = 0.00203959, totNum = 11
ROUND = 2615, SUM = 13525542, bChange = 0.00203959, totNum = 11
ROUND = 2616, SUM = 13525542, bChange = 0.00203959, totNum = 11
ROUND = 2617, SUM = 13525542, bChange = 0.00203959, totNum = 11
ROUND = 2618, SUM = 13525542, bChange = 0.00203958, totNum = 11
ROUND = 2619, SUM = 13525542, bChange = 0.00203958, totNum = 11
ROUND = 2620, SUM = 13525542, bChange = 0.00203958, totNum = 11
ROUND = 2621, SUM = 13525542, bChange = 0.00203958, totNum = 11
ROUND = 2622, SUM = 13525542, bChange = 0.00203957, totNum = 11
ROUND = 2623, SUM = 13525542, bChange = 0.00203957, totNum = 11
ROUND = 2624, SUM = 13525542, bChange = 0.00203957, totNum = 11
ROUND = 2625, SUM = 13525542, bChange = 0.00203957, totNum = 11
ROUND = 2626, SUM = 13525542, bChange = 0.00203956, totNum = 11
ROUND = 2627, SUM = 13525542, bChange = 0.00203956, totNum = 11
ROUND = 2628, SUM = 13525542, bChange = 0.00203956, totNum = 11
ROUND = 2629, SUM = 13525542, bChange = 0.00203956, totNum = 11
ROUND = 2630, SUM = 13525542, bChange = 0.00203955, totNum = 11
ROUND = 2631, SUM = 13525542, bChange = 0.00203955, totNum = 11
ROUND = 2632, SUM = 13525542, bChange = 0.00203955, totNum = 11
ROUND = 2633, SUM = 13525542, bChange = 0.00203955, totNum = 11
ROUND = 2634, SUM = 13525542, bChange = 0.00203954, totNum = 11
ROUND = 2635, SUM = 13525542, bChange = 0.00203954, totNum = 11
ROUND = 2636, SUM = 13525542, bChange = 0.00203954, totNum = 11
ROUND = 2637, SUM = 13525542, bChange = 0.00203954, totNum = 11
ROUND = 2638, SUM = 13525542, bChange = 0.00203953, totNum = 11
ROUND = 2639, SUM = 13525542, bChange = 0.00203953, totNum = 11
ROUND = 2640, SUM = 13525542, bChange = 0.00203953, totNum = 11
ROUND = 2641, SUM = 13525542, bChange = 0.00203953, totNum = 11
ROUND = 2642, SUM = 13525542, bChange = 0.00203952, totNum = 11
ROUND = 2643, SUM = 13525542, bChange = 0.00203952, totNum = 11
ROUND = 2644, SUM = 13525542, bChange = 0.00203952, totNum = 11
ROUND = 2645, SUM = 13525542, bChange = 0.00203952, totNum = 11
ROUND = 2646, SUM = 13525542, bChange = 0.00203951, totNum = 11
ROUND = 2647, SUM = 13525542, bChange = 0.00203951, totNum = 11
ROUND = 2648, SUM = 13525542, bChange = 0.00203951, totNum = 11
ROUND = 2649, SUM = 13525542, bChange = 0.00203951, totNum = 11
ROUND = 2650, SUM = 13525542, bChange = 0.0020395, totNum = 11
ROUND = 2651, SUM = 13525542, bChange = 0.0020395, totNum = 11
ROUND = 2652, SUM = 13525542, bChange = 0.0020395, totNum = 11
ROUND = 2653, SUM = 13525542, bChange = 0.0020395, totNum = 11
ROUND = 2654, SUM = 13525542.0000001, bChange = 0.0020395, totNum = 11
ROUND = 2655, SUM = 13525542, bChange = 0.00203949, totNum = 11
ROUND = 2656, SUM = 13525542, bChange = 0.00203949, totNum = 11
ROUND = 2657, SUM = 13525542, bChange = 0.00203949, totNum = 11
ROUND = 2658, SUM = 13525542, bChange = 0.00203949, totNum = 11
ROUND = 2659, SUM = 13525542, bChange = 0.00203948, totNum = 11
ROUND = 2660, SUM = 13525542, bChange = 0.00203948, totNum = 11
ROUND = 2661, SUM = 13525542, bChange = 0.00203948, totNum = 11
ROUND = 2662, SUM = 13525542, bChange = 0.00203948, totNum = 11
ROUND = 2663, SUM = 13525542, bChange = 0.00203947, totNum = 11
ROUND = 2664, SUM = 13525542, bChange = 0.00203947, totNum = 11
ROUND = 2665, SUM = 13525542, bChange = 0.00203947, totNum = 11
ROUND = 2666, SUM = 13525542, bChange = 0.00203947, totNum = 11
ROUND = 2667, SUM = 13525542, bChange = 0.00203947, totNum = 11
ROUND = 2668, SUM = 13525542, bChange = 0.00203946, totNum = 11
ROUND = 2669, SUM = 13525542, bChange = 0.00203946, totNum = 11
ROUND = 2670, SUM = 13525542, bChange = 0.00203946, totNum = 11
ROUND = 2671, SUM = 13525542, bChange = 0.00203946, totNum = 11
ROUND = 2672, SUM = 13525542, bChange = 0.00203945, totNum = 11
ROUND = 2673, SUM = 13525542, bChange = 0.00203945, totNum = 11
ROUND = 2674, SUM = 13525542, bChange = 0.00203945, totNum = 11
ROUND = 2675, SUM = 13525542, bChange = 0.00203945, totNum = 11
ROUND = 2676, SUM = 13525542, bChange = 0.00203944, totNum = 11
ROUND = 2677, SUM = 13525542, bChange = 0.00203944, totNum = 11
ROUND = 2678, SUM = 13525542, bChange = 0.00203944, totNum = 11
ROUND = 2679, SUM = 13525542, bChange = 0.00203944, totNum = 11
ROUND = 2680, SUM = 13525542, bChange = 0.00203944, totNum = 11
ROUND = 2681, SUM = 13525542, bChange = 0.00203943, totNum = 11
ROUND = 2682, SUM = 13525542, bChange = 0.00203943, totNum = 11
ROUND = 2683, SUM = 13525542, bChange = 0.00203943, totNum = 11
ROUND = 2684, SUM = 13525542, bChange = 0.00203943, totNum = 11
ROUND = 2685, SUM = 13525542, bChange = 0.00203942, totNum = 11
ROUND = 2686, SUM = 13525542, bChange = 0.00203942, totNum = 11
ROUND = 2687, SUM = 13525542, bChange = 0.00203942, totNum = 11
ROUND = 2688, SUM = 13525542, bChange = 0.00203942, totNum = 11
ROUND = 2689, SUM = 13525542, bChange = 0.00203942, totNum = 11
ROUND = 2690, SUM = 13525542, bChange = 0.00203941, totNum = 11
ROUND = 2691, SUM = 13525542, bChange = 0.00203941, totNum = 11
ROUND = 2692, SUM = 13525542, bChange = 0.00203941, totNum = 11
ROUND = 2693, SUM = 13525542, bChange = 0.00203941, totNum = 11
ROUND = 2694, SUM = 13525542, bChange = 0.00203941, totNum = 11
ROUND = 2695, SUM = 13525542, bChange = 0.0020394, totNum = 11
ROUND = 2696, SUM = 13525542, bChange = 0.0020394, totNum = 11
ROUND = 2697, SUM = 13525542, bChange = 0.0020394, totNum = 11
ROUND = 2698, SUM = 13525542, bChange = 0.0020394, totNum = 11
ROUND = 2699, SUM = 13525542, bChange = 0.00203939, totNum = 11
ROUND = 2700, SUM = 13525542, bChange = 0.00203939, totNum = 11
ROUND = 2701, SUM = 13525542, bChange = 0.00203939, totNum = 11
ROUND = 2702, SUM = 13525542, bChange = 0.00203939, totNum = 11
ROUND = 2703, SUM = 13525542, bChange = 0.00203939, totNum = 11
ROUND = 2704, SUM = 13525542, bChange = 0.00203938, totNum = 11
ROUND = 2705, SUM = 13525542, bChange = 0.00203938, totNum = 11
ROUND = 2706, SUM = 13525542, bChange = 0.00203938, totNum = 11
ROUND = 2707, SUM = 13525542, bChange = 0.00203938, totNum = 11
ROUND = 2708, SUM = 13525542, bChange = 0.00203938, totNum = 11
ROUND = 2709, SUM = 13525542, bChange = 0.00203937, totNum = 11
ROUND = 2710, SUM = 13525542, bChange = 0.00203937, totNum = 11
ROUND = 2711, SUM = 13525542, bChange = 0.00203937, totNum = 11
ROUND = 2712, SUM = 13525542, bChange = 0.00203937, totNum = 11
ROUND = 2713, SUM = 13525542, bChange = 0.00203937, totNum = 11
ROUND = 2714, SUM = 13525542, bChange = 0.00203936, totNum = 11
ROUND = 2715, SUM = 13525542, bChange = 0.00203936, totNum = 11
ROUND = 2716, SUM = 13525542, bChange = 0.00203936, totNum = 11
ROUND = 2717, SUM = 13525542, bChange = 0.00203936, totNum = 11
ROUND = 2718, SUM = 13525542, bChange = 0.00203935, totNum = 11
ROUND = 2719, SUM = 13525542, bChange = 0.00203935, totNum = 11
ROUND = 2720, SUM = 13525542, bChange = 0.00203935, totNum = 11
ROUND = 2721, SUM = 13525542, bChange = 0.00203935, totNum = 11
ROUND = 2722, SUM = 13525542, bChange = 0.00203935, totNum = 11
ROUND = 2723, SUM = 13525542, bChange = 0.00203934, totNum = 11
ROUND = 2724, SUM = 13525542, bChange = 0.00203934, totNum = 11
ROUND = 2725, SUM = 13525542, bChange = 0.00203934, totNum = 11
ROUND = 2726, SUM = 13525542, bChange = 0.00203934, totNum = 11
ROUND = 2727, SUM = 13525542, bChange = 0.00203934, totNum = 11
ROUND = 2728, SUM = 13525542, bChange = 0.00203933, totNum = 11
ROUND = 2729, SUM = 13525542, bChange = 0.00203933, totNum = 11
ROUND = 2730, SUM = 13525542, bChange = 0.00203933, totNum = 11
ROUND = 2731, SUM = 13525542, bChange = 0.00203933, totNum = 11
ROUND = 2732, SUM = 13525542, bChange = 0.00203933, totNum = 11
ROUND = 2733, SUM = 13525542, bChange = 0.00203932, totNum = 11
ROUND = 2734, SUM = 13525542, bChange = 0.00203932, totNum = 11
ROUND = 2735, SUM = 13525542, bChange = 0.00203932, totNum = 11
ROUND = 2736, SUM = 13525542, bChange = 0.00203932, totNum = 11
ROUND = 2737, SUM = 13525542, bChange = 0.00203932, totNum = 11
ROUND = 2738, SUM = 13525542, bChange = 0.00203931, totNum = 11
ROUND = 2739, SUM = 13525542, bChange = 0.00203931, totNum = 11
ROUND = 2740, SUM = 13525542, bChange = 0.00203931, totNum = 11
ROUND = 2741, SUM = 13525542, bChange = 0.00203931, totNum = 11
ROUND = 2742, SUM = 13525542, bChange = 0.00203931, totNum = 11
ROUND = 2743, SUM = 13525542, bChange = 0.0020393, totNum = 11
ROUND = 2744, SUM = 13525542, bChange = 0.0020393, totNum = 11
ROUND = 2745, SUM = 13525542, bChange = 0.0020393, totNum = 11
ROUND = 2746, SUM = 13525542, bChange = 0.0020393, totNum = 11
ROUND = 2747, SUM = 13525542, bChange = 0.0020393, totNum = 11
ROUND = 2748, SUM = 13525542, bChange = 0.0020393, totNum = 11
ROUND = 2749, SUM = 13525542, bChange = 0.00203929, totNum = 11
ROUND = 2750, SUM = 13525542, bChange = 0.00203929, totNum = 11
ROUND = 2751, SUM = 13525542, bChange = 0.00203929, totNum = 11
ROUND = 2752, SUM = 13525542, bChange = 0.00203929, totNum = 11
ROUND = 2753, SUM = 13525542, bChange = 0.00203929, totNum = 11
ROUND = 2754, SUM = 13525542, bChange = 0.00203928, totNum = 11
ROUND = 2755, SUM = 13525542, bChange = 0.00203928, totNum = 11
ROUND = 2756, SUM = 13525542, bChange = 0.00203928, totNum = 11
ROUND = 2757, SUM = 13525542, bChange = 0.00203928, totNum = 11
ROUND = 2758, SUM = 13525542, bChange = 0.00203928, totNum = 11
ROUND = 2759, SUM = 13525542, bChange = 0.00203927, totNum = 11
ROUND = 2760, SUM = 13525542, bChange = 0.00203927, totNum = 11
ROUND = 2761, SUM = 13525542, bChange = 0.00203927, totNum = 11
ROUND = 2762, SUM = 13525542, bChange = 0.00203927, totNum = 11
ROUND = 2763, SUM = 13525542, bChange = 0.00203927, totNum = 11
ROUND = 2764, SUM = 13525542, bChange = 0.00203926, totNum = 11
ROUND = 2765, SUM = 13525542, bChange = 0.00203926, totNum = 11
ROUND = 2766, SUM = 13525542, bChange = 0.00203926, totNum = 11
ROUND = 2767, SUM = 13525542, bChange = 0.00203926, totNum = 11
ROUND = 2768, SUM = 13525542, bChange = 0.00203926, totNum = 11
ROUND = 2769, SUM = 13525542, bChange = 0.00203926, totNum = 11
ROUND = 2770, SUM = 13525542, bChange = 0.00203925, totNum = 11
ROUND = 2771, SUM = 13525542, bChange = 0.00203925, totNum = 11
ROUND = 2772, SUM = 13525542, bChange = 0.00203925, totNum = 11
ROUND = 2773, SUM = 13525542, bChange = 0.00203925, totNum = 11
ROUND = 2774, SUM = 13525542, bChange = 0.00203925, totNum = 11
ROUND = 2775, SUM = 13525542, bChange = 0.00203924, totNum = 11
ROUND = 2776, SUM = 13525542, bChange = 0.00203924, totNum = 11
ROUND = 2777, SUM = 13525542, bChange = 0.00203924, totNum = 11
ROUND = 2778, SUM = 13525542, bChange = 0.00203924, totNum = 11
ROUND = 2779, SUM = 13525542, bChange = 0.00203924, totNum = 11
ROUND = 2780, SUM = 13525542, bChange = 0.00203924, totNum = 11
ROUND = 2781, SUM = 13525542, bChange = 0.00203923, totNum = 11
ROUND = 2782, SUM = 13525542, bChange = 0.00203923, totNum = 11
ROUND = 2783, SUM = 13525542, bChange = 0.00203923, totNum = 11
ROUND = 2784, SUM = 13525542, bChange = 0.00203923, totNum = 11
ROUND = 2785, SUM = 13525542, bChange = 0.00203923, totNum = 11
ROUND = 2786, SUM = 13525542, bChange = 0.00203922, totNum = 11
ROUND = 2787, SUM = 13525542, bChange = 0.00203922, totNum = 11
ROUND = 2788, SUM = 13525542, bChange = 0.00203922, totNum = 11
ROUND = 2789, SUM = 13525542, bChange = 0.00203922, totNum = 11
ROUND = 2790, SUM = 13525542, bChange = 0.00203922, totNum = 11
ROUND = 2791, SUM = 13525542, bChange = 0.00203922, totNum = 11
ROUND = 2792, SUM = 13525542, bChange = 0.00203921, totNum = 11
ROUND = 2793, SUM = 13525542, bChange = 0.00203921, totNum = 11
ROUND = 2794, SUM = 13525542, bChange = 0.00203921, totNum = 11
ROUND = 2795, SUM = 13525542, bChange = 0.00203921, totNum = 11
ROUND = 2796, SUM = 13525542, bChange = 0.00203921, totNum = 11
ROUND = 2797, SUM = 13525542, bChange = 0.0020392, totNum = 11
ROUND = 2798, SUM = 13525542, bChange = 0.0020392, totNum = 11
ROUND = 2799, SUM = 13525542, bChange = 0.0020392, totNum = 11
ROUND = 2800, SUM = 13525542, bChange = 0.0020392, totNum = 11
ROUND = 2801, SUM = 13525542, bChange = 0.0020392, totNum = 11
ROUND = 2802, SUM = 13525542, bChange = 0.0020392, totNum = 11
ROUND = 2803, SUM = 13525542, bChange = 0.00203919, totNum = 11
ROUND = 2804, SUM = 13525542, bChange = 0.00203919, totNum = 11
ROUND = 2805, SUM = 13525542, bChange = 0.00203919, totNum = 11
ROUND = 2806, SUM = 13525542, bChange = 0.00203919, totNum = 11
ROUND = 2807, SUM = 13525542, bChange = 0.00203919, totNum = 11
ROUND = 2808, SUM = 13525542, bChange = 0.00203919, totNum = 11
ROUND = 2809, SUM = 13525542, bChange = 0.00203918, totNum = 11
ROUND = 2810, SUM = 13525542, bChange = 0.00203918, totNum = 11
ROUND = 2811, SUM = 13525542, bChange = 0.00203918, totNum = 11
ROUND = 2812, SUM = 13525542, bChange = 0.00203918, totNum = 11
ROUND = 2813, SUM = 13525542, bChange = 0.00203918, totNum = 11
ROUND = 2814, SUM = 13525542, bChange = 0.00203918, totNum = 11
ROUND = 2815, SUM = 13525542, bChange = 0.00203917, totNum = 11
ROUND = 2816, SUM = 13525542, bChange = 0.00203917, totNum = 11
ROUND = 2817, SUM = 13525542, bChange = 0.00203917, totNum = 11
ROUND = 2818, SUM = 13525542, bChange = 0.00203917, totNum = 11
ROUND = 2819, SUM = 13525542, bChange = 0.00203917, totNum = 11
ROUND = 2820, SUM = 13525542, bChange = 0.00203917, totNum = 11
ROUND = 2821, SUM = 13525542, bChange = 0.00203916, totNum = 11
ROUND = 2822, SUM = 13525542, bChange = 0.00203916, totNum = 11
ROUND = 2823, SUM = 13525542, bChange = 0.00203916, totNum = 11
ROUND = 2824, SUM = 13525542, bChange = 0.00203916, totNum = 11
ROUND = 2825, SUM = 13525542, bChange = 0.00203916, totNum = 11
ROUND = 2826, SUM = 13525542, bChange = 0.00203916, totNum = 11
ROUND = 2827, SUM = 13525542, bChange = 0.00203915, totNum = 11
ROUND = 2828, SUM = 13525542, bChange = 0.00203915, totNum = 11
ROUND = 2829, SUM = 13525542, bChange = 0.00203915, totNum = 11
ROUND = 2830, SUM = 13525542, bChange = 0.00203915, totNum = 11
ROUND = 2831, SUM = 13525542, bChange = 0.00203915, totNum = 11
ROUND = 2832, SUM = 13525542, bChange = 0.00203915, totNum = 11
ROUND = 2833, SUM = 13525542, bChange = 0.00203914, totNum = 11
ROUND = 2834, SUM = 13525542, bChange = 0.00203914, totNum = 11
ROUND = 2835, SUM = 13525542, bChange = 0.00203914, totNum = 11
ROUND = 2836, SUM = 13525542, bChange = 0.00203914, totNum = 11
ROUND = 2837, SUM = 13525542, bChange = 0.00203914, totNum = 11
ROUND = 2838, SUM = 13525542, bChange = 0.00203914, totNum = 11
ROUND = 2839, SUM = 13525542, bChange = 0.00203913, totNum = 11
ROUND = 2840, SUM = 13525542, bChange = 0.00203913, totNum = 11
ROUND = 2841, SUM = 13525542, bChange = 0.00203913, totNum = 11
ROUND = 2842, SUM = 13525542, bChange = 0.00203913, totNum = 11
ROUND = 2843, SUM = 13525542, bChange = 0.00203913, totNum = 11
ROUND = 2844, SUM = 13525542, bChange = 0.00203913, totNum = 11
ROUND = 2845, SUM = 13525542, bChange = 0.00203912, totNum = 11
ROUND = 2846, SUM = 13525542, bChange = 0.00203912, totNum = 11
ROUND = 2847, SUM = 13525542, bChange = 0.00203912, totNum = 11
ROUND = 2848, SUM = 13525542, bChange = 0.00203912, totNum = 11
ROUND = 2849, SUM = 13525542, bChange = 0.00203912, totNum = 11
ROUND = 2850, SUM = 13525542, bChange = 0.00203912, totNum = 11
ROUND = 2851, SUM = 13525542, bChange = 0.00203912, totNum = 11
ROUND = 2852, SUM = 13525542, bChange = 0.00203911, totNum = 11
ROUND = 2853, SUM = 13525542, bChange = 0.00203911, totNum = 11
ROUND = 2854, SUM = 13525542, bChange = 0.00203911, totNum = 11
ROUND = 2855, SUM = 13525542, bChange = 0.00203911, totNum = 11
ROUND = 2856, SUM = 13525542, bChange = 0.00203911, totNum = 11
ROUND = 2857, SUM = 13525542, bChange = 0.00203911, totNum = 11
ROUND = 2858, SUM = 13525542, bChange = 0.0020391, totNum = 11
ROUND = 2859, SUM = 13525542, bChange = 0.0020391, totNum = 11
ROUND = 2860, SUM = 13525542, bChange = 0.0020391, totNum = 11
ROUND = 2861, SUM = 13525542, bChange = 0.0020391, totNum = 11
ROUND = 2862, SUM = 13525542, bChange = 0.0020391, totNum = 11
ROUND = 2863, SUM = 13525542, bChange = 0.0020391, totNum = 11
ROUND = 2864, SUM = 13525542, bChange = 0.0020391, totNum = 11
ROUND = 2865, SUM = 13525542, bChange = 0.00203909, totNum = 11
ROUND = 2866, SUM = 13525542, bChange = 0.00203909, totNum = 11
ROUND = 2867, SUM = 13525542, bChange = 0.00203909, totNum = 11
ROUND = 2868, SUM = 13525542, bChange = 0.00203909, totNum = 11
ROUND = 2869, SUM = 13525542, bChange = 0.00203909, totNum = 11
ROUND = 2870, SUM = 13525542, bChange = 0.00203909, totNum = 11
ROUND = 2871, SUM = 13525542, bChange = 0.00203908, totNum = 11
ROUND = 2872, SUM = 13525542, bChange = 0.00203908, totNum = 11
ROUND = 2873, SUM = 13525542, bChange = 0.00203908, totNum = 11
ROUND = 2874, SUM = 13525542, bChange = 0.00203908, totNum = 11
ROUND = 2875, SUM = 13525542, bChange = 0.00203908, totNum = 11
ROUND = 2876, SUM = 13525542, bChange = 0.00203908, totNum = 11
ROUND = 2877, SUM = 13525542, bChange = 0.00203908, totNum = 11
ROUND = 2878, SUM = 13525542, bChange = 0.00203907, totNum = 11
ROUND = 2879, SUM = 13525542, bChange = 0.00203907, totNum = 11
ROUND = 2880, SUM = 13525542, bChange = 0.00203907, totNum = 11
ROUND = 2881, SUM = 13525542, bChange = 0.00203907, totNum = 11
ROUND = 2882, SUM = 13525542, bChange = 0.00203907, totNum = 11
ROUND = 2883, SUM = 13525542, bChange = 0.00203907, totNum = 11
ROUND = 2884, SUM = 13525542, bChange = 0.00203907, totNum = 11
ROUND = 2885, SUM = 13525542, bChange = 0.00203906, totNum = 11
ROUND = 2886, SUM = 13525542, bChange = 0.00203906, totNum = 11
ROUND = 2887, SUM = 13525542, bChange = 0.00203906, totNum = 11
ROUND = 2888, SUM = 13525542, bChange = 0.00203906, totNum = 11
ROUND = 2889, SUM = 13525542, bChange = 0.00203906, totNum = 11
ROUND = 2890, SUM = 13525542, bChange = 0.00203906, totNum = 11
ROUND = 2891, SUM = 13525542, bChange = 0.00203906, totNum = 11
ROUND = 2892, SUM = 13525542, bChange = 0.00203905, totNum = 11
ROUND = 2893, SUM = 13525542, bChange = 0.00203905, totNum = 11
ROUND = 2894, SUM = 13525542, bChange = 0.00203905, totNum = 11
ROUND = 2895, SUM = 13525542, bChange = 0.00203905, totNum = 11
ROUND = 2896, SUM = 13525542, bChange = 0.00203905, totNum = 11
ROUND = 2897, SUM = 13525542, bChange = 0.00203905, totNum = 11
ROUND = 2898, SUM = 13525542, bChange = 0.00203905, totNum = 11
ROUND = 2899, SUM = 13525542, bChange = 0.00203904, totNum = 11
ROUND = 2900, SUM = 13525542, bChange = 0.00203904, totNum = 11
ROUND = 2901, SUM = 13525542, bChange = 0.00203904, totNum = 11
ROUND = 2902, SUM = 13525542, bChange = 0.00203904, totNum = 11
ROUND = 2903, SUM = 13525542, bChange = 0.00203904, totNum = 11
ROUND = 2904, SUM = 13525542, bChange = 0.00203904, totNum = 11
ROUND = 2905, SUM = 13525542, bChange = 0.00203904, totNum = 11
ROUND = 2906, SUM = 13525542, bChange = 0.00203903, totNum = 11
ROUND = 2907, SUM = 13525542, bChange = 0.00203903, totNum = 11
ROUND = 2908, SUM = 13525542, bChange = 0.00203903, totNum = 11
ROUND = 2909, SUM = 13525542, bChange = 0.00203903, totNum = 10
ROUND = 2910, SUM = 13525542, bChange = 0.00203903, totNum = 10
ROUND = 2911, SUM = 13525542, bChange = 0.00203903, totNum = 10
ROUND = 2912, SUM = 13525542, bChange = 0.00203903, totNum = 10
ROUND = 2913, SUM = 13525542, bChange = 0.00203902, totNum = 10
ROUND = 2914, SUM = 13525542, bChange = 0.00203902, totNum = 10
ROUND = 2915, SUM = 13525542, bChange = 0.00203902, totNum = 10
ROUND = 2916, SUM = 13525542, bChange = 0.00203902, totNum = 10
ROUND = 2917, SUM = 13525542, bChange = 0.00203902, totNum = 10
ROUND = 2918, SUM = 13525542, bChange = 0.00203902, totNum = 10
ROUND = 2919, SUM = 13525542, bChange = 0.00203902, totNum = 10
ROUND = 2920, SUM = 13525542, bChange = 0.00203901, totNum = 10
ROUND = 2921, SUM = 13525542, bChange = 0.00203901, totNum = 10
ROUND = 2922, SUM = 13525542, bChange = 0.00203901, totNum = 10
ROUND = 2923, SUM = 13525542, bChange = 0.00203901, totNum = 10
ROUND = 2924, SUM = 13525542, bChange = 0.00203901, totNum = 10
ROUND = 2925, SUM = 13525542, bChange = 0.00203901, totNum = 10
ROUND = 2926, SUM = 13525542, bChange = 0.00203901, totNum = 10
ROUND = 2927, SUM = 13525542, bChange = 0.00203901, totNum = 10
ROUND = 2928, SUM = 13525542, bChange = 0.002039, totNum = 10
ROUND = 2929, SUM = 13525542, bChange = 0.002039, totNum = 10
ROUND = 2930, SUM = 13525542, bChange = 0.002039, totNum = 10
ROUND = 2931, SUM = 13525542, bChange = 0.002039, totNum = 10
ROUND = 2932, SUM = 13525542, bChange = 0.002039, totNum = 10
ROUND = 2933, SUM = 13525542, bChange = 0.002039, totNum = 10
ROUND = 2934, SUM = 13525542, bChange = 0.002039, totNum = 10
ROUND = 2935, SUM = 13525542, bChange = 0.00203899, totNum = 10
ROUND = 2936, SUM = 13525542, bChange = 0.00203899, totNum = 10
ROUND = 2937, SUM = 13525542, bChange = 0.00203899, totNum = 10
ROUND = 2938, SUM = 13525542, bChange = 0.00203899, totNum = 10
ROUND = 2939, SUM = 13525542, bChange = 0.00203899, totNum = 10
ROUND = 2940, SUM = 13525542, bChange = 0.00203899, totNum = 10
ROUND = 2941, SUM = 13525542, bChange = 0.00203899, totNum = 10
ROUND = 2942, SUM = 13525542, bChange = 0.00203899, totNum = 10
ROUND = 2943, SUM = 13525542, bChange = 0.00203898, totNum = 10
ROUND = 2944, SUM = 13525542, bChange = 0.00203898, totNum = 10
ROUND = 2945, SUM = 13525542, bChange = 0.00203898, totNum = 10
ROUND = 2946, SUM = 13525542, bChange = 0.00203898, totNum = 10
ROUND = 2947, SUM = 13525542, bChange = 0.00203898, totNum = 10
ROUND = 2948, SUM = 13525542, bChange = 0.00203898, totNum = 10
ROUND = 2949, SUM = 13525542, bChange = 0.00203898, totNum = 10
ROUND = 2950, SUM = 13525542, bChange = 0.00203897, totNum = 10
ROUND = 2951, SUM = 13525542, bChange = 0.00203897, totNum = 10
ROUND = 2952, SUM = 13525542, bChange = 0.00203897, totNum = 10
ROUND = 2953, SUM = 13525542, bChange = 0.00203897, totNum = 10
ROUND = 2954, SUM = 13525542, bChange = 0.00203897, totNum = 10
ROUND = 2955, SUM = 13525542, bChange = 0.00203897, totNum = 10
ROUND = 2956, SUM = 13525542, bChange = 0.00203897, totNum = 10
ROUND = 2957, SUM = 13525542, bChange = 0.00203897, totNum = 10
ROUND = 2958, SUM = 13525542, bChange = 0.00203896, totNum = 10
ROUND = 2959, SUM = 13525542, bChange = 0.00203896, totNum = 10
ROUND = 2960, SUM = 13525542, bChange = 0.00203896, totNum = 10
ROUND = 2961, SUM = 13525542, bChange = 0.00203896, totNum = 10
ROUND = 2962, SUM = 13525542, bChange = 0.00203896, totNum = 9
ROUND = 2963, SUM = 13525542, bChange = 0.00203896, totNum = 9
ROUND = 2964, SUM = 13525542, bChange = 0.00203896, totNum = 9
ROUND = 2965, SUM = 13525542, bChange = 0.00203896, totNum = 9
ROUND = 2966, SUM = 13525542, bChange = 0.00203895, totNum = 9
ROUND = 2967, SUM = 13525542, bChange = 0.00203895, totNum = 9
ROUND = 2968, SUM = 13525542, bChange = 0.00203895, totNum = 9
ROUND = 2969, SUM = 13525542, bChange = 0.00203895, totNum = 9
ROUND = 2970, SUM = 13525542, bChange = 0.00203895, totNum = 9
ROUND = 2971, SUM = 13525542, bChange = 0.00203895, totNum = 9
ROUND = 2972, SUM = 13525542, bChange = 0.00203895, totNum = 9
ROUND = 2973, SUM = 13525542, bChange = 0.00203895, totNum = 9
ROUND = 2974, SUM = 13525542, bChange = 0.00203894, totNum = 9
ROUND = 2975, SUM = 13525542, bChange = 0.00203894, totNum = 9
ROUND = 2976, SUM = 13525542, bChange = 0.00203894, totNum = 9
ROUND = 2977, SUM = 13525542, bChange = 0.00203894, totNum = 9
ROUND = 2978, SUM = 13525542, bChange = 0.00203894, totNum = 9
ROUND = 2979, SUM = 13525542, bChange = 0.00203894, totNum = 9
ROUND = 2980, SUM = 13525542, bChange = 0.00203894, totNum = 9
ROUND = 2981, SUM = 13525542, bChange = 0.00203894, totNum = 9
ROUND = 2982, SUM = 13525542, bChange = 0.00203894, totNum = 9
ROUND = 2983, SUM = 13525542, bChange = 0.00203893, totNum = 9
ROUND = 2984, SUM = 13525542, bChange = 0.00203893, totNum = 9
ROUND = 2985, SUM = 13525542, bChange = 0.00203893, totNum = 9
ROUND = 2986, SUM = 13525542, bChange = 0.00203893, totNum = 9
ROUND = 2987, SUM = 13525542, bChange = 0.00203893, totNum = 9
ROUND = 2988, SUM = 13525542, bChange = 0.00203893, totNum = 9
ROUND = 2989, SUM = 13525542, bChange = 0.00203893, totNum = 9
ROUND = 2990, SUM = 13525542, bChange = 0.00203893, totNum = 9
ROUND = 2991, SUM = 13525542, bChange = 0.00203892, totNum = 9
ROUND = 2992, SUM = 13525542, bChange = 0.00203892, totNum = 9
ROUND = 2993, SUM = 13525542, bChange = 0.00203892, totNum = 9
ROUND = 2994, SUM = 13525542, bChange = 0.00203892, totNum = 9
ROUND = 2995, SUM = 13525542, bChange = 0.00203892, totNum = 9
ROUND = 2996, SUM = 13525542, bChange = 0.00203892, totNum = 9
ROUND = 2997, SUM = 13525542, bChange = 0.00203892, totNum = 9
ROUND = 2998, SUM = 13525542, bChange = 0.00203892, totNum = 9
ROUND = 2999, SUM = 13525542, bChange = 0.00203892, totNum = 9
ROUND = 3000, SUM = 13525542, bChange = 0.00203891, totNum = 9
ROUND = 3001, SUM = 13525542, bChange = 0.00203891, totNum = 9
ROUND = 3002, SUM = 13525542, bChange = 0.00203891, totNum = 9
ROUND = 3003, SUM = 13525542, bChange = 0.00203891, totNum = 9
ROUND = 3004, SUM = 13525542, bChange = 0.00203891, totNum = 9
ROUND = 3005, SUM = 13525542, bChange = 0.00203891, totNum = 9
ROUND = 3006, SUM = 13525542, bChange = 0.00203891, totNum = 9
ROUND = 3007, SUM = 13525542, bChange = 0.00203891, totNum = 9
ROUND = 3008, SUM = 13525542, bChange = 0.0020389, totNum = 9
ROUND = 3009, SUM = 13525542, bChange = 0.0020389, totNum = 9
ROUND = 3010, SUM = 13525542, bChange = 0.0020389, totNum = 9
ROUND = 3011, SUM = 13525542, bChange = 0.0020389, totNum = 9
ROUND = 3012, SUM = 13525542, bChange = 0.0020389, totNum = 9
ROUND = 3013, SUM = 13525542, bChange = 0.0020389, totNum = 9
ROUND = 3014, SUM = 13525542, bChange = 0.0020389, totNum = 9
ROUND = 3015, SUM = 13525542, bChange = 0.0020389, totNum = 9
ROUND = 3016, SUM = 13525542, bChange = 0.0020389, totNum = 9
ROUND = 3017, SUM = 13525542, bChange = 0.00203889, totNum = 9
ROUND = 3018, SUM = 13525542, bChange = 0.00203889, totNum = 9
ROUND = 3019, SUM = 13525542, bChange = 0.00203889, totNum = 8
ROUND = 3020, SUM = 13525542, bChange = 0.00203889, totNum = 8
ROUND = 3021, SUM = 13525542, bChange = 0.00203889, totNum = 8
ROUND = 3022, SUM = 13525542, bChange = 0.00203889, totNum = 8
ROUND = 3023, SUM = 13525542, bChange = 0.00203889, totNum = 8
ROUND = 3024, SUM = 13525542, bChange = 0.00203889, totNum = 8
ROUND = 3025, SUM = 13525542, bChange = 0.00203889, totNum = 8
ROUND = 3026, SUM = 13525542, bChange = 0.00203888, totNum = 8
ROUND = 3027, SUM = 13525542, bChange = 0.00203888, totNum = 8
ROUND = 3028, SUM = 13525542, bChange = 0.00203888, totNum = 8
ROUND = 3029, SUM = 13525542, bChange = 0.00203888, totNum = 8
ROUND = 3030, SUM = 13525542, bChange = 0.00203888, totNum = 8
ROUND = 3031, SUM = 13525542, bChange = 0.00203888, totNum = 8
ROUND = 3032, SUM = 13525542, bChange = 0.00203888, totNum = 8
ROUND = 3033, SUM = 13525542, bChange = 0.00203888, totNum = 8
ROUND = 3034, SUM = 13525542, bChange = 0.00203888, totNum = 8
ROUND = 3035, SUM = 13525542, bChange = 0.00203888, totNum = 8
ROUND = 3036, SUM = 13525542, bChange = 0.00203887, totNum = 8
ROUND = 3037, SUM = 13525542, bChange = 0.00203887, totNum = 8
ROUND = 3038, SUM = 13525542, bChange = 0.00203887, totNum = 8
ROUND = 3039, SUM = 13525542, bChange = 0.00203887, totNum = 8
ROUND = 3040, SUM = 13525542, bChange = 0.00203887, totNum = 8
ROUND = 3041, SUM = 13525542, bChange = 0.00203887, totNum = 8
ROUND = 3042, SUM = 13525542, bChange = 0.00203887, totNum = 8
ROUND = 3043, SUM = 13525542, bChange = 0.00203887, totNum = 8
ROUND = 3044, SUM = 13525542, bChange = 0.00203887, totNum = 8
ROUND = 3045, SUM = 13525542, bChange = 0.00203886, totNum = 8
ROUND = 3046, SUM = 13525542, bChange = 0.00203886, totNum = 8
ROUND = 3047, SUM = 13525542, bChange = 0.00203886, totNum = 8
ROUND = 3048, SUM = 13525542, bChange = 0.00203886, totNum = 8
ROUND = 3049, SUM = 13525542, bChange = 0.00203886, totNum = 8
ROUND = 3050, SUM = 13525542, bChange = 0.00203886, totNum = 8
ROUND = 3051, SUM = 13525542, bChange = 0.00203886, totNum = 8
ROUND = 3052, SUM = 13525542, bChange = 0.00203886, totNum = 8
ROUND = 3053, SUM = 13525542, bChange = 0.00203886, totNum = 8
ROUND = 3054, SUM = 13525542, bChange = 0.00203885, totNum = 8
ROUND = 3055, SUM = 13525542, bChange = 0.00203885, totNum = 8
ROUND = 3056, SUM = 13525542, bChange = 0.00203885, totNum = 8
ROUND = 3057, SUM = 13525542, bChange = 0.00203885, totNum = 8
ROUND = 3058, SUM = 13525542, bChange = 0.00203885, totNum = 8
ROUND = 3059, SUM = 13525542, bChange = 0.00203885, totNum = 8
ROUND = 3060, SUM = 13525542, bChange = 0.00203885, totNum = 8
ROUND = 3061, SUM = 13525542, bChange = 0.00203885, totNum = 8
ROUND = 3062, SUM = 13525542, bChange = 0.00203885, totNum = 8
ROUND = 3063, SUM = 13525542, bChange = 0.00203885, totNum = 8
ROUND = 3064, SUM = 13525542, bChange = 0.00203884, totNum = 8
ROUND = 3065, SUM = 13525542, bChange = 0.00203884, totNum = 8
ROUND = 3066, SUM = 13525542, bChange = 0.00203884, totNum = 8
ROUND = 3067, SUM = 13525542, bChange = 0.00203884, totNum = 8
ROUND = 3068, SUM = 13525542, bChange = 0.00203884, totNum = 8
ROUND = 3069, SUM = 13525542, bChange = 0.00203884, totNum = 8
ROUND = 3070, SUM = 13525542, bChange = 0.00203884, totNum = 8
ROUND = 3071, SUM = 13525542, bChange = 0.00203884, totNum = 8
ROUND = 3072, SUM = 13525542, bChange = 0.00203884, totNum = 8
ROUND = 3073, SUM = 13525542, bChange = 0.00203884, totNum = 8
ROUND = 3074, SUM = 13525542, bChange = 0.00203883, totNum = 8
ROUND = 3075, SUM = 13525542, bChange = 0.00203883, totNum = 8
ROUND = 3076, SUM = 13525542, bChange = 0.00203883, totNum = 8
ROUND = 3077, SUM = 13525542, bChange = 0.00203883, totNum = 8
ROUND = 3078, SUM = 13525542, bChange = 0.00203883, totNum = 8
ROUND = 3079, SUM = 13525542, bChange = 0.00203883, totNum = 8
ROUND = 3080, SUM = 13525542, bChange = 0.00203883, totNum = 8
ROUND = 3081, SUM = 13525542, bChange = 0.00203883, totNum = 8
ROUND = 3082, SUM = 13525542, bChange = 0.00203883, totNum = 8
ROUND = 3083, SUM = 13525542, bChange = 0.00203883, totNum = 8
ROUND = 3084, SUM = 13525542, bChange = 0.00203882, totNum = 8
ROUND = 3085, SUM = 13525542, bChange = 0.00203882, totNum = 8
ROUND = 3086, SUM = 13525542, bChange = 0.00203882, totNum = 8
ROUND = 3087, SUM = 13525542, bChange = 0.00203882, totNum = 8
ROUND = 3088, SUM = 13525542, bChange = 0.00203882, totNum = 8
ROUND = 3089, SUM = 13525542, bChange = 0.00203882, totNum = 8
ROUND = 3090, SUM = 13525542, bChange = 0.00203882, totNum = 8
ROUND = 3091, SUM = 13525542, bChange = 0.00203882, totNum = 8
ROUND = 3092, SUM = 13525542, bChange = 0.00203882, totNum = 8
ROUND = 3093, SUM = 13525542, bChange = 0.00203882, totNum = 8
ROUND = 3094, SUM = 13525542, bChange = 0.00203882, totNum = 8
ROUND = 3095, SUM = 13525542, bChange = 0.00203881, totNum = 8
ROUND = 3096, SUM = 13525542, bChange = 0.00203881, totNum = 8
ROUND = 3097, SUM = 13525542, bChange = 0.00203881, totNum = 8
ROUND = 3098, SUM = 13525542, bChange = 0.00203881, totNum = 8
ROUND = 3099, SUM = 13525542, bChange = 0.00203881, totNum = 8
ROUND = 3100, SUM = 13525542, bChange = 0.00203881, totNum = 8
ROUND = 3101, SUM = 13525542, bChange = 0.00203881, totNum = 8
ROUND = 3102, SUM = 13525542, bChange = 0.00203881, totNum = 8
ROUND = 3103, SUM = 13525542, bChange = 0.00203881, totNum = 8
ROUND = 3104, SUM = 13525542, bChange = 0.00203881, totNum = 8
ROUND = 3105, SUM = 13525542, bChange = 0.0020388, totNum = 8
ROUND = 3106, SUM = 13525542, bChange = 0.0020388, totNum = 8
ROUND = 3107, SUM = 13525542, bChange = 0.0020388, totNum = 8
ROUND = 3108, SUM = 13525542, bChange = 0.0020388, totNum = 8
ROUND = 3109, SUM = 13525542, bChange = 0.0020388, totNum = 8
ROUND = 3110, SUM = 13525542, bChange = 0.0020388, totNum = 8
ROUND = 3111, SUM = 13525542, bChange = 0.0020388, totNum = 8
ROUND = 3112, SUM = 13525542, bChange = 0.0020388, totNum = 8
ROUND = 3113, SUM = 13525542, bChange = 0.0020388, totNum = 8
ROUND = 3114, SUM = 13525542, bChange = 0.0020388, totNum = 8
ROUND = 3115, SUM = 13525542, bChange = 0.0020388, totNum = 8
ROUND = 3116, SUM = 13525542, bChange = 0.00203879, totNum = 8
ROUND = 3117, SUM = 13525542, bChange = 0.00203879, totNum = 8
ROUND = 3118, SUM = 13525542, bChange = 0.00203879, totNum = 8
ROUND = 3119, SUM = 13525542, bChange = 0.00203879, totNum = 8
ROUND = 3120, SUM = 13525542, bChange = 0.00203879, totNum = 8
ROUND = 3121, SUM = 13525542, bChange = 0.00203879, totNum = 8
ROUND = 3122, SUM = 13525542, bChange = 0.00203879, totNum = 8
ROUND = 3123, SUM = 13525542, bChange = 0.00203879, totNum = 8
ROUND = 3124, SUM = 13525542, bChange = 0.00203879, totNum = 8
ROUND = 3125, SUM = 13525542, bChange = 0.00203879, totNum = 8
ROUND = 3126, SUM = 13525542, bChange = 0.00203879, totNum = 8
ROUND = 3127, SUM = 13525542, bChange = 0.00203878, totNum = 8
ROUND = 3128, SUM = 13525542, bChange = 0.00203878, totNum = 8
ROUND = 3129, SUM = 13525542, bChange = 0.00203878, totNum = 8
ROUND = 3130, SUM = 13525542, bChange = 0.00203878, totNum = 8
ROUND = 3131, SUM = 13525542, bChange = 0.00203878, totNum = 8
ROUND = 3132, SUM = 13525542, bChange = 0.00203878, totNum = 8
ROUND = 3133, SUM = 13525542, bChange = 0.00203878, totNum = 8
ROUND = 3134, SUM = 13525542, bChange = 0.00203878, totNum = 8
ROUND = 3135, SUM = 13525542, bChange = 0.00203878, totNum = 8
ROUND = 3136, SUM = 13525542, bChange = 0.00203878, totNum = 8
ROUND = 3137, SUM = 13525542, bChange = 0.00203878, totNum = 8
ROUND = 3138, SUM = 13525542, bChange = 0.00203877, totNum = 8
ROUND = 3139, SUM = 13525542, bChange = 0.00203877, totNum = 8
ROUND = 3140, SUM = 13525542, bChange = 0.00203877, totNum = 8
ROUND = 3141, SUM = 13525542, bChange = 0.00203877, totNum = 8
ROUND = 3142, SUM = 13525542, bChange = 0.00203877, totNum = 8
ROUND = 3143, SUM = 13525542, bChange = 0.00203877, totNum = 8
ROUND = 3144, SUM = 13525542, bChange = 0.00203877, totNum = 8
ROUND = 3145, SUM = 13525542, bChange = 0.00203877, totNum = 8
ROUND = 3146, SUM = 13525542, bChange = 0.00203877, totNum = 8
ROUND = 3147, SUM = 13525542, bChange = 0.00203877, totNum = 8
ROUND = 3148, SUM = 13525542, bChange = 0.00203877, totNum = 8
ROUND = 3149, SUM = 13525542, bChange = 0.00203877, totNum = 8
ROUND = 3150, SUM = 13525542, bChange = 0.00203876, totNum = 8
ROUND = 3151, SUM = 13525542, bChange = 0.00203876, totNum = 8
ROUND = 3152, SUM = 13525542, bChange = 0.00203876, totNum = 8
ROUND = 3153, SUM = 13525542, bChange = 0.00203876, totNum = 8
ROUND = 3154, SUM = 13525542, bChange = 0.00203876, totNum = 8
ROUND = 3155, SUM = 13525542, bChange = 0.00203876, totNum = 8
ROUND = 3156, SUM = 13525542, bChange = 0.00203876, totNum = 8
ROUND = 3157, SUM = 13525542, bChange = 0.00203876, totNum = 8
ROUND = 3158, SUM = 13525542, bChange = 0.00203876, totNum = 8
ROUND = 3159, SUM = 13525542, bChange = 0.00203876, totNum = 8
ROUND = 3160, SUM = 13525542, bChange = 0.00203876, totNum = 8
ROUND = 3161, SUM = 13525542, bChange = 0.00203876, totNum = 8
ROUND = 3162, SUM = 13525542, bChange = 0.00203875, totNum = 8
ROUND = 3163, SUM = 13525542, bChange = 0.00203875, totNum = 8
ROUND = 3164, SUM = 13525542, bChange = 0.00203875, totNum = 8
ROUND = 3165, SUM = 13525542, bChange = 0.00203875, totNum = 8
ROUND = 3166, SUM = 13525542, bChange = 0.00203875, totNum = 8
ROUND = 3167, SUM = 13525542, bChange = 0.00203875, totNum = 8
ROUND = 3168, SUM = 13525542, bChange = 0.00203875, totNum = 8
ROUND = 3169, SUM = 13525542, bChange = 0.00203875, totNum = 8
ROUND = 3170, SUM = 13525542, bChange = 0.00203875, totNum = 8
ROUND = 3171, SUM = 13525542, bChange = 0.00203875, totNum = 8
ROUND = 3172, SUM = 13525542, bChange = 0.00203875, totNum = 8
ROUND = 3173, SUM = 13525542, bChange = 0.00203875, totNum = 8
ROUND = 3174, SUM = 13525542, bChange = 0.00203874, totNum = 8
ROUND = 3175, SUM = 13525542, bChange = 0.00203874, totNum = 8
ROUND = 3176, SUM = 13525542, bChange = 0.00203874, totNum = 8
ROUND = 3177, SUM = 13525542, bChange = 0.00203874, totNum = 8
ROUND = 3178, SUM = 13525542, bChange = 0.00203874, totNum = 8
ROUND = 3179, SUM = 13525542, bChange = 0.00203874, totNum = 8
ROUND = 3180, SUM = 13525542, bChange = 0.00203874, totNum = 8
ROUND = 3181, SUM = 13525542, bChange = 0.00203874, totNum = 8
ROUND = 3182, SUM = 13525542, bChange = 0.00203874, totNum = 8
ROUND = 3183, SUM = 13525542, bChange = 0.00203874, totNum = 8
ROUND = 3184, SUM = 13525542, bChange = 0.00203874, totNum = 8
ROUND = 3185, SUM = 13525542, bChange = 0.00203874, totNum = 8
ROUND = 3186, SUM = 13525542, bChange = 0.00203874, totNum = 8
ROUND = 3187, SUM = 13525542, bChange = 0.00203873, totNum = 8
ROUND = 3188, SUM = 13525542, bChange = 0.00203873, totNum = 8
ROUND = 3189, SUM = 13525542, bChange = 0.00203873, totNum = 8
ROUND = 3190, SUM = 13525542, bChange = 0.00203873, totNum = 8
ROUND = 3191, SUM = 13525542, bChange = 0.00203873, totNum = 8
ROUND = 3192, SUM = 13525542, bChange = 0.00203873, totNum = 8
ROUND = 3193, SUM = 13525542, bChange = 0.00203873, totNum = 8
ROUND = 3194, SUM = 13525542, bChange = 0.00203873, totNum = 8
ROUND = 3195, SUM = 13525542, bChange = 0.00203873, totNum = 8
ROUND = 3196, SUM = 13525542, bChange = 0.00203873, totNum = 8
ROUND = 3197, SUM = 13525542, bChange = 0.00203873, totNum = 8
ROUND = 3198, SUM = 13525542, bChange = 0.00203873, totNum = 8
ROUND = 3199, SUM = 13525542, bChange = 0.00203872, totNum = 8
ROUND = 3200, SUM = 13525542, bChange = 0.00203872, totNum = 8
ROUND = 3201, SUM = 13525542, bChange = 0.00203872, totNum = 8
ROUND = 3202, SUM = 13525542, bChange = 0.00203872, totNum = 8
ROUND = 3203, SUM = 13525542, bChange = 0.00203872, totNum = 8
ROUND = 3204, SUM = 13525542, bChange = 0.00203872, totNum = 8
ROUND = 3205, SUM = 13525542, bChange = 0.00203872, totNum = 8
ROUND = 3206, SUM = 13525542, bChange = 0.00203872, totNum = 8
ROUND = 3207, SUM = 13525542, bChange = 0.00203872, totNum = 8
ROUND = 3208, SUM = 13525542, bChange = 0.00203872, totNum = 8
ROUND = 3209, SUM = 13525542, bChange = 0.001595, totNum = 7
ROUND = 3210, SUM = 13525542, bChange = 0.001595, totNum = 7
ROUND = 3211, SUM = 13525542, bChange = 0.001595, totNum = 7
ROUND = 3212, SUM = 13525542, bChange = 0.001595, totNum = 7
ROUND = 3213, SUM = 13525542, bChange = 0.001595, totNum = 7
ROUND = 3214, SUM = 13525542, bChange = 0.001595, totNum = 7
ROUND = 3215, SUM = 13525542, bChange = 0.001595, totNum = 7
ROUND = 3216, SUM = 13525542, bChange = 0.001595, totNum = 7
ROUND = 3217, SUM = 13525542, bChange = 0.001595, totNum = 7
ROUND = 3218, SUM = 13525542, bChange = 0.001595, totNum = 7
ROUND = 3219, SUM = 13525542, bChange = 0.001595, totNum = 7
ROUND = 3220, SUM = 13525542, bChange = 0.001595, totNum = 7
ROUND = 3221, SUM = 13525542, bChange = 0.001595, totNum = 7
ROUND = 3222, SUM = 13525542, bChange = 0.001595, totNum = 7
ROUND = 3223, SUM = 13525542, bChange = 0.001595, totNum = 7
ROUND = 3224, SUM = 13525542, bChange = 0.001595, totNum = 7
ROUND = 3225, SUM = 13525542, bChange = 0.001595, totNum = 7
ROUND = 3226, SUM = 13525542, bChange = 0.001595, totNum = 7
ROUND = 3227, SUM = 13525542, bChange = 0.001595, totNum = 7
ROUND = 3228, SUM = 13525542, bChange = 0.001595, totNum = 7
ROUND = 3229, SUM = 13525542, bChange = 0.001595, totNum = 7
ROUND = 3230, SUM = 13525542, bChange = 0.001595, totNum = 7
ROUND = 3231, SUM = 13525542, bChange = 0.001595, totNum = 7
ROUND = 3232, SUM = 13525542, bChange = 0.001595, totNum = 7
ROUND = 3233, SUM = 13525542, bChange = 0.001595, totNum = 7
ROUND = 3234, SUM = 13525542, bChange = 0.001595, totNum = 7
ROUND = 3235, SUM = 13525542, bChange = 0.001595, totNum = 7
ROUND = 3236, SUM = 13525542, bChange = 0.001595, totNum = 7
ROUND = 3237, SUM = 13525542, bChange = 0.001595, totNum = 7
ROUND = 3238, SUM = 13525542, bChange = 0.001595, totNum = 7
ROUND = 3239, SUM = 13525542, bChange = 0.001595, totNum = 7
ROUND = 3240, SUM = 13525542, bChange = 0.001595, totNum = 7
ROUND = 3241, SUM = 13525542, bChange = 0.001595, totNum = 7
ROUND = 3242, SUM = 13525542, bChange = 0.001595, totNum = 7
ROUND = 3243, SUM = 13525542, bChange = 0.001595, totNum = 7
ROUND = 3244, SUM = 13525542, bChange = 0.001595, totNum = 7
ROUND = 3245, SUM = 13525542, bChange = 0.001595, totNum = 7
ROUND = 3246, SUM = 13525542, bChange = 0.001595, totNum = 7
ROUND = 3247, SUM = 13525542, bChange = 0.001595, totNum = 7
ROUND = 3248, SUM = 13525542, bChange = 0.001595, totNum = 7
ROUND = 3249, SUM = 13525542, bChange = 0.001595, totNum = 7
ROUND = 3250, SUM = 13525542, bChange = 0.001595, totNum = 7
ROUND = 3251, SUM = 13525542, bChange = 0.001595, totNum = 7
ROUND = 3252, SUM = 13525542, bChange = 0.001595, totNum = 7
ROUND = 3253, SUM = 13525542, bChange = 0.001595, totNum = 7
ROUND = 3254, SUM = 13525542, bChange = 0.001595, totNum = 7
ROUND = 3255, SUM = 13525542, bChange = 0.001595, totNum = 7
ROUND = 3256, SUM = 13525542, bChange = 0.001595, totNum = 7
ROUND = 3257, SUM = 13525542, bChange = 0.001595, totNum = 7
ROUND = 3258, SUM = 13525542, bChange = 0.001595, totNum = 7
ROUND = 3259, SUM = 13525542, bChange = 0.001595, totNum = 7
ROUND = 3260, SUM = 13525542, bChange = 0.001595, totNum = 7
ROUND = 3261, SUM = 13525542, bChange = 0.001595, totNum = 7
ROUND = 3262, SUM = 13525542, bChange = 0.001595, totNum = 7
ROUND = 3263, SUM = 13525542, bChange = 0.001595, totNum = 7
ROUND = 3264, SUM = 13525542, bChange = 0.001595, totNum = 7
ROUND = 3265, SUM = 13525542, bChange = 0.001595, totNum = 7
ROUND = 3266, SUM = 13525542, bChange = 0.001595, totNum = 7
ROUND = 3267, SUM = 13525542, bChange = 0.001595, totNum = 7
ROUND = 3268, SUM = 13525542, bChange = 0.001595, totNum = 7
ROUND = 3269, SUM = 13525542, bChange = 0.001595, totNum = 7
ROUND = 3270, SUM = 13525542, bChange = 0.001595, totNum = 7
ROUND = 3271, SUM = 13525542, bChange = 0.001595, totNum = 7
ROUND = 3272, SUM = 13525542, bChange = 0.001595, totNum = 7
ROUND = 3273, SUM = 13525542, bChange = 0.001595, totNum = 7
ROUND = 3274, SUM = 13525542, bChange = 0.001595, totNum = 7
ROUND = 3275, SUM = 13525542, bChange = 0.001595, totNum = 7
ROUND = 3276, SUM = 13525542, bChange = 0.001595, totNum = 7
ROUND = 3277, SUM = 13525542, bChange = 0.001595, totNum = 7
ROUND = 3278, SUM = 13525542, bChange = 0.00159501, totNum = 7
ROUND = 3279, SUM = 13525542, bChange = 0.00159501, totNum = 7
ROUND = 3280, SUM = 13525542, bChange = 0.00159501, totNum = 7
ROUND = 3281, SUM = 13525542, bChange = 0.00159501, totNum = 7
ROUND = 3282, SUM = 13525542, bChange = 0.00159501, totNum = 7
ROUND = 3283, SUM = 13525542, bChange = 0.00159501, totNum = 7
ROUND = 3284, SUM = 13525542, bChange = 0.00159501, totNum = 7
ROUND = 3285, SUM = 13525542, bChange = 0.00159501, totNum = 7
ROUND = 3286, SUM = 13525542, bChange = 0.00159501, totNum = 7
ROUND = 3287, SUM = 13525542, bChange = 0.00159501, totNum = 7
ROUND = 3288, SUM = 13525542, bChange = 0.00159501, totNum = 7
ROUND = 3289, SUM = 13525542, bChange = 0.00159501, totNum = 7
ROUND = 3290, SUM = 13525542, bChange = 0.00159501, totNum = 7
ROUND = 3291, SUM = 13525542, bChange = 0.00159501, totNum = 7
ROUND = 3292, SUM = 13525542, bChange = 0.00159501, totNum = 7
ROUND = 3293, SUM = 13525542, bChange = 0.00159501, totNum = 7
ROUND = 3294, SUM = 13525542, bChange = 0.00159501, totNum = 7
ROUND = 3295, SUM = 13525542, bChange = 0.00159501, totNum = 7
ROUND = 3296, SUM = 13525542, bChange = 0.00159501, totNum = 7
ROUND = 3297, SUM = 13525542, bChange = 0.00159501, totNum = 7
ROUND = 3298, SUM = 13525542, bChange = 0.00159501, totNum = 7
ROUND = 3299, SUM = 13525542, bChange = 0.00159501, totNum = 7
ROUND = 3300, SUM = 13525542, bChange = 0.00159501, totNum = 7
ROUND = 3301, SUM = 13525542, bChange = 0.00159501, totNum = 7
ROUND = 3302, SUM = 13525542, bChange = 0.00159501, totNum = 7
ROUND = 3303, SUM = 13525542, bChange = 0.00159501, totNum = 7
ROUND = 3304, SUM = 13525542, bChange = 0.00159501, totNum = 7
ROUND = 3305, SUM = 13525542, bChange = 0.00159501, totNum = 7
ROUND = 3306, SUM = 13525542, bChange = 0.00159501, totNum = 7
ROUND = 3307, SUM = 13525542, bChange = 0.00159501, totNum = 7
ROUND = 3308, SUM = 13525542, bChange = 0.00159501, totNum = 7
ROUND = 3309, SUM = 13525542, bChange = 0.00159501, totNum = 7
ROUND = 3310, SUM = 13525542, bChange = 0.00159501, totNum = 7
ROUND = 3311, SUM = 13525542, bChange = 0.00159501, totNum = 7
ROUND = 3312, SUM = 13525542, bChange = 0.00159501, totNum = 7
ROUND = 3313, SUM = 13525542, bChange = 0.00159501, totNum = 7
ROUND = 3314, SUM = 13525542, bChange = 0.00159501, totNum = 7
ROUND = 3315, SUM = 13525542, bChange = 0.00159501, totNum = 7
ROUND = 3316, SUM = 13525542, bChange = 0.00159501, totNum = 7
ROUND = 3317, SUM = 13525542, bChange = 0.00159501, totNum = 7
ROUND = 3318, SUM = 13525542, bChange = 0.00159501, totNum = 7
ROUND = 3319, SUM = 13525542, bChange = 0.00159501, totNum = 7
ROUND = 3320, SUM = 13525542, bChange = 0.00159501, totNum = 7
ROUND = 3321, SUM = 13525542, bChange = 0.00159501, totNum = 7
ROUND = 3322, SUM = 13525542, bChange = 0.00159501, totNum = 7
ROUND = 3323, SUM = 13525542, bChange = 0.00159501, totNum = 7
ROUND = 3324, SUM = 13525542, bChange = 0.00159501, totNum = 7
ROUND = 3325, SUM = 13525542, bChange = 0.00159501, totNum = 7
ROUND = 3326, SUM = 13525542, bChange = 0.00159501, totNum = 7
ROUND = 3327, SUM = 13525542, bChange = 0.00159501, totNum = 7
ROUND = 3328, SUM = 13525542, bChange = 0.00159501, totNum = 7
ROUND = 3329, SUM = 13525542, bChange = 0.00159501, totNum = 7
ROUND = 3330, SUM = 13525542, bChange = 0.00159501, totNum = 7
ROUND = 3331, SUM = 13525542, bChange = 0.00159501, totNum = 7
ROUND = 3332, SUM = 13525542, bChange = 0.00159501, totNum = 7
ROUND = 3333, SUM = 13525542, bChange = 0.00159501, totNum = 7
ROUND = 3334, SUM = 13525542, bChange = 0.00159501, totNum = 7
ROUND = 3335, SUM = 13525542, bChange = 0.00159501, totNum = 7
ROUND = 3336, SUM = 13525542, bChange = 0.00159501, totNum = 7
ROUND = 3337, SUM = 13525542, bChange = 0.00159501, totNum = 7
ROUND = 3338, SUM = 13525542, bChange = 0.00159501, totNum = 7
ROUND = 3339, SUM = 13525542, bChange = 0.00159501, totNum = 7
ROUND = 3340, SUM = 13525542, bChange = 0.00159501, totNum = 7
ROUND = 3341, SUM = 13525542, bChange = 0.00159501, totNum = 7
ROUND = 3342, SUM = 13525542, bChange = 0.00159501, totNum = 7
ROUND = 3343, SUM = 13525542, bChange = 0.00159501, totNum = 7
ROUND = 3344, SUM = 13525542, bChange = 0.00159501, totNum = 7
ROUND = 3345, SUM = 13525542, bChange = 0.00159501, totNum = 7
ROUND = 3346, SUM = 13525542, bChange = 0.00159501, totNum = 7
ROUND = 3347, SUM = 13525542, bChange = 0.00159501, totNum = 7
ROUND = 3348, SUM = 13525542, bChange = 0.00159501, totNum = 7
ROUND = 3349, SUM = 13525542, bChange = 0.00159501, totNum = 7
ROUND = 3350, SUM = 13525542, bChange = 0.00159501, totNum = 7
ROUND = 3351, SUM = 13525542, bChange = 0.00159501, totNum = 7
ROUND = 3352, SUM = 13525542, bChange = 0.00159501, totNum = 7
ROUND = 3353, SUM = 13525542, bChange = 0.00159501, totNum = 7
ROUND = 3354, SUM = 13525542, bChange = 0.00159501, totNum = 7
ROUND = 3355, SUM = 13525542, bChange = 0.00159501, totNum = 7
ROUND = 3356, SUM = 13525542, bChange = 0.00159501, totNum = 7
ROUND = 3357, SUM = 13525542, bChange = 0.00159501, totNum = 7
ROUND = 3358, SUM = 13525542, bChange = 0.00159501, totNum = 7
ROUND = 3359, SUM = 13525542, bChange = 0.00159501, totNum = 7
ROUND = 3360, SUM = 13525542, bChange = 0.00159501, totNum = 7
ROUND = 3361, SUM = 13525542, bChange = 0.00159501, totNum = 7
ROUND = 3362, SUM = 13525542, bChange = 0.00159501, totNum = 7
ROUND = 3363, SUM = 13525542, bChange = 0.00159501, totNum = 7
ROUND = 3364, SUM = 13525542, bChange = 0.00159501, totNum = 7
ROUND = 3365, SUM = 13525542, bChange = 0.00159501, totNum = 7
ROUND = 3366, SUM = 13525542, bChange = 0.00159501, totNum = 7
ROUND = 3367, SUM = 13525542, bChange = 0.00159501, totNum = 7
ROUND = 3368, SUM = 13525542, bChange = 0.00159501, totNum = 7
ROUND = 3369, SUM = 13525542, bChange = 0.00159501, totNum = 7
ROUND = 3370, SUM = 13525542, bChange = 0.00159501, totNum = 6
ROUND = 3371, SUM = 13525542, bChange = 0.00159501, totNum = 6
ROUND = 3372, SUM = 13525542, bChange = 0.00159501, totNum = 6
ROUND = 3373, SUM = 13525542, bChange = 0.00137244, totNum = 5
ROUND = 3374, SUM = 13525542, bChange = 0.00137246, totNum = 5
ROUND = 3375, SUM = 13525542, bChange = 0.00137247, totNum = 5
ROUND = 3376, SUM = 13525542, bChange = 0.00137249, totNum = 5
ROUND = 3377, SUM = 13525542, bChange = 0.0013725, totNum = 5
ROUND = 3378, SUM = 13525542, bChange = 0.00137252, totNum = 5
ROUND = 3379, SUM = 13525542, bChange = 0.00137254, totNum = 5
ROUND = 3380, SUM = 13525542, bChange = 0.00137255, totNum = 5
ROUND = 3381, SUM = 13525542, bChange = 0.00137257, totNum = 5
ROUND = 3382, SUM = 13525542, bChange = 0.00137259, totNum = 5
ROUND = 3383, SUM = 13525542, bChange = 0.0013726, totNum = 5
ROUND = 3384, SUM = 13525542, bChange = 0.00137262, totNum = 5
ROUND = 3385, SUM = 13525542, bChange = 0.00137263, totNum = 5
ROUND = 3386, SUM = 13525542, bChange = 0.00137265, totNum = 5
ROUND = 3387, SUM = 13525542, bChange = 0.00137267, totNum = 5
ROUND = 3388, SUM = 13525542, bChange = 0.00137268, totNum = 5
ROUND = 3389, SUM = 13525542, bChange = 0.0013727, totNum = 5
ROUND = 3390, SUM = 13525542, bChange = 0.00137272, totNum = 5
ROUND = 3391, SUM = 13525542, bChange = 0.00137273, totNum = 5
ROUND = 3392, SUM = 13525542, bChange = 0.00137275, totNum = 5
ROUND = 3393, SUM = 13525542, bChange = 0.00137276, totNum = 5
ROUND = 3394, SUM = 13525542, bChange = 0.00137278, totNum = 5
ROUND = 3395, SUM = 13525542, bChange = 0.0013728, totNum = 5
ROUND = 3396, SUM = 13525542, bChange = 0.00137281, totNum = 5
ROUND = 3397, SUM = 13525542, bChange = 0.00137283, totNum = 5
ROUND = 3398, SUM = 13525542, bChange = 0.00137284, totNum = 5
ROUND = 3399, SUM = 13525542, bChange = 0.00137286, totNum = 5
ROUND = 3400, SUM = 13525542, bChange = 0.00137287, totNum = 5
ROUND = 3401, SUM = 13525542, bChange = 0.00137289, totNum = 5
ROUND = 3402, SUM = 13525542, bChange = 0.00137291, totNum = 5
ROUND = 3403, SUM = 13525542, bChange = 0.00137292, totNum = 5
ROUND = 3404, SUM = 13525542, bChange = 0.00137294, totNum = 5
ROUND = 3405, SUM = 13525542, bChange = 0.00137295, totNum = 5
ROUND = 3406, SUM = 13525542, bChange = 0.00137297, totNum = 5
ROUND = 3407, SUM = 13525542, bChange = 0.00137298, totNum = 5
ROUND = 3408, SUM = 13525542, bChange = 0.001373, totNum = 5
ROUND = 3409, SUM = 13525542, bChange = 0.00137302, totNum = 5
ROUND = 3410, SUM = 13525542, bChange = 0.00137303, totNum = 5
ROUND = 3411, SUM = 13525542, bChange = 0.00137305, totNum = 5
ROUND = 3412, SUM = 13525542, bChange = 0.00137306, totNum = 5
ROUND = 3413, SUM = 13525542, bChange = 0.00137308, totNum = 5
ROUND = 3414, SUM = 13525542, bChange = 0.00137309, totNum = 5
ROUND = 3415, SUM = 13525542, bChange = 0.00137311, totNum = 5
ROUND = 3416, SUM = 13525542, bChange = 0.00137313, totNum = 5
ROUND = 3417, SUM = 13525542, bChange = 0.00137314, totNum = 5
ROUND = 3418, SUM = 13525542, bChange = 0.00137316, totNum = 5
ROUND = 3419, SUM = 13525542, bChange = 0.00137317, totNum = 5
ROUND = 3420, SUM = 13525542, bChange = 0.00137319, totNum = 5
ROUND = 3421, SUM = 13525542, bChange = 0.0013732, totNum = 5
ROUND = 3422, SUM = 13525542, bChange = 0.00137322, totNum = 5
ROUND = 3423, SUM = 13525542, bChange = 0.00137323, totNum = 5
ROUND = 3424, SUM = 13525542, bChange = 0.00137325, totNum = 5
ROUND = 3425, SUM = 13525542, bChange = 0.00137326, totNum = 5
ROUND = 3426, SUM = 13525542, bChange = 0.00137328, totNum = 5
ROUND = 3427, SUM = 13525542, bChange = 0.00137329, totNum = 5
ROUND = 3428, SUM = 13525542, bChange = 0.00137331, totNum = 5
ROUND = 3429, SUM = 13525542, bChange = 0.00137332, totNum = 5
ROUND = 3430, SUM = 13525542, bChange = 0.00137334, totNum = 5
ROUND = 3431, SUM = 13525542, bChange = 0.00137336, totNum = 5
ROUND = 3432, SUM = 13525542, bChange = 0.00137337, totNum = 5
ROUND = 3433, SUM = 13525542, bChange = 0.00137339, totNum = 5
ROUND = 3434, SUM = 13525542, bChange = 0.0013734, totNum = 5
ROUND = 3435, SUM = 13525542, bChange = 0.00137342, totNum = 5
ROUND = 3436, SUM = 13525542, bChange = 0.00137343, totNum = 5
ROUND = 3437, SUM = 13525542, bChange = 0.00137345, totNum = 5
ROUND = 3438, SUM = 13525542, bChange = 0.00137346, totNum = 5
ROUND = 3439, SUM = 13525542, bChange = 0.00137348, totNum = 5
ROUND = 3440, SUM = 13525542, bChange = 0.00137349, totNum = 5
ROUND = 3441, SUM = 13525542, bChange = 0.00137351, totNum = 5
ROUND = 3442, SUM = 13525542, bChange = 0.00137352, totNum = 5
ROUND = 3443, SUM = 13525542, bChange = 0.00137354, totNum = 5
ROUND = 3444, SUM = 13525542, bChange = 0.00137355, totNum = 5
ROUND = 3445, SUM = 13525542, bChange = 0.00137357, totNum = 5
ROUND = 3446, SUM = 13525542, bChange = 0.00137358, totNum = 5
ROUND = 3447, SUM = 13525542, bChange = 0.0013736, totNum = 5
ROUND = 3448, SUM = 13525542, bChange = 0.00137361, totNum = 5
ROUND = 3449, SUM = 13525542, bChange = 0.00137363, totNum = 5
ROUND = 3450, SUM = 13525542, bChange = 0.00137364, totNum = 5
ROUND = 3451, SUM = 13525542, bChange = 0.00137365, totNum = 5
ROUND = 3452, SUM = 13525542, bChange = 0.00137367, totNum = 5
ROUND = 3453, SUM = 13525542, bChange = 0.00137368, totNum = 5
ROUND = 3454, SUM = 13525542, bChange = 0.0013737, totNum = 5
ROUND = 3455, SUM = 13525542, bChange = 0.00137371, totNum = 5
ROUND = 3456, SUM = 13525542, bChange = 0.00137373, totNum = 5
ROUND = 3457, SUM = 13525542, bChange = 0.00137374, totNum = 5
ROUND = 3458, SUM = 13525542, bChange = 0.00137376, totNum = 5
ROUND = 3459, SUM = 13525542, bChange = 0.00137377, totNum = 5
ROUND = 3460, SUM = 13525542, bChange = 0.00137379, totNum = 5
ROUND = 3461, SUM = 13525542, bChange = 0.0013738, totNum = 5
ROUND = 3462, SUM = 13525542, bChange = 0.00137382, totNum = 5
ROUND = 3463, SUM = 13525542, bChange = 0.00137383, totNum = 5
ROUND = 3464, SUM = 13525542, bChange = 0.00137385, totNum = 5
ROUND = 3465, SUM = 13525542, bChange = 0.00137386, totNum = 5
ROUND = 3466, SUM = 13525542, bChange = 0.00137387, totNum = 5
ROUND = 3467, SUM = 13525542, bChange = 0.00137389, totNum = 5
ROUND = 3468, SUM = 13525542, bChange = 0.0013739, totNum = 5
ROUND = 3469, SUM = 13525542, bChange = 0.00137392, totNum = 5
ROUND = 3470, SUM = 13525542, bChange = 0.00137393, totNum = 5
ROUND = 3471, SUM = 13525542, bChange = 0.00137395, totNum = 5
ROUND = 3472, SUM = 13525542, bChange = 0.00137396, totNum = 5
ROUND = 3473, SUM = 13525542, bChange = 0.00137397, totNum = 5
ROUND = 3474, SUM = 13525542, bChange = 0.00137399, totNum = 5
ROUND = 3475, SUM = 13525542, bChange = 0.001374, totNum = 5
ROUND = 3476, SUM = 13525542, bChange = 0.00137402, totNum = 5
ROUND = 3477, SUM = 13525542, bChange = 0.00137403, totNum = 5
ROUND = 3478, SUM = 13525542, bChange = 0.00137405, totNum = 5
ROUND = 3479, SUM = 13525542, bChange = 0.00137406, totNum = 5
ROUND = 3480, SUM = 13525542, bChange = 0.00137407, totNum = 5
ROUND = 3481, SUM = 13525542, bChange = 0.00137409, totNum = 5
ROUND = 3482, SUM = 13525542, bChange = 0.0013741, totNum = 5
ROUND = 3483, SUM = 13525542, bChange = 0.00137412, totNum = 5
ROUND = 3484, SUM = 13525542, bChange = 0.00137413, totNum = 5
ROUND = 3485, SUM = 13525542, bChange = 0.00137415, totNum = 5
ROUND = 3486, SUM = 13525542, bChange = 0.00137416, totNum = 5
ROUND = 3487, SUM = 13525542, bChange = 0.00137417, totNum = 5
ROUND = 3488, SUM = 13525542, bChange = 0.00137419, totNum = 5
ROUND = 3489, SUM = 13525542, bChange = 0.0013742, totNum = 5
ROUND = 3490, SUM = 13525542, bChange = 0.00137422, totNum = 5
ROUND = 3491, SUM = 13525542, bChange = 0.00137423, totNum = 5
ROUND = 3492, SUM = 13525542, bChange = 0.00137424, totNum = 5
ROUND = 3493, SUM = 13525542, bChange = 0.00137426, totNum = 5
ROUND = 3494, SUM = 13525542, bChange = 0.00137427, totNum = 5
ROUND = 3495, SUM = 13525542, bChange = 0.00137429, totNum = 5
ROUND = 3496, SUM = 13525542, bChange = 0.0013743, totNum = 5
ROUND = 3497, SUM = 13525542, bChange = 0.00137431, totNum = 5
ROUND = 3498, SUM = 13525542, bChange = 0.00137433, totNum = 5
ROUND = 3499, SUM = 13525542, bChange = 0.00137434, totNum = 5
ROUND = 3500, SUM = 13525542, bChange = 0.00137435, totNum = 5
ROUND = 3501, SUM = 13525542, bChange = 0.00137437, totNum = 5
ROUND = 3502, SUM = 13525542, bChange = 0.00137438, totNum = 5
ROUND = 3503, SUM = 13525542, bChange = 0.0013744, totNum = 5
ROUND = 3504, SUM = 13525542, bChange = 0.00137441, totNum = 5
ROUND = 3505, SUM = 13525542, bChange = 0.00137442, totNum = 5
ROUND = 3506, SUM = 13525542, bChange = 0.00137444, totNum = 5
ROUND = 3507, SUM = 13525542, bChange = 0.00137445, totNum = 5
ROUND = 3508, SUM = 13525542, bChange = 0.00137446, totNum = 5
ROUND = 3509, SUM = 13525542, bChange = 0.00137448, totNum = 5
ROUND = 3510, SUM = 13525542, bChange = 0.00137449, totNum = 5
ROUND = 3511, SUM = 13525542, bChange = 0.00137451, totNum = 5
ROUND = 3512, SUM = 13525542, bChange = 0.00137452, totNum = 5
ROUND = 3513, SUM = 13525542, bChange = 0.00137453, totNum = 5
ROUND = 3514, SUM = 13525542, bChange = 0.00137455, totNum = 5
ROUND = 3515, SUM = 13525542, bChange = 0.00137456, totNum = 5
ROUND = 3516, SUM = 13525542, bChange = 0.00137457, totNum = 5
ROUND = 3517, SUM = 13525542, bChange = 0.00137459, totNum = 5
ROUND = 3518, SUM = 13525542, bChange = 0.0013746, totNum = 5
ROUND = 3519, SUM = 13525542, bChange = 0.00137461, totNum = 5
ROUND = 3520, SUM = 13525542, bChange = 0.00137463, totNum = 5
ROUND = 3521, SUM = 13525542, bChange = 0.00137464, totNum = 5
ROUND = 3522, SUM = 13525542, bChange = 0.00137465, totNum = 5
ROUND = 3523, SUM = 13525542, bChange = 0.00137467, totNum = 5
ROUND = 3524, SUM = 13525542, bChange = 0.00137468, totNum = 5
ROUND = 3525, SUM = 13525542, bChange = 0.00137469, totNum = 5
ROUND = 3526, SUM = 13525542, bChange = 0.00137471, totNum = 5
ROUND = 3527, SUM = 13525542, bChange = 0.00137472, totNum = 5
ROUND = 3528, SUM = 13525542, bChange = 0.00137473, totNum = 5
ROUND = 3529, SUM = 13525542, bChange = 0.00137475, totNum = 5
ROUND = 3530, SUM = 13525542, bChange = 0.00137476, totNum = 5
ROUND = 3531, SUM = 13525542, bChange = 0.00137477, totNum = 5
ROUND = 3532, SUM = 13525542, bChange = 0.00137479, totNum = 5
ROUND = 3533, SUM = 13525542, bChange = 0.0013748, totNum = 5
ROUND = 3534, SUM = 13525542, bChange = 0.00137481, totNum = 5
ROUND = 3535, SUM = 13525542, bChange = 0.00137483, totNum = 5
ROUND = 3536, SUM = 13525542, bChange = 0.00137484, totNum = 5
ROUND = 3537, SUM = 13525542, bChange = 0.00137485, totNum = 5
ROUND = 3538, SUM = 13525542, bChange = 0.00137487, totNum = 5
ROUND = 3539, SUM = 13525542, bChange = 0.00137488, totNum = 5
ROUND = 3540, SUM = 13525542, bChange = 0.00137489, totNum = 5
ROUND = 3541, SUM = 13525542, bChange = 0.00137491, totNum = 5
ROUND = 3542, SUM = 13525542, bChange = 0.00137492, totNum = 5
ROUND = 3543, SUM = 13525542, bChange = 0.00137493, totNum = 5
ROUND = 3544, SUM = 13525542, bChange = 0.00137494, totNum = 5
ROUND = 3545, SUM = 13525542, bChange = 0.00137496, totNum = 5
ROUND = 3546, SUM = 13525542, bChange = 0.00137497, totNum = 5
ROUND = 3547, SUM = 13525542, bChange = 0.00137498, totNum = 5
ROUND = 3548, SUM = 13525542, bChange = 0.001375, totNum = 5
ROUND = 3549, SUM = 13525542, bChange = 0.00137501, totNum = 5
ROUND = 3550, SUM = 13525542, bChange = 0.00137502, totNum = 5
ROUND = 3551, SUM = 13525542, bChange = 0.00137504, totNum = 5
ROUND = 3552, SUM = 13525542, bChange = 0.00137505, totNum = 5
ROUND = 3553, SUM = 13525542, bChange = 0.00137506, totNum = 5
ROUND = 3554, SUM = 13525542, bChange = 0.00137507, totNum = 5
ROUND = 3555, SUM = 13525542, bChange = 0.00137509, totNum = 5
ROUND = 3556, SUM = 13525542, bChange = 0.0013751, totNum = 5
ROUND = 3557, SUM = 13525542, bChange = 0.00137511, totNum = 5
ROUND = 3558, SUM = 13525542, bChange = 0.00137513, totNum = 5
ROUND = 3559, SUM = 13525542, bChange = 0.00137514, totNum = 5
ROUND = 3560, SUM = 13525542, bChange = 0.00137515, totNum = 5
ROUND = 3561, SUM = 13525542, bChange = 0.00137516, totNum = 5
ROUND = 3562, SUM = 13525542, bChange = 0.00137518, totNum = 5
ROUND = 3563, SUM = 13525542, bChange = 0.00137519, totNum = 5
ROUND = 3564, SUM = 13525542, bChange = 0.0013752, totNum = 5
ROUND = 3565, SUM = 13525542, bChange = 0.00137521, totNum = 5
ROUND = 3566, SUM = 13525542, bChange = 0.00137523, totNum = 5
ROUND = 3567, SUM = 13525542, bChange = 0.00137524, totNum = 5
ROUND = 3568, SUM = 13525542, bChange = 0.00137525, totNum = 5
ROUND = 3569, SUM = 13525542, bChange = 0.00137526, totNum = 5
ROUND = 3570, SUM = 13525542, bChange = 0.00137528, totNum = 5
ROUND = 3571, SUM = 13525542, bChange = 0.00137529, totNum = 5
ROUND = 3572, SUM = 13525542, bChange = 0.0013753, totNum = 5
ROUND = 3573, SUM = 13525542, bChange = 0.00137531, totNum = 5
ROUND = 3574, SUM = 13525542, bChange = 0.00137533, totNum = 5
ROUND = 3575, SUM = 13525542, bChange = 0.00137534, totNum = 5
ROUND = 3576, SUM = 13525542, bChange = 0.00137535, totNum = 5
ROUND = 3577, SUM = 13525542, bChange = 0.00137536, totNum = 5
ROUND = 3578, SUM = 13525542, bChange = 0.00137538, totNum = 5
ROUND = 3579, SUM = 13525542, bChange = 0.00137539, totNum = 5
ROUND = 3580, SUM = 13525542, bChange = 0.0013754, totNum = 5
ROUND = 3581, SUM = 13525542, bChange = 0.00137541, totNum = 5
ROUND = 3582, SUM = 13525542, bChange = 0.00137543, totNum = 5
ROUND = 3583, SUM = 13525542, bChange = 0.00137544, totNum = 5
ROUND = 3584, SUM = 13525542, bChange = 0.00137545, totNum = 5
ROUND = 3585, SUM = 13525542, bChange = 0.00137546, totNum = 5
ROUND = 3586, SUM = 13525542, bChange = 0.00137548, totNum = 5
ROUND = 3587, SUM = 13525542, bChange = 0.00137549, totNum = 5
ROUND = 3588, SUM = 13525542, bChange = 0.0013755, totNum = 5
ROUND = 3589, SUM = 13525542, bChange = 0.00137551, totNum = 5
ROUND = 3590, SUM = 13525542, bChange = 0.00137552, totNum = 5
ROUND = 3591, SUM = 13525542, bChange = 0.00137554, totNum = 5
ROUND = 3592, SUM = 13525542, bChange = 0.00137555, totNum = 5
ROUND = 3593, SUM = 13525542, bChange = 0.00137556, totNum = 5
ROUND = 3594, SUM = 13525542, bChange = 0.00137557, totNum = 5
ROUND = 3595, SUM = 13525542, bChange = 0.00137559, totNum = 5
ROUND = 3596, SUM = 13525542, bChange = 0.0013756, totNum = 5
ROUND = 3597, SUM = 13525542, bChange = 0.00137561, totNum = 5
ROUND = 3598, SUM = 13525542, bChange = 0.00137562, totNum = 5
ROUND = 3599, SUM = 13525542, bChange = 0.00137563, totNum = 5
ROUND = 3600, SUM = 13525542, bChange = 0.00137565, totNum = 5
ROUND = 3601, SUM = 13525542, bChange = 0.00137566, totNum = 5
ROUND = 3602, SUM = 13525542, bChange = 0.00137567, totNum = 5
ROUND = 3603, SUM = 13525542, bChange = 0.00137568, totNum = 5
ROUND = 3604, SUM = 13525542, bChange = 0.00137569, totNum = 5
ROUND = 3605, SUM = 13525542, bChange = 0.00137571, totNum = 5
ROUND = 3606, SUM = 13525542, bChange = 0.00137572, totNum = 5
ROUND = 3607, SUM = 13525542, bChange = 0.00137573, totNum = 5
ROUND = 3608, SUM = 13525542, bChange = 0.00137574, totNum = 5
ROUND = 3609, SUM = 13525542, bChange = 0.00137575, totNum = 5
ROUND = 3610, SUM = 13525542, bChange = 0.00137577, totNum = 5
ROUND = 3611, SUM = 13525542, bChange = 0.00137578, totNum = 5
ROUND = 3612, SUM = 13525542, bChange = 0.00137579, totNum = 5
ROUND = 3613, SUM = 13525542, bChange = 0.0013758, totNum = 5
ROUND = 3614, SUM = 13525542, bChange = 0.00137581, totNum = 5
ROUND = 3615, SUM = 13525542, bChange = 0.00137583, totNum = 5
ROUND = 3616, SUM = 13525542, bChange = 0.00137584, totNum = 5
ROUND = 3617, SUM = 13525542, bChange = 0.00137585, totNum = 5
ROUND = 3618, SUM = 13525542, bChange = 0.00137586, totNum = 5
ROUND = 3619, SUM = 13525542, bChange = 0.00137587, totNum = 5
ROUND = 3620, SUM = 13525542, bChange = 0.00137588, totNum = 5
ROUND = 3621, SUM = 13525542, bChange = 0.0013759, totNum = 5
ROUND = 3622, SUM = 13525542, bChange = 0.00137591, totNum = 5
ROUND = 3623, SUM = 13525542, bChange = 0.00137592, totNum = 5
ROUND = 3624, SUM = 13525542, bChange = 0.00137593, totNum = 5
ROUND = 3625, SUM = 13525542, bChange = 0.00137594, totNum = 5
ROUND = 3626, SUM = 13525542, bChange = 0.00137595, totNum = 5
ROUND = 3627, SUM = 13525542, bChange = 0.00137597, totNum = 5
ROUND = 3628, SUM = 13525542, bChange = 0.00137598, totNum = 5
ROUND = 3629, SUM = 13525542, bChange = 0.00137599, totNum = 5
ROUND = 3630, SUM = 13525542, bChange = 0.001376, totNum = 5
ROUND = 3631, SUM = 13525542, bChange = 0.00137601, totNum = 5
ROUND = 3632, SUM = 13525542, bChange = 0.00137602, totNum = 5
ROUND = 3633, SUM = 13525542, bChange = 0.00137604, totNum = 5
ROUND = 3634, SUM = 13525542, bChange = 0.00137605, totNum = 5
ROUND = 3635, SUM = 13525542, bChange = 0.00137606, totNum = 5
ROUND = 3636, SUM = 13525542, bChange = 0.00137607, totNum = 5
ROUND = 3637, SUM = 13525542, bChange = 0.00137608, totNum = 5
ROUND = 3638, SUM = 13525542, bChange = 0.00137609, totNum = 5
ROUND = 3639, SUM = 13525542, bChange = 0.0013761, totNum = 5
ROUND = 3640, SUM = 13525542, bChange = 0.00137612, totNum = 5
ROUND = 3641, SUM = 13525542, bChange = 0.00137613, totNum = 5
ROUND = 3642, SUM = 13525542, bChange = 0.00137614, totNum = 5
ROUND = 3643, SUM = 13525542, bChange = 0.00137615, totNum = 5
ROUND = 3644, SUM = 13525542, bChange = 0.00137616, totNum = 5
ROUND = 3645, SUM = 13525542, bChange = 0.00137617, totNum = 5
ROUND = 3646, SUM = 13525542, bChange = 0.00137618, totNum = 5
ROUND = 3647, SUM = 13525542, bChange = 0.00137619, totNum = 5
ROUND = 3648, SUM = 13525542, bChange = 0.00137621, totNum = 5
ROUND = 3649, SUM = 13525542, bChange = 0.00137622, totNum = 5
ROUND = 3650, SUM = 13525542, bChange = 0.00137623, totNum = 5
ROUND = 3651, SUM = 13525542, bChange = 0.00137624, totNum = 5
ROUND = 3652, SUM = 13525542, bChange = 0.00137625, totNum = 5
ROUND = 3653, SUM = 13525542, bChange = 0.00137626, totNum = 5
ROUND = 3654, SUM = 13525542, bChange = 0.00137627, totNum = 5
ROUND = 3655, SUM = 13525542, bChange = 0.00137628, totNum = 5
ROUND = 3656, SUM = 13525542, bChange = 0.0013763, totNum = 5
ROUND = 3657, SUM = 13525542, bChange = 0.00137631, totNum = 5
ROUND = 3658, SUM = 13525542, bChange = 0.00137632, totNum = 5
ROUND = 3659, SUM = 13525542, bChange = 0.00137633, totNum = 5
ROUND = 3660, SUM = 13525542, bChange = 0.00137634, totNum = 5
ROUND = 3661, SUM = 13525542, bChange = 0.00137635, totNum = 5
ROUND = 3662, SUM = 13525542, bChange = 0.00137636, totNum = 5
ROUND = 3663, SUM = 13525542, bChange = 0.00137637, totNum = 5
ROUND = 3664, SUM = 13525542, bChange = 0.00137638, totNum = 5
ROUND = 3665, SUM = 13525542, bChange = 0.0013764, totNum = 5
ROUND = 3666, SUM = 13525542, bChange = 0.00137641, totNum = 5
ROUND = 3667, SUM = 13525542, bChange = 0.00137642, totNum = 5
ROUND = 3668, SUM = 13525542, bChange = 0.00137643, totNum = 5
ROUND = 3669, SUM = 13525542, bChange = 0.00137644, totNum = 5
ROUND = 3670, SUM = 13525542, bChange = 0.00137645, totNum = 5
ROUND = 3671, SUM = 13525542, bChange = 0.00137646, totNum = 5
ROUND = 3672, SUM = 13525542, bChange = 0.00137647, totNum = 5
ROUND = 3673, SUM = 13525542, bChange = 0.00137648, totNum = 5
ROUND = 3674, SUM = 13525542, bChange = 0.00137649, totNum = 5
ROUND = 3675, SUM = 13525542, bChange = 0.00137651, totNum = 5
ROUND = 3676, SUM = 13525542, bChange = 0.00137652, totNum = 5
ROUND = 3677, SUM = 13525542, bChange = 0.00137653, totNum = 5
ROUND = 3678, SUM = 13525542, bChange = 0.00137654, totNum = 5
ROUND = 3679, SUM = 13525542, bChange = 0.00137655, totNum = 5
ROUND = 3680, SUM = 13525542, bChange = 0.00137656, totNum = 5
ROUND = 3681, SUM = 13525542, bChange = 0.00137657, totNum = 5
ROUND = 3682, SUM = 13525542, bChange = 0.00137658, totNum = 5
ROUND = 3683, SUM = 13525542, bChange = 0.00137659, totNum = 5
ROUND = 3684, SUM = 13525542, bChange = 0.0013766, totNum = 5
ROUND = 3685, SUM = 13525542, bChange = 0.00137661, totNum = 5
ROUND = 3686, SUM = 13525542, bChange = 0.00137662, totNum = 5
ROUND = 3687, SUM = 13525542, bChange = 0.00137663, totNum = 5
ROUND = 3688, SUM = 13525542, bChange = 0.00137665, totNum = 5
ROUND = 3689, SUM = 13525542, bChange = 0.00137666, totNum = 5
ROUND = 3690, SUM = 13525542, bChange = 0.00137667, totNum = 5
ROUND = 3691, SUM = 13525542, bChange = 0.00137668, totNum = 5
ROUND = 3692, SUM = 13525542, bChange = 0.00137669, totNum = 5
ROUND = 3693, SUM = 13525542, bChange = 0.0013767, totNum = 5
ROUND = 3694, SUM = 13525542, bChange = 0.00137671, totNum = 5
ROUND = 3695, SUM = 13525542, bChange = 0.00137672, totNum = 5
ROUND = 3696, SUM = 13525542, bChange = 0.00137673, totNum = 5
ROUND = 3697, SUM = 13525542, bChange = 0.00137674, totNum = 5
ROUND = 3698, SUM = 13525542, bChange = 0.00137675, totNum = 5
ROUND = 3699, SUM = 13525542, bChange = 0.00137676, totNum = 5
ROUND = 3700, SUM = 13525542, bChange = 0.00137677, totNum = 5
ROUND = 3701, SUM = 13525542, bChange = 0.00137678, totNum = 5
ROUND = 3702, SUM = 13525542, bChange = 0.00137679, totNum = 5
ROUND = 3703, SUM = 13525542, bChange = 0.0013768, totNum = 5
ROUND = 3704, SUM = 13525542, bChange = 0.00137681, totNum = 5
ROUND = 3705, SUM = 13525542, bChange = 0.00137682, totNum = 5
ROUND = 3706, SUM = 13525542, bChange = 0.00137684, totNum = 5
ROUND = 3707, SUM = 13525542, bChange = 0.00137685, totNum = 5
ROUND = 3708, SUM = 13525542, bChange = 0.00137686, totNum = 5
ROUND = 3709, SUM = 13525542, bChange = 0.00137687, totNum = 5
ROUND = 3710, SUM = 13525542, bChange = 0.00137688, totNum = 5
ROUND = 3711, SUM = 13525542, bChange = 0.00137689, totNum = 5
ROUND = 3712, SUM = 13525542, bChange = 0.0013769, totNum = 5
ROUND = 3713, SUM = 13525542, bChange = 0.00137691, totNum = 5
ROUND = 3714, SUM = 13525542, bChange = 0.00137692, totNum = 5
ROUND = 3715, SUM = 13525542, bChange = 0.00137693, totNum = 5
ROUND = 3716, SUM = 13525542, bChange = 0.00137694, totNum = 5
ROUND = 3717, SUM = 13525542, bChange = 0.00137695, totNum = 5
ROUND = 3718, SUM = 13525542, bChange = 0.00137696, totNum = 5
ROUND = 3719, SUM = 13525542, bChange = 0.00137697, totNum = 5
ROUND = 3720, SUM = 13525542, bChange = 0.00137698, totNum = 5
ROUND = 3721, SUM = 13525542, bChange = 0.00137699, totNum = 5
ROUND = 3722, SUM = 13525542, bChange = 0.001377, totNum = 5
ROUND = 3723, SUM = 13525542, bChange = 0.00137701, totNum = 5
ROUND = 3724, SUM = 13525542, bChange = 0.00137702, totNum = 5
ROUND = 3725, SUM = 13525542, bChange = 0.00137703, totNum = 5
ROUND = 3726, SUM = 13525542, bChange = 0.00137704, totNum = 5
ROUND = 3727, SUM = 13525542, bChange = 0.00137705, totNum = 5
ROUND = 3728, SUM = 13525542, bChange = 0.00137706, totNum = 5
ROUND = 3729, SUM = 13525542, bChange = 0.00137707, totNum = 5
ROUND = 3730, SUM = 13525542, bChange = 0.00137708, totNum = 5
ROUND = 3731, SUM = 13525542, bChange = 0.00137709, totNum = 5
ROUND = 3732, SUM = 13525542, bChange = 0.0013771, totNum = 5
ROUND = 3733, SUM = 13525542, bChange = 0.00137711, totNum = 5
ROUND = 3734, SUM = 13525542, bChange = 0.00137712, totNum = 5
ROUND = 3735, SUM = 13525542, bChange = 0.00137713, totNum = 5
ROUND = 3736, SUM = 13525542, bChange = 0.00137714, totNum = 5
ROUND = 3737, SUM = 13525542, bChange = 0.00137715, totNum = 5
ROUND = 3738, SUM = 13525542, bChange = 0.00137716, totNum = 5
ROUND = 3739, SUM = 13525542, bChange = 0.00137717, totNum = 5
ROUND = 3740, SUM = 13525542, bChange = 0.00137718, totNum = 5
ROUND = 3741, SUM = 13525542, bChange = 0.00137719, totNum = 5
ROUND = 3742, SUM = 13525542, bChange = 0.0013772, totNum = 5
ROUND = 3743, SUM = 13525542, bChange = 0.00137721, totNum = 5
ROUND = 3744, SUM = 13525542, bChange = 0.00137722, totNum = 5
ROUND = 3745, SUM = 13525542, bChange = 0.00137723, totNum = 5
ROUND = 3746, SUM = 13525542, bChange = 0.00137724, totNum = 5
ROUND = 3747, SUM = 13525542, bChange = 0.00137725, totNum = 5
ROUND = 3748, SUM = 13525542, bChange = 0.00137726, totNum = 5
ROUND = 3749, SUM = 13525542, bChange = 0.00137727, totNum = 5
ROUND = 3750, SUM = 13525542, bChange = 0.00137728, totNum = 5
ROUND = 3751, SUM = 13525542, bChange = 0.00137729, totNum = 5
ROUND = 3752, SUM = 13525542, bChange = 0.0013773, totNum = 5
ROUND = 3753, SUM = 13525542, bChange = 0.00137731, totNum = 5
ROUND = 3754, SUM = 13525542, bChange = 0.00137732, totNum = 5
ROUND = 3755, SUM = 13525542, bChange = 0.00137733, totNum = 5
ROUND = 3756, SUM = 13525542, bChange = 0.00137734, totNum = 5
ROUND = 3757, SUM = 13525542, bChange = 0.00137735, totNum = 5
ROUND = 3758, SUM = 13525542, bChange = 0.00137736, totNum = 5
ROUND = 3759, SUM = 13525542, bChange = 0.00137737, totNum = 5
ROUND = 3760, SUM = 13525542, bChange = 0.00137738, totNum = 5
ROUND = 3761, SUM = 13525542, bChange = 0.00137739, totNum = 5
ROUND = 3762, SUM = 13525542, bChange = 0.0013774, totNum = 5
ROUND = 3763, SUM = 13525542, bChange = 0.00137741, totNum = 5
ROUND = 3764, SUM = 13525542, bChange = 0.00137742, totNum = 5
ROUND = 3765, SUM = 13525542, bChange = 0.00137743, totNum = 5
ROUND = 3766, SUM = 13525542, bChange = 0.00137744, totNum = 5
ROUND = 3767, SUM = 13525542, bChange = 0.00137745, totNum = 5
ROUND = 3768, SUM = 13525542, bChange = 0.00137745, totNum = 5
ROUND = 3769, SUM = 13525542, bChange = 0.00137746, totNum = 5
ROUND = 3770, SUM = 13525542, bChange = 0.00137747, totNum = 5
ROUND = 3771, SUM = 13525542, bChange = 0.00137748, totNum = 5
ROUND = 3772, SUM = 13525542, bChange = 0.00137749, totNum = 5
ROUND = 3773, SUM = 13525542, bChange = 0.0013775, totNum = 5
ROUND = 3774, SUM = 13525542, bChange = 0.00137751, totNum = 5
ROUND = 3775, SUM = 13525542, bChange = 0.00137752, totNum = 5
ROUND = 3776, SUM = 13525542, bChange = 0.00137753, totNum = 5
ROUND = 3777, SUM = 13525542, bChange = 0.00137754, totNum = 5
ROUND = 3778, SUM = 13525542, bChange = 0.00137755, totNum = 5
ROUND = 3779, SUM = 13525542, bChange = 0.00137756, totNum = 5
ROUND = 3780, SUM = 13525542, bChange = 0.00137757, totNum = 5
ROUND = 3781, SUM = 13525542, bChange = 0.00137758, totNum = 5
ROUND = 3782, SUM = 13525542, bChange = 0.00137759, totNum = 5
ROUND = 3783, SUM = 13525542, bChange = 0.0013776, totNum = 5
ROUND = 3784, SUM = 13525542, bChange = 0.00137761, totNum = 5
ROUND = 3785, SUM = 13525542, bChange = 0.00137762, totNum = 5
ROUND = 3786, SUM = 13525542, bChange = 0.00137762, totNum = 5
ROUND = 3787, SUM = 13525542, bChange = 0.00137763, totNum = 5
ROUND = 3788, SUM = 13525542, bChange = 0.00137764, totNum = 5
ROUND = 3789, SUM = 13525542, bChange = 0.00137765, totNum = 5
ROUND = 3790, SUM = 13525542, bChange = 0.00137766, totNum = 5
ROUND = 3791, SUM = 13525542, bChange = 0.00137767, totNum = 5
ROUND = 3792, SUM = 13525542, bChange = 0.00137768, totNum = 5
ROUND = 3793, SUM = 13525542, bChange = 0.00137769, totNum = 5
ROUND = 3794, SUM = 13525542, bChange = 0.0013777, totNum = 5
ROUND = 3795, SUM = 13525542, bChange = 0.00137771, totNum = 5
ROUND = 3796, SUM = 13525542, bChange = 0.00137772, totNum = 5
ROUND = 3797, SUM = 13525542, bChange = 0.00137773, totNum = 5
ROUND = 3798, SUM = 13525542, bChange = 0.00137774, totNum = 5
ROUND = 3799, SUM = 13525542, bChange = 0.00137775, totNum = 5
ROUND = 3800, SUM = 13525542, bChange = 0.00137775, totNum = 5
ROUND = 3801, SUM = 13525542, bChange = 0.00137776, totNum = 5
ROUND = 3802, SUM = 13525542, bChange = 0.00137777, totNum = 5
ROUND = 3803, SUM = 13525542, bChange = 0.00137778, totNum = 5
ROUND = 3804, SUM = 13525542, bChange = 0.00137779, totNum = 5
ROUND = 3805, SUM = 13525542, bChange = 0.0013778, totNum = 5
ROUND = 3806, SUM = 13525542, bChange = 0.00137781, totNum = 5
ROUND = 3807, SUM = 13525542, bChange = 0.00137782, totNum = 5
ROUND = 3808, SUM = 13525542, bChange = 0.00137783, totNum = 5
ROUND = 3809, SUM = 13525542, bChange = 0.00137784, totNum = 5
ROUND = 3810, SUM = 13525542, bChange = 0.00137785, totNum = 5
ROUND = 3811, SUM = 13525542, bChange = 0.00137785, totNum = 5
ROUND = 3812, SUM = 13525542, bChange = 0.00137786, totNum = 5
ROUND = 3813, SUM = 13525542, bChange = 0.00137787, totNum = 5
ROUND = 3814, SUM = 13525542, bChange = 0.00137788, totNum = 5
ROUND = 3815, SUM = 13525542, bChange = 0.00137789, totNum = 5
ROUND = 3816, SUM = 13525542, bChange = 0.0013779, totNum = 5
ROUND = 3817, SUM = 13525542, bChange = 0.00137791, totNum = 5
ROUND = 3818, SUM = 13525542, bChange = 0.00137792, totNum = 5
ROUND = 3819, SUM = 13525542, bChange = 0.00137793, totNum = 5
ROUND = 3820, SUM = 13525542, bChange = 0.00137793, totNum = 5
ROUND = 3821, SUM = 13525542, bChange = 0.00137794, totNum = 5
ROUND = 3822, SUM = 13525542, bChange = 0.00137795, totNum = 5
ROUND = 3823, SUM = 13525542, bChange = 0.00137796, totNum = 5
ROUND = 3824, SUM = 13525542, bChange = 0.00137797, totNum = 5
ROUND = 3825, SUM = 13525542, bChange = 0.00137798, totNum = 5
ROUND = 3826, SUM = 13525542, bChange = 0.00137799, totNum = 5
ROUND = 3827, SUM = 13525542, bChange = 0.001378, totNum = 5
ROUND = 3828, SUM = 13525542, bChange = 0.00137801, totNum = 5
ROUND = 3829, SUM = 13525542, bChange = 0.00137801, totNum = 5
ROUND = 3830, SUM = 13525542, bChange = 0.00137802, totNum = 5
ROUND = 3831, SUM = 13525542, bChange = 0.00137803, totNum = 5
ROUND = 3832, SUM = 13525542, bChange = 0.00137804, totNum = 5
ROUND = 3833, SUM = 13525542, bChange = 0.00137805, totNum = 5
ROUND = 3834, SUM = 13525542, bChange = 0.00137806, totNum = 5
ROUND = 3835, SUM = 13525542, bChange = 0.00137807, totNum = 5
ROUND = 3836, SUM = 13525542, bChange = 0.00137808, totNum = 5
ROUND = 3837, SUM = 13525542, bChange = 0.00137808, totNum = 5
ROUND = 3838, SUM = 13525542, bChange = 0.00137809, totNum = 5
ROUND = 3839, SUM = 13525542, bChange = 0.0013781, totNum = 5
ROUND = 3840, SUM = 13525542, bChange = 0.00137811, totNum = 5
ROUND = 3841, SUM = 13525542, bChange = 0.00137812, totNum = 5
ROUND = 3842, SUM = 13525542, bChange = 0.00137813, totNum = 5
ROUND = 3843, SUM = 13525542, bChange = 0.00137814, totNum = 5
ROUND = 3844, SUM = 13525542, bChange = 0.00137815, totNum = 5
ROUND = 3845, SUM = 13525542, bChange = 0.00137815, totNum = 5
ROUND = 3846, SUM = 13525542, bChange = 0.00137816, totNum = 5
ROUND = 3847, SUM = 13525542, bChange = 0.00137817, totNum = 5
ROUND = 3848, SUM = 13525542, bChange = 0.00137818, totNum = 5
ROUND = 3849, SUM = 13525542, bChange = 0.00137819, totNum = 5
ROUND = 3850, SUM = 13525542, bChange = 0.0013782, totNum = 5
ROUND = 3851, SUM = 13525542, bChange = 0.00137821, totNum = 5
ROUND = 3852, SUM = 13525542, bChange = 0.00137821, totNum = 5
ROUND = 3853, SUM = 13525542, bChange = 0.00137822, totNum = 5
ROUND = 3854, SUM = 13525542, bChange = 0.00137823, totNum = 5
ROUND = 3855, SUM = 13525542, bChange = 0.00137824, totNum = 5
ROUND = 3856, SUM = 13525542, bChange = 0.00137825, totNum = 5
ROUND = 3857, SUM = 13525542, bChange = 0.00137826, totNum = 5
ROUND = 3858, SUM = 13525542, bChange = 0.00137826, totNum = 5
ROUND = 3859, SUM = 13525542, bChange = 0.00137827, totNum = 5
ROUND = 3860, SUM = 13525542, bChange = 0.00137828, totNum = 5
ROUND = 3861, SUM = 13525542, bChange = 0.00137829, totNum = 5
ROUND = 3862, SUM = 13525542, bChange = 0.0013783, totNum = 5
ROUND = 3863, SUM = 13525542, bChange = 0.00137831, totNum = 5
ROUND = 3864, SUM = 13525542, bChange = 0.00137832, totNum = 5
ROUND = 3865, SUM = 13525542, bChange = 0.00137832, totNum = 5
ROUND = 3866, SUM = 13525542, bChange = 0.00137833, totNum = 5
ROUND = 3867, SUM = 13525542, bChange = 0.00137834, totNum = 5
ROUND = 3868, SUM = 13525542, bChange = 0.00137835, totNum = 5
ROUND = 3869, SUM = 13525542, bChange = 0.00137836, totNum = 5
ROUND = 3870, SUM = 13525542, bChange = 0.00137837, totNum = 5
ROUND = 3871, SUM = 13525542, bChange = 0.00137837, totNum = 5
ROUND = 3872, SUM = 13525542, bChange = 0.00137838, totNum = 5
ROUND = 3873, SUM = 13525542, bChange = 0.00137839, totNum = 5
ROUND = 3874, SUM = 13525542, bChange = 0.0013784, totNum = 5
ROUND = 3875, SUM = 13525542, bChange = 0.00137841, totNum = 5
ROUND = 3876, SUM = 13525542, bChange = 0.00137842, totNum = 5
ROUND = 3877, SUM = 13525542, bChange = 0.00137842, totNum = 5
ROUND = 3878, SUM = 13525542, bChange = 0.00137843, totNum = 5
ROUND = 3879, SUM = 13525542, bChange = 0.00137844, totNum = 5
ROUND = 3880, SUM = 13525542, bChange = 0.00137845, totNum = 5
ROUND = 3881, SUM = 13525542, bChange = 0.00137846, totNum = 5
ROUND = 3882, SUM = 13525542, bChange = 0.00137846, totNum = 5
ROUND = 3883, SUM = 13525542, bChange = 0.00137847, totNum = 5
ROUND = 3884, SUM = 13525542, bChange = 0.00137848, totNum = 5
ROUND = 3885, SUM = 13525542, bChange = 0.00137849, totNum = 5
ROUND = 3886, SUM = 13525542, bChange = 0.0013785, totNum = 5
ROUND = 3887, SUM = 13525542, bChange = 0.00137851, totNum = 5
ROUND = 3888, SUM = 13525542, bChange = 0.00137851, totNum = 5
ROUND = 3889, SUM = 13525542, bChange = 0.00137852, totNum = 5
ROUND = 3890, SUM = 13525542, bChange = 0.00137853, totNum = 5
ROUND = 3891, SUM = 13525542, bChange = 0.00137854, totNum = 5
ROUND = 3892, SUM = 13525542, bChange = 0.00137855, totNum = 5
ROUND = 3893, SUM = 13525542, bChange = 0.00137855, totNum = 5
ROUND = 3894, SUM = 13525542, bChange = 0.00137856, totNum = 5
ROUND = 3895, SUM = 13525542, bChange = 0.00137857, totNum = 5
ROUND = 3896, SUM = 13525542, bChange = 0.00137858, totNum = 5
ROUND = 3897, SUM = 13525542, bChange = 0.00137859, totNum = 5
ROUND = 3898, SUM = 13525542, bChange = 0.00137859, totNum = 5
ROUND = 3899, SUM = 13525542, bChange = 0.0013786, totNum = 5
ROUND = 3900, SUM = 13525542, bChange = 0.00137861, totNum = 5
ROUND = 3901, SUM = 13525542, bChange = 0.00137862, totNum = 5
ROUND = 3902, SUM = 13525542, bChange = 0.00137863, totNum = 5
ROUND = 3903, SUM = 13525542, bChange = 0.00137863, totNum = 5
ROUND = 3904, SUM = 13525542, bChange = 0.00137864, totNum = 5
ROUND = 3905, SUM = 13525542, bChange = 0.00137865, totNum = 5
ROUND = 3906, SUM = 13525542, bChange = 0.00137866, totNum = 5
ROUND = 3907, SUM = 13525542, bChange = 0.00137867, totNum = 5
ROUND = 3908, SUM = 13525542, bChange = 0.00137867, totNum = 5
ROUND = 3909, SUM = 13525542, bChange = 0.00137868, totNum = 5
ROUND = 3910, SUM = 13525542, bChange = 0.00137869, totNum = 5
ROUND = 3911, SUM = 13525542, bChange = 0.0013787, totNum = 5
ROUND = 3912, SUM = 13525542, bChange = 0.00137871, totNum = 5
ROUND = 3913, SUM = 13525542, bChange = 0.00137871, totNum = 5
ROUND = 3914, SUM = 13525542, bChange = 0.00137872, totNum = 5
ROUND = 3915, SUM = 13525542, bChange = 0.00137873, totNum = 5
ROUND = 3916, SUM = 13525542, bChange = 0.00137874, totNum = 5
ROUND = 3917, SUM = 13525542, bChange = 0.00137874, totNum = 5
ROUND = 3918, SUM = 13525542, bChange = 0.00137875, totNum = 5
ROUND = 3919, SUM = 13525542, bChange = 0.00137876, totNum = 5
ROUND = 3920, SUM = 13525542, bChange = 0.00137877, totNum = 5
ROUND = 3921, SUM = 13525542, bChange = 0.00137878, totNum = 5
ROUND = 3922, SUM = 13525542, bChange = 0.00137878, totNum = 5
ROUND = 3923, SUM = 13525542, bChange = 0.00137879, totNum = 5
ROUND = 3924, SUM = 13525542, bChange = 0.0013788, totNum = 5
ROUND = 3925, SUM = 13525542, bChange = 0.00137881, totNum = 5
ROUND = 3926, SUM = 13525542, bChange = 0.00137881, totNum = 5
ROUND = 3927, SUM = 13525542, bChange = 0.00137882, totNum = 5
ROUND = 3928, SUM = 13525542, bChange = 0.00137883, totNum = 5
ROUND = 3929, SUM = 13525542, bChange = 0.00137884, totNum = 5
ROUND = 3930, SUM = 13525542, bChange = 0.00137884, totNum = 5
ROUND = 3931, SUM = 13525542, bChange = 0.00137885, totNum = 5
ROUND = 3932, SUM = 13525542, bChange = 0.00137886, totNum = 5
ROUND = 3933, SUM = 13525542, bChange = 0.00137887, totNum = 5
ROUND = 3934, SUM = 13525542, bChange = 0.00137888, totNum = 5
ROUND = 3935, SUM = 13525542, bChange = 0.00137888, totNum = 5
ROUND = 3936, SUM = 13525542, bChange = 0.00137889, totNum = 5
ROUND = 3937, SUM = 13525542, bChange = 0.0013789, totNum = 5
ROUND = 3938, SUM = 13525542, bChange = 0.00137891, totNum = 5
ROUND = 3939, SUM = 13525542, bChange = 0.00137891, totNum = 5
ROUND = 3940, SUM = 13525542, bChange = 0.00137892, totNum = 5
ROUND = 3941, SUM = 13525542, bChange = 0.00137893, totNum = 5
ROUND = 3942, SUM = 13525542, bChange = 0.00137894, totNum = 5
ROUND = 3943, SUM = 13525542, bChange = 0.00137894, totNum = 5
ROUND = 3944, SUM = 13525542, bChange = 0.00137895, totNum = 5
ROUND = 3945, SUM = 13525542, bChange = 0.00137896, totNum = 5
ROUND = 3946, SUM = 13525542, bChange = 0.00137897, totNum = 5
ROUND = 3947, SUM = 13525542, bChange = 0.00137897, totNum = 5
ROUND = 3948, SUM = 13525542, bChange = 0.00137898, totNum = 5
ROUND = 3949, SUM = 13525542, bChange = 0.00137899, totNum = 5
ROUND = 3950, SUM = 13525542, bChange = 0.001379, totNum = 5
ROUND = 3951, SUM = 13525542, bChange = 0.001379, totNum = 5
ROUND = 3952, SUM = 13525542, bChange = 0.00137901, totNum = 5
ROUND = 3953, SUM = 13525542, bChange = 0.00137902, totNum = 5
ROUND = 3954, SUM = 13525542, bChange = 0.00137903, totNum = 5
ROUND = 3955, SUM = 13525542, bChange = 0.00137903, totNum = 5
ROUND = 3956, SUM = 13525542, bChange = 0.00137904, totNum = 5
ROUND = 3957, SUM = 13525542, bChange = 0.00137905, totNum = 5
ROUND = 3958, SUM = 13525542, bChange = 0.00137906, totNum = 5
ROUND = 3959, SUM = 13525542, bChange = 0.00137906, totNum = 5
ROUND = 3960, SUM = 13525542, bChange = 0.00137907, totNum = 5
ROUND = 3961, SUM = 13525542, bChange = 0.00137908, totNum = 5
ROUND = 3962, SUM = 13525542, bChange = 0.00137908, totNum = 5
ROUND = 3963, SUM = 13525542, bChange = 0.00137909, totNum = 5
ROUND = 3964, SUM = 13525542, bChange = 0.0013791, totNum = 5
ROUND = 3965, SUM = 13525542, bChange = 0.00137911, totNum = 5
ROUND = 3966, SUM = 13525542, bChange = 0.00137911, totNum = 5
ROUND = 3967, SUM = 13525542, bChange = 0.00137912, totNum = 5
ROUND = 3968, SUM = 13525542, bChange = 0.00137913, totNum = 5
ROUND = 3969, SUM = 13525542, bChange = 0.00137914, totNum = 5
ROUND = 3970, SUM = 13525542, bChange = 0.00137914, totNum = 5
ROUND = 3971, SUM = 13525542, bChange = 0.00137915, totNum = 5
ROUND = 3972, SUM = 13525542, bChange = 0.00137916, totNum = 5
ROUND = 3973, SUM = 13525542, bChange = 0.00137916, totNum = 5
ROUND = 3974, SUM = 13525542, bChange = 0.00137917, totNum = 5
ROUND = 3975, SUM = 13525542, bChange = 0.00137918, totNum = 5
ROUND = 3976, SUM = 13525542, bChange = 0.00137919, totNum = 5
ROUND = 3977, SUM = 13525542, bChange = 0.00137919, totNum = 5
ROUND = 3978, SUM = 13525542, bChange = 0.0013792, totNum = 5
ROUND = 3979, SUM = 13525542, bChange = 0.00137921, totNum = 5
ROUND = 3980, SUM = 13525542, bChange = 0.00137922, totNum = 5
ROUND = 3981, SUM = 13525542, bChange = 0.00137922, totNum = 5
ROUND = 3982, SUM = 13525542, bChange = 0.00137923, totNum = 5
ROUND = 3983, SUM = 13525542, bChange = 0.00137924, totNum = 5
ROUND = 3984, SUM = 13525542, bChange = 0.00137924, totNum = 5
ROUND = 3985, SUM = 13525542, bChange = 0.00137925, totNum = 5
ROUND = 3986, SUM = 13525542, bChange = 0.00137926, totNum = 5
ROUND = 3987, SUM = 13525542, bChange = 0.00137926, totNum = 5
ROUND = 3988, SUM = 13525542, bChange = 0.00137927, totNum = 5
ROUND = 3989, SUM = 13525542, bChange = 0.00137928, totNum = 5
ROUND = 3990, SUM = 13525542, bChange = 0.00137929, totNum = 5
ROUND = 3991, SUM = 13525542, bChange = 0.00137929, totNum = 5
ROUND = 3992, SUM = 13525542, bChange = 0.0013793, totNum = 5
ROUND = 3993, SUM = 13525542, bChange = 0.00137931, totNum = 5
ROUND = 3994, SUM = 13525542, bChange = 0.00137931, totNum = 5
ROUND = 3995, SUM = 13525542, bChange = 0.00137932, totNum = 5
ROUND = 3996, SUM = 13525542, bChange = 0.00137933, totNum = 5
ROUND = 3997, SUM = 13525542, bChange = 0.00137934, totNum = 5
ROUND = 3998, SUM = 13525542, bChange = 0.00137934, totNum = 5
ROUND = 3999, SUM = 13525542, bChange = 0.00137935, totNum = 5
ROUND = 4000, SUM = 13525542, bChange = 0.00137936, totNum = 5
ROUND = 4001, SUM = 13525542, bChange = 0.00137936, totNum = 5
ROUND = 4002, SUM = 13525542, bChange = 0.00137937, totNum = 5
ROUND = 4003, SUM = 13525542, bChange = 0.00137938, totNum = 5
ROUND = 4004, SUM = 13525542, bChange = 0.00137938, totNum = 5
ROUND = 4005, SUM = 13525542, bChange = 0.00137939, totNum = 5
ROUND = 4006, SUM = 13525542, bChange = 0.0013794, totNum = 5
ROUND = 4007, SUM = 13525542, bChange = 0.0013794, totNum = 4
ROUND = 4008, SUM = 13525542, bChange = 0.00137941, totNum = 4
ROUND = 4009, SUM = 13525542, bChange = 0.00137942, totNum = 4
ROUND = 4010, SUM = 13525542, bChange = 0.00137943, totNum = 4
ROUND = 4011, SUM = 13525542, bChange = 0.00137943, totNum = 4
ROUND = 4012, SUM = 13525542, bChange = 0.00137944, totNum = 4
ROUND = 4013, SUM = 13525542, bChange = 0.00137945, totNum = 4
ROUND = 4014, SUM = 13525542, bChange = 0.00137945, totNum = 4
ROUND = 4015, SUM = 13525542, bChange = 0.00137946, totNum = 4
ROUND = 4016, SUM = 13525542, bChange = 0.00137947, totNum = 4
ROUND = 4017, SUM = 13525542, bChange = 0.00137947, totNum = 4
ROUND = 4018, SUM = 13525542, bChange = 0.00137948, totNum = 4
ROUND = 4019, SUM = 13525542, bChange = 0.00137949, totNum = 4
ROUND = 4020, SUM = 13525542, bChange = 0.00137949, totNum = 4
ROUND = 4021, SUM = 13525542, bChange = 0.0013795, totNum = 4
ROUND = 4022, SUM = 13525542, bChange = 0.00137951, totNum = 4
ROUND = 4023, SUM = 13525542, bChange = 0.00137951, totNum = 4
ROUND = 4024, SUM = 13525542, bChange = 0.00137952, totNum = 4
ROUND = 4025, SUM = 13525542, bChange = 0.00137953, totNum = 4
ROUND = 4026, SUM = 13525542, bChange = 0.00137953, totNum = 4
ROUND = 4027, SUM = 13525542, bChange = 0.00137954, totNum = 4
ROUND = 4028, SUM = 13525542, bChange = 0.00137955, totNum = 4
ROUND = 4029, SUM = 13525542, bChange = 0.00137955, totNum = 4
ROUND = 4030, SUM = 13525542, bChange = 0.00137956, totNum = 4
ROUND = 4031, SUM = 13525542, bChange = 0.00137957, totNum = 4
ROUND = 4032, SUM = 13525542, bChange = 0.00137957, totNum = 4
ROUND = 4033, SUM = 13525542, bChange = 0.00137958, totNum = 4
ROUND = 4034, SUM = 13525542, bChange = 0.00137959, totNum = 4
ROUND = 4035, SUM = 13525542, bChange = 0.00137959, totNum = 4
ROUND = 4036, SUM = 13525542, bChange = 0.0013796, totNum = 4
ROUND = 4037, SUM = 13525542, bChange = 0.00137961, totNum = 4
ROUND = 4038, SUM = 13525542, bChange = 0.00137961, totNum = 4
ROUND = 4039, SUM = 13525542, bChange = 0.00137962, totNum = 4
ROUND = 4040, SUM = 13525542, bChange = 0.00137963, totNum = 4
ROUND = 4041, SUM = 13525542, bChange = 0.00137963, totNum = 4
ROUND = 4042, SUM = 13525542, bChange = 0.00137964, totNum = 4
ROUND = 4043, SUM = 13525542, bChange = 0.00137965, totNum = 4
ROUND = 4044, SUM = 13525542, bChange = 0.00126849, totNum = 3
ROUND = 4045, SUM = 13525542, bChange = 0.00126849, totNum = 3
ROUND = 4046, SUM = 13525542, bChange = 0.00126849, totNum = 3
ROUND = 4047, SUM = 13525542, bChange = 0.0012685, totNum = 3
ROUND = 4048, SUM = 13525542, bChange = 0.0012685, totNum = 3
ROUND = 4049, SUM = 13525542, bChange = 0.00126851, totNum = 3
ROUND = 4050, SUM = 13525542, bChange = 0.00126851, totNum = 3
ROUND = 4051, SUM = 13525542, bChange = 0.00126852, totNum = 3
ROUND = 4052, SUM = 13525542, bChange = 0.00126852, totNum = 3
ROUND = 4053, SUM = 13525542, bChange = 0.00126852, totNum = 3
ROUND = 4054, SUM = 13525542, bChange = 0.00126853, totNum = 3
ROUND = 4055, SUM = 13525542, bChange = 0.00126853, totNum = 3
ROUND = 4056, SUM = 13525542, bChange = 0.00126854, totNum = 3
ROUND = 4057, SUM = 13525542, bChange = 0.00126854, totNum = 3
ROUND = 4058, SUM = 13525542, bChange = 0.00126855, totNum = 3
ROUND = 4059, SUM = 13525542, bChange = 0.00126855, totNum = 3
ROUND = 4060, SUM = 13525542, bChange = 0.00126856, totNum = 3
ROUND = 4061, SUM = 13525542, bChange = 0.00126856, totNum = 3
ROUND = 4062, SUM = 13525542, bChange = 0.00126856, totNum = 3
ROUND = 4063, SUM = 13525542, bChange = 0.00126857, totNum = 3
ROUND = 4064, SUM = 13525542, bChange = 0.00126857, totNum = 3
ROUND = 4065, SUM = 13525542, bChange = 0.00126858, totNum = 3
ROUND = 4066, SUM = 13525542, bChange = 0.00126858, totNum = 3
ROUND = 4067, SUM = 13525542, bChange = 0.00126859, totNum = 3
ROUND = 4068, SUM = 13525542, bChange = 0.00126859, totNum = 3
ROUND = 4069, SUM = 13525542, bChange = 0.00126859, totNum = 3
ROUND = 4070, SUM = 13525542, bChange = 0.0012686, totNum = 3
ROUND = 4071, SUM = 13525542, bChange = 0.0012686, totNum = 3
ROUND = 4072, SUM = 13525542, bChange = 0.00126861, totNum = 3
ROUND = 4073, SUM = 13525542, bChange = 0.00126861, totNum = 3
ROUND = 4074, SUM = 13525542, bChange = 0.00126862, totNum = 3
ROUND = 4075, SUM = 13525542, bChange = 0.00126862, totNum = 3
ROUND = 4076, SUM = 13525542, bChange = 0.00126862, totNum = 3
ROUND = 4077, SUM = 13525542, bChange = 0.00126863, totNum = 3
ROUND = 4078, SUM = 13525542, bChange = 0.00126863, totNum = 3
ROUND = 4079, SUM = 13525542, bChange = 0.00126864, totNum = 3
ROUND = 4080, SUM = 13525542, bChange = 0.00126864, totNum = 3
ROUND = 4081, SUM = 13525542, bChange = 0.00126864, totNum = 3
ROUND = 4082, SUM = 13525542, bChange = 0.00126865, totNum = 3
ROUND = 4083, SUM = 13525542, bChange = 0.00126865, totNum = 3
ROUND = 4084, SUM = 13525542, bChange = 0.00126866, totNum = 3
ROUND = 4085, SUM = 13525542, bChange = 0.00126866, totNum = 3
ROUND = 4086, SUM = 13525542, bChange = 0.00126867, totNum = 3
ROUND = 4087, SUM = 13525542, bChange = 0.00126867, totNum = 3
ROUND = 4088, SUM = 13525542, bChange = 0.00126867, totNum = 3
ROUND = 4089, SUM = 13525542, bChange = 0.00126868, totNum = 3
ROUND = 4090, SUM = 13525542, bChange = 0.00126868, totNum = 3
ROUND = 4091, SUM = 13525542, bChange = 0.00126869, totNum = 3
ROUND = 4092, SUM = 13525542, bChange = 0.00126869, totNum = 3
ROUND = 4093, SUM = 13525542, bChange = 0.00126869, totNum = 3
ROUND = 4094, SUM = 13525542, bChange = 0.0012687, totNum = 3
ROUND = 4095, SUM = 13525542, bChange = 0.0012687, totNum = 3
ROUND = 4096, SUM = 13525542, bChange = 0.00126871, totNum = 3
ROUND = 4097, SUM = 13525542, bChange = 0.00126871, totNum = 3
ROUND = 4098, SUM = 13525542, bChange = 0.00126872, totNum = 3
ROUND = 4099, SUM = 13525542, bChange = 0.00126872, totNum = 3
ROUND = 4100, SUM = 13525542, bChange = 0.00126872, totNum = 3
ROUND = 4101, SUM = 13525542, bChange = 0.00126873, totNum = 3
ROUND = 4102, SUM = 13525542, bChange = 0.00126873, totNum = 3
ROUND = 4103, SUM = 13525542, bChange = 0.00126874, totNum = 3
ROUND = 4104, SUM = 13525542, bChange = 0.00126874, totNum = 3
ROUND = 4105, SUM = 13525542, bChange = 0.00126874, totNum = 3
ROUND = 4106, SUM = 13525542, bChange = 0.00126875, totNum = 3
ROUND = 4107, SUM = 13525542, bChange = 0.00126875, totNum = 3
ROUND = 4108, SUM = 13525542, bChange = 0.00126876, totNum = 3
ROUND = 4109, SUM = 13525542, bChange = 0.00126876, totNum = 3
ROUND = 4110, SUM = 13525542, bChange = 0.00126876, totNum = 3
ROUND = 4111, SUM = 13525542, bChange = 0.00126877, totNum = 3
ROUND = 4112, SUM = 13525542, bChange = 0.00126877, totNum = 3
ROUND = 4113, SUM = 13525542, bChange = 0.00126878, totNum = 3
ROUND = 4114, SUM = 13525542, bChange = 0.00126878, totNum = 3
ROUND = 4115, SUM = 13525542, bChange = 0.00126878, totNum = 3
ROUND = 4116, SUM = 13525542, bChange = 0.00126879, totNum = 3
ROUND = 4117, SUM = 13525542, bChange = 0.00126879, totNum = 3
ROUND = 4118, SUM = 13525542, bChange = 0.0012688, totNum = 3
ROUND = 4119, SUM = 13525542, bChange = 0.0012688, totNum = 3
ROUND = 4120, SUM = 13525542, bChange = 0.0012688, totNum = 3
ROUND = 4121, SUM = 13525542, bChange = 0.00126881, totNum = 3
ROUND = 4122, SUM = 13525542, bChange = 0.00126881, totNum = 3
ROUND = 4123, SUM = 13525542, bChange = 0.00126882, totNum = 3
ROUND = 4124, SUM = 13525542, bChange = 0.00126882, totNum = 3
ROUND = 4125, SUM = 13525542, bChange = 0.00126882, totNum = 3
ROUND = 4126, SUM = 13525542, bChange = 0.00126883, totNum = 3
ROUND = 4127, SUM = 13525542, bChange = 0.00126883, totNum = 3
ROUND = 4128, SUM = 13525542, bChange = 0.00126884, totNum = 3
ROUND = 4129, SUM = 13525542, bChange = 0.00126884, totNum = 3
ROUND = 4130, SUM = 13525542, bChange = 0.00126884, totNum = 3
ROUND = 4131, SUM = 13525542, bChange = 0.00126885, totNum = 3
ROUND = 4132, SUM = 13525542, bChange = 0.00126885, totNum = 3
ROUND = 4133, SUM = 13525542, bChange = 0.00126886, totNum = 3
ROUND = 4134, SUM = 13525542, bChange = 0.00126886, totNum = 3
ROUND = 4135, SUM = 13525542, bChange = 0.00126886, totNum = 3
ROUND = 4136, SUM = 13525542, bChange = 0.00126887, totNum = 3
ROUND = 4137, SUM = 13525542, bChange = 0.00126887, totNum = 3
ROUND = 4138, SUM = 13525542, bChange = 0.00126888, totNum = 3
ROUND = 4139, SUM = 13525542, bChange = 0.00126888, totNum = 3
ROUND = 4140, SUM = 13525542, bChange = 0.00126888, totNum = 3
ROUND = 4141, SUM = 13525542, bChange = 0.00126889, totNum = 3
ROUND = 4142, SUM = 13525542, bChange = 0.00126889, totNum = 3
ROUND = 4143, SUM = 13525542, bChange = 0.00126889, totNum = 3
ROUND = 4144, SUM = 13525542, bChange = 0.0012689, totNum = 3
ROUND = 4145, SUM = 13525542, bChange = 0.0012689, totNum = 3
ROUND = 4146, SUM = 13525542, bChange = 0.00126891, totNum = 3
ROUND = 4147, SUM = 13525542, bChange = 0.00126891, totNum = 3
ROUND = 4148, SUM = 13525542, bChange = 0.00126891, totNum = 3
ROUND = 4149, SUM = 13525542, bChange = 0.00126892, totNum = 3
ROUND = 4150, SUM = 13525542, bChange = 0.00126892, totNum = 3
ROUND = 4151, SUM = 13525542, bChange = 0.00126893, totNum = 3
ROUND = 4152, SUM = 13525542, bChange = 0.00126893, totNum = 3
ROUND = 4153, SUM = 13525542, bChange = 0.00126893, totNum = 3
ROUND = 4154, SUM = 13525542, bChange = 0.00126894, totNum = 3
ROUND = 4155, SUM = 13525542, bChange = 0.00126894, totNum = 3
ROUND = 4156, SUM = 13525542, bChange = 0.00126894, totNum = 3
ROUND = 4157, SUM = 13525542, bChange = 0.00126895, totNum = 3
ROUND = 4158, SUM = 13525542, bChange = 0.00126895, totNum = 3
ROUND = 4159, SUM = 13525542, bChange = 0.00126896, totNum = 3
ROUND = 4160, SUM = 13525542, bChange = 0.00126896, totNum = 3
ROUND = 4161, SUM = 13525542, bChange = 0.00126896, totNum = 3
ROUND = 4162, SUM = 13525542, bChange = 0.00126897, totNum = 3
ROUND = 4163, SUM = 13525542, bChange = 0.00126897, totNum = 3
ROUND = 4164, SUM = 13525542, bChange = 0.00126898, totNum = 3
ROUND = 4165, SUM = 13525542, bChange = 0.00126898, totNum = 3
ROUND = 4166, SUM = 13525542, bChange = 0.00126898, totNum = 3
ROUND = 4167, SUM = 13525542, bChange = 0.00126899, totNum = 3
ROUND = 4168, SUM = 13525542, bChange = 0.00126899, totNum = 3
ROUND = 4169, SUM = 13525542, bChange = 0.00126899, totNum = 3
ROUND = 4170, SUM = 13525542, bChange = 0.001269, totNum = 3
ROUND = 4171, SUM = 13525542, bChange = 0.001269, totNum = 3
ROUND = 4172, SUM = 13525542, bChange = 0.00126901, totNum = 3
ROUND = 4173, SUM = 13525542, bChange = 0.00126901, totNum = 3
ROUND = 4174, SUM = 13525542, bChange = 0.00126901, totNum = 3
ROUND = 4175, SUM = 13525542, bChange = 0.00126902, totNum = 3
ROUND = 4176, SUM = 13525542, bChange = 0.00126902, totNum = 3
ROUND = 4177, SUM = 13525542, bChange = 0.00126902, totNum = 3
ROUND = 4178, SUM = 13525542, bChange = 0.00126903, totNum = 3
ROUND = 4179, SUM = 13525542, bChange = 0.00126903, totNum = 3
ROUND = 4180, SUM = 13525542, bChange = 0.00126903, totNum = 3
ROUND = 4181, SUM = 13525542, bChange = 0.00126904, totNum = 3
ROUND = 4182, SUM = 13525542, bChange = 0.00126904, totNum = 3
ROUND = 4183, SUM = 13525542, bChange = 0.00126905, totNum = 3
ROUND = 4184, SUM = 13525542, bChange = 0.00126905, totNum = 3
ROUND = 4185, SUM = 13525542, bChange = 0.00126905, totNum = 3
ROUND = 4186, SUM = 13525542, bChange = 0.00126906, totNum = 3
ROUND = 4187, SUM = 13525542, bChange = 0.00126906, totNum = 3
ROUND = 4188, SUM = 13525542, bChange = 0.00126906, totNum = 3
ROUND = 4189, SUM = 13525542, bChange = 0.00126907, totNum = 3
ROUND = 4190, SUM = 13525542, bChange = 0.00126907, totNum = 3
ROUND = 4191, SUM = 13525542, bChange = 0.00126908, totNum = 3
ROUND = 4192, SUM = 13525542, bChange = 0.00126908, totNum = 3
ROUND = 4193, SUM = 13525542, bChange = 0.00126908, totNum = 3
ROUND = 4194, SUM = 13525542, bChange = 0.00126909, totNum = 3
ROUND = 4195, SUM = 13525542, bChange = 0.00126909, totNum = 3
ROUND = 4196, SUM = 13525542, bChange = 0.00126909, totNum = 3
ROUND = 4197, SUM = 13525542, bChange = 0.0012691, totNum = 3
ROUND = 4198, SUM = 13525542, bChange = 0.0012691, totNum = 3
ROUND = 4199, SUM = 13525542, bChange = 0.0012691, totNum = 3
ROUND = 4200, SUM = 13525542, bChange = 0.00126911, totNum = 3
ROUND = 4201, SUM = 13525542, bChange = 0.00126911, totNum = 3
ROUND = 4202, SUM = 13525542, bChange = 0.00126912, totNum = 3
ROUND = 4203, SUM = 13525542, bChange = 0.00126912, totNum = 3
ROUND = 4204, SUM = 13525542, bChange = 0.00126912, totNum = 3
ROUND = 4205, SUM = 13525542, bChange = 0.00126913, totNum = 3
ROUND = 4206, SUM = 13525542, bChange = 0.00126913, totNum = 3
ROUND = 4207, SUM = 13525542, bChange = 0.00126913, totNum = 3
ROUND = 4208, SUM = 13525542, bChange = 0.00126914, totNum = 3
ROUND = 4209, SUM = 13525542, bChange = 0.00126914, totNum = 3
ROUND = 4210, SUM = 13525542, bChange = 0.00126914, totNum = 3
ROUND = 4211, SUM = 13525542, bChange = 0.00126915, totNum = 3
ROUND = 4212, SUM = 13525542, bChange = 0.00126915, totNum = 3
ROUND = 4213, SUM = 13525542, bChange = 0.00126915, totNum = 3
ROUND = 4214, SUM = 13525542, bChange = 0.00126916, totNum = 3
ROUND = 4215, SUM = 13525542, bChange = 0.00126916, totNum = 3
ROUND = 4216, SUM = 13525542, bChange = 0.00126917, totNum = 3
ROUND = 4217, SUM = 13525542, bChange = 0.00126917, totNum = 3
ROUND = 4218, SUM = 13525542, bChange = 0.00126917, totNum = 3
ROUND = 4219, SUM = 13525542, bChange = 0.00126918, totNum = 3
ROUND = 4220, SUM = 13525542, bChange = 0.00126918, totNum = 3
ROUND = 4221, SUM = 13525542, bChange = 0.00126918, totNum = 3
ROUND = 4222, SUM = 13525542, bChange = 0.00126919, totNum = 3
ROUND = 4223, SUM = 13525542, bChange = 0.00126919, totNum = 3
ROUND = 4224, SUM = 13525542, bChange = 0.00126919, totNum = 3
ROUND = 4225, SUM = 13525542, bChange = 0.0012692, totNum = 3
ROUND = 4226, SUM = 13525542, bChange = 0.0012692, totNum = 3
ROUND = 4227, SUM = 13525542, bChange = 0.0012692, totNum = 3
ROUND = 4228, SUM = 13525542, bChange = 0.00126921, totNum = 3
ROUND = 4229, SUM = 13525542, bChange = 0.00126921, totNum = 3
ROUND = 4230, SUM = 13525542, bChange = 0.00126921, totNum = 3
ROUND = 4231, SUM = 13525542, bChange = 0.00126922, totNum = 3
ROUND = 4232, SUM = 13525542, bChange = 0.00126922, totNum = 3
ROUND = 4233, SUM = 13525542, bChange = 0.00126922, totNum = 3
ROUND = 4234, SUM = 13525542, bChange = 0.00126923, totNum = 3
ROUND = 4235, SUM = 13525542, bChange = 0.00126923, totNum = 3
ROUND = 4236, SUM = 13525542, bChange = 0.00126923, totNum = 3
ROUND = 4237, SUM = 13525542, bChange = 0.00126924, totNum = 3
ROUND = 4238, SUM = 13525542, bChange = 0.00126924, totNum = 3
ROUND = 4239, SUM = 13525542, bChange = 0.00126925, totNum = 3
ROUND = 4240, SUM = 13525542, bChange = 0.00126925, totNum = 3
ROUND = 4241, SUM = 13525542, bChange = 0.00126925, totNum = 3
ROUND = 4242, SUM = 13525542, bChange = 0.00126926, totNum = 3
ROUND = 4243, SUM = 13525542, bChange = 0.00126926, totNum = 3
ROUND = 4244, SUM = 13525542, bChange = 0.00126926, totNum = 3
ROUND = 4245, SUM = 13525542, bChange = 0.00126927, totNum = 3
ROUND = 4246, SUM = 13525542, bChange = 0.00126927, totNum = 3
ROUND = 4247, SUM = 13525542, bChange = 0.00126927, totNum = 3
ROUND = 4248, SUM = 13525542, bChange = 0.00126928, totNum = 3
ROUND = 4249, SUM = 13525542, bChange = 0.00126928, totNum = 3
ROUND = 4250, SUM = 13525542, bChange = 0.00126928, totNum = 3
ROUND = 4251, SUM = 13525542, bChange = 0.00126929, totNum = 3
ROUND = 4252, SUM = 13525542, bChange = 0.00126929, totNum = 3
ROUND = 4253, SUM = 13525542, bChange = 0.00126929, totNum = 3
ROUND = 4254, SUM = 13525542, bChange = 0.0012693, totNum = 3
ROUND = 4255, SUM = 13525542, bChange = 0.0012693, totNum = 3
ROUND = 4256, SUM = 13525542, bChange = 0.0012693, totNum = 3
ROUND = 4257, SUM = 13525542, bChange = 0.00126931, totNum = 3
ROUND = 4258, SUM = 13525542, bChange = 0.00126931, totNum = 3
ROUND = 4259, SUM = 13525542, bChange = 0.00126931, totNum = 3
ROUND = 4260, SUM = 13525542, bChange = 0.00126932, totNum = 3
ROUND = 4261, SUM = 13525542, bChange = 0.00126932, totNum = 3
ROUND = 4262, SUM = 13525542, bChange = 0.00126932, totNum = 3
ROUND = 4263, SUM = 13525542, bChange = 0.00126933, totNum = 3
ROUND = 4264, SUM = 13525542, bChange = 0.00126933, totNum = 3
ROUND = 4265, SUM = 13525542, bChange = 0.00126933, totNum = 3
ROUND = 4266, SUM = 13525542, bChange = 0.00126934, totNum = 3
ROUND = 4267, SUM = 13525542, bChange = 0.00126934, totNum = 3
ROUND = 4268, SUM = 13525542, bChange = 0.00126934, totNum = 3
ROUND = 4269, SUM = 13525542, bChange = 0.00126935, totNum = 3
ROUND = 4270, SUM = 13525542, bChange = 0.00126935, totNum = 3
ROUND = 4271, SUM = 13525542, bChange = 0.00126935, totNum = 3
ROUND = 4272, SUM = 13525542, bChange = 0.00126936, totNum = 3
ROUND = 4273, SUM = 13525542, bChange = 0.00126936, totNum = 3
ROUND = 4274, SUM = 13525542, bChange = 0.00126936, totNum = 3
ROUND = 4275, SUM = 13525542, bChange = 0.00126937, totNum = 3
ROUND = 4276, SUM = 13525542, bChange = 0.00126937, totNum = 3
ROUND = 4277, SUM = 13525542, bChange = 0.00126937, totNum = 3
ROUND = 4278, SUM = 13525542, bChange = 0.00126938, totNum = 3
ROUND = 4279, SUM = 13525542, bChange = 0.00126938, totNum = 3
ROUND = 4280, SUM = 13525542, bChange = 0.00126938, totNum = 3
ROUND = 4281, SUM = 13525542, bChange = 0.00126939, totNum = 3
ROUND = 4282, SUM = 13525542, bChange = 0.00126939, totNum = 3
ROUND = 4283, SUM = 13525542, bChange = 0.00126939, totNum = 3
ROUND = 4284, SUM = 13525542, bChange = 0.0012694, totNum = 3
ROUND = 4285, SUM = 13525542, bChange = 0.0012694, totNum = 3
ROUND = 4286, SUM = 13525542, bChange = 0.0012694, totNum = 3
ROUND = 4287, SUM = 13525542, bChange = 0.0012694, totNum = 3
ROUND = 4288, SUM = 13525542, bChange = 0.00126941, totNum = 3
ROUND = 4289, SUM = 13525542, bChange = 0.00126941, totNum = 3
ROUND = 4290, SUM = 13525542, bChange = 0.00126941, totNum = 3
ROUND = 4291, SUM = 13525542, bChange = 0.00126942, totNum = 3
ROUND = 4292, SUM = 13525542, bChange = 0.00126942, totNum = 3
ROUND = 4293, SUM = 13525542, bChange = 0.00126942, totNum = 3
ROUND = 4294, SUM = 13525542, bChange = 0.00126943, totNum = 3
ROUND = 4295, SUM = 13525542, bChange = 0.00126943, totNum = 3
ROUND = 4296, SUM = 13525542, bChange = 0.00126943, totNum = 3
ROUND = 4297, SUM = 13525542, bChange = 0.00126944, totNum = 3
ROUND = 4298, SUM = 13525542, bChange = 0.00126944, totNum = 3
ROUND = 4299, SUM = 13525542, bChange = 0.00126944, totNum = 3
ROUND = 4300, SUM = 13525542, bChange = 0.00126945, totNum = 3
ROUND = 4301, SUM = 13525542, bChange = 0.00126945, totNum = 3
ROUND = 4302, SUM = 13525542, bChange = 0.00126945, totNum = 3
ROUND = 4303, SUM = 13525542, bChange = 0.00126946, totNum = 3
ROUND = 4304, SUM = 13525542, bChange = 0.00126946, totNum = 3
ROUND = 4305, SUM = 13525542, bChange = 0.00126946, totNum = 3
ROUND = 4306, SUM = 13525542, bChange = 0.00126947, totNum = 3
ROUND = 4307, SUM = 13525542, bChange = 0.00126947, totNum = 3
ROUND = 4308, SUM = 13525542, bChange = 0.00126947, totNum = 3
ROUND = 4309, SUM = 13525542, bChange = 0.00126947, totNum = 3
ROUND = 4310, SUM = 13525542, bChange = 0.00126948, totNum = 3
ROUND = 4311, SUM = 13525542, bChange = 0.00126948, totNum = 3
ROUND = 4312, SUM = 13525542, bChange = 0.00126948, totNum = 3
ROUND = 4313, SUM = 13525542, bChange = 0.00126949, totNum = 3
ROUND = 4314, SUM = 13525542, bChange = 0.00126949, totNum = 3
ROUND = 4315, SUM = 13525542, bChange = 0.00126949, totNum = 3
ROUND = 4316, SUM = 13525542, bChange = 0.0012695, totNum = 3
ROUND = 4317, SUM = 13525542, bChange = 0.0012695, totNum = 3
ROUND = 4318, SUM = 13525542, bChange = 0.0012695, totNum = 3
ROUND = 4319, SUM = 13525542, bChange = 0.00126951, totNum = 3
ROUND = 4320, SUM = 13525542, bChange = 0.00126951, totNum = 3
ROUND = 4321, SUM = 13525542, bChange = 0.00126951, totNum = 3
ROUND = 4322, SUM = 13525542, bChange = 0.00126952, totNum = 3
ROUND = 4323, SUM = 13525542, bChange = 0.00126952, totNum = 3
ROUND = 4324, SUM = 13525542, bChange = 0.00126952, totNum = 3
ROUND = 4325, SUM = 13525542, bChange = 0.00126952, totNum = 3
ROUND = 4326, SUM = 13525542, bChange = 0.00126953, totNum = 3
ROUND = 4327, SUM = 13525542, bChange = 0.00126953, totNum = 3
ROUND = 4328, SUM = 13525542, bChange = 0.00126953, totNum = 3
ROUND = 4329, SUM = 13525542, bChange = 0.00126954, totNum = 3
ROUND = 4330, SUM = 13525542, bChange = 0.00126954, totNum = 3
ROUND = 4331, SUM = 13525542, bChange = 0.00126954, totNum = 3
ROUND = 4332, SUM = 13525542, bChange = 0.00126955, totNum = 3
ROUND = 4333, SUM = 13525542, bChange = 0.00126955, totNum = 3
ROUND = 4334, SUM = 13525542, bChange = 0.00126955, totNum = 3
ROUND = 4335, SUM = 13525542, bChange = 0.00126956, totNum = 3
ROUND = 4336, SUM = 13525542, bChange = 0.00126956, totNum = 3
ROUND = 4337, SUM = 13525542, bChange = 0.00126956, totNum = 3
ROUND = 4338, SUM = 13525542, bChange = 0.00126956, totNum = 3
ROUND = 4339, SUM = 13525542, bChange = 0.00126957, totNum = 3
ROUND = 4340, SUM = 13525542, bChange = 0.00126957, totNum = 3
ROUND = 4341, SUM = 13525542, bChange = 0.00126957, totNum = 3
ROUND = 4342, SUM = 13525542, bChange = 0.00126958, totNum = 3
ROUND = 4343, SUM = 13525542, bChange = 0.00126958, totNum = 3
ROUND = 4344, SUM = 13525542, bChange = 0.00126958, totNum = 3
ROUND = 4345, SUM = 13525542, bChange = 0.00126959, totNum = 3
ROUND = 4346, SUM = 13525542, bChange = 0.00126959, totNum = 3
ROUND = 4347, SUM = 13525542, bChange = 0.00126959, totNum = 3
ROUND = 4348, SUM = 13525542, bChange = 0.00126959, totNum = 3
ROUND = 4349, SUM = 13525542, bChange = 0.0012696, totNum = 3
ROUND = 4350, SUM = 13525542, bChange = 0.0012696, totNum = 3
ROUND = 4351, SUM = 13525542, bChange = 0.0012696, totNum = 3
ROUND = 4352, SUM = 13525542, bChange = 0.00126961, totNum = 3
ROUND = 4353, SUM = 13525542, bChange = 0.00126961, totNum = 3
ROUND = 4354, SUM = 13525542, bChange = 0.00126961, totNum = 3
ROUND = 4355, SUM = 13525542, bChange = 0.00126962, totNum = 3
ROUND = 4356, SUM = 13525542, bChange = 0.00126962, totNum = 3
ROUND = 4357, SUM = 13525542, bChange = 0.00126962, totNum = 3
ROUND = 4358, SUM = 13525542, bChange = 0.00126962, totNum = 3
ROUND = 4359, SUM = 13525542, bChange = 0.00126963, totNum = 3
ROUND = 4360, SUM = 13525542, bChange = 0.00126963, totNum = 3
ROUND = 4361, SUM = 13525542, bChange = 0.00126963, totNum = 3
ROUND = 4362, SUM = 13525542, bChange = 0.00126964, totNum = 3
ROUND = 4363, SUM = 13525542, bChange = 0.00126964, totNum = 3
ROUND = 4364, SUM = 13525542, bChange = 0.00126964, totNum = 3
ROUND = 4365, SUM = 13525542, bChange = 0.00126964, totNum = 3
ROUND = 4366, SUM = 13525542, bChange = 0.00126965, totNum = 3
ROUND = 4367, SUM = 13525542, bChange = 0.00126965, totNum = 3
ROUND = 4368, SUM = 13525542, bChange = 0.00126965, totNum = 3
ROUND = 4369, SUM = 13525542, bChange = 0.00126966, totNum = 3
ROUND = 4370, SUM = 13525542, bChange = 0.00126966, totNum = 3
ROUND = 4371, SUM = 13525542, bChange = 0.00126966, totNum = 3
ROUND = 4372, SUM = 13525542, bChange = 0.00126966, totNum = 3
ROUND = 4373, SUM = 13525542, bChange = 0.00126967, totNum = 3
ROUND = 4374, SUM = 13525542, bChange = 0.00126967, totNum = 3
ROUND = 4375, SUM = 13525542, bChange = 0.00126967, totNum = 3
ROUND = 4376, SUM = 13525542, bChange = 0.00126968, totNum = 3
ROUND = 4377, SUM = 13525542, bChange = 0.00126968, totNum = 3
ROUND = 4378, SUM = 13525542, bChange = 0.00126968, totNum = 3
ROUND = 4379, SUM = 13525542, bChange = 0.00126968, totNum = 3
ROUND = 4380, SUM = 13525542, bChange = 0.00126969, totNum = 3
ROUND = 4381, SUM = 13525542, bChange = 0.00126969, totNum = 3
ROUND = 4382, SUM = 13525542, bChange = 0.00126969, totNum = 3
ROUND = 4383, SUM = 13525542, bChange = 0.0012697, totNum = 3
ROUND = 4384, SUM = 13525542, bChange = 0.0012697, totNum = 3
ROUND = 4385, SUM = 13525542, bChange = 0.0012697, totNum = 3
ROUND = 4386, SUM = 13525542, bChange = 0.0012697, totNum = 3
ROUND = 4387, SUM = 13525542, bChange = 0.00126971, totNum = 3
ROUND = 4388, SUM = 13525542, bChange = 0.00126971, totNum = 3
ROUND = 4389, SUM = 13525542, bChange = 0.00126971, totNum = 3
ROUND = 4390, SUM = 13525542, bChange = 0.00126972, totNum = 3
ROUND = 4391, SUM = 13525542, bChange = 0.00126972, totNum = 3
ROUND = 4392, SUM = 13525542, bChange = 0.00126972, totNum = 3
ROUND = 4393, SUM = 13525542, bChange = 0.00126972, totNum = 3
ROUND = 4394, SUM = 13525542, bChange = 0.00126973, totNum = 3
ROUND = 4395, SUM = 13525542, bChange = 0.00126973, totNum = 3
ROUND = 4396, SUM = 13525542, bChange = 0.00126973, totNum = 2
ROUND = 4397, SUM = 13525542, bChange = 0.00126974, totNum = 2
ROUND = 4398, SUM = 13525542, bChange = 0.00126974, totNum = 2
ROUND = 4399, SUM = 13525542, bChange = 0.00126974, totNum = 2
ROUND = 4400, SUM = 13525542, bChange = 0.00126974, totNum = 2
ROUND = 4401, SUM = 13525542, bChange = 0.00126975, totNum = 2
ROUND = 4402, SUM = 13525542, bChange = 0.00126975, totNum = 2
ROUND = 4403, SUM = 13525542, bChange = 0.00126975, totNum = 2
ROUND = 4404, SUM = 13525542, bChange = 0.00126976, totNum = 2
ROUND = 4405, SUM = 13525542, bChange = 0.00126976, totNum = 2
ROUND = 4406, SUM = 13525542, bChange = 0.00126976, totNum = 2
ROUND = 4407, SUM = 13525542, bChange = 0.00126976, totNum = 2
ROUND = 4408, SUM = 13525542, bChange = 0.00126977, totNum = 2
ROUND = 4409, SUM = 13525542, bChange = 0.00126977, totNum = 2
ROUND = 4410, SUM = 13525542, bChange = 0.00126977, totNum = 2
ROUND = 4411, SUM = 13525542, bChange = 0.00126977, totNum = 2
ROUND = 4412, SUM = 13525542, bChange = 0.00126978, totNum = 2
ROUND = 4413, SUM = 13525542, bChange = 0.00126978, totNum = 2
ROUND = 4414, SUM = 13525542, bChange = 0.00126978, totNum = 2
ROUND = 4415, SUM = 13525542, bChange = 0.00126979, totNum = 2
ROUND = 4416, SUM = 13525542, bChange = 0.00126979, totNum = 2
ROUND = 4417, SUM = 13525542, bChange = 0.00126979, totNum = 2
ROUND = 4418, SUM = 13525542, bChange = 0.00126979, totNum = 2
ROUND = 4419, SUM = 13525542, bChange = 0.0012698, totNum = 2
ROUND = 4420, SUM = 13525542, bChange = 0.0012698, totNum = 2
ROUND = 4421, SUM = 13525542, bChange = 0.0012698, totNum = 2
ROUND = 4422, SUM = 13525542, bChange = 0.00126981, totNum = 2
ROUND = 4423, SUM = 13525542, bChange = 0.00126981, totNum = 2
ROUND = 4424, SUM = 13525542, bChange = 0.00126981, totNum = 2
ROUND = 4425, SUM = 13525542, bChange = 0.00126981, totNum = 2
ROUND = 4426, SUM = 13525542, bChange = 0.00126982, totNum = 2
ROUND = 4427, SUM = 13525542, bChange = 0.00126982, totNum = 2
ROUND = 4428, SUM = 13525542, bChange = 0.00126982, totNum = 2
ROUND = 4429, SUM = 13525542, bChange = 0.00126982, totNum = 2
ROUND = 4430, SUM = 13525542, bChange = 0.00126983, totNum = 2
ROUND = 4431, SUM = 13525542, bChange = 0.00126983, totNum = 2
ROUND = 4432, SUM = 13525542, bChange = 0.00126983, totNum = 2
ROUND = 4433, SUM = 13525542, bChange = 0.00126983, totNum = 2
ROUND = 4434, SUM = 13525542, bChange = 0.00126984, totNum = 2
ROUND = 4435, SUM = 13525542, bChange = 0.00126984, totNum = 2
ROUND = 4436, SUM = 13525542, bChange = 0.00126984, totNum = 2
ROUND = 4437, SUM = 13525542, bChange = 0.00126985, totNum = 2
ROUND = 4438, SUM = 13525542, bChange = 0.00126985, totNum = 2
ROUND = 4439, SUM = 13525542, bChange = 0.00126985, totNum = 2
ROUND = 4440, SUM = 13525542, bChange = 0.00126985, totNum = 2
ROUND = 4441, SUM = 13525542, bChange = 0.00126986, totNum = 2
ROUND = 4442, SUM = 13525542, bChange = 0.00126986, totNum = 2
ROUND = 4443, SUM = 13525542, bChange = 0.00126986, totNum = 2
ROUND = 4444, SUM = 13525542, bChange = 0.00126986, totNum = 2
ROUND = 4445, SUM = 13525542, bChange = 0.00126987, totNum = 2
ROUND = 4446, SUM = 13525542, bChange = 0.00126987, totNum = 2
ROUND = 4447, SUM = 13525542, bChange = 0.00126987, totNum = 2
ROUND = 4448, SUM = 13525542, bChange = 0.00126987, totNum = 2
ROUND = 4449, SUM = 13525542, bChange = 0.00126988, totNum = 2
ROUND = 4450, SUM = 13525542, bChange = 0.00126988, totNum = 2
ROUND = 4451, SUM = 13525542, bChange = 0.00126988, totNum = 2
ROUND = 4452, SUM = 13525542, bChange = 0.00126989, totNum = 2
ROUND = 4453, SUM = 13525542, bChange = 0.00126989, totNum = 2
ROUND = 4454, SUM = 13525542, bChange = 0.00126989, totNum = 2
ROUND = 4455, SUM = 13525542, bChange = 0.00126989, totNum = 2
ROUND = 4456, SUM = 13525542, bChange = 0.0012699, totNum = 2
ROUND = 4457, SUM = 13525542, bChange = 0.0012699, totNum = 2
ROUND = 4458, SUM = 13525542, bChange = 0.0012699, totNum = 2
ROUND = 4459, SUM = 13525542, bChange = 0.0012699, totNum = 2
ROUND = 4460, SUM = 13525542, bChange = 0.00126991, totNum = 2
ROUND = 4461, SUM = 13525542, bChange = 0.00126991, totNum = 2
ROUND = 4462, SUM = 13525542, bChange = 0.00126991, totNum = 2
ROUND = 4463, SUM = 13525542, bChange = 0.00126991, totNum = 1
ROUND = 4464, SUM = 13525542, bChange = 0.00126992, totNum = 1
ROUND = 4465, SUM = 13525542, bChange = 0.00126992, totNum = 1
ROUND = 4466, SUM = 13525542, bChange = 0.00126992, totNum = 1
ROUND = 4467, SUM = 13525542, bChange = 0.00126992, totNum = 1
ROUND = 4468, SUM = 13525542, bChange = 0.00126993, totNum = 1
ROUND = 4469, SUM = 13525542, bChange = 0.00126993, totNum = 1
ROUND = 4470, SUM = 13525542, bChange = 0.00126993, totNum = 1
ROUND = 4471, SUM = 13525542, bChange = 0.00126993, totNum = 1
ROUND = 4472, SUM = 13525542, bChange = 0.00126994, totNum = 1
ROUND = 4473, SUM = 13525542, bChange = 0.00126994, totNum = 1
ROUND = 4474, SUM = 13525542, bChange = 0.00126994, totNum = 1
ROUND = 4475, SUM = 13525542, bChange = 0.00126994, totNum = 1
ROUND = 4476, SUM = 13525542, bChange = 0.00126995, totNum = 1
ROUND = 4477, SUM = 13525542, bChange = 0.00126995, totNum = 1
ROUND = 4478, SUM = 13525542, bChange = 0.00126995, totNum = 1
ROUND = 4479, SUM = 13525542, bChange = 0.00126995, totNum = 1
ROUND = 4480, SUM = 13525542, bChange = 0.00126996, totNum = 1
ROUND = 4481, SUM = 13525542, bChange = 0.00126996, totNum = 1
ROUND = 4482, SUM = 13525542, bChange = 0.00126996, totNum = 1
ROUND = 4483, SUM = 13525542, bChange = 0.00126996, totNum = 1
ROUND = 4484, SUM = 13525542, bChange = 0.00126997, totNum = 1
ROUND = 4485, SUM = 13525542, bChange = 0.00126997, totNum = 1
ROUND = 4486, SUM = 13525542, bChange = 0.00126997, totNum = 1
ROUND = 4487, SUM = 13525542, bChange = 0.00126997, totNum = 1
ROUND = 4488, SUM = 13525542, bChange = 0.00126998, totNum = 1
ROUND = 4489, SUM = 13525542, bChange = 0.00126998, totNum = 1
ROUND = 4490, SUM = 13525542, bChange = 0.00126998, totNum = 1
ROUND = 4491, SUM = 13525542, bChange = 0.00126998, totNum = 1
ROUND = 4492, SUM = 13525542, bChange = 0.00126999, totNum = 1
ROUND = 4493, SUM = 13525542, bChange = 0.00126999, totNum = 1
ROUND = 4494, SUM = 13525542, bChange = 0.00126999, totNum = 1
ROUND = 4495, SUM = 13525542, bChange = 0.00126999, totNum = 1
ROUND = 4496, SUM = 13525542, bChange = 0.00127, totNum = 1
ROUND = 4497, SUM = 13525542, bChange = 0.00127, totNum = 1
ROUND = 4498, SUM = 13525542, bChange = 0.00127, totNum = 1
ROUND = 4499, SUM = 13525542, bChange = 0.00127, totNum = 1
ROUND = 4500, SUM = 13525542, bChange = 0.00127001, totNum = 1
ROUND = 4501, SUM = 13525542, bChange = 0.00127001, totNum = 1
ROUND = 4502, SUM = 13525542, bChange = 0.00127001, totNum = 1
ROUND = 4503, SUM = 13525542, bChange = 0.00127001, totNum = 1
ROUND = 4504, SUM = 13525542, bChange = 0.00127002, totNum = 1
ROUND = 4505, SUM = 13525542, bChange = 0.00127002, totNum = 1
ROUND = 4506, SUM = 13525542, bChange = 0.00127002, totNum = 1
ROUND = 4507, SUM = 13525542, bChange = 0.00127002, totNum = 1
ROUND = 4508, SUM = 13525542, bChange = 0.00127003, totNum = 1
ROUND = 4509, SUM = 13525542, bChange = 0.00127003, totNum = 1
ROUND = 4510, SUM = 13525542, bChange = 0.00127003, totNum = 1
ROUND = 4511, SUM = 13525542, bChange = 0.00127003, totNum = 1
ROUND = 4512, SUM = 13525542, bChange = 0.00127004, totNum = 1
ROUND = 4513, SUM = 13525542, bChange = 0.00127004, totNum = 1
ROUND = 4514, SUM = 13525542, bChange = 0.00127004, totNum = 1
ROUND = 4515, SUM = 13525542, bChange = 0.00127004, totNum = 1
ROUND = 4516, SUM = 13525542, bChange = 0.00127005, totNum = 1
ROUND = 4517, SUM = 13525542, bChange = 0.00127005, totNum = 1
ROUND = 4518, SUM = 13525542, bChange = 0.00127005, totNum = 1
ROUND = 4519, SUM = 13525542, bChange = 0.00127005, totNum = 1
ROUND = 4520, SUM = 13525542, bChange = 0.00127006, totNum = 1
ROUND = 4521, SUM = 13525542, bChange = 0.00127006, totNum = 1
ROUND = 4522, SUM = 13525542, bChange = 0.00127006, totNum = 1
ROUND = 4523, SUM = 13525542, bChange = 0.00127006, totNum = 1
ROUND = 4524, SUM = 13525542, bChange = 0.00127006, totNum = 1
ROUND = 4525, SUM = 13525542, bChange = 0.00127007, totNum = 1
ROUND = 4526, SUM = 13525542, bChange = 0.00127007, totNum = 1
ROUND = 4527, SUM = 13525542, bChange = 0.00127007, totNum = 1
ROUND = 4528, SUM = 13525542, bChange = 0.00127007, totNum = 1
ROUND = 4529, SUM = 13525542, bChange = 0.00127008, totNum = 1
ROUND = 4530, SUM = 13525542, bChange = 0.00127008, totNum = 1
ROUND = 4531, SUM = 13525542, bChange = 0.00127008, totNum = 1
ROUND = 4532, SUM = 13525542, bChange = 0.00127008, totNum = 1
ROUND = 4533, SUM = 13525542, bChange = 0.00127009, totNum = 1
ROUND = 4534, SUM = 13525542, bChange = 0.00127009, totNum = 1
ROUND = 4535, SUM = 13525542, bChange = 0.00127009, totNum = 1
ROUND = 4536, SUM = 13525542, bChange = 0.00127009, totNum = 1
ROUND = 4537, SUM = 13525542, bChange = 0.0012701, totNum = 1
ROUND = 4538, SUM = 13525542, bChange = 0.0012701, totNum = 1
ROUND = 4539, SUM = 13525542, bChange = 0.0012701, totNum = 1
ROUND = 4540, SUM = 13525542, bChange = 0.0012701, totNum = 1
ROUND = 4541, SUM = 13525542, bChange = 0.0012701, totNum = 1
ROUND = 4542, SUM = 13525542, bChange = 0.00127011, totNum = 1
ROUND = 4543, SUM = 13525542, bChange = 0.00127011, totNum = 1
ROUND = 4544, SUM = 13525542, bChange = 0.00127011, totNum = 1
ROUND = 4545, SUM = 13525542, bChange = 0.00127011, totNum = 1
ROUND = 4546, SUM = 13525542, bChange = 0.00127012, totNum = 1
ROUND = 4547, SUM = 13525542, bChange = 0.00127012, totNum = 1
ROUND = 4548, SUM = 13525542, bChange = 0.00127012, totNum = 1
ROUND = 4549, SUM = 13525542, bChange = 0.00127012, totNum = 1
ROUND = 4550, SUM = 13525542, bChange = 0.00127013, totNum = 1
ROUND = 4551, SUM = 13525542, bChange = 0.00127013, totNum = 1
ROUND = 4552, SUM = 13525542, bChange = 0.00127013, totNum = 1
ROUND = 4553, SUM = 13525542, bChange = 0.00127013, totNum = 1
ROUND = 4554, SUM = 13525542, bChange = 0.00127014, totNum = 1
ROUND = 4555, SUM = 13525542, bChange = 0.00127014, totNum = 1
ROUND = 4556, SUM = 13525542, bChange = 0.00127014, totNum = 1
ROUND = 4557, SUM = 13525542, bChange = 0.00127014, totNum = 1
ROUND = 4558, SUM = 13525542, bChange = 0.00127014, totNum = 1
ROUND = 4559, SUM = 13525542, bChange = 0.00127015, totNum = 1
ROUND = 4560, SUM = 13525542, bChange = 0.00127015, totNum = 1
ROUND = 4561, SUM = 13525542, bChange = 0.00127015, totNum = 1
ROUND = 4562, SUM = 13525542, bChange = 0.00127015, totNum = 1
ROUND = 4563, SUM = 13525542, bChange = 0.00127016, totNum = 1
ROUND = 4564, SUM = 13525542, bChange = 0.00127016, totNum = 1
ROUND = 4565, SUM = 13525542, bChange = 0.00127016, totNum = 1
ROUND = 4566, SUM = 13525542, bChange = 0.00127016, totNum = 1
ROUND = 4567, SUM = 13525542, bChange = 0.00127016, totNum = 1
ROUND = 4568, SUM = 13525542, bChange = 0.00127017, totNum = 1
ROUND = 4569, SUM = 13525542, bChange = 0.00127017, totNum = 1
ROUND = 4570, SUM = 13525542, bChange = 0.00127017, totNum = 1
ROUND = 4571, SUM = 13525542, bChange = 0.00127017, totNum = 1
ROUND = 4572, SUM = 13525542, bChange = 0.00127018, totNum = 1
ROUND = 4573, SUM = 13525542, bChange = 0.00127018, totNum = 1
ROUND = 4574, SUM = 13525542, bChange = 0.00127018, totNum = 1
ROUND = 4575, SUM = 13525542, bChange = 0.00127018, totNum = 1
ROUND = 4576, SUM = 13525542, bChange = 0.00127018, totNum = 1
ROUND = 4577, SUM = 13525542, bChange = 0.00127019, totNum = 1
ROUND = 4578, SUM = 13525542, bChange = 0.00127019, totNum = 1
ROUND = 4579, SUM = 13525542, bChange = 0.00127019, totNum = 1
ROUND = 4580, SUM = 13525542, bChange = 0.00127019, totNum = 1
ROUND = 4581, SUM = 13525542, bChange = 0.0012702, totNum = 1
ROUND = 4582, SUM = 13525542, bChange = 0.0012702, totNum = 1
ROUND = 4583, SUM = 13525542, bChange = 0.0012702, totNum = 1
ROUND = 4584, SUM = 13525542, bChange = 0.0012702, totNum = 1
ROUND = 4585, SUM = 13525542, bChange = 0.0012702, totNum = 1
ROUND = 4586, SUM = 13525542, bChange = 0.00127021, totNum = 1
ROUND = 4587, SUM = 13525542, bChange = 0.00127021, totNum = 1
ROUND = 4588, SUM = 13525542, bChange = 0.00127021, totNum = 1
ROUND = 4589, SUM = 13525542, bChange = 0.00127021, totNum = 1
ROUND = 4590, SUM = 13525542, bChange = 0.00127022, totNum = 1
ROUND = 4591, SUM = 13525542, bChange = 0.00127022, totNum = 1
ROUND = 4592, SUM = 13525542, bChange = 0.00127022, totNum = 1
ROUND = 4593, SUM = 13525542, bChange = 0.00127022, totNum = 1
ROUND = 4594, SUM = 13525542, bChange = 0.00127022, totNum = 1
ROUND = 4595, SUM = 13525542, bChange = 0.00127023, totNum = 1
ROUND = 4596, SUM = 13525542, bChange = 0.00127023, totNum = 1
ROUND = 4597, SUM = 13525542, bChange = 0.00127023, totNum = 1
ROUND = 4598, SUM = 13525542, bChange = 0.00127023, totNum = 1
ROUND = 4599, SUM = 13525542, bChange = 0.00127024, totNum = 1
ROUND = 4600, SUM = 13525542, bChange = 0.00127024, totNum = 1
ROUND = 4601, SUM = 13525542, bChange = 0.00127024, totNum = 1
ROUND = 4602, SUM = 13525542, bChange = 0.00127024, totNum = 1
ROUND = 4603, SUM = 13525542, bChange = 0.00127024, totNum = 1
ROUND = 4604, SUM = 13525542, bChange = 0.00127025, totNum = 1
ROUND = 4605, SUM = 13525542, bChange = 0.00127025, totNum = 1
ROUND = 4606, SUM = 13525542, bChange = 0.00127025, totNum = 1
ROUND = 4607, SUM = 13525542, bChange = 0.00127025, totNum = 1
ROUND = 4608, SUM = 13525542, bChange = 0.00127025, totNum = 1
ROUND = 4609, SUM = 13525542, bChange = 0.00127026, totNum = 1
ROUND = 4610, SUM = 13525542, bChange = 0.00127026, totNum = 1
ROUND = 4611, SUM = 13525542, bChange = 0.00127026, totNum = 1
ROUND = 4612, SUM = 13525542, bChange = 0.00127026, totNum = 1
ROUND = 4613, SUM = 13525542, bChange = 0.00127027, totNum = 1
ROUND = 4614, SUM = 13525542, bChange = 0.00127027, totNum = 1
ROUND = 4615, SUM = 13525542, bChange = 0.00127027, totNum = 1
ROUND = 4616, SUM = 13525542, bChange = 0.00127027, totNum = 1
ROUND = 4617, SUM = 13525542, bChange = 0.00127027, totNum = 1
ROUND = 4618, SUM = 13525542, bChange = 0.00127028, totNum = 1
ROUND = 4619, SUM = 13525542, bChange = 0.00127028, totNum = 1
ROUND = 4620, SUM = 13525542, bChange = 0.00127028, totNum = 1
ROUND = 4621, SUM = 13525542, bChange = 0.00127028, totNum = 1
ROUND = 4622, SUM = 13525542, bChange = 0.00127028, totNum = 1
ROUND = 4623, SUM = 13525542, bChange = 0.00127029, totNum = 1
ROUND = 4624, SUM = 13525542, bChange = 0.00127029, totNum = 1
ROUND = 4625, SUM = 13525542, bChange = 0.00127029, totNum = 1
ROUND = 4626, SUM = 13525542, bChange = 0.00127029, totNum = 1
ROUND = 4627, SUM = 13525542, bChange = 0.0012703, totNum = 1
ROUND = 4628, SUM = 13525542, bChange = 0.0012703, totNum = 1
ROUND = 4629, SUM = 13525542, bChange = 0.0012703, totNum = 1
ROUND = 4630, SUM = 13525542, bChange = 0.0012703, totNum = 1
ROUND = 4631, SUM = 13525542, bChange = 0.0012703, totNum = 1
ROUND = 4632, SUM = 13525542, bChange = 0.00127031, totNum = 1
ROUND = 4633, SUM = 13525542, bChange = 0.00127031, totNum = 1
ROUND = 4634, SUM = 13525542, bChange = 0.00127031, totNum = 1
ROUND = 4635, SUM = 13525542, bChange = 0.00127031, totNum = 1
ROUND = 4636, SUM = 13525542, bChange = 0.00127031, totNum = 1
ROUND = 4637, SUM = 13525542, bChange = 0.00127032, totNum = 1
ROUND = 4638, SUM = 13525542, bChange = 0.00127032, totNum = 1
ROUND = 4639, SUM = 13525542, bChange = 0.00127032, totNum = 1
ROUND = 4640, SUM = 13525542, bChange = 0.00127032, totNum = 1
ROUND = 4641, SUM = 13525542, bChange = 0.00127032, totNum = 1
ROUND = 4642, SUM = 13525542, bChange = 0.00127033, totNum = 1
ROUND = 4643, SUM = 13525542, bChange = 0.00127033, totNum = 1
ROUND = 4644, SUM = 13525542, bChange = 0.00127033, totNum = 1
ROUND = 4645, SUM = 13525542, bChange = 0.00127033, totNum = 1
ROUND = 4646, SUM = 13525542, bChange = 0.00127033, totNum = 1
ROUND = 4647, SUM = 13525542, bChange = 0.00127034, totNum = 1
ROUND = 4648, SUM = 13525542, bChange = 0.00127034, totNum = 1
ROUND = 4649, SUM = 13525542, bChange = 0.00127034, totNum = 1
ROUND = 4650, SUM = 13525542, bChange = 0.00127034, totNum = 1
ROUND = 4651, SUM = 13525542, bChange = 0.00127034, totNum = 1
ROUND = 4652, SUM = 13525542, bChange = 0.00127035, totNum = 1
ROUND = 4653, SUM = 13525542, bChange = 0.00127035, totNum = 1
ROUND = 4654, SUM = 13525542, bChange = 0.00127035, totNum = 1
ROUND = 4655, SUM = 13525542, bChange = 0.00127035, totNum = 1
ROUND = 4656, SUM = 13525542, bChange = 0.00127035, totNum = 1
ROUND = 4657, SUM = 13525542, bChange = 0.00127036, totNum = 1
ROUND = 4658, SUM = 13525542, bChange = 0.00127036, totNum = 1
ROUND = 4659, SUM = 13525542, bChange = 0.00127036, totNum = 1
ROUND = 4660, SUM = 13525542, bChange = 0.00127036, totNum = 1
ROUND = 4661, SUM = 13525542, bChange = 0.00127036, totNum = 1
ROUND = 4662, SUM = 13525542, bChange = 0.00127037, totNum = 1
ROUND = 4663, SUM = 13525542, bChange = 0.00127037, totNum = 1
ROUND = 4664, SUM = 13525542, bChange = 0.00127037, totNum = 1
ROUND = 4665, SUM = 13525542, bChange = 0.00127037, totNum = 1
ROUND = 4666, SUM = 13525542, bChange = 0.00127037, totNum = 1
ROUND = 4667, SUM = 13525542, bChange = 0.00127038, totNum = 1
ROUND = 4668, SUM = 13525542, bChange = 0.00127038, totNum = 1
ROUND = 4669, SUM = 13525542, bChange = 0.00127038, totNum = 1
ROUND = 4670, SUM = 13525542, bChange = 0.00127038, totNum = 1
ROUND = 4671, SUM = 13525542, bChange = 0.00127038, totNum = 1
ROUND = 4672, SUM = 13525542, bChange = 0.00127039, totNum = 1
ROUND = 4673, SUM = 13525542, bChange = 0.00127039, totNum = 1
ROUND = 4674, SUM = 13525542, bChange = 0.00127039, totNum = 1
ROUND = 4675, SUM = 13525542, bChange = 0.00127039, totNum = 1
ROUND = 4676, SUM = 13525542, bChange = 0.00127039, totNum = 1
ROUND = 4677, SUM = 13525542, bChange = 0.0012704, totNum = 1
ROUND = 4678, SUM = 13525542, bChange = 0.0012704, totNum = 1
ROUND = 4679, SUM = 13525542, bChange = 0.0012704, totNum = 1
ROUND = 4680, SUM = 13525542, bChange = 0.0012704, totNum = 1
ROUND = 4681, SUM = 13525542, bChange = 0.0012704, totNum = 1
ROUND = 4682, SUM = 13525542, bChange = 0.00127041, totNum = 1
ROUND = 4683, SUM = 13525542, bChange = 0.00127041, totNum = 1
ROUND = 4684, SUM = 13525542, bChange = 0.00127041, totNum = 1
ROUND = 4685, SUM = 13525542, bChange = 0.00127041, totNum = 1
ROUND = 4686, SUM = 13525542, bChange = 0.00127041, totNum = 1
ROUND = 4687, SUM = 13525542, bChange = 0.00127042, totNum = 1
ROUND = 4688, SUM = 13525542, bChange = 0.00127042, totNum = 1
ROUND = 4689, SUM = 13525542, bChange = 0.00127042, totNum = 1
ROUND = 4690, SUM = 13525542, bChange = 0.00127042, totNum = 1
ROUND = 4691, SUM = 13525542, bChange = 0.00127042, totNum = 1
ROUND = 4692, SUM = 13525542, bChange = 0.00127043, totNum = 1
ROUND = 4693, SUM = 13525542, bChange = 0.00127043, totNum = 1
ROUND = 4694, SUM = 13525542, bChange = 0.00127043, totNum = 1
ROUND = 4695, SUM = 13525542, bChange = 0.00127043, totNum = 1
ROUND = 4696, SUM = 13525542, bChange = 0.00127043, totNum = 1
ROUND = 4697, SUM = 13525542, bChange = 0.00127044, totNum = 1
ROUND = 4698, SUM = 13525542, bChange = 0.00127044, totNum = 1
ROUND = 4699, SUM = 13525542, bChange = 0.00127044, totNum = 1
ROUND = 4700, SUM = 13525542, bChange = 0.00127044, totNum = 1
ROUND = 4701, SUM = 13525542, bChange = 0.00127044, totNum = 1
ROUND = 4702, SUM = 13525542, bChange = 0.00127044, totNum = 1
ROUND = 4703, SUM = 13525542, bChange = 0.00127045, totNum = 1
ROUND = 4704, SUM = 13525542, bChange = 0.00127045, totNum = 1
ROUND = 4705, SUM = 13525542, bChange = 0.00127045, totNum = 1
ROUND = 4706, SUM = 13525542, bChange = 0.00127045, totNum = 1
ROUND = 4707, SUM = 13525542, bChange = 0.00127045, totNum = 1
ROUND = 4708, SUM = 13525542, bChange = 0.00127046, totNum = 1
ROUND = 4709, SUM = 13525542, bChange = 0.00127046, totNum = 1
ROUND = 4710, SUM = 13525542, bChange = 0.00127046, totNum = 1
ROUND = 4711, SUM = 13525542, bChange = 0.00127046, totNum = 1
ROUND = 4712, SUM = 13525542, bChange = 0.00127046, totNum = 1
ROUND = 4713, SUM = 13525542, bChange = 0.00127047, totNum = 1
ROUND = 4714, SUM = 13525542, bChange = 0.00127047, totNum = 1
ROUND = 4715, SUM = 13525542, bChange = 0.00127047, totNum = 1
ROUND = 4716, SUM = 13525542, bChange = 0.00127047, totNum = 1
ROUND = 4717, SUM = 13525542, bChange = 0.00127047, totNum = 1
ROUND = 4718, SUM = 13525542, bChange = 0.00127047, totNum = 1
ROUND = 4719, SUM = 13525542, bChange = 0.00127048, totNum = 1
ROUND = 4720, SUM = 13525542, bChange = 0.00127048, totNum = 1
ROUND = 4721, SUM = 13525542, bChange = 0.00127048, totNum = 1
ROUND = 4722, SUM = 13525542, bChange = 0.00127048, totNum = 1
ROUND = 4723, SUM = 13525542, bChange = 0.00127048, totNum = 1
ROUND = 4724, SUM = 13525542, bChange = 0.00127049, totNum = 1
ROUND = 4725, SUM = 13525542, bChange = 0.00127049, totNum = 1
ROUND = 4726, SUM = 13525542, bChange = 0.00127049, totNum = 1
ROUND = 4727, SUM = 13525542, bChange = 0.00127049, totNum = 1
ROUND = 4728, SUM = 13525542, bChange = 0.00127049, totNum = 1
ROUND = 4729, SUM = 13525542, bChange = 0.0012705, totNum = 1
ROUND = 4730, SUM = 13525542, bChange = 0.0012705, totNum = 1
ROUND = 4731, SUM = 13525542, bChange = 0.0012705, totNum = 1
ROUND = 4732, SUM = 13525542, bChange = 0.0012705, totNum = 1
ROUND = 4733, SUM = 13525542, bChange = 0.0012705, totNum = 1
ROUND = 4734, SUM = 13525542, bChange = 0.0012705, totNum = 1
ROUND = 4735, SUM = 13525542, bChange = 0.00127051, totNum = 1
ROUND = 4736, SUM = 13525542, bChange = 0.00127051, totNum = 1
ROUND = 4737, SUM = 13525542, bChange = 0.00127051, totNum = 1
ROUND = 4738, SUM = 13525542, bChange = 0.00127051, totNum = 1
ROUND = 4739, SUM = 13525542, bChange = 0.00127051, totNum = 1
ROUND = 4740, SUM = 13525542, bChange = 0.00127052, totNum = 1
ROUND = 4741, SUM = 13525542, bChange = 0.00127052, totNum = 1
ROUND = 4742, SUM = 13525542, bChange = 0.00127052, totNum = 1
ROUND = 4743, SUM = 13525542, bChange = 0.00127052, totNum = 1
ROUND = 4744, SUM = 13525542, bChange = 0.00127052, totNum = 1
ROUND = 4745, SUM = 13525542, bChange = 0.00127052, totNum = 1
ROUND = 4746, SUM = 13525542, bChange = 0.00127053, totNum = 1
ROUND = 4747, SUM = 13525542, bChange = 0.00127053, totNum = 1
ROUND = 4748, SUM = 13525542, bChange = 0.00127053, totNum = 1
ROUND = 4749, SUM = 13525542, bChange = 0.00127053, totNum = 1
ROUND = 4750, SUM = 13525542, bChange = 0.00127053, totNum = 1
ROUND = 4751, SUM = 13525542, bChange = 0.00127053, totNum = 1
ROUND = 4752, SUM = 13525542, bChange = 0.00127054, totNum = 1
ROUND = 4753, SUM = 13525542, bChange = 0.00127054, totNum = 1
ROUND = 4754, SUM = 13525542, bChange = 0.00127054, totNum = 1
ROUND = 4755, SUM = 13525542, bChange = 0.00127054, totNum = 1
ROUND = 4756, SUM = 13525542, bChange = 0.00127054, totNum = 1
ROUND = 4757, SUM = 13525542, bChange = 0.00127055, totNum = 1
ROUND = 4758, SUM = 13525542, bChange = 0.00127055, totNum = 1
ROUND = 4759, SUM = 13525542, bChange = 0.00127055, totNum = 1
ROUND = 4760, SUM = 13525542, bChange = 0.00127055, totNum = 1
ROUND = 4761, SUM = 13525542, bChange = 0.00127055, totNum = 1
ROUND = 4762, SUM = 13525542, bChange = 0.00127055, totNum = 1
ROUND = 4763, SUM = 13525542, bChange = 0.00127056, totNum = 1
ROUND = 4764, SUM = 13525542, bChange = 0.00127056, totNum = 1
ROUND = 4765, SUM = 13525542, bChange = 0.00127056, totNum = 1
ROUND = 4766, SUM = 13525542, bChange = 0.00127056, totNum = 1
ROUND = 4767, SUM = 13525542, bChange = 0.00127056, totNum = 1
ROUND = 4768, SUM = 13525542, bChange = 0.00127056, totNum = 1
ROUND = 4769, SUM = 13525542, bChange = 0.00127057, totNum = 1
ROUND = 4770, SUM = 13525542, bChange = 0.00127057, totNum = 1
ROUND = 4771, SUM = 13525542, bChange = 0.00127057, totNum = 1
ROUND = 4772, SUM = 13525542, bChange = 0.00127057, totNum = 1
ROUND = 4773, SUM = 13525542, bChange = 0.00127057, totNum = 1
ROUND = 4774, SUM = 13525542, bChange = 0.00127058, totNum = 1
ROUND = 4775, SUM = 13525542, bChange = 0.00127058, totNum = 1
ROUND = 4776, SUM = 13525542, bChange = 0.00127058, totNum = 1
ROUND = 4777, SUM = 13525542, bChange = 0.00127058, totNum = 1
ROUND = 4778, SUM = 13525542, bChange = 0.00127058, totNum = 1
ROUND = 4779, SUM = 13525542, bChange = 0.00127058, totNum = 1
ROUND = 4780, SUM = 13525542, bChange = 0.00127059, totNum = 1
ROUND = 4781, SUM = 13525542, bChange = 0.00127059, totNum = 1
ROUND = 4782, SUM = 13525542, bChange = 0.00127059, totNum = 1
ROUND = 4783, SUM = 13525542, bChange = 0.00127059, totNum = 1
ROUND = 4784, SUM = 13525542, bChange = 0.00127059, totNum = 1
ROUND = 4785, SUM = 13525542, bChange = 0.00127059, totNum = 1
ROUND = 4786, SUM = 13525542, bChange = 0.0012706, totNum = 1
ROUND = 4787, SUM = 13525542, bChange = 0.0012706, totNum = 1
ROUND = 4788, SUM = 13525542, bChange = 0.0012706, totNum = 1
ROUND = 4789, SUM = 13525542, bChange = 0.0012706, totNum = 1
ROUND = 4790, SUM = 13525542, bChange = 0.0012706, totNum = 1
ROUND = 4791, SUM = 13525542, bChange = 0.0012706, totNum = 1
ROUND = 4792, SUM = 13525542, bChange = 0.00127061, totNum = 1
ROUND = 4793, SUM = 13525542, bChange = 0.00127061, totNum = 1
ROUND = 4794, SUM = 13525542, bChange = 0.00127061, totNum = 1
ROUND = 4795, SUM = 13525542, bChange = 0.00127061, totNum = 1
ROUND = 4796, SUM = 13525542, bChange = 0.00127061, totNum = 1
ROUND = 4797, SUM = 13525542, bChange = 0.00127061, totNum = 1
ROUND = 4798, SUM = 13525542, bChange = 0.00127062, totNum = 1
ROUND = 4799, SUM = 13525542, bChange = 0.00127062, totNum = 1
ROUND = 4800, SUM = 13525542, bChange = 0.00127062, totNum = 1
ROUND = 4801, SUM = 13525542, bChange = 0.00127062, totNum = 1
ROUND = 4802, SUM = 13525542, bChange = 0.00127062, totNum = 1
ROUND = 4803, SUM = 13525542, bChange = 0.00127062, totNum = 1
ROUND = 4804, SUM = 13525542, bChange = 0.00127063, totNum = 1
ROUND = 4805, SUM = 13525542, bChange = 0.00127063, totNum = 1
ROUND = 4806, SUM = 13525542, bChange = 0.00127063, totNum = 1
ROUND = 4807, SUM = 13525542, bChange = 0.00127063, totNum = 1
ROUND = 4808, SUM = 13525542, bChange = 0.00127063, totNum = 1
ROUND = 4809, SUM = 13525542, bChange = 0.00127063, totNum = 1
ROUND = 4810, SUM = 13525542, bChange = 0.00127064, totNum = 1
ROUND = 4811, SUM = 13525542, bChange = 0.00127064, totNum = 1
ROUND = 4812, SUM = 13525542, bChange = 0.00127064, totNum = 1
ROUND = 4813, SUM = 13525542, bChange = 0.00127064, totNum = 1
ROUND = 4814, SUM = 13525542, bChange = 0.00127064, totNum = 1
ROUND = 4815, SUM = 13525542, bChange = 0.00127064, totNum = 1
ROUND = 4816, SUM = 13525542, bChange = 0.00127065, totNum = 1
ROUND = 4817, SUM = 13525542, bChange = 0.00127065, totNum = 1
ROUND = 4818, SUM = 13525542, bChange = 0.00127065, totNum = 1
ROUND = 4819, SUM = 13525542, bChange = 0.00127065, totNum = 1
ROUND = 4820, SUM = 13525542, bChange = 0.00127065, totNum = 1
ROUND = 4821, SUM = 13525542, bChange = 0.00127065, totNum = 1
ROUND = 4822, SUM = 13525542, bChange = 0.00127066, totNum = 1
ROUND = 4823, SUM = 13525542, bChange = 0.00127066, totNum = 1
ROUND = 4824, SUM = 13525542, bChange = 0.00127066, totNum = 1
ROUND = 4825, SUM = 13525542, bChange = 0.00127066, totNum = 1
ROUND = 4826, SUM = 13525542, bChange = 0.00127066, totNum = 1
ROUND = 4827, SUM = 13525542, bChange = 0.00127066, totNum = 1
ROUND = 4828, SUM = 13525542, bChange = 0.00127067, totNum = 1
ROUND = 4829, SUM = 13525542, bChange = 0.00127067, totNum = 1
ROUND = 4830, SUM = 13525542, bChange = 0.00127067, totNum = 1
ROUND = 4831, SUM = 13525542, bChange = 0.00127067, totNum = 1
ROUND = 4832, SUM = 13525542, bChange = 0.00127067, totNum = 1
ROUND = 4833, SUM = 13525542, bChange = 0.00127067, totNum = 1
ROUND = 4834, SUM = 13525542, bChange = 0.00127068, totNum = 1
ROUND = 4835, SUM = 13525542, bChange = 0.00127068, totNum = 1
ROUND = 4836, SUM = 13525542, bChange = 0.00127068, totNum = 1
ROUND = 4837, SUM = 13525542, bChange = 0.00127068, totNum = 1
ROUND = 4838, SUM = 13525542, bChange = 0.00127068, totNum = 1
ROUND = 4839, SUM = 13525542, bChange = 0.00127068, totNum = 1
ROUND = 4840, SUM = 13525542, bChange = 0.00127069, totNum = 1
ROUND = 4841, SUM = 13525542, bChange = 0.00127069, totNum = 1
ROUND = 4842, SUM = 13525542, bChange = 0.00127069, totNum = 1
ROUND = 4843, SUM = 13525542, bChange = 0.00127069, totNum = 1
ROUND = 4844, SUM = 13525542, bChange = 0.00127069, totNum = 1
ROUND = 4845, SUM = 13525542, bChange = 0.00127069, totNum = 1
ROUND = 4846, SUM = 13525542, bChange = 0.00127069, totNum = 1
ROUND = 4847, SUM = 13525542, bChange = 0.0012707, totNum = 1
ROUND = 4848, SUM = 13525542, bChange = 0.0012707, totNum = 1
ROUND = 4849, SUM = 13525542, bChange = 0.0012707, totNum = 1
ROUND = 4850, SUM = 13525542, bChange = 0.0012707, totNum = 1
ROUND = 4851, SUM = 13525542, bChange = 0.0012707, totNum = 1
ROUND = 4852, SUM = 13525542, bChange = 0.0012707, totNum = 1
ROUND = 4853, SUM = 13525542, bChange = 0.00127071, totNum = 1
ROUND = 4854, SUM = 13525542, bChange = 0.00127071, totNum = 1
ROUND = 4855, SUM = 13525542, bChange = 0.00127071, totNum = 1
ROUND = 4856, SUM = 13525542, bChange = 0.00127071, totNum = 1
ROUND = 4857, SUM = 13525542, bChange = 0.00127071, totNum = 1
ROUND = 4858, SUM = 13525542, bChange = 0.00127071, totNum = 1
ROUND = 4859, SUM = 13525542, bChange = 0.00127072, totNum = 1
ROUND = 4860, SUM = 13525542, bChange = 0.00127072, totNum = 1
ROUND = 4861, SUM = 13525542, bChange = 0.00127072, totNum = 1
ROUND = 4862, SUM = 13525542, bChange = 0.00127072, totNum = 1
ROUND = 4863, SUM = 13525542, bChange = 0.00127072, totNum = 1
ROUND = 4864, SUM = 13525542, bChange = 0.00127072, totNum = 1
ROUND = 4865, SUM = 13525542, bChange = 0.00127072, totNum = 1
ROUND = 4866, SUM = 13525542, bChange = 0.00127073, totNum = 1
ROUND = 4867, SUM = 13525542, bChange = 0.00127073, totNum = 1
ROUND = 4868, SUM = 13525542, bChange = 0.00127073, totNum = 1
ROUND = 4869, SUM = 13525542, bChange = 0.00127073, totNum = 1
ROUND = 4870, SUM = 13525542, bChange = 0.00127073, totNum = 1
ROUND = 4871, SUM = 13525542, bChange = 0.00127073, totNum = 1
ROUND = 4872, SUM = 13525542, bChange = 0.00127074, totNum = 1
ROUND = 4873, SUM = 13525542, bChange = 0.00127074, totNum = 1
ROUND = 4874, SUM = 13525542, bChange = 0.00127074, totNum = 1
ROUND = 4875, SUM = 13525542, bChange = 0.00127074, totNum = 1
ROUND = 4876, SUM = 13525542, bChange = 0.00127074, totNum = 1
ROUND = 4877, SUM = 13525542, bChange = 0.00127074, totNum = 1
ROUND = 4878, SUM = 13525542, bChange = 0.00127074, totNum = 1
ROUND = 4879, SUM = 13525542, bChange = 0.00127075, totNum = 1
ROUND = 4880, SUM = 13525542, bChange = 0.00127075, totNum = 1
ROUND = 4881, SUM = 13525542, bChange = 0.00127075, totNum = 1
ROUND = 4882, SUM = 13525542, bChange = 0.00127075, totNum = 1
ROUND = 4883, SUM = 13525542, bChange = 0.00127075, totNum = 1
ROUND = 4884, SUM = 13525542, bChange = 0.00127075, totNum = 1
ROUND = 4885, SUM = 13525542, bChange = 0.00127075, totNum = 1
ROUND = 4886, SUM = 13525542, bChange = 0.00127076, totNum = 1
ROUND = 4887, SUM = 13525542, bChange = 0.00127076, totNum = 1
ROUND = 4888, SUM = 13525542, bChange = 0.00127076, totNum = 1
ROUND = 4889, SUM = 13525542, bChange = 0.00127076, totNum = 1
ROUND = 4890, SUM = 13525542, bChange = 0.00127076, totNum = 1
ROUND = 4891, SUM = 13525542, bChange = 0.00127076, totNum = 1
ROUND = 4892, SUM = 13525542, bChange = 0.00127077, totNum = 1
ROUND = 4893, SUM = 13525542, bChange = 0.00127077, totNum = 1
ROUND = 4894, SUM = 13525542, bChange = 0.00127077, totNum = 1
ROUND = 4895, SUM = 13525542, bChange = 0.00127077, totNum = 1
ROUND = 4896, SUM = 13525542, bChange = 0.00127077, totNum = 1
ROUND = 4897, SUM = 13525542, bChange = 0.00127077, totNum = 1
ROUND = 4898, SUM = 13525542, bChange = 0.00127077, totNum = 1
ROUND = 4899, SUM = 13525542, bChange = 0.00127078, totNum = 1
ROUND = 4900, SUM = 13525542, bChange = 0.00127078, totNum = 1
ROUND = 4901, SUM = 13525542, bChange = 0.00127078, totNum = 1
ROUND = 4902, SUM = 13525542, bChange = 0.00127078, totNum = 1
ROUND = 4903, SUM = 13525542, bChange = 0.00127078, totNum = 1
ROUND = 4904, SUM = 13525542, bChange = 0.00127078, totNum = 1
ROUND = 4905, SUM = 13525542, bChange = 0.00127078, totNum = 1
ROUND = 4906, SUM = 13525542, bChange = 0.00127079, totNum = 1
ROUND = 4907, SUM = 13525542, bChange = 0.00127079, totNum = 1
ROUND = 4908, SUM = 13525542, bChange = 0.00127079, totNum = 1
ROUND = 4909, SUM = 13525542, bChange = 0.00127079, totNum = 1
ROUND = 4910, SUM = 13525542, bChange = 0.00127079, totNum = 1
ROUND = 4911, SUM = 13525542, bChange = 0.00127079, totNum = 1
ROUND = 4912, SUM = 13525542, bChange = 0.00127079, totNum = 1
ROUND = 4913, SUM = 13525542, bChange = 0.0012708, totNum = 1
ROUND = 4914, SUM = 13525542, bChange = 0.0012708, totNum = 1
ROUND = 4915, SUM = 13525542, bChange = 0.0012708, totNum = 1
ROUND = 4916, SUM = 13525542, bChange = 0.0012708, totNum = 1
ROUND = 4917, SUM = 13525542, bChange = 0.0012708, totNum = 1
ROUND = 4918, SUM = 13525542, bChange = 0.0012708, totNum = 1
ROUND = 4919, SUM = 13525542, bChange = 0.00127081, totNum = 1
ROUND = 4920, SUM = 13525542, bChange = 0.00127081, totNum = 1
ROUND = 4921, SUM = 13525542, bChange = 0.00127081, totNum = 1
ROUND = 4922, SUM = 13525542, bChange = 0.00127081, totNum = 1
ROUND = 4923, SUM = 13525542, bChange = 0.00127081, totNum = 1
ROUND = 4924, SUM = 13525542, bChange = 0.00127081, totNum = 1
ROUND = 4925, SUM = 13525542, bChange = 0.00127081, totNum = 1
ROUND = 4926, SUM = 13525542, bChange = 0.00127082, totNum = 1
ROUND = 4927, SUM = 13525542, bChange = 0.00127082, totNum = 1
ROUND = 4928, SUM = 13525542, bChange = 0.00127082, totNum = 1
ROUND = 4929, SUM = 13525542, bChange = 0.00127082, totNum = 1
ROUND = 4930, SUM = 13525542, bChange = 0.00127082, totNum = 1
ROUND = 4931, SUM = 13525542, bChange = 0.00127082, totNum = 1
ROUND = 4932, SUM = 13525542, bChange = 0.00127082, totNum = 1
ROUND = 4933, SUM = 13525542, bChange = 0.00127083, totNum = 1
ROUND = 4934, SUM = 13525542, bChange = 0.00127083, totNum = 1
ROUND = 4935, SUM = 13525542, bChange = 0.00127083, totNum = 1
ROUND = 4936, SUM = 13525542, bChange = 0.00127083, totNum = 1
ROUND = 4937, SUM = 13525542, bChange = 0.00127083, totNum = 1
ROUND = 4938, SUM = 13525542, bChange = 0.00127083, totNum = 1
ROUND = 4939, SUM = 13525542, bChange = 0.00127083, totNum = 1
ROUND = 4940, SUM = 13525542, bChange = 0.00127083, totNum = 1
ROUND = 4941, SUM = 13525542, bChange = 0.00127084, totNum = 1
ROUND = 4942, SUM = 13525542, bChange = 0.00127084, totNum = 1
ROUND = 4943, SUM = 13525542, bChange = 0.00127084, totNum = 1
ROUND = 4944, SUM = 13525542, bChange = 0.00127084, totNum = 1
ROUND = 4945, SUM = 13525542, bChange = 0.00127084, totNum = 1
ROUND = 4946, SUM = 13525542, bChange = 0.00127084, totNum = 1
ROUND = 4947, SUM = 13525542, bChange = 0.00127084, totNum = 1
ROUND = 4948, SUM = 13525542, bChange = 0.00127085, totNum = 1
ROUND = 4949, SUM = 13525542, bChange = 0.00127085, totNum = 1
ROUND = 4950, SUM = 13525542, bChange = 0.00127085, totNum = 1
ROUND = 4951, SUM = 13525542, bChange = 0.00127085, totNum = 1
ROUND = 4952, SUM = 13525542, bChange = 0.00127085, totNum = 1
ROUND = 4953, SUM = 13525542, bChange = 0.00127085, totNum = 1
ROUND = 4954, SUM = 13525542, bChange = 0.00127085, totNum = 1
ROUND = 4955, SUM = 13525542, bChange = 0.00127086, totNum = 1
ROUND = 4956, SUM = 13525542, bChange = 0.00127086, totNum = 1
ROUND = 4957, SUM = 13525542, bChange = 0.00127086, totNum = 1
ROUND = 4958, SUM = 13525542, bChange = 0.00127086, totNum = 1
ROUND = 4959, SUM = 13525542, bChange = 0.00127086, totNum = 1
ROUND = 4960, SUM = 13525542, bChange = 0.00127086, totNum = 1
ROUND = 4961, SUM = 13525542, bChange = 0.00127086, totNum = 1
ROUND = 4962, SUM = 13525542, bChange = 0.00127087, totNum = 1
ROUND = 4963, SUM = 13525542, bChange = 0.00127087, totNum = 1
ROUND = 4964, SUM = 13525542, bChange = 0.00127087, totNum = 1
ROUND = 4965, SUM = 13525542, bChange = 0.00127087, totNum = 1
ROUND = 4966, SUM = 13525542, bChange = 0.00127087, totNum = 1
ROUND = 4967, SUM = 13525542, bChange = 0.00127087, totNum = 1
ROUND = 4968, SUM = 13525542, bChange = 0.00127087, totNum = 1
ROUND = 4969, SUM = 13525542, bChange = 0.00127087, totNum = 1
ROUND = 4970, SUM = 13525542, bChange = 0.00127088, totNum = 1
ROUND = 4971, SUM = 13525542, bChange = 0.00127088, totNum = 1
ROUND = 4972, SUM = 13525542, bChange = 0.00127088, totNum = 1
ROUND = 4973, SUM = 13525542, bChange = 0.00127088, totNum = 1
ROUND = 4974, SUM = 13525542, bChange = 0.00127088, totNum = 1
ROUND = 4975, SUM = 13525542, bChange = 0.00127088, totNum = 1
ROUND = 4976, SUM = 13525542, bChange = 0.00127088, totNum = 1
ROUND = 4977, SUM = 13525542, bChange = 0.00127089, totNum = 1
ROUND = 4978, SUM = 13525542, bChange = 0.00127089, totNum = 1
ROUND = 4979, SUM = 13525542, bChange = 0.00127089, totNum = 1
ROUND = 4980, SUM = 13525542, bChange = 0.00127089, totNum = 1
ROUND = 4981, SUM = 13525542, bChange = 0.00127089, totNum = 1
ROUND = 4982, SUM = 13525542, bChange = 0.00127089, totNum = 1
ROUND = 4983, SUM = 13525542, bChange = 0.00127089, totNum = 1
ROUND = 4984, SUM = 13525542, bChange = 0.00127089, totNum = 1
ROUND = 4985, SUM = 13525542, bChange = 0.0012709, totNum = 1
ROUND = 4986, SUM = 13525542, bChange = 0.0012709, totNum = 1
ROUND = 4987, SUM = 13525542, bChange = 0.0012709, totNum = 1
ROUND = 4988, SUM = 13525542, bChange = 0.0012709, totNum = 1
ROUND = 4989, SUM = 13525542, bChange = 0.0012709, totNum = 1
ROUND = 4990, SUM = 13525542, bChange = 0.0012709, totNum = 1
ROUND = 4991, SUM = 13525542, bChange = 0.0012709, totNum = 1
ROUND = 4992, SUM = 13525542, bChange = 0.00127091, totNum = 1
ROUND = 4993, SUM = 13525542, bChange = 0.00127091, totNum = 1
ROUND = 4994, SUM = 13525542, bChange = 0.00127091, totNum = 1
ROUND = 4995, SUM = 13525542, bChange = 0.00127091, totNum = 1
ROUND = 4996, SUM = 13525542, bChange = 0.00127091, totNum = 1
ROUND = 4997, SUM = 13525542, bChange = 0.00127091, totNum = 1
ROUND = 4998, SUM = 13525542, bChange = 0.00127091, totNum = 1
ROUND = 4999, SUM = 13525542, bChange = 0.00127091, totNum = 1
ROUND = 5000, SUM = 13525542, bChange = 0.00127092, totNum = 1
ROUND = 5001, SUM = 13525542, bChange = 0.00127092, totNum = 1
ROUND = 5002, SUM = 13525542, bChange = 0.00127092, totNum = 1
ROUND = 5003, SUM = 13525542, bChange = 0.00127092, totNum = 1
ROUND = 5004, SUM = 13525542, bChange = 0.00127092, totNum = 1
ROUND = 5005, SUM = 13525542, bChange = 0.00127092, totNum = 1
ROUND = 5006, SUM = 13525542, bChange = 0.00127092, totNum = 1
ROUND = 5007, SUM = 13525542, bChange = 0.00127093, totNum = 1
ROUND = 5008, SUM = 13525542, bChange = 0.00127093, totNum = 1
ROUND = 5009, SUM = 13525542, bChange = 0.00127093, totNum = 1
ROUND = 5010, SUM = 13525542, bChange = 0.00127093, totNum = 1
ROUND = 5011, SUM = 13525542, bChange = 0.00127093, totNum = 1
ROUND = 5012, SUM = 13525542, bChange = 0.00127093, totNum = 1
ROUND = 5013, SUM = 13525542, bChange = 0.00127093, totNum = 1
ROUND = 5014, SUM = 13525542, bChange = 0.00127093, totNum = 1
ROUND = 5015, SUM = 13525542, bChange = 0.00127094, totNum = 1
ROUND = 5016, SUM = 13525542, bChange = 0.00127094, totNum = 1
ROUND = 5017, SUM = 13525542, bChange = 0.00127094, totNum = 1
ROUND = 5018, SUM = 13525542, bChange = 0.00127094, totNum = 1
ROUND = 5019, SUM = 13525542, bChange = 0.00127094, totNum = 1
ROUND = 5020, SUM = 13525542, bChange = 0.00127094, totNum = 1
ROUND = 5021, SUM = 13525542, bChange = 0.00127094, totNum = 1
ROUND = 5022, SUM = 13525542, bChange = 0.00127094, totNum = 1
ROUND = 5023, SUM = 13525542, bChange = 0.00127095, totNum = 1
ROUND = 5024, SUM = 13525542, bChange = 0.00127095, totNum = 1
ROUND = 5025, SUM = 13525542, bChange = 0.00127095, totNum = 1
ROUND = 5026, SUM = 13525542, bChange = 0.00127095, totNum = 1
ROUND = 5027, SUM = 13525542, bChange = 0.00127095, totNum = 1
ROUND = 5028, SUM = 13525542, bChange = 0.00127095, totNum = 1
ROUND = 5029, SUM = 13525542, bChange = 0.00127095, totNum = 1
ROUND = 5030, SUM = 13525542, bChange = 0.00127095, totNum = 1
ROUND = 5031, SUM = 13525542, bChange = 0.00127096, totNum = 1
ROUND = 5032, SUM = 13525542, bChange = 0.00127096, totNum = 1
ROUND = 5033, SUM = 13525542, bChange = 0.00127096, totNum = 1
ROUND = 5034, SUM = 13525542, bChange = 0.00127096, totNum = 1
ROUND = 5035, SUM = 13525542, bChange = 0.00127096, totNum = 1
ROUND = 5036, SUM = 13525542, bChange = 0.00127096, totNum = 1
ROUND = 5037, SUM = 13525542, bChange = 0.00127096, totNum = 1
ROUND = 5038, SUM = 13525542, bChange = 0.00127096, totNum = 1
ROUND = 5039, SUM = 13525542, bChange = 0.00127097, totNum = 1
ROUND = 5040, SUM = 13525542, bChange = 0.00127097, totNum = 1
ROUND = 5041, SUM = 13525542, bChange = 0.00127097, totNum = 1
ROUND = 5042, SUM = 13525542, bChange = 0.00127097, totNum = 1
ROUND = 5043, SUM = 13525542, bChange = 0.00127097, totNum = 1
ROUND = 5044, SUM = 13525542, bChange = 0.00127097, totNum = 1
ROUND = 5045, SUM = 13525542, bChange = 0.00127097, totNum = 1
ROUND = 5046, SUM = 13525542, bChange = 0.00127097, totNum = 1
ROUND = 5047, SUM = 13525542, bChange = 0.00127098, totNum = 1
ROUND = 5048, SUM = 13525542, bChange = 0.00127098, totNum = 1
ROUND = 5049, SUM = 13525542, bChange = 0.00127098, totNum = 1
ROUND = 5050, SUM = 13525542, bChange = 0.00127098, totNum = 1
ROUND = 5051, SUM = 13525542, bChange = 0.00127098, totNum = 1
ROUND = 5052, SUM = 13525542, bChange = 0.00127098, totNum = 1
ROUND = 5053, SUM = 13525542, bChange = 0.00127098, totNum = 1
ROUND = 5054, SUM = 13525542, bChange = 0.00127098, totNum = 1
ROUND = 5055, SUM = 13525542, bChange = 0.00127099, totNum = 1
ROUND = 5056, SUM = 13525542, bChange = 0.00127099, totNum = 1
ROUND = 5057, SUM = 13525542, bChange = 0.00127099, totNum = 1
ROUND = 5058, SUM = 13525542, bChange = 0.00127099, totNum = 1
ROUND = 5059, SUM = 13525542, bChange = 0.00127099, totNum = 1
ROUND = 5060, SUM = 13525542, bChange = 0.00127099, totNum = 1
ROUND = 5061, SUM = 13525542, bChange = 0.00127099, totNum = 1
ROUND = 5062, SUM = 13525542, bChange = 0.00127099, totNum = 1
ROUND = 5063, SUM = 13525542, bChange = 0.00127099, totNum = 1
ROUND = 5064, SUM = 13525542, bChange = 0.001271, totNum = 1
ROUND = 5065, SUM = 13525542, bChange = 0.001271, totNum = 1
ROUND = 5066, SUM = 13525542, bChange = 0.001271, totNum = 1
ROUND = 5067, SUM = 13525542, bChange = 0.001271, totNum = 1
ROUND = 5068, SUM = 13525542, bChange = 0.001271, totNum = 1
ROUND = 5069, SUM = 13525542, bChange = 0.001271, totNum = 1
ROUND = 5070, SUM = 13525542, bChange = 0.001271, totNum = 1
ROUND = 5071, SUM = 13525542, bChange = 0.001271, totNum = 1
ROUND = 5072, SUM = 13525542, bChange = 0.00127101, totNum = 1
ROUND = 5073, SUM = 13525542, bChange = 0.00127101, totNum = 1
ROUND = 5074, SUM = 13525542, bChange = 0.00127101, totNum = 1
ROUND = 5075, SUM = 13525542, bChange = 0.00127101, totNum = 1
ROUND = 5076, SUM = 13525542, bChange = 0.00127101, totNum = 1
ROUND = 5077, SUM = 13525542, bChange = 0.00127101, totNum = 1
ROUND = 5078, SUM = 13525542, bChange = 0.00127101, totNum = 1
ROUND = 5079, SUM = 13525542, bChange = 0.00127101, totNum = 1
ROUND = 5080, SUM = 13525542, bChange = 0.00127101, totNum = 1
ROUND = 5081, SUM = 13525542, bChange = 0.00127102, totNum = 1
ROUND = 5082, SUM = 13525542, bChange = 0.00127102, totNum = 1
ROUND = 5083, SUM = 13525542, bChange = 0.00127102, totNum = 1
ROUND = 5084, SUM = 13525542, bChange = 0.00127102, totNum = 1
ROUND = 5085, SUM = 13525542, bChange = 0.00127102, totNum = 1
ROUND = 5086, SUM = 13525542, bChange = 0.00127102, totNum = 1
ROUND = 5087, SUM = 13525542, bChange = 0.00127102, totNum = 1
ROUND = 5088, SUM = 13525542, bChange = 0.00127102, totNum = 1
ROUND = 5089, SUM = 13525542, bChange = 0.00127103, totNum = 1
ROUND = 5090, SUM = 13525542, bChange = 0.00127103, totNum = 1
ROUND = 5091, SUM = 13525542, bChange = 0.00127103, totNum = 1
ROUND = 5092, SUM = 13525542, bChange = 0.00127103, totNum = 1
ROUND = 5093, SUM = 13525542, bChange = 0.00127103, totNum = 1
ROUND = 5094, SUM = 13525542, bChange = 0.00127103, totNum = 1
ROUND = 5095, SUM = 13525542, bChange = 0.00127103, totNum = 1
ROUND = 5096, SUM = 13525542, bChange = 0.00127103, totNum = 1
ROUND = 5097, SUM = 13525542, bChange = 0.00127103, totNum = 1
ROUND = 5098, SUM = 13525542, bChange = 0.00127104, totNum = 1
ROUND = 5099, SUM = 13525542, bChange = 0.00127104, totNum = 1
ROUND = 5100, SUM = 13525542, bChange = 0.00127104, totNum = 1
ROUND = 5101, SUM = 13525542, bChange = 0.00127104, totNum = 1
ROUND = 5102, SUM = 13525542, bChange = 0.00127104, totNum = 1
ROUND = 5103, SUM = 13525542, bChange = 0.00127104, totNum = 1
ROUND = 5104, SUM = 13525542, bChange = 0.00127104, totNum = 1
ROUND = 5105, SUM = 13525542, bChange = 0.00127104, totNum = 1
ROUND = 5106, SUM = 13525542, bChange = 0.00127104, totNum = 1
ROUND = 5107, SUM = 13525542, bChange = 0.00127105, totNum = 1
ROUND = 5108, SUM = 13525542, bChange = 0.00127105, totNum = 1
ROUND = 5109, SUM = 13525542, bChange = 0.00127105, totNum = 1
ROUND = 5110, SUM = 13525542, bChange = 0.00127105, totNum = 1
ROUND = 5111, SUM = 13525542, bChange = 0.00127105, totNum = 1
ROUND = 5112, SUM = 13525542, bChange = 0.00127105, totNum = 1
ROUND = 5113, SUM = 13525542, bChange = 0.00127105, totNum = 1
ROUND = 5114, SUM = 13525542, bChange = 0.00127105, totNum = 1
ROUND = 5115, SUM = 13525542, bChange = 0.00127106, totNum = 1
ROUND = 5116, SUM = 13525542, bChange = 0.00127106, totNum = 1
ROUND = 5117, SUM = 13525542, bChange = 0.00127106, totNum = 1
ROUND = 5118, SUM = 13525542, bChange = 0.00127106, totNum = 1
ROUND = 5119, SUM = 13525542, bChange = 0.00127106, totNum = 1
ROUND = 5120, SUM = 13525542, bChange = 0.00127106, totNum = 1
ROUND = 5121, SUM = 13525542, bChange = 0.00127106, totNum = 1
ROUND = 5122, SUM = 13525542, bChange = 0.00127106, totNum = 1
ROUND = 5123, SUM = 13525542, bChange = 0.00127106, totNum = 1
ROUND = 5124, SUM = 13525542, bChange = 0.00127107, totNum = 1
ROUND = 5125, SUM = 13525542, bChange = 0.00127107, totNum = 1
ROUND = 5126, SUM = 13525542, bChange = 0.00127107, totNum = 1
ROUND = 5127, SUM = 13525542, bChange = 0.00127107, totNum = 1
ROUND = 5128, SUM = 13525542, bChange = 0.00127107, totNum = 1
ROUND = 5129, SUM = 13525542, bChange = 0.00127107, totNum = 1
ROUND = 5130, SUM = 13525542, bChange = 0.00127107, totNum = 1
ROUND = 5131, SUM = 13525542, bChange = 0.00127107, totNum = 1
ROUND = 5132, SUM = 13525542, bChange = 0.00127107, totNum = 1
ROUND = 5133, SUM = 13525542, bChange = 0.00127108, totNum = 1
ROUND = 5134, SUM = 13525542, bChange = 0.00127108, totNum = 1
ROUND = 5135, SUM = 13525542, bChange = 0.00127108, totNum = 1
ROUND = 5136, SUM = 13525542, bChange = 0.00127108, totNum = 1
ROUND = 5137, SUM = 13525542, bChange = 0.00127108, totNum = 1
ROUND = 5138, SUM = 13525542, bChange = 0.00127108, totNum = 1
ROUND = 5139, SUM = 13525542, bChange = 0.00127108, totNum = 1
ROUND = 5140, SUM = 13525542, bChange = 0.00127108, totNum = 1
ROUND = 5141, SUM = 13525542, bChange = 0.00127108, totNum = 1
ROUND = 5142, SUM = 13525542, bChange = 0.00127108, totNum = 1
ROUND = 5143, SUM = 13525542, bChange = 0.00127109, totNum = 1
ROUND = 5144, SUM = 13525542, bChange = 0.00127109, totNum = 1
ROUND = 5145, SUM = 13525542, bChange = 0.00127109, totNum = 1
ROUND = 5146, SUM = 13525542, bChange = 0.00127109, totNum = 1
ROUND = 5147, SUM = 13525542, bChange = 0.00127109, totNum = 1
ROUND = 5148, SUM = 13525542, bChange = 0.00127109, totNum = 1
ROUND = 5149, SUM = 13525542, bChange = 0.00127109, totNum = 1
ROUND = 5150, SUM = 13525542, bChange = 0.00127109, totNum = 1
ROUND = 5151, SUM = 13525542, bChange = 0.00127109, totNum = 1
ROUND = 5152, SUM = 13525542, bChange = 0.0012711, totNum = 1
ROUND = 5153, SUM = 13525542, bChange = 0.0012711, totNum = 1
ROUND = 5154, SUM = 13525542, bChange = 0.0012711, totNum = 1
ROUND = 5155, SUM = 13525542, bChange = 0.0012711, totNum = 1
ROUND = 5156, SUM = 13525542, bChange = 0.0012711, totNum = 1
ROUND = 5157, SUM = 13525542, bChange = 0.0012711, totNum = 1
ROUND = 5158, SUM = 13525542, bChange = 0.0012711, totNum = 1
ROUND = 5159, SUM = 13525542, bChange = 0.0012711, totNum = 1
ROUND = 5160, SUM = 13525542, bChange = 0.0012711, totNum = 1
ROUND = 5161, SUM = 13525542, bChange = 0.00127111, totNum = 1
ROUND = 5162, SUM = 13525542, bChange = 0.00127111, totNum = 1
ROUND = 5163, SUM = 13525542, bChange = 0.00127111, totNum = 1
ROUND = 5164, SUM = 13525542, bChange = 0.00127111, totNum = 1
ROUND = 5165, SUM = 13525542, bChange = 0.00127111, totNum = 1
ROUND = 5166, SUM = 13525542, bChange = 0.00127111, totNum = 1
ROUND = 5167, SUM = 13525542, bChange = 0.00127111, totNum = 1
ROUND = 5168, SUM = 13525542, bChange = 0.00127111, totNum = 1
ROUND = 5169, SUM = 13525542, bChange = 0.00127111, totNum = 1
ROUND = 5170, SUM = 13525542, bChange = 0.00127111, totNum = 1
ROUND = 5171, SUM = 13525542, bChange = 0.00127112, totNum = 1
ROUND = 5172, SUM = 13525542, bChange = 0.00127112, totNum = 1
ROUND = 5173, SUM = 13525542, bChange = 0.00127112, totNum = 1
ROUND = 5174, SUM = 13525542, bChange = 0.00127112, totNum = 1
ROUND = 5175, SUM = 13525542, bChange = 0.00127112, totNum = 1
ROUND = 5176, SUM = 13525542, bChange = 0.00127112, totNum = 1
ROUND = 5177, SUM = 13525542, bChange = 0.00127112, totNum = 1
ROUND = 5178, SUM = 13525542, bChange = 0.00127112, totNum = 1
ROUND = 5179, SUM = 13525542, bChange = 0.00127112, totNum = 1
ROUND = 5180, SUM = 13525542, bChange = 0.00127113, totNum = 1
ROUND = 5181, SUM = 13525542, bChange = 0.00127113, totNum = 1
ROUND = 5182, SUM = 13525542, bChange = 0.00127113, totNum = 1
ROUND = 5183, SUM = 13525542, bChange = 0.00127113, totNum = 1
ROUND = 5184, SUM = 13525542, bChange = 0.00127113, totNum = 1
ROUND = 5185, SUM = 13525542, bChange = 0.00127113, totNum = 1
ROUND = 5186, SUM = 13525542, bChange = 0.00127113, totNum = 1
ROUND = 5187, SUM = 13525542, bChange = 0.00127113, totNum = 1
ROUND = 5188, SUM = 13525542, bChange = 0.00127113, totNum = 1
ROUND = 5189, SUM = 13525542, bChange = 0.00127113, totNum = 1
ROUND = 5190, SUM = 13525542, bChange = 0.00127114, totNum = 1
ROUND = 5191, SUM = 13525542, bChange = 0.00127114, totNum = 1
ROUND = 5192, SUM = 13525542, bChange = 0.00127114, totNum = 1
ROUND = 5193, SUM = 13525542, bChange = 0.00127114, totNum = 1
ROUND = 5194, SUM = 13525542, bChange = 0.00127114, totNum = 1
ROUND = 5195, SUM = 13525542, bChange = 0.00127114, totNum = 1
ROUND = 5196, SUM = 13525542, bChange = 0.00127114, totNum = 1
ROUND = 5197, SUM = 13525542, bChange = 0.00127114, totNum = 1
ROUND = 5198, SUM = 13525542, bChange = 0.00127114, totNum = 1
ROUND = 5199, SUM = 13525542, bChange = 0.00127114, totNum = 1
ROUND = 5200, SUM = 13525542, bChange = 0.00127115, totNum = 1
ROUND = 5201, SUM = 13525542, bChange = 0.00127115, totNum = 1
ROUND = 5202, SUM = 13525542, bChange = 0.00127115, totNum = 1
ROUND = 5203, SUM = 13525542, bChange = 0.00127115, totNum = 1
ROUND = 5204, SUM = 13525542, bChange = 0.00127115, totNum = 1
ROUND = 5205, SUM = 13525542, bChange = 0.00127115, totNum = 1
ROUND = 5206, SUM = 13525542, bChange = 0.00127115, totNum = 1
ROUND = 5207, SUM = 13525542, bChange = 0.00127115, totNum = 1
ROUND = 5208, SUM = 13525542, bChange = 0.00127115, totNum = 1
ROUND = 5209, SUM = 13525542, bChange = 0.00127115, totNum = 1
ROUND = 5210, SUM = 13525542, bChange = 0.00127116, totNum = 1
ROUND = 5211, SUM = 13525542, bChange = 0.00127116, totNum = 1
ROUND = 5212, SUM = 13525542, bChange = 0.00127116, totNum = 1
ROUND = 5213, SUM = 13525542, bChange = 0.00127116, totNum = 1
ROUND = 5214, SUM = 13525542, bChange = 0.00127116, totNum = 1
ROUND = 5215, SUM = 13525542, bChange = 0.00127116, totNum = 1
ROUND = 5216, SUM = 13525542, bChange = 0.00127116, totNum = 1
ROUND = 5217, SUM = 13525542, bChange = 0.00127116, totNum = 1
ROUND = 5218, SUM = 13525542, bChange = 0.00127116, totNum = 1
ROUND = 5219, SUM = 13525542, bChange = 0.00127116, totNum = 1
ROUND = 5220, SUM = 13525542, bChange = 0.00127117, totNum = 1
ROUND = 5221, SUM = 13525542, bChange = 0.00127117, totNum = 1
ROUND = 5222, SUM = 13525542, bChange = 0.00127117, totNum = 1
ROUND = 5223, SUM = 13525542, bChange = 0.00127117, totNum = 1
ROUND = 5224, SUM = 13525542, bChange = 0.00127117, totNum = 1
ROUND = 5225, SUM = 13525542, bChange = 0.00127117, totNum = 1
ROUND = 5226, SUM = 13525542, bChange = 0.00127117, totNum = 1
ROUND = 5227, SUM = 13525542, bChange = 0.00127117, totNum = 1
ROUND = 5228, SUM = 13525542, bChange = 0.00127117, totNum = 1
ROUND = 5229, SUM = 13525542, bChange = 0.00127117, totNum = 1
ROUND = 5230, SUM = 13525542, bChange = 0.00127118, totNum = 1
ROUND = 5231, SUM = 13525542, bChange = 0.00127118, totNum = 1
ROUND = 5232, SUM = 13525542, bChange = 0.00127118, totNum = 1
ROUND = 5233, SUM = 13525542, bChange = 0.00127118, totNum = 1
ROUND = 5234, SUM = 13525542, bChange = 0.00127118, totNum = 1
ROUND = 5235, SUM = 13525542, bChange = 0.00127118, totNum = 1
ROUND = 5236, SUM = 13525542, bChange = 0.00127118, totNum = 1
ROUND = 5237, SUM = 13525542, bChange = 0.00127118, totNum = 1
ROUND = 5238, SUM = 13525542, bChange = 0.00127118, totNum = 1
ROUND = 5239, SUM = 13525542, bChange = 0.00127118, totNum = 1
ROUND = 5240, SUM = 13525542, bChange = 0.00127118, totNum = 1
ROUND = 5241, SUM = 13525542, bChange = 0.00127119, totNum = 1
ROUND = 5242, SUM = 13525542, bChange = 0.00127119, totNum = 1
ROUND = 5243, SUM = 13525542, bChange = 0.00127119, totNum = 1
ROUND = 5244, SUM = 13525542, bChange = 0.00127119, totNum = 1
ROUND = 5245, SUM = 13525542, bChange = 0.00127119, totNum = 1
ROUND = 5246, SUM = 13525542, bChange = 0.00127119, totNum = 1
ROUND = 5247, SUM = 13525542, bChange = 0.00127119, totNum = 1
ROUND = 5248, SUM = 13525542, bChange = 0.00127119, totNum = 1
ROUND = 5249, SUM = 13525542, bChange = 0.00127119, totNum = 1
ROUND = 5250, SUM = 13525542, bChange = 0.00127119, totNum = 1
ROUND = 5251, SUM = 13525542, bChange = 0.0012712, totNum = 1
ROUND = 5252, SUM = 13525542, bChange = 0.0012712, totNum = 1
ROUND = 5253, SUM = 13525542, bChange = 0.0012712, totNum = 1
ROUND = 5254, SUM = 13525542, bChange = 0.0012712, totNum = 1
ROUND = 5255, SUM = 13525542, bChange = 0.0012712, totNum = 1
ROUND = 5256, SUM = 13525542, bChange = 0.0012712, totNum = 1
ROUND = 5257, SUM = 13525542, bChange = 0.0012712, totNum = 1
ROUND = 5258, SUM = 13525542, bChange = 0.0012712, totNum = 1
ROUND = 5259, SUM = 13525542, bChange = 0.0012712, totNum = 1
ROUND = 5260, SUM = 13525542, bChange = 0.0012712, totNum = 1
ROUND = 5261, SUM = 13525542, bChange = 0.0012712, totNum = 1
ROUND = 5262, SUM = 13525542, bChange = 0.00127121, totNum = 1
ROUND = 5263, SUM = 13525542, bChange = 0.00127121, totNum = 1
ROUND = 5264, SUM = 13525542, bChange = 0.00127121, totNum = 1
ROUND = 5265, SUM = 13525542, bChange = 0.00127121, totNum = 1
ROUND = 5266, SUM = 13525542, bChange = 0.00127121, totNum = 1
ROUND = 5267, SUM = 13525542, bChange = 0.00127121, totNum = 1
ROUND = 5268, SUM = 13525542, bChange = 0.00127121, totNum = 1
ROUND = 5269, SUM = 13525542, bChange = 0.00127121, totNum = 1
ROUND = 5270, SUM = 13525542, bChange = 0.00127121, totNum = 1
ROUND = 5271, SUM = 13525542, bChange = 0.00127121, totNum = 1
ROUND = 5272, SUM = 13525542, bChange = 0.00127121, totNum = 1
ROUND = 5273, SUM = 13525542, bChange = 0.00127122, totNum = 1
ROUND = 5274, SUM = 13525542, bChange = 0.00127122, totNum = 1
ROUND = 5275, SUM = 13525542, bChange = 0.00127122, totNum = 1
ROUND = 5276, SUM = 13525542, bChange = 0.00127122, totNum = 1
ROUND = 5277, SUM = 13525542, bChange = 0.00127122, totNum = 1
ROUND = 5278, SUM = 13525542, bChange = 0.00127122, totNum = 1
ROUND = 5279, SUM = 13525542, bChange = 0.00127122, totNum = 1
ROUND = 5280, SUM = 13525542, bChange = 0.00127122, totNum = 1
ROUND = 5281, SUM = 13525542, bChange = 0.00127122, totNum = 1
ROUND = 5282, SUM = 13525542, bChange = 0.00127122, totNum = 1
ROUND = 5283, SUM = 13525542, bChange = 0.00127122, totNum = 1
ROUND = 5284, SUM = 13525542, bChange = 0.00127123, totNum = 1
ROUND = 5285, SUM = 13525542, bChange = 0.00127123, totNum = 1
ROUND = 5286, SUM = 13525542, bChange = 0.00127123, totNum = 1
ROUND = 5287, SUM = 13525542, bChange = 0.00127123, totNum = 1
ROUND = 5288, SUM = 13525542, bChange = 0.00127123, totNum = 1
ROUND = 5289, SUM = 13525542, bChange = 0.00127123, totNum = 1
ROUND = 5290, SUM = 13525542, bChange = 0.00127123, totNum = 1
ROUND = 5291, SUM = 13525542, bChange = 0.00127123, totNum = 1
ROUND = 5292, SUM = 13525542, bChange = 0.00127123, totNum = 1
ROUND = 5293, SUM = 13525542, bChange = 0.00127123, totNum = 1
ROUND = 5294, SUM = 13525542, bChange = 0.00127123, totNum = 1
ROUND = 5295, SUM = 13525542, bChange = 0.00127124, totNum = 1
ROUND = 5296, SUM = 13525542, bChange = 0.00127124, totNum = 1
ROUND = 5297, SUM = 13525542, bChange = 0.00127124, totNum = 1
ROUND = 5298, SUM = 13525542, bChange = 0.00127124, totNum = 1
ROUND = 5299, SUM = 13525542, bChange = 0.00127124, totNum = 1
ROUND = 5300, SUM = 13525542, bChange = 0.00127124, totNum = 1
ROUND = 5301, SUM = 13525542, bChange = 0.00127124, totNum = 1
ROUND = 5302, SUM = 13525542, bChange = 0.00127124, totNum = 1
ROUND = 5303, SUM = 13525542, bChange = 0.00127124, totNum = 1
ROUND = 5304, SUM = 13525542, bChange = 0.00127124, totNum = 1
ROUND = 5305, SUM = 13525542, bChange = 0.00127124, totNum = 1
ROUND = 5306, SUM = 13525542, bChange = 0.00127125, totNum = 1
ROUND = 5307, SUM = 13525542, bChange = 0.00127125, totNum = 1
ROUND = 5308, SUM = 13525542, bChange = 0.00127125, totNum = 1
ROUND = 5309, SUM = 13525542, bChange = 0.00127125, totNum = 1
ROUND = 5310, SUM = 13525542, bChange = 0.00127125, totNum = 1
ROUND = 5311, SUM = 13525542, bChange = 0.00127125, totNum = 1
ROUND = 5312, SUM = 13525542, bChange = 0.00127125, totNum = 1
ROUND = 5313, SUM = 13525542, bChange = 0.00127125, totNum = 1
ROUND = 5314, SUM = 13525542, bChange = 0.00127125, totNum = 1
ROUND = 5315, SUM = 13525542, bChange = 0.00127125, totNum = 1
ROUND = 5316, SUM = 13525542, bChange = 0.00127125, totNum = 1
ROUND = 5317, SUM = 13525542, bChange = 0.00127126, totNum = 1
ROUND = 5318, SUM = 13525542, bChange = 0.00127126, totNum = 1
ROUND = 5319, SUM = 13525542, bChange = 0.00127126, totNum = 1
ROUND = 5320, SUM = 13525542, bChange = 0.00127126, totNum = 1
ROUND = 5321, SUM = 13525542, bChange = 0.00127126, totNum = 1
ROUND = 5322, SUM = 13525542, bChange = 0.00127126, totNum = 1
ROUND = 5323, SUM = 13525542, bChange = 0.00127126, totNum = 1
ROUND = 5324, SUM = 13525542, bChange = 0.00127126, totNum = 1
ROUND = 5325, SUM = 13525542, bChange = 0.00127126, totNum = 1
ROUND = 5326, SUM = 13525542, bChange = 0.00127126, totNum = 1
ROUND = 5327, SUM = 13525542, bChange = 0.00127126, totNum = 1
ROUND = 5328, SUM = 13525542, bChange = 0.00127126, totNum = 1
ROUND = 5329, SUM = 13525542, bChange = 0.00127127, totNum = 1
ROUND = 5330, SUM = 13525542, bChange = 0.00127127, totNum = 1
ROUND = 5331, SUM = 13525542, bChange = 0.00127127, totNum = 1
ROUND = 5332, SUM = 13525542, bChange = 0.00127127, totNum = 1
ROUND = 5333, SUM = 13525542, bChange = 0.00127127, totNum = 1
ROUND = 5334, SUM = 13525542, bChange = 0.00127127, totNum = 1
ROUND = 5335, SUM = 13525542, bChange = 0.00127127, totNum = 1
ROUND = 5336, SUM = 13525542, bChange = 0.00127127, totNum = 1
ROUND = 5337, SUM = 13525542, bChange = 0.00127127, totNum = 1
ROUND = 5338, SUM = 13525542, bChange = 0.00127127, totNum = 1
ROUND = 5339, SUM = 13525542, bChange = 0.00127127, totNum = 1
ROUND = 5340, SUM = 13525542, bChange = 0.00127127, totNum = 1
ROUND = 5341, SUM = 13525542, bChange = 0.00127128, totNum = 1
ROUND = 5342, SUM = 13525542, bChange = 0.00127128, totNum = 1
ROUND = 5343, SUM = 13525542, bChange = 0.00127128, totNum = 1
ROUND = 5344, SUM = 13525542, bChange = 0.00127128, totNum = 1
ROUND = 5345, SUM = 13525542, bChange = 0.00127128, totNum = 1
ROUND = 5346, SUM = 13525542, bChange = 0.00127128, totNum = 1
ROUND = 5347, SUM = 13525542, bChange = 0.00127128, totNum = 1
ROUND = 5348, SUM = 13525542, bChange = 0.00127128, totNum = 1
ROUND = 5349, SUM = 13525542, bChange = 0.00127128, totNum = 1
ROUND = 5350, SUM = 13525542, bChange = 0.00127128, totNum = 1
ROUND = 5351, SUM = 13525542, bChange = 0.00127128, totNum = 1
ROUND = 5352, SUM = 13525542, bChange = 0.00127128, totNum = 1
ROUND = 5353, SUM = 13525542, bChange = 0.00127129, totNum = 1
ROUND = 5354, SUM = 13525542, bChange = 0.00127129, totNum = 1
ROUND = 5355, SUM = 13525542, bChange = 0.00127129, totNum = 1
ROUND = 5356, SUM = 13525542, bChange = 0.00127129, totNum = 1
ROUND = 5357, SUM = 13525542, bChange = 0.00127129, totNum = 1
ROUND = 5358, SUM = 13525542, bChange = 0.00127129, totNum = 1
ROUND = 5359, SUM = 13525542, bChange = 0.00127129, totNum = 1
ROUND = 5360, SUM = 13525542, bChange = 0.00127129, totNum = 1
ROUND = 5361, SUM = 13525542, bChange = 0.00127129, totNum = 1
ROUND = 5362, SUM = 13525542, bChange = 0.00127129, totNum = 1
ROUND = 5363, SUM = 13525542, bChange = 0.00127129, totNum = 1
ROUND = 5364, SUM = 13525542, bChange = 0.00127129, totNum = 1
ROUND = 5365, SUM = 13525542, bChange = 0.0012713, totNum = 1
ROUND = 5366, SUM = 13525542, bChange = 0.0012713, totNum = 1
ROUND = 5367, SUM = 13525542, bChange = 0.0012713, totNum = 1
ROUND = 5368, SUM = 13525542, bChange = 0.0012713, totNum = 1
ROUND = 5369, SUM = 13525542, bChange = 0.0012713, totNum = 1
ROUND = 5370, SUM = 13525542, bChange = 0.0012713, totNum = 1
ROUND = 5371, SUM = 13525542, bChange = 0.0012713, totNum = 1
ROUND = 5372, SUM = 13525542, bChange = 0.0012713, totNum = 1
ROUND = 5373, SUM = 13525542, bChange = 0.0012713, totNum = 1
ROUND = 5374, SUM = 13525542, bChange = 0.0012713, totNum = 1
ROUND = 5375, SUM = 13525542, bChange = 0.0012713, totNum = 1
ROUND = 5376, SUM = 13525542, bChange = 0.0012713, totNum = 1
ROUND = 5377, SUM = 13525542, bChange = 0.00127131, totNum = 1
ROUND = 5378, SUM = 13525542, bChange = 0.00127131, totNum = 1
ROUND = 5379, SUM = 13525542, bChange = 0.00127131, totNum = 1
ROUND = 5380, SUM = 13525542, bChange = 0.00127131, totNum = 1
ROUND = 5381, SUM = 13525542, bChange = 0.00127131, totNum = 1
ROUND = 5382, SUM = 13525542, bChange = 0.00127131, totNum = 1
ROUND = 5383, SUM = 13525542, bChange = 0.00127131, totNum = 1
ROUND = 5384, SUM = 13525542, bChange = 0.00127131, totNum = 1
ROUND = 5385, SUM = 13525542, bChange = 0.00127131, totNum = 1
ROUND = 5386, SUM = 13525542, bChange = 0.00127131, totNum = 1
ROUND = 5387, SUM = 13525542, bChange = 0.00127131, totNum = 1
ROUND = 5388, SUM = 13525542, bChange = 0.00127131, totNum = 1
ROUND = 5389, SUM = 13525542, bChange = 0.00127131, totNum = 1
ROUND = 5390, SUM = 13525542, bChange = 0.00127132, totNum = 1
ROUND = 5391, SUM = 13525542, bChange = 0.00127132, totNum = 1
ROUND = 5392, SUM = 13525542, bChange = 0.00127132, totNum = 1
ROUND = 5393, SUM = 13525542, bChange = 0.00127132, totNum = 1
ROUND = 5394, SUM = 13525542, bChange = 0.00127132, totNum = 1
ROUND = 5395, SUM = 13525542, bChange = 0.00127132, totNum = 1
ROUND = 5396, SUM = 13525542, bChange = 0.00127132, totNum = 1
ROUND = 5397, SUM = 13525542, bChange = 0.00127132, totNum = 1
ROUND = 5398, SUM = 13525542, bChange = 0.00127132, totNum = 1
ROUND = 5399, SUM = 13525542, bChange = 0.00127132, totNum = 1
ROUND = 5400, SUM = 13525542, bChange = 0.00127132, totNum = 1
ROUND = 5401, SUM = 13525542, bChange = 0.00127132, totNum = 1
ROUND = 5402, SUM = 13525542, bChange = 0.00127133, totNum = 1
ROUND = 5403, SUM = 13525542, bChange = 0.00127133, totNum = 1
ROUND = 5404, SUM = 13525542, bChange = 0.00127133, totNum = 1
ROUND = 5405, SUM = 13525542, bChange = 0.00127133, totNum = 1
ROUND = 5406, SUM = 13525542, bChange = 0.00127133, totNum = 1
ROUND = 5407, SUM = 13525542, bChange = 0.00127133, totNum = 1
ROUND = 5408, SUM = 13525542, bChange = 0.00127133, totNum = 1
ROUND = 5409, SUM = 13525542, bChange = 0.00127133, totNum = 1
ROUND = 5410, SUM = 13525542, bChange = 0.00127133, totNum = 1
ROUND = 5411, SUM = 13525542, bChange = 0.00127133, totNum = 1
ROUND = 5412, SUM = 13525542, bChange = 0.00127133, totNum = 1
ROUND = 5413, SUM = 13525542, bChange = 0.00127133, totNum = 1
ROUND = 5414, SUM = 13525542, bChange = 0.00127133, totNum = 1
ROUND = 5415, SUM = 13525542, bChange = 0.00127134, totNum = 1
ROUND = 5416, SUM = 13525542, bChange = 0.00127134, totNum = 1
ROUND = 5417, SUM = 13525542, bChange = 0.00127134, totNum = 1
ROUND = 5418, SUM = 13525542, bChange = 0.00127134, totNum = 1
ROUND = 5419, SUM = 13525542, bChange = 0.00127134, totNum = 1
ROUND = 5420, SUM = 13525542, bChange = 0.00127134, totNum = 1
ROUND = 5421, SUM = 13525542, bChange = 0.00127134, totNum = 1
ROUND = 5422, SUM = 13525542, bChange = 0.00127134, totNum = 1
ROUND = 5423, SUM = 13525542, bChange = 0.00127134, totNum = 1
ROUND = 5424, SUM = 13525542, bChange = 0.00127134, totNum = 1
ROUND = 5425, SUM = 13525542, bChange = 0.00127134, totNum = 1
ROUND = 5426, SUM = 13525542, bChange = 0.00127134, totNum = 1
ROUND = 5427, SUM = 13525542, bChange = 0.00127134, totNum = 1
ROUND = 5428, SUM = 13525542, bChange = 0.00127134, totNum = 1
ROUND = 5429, SUM = 13525542, bChange = 0.00127135, totNum = 1
ROUND = 5430, SUM = 13525542, bChange = 0.00127135, totNum = 1
ROUND = 5431, SUM = 13525542, bChange = 0.00127135, totNum = 1
ROUND = 5432, SUM = 13525542, bChange = 0.00127135, totNum = 1
ROUND = 5433, SUM = 13525542, bChange = 0.00127135, totNum = 1
ROUND = 5434, SUM = 13525542, bChange = 0.00127135, totNum = 1
ROUND = 5435, SUM = 13525542, bChange = 0.00127135, totNum = 1
ROUND = 5436, SUM = 13525542, bChange = 0.00127135, totNum = 1
ROUND = 5437, SUM = 13525542, bChange = 0.00127135, totNum = 1
ROUND = 5438, SUM = 13525542, bChange = 0.00127135, totNum = 1
ROUND = 5439, SUM = 13525542, bChange = 0.00127135, totNum = 1
ROUND = 5440, SUM = 13525542, bChange = 0.00127135, totNum = 1
ROUND = 5441, SUM = 13525542, bChange = 0.00127135, totNum = 1
ROUND = 5442, SUM = 13525542, bChange = 0.00127136, totNum = 1
ROUND = 5443, SUM = 13525542, bChange = 0.00127136, totNum = 1
ROUND = 5444, SUM = 13525542, bChange = 0.00127136, totNum = 1
ROUND = 5445, SUM = 13525542, bChange = 0.00127136, totNum = 1
ROUND = 5446, SUM = 13525542, bChange = 0.00127136, totNum = 1
ROUND = 5447, SUM = 13525542, bChange = 0.00127136, totNum = 1
ROUND = 5448, SUM = 13525542, bChange = 0.00127136, totNum = 1
ROUND = 5449, SUM = 13525542, bChange = 0.00127136, totNum = 1
ROUND = 5450, SUM = 13525542, bChange = 0.00127136, totNum = 1
ROUND = 5451, SUM = 13525542, bChange = 0.00127136, totNum = 1
ROUND = 5452, SUM = 13525542, bChange = 0.00127136, totNum = 1
ROUND = 5453, SUM = 13525542, bChange = 0.00127136, totNum = 1
ROUND = 5454, SUM = 13525542, bChange = 0.00127136, totNum = 1
ROUND = 5455, SUM = 13525542, bChange = 0.00127136, totNum = 1
ROUND = 5456, SUM = 13525542, bChange = 0.00127137, totNum = 1
ROUND = 5457, SUM = 13525542, bChange = 0.00127137, totNum = 1
ROUND = 5458, SUM = 13525542, bChange = 0.00127137, totNum = 1
ROUND = 5459, SUM = 13525542, bChange = 0.00127137, totNum = 1
ROUND = 5460, SUM = 13525542, bChange = 0.00127137, totNum = 1
ROUND = 5461, SUM = 13525542, bChange = 0.00127137, totNum = 1
ROUND = 5462, SUM = 13525542, bChange = 0.00127137, totNum = 1
ROUND = 5463, SUM = 13525542, bChange = 0.00127137, totNum = 1
ROUND = 5464, SUM = 13525542, bChange = 0.00127137, totNum = 1
ROUND = 5465, SUM = 13525542, bChange = 0.00127137, totNum = 1
ROUND = 5466, SUM = 13525542, bChange = 0.00127137, totNum = 1
ROUND = 5467, SUM = 13525542, bChange = 0.00127137, totNum = 1
ROUND = 5468, SUM = 13525542, bChange = 0.00127137, totNum = 1
ROUND = 5469, SUM = 13525542, bChange = 0.00127138, totNum = 1
ROUND = 5470, SUM = 13525542, bChange = 0.00127138, totNum = 1
ROUND = 5471, SUM = 13525542, bChange = 0.00127138, totNum = 1
ROUND = 5472, SUM = 13525542, bChange = 0.00127138, totNum = 1
ROUND = 5473, SUM = 13525542, bChange = 0.00127138, totNum = 1
ROUND = 5474, SUM = 13525542, bChange = 0.00127138, totNum = 1
ROUND = 5475, SUM = 13525542, bChange = 0.00127138, totNum = 1
ROUND = 5476, SUM = 13525542, bChange = 0.00127138, totNum = 1
ROUND = 5477, SUM = 13525542, bChange = 0.00127138, totNum = 1
ROUND = 5478, SUM = 13525542, bChange = 0.00127138, totNum = 1
ROUND = 5479, SUM = 13525542, bChange = 0.00127138, totNum = 1
ROUND = 5480, SUM = 13525542, bChange = 0.00127138, totNum = 1
ROUND = 5481, SUM = 13525542, bChange = 0.00127138, totNum = 1
ROUND = 5482, SUM = 13525542, bChange = 0.00127138, totNum = 1
ROUND = 5483, SUM = 13525542, bChange = 0.00127138, totNum = 1
ROUND = 5484, SUM = 13525542, bChange = 0.00127139, totNum = 1
ROUND = 5485, SUM = 13525542, bChange = 0.00127139, totNum = 1
ROUND = 5486, SUM = 13525542, bChange = 0.00127139, totNum = 1
ROUND = 5487, SUM = 13525542, bChange = 0.00127139, totNum = 1
ROUND = 5488, SUM = 13525542, bChange = 0.000819875, totNum = 0
Expression Results are written!
Time Used for EM.cpp : 0 h 08 m 35 s

rsem-run-gibbs /tmp/6bd4c0c6-5f1c-4e89-8025-0e974cd765e3/rsem ER100011_anno_rsem.temp/ER100011_anno_rsem ER100011_anno_rsem.stat/ER100011_anno_rsem 200 1000 1 -p 44 --seed 1471891643
Refs.loadRefs finished!
Loading data is finished!
Loading group information is finished!
Gibbs started!
Initialization finished!
Thread 13, ROUND 100 is finished!
Thread 25, ROUND 100 is finished!
Thread 24, ROUND 100 is finished!
Thread 7, ROUND 100 is finished!
Thread 17, ROUND 100 is finished!
Thread 8, ROUND 100 is finished!
Thread 22, ROUND 100 is finished!
Thread 42, ROUND 100 is finished!
Thread 9, ROUND 100 is finished!
Thread 12, ROUND 100 is finished!
Thread 10, ROUND 100 is finished!
Thread 30, ROUND 100 is finished!
Thread 39, ROUND 100 is finished!
Thread 0, ROUND 100 is finished!
Thread 20, ROUND 100 is finished!
Thread 31, ROUND 100 is finished!
Thread 21, ROUND 100 is finished!
Thread 1, ROUND 100 is finished!
Thread 35, ROUND 100 is finished!
Thread 18, ROUND 100 is finished!
Thread 23, ROUND 100 is finished!
Thread 32, ROUND 100 is finished!
Thread 36, ROUND 100 is finished!
Thread 41, ROUND 100 is finished!
Thread 28, ROUND 100 is finished!
Thread 27, ROUND 100 is finished!
Thread 33, ROUND 100 is finished!
Thread 43, ROUND 100 is finished!
Thread 29, ROUND 100 is finished!
Thread 15, ROUND 100 is finished!
Thread 37, ROUND 100 is finished!
Thread 34, ROUND 100 is finished!
Thread 4, ROUND 100 is finished!
Thread 3, ROUND 100 is finished!
Thread 40, ROUND 100 is finished!
Thread 16, ROUND 100 is finished!
Thread 19, ROUND 100 is finished!
Thread 11, ROUND 100 is finished!
Thread 14, ROUND 100 is finished!
Thread 2, ROUND 100 is finished!
Thread 5, ROUND 100 is finished!
Thread 38, ROUND 100 is finished!
Thread 26, ROUND 100 is finished!
Thread 6, ROUND 100 is finished!
Thread 17, ROUND 200 is finished!
Thread 22, ROUND 200 is finished!
Thread 13, ROUND 200 is finished!
Thread 7, ROUND 200 is finished!
Thread 8, ROUND 200 is finished!
Thread 24, ROUND 200 is finished!
Thread 25, ROUND 200 is finished!
Thread 42, ROUND 200 is finished!
Thread 9, ROUND 200 is finished!
Thread 30, ROUND 200 is finished!
Thread 19, ROUND 200 is finished!
Thread 20, ROUND 200 is finished!
Thread 34, ROUND 200 is finished!
Thread 27, ROUND 200 is finished!
Thread 29, ROUND 200 is finished!
Thread 43, ROUND 200 is finished!
Thread 0, ROUND 200 is finished!
Thread 37, ROUND 200 is finished!
Thread 39, ROUND 200 is finished!
Thread 15, ROUND 200 is finished!
Thread 32, ROUND 200 is finished!
Thread 1, ROUND 200 is finished!
Thread 10, ROUND 200 is finished!
Thread 35, ROUND 200 is finished!
Thread 18, ROUND 200 is finished!
Thread 40, ROUND 200 is finished!
Thread 36, ROUND 200 is finished!
Thread 33, ROUND 200 is finished!
Thread 28, ROUND 200 is finished!
Thread 31, ROUND 200 is finished!
Thread 4, ROUND 200 is finished!
Thread 23, ROUND 200 is finished!
Thread 3, ROUND 200 is finished!
Thread 5, ROUND 200 is finished!
Thread 16, ROUND 200 is finished!
Thread 38, ROUND 200 is finished!
Thread 11, ROUND 200 is finished!
Thread 26, ROUND 200 is finished!
Thread 21, ROUND 200 is finished!
Thread 14, ROUND 200 is finished!
Thread 41, ROUND 200 is finished!
Thread 12, ROUND 200 is finished!
Thread 2, ROUND 200 is finished!
Thread 6, ROUND 200 is finished!
Gibbs finished!
Gibbs based expression values are written!

rsem-calculate-credibility-intervals /tmp/6bd4c0c6-5f1c-4e89-8025-0e974cd765e3/rsem ER100011_anno_rsem.temp/ER100011_anno_rsem ER100011_anno_rsem.stat/ER100011_anno_rsem 0.95 1000 50 128000 -p 44 --seed 477107655
Refs.loadRefs finished!
Sampling is finished!
In thread 9, 1000 genes are processed for CI calculation!
In thread 41, 1000 genes are processed for CI calculation!
In thread 40, 1000 genes are processed for CI calculation!
In thread 27, 1000 genes are processed for CI calculation!
In thread 18, 1000 genes are processed for CI calculation!
In thread 28, 1000 genes are processed for CI calculation!
In thread 26, 1000 genes are processed for CI calculation!
In thread 36, 1000 genes are processed for CI calculation!
In thread 25, 1000 genes are processed for CI calculation!
In thread 17, 1000 genes are processed for CI calculation!
In thread 35, 1000 genes are processed for CI calculation!
In thread 20, 1000 genes are processed for CI calculation!
In thread 38, 1000 genes are processed for CI calculation!
In thread 37, 1000 genes are processed for CI calculation!
In thread 10, 1000 genes are processed for CI calculation!
In thread 21, 1000 genes are processed for CI calculation!
In thread 39, 1000 genes are processed for CI calculation!
In thread 19, 1000 genes are processed for CI calculation!
In thread 42, 1000 genes are processed for CI calculation!
In thread 8, 1000 genes are processed for CI calculation!
In thread 24, 1000 genes are processed for CI calculation!
In thread 29, 1000 genes are processed for CI calculation!
In thread 16, 1000 genes are processed for CI calculation!
In thread 22, 1000 genes are processed for CI calculation!
In thread 23, 1000 genes are processed for CI calculation!
In thread 34, 1000 genes are processed for CI calculation!
In thread 11, 1000 genes are processed for CI calculation!
In thread 30, 1000 genes are processed for CI calculation!
In thread 15, 1000 genes are processed for CI calculation!
In thread 14, 1000 genes are processed for CI calculation!
In thread 31, 1000 genes are processed for CI calculation!
In thread 12, 1000 genes are processed for CI calculation!
In thread 13, 1000 genes are processed for CI calculation!
In thread 9, 2000 genes are processed for CI calculation!
In thread 32, 1000 genes are processed for CI calculation!
In thread 7, 1000 genes are processed for CI calculation!
In thread 40, 2000 genes are processed for CI calculation!
In thread 41, 2000 genes are processed for CI calculation!
In thread 20, 2000 genes are processed for CI calculation!
In thread 28, 2000 genes are processed for CI calculation!
In thread 4, 1000 genes are processed for CI calculation!
In thread 27, 2000 genes are processed for CI calculation!
In thread 6, 1000 genes are processed for CI calculation!
In thread 10, 2000 genes are processed for CI calculation!
In thread 5, 1000 genes are processed for CI calculation!
In thread 36, 2000 genes are processed for CI calculation!
In thread 26, 2000 genes are processed for CI calculation!
In thread 38, 2000 genes are processed for CI calculation!
In thread 35, 2000 genes are processed for CI calculation!
In thread 24, 2000 genes are processed for CI calculation!
In thread 37, 2000 genes are processed for CI calculation!
In thread 39, 2000 genes are processed for CI calculation!
In thread 3, 1000 genes are processed for CI calculation!
In thread 25, 2000 genes are processed for CI calculation!
In thread 2, 1000 genes are processed for CI calculation!
In thread 1, 1000 genes are processed for CI calculation!
In thread 0, 1000 genes are processed for CI calculation!
In thread 34, 2000 genes are processed for CI calculation!
All credibility intervals are calculated!

rm -rf ER100011_anno_rsem.temp

/zata/zippy/ramirezc/rna-smk
Wed Jul 23 02:03:28 AM EDT 2025: Finished rsem quantification
