Wed Jul 23 01:16:47 AM EDT 2025: Running rsem quantification
/usr/local/bin/rsem.py:84: SyntaxWarning: invalid escape sequence '\.'
  remove_bam_from_end_re = re.compile("\.bam$")
2025-07-23 01:16:52,288 | INFO | __main__: Running RSEM command rsem-calculate-expression --bam --estimate-rspd --calc-ci --seed 42 -p 44 --no-bam-output --ci-memory 128000 --forward-prob 0 --paired-end /tmp/ER100005_anno.bam /tmp/5e583760-75fe-4471-9a63-5797b9382352/rsem ER100005_anno_rsem
2025-07-23 01:16:52,288 | INFO | __main__: Running RSEM command rsem-calculate-expression --bam --estimate-rspd --calc-ci --seed 42 -p 44 --no-bam-output --ci-memory 128000 --forward-prob 0 --paired-end /tmp/ER100005_anno.bam /tmp/5e583760-75fe-4471-9a63-5797b9382352/rsem ER100005_anno_rsem
rsem-parse-alignments /tmp/5e583760-75fe-4471-9a63-5797b9382352/rsem ER100005_anno_rsem.temp/ER100005_anno_rsem ER100005_anno_rsem.stat/ER100005_anno_rsem /tmp/ER100005_anno.bam 3 -tag XM
Parsed 1000000 entries
Parsed 2000000 entries
Parsed 3000000 entries
Parsed 4000000 entries
Parsed 5000000 entries
Parsed 6000000 entries
Parsed 7000000 entries
Parsed 8000000 entries
Parsed 9000000 entries
Parsed 10000000 entries
Parsed 11000000 entries
Parsed 12000000 entries
Parsed 13000000 entries
Parsed 14000000 entries
Parsed 15000000 entries
Parsed 16000000 entries
Parsed 17000000 entries
Parsed 18000000 entries
Parsed 19000000 entries
Parsed 20000000 entries
Parsed 21000000 entries
Parsed 22000000 entries
Parsed 23000000 entries
Parsed 24000000 entries
Parsed 25000000 entries
Parsed 26000000 entries
Parsed 27000000 entries
Parsed 28000000 entries
Parsed 29000000 entries
Parsed 30000000 entries
Parsed 31000000 entries
Parsed 32000000 entries
Parsed 33000000 entries
Parsed 34000000 entries
Parsed 35000000 entries
Parsed 36000000 entries
Parsed 37000000 entries
Parsed 38000000 entries
Parsed 39000000 entries
Parsed 40000000 entries
Parsed 41000000 entries
Parsed 42000000 entries
Parsed 43000000 entries
Parsed 44000000 entries
Parsed 45000000 entries
Parsed 46000000 entries
Parsed 47000000 entries
Parsed 48000000 entries
Done!

rsem-build-read-index 32 1 0 ER100005_anno_rsem.temp/ER100005_anno_rsem_alignable_1.fq ER100005_anno_rsem.temp/ER100005_anno_rsem_alignable_2.fq
FIN 1000000
FIN 2000000
FIN 3000000
FIN 4000000
FIN 5000000
FIN 6000000
FIN 7000000
FIN 8000000
FIN 9000000
FIN 10000000
FIN 11000000
FIN 12000000
FIN 13000000
FIN 14000000
FIN 15000000
Build Index ER100005_anno_rsem.temp/ER100005_anno_rsem_alignable_1.fq is Done!
FIN 1000000
FIN 2000000
FIN 3000000
FIN 4000000
FIN 5000000
FIN 6000000
FIN 7000000
FIN 8000000
FIN 9000000
FIN 10000000
FIN 11000000
FIN 12000000
FIN 13000000
FIN 14000000
FIN 15000000
Build Index ER100005_anno_rsem.temp/ER100005_anno_rsem_alignable_2.fq is Done!

rsem-run-em /tmp/5e583760-75fe-4471-9a63-5797b9382352/rsem 3 ER100005_anno_rsem ER100005_anno_rsem.temp/ER100005_anno_rsem ER100005_anno_rsem.stat/ER100005_anno_rsem -p 44 --gibbs-out
Refs.loadRefs finished!
Thread 0 : N = 349926, NHit = 1093300
DAT 15000000 reads left
Thread 1 : N = 351373, NHit = 1093298
Thread 2 : N = 352387, NHit = 1093300
Thread 3 : N = 350359, NHit = 1093301
DAT 14000000 reads left
Thread 4 : N = 351360, NHit = 1093297
Thread 5 : N = 351732, NHit = 1093298
Thread 6 : N = 350634, NHit = 1093298
DAT 13000000 reads left
Thread 7 : N = 350898, NHit = 1093300
Thread 8 : N = 352661, NHit = 1093300
DAT 12000000 reads left
Thread 9 : N = 351169, NHit = 1093298
Thread 10 : N = 351687, NHit = 1093301
Thread 11 : N = 351772, NHit = 1093297
DAT 11000000 reads left
Thread 12 : N = 351002, NHit = 1093307
Thread 13 : N = 351549, NHit = 1093302
Thread 14 : N = 351580, NHit = 1093299
DAT 10000000 reads left
Thread 15 : N = 351625, NHit = 1093300
Thread 16 : N = 352155, NHit = 1093298
Thread 17 : N = 352378, NHit = 1093298
DAT 9000000 reads left
Thread 18 : N = 351989, NHit = 1093310
Thread 19 : N = 351396, NHit = 1093297
Thread 20 : N = 350789, NHit = 1093297
DAT 8000000 reads left
Thread 21 : N = 351909, NHit = 1093300
Thread 22 : N = 352399, NHit = 1093312
Thread 23 : N = 352477, NHit = 1093303
DAT 7000000 reads left
Thread 24 : N = 351559, NHit = 1093299
Thread 25 : N = 350811, NHit = 1093298
DAT 6000000 reads left
Thread 26 : N = 351644, NHit = 1093303
Thread 27 : N = 350834, NHit = 1093298
Thread 28 : N = 351824, NHit = 1093297
DAT 5000000 reads left
Thread 29 : N = 351236, NHit = 1093298
Thread 30 : N = 352849, NHit = 1093301
Thread 31 : N = 351783, NHit = 1093298
DAT 4000000 reads left
Thread 32 : N = 351106, NHit = 1093302
Thread 33 : N = 350670, NHit = 1093309
Thread 34 : N = 351846, NHit = 1093302
DAT 3000000 reads left
Thread 35 : N = 350532, NHit = 1093299
Thread 36 : N = 350862, NHit = 1093306
Thread 37 : N = 352045, NHit = 1093299
DAT 2000000 reads left
Thread 38 : N = 351200, NHit = 1093297
Thread 39 : N = 351599, NHit = 1093309
Thread 40 : N = 352000, NHit = 1093297
DAT 1000000 reads left
Thread 41 : N = 351588, NHit = 1093311
Thread 42 : N = 351948, NHit = 1093302
Thread 43 : N = 346808, NHit = 1093161
EM_init finished!
estimateFromReads, N0 finished.
1000000 READS PROCESSED
2000000 READS PROCESSED
3000000 READS PROCESSED
4000000 READS PROCESSED
5000000 READS PROCESSED
6000000 READS PROCESSED
7000000 READS PROCESSED
8000000 READS PROCESSED
9000000 READS PROCESSED
10000000 READS PROCESSED
11000000 READS PROCESSED
12000000 READS PROCESSED
13000000 READS PROCESSED
14000000 READS PROCESSED
15000000 READS PROCESSED
estimateFromReads, N1 finished.
ROUND = 1, SUM = 16066946.0000001, bChange = 11929.3, totNum = 158354
ROUND = 2, SUM = 16066946, bChange = 0.999995, totNum = 52091
ROUND = 3, SUM = 16066945.9999999, bChange = 0.941372, totNum = 49518
ROUND = 4, SUM = 16066946, bChange = 0.933066, totNum = 47632
ROUND = 5, SUM = 16066946, bChange = 0.786158, totNum = 46070
ROUND = 6, SUM = 16066946.0000001, bChange = 0.746513, totNum = 44592
ROUND = 7, SUM = 16066946.0000001, bChange = 0.673472, totNum = 43260
ROUND = 8, SUM = 16066946, bChange = 0.630197, totNum = 41945
ROUND = 9, SUM = 16066946.0000001, bChange = 0.635098, totNum = 40607
ROUND = 10, SUM = 16066945.9999999, bChange = 0.637099, totNum = 39422
ROUND = 11, SUM = 16066946, bChange = 0.534869, totNum = 38197
ROUND = 12, SUM = 16066946, bChange = 0.534974, totNum = 36700
ROUND = 13, SUM = 16066946, bChange = 0.534441, totNum = 35513
ROUND = 14, SUM = 16066945.9999999, bChange = 0.462923, totNum = 34394
ROUND = 15, SUM = 16066946, bChange = 0.436421, totNum = 33345
ROUND = 16, SUM = 16066945.9999999, bChange = 0.400459, totNum = 32344
ROUND = 17, SUM = 16066945.9999999, bChange = 0.400713, totNum = 31426
ROUND = 18, SUM = 16066945.9999999, bChange = 0.400875, totNum = 30474
ROUND = 19, SUM = 16066946, bChange = 0.330994, totNum = 29546
ROUND = 20, SUM = 16066945.9999999, bChange = 0.330984, totNum = 28661
ROUND = 21, SUM = 16066945.9999999, bChange = 0.330977, totNum = 27777
ROUND = 22, SUM = 16066945.9999999, bChange = 0.32026, totNum = 26990
ROUND = 23, SUM = 16066945.9999999, bChange = 0.275371, totNum = 26194
ROUND = 24, SUM = 16066946, bChange = 0.379434, totNum = 25516
ROUND = 25, SUM = 16066946.0000001, bChange = 0.34631, totNum = 24801
ROUND = 26, SUM = 16066945.9999999, bChange = 0.298155, totNum = 24138
ROUND = 27, SUM = 16066946, bChange = 0.243274, totNum = 23494
ROUND = 28, SUM = 16066945.9999999, bChange = 0.229638, totNum = 22883
ROUND = 29, SUM = 16066945.9999999, bChange = 0.229934, totNum = 22277
ROUND = 30, SUM = 16066946, bChange = 0.230216, totNum = 21664
ROUND = 31, SUM = 16066945.9999999, bChange = 0.230486, totNum = 21054
ROUND = 32, SUM = 16066945.9999998, bChange = 0.230744, totNum = 20518
ROUND = 33, SUM = 16066945.9999999, bChange = 0.23099, totNum = 19981
ROUND = 34, SUM = 16066945.9999998, bChange = 0.231225, totNum = 19494
ROUND = 35, SUM = 16066946, bChange = 0.207085, totNum = 18986
ROUND = 36, SUM = 16066945.9999999, bChange = 0.193247, totNum = 18504
ROUND = 37, SUM = 16066945.9999999, bChange = 0.193244, totNum = 18023
ROUND = 38, SUM = 16066946, bChange = 0.193231, totNum = 17572
ROUND = 39, SUM = 16066946, bChange = 0.193211, totNum = 17153
ROUND = 40, SUM = 16066946, bChange = 0.193185, totNum = 16730
ROUND = 41, SUM = 16066945.9999999, bChange = 0.193154, totNum = 16331
ROUND = 42, SUM = 16066946, bChange = 0.193119, totNum = 15949
ROUND = 43, SUM = 16066946, bChange = 0.19308, totNum = 15567
ROUND = 44, SUM = 16066946, bChange = 0.193038, totNum = 15191
ROUND = 45, SUM = 16066946, bChange = 0.192994, totNum = 14884
ROUND = 46, SUM = 16066946, bChange = 0.192948, totNum = 14517
ROUND = 47, SUM = 16066946, bChange = 0.192901, totNum = 14171
ROUND = 48, SUM = 16066945.9999999, bChange = 0.192853, totNum = 13849
ROUND = 49, SUM = 16066945.9999999, bChange = 0.192804, totNum = 13517
ROUND = 50, SUM = 16066945.9999999, bChange = 0.192754, totNum = 13198
ROUND = 51, SUM = 16066945.9999999, bChange = 0.155419, totNum = 12926
ROUND = 52, SUM = 16066945.9999999, bChange = 0.155418, totNum = 12658
ROUND = 53, SUM = 16066945.9999999, bChange = 0.139461, totNum = 12377
ROUND = 54, SUM = 16066945.9999999, bChange = 0.139505, totNum = 12120
ROUND = 55, SUM = 16066945.9999999, bChange = 0.139545, totNum = 11851
ROUND = 56, SUM = 16066945.9999999, bChange = 0.13958, totNum = 11586
ROUND = 57, SUM = 16066946, bChange = 0.137732, totNum = 11327
ROUND = 58, SUM = 16066946, bChange = 0.137936, totNum = 11093
ROUND = 59, SUM = 16066945.9999999, bChange = 0.138128, totNum = 10862
ROUND = 60, SUM = 16066946, bChange = 0.13831, totNum = 10644
ROUND = 61, SUM = 16066946, bChange = 0.116779, totNum = 10439
ROUND = 62, SUM = 16066946, bChange = 0.116796, totNum = 10216
ROUND = 63, SUM = 16066945.9999998, bChange = 0.116811, totNum = 10030
ROUND = 64, SUM = 16066945.9999999, bChange = 0.116825, totNum = 9822
ROUND = 65, SUM = 16066946, bChange = 0.116837, totNum = 9611
ROUND = 66, SUM = 16066945.9999999, bChange = 0.116847, totNum = 9396
ROUND = 67, SUM = 16066945.9999999, bChange = 0.116857, totNum = 9229
ROUND = 68, SUM = 16066946, bChange = 0.100252, totNum = 9031
ROUND = 69, SUM = 16066946, bChange = 0.100353, totNum = 8841
ROUND = 70, SUM = 16066945.9999999, bChange = 0.100451, totNum = 8649
ROUND = 71, SUM = 16066946, bChange = 0.100546, totNum = 8478
ROUND = 72, SUM = 16066945.9999999, bChange = 0.0980722, totNum = 8295
ROUND = 73, SUM = 16066945.9999999, bChange = 0.0980608, totNum = 8152
ROUND = 74, SUM = 16066946, bChange = 0.09805, totNum = 8007
ROUND = 75, SUM = 16066946, bChange = 0.0935732, totNum = 7846
ROUND = 76, SUM = 16066946, bChange = 0.0935484, totNum = 7687
ROUND = 77, SUM = 16066946, bChange = 0.0935239, totNum = 7538
ROUND = 78, SUM = 16066946, bChange = 0.0934998, totNum = 7409
ROUND = 79, SUM = 16066946, bChange = 0.093476, totNum = 7266
ROUND = 80, SUM = 16066945.9999999, bChange = 0.0934525, totNum = 7116
ROUND = 81, SUM = 16066946.0000001, bChange = 0.0934294, totNum = 6992
ROUND = 82, SUM = 16066945.9999999, bChange = 0.0934066, totNum = 6860
ROUND = 83, SUM = 16066946, bChange = 0.0933841, totNum = 6751
ROUND = 84, SUM = 16066946, bChange = 0.093362, totNum = 6626
ROUND = 85, SUM = 16066945.9999999, bChange = 0.0824564, totNum = 6496
ROUND = 86, SUM = 16066946, bChange = 0.0824898, totNum = 6396
ROUND = 87, SUM = 16066946, bChange = 0.082522, totNum = 6268
ROUND = 88, SUM = 16066946, bChange = 0.0825529, totNum = 6151
ROUND = 89, SUM = 16066946, bChange = 0.0825827, totNum = 6049
ROUND = 90, SUM = 16066945.9999999, bChange = 0.0826114, totNum = 5950
ROUND = 91, SUM = 16066945.9999999, bChange = 0.082639, totNum = 5856
ROUND = 92, SUM = 16066945.9999999, bChange = 0.0777903, totNum = 5778
ROUND = 93, SUM = 16066945.9999998, bChange = 0.0777269, totNum = 5673
ROUND = 94, SUM = 16066946, bChange = 0.0776663, totNum = 5574
ROUND = 95, SUM = 16066945.9999999, bChange = 0.0776085, totNum = 5485
ROUND = 96, SUM = 16066945.9999999, bChange = 0.0775533, totNum = 5368
ROUND = 97, SUM = 16066945.9999999, bChange = 0.0775006, totNum = 5287
ROUND = 98, SUM = 16066946, bChange = 0.0774501, totNum = 5174
ROUND = 99, SUM = 16066946, bChange = 0.0708057, totNum = 5090
ROUND = 100, SUM = 16066946, bChange = 0.0708153, totNum = 5001
ROUND = 101, SUM = 16066945.9999999, bChange = 0.0663009, totNum = 4916
ROUND = 102, SUM = 16066945.9999999, bChange = 0.0663037, totNum = 4828
ROUND = 103, SUM = 16066945.9999999, bChange = 0.0648635, totNum = 4753
ROUND = 104, SUM = 16066945.9999999, bChange = 0.0649039, totNum = 4697
ROUND = 105, SUM = 16066946, bChange = 0.0649435, totNum = 4622
ROUND = 106, SUM = 16066945.9999999, bChange = 0.0649823, totNum = 4550
ROUND = 107, SUM = 16066945.9999999, bChange = 0.0650203, totNum = 4489
ROUND = 108, SUM = 16066945.9999999, bChange = 0.0650576, totNum = 4421
ROUND = 109, SUM = 16066945.9999999, bChange = 0.0650941, totNum = 4364
ROUND = 110, SUM = 16066945.9999998, bChange = 0.06513, totNum = 4310
ROUND = 111, SUM = 16066946, bChange = 0.0651651, totNum = 4248
ROUND = 112, SUM = 16066946, bChange = 0.0651996, totNum = 4185
ROUND = 113, SUM = 16066945.9999999, bChange = 0.0652335, totNum = 4114
ROUND = 114, SUM = 16066945.9999999, bChange = 0.0652668, totNum = 4052
ROUND = 115, SUM = 16066945.9999999, bChange = 0.0587781, totNum = 3986
ROUND = 116, SUM = 16066946, bChange = 0.0579053, totNum = 3935
ROUND = 117, SUM = 16066946, bChange = 0.0579064, totNum = 3881
ROUND = 118, SUM = 16066945.9999999, bChange = 0.0579075, totNum = 3840
ROUND = 119, SUM = 16066945.9999999, bChange = 0.0579085, totNum = 3792
ROUND = 120, SUM = 16066945.9999999, bChange = 0.0579095, totNum = 3734
ROUND = 121, SUM = 16066945.9999999, bChange = 0.0579104, totNum = 3688
ROUND = 122, SUM = 16066945.9999999, bChange = 0.0579113, totNum = 3649
ROUND = 123, SUM = 16066945.9999999, bChange = 0.0579121, totNum = 3609
ROUND = 124, SUM = 16066945.9999999, bChange = 0.0571981, totNum = 3551
ROUND = 125, SUM = 16066945.9999999, bChange = 0.0572074, totNum = 3506
ROUND = 126, SUM = 16066945.9999998, bChange = 0.0572165, totNum = 3471
ROUND = 127, SUM = 16066945.9999999, bChange = 0.0572254, totNum = 3427
ROUND = 128, SUM = 16066945.9999999, bChange = 0.0572341, totNum = 3387
ROUND = 129, SUM = 16066945.9999999, bChange = 0.0572427, totNum = 3352
ROUND = 130, SUM = 16066945.9999999, bChange = 0.0542859, totNum = 3311
ROUND = 131, SUM = 16066945.9999999, bChange = 0.0542858, totNum = 3278
ROUND = 132, SUM = 16066945.9999999, bChange = 0.0542858, totNum = 3246
ROUND = 133, SUM = 16066945.9999999, bChange = 0.0542857, totNum = 3191
ROUND = 134, SUM = 16066946, bChange = 0.0542857, totNum = 3160
ROUND = 135, SUM = 16066945.9999999, bChange = 0.0542857, totNum = 3120
ROUND = 136, SUM = 16066945.9999999, bChange = 0.0542857, totNum = 3071
ROUND = 137, SUM = 16066945.9999999, bChange = 0.0542856, totNum = 3027
ROUND = 138, SUM = 16066945.9999999, bChange = 0.0542856, totNum = 2988
ROUND = 139, SUM = 16066945.9999999, bChange = 0.0542856, totNum = 2944
ROUND = 140, SUM = 16066946, bChange = 0.0542855, totNum = 2912
ROUND = 141, SUM = 16066946, bChange = 0.0542855, totNum = 2871
ROUND = 142, SUM = 16066946, bChange = 0.0479963, totNum = 2842
ROUND = 143, SUM = 16066945.9999999, bChange = 0.0479989, totNum = 2809
ROUND = 144, SUM = 16066946, bChange = 0.0480013, totNum = 2776
ROUND = 145, SUM = 16066945.9999999, bChange = 0.0480036, totNum = 2749
ROUND = 146, SUM = 16066946, bChange = 0.0480057, totNum = 2718
ROUND = 147, SUM = 16066945.9999998, bChange = 0.0480077, totNum = 2681
ROUND = 148, SUM = 16066946, bChange = 0.0480095, totNum = 2650
ROUND = 149, SUM = 16066945.9999999, bChange = 0.0480112, totNum = 2618
ROUND = 150, SUM = 16066946, bChange = 0.0480128, totNum = 2590
ROUND = 151, SUM = 16066945.9999999, bChange = 0.0477132, totNum = 2562
ROUND = 152, SUM = 16066945.9999998, bChange = 0.0477363, totNum = 2538
ROUND = 153, SUM = 16066945.9999999, bChange = 0.0477587, totNum = 2511
ROUND = 154, SUM = 16066945.9999999, bChange = 0.0477804, totNum = 2486
ROUND = 155, SUM = 16066945.9999999, bChange = 0.0478015, totNum = 2469
ROUND = 156, SUM = 16066946, bChange = 0.0478219, totNum = 2438
ROUND = 157, SUM = 16066945.9999999, bChange = 0.0478418, totNum = 2417
ROUND = 158, SUM = 16066946, bChange = 0.047861, totNum = 2384
ROUND = 159, SUM = 16066946, bChange = 0.0478797, totNum = 2358
ROUND = 160, SUM = 16066945.9999999, bChange = 0.0478979, totNum = 2332
ROUND = 161, SUM = 16066946, bChange = 0.0479154, totNum = 2308
ROUND = 162, SUM = 16066945.9999999, bChange = 0.0479325, totNum = 2279
ROUND = 163, SUM = 16066945.9999999, bChange = 0.0424015, totNum = 2258
ROUND = 164, SUM = 16066945.9999999, bChange = 0.0424214, totNum = 2240
ROUND = 165, SUM = 16066946, bChange = 0.042441, totNum = 2212
ROUND = 166, SUM = 16066945.9999999, bChange = 0.0424604, totNum = 2194
ROUND = 167, SUM = 16066945.9999999, bChange = 0.0424795, totNum = 2168
ROUND = 168, SUM = 16066945.9999999, bChange = 0.0415279, totNum = 2147
ROUND = 169, SUM = 16066945.9999999, bChange = 0.0415534, totNum = 2122
ROUND = 170, SUM = 16066945.9999999, bChange = 0.0415787, totNum = 2103
ROUND = 171, SUM = 16066945.9999999, bChange = 0.0416038, totNum = 2074
ROUND = 172, SUM = 16066945.9999999, bChange = 0.0416285, totNum = 2046
ROUND = 173, SUM = 16066946, bChange = 0.041653, totNum = 2026
ROUND = 174, SUM = 16066945.9999999, bChange = 0.0416771, totNum = 2004
ROUND = 175, SUM = 16066946, bChange = 0.0417011, totNum = 1986
ROUND = 176, SUM = 16066945.9999999, bChange = 0.0417247, totNum = 1966
ROUND = 177, SUM = 16066946, bChange = 0.0417481, totNum = 1945
ROUND = 178, SUM = 16066946, bChange = 0.0417712, totNum = 1924
ROUND = 179, SUM = 16066946, bChange = 0.0417941, totNum = 1897
ROUND = 180, SUM = 16066945.9999999, bChange = 0.0418167, totNum = 1878
ROUND = 181, SUM = 16066945.9999999, bChange = 0.0353895, totNum = 1859
ROUND = 182, SUM = 16066945.9999999, bChange = 0.0354062, totNum = 1834
ROUND = 183, SUM = 16066945.9999999, bChange = 0.0354227, totNum = 1824
ROUND = 184, SUM = 16066945.9999999, bChange = 0.0347516, totNum = 1812
ROUND = 185, SUM = 16066946, bChange = 0.0347524, totNum = 1799
ROUND = 186, SUM = 16066945.9999999, bChange = 0.0347532, totNum = 1779
ROUND = 187, SUM = 16066945.9999999, bChange = 0.034754, totNum = 1766
ROUND = 188, SUM = 16066945.9999999, bChange = 0.0347547, totNum = 1752
ROUND = 189, SUM = 16066946, bChange = 0.041528, totNum = 1733
ROUND = 190, SUM = 16066945.9999999, bChange = 0.0403197, totNum = 1718
ROUND = 191, SUM = 16066945.9999999, bChange = 0.0391196, totNum = 1700
ROUND = 192, SUM = 16066946, bChange = 0.0379305, totNum = 1688
ROUND = 193, SUM = 16066946, bChange = 0.036755, totNum = 1673
ROUND = 194, SUM = 16066945.9999999, bChange = 0.0355957, totNum = 1657
ROUND = 195, SUM = 16066945.9999999, bChange = 0.0344549, totNum = 1643
ROUND = 196, SUM = 16066945.9999999, bChange = 0.0333347, totNum = 1628
ROUND = 197, SUM = 16066945.9999999, bChange = 0.0329655, totNum = 1618
ROUND = 198, SUM = 16066946, bChange = 0.0329705, totNum = 1601
ROUND = 199, SUM = 16066945.9999999, bChange = 0.0329754, totNum = 1590
ROUND = 200, SUM = 16066945.9999999, bChange = 0.0329802, totNum = 1578
ROUND = 201, SUM = 16066945.9999999, bChange = 0.0329848, totNum = 1567
ROUND = 202, SUM = 16066946, bChange = 0.0329893, totNum = 1555
ROUND = 203, SUM = 16066945.9999999, bChange = 0.0329937, totNum = 1539
ROUND = 204, SUM = 16066945.9999999, bChange = 0.032998, totNum = 1526
ROUND = 205, SUM = 16066946, bChange = 0.0330021, totNum = 1514
ROUND = 206, SUM = 16066946, bChange = 0.0330062, totNum = 1499
ROUND = 207, SUM = 16066946, bChange = 0.0330101, totNum = 1486
ROUND = 208, SUM = 16066945.9999999, bChange = 0.0330139, totNum = 1472
ROUND = 209, SUM = 16066945.9999999, bChange = 0.0330177, totNum = 1465
ROUND = 210, SUM = 16066945.9999999, bChange = 0.0330213, totNum = 1458
ROUND = 211, SUM = 16066945.9999999, bChange = 0.0330248, totNum = 1449
ROUND = 212, SUM = 16066945.9999999, bChange = 0.0330283, totNum = 1437
ROUND = 213, SUM = 16066945.9999999, bChange = 0.0330316, totNum = 1425
ROUND = 214, SUM = 16066945.9999999, bChange = 0.0330349, totNum = 1409
ROUND = 215, SUM = 16066946, bChange = 0.033038, totNum = 1395
ROUND = 216, SUM = 16066946, bChange = 0.0330411, totNum = 1382
ROUND = 217, SUM = 16066945.9999999, bChange = 0.0330441, totNum = 1371
ROUND = 218, SUM = 16066946, bChange = 0.0330471, totNum = 1358
ROUND = 219, SUM = 16066946, bChange = 0.0330499, totNum = 1344
ROUND = 220, SUM = 16066945.9999999, bChange = 0.0330527, totNum = 1333
ROUND = 221, SUM = 16066945.9999999, bChange = 0.0330554, totNum = 1323
ROUND = 222, SUM = 16066945.9999999, bChange = 0.033058, totNum = 1317
ROUND = 223, SUM = 16066945.9999999, bChange = 0.0330606, totNum = 1306
ROUND = 224, SUM = 16066945.9999999, bChange = 0.0330631, totNum = 1300
ROUND = 225, SUM = 16066945.9999999, bChange = 0.0330655, totNum = 1292
ROUND = 226, SUM = 16066945.9999999, bChange = 0.0330678, totNum = 1280
ROUND = 227, SUM = 16066945.9999999, bChange = 0.0330701, totNum = 1275
ROUND = 228, SUM = 16066945.9999999, bChange = 0.0330724, totNum = 1262
ROUND = 229, SUM = 16066945.9999999, bChange = 0.0330746, totNum = 1253
ROUND = 230, SUM = 16066945.9999999, bChange = 0.0330767, totNum = 1244
ROUND = 231, SUM = 16066946, bChange = 0.0330787, totNum = 1236
ROUND = 232, SUM = 16066946, bChange = 0.0330808, totNum = 1219
ROUND = 233, SUM = 16066945.9999999, bChange = 0.0330827, totNum = 1206
ROUND = 234, SUM = 16066945.9999999, bChange = 0.0320309, totNum = 1195
ROUND = 235, SUM = 16066945.9999999, bChange = 0.0320313, totNum = 1186
ROUND = 236, SUM = 16066946, bChange = 0.0320317, totNum = 1180
ROUND = 237, SUM = 16066946, bChange = 0.0320321, totNum = 1169
ROUND = 238, SUM = 16066946, bChange = 0.0320324, totNum = 1161
ROUND = 239, SUM = 16066945.9999999, bChange = 0.0320328, totNum = 1149
ROUND = 240, SUM = 16066945.9999999, bChange = 0.0320331, totNum = 1143
ROUND = 241, SUM = 16066946, bChange = 0.0320334, totNum = 1134
ROUND = 242, SUM = 16066945.9999999, bChange = 0.0320338, totNum = 1128
ROUND = 243, SUM = 16066945.9999999, bChange = 0.0320341, totNum = 1118
ROUND = 244, SUM = 16066946, bChange = 0.0320344, totNum = 1110
ROUND = 245, SUM = 16066945.9999999, bChange = 0.0320347, totNum = 1100
ROUND = 246, SUM = 16066946, bChange = 0.0320349, totNum = 1093
ROUND = 247, SUM = 16066945.9999999, bChange = 0.0320352, totNum = 1084
ROUND = 248, SUM = 16066945.9999999, bChange = 0.0320355, totNum = 1077
ROUND = 249, SUM = 16066945.9999999, bChange = 0.0320357, totNum = 1070
ROUND = 250, SUM = 16066946, bChange = 0.032036, totNum = 1061
ROUND = 251, SUM = 16066945.9999999, bChange = 0.0320362, totNum = 1055
ROUND = 252, SUM = 16066945.9999999, bChange = 0.0320364, totNum = 1048
ROUND = 253, SUM = 16066946, bChange = 0.0320367, totNum = 1039
ROUND = 254, SUM = 16066945.9999999, bChange = 0.0320369, totNum = 1032
ROUND = 255, SUM = 16066945.9999999, bChange = 0.0320371, totNum = 1018
ROUND = 256, SUM = 16066945.9999999, bChange = 0.0320373, totNum = 1013
ROUND = 257, SUM = 16066945.9999999, bChange = 0.0320375, totNum = 1005
ROUND = 258, SUM = 16066945.9999999, bChange = 0.0320377, totNum = 998
ROUND = 259, SUM = 16066945.9999999, bChange = 0.0320379, totNum = 992
ROUND = 260, SUM = 16066945.9999999, bChange = 0.032038, totNum = 983
ROUND = 261, SUM = 16066945.9999999, bChange = 0.0320382, totNum = 979
ROUND = 262, SUM = 16066945.9999999, bChange = 0.0320384, totNum = 971
ROUND = 263, SUM = 16066945.9999999, bChange = 0.0320385, totNum = 967
ROUND = 264, SUM = 16066946, bChange = 0.0320387, totNum = 960
ROUND = 265, SUM = 16066946, bChange = 0.0320388, totNum = 954
ROUND = 266, SUM = 16066946, bChange = 0.032039, totNum = 948
ROUND = 267, SUM = 16066945.9999999, bChange = 0.0320391, totNum = 946
ROUND = 268, SUM = 16066945.9999999, bChange = 0.0320393, totNum = 943
ROUND = 269, SUM = 16066945.9999999, bChange = 0.0320394, totNum = 939
ROUND = 270, SUM = 16066945.9999999, bChange = 0.0320395, totNum = 932
ROUND = 271, SUM = 16066945.9999999, bChange = 0.0320397, totNum = 924
ROUND = 272, SUM = 16066945.9999999, bChange = 0.0248973, totNum = 917
ROUND = 273, SUM = 16066946, bChange = 0.024898, totNum = 909
ROUND = 274, SUM = 16066945.9999999, bChange = 0.0248986, totNum = 898
ROUND = 275, SUM = 16066945.9999999, bChange = 0.0248993, totNum = 889
ROUND = 276, SUM = 16066945.9999999, bChange = 0.0248999, totNum = 879
ROUND = 277, SUM = 16066945.9999999, bChange = 0.0249005, totNum = 872
ROUND = 278, SUM = 16066945.9999999, bChange = 0.0249011, totNum = 858
ROUND = 279, SUM = 16066945.9999999, bChange = 0.0249017, totNum = 854
ROUND = 280, SUM = 16066945.9999999, bChange = 0.0249023, totNum = 848
ROUND = 281, SUM = 16066945.9999999, bChange = 0.0249028, totNum = 843
ROUND = 282, SUM = 16066945.9999999, bChange = 0.0249034, totNum = 834
ROUND = 283, SUM = 16066946, bChange = 0.0249039, totNum = 832
ROUND = 284, SUM = 16066945.9999999, bChange = 0.0249044, totNum = 828
ROUND = 285, SUM = 16066945.9999999, bChange = 0.0249049, totNum = 823
ROUND = 286, SUM = 16066945.9999999, bChange = 0.0249054, totNum = 817
ROUND = 287, SUM = 16066945.9999999, bChange = 0.0249058, totNum = 811
ROUND = 288, SUM = 16066945.9999999, bChange = 0.0249063, totNum = 810
ROUND = 289, SUM = 16066945.9999999, bChange = 0.0249068, totNum = 808
ROUND = 290, SUM = 16066946, bChange = 0.0249072, totNum = 805
ROUND = 291, SUM = 16066945.9999999, bChange = 0.0249076, totNum = 801
ROUND = 292, SUM = 16066945.9999999, bChange = 0.024908, totNum = 798
ROUND = 293, SUM = 16066945.9999999, bChange = 0.0249084, totNum = 794
ROUND = 294, SUM = 16066945.9999999, bChange = 0.0249088, totNum = 789
ROUND = 295, SUM = 16066945.9999999, bChange = 0.0249092, totNum = 785
ROUND = 296, SUM = 16066945.9999999, bChange = 0.0249096, totNum = 779
ROUND = 297, SUM = 16066946, bChange = 0.0249099, totNum = 773
ROUND = 298, SUM = 16066946, bChange = 0.0249103, totNum = 772
ROUND = 299, SUM = 16066945.9999999, bChange = 0.0249106, totNum = 766
ROUND = 300, SUM = 16066945.9999999, bChange = 0.024911, totNum = 760
ROUND = 301, SUM = 16066945.9999999, bChange = 0.0249113, totNum = 755
ROUND = 302, SUM = 16066946, bChange = 0.0249116, totNum = 750
ROUND = 303, SUM = 16066946, bChange = 0.0249119, totNum = 749
ROUND = 304, SUM = 16066946, bChange = 0.0249122, totNum = 748
ROUND = 305, SUM = 16066945.9999999, bChange = 0.0249125, totNum = 741
ROUND = 306, SUM = 16066945.9999999, bChange = 0.0249128, totNum = 737
ROUND = 307, SUM = 16066945.9999999, bChange = 0.0249131, totNum = 735
ROUND = 308, SUM = 16066946, bChange = 0.0249133, totNum = 731
ROUND = 309, SUM = 16066945.9999999, bChange = 0.0249136, totNum = 726
ROUND = 310, SUM = 16066945.9999999, bChange = 0.0249139, totNum = 717
ROUND = 311, SUM = 16066945.9999999, bChange = 0.0249141, totNum = 713
ROUND = 312, SUM = 16066946, bChange = 0.0223691, totNum = 713
ROUND = 313, SUM = 16066945.9999999, bChange = 0.0223688, totNum = 709
ROUND = 314, SUM = 16066945.9999999, bChange = 0.0223684, totNum = 705
ROUND = 315, SUM = 16066945.9999999, bChange = 0.0223681, totNum = 696
ROUND = 316, SUM = 16066945.9999999, bChange = 0.0218027, totNum = 690
ROUND = 317, SUM = 16066945.9999999, bChange = 0.0218027, totNum = 688
ROUND = 318, SUM = 16066946, bChange = 0.0218027, totNum = 685
ROUND = 319, SUM = 16066945.9999999, bChange = 0.0218026, totNum = 684
ROUND = 320, SUM = 16066946, bChange = 0.0218026, totNum = 684
ROUND = 321, SUM = 16066945.9999999, bChange = 0.0218026, totNum = 681
ROUND = 322, SUM = 16066945.9999999, bChange = 0.0218025, totNum = 672
ROUND = 323, SUM = 16066946, bChange = 0.0218025, totNum = 670
ROUND = 324, SUM = 16066946, bChange = 0.0218025, totNum = 661
ROUND = 325, SUM = 16066945.9999999, bChange = 0.0218025, totNum = 657
ROUND = 326, SUM = 16066945.9999999, bChange = 0.0218024, totNum = 653
ROUND = 327, SUM = 16066946, bChange = 0.0218024, totNum = 650
ROUND = 328, SUM = 16066945.9999999, bChange = 0.0218024, totNum = 645
ROUND = 329, SUM = 16066946, bChange = 0.0218024, totNum = 644
ROUND = 330, SUM = 16066945.9999999, bChange = 0.0218023, totNum = 642
ROUND = 331, SUM = 16066945.9999999, bChange = 0.0218023, totNum = 639
ROUND = 332, SUM = 16066945.9999999, bChange = 0.0218023, totNum = 636
ROUND = 333, SUM = 16066945.9999999, bChange = 0.0218023, totNum = 635
ROUND = 334, SUM = 16066945.9999999, bChange = 0.0218023, totNum = 631
ROUND = 335, SUM = 16066945.9999999, bChange = 0.0218022, totNum = 630
ROUND = 336, SUM = 16066945.9999999, bChange = 0.0218022, totNum = 629
ROUND = 337, SUM = 16066945.9999999, bChange = 0.0218022, totNum = 628
ROUND = 338, SUM = 16066945.9999999, bChange = 0.0218022, totNum = 627
ROUND = 339, SUM = 16066945.9999999, bChange = 0.0218022, totNum = 618
ROUND = 340, SUM = 16066946, bChange = 0.0218021, totNum = 615
ROUND = 341, SUM = 16066945.9999999, bChange = 0.0218021, totNum = 612
ROUND = 342, SUM = 16066946, bChange = 0.0218021, totNum = 611
ROUND = 343, SUM = 16066945.9999999, bChange = 0.0218021, totNum = 607
ROUND = 344, SUM = 16066946, bChange = 0.0218021, totNum = 605
ROUND = 345, SUM = 16066946, bChange = 0.0218021, totNum = 601
ROUND = 346, SUM = 16066945.9999999, bChange = 0.021802, totNum = 600
ROUND = 347, SUM = 16066945.9999999, bChange = 0.021802, totNum = 597
ROUND = 348, SUM = 16066945.9999999, bChange = 0.021802, totNum = 593
ROUND = 349, SUM = 16066946, bChange = 0.021802, totNum = 589
ROUND = 350, SUM = 16066945.9999999, bChange = 0.021802, totNum = 586
ROUND = 351, SUM = 16066945.9999999, bChange = 0.021802, totNum = 586
ROUND = 352, SUM = 16066946, bChange = 0.0218019, totNum = 584
ROUND = 353, SUM = 16066946, bChange = 0.0218019, totNum = 583
ROUND = 354, SUM = 16066945.9999999, bChange = 0.0218019, totNum = 581
ROUND = 355, SUM = 16066946, bChange = 0.0218019, totNum = 579
ROUND = 356, SUM = 16066945.9999999, bChange = 0.0218019, totNum = 578
ROUND = 357, SUM = 16066946, bChange = 0.0218019, totNum = 577
ROUND = 358, SUM = 16066945.9999999, bChange = 0.0218019, totNum = 576
ROUND = 359, SUM = 16066945.9999999, bChange = 0.0218019, totNum = 573
ROUND = 360, SUM = 16066946, bChange = 0.0218018, totNum = 571
ROUND = 361, SUM = 16066945.9999999, bChange = 0.0218018, totNum = 569
ROUND = 362, SUM = 16066945.9999999, bChange = 0.0218018, totNum = 564
ROUND = 363, SUM = 16066946, bChange = 0.0218018, totNum = 563
ROUND = 364, SUM = 16066945.9999999, bChange = 0.0218018, totNum = 562
ROUND = 365, SUM = 16066945.9999999, bChange = 0.0218018, totNum = 559
ROUND = 366, SUM = 16066945.9999999, bChange = 0.0218018, totNum = 558
ROUND = 367, SUM = 16066946, bChange = 0.0218018, totNum = 555
ROUND = 368, SUM = 16066945.9999999, bChange = 0.0218018, totNum = 553
ROUND = 369, SUM = 16066945.9999999, bChange = 0.0218017, totNum = 551
ROUND = 370, SUM = 16066946, bChange = 0.0218017, totNum = 551
ROUND = 371, SUM = 16066945.9999999, bChange = 0.0218017, totNum = 549
ROUND = 372, SUM = 16066946, bChange = 0.0218017, totNum = 544
ROUND = 373, SUM = 16066946, bChange = 0.0218017, totNum = 542
ROUND = 374, SUM = 16066945.9999999, bChange = 0.0218017, totNum = 538
ROUND = 375, SUM = 16066945.9999999, bChange = 0.0218017, totNum = 535
ROUND = 376, SUM = 16066946, bChange = 0.0218017, totNum = 533
ROUND = 377, SUM = 16066945.9999999, bChange = 0.0218017, totNum = 532
ROUND = 378, SUM = 16066946, bChange = 0.0218017, totNum = 530
ROUND = 379, SUM = 16066946, bChange = 0.0218017, totNum = 528
ROUND = 380, SUM = 16066946, bChange = 0.0218016, totNum = 526
ROUND = 381, SUM = 16066946, bChange = 0.0218016, totNum = 523
ROUND = 382, SUM = 16066946, bChange = 0.0218016, totNum = 521
ROUND = 383, SUM = 16066945.9999999, bChange = 0.0218016, totNum = 516
ROUND = 384, SUM = 16066946, bChange = 0.0218016, totNum = 516
ROUND = 385, SUM = 16066946, bChange = 0.0177625, totNum = 514
ROUND = 386, SUM = 16066945.9999999, bChange = 0.0177632, totNum = 509
ROUND = 387, SUM = 16066945.9999999, bChange = 0.0177639, totNum = 507
ROUND = 388, SUM = 16066945.9999999, bChange = 0.0177646, totNum = 502
ROUND = 389, SUM = 16066946, bChange = 0.0177653, totNum = 501
ROUND = 390, SUM = 16066945.9999999, bChange = 0.0177659, totNum = 499
ROUND = 391, SUM = 16066946, bChange = 0.0177665, totNum = 496
ROUND = 392, SUM = 16066945.9999999, bChange = 0.0177672, totNum = 494
ROUND = 393, SUM = 16066946, bChange = 0.0177678, totNum = 493
ROUND = 394, SUM = 16066945.9999999, bChange = 0.0177684, totNum = 492
ROUND = 395, SUM = 16066945.9999999, bChange = 0.017769, totNum = 488
ROUND = 396, SUM = 16066945.9999999, bChange = 0.0177696, totNum = 484
ROUND = 397, SUM = 16066945.9999999, bChange = 0.0177702, totNum = 483
ROUND = 398, SUM = 16066946, bChange = 0.0177708, totNum = 480
ROUND = 399, SUM = 16066946, bChange = 0.0177714, totNum = 479
ROUND = 400, SUM = 16066945.9999999, bChange = 0.0177719, totNum = 477
ROUND = 401, SUM = 16066946, bChange = 0.0177725, totNum = 475
ROUND = 402, SUM = 16066945.9999999, bChange = 0.017773, totNum = 472
ROUND = 403, SUM = 16066946, bChange = 0.0177736, totNum = 471
ROUND = 404, SUM = 16066946, bChange = 0.0168895, totNum = 469
ROUND = 405, SUM = 16066945.9999999, bChange = 0.0168898, totNum = 467
ROUND = 406, SUM = 16066946, bChange = 0.0168901, totNum = 466
ROUND = 407, SUM = 16066946, bChange = 0.0168904, totNum = 464
ROUND = 408, SUM = 16066945.9999999, bChange = 0.0168907, totNum = 463
ROUND = 409, SUM = 16066945.9999999, bChange = 0.016891, totNum = 463
ROUND = 410, SUM = 16066945.9999999, bChange = 0.0168913, totNum = 462
ROUND = 411, SUM = 16066945.9999999, bChange = 0.0168916, totNum = 460
ROUND = 412, SUM = 16066946, bChange = 0.0168919, totNum = 459
ROUND = 413, SUM = 16066946, bChange = 0.0168922, totNum = 458
ROUND = 414, SUM = 16066945.9999998, bChange = 0.0168925, totNum = 458
ROUND = 415, SUM = 16066945.9999999, bChange = 0.0168928, totNum = 458
ROUND = 416, SUM = 16066946, bChange = 0.0150793, totNum = 451
ROUND = 417, SUM = 16066946, bChange = 0.0150794, totNum = 449
ROUND = 418, SUM = 16066945.9999999, bChange = 0.0150795, totNum = 447
ROUND = 419, SUM = 16066946, bChange = 0.0150796, totNum = 444
ROUND = 420, SUM = 16066945.9999999, bChange = 0.0150797, totNum = 444
ROUND = 421, SUM = 16066945.9999999, bChange = 0.0150798, totNum = 443
ROUND = 422, SUM = 16066945.9999999, bChange = 0.0150799, totNum = 440
ROUND = 423, SUM = 16066946, bChange = 0.01508, totNum = 436
ROUND = 424, SUM = 16066945.9999999, bChange = 0.0150801, totNum = 435
ROUND = 425, SUM = 16066945.9999999, bChange = 0.0150802, totNum = 433
ROUND = 426, SUM = 16066946, bChange = 0.0150803, totNum = 431
ROUND = 427, SUM = 16066945.9999999, bChange = 0.0150804, totNum = 430
ROUND = 428, SUM = 16066945.9999999, bChange = 0.0150805, totNum = 430
ROUND = 429, SUM = 16066945.9999999, bChange = 0.0150805, totNum = 427
ROUND = 430, SUM = 16066946, bChange = 0.0150806, totNum = 425
ROUND = 431, SUM = 16066946, bChange = 0.0150807, totNum = 422
ROUND = 432, SUM = 16066946, bChange = 0.0150808, totNum = 421
ROUND = 433, SUM = 16066945.9999999, bChange = 0.0150809, totNum = 419
ROUND = 434, SUM = 16066945.9999999, bChange = 0.015081, totNum = 418
ROUND = 435, SUM = 16066945.9999999, bChange = 0.0150811, totNum = 416
ROUND = 436, SUM = 16066945.9999999, bChange = 0.0150812, totNum = 414
ROUND = 437, SUM = 16066945.9999999, bChange = 0.0150813, totNum = 413
ROUND = 438, SUM = 16066945.9999999, bChange = 0.0150814, totNum = 413
ROUND = 439, SUM = 16066946, bChange = 0.0150814, totNum = 410
ROUND = 440, SUM = 16066945.9999999, bChange = 0.0150815, totNum = 407
ROUND = 441, SUM = 16066945.9999999, bChange = 0.0150816, totNum = 406
ROUND = 442, SUM = 16066945.9999999, bChange = 0.0150817, totNum = 405
ROUND = 443, SUM = 16066945.9999999, bChange = 0.0150818, totNum = 404
ROUND = 444, SUM = 16066945.9999999, bChange = 0.0150819, totNum = 403
ROUND = 445, SUM = 16066945.9999999, bChange = 0.015082, totNum = 404
ROUND = 446, SUM = 16066945.9999999, bChange = 0.0150821, totNum = 403
ROUND = 447, SUM = 16066945.9999999, bChange = 0.0150821, totNum = 400
ROUND = 448, SUM = 16066945.9999999, bChange = 0.0150822, totNum = 400
ROUND = 449, SUM = 16066945.9999999, bChange = 0.0150823, totNum = 399
ROUND = 450, SUM = 16066945.9999999, bChange = 0.0150824, totNum = 394
ROUND = 451, SUM = 16066945.9999999, bChange = 0.0150825, totNum = 392
ROUND = 452, SUM = 16066945.9999999, bChange = 0.0150826, totNum = 392
ROUND = 453, SUM = 16066945.9999999, bChange = 0.0150826, totNum = 391
ROUND = 454, SUM = 16066945.9999999, bChange = 0.0150827, totNum = 389
ROUND = 455, SUM = 16066945.9999999, bChange = 0.0150828, totNum = 388
ROUND = 456, SUM = 16066946, bChange = 0.0150829, totNum = 386
ROUND = 457, SUM = 16066945.9999999, bChange = 0.015083, totNum = 386
ROUND = 458, SUM = 16066945.9999999, bChange = 0.015083, totNum = 384
ROUND = 459, SUM = 16066945.9999999, bChange = 0.0150831, totNum = 382
ROUND = 460, SUM = 16066945.9999999, bChange = 0.0150832, totNum = 377
ROUND = 461, SUM = 16066945.9999999, bChange = 0.0145104, totNum = 374
ROUND = 462, SUM = 16066945.9999999, bChange = 0.0145106, totNum = 374
ROUND = 463, SUM = 16066945.9999999, bChange = 0.0145108, totNum = 374
ROUND = 464, SUM = 16066945.9999999, bChange = 0.0145111, totNum = 372
ROUND = 465, SUM = 16066945.9999999, bChange = 0.0145113, totNum = 369
ROUND = 466, SUM = 16066945.9999999, bChange = 0.0145115, totNum = 368
ROUND = 467, SUM = 16066945.9999999, bChange = 0.0145117, totNum = 364
ROUND = 468, SUM = 16066945.9999999, bChange = 0.014512, totNum = 363
ROUND = 469, SUM = 16066945.9999999, bChange = 0.0145122, totNum = 364
ROUND = 470, SUM = 16066945.9999999, bChange = 0.0145124, totNum = 363
ROUND = 471, SUM = 16066945.9999999, bChange = 0.0145126, totNum = 360
ROUND = 472, SUM = 16066945.9999999, bChange = 0.0145128, totNum = 360
ROUND = 473, SUM = 16066946, bChange = 0.014513, totNum = 359
ROUND = 474, SUM = 16066945.9999999, bChange = 0.0145132, totNum = 357
ROUND = 475, SUM = 16066945.9999999, bChange = 0.0145134, totNum = 357
ROUND = 476, SUM = 16066945.9999999, bChange = 0.0145136, totNum = 356
ROUND = 477, SUM = 16066946, bChange = 0.0145138, totNum = 355
ROUND = 478, SUM = 16066945.9999999, bChange = 0.014514, totNum = 353
ROUND = 479, SUM = 16066945.9999999, bChange = 0.0145142, totNum = 350
ROUND = 480, SUM = 16066945.9999999, bChange = 0.0145143, totNum = 349
ROUND = 481, SUM = 16066946, bChange = 0.0145145, totNum = 348
ROUND = 482, SUM = 16066945.9999999, bChange = 0.0145147, totNum = 348
ROUND = 483, SUM = 16066945.9999999, bChange = 0.0145149, totNum = 347
ROUND = 484, SUM = 16066946, bChange = 0.0145151, totNum = 346
ROUND = 485, SUM = 16066945.9999999, bChange = 0.0145152, totNum = 345
ROUND = 486, SUM = 16066946, bChange = 0.0145154, totNum = 344
ROUND = 487, SUM = 16066945.9999999, bChange = 0.0145156, totNum = 343
ROUND = 488, SUM = 16066946, bChange = 0.0145157, totNum = 341
ROUND = 489, SUM = 16066945.9999999, bChange = 0.0145159, totNum = 341
ROUND = 490, SUM = 16066945.9999999, bChange = 0.0145161, totNum = 341
ROUND = 491, SUM = 16066945.9999999, bChange = 0.0145162, totNum = 339
ROUND = 492, SUM = 16066946, bChange = 0.0145164, totNum = 337
ROUND = 493, SUM = 16066946, bChange = 0.0145165, totNum = 336
ROUND = 494, SUM = 16066945.9999999, bChange = 0.0145167, totNum = 336
ROUND = 495, SUM = 16066945.9999999, bChange = 0.0145168, totNum = 335
ROUND = 496, SUM = 16066945.9999999, bChange = 0.014517, totNum = 331
ROUND = 497, SUM = 16066945.9999999, bChange = 0.0145171, totNum = 327
ROUND = 498, SUM = 16066945.9999999, bChange = 0.0145173, totNum = 326
ROUND = 499, SUM = 16066946, bChange = 0.0145174, totNum = 325
ROUND = 500, SUM = 16066946, bChange = 0.0145175, totNum = 325
ROUND = 501, SUM = 16066945.9999999, bChange = 0.0145177, totNum = 323
ROUND = 502, SUM = 16066946, bChange = 0.0145178, totNum = 322
ROUND = 503, SUM = 16066945.9999999, bChange = 0.0145179, totNum = 322
ROUND = 504, SUM = 16066946, bChange = 0.0145181, totNum = 320
ROUND = 505, SUM = 16066946, bChange = 0.0145182, totNum = 317
ROUND = 506, SUM = 16066946, bChange = 0.0145183, totNum = 314
ROUND = 507, SUM = 16066946, bChange = 0.0145185, totNum = 314
ROUND = 508, SUM = 16066945.9999999, bChange = 0.0145186, totNum = 311
ROUND = 509, SUM = 16066945.9999999, bChange = 0.0145187, totNum = 310
ROUND = 510, SUM = 16066946, bChange = 0.0145188, totNum = 310
ROUND = 511, SUM = 16066945.9999999, bChange = 0.0145189, totNum = 310
ROUND = 512, SUM = 16066946, bChange = 0.0145191, totNum = 309
ROUND = 513, SUM = 16066946, bChange = 0.0145192, totNum = 308
ROUND = 514, SUM = 16066946, bChange = 0.0145193, totNum = 305
ROUND = 515, SUM = 16066946, bChange = 0.0145194, totNum = 304
ROUND = 516, SUM = 16066945.9999999, bChange = 0.0145195, totNum = 304
ROUND = 517, SUM = 16066945.9999999, bChange = 0.0145196, totNum = 304
ROUND = 518, SUM = 16066945.9999999, bChange = 0.0145197, totNum = 302
ROUND = 519, SUM = 16066945.9999999, bChange = 0.0145198, totNum = 300
ROUND = 520, SUM = 16066945.9999999, bChange = 0.0145199, totNum = 300
ROUND = 521, SUM = 16066945.9999999, bChange = 0.01452, totNum = 300
ROUND = 522, SUM = 16066945.9999999, bChange = 0.0145201, totNum = 298
ROUND = 523, SUM = 16066945.9999999, bChange = 0.0145202, totNum = 296
ROUND = 524, SUM = 16066946, bChange = 0.0145203, totNum = 295
ROUND = 525, SUM = 16066945.9999999, bChange = 0.0145204, totNum = 295
ROUND = 526, SUM = 16066945.9999999, bChange = 0.0145205, totNum = 295
ROUND = 527, SUM = 16066946, bChange = 0.0145206, totNum = 294
ROUND = 528, SUM = 16066945.9999999, bChange = 0.0145207, totNum = 294
ROUND = 529, SUM = 16066946, bChange = 0.0145208, totNum = 294
ROUND = 530, SUM = 16066945.9999999, bChange = 0.0145209, totNum = 293
ROUND = 531, SUM = 16066946, bChange = 0.0136975, totNum = 293
ROUND = 532, SUM = 16066945.9999999, bChange = 0.0136977, totNum = 293
ROUND = 533, SUM = 16066945.9999999, bChange = 0.0136978, totNum = 291
ROUND = 534, SUM = 16066945.9999999, bChange = 0.0136979, totNum = 290
ROUND = 535, SUM = 16066945.9999999, bChange = 0.0136981, totNum = 290
ROUND = 536, SUM = 16066946, bChange = 0.0136982, totNum = 290
ROUND = 537, SUM = 16066946, bChange = 0.0136983, totNum = 289
ROUND = 538, SUM = 16066946, bChange = 0.0136984, totNum = 288
ROUND = 539, SUM = 16066946, bChange = 0.0136986, totNum = 287
ROUND = 540, SUM = 16066946, bChange = 0.0136987, totNum = 285
ROUND = 541, SUM = 16066945.9999999, bChange = 0.0136988, totNum = 285
ROUND = 542, SUM = 16066945.9999999, bChange = 0.0136989, totNum = 284
ROUND = 543, SUM = 16066945.9999999, bChange = 0.013699, totNum = 283
ROUND = 544, SUM = 16066945.9999999, bChange = 0.0136991, totNum = 283
ROUND = 545, SUM = 16066946, bChange = 0.0136992, totNum = 280
ROUND = 546, SUM = 16066945.9999999, bChange = 0.0136994, totNum = 279
ROUND = 547, SUM = 16066945.9999999, bChange = 0.0136995, totNum = 278
ROUND = 548, SUM = 16066946, bChange = 0.0136996, totNum = 277
ROUND = 549, SUM = 16066946, bChange = 0.0136997, totNum = 276
ROUND = 550, SUM = 16066946, bChange = 0.0136998, totNum = 272
ROUND = 551, SUM = 16066945.9999999, bChange = 0.0136999, totNum = 272
ROUND = 552, SUM = 16066946, bChange = 0.0137, totNum = 270
ROUND = 553, SUM = 16066945.9999999, bChange = 0.0137001, totNum = 270
ROUND = 554, SUM = 16066945.9999999, bChange = 0.0137002, totNum = 269
ROUND = 555, SUM = 16066945.9999999, bChange = 0.0137003, totNum = 269
ROUND = 556, SUM = 16066945.9999999, bChange = 0.0137004, totNum = 268
ROUND = 557, SUM = 16066945.9999999, bChange = 0.0137005, totNum = 266
ROUND = 558, SUM = 16066945.9999999, bChange = 0.0137006, totNum = 265
ROUND = 559, SUM = 16066945.9999999, bChange = 0.0137007, totNum = 265
ROUND = 560, SUM = 16066945.9999999, bChange = 0.0137007, totNum = 265
ROUND = 561, SUM = 16066945.9999999, bChange = 0.0137008, totNum = 264
ROUND = 562, SUM = 16066945.9999999, bChange = 0.0137009, totNum = 263
ROUND = 563, SUM = 16066945.9999999, bChange = 0.013701, totNum = 262
ROUND = 564, SUM = 16066946, bChange = 0.0137011, totNum = 261
ROUND = 565, SUM = 16066945.9999999, bChange = 0.0137012, totNum = 259
ROUND = 566, SUM = 16066945.9999999, bChange = 0.0137013, totNum = 259
ROUND = 567, SUM = 16066945.9999999, bChange = 0.0137013, totNum = 258
ROUND = 568, SUM = 16066946, bChange = 0.0137014, totNum = 258
ROUND = 569, SUM = 16066945.9999999, bChange = 0.0137015, totNum = 257
ROUND = 570, SUM = 16066945.9999999, bChange = 0.0137016, totNum = 257
ROUND = 571, SUM = 16066945.9999999, bChange = 0.0137017, totNum = 257
ROUND = 572, SUM = 16066945.9999999, bChange = 0.0137017, totNum = 257
ROUND = 573, SUM = 16066946, bChange = 0.0137018, totNum = 255
ROUND = 574, SUM = 16066945.9999999, bChange = 0.0137019, totNum = 255
ROUND = 575, SUM = 16066946, bChange = 0.013702, totNum = 255
ROUND = 576, SUM = 16066945.9999999, bChange = 0.013702, totNum = 255
ROUND = 577, SUM = 16066945.9999999, bChange = 0.0137021, totNum = 255
ROUND = 578, SUM = 16066945.9999999, bChange = 0.0137022, totNum = 255
ROUND = 579, SUM = 16066945.9999999, bChange = 0.0137022, totNum = 255
ROUND = 580, SUM = 16066945.9999999, bChange = 0.0137023, totNum = 255
ROUND = 581, SUM = 16066945.9999999, bChange = 0.0137024, totNum = 255
ROUND = 582, SUM = 16066945.9999999, bChange = 0.0137025, totNum = 255
ROUND = 583, SUM = 16066945.9999999, bChange = 0.0137025, totNum = 255
ROUND = 584, SUM = 16066945.9999999, bChange = 0.0137026, totNum = 254
ROUND = 585, SUM = 16066945.9999999, bChange = 0.0137026, totNum = 254
ROUND = 586, SUM = 16066945.9999999, bChange = 0.0137027, totNum = 253
ROUND = 587, SUM = 16066945.9999999, bChange = 0.0137028, totNum = 253
ROUND = 588, SUM = 16066945.9999999, bChange = 0.0137028, totNum = 252
ROUND = 589, SUM = 16066945.9999999, bChange = 0.0137029, totNum = 252
ROUND = 590, SUM = 16066945.9999999, bChange = 0.013703, totNum = 250
ROUND = 591, SUM = 16066945.9999999, bChange = 0.013703, totNum = 249
ROUND = 592, SUM = 16066945.9999999, bChange = 0.0137031, totNum = 248
ROUND = 593, SUM = 16066945.9999999, bChange = 0.0137031, totNum = 247
ROUND = 594, SUM = 16066945.9999999, bChange = 0.0137032, totNum = 246
ROUND = 595, SUM = 16066945.9999999, bChange = 0.0118539, totNum = 244
ROUND = 596, SUM = 16066945.9999999, bChange = 0.011854, totNum = 243
ROUND = 597, SUM = 16066945.9999999, bChange = 0.0118541, totNum = 243
ROUND = 598, SUM = 16066946, bChange = 0.0118542, totNum = 240
ROUND = 599, SUM = 16066945.9999999, bChange = 0.0118543, totNum = 239
ROUND = 600, SUM = 16066946, bChange = 0.0118544, totNum = 238
ROUND = 601, SUM = 16066945.9999999, bChange = 0.0118545, totNum = 236
ROUND = 602, SUM = 16066945.9999999, bChange = 0.0118546, totNum = 236
ROUND = 603, SUM = 16066946, bChange = 0.0118547, totNum = 236
ROUND = 604, SUM = 16066946, bChange = 0.0118548, totNum = 235
ROUND = 605, SUM = 16066946, bChange = 0.0118549, totNum = 234
ROUND = 606, SUM = 16066946, bChange = 0.011855, totNum = 233
ROUND = 607, SUM = 16066945.9999999, bChange = 0.0118551, totNum = 233
ROUND = 608, SUM = 16066946, bChange = 0.0118552, totNum = 230
ROUND = 609, SUM = 16066945.9999999, bChange = 0.0118553, totNum = 230
ROUND = 610, SUM = 16066945.9999999, bChange = 0.0118554, totNum = 230
ROUND = 611, SUM = 16066946, bChange = 0.0118555, totNum = 229
ROUND = 612, SUM = 16066945.9999999, bChange = 0.0118556, totNum = 229
ROUND = 613, SUM = 16066946, bChange = 0.0118556, totNum = 228
ROUND = 614, SUM = 16066946, bChange = 0.0118557, totNum = 227
ROUND = 615, SUM = 16066945.9999999, bChange = 0.0118558, totNum = 226
ROUND = 616, SUM = 16066945.9999999, bChange = 0.0118559, totNum = 226
ROUND = 617, SUM = 16066945.9999999, bChange = 0.011856, totNum = 224
ROUND = 618, SUM = 16066945.9999999, bChange = 0.0118561, totNum = 224
ROUND = 619, SUM = 16066945.9999999, bChange = 0.0118562, totNum = 223
ROUND = 620, SUM = 16066946, bChange = 0.0118562, totNum = 223
ROUND = 621, SUM = 16066946, bChange = 0.0118563, totNum = 223
ROUND = 622, SUM = 16066945.9999999, bChange = 0.00843832, totNum = 221
ROUND = 623, SUM = 16066945.9999999, bChange = 0.00844026, totNum = 221
ROUND = 624, SUM = 16066946, bChange = 0.0084422, totNum = 221
ROUND = 625, SUM = 16066945.9999999, bChange = 0.00844412, totNum = 221
ROUND = 626, SUM = 16066945.9999999, bChange = 0.00844604, totNum = 220
ROUND = 627, SUM = 16066945.9999999, bChange = 0.00844794, totNum = 220
ROUND = 628, SUM = 16066945.9999999, bChange = 0.00844983, totNum = 220
ROUND = 629, SUM = 16066945.9999999, bChange = 0.0084517, totNum = 220
ROUND = 630, SUM = 16066945.9999999, bChange = 0.00845357, totNum = 219
ROUND = 631, SUM = 16066946, bChange = 0.00845542, totNum = 219
ROUND = 632, SUM = 16066946, bChange = 0.00845727, totNum = 219
ROUND = 633, SUM = 16066946, bChange = 0.0084591, totNum = 218
ROUND = 634, SUM = 16066945.9999999, bChange = 0.00846092, totNum = 217
ROUND = 635, SUM = 16066946, bChange = 0.00846273, totNum = 217
ROUND = 636, SUM = 16066945.9999999, bChange = 0.00846452, totNum = 218
ROUND = 637, SUM = 16066946, bChange = 0.00846631, totNum = 218
ROUND = 638, SUM = 16066946, bChange = 0.00846808, totNum = 218
ROUND = 639, SUM = 16066946, bChange = 0.00846985, totNum = 217
ROUND = 640, SUM = 16066945.9999999, bChange = 0.0084716, totNum = 216
ROUND = 641, SUM = 16066945.9999999, bChange = 0.00847334, totNum = 216
ROUND = 642, SUM = 16066945.9999999, bChange = 0.00847507, totNum = 215
ROUND = 643, SUM = 16066945.9999999, bChange = 0.00847679, totNum = 215
ROUND = 644, SUM = 16066945.9999999, bChange = 0.0084785, totNum = 215
ROUND = 645, SUM = 16066946, bChange = 0.0084802, totNum = 215
ROUND = 646, SUM = 16066945.9999999, bChange = 0.00848188, totNum = 215
ROUND = 647, SUM = 16066945.9999999, bChange = 0.00848356, totNum = 215
ROUND = 648, SUM = 16066945.9999999, bChange = 0.00848523, totNum = 214
ROUND = 649, SUM = 16066945.9999999, bChange = 0.00848688, totNum = 214
ROUND = 650, SUM = 16066945.9999999, bChange = 0.00848852, totNum = 213
ROUND = 651, SUM = 16066946, bChange = 0.00849016, totNum = 212
ROUND = 652, SUM = 16066945.9999999, bChange = 0.00849178, totNum = 210
ROUND = 653, SUM = 16066945.9999999, bChange = 0.00849339, totNum = 209
ROUND = 654, SUM = 16066945.9999999, bChange = 0.008495, totNum = 208
ROUND = 655, SUM = 16066945.9999999, bChange = 0.00849659, totNum = 205
ROUND = 656, SUM = 16066945.9999999, bChange = 0.00849817, totNum = 205
ROUND = 657, SUM = 16066946, bChange = 0.00849974, totNum = 205
ROUND = 658, SUM = 16066945.9999999, bChange = 0.0085013, totNum = 204
ROUND = 659, SUM = 16066945.9999999, bChange = 0.00850286, totNum = 203
ROUND = 660, SUM = 16066945.9999999, bChange = 0.0085044, totNum = 202
ROUND = 661, SUM = 16066946, bChange = 0.00850593, totNum = 202
ROUND = 662, SUM = 16066945.9999999, bChange = 0.00850745, totNum = 202
ROUND = 663, SUM = 16066945.9999999, bChange = 0.00850896, totNum = 201
ROUND = 664, SUM = 16066945.9999999, bChange = 0.00851046, totNum = 201
ROUND = 665, SUM = 16066945.9999999, bChange = 0.00851195, totNum = 200
ROUND = 666, SUM = 16066945.9999999, bChange = 0.00851344, totNum = 200
ROUND = 667, SUM = 16066946, bChange = 0.00851491, totNum = 200
ROUND = 668, SUM = 16066946, bChange = 0.00851637, totNum = 200
ROUND = 669, SUM = 16066945.9999999, bChange = 0.00851782, totNum = 199
ROUND = 670, SUM = 16066945.9999999, bChange = 0.00851927, totNum = 199
ROUND = 671, SUM = 16066945.9999999, bChange = 0.0085207, totNum = 199
ROUND = 672, SUM = 16066946, bChange = 0.00852212, totNum = 199
ROUND = 673, SUM = 16066946, bChange = 0.00852354, totNum = 198
ROUND = 674, SUM = 16066945.9999999, bChange = 0.00852494, totNum = 197
ROUND = 675, SUM = 16066946, bChange = 0.00852634, totNum = 196
ROUND = 676, SUM = 16066945.9999999, bChange = 0.00852773, totNum = 195
ROUND = 677, SUM = 16066945.9999999, bChange = 0.00852911, totNum = 195
ROUND = 678, SUM = 16066945.9999999, bChange = 0.00853047, totNum = 193
ROUND = 679, SUM = 16066945.9999999, bChange = 0.00853183, totNum = 192
ROUND = 680, SUM = 16066945.9999999, bChange = 0.00853318, totNum = 192
ROUND = 681, SUM = 16066945.9999999, bChange = 0.00853453, totNum = 190
ROUND = 682, SUM = 16066945.9999999, bChange = 0.00853586, totNum = 190
ROUND = 683, SUM = 16066945.9999999, bChange = 0.00853718, totNum = 189
ROUND = 684, SUM = 16066945.9999999, bChange = 0.0085385, totNum = 189
ROUND = 685, SUM = 16066945.9999999, bChange = 0.0085398, totNum = 187
ROUND = 686, SUM = 16066946, bChange = 0.0085411, totNum = 187
ROUND = 687, SUM = 16066945.9999999, bChange = 0.00854239, totNum = 186
ROUND = 688, SUM = 16066946, bChange = 0.00854367, totNum = 187
ROUND = 689, SUM = 16066945.9999999, bChange = 0.00854494, totNum = 186
ROUND = 690, SUM = 16066945.9999999, bChange = 0.0085462, totNum = 186
ROUND = 691, SUM = 16066945.9999999, bChange = 0.00854745, totNum = 185
ROUND = 692, SUM = 16066946, bChange = 0.0085487, totNum = 185
ROUND = 693, SUM = 16066945.9999999, bChange = 0.00854993, totNum = 185
ROUND = 694, SUM = 16066946, bChange = 0.00855116, totNum = 185
ROUND = 695, SUM = 16066945.9999999, bChange = 0.00855238, totNum = 185
ROUND = 696, SUM = 16066945.9999999, bChange = 0.00855359, totNum = 185
ROUND = 697, SUM = 16066946, bChange = 0.0085548, totNum = 185
ROUND = 698, SUM = 16066946, bChange = 0.00855599, totNum = 184
ROUND = 699, SUM = 16066945.9999999, bChange = 0.0083368, totNum = 183
ROUND = 700, SUM = 16066945.9999999, bChange = 0.00833668, totNum = 182
ROUND = 701, SUM = 16066945.9999999, bChange = 0.00833656, totNum = 182
ROUND = 702, SUM = 16066945.9999999, bChange = 0.00833645, totNum = 181
ROUND = 703, SUM = 16066945.9999999, bChange = 0.00833633, totNum = 181
ROUND = 704, SUM = 16066945.9999999, bChange = 0.00833622, totNum = 180
ROUND = 705, SUM = 16066946, bChange = 0.00833611, totNum = 178
ROUND = 706, SUM = 16066945.9999999, bChange = 0.008336, totNum = 178
ROUND = 707, SUM = 16066945.9999999, bChange = 0.00833589, totNum = 177
ROUND = 708, SUM = 16066945.9999999, bChange = 0.00833578, totNum = 176
ROUND = 709, SUM = 16066945.9999999, bChange = 0.00833567, totNum = 175
ROUND = 710, SUM = 16066945.9999999, bChange = 0.00833556, totNum = 174
ROUND = 711, SUM = 16066946, bChange = 0.00833545, totNum = 173
ROUND = 712, SUM = 16066945.9999999, bChange = 0.00833535, totNum = 173
ROUND = 713, SUM = 16066945.9999999, bChange = 0.00833524, totNum = 172
ROUND = 714, SUM = 16066945.9999999, bChange = 0.00833514, totNum = 172
ROUND = 715, SUM = 16066946, bChange = 0.00833504, totNum = 171
ROUND = 716, SUM = 16066945.9999999, bChange = 0.00833493, totNum = 171
ROUND = 717, SUM = 16066945.9999999, bChange = 0.00833483, totNum = 172
ROUND = 718, SUM = 16066945.9999999, bChange = 0.00833473, totNum = 172
ROUND = 719, SUM = 16066945.9999999, bChange = 0.00833463, totNum = 172
ROUND = 720, SUM = 16066945.9999999, bChange = 0.00833453, totNum = 172
ROUND = 721, SUM = 16066945.9999999, bChange = 0.00833443, totNum = 172
ROUND = 722, SUM = 16066945.9999999, bChange = 0.00833434, totNum = 172
ROUND = 723, SUM = 16066945.9999999, bChange = 0.00833424, totNum = 172
ROUND = 724, SUM = 16066945.9999999, bChange = 0.00833415, totNum = 172
ROUND = 725, SUM = 16066946, bChange = 0.00833405, totNum = 171
ROUND = 726, SUM = 16066945.9999999, bChange = 0.00833396, totNum = 170
ROUND = 727, SUM = 16066945.9999999, bChange = 0.00833386, totNum = 170
ROUND = 728, SUM = 16066945.9999999, bChange = 0.00833377, totNum = 170
ROUND = 729, SUM = 16066945.9999999, bChange = 0.00833368, totNum = 170
ROUND = 730, SUM = 16066945.9999999, bChange = 0.00833359, totNum = 169
ROUND = 731, SUM = 16066945.9999999, bChange = 0.0083335, totNum = 169
ROUND = 732, SUM = 16066945.9999999, bChange = 0.00833341, totNum = 169
ROUND = 733, SUM = 16066945.9999999, bChange = 0.00833332, totNum = 168
ROUND = 734, SUM = 16066945.9999999, bChange = 0.00833323, totNum = 167
ROUND = 735, SUM = 16066946, bChange = 0.0082055, totNum = 165
ROUND = 736, SUM = 16066946, bChange = 0.00820639, totNum = 165
ROUND = 737, SUM = 16066945.9999999, bChange = 0.00820728, totNum = 165
ROUND = 738, SUM = 16066945.9999999, bChange = 0.00820816, totNum = 165
ROUND = 739, SUM = 16066945.9999999, bChange = 0.00820904, totNum = 164
ROUND = 740, SUM = 16066945.9999999, bChange = 0.00820992, totNum = 164
ROUND = 741, SUM = 16066945.9999999, bChange = 0.00821079, totNum = 164
ROUND = 742, SUM = 16066945.9999999, bChange = 0.00821166, totNum = 164
ROUND = 743, SUM = 16066945.9999999, bChange = 0.00821253, totNum = 164
ROUND = 744, SUM = 16066945.9999999, bChange = 0.0082134, totNum = 164
ROUND = 745, SUM = 16066945.9999999, bChange = 0.00821426, totNum = 164
ROUND = 746, SUM = 16066945.9999999, bChange = 0.00821511, totNum = 164
ROUND = 747, SUM = 16066945.9999999, bChange = 0.00821597, totNum = 164
ROUND = 748, SUM = 16066945.9999999, bChange = 0.00821682, totNum = 164
ROUND = 749, SUM = 16066945.9999999, bChange = 0.00821766, totNum = 164
ROUND = 750, SUM = 16066945.9999999, bChange = 0.00821851, totNum = 164
ROUND = 751, SUM = 16066945.9999999, bChange = 0.00821935, totNum = 164
ROUND = 752, SUM = 16066945.9999999, bChange = 0.00822018, totNum = 164
ROUND = 753, SUM = 16066945.9999999, bChange = 0.00822102, totNum = 164
ROUND = 754, SUM = 16066946, bChange = 0.00822185, totNum = 164
ROUND = 755, SUM = 16066945.9999999, bChange = 0.00822268, totNum = 164
ROUND = 756, SUM = 16066945.9999999, bChange = 0.0082235, totNum = 163
ROUND = 757, SUM = 16066945.9999999, bChange = 0.00822432, totNum = 163
ROUND = 758, SUM = 16066945.9999999, bChange = 0.00822514, totNum = 162
ROUND = 759, SUM = 16066945.9999999, bChange = 0.00822595, totNum = 162
ROUND = 760, SUM = 16066946, bChange = 0.00822676, totNum = 161
ROUND = 761, SUM = 16066945.9999999, bChange = 0.00822757, totNum = 161
ROUND = 762, SUM = 16066945.9999999, bChange = 0.00822837, totNum = 161
ROUND = 763, SUM = 16066945.9999999, bChange = 0.00822918, totNum = 161
ROUND = 764, SUM = 16066945.9999999, bChange = 0.00822997, totNum = 160
ROUND = 765, SUM = 16066945.9999999, bChange = 0.00823077, totNum = 160
ROUND = 766, SUM = 16066946, bChange = 0.00823156, totNum = 160
ROUND = 767, SUM = 16066945.9999999, bChange = 0.00823235, totNum = 160
ROUND = 768, SUM = 16066946, bChange = 0.00823314, totNum = 160
ROUND = 769, SUM = 16066946, bChange = 0.00823392, totNum = 160
ROUND = 770, SUM = 16066946, bChange = 0.0082347, totNum = 159
ROUND = 771, SUM = 16066945.9999999, bChange = 0.00823548, totNum = 159
ROUND = 772, SUM = 16066945.9999999, bChange = 0.00823625, totNum = 158
ROUND = 773, SUM = 16066945.9999999, bChange = 0.00823702, totNum = 158
ROUND = 774, SUM = 16066946, bChange = 0.00823779, totNum = 156
ROUND = 775, SUM = 16066946, bChange = 0.00823855, totNum = 156
ROUND = 776, SUM = 16066945.9999999, bChange = 0.00823932, totNum = 156
ROUND = 777, SUM = 16066945.9999999, bChange = 0.00824007, totNum = 156
ROUND = 778, SUM = 16066945.9999999, bChange = 0.00824083, totNum = 156
ROUND = 779, SUM = 16066946, bChange = 0.00824158, totNum = 154
ROUND = 780, SUM = 16066945.9999999, bChange = 0.00824233, totNum = 154
ROUND = 781, SUM = 16066946, bChange = 0.00824308, totNum = 154
ROUND = 782, SUM = 16066945.9999999, bChange = 0.00710699, totNum = 152
ROUND = 783, SUM = 16066945.9999999, bChange = 0.00710681, totNum = 151
ROUND = 784, SUM = 16066945.9999999, bChange = 0.00710664, totNum = 150
ROUND = 785, SUM = 16066945.9999999, bChange = 0.00710647, totNum = 150
ROUND = 786, SUM = 16066946, bChange = 0.00710629, totNum = 149
ROUND = 787, SUM = 16066945.9999999, bChange = 0.00710612, totNum = 149
ROUND = 788, SUM = 16066945.9999999, bChange = 0.00710595, totNum = 149
ROUND = 789, SUM = 16066945.9999999, bChange = 0.00710579, totNum = 149
ROUND = 790, SUM = 16066945.9999999, bChange = 0.00710562, totNum = 149
ROUND = 791, SUM = 16066945.9999999, bChange = 0.00710545, totNum = 149
ROUND = 792, SUM = 16066946, bChange = 0.00710529, totNum = 149
ROUND = 793, SUM = 16066945.9999999, bChange = 0.00710512, totNum = 149
ROUND = 794, SUM = 16066946, bChange = 0.00710496, totNum = 149
ROUND = 795, SUM = 16066945.9999999, bChange = 0.0071048, totNum = 149
ROUND = 796, SUM = 16066946, bChange = 0.00710464, totNum = 148
ROUND = 797, SUM = 16066945.9999999, bChange = 0.00710448, totNum = 147
ROUND = 798, SUM = 16066945.9999999, bChange = 0.00710432, totNum = 147
ROUND = 799, SUM = 16066945.9999999, bChange = 0.00710417, totNum = 148
ROUND = 800, SUM = 16066945.9999999, bChange = 0.00710401, totNum = 147
ROUND = 801, SUM = 16066946, bChange = 0.00710386, totNum = 146
ROUND = 802, SUM = 16066946, bChange = 0.0071037, totNum = 146
ROUND = 803, SUM = 16066945.9999999, bChange = 0.00710355, totNum = 146
ROUND = 804, SUM = 16066945.9999999, bChange = 0.0071034, totNum = 146
ROUND = 805, SUM = 16066945.9999999, bChange = 0.00710325, totNum = 146
ROUND = 806, SUM = 16066945.9999999, bChange = 0.0071031, totNum = 146
ROUND = 807, SUM = 16066946, bChange = 0.00710295, totNum = 146
ROUND = 808, SUM = 16066945.9999999, bChange = 0.0071028, totNum = 146
ROUND = 809, SUM = 16066945.9999999, bChange = 0.00710266, totNum = 146
ROUND = 810, SUM = 16066945.9999999, bChange = 0.00710251, totNum = 146
ROUND = 811, SUM = 16066945.9999999, bChange = 0.00710237, totNum = 146
ROUND = 812, SUM = 16066946, bChange = 0.00710223, totNum = 145
ROUND = 813, SUM = 16066945.9999999, bChange = 0.00710208, totNum = 145
ROUND = 814, SUM = 16066945.9999999, bChange = 0.00710194, totNum = 145
ROUND = 815, SUM = 16066945.9999999, bChange = 0.0071018, totNum = 145
ROUND = 816, SUM = 16066945.9999999, bChange = 0.00710167, totNum = 145
ROUND = 817, SUM = 16066945.9999999, bChange = 0.00710153, totNum = 145
ROUND = 818, SUM = 16066945.9999999, bChange = 0.00710139, totNum = 145
ROUND = 819, SUM = 16066946, bChange = 0.00710125, totNum = 144
ROUND = 820, SUM = 16066945.9999999, bChange = 0.00710112, totNum = 144
ROUND = 821, SUM = 16066946, bChange = 0.00710099, totNum = 144
ROUND = 822, SUM = 16066945.9999999, bChange = 0.00710085, totNum = 144
ROUND = 823, SUM = 16066946, bChange = 0.00710072, totNum = 144
ROUND = 824, SUM = 16066945.9999999, bChange = 0.00710059, totNum = 143
ROUND = 825, SUM = 16066945.9999999, bChange = 0.00710046, totNum = 143
ROUND = 826, SUM = 16066945.9999999, bChange = 0.00710033, totNum = 142
ROUND = 827, SUM = 16066945.9999999, bChange = 0.0071002, totNum = 142
ROUND = 828, SUM = 16066945.9999999, bChange = 0.00710007, totNum = 141
ROUND = 829, SUM = 16066945.9999999, bChange = 0.00709995, totNum = 140
ROUND = 830, SUM = 16066945.9999999, bChange = 0.00709982, totNum = 140
ROUND = 831, SUM = 16066945.9999999, bChange = 0.0070997, totNum = 139
ROUND = 832, SUM = 16066945.9999999, bChange = 0.00709957, totNum = 139
ROUND = 833, SUM = 16066946, bChange = 0.00709945, totNum = 138
ROUND = 834, SUM = 16066945.9999998, bChange = 0.00709933, totNum = 138
ROUND = 835, SUM = 16066945.9999999, bChange = 0.00709921, totNum = 138
ROUND = 836, SUM = 16066945.9999999, bChange = 0.00709909, totNum = 138
ROUND = 837, SUM = 16066945.9999999, bChange = 0.00703427, totNum = 137
ROUND = 838, SUM = 16066945.9999999, bChange = 0.00703427, totNum = 137
ROUND = 839, SUM = 16066946, bChange = 0.00703427, totNum = 137
ROUND = 840, SUM = 16066945.9999999, bChange = 0.00703427, totNum = 137
ROUND = 841, SUM = 16066945.9999999, bChange = 0.00703427, totNum = 137
ROUND = 842, SUM = 16066945.9999999, bChange = 0.00703427, totNum = 137
ROUND = 843, SUM = 16066945.9999999, bChange = 0.00703427, totNum = 136
ROUND = 844, SUM = 16066945.9999999, bChange = 0.00703427, totNum = 136
ROUND = 845, SUM = 16066945.9999999, bChange = 0.00703427, totNum = 135
ROUND = 846, SUM = 16066945.9999999, bChange = 0.00703427, totNum = 133
ROUND = 847, SUM = 16066945.9999999, bChange = 0.00703427, totNum = 133
ROUND = 848, SUM = 16066945.9999999, bChange = 0.00703427, totNum = 133
ROUND = 849, SUM = 16066945.9999999, bChange = 0.00703427, totNum = 131
ROUND = 850, SUM = 16066945.9999999, bChange = 0.00703427, totNum = 131
ROUND = 851, SUM = 16066945.9999999, bChange = 0.00703427, totNum = 131
ROUND = 852, SUM = 16066945.9999999, bChange = 0.00703427, totNum = 131
ROUND = 853, SUM = 16066945.9999999, bChange = 0.00703427, totNum = 131
ROUND = 854, SUM = 16066945.9999999, bChange = 0.00703427, totNum = 131
ROUND = 855, SUM = 16066946, bChange = 0.00703428, totNum = 131
ROUND = 856, SUM = 16066945.9999999, bChange = 0.00703428, totNum = 131
ROUND = 857, SUM = 16066945.9999999, bChange = 0.00703428, totNum = 130
ROUND = 858, SUM = 16066946, bChange = 0.00703428, totNum = 129
ROUND = 859, SUM = 16066946, bChange = 0.00703428, totNum = 127
ROUND = 860, SUM = 16066945.9999999, bChange = 0.00703428, totNum = 127
ROUND = 861, SUM = 16066946, bChange = 0.00703428, totNum = 127
ROUND = 862, SUM = 16066945.9999999, bChange = 0.00703428, totNum = 127
ROUND = 863, SUM = 16066945.9999999, bChange = 0.00703428, totNum = 127
ROUND = 864, SUM = 16066945.9999999, bChange = 0.00703428, totNum = 127
ROUND = 865, SUM = 16066945.9999999, bChange = 0.00703428, totNum = 127
ROUND = 866, SUM = 16066946, bChange = 0.00703428, totNum = 127
ROUND = 867, SUM = 16066946, bChange = 0.00703428, totNum = 127
ROUND = 868, SUM = 16066946, bChange = 0.00703428, totNum = 127
ROUND = 869, SUM = 16066945.9999999, bChange = 0.00703428, totNum = 126
ROUND = 870, SUM = 16066945.9999999, bChange = 0.00703428, totNum = 126
ROUND = 871, SUM = 16066945.9999999, bChange = 0.00703428, totNum = 126
ROUND = 872, SUM = 16066945.9999999, bChange = 0.00703428, totNum = 126
ROUND = 873, SUM = 16066945.9999999, bChange = 0.00703428, totNum = 126
ROUND = 874, SUM = 16066945.9999999, bChange = 0.00703428, totNum = 124
ROUND = 875, SUM = 16066945.9999999, bChange = 0.00703428, totNum = 123
ROUND = 876, SUM = 16066946, bChange = 0.00703428, totNum = 123
ROUND = 877, SUM = 16066945.9999999, bChange = 0.00703428, totNum = 123
ROUND = 878, SUM = 16066945.9999999, bChange = 0.00703428, totNum = 123
ROUND = 879, SUM = 16066945.9999999, bChange = 0.00703428, totNum = 122
ROUND = 880, SUM = 16066945.9999999, bChange = 0.00703428, totNum = 120
ROUND = 881, SUM = 16066945.9999999, bChange = 0.00703428, totNum = 120
ROUND = 882, SUM = 16066946, bChange = 0.00703428, totNum = 120
ROUND = 883, SUM = 16066945.9999999, bChange = 0.00703429, totNum = 119
ROUND = 884, SUM = 16066945.9999999, bChange = 0.00703429, totNum = 119
ROUND = 885, SUM = 16066945.9999999, bChange = 0.00703429, totNum = 119
ROUND = 886, SUM = 16066945.9999999, bChange = 0.00703429, totNum = 119
ROUND = 887, SUM = 16066946, bChange = 0.00703429, totNum = 119
ROUND = 888, SUM = 16066945.9999999, bChange = 0.00703429, totNum = 119
ROUND = 889, SUM = 16066945.9999999, bChange = 0.00703429, totNum = 118
ROUND = 890, SUM = 16066945.9999999, bChange = 0.00703429, totNum = 118
ROUND = 891, SUM = 16066946, bChange = 0.00703429, totNum = 118
ROUND = 892, SUM = 16066945.9999999, bChange = 0.00703429, totNum = 118
ROUND = 893, SUM = 16066945.9999999, bChange = 0.00703429, totNum = 118
ROUND = 894, SUM = 16066945.9999999, bChange = 0.00703429, totNum = 118
ROUND = 895, SUM = 16066945.9999999, bChange = 0.00703429, totNum = 118
ROUND = 896, SUM = 16066945.9999999, bChange = 0.00703429, totNum = 117
ROUND = 897, SUM = 16066945.9999999, bChange = 0.00703429, totNum = 117
ROUND = 898, SUM = 16066945.9999999, bChange = 0.00703429, totNum = 117
ROUND = 899, SUM = 16066945.9999999, bChange = 0.00703429, totNum = 117
ROUND = 900, SUM = 16066945.9999999, bChange = 0.00703429, totNum = 117
ROUND = 901, SUM = 16066945.9999999, bChange = 0.00703429, totNum = 117
ROUND = 902, SUM = 16066945.9999999, bChange = 0.00703429, totNum = 117
ROUND = 903, SUM = 16066945.9999999, bChange = 0.00703429, totNum = 116
ROUND = 904, SUM = 16066945.9999999, bChange = 0.00703429, totNum = 116
ROUND = 905, SUM = 16066945.9999999, bChange = 0.00703429, totNum = 116
ROUND = 906, SUM = 16066945.9999999, bChange = 0.00703429, totNum = 116
ROUND = 907, SUM = 16066945.9999999, bChange = 0.00703429, totNum = 115
ROUND = 908, SUM = 16066946, bChange = 0.00703429, totNum = 113
ROUND = 909, SUM = 16066945.9999999, bChange = 0.00703429, totNum = 113
ROUND = 910, SUM = 16066945.9999999, bChange = 0.00703429, totNum = 113
ROUND = 911, SUM = 16066945.9999999, bChange = 0.00703429, totNum = 113
ROUND = 912, SUM = 16066945.9999999, bChange = 0.00703429, totNum = 112
ROUND = 913, SUM = 16066945.9999999, bChange = 0.00703429, totNum = 111
ROUND = 914, SUM = 16066945.9999999, bChange = 0.00703429, totNum = 111
ROUND = 915, SUM = 16066945.9999999, bChange = 0.00703429, totNum = 111
ROUND = 916, SUM = 16066945.9999999, bChange = 0.00703429, totNum = 111
ROUND = 917, SUM = 16066945.9999999, bChange = 0.00703429, totNum = 111
ROUND = 918, SUM = 16066946, bChange = 0.0070343, totNum = 111
ROUND = 919, SUM = 16066945.9999999, bChange = 0.0070343, totNum = 111
ROUND = 920, SUM = 16066945.9999999, bChange = 0.0070343, totNum = 110
ROUND = 921, SUM = 16066945.9999999, bChange = 0.0070343, totNum = 110
ROUND = 922, SUM = 16066946, bChange = 0.0070343, totNum = 110
ROUND = 923, SUM = 16066946, bChange = 0.0070343, totNum = 110
ROUND = 924, SUM = 16066945.9999999, bChange = 0.0070343, totNum = 109
ROUND = 925, SUM = 16066945.9999999, bChange = 0.0070343, totNum = 109
ROUND = 926, SUM = 16066945.9999999, bChange = 0.0070343, totNum = 108
ROUND = 927, SUM = 16066945.9999999, bChange = 0.0070343, totNum = 108
ROUND = 928, SUM = 16066946, bChange = 0.0070343, totNum = 108
ROUND = 929, SUM = 16066945.9999999, bChange = 0.0070343, totNum = 108
ROUND = 930, SUM = 16066945.9999999, bChange = 0.0070343, totNum = 108
ROUND = 931, SUM = 16066945.9999999, bChange = 0.0070343, totNum = 108
ROUND = 932, SUM = 16066946, bChange = 0.0070343, totNum = 108
ROUND = 933, SUM = 16066946, bChange = 0.0070343, totNum = 108
ROUND = 934, SUM = 16066945.9999999, bChange = 0.0070343, totNum = 108
ROUND = 935, SUM = 16066945.9999999, bChange = 0.0070343, totNum = 108
ROUND = 936, SUM = 16066945.9999999, bChange = 0.0070343, totNum = 108
ROUND = 937, SUM = 16066945.9999999, bChange = 0.0070343, totNum = 108
ROUND = 938, SUM = 16066945.9999999, bChange = 0.0070343, totNum = 108
ROUND = 939, SUM = 16066945.9999999, bChange = 0.0070343, totNum = 108
ROUND = 940, SUM = 16066945.9999999, bChange = 0.0070343, totNum = 108
ROUND = 941, SUM = 16066946, bChange = 0.0070343, totNum = 108
ROUND = 942, SUM = 16066945.9999999, bChange = 0.0070343, totNum = 108
ROUND = 943, SUM = 16066946, bChange = 0.0070343, totNum = 107
ROUND = 944, SUM = 16066946, bChange = 0.0070343, totNum = 107
ROUND = 945, SUM = 16066946, bChange = 0.0070343, totNum = 106
ROUND = 946, SUM = 16066945.9999999, bChange = 0.0070343, totNum = 106
ROUND = 947, SUM = 16066945.9999999, bChange = 0.0070343, totNum = 107
ROUND = 948, SUM = 16066946, bChange = 0.0070343, totNum = 107
ROUND = 949, SUM = 16066945.9999999, bChange = 0.0070343, totNum = 107
ROUND = 950, SUM = 16066945.9999999, bChange = 0.0070343, totNum = 107
ROUND = 951, SUM = 16066946, bChange = 0.0070343, totNum = 107
ROUND = 952, SUM = 16066946, bChange = 0.0070343, totNum = 106
ROUND = 953, SUM = 16066945.9999999, bChange = 0.0070343, totNum = 106
ROUND = 954, SUM = 16066945.9999999, bChange = 0.0070343, totNum = 106
ROUND = 955, SUM = 16066945.9999999, bChange = 0.0070343, totNum = 106
ROUND = 956, SUM = 16066945.9999999, bChange = 0.0070343, totNum = 106
ROUND = 957, SUM = 16066946, bChange = 0.0070343, totNum = 106
ROUND = 958, SUM = 16066945.9999999, bChange = 0.0070343, totNum = 106
ROUND = 959, SUM = 16066945.9999999, bChange = 0.0070343, totNum = 106
ROUND = 960, SUM = 16066945.9999999, bChange = 0.0070343, totNum = 106
ROUND = 961, SUM = 16066945.9999999, bChange = 0.0070343, totNum = 106
ROUND = 962, SUM = 16066945.9999999, bChange = 0.0070343, totNum = 106
ROUND = 963, SUM = 16066945.9999999, bChange = 0.0070343, totNum = 106
ROUND = 964, SUM = 16066946, bChange = 0.00703431, totNum = 106
ROUND = 965, SUM = 16066945.9999999, bChange = 0.00703431, totNum = 106
ROUND = 966, SUM = 16066945.9999999, bChange = 0.00703431, totNum = 106
ROUND = 967, SUM = 16066945.9999999, bChange = 0.00703431, totNum = 106
ROUND = 968, SUM = 16066945.9999999, bChange = 0.00703431, totNum = 106
ROUND = 969, SUM = 16066945.9999999, bChange = 0.00703431, totNum = 106
ROUND = 970, SUM = 16066945.9999999, bChange = 0.00703431, totNum = 106
ROUND = 971, SUM = 16066945.9999999, bChange = 0.00703431, totNum = 106
ROUND = 972, SUM = 16066946, bChange = 0.00703431, totNum = 106
ROUND = 973, SUM = 16066945.9999999, bChange = 0.00703431, totNum = 106
ROUND = 974, SUM = 16066945.9999999, bChange = 0.00703431, totNum = 106
ROUND = 975, SUM = 16066945.9999999, bChange = 0.00703431, totNum = 106
ROUND = 976, SUM = 16066945.9999999, bChange = 0.00703431, totNum = 106
ROUND = 977, SUM = 16066946, bChange = 0.00703431, totNum = 106
ROUND = 978, SUM = 16066946, bChange = 0.00703431, totNum = 106
ROUND = 979, SUM = 16066945.9999999, bChange = 0.00703431, totNum = 106
ROUND = 980, SUM = 16066945.9999999, bChange = 0.00703431, totNum = 106
ROUND = 981, SUM = 16066946, bChange = 0.00703431, totNum = 106
ROUND = 982, SUM = 16066946, bChange = 0.00703431, totNum = 106
ROUND = 983, SUM = 16066945.9999999, bChange = 0.00703431, totNum = 105
ROUND = 984, SUM = 16066946, bChange = 0.00703431, totNum = 105
ROUND = 985, SUM = 16066945.9999999, bChange = 0.00703431, totNum = 105
ROUND = 986, SUM = 16066945.9999999, bChange = 0.00703431, totNum = 105
ROUND = 987, SUM = 16066945.9999999, bChange = 0.00703431, totNum = 104
ROUND = 988, SUM = 16066945.9999999, bChange = 0.00703431, totNum = 104
ROUND = 989, SUM = 16066945.9999999, bChange = 0.00703431, totNum = 104
ROUND = 990, SUM = 16066945.9999999, bChange = 0.00703431, totNum = 104
ROUND = 991, SUM = 16066945.9999999, bChange = 0.00703431, totNum = 103
ROUND = 992, SUM = 16066946, bChange = 0.00703431, totNum = 103
ROUND = 993, SUM = 16066945.9999999, bChange = 0.00703431, totNum = 103
ROUND = 994, SUM = 16066945.9999999, bChange = 0.00703431, totNum = 103
ROUND = 995, SUM = 16066945.9999999, bChange = 0.00703431, totNum = 102
ROUND = 996, SUM = 16066945.9999999, bChange = 0.00703431, totNum = 101
ROUND = 997, SUM = 16066945.9999999, bChange = 0.00703431, totNum = 101
ROUND = 998, SUM = 16066945.9999999, bChange = 0.00703431, totNum = 101
ROUND = 999, SUM = 16066945.9999999, bChange = 0.00703431, totNum = 101
ROUND = 1000, SUM = 16066945.9999999, bChange = 0.00703431, totNum = 101
ROUND = 1001, SUM = 16066945.9999999, bChange = 0.00703431, totNum = 101
ROUND = 1002, SUM = 16066945.9999999, bChange = 0.00703431, totNum = 101
ROUND = 1003, SUM = 16066945.9999999, bChange = 0.00703431, totNum = 101
ROUND = 1004, SUM = 16066945.9999999, bChange = 0.00703431, totNum = 101
ROUND = 1005, SUM = 16066945.9999999, bChange = 0.00703431, totNum = 101
ROUND = 1006, SUM = 16066946, bChange = 0.00703431, totNum = 101
ROUND = 1007, SUM = 16066945.9999999, bChange = 0.00703431, totNum = 100
ROUND = 1008, SUM = 16066945.9999999, bChange = 0.00703431, totNum = 100
ROUND = 1009, SUM = 16066945.9999999, bChange = 0.00703431, totNum = 100
ROUND = 1010, SUM = 16066945.9999999, bChange = 0.00703431, totNum = 100
ROUND = 1011, SUM = 16066945.9999999, bChange = 0.00703431, totNum = 100
ROUND = 1012, SUM = 16066945.9999999, bChange = 0.00703431, totNum = 99
ROUND = 1013, SUM = 16066945.9999999, bChange = 0.00703431, totNum = 99
ROUND = 1014, SUM = 16066946, bChange = 0.00703431, totNum = 99
ROUND = 1015, SUM = 16066946, bChange = 0.00703431, totNum = 99
ROUND = 1016, SUM = 16066945.9999999, bChange = 0.00703431, totNum = 99
ROUND = 1017, SUM = 16066945.9999999, bChange = 0.00703431, totNum = 99
ROUND = 1018, SUM = 16066945.9999999, bChange = 0.00703431, totNum = 99
ROUND = 1019, SUM = 16066946, bChange = 0.00703431, totNum = 99
ROUND = 1020, SUM = 16066945.9999999, bChange = 0.00703431, totNum = 99
ROUND = 1021, SUM = 16066945.9999999, bChange = 0.00703431, totNum = 99
ROUND = 1022, SUM = 16066946, bChange = 0.00703431, totNum = 99
ROUND = 1023, SUM = 16066946, bChange = 0.00703431, totNum = 99
ROUND = 1024, SUM = 16066945.9999999, bChange = 0.00703431, totNum = 99
ROUND = 1025, SUM = 16066946, bChange = 0.00703431, totNum = 99
ROUND = 1026, SUM = 16066945.9999999, bChange = 0.00703431, totNum = 99
ROUND = 1027, SUM = 16066945.9999999, bChange = 0.00703431, totNum = 99
ROUND = 1028, SUM = 16066945.9999999, bChange = 0.00703431, totNum = 98
ROUND = 1029, SUM = 16066945.9999999, bChange = 0.00703431, totNum = 98
ROUND = 1030, SUM = 16066945.9999999, bChange = 0.00703431, totNum = 98
ROUND = 1031, SUM = 16066945.9999999, bChange = 0.00703431, totNum = 98
ROUND = 1032, SUM = 16066945.9999999, bChange = 0.00703431, totNum = 98
ROUND = 1033, SUM = 16066945.9999999, bChange = 0.00703431, totNum = 98
ROUND = 1034, SUM = 16066945.9999999, bChange = 0.00703432, totNum = 98
ROUND = 1035, SUM = 16066946, bChange = 0.00703432, totNum = 98
ROUND = 1036, SUM = 16066945.9999999, bChange = 0.00703432, totNum = 98
ROUND = 1037, SUM = 16066945.9999999, bChange = 0.00703432, totNum = 97
ROUND = 1038, SUM = 16066945.9999999, bChange = 0.00703432, totNum = 97
ROUND = 1039, SUM = 16066946, bChange = 0.00703432, totNum = 97
ROUND = 1040, SUM = 16066946, bChange = 0.00703432, totNum = 97
ROUND = 1041, SUM = 16066945.9999999, bChange = 0.00703432, totNum = 97
ROUND = 1042, SUM = 16066945.9999999, bChange = 0.00703432, totNum = 97
ROUND = 1043, SUM = 16066946, bChange = 0.00703432, totNum = 97
ROUND = 1044, SUM = 16066946, bChange = 0.00703432, totNum = 97
ROUND = 1045, SUM = 16066945.9999999, bChange = 0.00703432, totNum = 97
ROUND = 1046, SUM = 16066945.9999999, bChange = 0.00703432, totNum = 97
ROUND = 1047, SUM = 16066945.9999999, bChange = 0.00703432, totNum = 97
ROUND = 1048, SUM = 16066945.9999999, bChange = 0.00703432, totNum = 97
ROUND = 1049, SUM = 16066945.9999999, bChange = 0.00703432, totNum = 96
ROUND = 1050, SUM = 16066945.9999999, bChange = 0.00703432, totNum = 96
ROUND = 1051, SUM = 16066946, bChange = 0.00703432, totNum = 96
ROUND = 1052, SUM = 16066945.9999999, bChange = 0.00703432, totNum = 96
ROUND = 1053, SUM = 16066945.9999999, bChange = 0.00703432, totNum = 95
ROUND = 1054, SUM = 16066945.9999999, bChange = 0.00703432, totNum = 95
ROUND = 1055, SUM = 16066945.9999999, bChange = 0.00703432, totNum = 95
ROUND = 1056, SUM = 16066945.9999999, bChange = 0.00703432, totNum = 95
ROUND = 1057, SUM = 16066945.9999999, bChange = 0.00703432, totNum = 95
ROUND = 1058, SUM = 16066946, bChange = 0.00703432, totNum = 95
ROUND = 1059, SUM = 16066945.9999999, bChange = 0.00703432, totNum = 95
ROUND = 1060, SUM = 16066945.9999999, bChange = 0.00703432, totNum = 95
ROUND = 1061, SUM = 16066945.9999999, bChange = 0.00703432, totNum = 95
ROUND = 1062, SUM = 16066945.9999999, bChange = 0.00703432, totNum = 95
ROUND = 1063, SUM = 16066945.9999999, bChange = 0.00703432, totNum = 95
ROUND = 1064, SUM = 16066945.9999999, bChange = 0.00703432, totNum = 94
ROUND = 1065, SUM = 16066945.9999999, bChange = 0.00703432, totNum = 94
ROUND = 1066, SUM = 16066945.9999999, bChange = 0.00703432, totNum = 93
ROUND = 1067, SUM = 16066946, bChange = 0.00703432, totNum = 93
ROUND = 1068, SUM = 16066946, bChange = 0.00703432, totNum = 93
ROUND = 1069, SUM = 16066945.9999999, bChange = 0.00703432, totNum = 91
ROUND = 1070, SUM = 16066946, bChange = 0.00703432, totNum = 91
ROUND = 1071, SUM = 16066945.9999999, bChange = 0.00703432, totNum = 91
ROUND = 1072, SUM = 16066946, bChange = 0.00703432, totNum = 91
ROUND = 1073, SUM = 16066946, bChange = 0.00703432, totNum = 91
ROUND = 1074, SUM = 16066945.9999999, bChange = 0.00703432, totNum = 90
ROUND = 1075, SUM = 16066946, bChange = 0.00703432, totNum = 90
ROUND = 1076, SUM = 16066945.9999999, bChange = 0.00703432, totNum = 90
ROUND = 1077, SUM = 16066945.9999999, bChange = 0.00703432, totNum = 90
ROUND = 1078, SUM = 16066946, bChange = 0.00703432, totNum = 90
ROUND = 1079, SUM = 16066945.9999999, bChange = 0.00703432, totNum = 90
ROUND = 1080, SUM = 16066945.9999999, bChange = 0.00703432, totNum = 89
ROUND = 1081, SUM = 16066945.9999999, bChange = 0.00703432, totNum = 89
ROUND = 1082, SUM = 16066945.9999999, bChange = 0.00703432, totNum = 88
ROUND = 1083, SUM = 16066945.9999999, bChange = 0.00703432, totNum = 88
ROUND = 1084, SUM = 16066945.9999999, bChange = 0.00703432, totNum = 88
ROUND = 1085, SUM = 16066946, bChange = 0.00703432, totNum = 88
ROUND = 1086, SUM = 16066945.9999999, bChange = 0.00703432, totNum = 88
ROUND = 1087, SUM = 16066946, bChange = 0.00703432, totNum = 87
ROUND = 1088, SUM = 16066945.9999999, bChange = 0.00703432, totNum = 87
ROUND = 1089, SUM = 16066945.9999999, bChange = 0.00703432, totNum = 86
ROUND = 1090, SUM = 16066946, bChange = 0.00703432, totNum = 86
ROUND = 1091, SUM = 16066946, bChange = 0.00703432, totNum = 85
ROUND = 1092, SUM = 16066945.9999999, bChange = 0.00703432, totNum = 85
ROUND = 1093, SUM = 16066946, bChange = 0.00703432, totNum = 85
ROUND = 1094, SUM = 16066945.9999999, bChange = 0.00703432, totNum = 83
ROUND = 1095, SUM = 16066946, bChange = 0.00703432, totNum = 83
ROUND = 1096, SUM = 16066946, bChange = 0.00703432, totNum = 82
ROUND = 1097, SUM = 16066945.9999999, bChange = 0.00703432, totNum = 82
ROUND = 1098, SUM = 16066945.9999999, bChange = 0.00703432, totNum = 82
ROUND = 1099, SUM = 16066945.9999999, bChange = 0.00703432, totNum = 82
ROUND = 1100, SUM = 16066946, bChange = 0.00703432, totNum = 82
ROUND = 1101, SUM = 16066946, bChange = 0.00703432, totNum = 82
ROUND = 1102, SUM = 16066946, bChange = 0.00703432, totNum = 82
ROUND = 1103, SUM = 16066945.9999999, bChange = 0.00703432, totNum = 81
ROUND = 1104, SUM = 16066945.9999999, bChange = 0.00703432, totNum = 81
ROUND = 1105, SUM = 16066946, bChange = 0.00703432, totNum = 81
ROUND = 1106, SUM = 16066946, bChange = 0.00703432, totNum = 81
ROUND = 1107, SUM = 16066945.9999999, bChange = 0.00703432, totNum = 81
ROUND = 1108, SUM = 16066946, bChange = 0.00703432, totNum = 80
ROUND = 1109, SUM = 16066945.9999999, bChange = 0.00703432, totNum = 80
ROUND = 1110, SUM = 16066945.9999999, bChange = 0.00703432, totNum = 80
ROUND = 1111, SUM = 16066946, bChange = 0.00703432, totNum = 80
ROUND = 1112, SUM = 16066946, bChange = 0.00703432, totNum = 80
ROUND = 1113, SUM = 16066945.9999999, bChange = 0.00703432, totNum = 80
ROUND = 1114, SUM = 16066945.9999999, bChange = 0.00703432, totNum = 80
ROUND = 1115, SUM = 16066946, bChange = 0.00703432, totNum = 80
ROUND = 1116, SUM = 16066945.9999999, bChange = 0.00703432, totNum = 80
ROUND = 1117, SUM = 16066946, bChange = 0.00703432, totNum = 80
ROUND = 1118, SUM = 16066946, bChange = 0.00703432, totNum = 80
ROUND = 1119, SUM = 16066945.9999999, bChange = 0.00703432, totNum = 80
ROUND = 1120, SUM = 16066946, bChange = 0.00703432, totNum = 80
ROUND = 1121, SUM = 16066945.9999999, bChange = 0.00703432, totNum = 80
ROUND = 1122, SUM = 16066945.9999999, bChange = 0.00703432, totNum = 79
ROUND = 1123, SUM = 16066945.9999999, bChange = 0.00703432, totNum = 79
ROUND = 1124, SUM = 16066945.9999999, bChange = 0.00703432, totNum = 79
ROUND = 1125, SUM = 16066946, bChange = 0.00703432, totNum = 79
ROUND = 1126, SUM = 16066946, bChange = 0.00703432, totNum = 79
ROUND = 1127, SUM = 16066945.9999999, bChange = 0.00703432, totNum = 79
ROUND = 1128, SUM = 16066945.9999999, bChange = 0.00703432, totNum = 78
ROUND = 1129, SUM = 16066946, bChange = 0.00703432, totNum = 77
ROUND = 1130, SUM = 16066945.9999999, bChange = 0.00703432, totNum = 76
ROUND = 1131, SUM = 16066946, bChange = 0.00703432, totNum = 76
ROUND = 1132, SUM = 16066946, bChange = 0.00703432, totNum = 76
ROUND = 1133, SUM = 16066945.9999999, bChange = 0.00703432, totNum = 76
ROUND = 1134, SUM = 16066946, bChange = 0.00703432, totNum = 76
ROUND = 1135, SUM = 16066946, bChange = 0.00703432, totNum = 76
ROUND = 1136, SUM = 16066945.9999999, bChange = 0.00703432, totNum = 76
ROUND = 1137, SUM = 16066946, bChange = 0.00703432, totNum = 75
ROUND = 1138, SUM = 16066945.9999999, bChange = 0.00703432, totNum = 75
ROUND = 1139, SUM = 16066945.9999999, bChange = 0.00703432, totNum = 75
ROUND = 1140, SUM = 16066945.9999999, bChange = 0.00703432, totNum = 75
ROUND = 1141, SUM = 16066946, bChange = 0.00703432, totNum = 74
ROUND = 1142, SUM = 16066945.9999999, bChange = 0.00703432, totNum = 74
ROUND = 1143, SUM = 16066946, bChange = 0.00703432, totNum = 74
ROUND = 1144, SUM = 16066945.9999999, bChange = 0.00703432, totNum = 75
ROUND = 1145, SUM = 16066945.9999999, bChange = 0.00703432, totNum = 75
ROUND = 1146, SUM = 16066946, bChange = 0.00703432, totNum = 75
ROUND = 1147, SUM = 16066946, bChange = 0.00703432, totNum = 75
ROUND = 1148, SUM = 16066945.9999999, bChange = 0.00703432, totNum = 74
ROUND = 1149, SUM = 16066945.9999999, bChange = 0.00703432, totNum = 74
ROUND = 1150, SUM = 16066946, bChange = 0.00703432, totNum = 74
ROUND = 1151, SUM = 16066946, bChange = 0.00703432, totNum = 73
ROUND = 1152, SUM = 16066946, bChange = 0.00703432, totNum = 73
ROUND = 1153, SUM = 16066945.9999999, bChange = 0.00703432, totNum = 73
ROUND = 1154, SUM = 16066946, bChange = 0.00703432, totNum = 73
ROUND = 1155, SUM = 16066946, bChange = 0.00703432, totNum = 73
ROUND = 1156, SUM = 16066945.9999999, bChange = 0.00703432, totNum = 73
ROUND = 1157, SUM = 16066945.9999999, bChange = 0.00703432, totNum = 73
ROUND = 1158, SUM = 16066945.9999999, bChange = 0.00703432, totNum = 73
ROUND = 1159, SUM = 16066945.9999999, bChange = 0.00703432, totNum = 73
ROUND = 1160, SUM = 16066945.9999999, bChange = 0.00703432, totNum = 73
ROUND = 1161, SUM = 16066945.9999999, bChange = 0.00703432, totNum = 73
ROUND = 1162, SUM = 16066945.9999999, bChange = 0.00703432, totNum = 73
ROUND = 1163, SUM = 16066945.9999999, bChange = 0.00703432, totNum = 73
ROUND = 1164, SUM = 16066945.9999999, bChange = 0.00703432, totNum = 73
ROUND = 1165, SUM = 16066945.9999999, bChange = 0.00703432, totNum = 73
ROUND = 1166, SUM = 16066945.9999999, bChange = 0.00703432, totNum = 73
ROUND = 1167, SUM = 16066945.9999999, bChange = 0.00703432, totNum = 73
ROUND = 1168, SUM = 16066945.9999999, bChange = 0.00703432, totNum = 73
ROUND = 1169, SUM = 16066945.9999999, bChange = 0.00703432, totNum = 73
ROUND = 1170, SUM = 16066946, bChange = 0.00703432, totNum = 73
ROUND = 1171, SUM = 16066945.9999999, bChange = 0.00703432, totNum = 73
ROUND = 1172, SUM = 16066946, bChange = 0.00703432, totNum = 73
ROUND = 1173, SUM = 16066946, bChange = 0.00703432, totNum = 73
ROUND = 1174, SUM = 16066946, bChange = 0.00703432, totNum = 73
ROUND = 1175, SUM = 16066945.9999999, bChange = 0.00703432, totNum = 73
ROUND = 1176, SUM = 16066946, bChange = 0.00703432, totNum = 73
ROUND = 1177, SUM = 16066945.9999999, bChange = 0.00703433, totNum = 71
ROUND = 1178, SUM = 16066945.9999999, bChange = 0.00703433, totNum = 71
ROUND = 1179, SUM = 16066946, bChange = 0.00703433, totNum = 71
ROUND = 1180, SUM = 16066946, bChange = 0.00703433, totNum = 71
ROUND = 1181, SUM = 16066945.9999999, bChange = 0.00703433, totNum = 71
ROUND = 1182, SUM = 16066945.9999999, bChange = 0.00703433, totNum = 71
ROUND = 1183, SUM = 16066945.9999999, bChange = 0.00703433, totNum = 71
ROUND = 1184, SUM = 16066946, bChange = 0.00703433, totNum = 71
ROUND = 1185, SUM = 16066946, bChange = 0.00703433, totNum = 71
ROUND = 1186, SUM = 16066945.9999999, bChange = 0.00703433, totNum = 71
ROUND = 1187, SUM = 16066945.9999999, bChange = 0.00703433, totNum = 71
ROUND = 1188, SUM = 16066945.9999999, bChange = 0.00703433, totNum = 71
ROUND = 1189, SUM = 16066945.9999999, bChange = 0.00703433, totNum = 70
ROUND = 1190, SUM = 16066946, bChange = 0.00703433, totNum = 70
ROUND = 1191, SUM = 16066945.9999999, bChange = 0.00703433, totNum = 69
ROUND = 1192, SUM = 16066945.9999999, bChange = 0.00703433, totNum = 69
ROUND = 1193, SUM = 16066945.9999999, bChange = 0.00703433, totNum = 69
ROUND = 1194, SUM = 16066945.9999999, bChange = 0.00703433, totNum = 69
ROUND = 1195, SUM = 16066945.9999999, bChange = 0.00703433, totNum = 69
ROUND = 1196, SUM = 16066945.9999999, bChange = 0.00703433, totNum = 69
ROUND = 1197, SUM = 16066945.9999999, bChange = 0.00703433, totNum = 69
ROUND = 1198, SUM = 16066945.9999999, bChange = 0.00457985, totNum = 68
ROUND = 1199, SUM = 16066945.9999999, bChange = 0.00458352, totNum = 67
ROUND = 1200, SUM = 16066945.9999999, bChange = 0.00458718, totNum = 67
ROUND = 1201, SUM = 16066945.9999999, bChange = 0.00459084, totNum = 66
ROUND = 1202, SUM = 16066946, bChange = 0.0045945, totNum = 66
ROUND = 1203, SUM = 16066945.9999999, bChange = 0.00459816, totNum = 66
ROUND = 1204, SUM = 16066945.9999999, bChange = 0.00460181, totNum = 66
ROUND = 1205, SUM = 16066945.9999999, bChange = 0.00460547, totNum = 66
ROUND = 1206, SUM = 16066945.9999999, bChange = 0.00460912, totNum = 66
ROUND = 1207, SUM = 16066946, bChange = 0.00461276, totNum = 66
ROUND = 1208, SUM = 16066946, bChange = 0.00461641, totNum = 66
ROUND = 1209, SUM = 16066945.9999999, bChange = 0.00462006, totNum = 66
ROUND = 1210, SUM = 16066946, bChange = 0.0046237, totNum = 66
ROUND = 1211, SUM = 16066946, bChange = 0.00462734, totNum = 66
ROUND = 1212, SUM = 16066945.9999999, bChange = 0.00463098, totNum = 66
ROUND = 1213, SUM = 16066945.9999999, bChange = 0.00463461, totNum = 66
ROUND = 1214, SUM = 16066946, bChange = 0.00463825, totNum = 66
ROUND = 1215, SUM = 16066946, bChange = 0.00464188, totNum = 66
ROUND = 1216, SUM = 16066946, bChange = 0.00464551, totNum = 66
ROUND = 1217, SUM = 16066946, bChange = 0.00464914, totNum = 66
ROUND = 1218, SUM = 16066945.9999999, bChange = 0.00465276, totNum = 66
ROUND = 1219, SUM = 16066945.9999999, bChange = 0.00465638, totNum = 66
ROUND = 1220, SUM = 16066946, bChange = 0.00466, totNum = 66
ROUND = 1221, SUM = 16066945.9999999, bChange = 0.00466362, totNum = 66
ROUND = 1222, SUM = 16066946, bChange = 0.00466724, totNum = 66
ROUND = 1223, SUM = 16066946, bChange = 0.00467085, totNum = 66
ROUND = 1224, SUM = 16066945.9999999, bChange = 0.00467446, totNum = 66
ROUND = 1225, SUM = 16066945.9999999, bChange = 0.00467807, totNum = 66
ROUND = 1226, SUM = 16066945.9999999, bChange = 0.00468168, totNum = 66
ROUND = 1227, SUM = 16066945.9999999, bChange = 0.00468528, totNum = 66
ROUND = 1228, SUM = 16066945.9999999, bChange = 0.00468889, totNum = 66
ROUND = 1229, SUM = 16066946, bChange = 0.00469249, totNum = 66
ROUND = 1230, SUM = 16066945.9999999, bChange = 0.00469608, totNum = 66
ROUND = 1231, SUM = 16066945.9999999, bChange = 0.00469968, totNum = 66
ROUND = 1232, SUM = 16066945.9999999, bChange = 0.00470327, totNum = 66
ROUND = 1233, SUM = 16066945.9999999, bChange = 0.00470686, totNum = 66
ROUND = 1234, SUM = 16066945.9999999, bChange = 0.00471045, totNum = 66
ROUND = 1235, SUM = 16066946, bChange = 0.00471403, totNum = 66
ROUND = 1236, SUM = 16066945.9999999, bChange = 0.00471761, totNum = 66
ROUND = 1237, SUM = 16066946, bChange = 0.00472119, totNum = 66
ROUND = 1238, SUM = 16066945.9999999, bChange = 0.00472477, totNum = 66
ROUND = 1239, SUM = 16066945.9999999, bChange = 0.00472835, totNum = 66
ROUND = 1240, SUM = 16066945.9999999, bChange = 0.00473192, totNum = 66
ROUND = 1241, SUM = 16066945.9999999, bChange = 0.00473549, totNum = 65
ROUND = 1242, SUM = 16066945.9999999, bChange = 0.00473906, totNum = 65
ROUND = 1243, SUM = 16066945.9999999, bChange = 0.00474262, totNum = 65
ROUND = 1244, SUM = 16066946, bChange = 0.00474618, totNum = 65
ROUND = 1245, SUM = 16066945.9999999, bChange = 0.00474974, totNum = 65
ROUND = 1246, SUM = 16066945.9999999, bChange = 0.0047533, totNum = 65
ROUND = 1247, SUM = 16066945.9999999, bChange = 0.00475685, totNum = 65
ROUND = 1248, SUM = 16066945.9999999, bChange = 0.0047604, totNum = 64
ROUND = 1249, SUM = 16066945.9999999, bChange = 0.00476395, totNum = 64
ROUND = 1250, SUM = 16066945.9999999, bChange = 0.0047675, totNum = 64
ROUND = 1251, SUM = 16066945.9999999, bChange = 0.00477104, totNum = 64
ROUND = 1252, SUM = 16066945.9999999, bChange = 0.00477458, totNum = 64
ROUND = 1253, SUM = 16066945.9999999, bChange = 0.00477812, totNum = 64
ROUND = 1254, SUM = 16066945.9999999, bChange = 0.00478165, totNum = 64
ROUND = 1255, SUM = 16066946, bChange = 0.00478518, totNum = 64
ROUND = 1256, SUM = 16066946, bChange = 0.00478871, totNum = 64
ROUND = 1257, SUM = 16066945.9999999, bChange = 0.00479224, totNum = 64
ROUND = 1258, SUM = 16066945.9999999, bChange = 0.00479576, totNum = 64
ROUND = 1259, SUM = 16066946, bChange = 0.00479928, totNum = 64
ROUND = 1260, SUM = 16066946, bChange = 0.0048028, totNum = 64
ROUND = 1261, SUM = 16066946, bChange = 0.00480631, totNum = 63
ROUND = 1262, SUM = 16066945.9999999, bChange = 0.00480982, totNum = 63
ROUND = 1263, SUM = 16066945.9999999, bChange = 0.00481333, totNum = 63
ROUND = 1264, SUM = 16066945.9999999, bChange = 0.00481684, totNum = 63
ROUND = 1265, SUM = 16066945.9999999, bChange = 0.00482034, totNum = 63
ROUND = 1266, SUM = 16066946, bChange = 0.00482384, totNum = 62
ROUND = 1267, SUM = 16066945.9999999, bChange = 0.00482734, totNum = 62
ROUND = 1268, SUM = 16066946, bChange = 0.00483083, totNum = 62
ROUND = 1269, SUM = 16066946, bChange = 0.00483432, totNum = 62
ROUND = 1270, SUM = 16066946, bChange = 0.00483781, totNum = 62
ROUND = 1271, SUM = 16066945.9999999, bChange = 0.00484129, totNum = 62
ROUND = 1272, SUM = 16066945.9999999, bChange = 0.00484478, totNum = 62
ROUND = 1273, SUM = 16066946, bChange = 0.00484825, totNum = 62
ROUND = 1274, SUM = 16066945.9999999, bChange = 0.00485173, totNum = 62
ROUND = 1275, SUM = 16066945.9999999, bChange = 0.0048552, totNum = 62
ROUND = 1276, SUM = 16066945.9999999, bChange = 0.00485867, totNum = 62
ROUND = 1277, SUM = 16066945.9999999, bChange = 0.00486214, totNum = 62
ROUND = 1278, SUM = 16066945.9999999, bChange = 0.0048656, totNum = 62
ROUND = 1279, SUM = 16066945.9999999, bChange = 0.00486906, totNum = 61
ROUND = 1280, SUM = 16066945.9999999, bChange = 0.00487252, totNum = 61
ROUND = 1281, SUM = 16066945.9999999, bChange = 0.00487597, totNum = 61
ROUND = 1282, SUM = 16066945.9999999, bChange = 0.00487942, totNum = 61
ROUND = 1283, SUM = 16066945.9999999, bChange = 0.00488287, totNum = 61
ROUND = 1284, SUM = 16066945.9999999, bChange = 0.00488631, totNum = 60
ROUND = 1285, SUM = 16066945.9999999, bChange = 0.00488975, totNum = 60
ROUND = 1286, SUM = 16066946, bChange = 0.00489319, totNum = 60
ROUND = 1287, SUM = 16066945.9999999, bChange = 0.00489662, totNum = 60
ROUND = 1288, SUM = 16066946, bChange = 0.00490006, totNum = 60
ROUND = 1289, SUM = 16066945.9999999, bChange = 0.00490348, totNum = 60
ROUND = 1290, SUM = 16066945.9999999, bChange = 0.00490691, totNum = 60
ROUND = 1291, SUM = 16066945.9999999, bChange = 0.00491033, totNum = 59
ROUND = 1292, SUM = 16066945.9999999, bChange = 0.00491375, totNum = 59
ROUND = 1293, SUM = 16066945.9999999, bChange = 0.00491716, totNum = 59
ROUND = 1294, SUM = 16066945.9999999, bChange = 0.00492057, totNum = 59
ROUND = 1295, SUM = 16066946, bChange = 0.00492398, totNum = 59
ROUND = 1296, SUM = 16066946, bChange = 0.00492738, totNum = 59
ROUND = 1297, SUM = 16066945.9999999, bChange = 0.00493078, totNum = 58
ROUND = 1298, SUM = 16066945.9999999, bChange = 0.00493418, totNum = 58
ROUND = 1299, SUM = 16066946, bChange = 0.00493757, totNum = 58
ROUND = 1300, SUM = 16066946, bChange = 0.00494096, totNum = 58
ROUND = 1301, SUM = 16066946, bChange = 0.00494435, totNum = 58
ROUND = 1302, SUM = 16066946, bChange = 0.00494773, totNum = 58
ROUND = 1303, SUM = 16066945.9999999, bChange = 0.00495111, totNum = 58
ROUND = 1304, SUM = 16066945.9999999, bChange = 0.00495449, totNum = 58
ROUND = 1305, SUM = 16066945.9999999, bChange = 0.00495786, totNum = 58
ROUND = 1306, SUM = 16066945.9999999, bChange = 0.00496123, totNum = 58
ROUND = 1307, SUM = 16066946, bChange = 0.0049646, totNum = 58
ROUND = 1308, SUM = 16066945.9999999, bChange = 0.00496796, totNum = 58
ROUND = 1309, SUM = 16066945.9999999, bChange = 0.00497132, totNum = 57
ROUND = 1310, SUM = 16066945.9999999, bChange = 0.00497467, totNum = 56
ROUND = 1311, SUM = 16066945.9999999, bChange = 0.00497803, totNum = 56
ROUND = 1312, SUM = 16066945.9999999, bChange = 0.00498137, totNum = 56
ROUND = 1313, SUM = 16066945.9999999, bChange = 0.00498472, totNum = 56
ROUND = 1314, SUM = 16066945.9999999, bChange = 0.00498806, totNum = 56
ROUND = 1315, SUM = 16066945.9999999, bChange = 0.0049914, totNum = 56
ROUND = 1316, SUM = 16066946, bChange = 0.00499473, totNum = 55
ROUND = 1317, SUM = 16066945.9999999, bChange = 0.00499806, totNum = 54
ROUND = 1318, SUM = 16066945.9999999, bChange = 0.00500138, totNum = 54
ROUND = 1319, SUM = 16066945.9999999, bChange = 0.00500471, totNum = 54
ROUND = 1320, SUM = 16066945.9999999, bChange = 0.00500803, totNum = 54
ROUND = 1321, SUM = 16066945.9999999, bChange = 0.00501134, totNum = 54
ROUND = 1322, SUM = 16066945.9999999, bChange = 0.00501465, totNum = 54
ROUND = 1323, SUM = 16066946, bChange = 0.00501796, totNum = 54
ROUND = 1324, SUM = 16066946, bChange = 0.00502126, totNum = 54
ROUND = 1325, SUM = 16066946, bChange = 0.00502456, totNum = 54
ROUND = 1326, SUM = 16066945.9999999, bChange = 0.00502786, totNum = 54
ROUND = 1327, SUM = 16066946, bChange = 0.00503115, totNum = 54
ROUND = 1328, SUM = 16066946, bChange = 0.00503444, totNum = 54
ROUND = 1329, SUM = 16066946, bChange = 0.00503773, totNum = 54
ROUND = 1330, SUM = 16066946, bChange = 0.00504101, totNum = 54
ROUND = 1331, SUM = 16066945.9999999, bChange = 0.00504428, totNum = 54
ROUND = 1332, SUM = 16066946, bChange = 0.00504756, totNum = 54
ROUND = 1333, SUM = 16066945.9999999, bChange = 0.00505083, totNum = 54
ROUND = 1334, SUM = 16066946, bChange = 0.00505409, totNum = 54
ROUND = 1335, SUM = 16066945.9999999, bChange = 0.00505735, totNum = 54
ROUND = 1336, SUM = 16066945.9999999, bChange = 0.00506061, totNum = 53
ROUND = 1337, SUM = 16066945.9999999, bChange = 0.00506387, totNum = 53
ROUND = 1338, SUM = 16066946, bChange = 0.00506712, totNum = 53
ROUND = 1339, SUM = 16066946, bChange = 0.00507036, totNum = 52
ROUND = 1340, SUM = 16066946, bChange = 0.0050736, totNum = 52
ROUND = 1341, SUM = 16066945.9999999, bChange = 0.00507684, totNum = 52
ROUND = 1342, SUM = 16066946, bChange = 0.00508008, totNum = 51
ROUND = 1343, SUM = 16066946, bChange = 0.00508331, totNum = 51
ROUND = 1344, SUM = 16066945.9999999, bChange = 0.00508653, totNum = 51
ROUND = 1345, SUM = 16066946, bChange = 0.00508976, totNum = 50
ROUND = 1346, SUM = 16066946, bChange = 0.00509297, totNum = 50
ROUND = 1347, SUM = 16066945.9999999, bChange = 0.00509619, totNum = 50
ROUND = 1348, SUM = 16066945.9999999, bChange = 0.0050994, totNum = 50
ROUND = 1349, SUM = 16066946, bChange = 0.0051026, totNum = 50
ROUND = 1350, SUM = 16066945.9999999, bChange = 0.00510581, totNum = 50
ROUND = 1351, SUM = 16066945.9999999, bChange = 0.00510901, totNum = 50
ROUND = 1352, SUM = 16066945.9999999, bChange = 0.0051122, totNum = 50
ROUND = 1353, SUM = 16066946, bChange = 0.00511539, totNum = 50
ROUND = 1354, SUM = 16066946, bChange = 0.00511858, totNum = 50
ROUND = 1355, SUM = 16066945.9999999, bChange = 0.00512176, totNum = 50
ROUND = 1356, SUM = 16066946, bChange = 0.00512494, totNum = 50
ROUND = 1357, SUM = 16066945.9999999, bChange = 0.00512811, totNum = 50
ROUND = 1358, SUM = 16066945.9999999, bChange = 0.00513128, totNum = 50
ROUND = 1359, SUM = 16066945.9999999, bChange = 0.00513444, totNum = 50
ROUND = 1360, SUM = 16066946, bChange = 0.00513761, totNum = 50
ROUND = 1361, SUM = 16066946, bChange = 0.00514076, totNum = 50
ROUND = 1362, SUM = 16066945.9999999, bChange = 0.00514392, totNum = 50
ROUND = 1363, SUM = 16066945.9999999, bChange = 0.00514706, totNum = 50
ROUND = 1364, SUM = 16066945.9999999, bChange = 0.00515021, totNum = 49
ROUND = 1365, SUM = 16066946, bChange = 0.00515335, totNum = 49
ROUND = 1366, SUM = 16066946, bChange = 0.00515649, totNum = 49
ROUND = 1367, SUM = 16066946, bChange = 0.00515962, totNum = 49
ROUND = 1368, SUM = 16066946, bChange = 0.00516275, totNum = 49
ROUND = 1369, SUM = 16066946, bChange = 0.00516587, totNum = 49
ROUND = 1370, SUM = 16066946, bChange = 0.00516899, totNum = 49
ROUND = 1371, SUM = 16066946, bChange = 0.0051721, totNum = 49
ROUND = 1372, SUM = 16066945.9999999, bChange = 0.00517522, totNum = 49
ROUND = 1373, SUM = 16066946, bChange = 0.00517832, totNum = 49
ROUND = 1374, SUM = 16066946, bChange = 0.00518142, totNum = 48
ROUND = 1375, SUM = 16066946, bChange = 0.00518452, totNum = 48
ROUND = 1376, SUM = 16066946, bChange = 0.00518762, totNum = 48
ROUND = 1377, SUM = 16066945.9999999, bChange = 0.00519071, totNum = 48
ROUND = 1378, SUM = 16066946, bChange = 0.00519379, totNum = 48
ROUND = 1379, SUM = 16066946, bChange = 0.00519687, totNum = 48
ROUND = 1380, SUM = 16066945.9999999, bChange = 0.00519995, totNum = 47
ROUND = 1381, SUM = 16066946, bChange = 0.00520302, totNum = 46
ROUND = 1382, SUM = 16066945.9999999, bChange = 0.00520609, totNum = 46
ROUND = 1383, SUM = 16066946, bChange = 0.00520915, totNum = 46
ROUND = 1384, SUM = 16066946, bChange = 0.00521221, totNum = 46
ROUND = 1385, SUM = 16066945.9999999, bChange = 0.00521527, totNum = 46
ROUND = 1386, SUM = 16066946, bChange = 0.00521832, totNum = 46
ROUND = 1387, SUM = 16066945.9999999, bChange = 0.00522136, totNum = 46
ROUND = 1388, SUM = 16066946, bChange = 0.00522441, totNum = 46
ROUND = 1389, SUM = 16066946, bChange = 0.00522744, totNum = 46
ROUND = 1390, SUM = 16066946, bChange = 0.00523048, totNum = 46
ROUND = 1391, SUM = 16066946, bChange = 0.0052335, totNum = 46
ROUND = 1392, SUM = 16066945.9999999, bChange = 0.00523653, totNum = 46
ROUND = 1393, SUM = 16066945.9999999, bChange = 0.00523955, totNum = 46
ROUND = 1394, SUM = 16066946, bChange = 0.00524256, totNum = 46
ROUND = 1395, SUM = 16066945.9999999, bChange = 0.00524557, totNum = 46
ROUND = 1396, SUM = 16066945.9999999, bChange = 0.00524858, totNum = 46
ROUND = 1397, SUM = 16066945.9999999, bChange = 0.00525158, totNum = 46
ROUND = 1398, SUM = 16066946, bChange = 0.00525458, totNum = 46
ROUND = 1399, SUM = 16066946, bChange = 0.00525757, totNum = 46
ROUND = 1400, SUM = 16066945.9999999, bChange = 0.00526056, totNum = 46
ROUND = 1401, SUM = 16066946, bChange = 0.00526355, totNum = 46
ROUND = 1402, SUM = 16066946, bChange = 0.00526653, totNum = 46
ROUND = 1403, SUM = 16066946, bChange = 0.0052695, totNum = 46
ROUND = 1404, SUM = 16066945.9999999, bChange = 0.00527247, totNum = 46
ROUND = 1405, SUM = 16066946, bChange = 0.00527544, totNum = 46
ROUND = 1406, SUM = 16066946, bChange = 0.0052784, totNum = 46
ROUND = 1407, SUM = 16066945.9999999, bChange = 0.00528136, totNum = 46
ROUND = 1408, SUM = 16066945.9999999, bChange = 0.00528431, totNum = 46
ROUND = 1409, SUM = 16066945.9999999, bChange = 0.00528726, totNum = 46
ROUND = 1410, SUM = 16066945.9999999, bChange = 0.0052902, totNum = 45
ROUND = 1411, SUM = 16066945.9999999, bChange = 0.00529314, totNum = 45
ROUND = 1412, SUM = 16066945.9999999, bChange = 0.00529607, totNum = 45
ROUND = 1413, SUM = 16066945.9999999, bChange = 0.005299, totNum = 45
ROUND = 1414, SUM = 16066945.9999999, bChange = 0.00530193, totNum = 45
ROUND = 1415, SUM = 16066945.9999999, bChange = 0.00530485, totNum = 45
ROUND = 1416, SUM = 16066946, bChange = 0.00530776, totNum = 45
ROUND = 1417, SUM = 16066945.9999999, bChange = 0.00531067, totNum = 45
ROUND = 1418, SUM = 16066945.9999999, bChange = 0.00531358, totNum = 45
ROUND = 1419, SUM = 16066946, bChange = 0.00531648, totNum = 45
ROUND = 1420, SUM = 16066945.9999999, bChange = 0.00531938, totNum = 45
ROUND = 1421, SUM = 16066945.9999999, bChange = 0.00532227, totNum = 45
ROUND = 1422, SUM = 16066946, bChange = 0.00532516, totNum = 45
ROUND = 1423, SUM = 16066946, bChange = 0.00532805, totNum = 45
ROUND = 1424, SUM = 16066946, bChange = 0.00533093, totNum = 45
ROUND = 1425, SUM = 16066946, bChange = 0.0053338, totNum = 45
ROUND = 1426, SUM = 16066945.9999999, bChange = 0.00533667, totNum = 45
ROUND = 1427, SUM = 16066945.9999999, bChange = 0.00533953, totNum = 45
ROUND = 1428, SUM = 16066945.9999999, bChange = 0.0053424, totNum = 45
ROUND = 1429, SUM = 16066946, bChange = 0.00534525, totNum = 45
ROUND = 1430, SUM = 16066946, bChange = 0.0053481, totNum = 45
ROUND = 1431, SUM = 16066946, bChange = 0.00535095, totNum = 45
ROUND = 1432, SUM = 16066945.9999999, bChange = 0.00422343, totNum = 43
ROUND = 1433, SUM = 16066946, bChange = 0.00422347, totNum = 43
ROUND = 1434, SUM = 16066946, bChange = 0.00422351, totNum = 43
ROUND = 1435, SUM = 16066946, bChange = 0.00422355, totNum = 43
ROUND = 1436, SUM = 16066946, bChange = 0.00422359, totNum = 43
ROUND = 1437, SUM = 16066946, bChange = 0.00422363, totNum = 43
ROUND = 1438, SUM = 16066945.9999999, bChange = 0.00422367, totNum = 43
ROUND = 1439, SUM = 16066946, bChange = 0.00422371, totNum = 43
ROUND = 1440, SUM = 16066946, bChange = 0.00422375, totNum = 43
ROUND = 1441, SUM = 16066946, bChange = 0.00422379, totNum = 43
ROUND = 1442, SUM = 16066946, bChange = 0.00422383, totNum = 43
ROUND = 1443, SUM = 16066945.9999999, bChange = 0.00422386, totNum = 43
ROUND = 1444, SUM = 16066945.9999999, bChange = 0.0042239, totNum = 42
ROUND = 1445, SUM = 16066945.9999999, bChange = 0.00422394, totNum = 42
ROUND = 1446, SUM = 16066945.9999999, bChange = 0.00422398, totNum = 41
ROUND = 1447, SUM = 16066945.9999999, bChange = 0.00422402, totNum = 41
ROUND = 1448, SUM = 16066946, bChange = 0.00422406, totNum = 41
ROUND = 1449, SUM = 16066946, bChange = 0.00422409, totNum = 41
ROUND = 1450, SUM = 16066945.9999999, bChange = 0.00422413, totNum = 41
ROUND = 1451, SUM = 16066946, bChange = 0.00422417, totNum = 41
ROUND = 1452, SUM = 16066945.9999999, bChange = 0.00422421, totNum = 41
ROUND = 1453, SUM = 16066946, bChange = 0.00422424, totNum = 41
ROUND = 1454, SUM = 16066946, bChange = 0.00422428, totNum = 40
ROUND = 1455, SUM = 16066946, bChange = 0.00422432, totNum = 40
ROUND = 1456, SUM = 16066945.9999999, bChange = 0.00422435, totNum = 41
ROUND = 1457, SUM = 16066945.9999999, bChange = 0.00422439, totNum = 41
ROUND = 1458, SUM = 16066945.9999999, bChange = 0.00422443, totNum = 40
ROUND = 1459, SUM = 16066945.9999999, bChange = 0.00422446, totNum = 40
ROUND = 1460, SUM = 16066945.9999999, bChange = 0.0042245, totNum = 40
ROUND = 1461, SUM = 16066946, bChange = 0.00422453, totNum = 40
ROUND = 1462, SUM = 16066945.9999999, bChange = 0.00383408, totNum = 40
ROUND = 1463, SUM = 16066945.9999999, bChange = 0.00383409, totNum = 40
ROUND = 1464, SUM = 16066946, bChange = 0.00383409, totNum = 40
ROUND = 1465, SUM = 16066946, bChange = 0.0038341, totNum = 40
ROUND = 1466, SUM = 16066946, bChange = 0.0038341, totNum = 40
ROUND = 1467, SUM = 16066945.9999999, bChange = 0.00383411, totNum = 40
ROUND = 1468, SUM = 16066945.9999999, bChange = 0.00383411, totNum = 40
ROUND = 1469, SUM = 16066946, bChange = 0.00383412, totNum = 40
ROUND = 1470, SUM = 16066946, bChange = 0.00383413, totNum = 40
ROUND = 1471, SUM = 16066946, bChange = 0.00383413, totNum = 40
ROUND = 1472, SUM = 16066945.9999999, bChange = 0.00383414, totNum = 40
ROUND = 1473, SUM = 16066945.9999999, bChange = 0.00383414, totNum = 40
ROUND = 1474, SUM = 16066945.9999999, bChange = 0.00383415, totNum = 40
ROUND = 1475, SUM = 16066945.9999999, bChange = 0.00383415, totNum = 40
ROUND = 1476, SUM = 16066946, bChange = 0.00383416, totNum = 40
ROUND = 1477, SUM = 16066946, bChange = 0.00383416, totNum = 40
ROUND = 1478, SUM = 16066946, bChange = 0.00383417, totNum = 40
ROUND = 1479, SUM = 16066946, bChange = 0.00383417, totNum = 38
ROUND = 1480, SUM = 16066945.9999999, bChange = 0.00383418, totNum = 37
ROUND = 1481, SUM = 16066945.9999999, bChange = 0.00383418, totNum = 37
ROUND = 1482, SUM = 16066945.9999999, bChange = 0.00383419, totNum = 37
ROUND = 1483, SUM = 16066946, bChange = 0.0038342, totNum = 37
ROUND = 1484, SUM = 16066946, bChange = 0.0038342, totNum = 37
ROUND = 1485, SUM = 16066946, bChange = 0.00383421, totNum = 37
ROUND = 1486, SUM = 16066946, bChange = 0.00383421, totNum = 37
ROUND = 1487, SUM = 16066946, bChange = 0.00383422, totNum = 37
ROUND = 1488, SUM = 16066945.9999999, bChange = 0.00383422, totNum = 37
ROUND = 1489, SUM = 16066946, bChange = 0.00383423, totNum = 37
ROUND = 1490, SUM = 16066946, bChange = 0.00383423, totNum = 37
ROUND = 1491, SUM = 16066946, bChange = 0.00383424, totNum = 37
ROUND = 1492, SUM = 16066945.9999999, bChange = 0.00383424, totNum = 37
ROUND = 1493, SUM = 16066945.9999999, bChange = 0.00383425, totNum = 37
ROUND = 1494, SUM = 16066945.9999999, bChange = 0.00383425, totNum = 37
ROUND = 1495, SUM = 16066946, bChange = 0.00383426, totNum = 37
ROUND = 1496, SUM = 16066946, bChange = 0.00383426, totNum = 37
ROUND = 1497, SUM = 16066945.9999999, bChange = 0.00383427, totNum = 37
ROUND = 1498, SUM = 16066946, bChange = 0.00383427, totNum = 37
ROUND = 1499, SUM = 16066945.9999999, bChange = 0.00383428, totNum = 37
ROUND = 1500, SUM = 16066945.9999999, bChange = 0.00383428, totNum = 37
ROUND = 1501, SUM = 16066946, bChange = 0.00383429, totNum = 37
ROUND = 1502, SUM = 16066945.9999999, bChange = 0.00383429, totNum = 37
ROUND = 1503, SUM = 16066946, bChange = 0.0038343, totNum = 37
ROUND = 1504, SUM = 16066945.9999999, bChange = 0.0038343, totNum = 37
ROUND = 1505, SUM = 16066946, bChange = 0.00383431, totNum = 36
ROUND = 1506, SUM = 16066946, bChange = 0.00383431, totNum = 36
ROUND = 1507, SUM = 16066946, bChange = 0.00383431, totNum = 36
ROUND = 1508, SUM = 16066946, bChange = 0.00383432, totNum = 36
ROUND = 1509, SUM = 16066946, bChange = 0.00383432, totNum = 36
ROUND = 1510, SUM = 16066946, bChange = 0.00383433, totNum = 36
ROUND = 1511, SUM = 16066946, bChange = 0.00383433, totNum = 36
ROUND = 1512, SUM = 16066946, bChange = 0.00383434, totNum = 36
ROUND = 1513, SUM = 16066945.9999999, bChange = 0.00383434, totNum = 36
ROUND = 1514, SUM = 16066946, bChange = 0.00383435, totNum = 36
ROUND = 1515, SUM = 16066946, bChange = 0.00383435, totNum = 36
ROUND = 1516, SUM = 16066945.9999999, bChange = 0.00383436, totNum = 36
ROUND = 1517, SUM = 16066945.9999999, bChange = 0.00383436, totNum = 36
ROUND = 1518, SUM = 16066945.9999999, bChange = 0.00383437, totNum = 36
ROUND = 1519, SUM = 16066946, bChange = 0.00383437, totNum = 36
ROUND = 1520, SUM = 16066945.9999999, bChange = 0.00383437, totNum = 36
ROUND = 1521, SUM = 16066945.9999999, bChange = 0.00383438, totNum = 36
ROUND = 1522, SUM = 16066946, bChange = 0.00383438, totNum = 36
ROUND = 1523, SUM = 16066946, bChange = 0.00383439, totNum = 36
ROUND = 1524, SUM = 16066946, bChange = 0.00383439, totNum = 36
ROUND = 1525, SUM = 16066946, bChange = 0.0038344, totNum = 36
ROUND = 1526, SUM = 16066946, bChange = 0.0038344, totNum = 36
ROUND = 1527, SUM = 16066946, bChange = 0.00383441, totNum = 36
ROUND = 1528, SUM = 16066946, bChange = 0.00383441, totNum = 36
ROUND = 1529, SUM = 16066946, bChange = 0.00383441, totNum = 36
ROUND = 1530, SUM = 16066946, bChange = 0.00383442, totNum = 35
ROUND = 1531, SUM = 16066945.9999999, bChange = 0.00383442, totNum = 35
ROUND = 1532, SUM = 16066946, bChange = 0.00383443, totNum = 35
ROUND = 1533, SUM = 16066946, bChange = 0.00383443, totNum = 35
ROUND = 1534, SUM = 16066946, bChange = 0.00383444, totNum = 35
ROUND = 1535, SUM = 16066946, bChange = 0.00383444, totNum = 35
ROUND = 1536, SUM = 16066946, bChange = 0.00383444, totNum = 35
ROUND = 1537, SUM = 16066946, bChange = 0.00383445, totNum = 35
ROUND = 1538, SUM = 16066946, bChange = 0.00383445, totNum = 35
ROUND = 1539, SUM = 16066946, bChange = 0.00383446, totNum = 35
ROUND = 1540, SUM = 16066946, bChange = 0.00383446, totNum = 35
ROUND = 1541, SUM = 16066946, bChange = 0.00383446, totNum = 35
ROUND = 1542, SUM = 16066946, bChange = 0.00383447, totNum = 35
ROUND = 1543, SUM = 16066945.9999999, bChange = 0.00383447, totNum = 35
ROUND = 1544, SUM = 16066946, bChange = 0.00383448, totNum = 35
ROUND = 1545, SUM = 16066946, bChange = 0.00383448, totNum = 35
ROUND = 1546, SUM = 16066946, bChange = 0.00383448, totNum = 35
ROUND = 1547, SUM = 16066946, bChange = 0.00383449, totNum = 35
ROUND = 1548, SUM = 16066945.9999999, bChange = 0.00383449, totNum = 34
ROUND = 1549, SUM = 16066945.9999999, bChange = 0.0038345, totNum = 34
ROUND = 1550, SUM = 16066946, bChange = 0.0038345, totNum = 34
ROUND = 1551, SUM = 16066946, bChange = 0.0038345, totNum = 34
ROUND = 1552, SUM = 16066945.9999999, bChange = 0.00383451, totNum = 33
ROUND = 1553, SUM = 16066946, bChange = 0.00383451, totNum = 33
ROUND = 1554, SUM = 16066946, bChange = 0.00383452, totNum = 33
ROUND = 1555, SUM = 16066946, bChange = 0.00383452, totNum = 33
ROUND = 1556, SUM = 16066946, bChange = 0.00383452, totNum = 33
ROUND = 1557, SUM = 16066945.9999999, bChange = 0.00383453, totNum = 33
ROUND = 1558, SUM = 16066946, bChange = 0.00383453, totNum = 33
ROUND = 1559, SUM = 16066946, bChange = 0.00383454, totNum = 33
ROUND = 1560, SUM = 16066946, bChange = 0.00383454, totNum = 33
ROUND = 1561, SUM = 16066946, bChange = 0.00383454, totNum = 33
ROUND = 1562, SUM = 16066946, bChange = 0.00383455, totNum = 33
ROUND = 1563, SUM = 16066945.9999999, bChange = 0.00383455, totNum = 33
ROUND = 1564, SUM = 16066946, bChange = 0.00383455, totNum = 33
ROUND = 1565, SUM = 16066946, bChange = 0.00383456, totNum = 33
ROUND = 1566, SUM = 16066945.9999999, bChange = 0.00383456, totNum = 33
ROUND = 1567, SUM = 16066946, bChange = 0.00383457, totNum = 32
ROUND = 1568, SUM = 16066945.9999999, bChange = 0.00383457, totNum = 32
ROUND = 1569, SUM = 16066945.9999999, bChange = 0.00383457, totNum = 32
ROUND = 1570, SUM = 16066945.9999999, bChange = 0.00383458, totNum = 32
ROUND = 1571, SUM = 16066945.9999999, bChange = 0.00383458, totNum = 32
ROUND = 1572, SUM = 16066946, bChange = 0.00383458, totNum = 32
ROUND = 1573, SUM = 16066946, bChange = 0.00383459, totNum = 32
ROUND = 1574, SUM = 16066946, bChange = 0.00383459, totNum = 32
ROUND = 1575, SUM = 16066946, bChange = 0.00383459, totNum = 31
ROUND = 1576, SUM = 16066945.9999999, bChange = 0.0038346, totNum = 31
ROUND = 1577, SUM = 16066945.9999999, bChange = 0.0038346, totNum = 30
ROUND = 1578, SUM = 16066945.9999999, bChange = 0.00383461, totNum = 30
ROUND = 1579, SUM = 16066946, bChange = 0.00383461, totNum = 30
ROUND = 1580, SUM = 16066945.9999999, bChange = 0.00383461, totNum = 30
ROUND = 1581, SUM = 16066946, bChange = 0.00383462, totNum = 30
ROUND = 1582, SUM = 16066945.9999999, bChange = 0.00383462, totNum = 30
ROUND = 1583, SUM = 16066945.9999999, bChange = 0.00383462, totNum = 30
ROUND = 1584, SUM = 16066945.9999999, bChange = 0.00383463, totNum = 30
ROUND = 1585, SUM = 16066945.9999999, bChange = 0.00383463, totNum = 30
ROUND = 1586, SUM = 16066946, bChange = 0.00383463, totNum = 30
ROUND = 1587, SUM = 16066946, bChange = 0.00383464, totNum = 30
ROUND = 1588, SUM = 16066945.9999999, bChange = 0.00383464, totNum = 30
ROUND = 1589, SUM = 16066945.9999999, bChange = 0.00383464, totNum = 30
ROUND = 1590, SUM = 16066946, bChange = 0.00383465, totNum = 30
ROUND = 1591, SUM = 16066946, bChange = 0.00383465, totNum = 30
ROUND = 1592, SUM = 16066945.9999999, bChange = 0.00383465, totNum = 30
ROUND = 1593, SUM = 16066946, bChange = 0.00383466, totNum = 30
ROUND = 1594, SUM = 16066946, bChange = 0.00383466, totNum = 30
ROUND = 1595, SUM = 16066946, bChange = 0.00383466, totNum = 30
ROUND = 1596, SUM = 16066945.9999999, bChange = 0.00383467, totNum = 30
ROUND = 1597, SUM = 16066946, bChange = 0.00383467, totNum = 30
ROUND = 1598, SUM = 16066945.9999999, bChange = 0.00383467, totNum = 30
ROUND = 1599, SUM = 16066946, bChange = 0.00383468, totNum = 30
ROUND = 1600, SUM = 16066946, bChange = 0.00383468, totNum = 30
ROUND = 1601, SUM = 16066946, bChange = 0.00383468, totNum = 30
ROUND = 1602, SUM = 16066946, bChange = 0.00383469, totNum = 30
ROUND = 1603, SUM = 16066945.9999999, bChange = 0.00383469, totNum = 30
ROUND = 1604, SUM = 16066946, bChange = 0.00383469, totNum = 30
ROUND = 1605, SUM = 16066945.9999999, bChange = 0.0038347, totNum = 29
ROUND = 1606, SUM = 16066946, bChange = 0.0038347, totNum = 29
ROUND = 1607, SUM = 16066946, bChange = 0.0038347, totNum = 29
ROUND = 1608, SUM = 16066946, bChange = 0.0038347, totNum = 29
ROUND = 1609, SUM = 16066946, bChange = 0.00383471, totNum = 29
ROUND = 1610, SUM = 16066945.9999999, bChange = 0.00383471, totNum = 29
ROUND = 1611, SUM = 16066946, bChange = 0.00383471, totNum = 29
ROUND = 1612, SUM = 16066945.9999999, bChange = 0.00383472, totNum = 29
ROUND = 1613, SUM = 16066946, bChange = 0.00383472, totNum = 29
ROUND = 1614, SUM = 16066945.9999999, bChange = 0.00383472, totNum = 29
ROUND = 1615, SUM = 16066945.9999999, bChange = 0.00383473, totNum = 29
ROUND = 1616, SUM = 16066945.9999999, bChange = 0.00383473, totNum = 29
ROUND = 1617, SUM = 16066946, bChange = 0.00383473, totNum = 29
ROUND = 1618, SUM = 16066946, bChange = 0.00383474, totNum = 29
ROUND = 1619, SUM = 16066946, bChange = 0.00383474, totNum = 29
ROUND = 1620, SUM = 16066946, bChange = 0.00383474, totNum = 29
ROUND = 1621, SUM = 16066946, bChange = 0.00383474, totNum = 29
ROUND = 1622, SUM = 16066946, bChange = 0.00383475, totNum = 29
ROUND = 1623, SUM = 16066946, bChange = 0.00383475, totNum = 29
ROUND = 1624, SUM = 16066945.9999999, bChange = 0.00383475, totNum = 29
ROUND = 1625, SUM = 16066946, bChange = 0.00383476, totNum = 29
ROUND = 1626, SUM = 16066946, bChange = 0.00383476, totNum = 29
ROUND = 1627, SUM = 16066945.9999999, bChange = 0.00383476, totNum = 29
ROUND = 1628, SUM = 16066946, bChange = 0.00383476, totNum = 29
ROUND = 1629, SUM = 16066945.9999999, bChange = 0.00383477, totNum = 29
ROUND = 1630, SUM = 16066946, bChange = 0.00383477, totNum = 28
ROUND = 1631, SUM = 16066946, bChange = 0.00383477, totNum = 28
ROUND = 1632, SUM = 16066945.9999999, bChange = 0.00383478, totNum = 28
ROUND = 1633, SUM = 16066946, bChange = 0.00383478, totNum = 28
ROUND = 1634, SUM = 16066946, bChange = 0.00383478, totNum = 28
ROUND = 1635, SUM = 16066945.9999999, bChange = 0.00383478, totNum = 28
ROUND = 1636, SUM = 16066946, bChange = 0.00383479, totNum = 28
ROUND = 1637, SUM = 16066946, bChange = 0.00383479, totNum = 28
ROUND = 1638, SUM = 16066946, bChange = 0.00383479, totNum = 28
ROUND = 1639, SUM = 16066946, bChange = 0.0038348, totNum = 28
ROUND = 1640, SUM = 16066946, bChange = 0.0038348, totNum = 28
ROUND = 1641, SUM = 16066945.9999999, bChange = 0.0038348, totNum = 28
ROUND = 1642, SUM = 16066945.9999999, bChange = 0.0038348, totNum = 28
ROUND = 1643, SUM = 16066945.9999999, bChange = 0.00383481, totNum = 28
ROUND = 1644, SUM = 16066945.9999999, bChange = 0.00383481, totNum = 28
ROUND = 1645, SUM = 16066946, bChange = 0.00383481, totNum = 28
ROUND = 1646, SUM = 16066946, bChange = 0.00383481, totNum = 28
ROUND = 1647, SUM = 16066945.9999999, bChange = 0.00383482, totNum = 28
ROUND = 1648, SUM = 16066945.9999999, bChange = 0.00383482, totNum = 28
ROUND = 1649, SUM = 16066946, bChange = 0.00383482, totNum = 28
ROUND = 1650, SUM = 16066945.9999999, bChange = 0.00383483, totNum = 28
ROUND = 1651, SUM = 16066946, bChange = 0.00383483, totNum = 28
ROUND = 1652, SUM = 16066946, bChange = 0.00383483, totNum = 28
ROUND = 1653, SUM = 16066945.9999999, bChange = 0.00383483, totNum = 28
ROUND = 1654, SUM = 16066946, bChange = 0.00383484, totNum = 28
ROUND = 1655, SUM = 16066946, bChange = 0.00383484, totNum = 28
ROUND = 1656, SUM = 16066946, bChange = 0.00383484, totNum = 28
ROUND = 1657, SUM = 16066945.9999999, bChange = 0.00383484, totNum = 28
ROUND = 1658, SUM = 16066945.9999999, bChange = 0.00383485, totNum = 28
ROUND = 1659, SUM = 16066946, bChange = 0.00383485, totNum = 28
ROUND = 1660, SUM = 16066946, bChange = 0.00383485, totNum = 28
ROUND = 1661, SUM = 16066946, bChange = 0.00383485, totNum = 28
ROUND = 1662, SUM = 16066946, bChange = 0.00383486, totNum = 28
ROUND = 1663, SUM = 16066945.9999999, bChange = 0.00383486, totNum = 28
ROUND = 1664, SUM = 16066946, bChange = 0.00383486, totNum = 28
ROUND = 1665, SUM = 16066946, bChange = 0.00383486, totNum = 28
ROUND = 1666, SUM = 16066945.9999999, bChange = 0.00383487, totNum = 28
ROUND = 1667, SUM = 16066945.9999999, bChange = 0.00383487, totNum = 28
ROUND = 1668, SUM = 16066945.9999999, bChange = 0.00383487, totNum = 28
ROUND = 1669, SUM = 16066945.9999999, bChange = 0.00383487, totNum = 28
ROUND = 1670, SUM = 16066945.9999999, bChange = 0.00383488, totNum = 28
ROUND = 1671, SUM = 16066946, bChange = 0.00383488, totNum = 28
ROUND = 1672, SUM = 16066945.9999999, bChange = 0.00383488, totNum = 28
ROUND = 1673, SUM = 16066945.9999999, bChange = 0.00383488, totNum = 28
ROUND = 1674, SUM = 16066945.9999999, bChange = 0.00383489, totNum = 28
ROUND = 1675, SUM = 16066945.9999999, bChange = 0.00383489, totNum = 28
ROUND = 1676, SUM = 16066946, bChange = 0.00383489, totNum = 28
ROUND = 1677, SUM = 16066946, bChange = 0.00383489, totNum = 28
ROUND = 1678, SUM = 16066946, bChange = 0.00383489, totNum = 28
ROUND = 1679, SUM = 16066946, bChange = 0.0038349, totNum = 28
ROUND = 1680, SUM = 16066946, bChange = 0.0038349, totNum = 28
ROUND = 1681, SUM = 16066946, bChange = 0.0038349, totNum = 28
ROUND = 1682, SUM = 16066945.9999999, bChange = 0.0038349, totNum = 28
ROUND = 1683, SUM = 16066946, bChange = 0.00383491, totNum = 28
ROUND = 1684, SUM = 16066946, bChange = 0.00383491, totNum = 28
ROUND = 1685, SUM = 16066946, bChange = 0.00383491, totNum = 28
ROUND = 1686, SUM = 16066946, bChange = 0.00383491, totNum = 28
ROUND = 1687, SUM = 16066946, bChange = 0.00383492, totNum = 28
ROUND = 1688, SUM = 16066946, bChange = 0.00383492, totNum = 28
ROUND = 1689, SUM = 16066946, bChange = 0.00383492, totNum = 28
ROUND = 1690, SUM = 16066946, bChange = 0.00383492, totNum = 28
ROUND = 1691, SUM = 16066945.9999999, bChange = 0.00383492, totNum = 28
ROUND = 1692, SUM = 16066946, bChange = 0.00383493, totNum = 28
ROUND = 1693, SUM = 16066946, bChange = 0.00383493, totNum = 28
ROUND = 1694, SUM = 16066946, bChange = 0.00383493, totNum = 28
ROUND = 1695, SUM = 16066946, bChange = 0.00383493, totNum = 28
ROUND = 1696, SUM = 16066946, bChange = 0.00383494, totNum = 28
ROUND = 1697, SUM = 16066946, bChange = 0.00383494, totNum = 28
ROUND = 1698, SUM = 16066946, bChange = 0.00383494, totNum = 28
ROUND = 1699, SUM = 16066946, bChange = 0.00383494, totNum = 28
ROUND = 1700, SUM = 16066946, bChange = 0.00383494, totNum = 28
ROUND = 1701, SUM = 16066945.9999999, bChange = 0.00383495, totNum = 28
ROUND = 1702, SUM = 16066945.9999999, bChange = 0.00383495, totNum = 28
ROUND = 1703, SUM = 16066946, bChange = 0.00383495, totNum = 28
ROUND = 1704, SUM = 16066946, bChange = 0.00383495, totNum = 28
ROUND = 1705, SUM = 16066946, bChange = 0.00383495, totNum = 28
ROUND = 1706, SUM = 16066946, bChange = 0.00383496, totNum = 28
ROUND = 1707, SUM = 16066946, bChange = 0.00383496, totNum = 28
ROUND = 1708, SUM = 16066946, bChange = 0.00383496, totNum = 28
ROUND = 1709, SUM = 16066945.9999999, bChange = 0.00383496, totNum = 28
ROUND = 1710, SUM = 16066946, bChange = 0.00383497, totNum = 28
ROUND = 1711, SUM = 16066946, bChange = 0.00383497, totNum = 28
ROUND = 1712, SUM = 16066946, bChange = 0.00383497, totNum = 28
ROUND = 1713, SUM = 16066946, bChange = 0.00383497, totNum = 28
ROUND = 1714, SUM = 16066946, bChange = 0.00383497, totNum = 28
ROUND = 1715, SUM = 16066946, bChange = 0.00383498, totNum = 28
ROUND = 1716, SUM = 16066946, bChange = 0.00383498, totNum = 28
ROUND = 1717, SUM = 16066945.9999999, bChange = 0.00383498, totNum = 28
ROUND = 1718, SUM = 16066946, bChange = 0.00383498, totNum = 28
ROUND = 1719, SUM = 16066946, bChange = 0.00383498, totNum = 28
ROUND = 1720, SUM = 16066946, bChange = 0.00383499, totNum = 27
ROUND = 1721, SUM = 16066945.9999999, bChange = 0.00383499, totNum = 27
ROUND = 1722, SUM = 16066946, bChange = 0.00383499, totNum = 27
ROUND = 1723, SUM = 16066946, bChange = 0.00383499, totNum = 27
ROUND = 1724, SUM = 16066946, bChange = 0.00383499, totNum = 27
ROUND = 1725, SUM = 16066945.9999999, bChange = 0.003835, totNum = 27
ROUND = 1726, SUM = 16066946, bChange = 0.003835, totNum = 27
ROUND = 1727, SUM = 16066946, bChange = 0.003835, totNum = 27
ROUND = 1728, SUM = 16066946, bChange = 0.003835, totNum = 27
ROUND = 1729, SUM = 16066946, bChange = 0.003835, totNum = 27
ROUND = 1730, SUM = 16066946, bChange = 0.00383501, totNum = 27
ROUND = 1731, SUM = 16066946, bChange = 0.00383501, totNum = 27
ROUND = 1732, SUM = 16066945.9999999, bChange = 0.00383501, totNum = 27
ROUND = 1733, SUM = 16066946, bChange = 0.00383501, totNum = 27
ROUND = 1734, SUM = 16066945.9999999, bChange = 0.00383501, totNum = 27
ROUND = 1735, SUM = 16066945.9999999, bChange = 0.00383501, totNum = 27
ROUND = 1736, SUM = 16066946, bChange = 0.00383502, totNum = 27
ROUND = 1737, SUM = 16066946, bChange = 0.00383502, totNum = 27
ROUND = 1738, SUM = 16066946, bChange = 0.00383502, totNum = 27
ROUND = 1739, SUM = 16066945.9999999, bChange = 0.00383502, totNum = 26
ROUND = 1740, SUM = 16066946, bChange = 0.00383502, totNum = 26
ROUND = 1741, SUM = 16066946, bChange = 0.00383503, totNum = 26
ROUND = 1742, SUM = 16066945.9999999, bChange = 0.00383503, totNum = 26
ROUND = 1743, SUM = 16066946, bChange = 0.00383503, totNum = 26
ROUND = 1744, SUM = 16066946, bChange = 0.00383503, totNum = 26
ROUND = 1745, SUM = 16066946, bChange = 0.00383503, totNum = 26
ROUND = 1746, SUM = 16066946, bChange = 0.00383503, totNum = 26
ROUND = 1747, SUM = 16066946, bChange = 0.00383504, totNum = 26
ROUND = 1748, SUM = 16066945.9999999, bChange = 0.00383504, totNum = 26
ROUND = 1749, SUM = 16066946, bChange = 0.00383504, totNum = 26
ROUND = 1750, SUM = 16066946, bChange = 0.00383504, totNum = 26
ROUND = 1751, SUM = 16066946, bChange = 0.00383504, totNum = 26
ROUND = 1752, SUM = 16066945.9999999, bChange = 0.00383505, totNum = 26
ROUND = 1753, SUM = 16066946, bChange = 0.00383505, totNum = 26
ROUND = 1754, SUM = 16066946, bChange = 0.00383505, totNum = 26
ROUND = 1755, SUM = 16066946, bChange = 0.00383505, totNum = 26
ROUND = 1756, SUM = 16066946, bChange = 0.00383505, totNum = 26
ROUND = 1757, SUM = 16066946, bChange = 0.00383505, totNum = 26
ROUND = 1758, SUM = 16066946, bChange = 0.00383506, totNum = 26
ROUND = 1759, SUM = 16066946, bChange = 0.00383506, totNum = 26
ROUND = 1760, SUM = 16066946, bChange = 0.00383506, totNum = 26
ROUND = 1761, SUM = 16066945.9999999, bChange = 0.00383506, totNum = 26
ROUND = 1762, SUM = 16066945.9999999, bChange = 0.00383506, totNum = 26
ROUND = 1763, SUM = 16066946, bChange = 0.00383506, totNum = 26
ROUND = 1764, SUM = 16066946, bChange = 0.00383507, totNum = 26
ROUND = 1765, SUM = 16066945.9999999, bChange = 0.00383507, totNum = 26
ROUND = 1766, SUM = 16066946, bChange = 0.00383507, totNum = 26
ROUND = 1767, SUM = 16066945.9999999, bChange = 0.00383507, totNum = 26
ROUND = 1768, SUM = 16066946, bChange = 0.00383507, totNum = 26
ROUND = 1769, SUM = 16066946, bChange = 0.00383507, totNum = 26
ROUND = 1770, SUM = 16066946, bChange = 0.00368171, totNum = 25
ROUND = 1771, SUM = 16066946, bChange = 0.00368173, totNum = 25
ROUND = 1772, SUM = 16066946, bChange = 0.00368175, totNum = 25
ROUND = 1773, SUM = 16066946, bChange = 0.00368177, totNum = 25
ROUND = 1774, SUM = 16066946, bChange = 0.00368178, totNum = 25
ROUND = 1775, SUM = 16066946, bChange = 0.0036818, totNum = 25
ROUND = 1776, SUM = 16066946, bChange = 0.00368182, totNum = 25
ROUND = 1777, SUM = 16066946, bChange = 0.00368184, totNum = 25
ROUND = 1778, SUM = 16066946, bChange = 0.00368186, totNum = 25
ROUND = 1779, SUM = 16066946, bChange = 0.00368188, totNum = 25
ROUND = 1780, SUM = 16066946, bChange = 0.0036819, totNum = 25
ROUND = 1781, SUM = 16066946, bChange = 0.00368191, totNum = 25
ROUND = 1782, SUM = 16066945.9999999, bChange = 0.00368193, totNum = 25
ROUND = 1783, SUM = 16066946, bChange = 0.00368195, totNum = 25
ROUND = 1784, SUM = 16066945.9999999, bChange = 0.00368197, totNum = 25
ROUND = 1785, SUM = 16066946, bChange = 0.00368199, totNum = 25
ROUND = 1786, SUM = 16066946, bChange = 0.003682, totNum = 25
ROUND = 1787, SUM = 16066946, bChange = 0.00368202, totNum = 25
ROUND = 1788, SUM = 16066945.9999999, bChange = 0.00368204, totNum = 25
ROUND = 1789, SUM = 16066946, bChange = 0.00368206, totNum = 25
ROUND = 1790, SUM = 16066945.9999999, bChange = 0.00368208, totNum = 25
ROUND = 1791, SUM = 16066946, bChange = 0.00368209, totNum = 25
ROUND = 1792, SUM = 16066946, bChange = 0.00368211, totNum = 25
ROUND = 1793, SUM = 16066946, bChange = 0.00368213, totNum = 25
ROUND = 1794, SUM = 16066946, bChange = 0.00368215, totNum = 25
ROUND = 1795, SUM = 16066946, bChange = 0.00368216, totNum = 25
ROUND = 1796, SUM = 16066946, bChange = 0.00368218, totNum = 25
ROUND = 1797, SUM = 16066946, bChange = 0.0036822, totNum = 25
ROUND = 1798, SUM = 16066946, bChange = 0.00368221, totNum = 25
ROUND = 1799, SUM = 16066946, bChange = 0.00368223, totNum = 25
ROUND = 1800, SUM = 16066945.9999999, bChange = 0.00368225, totNum = 25
ROUND = 1801, SUM = 16066945.9999999, bChange = 0.00368227, totNum = 25
ROUND = 1802, SUM = 16066946, bChange = 0.00368228, totNum = 25
ROUND = 1803, SUM = 16066946, bChange = 0.0036823, totNum = 25
ROUND = 1804, SUM = 16066946, bChange = 0.00368232, totNum = 25
ROUND = 1805, SUM = 16066946, bChange = 0.00368233, totNum = 25
ROUND = 1806, SUM = 16066946, bChange = 0.00368235, totNum = 25
ROUND = 1807, SUM = 16066946, bChange = 0.00368237, totNum = 25
ROUND = 1808, SUM = 16066946, bChange = 0.00368238, totNum = 25
ROUND = 1809, SUM = 16066945.9999999, bChange = 0.0036824, totNum = 25
ROUND = 1810, SUM = 16066946, bChange = 0.00368242, totNum = 25
ROUND = 1811, SUM = 16066945.9999999, bChange = 0.00368243, totNum = 25
ROUND = 1812, SUM = 16066945.9999999, bChange = 0.00368245, totNum = 25
ROUND = 1813, SUM = 16066945.9999999, bChange = 0.00309457, totNum = 24
ROUND = 1814, SUM = 16066946, bChange = 0.00309454, totNum = 24
ROUND = 1815, SUM = 16066945.9999999, bChange = 0.00309452, totNum = 24
ROUND = 1816, SUM = 16066946, bChange = 0.00309449, totNum = 24
ROUND = 1817, SUM = 16066946, bChange = 0.00309446, totNum = 24
ROUND = 1818, SUM = 16066945.9999999, bChange = 0.00309443, totNum = 24
ROUND = 1819, SUM = 16066945.9999999, bChange = 0.00309441, totNum = 24
ROUND = 1820, SUM = 16066946, bChange = 0.00309438, totNum = 24
ROUND = 1821, SUM = 16066945.9999999, bChange = 0.00309435, totNum = 24
ROUND = 1822, SUM = 16066946, bChange = 0.00309433, totNum = 24
ROUND = 1823, SUM = 16066945.9999999, bChange = 0.0030943, totNum = 24
ROUND = 1824, SUM = 16066945.9999999, bChange = 0.00309427, totNum = 24
ROUND = 1825, SUM = 16066945.9999999, bChange = 0.00309425, totNum = 24
ROUND = 1826, SUM = 16066945.9999999, bChange = 0.00309422, totNum = 24
ROUND = 1827, SUM = 16066945.9999999, bChange = 0.00309419, totNum = 24
ROUND = 1828, SUM = 16066946, bChange = 0.00309417, totNum = 24
ROUND = 1829, SUM = 16066946, bChange = 0.00309414, totNum = 24
ROUND = 1830, SUM = 16066946, bChange = 0.00309412, totNum = 24
ROUND = 1831, SUM = 16066946, bChange = 0.00309409, totNum = 24
ROUND = 1832, SUM = 16066946, bChange = 0.00309406, totNum = 24
ROUND = 1833, SUM = 16066946, bChange = 0.00309404, totNum = 24
ROUND = 1834, SUM = 16066946, bChange = 0.00309401, totNum = 24
ROUND = 1835, SUM = 16066946, bChange = 0.00309399, totNum = 24
ROUND = 1836, SUM = 16066946, bChange = 0.00309396, totNum = 24
ROUND = 1837, SUM = 16066945.9999999, bChange = 0.00309394, totNum = 24
ROUND = 1838, SUM = 16066946, bChange = 0.00309391, totNum = 24
ROUND = 1839, SUM = 16066946, bChange = 0.00309388, totNum = 24
ROUND = 1840, SUM = 16066946, bChange = 0.00309386, totNum = 24
ROUND = 1841, SUM = 16066946, bChange = 0.00309383, totNum = 24
ROUND = 1842, SUM = 16066946, bChange = 0.00309381, totNum = 24
ROUND = 1843, SUM = 16066946, bChange = 0.00309378, totNum = 24
ROUND = 1844, SUM = 16066946, bChange = 0.00309376, totNum = 24
ROUND = 1845, SUM = 16066945.9999999, bChange = 0.00309373, totNum = 24
ROUND = 1846, SUM = 16066946, bChange = 0.00309371, totNum = 24
ROUND = 1847, SUM = 16066945.9999999, bChange = 0.00309368, totNum = 24
ROUND = 1848, SUM = 16066945.9999999, bChange = 0.00309366, totNum = 24
ROUND = 1849, SUM = 16066946, bChange = 0.00309363, totNum = 24
ROUND = 1850, SUM = 16066945.9999999, bChange = 0.00309361, totNum = 24
ROUND = 1851, SUM = 16066946, bChange = 0.00309359, totNum = 24
ROUND = 1852, SUM = 16066945.9999999, bChange = 0.00309356, totNum = 24
ROUND = 1853, SUM = 16066945.9999999, bChange = 0.00309354, totNum = 24
ROUND = 1854, SUM = 16066945.9999999, bChange = 0.00309351, totNum = 24
ROUND = 1855, SUM = 16066946, bChange = 0.00309349, totNum = 24
ROUND = 1856, SUM = 16066945.9999999, bChange = 0.00309346, totNum = 24
ROUND = 1857, SUM = 16066945.9999999, bChange = 0.00309344, totNum = 24
ROUND = 1858, SUM = 16066946, bChange = 0.00309342, totNum = 24
ROUND = 1859, SUM = 16066946, bChange = 0.00309339, totNum = 24
ROUND = 1860, SUM = 16066946, bChange = 0.00309337, totNum = 24
ROUND = 1861, SUM = 16066945.9999999, bChange = 0.00309335, totNum = 24
ROUND = 1862, SUM = 16066946, bChange = 0.00309332, totNum = 24
ROUND = 1863, SUM = 16066946, bChange = 0.0030933, totNum = 24
ROUND = 1864, SUM = 16066946, bChange = 0.00309327, totNum = 24
ROUND = 1865, SUM = 16066946, bChange = 0.00309325, totNum = 24
ROUND = 1866, SUM = 16066946, bChange = 0.00309323, totNum = 24
ROUND = 1867, SUM = 16066946, bChange = 0.0030932, totNum = 24
ROUND = 1868, SUM = 16066946, bChange = 0.00309318, totNum = 24
ROUND = 1869, SUM = 16066946, bChange = 0.00309316, totNum = 24
ROUND = 1870, SUM = 16066945.9999999, bChange = 0.00309314, totNum = 24
ROUND = 1871, SUM = 16066946, bChange = 0.00309311, totNum = 24
ROUND = 1872, SUM = 16066946, bChange = 0.00309309, totNum = 24
ROUND = 1873, SUM = 16066946, bChange = 0.00309307, totNum = 24
ROUND = 1874, SUM = 16066946, bChange = 0.00309304, totNum = 23
ROUND = 1875, SUM = 16066946, bChange = 0.00309302, totNum = 23
ROUND = 1876, SUM = 16066946, bChange = 0.003093, totNum = 23
ROUND = 1877, SUM = 16066946, bChange = 0.00309298, totNum = 23
ROUND = 1878, SUM = 16066946, bChange = 0.00309295, totNum = 23
ROUND = 1879, SUM = 16066946, bChange = 0.00309293, totNum = 23
ROUND = 1880, SUM = 16066946, bChange = 0.00309291, totNum = 22
ROUND = 1881, SUM = 16066946, bChange = 0.00309289, totNum = 22
ROUND = 1882, SUM = 16066946, bChange = 0.00309286, totNum = 22
ROUND = 1883, SUM = 16066946, bChange = 0.00309284, totNum = 22
ROUND = 1884, SUM = 16066945.9999999, bChange = 0.00309282, totNum = 22
ROUND = 1885, SUM = 16066946, bChange = 0.0030928, totNum = 22
ROUND = 1886, SUM = 16066946, bChange = 0.00309278, totNum = 22
ROUND = 1887, SUM = 16066946, bChange = 0.00309275, totNum = 22
ROUND = 1888, SUM = 16066946, bChange = 0.00309273, totNum = 22
ROUND = 1889, SUM = 16066946, bChange = 0.00309271, totNum = 22
ROUND = 1890, SUM = 16066945.9999999, bChange = 0.00309269, totNum = 22
ROUND = 1891, SUM = 16066946, bChange = 0.00309267, totNum = 22
ROUND = 1892, SUM = 16066946, bChange = 0.0025407, totNum = 21
ROUND = 1893, SUM = 16066946, bChange = 0.0025407, totNum = 21
ROUND = 1894, SUM = 16066946, bChange = 0.0025407, totNum = 21
ROUND = 1895, SUM = 16066945.9999999, bChange = 0.0025407, totNum = 21
ROUND = 1896, SUM = 16066946, bChange = 0.0025407, totNum = 21
ROUND = 1897, SUM = 16066945.9999999, bChange = 0.0025407, totNum = 21
ROUND = 1898, SUM = 16066946, bChange = 0.0025407, totNum = 21
ROUND = 1899, SUM = 16066946, bChange = 0.0025407, totNum = 21
ROUND = 1900, SUM = 16066945.9999999, bChange = 0.0025407, totNum = 21
ROUND = 1901, SUM = 16066946, bChange = 0.0025407, totNum = 21
ROUND = 1902, SUM = 16066946, bChange = 0.0025407, totNum = 21
ROUND = 1903, SUM = 16066946, bChange = 0.0025407, totNum = 21
ROUND = 1904, SUM = 16066946, bChange = 0.0025407, totNum = 21
ROUND = 1905, SUM = 16066946, bChange = 0.0025407, totNum = 21
ROUND = 1906, SUM = 16066945.9999999, bChange = 0.0025407, totNum = 21
ROUND = 1907, SUM = 16066945.9999999, bChange = 0.0025407, totNum = 21
ROUND = 1908, SUM = 16066945.9999999, bChange = 0.0025407, totNum = 21
ROUND = 1909, SUM = 16066946, bChange = 0.0025407, totNum = 21
ROUND = 1910, SUM = 16066946, bChange = 0.0025407, totNum = 21
ROUND = 1911, SUM = 16066946, bChange = 0.0025407, totNum = 21
ROUND = 1912, SUM = 16066946, bChange = 0.0025407, totNum = 21
ROUND = 1913, SUM = 16066946, bChange = 0.0025407, totNum = 21
ROUND = 1914, SUM = 16066945.9999999, bChange = 0.0025407, totNum = 21
ROUND = 1915, SUM = 16066945.9999999, bChange = 0.0025407, totNum = 21
ROUND = 1916, SUM = 16066945.9999999, bChange = 0.0025407, totNum = 21
ROUND = 1917, SUM = 16066946, bChange = 0.0025407, totNum = 21
ROUND = 1918, SUM = 16066946, bChange = 0.0025407, totNum = 21
ROUND = 1919, SUM = 16066946, bChange = 0.0025407, totNum = 21
ROUND = 1920, SUM = 16066945.9999999, bChange = 0.0025407, totNum = 21
ROUND = 1921, SUM = 16066946, bChange = 0.0025407, totNum = 21
ROUND = 1922, SUM = 16066946, bChange = 0.0025407, totNum = 21
ROUND = 1923, SUM = 16066946, bChange = 0.0025407, totNum = 21
ROUND = 1924, SUM = 16066946, bChange = 0.0025407, totNum = 21
ROUND = 1925, SUM = 16066946, bChange = 0.0025407, totNum = 21
ROUND = 1926, SUM = 16066946, bChange = 0.0025407, totNum = 21
ROUND = 1927, SUM = 16066946, bChange = 0.0025407, totNum = 21
ROUND = 1928, SUM = 16066945.9999999, bChange = 0.0025407, totNum = 21
ROUND = 1929, SUM = 16066946, bChange = 0.0025407, totNum = 21
ROUND = 1930, SUM = 16066945.9999999, bChange = 0.0025407, totNum = 21
ROUND = 1931, SUM = 16066946, bChange = 0.0025407, totNum = 20
ROUND = 1932, SUM = 16066946, bChange = 0.0025407, totNum = 20
ROUND = 1933, SUM = 16066946, bChange = 0.0025407, totNum = 20
ROUND = 1934, SUM = 16066946, bChange = 0.0025407, totNum = 20
ROUND = 1935, SUM = 16066946, bChange = 0.0025407, totNum = 20
ROUND = 1936, SUM = 16066946, bChange = 0.0025407, totNum = 20
ROUND = 1937, SUM = 16066946, bChange = 0.0025407, totNum = 20
ROUND = 1938, SUM = 16066946, bChange = 0.0025407, totNum = 20
ROUND = 1939, SUM = 16066945.9999999, bChange = 0.0025407, totNum = 20
ROUND = 1940, SUM = 16066946, bChange = 0.0025407, totNum = 20
ROUND = 1941, SUM = 16066946, bChange = 0.0025407, totNum = 20
ROUND = 1942, SUM = 16066945.9999999, bChange = 0.0025407, totNum = 20
ROUND = 1943, SUM = 16066946, bChange = 0.0025407, totNum = 20
ROUND = 1944, SUM = 16066946, bChange = 0.0025407, totNum = 20
ROUND = 1945, SUM = 16066945.9999999, bChange = 0.0025407, totNum = 20
ROUND = 1946, SUM = 16066946, bChange = 0.0025407, totNum = 20
ROUND = 1947, SUM = 16066945.9999999, bChange = 0.0025407, totNum = 20
ROUND = 1948, SUM = 16066946, bChange = 0.0025407, totNum = 20
ROUND = 1949, SUM = 16066945.9999999, bChange = 0.0025407, totNum = 20
ROUND = 1950, SUM = 16066946, bChange = 0.0025407, totNum = 19
ROUND = 1951, SUM = 16066946, bChange = 0.0025407, totNum = 19
ROUND = 1952, SUM = 16066946, bChange = 0.0025407, totNum = 19
ROUND = 1953, SUM = 16066946, bChange = 0.0025407, totNum = 19
ROUND = 1954, SUM = 16066946, bChange = 0.0025407, totNum = 19
ROUND = 1955, SUM = 16066945.9999999, bChange = 0.0025407, totNum = 19
ROUND = 1956, SUM = 16066946, bChange = 0.0025407, totNum = 19
ROUND = 1957, SUM = 16066946, bChange = 0.0025407, totNum = 19
ROUND = 1958, SUM = 16066946, bChange = 0.0025407, totNum = 19
ROUND = 1959, SUM = 16066946, bChange = 0.0025407, totNum = 19
ROUND = 1960, SUM = 16066946, bChange = 0.0025407, totNum = 19
ROUND = 1961, SUM = 16066946, bChange = 0.0025407, totNum = 19
ROUND = 1962, SUM = 16066946, bChange = 0.0025407, totNum = 19
ROUND = 1963, SUM = 16066946, bChange = 0.0025407, totNum = 19
ROUND = 1964, SUM = 16066946, bChange = 0.0025407, totNum = 19
ROUND = 1965, SUM = 16066946, bChange = 0.0025407, totNum = 19
ROUND = 1966, SUM = 16066946, bChange = 0.0025407, totNum = 19
ROUND = 1967, SUM = 16066946, bChange = 0.0025407, totNum = 19
ROUND = 1968, SUM = 16066946, bChange = 0.0025407, totNum = 19
ROUND = 1969, SUM = 16066946, bChange = 0.0025407, totNum = 19
ROUND = 1970, SUM = 16066946, bChange = 0.0025407, totNum = 19
ROUND = 1971, SUM = 16066946, bChange = 0.0025407, totNum = 19
ROUND = 1972, SUM = 16066946, bChange = 0.0025407, totNum = 19
ROUND = 1973, SUM = 16066946, bChange = 0.0025407, totNum = 19
ROUND = 1974, SUM = 16066946, bChange = 0.0025407, totNum = 19
ROUND = 1975, SUM = 16066946, bChange = 0.0025407, totNum = 19
ROUND = 1976, SUM = 16066946, bChange = 0.0025407, totNum = 19
ROUND = 1977, SUM = 16066945.9999999, bChange = 0.0025407, totNum = 19
ROUND = 1978, SUM = 16066946, bChange = 0.0025407, totNum = 19
ROUND = 1979, SUM = 16066946, bChange = 0.0025407, totNum = 19
ROUND = 1980, SUM = 16066945.9999999, bChange = 0.0025407, totNum = 19
ROUND = 1981, SUM = 16066946, bChange = 0.0025407, totNum = 18
ROUND = 1982, SUM = 16066946, bChange = 0.0025407, totNum = 18
ROUND = 1983, SUM = 16066946, bChange = 0.0025407, totNum = 18
ROUND = 1984, SUM = 16066946, bChange = 0.0025407, totNum = 18
ROUND = 1985, SUM = 16066946, bChange = 0.0025407, totNum = 18
ROUND = 1986, SUM = 16066946, bChange = 0.0025407, totNum = 18
ROUND = 1987, SUM = 16066946, bChange = 0.0025407, totNum = 18
ROUND = 1988, SUM = 16066946, bChange = 0.0025407, totNum = 18
ROUND = 1989, SUM = 16066946, bChange = 0.0025407, totNum = 18
ROUND = 1990, SUM = 16066945.9999999, bChange = 0.0025407, totNum = 18
ROUND = 1991, SUM = 16066946, bChange = 0.0025407, totNum = 18
ROUND = 1992, SUM = 16066946, bChange = 0.0025407, totNum = 18
ROUND = 1993, SUM = 16066946, bChange = 0.0025407, totNum = 18
ROUND = 1994, SUM = 16066946, bChange = 0.0025407, totNum = 18
ROUND = 1995, SUM = 16066945.9999999, bChange = 0.0025407, totNum = 18
ROUND = 1996, SUM = 16066946, bChange = 0.0025407, totNum = 18
ROUND = 1997, SUM = 16066945.9999999, bChange = 0.0025407, totNum = 18
ROUND = 1998, SUM = 16066946, bChange = 0.0025407, totNum = 18
ROUND = 1999, SUM = 16066946, bChange = 0.0025407, totNum = 18
ROUND = 2000, SUM = 16066946, bChange = 0.0025407, totNum = 18
ROUND = 2001, SUM = 16066946, bChange = 0.0025407, totNum = 18
ROUND = 2002, SUM = 16066946, bChange = 0.0025407, totNum = 18
ROUND = 2003, SUM = 16066946, bChange = 0.0025407, totNum = 18
ROUND = 2004, SUM = 16066946, bChange = 0.0025407, totNum = 18
ROUND = 2005, SUM = 16066946, bChange = 0.0025407, totNum = 18
ROUND = 2006, SUM = 16066946, bChange = 0.0025407, totNum = 18
ROUND = 2007, SUM = 16066945.9999999, bChange = 0.0025407, totNum = 18
ROUND = 2008, SUM = 16066946, bChange = 0.0025407, totNum = 18
ROUND = 2009, SUM = 16066946, bChange = 0.0025407, totNum = 18
ROUND = 2010, SUM = 16066946, bChange = 0.0025407, totNum = 18
ROUND = 2011, SUM = 16066946, bChange = 0.0025407, totNum = 18
ROUND = 2012, SUM = 16066946, bChange = 0.0025407, totNum = 18
ROUND = 2013, SUM = 16066946, bChange = 0.0025407, totNum = 18
ROUND = 2014, SUM = 16066946, bChange = 0.0025407, totNum = 18
ROUND = 2015, SUM = 16066946, bChange = 0.0025407, totNum = 18
ROUND = 2016, SUM = 16066946, bChange = 0.0025407, totNum = 18
ROUND = 2017, SUM = 16066946, bChange = 0.0025407, totNum = 18
ROUND = 2018, SUM = 16066946, bChange = 0.0025407, totNum = 18
ROUND = 2019, SUM = 16066946, bChange = 0.0025407, totNum = 18
ROUND = 2020, SUM = 16066946, bChange = 0.0025407, totNum = 18
ROUND = 2021, SUM = 16066946, bChange = 0.0025407, totNum = 18
ROUND = 2022, SUM = 16066946, bChange = 0.0025407, totNum = 18
ROUND = 2023, SUM = 16066946, bChange = 0.0025407, totNum = 18
ROUND = 2024, SUM = 16066946, bChange = 0.0025407, totNum = 18
ROUND = 2025, SUM = 16066946, bChange = 0.0025407, totNum = 18
ROUND = 2026, SUM = 16066945.9999999, bChange = 0.0025407, totNum = 18
ROUND = 2027, SUM = 16066946, bChange = 0.0025407, totNum = 17
ROUND = 2028, SUM = 16066945.9999999, bChange = 0.0025407, totNum = 17
ROUND = 2029, SUM = 16066946, bChange = 0.0025407, totNum = 17
ROUND = 2030, SUM = 16066946, bChange = 0.0025407, totNum = 17
ROUND = 2031, SUM = 16066945.9999999, bChange = 0.0025407, totNum = 17
ROUND = 2032, SUM = 16066946, bChange = 0.0025407, totNum = 17
ROUND = 2033, SUM = 16066946, bChange = 0.0025407, totNum = 17
ROUND = 2034, SUM = 16066945.9999999, bChange = 0.0025407, totNum = 17
ROUND = 2035, SUM = 16066945.9999999, bChange = 0.0025407, totNum = 17
ROUND = 2036, SUM = 16066946, bChange = 0.0025407, totNum = 17
ROUND = 2037, SUM = 16066946, bChange = 0.0025407, totNum = 17
ROUND = 2038, SUM = 16066946, bChange = 0.0025407, totNum = 17
ROUND = 2039, SUM = 16066946, bChange = 0.0025407, totNum = 17
ROUND = 2040, SUM = 16066946, bChange = 0.0025407, totNum = 17
ROUND = 2041, SUM = 16066946, bChange = 0.0025407, totNum = 17
ROUND = 2042, SUM = 16066946, bChange = 0.0025407, totNum = 17
ROUND = 2043, SUM = 16066946, bChange = 0.0025407, totNum = 17
ROUND = 2044, SUM = 16066946, bChange = 0.0025407, totNum = 17
ROUND = 2045, SUM = 16066945.9999999, bChange = 0.0025407, totNum = 17
ROUND = 2046, SUM = 16066946, bChange = 0.0025407, totNum = 17
ROUND = 2047, SUM = 16066946, bChange = 0.0025407, totNum = 17
ROUND = 2048, SUM = 16066946, bChange = 0.0025407, totNum = 17
ROUND = 2049, SUM = 16066946, bChange = 0.0025407, totNum = 17
ROUND = 2050, SUM = 16066945.9999999, bChange = 0.0025407, totNum = 17
ROUND = 2051, SUM = 16066946, bChange = 0.0025407, totNum = 17
ROUND = 2052, SUM = 16066946, bChange = 0.0025407, totNum = 17
ROUND = 2053, SUM = 16066946, bChange = 0.0025407, totNum = 17
ROUND = 2054, SUM = 16066946, bChange = 0.0025407, totNum = 17
ROUND = 2055, SUM = 16066946, bChange = 0.0025407, totNum = 17
ROUND = 2056, SUM = 16066946, bChange = 0.0025407, totNum = 17
ROUND = 2057, SUM = 16066946, bChange = 0.0025407, totNum = 17
ROUND = 2058, SUM = 16066946, bChange = 0.0025407, totNum = 17
ROUND = 2059, SUM = 16066946, bChange = 0.0025407, totNum = 17
ROUND = 2060, SUM = 16066946, bChange = 0.0025407, totNum = 16
ROUND = 2061, SUM = 16066945.9999999, bChange = 0.0025407, totNum = 16
ROUND = 2062, SUM = 16066945.9999999, bChange = 0.0025407, totNum = 16
ROUND = 2063, SUM = 16066945.9999999, bChange = 0.0025407, totNum = 16
ROUND = 2064, SUM = 16066946, bChange = 0.0025407, totNum = 16
ROUND = 2065, SUM = 16066946, bChange = 0.0025407, totNum = 16
ROUND = 2066, SUM = 16066946, bChange = 0.0025407, totNum = 16
ROUND = 2067, SUM = 16066946, bChange = 0.0025407, totNum = 16
ROUND = 2068, SUM = 16066946, bChange = 0.0025407, totNum = 16
ROUND = 2069, SUM = 16066946, bChange = 0.0025407, totNum = 16
ROUND = 2070, SUM = 16066946, bChange = 0.0025407, totNum = 16
ROUND = 2071, SUM = 16066946, bChange = 0.0025407, totNum = 16
ROUND = 2072, SUM = 16066946, bChange = 0.0025407, totNum = 16
ROUND = 2073, SUM = 16066946, bChange = 0.0025407, totNum = 16
ROUND = 2074, SUM = 16066946, bChange = 0.0025407, totNum = 16
ROUND = 2075, SUM = 16066946, bChange = 0.0025407, totNum = 16
ROUND = 2076, SUM = 16066946, bChange = 0.0025407, totNum = 16
ROUND = 2077, SUM = 16066946, bChange = 0.0025407, totNum = 16
ROUND = 2078, SUM = 16066946, bChange = 0.0025407, totNum = 16
ROUND = 2079, SUM = 16066946, bChange = 0.0025407, totNum = 16
ROUND = 2080, SUM = 16066945.9999999, bChange = 0.0025407, totNum = 16
ROUND = 2081, SUM = 16066946, bChange = 0.0025407, totNum = 16
ROUND = 2082, SUM = 16066946, bChange = 0.0025407, totNum = 15
ROUND = 2083, SUM = 16066946, bChange = 0.0025407, totNum = 15
ROUND = 2084, SUM = 16066946, bChange = 0.0025407, totNum = 15
ROUND = 2085, SUM = 16066946, bChange = 0.0025407, totNum = 15
ROUND = 2086, SUM = 16066946, bChange = 0.0025407, totNum = 15
ROUND = 2087, SUM = 16066946, bChange = 0.0025407, totNum = 15
ROUND = 2088, SUM = 16066946, bChange = 0.0025407, totNum = 15
ROUND = 2089, SUM = 16066946, bChange = 0.0025407, totNum = 15
ROUND = 2090, SUM = 16066946, bChange = 0.0025407, totNum = 15
ROUND = 2091, SUM = 16066946, bChange = 0.0025407, totNum = 15
ROUND = 2092, SUM = 16066946, bChange = 0.0025407, totNum = 15
ROUND = 2093, SUM = 16066946, bChange = 0.0025407, totNum = 15
ROUND = 2094, SUM = 16066946, bChange = 0.0025407, totNum = 15
ROUND = 2095, SUM = 16066946, bChange = 0.0025407, totNum = 15
ROUND = 2096, SUM = 16066946, bChange = 0.0025407, totNum = 15
ROUND = 2097, SUM = 16066946, bChange = 0.0025407, totNum = 15
ROUND = 2098, SUM = 16066946, bChange = 0.0025407, totNum = 15
ROUND = 2099, SUM = 16066946, bChange = 0.0025407, totNum = 15
ROUND = 2100, SUM = 16066946, bChange = 0.0025407, totNum = 15
ROUND = 2101, SUM = 16066945.9999999, bChange = 0.0025407, totNum = 15
ROUND = 2102, SUM = 16066945.9999999, bChange = 0.0025407, totNum = 15
ROUND = 2103, SUM = 16066946, bChange = 0.0025407, totNum = 15
ROUND = 2104, SUM = 16066946, bChange = 0.0025407, totNum = 15
ROUND = 2105, SUM = 16066946, bChange = 0.0025407, totNum = 15
ROUND = 2106, SUM = 16066946, bChange = 0.0025407, totNum = 15
ROUND = 2107, SUM = 16066946, bChange = 0.0025407, totNum = 15
ROUND = 2108, SUM = 16066946, bChange = 0.0025407, totNum = 15
ROUND = 2109, SUM = 16066946, bChange = 0.0025407, totNum = 15
ROUND = 2110, SUM = 16066946, bChange = 0.0025407, totNum = 15
ROUND = 2111, SUM = 16066946, bChange = 0.0025407, totNum = 15
ROUND = 2112, SUM = 16066946, bChange = 0.0025407, totNum = 15
ROUND = 2113, SUM = 16066946, bChange = 0.0025407, totNum = 15
ROUND = 2114, SUM = 16066946, bChange = 0.0025407, totNum = 15
ROUND = 2115, SUM = 16066946, bChange = 0.0025407, totNum = 15
ROUND = 2116, SUM = 16066946, bChange = 0.0025407, totNum = 15
ROUND = 2117, SUM = 16066946, bChange = 0.0025407, totNum = 15
ROUND = 2118, SUM = 16066946, bChange = 0.0025407, totNum = 15
ROUND = 2119, SUM = 16066946, bChange = 0.0025407, totNum = 15
ROUND = 2120, SUM = 16066946, bChange = 0.0025407, totNum = 15
ROUND = 2121, SUM = 16066946, bChange = 0.0025407, totNum = 15
ROUND = 2122, SUM = 16066946, bChange = 0.0025407, totNum = 15
ROUND = 2123, SUM = 16066946, bChange = 0.0025407, totNum = 15
ROUND = 2124, SUM = 16066946, bChange = 0.0025407, totNum = 15
ROUND = 2125, SUM = 16066946, bChange = 0.0025407, totNum = 15
ROUND = 2126, SUM = 16066946, bChange = 0.0025407, totNum = 15
ROUND = 2127, SUM = 16066946, bChange = 0.0025407, totNum = 15
ROUND = 2128, SUM = 16066946, bChange = 0.0025407, totNum = 15
ROUND = 2129, SUM = 16066946, bChange = 0.0025407, totNum = 15
ROUND = 2130, SUM = 16066946, bChange = 0.0025407, totNum = 15
ROUND = 2131, SUM = 16066946, bChange = 0.0025407, totNum = 15
ROUND = 2132, SUM = 16066946, bChange = 0.0025407, totNum = 15
ROUND = 2133, SUM = 16066946, bChange = 0.0025407, totNum = 15
ROUND = 2134, SUM = 16066946, bChange = 0.0025407, totNum = 15
ROUND = 2135, SUM = 16066946, bChange = 0.0025407, totNum = 15
ROUND = 2136, SUM = 16066946, bChange = 0.0025407, totNum = 15
ROUND = 2137, SUM = 16066946, bChange = 0.0025407, totNum = 15
ROUND = 2138, SUM = 16066946, bChange = 0.0025407, totNum = 15
ROUND = 2139, SUM = 16066946, bChange = 0.0025407, totNum = 15
ROUND = 2140, SUM = 16066946, bChange = 0.0025407, totNum = 15
ROUND = 2141, SUM = 16066946, bChange = 0.0025407, totNum = 15
ROUND = 2142, SUM = 16066946, bChange = 0.0025407, totNum = 15
ROUND = 2143, SUM = 16066945.9999999, bChange = 0.0025407, totNum = 15
ROUND = 2144, SUM = 16066946, bChange = 0.0025407, totNum = 15
ROUND = 2145, SUM = 16066946, bChange = 0.0025407, totNum = 15
ROUND = 2146, SUM = 16066945.9999999, bChange = 0.0025407, totNum = 15
ROUND = 2147, SUM = 16066946, bChange = 0.0025407, totNum = 15
ROUND = 2148, SUM = 16066946, bChange = 0.0025407, totNum = 15
ROUND = 2149, SUM = 16066946, bChange = 0.0025407, totNum = 15
ROUND = 2150, SUM = 16066946, bChange = 0.0025407, totNum = 15
ROUND = 2151, SUM = 16066946, bChange = 0.0025407, totNum = 15
ROUND = 2152, SUM = 16066945.9999999, bChange = 0.0025407, totNum = 15
ROUND = 2153, SUM = 16066946, bChange = 0.0025407, totNum = 15
ROUND = 2154, SUM = 16066946, bChange = 0.0025407, totNum = 15
ROUND = 2155, SUM = 16066946, bChange = 0.0025407, totNum = 15
ROUND = 2156, SUM = 16066946, bChange = 0.0025407, totNum = 15
ROUND = 2157, SUM = 16066946, bChange = 0.0025407, totNum = 15
ROUND = 2158, SUM = 16066946, bChange = 0.0025407, totNum = 15
ROUND = 2159, SUM = 16066946, bChange = 0.0025407, totNum = 15
ROUND = 2160, SUM = 16066946, bChange = 0.0025407, totNum = 15
ROUND = 2161, SUM = 16066946, bChange = 0.0025407, totNum = 15
ROUND = 2162, SUM = 16066946, bChange = 0.0025407, totNum = 15
ROUND = 2163, SUM = 16066946, bChange = 0.0025407, totNum = 15
ROUND = 2164, SUM = 16066946, bChange = 0.0025407, totNum = 15
ROUND = 2165, SUM = 16066946, bChange = 0.0025407, totNum = 15
ROUND = 2166, SUM = 16066946, bChange = 0.0025407, totNum = 15
ROUND = 2167, SUM = 16066946, bChange = 0.0025407, totNum = 15
ROUND = 2168, SUM = 16066946, bChange = 0.0025407, totNum = 15
ROUND = 2169, SUM = 16066946, bChange = 0.0025407, totNum = 15
ROUND = 2170, SUM = 16066945.9999999, bChange = 0.0025407, totNum = 15
ROUND = 2171, SUM = 16066946, bChange = 0.0025407, totNum = 15
ROUND = 2172, SUM = 16066945.9999999, bChange = 0.0025407, totNum = 15
ROUND = 2173, SUM = 16066945.9999999, bChange = 0.0025407, totNum = 15
ROUND = 2174, SUM = 16066945.9999999, bChange = 0.0025407, totNum = 15
ROUND = 2175, SUM = 16066946, bChange = 0.0025407, totNum = 15
ROUND = 2176, SUM = 16066946, bChange = 0.0025407, totNum = 15
ROUND = 2177, SUM = 16066946, bChange = 0.0025407, totNum = 15
ROUND = 2178, SUM = 16066946, bChange = 0.0025407, totNum = 15
ROUND = 2179, SUM = 16066946, bChange = 0.0025407, totNum = 15
ROUND = 2180, SUM = 16066946, bChange = 0.0025407, totNum = 15
ROUND = 2181, SUM = 16066946, bChange = 0.0025407, totNum = 15
ROUND = 2182, SUM = 16066946, bChange = 0.0025407, totNum = 15
ROUND = 2183, SUM = 16066945.9999999, bChange = 0.0025407, totNum = 15
ROUND = 2184, SUM = 16066946, bChange = 0.0025407, totNum = 15
ROUND = 2185, SUM = 16066945.9999999, bChange = 0.0025407, totNum = 15
ROUND = 2186, SUM = 16066945.9999999, bChange = 0.0025407, totNum = 15
ROUND = 2187, SUM = 16066946, bChange = 0.0025407, totNum = 15
ROUND = 2188, SUM = 16066946, bChange = 0.0025407, totNum = 15
ROUND = 2189, SUM = 16066946, bChange = 0.0025407, totNum = 15
ROUND = 2190, SUM = 16066945.9999999, bChange = 0.0025407, totNum = 15
ROUND = 2191, SUM = 16066946, bChange = 0.0025407, totNum = 15
ROUND = 2192, SUM = 16066946, bChange = 0.0025407, totNum = 15
ROUND = 2193, SUM = 16066946, bChange = 0.0025407, totNum = 15
ROUND = 2194, SUM = 16066946, bChange = 0.0025407, totNum = 15
ROUND = 2195, SUM = 16066946, bChange = 0.0025407, totNum = 15
ROUND = 2196, SUM = 16066946, bChange = 0.0025407, totNum = 15
ROUND = 2197, SUM = 16066946, bChange = 0.0025407, totNum = 15
ROUND = 2198, SUM = 16066946, bChange = 0.0025407, totNum = 15
ROUND = 2199, SUM = 16066946, bChange = 0.0025407, totNum = 15
ROUND = 2200, SUM = 16066945.9999999, bChange = 0.0025407, totNum = 15
ROUND = 2201, SUM = 16066945.9999999, bChange = 0.0025407, totNum = 15
ROUND = 2202, SUM = 16066946, bChange = 0.0025407, totNum = 15
ROUND = 2203, SUM = 16066945.9999999, bChange = 0.0025407, totNum = 15
ROUND = 2204, SUM = 16066945.9999999, bChange = 0.0025407, totNum = 15
ROUND = 2205, SUM = 16066946, bChange = 0.00180442, totNum = 14
ROUND = 2206, SUM = 16066946, bChange = 0.00180425, totNum = 14
ROUND = 2207, SUM = 16066946, bChange = 0.00180408, totNum = 14
ROUND = 2208, SUM = 16066946, bChange = 0.00180391, totNum = 14
ROUND = 2209, SUM = 16066945.9999999, bChange = 0.00180374, totNum = 14
ROUND = 2210, SUM = 16066945.9999999, bChange = 0.00180357, totNum = 14
ROUND = 2211, SUM = 16066946, bChange = 0.0018034, totNum = 14
ROUND = 2212, SUM = 16066946, bChange = 0.00180323, totNum = 14
ROUND = 2213, SUM = 16066946, bChange = 0.00180307, totNum = 14
ROUND = 2214, SUM = 16066946, bChange = 0.0018029, totNum = 14
ROUND = 2215, SUM = 16066946, bChange = 0.00180273, totNum = 14
ROUND = 2216, SUM = 16066945.9999999, bChange = 0.00180256, totNum = 14
ROUND = 2217, SUM = 16066946, bChange = 0.0018024, totNum = 14
ROUND = 2218, SUM = 16066946, bChange = 0.00180223, totNum = 14
ROUND = 2219, SUM = 16066945.9999999, bChange = 0.00180206, totNum = 14
ROUND = 2220, SUM = 16066945.9999999, bChange = 0.0018019, totNum = 14
ROUND = 2221, SUM = 16066946, bChange = 0.00180173, totNum = 14
ROUND = 2222, SUM = 16066946, bChange = 0.00180156, totNum = 14
ROUND = 2223, SUM = 16066946, bChange = 0.0018014, totNum = 14
ROUND = 2224, SUM = 16066946, bChange = 0.00180123, totNum = 14
ROUND = 2225, SUM = 16066946, bChange = 0.00180107, totNum = 14
ROUND = 2226, SUM = 16066946, bChange = 0.0018009, totNum = 14
ROUND = 2227, SUM = 16066945.9999999, bChange = 0.00180074, totNum = 14
ROUND = 2228, SUM = 16066945.9999999, bChange = 0.00180057, totNum = 14
ROUND = 2229, SUM = 16066945.9999999, bChange = 0.00180041, totNum = 13
ROUND = 2230, SUM = 16066946, bChange = 0.00180025, totNum = 13
ROUND = 2231, SUM = 16066946, bChange = 0.00180008, totNum = 13
ROUND = 2232, SUM = 16066946, bChange = 0.00179992, totNum = 13
ROUND = 2233, SUM = 16066946, bChange = 0.00179976, totNum = 13
ROUND = 2234, SUM = 16066945.9999999, bChange = 0.0017996, totNum = 13
ROUND = 2235, SUM = 16066946, bChange = 0.00179943, totNum = 13
ROUND = 2236, SUM = 16066945.9999999, bChange = 0.00179927, totNum = 13
ROUND = 2237, SUM = 16066946, bChange = 0.00179911, totNum = 13
ROUND = 2238, SUM = 16066945.9999999, bChange = 0.00179895, totNum = 13
ROUND = 2239, SUM = 16066945.9999999, bChange = 0.00179879, totNum = 13
ROUND = 2240, SUM = 16066946, bChange = 0.00179863, totNum = 13
ROUND = 2241, SUM = 16066945.9999999, bChange = 0.00179847, totNum = 13
ROUND = 2242, SUM = 16066945.9999999, bChange = 0.00179831, totNum = 13
ROUND = 2243, SUM = 16066946, bChange = 0.00179815, totNum = 13
ROUND = 2244, SUM = 16066945.9999999, bChange = 0.00179799, totNum = 13
ROUND = 2245, SUM = 16066945.9999999, bChange = 0.00179783, totNum = 13
ROUND = 2246, SUM = 16066945.9999999, bChange = 0.00179767, totNum = 13
ROUND = 2247, SUM = 16066946, bChange = 0.00179751, totNum = 13
ROUND = 2248, SUM = 16066945.9999999, bChange = 0.00179735, totNum = 13
ROUND = 2249, SUM = 16066946, bChange = 0.00179719, totNum = 12
ROUND = 2250, SUM = 16066945.9999999, bChange = 0.00179703, totNum = 12
ROUND = 2251, SUM = 16066945.9999999, bChange = 0.00179687, totNum = 12
ROUND = 2252, SUM = 16066946, bChange = 0.00179672, totNum = 12
ROUND = 2253, SUM = 16066945.9999999, bChange = 0.00179656, totNum = 12
ROUND = 2254, SUM = 16066945.9999999, bChange = 0.0017964, totNum = 12
ROUND = 2255, SUM = 16066945.9999999, bChange = 0.00179624, totNum = 12
ROUND = 2256, SUM = 16066946, bChange = 0.00179609, totNum = 12
ROUND = 2257, SUM = 16066946, bChange = 0.00179593, totNum = 12
ROUND = 2258, SUM = 16066945.9999999, bChange = 0.00179578, totNum = 12
ROUND = 2259, SUM = 16066945.9999999, bChange = 0.00179562, totNum = 12
ROUND = 2260, SUM = 16066946, bChange = 0.00179546, totNum = 12
ROUND = 2261, SUM = 16066945.9999999, bChange = 0.00179531, totNum = 12
ROUND = 2262, SUM = 16066946, bChange = 0.00179515, totNum = 12
ROUND = 2263, SUM = 16066946, bChange = 0.001795, totNum = 12
ROUND = 2264, SUM = 16066946, bChange = 0.00179484, totNum = 12
ROUND = 2265, SUM = 16066946, bChange = 0.00179469, totNum = 12
ROUND = 2266, SUM = 16066946, bChange = 0.00179454, totNum = 12
ROUND = 2267, SUM = 16066946, bChange = 0.00179438, totNum = 12
ROUND = 2268, SUM = 16066946, bChange = 0.00179423, totNum = 12
ROUND = 2269, SUM = 16066945.9999999, bChange = 0.00179408, totNum = 12
ROUND = 2270, SUM = 16066946, bChange = 0.00179392, totNum = 12
ROUND = 2271, SUM = 16066945.9999999, bChange = 0.00179377, totNum = 12
ROUND = 2272, SUM = 16066946, bChange = 0.00179362, totNum = 12
ROUND = 2273, SUM = 16066946, bChange = 0.00179346, totNum = 12
ROUND = 2274, SUM = 16066946, bChange = 0.00179331, totNum = 12
ROUND = 2275, SUM = 16066945.9999999, bChange = 0.00179316, totNum = 12
ROUND = 2276, SUM = 16066945.9999999, bChange = 0.00179301, totNum = 12
ROUND = 2277, SUM = 16066946, bChange = 0.00179286, totNum = 12
ROUND = 2278, SUM = 16066945.9999999, bChange = 0.00179271, totNum = 12
ROUND = 2279, SUM = 16066945.9999999, bChange = 0.00179256, totNum = 12
ROUND = 2280, SUM = 16066945.9999999, bChange = 0.00179241, totNum = 12
ROUND = 2281, SUM = 16066946, bChange = 0.00179226, totNum = 12
ROUND = 2282, SUM = 16066946, bChange = 0.00179211, totNum = 12
ROUND = 2283, SUM = 16066946, bChange = 0.00179196, totNum = 12
ROUND = 2284, SUM = 16066946, bChange = 0.00179181, totNum = 12
ROUND = 2285, SUM = 16066946, bChange = 0.00179166, totNum = 12
ROUND = 2286, SUM = 16066946, bChange = 0.00179151, totNum = 12
ROUND = 2287, SUM = 16066946, bChange = 0.00179136, totNum = 12
ROUND = 2288, SUM = 16066946, bChange = 0.00179121, totNum = 12
ROUND = 2289, SUM = 16066946, bChange = 0.00179106, totNum = 12
ROUND = 2290, SUM = 16066946, bChange = 0.00179091, totNum = 12
ROUND = 2291, SUM = 16066946, bChange = 0.00179077, totNum = 12
ROUND = 2292, SUM = 16066945.9999999, bChange = 0.00179062, totNum = 12
ROUND = 2293, SUM = 16066945.9999999, bChange = 0.00179047, totNum = 12
ROUND = 2294, SUM = 16066946, bChange = 0.00179032, totNum = 12
ROUND = 2295, SUM = 16066946, bChange = 0.00179018, totNum = 12
ROUND = 2296, SUM = 16066945.9999999, bChange = 0.00179003, totNum = 12
ROUND = 2297, SUM = 16066946, bChange = 0.00178988, totNum = 12
ROUND = 2298, SUM = 16066945.9999999, bChange = 0.00178974, totNum = 12
ROUND = 2299, SUM = 16066945.9999999, bChange = 0.00178959, totNum = 12
ROUND = 2300, SUM = 16066946, bChange = 0.00178945, totNum = 12
ROUND = 2301, SUM = 16066946, bChange = 0.0017893, totNum = 12
ROUND = 2302, SUM = 16066946, bChange = 0.00178916, totNum = 12
ROUND = 2303, SUM = 16066945.9999999, bChange = 0.00178901, totNum = 12
ROUND = 2304, SUM = 16066946, bChange = 0.00178887, totNum = 12
ROUND = 2305, SUM = 16066945.9999999, bChange = 0.00178872, totNum = 12
ROUND = 2306, SUM = 16066945.9999999, bChange = 0.00178858, totNum = 12
ROUND = 2307, SUM = 16066946, bChange = 0.00178843, totNum = 12
ROUND = 2308, SUM = 16066946, bChange = 0.00178829, totNum = 12
ROUND = 2309, SUM = 16066946, bChange = 0.00178815, totNum = 12
ROUND = 2310, SUM = 16066946, bChange = 0.001788, totNum = 12
ROUND = 2311, SUM = 16066946, bChange = 0.00178786, totNum = 12
ROUND = 2312, SUM = 16066945.9999999, bChange = 0.00178772, totNum = 12
ROUND = 2313, SUM = 16066945.9999999, bChange = 0.00178758, totNum = 12
ROUND = 2314, SUM = 16066945.9999999, bChange = 0.00178743, totNum = 12
ROUND = 2315, SUM = 16066946, bChange = 0.00178729, totNum = 12
ROUND = 2316, SUM = 16066946, bChange = 0.00178715, totNum = 12
ROUND = 2317, SUM = 16066945.9999999, bChange = 0.00178701, totNum = 12
ROUND = 2318, SUM = 16066945.9999999, bChange = 0.00178687, totNum = 12
ROUND = 2319, SUM = 16066946, bChange = 0.00178673, totNum = 12
ROUND = 2320, SUM = 16066946, bChange = 0.00178659, totNum = 12
ROUND = 2321, SUM = 16066945.9999999, bChange = 0.00178645, totNum = 12
ROUND = 2322, SUM = 16066945.9999999, bChange = 0.0017863, totNum = 12
ROUND = 2323, SUM = 16066945.9999999, bChange = 0.00178616, totNum = 12
ROUND = 2324, SUM = 16066946, bChange = 0.00178603, totNum = 12
ROUND = 2325, SUM = 16066946, bChange = 0.00178589, totNum = 12
ROUND = 2326, SUM = 16066945.9999999, bChange = 0.00178575, totNum = 12
ROUND = 2327, SUM = 16066946, bChange = 0.00178561, totNum = 12
ROUND = 2328, SUM = 16066946, bChange = 0.00178547, totNum = 12
ROUND = 2329, SUM = 16066946, bChange = 0.00178533, totNum = 12
ROUND = 2330, SUM = 16066945.9999999, bChange = 0.00178519, totNum = 12
ROUND = 2331, SUM = 16066945.9999999, bChange = 0.00178505, totNum = 12
ROUND = 2332, SUM = 16066946, bChange = 0.00178491, totNum = 12
ROUND = 2333, SUM = 16066946, bChange = 0.00178478, totNum = 12
ROUND = 2334, SUM = 16066946, bChange = 0.00178464, totNum = 12
ROUND = 2335, SUM = 16066945.9999999, bChange = 0.0017845, totNum = 12
ROUND = 2336, SUM = 16066945.9999999, bChange = 0.00178436, totNum = 12
ROUND = 2337, SUM = 16066945.9999999, bChange = 0.00178423, totNum = 12
ROUND = 2338, SUM = 16066946, bChange = 0.00178409, totNum = 12
ROUND = 2339, SUM = 16066945.9999999, bChange = 0.00178396, totNum = 12
ROUND = 2340, SUM = 16066946, bChange = 0.00178382, totNum = 12
ROUND = 2341, SUM = 16066945.9999999, bChange = 0.00178368, totNum = 12
ROUND = 2342, SUM = 16066946, bChange = 0.00178355, totNum = 12
ROUND = 2343, SUM = 16066946, bChange = 0.00178341, totNum = 12
ROUND = 2344, SUM = 16066946, bChange = 0.00178328, totNum = 12
ROUND = 2345, SUM = 16066946, bChange = 0.00178314, totNum = 12
ROUND = 2346, SUM = 16066946, bChange = 0.00178301, totNum = 12
ROUND = 2347, SUM = 16066945.9999999, bChange = 0.00178287, totNum = 12
ROUND = 2348, SUM = 16066945.9999999, bChange = 0.00178274, totNum = 12
ROUND = 2349, SUM = 16066946, bChange = 0.0017826, totNum = 12
ROUND = 2350, SUM = 16066945.9999999, bChange = 0.00178247, totNum = 12
ROUND = 2351, SUM = 16066946, bChange = 0.00178234, totNum = 12
ROUND = 2352, SUM = 16066946, bChange = 0.0017822, totNum = 12
ROUND = 2353, SUM = 16066945.9999999, bChange = 0.00178207, totNum = 12
ROUND = 2354, SUM = 16066945.9999999, bChange = 0.00178194, totNum = 12
ROUND = 2355, SUM = 16066946, bChange = 0.0017818, totNum = 12
ROUND = 2356, SUM = 16066946, bChange = 0.00178167, totNum = 12
ROUND = 2357, SUM = 16066946, bChange = 0.00178154, totNum = 12
ROUND = 2358, SUM = 16066946, bChange = 0.00178141, totNum = 12
ROUND = 2359, SUM = 16066945.9999999, bChange = 0.00178128, totNum = 12
ROUND = 2360, SUM = 16066946, bChange = 0.00178114, totNum = 12
ROUND = 2361, SUM = 16066945.9999999, bChange = 0.00178101, totNum = 12
ROUND = 2362, SUM = 16066946, bChange = 0.00178088, totNum = 12
ROUND = 2363, SUM = 16066945.9999999, bChange = 0.00178075, totNum = 12
ROUND = 2364, SUM = 16066946, bChange = 0.00178062, totNum = 12
ROUND = 2365, SUM = 16066946, bChange = 0.00178049, totNum = 12
ROUND = 2366, SUM = 16066946, bChange = 0.00178036, totNum = 12
ROUND = 2367, SUM = 16066946, bChange = 0.00178023, totNum = 12
ROUND = 2368, SUM = 16066945.9999999, bChange = 0.0017801, totNum = 12
ROUND = 2369, SUM = 16066946, bChange = 0.00177997, totNum = 12
ROUND = 2370, SUM = 16066946, bChange = 0.00177984, totNum = 12
ROUND = 2371, SUM = 16066946, bChange = 0.00177971, totNum = 12
ROUND = 2372, SUM = 16066946, bChange = 0.00177958, totNum = 12
ROUND = 2373, SUM = 16066945.9999999, bChange = 0.00177945, totNum = 12
ROUND = 2374, SUM = 16066946, bChange = 0.00177932, totNum = 12
ROUND = 2375, SUM = 16066946, bChange = 0.0017792, totNum = 12
ROUND = 2376, SUM = 16066946, bChange = 0.00177907, totNum = 12
ROUND = 2377, SUM = 16066946, bChange = 0.00177894, totNum = 12
ROUND = 2378, SUM = 16066946, bChange = 0.00177881, totNum = 12
ROUND = 2379, SUM = 16066946, bChange = 0.00177868, totNum = 12
ROUND = 2380, SUM = 16066946, bChange = 0.00177856, totNum = 12
ROUND = 2381, SUM = 16066946, bChange = 0.00177843, totNum = 12
ROUND = 2382, SUM = 16066946, bChange = 0.0017783, totNum = 12
ROUND = 2383, SUM = 16066946, bChange = 0.00177818, totNum = 12
ROUND = 2384, SUM = 16066945.9999999, bChange = 0.00177805, totNum = 12
ROUND = 2385, SUM = 16066946, bChange = 0.00177792, totNum = 12
ROUND = 2386, SUM = 16066945.9999999, bChange = 0.0017778, totNum = 12
ROUND = 2387, SUM = 16066946, bChange = 0.00177767, totNum = 12
ROUND = 2388, SUM = 16066946, bChange = 0.00177755, totNum = 12
ROUND = 2389, SUM = 16066946, bChange = 0.00177742, totNum = 12
ROUND = 2390, SUM = 16066946, bChange = 0.0017773, totNum = 12
ROUND = 2391, SUM = 16066946, bChange = 0.00177717, totNum = 12
ROUND = 2392, SUM = 16066946, bChange = 0.00177705, totNum = 12
ROUND = 2393, SUM = 16066945.9999999, bChange = 0.00177692, totNum = 12
ROUND = 2394, SUM = 16066945.9999999, bChange = 0.0017768, totNum = 11
ROUND = 2395, SUM = 16066946, bChange = 0.00177667, totNum = 11
ROUND = 2396, SUM = 16066946, bChange = 0.00177655, totNum = 11
ROUND = 2397, SUM = 16066946, bChange = 0.00177643, totNum = 11
ROUND = 2398, SUM = 16066946, bChange = 0.0017763, totNum = 11
ROUND = 2399, SUM = 16066946, bChange = 0.00177618, totNum = 11
ROUND = 2400, SUM = 16066946, bChange = 0.00177606, totNum = 11
ROUND = 2401, SUM = 16066946, bChange = 0.00177593, totNum = 11
ROUND = 2402, SUM = 16066945.9999999, bChange = 0.00177581, totNum = 11
ROUND = 2403, SUM = 16066945.9999999, bChange = 0.00177569, totNum = 11
ROUND = 2404, SUM = 16066946, bChange = 0.00177557, totNum = 11
ROUND = 2405, SUM = 16066946, bChange = 0.00177544, totNum = 11
ROUND = 2406, SUM = 16066946, bChange = 0.00177532, totNum = 11
ROUND = 2407, SUM = 16066945.9999999, bChange = 0.0017752, totNum = 11
ROUND = 2408, SUM = 16066946, bChange = 0.00177508, totNum = 11
ROUND = 2409, SUM = 16066946, bChange = 0.00177496, totNum = 11
ROUND = 2410, SUM = 16066946, bChange = 0.00177484, totNum = 11
ROUND = 2411, SUM = 16066946, bChange = 0.00177472, totNum = 11
ROUND = 2412, SUM = 16066946, bChange = 0.0017746, totNum = 11
ROUND = 2413, SUM = 16066946, bChange = 0.00177447, totNum = 11
ROUND = 2414, SUM = 16066946, bChange = 0.00177435, totNum = 11
ROUND = 2415, SUM = 16066946, bChange = 0.00177423, totNum = 11
ROUND = 2416, SUM = 16066945.9999999, bChange = 0.00177411, totNum = 11
ROUND = 2417, SUM = 16066946, bChange = 0.001774, totNum = 11
ROUND = 2418, SUM = 16066946, bChange = 0.00177388, totNum = 11
ROUND = 2419, SUM = 16066946, bChange = 0.00177376, totNum = 11
ROUND = 2420, SUM = 16066946, bChange = 0.00177364, totNum = 11
ROUND = 2421, SUM = 16066946, bChange = 0.00177352, totNum = 11
ROUND = 2422, SUM = 16066946, bChange = 0.0017734, totNum = 11
ROUND = 2423, SUM = 16066946, bChange = 0.00177328, totNum = 11
ROUND = 2424, SUM = 16066946, bChange = 0.00177316, totNum = 11
ROUND = 2425, SUM = 16066946, bChange = 0.00177305, totNum = 11
ROUND = 2426, SUM = 16066946, bChange = 0.00177293, totNum = 11
ROUND = 2427, SUM = 16066946, bChange = 0.00177281, totNum = 11
ROUND = 2428, SUM = 16066946, bChange = 0.00177269, totNum = 11
ROUND = 2429, SUM = 16066946, bChange = 0.00177258, totNum = 11
ROUND = 2430, SUM = 16066946, bChange = 0.00177246, totNum = 11
ROUND = 2431, SUM = 16066946, bChange = 0.00177234, totNum = 11
ROUND = 2432, SUM = 16066946, bChange = 0.00177223, totNum = 11
ROUND = 2433, SUM = 16066946, bChange = 0.00177211, totNum = 11
ROUND = 2434, SUM = 16066946, bChange = 0.00177199, totNum = 11
ROUND = 2435, SUM = 16066946, bChange = 0.00177188, totNum = 11
ROUND = 2436, SUM = 16066946, bChange = 0.00177176, totNum = 11
ROUND = 2437, SUM = 16066946, bChange = 0.00177165, totNum = 11
ROUND = 2438, SUM = 16066946, bChange = 0.00177153, totNum = 11
ROUND = 2439, SUM = 16066946, bChange = 0.00177142, totNum = 11
ROUND = 2440, SUM = 16066945.9999999, bChange = 0.0017713, totNum = 11
ROUND = 2441, SUM = 16066945.9999999, bChange = 0.00177119, totNum = 11
ROUND = 2442, SUM = 16066945.9999999, bChange = 0.00177107, totNum = 11
ROUND = 2443, SUM = 16066946, bChange = 0.00177096, totNum = 11
ROUND = 2444, SUM = 16066945.9999999, bChange = 0.00177084, totNum = 11
ROUND = 2445, SUM = 16066946, bChange = 0.00177073, totNum = 11
ROUND = 2446, SUM = 16066946, bChange = 0.00177061, totNum = 11
ROUND = 2447, SUM = 16066945.9999999, bChange = 0.0017705, totNum = 11
ROUND = 2448, SUM = 16066945.9999999, bChange = 0.00177039, totNum = 11
ROUND = 2449, SUM = 16066946, bChange = 0.00177027, totNum = 11
ROUND = 2450, SUM = 16066945.9999999, bChange = 0.00177016, totNum = 11
ROUND = 2451, SUM = 16066946, bChange = 0.00177005, totNum = 11
ROUND = 2452, SUM = 16066946, bChange = 0.00176994, totNum = 11
ROUND = 2453, SUM = 16066946, bChange = 0.00176982, totNum = 11
ROUND = 2454, SUM = 16066945.9999999, bChange = 0.00176971, totNum = 11
ROUND = 2455, SUM = 16066946, bChange = 0.0017696, totNum = 11
ROUND = 2456, SUM = 16066946, bChange = 0.00176949, totNum = 11
ROUND = 2457, SUM = 16066946, bChange = 0.00176937, totNum = 11
ROUND = 2458, SUM = 16066946, bChange = 0.00176926, totNum = 11
ROUND = 2459, SUM = 16066946, bChange = 0.00176915, totNum = 11
ROUND = 2460, SUM = 16066946, bChange = 0.00176904, totNum = 11
ROUND = 2461, SUM = 16066946, bChange = 0.00176893, totNum = 11
ROUND = 2462, SUM = 16066945.9999999, bChange = 0.00176882, totNum = 11
ROUND = 2463, SUM = 16066945.9999999, bChange = 0.00176871, totNum = 11
ROUND = 2464, SUM = 16066946, bChange = 0.0017686, totNum = 11
ROUND = 2465, SUM = 16066946, bChange = 0.00176849, totNum = 11
ROUND = 2466, SUM = 16066946, bChange = 0.00176838, totNum = 11
ROUND = 2467, SUM = 16066946, bChange = 0.00176827, totNum = 11
ROUND = 2468, SUM = 16066945.9999999, bChange = 0.00176457, totNum = 10
ROUND = 2469, SUM = 16066945.9999999, bChange = 0.00176455, totNum = 10
ROUND = 2470, SUM = 16066946, bChange = 0.00176453, totNum = 10
ROUND = 2471, SUM = 16066946, bChange = 0.00176451, totNum = 10
ROUND = 2472, SUM = 16066946, bChange = 0.00176449, totNum = 10
ROUND = 2473, SUM = 16066945.9999999, bChange = 0.00176447, totNum = 10
ROUND = 2474, SUM = 16066945.9999999, bChange = 0.00176446, totNum = 10
ROUND = 2475, SUM = 16066945.9999999, bChange = 0.00176444, totNum = 10
ROUND = 2476, SUM = 16066946, bChange = 0.00176442, totNum = 10
ROUND = 2477, SUM = 16066946, bChange = 0.0017644, totNum = 10
ROUND = 2478, SUM = 16066945.9999999, bChange = 0.00176438, totNum = 10
ROUND = 2479, SUM = 16066945.9999999, bChange = 0.00176436, totNum = 10
ROUND = 2480, SUM = 16066946, bChange = 0.00176435, totNum = 10
ROUND = 2481, SUM = 16066946, bChange = 0.00176433, totNum = 10
ROUND = 2482, SUM = 16066946, bChange = 0.00176431, totNum = 10
ROUND = 2483, SUM = 16066946, bChange = 0.00176429, totNum = 10
ROUND = 2484, SUM = 16066946, bChange = 0.00176427, totNum = 10
ROUND = 2485, SUM = 16066946, bChange = 0.00176425, totNum = 10
ROUND = 2486, SUM = 16066946, bChange = 0.00176424, totNum = 10
ROUND = 2487, SUM = 16066945.9999999, bChange = 0.00176422, totNum = 10
ROUND = 2488, SUM = 16066946, bChange = 0.0017642, totNum = 10
ROUND = 2489, SUM = 16066945.9999999, bChange = 0.00176418, totNum = 10
ROUND = 2490, SUM = 16066946, bChange = 0.00176416, totNum = 10
ROUND = 2491, SUM = 16066945.9999999, bChange = 0.00176415, totNum = 10
ROUND = 2492, SUM = 16066946, bChange = 0.00176413, totNum = 10
ROUND = 2493, SUM = 16066945.9999999, bChange = 0.00176411, totNum = 10
ROUND = 2494, SUM = 16066946, bChange = 0.00176409, totNum = 10
ROUND = 2495, SUM = 16066946, bChange = 0.00176408, totNum = 10
ROUND = 2496, SUM = 16066946, bChange = 0.00176406, totNum = 10
ROUND = 2497, SUM = 16066946, bChange = 0.00176404, totNum = 10
ROUND = 2498, SUM = 16066946, bChange = 0.00176402, totNum = 10
ROUND = 2499, SUM = 16066945.9999999, bChange = 0.001764, totNum = 10
ROUND = 2500, SUM = 16066946, bChange = 0.00176399, totNum = 10
ROUND = 2501, SUM = 16066946, bChange = 0.00176397, totNum = 10
ROUND = 2502, SUM = 16066946, bChange = 0.00176395, totNum = 10
ROUND = 2503, SUM = 16066946, bChange = 0.00176393, totNum = 10
ROUND = 2504, SUM = 16066946, bChange = 0.00176392, totNum = 10
ROUND = 2505, SUM = 16066946, bChange = 0.0017639, totNum = 10
ROUND = 2506, SUM = 16066946, bChange = 0.00176388, totNum = 10
ROUND = 2507, SUM = 16066946, bChange = 0.00176386, totNum = 10
ROUND = 2508, SUM = 16066945.9999999, bChange = 0.00176385, totNum = 10
ROUND = 2509, SUM = 16066946, bChange = 0.00176383, totNum = 10
ROUND = 2510, SUM = 16066946, bChange = 0.00176381, totNum = 10
ROUND = 2511, SUM = 16066945.9999999, bChange = 0.0017638, totNum = 10
ROUND = 2512, SUM = 16066945.9999999, bChange = 0.00176378, totNum = 10
ROUND = 2513, SUM = 16066946, bChange = 0.00176376, totNum = 10
ROUND = 2514, SUM = 16066945.9999999, bChange = 0.00176374, totNum = 10
ROUND = 2515, SUM = 16066946, bChange = 0.00176373, totNum = 10
ROUND = 2516, SUM = 16066946, bChange = 0.00176371, totNum = 10
ROUND = 2517, SUM = 16066945.9999999, bChange = 0.00176369, totNum = 10
ROUND = 2518, SUM = 16066946, bChange = 0.00176368, totNum = 10
ROUND = 2519, SUM = 16066946, bChange = 0.00176366, totNum = 10
ROUND = 2520, SUM = 16066945.9999999, bChange = 0.00176364, totNum = 10
ROUND = 2521, SUM = 16066946, bChange = 0.00176362, totNum = 10
ROUND = 2522, SUM = 16066946, bChange = 0.00176361, totNum = 10
ROUND = 2523, SUM = 16066946, bChange = 0.00176359, totNum = 10
ROUND = 2524, SUM = 16066946, bChange = 0.00176357, totNum = 10
ROUND = 2525, SUM = 16066946, bChange = 0.00176356, totNum = 10
ROUND = 2526, SUM = 16066946, bChange = 0.00176354, totNum = 10
ROUND = 2527, SUM = 16066945.9999999, bChange = 0.00176352, totNum = 10
ROUND = 2528, SUM = 16066946, bChange = 0.00176351, totNum = 10
ROUND = 2529, SUM = 16066945.9999999, bChange = 0.00176349, totNum = 10
ROUND = 2530, SUM = 16066945.9999999, bChange = 0.00176347, totNum = 10
ROUND = 2531, SUM = 16066946, bChange = 0.00176346, totNum = 10
ROUND = 2532, SUM = 16066946, bChange = 0.00176344, totNum = 10
ROUND = 2533, SUM = 16066945.9999999, bChange = 0.00176342, totNum = 10
ROUND = 2534, SUM = 16066946, bChange = 0.00176341, totNum = 10
ROUND = 2535, SUM = 16066946, bChange = 0.00176339, totNum = 10
ROUND = 2536, SUM = 16066945.9999999, bChange = 0.00176337, totNum = 10
ROUND = 2537, SUM = 16066946, bChange = 0.00176336, totNum = 10
ROUND = 2538, SUM = 16066946, bChange = 0.00176334, totNum = 10
ROUND = 2539, SUM = 16066946, bChange = 0.00176332, totNum = 10
ROUND = 2540, SUM = 16066946, bChange = 0.00176331, totNum = 10
ROUND = 2541, SUM = 16066946, bChange = 0.00176329, totNum = 10
ROUND = 2542, SUM = 16066946, bChange = 0.00176327, totNum = 9
ROUND = 2543, SUM = 16066946, bChange = 0.00176326, totNum = 9
ROUND = 2544, SUM = 16066946, bChange = 0.00176324, totNum = 9
ROUND = 2545, SUM = 16066945.9999999, bChange = 0.00176323, totNum = 9
ROUND = 2546, SUM = 16066945.9999999, bChange = 0.00176321, totNum = 9
ROUND = 2547, SUM = 16066946, bChange = 0.00176319, totNum = 9
ROUND = 2548, SUM = 16066946, bChange = 0.00176318, totNum = 9
ROUND = 2549, SUM = 16066946, bChange = 0.00176316, totNum = 9
ROUND = 2550, SUM = 16066945.9999999, bChange = 0.00176314, totNum = 9
ROUND = 2551, SUM = 16066946, bChange = 0.00176313, totNum = 9
ROUND = 2552, SUM = 16066946, bChange = 0.00176311, totNum = 9
ROUND = 2553, SUM = 16066946, bChange = 0.0017631, totNum = 9
ROUND = 2554, SUM = 16066946, bChange = 0.00176308, totNum = 9
ROUND = 2555, SUM = 16066945.9999999, bChange = 0.0016477, totNum = 8
ROUND = 2556, SUM = 16066946, bChange = 0.00164774, totNum = 8
ROUND = 2557, SUM = 16066946, bChange = 0.00164778, totNum = 8
ROUND = 2558, SUM = 16066945.9999999, bChange = 0.00164782, totNum = 8
ROUND = 2559, SUM = 16066946, bChange = 0.00164786, totNum = 8
ROUND = 2560, SUM = 16066946, bChange = 0.0016479, totNum = 8
ROUND = 2561, SUM = 16066946, bChange = 0.00164794, totNum = 8
ROUND = 2562, SUM = 16066945.9999999, bChange = 0.00164798, totNum = 8
ROUND = 2563, SUM = 16066946, bChange = 0.00164802, totNum = 8
ROUND = 2564, SUM = 16066946, bChange = 0.00164806, totNum = 8
ROUND = 2565, SUM = 16066945.9999999, bChange = 0.0016481, totNum = 8
ROUND = 2566, SUM = 16066946, bChange = 0.00164814, totNum = 8
ROUND = 2567, SUM = 16066946, bChange = 0.00164818, totNum = 8
ROUND = 2568, SUM = 16066946, bChange = 0.00164821, totNum = 8
ROUND = 2569, SUM = 16066946, bChange = 0.00164825, totNum = 8
ROUND = 2570, SUM = 16066946, bChange = 0.00164829, totNum = 8
ROUND = 2571, SUM = 16066946, bChange = 0.00164833, totNum = 8
ROUND = 2572, SUM = 16066945.9999999, bChange = 0.00164837, totNum = 8
ROUND = 2573, SUM = 16066946, bChange = 0.00164841, totNum = 8
ROUND = 2574, SUM = 16066946, bChange = 0.00164845, totNum = 8
ROUND = 2575, SUM = 16066946, bChange = 0.00164849, totNum = 8
ROUND = 2576, SUM = 16066946, bChange = 0.00164853, totNum = 8
ROUND = 2577, SUM = 16066946, bChange = 0.00164856, totNum = 8
ROUND = 2578, SUM = 16066946, bChange = 0.0016486, totNum = 8
ROUND = 2579, SUM = 16066946, bChange = 0.00164864, totNum = 7
ROUND = 2580, SUM = 16066946, bChange = 0.00164868, totNum = 7
ROUND = 2581, SUM = 16066946, bChange = 0.00164872, totNum = 7
ROUND = 2582, SUM = 16066946, bChange = 0.00164876, totNum = 7
ROUND = 2583, SUM = 16066946, bChange = 0.00164879, totNum = 7
ROUND = 2584, SUM = 16066946, bChange = 0.00164883, totNum = 7
ROUND = 2585, SUM = 16066946, bChange = 0.00164887, totNum = 7
ROUND = 2586, SUM = 16066946, bChange = 0.00164891, totNum = 7
ROUND = 2587, SUM = 16066946, bChange = 0.00164895, totNum = 7
ROUND = 2588, SUM = 16066946, bChange = 0.00164898, totNum = 7
ROUND = 2589, SUM = 16066946, bChange = 0.00164902, totNum = 7
ROUND = 2590, SUM = 16066946, bChange = 0.00164906, totNum = 7
ROUND = 2591, SUM = 16066946, bChange = 0.0016491, totNum = 7
ROUND = 2592, SUM = 16066946, bChange = 0.00164914, totNum = 7
ROUND = 2593, SUM = 16066946, bChange = 0.00164917, totNum = 7
ROUND = 2594, SUM = 16066946, bChange = 0.00164921, totNum = 7
ROUND = 2595, SUM = 16066946, bChange = 0.00164925, totNum = 7
ROUND = 2596, SUM = 16066945.9999999, bChange = 0.00164929, totNum = 7
ROUND = 2597, SUM = 16066946, bChange = 0.00164932, totNum = 7
ROUND = 2598, SUM = 16066946, bChange = 0.00164936, totNum = 7
ROUND = 2599, SUM = 16066945.9999999, bChange = 0.0016494, totNum = 7
ROUND = 2600, SUM = 16066946, bChange = 0.00164943, totNum = 7
ROUND = 2601, SUM = 16066946, bChange = 0.00164947, totNum = 7
ROUND = 2602, SUM = 16066946, bChange = 0.00164951, totNum = 7
ROUND = 2603, SUM = 16066945.9999999, bChange = 0.00164955, totNum = 7
ROUND = 2604, SUM = 16066946, bChange = 0.00164958, totNum = 7
ROUND = 2605, SUM = 16066946, bChange = 0.00164962, totNum = 7
ROUND = 2606, SUM = 16066945.9999999, bChange = 0.00164966, totNum = 7
ROUND = 2607, SUM = 16066946, bChange = 0.00164969, totNum = 7
ROUND = 2608, SUM = 16066946, bChange = 0.00164973, totNum = 7
ROUND = 2609, SUM = 16066946, bChange = 0.00164977, totNum = 7
ROUND = 2610, SUM = 16066946, bChange = 0.0016498, totNum = 7
ROUND = 2611, SUM = 16066946, bChange = 0.00164984, totNum = 7
ROUND = 2612, SUM = 16066946, bChange = 0.00164988, totNum = 7
ROUND = 2613, SUM = 16066946, bChange = 0.00164991, totNum = 7
ROUND = 2614, SUM = 16066946, bChange = 0.00164995, totNum = 7
ROUND = 2615, SUM = 16066946, bChange = 0.00164999, totNum = 7
ROUND = 2616, SUM = 16066946, bChange = 0.00165002, totNum = 7
ROUND = 2617, SUM = 16066946, bChange = 0.00165006, totNum = 7
ROUND = 2618, SUM = 16066946, bChange = 0.00165009, totNum = 7
ROUND = 2619, SUM = 16066946, bChange = 0.00165013, totNum = 7
ROUND = 2620, SUM = 16066946, bChange = 0.00165017, totNum = 7
ROUND = 2621, SUM = 16066945.9999999, bChange = 0.0016502, totNum = 7
ROUND = 2622, SUM = 16066945.9999999, bChange = 0.00165024, totNum = 7
ROUND = 2623, SUM = 16066946, bChange = 0.00165027, totNum = 7
ROUND = 2624, SUM = 16066945.9999999, bChange = 0.00165031, totNum = 7
ROUND = 2625, SUM = 16066945.9999999, bChange = 0.00165034, totNum = 7
ROUND = 2626, SUM = 16066946, bChange = 0.00165038, totNum = 7
ROUND = 2627, SUM = 16066946, bChange = 0.00165042, totNum = 7
ROUND = 2628, SUM = 16066945.9999999, bChange = 0.00165045, totNum = 7
ROUND = 2629, SUM = 16066945.9999999, bChange = 0.00165049, totNum = 7
ROUND = 2630, SUM = 16066946, bChange = 0.00165052, totNum = 7
ROUND = 2631, SUM = 16066946, bChange = 0.00165056, totNum = 7
ROUND = 2632, SUM = 16066945.9999999, bChange = 0.00165059, totNum = 7
ROUND = 2633, SUM = 16066945.9999999, bChange = 0.00165063, totNum = 7
ROUND = 2634, SUM = 16066946, bChange = 0.00165066, totNum = 7
ROUND = 2635, SUM = 16066946, bChange = 0.0016507, totNum = 7
ROUND = 2636, SUM = 16066946, bChange = 0.00165073, totNum = 7
ROUND = 2637, SUM = 16066946, bChange = 0.00165077, totNum = 7
ROUND = 2638, SUM = 16066946, bChange = 0.0016508, totNum = 7
ROUND = 2639, SUM = 16066945.9999999, bChange = 0.00165084, totNum = 7
ROUND = 2640, SUM = 16066946, bChange = 0.00165087, totNum = 7
ROUND = 2641, SUM = 16066946, bChange = 0.00165091, totNum = 7
ROUND = 2642, SUM = 16066945.9999999, bChange = 0.00165094, totNum = 7
ROUND = 2643, SUM = 16066946, bChange = 0.00165098, totNum = 7
ROUND = 2644, SUM = 16066945.9999999, bChange = 0.00165101, totNum = 7
ROUND = 2645, SUM = 16066946, bChange = 0.00165105, totNum = 7
ROUND = 2646, SUM = 16066946, bChange = 0.00165108, totNum = 7
ROUND = 2647, SUM = 16066946, bChange = 0.00165111, totNum = 7
ROUND = 2648, SUM = 16066946, bChange = 0.00165115, totNum = 7
ROUND = 2649, SUM = 16066946, bChange = 0.00165118, totNum = 7
ROUND = 2650, SUM = 16066946, bChange = 0.00165122, totNum = 7
ROUND = 2651, SUM = 16066946, bChange = 0.00165125, totNum = 7
ROUND = 2652, SUM = 16066946, bChange = 0.00165129, totNum = 7
ROUND = 2653, SUM = 16066946, bChange = 0.00165132, totNum = 7
ROUND = 2654, SUM = 16066946, bChange = 0.00165135, totNum = 7
ROUND = 2655, SUM = 16066946, bChange = 0.00165139, totNum = 7
ROUND = 2656, SUM = 16066946, bChange = 0.00165142, totNum = 7
ROUND = 2657, SUM = 16066946, bChange = 0.00165146, totNum = 7
ROUND = 2658, SUM = 16066946, bChange = 0.00165149, totNum = 7
ROUND = 2659, SUM = 16066946, bChange = 0.00165152, totNum = 7
ROUND = 2660, SUM = 16066945.9999999, bChange = 0.00165156, totNum = 7
ROUND = 2661, SUM = 16066946, bChange = 0.00165159, totNum = 7
ROUND = 2662, SUM = 16066946, bChange = 0.00165162, totNum = 7
ROUND = 2663, SUM = 16066946, bChange = 0.00165166, totNum = 7
ROUND = 2664, SUM = 16066945.9999999, bChange = 0.00165169, totNum = 7
ROUND = 2665, SUM = 16066946, bChange = 0.00165173, totNum = 7
ROUND = 2666, SUM = 16066946, bChange = 0.00165176, totNum = 7
ROUND = 2667, SUM = 16066946, bChange = 0.00165179, totNum = 7
ROUND = 2668, SUM = 16066945.9999999, bChange = 0.00165182, totNum = 7
ROUND = 2669, SUM = 16066946, bChange = 0.00165186, totNum = 7
ROUND = 2670, SUM = 16066946, bChange = 0.00165189, totNum = 7
ROUND = 2671, SUM = 16066945.9999999, bChange = 0.00165192, totNum = 7
ROUND = 2672, SUM = 16066946, bChange = 0.00165196, totNum = 7
ROUND = 2673, SUM = 16066946, bChange = 0.00165199, totNum = 7
ROUND = 2674, SUM = 16066945.9999999, bChange = 0.00165202, totNum = 7
ROUND = 2675, SUM = 16066945.9999999, bChange = 0.00165206, totNum = 7
ROUND = 2676, SUM = 16066946, bChange = 0.00165209, totNum = 7
ROUND = 2677, SUM = 16066946, bChange = 0.00165212, totNum = 7
ROUND = 2678, SUM = 16066946, bChange = 0.00165215, totNum = 7
ROUND = 2679, SUM = 16066946, bChange = 0.00165219, totNum = 7
ROUND = 2680, SUM = 16066946, bChange = 0.00165222, totNum = 7
ROUND = 2681, SUM = 16066946, bChange = 0.00165225, totNum = 7
ROUND = 2682, SUM = 16066946, bChange = 0.00165229, totNum = 7
ROUND = 2683, SUM = 16066946, bChange = 0.00165232, totNum = 7
ROUND = 2684, SUM = 16066946, bChange = 0.00165235, totNum = 7
ROUND = 2685, SUM = 16066946, bChange = 0.00165238, totNum = 7
ROUND = 2686, SUM = 16066946, bChange = 0.00165241, totNum = 7
ROUND = 2687, SUM = 16066945.9999999, bChange = 0.00165245, totNum = 7
ROUND = 2688, SUM = 16066946, bChange = 0.00165248, totNum = 7
ROUND = 2689, SUM = 16066946, bChange = 0.00165251, totNum = 7
ROUND = 2690, SUM = 16066946, bChange = 0.00165254, totNum = 7
ROUND = 2691, SUM = 16066946, bChange = 0.00165258, totNum = 7
ROUND = 2692, SUM = 16066946, bChange = 0.00165261, totNum = 7
ROUND = 2693, SUM = 16066946, bChange = 0.00165264, totNum = 7
ROUND = 2694, SUM = 16066946, bChange = 0.00165267, totNum = 7
ROUND = 2695, SUM = 16066945.9999999, bChange = 0.0016527, totNum = 7
ROUND = 2696, SUM = 16066946, bChange = 0.00165273, totNum = 7
ROUND = 2697, SUM = 16066946, bChange = 0.00165277, totNum = 7
ROUND = 2698, SUM = 16066946, bChange = 0.0016528, totNum = 7
ROUND = 2699, SUM = 16066946, bChange = 0.00165283, totNum = 7
ROUND = 2700, SUM = 16066945.9999999, bChange = 0.00165286, totNum = 7
ROUND = 2701, SUM = 16066946, bChange = 0.00165289, totNum = 7
ROUND = 2702, SUM = 16066946, bChange = 0.00165292, totNum = 7
ROUND = 2703, SUM = 16066946, bChange = 0.00165296, totNum = 7
ROUND = 2704, SUM = 16066945.9999999, bChange = 0.00165299, totNum = 7
ROUND = 2705, SUM = 16066946, bChange = 0.00165302, totNum = 7
ROUND = 2706, SUM = 16066946, bChange = 0.00165305, totNum = 7
ROUND = 2707, SUM = 16066946, bChange = 0.00165308, totNum = 7
ROUND = 2708, SUM = 16066946, bChange = 0.00165311, totNum = 7
ROUND = 2709, SUM = 16066946, bChange = 0.00165314, totNum = 7
ROUND = 2710, SUM = 16066946, bChange = 0.00165317, totNum = 7
ROUND = 2711, SUM = 16066946, bChange = 0.00165321, totNum = 7
ROUND = 2712, SUM = 16066946, bChange = 0.00165324, totNum = 7
ROUND = 2713, SUM = 16066946, bChange = 0.00165327, totNum = 7
ROUND = 2714, SUM = 16066945.9999999, bChange = 0.0016533, totNum = 7
ROUND = 2715, SUM = 16066945.9999999, bChange = 0.00165333, totNum = 7
ROUND = 2716, SUM = 16066946, bChange = 0.00165336, totNum = 7
ROUND = 2717, SUM = 16066945.9999999, bChange = 0.00165339, totNum = 7
ROUND = 2718, SUM = 16066945.9999999, bChange = 0.00165342, totNum = 7
ROUND = 2719, SUM = 16066945.9999999, bChange = 0.00165345, totNum = 7
ROUND = 2720, SUM = 16066946, bChange = 0.00165348, totNum = 7
ROUND = 2721, SUM = 16066945.9999999, bChange = 0.00165351, totNum = 7
ROUND = 2722, SUM = 16066946, bChange = 0.00165354, totNum = 7
ROUND = 2723, SUM = 16066946, bChange = 0.00165357, totNum = 7
ROUND = 2724, SUM = 16066945.9999999, bChange = 0.0016536, totNum = 7
ROUND = 2725, SUM = 16066945.9999999, bChange = 0.00165363, totNum = 7
ROUND = 2726, SUM = 16066946, bChange = 0.00165366, totNum = 7
ROUND = 2727, SUM = 16066946, bChange = 0.00165369, totNum = 7
ROUND = 2728, SUM = 16066945.9999999, bChange = 0.00165372, totNum = 7
ROUND = 2729, SUM = 16066945.9999999, bChange = 0.00165375, totNum = 7
ROUND = 2730, SUM = 16066945.9999999, bChange = 0.00165378, totNum = 7
ROUND = 2731, SUM = 16066946, bChange = 0.00165381, totNum = 7
ROUND = 2732, SUM = 16066946, bChange = 0.00165384, totNum = 7
ROUND = 2733, SUM = 16066946, bChange = 0.00165387, totNum = 7
ROUND = 2734, SUM = 16066946, bChange = 0.0016539, totNum = 7
ROUND = 2735, SUM = 16066946, bChange = 0.00165393, totNum = 7
ROUND = 2736, SUM = 16066946, bChange = 0.00165396, totNum = 7
ROUND = 2737, SUM = 16066945.9999999, bChange = 0.00165399, totNum = 7
ROUND = 2738, SUM = 16066945.9999999, bChange = 0.00165402, totNum = 7
ROUND = 2739, SUM = 16066946, bChange = 0.00165405, totNum = 7
ROUND = 2740, SUM = 16066946, bChange = 0.00165408, totNum = 7
ROUND = 2741, SUM = 16066946, bChange = 0.00165411, totNum = 7
ROUND = 2742, SUM = 16066946, bChange = 0.00165414, totNum = 7
ROUND = 2743, SUM = 16066946, bChange = 0.00165417, totNum = 7
ROUND = 2744, SUM = 16066946, bChange = 0.0016542, totNum = 7
ROUND = 2745, SUM = 16066946, bChange = 0.00165423, totNum = 7
ROUND = 2746, SUM = 16066945.9999999, bChange = 0.00165426, totNum = 7
ROUND = 2747, SUM = 16066946, bChange = 0.00165429, totNum = 7
ROUND = 2748, SUM = 16066946, bChange = 0.00165432, totNum = 7
ROUND = 2749, SUM = 16066945.9999999, bChange = 0.00165435, totNum = 7
ROUND = 2750, SUM = 16066946, bChange = 0.00165438, totNum = 7
ROUND = 2751, SUM = 16066946, bChange = 0.0016544, totNum = 7
ROUND = 2752, SUM = 16066946, bChange = 0.00165443, totNum = 7
ROUND = 2753, SUM = 16066946, bChange = 0.00165446, totNum = 7
ROUND = 2754, SUM = 16066946, bChange = 0.00165449, totNum = 7
ROUND = 2755, SUM = 16066946, bChange = 0.00165452, totNum = 7
ROUND = 2756, SUM = 16066946, bChange = 0.00165455, totNum = 7
ROUND = 2757, SUM = 16066946, bChange = 0.00165458, totNum = 7
ROUND = 2758, SUM = 16066946, bChange = 0.00165461, totNum = 7
ROUND = 2759, SUM = 16066946, bChange = 0.00165464, totNum = 7
ROUND = 2760, SUM = 16066946, bChange = 0.00165466, totNum = 7
ROUND = 2761, SUM = 16066946, bChange = 0.00165469, totNum = 7
ROUND = 2762, SUM = 16066946, bChange = 0.00165472, totNum = 7
ROUND = 2763, SUM = 16066946, bChange = 0.00165475, totNum = 7
ROUND = 2764, SUM = 16066946, bChange = 0.00165478, totNum = 7
ROUND = 2765, SUM = 16066946, bChange = 0.00165481, totNum = 7
ROUND = 2766, SUM = 16066946, bChange = 0.00165483, totNum = 7
ROUND = 2767, SUM = 16066946, bChange = 0.00165486, totNum = 7
ROUND = 2768, SUM = 16066946, bChange = 0.00165489, totNum = 7
ROUND = 2769, SUM = 16066946, bChange = 0.00165492, totNum = 7
ROUND = 2770, SUM = 16066946, bChange = 0.00165495, totNum = 7
ROUND = 2771, SUM = 16066946, bChange = 0.00165498, totNum = 7
ROUND = 2772, SUM = 16066946, bChange = 0.001655, totNum = 7
ROUND = 2773, SUM = 16066946, bChange = 0.00165503, totNum = 7
ROUND = 2774, SUM = 16066946, bChange = 0.00165506, totNum = 7
ROUND = 2775, SUM = 16066946, bChange = 0.00165509, totNum = 7
ROUND = 2776, SUM = 16066946, bChange = 0.00165512, totNum = 7
ROUND = 2777, SUM = 16066946, bChange = 0.00165514, totNum = 7
ROUND = 2778, SUM = 16066946, bChange = 0.00165517, totNum = 7
ROUND = 2779, SUM = 16066946, bChange = 0.0016552, totNum = 7
ROUND = 2780, SUM = 16066946, bChange = 0.00165523, totNum = 7
ROUND = 2781, SUM = 16066946, bChange = 0.00165525, totNum = 7
ROUND = 2782, SUM = 16066946, bChange = 0.00165528, totNum = 7
ROUND = 2783, SUM = 16066946, bChange = 0.00165531, totNum = 7
ROUND = 2784, SUM = 16066946, bChange = 0.00165534, totNum = 7
ROUND = 2785, SUM = 16066946, bChange = 0.00165536, totNum = 7
ROUND = 2786, SUM = 16066946, bChange = 0.00165539, totNum = 7
ROUND = 2787, SUM = 16066946, bChange = 0.00165542, totNum = 7
ROUND = 2788, SUM = 16066946, bChange = 0.00165545, totNum = 7
ROUND = 2789, SUM = 16066946, bChange = 0.00165547, totNum = 7
ROUND = 2790, SUM = 16066946, bChange = 0.0016555, totNum = 7
ROUND = 2791, SUM = 16066946, bChange = 0.00165553, totNum = 7
ROUND = 2792, SUM = 16066946, bChange = 0.00165556, totNum = 7
ROUND = 2793, SUM = 16066946, bChange = 0.00165558, totNum = 7
ROUND = 2794, SUM = 16066946, bChange = 0.00165561, totNum = 7
ROUND = 2795, SUM = 16066946, bChange = 0.00165564, totNum = 7
ROUND = 2796, SUM = 16066946, bChange = 0.00165566, totNum = 7
ROUND = 2797, SUM = 16066946, bChange = 0.00165569, totNum = 7
ROUND = 2798, SUM = 16066946, bChange = 0.00165572, totNum = 7
ROUND = 2799, SUM = 16066946, bChange = 0.00165574, totNum = 7
ROUND = 2800, SUM = 16066946, bChange = 0.00165577, totNum = 7
ROUND = 2801, SUM = 16066946, bChange = 0.0016558, totNum = 7
ROUND = 2802, SUM = 16066946, bChange = 0.00165582, totNum = 7
ROUND = 2803, SUM = 16066946, bChange = 0.00165585, totNum = 7
ROUND = 2804, SUM = 16066946, bChange = 0.00165588, totNum = 7
ROUND = 2805, SUM = 16066946, bChange = 0.0016559, totNum = 7
ROUND = 2806, SUM = 16066946, bChange = 0.00165593, totNum = 7
ROUND = 2807, SUM = 16066946, bChange = 0.00165596, totNum = 7
ROUND = 2808, SUM = 16066946, bChange = 0.00165598, totNum = 7
ROUND = 2809, SUM = 16066946, bChange = 0.00165601, totNum = 7
ROUND = 2810, SUM = 16066946, bChange = 0.00165604, totNum = 7
ROUND = 2811, SUM = 16066946, bChange = 0.00165606, totNum = 7
ROUND = 2812, SUM = 16066946, bChange = 0.00165609, totNum = 7
ROUND = 2813, SUM = 16066946, bChange = 0.00165611, totNum = 7
ROUND = 2814, SUM = 16066946, bChange = 0.00165614, totNum = 7
ROUND = 2815, SUM = 16066946, bChange = 0.00165617, totNum = 7
ROUND = 2816, SUM = 16066946, bChange = 0.00165619, totNum = 7
ROUND = 2817, SUM = 16066946, bChange = 0.00165622, totNum = 7
ROUND = 2818, SUM = 16066946, bChange = 0.00165625, totNum = 7
ROUND = 2819, SUM = 16066946, bChange = 0.00165627, totNum = 7
ROUND = 2820, SUM = 16066946, bChange = 0.0016563, totNum = 7
ROUND = 2821, SUM = 16066946, bChange = 0.00165632, totNum = 7
ROUND = 2822, SUM = 16066946, bChange = 0.00165635, totNum = 7
ROUND = 2823, SUM = 16066946, bChange = 0.00165637, totNum = 7
ROUND = 2824, SUM = 16066946, bChange = 0.0016564, totNum = 7
ROUND = 2825, SUM = 16066946, bChange = 0.00165643, totNum = 7
ROUND = 2826, SUM = 16066946, bChange = 0.00165645, totNum = 7
ROUND = 2827, SUM = 16066946, bChange = 0.00165648, totNum = 7
ROUND = 2828, SUM = 16066946, bChange = 0.0016565, totNum = 6
ROUND = 2829, SUM = 16066946, bChange = 0.00165653, totNum = 6
ROUND = 2830, SUM = 16066946, bChange = 0.00165655, totNum = 6
ROUND = 2831, SUM = 16066946, bChange = 0.00165658, totNum = 6
ROUND = 2832, SUM = 16066946, bChange = 0.00165661, totNum = 6
ROUND = 2833, SUM = 16066946, bChange = 0.00165663, totNum = 6
ROUND = 2834, SUM = 16066946, bChange = 0.00165666, totNum = 6
ROUND = 2835, SUM = 16066946, bChange = 0.00165668, totNum = 6
ROUND = 2836, SUM = 16066946, bChange = 0.00165671, totNum = 6
ROUND = 2837, SUM = 16066945.9999999, bChange = 0.00165673, totNum = 6
ROUND = 2838, SUM = 16066946, bChange = 0.00165676, totNum = 6
ROUND = 2839, SUM = 16066946, bChange = 0.00165678, totNum = 6
ROUND = 2840, SUM = 16066946, bChange = 0.00165681, totNum = 6
ROUND = 2841, SUM = 16066946, bChange = 0.00165683, totNum = 6
ROUND = 2842, SUM = 16066946, bChange = 0.00165686, totNum = 6
ROUND = 2843, SUM = 16066946, bChange = 0.00165688, totNum = 6
ROUND = 2844, SUM = 16066946, bChange = 0.00165691, totNum = 6
ROUND = 2845, SUM = 16066946, bChange = 0.00165693, totNum = 6
ROUND = 2846, SUM = 16066946, bChange = 0.00165696, totNum = 6
ROUND = 2847, SUM = 16066946, bChange = 0.00165698, totNum = 6
ROUND = 2848, SUM = 16066946, bChange = 0.00165701, totNum = 6
ROUND = 2849, SUM = 16066946, bChange = 0.00165703, totNum = 6
ROUND = 2850, SUM = 16066946, bChange = 0.00165706, totNum = 6
ROUND = 2851, SUM = 16066946, bChange = 0.00165708, totNum = 6
ROUND = 2852, SUM = 16066946, bChange = 0.00165711, totNum = 6
ROUND = 2853, SUM = 16066946, bChange = 0.00165713, totNum = 6
ROUND = 2854, SUM = 16066946, bChange = 0.00165715, totNum = 6
ROUND = 2855, SUM = 16066945.9999999, bChange = 0.00165718, totNum = 6
ROUND = 2856, SUM = 16066946, bChange = 0.0016572, totNum = 6
ROUND = 2857, SUM = 16066946, bChange = 0.00165723, totNum = 6
ROUND = 2858, SUM = 16066946, bChange = 0.00165725, totNum = 6
ROUND = 2859, SUM = 16066946, bChange = 0.00165728, totNum = 6
ROUND = 2860, SUM = 16066946, bChange = 0.0016573, totNum = 6
ROUND = 2861, SUM = 16066946, bChange = 0.00165732, totNum = 6
ROUND = 2862, SUM = 16066946, bChange = 0.00165735, totNum = 6
ROUND = 2863, SUM = 16066945.9999999, bChange = 0.00165737, totNum = 6
ROUND = 2864, SUM = 16066946, bChange = 0.0016574, totNum = 6
ROUND = 2865, SUM = 16066946, bChange = 0.00165742, totNum = 6
ROUND = 2866, SUM = 16066946, bChange = 0.00165745, totNum = 6
ROUND = 2867, SUM = 16066946, bChange = 0.00165747, totNum = 6
ROUND = 2868, SUM = 16066946, bChange = 0.00165749, totNum = 6
ROUND = 2869, SUM = 16066946, bChange = 0.00165752, totNum = 6
ROUND = 2870, SUM = 16066946, bChange = 0.00165754, totNum = 6
ROUND = 2871, SUM = 16066946, bChange = 0.00165756, totNum = 6
ROUND = 2872, SUM = 16066946, bChange = 0.00165759, totNum = 6
ROUND = 2873, SUM = 16066946, bChange = 0.00165761, totNum = 6
ROUND = 2874, SUM = 16066946, bChange = 0.00165764, totNum = 6
ROUND = 2875, SUM = 16066946, bChange = 0.00165766, totNum = 6
ROUND = 2876, SUM = 16066946, bChange = 0.00165768, totNum = 6
ROUND = 2877, SUM = 16066946, bChange = 0.00165771, totNum = 6
ROUND = 2878, SUM = 16066946, bChange = 0.00165773, totNum = 6
ROUND = 2879, SUM = 16066946, bChange = 0.00165775, totNum = 6
ROUND = 2880, SUM = 16066946, bChange = 0.00165778, totNum = 6
ROUND = 2881, SUM = 16066946, bChange = 0.0016578, totNum = 6
ROUND = 2882, SUM = 16066946, bChange = 0.00165782, totNum = 6
ROUND = 2883, SUM = 16066946, bChange = 0.00165785, totNum = 6
ROUND = 2884, SUM = 16066946, bChange = 0.00165787, totNum = 6
ROUND = 2885, SUM = 16066946, bChange = 0.00165789, totNum = 6
ROUND = 2886, SUM = 16066946, bChange = 0.00165792, totNum = 6
ROUND = 2887, SUM = 16066946, bChange = 0.00165794, totNum = 6
ROUND = 2888, SUM = 16066946, bChange = 0.00165796, totNum = 6
ROUND = 2889, SUM = 16066946, bChange = 0.00165799, totNum = 6
ROUND = 2890, SUM = 16066946, bChange = 0.00165801, totNum = 6
ROUND = 2891, SUM = 16066946, bChange = 0.00165803, totNum = 6
ROUND = 2892, SUM = 16066946, bChange = 0.00165806, totNum = 6
ROUND = 2893, SUM = 16066946, bChange = 0.00165808, totNum = 6
ROUND = 2894, SUM = 16066946, bChange = 0.0016581, totNum = 6
ROUND = 2895, SUM = 16066946, bChange = 0.00165813, totNum = 6
ROUND = 2896, SUM = 16066946, bChange = 0.00165815, totNum = 6
ROUND = 2897, SUM = 16066946, bChange = 0.00165817, totNum = 6
ROUND = 2898, SUM = 16066946, bChange = 0.00165819, totNum = 6
ROUND = 2899, SUM = 16066946, bChange = 0.00165822, totNum = 6
ROUND = 2900, SUM = 16066946, bChange = 0.00165824, totNum = 6
ROUND = 2901, SUM = 16066946, bChange = 0.00165826, totNum = 6
ROUND = 2902, SUM = 16066946, bChange = 0.00165828, totNum = 6
ROUND = 2903, SUM = 16066946, bChange = 0.00165831, totNum = 6
ROUND = 2904, SUM = 16066946, bChange = 0.00165833, totNum = 6
ROUND = 2905, SUM = 16066946, bChange = 0.00165835, totNum = 6
ROUND = 2906, SUM = 16066946, bChange = 0.00165838, totNum = 6
ROUND = 2907, SUM = 16066946, bChange = 0.0016584, totNum = 6
ROUND = 2908, SUM = 16066945.9999999, bChange = 0.00165842, totNum = 6
ROUND = 2909, SUM = 16066946, bChange = 0.00165844, totNum = 6
ROUND = 2910, SUM = 16066945.9999999, bChange = 0.00165846, totNum = 6
ROUND = 2911, SUM = 16066946, bChange = 0.00165849, totNum = 6
ROUND = 2912, SUM = 16066946, bChange = 0.00165851, totNum = 6
ROUND = 2913, SUM = 16066946, bChange = 0.00165853, totNum = 6
ROUND = 2914, SUM = 16066945.9999999, bChange = 0.00165855, totNum = 6
ROUND = 2915, SUM = 16066946, bChange = 0.00165858, totNum = 6
ROUND = 2916, SUM = 16066946, bChange = 0.0016586, totNum = 6
ROUND = 2917, SUM = 16066946, bChange = 0.00165862, totNum = 6
ROUND = 2918, SUM = 16066946, bChange = 0.00165864, totNum = 6
ROUND = 2919, SUM = 16066946, bChange = 0.00165866, totNum = 6
ROUND = 2920, SUM = 16066946, bChange = 0.00165869, totNum = 6
ROUND = 2921, SUM = 16066946, bChange = 0.00165871, totNum = 6
ROUND = 2922, SUM = 16066946, bChange = 0.00165873, totNum = 6
ROUND = 2923, SUM = 16066946, bChange = 0.00165875, totNum = 6
ROUND = 2924, SUM = 16066946, bChange = 0.00165877, totNum = 6
ROUND = 2925, SUM = 16066946, bChange = 0.0016588, totNum = 6
ROUND = 2926, SUM = 16066946, bChange = 0.00165882, totNum = 6
ROUND = 2927, SUM = 16066946, bChange = 0.00165884, totNum = 6
ROUND = 2928, SUM = 16066946, bChange = 0.00165886, totNum = 6
ROUND = 2929, SUM = 16066946, bChange = 0.00165888, totNum = 6
ROUND = 2930, SUM = 16066946, bChange = 0.0016589, totNum = 6
ROUND = 2931, SUM = 16066946, bChange = 0.00165893, totNum = 6
ROUND = 2932, SUM = 16066946, bChange = 0.00165895, totNum = 6
ROUND = 2933, SUM = 16066946, bChange = 0.00165897, totNum = 6
ROUND = 2934, SUM = 16066946, bChange = 0.00165899, totNum = 6
ROUND = 2935, SUM = 16066946, bChange = 0.00165901, totNum = 6
ROUND = 2936, SUM = 16066946, bChange = 0.00165903, totNum = 6
ROUND = 2937, SUM = 16066946, bChange = 0.00165905, totNum = 6
ROUND = 2938, SUM = 16066946, bChange = 0.00165908, totNum = 6
ROUND = 2939, SUM = 16066946, bChange = 0.0016591, totNum = 6
ROUND = 2940, SUM = 16066945.9999999, bChange = 0.00165912, totNum = 6
ROUND = 2941, SUM = 16066946, bChange = 0.00165914, totNum = 6
ROUND = 2942, SUM = 16066945.9999999, bChange = 0.00165916, totNum = 6
ROUND = 2943, SUM = 16066946, bChange = 0.00165918, totNum = 6
ROUND = 2944, SUM = 16066946, bChange = 0.0016592, totNum = 6
ROUND = 2945, SUM = 16066946, bChange = 0.00165922, totNum = 6
ROUND = 2946, SUM = 16066946, bChange = 0.00165925, totNum = 6
ROUND = 2947, SUM = 16066946, bChange = 0.00165927, totNum = 6
ROUND = 2948, SUM = 16066946, bChange = 0.00165929, totNum = 6
ROUND = 2949, SUM = 16066946, bChange = 0.00165931, totNum = 6
ROUND = 2950, SUM = 16066946, bChange = 0.00165933, totNum = 6
ROUND = 2951, SUM = 16066946, bChange = 0.00165935, totNum = 6
ROUND = 2952, SUM = 16066946, bChange = 0.00165937, totNum = 6
ROUND = 2953, SUM = 16066946, bChange = 0.00165939, totNum = 6
ROUND = 2954, SUM = 16066946, bChange = 0.00165941, totNum = 6
ROUND = 2955, SUM = 16066946, bChange = 0.00165943, totNum = 6
ROUND = 2956, SUM = 16066946, bChange = 0.00165945, totNum = 6
ROUND = 2957, SUM = 16066946, bChange = 0.00165948, totNum = 6
ROUND = 2958, SUM = 16066946, bChange = 0.0016595, totNum = 6
ROUND = 2959, SUM = 16066946, bChange = 0.00165952, totNum = 6
ROUND = 2960, SUM = 16066946, bChange = 0.00165954, totNum = 6
ROUND = 2961, SUM = 16066946, bChange = 0.00165956, totNum = 6
ROUND = 2962, SUM = 16066946, bChange = 0.00165958, totNum = 6
ROUND = 2963, SUM = 16066946, bChange = 0.0016596, totNum = 6
ROUND = 2964, SUM = 16066946, bChange = 0.00165962, totNum = 6
ROUND = 2965, SUM = 16066946, bChange = 0.00165964, totNum = 6
ROUND = 2966, SUM = 16066946, bChange = 0.00165966, totNum = 6
ROUND = 2967, SUM = 16066946, bChange = 0.00165968, totNum = 6
ROUND = 2968, SUM = 16066946, bChange = 0.0016597, totNum = 6
ROUND = 2969, SUM = 16066946, bChange = 0.00165972, totNum = 6
ROUND = 2970, SUM = 16066946, bChange = 0.00165974, totNum = 6
ROUND = 2971, SUM = 16066946, bChange = 0.00165976, totNum = 6
ROUND = 2972, SUM = 16066946, bChange = 0.00165978, totNum = 6
ROUND = 2973, SUM = 16066946, bChange = 0.0016598, totNum = 6
ROUND = 2974, SUM = 16066946, bChange = 0.00165982, totNum = 6
ROUND = 2975, SUM = 16066946, bChange = 0.00165984, totNum = 6
ROUND = 2976, SUM = 16066945.9999999, bChange = 0.00165986, totNum = 6
ROUND = 2977, SUM = 16066946, bChange = 0.00165988, totNum = 6
ROUND = 2978, SUM = 16066946, bChange = 0.0016599, totNum = 6
ROUND = 2979, SUM = 16066946, bChange = 0.00165992, totNum = 6
ROUND = 2980, SUM = 16066946, bChange = 0.00165994, totNum = 6
ROUND = 2981, SUM = 16066946, bChange = 0.00165996, totNum = 6
ROUND = 2982, SUM = 16066946, bChange = 0.00165998, totNum = 6
ROUND = 2983, SUM = 16066946, bChange = 0.00166, totNum = 6
ROUND = 2984, SUM = 16066946, bChange = 0.00166002, totNum = 6
ROUND = 2985, SUM = 16066946, bChange = 0.00166004, totNum = 6
ROUND = 2986, SUM = 16066946, bChange = 0.00166006, totNum = 6
ROUND = 2987, SUM = 16066945.9999999, bChange = 0.00166008, totNum = 6
ROUND = 2988, SUM = 16066946, bChange = 0.0016601, totNum = 6
ROUND = 2989, SUM = 16066946, bChange = 0.00166012, totNum = 6
ROUND = 2990, SUM = 16066946, bChange = 0.00166014, totNum = 6
ROUND = 2991, SUM = 16066946, bChange = 0.00166016, totNum = 6
ROUND = 2992, SUM = 16066946, bChange = 0.00166018, totNum = 6
ROUND = 2993, SUM = 16066946, bChange = 0.0016602, totNum = 6
ROUND = 2994, SUM = 16066946, bChange = 0.00166022, totNum = 6
ROUND = 2995, SUM = 16066946, bChange = 0.00166024, totNum = 6
ROUND = 2996, SUM = 16066946, bChange = 0.00166026, totNum = 6
ROUND = 2997, SUM = 16066946, bChange = 0.00166028, totNum = 6
ROUND = 2998, SUM = 16066946, bChange = 0.0016603, totNum = 6
ROUND = 2999, SUM = 16066946, bChange = 0.00166031, totNum = 6
ROUND = 3000, SUM = 16066946, bChange = 0.00166033, totNum = 6
ROUND = 3001, SUM = 16066946, bChange = 0.00166035, totNum = 6
ROUND = 3002, SUM = 16066946, bChange = 0.00166037, totNum = 6
ROUND = 3003, SUM = 16066946, bChange = 0.00166039, totNum = 6
ROUND = 3004, SUM = 16066946, bChange = 0.00166041, totNum = 6
ROUND = 3005, SUM = 16066946, bChange = 0.00166043, totNum = 6
ROUND = 3006, SUM = 16066946, bChange = 0.00166045, totNum = 6
ROUND = 3007, SUM = 16066946, bChange = 0.00166047, totNum = 6
ROUND = 3008, SUM = 16066946, bChange = 0.00166049, totNum = 6
ROUND = 3009, SUM = 16066946, bChange = 0.00166051, totNum = 6
ROUND = 3010, SUM = 16066946, bChange = 0.00166052, totNum = 6
ROUND = 3011, SUM = 16066946, bChange = 0.00166054, totNum = 6
ROUND = 3012, SUM = 16066946, bChange = 0.00166056, totNum = 6
ROUND = 3013, SUM = 16066946, bChange = 0.00166058, totNum = 6
ROUND = 3014, SUM = 16066946, bChange = 0.0016606, totNum = 6
ROUND = 3015, SUM = 16066946, bChange = 0.00166062, totNum = 6
ROUND = 3016, SUM = 16066946, bChange = 0.00166064, totNum = 6
ROUND = 3017, SUM = 16066946, bChange = 0.00166066, totNum = 6
ROUND = 3018, SUM = 16066946, bChange = 0.00166068, totNum = 6
ROUND = 3019, SUM = 16066946, bChange = 0.00166069, totNum = 6
ROUND = 3020, SUM = 16066946, bChange = 0.00166071, totNum = 6
ROUND = 3021, SUM = 16066946, bChange = 0.00166073, totNum = 6
ROUND = 3022, SUM = 16066946, bChange = 0.00166075, totNum = 6
ROUND = 3023, SUM = 16066946, bChange = 0.00166077, totNum = 6
ROUND = 3024, SUM = 16066946, bChange = 0.00166079, totNum = 6
ROUND = 3025, SUM = 16066946, bChange = 0.00166081, totNum = 6
ROUND = 3026, SUM = 16066946, bChange = 0.00166082, totNum = 6
ROUND = 3027, SUM = 16066946, bChange = 0.00166084, totNum = 6
ROUND = 3028, SUM = 16066946, bChange = 0.00166086, totNum = 6
ROUND = 3029, SUM = 16066946, bChange = 0.00166088, totNum = 6
ROUND = 3030, SUM = 16066946, bChange = 0.0016609, totNum = 6
ROUND = 3031, SUM = 16066946, bChange = 0.00166092, totNum = 6
ROUND = 3032, SUM = 16066946, bChange = 0.00166093, totNum = 6
ROUND = 3033, SUM = 16066946, bChange = 0.00166095, totNum = 6
ROUND = 3034, SUM = 16066946, bChange = 0.00166097, totNum = 6
ROUND = 3035, SUM = 16066946, bChange = 0.00166099, totNum = 6
ROUND = 3036, SUM = 16066946, bChange = 0.00166101, totNum = 6
ROUND = 3037, SUM = 16066946, bChange = 0.00166103, totNum = 6
ROUND = 3038, SUM = 16066946, bChange = 0.00166104, totNum = 6
ROUND = 3039, SUM = 16066946, bChange = 0.00166106, totNum = 6
ROUND = 3040, SUM = 16066946, bChange = 0.00166108, totNum = 6
ROUND = 3041, SUM = 16066946, bChange = 0.0016611, totNum = 6
ROUND = 3042, SUM = 16066946, bChange = 0.00166112, totNum = 6
ROUND = 3043, SUM = 16066946, bChange = 0.00166113, totNum = 6
ROUND = 3044, SUM = 16066946, bChange = 0.00166115, totNum = 6
ROUND = 3045, SUM = 16066946, bChange = 0.00166117, totNum = 6
ROUND = 3046, SUM = 16066945.9999999, bChange = 0.00166119, totNum = 6
ROUND = 3047, SUM = 16066946, bChange = 0.0016612, totNum = 6
ROUND = 3048, SUM = 16066946, bChange = 0.00166122, totNum = 6
ROUND = 3049, SUM = 16066946, bChange = 0.00166124, totNum = 6
ROUND = 3050, SUM = 16066946, bChange = 0.00166126, totNum = 6
ROUND = 3051, SUM = 16066946, bChange = 0.00166128, totNum = 6
ROUND = 3052, SUM = 16066946, bChange = 0.00166129, totNum = 6
ROUND = 3053, SUM = 16066946, bChange = 0.00166131, totNum = 6
ROUND = 3054, SUM = 16066945.9999999, bChange = 0.00166133, totNum = 6
ROUND = 3055, SUM = 16066946, bChange = 0.00166135, totNum = 6
ROUND = 3056, SUM = 16066946, bChange = 0.00166136, totNum = 6
ROUND = 3057, SUM = 16066946, bChange = 0.00166138, totNum = 6
ROUND = 3058, SUM = 16066946, bChange = 0.0016614, totNum = 6
ROUND = 3059, SUM = 16066946, bChange = 0.00166142, totNum = 6
ROUND = 3060, SUM = 16066946, bChange = 0.00166143, totNum = 6
ROUND = 3061, SUM = 16066946, bChange = 0.00166145, totNum = 6
ROUND = 3062, SUM = 16066946, bChange = 0.00166147, totNum = 6
ROUND = 3063, SUM = 16066946, bChange = 0.00166149, totNum = 6
ROUND = 3064, SUM = 16066946, bChange = 0.0016615, totNum = 6
ROUND = 3065, SUM = 16066946, bChange = 0.00166152, totNum = 6
ROUND = 3066, SUM = 16066946, bChange = 0.00166154, totNum = 6
ROUND = 3067, SUM = 16066946, bChange = 0.00166156, totNum = 6
ROUND = 3068, SUM = 16066946, bChange = 0.00166157, totNum = 6
ROUND = 3069, SUM = 16066946, bChange = 0.00166159, totNum = 6
ROUND = 3070, SUM = 16066946, bChange = 0.00166161, totNum = 6
ROUND = 3071, SUM = 16066946, bChange = 0.00166162, totNum = 6
ROUND = 3072, SUM = 16066946, bChange = 0.00166164, totNum = 6
ROUND = 3073, SUM = 16066946, bChange = 0.00166166, totNum = 6
ROUND = 3074, SUM = 16066945.9999999, bChange = 0.00166168, totNum = 6
ROUND = 3075, SUM = 16066946, bChange = 0.00166169, totNum = 6
ROUND = 3076, SUM = 16066946, bChange = 0.00166171, totNum = 6
ROUND = 3077, SUM = 16066946, bChange = 0.00166173, totNum = 6
ROUND = 3078, SUM = 16066946, bChange = 0.00166174, totNum = 6
ROUND = 3079, SUM = 16066946, bChange = 0.00166176, totNum = 6
ROUND = 3080, SUM = 16066946, bChange = 0.00166178, totNum = 6
ROUND = 3081, SUM = 16066946, bChange = 0.00166179, totNum = 6
ROUND = 3082, SUM = 16066946, bChange = 0.00156013, totNum = 5
ROUND = 3083, SUM = 16066946, bChange = 0.00156018, totNum = 5
ROUND = 3084, SUM = 16066946, bChange = 0.00156023, totNum = 5
ROUND = 3085, SUM = 16066946, bChange = 0.00156028, totNum = 5
ROUND = 3086, SUM = 16066946, bChange = 0.00156033, totNum = 5
ROUND = 3087, SUM = 16066946, bChange = 0.00156038, totNum = 5
ROUND = 3088, SUM = 16066946, bChange = 0.00156043, totNum = 5
ROUND = 3089, SUM = 16066946, bChange = 0.00156048, totNum = 5
ROUND = 3090, SUM = 16066946, bChange = 0.00156053, totNum = 5
ROUND = 3091, SUM = 16066946, bChange = 0.00156058, totNum = 5
ROUND = 3092, SUM = 16066946, bChange = 0.00156063, totNum = 5
ROUND = 3093, SUM = 16066946, bChange = 0.00156068, totNum = 5
ROUND = 3094, SUM = 16066946, bChange = 0.00156073, totNum = 5
ROUND = 3095, SUM = 16066946, bChange = 0.00156079, totNum = 5
ROUND = 3096, SUM = 16066946, bChange = 0.00156084, totNum = 5
ROUND = 3097, SUM = 16066946, bChange = 0.00156089, totNum = 5
ROUND = 3098, SUM = 16066946, bChange = 0.00156094, totNum = 5
ROUND = 3099, SUM = 16066946, bChange = 0.00156099, totNum = 5
ROUND = 3100, SUM = 16066946, bChange = 0.00156103, totNum = 5
ROUND = 3101, SUM = 16066946, bChange = 0.00156108, totNum = 5
ROUND = 3102, SUM = 16066946, bChange = 0.00156113, totNum = 5
ROUND = 3103, SUM = 16066946, bChange = 0.00156118, totNum = 5
ROUND = 3104, SUM = 16066946, bChange = 0.00156123, totNum = 5
ROUND = 3105, SUM = 16066946, bChange = 0.00156128, totNum = 5
ROUND = 3106, SUM = 16066946, bChange = 0.00156133, totNum = 5
ROUND = 3107, SUM = 16066946, bChange = 0.00156138, totNum = 5
ROUND = 3108, SUM = 16066946, bChange = 0.00156143, totNum = 5
ROUND = 3109, SUM = 16066946, bChange = 0.00156148, totNum = 5
ROUND = 3110, SUM = 16066946, bChange = 0.00156153, totNum = 5
ROUND = 3111, SUM = 16066946, bChange = 0.00156158, totNum = 5
ROUND = 3112, SUM = 16066946, bChange = 0.00156163, totNum = 5
ROUND = 3113, SUM = 16066946, bChange = 0.00156168, totNum = 5
ROUND = 3114, SUM = 16066946, bChange = 0.00156172, totNum = 5
ROUND = 3115, SUM = 16066946, bChange = 0.00156177, totNum = 5
ROUND = 3116, SUM = 16066946, bChange = 0.00156182, totNum = 5
ROUND = 3117, SUM = 16066946, bChange = 0.00156187, totNum = 5
ROUND = 3118, SUM = 16066946, bChange = 0.00156192, totNum = 5
ROUND = 3119, SUM = 16066946, bChange = 0.00156197, totNum = 5
ROUND = 3120, SUM = 16066946, bChange = 0.00156202, totNum = 5
ROUND = 3121, SUM = 16066946, bChange = 0.00156206, totNum = 5
ROUND = 3122, SUM = 16066946, bChange = 0.00156211, totNum = 5
ROUND = 3123, SUM = 16066946, bChange = 0.00156216, totNum = 5
ROUND = 3124, SUM = 16066946, bChange = 0.00156221, totNum = 5
ROUND = 3125, SUM = 16066946, bChange = 0.00156226, totNum = 5
ROUND = 3126, SUM = 16066946, bChange = 0.0015623, totNum = 5
ROUND = 3127, SUM = 16066946, bChange = 0.00156235, totNum = 5
ROUND = 3128, SUM = 16066946, bChange = 0.0015624, totNum = 5
ROUND = 3129, SUM = 16066946, bChange = 0.00156245, totNum = 5
ROUND = 3130, SUM = 16066946, bChange = 0.0015625, totNum = 5
ROUND = 3131, SUM = 16066946, bChange = 0.00156254, totNum = 5
ROUND = 3132, SUM = 16066946, bChange = 0.00156259, totNum = 5
ROUND = 3133, SUM = 16066946, bChange = 0.00156264, totNum = 5
ROUND = 3134, SUM = 16066946, bChange = 0.00156269, totNum = 5
ROUND = 3135, SUM = 16066946, bChange = 0.00156273, totNum = 5
ROUND = 3136, SUM = 16066946, bChange = 0.00156278, totNum = 5
ROUND = 3137, SUM = 16066946, bChange = 0.00156283, totNum = 5
ROUND = 3138, SUM = 16066946, bChange = 0.00156287, totNum = 5
ROUND = 3139, SUM = 16066946, bChange = 0.00156292, totNum = 5
ROUND = 3140, SUM = 16066946, bChange = 0.00156297, totNum = 5
ROUND = 3141, SUM = 16066946, bChange = 0.00156302, totNum = 5
ROUND = 3142, SUM = 16066946, bChange = 0.00156306, totNum = 5
ROUND = 3143, SUM = 16066946, bChange = 0.00156311, totNum = 5
ROUND = 3144, SUM = 16066946, bChange = 0.00156316, totNum = 5
ROUND = 3145, SUM = 16066946, bChange = 0.0015632, totNum = 5
ROUND = 3146, SUM = 16066946, bChange = 0.00156325, totNum = 5
ROUND = 3147, SUM = 16066946, bChange = 0.00156329, totNum = 5
ROUND = 3148, SUM = 16066946, bChange = 0.00156334, totNum = 5
ROUND = 3149, SUM = 16066946, bChange = 0.00156339, totNum = 5
ROUND = 3150, SUM = 16066946, bChange = 0.00156343, totNum = 5
ROUND = 3151, SUM = 16066946, bChange = 0.00156348, totNum = 5
ROUND = 3152, SUM = 16066946, bChange = 0.00156353, totNum = 5
ROUND = 3153, SUM = 16066946, bChange = 0.00156357, totNum = 5
ROUND = 3154, SUM = 16066946, bChange = 0.00156362, totNum = 5
ROUND = 3155, SUM = 16066946, bChange = 0.00156366, totNum = 5
ROUND = 3156, SUM = 16066946, bChange = 0.00156371, totNum = 5
ROUND = 3157, SUM = 16066946, bChange = 0.00156376, totNum = 5
ROUND = 3158, SUM = 16066946, bChange = 0.0015638, totNum = 5
ROUND = 3159, SUM = 16066946, bChange = 0.00156385, totNum = 5
ROUND = 3160, SUM = 16066946, bChange = 0.00156389, totNum = 5
ROUND = 3161, SUM = 16066946, bChange = 0.00156394, totNum = 5
ROUND = 3162, SUM = 16066946, bChange = 0.00156398, totNum = 5
ROUND = 3163, SUM = 16066946, bChange = 0.00156403, totNum = 5
ROUND = 3164, SUM = 16066946, bChange = 0.00156407, totNum = 5
ROUND = 3165, SUM = 16066946, bChange = 0.00156412, totNum = 5
ROUND = 3166, SUM = 16066946, bChange = 0.00156416, totNum = 5
ROUND = 3167, SUM = 16066946, bChange = 0.00156421, totNum = 5
ROUND = 3168, SUM = 16066946, bChange = 0.00156425, totNum = 5
ROUND = 3169, SUM = 16066946, bChange = 0.0015643, totNum = 5
ROUND = 3170, SUM = 16066946, bChange = 0.00156434, totNum = 5
ROUND = 3171, SUM = 16066946, bChange = 0.00156439, totNum = 5
ROUND = 3172, SUM = 16066946, bChange = 0.00156443, totNum = 5
ROUND = 3173, SUM = 16066946, bChange = 0.00156448, totNum = 5
ROUND = 3174, SUM = 16066946, bChange = 0.00156452, totNum = 5
ROUND = 3175, SUM = 16066946, bChange = 0.00156457, totNum = 5
ROUND = 3176, SUM = 16066946, bChange = 0.00156461, totNum = 5
ROUND = 3177, SUM = 16066946, bChange = 0.00156466, totNum = 5
ROUND = 3178, SUM = 16066946, bChange = 0.0015647, totNum = 5
ROUND = 3179, SUM = 16066946, bChange = 0.00156475, totNum = 5
ROUND = 3180, SUM = 16066946, bChange = 0.00156479, totNum = 5
ROUND = 3181, SUM = 16066946, bChange = 0.00156483, totNum = 5
ROUND = 3182, SUM = 16066946, bChange = 0.00156488, totNum = 5
ROUND = 3183, SUM = 16066946, bChange = 0.00156492, totNum = 5
ROUND = 3184, SUM = 16066946, bChange = 0.00156497, totNum = 5
ROUND = 3185, SUM = 16066946, bChange = 0.00156501, totNum = 5
ROUND = 3186, SUM = 16066946, bChange = 0.00156505, totNum = 5
ROUND = 3187, SUM = 16066946, bChange = 0.0015651, totNum = 5
ROUND = 3188, SUM = 16066946, bChange = 0.00156514, totNum = 5
ROUND = 3189, SUM = 16066946, bChange = 0.00156518, totNum = 5
ROUND = 3190, SUM = 16066946, bChange = 0.00156523, totNum = 5
ROUND = 3191, SUM = 16066946, bChange = 0.00156527, totNum = 5
ROUND = 3192, SUM = 16066946, bChange = 0.00156532, totNum = 5
ROUND = 3193, SUM = 16066946, bChange = 0.00156536, totNum = 5
ROUND = 3194, SUM = 16066946, bChange = 0.0015654, totNum = 5
ROUND = 3195, SUM = 16066946, bChange = 0.00156544, totNum = 5
ROUND = 3196, SUM = 16066946, bChange = 0.00156549, totNum = 5
ROUND = 3197, SUM = 16066946, bChange = 0.00156553, totNum = 5
ROUND = 3198, SUM = 16066946, bChange = 0.00156557, totNum = 5
ROUND = 3199, SUM = 16066946, bChange = 0.00156562, totNum = 5
ROUND = 3200, SUM = 16066946, bChange = 0.00156566, totNum = 5
ROUND = 3201, SUM = 16066946, bChange = 0.0015657, totNum = 5
ROUND = 3202, SUM = 16066946, bChange = 0.00156575, totNum = 5
ROUND = 3203, SUM = 16066946, bChange = 0.00156579, totNum = 5
ROUND = 3204, SUM = 16066946, bChange = 0.00156583, totNum = 5
ROUND = 3205, SUM = 16066946, bChange = 0.00156587, totNum = 5
ROUND = 3206, SUM = 16066946, bChange = 0.00156592, totNum = 5
ROUND = 3207, SUM = 16066946, bChange = 0.00156596, totNum = 5
ROUND = 3208, SUM = 16066946, bChange = 0.001566, totNum = 5
ROUND = 3209, SUM = 16066946, bChange = 0.00156604, totNum = 5
ROUND = 3210, SUM = 16066946, bChange = 0.00137, totNum = 4
ROUND = 3211, SUM = 16066946, bChange = 0.00137002, totNum = 4
ROUND = 3212, SUM = 16066946, bChange = 0.00137004, totNum = 4
ROUND = 3213, SUM = 16066946, bChange = 0.00137006, totNum = 4
ROUND = 3214, SUM = 16066946, bChange = 0.00137008, totNum = 4
ROUND = 3215, SUM = 16066946, bChange = 0.0013701, totNum = 4
ROUND = 3216, SUM = 16066946, bChange = 0.00137012, totNum = 4
ROUND = 3217, SUM = 16066946, bChange = 0.00137014, totNum = 4
ROUND = 3218, SUM = 16066946, bChange = 0.00137016, totNum = 4
ROUND = 3219, SUM = 16066946, bChange = 0.00137018, totNum = 4
ROUND = 3220, SUM = 16066946, bChange = 0.0013702, totNum = 4
ROUND = 3221, SUM = 16066945.9999999, bChange = 0.00137022, totNum = 4
ROUND = 3222, SUM = 16066946, bChange = 0.00137024, totNum = 4
ROUND = 3223, SUM = 16066946, bChange = 0.00137026, totNum = 4
ROUND = 3224, SUM = 16066946, bChange = 0.00137028, totNum = 4
ROUND = 3225, SUM = 16066946, bChange = 0.0013703, totNum = 4
ROUND = 3226, SUM = 16066946, bChange = 0.00137032, totNum = 4
ROUND = 3227, SUM = 16066946, bChange = 0.00137034, totNum = 4
ROUND = 3228, SUM = 16066946, bChange = 0.00137036, totNum = 4
ROUND = 3229, SUM = 16066946, bChange = 0.00137038, totNum = 4
ROUND = 3230, SUM = 16066946, bChange = 0.0013704, totNum = 4
ROUND = 3231, SUM = 16066946, bChange = 0.00137042, totNum = 4
ROUND = 3232, SUM = 16066946, bChange = 0.00137044, totNum = 4
ROUND = 3233, SUM = 16066946, bChange = 0.00137046, totNum = 4
ROUND = 3234, SUM = 16066946, bChange = 0.00137047, totNum = 4
ROUND = 3235, SUM = 16066946, bChange = 0.00137049, totNum = 4
ROUND = 3236, SUM = 16066946, bChange = 0.00137051, totNum = 4
ROUND = 3237, SUM = 16066946, bChange = 0.00137053, totNum = 4
ROUND = 3238, SUM = 16066946, bChange = 0.00137055, totNum = 4
ROUND = 3239, SUM = 16066946, bChange = 0.00137057, totNum = 4
ROUND = 3240, SUM = 16066946, bChange = 0.00137059, totNum = 4
ROUND = 3241, SUM = 16066946, bChange = 0.00137061, totNum = 4
ROUND = 3242, SUM = 16066946, bChange = 0.00137063, totNum = 4
ROUND = 3243, SUM = 16066946, bChange = 0.00137065, totNum = 4
ROUND = 3244, SUM = 16066946, bChange = 0.00137067, totNum = 4
ROUND = 3245, SUM = 16066946, bChange = 0.00137069, totNum = 4
ROUND = 3246, SUM = 16066946, bChange = 0.0013707, totNum = 4
ROUND = 3247, SUM = 16066946, bChange = 0.00137072, totNum = 4
ROUND = 3248, SUM = 16066946, bChange = 0.00137074, totNum = 4
ROUND = 3249, SUM = 16066946, bChange = 0.00137076, totNum = 4
ROUND = 3250, SUM = 16066946, bChange = 0.00137078, totNum = 4
ROUND = 3251, SUM = 16066946, bChange = 0.0013708, totNum = 4
ROUND = 3252, SUM = 16066946, bChange = 0.00137082, totNum = 4
ROUND = 3253, SUM = 16066946, bChange = 0.00137084, totNum = 4
ROUND = 3254, SUM = 16066945.9999999, bChange = 0.00137086, totNum = 4
ROUND = 3255, SUM = 16066946, bChange = 0.00137088, totNum = 4
ROUND = 3256, SUM = 16066946, bChange = 0.00137089, totNum = 4
ROUND = 3257, SUM = 16066946, bChange = 0.00137091, totNum = 4
ROUND = 3258, SUM = 16066946, bChange = 0.00137093, totNum = 4
ROUND = 3259, SUM = 16066945.9999999, bChange = 0.00137095, totNum = 4
ROUND = 3260, SUM = 16066946, bChange = 0.00137097, totNum = 4
ROUND = 3261, SUM = 16066946, bChange = 0.00137099, totNum = 4
ROUND = 3262, SUM = 16066946, bChange = 0.00137101, totNum = 4
ROUND = 3263, SUM = 16066946, bChange = 0.00137103, totNum = 4
ROUND = 3264, SUM = 16066946, bChange = 0.00137104, totNum = 4
ROUND = 3265, SUM = 16066946, bChange = 0.00137106, totNum = 4
ROUND = 3266, SUM = 16066946, bChange = 0.00137108, totNum = 4
ROUND = 3267, SUM = 16066946, bChange = 0.0013711, totNum = 4
ROUND = 3268, SUM = 16066946, bChange = 0.00137112, totNum = 4
ROUND = 3269, SUM = 16066946, bChange = 0.00137114, totNum = 4
ROUND = 3270, SUM = 16066946, bChange = 0.00137115, totNum = 4
ROUND = 3271, SUM = 16066946, bChange = 0.00137117, totNum = 4
ROUND = 3272, SUM = 16066946, bChange = 0.00137119, totNum = 4
ROUND = 3273, SUM = 16066946, bChange = 0.00137121, totNum = 4
ROUND = 3274, SUM = 16066946, bChange = 0.00137123, totNum = 4
ROUND = 3275, SUM = 16066946, bChange = 0.00137125, totNum = 4
ROUND = 3276, SUM = 16066946, bChange = 0.00137126, totNum = 4
ROUND = 3277, SUM = 16066946, bChange = 0.00137128, totNum = 4
ROUND = 3278, SUM = 16066946, bChange = 0.0013713, totNum = 4
ROUND = 3279, SUM = 16066945.9999999, bChange = 0.00137132, totNum = 4
ROUND = 3280, SUM = 16066946, bChange = 0.00137134, totNum = 4
ROUND = 3281, SUM = 16066946, bChange = 0.00137136, totNum = 4
ROUND = 3282, SUM = 16066946, bChange = 0.00137137, totNum = 4
ROUND = 3283, SUM = 16066946, bChange = 0.00137139, totNum = 4
ROUND = 3284, SUM = 16066946, bChange = 0.00137141, totNum = 4
ROUND = 3285, SUM = 16066946, bChange = 0.00137143, totNum = 4
ROUND = 3286, SUM = 16066945.9999999, bChange = 0.00137145, totNum = 4
ROUND = 3287, SUM = 16066946, bChange = 0.00137146, totNum = 4
ROUND = 3288, SUM = 16066946, bChange = 0.00137148, totNum = 4
ROUND = 3289, SUM = 16066946, bChange = 0.0013715, totNum = 4
ROUND = 3290, SUM = 16066946, bChange = 0.00137152, totNum = 4
ROUND = 3291, SUM = 16066946, bChange = 0.00137154, totNum = 4
ROUND = 3292, SUM = 16066946, bChange = 0.00137155, totNum = 4
ROUND = 3293, SUM = 16066946, bChange = 0.00137157, totNum = 4
ROUND = 3294, SUM = 16066946, bChange = 0.00137159, totNum = 4
ROUND = 3295, SUM = 16066946, bChange = 0.00137161, totNum = 4
ROUND = 3296, SUM = 16066946, bChange = 0.00137163, totNum = 4
ROUND = 3297, SUM = 16066946, bChange = 0.00137164, totNum = 4
ROUND = 3298, SUM = 16066946, bChange = 0.00137166, totNum = 4
ROUND = 3299, SUM = 16066946, bChange = 0.00137168, totNum = 4
ROUND = 3300, SUM = 16066946, bChange = 0.0013717, totNum = 4
ROUND = 3301, SUM = 16066946, bChange = 0.00137171, totNum = 4
ROUND = 3302, SUM = 16066946, bChange = 0.00137173, totNum = 4
ROUND = 3303, SUM = 16066946, bChange = 0.00137175, totNum = 4
ROUND = 3304, SUM = 16066946, bChange = 0.00137177, totNum = 4
ROUND = 3305, SUM = 16066946, bChange = 0.00137178, totNum = 4
ROUND = 3306, SUM = 16066946, bChange = 0.0013718, totNum = 4
ROUND = 3307, SUM = 16066946, bChange = 0.00137182, totNum = 4
ROUND = 3308, SUM = 16066946, bChange = 0.00137184, totNum = 4
ROUND = 3309, SUM = 16066946, bChange = 0.00137185, totNum = 4
ROUND = 3310, SUM = 16066946, bChange = 0.00137187, totNum = 4
ROUND = 3311, SUM = 16066946, bChange = 0.00137189, totNum = 4
ROUND = 3312, SUM = 16066946, bChange = 0.00137191, totNum = 4
ROUND = 3313, SUM = 16066946, bChange = 0.00137192, totNum = 4
ROUND = 3314, SUM = 16066946, bChange = 0.00137194, totNum = 4
ROUND = 3315, SUM = 16066946, bChange = 0.00137196, totNum = 4
ROUND = 3316, SUM = 16066946, bChange = 0.00137198, totNum = 4
ROUND = 3317, SUM = 16066946, bChange = 0.00137199, totNum = 4
ROUND = 3318, SUM = 16066946, bChange = 0.00137201, totNum = 4
ROUND = 3319, SUM = 16066946, bChange = 0.00137203, totNum = 4
ROUND = 3320, SUM = 16066946, bChange = 0.00137205, totNum = 4
ROUND = 3321, SUM = 16066946, bChange = 0.00137206, totNum = 4
ROUND = 3322, SUM = 16066946, bChange = 0.00137208, totNum = 4
ROUND = 3323, SUM = 16066946, bChange = 0.0013721, totNum = 4
ROUND = 3324, SUM = 16066946, bChange = 0.00137211, totNum = 4
ROUND = 3325, SUM = 16066946, bChange = 0.00137213, totNum = 4
ROUND = 3326, SUM = 16066946, bChange = 0.00137215, totNum = 4
ROUND = 3327, SUM = 16066946, bChange = 0.00137217, totNum = 4
ROUND = 3328, SUM = 16066946, bChange = 0.00137218, totNum = 4
ROUND = 3329, SUM = 16066946, bChange = 0.0013722, totNum = 4
ROUND = 3330, SUM = 16066946, bChange = 0.00137222, totNum = 4
ROUND = 3331, SUM = 16066946, bChange = 0.00137223, totNum = 4
ROUND = 3332, SUM = 16066946, bChange = 0.00137225, totNum = 4
ROUND = 3333, SUM = 16066946, bChange = 0.00137227, totNum = 4
ROUND = 3334, SUM = 16066946, bChange = 0.00137228, totNum = 4
ROUND = 3335, SUM = 16066946, bChange = 0.0013723, totNum = 4
ROUND = 3336, SUM = 16066946, bChange = 0.00137232, totNum = 4
ROUND = 3337, SUM = 16066946, bChange = 0.00137234, totNum = 4
ROUND = 3338, SUM = 16066946, bChange = 0.00137235, totNum = 4
ROUND = 3339, SUM = 16066946, bChange = 0.00137237, totNum = 4
ROUND = 3340, SUM = 16066946, bChange = 0.00137239, totNum = 4
ROUND = 3341, SUM = 16066946, bChange = 0.0013724, totNum = 4
ROUND = 3342, SUM = 16066946, bChange = 0.00137242, totNum = 4
ROUND = 3343, SUM = 16066946, bChange = 0.00137244, totNum = 4
ROUND = 3344, SUM = 16066946, bChange = 0.00137245, totNum = 4
ROUND = 3345, SUM = 16066946, bChange = 0.00137247, totNum = 4
ROUND = 3346, SUM = 16066946, bChange = 0.00137249, totNum = 4
ROUND = 3347, SUM = 16066946, bChange = 0.0013725, totNum = 4
ROUND = 3348, SUM = 16066946, bChange = 0.00137252, totNum = 4
ROUND = 3349, SUM = 16066946, bChange = 0.00137254, totNum = 4
ROUND = 3350, SUM = 16066946, bChange = 0.00137255, totNum = 4
ROUND = 3351, SUM = 16066946, bChange = 0.00137257, totNum = 4
ROUND = 3352, SUM = 16066946, bChange = 0.00137259, totNum = 4
ROUND = 3353, SUM = 16066946, bChange = 0.0013726, totNum = 4
ROUND = 3354, SUM = 16066946, bChange = 0.00137262, totNum = 4
ROUND = 3355, SUM = 16066946, bChange = 0.00137263, totNum = 4
ROUND = 3356, SUM = 16066946, bChange = 0.00137265, totNum = 4
ROUND = 3357, SUM = 16066946, bChange = 0.00137267, totNum = 4
ROUND = 3358, SUM = 16066946, bChange = 0.00137268, totNum = 4
ROUND = 3359, SUM = 16066946, bChange = 0.0013727, totNum = 4
ROUND = 3360, SUM = 16066946, bChange = 0.00137272, totNum = 4
ROUND = 3361, SUM = 16066946, bChange = 0.00137273, totNum = 4
ROUND = 3362, SUM = 16066946, bChange = 0.00137275, totNum = 4
ROUND = 3363, SUM = 16066946, bChange = 0.00137277, totNum = 4
ROUND = 3364, SUM = 16066946, bChange = 0.00137278, totNum = 4
ROUND = 3365, SUM = 16066946, bChange = 0.0013728, totNum = 4
ROUND = 3366, SUM = 16066946, bChange = 0.00137281, totNum = 4
ROUND = 3367, SUM = 16066946, bChange = 0.00137283, totNum = 4
ROUND = 3368, SUM = 16066946, bChange = 0.00137285, totNum = 4
ROUND = 3369, SUM = 16066946, bChange = 0.00137286, totNum = 4
ROUND = 3370, SUM = 16066946, bChange = 0.00137288, totNum = 4
ROUND = 3371, SUM = 16066946, bChange = 0.00137289, totNum = 4
ROUND = 3372, SUM = 16066946, bChange = 0.00137291, totNum = 4
ROUND = 3373, SUM = 16066945.9999999, bChange = 0.00137293, totNum = 4
ROUND = 3374, SUM = 16066946, bChange = 0.00137294, totNum = 4
ROUND = 3375, SUM = 16066946, bChange = 0.00137296, totNum = 4
ROUND = 3376, SUM = 16066946, bChange = 0.00137297, totNum = 4
ROUND = 3377, SUM = 16066946, bChange = 0.00137299, totNum = 4
ROUND = 3378, SUM = 16066946, bChange = 0.00137301, totNum = 4
ROUND = 3379, SUM = 16066946, bChange = 0.00137302, totNum = 4
ROUND = 3380, SUM = 16066946, bChange = 0.00137304, totNum = 4
ROUND = 3381, SUM = 16066946, bChange = 0.00137305, totNum = 4
ROUND = 3382, SUM = 16066946, bChange = 0.00137307, totNum = 4
ROUND = 3383, SUM = 16066946, bChange = 0.00137309, totNum = 4
ROUND = 3384, SUM = 16066946, bChange = 0.0013731, totNum = 4
ROUND = 3385, SUM = 16066946, bChange = 0.00137312, totNum = 4
ROUND = 3386, SUM = 16066946, bChange = 0.00137313, totNum = 4
ROUND = 3387, SUM = 16066946, bChange = 0.00137315, totNum = 4
ROUND = 3388, SUM = 16066946, bChange = 0.00137316, totNum = 4
ROUND = 3389, SUM = 16066946, bChange = 0.00137318, totNum = 4
ROUND = 3390, SUM = 16066946, bChange = 0.0013732, totNum = 4
ROUND = 3391, SUM = 16066946, bChange = 0.00137321, totNum = 4
ROUND = 3392, SUM = 16066946, bChange = 0.00137323, totNum = 4
ROUND = 3393, SUM = 16066946, bChange = 0.00137324, totNum = 4
ROUND = 3394, SUM = 16066946, bChange = 0.00137326, totNum = 4
ROUND = 3395, SUM = 16066946, bChange = 0.00137327, totNum = 4
ROUND = 3396, SUM = 16066946, bChange = 0.00137329, totNum = 4
ROUND = 3397, SUM = 16066946, bChange = 0.0013733, totNum = 4
ROUND = 3398, SUM = 16066946, bChange = 0.00137332, totNum = 4
ROUND = 3399, SUM = 16066946, bChange = 0.00137334, totNum = 4
ROUND = 3400, SUM = 16066946, bChange = 0.00137335, totNum = 4
ROUND = 3401, SUM = 16066946, bChange = 0.00137337, totNum = 4
ROUND = 3402, SUM = 16066946, bChange = 0.00137338, totNum = 4
ROUND = 3403, SUM = 16066946, bChange = 0.0013734, totNum = 4
ROUND = 3404, SUM = 16066946, bChange = 0.00137341, totNum = 4
ROUND = 3405, SUM = 16066946, bChange = 0.00137343, totNum = 4
ROUND = 3406, SUM = 16066946, bChange = 0.00137344, totNum = 4
ROUND = 3407, SUM = 16066946, bChange = 0.00137346, totNum = 4
ROUND = 3408, SUM = 16066946, bChange = 0.00137347, totNum = 4
ROUND = 3409, SUM = 16066946, bChange = 0.00137349, totNum = 4
ROUND = 3410, SUM = 16066946, bChange = 0.0013735, totNum = 4
ROUND = 3411, SUM = 16066946, bChange = 0.00137352, totNum = 4
ROUND = 3412, SUM = 16066946, bChange = 0.00137353, totNum = 4
ROUND = 3413, SUM = 16066946, bChange = 0.00137355, totNum = 4
ROUND = 3414, SUM = 16066946, bChange = 0.00137357, totNum = 4
ROUND = 3415, SUM = 16066946, bChange = 0.00137358, totNum = 4
ROUND = 3416, SUM = 16066946, bChange = 0.0013736, totNum = 4
ROUND = 3417, SUM = 16066946, bChange = 0.00137361, totNum = 4
ROUND = 3418, SUM = 16066945.9999999, bChange = 0.00137363, totNum = 4
ROUND = 3419, SUM = 16066946, bChange = 0.00137364, totNum = 4
ROUND = 3420, SUM = 16066946, bChange = 0.00137366, totNum = 4
ROUND = 3421, SUM = 16066946, bChange = 0.00137367, totNum = 4
ROUND = 3422, SUM = 16066946, bChange = 0.00137369, totNum = 4
ROUND = 3423, SUM = 16066946, bChange = 0.0013737, totNum = 4
ROUND = 3424, SUM = 16066946, bChange = 0.00137372, totNum = 4
ROUND = 3425, SUM = 16066946, bChange = 0.00137373, totNum = 4
ROUND = 3426, SUM = 16066946, bChange = 0.00137375, totNum = 4
ROUND = 3427, SUM = 16066946, bChange = 0.00137376, totNum = 4
ROUND = 3428, SUM = 16066946, bChange = 0.00137378, totNum = 4
ROUND = 3429, SUM = 16066946, bChange = 0.00137379, totNum = 4
ROUND = 3430, SUM = 16066946, bChange = 0.00137381, totNum = 4
ROUND = 3431, SUM = 16066946, bChange = 0.00137382, totNum = 4
ROUND = 3432, SUM = 16066946, bChange = 0.00137383, totNum = 4
ROUND = 3433, SUM = 16066946, bChange = 0.00137385, totNum = 4
ROUND = 3434, SUM = 16066946, bChange = 0.00137386, totNum = 4
ROUND = 3435, SUM = 16066946, bChange = 0.00137388, totNum = 4
ROUND = 3436, SUM = 16066946, bChange = 0.00137389, totNum = 4
ROUND = 3437, SUM = 16066946, bChange = 0.00137391, totNum = 4
ROUND = 3438, SUM = 16066946, bChange = 0.00137392, totNum = 4
ROUND = 3439, SUM = 16066946, bChange = 0.00137394, totNum = 4
ROUND = 3440, SUM = 16066946, bChange = 0.00137395, totNum = 4
ROUND = 3441, SUM = 16066946, bChange = 0.00137397, totNum = 4
ROUND = 3442, SUM = 16066946, bChange = 0.00137398, totNum = 4
ROUND = 3443, SUM = 16066946, bChange = 0.001374, totNum = 4
ROUND = 3444, SUM = 16066946, bChange = 0.00137401, totNum = 4
ROUND = 3445, SUM = 16066946, bChange = 0.00137403, totNum = 4
ROUND = 3446, SUM = 16066946, bChange = 0.00137404, totNum = 4
ROUND = 3447, SUM = 16066946, bChange = 0.00137405, totNum = 4
ROUND = 3448, SUM = 16066946, bChange = 0.00137407, totNum = 4
ROUND = 3449, SUM = 16066946, bChange = 0.00137408, totNum = 4
ROUND = 3450, SUM = 16066946, bChange = 0.0013741, totNum = 4
ROUND = 3451, SUM = 16066946, bChange = 0.00137411, totNum = 4
ROUND = 3452, SUM = 16066946, bChange = 0.00137413, totNum = 4
ROUND = 3453, SUM = 16066946, bChange = 0.00137414, totNum = 4
ROUND = 3454, SUM = 16066946, bChange = 0.00137416, totNum = 4
ROUND = 3455, SUM = 16066946, bChange = 0.00137417, totNum = 4
ROUND = 3456, SUM = 16066946, bChange = 0.00137418, totNum = 4
ROUND = 3457, SUM = 16066946, bChange = 0.0013742, totNum = 4
ROUND = 3458, SUM = 16066946, bChange = 0.00137421, totNum = 4
ROUND = 3459, SUM = 16066946, bChange = 0.00137423, totNum = 4
ROUND = 3460, SUM = 16066946, bChange = 0.00137424, totNum = 4
ROUND = 3461, SUM = 16066946, bChange = 0.00137425, totNum = 4
ROUND = 3462, SUM = 16066946, bChange = 0.00137427, totNum = 4
ROUND = 3463, SUM = 16066946, bChange = 0.00137428, totNum = 4
ROUND = 3464, SUM = 16066946, bChange = 0.0013743, totNum = 4
ROUND = 3465, SUM = 16066946, bChange = 0.00137431, totNum = 4
ROUND = 3466, SUM = 16066946, bChange = 0.00137433, totNum = 4
ROUND = 3467, SUM = 16066946, bChange = 0.00137434, totNum = 4
ROUND = 3468, SUM = 16066946, bChange = 0.00137435, totNum = 4
ROUND = 3469, SUM = 16066946, bChange = 0.00137437, totNum = 4
ROUND = 3470, SUM = 16066946, bChange = 0.00137438, totNum = 4
ROUND = 3471, SUM = 16066945.9999999, bChange = 0.0013744, totNum = 4
ROUND = 3472, SUM = 16066946, bChange = 0.00137441, totNum = 4
ROUND = 3473, SUM = 16066946, bChange = 0.00137442, totNum = 4
ROUND = 3474, SUM = 16066946, bChange = 0.00137444, totNum = 4
ROUND = 3475, SUM = 16066946, bChange = 0.00137445, totNum = 4
ROUND = 3476, SUM = 16066946, bChange = 0.00137447, totNum = 4
ROUND = 3477, SUM = 16066946, bChange = 0.00137448, totNum = 4
ROUND = 3478, SUM = 16066946, bChange = 0.00137449, totNum = 4
ROUND = 3479, SUM = 16066946, bChange = 0.00137451, totNum = 4
ROUND = 3480, SUM = 16066946, bChange = 0.00137452, totNum = 4
ROUND = 3481, SUM = 16066946, bChange = 0.00137454, totNum = 4
ROUND = 3482, SUM = 16066946, bChange = 0.00137455, totNum = 4
ROUND = 3483, SUM = 16066946, bChange = 0.00137456, totNum = 4
ROUND = 3484, SUM = 16066946, bChange = 0.00137458, totNum = 4
ROUND = 3485, SUM = 16066946, bChange = 0.00137459, totNum = 4
ROUND = 3486, SUM = 16066946, bChange = 0.0013746, totNum = 4
ROUND = 3487, SUM = 16066946, bChange = 0.00137462, totNum = 4
ROUND = 3488, SUM = 16066946, bChange = 0.00137463, totNum = 4
ROUND = 3489, SUM = 16066946, bChange = 0.00137465, totNum = 4
ROUND = 3490, SUM = 16066946, bChange = 0.00137466, totNum = 4
ROUND = 3491, SUM = 16066946, bChange = 0.00137467, totNum = 4
ROUND = 3492, SUM = 16066946, bChange = 0.00137469, totNum = 4
ROUND = 3493, SUM = 16066946, bChange = 0.0013747, totNum = 4
ROUND = 3494, SUM = 16066946, bChange = 0.00137471, totNum = 4
ROUND = 3495, SUM = 16066946, bChange = 0.00137473, totNum = 4
ROUND = 3496, SUM = 16066946, bChange = 0.00137474, totNum = 4
ROUND = 3497, SUM = 16066946, bChange = 0.00137475, totNum = 4
ROUND = 3498, SUM = 16066946, bChange = 0.00137477, totNum = 4
ROUND = 3499, SUM = 16066946, bChange = 0.00137478, totNum = 4
ROUND = 3500, SUM = 16066946, bChange = 0.00137479, totNum = 4
ROUND = 3501, SUM = 16066946, bChange = 0.00137481, totNum = 4
ROUND = 3502, SUM = 16066946, bChange = 0.00137482, totNum = 4
ROUND = 3503, SUM = 16066946, bChange = 0.00137483, totNum = 4
ROUND = 3504, SUM = 16066946, bChange = 0.00137485, totNum = 4
ROUND = 3505, SUM = 16066946, bChange = 0.00137486, totNum = 4
ROUND = 3506, SUM = 16066946, bChange = 0.00137488, totNum = 4
ROUND = 3507, SUM = 16066946, bChange = 0.00137489, totNum = 4
ROUND = 3508, SUM = 16066945.9999999, bChange = 0.0013749, totNum = 4
ROUND = 3509, SUM = 16066946, bChange = 0.00137492, totNum = 4
ROUND = 3510, SUM = 16066946, bChange = 0.00137493, totNum = 4
ROUND = 3511, SUM = 16066946, bChange = 0.00137494, totNum = 4
ROUND = 3512, SUM = 16066946, bChange = 0.00137495, totNum = 4
ROUND = 3513, SUM = 16066946, bChange = 0.00137497, totNum = 4
ROUND = 3514, SUM = 16066946, bChange = 0.00137498, totNum = 4
ROUND = 3515, SUM = 16066946, bChange = 0.00137499, totNum = 4
ROUND = 3516, SUM = 16066946, bChange = 0.00137501, totNum = 4
ROUND = 3517, SUM = 16066946, bChange = 0.00137502, totNum = 4
ROUND = 3518, SUM = 16066946, bChange = 0.00137503, totNum = 4
ROUND = 3519, SUM = 16066946, bChange = 0.00137505, totNum = 4
ROUND = 3520, SUM = 16066946, bChange = 0.00137506, totNum = 4
ROUND = 3521, SUM = 16066946, bChange = 0.00137507, totNum = 4
ROUND = 3522, SUM = 16066946, bChange = 0.00137509, totNum = 4
ROUND = 3523, SUM = 16066946, bChange = 0.0013751, totNum = 4
ROUND = 3524, SUM = 16066946, bChange = 0.00137511, totNum = 4
ROUND = 3525, SUM = 16066946, bChange = 0.00137513, totNum = 4
ROUND = 3526, SUM = 16066946, bChange = 0.00137514, totNum = 4
ROUND = 3527, SUM = 16066946, bChange = 0.00137515, totNum = 4
ROUND = 3528, SUM = 16066946, bChange = 0.00137516, totNum = 4
ROUND = 3529, SUM = 16066946, bChange = 0.00137518, totNum = 4
ROUND = 3530, SUM = 16066946, bChange = 0.00137519, totNum = 4
ROUND = 3531, SUM = 16066946, bChange = 0.0013752, totNum = 4
ROUND = 3532, SUM = 16066946, bChange = 0.00137522, totNum = 4
ROUND = 3533, SUM = 16066946, bChange = 0.00137523, totNum = 4
ROUND = 3534, SUM = 16066946, bChange = 0.00137524, totNum = 4
ROUND = 3535, SUM = 16066946, bChange = 0.00137525, totNum = 4
ROUND = 3536, SUM = 16066946, bChange = 0.00137527, totNum = 4
ROUND = 3537, SUM = 16066946, bChange = 0.00137528, totNum = 4
ROUND = 3538, SUM = 16066946, bChange = 0.00137529, totNum = 4
ROUND = 3539, SUM = 16066946, bChange = 0.00137531, totNum = 4
ROUND = 3540, SUM = 16066946, bChange = 0.00137532, totNum = 4
ROUND = 3541, SUM = 16066946, bChange = 0.00137533, totNum = 4
ROUND = 3542, SUM = 16066946, bChange = 0.00137534, totNum = 4
ROUND = 3543, SUM = 16066946, bChange = 0.00137536, totNum = 4
ROUND = 3544, SUM = 16066946, bChange = 0.00137537, totNum = 4
ROUND = 3545, SUM = 16066946, bChange = 0.00137538, totNum = 4
ROUND = 3546, SUM = 16066946, bChange = 0.0013754, totNum = 4
ROUND = 3547, SUM = 16066946, bChange = 0.00137541, totNum = 4
ROUND = 3548, SUM = 16066946, bChange = 0.00137542, totNum = 4
ROUND = 3549, SUM = 16066946, bChange = 0.00137543, totNum = 4
ROUND = 3550, SUM = 16066946, bChange = 0.00137545, totNum = 4
ROUND = 3551, SUM = 16066946, bChange = 0.00137546, totNum = 4
ROUND = 3552, SUM = 16066946, bChange = 0.00137547, totNum = 4
ROUND = 3553, SUM = 16066946, bChange = 0.00137548, totNum = 4
ROUND = 3554, SUM = 16066946, bChange = 0.0013755, totNum = 4
ROUND = 3555, SUM = 16066946, bChange = 0.00137551, totNum = 4
ROUND = 3556, SUM = 16066946, bChange = 0.00137552, totNum = 4
ROUND = 3557, SUM = 16066946, bChange = 0.00137553, totNum = 4
ROUND = 3558, SUM = 16066946, bChange = 0.00137555, totNum = 4
ROUND = 3559, SUM = 16066946, bChange = 0.00137556, totNum = 4
ROUND = 3560, SUM = 16066946, bChange = 0.00137557, totNum = 4
ROUND = 3561, SUM = 16066946, bChange = 0.00137558, totNum = 4
ROUND = 3562, SUM = 16066946, bChange = 0.0013756, totNum = 4
ROUND = 3563, SUM = 16066946, bChange = 0.00137561, totNum = 4
ROUND = 3564, SUM = 16066946, bChange = 0.00137562, totNum = 4
ROUND = 3565, SUM = 16066946, bChange = 0.00137563, totNum = 4
ROUND = 3566, SUM = 16066946, bChange = 0.00137564, totNum = 4
ROUND = 3567, SUM = 16066946, bChange = 0.00137566, totNum = 4
ROUND = 3568, SUM = 16066946, bChange = 0.00137567, totNum = 4
ROUND = 3569, SUM = 16066946, bChange = 0.00137568, totNum = 4
ROUND = 3570, SUM = 16066946, bChange = 0.00137569, totNum = 4
ROUND = 3571, SUM = 16066946, bChange = 0.00137571, totNum = 4
ROUND = 3572, SUM = 16066946, bChange = 0.00137572, totNum = 4
ROUND = 3573, SUM = 16066946, bChange = 0.00137573, totNum = 4
ROUND = 3574, SUM = 16066946, bChange = 0.00137574, totNum = 4
ROUND = 3575, SUM = 16066946, bChange = 0.00137575, totNum = 4
ROUND = 3576, SUM = 16066946, bChange = 0.00137577, totNum = 4
ROUND = 3577, SUM = 16066946, bChange = 0.00137578, totNum = 4
ROUND = 3578, SUM = 16066946, bChange = 0.00137579, totNum = 4
ROUND = 3579, SUM = 16066946, bChange = 0.0013758, totNum = 4
ROUND = 3580, SUM = 16066946, bChange = 0.00137582, totNum = 4
ROUND = 3581, SUM = 16066946, bChange = 0.00137583, totNum = 4
ROUND = 3582, SUM = 16066946, bChange = 0.00137584, totNum = 4
ROUND = 3583, SUM = 16066946, bChange = 0.00137585, totNum = 4
ROUND = 3584, SUM = 16066946, bChange = 0.00137586, totNum = 4
ROUND = 3585, SUM = 16066946, bChange = 0.00137588, totNum = 4
ROUND = 3586, SUM = 16066946, bChange = 0.00137589, totNum = 4
ROUND = 3587, SUM = 16066946, bChange = 0.0013759, totNum = 4
ROUND = 3588, SUM = 16066946, bChange = 0.00137591, totNum = 4
ROUND = 3589, SUM = 16066946, bChange = 0.00137592, totNum = 4
ROUND = 3590, SUM = 16066946, bChange = 0.00137594, totNum = 4
ROUND = 3591, SUM = 16066946, bChange = 0.00137595, totNum = 4
ROUND = 3592, SUM = 16066946, bChange = 0.00137596, totNum = 4
ROUND = 3593, SUM = 16066946, bChange = 0.00137597, totNum = 4
ROUND = 3594, SUM = 16066946, bChange = 0.00137598, totNum = 4
ROUND = 3595, SUM = 16066946, bChange = 0.00137599, totNum = 4
ROUND = 3596, SUM = 16066946, bChange = 0.00137601, totNum = 4
ROUND = 3597, SUM = 16066946, bChange = 0.00137602, totNum = 4
ROUND = 3598, SUM = 16066946, bChange = 0.00137603, totNum = 4
ROUND = 3599, SUM = 16066946, bChange = 0.00137604, totNum = 4
ROUND = 3600, SUM = 16066946, bChange = 0.00137605, totNum = 4
ROUND = 3601, SUM = 16066946, bChange = 0.00137607, totNum = 4
ROUND = 3602, SUM = 16066946, bChange = 0.00137608, totNum = 4
ROUND = 3603, SUM = 16066946, bChange = 0.00137609, totNum = 4
ROUND = 3604, SUM = 16066946, bChange = 0.0013761, totNum = 4
ROUND = 3605, SUM = 16066946, bChange = 0.00137611, totNum = 4
ROUND = 3606, SUM = 16066946, bChange = 0.00137612, totNum = 4
ROUND = 3607, SUM = 16066946, bChange = 0.00137614, totNum = 4
ROUND = 3608, SUM = 16066946, bChange = 0.00137615, totNum = 4
ROUND = 3609, SUM = 16066946, bChange = 0.00137616, totNum = 4
ROUND = 3610, SUM = 16066946, bChange = 0.00137617, totNum = 4
ROUND = 3611, SUM = 16066946, bChange = 0.00137618, totNum = 4
ROUND = 3612, SUM = 16066946, bChange = 0.00137619, totNum = 4
ROUND = 3613, SUM = 16066946, bChange = 0.0013762, totNum = 4
ROUND = 3614, SUM = 16066946, bChange = 0.00137622, totNum = 4
ROUND = 3615, SUM = 16066946, bChange = 0.00137623, totNum = 4
ROUND = 3616, SUM = 16066946, bChange = 0.00137624, totNum = 4
ROUND = 3617, SUM = 16066946, bChange = 0.00137625, totNum = 4
ROUND = 3618, SUM = 16066946, bChange = 0.00137626, totNum = 4
ROUND = 3619, SUM = 16066946, bChange = 0.00137627, totNum = 4
ROUND = 3620, SUM = 16066946, bChange = 0.00137629, totNum = 4
ROUND = 3621, SUM = 16066946, bChange = 0.0013763, totNum = 4
ROUND = 3622, SUM = 16066946, bChange = 0.00137631, totNum = 4
ROUND = 3623, SUM = 16066946, bChange = 0.00137632, totNum = 4
ROUND = 3624, SUM = 16066946, bChange = 0.00137633, totNum = 4
ROUND = 3625, SUM = 16066946, bChange = 0.00137634, totNum = 4
ROUND = 3626, SUM = 16066946, bChange = 0.00137635, totNum = 4
ROUND = 3627, SUM = 16066946, bChange = 0.00137636, totNum = 4
ROUND = 3628, SUM = 16066946, bChange = 0.00137638, totNum = 4
ROUND = 3629, SUM = 16066946, bChange = 0.00137639, totNum = 4
ROUND = 3630, SUM = 16066946, bChange = 0.0013764, totNum = 4
ROUND = 3631, SUM = 16066946, bChange = 0.00137641, totNum = 4
ROUND = 3632, SUM = 16066946, bChange = 0.00137642, totNum = 4
ROUND = 3633, SUM = 16066946, bChange = 0.00137643, totNum = 4
ROUND = 3634, SUM = 16066946, bChange = 0.00137644, totNum = 4
ROUND = 3635, SUM = 16066946, bChange = 0.00137646, totNum = 4
ROUND = 3636, SUM = 16066946, bChange = 0.00137647, totNum = 4
ROUND = 3637, SUM = 16066946, bChange = 0.00137648, totNum = 4
ROUND = 3638, SUM = 16066946, bChange = 0.00137649, totNum = 4
ROUND = 3639, SUM = 16066946, bChange = 0.0013765, totNum = 4
ROUND = 3640, SUM = 16066946, bChange = 0.00137651, totNum = 4
ROUND = 3641, SUM = 16066946, bChange = 0.00137652, totNum = 4
ROUND = 3642, SUM = 16066946, bChange = 0.00137653, totNum = 4
ROUND = 3643, SUM = 16066946, bChange = 0.00137654, totNum = 4
ROUND = 3644, SUM = 16066946, bChange = 0.00137656, totNum = 4
ROUND = 3645, SUM = 16066946, bChange = 0.00137657, totNum = 4
ROUND = 3646, SUM = 16066946, bChange = 0.00137658, totNum = 4
ROUND = 3647, SUM = 16066946, bChange = 0.00137659, totNum = 4
ROUND = 3648, SUM = 16066946, bChange = 0.0013766, totNum = 4
ROUND = 3649, SUM = 16066946, bChange = 0.00137661, totNum = 4
ROUND = 3650, SUM = 16066946, bChange = 0.00137662, totNum = 4
ROUND = 3651, SUM = 16066946, bChange = 0.00137663, totNum = 4
ROUND = 3652, SUM = 16066946, bChange = 0.00137664, totNum = 4
ROUND = 3653, SUM = 16066946, bChange = 0.00137665, totNum = 4
ROUND = 3654, SUM = 16066946, bChange = 0.00137667, totNum = 4
ROUND = 3655, SUM = 16066946, bChange = 0.00137668, totNum = 4
ROUND = 3656, SUM = 16066946, bChange = 0.00137669, totNum = 4
ROUND = 3657, SUM = 16066946, bChange = 0.0013767, totNum = 4
ROUND = 3658, SUM = 16066946, bChange = 0.00137671, totNum = 4
ROUND = 3659, SUM = 16066946, bChange = 0.00137672, totNum = 4
ROUND = 3660, SUM = 16066946, bChange = 0.00137673, totNum = 4
ROUND = 3661, SUM = 16066946, bChange = 0.00137674, totNum = 4
ROUND = 3662, SUM = 16066946, bChange = 0.00137675, totNum = 4
ROUND = 3663, SUM = 16066946, bChange = 0.00137676, totNum = 4
ROUND = 3664, SUM = 16066946, bChange = 0.00137677, totNum = 4
ROUND = 3665, SUM = 16066946, bChange = 0.00137678, totNum = 4
ROUND = 3666, SUM = 16066946, bChange = 0.00137679, totNum = 4
ROUND = 3667, SUM = 16066946, bChange = 0.00137681, totNum = 4
ROUND = 3668, SUM = 16066946, bChange = 0.00137682, totNum = 4
ROUND = 3669, SUM = 16066946, bChange = 0.00137683, totNum = 4
ROUND = 3670, SUM = 16066946, bChange = 0.00137684, totNum = 4
ROUND = 3671, SUM = 16066946, bChange = 0.00137685, totNum = 4
ROUND = 3672, SUM = 16066946, bChange = 0.00137686, totNum = 4
ROUND = 3673, SUM = 16066946, bChange = 0.00137687, totNum = 4
ROUND = 3674, SUM = 16066946, bChange = 0.00137688, totNum = 4
ROUND = 3675, SUM = 16066946, bChange = 0.00137689, totNum = 4
ROUND = 3676, SUM = 16066946, bChange = 0.0013769, totNum = 4
ROUND = 3677, SUM = 16066946, bChange = 0.00137691, totNum = 4
ROUND = 3678, SUM = 16066946, bChange = 0.00137692, totNum = 4
ROUND = 3679, SUM = 16066946, bChange = 0.00137693, totNum = 4
ROUND = 3680, SUM = 16066946, bChange = 0.00137694, totNum = 4
ROUND = 3681, SUM = 16066946, bChange = 0.00137695, totNum = 4
ROUND = 3682, SUM = 16066946, bChange = 0.00137696, totNum = 4
ROUND = 3683, SUM = 16066946, bChange = 0.00137698, totNum = 4
ROUND = 3684, SUM = 16066946, bChange = 0.00137699, totNum = 4
ROUND = 3685, SUM = 16066946, bChange = 0.001377, totNum = 4
ROUND = 3686, SUM = 16066946, bChange = 0.00137701, totNum = 4
ROUND = 3687, SUM = 16066946, bChange = 0.00137702, totNum = 4
ROUND = 3688, SUM = 16066946, bChange = 0.00137703, totNum = 4
ROUND = 3689, SUM = 16066946, bChange = 0.00137704, totNum = 4
ROUND = 3690, SUM = 16066946, bChange = 0.00137705, totNum = 4
ROUND = 3691, SUM = 16066946, bChange = 0.00137706, totNum = 4
ROUND = 3692, SUM = 16066946, bChange = 0.00137707, totNum = 4
ROUND = 3693, SUM = 16066946, bChange = 0.00137708, totNum = 4
ROUND = 3694, SUM = 16066946, bChange = 0.00137709, totNum = 4
ROUND = 3695, SUM = 16066946, bChange = 0.0013771, totNum = 4
ROUND = 3696, SUM = 16066946, bChange = 0.00137711, totNum = 4
ROUND = 3697, SUM = 16066946, bChange = 0.00137712, totNum = 4
ROUND = 3698, SUM = 16066946, bChange = 0.00137713, totNum = 4
ROUND = 3699, SUM = 16066946, bChange = 0.00137714, totNum = 4
ROUND = 3700, SUM = 16066946, bChange = 0.00137715, totNum = 4
ROUND = 3701, SUM = 16066946, bChange = 0.00137716, totNum = 4
ROUND = 3702, SUM = 16066946, bChange = 0.00137717, totNum = 4
ROUND = 3703, SUM = 16066946, bChange = 0.00137718, totNum = 4
ROUND = 3704, SUM = 16066946, bChange = 0.00137719, totNum = 4
ROUND = 3705, SUM = 16066946, bChange = 0.0013772, totNum = 4
ROUND = 3706, SUM = 16066946, bChange = 0.00137721, totNum = 4
ROUND = 3707, SUM = 16066946, bChange = 0.00137722, totNum = 4
ROUND = 3708, SUM = 16066946, bChange = 0.00137723, totNum = 4
ROUND = 3709, SUM = 16066946, bChange = 0.00137724, totNum = 4
ROUND = 3710, SUM = 16066946, bChange = 0.00137725, totNum = 4
ROUND = 3711, SUM = 16066946, bChange = 0.00137726, totNum = 4
ROUND = 3712, SUM = 16066946, bChange = 0.00137727, totNum = 4
ROUND = 3713, SUM = 16066946, bChange = 0.00137728, totNum = 4
ROUND = 3714, SUM = 16066946, bChange = 0.00137729, totNum = 4
ROUND = 3715, SUM = 16066946, bChange = 0.0013773, totNum = 4
ROUND = 3716, SUM = 16066946, bChange = 0.00137731, totNum = 4
ROUND = 3717, SUM = 16066946, bChange = 0.00137732, totNum = 4
ROUND = 3718, SUM = 16066946, bChange = 0.00137733, totNum = 4
ROUND = 3719, SUM = 16066946, bChange = 0.00137734, totNum = 4
ROUND = 3720, SUM = 16066946, bChange = 0.00137735, totNum = 4
ROUND = 3721, SUM = 16066946, bChange = 0.00137736, totNum = 4
ROUND = 3722, SUM = 16066946, bChange = 0.00137737, totNum = 4
ROUND = 3723, SUM = 16066946, bChange = 0.00137738, totNum = 4
ROUND = 3724, SUM = 16066946, bChange = 0.00137739, totNum = 4
ROUND = 3725, SUM = 16066946, bChange = 0.0013774, totNum = 4
ROUND = 3726, SUM = 16066946, bChange = 0.00137741, totNum = 4
ROUND = 3727, SUM = 16066946, bChange = 0.00137742, totNum = 4
ROUND = 3728, SUM = 16066946, bChange = 0.00137743, totNum = 4
ROUND = 3729, SUM = 16066946, bChange = 0.00137744, totNum = 4
ROUND = 3730, SUM = 16066946, bChange = 0.00137745, totNum = 4
ROUND = 3731, SUM = 16066946, bChange = 0.00137746, totNum = 4
ROUND = 3732, SUM = 16066946, bChange = 0.00137747, totNum = 4
ROUND = 3733, SUM = 16066946, bChange = 0.00137748, totNum = 4
ROUND = 3734, SUM = 16066946, bChange = 0.00137749, totNum = 4
ROUND = 3735, SUM = 16066946, bChange = 0.0013775, totNum = 4
ROUND = 3736, SUM = 16066946, bChange = 0.00137751, totNum = 4
ROUND = 3737, SUM = 16066946, bChange = 0.00137752, totNum = 4
ROUND = 3738, SUM = 16066946, bChange = 0.00137753, totNum = 4
ROUND = 3739, SUM = 16066946, bChange = 0.00137754, totNum = 4
ROUND = 3740, SUM = 16066946, bChange = 0.00137755, totNum = 4
ROUND = 3741, SUM = 16066946, bChange = 0.00137756, totNum = 4
ROUND = 3742, SUM = 16066946, bChange = 0.00137757, totNum = 4
ROUND = 3743, SUM = 16066946, bChange = 0.00137758, totNum = 4
ROUND = 3744, SUM = 16066946, bChange = 0.00137759, totNum = 4
ROUND = 3745, SUM = 16066946, bChange = 0.0013776, totNum = 4
ROUND = 3746, SUM = 16066946, bChange = 0.00137761, totNum = 4
ROUND = 3747, SUM = 16066946, bChange = 0.00137762, totNum = 4
ROUND = 3748, SUM = 16066946, bChange = 0.00137763, totNum = 4
ROUND = 3749, SUM = 16066946, bChange = 0.00137764, totNum = 4
ROUND = 3750, SUM = 16066946, bChange = 0.00137765, totNum = 4
ROUND = 3751, SUM = 16066946, bChange = 0.00137766, totNum = 4
ROUND = 3752, SUM = 16066946, bChange = 0.00137767, totNum = 4
ROUND = 3753, SUM = 16066946, bChange = 0.00137768, totNum = 4
ROUND = 3754, SUM = 16066946, bChange = 0.00137768, totNum = 4
ROUND = 3755, SUM = 16066946, bChange = 0.00137769, totNum = 4
ROUND = 3756, SUM = 16066946, bChange = 0.0013777, totNum = 4
ROUND = 3757, SUM = 16066946, bChange = 0.00137771, totNum = 4
ROUND = 3758, SUM = 16066946, bChange = 0.00137772, totNum = 4
ROUND = 3759, SUM = 16066946, bChange = 0.00137773, totNum = 4
ROUND = 3760, SUM = 16066946, bChange = 0.00137774, totNum = 4
ROUND = 3761, SUM = 16066946, bChange = 0.00137775, totNum = 4
ROUND = 3762, SUM = 16066946, bChange = 0.00137776, totNum = 4
ROUND = 3763, SUM = 16066946, bChange = 0.00137777, totNum = 4
ROUND = 3764, SUM = 16066946, bChange = 0.00137778, totNum = 4
ROUND = 3765, SUM = 16066946, bChange = 0.00137779, totNum = 4
ROUND = 3766, SUM = 16066946, bChange = 0.0013778, totNum = 4
ROUND = 3767, SUM = 16066946, bChange = 0.00137781, totNum = 4
ROUND = 3768, SUM = 16066946, bChange = 0.00137782, totNum = 4
ROUND = 3769, SUM = 16066946, bChange = 0.00137783, totNum = 4
ROUND = 3770, SUM = 16066946, bChange = 0.00137784, totNum = 4
ROUND = 3771, SUM = 16066946, bChange = 0.00137784, totNum = 4
ROUND = 3772, SUM = 16066946, bChange = 0.00137785, totNum = 4
ROUND = 3773, SUM = 16066946, bChange = 0.00137786, totNum = 4
ROUND = 3774, SUM = 16066946, bChange = 0.00137787, totNum = 4
ROUND = 3775, SUM = 16066946, bChange = 0.00137788, totNum = 4
ROUND = 3776, SUM = 16066946, bChange = 0.00137789, totNum = 4
ROUND = 3777, SUM = 16066946, bChange = 0.0013779, totNum = 4
ROUND = 3778, SUM = 16066946, bChange = 0.00137791, totNum = 4
ROUND = 3779, SUM = 16066946, bChange = 0.00137792, totNum = 4
ROUND = 3780, SUM = 16066946, bChange = 0.00137793, totNum = 4
ROUND = 3781, SUM = 16066946, bChange = 0.00137794, totNum = 4
ROUND = 3782, SUM = 16066946, bChange = 0.00137795, totNum = 4
ROUND = 3783, SUM = 16066946, bChange = 0.00137795, totNum = 4
ROUND = 3784, SUM = 16066946, bChange = 0.00137796, totNum = 4
ROUND = 3785, SUM = 16066946, bChange = 0.00137797, totNum = 4
ROUND = 3786, SUM = 16066946, bChange = 0.00137798, totNum = 4
ROUND = 3787, SUM = 16066946, bChange = 0.00137799, totNum = 4
ROUND = 3788, SUM = 16066946, bChange = 0.001378, totNum = 4
ROUND = 3789, SUM = 16066946, bChange = 0.00137801, totNum = 4
ROUND = 3790, SUM = 16066946, bChange = 0.00137802, totNum = 4
ROUND = 3791, SUM = 16066946, bChange = 0.00137803, totNum = 4
ROUND = 3792, SUM = 16066946, bChange = 0.00137804, totNum = 4
ROUND = 3793, SUM = 16066946, bChange = 0.00137805, totNum = 4
ROUND = 3794, SUM = 16066946, bChange = 0.00137805, totNum = 4
ROUND = 3795, SUM = 16066946, bChange = 0.00137806, totNum = 4
ROUND = 3796, SUM = 16066946, bChange = 0.00137807, totNum = 4
ROUND = 3797, SUM = 16066946, bChange = 0.00137808, totNum = 4
ROUND = 3798, SUM = 16066946, bChange = 0.00137809, totNum = 4
ROUND = 3799, SUM = 16066946, bChange = 0.0013781, totNum = 4
ROUND = 3800, SUM = 16066946, bChange = 0.00137811, totNum = 4
ROUND = 3801, SUM = 16066946, bChange = 0.00137812, totNum = 4
ROUND = 3802, SUM = 16066946, bChange = 0.00137813, totNum = 4
ROUND = 3803, SUM = 16066946, bChange = 0.00137814, totNum = 4
ROUND = 3804, SUM = 16066946, bChange = 0.00137814, totNum = 4
ROUND = 3805, SUM = 16066946, bChange = 0.00137815, totNum = 4
ROUND = 3806, SUM = 16066946, bChange = 0.00137816, totNum = 4
ROUND = 3807, SUM = 16066946, bChange = 0.00137817, totNum = 4
ROUND = 3808, SUM = 16066946, bChange = 0.00137818, totNum = 4
ROUND = 3809, SUM = 16066946, bChange = 0.00137819, totNum = 4
ROUND = 3810, SUM = 16066946, bChange = 0.0013782, totNum = 4
ROUND = 3811, SUM = 16066946, bChange = 0.00131735, totNum = 3
ROUND = 3812, SUM = 16066946, bChange = 0.00131735, totNum = 3
ROUND = 3813, SUM = 16066946, bChange = 0.00131735, totNum = 3
ROUND = 3814, SUM = 16066946, bChange = 0.00131735, totNum = 3
ROUND = 3815, SUM = 16066946, bChange = 0.00131735, totNum = 3
ROUND = 3816, SUM = 16066946, bChange = 0.00131735, totNum = 3
ROUND = 3817, SUM = 16066946, bChange = 0.00131734, totNum = 3
ROUND = 3818, SUM = 16066946, bChange = 0.00131734, totNum = 3
ROUND = 3819, SUM = 16066946, bChange = 0.00131734, totNum = 3
ROUND = 3820, SUM = 16066946, bChange = 0.00131734, totNum = 3
ROUND = 3821, SUM = 16066946, bChange = 0.00131734, totNum = 3
ROUND = 3822, SUM = 16066946, bChange = 0.00131734, totNum = 3
ROUND = 3823, SUM = 16066946, bChange = 0.00131734, totNum = 3
ROUND = 3824, SUM = 16066946, bChange = 0.00131734, totNum = 3
ROUND = 3825, SUM = 16066946, bChange = 0.00131734, totNum = 3
ROUND = 3826, SUM = 16066946, bChange = 0.00131734, totNum = 3
ROUND = 3827, SUM = 16066946, bChange = 0.00131734, totNum = 3
ROUND = 3828, SUM = 16066946, bChange = 0.00131734, totNum = 3
ROUND = 3829, SUM = 16066946, bChange = 0.00131734, totNum = 3
ROUND = 3830, SUM = 16066946, bChange = 0.00131734, totNum = 3
ROUND = 3831, SUM = 16066946, bChange = 0.00131733, totNum = 3
ROUND = 3832, SUM = 16066946, bChange = 0.00131733, totNum = 3
ROUND = 3833, SUM = 16066945.9999999, bChange = 0.00131733, totNum = 3
ROUND = 3834, SUM = 16066946, bChange = 0.00131733, totNum = 3
ROUND = 3835, SUM = 16066946, bChange = 0.00131733, totNum = 3
ROUND = 3836, SUM = 16066946, bChange = 0.00131733, totNum = 3
ROUND = 3837, SUM = 16066946, bChange = 0.00131733, totNum = 3
ROUND = 3838, SUM = 16066946, bChange = 0.00131733, totNum = 3
ROUND = 3839, SUM = 16066946, bChange = 0.00131733, totNum = 3
ROUND = 3840, SUM = 16066946, bChange = 0.00131733, totNum = 3
ROUND = 3841, SUM = 16066946, bChange = 0.00131733, totNum = 3
ROUND = 3842, SUM = 16066946, bChange = 0.00131733, totNum = 3
ROUND = 3843, SUM = 16066946, bChange = 0.00131733, totNum = 3
ROUND = 3844, SUM = 16066946, bChange = 0.00131732, totNum = 3
ROUND = 3845, SUM = 16066946, bChange = 0.00131732, totNum = 3
ROUND = 3846, SUM = 16066946, bChange = 0.00131732, totNum = 3
ROUND = 3847, SUM = 16066946, bChange = 0.00131732, totNum = 3
ROUND = 3848, SUM = 16066946, bChange = 0.00131732, totNum = 3
ROUND = 3849, SUM = 16066946, bChange = 0.00131732, totNum = 3
ROUND = 3850, SUM = 16066946, bChange = 0.00131732, totNum = 3
ROUND = 3851, SUM = 16066946, bChange = 0.00131732, totNum = 3
ROUND = 3852, SUM = 16066946, bChange = 0.00131732, totNum = 3
ROUND = 3853, SUM = 16066946, bChange = 0.00131732, totNum = 3
ROUND = 3854, SUM = 16066946, bChange = 0.00131732, totNum = 3
ROUND = 3855, SUM = 16066946, bChange = 0.00131732, totNum = 3
ROUND = 3856, SUM = 16066946, bChange = 0.00131732, totNum = 3
ROUND = 3857, SUM = 16066946, bChange = 0.00131732, totNum = 3
ROUND = 3858, SUM = 16066946, bChange = 0.00131731, totNum = 3
ROUND = 3859, SUM = 16066946, bChange = 0.00131731, totNum = 3
ROUND = 3860, SUM = 16066946, bChange = 0.00131731, totNum = 3
ROUND = 3861, SUM = 16066946, bChange = 0.00131731, totNum = 3
ROUND = 3862, SUM = 16066946, bChange = 0.00131731, totNum = 3
ROUND = 3863, SUM = 16066946, bChange = 0.00131731, totNum = 3
ROUND = 3864, SUM = 16066946, bChange = 0.00131731, totNum = 3
ROUND = 3865, SUM = 16066946, bChange = 0.00131731, totNum = 3
ROUND = 3866, SUM = 16066946, bChange = 0.00131731, totNum = 3
ROUND = 3867, SUM = 16066946, bChange = 0.00131731, totNum = 3
ROUND = 3868, SUM = 16066946, bChange = 0.00131731, totNum = 3
ROUND = 3869, SUM = 16066946, bChange = 0.00131731, totNum = 3
ROUND = 3870, SUM = 16066946, bChange = 0.00131731, totNum = 3
ROUND = 3871, SUM = 16066946, bChange = 0.0013173, totNum = 3
ROUND = 3872, SUM = 16066946, bChange = 0.0013173, totNum = 3
ROUND = 3873, SUM = 16066946, bChange = 0.0013173, totNum = 3
ROUND = 3874, SUM = 16066946, bChange = 0.0013173, totNum = 3
ROUND = 3875, SUM = 16066946, bChange = 0.0013173, totNum = 3
ROUND = 3876, SUM = 16066946, bChange = 0.0013173, totNum = 3
ROUND = 3877, SUM = 16066946, bChange = 0.0013173, totNum = 3
ROUND = 3878, SUM = 16066946, bChange = 0.0013173, totNum = 3
ROUND = 3879, SUM = 16066946, bChange = 0.0013173, totNum = 3
ROUND = 3880, SUM = 16066946, bChange = 0.0013173, totNum = 3
ROUND = 3881, SUM = 16066946, bChange = 0.0013173, totNum = 3
ROUND = 3882, SUM = 16066946, bChange = 0.0013173, totNum = 3
ROUND = 3883, SUM = 16066946, bChange = 0.0013173, totNum = 3
ROUND = 3884, SUM = 16066946, bChange = 0.0013173, totNum = 3
ROUND = 3885, SUM = 16066946, bChange = 0.00131729, totNum = 3
ROUND = 3886, SUM = 16066946, bChange = 0.00131729, totNum = 3
ROUND = 3887, SUM = 16066946, bChange = 0.00131729, totNum = 3
ROUND = 3888, SUM = 16066946, bChange = 0.00131729, totNum = 3
ROUND = 3889, SUM = 16066946, bChange = 0.00131729, totNum = 3
ROUND = 3890, SUM = 16066946, bChange = 0.00131729, totNum = 3
ROUND = 3891, SUM = 16066946, bChange = 0.00131729, totNum = 3
ROUND = 3892, SUM = 16066946, bChange = 0.00131729, totNum = 3
ROUND = 3893, SUM = 16066946, bChange = 0.00131729, totNum = 3
ROUND = 3894, SUM = 16066946, bChange = 0.00131729, totNum = 3
ROUND = 3895, SUM = 16066946, bChange = 0.00131729, totNum = 2
ROUND = 3896, SUM = 16066946, bChange = 0.00131729, totNum = 2
ROUND = 3897, SUM = 16066946, bChange = 0.00131729, totNum = 2
ROUND = 3898, SUM = 16066946, bChange = 0.00131729, totNum = 2
ROUND = 3899, SUM = 16066946, bChange = 0.00131729, totNum = 2
ROUND = 3900, SUM = 16066946, bChange = 0.00131728, totNum = 2
ROUND = 3901, SUM = 16066946, bChange = 0.00131728, totNum = 2
ROUND = 3902, SUM = 16066946, bChange = 0.00131728, totNum = 2
ROUND = 3903, SUM = 16066946, bChange = 0.00131728, totNum = 2
ROUND = 3904, SUM = 16066946, bChange = 0.00131728, totNum = 2
ROUND = 3905, SUM = 16066946, bChange = 0.00131728, totNum = 2
ROUND = 3906, SUM = 16066946, bChange = 0.00131728, totNum = 2
ROUND = 3907, SUM = 16066946, bChange = 0.00131728, totNum = 2
ROUND = 3908, SUM = 16066946, bChange = 0.00131728, totNum = 2
ROUND = 3909, SUM = 16066946, bChange = 0.00131728, totNum = 2
ROUND = 3910, SUM = 16066946, bChange = 0.00131728, totNum = 2
ROUND = 3911, SUM = 16066946, bChange = 0.00131728, totNum = 2
ROUND = 3912, SUM = 16066946, bChange = 0.00131728, totNum = 2
ROUND = 3913, SUM = 16066946, bChange = 0.00131728, totNum = 2
ROUND = 3914, SUM = 16066946, bChange = 0.00131727, totNum = 2
ROUND = 3915, SUM = 16066946, bChange = 0.00131727, totNum = 2
ROUND = 3916, SUM = 16066946, bChange = 0.00131727, totNum = 2
ROUND = 3917, SUM = 16066946, bChange = 0.00131727, totNum = 2
ROUND = 3918, SUM = 16066946, bChange = 0.00131727, totNum = 2
ROUND = 3919, SUM = 16066946, bChange = 0.00131727, totNum = 2
ROUND = 3920, SUM = 16066946, bChange = 0.00131727, totNum = 2
ROUND = 3921, SUM = 16066946, bChange = 0.00131727, totNum = 2
ROUND = 3922, SUM = 16066946, bChange = 0.00131727, totNum = 2
ROUND = 3923, SUM = 16066946, bChange = 0.00131727, totNum = 2
ROUND = 3924, SUM = 16066946, bChange = 0.00131727, totNum = 2
ROUND = 3925, SUM = 16066946, bChange = 0.00131727, totNum = 2
ROUND = 3926, SUM = 16066946, bChange = 0.00131727, totNum = 2
ROUND = 3927, SUM = 16066946, bChange = 0.00131727, totNum = 2
ROUND = 3928, SUM = 16066946, bChange = 0.00131727, totNum = 2
ROUND = 3929, SUM = 16066946, bChange = 0.00131726, totNum = 2
ROUND = 3930, SUM = 16066946, bChange = 0.00131726, totNum = 2
ROUND = 3931, SUM = 16066946, bChange = 0.00131726, totNum = 2
ROUND = 3932, SUM = 16066946, bChange = 0.00131726, totNum = 2
ROUND = 3933, SUM = 16066946, bChange = 0.00131726, totNum = 2
ROUND = 3934, SUM = 16066946, bChange = 0.00131726, totNum = 2
ROUND = 3935, SUM = 16066946, bChange = 0.00131726, totNum = 2
ROUND = 3936, SUM = 16066946, bChange = 0.00131726, totNum = 2
ROUND = 3937, SUM = 16066946, bChange = 0.00131726, totNum = 2
ROUND = 3938, SUM = 16066946, bChange = 0.00131726, totNum = 2
ROUND = 3939, SUM = 16066946, bChange = 0.00131726, totNum = 2
ROUND = 3940, SUM = 16066946, bChange = 0.00131726, totNum = 2
ROUND = 3941, SUM = 16066946, bChange = 0.00131726, totNum = 2
ROUND = 3942, SUM = 16066946, bChange = 0.00131726, totNum = 2
ROUND = 3943, SUM = 16066946, bChange = 0.00131726, totNum = 2
ROUND = 3944, SUM = 16066946, bChange = 0.00131726, totNum = 2
ROUND = 3945, SUM = 16066946, bChange = 0.00131725, totNum = 2
ROUND = 3946, SUM = 16066946, bChange = 0.00131725, totNum = 2
ROUND = 3947, SUM = 16066946, bChange = 0.00131725, totNum = 2
ROUND = 3948, SUM = 16066946, bChange = 0.00131725, totNum = 2
ROUND = 3949, SUM = 16066946, bChange = 0.00131725, totNum = 2
ROUND = 3950, SUM = 16066946, bChange = 0.00131725, totNum = 2
ROUND = 3951, SUM = 16066946, bChange = 0.00131725, totNum = 2
ROUND = 3952, SUM = 16066946, bChange = 0.00131725, totNum = 2
ROUND = 3953, SUM = 16066946, bChange = 0.00131725, totNum = 2
ROUND = 3954, SUM = 16066946, bChange = 0.00131725, totNum = 2
ROUND = 3955, SUM = 16066946, bChange = 0.00131725, totNum = 2
ROUND = 3956, SUM = 16066946, bChange = 0.00131725, totNum = 2
ROUND = 3957, SUM = 16066946, bChange = 0.00131725, totNum = 2
ROUND = 3958, SUM = 16066946, bChange = 0.00131725, totNum = 2
ROUND = 3959, SUM = 16066946, bChange = 0.00131725, totNum = 2
ROUND = 3960, SUM = 16066946, bChange = 0.00131724, totNum = 2
ROUND = 3961, SUM = 16066946, bChange = 0.00131724, totNum = 2
ROUND = 3962, SUM = 16066946, bChange = 0.00131724, totNum = 2
ROUND = 3963, SUM = 16066946, bChange = 0.00131724, totNum = 2
ROUND = 3964, SUM = 16066946, bChange = 0.00131724, totNum = 2
ROUND = 3965, SUM = 16066946, bChange = 0.00131724, totNum = 2
ROUND = 3966, SUM = 16066946, bChange = 0.00131724, totNum = 2
ROUND = 3967, SUM = 16066946, bChange = 0.00131724, totNum = 2
ROUND = 3968, SUM = 16066946, bChange = 0.00131724, totNum = 2
ROUND = 3969, SUM = 16066946, bChange = 0.00131724, totNum = 2
ROUND = 3970, SUM = 16066946, bChange = 0.00131724, totNum = 2
ROUND = 3971, SUM = 16066946, bChange = 0.00131724, totNum = 2
ROUND = 3972, SUM = 16066946, bChange = 0.00131724, totNum = 2
ROUND = 3973, SUM = 16066946, bChange = 0.00131724, totNum = 2
ROUND = 3974, SUM = 16066946, bChange = 0.00131724, totNum = 2
ROUND = 3975, SUM = 16066946, bChange = 0.00131724, totNum = 2
ROUND = 3976, SUM = 16066946, bChange = 0.00131723, totNum = 2
ROUND = 3977, SUM = 16066946, bChange = 0.00131723, totNum = 2
ROUND = 3978, SUM = 16066946, bChange = 0.00131723, totNum = 2
ROUND = 3979, SUM = 16066946, bChange = 0.00131723, totNum = 2
ROUND = 3980, SUM = 16066946, bChange = 0.00131723, totNum = 2
ROUND = 3981, SUM = 16066946, bChange = 0.00131723, totNum = 2
ROUND = 3982, SUM = 16066946, bChange = 0.00131723, totNum = 2
ROUND = 3983, SUM = 16066946, bChange = 0.00131723, totNum = 2
ROUND = 3984, SUM = 16066946, bChange = 0.00131723, totNum = 2
ROUND = 3985, SUM = 16066946, bChange = 0.00131723, totNum = 2
ROUND = 3986, SUM = 16066946, bChange = 0.00131723, totNum = 2
ROUND = 3987, SUM = 16066946, bChange = 0.00131723, totNum = 2
ROUND = 3988, SUM = 16066946, bChange = 0.00131723, totNum = 2
ROUND = 3989, SUM = 16066946, bChange = 0.00131723, totNum = 2
ROUND = 3990, SUM = 16066946, bChange = 0.00131723, totNum = 2
ROUND = 3991, SUM = 16066946, bChange = 0.00131723, totNum = 2
ROUND = 3992, SUM = 16066946, bChange = 0.00131722, totNum = 2
ROUND = 3993, SUM = 16066946, bChange = 0.00131722, totNum = 2
ROUND = 3994, SUM = 16066946, bChange = 0.00131722, totNum = 2
ROUND = 3995, SUM = 16066946, bChange = 0.00131722, totNum = 2
ROUND = 3996, SUM = 16066946, bChange = 0.00131722, totNum = 2
ROUND = 3997, SUM = 16066946, bChange = 0.00131722, totNum = 2
ROUND = 3998, SUM = 16066946, bChange = 0.00131722, totNum = 2
ROUND = 3999, SUM = 16066946, bChange = 0.00131722, totNum = 2
ROUND = 4000, SUM = 16066946, bChange = 0.00131722, totNum = 2
ROUND = 4001, SUM = 16066946, bChange = 0.00131722, totNum = 2
ROUND = 4002, SUM = 16066946, bChange = 0.00131722, totNum = 2
ROUND = 4003, SUM = 16066946, bChange = 0.00131722, totNum = 2
ROUND = 4004, SUM = 16066946, bChange = 0.00131722, totNum = 2
ROUND = 4005, SUM = 16066946, bChange = 0.00131722, totNum = 2
ROUND = 4006, SUM = 16066946, bChange = 0.00131722, totNum = 2
ROUND = 4007, SUM = 16066946, bChange = 0.00131722, totNum = 2
ROUND = 4008, SUM = 16066946, bChange = 0.00131722, totNum = 2
ROUND = 4009, SUM = 16066946, bChange = 0.00131721, totNum = 2
ROUND = 4010, SUM = 16066946, bChange = 0.00131721, totNum = 2
ROUND = 4011, SUM = 16066946, bChange = 0.00131721, totNum = 2
ROUND = 4012, SUM = 16066946, bChange = 0.00131721, totNum = 2
ROUND = 4013, SUM = 16066946, bChange = 0.00131721, totNum = 2
ROUND = 4014, SUM = 16066946, bChange = 0.00131721, totNum = 2
ROUND = 4015, SUM = 16066946, bChange = 0.00131721, totNum = 2
ROUND = 4016, SUM = 16066946, bChange = 0.00131721, totNum = 2
ROUND = 4017, SUM = 16066946, bChange = 0.00131721, totNum = 2
ROUND = 4018, SUM = 16066946, bChange = 0.00131721, totNum = 2
ROUND = 4019, SUM = 16066946, bChange = 0.00131721, totNum = 2
ROUND = 4020, SUM = 16066946, bChange = 0.00131721, totNum = 2
ROUND = 4021, SUM = 16066946, bChange = 0.00131721, totNum = 2
ROUND = 4022, SUM = 16066946, bChange = 0.00131721, totNum = 2
ROUND = 4023, SUM = 16066946, bChange = 0.00131721, totNum = 2
ROUND = 4024, SUM = 16066946, bChange = 0.00131721, totNum = 2
ROUND = 4025, SUM = 16066946, bChange = 0.00131721, totNum = 2
ROUND = 4026, SUM = 16066946, bChange = 0.0013172, totNum = 2
ROUND = 4027, SUM = 16066946, bChange = 0.0013172, totNum = 2
ROUND = 4028, SUM = 16066946, bChange = 0.0013172, totNum = 2
ROUND = 4029, SUM = 16066946, bChange = 0.0013172, totNum = 2
ROUND = 4030, SUM = 16066946, bChange = 0.0013172, totNum = 2
ROUND = 4031, SUM = 16066946, bChange = 0.0013172, totNum = 2
ROUND = 4032, SUM = 16066946, bChange = 0.0013172, totNum = 2
ROUND = 4033, SUM = 16066946, bChange = 0.0013172, totNum = 2
ROUND = 4034, SUM = 16066946, bChange = 0.0013172, totNum = 2
ROUND = 4035, SUM = 16066946, bChange = 0.0013172, totNum = 2
ROUND = 4036, SUM = 16066946, bChange = 0.0013172, totNum = 2
ROUND = 4037, SUM = 16066946, bChange = 0.0013172, totNum = 2
ROUND = 4038, SUM = 16066946, bChange = 0.0013172, totNum = 2
ROUND = 4039, SUM = 16066946, bChange = 0.0013172, totNum = 2
ROUND = 4040, SUM = 16066946, bChange = 0.0013172, totNum = 2
ROUND = 4041, SUM = 16066946, bChange = 0.0013172, totNum = 2
ROUND = 4042, SUM = 16066946, bChange = 0.0013172, totNum = 2
ROUND = 4043, SUM = 16066946, bChange = 0.00131719, totNum = 2
ROUND = 4044, SUM = 16066946, bChange = 0.00131719, totNum = 2
ROUND = 4045, SUM = 16066946, bChange = 0.00131719, totNum = 2
ROUND = 4046, SUM = 16066946, bChange = 0.00131719, totNum = 2
ROUND = 4047, SUM = 16066946, bChange = 0.00131719, totNum = 2
ROUND = 4048, SUM = 16066946, bChange = 0.00131719, totNum = 2
ROUND = 4049, SUM = 16066946, bChange = 0.00131719, totNum = 2
ROUND = 4050, SUM = 16066946, bChange = 0.00131719, totNum = 2
ROUND = 4051, SUM = 16066946, bChange = 0.00131719, totNum = 2
ROUND = 4052, SUM = 16066946, bChange = 0.00131719, totNum = 2
ROUND = 4053, SUM = 16066946, bChange = 0.00131719, totNum = 2
ROUND = 4054, SUM = 16066946, bChange = 0.00131719, totNum = 2
ROUND = 4055, SUM = 16066946, bChange = 0.00131719, totNum = 2
ROUND = 4056, SUM = 16066946, bChange = 0.00131719, totNum = 2
ROUND = 4057, SUM = 16066946, bChange = 0.00131719, totNum = 2
ROUND = 4058, SUM = 16066946, bChange = 0.00131719, totNum = 2
ROUND = 4059, SUM = 16066946, bChange = 0.00131719, totNum = 2
ROUND = 4060, SUM = 16066946, bChange = 0.00131718, totNum = 2
ROUND = 4061, SUM = 16066946, bChange = 0.00131718, totNum = 2
ROUND = 4062, SUM = 16066946, bChange = 0.00131718, totNum = 2
ROUND = 4063, SUM = 16066946, bChange = 0.00131718, totNum = 2
ROUND = 4064, SUM = 16066946, bChange = 0.00131718, totNum = 2
ROUND = 4065, SUM = 16066946, bChange = 0.00131718, totNum = 2
ROUND = 4066, SUM = 16066946, bChange = 0.00131718, totNum = 2
ROUND = 4067, SUM = 16066946, bChange = 0.00131718, totNum = 2
ROUND = 4068, SUM = 16066946, bChange = 0.00131718, totNum = 2
ROUND = 4069, SUM = 16066946, bChange = 0.00131718, totNum = 2
ROUND = 4070, SUM = 16066946, bChange = 0.00131718, totNum = 2
ROUND = 4071, SUM = 16066946, bChange = 0.00131718, totNum = 2
ROUND = 4072, SUM = 16066946, bChange = 0.00131718, totNum = 2
ROUND = 4073, SUM = 16066946, bChange = 0.00131718, totNum = 2
ROUND = 4074, SUM = 16066946, bChange = 0.00131718, totNum = 2
ROUND = 4075, SUM = 16066946, bChange = 0.00131718, totNum = 2
ROUND = 4076, SUM = 16066946, bChange = 0.00131718, totNum = 2
ROUND = 4077, SUM = 16066946, bChange = 0.00131718, totNum = 2
ROUND = 4078, SUM = 16066946, bChange = 0.00131718, totNum = 2
ROUND = 4079, SUM = 16066946, bChange = 0.00131717, totNum = 2
ROUND = 4080, SUM = 16066946, bChange = 0.00131717, totNum = 2
ROUND = 4081, SUM = 16066946, bChange = 0.00131717, totNum = 2
ROUND = 4082, SUM = 16066946, bChange = 0.00131717, totNum = 2
ROUND = 4083, SUM = 16066946, bChange = 0.00131717, totNum = 2
ROUND = 4084, SUM = 16066946, bChange = 0.00131717, totNum = 2
ROUND = 4085, SUM = 16066946, bChange = 0.00131717, totNum = 2
ROUND = 4086, SUM = 16066946, bChange = 0.00131717, totNum = 2
ROUND = 4087, SUM = 16066946, bChange = 0.00131717, totNum = 2
ROUND = 4088, SUM = 16066946, bChange = 0.00131717, totNum = 2
ROUND = 4089, SUM = 16066946, bChange = 0.00131717, totNum = 2
ROUND = 4090, SUM = 16066946, bChange = 0.00131717, totNum = 2
ROUND = 4091, SUM = 16066946, bChange = 0.00131717, totNum = 2
ROUND = 4092, SUM = 16066946, bChange = 0.00131717, totNum = 2
ROUND = 4093, SUM = 16066946, bChange = 0.00131717, totNum = 2
ROUND = 4094, SUM = 16066946, bChange = 0.00131717, totNum = 2
ROUND = 4095, SUM = 16066946, bChange = 0.00131717, totNum = 2
ROUND = 4096, SUM = 16066946, bChange = 0.00131717, totNum = 2
ROUND = 4097, SUM = 16066946, bChange = 0.00131716, totNum = 2
ROUND = 4098, SUM = 16066946, bChange = 0.00131716, totNum = 2
ROUND = 4099, SUM = 16066946, bChange = 0.00131716, totNum = 2
ROUND = 4100, SUM = 16066946, bChange = 0.00131716, totNum = 2
ROUND = 4101, SUM = 16066946, bChange = 0.00131716, totNum = 2
ROUND = 4102, SUM = 16066946, bChange = 0.00131716, totNum = 2
ROUND = 4103, SUM = 16066946, bChange = 0.00131716, totNum = 2
ROUND = 4104, SUM = 16066946, bChange = 0.00131716, totNum = 2
ROUND = 4105, SUM = 16066946, bChange = 0.00131716, totNum = 2
ROUND = 4106, SUM = 16066946, bChange = 0.00131716, totNum = 2
ROUND = 4107, SUM = 16066946, bChange = 0.00131716, totNum = 2
ROUND = 4108, SUM = 16066946, bChange = 0.00131716, totNum = 2
ROUND = 4109, SUM = 16066946, bChange = 0.00131716, totNum = 2
ROUND = 4110, SUM = 16066946, bChange = 0.00131716, totNum = 2
ROUND = 4111, SUM = 16066946, bChange = 0.00131716, totNum = 2
ROUND = 4112, SUM = 16066946, bChange = 0.00131716, totNum = 2
ROUND = 4113, SUM = 16066946, bChange = 0.00131716, totNum = 2
ROUND = 4114, SUM = 16066946, bChange = 0.00131716, totNum = 2
ROUND = 4115, SUM = 16066946, bChange = 0.00131716, totNum = 2
ROUND = 4116, SUM = 16066946, bChange = 0.00131715, totNum = 2
ROUND = 4117, SUM = 16066946, bChange = 0.00131715, totNum = 2
ROUND = 4118, SUM = 16066946, bChange = 0.00131715, totNum = 2
ROUND = 4119, SUM = 16066946, bChange = 0.00131715, totNum = 2
ROUND = 4120, SUM = 16066946, bChange = 0.00131715, totNum = 2
ROUND = 4121, SUM = 16066946, bChange = 0.00131715, totNum = 2
ROUND = 4122, SUM = 16066946, bChange = 0.00131715, totNum = 2
ROUND = 4123, SUM = 16066946, bChange = 0.00131715, totNum = 2
ROUND = 4124, SUM = 16066946, bChange = 0.00131715, totNum = 2
ROUND = 4125, SUM = 16066946, bChange = 0.00131715, totNum = 2
ROUND = 4126, SUM = 16066946, bChange = 0.00131715, totNum = 2
ROUND = 4127, SUM = 16066946, bChange = 0.00131715, totNum = 2
ROUND = 4128, SUM = 16066946, bChange = 0.00131715, totNum = 2
ROUND = 4129, SUM = 16066946, bChange = 0.00131715, totNum = 2
ROUND = 4130, SUM = 16066946, bChange = 0.00131715, totNum = 2
ROUND = 4131, SUM = 16066946, bChange = 0.00131715, totNum = 2
ROUND = 4132, SUM = 16066946, bChange = 0.00131715, totNum = 2
ROUND = 4133, SUM = 16066946, bChange = 0.00131715, totNum = 2
ROUND = 4134, SUM = 16066946, bChange = 0.00131715, totNum = 2
ROUND = 4135, SUM = 16066946, bChange = 0.00131714, totNum = 2
ROUND = 4136, SUM = 16066946, bChange = 0.00131714, totNum = 2
ROUND = 4137, SUM = 16066946, bChange = 0.00131714, totNum = 2
ROUND = 4138, SUM = 16066946, bChange = 0.00131714, totNum = 2
ROUND = 4139, SUM = 16066946, bChange = 0.00131714, totNum = 2
ROUND = 4140, SUM = 16066946, bChange = 0.00131714, totNum = 2
ROUND = 4141, SUM = 16066946, bChange = 0.00131714, totNum = 2
ROUND = 4142, SUM = 16066946, bChange = 0.00131714, totNum = 2
ROUND = 4143, SUM = 16066946, bChange = 0.00131714, totNum = 2
ROUND = 4144, SUM = 16066946, bChange = 0.00131714, totNum = 2
ROUND = 4145, SUM = 16066946, bChange = 0.00131714, totNum = 2
ROUND = 4146, SUM = 16066946, bChange = 0.00131714, totNum = 2
ROUND = 4147, SUM = 16066946, bChange = 0.00131714, totNum = 2
ROUND = 4148, SUM = 16066946, bChange = 0.00131714, totNum = 2
ROUND = 4149, SUM = 16066946, bChange = 0.00131714, totNum = 2
ROUND = 4150, SUM = 16066946, bChange = 0.00131714, totNum = 2
ROUND = 4151, SUM = 16066946, bChange = 0.00131714, totNum = 2
ROUND = 4152, SUM = 16066946, bChange = 0.00131714, totNum = 2
ROUND = 4153, SUM = 16066946, bChange = 0.00131714, totNum = 2
ROUND = 4154, SUM = 16066946, bChange = 0.00131714, totNum = 2
ROUND = 4155, SUM = 16066946, bChange = 0.00131713, totNum = 2
ROUND = 4156, SUM = 16066946, bChange = 0.00131713, totNum = 2
ROUND = 4157, SUM = 16066946, bChange = 0.00131713, totNum = 2
ROUND = 4158, SUM = 16066946, bChange = 0.00131713, totNum = 2
ROUND = 4159, SUM = 16066946, bChange = 0.00131713, totNum = 2
ROUND = 4160, SUM = 16066946, bChange = 0.00131713, totNum = 2
ROUND = 4161, SUM = 16066946, bChange = 0.00131713, totNum = 2
ROUND = 4162, SUM = 16066946, bChange = 0.00131713, totNum = 2
ROUND = 4163, SUM = 16066946, bChange = 0.00131713, totNum = 2
ROUND = 4164, SUM = 16066946, bChange = 0.00131713, totNum = 2
ROUND = 4165, SUM = 16066946, bChange = 0.00131713, totNum = 2
ROUND = 4166, SUM = 16066946, bChange = 0.00131713, totNum = 2
ROUND = 4167, SUM = 16066946, bChange = 0.00131713, totNum = 2
ROUND = 4168, SUM = 16066946, bChange = 0.00131713, totNum = 2
ROUND = 4169, SUM = 16066946, bChange = 0.00131713, totNum = 2
ROUND = 4170, SUM = 16066946, bChange = 0.00131713, totNum = 2
ROUND = 4171, SUM = 16066946, bChange = 0.00131713, totNum = 2
ROUND = 4172, SUM = 16066946, bChange = 0.00131713, totNum = 2
ROUND = 4173, SUM = 16066946, bChange = 0.00131713, totNum = 2
ROUND = 4174, SUM = 16066946, bChange = 0.00131713, totNum = 2
ROUND = 4175, SUM = 16066946, bChange = 0.00131713, totNum = 2
ROUND = 4176, SUM = 16066946, bChange = 0.00131712, totNum = 2
ROUND = 4177, SUM = 16066946, bChange = 0.00131712, totNum = 2
ROUND = 4178, SUM = 16066946, bChange = 0.00131712, totNum = 2
ROUND = 4179, SUM = 16066946, bChange = 0.00131712, totNum = 2
ROUND = 4180, SUM = 16066946, bChange = 0.00131712, totNum = 2
ROUND = 4181, SUM = 16066946, bChange = 0.00131712, totNum = 2
ROUND = 4182, SUM = 16066946, bChange = 0.00131712, totNum = 2
ROUND = 4183, SUM = 16066946, bChange = 0.00131712, totNum = 2
ROUND = 4184, SUM = 16066946, bChange = 0.00131712, totNum = 2
ROUND = 4185, SUM = 16066946, bChange = 0.00131712, totNum = 2
ROUND = 4186, SUM = 16066946, bChange = 0.00131712, totNum = 2
ROUND = 4187, SUM = 16066946, bChange = 0.00131712, totNum = 2
ROUND = 4188, SUM = 16066946, bChange = 0.00131712, totNum = 2
ROUND = 4189, SUM = 16066946, bChange = 0.00131712, totNum = 2
ROUND = 4190, SUM = 16066946, bChange = 0.00131712, totNum = 2
ROUND = 4191, SUM = 16066946, bChange = 0.00131712, totNum = 2
ROUND = 4192, SUM = 16066946, bChange = 0.00131712, totNum = 2
ROUND = 4193, SUM = 16066946, bChange = 0.00131712, totNum = 2
ROUND = 4194, SUM = 16066946, bChange = 0.00131712, totNum = 2
ROUND = 4195, SUM = 16066946, bChange = 0.00131712, totNum = 2
ROUND = 4196, SUM = 16066946, bChange = 0.00131712, totNum = 2
ROUND = 4197, SUM = 16066946, bChange = 0.00131711, totNum = 2
ROUND = 4198, SUM = 16066946, bChange = 0.00131711, totNum = 2
ROUND = 4199, SUM = 16066946, bChange = 0.00131711, totNum = 2
ROUND = 4200, SUM = 16066946, bChange = 0.00131711, totNum = 2
ROUND = 4201, SUM = 16066946, bChange = 0.00131711, totNum = 2
ROUND = 4202, SUM = 16066946, bChange = 0.00131711, totNum = 2
ROUND = 4203, SUM = 16066946, bChange = 0.00131711, totNum = 2
ROUND = 4204, SUM = 16066946, bChange = 0.00131711, totNum = 2
ROUND = 4205, SUM = 16066946, bChange = 0.00131711, totNum = 2
ROUND = 4206, SUM = 16066946, bChange = 0.00131711, totNum = 2
ROUND = 4207, SUM = 16066946, bChange = 0.00131711, totNum = 2
ROUND = 4208, SUM = 16066946, bChange = 0.00131711, totNum = 2
ROUND = 4209, SUM = 16066946, bChange = 0.00131711, totNum = 2
ROUND = 4210, SUM = 16066946, bChange = 0.00131711, totNum = 2
ROUND = 4211, SUM = 16066946, bChange = 0.00131711, totNum = 2
ROUND = 4212, SUM = 16066946, bChange = 0.00131711, totNum = 2
ROUND = 4213, SUM = 16066946, bChange = 0.00131711, totNum = 2
ROUND = 4214, SUM = 16066946, bChange = 0.00131711, totNum = 2
ROUND = 4215, SUM = 16066946, bChange = 0.00131711, totNum = 2
ROUND = 4216, SUM = 16066946, bChange = 0.00131711, totNum = 2
ROUND = 4217, SUM = 16066946, bChange = 0.00131711, totNum = 2
ROUND = 4218, SUM = 16066946, bChange = 0.00131711, totNum = 2
ROUND = 4219, SUM = 16066946, bChange = 0.0013171, totNum = 2
ROUND = 4220, SUM = 16066946, bChange = 0.0013171, totNum = 2
ROUND = 4221, SUM = 16066946, bChange = 0.0013171, totNum = 2
ROUND = 4222, SUM = 16066946, bChange = 0.0013171, totNum = 2
ROUND = 4223, SUM = 16066946, bChange = 0.0013171, totNum = 2
ROUND = 4224, SUM = 16066946, bChange = 0.0013171, totNum = 2
ROUND = 4225, SUM = 16066946, bChange = 0.0013171, totNum = 2
ROUND = 4226, SUM = 16066946, bChange = 0.0013171, totNum = 2
ROUND = 4227, SUM = 16066946, bChange = 0.0013171, totNum = 2
ROUND = 4228, SUM = 16066946, bChange = 0.0013171, totNum = 2
ROUND = 4229, SUM = 16066946, bChange = 0.0013171, totNum = 2
ROUND = 4230, SUM = 16066946, bChange = 0.0013171, totNum = 2
ROUND = 4231, SUM = 16066946, bChange = 0.0013171, totNum = 2
ROUND = 4232, SUM = 16066946, bChange = 0.0013171, totNum = 2
ROUND = 4233, SUM = 16066946, bChange = 0.0013171, totNum = 2
ROUND = 4234, SUM = 16066946, bChange = 0.0013171, totNum = 2
ROUND = 4235, SUM = 16066946, bChange = 0.0013171, totNum = 2
ROUND = 4236, SUM = 16066946, bChange = 0.0013171, totNum = 2
ROUND = 4237, SUM = 16066946, bChange = 0.0013171, totNum = 2
ROUND = 4238, SUM = 16066946, bChange = 0.0013171, totNum = 2
ROUND = 4239, SUM = 16066946, bChange = 0.0013171, totNum = 2
ROUND = 4240, SUM = 16066946, bChange = 0.0013171, totNum = 2
ROUND = 4241, SUM = 16066946, bChange = 0.00131709, totNum = 2
ROUND = 4242, SUM = 16066946, bChange = 0.00131709, totNum = 2
ROUND = 4243, SUM = 16066946, bChange = 0.00131709, totNum = 2
ROUND = 4244, SUM = 16066946, bChange = 0.00131709, totNum = 2
ROUND = 4245, SUM = 16066946, bChange = 0.00131709, totNum = 2
ROUND = 4246, SUM = 16066946, bChange = 0.00131709, totNum = 2
ROUND = 4247, SUM = 16066946, bChange = 0.00131709, totNum = 2
ROUND = 4248, SUM = 16066946, bChange = 0.00131709, totNum = 2
ROUND = 4249, SUM = 16066946, bChange = 0.00131709, totNum = 2
ROUND = 4250, SUM = 16066946, bChange = 0.00131709, totNum = 2
ROUND = 4251, SUM = 16066946, bChange = 0.00131709, totNum = 2
ROUND = 4252, SUM = 16066946, bChange = 0.00131709, totNum = 2
ROUND = 4253, SUM = 16066946, bChange = 0.00131709, totNum = 2
ROUND = 4254, SUM = 16066946, bChange = 0.00131709, totNum = 2
ROUND = 4255, SUM = 16066946, bChange = 0.00131709, totNum = 2
ROUND = 4256, SUM = 16066946, bChange = 0.00131709, totNum = 2
ROUND = 4257, SUM = 16066946, bChange = 0.00131709, totNum = 2
ROUND = 4258, SUM = 16066946, bChange = 0.00131709, totNum = 2
ROUND = 4259, SUM = 16066946, bChange = 0.00131709, totNum = 2
ROUND = 4260, SUM = 16066946, bChange = 0.00131709, totNum = 2
ROUND = 4261, SUM = 16066946, bChange = 0.00131709, totNum = 2
ROUND = 4262, SUM = 16066946, bChange = 0.00131709, totNum = 2
ROUND = 4263, SUM = 16066946, bChange = 0.00131709, totNum = 2
ROUND = 4264, SUM = 16066946, bChange = 0.00131708, totNum = 2
ROUND = 4265, SUM = 16066946, bChange = 0.00131708, totNum = 2
ROUND = 4266, SUM = 16066946, bChange = 0.00131708, totNum = 2
ROUND = 4267, SUM = 16066946, bChange = 0.00131708, totNum = 2
ROUND = 4268, SUM = 16066946, bChange = 0.00131708, totNum = 2
ROUND = 4269, SUM = 16066946, bChange = 0.00131708, totNum = 2
ROUND = 4270, SUM = 16066946, bChange = 0.00131708, totNum = 2
ROUND = 4271, SUM = 16066946, bChange = 0.00131708, totNum = 2
ROUND = 4272, SUM = 16066946, bChange = 0.00131708, totNum = 2
ROUND = 4273, SUM = 16066946, bChange = 0.00131708, totNum = 2
ROUND = 4274, SUM = 16066946, bChange = 0.00131708, totNum = 2
ROUND = 4275, SUM = 16066946, bChange = 0.00131708, totNum = 2
ROUND = 4276, SUM = 16066946, bChange = 0.00131708, totNum = 2
ROUND = 4277, SUM = 16066946, bChange = 0.00131708, totNum = 2
ROUND = 4278, SUM = 16066946, bChange = 0.00131708, totNum = 2
ROUND = 4279, SUM = 16066946, bChange = 0.00131708, totNum = 2
ROUND = 4280, SUM = 16066946, bChange = 0.00131708, totNum = 2
ROUND = 4281, SUM = 16066946, bChange = 0.00131708, totNum = 2
ROUND = 4282, SUM = 16066946, bChange = 0.00131708, totNum = 2
ROUND = 4283, SUM = 16066946, bChange = 0.00131708, totNum = 2
ROUND = 4284, SUM = 16066946, bChange = 0.00131708, totNum = 2
ROUND = 4285, SUM = 16066946, bChange = 0.00131708, totNum = 2
ROUND = 4286, SUM = 16066946, bChange = 0.00131708, totNum = 2
ROUND = 4287, SUM = 16066946, bChange = 0.00131708, totNum = 2
ROUND = 4288, SUM = 16066946, bChange = 0.00131707, totNum = 2
ROUND = 4289, SUM = 16066946, bChange = 0.00131707, totNum = 2
ROUND = 4290, SUM = 16066946, bChange = 0.00131707, totNum = 2
ROUND = 4291, SUM = 16066946, bChange = 0.00131707, totNum = 2
ROUND = 4292, SUM = 16066946, bChange = 0.00131707, totNum = 2
ROUND = 4293, SUM = 16066946, bChange = 0.00131707, totNum = 2
ROUND = 4294, SUM = 16066946, bChange = 0.00131707, totNum = 2
ROUND = 4295, SUM = 16066946, bChange = 0.00131707, totNum = 2
ROUND = 4296, SUM = 16066946, bChange = 0.00131707, totNum = 2
ROUND = 4297, SUM = 16066946, bChange = 0.00131707, totNum = 2
ROUND = 4298, SUM = 16066946, bChange = 0.00131707, totNum = 2
ROUND = 4299, SUM = 16066946, bChange = 0.00131707, totNum = 2
ROUND = 4300, SUM = 16066946, bChange = 0.00131707, totNum = 2
ROUND = 4301, SUM = 16066946, bChange = 0.00131707, totNum = 2
ROUND = 4302, SUM = 16066946, bChange = 0.00131707, totNum = 2
ROUND = 4303, SUM = 16066946, bChange = 0.00131707, totNum = 2
ROUND = 4304, SUM = 16066946, bChange = 0.00131707, totNum = 2
ROUND = 4305, SUM = 16066946, bChange = 0.00131707, totNum = 2
ROUND = 4306, SUM = 16066946, bChange = 0.00131707, totNum = 2
ROUND = 4307, SUM = 16066946, bChange = 0.00131707, totNum = 2
ROUND = 4308, SUM = 16066946, bChange = 0.00131707, totNum = 2
ROUND = 4309, SUM = 16066946, bChange = 0.00131707, totNum = 2
ROUND = 4310, SUM = 16066946, bChange = 0.00131707, totNum = 2
ROUND = 4311, SUM = 16066946, bChange = 0.00131707, totNum = 2
ROUND = 4312, SUM = 16066946, bChange = 0.00131706, totNum = 2
ROUND = 4313, SUM = 16066946, bChange = 0.00131706, totNum = 2
ROUND = 4314, SUM = 16066946, bChange = 0.00131706, totNum = 2
ROUND = 4315, SUM = 16066946, bChange = 0.00131706, totNum = 2
ROUND = 4316, SUM = 16066946, bChange = 0.00131706, totNum = 2
ROUND = 4317, SUM = 16066946, bChange = 0.00131706, totNum = 2
ROUND = 4318, SUM = 16066946, bChange = 0.00131706, totNum = 2
ROUND = 4319, SUM = 16066946, bChange = 0.00131706, totNum = 2
ROUND = 4320, SUM = 16066946, bChange = 0.00131706, totNum = 2
ROUND = 4321, SUM = 16066946, bChange = 0.00131706, totNum = 2
ROUND = 4322, SUM = 16066946, bChange = 0.00131706, totNum = 2
ROUND = 4323, SUM = 16066946, bChange = 0.00131706, totNum = 2
ROUND = 4324, SUM = 16066946, bChange = 0.00131706, totNum = 2
ROUND = 4325, SUM = 16066946, bChange = 0.00131706, totNum = 2
ROUND = 4326, SUM = 16066946, bChange = 0.00131706, totNum = 2
ROUND = 4327, SUM = 16066946, bChange = 0.00131706, totNum = 2
ROUND = 4328, SUM = 16066946, bChange = 0.00131706, totNum = 2
ROUND = 4329, SUM = 16066946, bChange = 0.00131706, totNum = 2
ROUND = 4330, SUM = 16066946, bChange = 0.00131706, totNum = 2
ROUND = 4331, SUM = 16066946, bChange = 0.00131706, totNum = 2
ROUND = 4332, SUM = 16066946, bChange = 0.00131706, totNum = 2
ROUND = 4333, SUM = 16066946, bChange = 0.00131706, totNum = 2
ROUND = 4334, SUM = 16066946, bChange = 0.00131706, totNum = 2
ROUND = 4335, SUM = 16066946, bChange = 0.00131706, totNum = 2
ROUND = 4336, SUM = 16066946, bChange = 0.00131706, totNum = 2
ROUND = 4337, SUM = 16066946, bChange = 0.00131705, totNum = 2
ROUND = 4338, SUM = 16066946, bChange = 0.00131705, totNum = 2
ROUND = 4339, SUM = 16066946, bChange = 0.00131705, totNum = 2
ROUND = 4340, SUM = 16066946, bChange = 0.00131705, totNum = 2
ROUND = 4341, SUM = 16066946, bChange = 0.00131705, totNum = 2
ROUND = 4342, SUM = 16066946, bChange = 0.00131705, totNum = 2
ROUND = 4343, SUM = 16066946, bChange = 0.00131705, totNum = 2
ROUND = 4344, SUM = 16066946, bChange = 0.00131705, totNum = 2
ROUND = 4345, SUM = 16066946, bChange = 0.00131705, totNum = 2
ROUND = 4346, SUM = 16066946, bChange = 0.00131705, totNum = 2
ROUND = 4347, SUM = 16066946, bChange = 0.00131705, totNum = 2
ROUND = 4348, SUM = 16066946, bChange = 0.00131705, totNum = 2
ROUND = 4349, SUM = 16066946, bChange = 0.00131705, totNum = 2
ROUND = 4350, SUM = 16066946, bChange = 0.00131705, totNum = 2
ROUND = 4351, SUM = 16066946, bChange = 0.00131705, totNum = 2
ROUND = 4352, SUM = 16066946, bChange = 0.00131705, totNum = 2
ROUND = 4353, SUM = 16066946, bChange = 0.00131705, totNum = 2
ROUND = 4354, SUM = 16066946, bChange = 0.00131705, totNum = 2
ROUND = 4355, SUM = 16066946, bChange = 0.00131705, totNum = 2
ROUND = 4356, SUM = 16066946, bChange = 0.00131705, totNum = 2
ROUND = 4357, SUM = 16066946, bChange = 0.00131705, totNum = 2
ROUND = 4358, SUM = 16066946, bChange = 0.00131705, totNum = 2
ROUND = 4359, SUM = 16066946, bChange = 0.00131705, totNum = 2
ROUND = 4360, SUM = 16066946, bChange = 0.00116965, totNum = 1
ROUND = 4361, SUM = 16066946, bChange = 0.00116966, totNum = 1
ROUND = 4362, SUM = 16066946, bChange = 0.00116967, totNum = 1
ROUND = 4363, SUM = 16066946, bChange = 0.00116968, totNum = 1
ROUND = 4364, SUM = 16066946, bChange = 0.00116969, totNum = 1
ROUND = 4365, SUM = 16066946, bChange = 0.00116969, totNum = 1
ROUND = 4366, SUM = 16066946, bChange = 0.0011697, totNum = 1
ROUND = 4367, SUM = 16066946, bChange = 0.00116971, totNum = 1
ROUND = 4368, SUM = 16066946, bChange = 0.00116972, totNum = 1
ROUND = 4369, SUM = 16066946, bChange = 0.00116972, totNum = 1
ROUND = 4370, SUM = 16066946, bChange = 0.00116973, totNum = 1
ROUND = 4371, SUM = 16066946, bChange = 0.00116974, totNum = 1
ROUND = 4372, SUM = 16066946, bChange = 0.00116975, totNum = 1
ROUND = 4373, SUM = 16066946, bChange = 0.00116976, totNum = 1
ROUND = 4374, SUM = 16066946, bChange = 0.00116976, totNum = 1
ROUND = 4375, SUM = 16066946, bChange = 0.00116977, totNum = 1
ROUND = 4376, SUM = 16066946, bChange = 0.00116978, totNum = 1
ROUND = 4377, SUM = 16066946, bChange = 0.00116979, totNum = 1
ROUND = 4378, SUM = 16066946, bChange = 0.0011698, totNum = 1
ROUND = 4379, SUM = 16066946, bChange = 0.0011698, totNum = 1
ROUND = 4380, SUM = 16066946, bChange = 0.00116981, totNum = 1
ROUND = 4381, SUM = 16066946, bChange = 0.00116982, totNum = 1
ROUND = 4382, SUM = 16066946, bChange = 0.00116983, totNum = 1
ROUND = 4383, SUM = 16066946, bChange = 0.00116983, totNum = 1
ROUND = 4384, SUM = 16066946, bChange = 0.00116984, totNum = 1
ROUND = 4385, SUM = 16066946, bChange = 0.00116985, totNum = 1
ROUND = 4386, SUM = 16066946, bChange = 0.00116986, totNum = 1
ROUND = 4387, SUM = 16066946, bChange = 0.00116987, totNum = 1
ROUND = 4388, SUM = 16066946, bChange = 0.00116987, totNum = 1
ROUND = 4389, SUM = 16066946, bChange = 0.00116988, totNum = 1
ROUND = 4390, SUM = 16066946, bChange = 0.00116989, totNum = 1
ROUND = 4391, SUM = 16066946, bChange = 0.0011699, totNum = 1
ROUND = 4392, SUM = 16066946, bChange = 0.0011699, totNum = 1
ROUND = 4393, SUM = 16066946, bChange = 0.00116991, totNum = 1
ROUND = 4394, SUM = 16066946, bChange = 0.00116992, totNum = 1
ROUND = 4395, SUM = 16066946, bChange = 0.00116993, totNum = 1
ROUND = 4396, SUM = 16066946, bChange = 0.00116993, totNum = 1
ROUND = 4397, SUM = 16066946, bChange = 0.00116994, totNum = 1
ROUND = 4398, SUM = 16066946, bChange = 0.00116995, totNum = 1
ROUND = 4399, SUM = 16066946, bChange = 0.00116996, totNum = 1
ROUND = 4400, SUM = 16066946, bChange = 0.00116996, totNum = 1
ROUND = 4401, SUM = 16066946, bChange = 0.00116997, totNum = 1
ROUND = 4402, SUM = 16066946, bChange = 0.00116998, totNum = 1
ROUND = 4403, SUM = 16066946, bChange = 0.00116999, totNum = 1
ROUND = 4404, SUM = 16066946, bChange = 0.00116999, totNum = 1
ROUND = 4405, SUM = 16066946, bChange = 0.00117, totNum = 1
ROUND = 4406, SUM = 16066946, bChange = 0.00117001, totNum = 1
ROUND = 4407, SUM = 16066946, bChange = 0.00117002, totNum = 1
ROUND = 4408, SUM = 16066946, bChange = 0.00117002, totNum = 1
ROUND = 4409, SUM = 16066946, bChange = 0.00117003, totNum = 1
ROUND = 4410, SUM = 16066946, bChange = 0.00117004, totNum = 1
ROUND = 4411, SUM = 16066946, bChange = 0.00117005, totNum = 1
ROUND = 4412, SUM = 16066946, bChange = 0.00117005, totNum = 1
ROUND = 4413, SUM = 16066946, bChange = 0.00117006, totNum = 1
ROUND = 4414, SUM = 16066946, bChange = 0.00117007, totNum = 1
ROUND = 4415, SUM = 16066946, bChange = 0.00117008, totNum = 1
ROUND = 4416, SUM = 16066946, bChange = 0.00117008, totNum = 1
ROUND = 4417, SUM = 16066946, bChange = 0.00117009, totNum = 1
ROUND = 4418, SUM = 16066946, bChange = 0.0011701, totNum = 1
ROUND = 4419, SUM = 16066946, bChange = 0.00117011, totNum = 1
ROUND = 4420, SUM = 16066946, bChange = 0.00117011, totNum = 1
ROUND = 4421, SUM = 16066946, bChange = 0.00117012, totNum = 1
ROUND = 4422, SUM = 16066946, bChange = 0.00117013, totNum = 1
ROUND = 4423, SUM = 16066946, bChange = 0.00117014, totNum = 1
ROUND = 4424, SUM = 16066946, bChange = 0.00117014, totNum = 1
ROUND = 4425, SUM = 16066946, bChange = 0.00117015, totNum = 1
ROUND = 4426, SUM = 16066946, bChange = 0.00117016, totNum = 1
ROUND = 4427, SUM = 16066946, bChange = 0.00117017, totNum = 1
ROUND = 4428, SUM = 16066946, bChange = 0.00117017, totNum = 1
ROUND = 4429, SUM = 16066946, bChange = 0.00117018, totNum = 1
ROUND = 4430, SUM = 16066946, bChange = 0.00117019, totNum = 1
ROUND = 4431, SUM = 16066946, bChange = 0.0011702, totNum = 1
ROUND = 4432, SUM = 16066946, bChange = 0.0011702, totNum = 1
ROUND = 4433, SUM = 16066946, bChange = 0.00117021, totNum = 1
ROUND = 4434, SUM = 16066946, bChange = 0.00117022, totNum = 1
ROUND = 4435, SUM = 16066946, bChange = 0.00117022, totNum = 1
ROUND = 4436, SUM = 16066946, bChange = 0.00117023, totNum = 1
ROUND = 4437, SUM = 16066946, bChange = 0.00117024, totNum = 1
ROUND = 4438, SUM = 16066946, bChange = 0.00117025, totNum = 1
ROUND = 4439, SUM = 16066946, bChange = 0.00117025, totNum = 1
ROUND = 4440, SUM = 16066946, bChange = 0.00117026, totNum = 1
ROUND = 4441, SUM = 16066946, bChange = 0.00117027, totNum = 1
ROUND = 4442, SUM = 16066946, bChange = 0.00117028, totNum = 1
ROUND = 4443, SUM = 16066946, bChange = 0.00117028, totNum = 1
ROUND = 4444, SUM = 16066946, bChange = 0.00117029, totNum = 1
ROUND = 4445, SUM = 16066946, bChange = 0.0011703, totNum = 1
ROUND = 4446, SUM = 16066946, bChange = 0.0011703, totNum = 1
ROUND = 4447, SUM = 16066946, bChange = 0.00117031, totNum = 1
ROUND = 4448, SUM = 16066946, bChange = 0.00117032, totNum = 1
ROUND = 4449, SUM = 16066946, bChange = 0.00117033, totNum = 1
ROUND = 4450, SUM = 16066946, bChange = 0.00117033, totNum = 1
ROUND = 4451, SUM = 16066946, bChange = 0.00117034, totNum = 1
ROUND = 4452, SUM = 16066946, bChange = 0.00117035, totNum = 1
ROUND = 4453, SUM = 16066946, bChange = 0.00117035, totNum = 1
ROUND = 4454, SUM = 16066946, bChange = 0.00117036, totNum = 1
ROUND = 4455, SUM = 16066946, bChange = 0.00117037, totNum = 1
ROUND = 4456, SUM = 16066946, bChange = 0.00117038, totNum = 1
ROUND = 4457, SUM = 16066946, bChange = 0.00117038, totNum = 1
ROUND = 4458, SUM = 16066946, bChange = 0.000983977, totNum = 0
Expression Results are written!
Time Used for EM.cpp : 0 h 06 m 20 s

rsem-run-gibbs /tmp/5e583760-75fe-4471-9a63-5797b9382352/rsem ER100005_anno_rsem.temp/ER100005_anno_rsem ER100005_anno_rsem.stat/ER100005_anno_rsem 200 1000 1 -p 44 --seed 1471891643
Refs.loadRefs finished!
Loading data is finished!
Loading group information is finished!
Gibbs started!
Initialization finished!
Thread 15, ROUND 100 is finished!
Thread 13, ROUND 100 is finished!
Thread 33, ROUND 100 is finished!
Thread 24, ROUND 100 is finished!
Thread 32, ROUND 100 is finished!
Thread 34, ROUND 100 is finished!
Thread 10, ROUND 100 is finished!
Thread 27, ROUND 100 is finished!
Thread 22, ROUND 100 is finished!
Thread 25, ROUND 100 is finished!
Thread 28, ROUND 100 is finished!
Thread 29, ROUND 100 is finished!
Thread 23, ROUND 100 is finished!
Thread 5, ROUND 100 is finished!
Thread 14, ROUND 100 is finished!
Thread 40, ROUND 100 is finished!
Thread 30, ROUND 100 is finished!
Thread 42, ROUND 100 is finished!
Thread 37, ROUND 100 is finished!
Thread 41, ROUND 100 is finished!
Thread 43, ROUND 100 is finished!
Thread 17, ROUND 100 is finished!
Thread 26, ROUND 100 is finished!
Thread 20, ROUND 100 is finished!
Thread 16, ROUND 100 is finished!
Thread 21, ROUND 100 is finished!
Thread 35, ROUND 100 is finished!
Thread 9, ROUND 100 is finished!
Thread 2, ROUND 100 is finished!
Thread 12, ROUND 100 is finished!
Thread 4, ROUND 100 is finished!
Thread 6, ROUND 100 is finished!
Thread 18, ROUND 100 is finished!
Thread 36, ROUND 100 is finished!
Thread 39, ROUND 100 is finished!
Thread 31, ROUND 100 is finished!
Thread 8, ROUND 100 is finished!
Thread 0, ROUND 100 is finished!
Thread 11, ROUND 100 is finished!
Thread 1, ROUND 100 is finished!
Thread 38, ROUND 100 is finished!
Thread 19, ROUND 100 is finished!
Thread 3, ROUND 100 is finished!
Thread 7, ROUND 100 is finished!
Thread 10, ROUND 200 is finished!
Thread 28, ROUND 200 is finished!
Thread 42, ROUND 200 is finished!
Thread 24, ROUND 200 is finished!
Thread 37, ROUND 200 is finished!
Thread 30, ROUND 200 is finished!
Thread 34, ROUND 200 is finished!
Thread 41, ROUND 200 is finished!
Thread 33, ROUND 200 is finished!
Thread 27, ROUND 200 is finished!
Thread 40, ROUND 200 is finished!
Thread 14, ROUND 200 is finished!
Thread 25, ROUND 200 is finished!
Thread 29, ROUND 200 is finished!
Thread 13, ROUND 200 is finished!
Thread 23, ROUND 200 is finished!
Thread 22, ROUND 200 is finished!
Thread 15, ROUND 200 is finished!
Thread 5, ROUND 200 is finished!
Thread 9, ROUND 200 is finished!
Thread 2, ROUND 200 is finished!
Thread 35, ROUND 200 is finished!
Thread 18, ROUND 200 is finished!
Thread 4, ROUND 200 is finished!
Thread 12, ROUND 200 is finished!
Thread 36, ROUND 200 is finished!
Thread 32, ROUND 200 is finished!
Thread 16, ROUND 200 is finished!
Thread 21, ROUND 200 is finished!
Thread 6, ROUND 200 is finished!
Thread 39, ROUND 200 is finished!
Thread 17, ROUND 200 is finished!
Thread 43, ROUND 200 is finished!
Thread 20, ROUND 200 is finished!
Thread 0, ROUND 200 is finished!
Thread 26, ROUND 200 is finished!
Thread 8, ROUND 200 is finished!
Thread 11, ROUND 200 is finished!
Thread 31, ROUND 200 is finished!
Thread 3, ROUND 200 is finished!
Thread 1, ROUND 200 is finished!
Thread 19, ROUND 200 is finished!
Thread 38, ROUND 200 is finished!
Thread 7, ROUND 200 is finished!
Gibbs finished!
Gibbs based expression values are written!

rsem-calculate-credibility-intervals /tmp/5e583760-75fe-4471-9a63-5797b9382352/rsem ER100005_anno_rsem.temp/ER100005_anno_rsem ER100005_anno_rsem.stat/ER100005_anno_rsem 0.95 1000 50 128000 -p 44 --seed 477107655
Refs.loadRefs finished!
Sampling is finished!
In thread 9, 1000 genes are processed for CI calculation!
In thread 27, 1000 genes are processed for CI calculation!
In thread 28, 1000 genes are processed for CI calculation!
In thread 26, 1000 genes are processed for CI calculation!
In thread 36, 1000 genes are processed for CI calculation!
In thread 25, 1000 genes are processed for CI calculation!
In thread 17, 1000 genes are processed for CI calculation!
In thread 35, 1000 genes are processed for CI calculation!
In thread 41, 1000 genes are processed for CI calculation!
In thread 38, 1000 genes are processed for CI calculation!
In thread 37, 1000 genes are processed for CI calculation!
In thread 10, 1000 genes are processed for CI calculation!
In thread 40, 1000 genes are processed for CI calculation!
In thread 39, 1000 genes are processed for CI calculation!
In thread 18, 1000 genes are processed for CI calculation!
In thread 8, 1000 genes are processed for CI calculation!
In thread 24, 1000 genes are processed for CI calculation!
In thread 29, 1000 genes are processed for CI calculation!
In thread 20, 1000 genes are processed for CI calculation!
In thread 16, 1000 genes are processed for CI calculation!
In thread 22, 1000 genes are processed for CI calculation!
In thread 34, 1000 genes are processed for CI calculation!
In thread 23, 1000 genes are processed for CI calculation!
In thread 11, 1000 genes are processed for CI calculation!
In thread 21, 1000 genes are processed for CI calculation!
In thread 30, 1000 genes are processed for CI calculation!
In thread 15, 1000 genes are processed for CI calculation!
In thread 19, 1000 genes are processed for CI calculation!
In thread 42, 1000 genes are processed for CI calculation!
In thread 14, 1000 genes are processed for CI calculation!
In thread 31, 1000 genes are processed for CI calculation!
In thread 12, 1000 genes are processed for CI calculation!
In thread 13, 1000 genes are processed for CI calculation!
In thread 9, 2000 genes are processed for CI calculation!
In thread 32, 1000 genes are processed for CI calculation!
In thread 7, 1000 genes are processed for CI calculation!
In thread 28, 2000 genes are processed for CI calculation!
In thread 4, 1000 genes are processed for CI calculation!
In thread 27, 2000 genes are processed for CI calculation!
In thread 6, 1000 genes are processed for CI calculation!
In thread 10, 2000 genes are processed for CI calculation!
In thread 5, 1000 genes are processed for CI calculation!
In thread 36, 2000 genes are processed for CI calculation!
In thread 26, 2000 genes are processed for CI calculation!
In thread 40, 2000 genes are processed for CI calculation!
In thread 38, 2000 genes are processed for CI calculation!
In thread 20, 2000 genes are processed for CI calculation!
In thread 41, 2000 genes are processed for CI calculation!
In thread 35, 2000 genes are processed for CI calculation!
In thread 37, 2000 genes are processed for CI calculation!
In thread 24, 2000 genes are processed for CI calculation!
In thread 39, 2000 genes are processed for CI calculation!
In thread 3, 1000 genes are processed for CI calculation!
In thread 25, 2000 genes are processed for CI calculation!
In thread 2, 1000 genes are processed for CI calculation!
In thread 1, 1000 genes are processed for CI calculation!
In thread 0, 1000 genes are processed for CI calculation!
In thread 34, 2000 genes are processed for CI calculation!
All credibility intervals are calculated!

rm -rf ER100005_anno_rsem.temp

/zata/zippy/ramirezc/rna-smk
Wed Jul 23 01:38:48 AM EDT 2025: Finished rsem quantification
